tid,prov,owner,name,expiry,area_ha,anniversary,days_to_expiry,bucket,lon,lat
104942,NU,Joy Ferguson (100%),ROBBIE 1,2026-09-24,35.3,True,-14,lapsing,-99.5473,62.38991
1126214,BC,"CRIGHT, KEVIN JEAN GUY",,2026-09-24,83.5,False,-14,lapsing,-116.12608,49.71245
1126272,BC,"LANGILLE, MICHEAL SCOTT",Kiis Gwaay Treasures,2026-09-24,19.2,False,-14,lapsing,-132.57362,53.5393
1126235,BC,"CRIGHT, KEVIN JEAN GUY",,2026-09-24,21.0,False,-14,lapsing,-119.8981,49.3978
104943,NU,Joy Ferguson (100%),ROBBIE 2,2026-09-24,88.4,True,-14,lapsing,-99.5473,62.37324
M12258,NT,Northern Critical Minerals Corporation (100%),V1,2026-09-24,1175.5,True,-14,lapsing,-112.36205,64.61891
K08174,NT,Vanadium North Resources Inc. (100%),VOV 4,2026-09-25,630.6,True,-13,lapsing,-128.45926,62.06508
K08172,NT,Vanadium North Resources Inc. (100%),VOV 2,2026-09-25,435.0,True,-13,lapsing,-128.44611,62.08268
1126332,BC,"CRIGHT, KEVIN JEAN GUY",,2026-09-25,62.6,False,-13,lapsing,-116.1167,49.71454
1126292,BC,KINGFISHER RESOURCES LTD.,,2026-09-25,1612.3,False,-13,lapsing,-130.25824,57.20607
1126322,BC,KINGFISHER RESOURCES LTD.,Burrage,2026-09-25,1625.5,False,-13,lapsing,-130.28325,57.29772
1126293,BC,KINGFISHER RESOURCES LTD.,,2026-09-25,1683.6,False,-13,lapsing,-130.27074,57.17899
1126331,BC,"CRIGHT, KEVIN JEAN GUY",,2026-09-25,41.8,False,-13,lapsing,-116.12608,49.7187
1126294,BC,KINGFISHER RESOURCES LTD.,,2026-09-25,1650.0,False,-13,lapsing,-130.28012,57.14982
345339,BC,CATFACE COPPER MINES LIMITED,,2026-09-25,252.0,False,-13,lapsing,-125.98298,49.25712
1126297,BC,KINGFISHER RESOURCES LTD.,,2026-09-25,966.3,False,-13,lapsing,-130.29262,57.11857
K08171,NT,Vanadium North Resources Inc. (100%),VOV 1,2026-09-25,271.9,True,-13,lapsing,-128.42534,62.13418
K08175,NT,Vanadium North Resources Inc. (100%),VOV 5,2026-09-25,187.1,True,-13,lapsing,-128.36927,62.0789
K08173,NT,Vanadium North Resources Inc. (100%),VOV 3,2026-09-25,993.3,True,-13,lapsing,-128.48659,62.09374
MB10717,MB,W.S. FERREIRA LTD.,TINNY,2026-09-25,92.7,False,-13,lapsing,-95.36425,50.44653
1126291,BC,KINGFISHER RESOURCES LTD.,,2026-09-25,909.6,False,-13,lapsing,-130.27075,57.26856
104945,NU,White Cliff Minerals Limited (100%),,2026-09-26,1151.0,True,-12,lapsing,-118.26745,67.9066
104948,NU,White Cliff Minerals Limited (100%),,2026-09-26,1194.5,True,-12,lapsing,-118.17369,67.90246
104946,NU,White Cliff Minerals Limited (100%),,2026-09-26,1151.5,True,-12,lapsing,-118.23619,67.90242
104954,NU,White Cliff Minerals Limited (100%),,2026-09-26,1300.4,True,-12,lapsing,-117.57208,67.80455
104944,NU,White Cliff Minerals Limited (100%),,2026-09-26,1151.0,True,-12,lapsing,-118.2987,67.90662
104956,NU,White Cliff Minerals Limited (100%),,2026-09-26,1296.9,True,-12,lapsing,-118.02914,67.86912
104957,NU,White Cliff Minerals Limited (100%),,2026-09-26,848.6,True,-12,lapsing,-118.04868,67.89827
104962,NU,White Cliff Minerals Limited (100%),,2026-09-26,476.3,True,-12,lapsing,-117.44707,67.82328
104959,NU,White Cliff Minerals Limited (100%),,2026-09-26,1182.1,True,-12,lapsing,-117.83773,67.86288
104958,NU,White Cliff Minerals Limited (100%),,2026-09-26,1138.2,True,-12,lapsing,-117.93148,67.8733
104949,NU,White Cliff Minerals Limited (100%),,2026-09-26,1266.9,True,-12,lapsing,-118.14244,67.89622
104951,NU,White Cliff Minerals Limited (100%),,2026-09-26,1445.6,True,-12,lapsing,-117.99008,67.85038
104960,NU,White Cliff Minerals Limited (100%),,2026-09-26,1399.4,True,-12,lapsing,-117.72052,67.83996
104955,NU,White Cliff Minerals Limited (100%),,2026-09-26,1401.7,True,-12,lapsing,-117.42754,67.80664
104952,NU,White Cliff Minerals Limited (100%),,2026-09-26,1385.4,True,-12,lapsing,-117.82991,67.83578
104947,NU,White Cliff Minerals Limited (100%),,2026-09-26,1151.2,True,-12,lapsing,-118.20494,67.90244
104950,NU,White Cliff Minerals Limited (100%),,2026-09-26,1339.5,True,-12,lapsing,-118.10728,67.87955
104961,NU,White Cliff Minerals Limited (100%),,2026-09-26,1371.5,True,-12,lapsing,-117.5877,67.8316
104953,NU,White Cliff Minerals Limited (100%),,2026-09-26,1285.7,True,-12,lapsing,-117.70099,67.81286
1126498,BC,"TUCKER, WILLIAM GARY",CAMBRIA,2026-09-27,36.3,False,-11,lapsing,-129.54257,55.92479
104963,NU,MMG Resources Inc. (100%),ANIALIK 15,2026-09-27,523.8,True,-11,lapsing,-111.4584,67.63376
M11657,NT,Linglin Chu (100%),LN 07,2026-09-28,1153.4,True,-10,lapsing,-108.92264,64.27356
M11658,NT,Linglin Chu (100%),LN 08,2026-09-28,973.3,True,-10,lapsing,-108.95129,64.30249
M11656,NT,Linglin Chu (100%),LN 06,2026-09-28,1175.4,True,-10,lapsing,-108.9243,64.25145
M11651,NT,Linglin Chu (100%),LN 01,2026-09-28,1175.4,True,-10,lapsing,-109.05237,64.26444
M11653,NT,Linglin Chu (100%),LN 03,2026-09-28,1175.4,True,-10,lapsing,-109.02899,64.23046
M11655,NT,Linglin Chu (100%),LN 05,2026-09-28,1175.7,True,-10,lapsing,-108.99756,64.30859
M11652,NT,Linglin Chu (100%),LN 02,2026-09-28,1175.2,True,-10,lapsing,-108.92598,64.22904
YE25381,YK,Mayo Lake Minerals Inc. - 100%,ML 381,2026-09-29,19.7,True,-9,lapsing,-135.32125,63.75104
YE24886,YK,Mayo Lake Minerals Inc. - 100%,ML 486,2026-09-29,19.7,True,-9,lapsing,-135.42788,63.73644
YE31138,YK,Mayo Lake Minerals Inc. - 100%,ML 138,2026-09-29,19.7,True,-9,lapsing,-135.16048,63.72407
YE31157,YK,Mayo Lake Minerals Inc. - 100%,ML 157,2026-09-29,19.7,True,-9,lapsing,-135.15406,63.71902
YE24828,YK,Mayo Lake Minerals Inc. - 100%,ML 428,2026-09-29,19.7,True,-9,lapsing,-135.38491,63.74412
YE31487,YK,Mayo Lake Minerals Inc. - 100%,ML 287,2026-09-29,19.7,True,-9,lapsing,-135.10946,63.7135
YE31457,YK,Mayo Lake Minerals Inc. - 100%,ML 257,2026-09-29,19.7,True,-9,lapsing,-135.0777,63.71807
YE31362,YK,Mayo Lake Minerals Inc. - 100%,ML 362,2026-09-29,19.7,True,-9,lapsing,-135.17938,63.7094
YE24941,YK,Mayo Lake Minerals Inc. - 100%,ML 541,2026-09-29,19.7,True,-9,lapsing,-135.42007,63.71044
YE31024,YK,Mayo Lake Minerals Inc. - 100%,ML 24,2026-09-29,19.7,True,-9,lapsing,-135.25258,63.76115
YE31116,YK,Mayo Lake Minerals Inc. - 100%,ML 116,2026-09-29,19.7,True,-9,lapsing,-135.18082,63.72233
YE25397,YK,Mayo Lake Minerals Inc. - 100%,ML 397,2026-09-29,19.7,True,-9,lapsing,-135.35465,63.7504
YE31152,YK,Mayo Lake Minerals Inc. - 100%,ML 152,2026-09-29,19.7,True,-9,lapsing,-135.15013,63.71003
YE24912,YK,Mayo Lake Minerals Inc. - 100%,ML 512,2026-09-29,19.7,True,-9,lapsing,-135.41364,63.72308
YE31310,YK,Mayo Lake Minerals Inc. - 100%,ML 310,2026-09-29,19.7,True,-9,lapsing,-135.06739,63.70402
YE31140,YK,Mayo Lake Minerals Inc. - 100%,ML 140,2026-09-29,19.7,True,-9,lapsing,-135.15799,63.72802
YE24809,YK,Mayo Lake Minerals Inc. - 100%,ML 409,2026-09-29,19.7,True,-9,lapsing,-135.36425,63.74338
YE31458,YK,Mayo Lake Minerals Inc. - 100%,ML 258,2026-09-29,19.7,True,-9,lapsing,-135.0752,63.72201
YE24806,YK,Mayo Lake Minerals Inc. - 100%,ML 406,2026-09-29,19.7,True,-9,lapsing,-135.34358,63.74266
YE31080,YK,Mayo Lake Minerals Inc. - 100%,ML 80,2026-09-29,19.7,True,-9,lapsing,-135.2294,63.73682
YE31353,YK,Mayo Lake Minerals Inc. - 100%,ML 353,2026-09-29,19.7,True,-9,lapsing,-135.1462,63.70104
YE31326,YK,Mayo Lake Minerals Inc. - 100%,ML 326,2026-09-29,19.7,True,-9,lapsing,-135.13871,63.71287
YE31132,YK,Mayo Lake Minerals Inc. - 100%,ML 132,2026-09-29,19.7,True,-9,lapsing,-135.16796,63.71224
YE31121,YK,Mayo Lake Minerals Inc. - 100%,ML 121,2026-09-29,19.7,True,-9,lapsing,-135.18476,63.73132
YE31018,YK,Mayo Lake Minerals Inc. - 100%,ML 18,2026-09-29,19.7,True,-9,lapsing,-135.26016,63.7491
YE31352,YK,Mayo Lake Minerals Inc. - 100%,ML 352,2026-09-29,19.7,True,-9,lapsing,-135.13479,63.70388
YE31154,YK,Mayo Lake Minerals Inc. - 100%,ML 154,2026-09-29,19.7,True,-9,lapsing,-135.14763,63.71398
YE25394,YK,Mayo Lake Minerals Inc. - 100%,ML 394,2026-09-29,19.7,True,-9,lapsing,-135.33399,63.74966
YE31054,YK,Mayo Lake Minerals Inc. - 100%,ML 54,2026-09-29,19.7,True,-9,lapsing,-135.19909,63.75436
YE31394,YK,Mayo Lake Minerals Inc. - 100%,ML 294,2026-09-29,19.7,True,-9,lapsing,-135.13372,63.72076
YE31323,YK,Mayo Lake Minerals Inc. - 100%,ML 323,2026-09-29,19.7,True,-9,lapsing,-135.13229,63.70782
YE24819,YK,Mayo Lake Minerals Inc. - 100%,ML 419,2026-09-29,19.7,True,-9,lapsing,-135.35797,63.73214
YE31117,YK,Mayo Lake Minerals Inc. - 100%,ML 117,2026-09-29,19.7,True,-9,lapsing,-135.18975,63.72343
YE31483,YK,Mayo Lake Minerals Inc. - 100%,ML 283,2026-09-29,19.7,True,-9,lapsing,-135.09163,63.71129
YE31064,YK,Mayo Lake Minerals Inc. - 100%,ML 64,2026-09-29,19.7,True,-9,lapsing,-135.29838,63.74954
YE24911,YK,Mayo Lake Minerals Inc. - 100%,ML 511,2026-09-29,19.3,True,-9,lapsing,-135.41843,63.71956
YE24883,YK,Mayo Lake Minerals Inc. - 100%,ML 483,2026-09-29,19.2,True,-9,lapsing,-135.42473,63.73082
YE24817,YK,Mayo Lake Minerals Inc. - 100%,ML 417,2026-09-29,19.1,True,-9,lapsing,-135.34967,63.73029
YE25373,YK,Mayo Lake Minerals Inc. - 100%,ML 373,2026-09-29,16.4,True,-9,lapsing,-135.31126,63.74339
YE31161,YK,Mayo Lake Minerals Inc. - 100%,ML 161,2026-09-29,19.7,True,-9,lapsing,-135.14906,63.72691
YE31463,YK,Mayo Lake Minerals Inc. - 100%,ML 263,2026-09-29,19.7,True,-9,lapsing,-135.10446,63.72139
YE31143,YK,Mayo Lake Minerals Inc. - 100%,ML 143,2026-09-29,19.7,True,-9,lapsing,-135.16442,63.73306
YE24849,YK,Mayo Lake Minerals Inc. - 100%,ML 449,2026-09-29,19.6,True,-9,lapsing,-135.40721,63.73572
YE31119,YK,Mayo Lake Minerals Inc. - 100%,ML 119,2026-09-29,19.6,True,-9,lapsing,-135.18725,63.72738
YE31486,YK,Mayo Lake Minerals Inc. - 100%,ML 286,2026-09-29,19.6,True,-9,lapsing,-135.09804,63.71634
YE31454,YK,Mayo Lake Minerals Inc. - 100%,ML 254,2026-09-29,19.6,True,-9,lapsing,-135.05736,63.7198
YE31459,YK,Mayo Lake Minerals Inc. - 100%,ML 259,2026-09-29,19.6,True,-9,lapsing,-135.08662,63.71918
YE31102,YK,Mayo Lake Minerals Inc. - 100%,ML 102,2026-09-29,19.6,True,-9,lapsing,-135.1912,63.73637
YE31322,YK,Mayo Lake Minerals Inc. - 100%,ML 322,2026-09-29,19.6,True,-9,lapsing,-135.12088,63.71066
YE24827,YK,Mayo Lake Minerals Inc. - 100%,ML 427,2026-09-29,19.6,True,-9,lapsing,-135.38971,63.7406
YE31023,YK,Mayo Lake Minerals Inc. - 100%,ML 23,2026-09-29,19.6,True,-9,lapsing,-135.26164,63.76204
YE24875,YK,Mayo Lake Minerals Inc. - 100%,ML 475,2026-09-29,19.6,True,-9,lapsing,-135.39299,63.72234
YE31350,YK,Mayo Lake Minerals Inc. - 100%,ML 350,2026-09-29,19.6,True,-9,lapsing,-135.12588,63.70277
YE31356,YK,Mayo Lake Minerals Inc. - 100%,ML 356,2026-09-29,19.6,True,-9,lapsing,-135.15262,63.70609
YE24850,YK,Mayo Lake Minerals Inc. - 100%,ML 450,2026-09-29,19.6,True,-9,lapsing,-135.40243,63.73922
YE24840,YK,Mayo Lake Minerals Inc. - 100%,ML 440,2026-09-29,19.6,True,-9,lapsing,-135.36276,63.72863
YE24939,YK,Mayo Lake Minerals Inc. - 100%,ML 539,2026-09-29,19.6,True,-9,lapsing,-135.41213,63.70832
YE25374,YK,Mayo Lake Minerals Inc. - 100%,ML 374,2026-09-29,19.7,True,-9,lapsing,-135.32292,63.74192
YE24877,YK,Mayo Lake Minerals Inc. - 100%,ML 477,2026-09-29,19.7,True,-9,lapsing,-135.40093,63.72446
YE31485,YK,Mayo Lake Minerals Inc. - 100%,ML 285,2026-09-29,19.6,True,-9,lapsing,-135.10055,63.7124
YE31325,YK,Mayo Lake Minerals Inc. - 100%,ML 325,2026-09-29,19.6,True,-9,lapsing,-135.14121,63.70893
YE31456,YK,Mayo Lake Minerals Inc. - 100%,ML 256,2026-09-29,19.6,True,-9,lapsing,-135.06628,63.7209
YE31112,YK,Mayo Lake Minerals Inc. - 100%,ML 112,2026-09-29,19.6,True,-9,lapsing,-135.18581,63.71444
YE24808,YK,Mayo Lake Minerals Inc. - 100%,ML 408,2026-09-29,19.6,True,-9,lapsing,-135.35151,63.74478
YE31056,YK,Mayo Lake Minerals Inc. - 100%,ML 56,2026-09-29,19.6,True,-9,lapsing,-135.26264,63.74516
YE31058,YK,Mayo Lake Minerals Inc. - 100%,ML 58,2026-09-29,19.7,True,-9,lapsing,-135.27157,63.74626
YE24818,YK,Mayo Lake Minerals Inc. - 100%,ML 418,2026-09-29,19.7,True,-9,lapsing,-135.34524,63.73352
YE31478,YK,Mayo Lake Minerals Inc. - 100%,ML 278,2026-09-29,19.7,True,-9,lapsing,-135.06238,63.71191
YE31011,YK,Mayo Lake Minerals Inc. - 100%,ML 11,2026-09-29,19.7,True,-9,lapsing,-135.28448,63.75634
YE31118,YK,Mayo Lake Minerals Inc. - 100%,ML 118,2026-09-29,19.7,True,-9,lapsing,-135.17833,63.72628
YE31021,YK,Mayo Lake Minerals Inc. - 100%,ML 21,2026-09-29,19.7,True,-9,lapsing,-135.26377,63.75867
YE25376,YK,Mayo Lake Minerals Inc. - 100%,ML 376,2026-09-29,19.7,True,-9,lapsing,-135.32772,63.73841
YE31139,YK,Mayo Lake Minerals Inc. - 100%,ML 139,2026-09-29,19.7,True,-9,lapsing,-135.1694,63.72518
YE24810,YK,Mayo Lake Minerals Inc. - 100%,ML 410,2026-09-29,19.6,True,-9,lapsing,-135.35945,63.74689
YE31476,YK,Mayo Lake Minerals Inc. - 100%,ML 276,2026-09-29,19.7,True,-9,lapsing,-135.05347,63.7108
YE31455,YK,Mayo Lake Minerals Inc. - 100%,ML 255,2026-09-29,19.7,True,-9,lapsing,-135.06879,63.71696
YE24804,YK,Mayo Lake Minerals Inc. - 100%,ML 404,2026-09-29,19.7,True,-9,lapsing,-135.33565,63.74054
YE24841,YK,Mayo Lake Minerals Inc. - 100%,ML 441,2026-09-29,19.7,True,-9,lapsing,-135.37548,63.72724
YE31012,YK,Mayo Lake Minerals Inc. - 100%,ML 12,2026-09-29,19.7,True,-9,lapsing,-135.27554,63.75524
YE31453,YK,Mayo Lake Minerals Inc. - 100%,ML 253,2026-09-29,19.7,True,-9,lapsing,-135.05987,63.71585
YE31392,YK,Mayo Lake Minerals Inc. - 100%,ML 292,2026-09-29,19.7,True,-9,lapsing,-135.1248,63.71966
YE31482,YK,Mayo Lake Minerals Inc. - 100%,ML 282,2026-09-29,19.6,True,-9,lapsing,-135.08021,63.71412
YE24887,YK,Mayo Lake Minerals Inc. - 100%,ML 487,2026-09-29,19.6,True,-9,lapsing,-135.44032,63.73525
YE24822,YK,Mayo Lake Minerals Inc. - 100%,ML 422,2026-09-29,19.6,True,-9,lapsing,-135.36111,63.73776
YE24845,YK,Mayo Lake Minerals Inc. - 100%,ML 445,2026-09-29,19.6,True,-9,lapsing,-135.39135,63.73148
YE31002,YK,Mayo Lake Minerals Inc. - 100%,ML 2,2026-09-29,19.6,True,-9,lapsing,-135.2959,63.75348
YE24803,YK,Mayo Lake Minerals Inc. - 100%,ML 403,2026-09-29,19.6,True,-9,lapsing,-135.34044,63.73703
YE31022,YK,Mayo Lake Minerals Inc. - 100%,ML 22,2026-09-29,19.6,True,-9,lapsing,-135.25519,63.757
YE31060,YK,Mayo Lake Minerals Inc. - 100%,ML 60,2026-09-29,19.6,True,-9,lapsing,-135.2805,63.74736
1094169,BC,XIMEN MINING CORP,XX2,2026-09-29,20.9,False,-9,lapsing,-115.57915,49.7229
YE25378,YK,Mayo Lake Minerals Inc. - 100%,ML 378,2026-09-29,19.6,True,-9,lapsing,-135.33252,63.73491
YE31156,YK,Mayo Lake Minerals Inc. - 100%,ML 156,2026-09-29,19.6,True,-9,lapsing,-135.14514,63.71792
YE24878,YK,Mayo Lake Minerals Inc. - 100%,ML 478,2026-09-29,19.6,True,-9,lapsing,-135.39614,63.72798
YE31009,YK,Mayo Lake Minerals Inc. - 100%,ML 9,2026-09-29,19.6,True,-9,lapsing,-135.28696,63.7524
YE31452,YK,Mayo Lake Minerals Inc. - 100%,ML 252,2026-09-29,19.6,True,-9,lapsing,-135.04845,63.71867
YE31111,YK,Mayo Lake Minerals Inc. - 100%,ML 111,2026-09-29,19.6,True,-9,lapsing,-135.19016,63.75325
YE31185,YK,Mayo Lake Minerals Inc. - 100%,ML 185,2026-09-29,19.6,True,-9,lapsing,-135.10337,63.73827
YE24823,YK,Mayo Lake Minerals Inc. - 100%,ML 423,2026-09-29,19.7,True,-9,lapsing,-135.37383,63.73638
YE31057,YK,Mayo Lake Minerals Inc. - 100%,ML 57,2026-09-29,19.6,True,-9,lapsing,-135.27406,63.7423
YE24843,YK,Mayo Lake Minerals Inc. - 100%,ML 443,2026-09-29,19.6,True,-9,lapsing,-135.38341,63.72936
YE24825,YK,Mayo Lake Minerals Inc. - 100%,ML 425,2026-09-29,19.6,True,-9,lapsing,-135.38176,63.7385
YE31019,YK,Mayo Lake Minerals Inc. - 100%,ML 19,2026-09-29,19.6,True,-9,lapsing,-135.26661,63.75414
YE31477,YK,Mayo Lake Minerals Inc. - 100%,ML 277,2026-09-29,19.6,True,-9,lapsing,-135.06489,63.70796
YE31464,YK,Mayo Lake Minerals Inc. - 100%,ML 264,2026-09-29,19.6,True,-9,lapsing,-135.10196,63.72533
YE24807,YK,Mayo Lake Minerals Inc. - 100%,ML 407,2026-09-29,19.7,True,-9,lapsing,-135.35631,63.74126
YE31347,YK,Mayo Lake Minerals Inc. - 100%,ML 347,2026-09-29,19.6,True,-9,lapsing,-135.11946,63.69772
YE24813,YK,Mayo Lake Minerals Inc. - 100%,ML 413,2026-09-29,19.6,True,-9,lapsing,-135.38011,63.74762
YE31160,YK,Mayo Lake Minerals Inc. - 100%,ML 160,2026-09-29,19.6,True,-9,lapsing,-135.14014,63.72581
YE24879,YK,Mayo Lake Minerals Inc. - 100%,ML 479,2026-09-29,19.6,True,-9,lapsing,-135.40886,63.72658
YE24910,YK,Mayo Lake Minerals Inc. - 100%,ML 510,2026-09-29,19.6,True,-9,lapsing,-135.40571,63.72096
YE24824,YK,Mayo Lake Minerals Inc. - 100%,ML 424,2026-09-29,19.6,True,-9,lapsing,-135.36904,63.73988
YE31133,YK,Mayo Lake Minerals Inc. - 100%,ML 133,2026-09-29,19.6,True,-9,lapsing,-135.17688,63.71334
YE24908,YK,Mayo Lake Minerals Inc. - 100%,ML 508,2026-09-29,19.6,True,-9,lapsing,-135.39778,63.71884
YE31349,YK,Mayo Lake Minerals Inc. - 100%,ML 349,2026-09-29,19.6,True,-9,lapsing,-135.12837,63.69883
YE31124,YK,Mayo Lake Minerals Inc. - 100%,ML 124,2026-09-29,19.7,True,-9,lapsing,-135.17085,63.73811
YE31390,YK,Mayo Lake Minerals Inc. - 100%,ML 290,2026-09-29,19.7,True,-9,lapsing,-135.11588,63.71855
YE24942,YK,Mayo Lake Minerals Inc. - 100%,ML 542,2026-09-29,19.7,True,-9,lapsing,-135.41499,63.71416
YE31460,YK,Mayo Lake Minerals Inc. - 100%,ML 260,2026-09-29,19.7,True,-9,lapsing,-135.08412,63.72312
YE31461,YK,Mayo Lake Minerals Inc. - 100%,ML 261,2026-09-29,19.7,True,-9,lapsing,-135.09554,63.72028
YE24882,YK,Mayo Lake Minerals Inc. - 100%,ML 482,2026-09-29,19.7,True,-9,lapsing,-135.41201,63.7322
YE31391,YK,Mayo Lake Minerals Inc. - 100%,ML 291,2026-09-29,19.6,True,-9,lapsing,-135.1273,63.71571
YE31320,YK,Mayo Lake Minerals Inc. - 100%,ML 320,2026-09-29,19.7,True,-9,lapsing,-135.11196,63.70956
YE31488,YK,Mayo Lake Minerals Inc. - 100%,ML 288,2026-09-29,19.6,True,-9,lapsing,-135.10696,63.71744
YE24940,YK,Mayo Lake Minerals Inc. - 100%,ML 540,2026-09-29,19.6,True,-9,lapsing,-135.40735,63.71182
YE24876,YK,Mayo Lake Minerals Inc. - 100%,ML 476,2026-09-29,19.7,True,-9,lapsing,-135.3882,63.72586
YE31122,YK,Mayo Lake Minerals Inc. - 100%,ML 122,2026-09-29,19.6,True,-9,lapsing,-135.17334,63.73417
YE31351,YK,Mayo Lake Minerals Inc. - 100%,ML 351,2026-09-29,19.7,True,-9,lapsing,-135.13728,63.69993
YE31086,YK,Mayo Lake Minerals Inc. - 100%,ML 86,2026-09-29,19.7,True,-9,lapsing,-135.25618,63.74012
YE31348,YK,Mayo Lake Minerals Inc. - 100%,ML 348,2026-09-29,19.7,True,-9,lapsing,-135.11696,63.70167
YE25370,YK,Mayo Lake Minerals Inc. - 100%,ML 370,2026-09-29,19.7,True,-9,lapsing,-135.31332,63.74892
YE24874,YK,Mayo Lake Minerals Inc. - 100%,ML 474,2026-09-29,19.6,True,-9,lapsing,-135.38027,63.72374
YE31159,YK,Mayo Lake Minerals Inc. - 100%,ML 159,2026-09-29,19.6,True,-9,lapsing,-135.15156,63.72297
YE24814,YK,Mayo Lake Minerals Inc. - 100%,ML 414,2026-09-29,19.6,True,-9,lapsing,-135.37533,63.75112
YE31123,YK,Mayo Lake Minerals Inc. - 100%,ML 123,2026-09-29,19.6,True,-9,lapsing,-135.18227,63.73527
YE31465,YK,Mayo Lake Minerals Inc. - 100%,ML 265,2026-09-29,19.6,True,-9,lapsing,-135.11338,63.72249
YE31484,YK,Mayo Lake Minerals Inc. - 100%,ML 284,2026-09-29,19.6,True,-9,lapsing,-135.08913,63.71523
YE24812,YK,Mayo Lake Minerals Inc. - 100%,ML 412,2026-09-29,19.6,True,-9,lapsing,-135.36739,63.74901
YE31324,YK,Mayo Lake Minerals Inc. - 100%,ML 324,2026-09-29,19.6,True,-9,lapsing,-135.12979,63.71177
YE31321,YK,Mayo Lake Minerals Inc. - 100%,ML 321,2026-09-29,19.6,True,-9,lapsing,-135.12337,63.70672
YE24826,YK,Mayo Lake Minerals Inc. - 100%,ML 426,2026-09-29,19.6,True,-9,lapsing,-135.37698,63.742
YE31451,YK,Mayo Lake Minerals Inc. - 100%,ML 251,2026-09-29,19.6,True,-9,lapsing,-135.05095,63.71474
YE24885,YK,Mayo Lake Minerals Inc. - 100%,ML 485,2026-09-29,19.6,True,-9,lapsing,-135.43266,63.73292
YE31120,YK,Mayo Lake Minerals Inc. - 100%,ML 120,2026-09-29,19.6,True,-9,lapsing,-135.17584,63.73022
YE31462,YK,Mayo Lake Minerals Inc. - 100%,ML 262,2026-09-29,19.6,True,-9,lapsing,-135.09304,63.72423
YE31158,YK,Mayo Lake Minerals Inc. - 100%,ML 158,2026-09-29,19.7,True,-9,lapsing,-135.14264,63.72187
YE31048,YK,Mayo Lake Minerals Inc. - 100%,ML 48,2026-09-29,19.7,True,-9,lapsing,-135.20656,63.74252
YE31104,YK,Mayo Lake Minerals Inc. - 100%,ML 104,2026-09-29,19.7,True,-9,lapsing,-135.1887,63.74032
YE24846,YK,Mayo Lake Minerals Inc. - 100%,ML 446,2026-09-29,19.7,True,-9,lapsing,-135.38656,63.73498
YE31055,YK,Mayo Lake Minerals Inc. - 100%,ML 55,2026-09-29,19.7,True,-9,lapsing,-135.26512,63.74122
YE31181,YK,Mayo Lake Minerals Inc. - 100%,ML 181,2026-09-29,19.7,True,-9,lapsing,-135.10838,63.73038
YE24844,YK,Mayo Lake Minerals Inc. - 100%,ML 444,2026-09-29,19.7,True,-9,lapsing,-135.37863,63.73286
YE31469,YK,Mayo Lake Minerals Inc. - 100%,ML 269,2026-09-29,19.6,True,-9,lapsing,-135.13122,63.72471
YE31467,YK,Mayo Lake Minerals Inc. - 100%,ML 267,2026-09-29,19.6,True,-9,lapsing,-135.1223,63.7236
YE31145,YK,Mayo Lake Minerals Inc. - 100%,ML 145,2026-09-29,19.6,True,-9,lapsing,-135.16192,63.73701
YE31136,YK,Mayo Lake Minerals Inc. - 100%,ML 136,2026-09-29,19.6,True,-9,lapsing,-135.16297,63.72013
YE25372,YK,Mayo Lake Minerals Inc. - 100%,ML 372,2026-09-29,19.6,True,-9,lapsing,-135.31812,63.74542
YE31107,YK,Mayo Lake Minerals Inc. - 100%,ML 107,2026-09-29,19.6,True,-9,lapsing,-135.19514,63.74536
YE31319,YK,Mayo Lake Minerals Inc. - 100%,ML 319,2026-09-29,19.7,True,-9,lapsing,-135.11446,63.70561
YE31481,YK,Mayo Lake Minerals Inc. - 100%,ML 281,2026-09-29,19.7,True,-9,lapsing,-135.08271,63.71018
YE31153,YK,Mayo Lake Minerals Inc. - 100%,ML 153,2026-09-29,19.7,True,-9,lapsing,-135.15904,63.71114
YE31072,YK,Mayo Lake Minerals Inc. - 100%,ML 72,2026-09-29,19.6,True,-9,lapsing,-135.29439,63.74056
YE31308,YK,Mayo Lake Minerals Inc. - 100%,ML 308,2026-09-29,19.6,True,-9,lapsing,-135.05848,63.70292
YE24842,YK,Mayo Lake Minerals Inc. - 100%,ML 442,2026-09-29,19.6,True,-9,lapsing,-135.37069,63.73075
YE25391,YK,Mayo Lake Minerals Inc. - 100%,ML 391,2026-09-29,19.6,True,-9,lapsing,-135.33085,63.74404
YE24888,YK,Mayo Lake Minerals Inc. - 100%,ML 488,2026-09-29,19.6,True,-9,lapsing,-135.43582,63.73855
YE31063,YK,Mayo Lake Minerals Inc. - 100%,ML 63,2026-09-29,19.6,True,-9,lapsing,-135.30085,63.74559
YE24909,YK,Mayo Lake Minerals Inc. - 100%,ML 509,2026-09-29,19.6,True,-9,lapsing,-135.41049,63.71746
YE31466,YK,Mayo Lake Minerals Inc. - 100%,ML 266,2026-09-29,19.6,True,-9,lapsing,-135.11088,63.72644
YE31082,YK,Mayo Lake Minerals Inc. - 100%,ML 82,2026-09-29,19.6,True,-9,lapsing,-135.23832,63.73792
YE25395,YK,Mayo Lake Minerals Inc. - 100%,ML 395,2026-09-29,19.6,True,-9,lapsing,-135.34672,63.74828
YE31098,YK,Mayo Lake Minerals Inc. - 100%,ML 98,2026-09-29,19.6,True,-9,lapsing,-135.19617,63.72848
YE31103,YK,Mayo Lake Minerals Inc. - 100%,ML 103,2026-09-29,19.6,True,-9,lapsing,-135.20012,63.73747
YE24820,YK,Mayo Lake Minerals Inc. - 100%,ML 420,2026-09-29,19.6,True,-9,lapsing,-135.35317,63.73564
YE31480,YK,Mayo Lake Minerals Inc. - 100%,ML 280,2026-09-29,19.6,True,-9,lapsing,-135.07129,63.71302
YE31354,YK,Mayo Lake Minerals Inc. - 100%,ML 354,2026-09-29,19.6,True,-9,lapsing,-135.1437,63.70498
YE31468,YK,Mayo Lake Minerals Inc. - 100%,ML 268,2026-09-29,19.6,True,-9,lapsing,-135.1198,63.72754
YE25392,YK,Mayo Lake Minerals Inc. - 100%,ML 392,2026-09-29,19.6,True,-9,lapsing,-135.32606,63.74754
YE31475,YK,Mayo Lake Minerals Inc. - 100%,ML 275,2026-09-29,19.6,True,-9,lapsing,-135.05597,63.70686
YE25375,YK,Mayo Lake Minerals Inc. - 100%,ML 375,2026-09-29,19.6,True,-9,lapsing,-135.31521,63.73963
YE31010,YK,Mayo Lake Minerals Inc. - 100%,ML 10,2026-09-29,19.6,True,-9,lapsing,-135.27803,63.7513
YE31184,YK,Mayo Lake Minerals Inc. - 100%,ML 184,2026-09-29,19.6,True,-9,lapsing,-135.09445,63.73716
YE31062,YK,Mayo Lake Minerals Inc. - 100%,ML 62,2026-09-29,19.6,True,-9,lapsing,-135.28944,63.74844
YE24821,YK,Mayo Lake Minerals Inc. - 100%,ML 421,2026-09-29,19.6,True,-9,lapsing,-135.3659,63.73426
YE31137,YK,Mayo Lake Minerals Inc. - 100%,ML 137,2026-09-29,19.6,True,-9,lapsing,-135.1719,63.72123
YE31074,YK,Mayo Lake Minerals Inc. - 100%,ML 74,2026-09-29,19.6,True,-9,lapsing,-135.30333,63.74165
YE24943,YK,Mayo Lake Minerals Inc. - 100%,ML 543,2026-09-29,19.6,True,-9,lapsing,-135.428,63.71255
YE25396,YK,Mayo Lake Minerals Inc. - 100%,ML 396,2026-09-29,19.7,True,-9,lapsing,-135.34192,63.75178
YE31355,YK,Mayo Lake Minerals Inc. - 100%,ML 355,2026-09-29,19.7,True,-9,lapsing,-135.15511,63.70214
YE31105,YK,Mayo Lake Minerals Inc. - 100%,ML 105,2026-09-29,19.7,True,-9,lapsing,-135.19763,63.74142
YE31114,YK,Mayo Lake Minerals Inc. - 100%,ML 114,2026-09-29,19.7,True,-9,lapsing,-135.18331,63.71838
YE24847,YK,Mayo Lake Minerals Inc. - 100%,ML 447,2026-09-29,19.7,True,-9,lapsing,-135.39928,63.7336
YE24811,YK,Mayo Lake Minerals Inc. - 100%,ML 411,2026-09-29,19.7,True,-9,lapsing,-135.37218,63.7455
104964,NU,6081 Nunavut Ltd. (100%),,2026-09-29,16.8,True,-9,lapsing,-95.59786,63.81914
104965,NU,6081 Nunavut Ltd. (100%),,2026-09-29,33.6,True,-9,lapsing,-95.58614,63.81914
YE31100,YK,Mayo Lake Minerals Inc. - 100%,ML 100,2026-09-29,19.7,True,-9,lapsing,-135.19369,63.73242
YE31059,YK,Mayo Lake Minerals Inc. - 100%,ML 59,2026-09-29,19.7,True,-9,lapsing,-135.28298,63.7434
YE31134,YK,Mayo Lake Minerals Inc. - 100%,ML 134,2026-09-29,19.7,True,-9,lapsing,-135.16547,63.71618
YE31180,YK,Mayo Lake Minerals Inc. - 100%,ML 180,2026-09-29,19.7,True,-9,lapsing,-135.09945,63.72928
YE24944,YK,Mayo Lake Minerals Inc. - 100%,ML 544,2026-09-29,19.7,True,-9,lapsing,-135.42321,63.71606
YE31135,YK,Mayo Lake Minerals Inc. - 100%,ML 135,2026-09-29,19.7,True,-9,lapsing,-135.17439,63.71728
YE31489,YK,Mayo Lake Minerals Inc. - 100%,ML 289,2026-09-29,19.7,True,-9,lapsing,-135.11838,63.71461
YE24839,YK,Mayo Lake Minerals Inc. - 100%,ML 439,2026-09-29,19.7,True,-9,lapsing,-135.36755,63.72512
YE31070,YK,Mayo Lake Minerals Inc. - 100%,ML 70,2026-09-29,19.6,True,-9,lapsing,-135.28547,63.73946
YE31084,YK,Mayo Lake Minerals Inc. - 100%,ML 84,2026-09-29,19.6,True,-9,lapsing,-135.24726,63.73901
YE31479,YK,Mayo Lake Minerals Inc. - 100%,ML 279,2026-09-29,19.6,True,-9,lapsing,-135.0738,63.70908
YE24884,YK,Mayo Lake Minerals Inc. - 100%,ML 484,2026-09-29,19.6,True,-9,lapsing,-135.41994,63.73432
YE24805,YK,Mayo Lake Minerals Inc. - 100%,ML 405,2026-09-29,19.6,True,-9,lapsing,-135.34838,63.73914
YE31312,YK,Mayo Lake Minerals Inc. - 100%,ML 312,2026-09-29,19.7,True,-9,lapsing,-135.0763,63.70513
YE31061,YK,Mayo Lake Minerals Inc. - 100%,ML 61,2026-09-29,19.7,True,-9,lapsing,-135.29192,63.7445
YE31125,YK,Mayo Lake Minerals Inc. - 100%,ML 125,2026-09-29,19.7,True,-9,lapsing,-135.17978,63.73922
YE31393,YK,Mayo Lake Minerals Inc. - 100%,ML 293,2026-09-29,19.6,True,-9,lapsing,-135.13621,63.71682
YE24907,YK,Mayo Lake Minerals Inc. - 100%,ML 507,2026-09-29,19.4,True,-9,lapsing,-135.40256,63.71534
YE31155,YK,Mayo Lake Minerals Inc. - 100%,ML 155,2026-09-29,19.6,True,-9,lapsing,-135.15655,63.71508
YE24848,YK,Mayo Lake Minerals Inc. - 100%,ML 448,2026-09-29,19.6,True,-9,lapsing,-135.39449,63.7371
YE25393,YK,Mayo Lake Minerals Inc. - 100%,ML 393,2026-09-29,19.6,True,-9,lapsing,-135.33878,63.74616
YE24881,YK,Mayo Lake Minerals Inc. - 100%,ML 481,2026-09-29,19.6,True,-9,lapsing,-135.41679,63.7287
YE31017,YK,Mayo Lake Minerals Inc. - 100%,ML 17,2026-09-29,19.6,True,-9,lapsing,-135.26909,63.7502
YE31020,YK,Mayo Lake Minerals Inc. - 100%,ML 20,2026-09-29,19.6,True,-9,lapsing,-135.25726,63.75371
YE25371,YK,Mayo Lake Minerals Inc. - 100%,ML 371,2026-09-29,10.9,True,-9,lapsing,-135.30755,63.74711
YE24880,YK,Mayo Lake Minerals Inc. - 100%,ML 480,2026-09-29,19.6,True,-9,lapsing,-135.40407,63.73008
YE31141,YK,Mayo Lake Minerals Inc. - 100%,ML 141,2026-09-29,19.6,True,-9,lapsing,-135.16691,63.72912
YE31046,YK,Mayo Lake Minerals Inc. - 100%,ML 46,2026-09-29,19.6,True,-9,lapsing,-135.20905,63.73857
104967,NU,6081 Nunavut Ltd. (100%),,2026-09-29,33.6,True,-9,lapsing,-95.39863,63.81914
104966,NU,6081 Nunavut Ltd. (100%),,2026-09-29,67.2,True,-9,lapsing,-95.39081,63.81498
1091123,BC,FIRST ATLANTIC NICKEL CORP.,LMSL MAD HOLE,2026-09-30,20.6,False,-8,lapsing,-120.76063,50.3603
1094117,BC,FIRST ATLANTIC NICKEL CORP.,LMSL EAST 05,2026-09-30,20.6,False,-8,lapsing,-120.71063,50.34779
1094253,BC,FIRST ATLANTIC NICKEL CORP.,SILVER LOAD 2,2026-09-30,41.3,False,-8,lapsing,-120.71687,50.27905
1094217,BC,FIRST ATLANTIC NICKEL CORP.,LMSL EAST 07,2026-09-30,41.3,False,-8,lapsing,-120.67625,50.28529
1094159,BC,FIRST ATLANTIC NICKEL CORP.,LMSL EAST 04,2026-09-30,82.5,False,-8,lapsing,-120.69188,50.33738
MC00004160,SK,Scott Vincent Johnson: 100.000%,,2026-09-30,509.5,False,-8,lapsing,-109.75424,51.0853
030706M,NL,Mineral Lands Admin,,2026-09-30,25.4,False,-8,lapsing,-55.89691,47.07392
033457M,NL,Connie St. George,,2026-09-30,100.9,False,-8,lapsing,-53.4638,47.79948
1094200,BC,FIRST ATLANTIC NICKEL CORP.,LMSL EAST 06,2026-09-30,165.0,False,-8,lapsing,-120.67938,50.34571
1091172,BC,FIRST ATLANTIC NICKEL CORP.,LMSL EAST,2026-09-30,804.8,False,-8,lapsing,-120.67312,50.31029
1079581,BC,"MOLNAR, ANDREW WILLIAM",ISLA 5,2026-10-01,521.0,False,-7,lapsing,-125.29206,49.83107
1079406,BC,"MOLNAR, ANDREW WILLIAM",ISLA 3,2026-10-01,479.9,False,-7,lapsing,-125.25768,49.77691
104969,NU,Honey Badger Silver Inc. (100%),YAVA02,2026-10-01,864.9,True,-7,lapsing,-107.99323,65.62537
100263,NU,Forum Energy Metals Corp. (100%),RH 01,2026-10-01,264.2,True,-7,lapsing,-98.4457,64.30455
1079407,BC,"MOLNAR, ANDREW WILLIAM",ISLA 2,2026-10-01,1042.8,False,-7,lapsing,-125.26393,49.79357
1079409,BC,"MOLNAR, ANDREW WILLIAM",ISLA 4,2026-10-01,938.0,False,-7,lapsing,-125.26394,49.82274
1079408,BC,"MOLNAR, ANDREW WILLIAM",ISLA 1,2026-10-01,834.1,False,-7,lapsing,-125.31081,49.80399
YE21282,YK,Bernard Kreft - 100%,Pup 82,2026-10-01,19.7,True,-7,lapsing,-139.72476,64.04709
104968,NU,Honey Badger Silver Inc. (100%),YAVA01,2026-10-01,1338.9,True,-7,lapsing,-107.92291,65.58163
YE21266,YK,Bernard Kreft - 100%,Pup 66,2026-10-01,19.7,True,-7,lapsing,-139.68487,64.07446
104970,NU,Honey Badger Silver Inc. (100%),RAPTOR01,2026-10-01,988.9,True,-7,lapsing,-108.02058,65.67328
YE21285,YK,Bernard Kreft - 100%,Pup 85,2026-10-01,19.6,True,-7,lapsing,-139.70434,64.04502
YE21270,YK,Bernard Kreft - 100%,Pup 70,2026-10-01,19.6,True,-7,lapsing,-139.69686,64.06817
YE21287,YK,Bernard Kreft - 100%,Pup 87,2026-10-01,19.7,True,-7,lapsing,-139.69214,64.04502
YE21272,YK,Bernard Kreft - 100%,Pup 72,2026-10-01,19.6,True,-7,lapsing,-139.70286,64.06502
YE21276,YK,Bernard Kreft - 100%,Pup 76,2026-10-01,19.6,True,-7,lapsing,-139.71484,64.05872
YE21281,YK,Bernard Kreft - 100%,Pup 81,2026-10-01,19.7,True,-7,lapsing,-139.71877,64.05024
YE21286,YK,Bernard Kreft - 100%,Pup 86,2026-10-01,19.6,True,-7,lapsing,-139.71033,64.04186
YE21267,YK,Bernard Kreft - 100%,Pup 67,2026-10-01,19.6,True,-7,lapsing,-139.68365,64.0687
YE21275,YK,Bernard Kreft - 100%,Pup 75,2026-10-01,19.7,True,-7,lapsing,-139.70763,64.0561
YE21288,YK,Bernard Kreft - 100%,Pup 88,2026-10-01,19.7,True,-7,lapsing,-139.69813,64.04188
YE21269,YK,Bernard Kreft - 100%,Pup 69,2026-10-01,19.6,True,-7,lapsing,-139.68965,64.06556
YE21268,YK,Bernard Kreft - 100%,Pup 68,2026-10-01,19.6,True,-7,lapsing,-139.69087,64.07132
YE21274,YK,Bernard Kreft - 100%,Pup 74,2026-10-01,19.6,True,-7,lapsing,-139.70885,64.06187
YE21290,YK,Bernard Kreft - 100%,Pup 90,2026-10-01,19.6,True,-7,lapsing,-139.69092,64.03926
YE21273,YK,Bernard Kreft - 100%,Pup 73,2026-10-01,19.6,True,-7,lapsing,-139.70164,64.05926
YE21271,YK,Bernard Kreft - 100%,Pup 71,2026-10-01,19.7,True,-7,lapsing,-139.69564,64.0624
YE21289,YK,Bernard Kreft - 100%,Pup 89,2026-10-01,19.6,True,-7,lapsing,-139.6851,64.04232
YE21265,YK,Bernard Kreft - 100%,Pup 65,2026-10-01,19.6,True,-7,lapsing,-139.67766,64.07184
YE21284,YK,Bernard Kreft - 100%,Pup 84,2026-10-01,19.3,True,-7,lapsing,-139.71755,64.04448
YE21279,YK,Bernard Kreft - 100%,Pup 79,2026-10-01,19.6,True,-7,lapsing,-139.72598,64.05286
YE21283,YK,Bernard Kreft - 100%,Pup 83,2026-10-01,19.6,True,-7,lapsing,-139.71156,64.04762
YE21280,YK,Bernard Kreft - 100%,Pup 80,2026-10-01,19.3,True,-7,lapsing,-139.73197,64.04971
YE21278,YK,Bernard Kreft - 100%,Pup 78,2026-10-01,16.9,True,-7,lapsing,-139.72041,64.05579
YE21277,YK,Bernard Kreft - 100%,Pup 77,2026-10-01,16.9,True,-7,lapsing,-139.7132,64.05318
YF74138,YK,Flow Metals Corp - 100%,Flow 138,2026-10-02,19.6,True,-6,lapsing,-140.8587,64.04536
YF74142,YK,Flow Metals Corp - 100%,Flow 142,2026-10-02,19.6,True,-6,lapsing,-140.83996,64.0454
YF74126,YK,Flow Metals Corp - 100%,Flow 126,2026-10-02,16.5,True,-6,lapsing,-140.86316,63.99178
S-113255,SK,GOLDEN BAND RESOURCES INC.: 100.000%,,2026-10-02,574.7,False,-6,lapsing,-104.07484,56.21876
YF74141,YK,Flow Metals Corp - 100%,Flow 141,2026-10-02,9.7,True,-6,lapsing,-140.84239,64.04949
YF74121,YK,Flow Metals Corp - 100%,Flow 121,2026-10-02,19.7,True,-6,lapsing,-140.8928,64.01065
YF74133,YK,Flow Metals Corp - 100%,Flow 133,2026-10-02,19.6,True,-6,lapsing,-140.8775,64.04941
1126754,BC,"EVANS, DANIEL JAMES",Tough Luck,2026-10-02,20.6,False,-6,lapsing,-126.65465,50.29356
MC00013900,SK,92 Energy Canada Limited: 100.000%,,2026-10-02,5640.7,False,-6,lapsing,-105.23804,57.98884
YF74143,YK,Flow Metals Corp - 100%,Flow 143,2026-10-02,19.2,True,-6,lapsing,-140.87733,64.0407
YF74144,YK,Flow Metals Corp - 100%,Flow 144,2026-10-02,19.1,True,-6,lapsing,-140.88669,64.04157
YF74128,YK,Flow Metals Corp - 100%,Flow 128,2026-10-02,10.9,True,-6,lapsing,-140.87847,63.99814
YF74123,YK,Flow Metals Corp - 100%,Flow 123,2026-10-02,16.9,True,-6,lapsing,-140.89374,64.00524
YF74135,YK,Flow Metals Corp - 100%,Flow 135,2026-10-02,19.4,True,-6,lapsing,-140.86817,64.04942
YF74137,YK,Flow Metals Corp - 100%,Flow 137,2026-10-02,19.5,True,-6,lapsing,-140.85879,64.04944
YF74139,YK,Flow Metals Corp - 100%,Flow 139,2026-10-02,19.5,True,-6,lapsing,-140.84938,64.04919
YF74125,YK,Flow Metals Corp - 100%,Flow 125,2026-10-02,12.3,True,-6,lapsing,-140.9041,64.00142
YF74129,YK,Flow Metals Corp - 100%,Flow 129,2026-10-02,10.1,True,-6,lapsing,-140.88565,64.00076
YF74124,YK,Flow Metals Corp - 100%,Flow 124,2026-10-02,19.7,True,-6,lapsing,-140.90219,64.00568
YF74127,YK,Flow Metals Corp - 100%,Flow 127,2026-10-02,11.9,True,-6,lapsing,-140.87133,63.99549
YF74140,YK,Flow Metals Corp - 100%,Flow 140,2026-10-02,19.4,True,-6,lapsing,-140.84933,64.04543
1126748,BC,"JARAWKA, LUKASZ",Triple J,2026-10-02,147.4,False,-6,lapsing,-120.01997,49.31446
YF74130,YK,Flow Metals Corp - 100%,Flow 130,2026-10-02,5.6,True,-6,lapsing,-140.89097,64.00194
YF74145,YK,Flow Metals Corp - 100%,Flow 145,2026-10-02,14.8,True,-6,lapsing,-140.83253,64.04624
YF74122,YK,Flow Metals Corp - 100%,Flow 122,2026-10-02,19.7,True,-6,lapsing,-140.90217,64.00902
S-113253,SK,GOLDEN BAND RESOURCES INC.: 100.000%,,2026-10-02,209.6,False,-6,lapsing,-104.05689,56.19651
YF74136,YK,Flow Metals Corp - 100%,Flow 136,2026-10-02,19.7,True,-6,lapsing,-140.86807,64.04533
YF74132,YK,Flow Metals Corp - 100%,Flow 132,2026-10-02,19.6,True,-6,lapsing,-140.8868,64.04529
YF74134,YK,Flow Metals Corp - 100%,Flow 134,2026-10-02,19.6,True,-6,lapsing,-140.87744,64.04531
YF74131,YK,Flow Metals Corp - 100%,Flow 131,2026-10-02,19.7,True,-6,lapsing,-140.88687,64.04938
104972,NU,6106 Resources Limited (100%),,2026-10-03,1200.6,True,-5,lapsing,-95.91037,61.96076
1126765,BC,COAST COPPER CORP.,Hanson 4,2026-10-03,1190.2,False,-5,lapsing,-125.1235,54.24367
104973,NU,6106 Resources Limited (100%),,2026-10-03,1062.5,True,-5,lapsing,-96.12522,61.81284
542386,BC,"WILDER, COTE BO",,2026-10-03,44.7,False,-5,lapsing,-121.47616,52.59417
104971,NU,StrategX Elements Corp. (100%),MBA,2026-10-03,161.5,True,-5,lapsing,-82.57749,67.39843
YF04514,YK,"Don Pilsworth - 50%, Bruce Cairns - 50%",BT 14,2026-10-04,20.4,True,-4,lapsing,-135.2515,63.98345
YF04506,YK,"Don Pilsworth - 50%, Bruce Cairns - 50%",BT 6,2026-10-04,20.6,True,-4,lapsing,-135.21456,63.98603
YF04503,YK,"Don Pilsworth - 50%, Bruce Cairns - 50%",BT 3,2026-10-04,19.6,True,-4,lapsing,-135.20383,63.9825
YF04524,YK,"Don Pilsworth - 50%, Bruce Cairns - 50%",BT 24,2026-10-04,19.6,True,-4,lapsing,-135.24856,63.97528
YF04504,YK,"Don Pilsworth - 50%, Bruce Cairns - 50%",BT 4,2026-10-04,20.2,True,-4,lapsing,-135.20531,63.98663
YF04511,YK,"Don Pilsworth - 50%, Bruce Cairns - 50%",BT 11,2026-10-04,19.6,True,-4,lapsing,-135.24078,63.97996
YF04512,YK,"Don Pilsworth - 50%, Bruce Cairns - 50%",BT 12,2026-10-04,20.6,True,-4,lapsing,-135.24227,63.9841
YF04540,YK,"Don Pilsworth - 50%, Bruce Cairns - 50%",BT 40,2026-10-04,19.6,True,-4,lapsing,-135.18217,63.97485
YF04518,YK,"Don Pilsworth - 50%, Bruce Cairns - 50%",BT 18,2026-10-04,20.2,True,-4,lapsing,-135.26996,63.98214
YF04520,YK,"Don Pilsworth - 50%, Bruce Cairns - 50%",BT 20,2026-10-04,20.0,True,-4,lapsing,-135.27919,63.98148
YF04522,YK,"Don Pilsworth - 50%, Bruce Cairns - 50%",BT 22,2026-10-04,19.8,True,-4,lapsing,-135.28842,63.98082
YF04505,YK,"Don Pilsworth - 50%, Bruce Cairns - 50%",BT 5,2026-10-04,19.6,True,-4,lapsing,-135.21307,63.98188
YF04523,YK,"Don Pilsworth - 50%, Bruce Cairns - 50%",BT 23,2026-10-04,19.6,True,-4,lapsing,-135.25779,63.97464
YF04513,YK,"Don Pilsworth - 50%, Bruce Cairns - 50%",BT 13,2026-10-04,19.7,True,-4,lapsing,-135.25002,63.97932
YF04538,YK,"Don Pilsworth - 50%, Bruce Cairns - 50%",BT 38,2026-10-04,19.6,True,-4,lapsing,-135.1917,63.97504
YF04525,YK,"Don Pilsworth - 50%, Bruce Cairns - 50%",BT 25,2026-10-04,19.7,True,-4,lapsing,-135.23933,63.97592
YF04517,YK,"Don Pilsworth - 50%, Bruce Cairns - 50%",BT 17,2026-10-04,19.6,True,-4,lapsing,-135.26848,63.97804
YF04516,YK,"Don Pilsworth - 50%, Bruce Cairns - 50%",BT 16,2026-10-04,20.3,True,-4,lapsing,-135.26073,63.9828
YF04510,YK,"Don Pilsworth - 50%, Bruce Cairns - 50%",BT 10,2026-10-04,20.7,True,-4,lapsing,-135.23304,63.98475
YF04508,YK,"Don Pilsworth - 50%, Bruce Cairns - 50%",BT 8,2026-10-04,20.8,True,-4,lapsing,-135.2238,63.9854
YF04502,YK,"Don Pilsworth - 50%, Bruce Cairns - 50%",BT 2,2026-10-04,19.8,True,-4,lapsing,-135.19629,63.98788
YF04515,YK,"Don Pilsworth - 50%, Bruce Cairns - 50%",BT 15,2026-10-04,19.7,True,-4,lapsing,-135.25925,63.97868
YF04532,YK,"Don Pilsworth - 50%, Bruce Cairns - 50%",BT 32,2026-10-04,19.6,True,-4,lapsing,-135.21941,63.97314
YF04536,YK,"Don Pilsworth - 50%, Bruce Cairns - 50%",BT 36,2026-10-04,19.6,True,-4,lapsing,-135.20093,63.97441
YF04519,YK,"Don Pilsworth - 50%, Bruce Cairns - 50%",BT 19,2026-10-04,19.5,True,-4,lapsing,-135.27772,63.9774
YF04526,YK,"Don Pilsworth - 50%, Bruce Cairns - 50%",BT 26,2026-10-04,19.4,True,-4,lapsing,-135.23799,63.97218
YF04527,YK,"Don Pilsworth - 50%, Bruce Cairns - 50%",BT 27,2026-10-04,17.4,True,-4,lapsing,-135.17534,63.9807
YF04507,YK,"Don Pilsworth - 50%, Bruce Cairns - 50%",BT 7,2026-10-04,19.7,True,-4,lapsing,-135.22231,63.98124
YF04509,YK,"Don Pilsworth - 50%, Bruce Cairns - 50%",BT 9,2026-10-04,19.7,True,-4,lapsing,-135.23154,63.9806
YF04534,YK,"Don Pilsworth - 50%, Bruce Cairns - 50%",BT 34,2026-10-04,18.7,True,-4,lapsing,-135.21015,63.97373
YF04537,YK,"Don Pilsworth - 50%, Bruce Cairns - 50%",BT 37,2026-10-04,19.7,True,-4,lapsing,-135.19315,63.9791
YF04539,YK,"Don Pilsworth - 50%, Bruce Cairns - 50%",BT 39,2026-10-04,19.7,True,-4,lapsing,-135.18391,63.97973
YF04530,YK,"Don Pilsworth - 50%, Bruce Cairns - 50%",BT 30,2026-10-04,19.4,True,-4,lapsing,-135.2286,63.9725
YF04528,YK,"Don Pilsworth - 50%, Bruce Cairns - 50%",BT 28,2026-10-04,19.4,True,-4,lapsing,-135.18549,63.98413
YF04521,YK,"Don Pilsworth - 50%, Bruce Cairns - 50%",BT 21,2026-10-04,19.4,True,-4,lapsing,-135.28697,63.9768
YF04529,YK,"Don Pilsworth - 50%, Bruce Cairns - 50%",BT 29,2026-10-04,19.6,True,-4,lapsing,-135.23008,63.97656
YF04535,YK,"Don Pilsworth - 50%, Bruce Cairns - 50%",BT 35,2026-10-04,19.2,True,-4,lapsing,-135.20257,63.97897
YF04531,YK,"Don Pilsworth - 50%, Bruce Cairns - 50%",BT 31,2026-10-04,9.5,True,-4,lapsing,-135.21844,63.97879
YF04533,YK,"Don Pilsworth - 50%, Bruce Cairns - 50%",BT 33,2026-10-04,8.9,True,-4,lapsing,-135.21205,63.97902
YF06068,YK,Coccinella Mining Corp. - 100%,Nine 308,2026-10-05,19.6,True,-3,lapsing,-139.52684,63.86685
YF50310,YK,Coccinella Mining Corp. - 100%,Nine 140,2026-10-05,19.6,True,-3,lapsing,-139.41192,63.83525
YF50253,YK,Coccinella Mining Corp. - 100%,Nine 83,2026-10-05,19.6,True,-3,lapsing,-139.44102,63.86782
YF50234,YK,Coccinella Mining Corp. - 100%,Nine 64,2026-10-05,19.6,True,-3,lapsing,-139.37804,63.84316
YF50379,YK,Coccinella Mining Corp. - 100%,Nine 209,2026-10-05,19.6,True,-3,lapsing,-139.32971,63.80722
YF50281,YK,Coccinella Mining Corp. - 100%,Nine 111,2026-10-05,19.6,True,-3,lapsing,-139.35386,63.8252
YF06027,YK,Coccinella Mining Corp. - 100%,Nine 267,2026-10-05,19.6,True,-3,lapsing,-139.51727,63.89274
YF50319,YK,Coccinella Mining Corp. - 100%,NINE 149,2026-10-05,19.6,True,-3,lapsing,-139.37391,63.82277
YF50364,YK,Coccinella Mining Corp. - 100%,Nine 194,2026-10-05,19.6,True,-3,lapsing,-139.3822,63.80846
567546,BC,"PHILLIPS, CHRISTOPHER DAVID",,2026-10-05,36.9,False,-3,lapsing,-133.49606,59.65805
YF50395,YK,Coccinella Mining Corp. - 100%,Nine 225,2026-10-05,19.6,True,-3,lapsing,-139.33112,63.79566
YF50269,YK,Coccinella Mining Corp. - 100%,Nine 99,2026-10-05,19.6,True,-3,lapsing,-139.39118,63.84347
YF50240,YK,Coccinella Mining Corp. - 100%,Nine 70,2026-10-05,19.6,True,-3,lapsing,-139.35938,63.83403
YF06013,YK,Coccinella Mining Corp. - 100%,Nine 253,2026-10-05,19.6,True,-3,lapsing,-139.49719,63.89519
YF06051,YK,Coccinella Mining Corp. - 100%,Nine 291,2026-10-05,19.6,True,-3,lapsing,-139.50612,63.87509
YF50200,YK,Coccinella Mining Corp. - 100%,Nine 30,2026-10-05,19.6,True,-3,lapsing,-139.35799,63.8456
YF50192,YK,Coccinella Mining Corp. - 100%,Nine 22,2026-10-05,19.6,True,-3,lapsing,-139.38288,63.85778
YF50176,YK,Coccinella Mining Corp. - 100%,Nine 6,2026-10-05,19.6,True,-3,lapsing,-139.43274,63.88213
YF50382,YK,Coccinella Mining Corp. - 100%,Nine 212,2026-10-05,19.6,True,-3,lapsing,-139.34284,63.80754
YF50350,YK,Coccinella Mining Corp. - 100%,Nine 180,2026-10-05,19.6,True,-3,lapsing,-139.42574,63.82977
YF06031,YK,Coccinella Mining Corp. - 100%,Nine 271,2026-10-05,19.6,True,-3,lapsing,-139.50478,63.88666
YF06019,YK,Coccinella Mining Corp. - 100%,Nine 259,2026-10-05,19.6,True,-3,lapsing,-139.47845,63.88607
YF06044,YK,Coccinella Mining Corp. - 100%,Nine 284,2026-10-05,19.6,True,-3,lapsing,-139.53801,63.8845
YF50214,YK,Coccinella Mining Corp. - 100%,Nine 44,2026-10-05,19.7,True,-3,lapsing,-139.44033,63.8736
YF50345,YK,Coccinella Mining Corp. - 100%,Nine 175,2026-10-05,19.7,True,-3,lapsing,-139.43129,63.8386
YF50313,YK,Coccinella Mining Corp. - 100%,NINE 143,2026-10-05,19.7,True,-3,lapsing,-139.39256,63.8319
YF06020,YK,Coccinella Mining Corp. - 100%,Nine 260,2026-10-05,19.7,True,-3,lapsing,-139.48537,63.88332
YF50380,YK,Coccinella Mining Corp. - 100%,Nine 210,2026-10-05,19.7,True,-3,lapsing,-139.33592,63.81028
YF06081,YK,Coccinella Mining Corp. - 100%,Nine 321,2026-10-05,19.6,True,-3,lapsing,-139.55249,63.87322
YF06011,YK,Coccinella Mining Corp. - 100%,Nine 251,2026-10-05,19.6,True,-3,lapsing,-139.50344,63.89823
YF50381,YK,Coccinella Mining Corp. - 100%,Nine 211,2026-10-05,19.6,True,-3,lapsing,-139.33663,63.8045
YF50260,YK,Coccinella Mining Corp. - 100%,Nine 90,2026-10-05,19.6,True,-3,lapsing,-139.42924,63.85595
YF06053,YK,Coccinella Mining Corp. - 100%,Nine 293,2026-10-05,19.6,True,-3,lapsing,-139.49987,63.87205
YF50327,YK,Coccinella Mining Corp. - 100%,Nine 157,2026-10-05,19.6,True,-3,lapsing,-139.48739,63.86597
YF50190,YK,Coccinella Mining Corp. - 100%,Nine 20,2026-10-05,19.7,True,-3,lapsing,-139.3891,63.86082
YF06061,YK,Coccinella Mining Corp. - 100%,Nine 301,2026-10-05,19.7,True,-3,lapsing,-139.53867,63.87872
YF50355,YK,Coccinella Mining Corp. - 100%,Nine 185,2026-10-05,19.6,True,-3,lapsing,-139.40017,63.82338
YF50223,YK,Coccinella Mining Corp. - 100%,Nine 53,2026-10-05,19.6,True,-3,lapsing,-139.40226,63.86113
YF06056,YK,Coccinella Mining Corp. - 100%,Nine 296,2026-10-05,19.6,True,-3,lapsing,-139.56433,63.88508
YF06059,YK,Coccinella Mining Corp. - 100%,Nine 299,2026-10-05,19.6,True,-3,lapsing,-139.54492,63.88176
YF50206,YK,Coccinella Mining Corp. - 100%,Nine 36,2026-10-05,19.6,True,-3,lapsing,-139.33933,63.83646
YF50177,YK,Coccinella Mining Corp. - 100%,Nine 7,2026-10-05,19.6,True,-3,lapsing,-139.41953,63.8818
YF06017,YK,Coccinella Mining Corp. - 100%,Nine 257,2026-10-05,19.6,True,-3,lapsing,-139.4847,63.88911
YF06085,YK,Coccinella Mining Corp. - 100%,Nine 325,2026-10-05,19.7,True,-3,lapsing,-139.54,63.86714
YF50228,YK,Coccinella Mining Corp. - 100%,Nine 58,2026-10-05,19.6,True,-3,lapsing,-139.39672,63.8523
YF50402,YK,Coccinella Mining Corp. - 100%,Nine 232,2026-10-05,19.7,True,-3,lapsing,-139.50901,63.90706
YF50279,YK,Coccinella Mining Corp. - 100%,Nine 109,2026-10-05,19.7,True,-3,lapsing,-139.36008,63.82824
YF50406,YK,Coccinella Mining Corp. - 100%,Nine 236,2026-10-05,19.7,True,-3,lapsing,-139.49651,63.90098
YF06072,YK,Coccinella Mining Corp. - 100%,Nine 312,2026-10-05,19.7,True,-3,lapsing,-139.51436,63.86078
YF06050,YK,Coccinella Mining Corp. - 100%,Nine 290,2026-10-05,19.7,True,-3,lapsing,-139.51927,63.87538
YF50249,YK,Coccinella Mining Corp. - 100%,Nine 79,2026-10-05,19.7,True,-3,lapsing,-139.45349,63.8739
YF50198,YK,Coccinella Mining Corp. - 100%,Nine 28,2026-10-05,19.7,True,-3,lapsing,-139.36421,63.84864
YF50347,YK,Coccinella Mining Corp. - 100%,Nine 177,2026-10-05,19.7,True,-3,lapsing,-139.42506,63.83555
YF50278,YK,Coccinella Mining Corp. - 100%,Nine 108,2026-10-05,19.7,True,-3,lapsing,-139.37322,63.82856
YF50403,YK,Coccinella Mining Corp. - 100%,Nine 233,2026-10-05,19.6,True,-3,lapsing,-139.49585,63.90676
YF06077,YK,Coccinella Mining Corp. - 100%,Nine 317,2026-10-05,19.7,True,-3,lapsing,-139.56499,63.8793
YF50293,YK,Coccinella Mining Corp. - 100%,Nine 123,2026-10-05,19.7,True,-3,lapsing,-139.45485,63.86233
YF06043,YK,Coccinella Mining Corp. - 100%,Nine 283,2026-10-05,19.7,True,-3,lapsing,-139.5311,63.88724
YF06040,YK,Coccinella Mining Corp. - 100%,Nine 280,2026-10-05,19.7,True,-3,lapsing,-139.55051,63.89058
YF50337,YK,Coccinella Mining Corp. - 100%,Nine 167,2026-10-05,19.5,True,-3,lapsing,-139.4562,63.85076
YF06015,YK,Coccinella Mining Corp. - 100%,Nine 255,2026-10-05,19.6,True,-3,lapsing,-139.49094,63.89215
YF50285,YK,Coccinella Mining Corp. - 100%,Nine 115,2026-10-05,19.6,True,-3,lapsing,-139.4798,63.8745
YF50369,YK,Coccinella Mining Corp. - 100%,Nine 199,2026-10-05,19.7,True,-3,lapsing,-139.34905,63.81058
YF50341,YK,Coccinella Mining Corp. - 100%,Nine 171,2026-10-05,19.6,True,-3,lapsing,-139.44374,63.84468
YF50264,YK,Coccinella Mining Corp. - 100%,Nine 94,2026-10-05,19.7,True,-3,lapsing,-139.41678,63.84986
YF50318,YK,Coccinella Mining Corp. - 100%,NINE 148,2026-10-05,19.7,True,-3,lapsing,-139.38704,63.82308
YF50199,YK,Coccinella Mining Corp. - 100%,Nine 29,2026-10-05,19.6,True,-3,lapsing,-139.35107,63.84834
YF06069,YK,Coccinella Mining Corp. - 100%,Nine 309,2026-10-05,19.6,True,-3,lapsing,-139.51369,63.86656
YF50183,YK,Coccinella Mining Corp. - 100%,Nine 13,2026-10-05,19.6,True,-3,lapsing,-139.40082,63.87268
YF50184,YK,Coccinella Mining Corp. - 100%,Nine 14,2026-10-05,19.6,True,-3,lapsing,-139.4078,63.86996
YF50371,YK,Coccinella Mining Corp. - 100%,Nine 201,2026-10-05,19.6,True,-3,lapsing,-139.35596,63.80784
YF06035,YK,Coccinella Mining Corp. - 100%,Nine 275,2026-10-05,19.6,True,-3,lapsing,-139.49229,63.88058
YF06079,YK,Coccinella Mining Corp. - 100%,Nine 319,2026-10-05,19.7,True,-3,lapsing,-139.55874,63.87626
YF06030,YK,Coccinella Mining Corp. - 100%,Nine 270,2026-10-05,19.7,True,-3,lapsing,-139.51794,63.88696
YF50263,YK,Coccinella Mining Corp. - 100%,Nine 93,2026-10-05,19.7,True,-3,lapsing,-139.40986,63.8526
YF06028,YK,Coccinella Mining Corp. - 100%,Nine 268,2026-10-05,19.7,True,-3,lapsing,-139.52419,63.89
YF50361,YK,Coccinella Mining Corp. - 100%,Nine 191,2026-10-05,19.7,True,-3,lapsing,-139.38151,63.81424
YF50284,YK,Coccinella Mining Corp. - 100%,Nine 114,2026-10-05,19.7,True,-3,lapsing,-139.35456,63.81942
YF06042,YK,Coccinella Mining Corp. - 100%,Nine 282,2026-10-05,19.7,True,-3,lapsing,-139.54426,63.88754
YF06008,YK,Coccinella Mining Corp. - 100%,Nine 248,2026-10-05,19.6,True,-3,lapsing,-139.52286,63.90157
YF50370,YK,Coccinella Mining Corp. - 100%,Nine 200,2026-10-05,19.6,True,-3,lapsing,-139.35526,63.81364
YF50375,YK,Coccinella Mining Corp. - 100%,Nine 205,2026-10-05,19.6,True,-3,lapsing,-139.36978,63.80237
YF50305,YK,Coccinella Mining Corp. - 100%,Nine 135,2026-10-05,19.6,True,-3,lapsing,-139.41746,63.84408
YF50217,YK,Coccinella Mining Corp. - 100%,Nine 47,2026-10-05,19.6,True,-3,lapsing,-139.42095,63.87026
YF50270,YK,Coccinella Mining Corp. - 100%,Nine 100,2026-10-05,19.6,True,-3,lapsing,-139.3981,63.84073
YF06046,YK,Coccinella Mining Corp. - 100%,Nine 286,2026-10-05,19.6,True,-3,lapsing,-139.53176,63.88146
100345,NU,North Pole Mining Ltd. (100%),Buddy 6,2026-10-05,1436.5,True,-3,lapsing,-94.03206,79.42186
YF06084,YK,Coccinella Mining Corp. - 100%,Nine 324,2026-10-05,19.7,True,-3,lapsing,-139.5469,63.8644
YF50215,YK,Coccinella Mining Corp. - 100%,Nine 45,2026-10-05,19.7,True,-3,lapsing,-139.42718,63.8733
YF50213,YK,Coccinella Mining Corp. - 100%,Nine 43,2026-10-05,19.7,True,-3,lapsing,-139.43342,63.87635
YF50295,YK,Coccinella Mining Corp. - 100%,Nine 125,2026-10-05,19.6,True,-3,lapsing,-139.44862,63.85929
YF06078,YK,Coccinella Mining Corp. - 100%,Nine 318,2026-10-05,19.6,True,-3,lapsing,-139.56564,63.8735
YF50203,YK,Coccinella Mining Corp. - 100%,Nine 33,2026-10-05,19.7,True,-3,lapsing,-139.33863,63.84224
YF06002,YK,Coccinella Mining Corp. - 100%,Nine 242,2026-10-05,19.7,True,-3,lapsing,-139.47778,63.89185
YF06082,YK,Coccinella Mining Corp. - 100%,Nine 322,2026-10-05,19.7,True,-3,lapsing,-139.55315,63.86744
YF50307,YK,Coccinella Mining Corp. - 100%,Nine 137,2026-10-05,19.7,True,-3,lapsing,-139.41124,63.84104
YF50207,YK,Coccinella Mining Corp. - 100%,Nine 37,2026-10-05,19.7,True,-3,lapsing,-139.45213,63.88547
YF06060,YK,Coccinella Mining Corp. - 100%,Nine 300,2026-10-05,19.7,True,-3,lapsing,-139.55183,63.87901
YF06036,YK,Coccinella Mining Corp. - 100%,Nine 276,2026-10-05,19.7,True,-3,lapsing,-139.4992,63.87784
YF50246,YK,Coccinella Mining Corp. - 100%,Nine 76,2026-10-05,19.7,True,-3,lapsing,-139.47289,63.87724
YF50202,YK,Coccinella Mining Corp. - 100%,Nine 32,2026-10-05,19.7,True,-3,lapsing,-139.35177,63.84256
YF50352,YK,Coccinella Mining Corp. - 100%,Nine 182,2026-10-05,19.7,True,-3,lapsing,-139.41952,63.82672
YF06054,YK,Coccinella Mining Corp. - 100%,Nine 294,2026-10-05,19.7,True,-3,lapsing,-139.50678,63.8693
YF06045,YK,Coccinella Mining Corp. - 100%,Nine 285,2026-10-05,19.7,True,-3,lapsing,-139.52485,63.8842
YF50274,YK,Coccinella Mining Corp. - 100%,Nine 104,2026-10-05,19.7,True,-3,lapsing,-139.38565,63.83464
YF06062,YK,Coccinella Mining Corp. - 100%,Nine 302,2026-10-05,19.7,True,-3,lapsing,-139.54558,63.87596
YF50290,YK,Coccinella Mining Corp. - 100%,Nine 120,2026-10-05,19.7,True,-3,lapsing,-139.47423,63.86567
YF50221,YK,Coccinella Mining Corp. - 100%,Nine 51,2026-10-05,19.7,True,-3,lapsing,-139.40848,63.86418
YF50268,YK,Coccinella Mining Corp. - 100%,Nine 98,2026-10-05,19.7,True,-3,lapsing,-139.40432,63.84378
YF50367,YK,Coccinella Mining Corp. - 100%,Nine 197,2026-10-05,19.7,True,-3,lapsing,-139.34214,63.81332
YF50308,YK,Coccinella Mining Corp. - 100%,Nine 138,2026-10-05,19.7,True,-3,lapsing,-139.41815,63.8383
YF06065,YK,Coccinella Mining Corp. - 100%,Nine 305,2026-10-05,19.7,True,-3,lapsing,-139.52618,63.87264
YF50210,YK,Coccinella Mining Corp. - 100%,Nine 40,2026-10-05,19.6,True,-3,lapsing,-139.45281,63.87969
024195M,NL,Golden Ridge Resources Ltd.,"Greenwood Brook, Central NL",2026-10-05,200.6,False,-3,lapsing,-55.1176,48.70362
YF50261,YK,Coccinella Mining Corp. - 100%,Nine 91,2026-10-05,19.6,True,-3,lapsing,-139.41609,63.85565
YF50218,YK,Coccinella Mining Corp. - 100%,Nine 48,2026-10-05,19.6,True,-3,lapsing,-139.42787,63.86752
YF50194,YK,Coccinella Mining Corp. - 100%,Nine 24,2026-10-05,19.7,True,-3,lapsing,-139.37666,63.85474
YF50322,YK,Coccinella Mining Corp. - 100%,NINE 152,2026-10-05,19.7,True,-3,lapsing,-139.3746,63.81698
100342,NU,North Pole Mining Ltd. (100%),Buddy 3,2026-10-05,1575.4,True,-3,lapsing,-94.03206,79.46144
YF06012,YK,Coccinella Mining Corp. - 100%,Nine 252,2026-10-05,19.7,True,-3,lapsing,-139.51036,63.89548
YF06026,YK,Coccinella Mining Corp. - 100%,Nine 266,2026-10-05,19.6,True,-3,lapsing,-139.53044,63.89303
YF50238,YK,Coccinella Mining Corp. - 100%,Nine 68,2026-10-05,19.7,True,-3,lapsing,-139.3656,63.83708
YF50404,YK,Coccinella Mining Corp. - 100%,Nine 234,2026-10-05,19.7,True,-3,lapsing,-139.50277,63.90402
YF06032,YK,Coccinella Mining Corp. - 100%,Nine 272,2026-10-05,19.7,True,-3,lapsing,-139.51169,63.88392
YF50286,YK,Coccinella Mining Corp. - 100%,Nine 116,2026-10-05,19.7,True,-3,lapsing,-139.48672,63.87175
YF50189,YK,Coccinella Mining Corp. - 100%,Nine 19,2026-10-05,19.7,True,-3,lapsing,-139.38212,63.86354
YF50230,YK,Coccinella Mining Corp. - 100%,Nine 60,2026-10-05,19.7,True,-3,lapsing,-139.39049,63.84926
YF50233,YK,Coccinella Mining Corp. - 100%,Nine 63,2026-10-05,19.7,True,-3,lapsing,-139.37113,63.8459
YF50399,YK,Coccinella Mining Corp. - 100%,Nine 229,2026-10-05,19.7,True,-3,lapsing,-139.34494,63.79018
YF50342,YK,Coccinella Mining Corp. - 100%,Nine 172,2026-10-05,19.6,True,-3,lapsing,-139.45065,63.84194
YF06001,YK,Coccinella Mining Corp. - 100%,Nine 241,2026-10-05,19.3,True,-3,lapsing,-139.47086,63.8946
YF50205,YK,Coccinella Mining Corp. - 100%,Nine 35,2026-10-05,19.3,True,-3,lapsing,-139.33247,63.83869
YF50243,YK,Coccinella Mining Corp. - 100%,Nine 73,2026-10-05,19.3,True,-3,lapsing,-139.34694,63.82794
YF06004,YK,Coccinella Mining Corp. - 100%,Nine 244,2026-10-05,19.6,True,-3,lapsing,-139.47153,63.88881
YF50204,YK,Coccinella Mining Corp. - 100%,Nine 34,2026-10-05,19.6,True,-3,lapsing,-139.34555,63.8395
YF50359,YK,Coccinella Mining Corp. - 100%,Nine 189,2026-10-05,19.6,True,-3,lapsing,-139.38773,63.81729
YF50356,YK,Coccinella Mining Corp. - 100%,Nine 186,2026-10-05,19.6,True,-3,lapsing,-139.40707,63.82064
YF50303,YK,Coccinella Mining Corp. - 100%,Nine 133,2026-10-05,19.6,True,-3,lapsing,-139.42369,63.84712
YF50277,YK,Coccinella Mining Corp. - 100%,Nine 107,2026-10-05,19.6,True,-3,lapsing,-139.3663,63.8313
YF50340,YK,Coccinella Mining Corp. - 100%,Nine 170,2026-10-05,19.6,True,-3,lapsing,-139.45689,63.84498
YF50338,YK,Coccinella Mining Corp. - 100%,Nine 168,2026-10-05,19.4,True,-3,lapsing,-139.4632,63.84799
YF50180,YK,Coccinella Mining Corp. - 100%,Nine 10,2026-10-05,19.7,True,-3,lapsing,-139.42026,63.87604
YF50301,YK,Coccinella Mining Corp. - 100%,Nine 131,2026-10-05,19.7,True,-3,lapsing,-139.42992,63.85016
YF50328,YK,Coccinella Mining Corp. - 100%,Nine 158,2026-10-05,19.7,True,-3,lapsing,-139.4943,63.86322
YF50300,YK,Coccinella Mining Corp. - 100%,Nine 130,2026-10-05,19.7,True,-3,lapsing,-139.44307,63.85047
YF50242,YK,Coccinella Mining Corp. - 100%,Nine 72,2026-10-05,19.7,True,-3,lapsing,-139.35316,63.83098
YF50339,YK,Coccinella Mining Corp. - 100%,Nine 169,2026-10-05,19.7,True,-3,lapsing,-139.44997,63.84772
YF50267,YK,Coccinella Mining Corp. - 100%,Nine 97,2026-10-05,19.7,True,-3,lapsing,-139.39741,63.84652
YF50374,YK,Coccinella Mining Corp. - 100%,Nine 204,2026-10-05,19.7,True,-3,lapsing,-139.36908,63.80816
YF50334,YK,Coccinella Mining Corp. - 100%,Nine 164,2026-10-05,19.7,True,-3,lapsing,-139.47558,63.8541
YF50312,YK,Coccinella Mining Corp. - 100%,Nine 142,2026-10-05,19.7,True,-3,lapsing,-139.4057,63.83221
YF06037,YK,Coccinella Mining Corp. - 100%,Nine 277,2026-10-05,19.6,True,-3,lapsing,-139.48604,63.87754
YF50220,YK,Coccinella Mining Corp. - 100%,Nine 50,2026-10-05,19.7,True,-3,lapsing,-139.42164,63.86448
YF50332,YK,Coccinella Mining Corp. - 100%,Nine 162,2026-10-05,19.7,True,-3,lapsing,-139.48183,63.85714
YF06038,YK,Coccinella Mining Corp. - 100%,Nine 278,2026-10-05,19.7,True,-3,lapsing,-139.49296,63.8748
YF50222,YK,Coccinella Mining Corp. - 100%,Nine 52,2026-10-05,19.7,True,-3,lapsing,-139.4154,63.86143
YF06022,YK,Coccinella Mining Corp. - 100%,Nine 262,2026-10-05,19.7,True,-3,lapsing,-139.47913,63.88028
YF50262,YK,Coccinella Mining Corp. - 100%,Nine 92,2026-10-05,19.7,True,-3,lapsing,-139.42301,63.85291
YF06047,YK,Coccinella Mining Corp. - 100%,Nine 287,2026-10-05,19.6,True,-3,lapsing,-139.5186,63.88116
YF50354,YK,Coccinella Mining Corp. - 100%,Nine 184,2026-10-05,19.6,True,-3,lapsing,-139.4133,63.82368
YF50378,YK,Coccinella Mining Corp. - 100%,Nine 208,2026-10-05,19.4,True,-3,lapsing,-139.32901,63.81302
YF50195,YK,Coccinella Mining Corp. - 100%,Nine 25,2026-10-05,19.6,True,-3,lapsing,-139.36351,63.85443
YF50331,YK,Coccinella Mining Corp. - 100%,Nine 161,2026-10-05,19.6,True,-3,lapsing,-139.47506,63.85996
YF06049,YK,Coccinella Mining Corp. - 100%,Nine 289,2026-10-05,19.6,True,-3,lapsing,-139.51236,63.87813
YF50394,YK,Coccinella Mining Corp. - 100%,Nine 224,2026-10-05,19.7,True,-3,lapsing,-139.33042,63.80144
YF50384,YK,Coccinella Mining Corp. - 100%,Nine 214,2026-10-05,19.6,True,-3,lapsing,-139.34975,63.8048
YF50227,YK,Coccinella Mining Corp. - 100%,Nine 57,2026-10-05,19.6,True,-3,lapsing,-139.3898,63.85504
YF50219,YK,Coccinella Mining Corp. - 100%,Nine 49,2026-10-05,19.6,True,-3,lapsing,-139.41472,63.86722
YF50208,YK,Coccinella Mining Corp. - 100%,Nine 38,2026-10-05,19.6,True,-3,lapsing,-139.45905,63.88273
YF50209,YK,Coccinella Mining Corp. - 100%,Nine 39,2026-10-05,19.6,True,-3,lapsing,-139.44589,63.88243
YF50393,YK,Coccinella Mining Corp. - 100%,Nine 223,2026-10-05,19.6,True,-3,lapsing,-139.32421,63.7984
YF50283,YK,Coccinella Mining Corp. - 100%,Nine 113,2026-10-05,19.4,True,-3,lapsing,-139.34772,63.82164
YF50174,YK,Coccinella Mining Corp. - 100%,Nine 4,2026-10-05,19.7,True,-3,lapsing,-139.43897,63.88517
YF50330,YK,Coccinella Mining Corp. - 100%,Nine 160,2026-10-05,19.7,True,-3,lapsing,-139.48806,63.86018
YF50226,YK,Coccinella Mining Corp. - 100%,Nine 56,2026-10-05,19.7,True,-3,lapsing,-139.40294,63.85534
YF50386,YK,Coccinella Mining Corp. - 100%,Nine 216,2026-10-05,19.7,True,-3,lapsing,-139.35666,63.80206
YF50172,YK,Coccinella Mining Corp. - 100%,Nine 2,2026-10-05,19.7,True,-3,lapsing,-139.44521,63.88822
YF50256,YK,Coccinella Mining Corp. - 100%,Nine 86,2026-10-05,19.7,True,-3,lapsing,-139.4417,63.86203
YF50247,YK,Coccinella Mining Corp. - 100%,Nine 77,2026-10-05,19.7,True,-3,lapsing,-139.45973,63.87695
YF50383,YK,Coccinella Mining Corp. - 100%,Nine 213,2026-10-05,19.7,True,-3,lapsing,-139.34354,63.80176
YF50377,YK,Coccinella Mining Corp. - 100%,Nine 207,2026-10-05,19.7,True,-3,lapsing,-139.3228,63.80996
YF50291,YK,Coccinella Mining Corp. - 100%,Nine 121,2026-10-05,19.7,True,-3,lapsing,-139.46109,63.86538
YF50241,YK,Coccinella Mining Corp. - 100%,Nine 71,2026-10-05,19.7,True,-3,lapsing,-139.34625,63.83372
YF50225,YK,Coccinella Mining Corp. - 100%,Nine 55,2026-10-05,19.7,True,-3,lapsing,-139.39602,63.85808
YF50362,YK,Coccinella Mining Corp. - 100%,Nine 192,2026-10-05,19.7,True,-3,lapsing,-139.38842,63.8115
YF50245,YK,Coccinella Mining Corp. - 100%,Nine 75,2026-10-05,19.7,True,-3,lapsing,-139.46597,63.87999
YF50181,YK,Coccinella Mining Corp. - 100%,Nine 11,2026-10-05,19.7,True,-3,lapsing,-139.40706,63.87572
YF50321,YK,Coccinella Mining Corp. - 100%,NINE 151,2026-10-05,19.7,True,-3,lapsing,-139.36769,63.81972
YF50182,YK,Coccinella Mining Corp. - 100%,Nine 12,2026-10-05,19.6,True,-3,lapsing,-139.41403,63.873
YF50299,YK,Coccinella Mining Corp. - 100%,Nine 129,2026-10-05,19.6,True,-3,lapsing,-139.43615,63.85321
YF50405,YK,Coccinella Mining Corp. - 100%,Nine 235,2026-10-05,19.6,True,-3,lapsing,-139.4896,63.90372
YF50236,YK,Coccinella Mining Corp. - 100%,Nine 66,2026-10-05,19.6,True,-3,lapsing,-139.37182,63.84012
YF50298,YK,Coccinella Mining Corp. - 100%,Nine 128,2026-10-05,19.6,True,-3,lapsing,-139.4493,63.85351
YF06087,YK,Coccinella Mining Corp. - 100%,Nine 327,2026-10-05,19.7,True,-3,lapsing,-139.53375,63.8641
YF50266,YK,Coccinella Mining Corp. - 100%,Nine 96,2026-10-05,19.6,True,-3,lapsing,-139.41055,63.84682
YF50296,YK,Coccinella Mining Corp. - 100%,Nine 126,2026-10-05,19.6,True,-3,lapsing,-139.45553,63.85655
YF50187,YK,Coccinella Mining Corp. - 100%,Nine 17,2026-10-05,19.6,True,-3,lapsing,-139.38836,63.86658
YF50288,YK,Coccinella Mining Corp. - 100%,Nine 118,2026-10-05,19.7,True,-3,lapsing,-139.48048,63.86871
YF50387,YK,Coccinella Mining Corp. - 100%,Nine 217,2026-10-05,19.6,True,-3,lapsing,-139.35735,63.79628
YF50297,YK,Coccinella Mining Corp. - 100%,Nine 127,2026-10-05,19.6,True,-3,lapsing,-139.44238,63.85625
YF06074,YK,Coccinella Mining Corp. - 100%,Nine 314,2026-10-05,19.6,True,-3,lapsing,-139.57815,63.87958
YF50171,YK,Coccinella Mining Corp. - 100%,Nine 1,2026-10-05,19.6,True,-3,lapsing,-139.43829,63.89096
YF50178,YK,Coccinella Mining Corp. - 100%,Nine 8,2026-10-05,19.6,True,-3,lapsing,-139.4265,63.87909
YF06010,YK,Coccinella Mining Corp. - 100%,Nine 250,2026-10-05,19.7,True,-3,lapsing,-139.51661,63.89853
YF50235,YK,Coccinella Mining Corp. - 100%,Nine 65,2026-10-05,19.6,True,-3,lapsing,-139.36491,63.84286
YF06023,YK,Coccinella Mining Corp. - 100%,Nine 263,2026-10-05,19.7,True,-3,lapsing,-139.52977,63.89882
YF06025,YK,Coccinella Mining Corp. - 100%,Nine 265,2026-10-05,19.7,True,-3,lapsing,-139.52352,63.89578
YF50408,YK,Coccinella Mining Corp. - 100%,Nine 238,2026-10-05,19.7,True,-3,lapsing,-139.49027,63.89794
YF50317,YK,Coccinella Mining Corp. - 100%,NINE 147,2026-10-05,19.7,True,-3,lapsing,-139.38012,63.82582
YF06067,YK,Coccinella Mining Corp. - 100%,Nine 307,2026-10-05,19.7,True,-3,lapsing,-139.51994,63.8696
YF50397,YK,Coccinella Mining Corp. - 100%,Nine 227,2026-10-05,19.7,True,-3,lapsing,-139.33803,63.79292
YF06018,YK,Coccinella Mining Corp. - 100%,Nine 258,2026-10-05,19.7,True,-3,lapsing,-139.49161,63.88636
YF50410,YK,Coccinella Mining Corp. - 100%,Nine 240,2026-10-05,19.7,True,-3,lapsing,-139.48403,63.8949
YF50326,YK,Coccinella Mining Corp. - 100%,Nine 156,2026-10-05,19.7,True,-3,lapsing,-139.50054,63.86626
YF50329,YK,Coccinella Mining Corp. - 100%,Nine 159,2026-10-05,19.6,True,-3,lapsing,-139.48115,63.86293
YF50309,YK,Coccinella Mining Corp. - 100%,Nine 139,2026-10-05,19.6,True,-3,lapsing,-139.40501,63.83799
YF06007,YK,Coccinella Mining Corp. - 100%,Nine 247,2026-10-05,19.6,True,-3,lapsing,-139.51593,63.9043
YF50389,YK,Coccinella Mining Corp. - 100%,Nine 219,2026-10-05,19.6,True,-3,lapsing,-139.31039,63.80388
YF50398,YK,Coccinella Mining Corp. - 100%,Nine 228,2026-10-05,19.6,True,-3,lapsing,-139.34424,63.79597
YF50400,YK,Coccinella Mining Corp. - 100%,Nine 230,2026-10-05,19.6,True,-3,lapsing,-139.35115,63.79324
YF50232,YK,Coccinella Mining Corp. - 100%,Nine 62,2026-10-05,19.6,True,-3,lapsing,-139.38427,63.84621
YF50216,YK,Coccinella Mining Corp. - 100%,Nine 46,2026-10-05,19.6,True,-3,lapsing,-139.4341,63.87056
YF06083,YK,Coccinella Mining Corp. - 100%,Nine 323,2026-10-05,19.6,True,-3,lapsing,-139.54625,63.87019
YF50292,YK,Coccinella Mining Corp. - 100%,Nine 122,2026-10-05,19.6,True,-3,lapsing,-139.468,63.86263
YF50265,YK,Coccinella Mining Corp. - 100%,Nine 95,2026-10-05,19.6,True,-3,lapsing,-139.40364,63.84956
YF50401,YK,Coccinella Mining Corp. - 100%,Nine 231,2026-10-05,19.6,True,-3,lapsing,-139.5021,63.9098
YF50188,YK,Coccinella Mining Corp. - 100%,Nine 18,2026-10-05,19.6,True,-3,lapsing,-139.39533,63.86387
YF50272,YK,Coccinella Mining Corp. - 100%,Nine 102,2026-10-05,19.6,True,-3,lapsing,-139.39187,63.83769
YF50231,YK,Coccinella Mining Corp. - 100%,Nine 61,2026-10-05,19.6,True,-3,lapsing,-139.37735,63.84895
YF50280,YK,Coccinella Mining Corp. - 100%,Nine 110,2026-10-05,19.6,True,-3,lapsing,-139.36699,63.8255
YF50315,YK,Coccinella Mining Corp. - 100%,NINE 145,2026-10-05,19.6,True,-3,lapsing,-139.38634,63.82886
YF06005,YK,Coccinella Mining Corp. - 100%,Nine 245,2026-10-05,19.7,True,-3,lapsing,-139.45837,63.88852
YF06055,YK,Coccinella Mining Corp. - 100%,Nine 295,2026-10-05,19.7,True,-3,lapsing,-139.55742,63.88783
YF06014,YK,Coccinella Mining Corp. - 100%,Nine 254,2026-10-05,19.7,True,-3,lapsing,-139.5041,63.89244
YF50254,YK,Coccinella Mining Corp. - 100%,Nine 84,2026-10-05,19.7,True,-3,lapsing,-139.44794,63.86508
YF50358,YK,Coccinella Mining Corp. - 100%,Nine 188,2026-10-05,19.7,True,-3,lapsing,-139.40086,63.8176
YF50275,YK,Coccinella Mining Corp. - 100%,Nine 105,2026-10-05,19.6,True,-3,lapsing,-139.37252,63.83434
YF50191,YK,Coccinella Mining Corp. - 100%,Nine 21,2026-10-05,19.6,True,-3,lapsing,-139.37591,63.8605
YF06076,YK,Coccinella Mining Corp. - 100%,Nine 316,2026-10-05,19.6,True,-3,lapsing,-139.5719,63.87654
YF50287,YK,Coccinella Mining Corp. - 100%,Nine 117,2026-10-05,19.6,True,-3,lapsing,-139.47356,63.87146
YF06064,YK,Coccinella Mining Corp. - 100%,Nine 304,2026-10-05,19.6,True,-3,lapsing,-139.53933,63.87292
YF06029,YK,Coccinella Mining Corp. - 100%,Nine 269,2026-10-05,19.6,True,-3,lapsing,-139.51102,63.8897
YF06075,YK,Coccinella Mining Corp. - 100%,Nine 315,2026-10-05,19.6,True,-3,lapsing,-139.57124,63.88233
YF50335,YK,Coccinella Mining Corp. - 100%,Nine 165,2026-10-05,19.6,True,-3,lapsing,-139.46244,63.8538
YF06071,YK,Coccinella Mining Corp. - 100%,Nine 311,2026-10-05,19.6,True,-3,lapsing,-139.50745,63.86352
100343,NU,North Pole Mining Ltd. (100%),Buddy 4,2026-10-05,1396.3,True,-3,lapsing,-94.25083,79.41566
YF06058,YK,Coccinella Mining Corp. - 100%,Nine 298,2026-10-05,19.6,True,-3,lapsing,-139.55808,63.88205
YF50255,YK,Coccinella Mining Corp. - 100%,Nine 85,2026-10-05,19.7,True,-3,lapsing,-139.43479,63.86478
YF50175,YK,Coccinella Mining Corp. - 100%,Nine 5,2026-10-05,19.7,True,-3,lapsing,-139.42581,63.88487
YF50333,YK,Coccinella Mining Corp. - 100%,Nine 163,2026-10-05,19.7,True,-3,lapsing,-139.46868,63.85685
YF50196,YK,Coccinella Mining Corp. - 100%,Nine 26,2026-10-05,19.6,True,-3,lapsing,-139.37043,63.85169
YF06033,YK,Coccinella Mining Corp. - 100%,Nine 273,2026-10-05,19.6,True,-3,lapsing,-139.49853,63.88362
YF50392,YK,Coccinella Mining Corp. - 100%,Nine 222,2026-10-05,19.6,True,-3,lapsing,-139.32351,63.80418
100340,NU,North Pole Mining Ltd. (100%),Buddy 1,2026-10-05,1576.1,True,-3,lapsing,-94.26126,79.46358
YF50259,YK,Coccinella Mining Corp. - 100%,Nine 89,2026-10-05,19.6,True,-3,lapsing,-139.42232,63.85869
YF50343,YK,Coccinella Mining Corp. - 100%,Nine 173,2026-10-05,19.6,True,-3,lapsing,-139.43751,63.84164
YF50316,YK,Coccinella Mining Corp. - 100%,NINE 146,2026-10-05,19.6,True,-3,lapsing,-139.39326,63.82612
YF50252,YK,Coccinella Mining Corp. - 100%,Nine 82,2026-10-05,19.6,True,-3,lapsing,-139.45417,63.86812
YF50201,YK,Coccinella Mining Corp. - 100%,Nine 31,2026-10-05,19.6,True,-3,lapsing,-139.34485,63.8453
YF50348,YK,Coccinella Mining Corp. - 100%,Nine 178,2026-10-05,19.6,True,-3,lapsing,-139.43197,63.83281
YF50349,YK,Coccinella Mining Corp. - 100%,Nine 179,2026-10-05,19.6,True,-3,lapsing,-139.41884,63.83251
YF50211,YK,Coccinella Mining Corp. - 100%,Nine 41,2026-10-05,19.6,True,-3,lapsing,-139.43966,63.87939
YF50282,YK,Coccinella Mining Corp. - 100%,Nine 112,2026-10-05,19.6,True,-3,lapsing,-139.36078,63.82246
YF06009,YK,Coccinella Mining Corp. - 100%,Nine 249,2026-10-05,19.6,True,-3,lapsing,-139.50968,63.90127
YF50325,YK,Coccinella Mining Corp. - 100%,Nine 155,2026-10-05,19.6,True,-3,lapsing,-139.49363,63.86901
YF06057,YK,Coccinella Mining Corp. - 100%,Nine 297,2026-10-05,19.6,True,-3,lapsing,-139.55117,63.88478
YF50306,YK,Coccinella Mining Corp. - 100%,Nine 136,2026-10-05,19.6,True,-3,lapsing,-139.42438,63.84134
YF06024,YK,Coccinella Mining Corp. - 100%,Nine 264,2026-10-05,19.6,True,-3,lapsing,-139.53668,63.89606
YF50353,YK,Coccinella Mining Corp. - 100%,Nine 183,2026-10-05,19.6,True,-3,lapsing,-139.40638,63.82642
YF50396,YK,Coccinella Mining Corp. - 100%,Nine 226,2026-10-05,19.6,True,-3,lapsing,-139.33733,63.7987
YF50323,YK,Coccinella Mining Corp. - 100%,Nine 153,2026-10-05,19.6,True,-3,lapsing,-139.36147,63.81668
YF50360,YK,Coccinella Mining Corp. - 100%,Nine 190,2026-10-05,19.6,True,-3,lapsing,-139.39464,63.81455
YF50304,YK,Coccinella Mining Corp. - 100%,Nine 134,2026-10-05,19.6,True,-3,lapsing,-139.4306,63.84438
YF50320,YK,Coccinella Mining Corp. - 100%,NINE 150,2026-10-05,19.6,True,-3,lapsing,-139.38082,63.82003
YF50390,YK,Coccinella Mining Corp. - 100%,Nine 220,2026-10-05,19.6,True,-3,lapsing,-139.31659,63.80692
YF50271,YK,Coccinella Mining Corp. - 100%,Nine 101,2026-10-05,19.6,True,-3,lapsing,-139.38496,63.84043
YF06063,YK,Coccinella Mining Corp. - 100%,Nine 303,2026-10-05,19.7,True,-3,lapsing,-139.53242,63.87568
YF50289,YK,Coccinella Mining Corp. - 100%,Nine 119,2026-10-05,19.7,True,-3,lapsing,-139.46733,63.86842
YF06070,YK,Coccinella Mining Corp. - 100%,Nine 310,2026-10-05,19.6,True,-3,lapsing,-139.5206,63.86382
YF06016,YK,Coccinella Mining Corp. - 100%,Nine 256,2026-10-05,19.7,True,-3,lapsing,-139.49786,63.8894
YF50273,YK,Coccinella Mining Corp. - 100%,Nine 103,2026-10-05,19.7,True,-3,lapsing,-139.37874,63.83738
YF50409,YK,Coccinella Mining Corp. - 100%,Nine 239,2026-10-05,19.3,True,-3,lapsing,-139.4771,63.89764
YF06003,YK,Coccinella Mining Corp. - 100%,Nine 243,2026-10-05,19.3,True,-3,lapsing,-139.46461,63.89156
YF50407,YK,Coccinella Mining Corp. - 100%,Nine 237,2026-10-05,19.3,True,-3,lapsing,-139.48335,63.90068
YF06039,YK,Coccinella Mining Corp. - 100%,Nine 279,2026-10-05,19.3,True,-3,lapsing,-139.5436,63.89332
YF06088,YK,Coccinella Mining Corp. - 100%,Nine 328,2026-10-05,19.2,True,-3,lapsing,-139.52749,63.86258
YF50244,YK,Coccinella Mining Corp. - 100%,Nine 74,2026-10-05,15.6,True,-3,lapsing,-139.34196,63.82366
YF50224,YK,Coccinella Mining Corp. - 100%,Nine 54,2026-10-05,19.6,True,-3,lapsing,-139.40918,63.85839
YF50324,YK,Coccinella Mining Corp. - 100%,Nine 154,2026-10-05,19.6,True,-3,lapsing,-139.36839,63.81394
YF50351,YK,Coccinella Mining Corp. - 100%,Nine 181,2026-10-05,19.7,True,-3,lapsing,-139.41261,63.82946
YF50363,YK,Coccinella Mining Corp. - 100%,Nine 193,2026-10-05,19.6,True,-3,lapsing,-139.3753,63.8112
YF50311,YK,Coccinella Mining Corp. - 100%,Nine 141,2026-10-05,19.6,True,-3,lapsing,-139.39879,63.83495
YF50294,YK,Coccinella Mining Corp. - 100%,Nine 124,2026-10-05,19.6,True,-3,lapsing,-139.46176,63.85959
YF50179,YK,Coccinella Mining Corp. - 100%,Nine 9,2026-10-05,19.7,True,-3,lapsing,-139.41328,63.87876
YF50186,YK,Coccinella Mining Corp. - 100%,Nine 16,2026-10-05,19.7,True,-3,lapsing,-139.40156,63.86692
YF50239,YK,Coccinella Mining Corp. - 100%,Nine 69,2026-10-05,19.6,True,-3,lapsing,-139.35247,63.83677
YF06066,YK,Coccinella Mining Corp. - 100%,Nine 306,2026-10-05,19.6,True,-3,lapsing,-139.53309,63.86989
YF06048,YK,Coccinella Mining Corp. - 100%,Nine 288,2026-10-05,19.6,True,-3,lapsing,-139.52552,63.87842
YF50276,YK,Coccinella Mining Corp. - 100%,Nine 106,2026-10-05,19.6,True,-3,lapsing,-139.37944,63.8316
YF06021,YK,Coccinella Mining Corp. - 100%,Nine 261,2026-10-05,19.6,True,-3,lapsing,-139.47221,63.88303
YF06080,YK,Coccinella Mining Corp. - 100%,Nine 320,2026-10-05,19.6,True,-3,lapsing,-139.5594,63.87047
YF50388,YK,Coccinella Mining Corp. - 100%,Nine 218,2026-10-05,19.7,True,-3,lapsing,-139.36356,63.79932
YF06041,YK,Coccinella Mining Corp. - 100%,Nine 281,2026-10-05,19.7,True,-3,lapsing,-139.53735,63.89029
YF50185,YK,Coccinella Mining Corp. - 100%,Nine 15,2026-10-05,19.7,True,-3,lapsing,-139.39458,63.86962
YF50372,YK,Coccinella Mining Corp. - 100%,Nine 202,2026-10-05,19.7,True,-3,lapsing,-139.36217,63.8109
YF06034,YK,Coccinella Mining Corp. - 100%,Nine 274,2026-10-05,19.7,True,-3,lapsing,-139.50544,63.88088
YF06052,YK,Coccinella Mining Corp. - 100%,Nine 292,2026-10-05,19.7,True,-3,lapsing,-139.51302,63.87234
YF50385,YK,Coccinella Mining Corp. - 100%,Nine 215,2026-10-05,19.7,True,-3,lapsing,-139.35045,63.79902
YF50197,YK,Coccinella Mining Corp. - 100%,Nine 27,2026-10-05,19.7,True,-3,lapsing,-139.35729,63.85138
YF50336,YK,Coccinella Mining Corp. - 100%,Nine 166,2026-10-05,19.6,True,-3,lapsing,-139.46935,63.85106
YF06073,YK,Coccinella Mining Corp. - 100%,Nine 313,2026-10-05,19.6,True,-3,lapsing,-139.5012,63.86048
YF50229,YK,Coccinella Mining Corp. - 100%,Nine 59,2026-10-05,19.7,True,-3,lapsing,-139.38358,63.852
YF50250,YK,Coccinella Mining Corp. - 100%,Nine 80,2026-10-05,19.6,True,-3,lapsing,-139.46041,63.87116
YF06006,YK,Coccinella Mining Corp. - 100%,Nine 246,2026-10-05,19.6,True,-3,lapsing,-139.46529,63.88577
YF50302,YK,Coccinella Mining Corp. - 100%,Nine 132,2026-10-05,19.7,True,-3,lapsing,-139.43683,63.84742
YF50376,YK,Coccinella Mining Corp. - 100%,Nine 206,2026-10-05,19.7,True,-3,lapsing,-139.37599,63.80542
YF50257,YK,Coccinella Mining Corp. - 100%,Nine 87,2026-10-05,19.7,True,-3,lapsing,-139.42855,63.86173
YF50368,YK,Coccinella Mining Corp. - 100%,Nine 198,2026-10-05,19.6,True,-3,lapsing,-139.34835,63.81637
YF50258,YK,Coccinella Mining Corp. - 100%,Nine 88,2026-10-05,19.6,True,-3,lapsing,-139.43547,63.85899
YF50251,YK,Coccinella Mining Corp. - 100%,Nine 81,2026-10-05,19.6,True,-3,lapsing,-139.44725,63.87086
YF50248,YK,Coccinella Mining Corp. - 100%,Nine 78,2026-10-05,19.6,True,-3,lapsing,-139.46665,63.8742
YF50173,YK,Coccinella Mining Corp. - 100%,Nine 3,2026-10-05,19.7,True,-3,lapsing,-139.43205,63.88792
YF50237,YK,Coccinella Mining Corp. - 100%,Nine 67,2026-10-05,19.7,True,-3,lapsing,-139.35868,63.83982
YF50346,YK,Coccinella Mining Corp. - 100%,Nine 176,2026-10-05,19.7,True,-3,lapsing,-139.4382,63.83585
YF50357,YK,Coccinella Mining Corp. - 100%,Nine 187,2026-10-05,19.7,True,-3,lapsing,-139.39394,63.82034
YF50193,YK,Coccinella Mining Corp. - 100%,Nine 23,2026-10-05,19.7,True,-3,lapsing,-139.36974,63.85748
YF50391,YK,Coccinella Mining Corp. - 100%,Nine 221,2026-10-05,19.7,True,-3,lapsing,-139.3173,63.80114
YF50212,YK,Coccinella Mining Corp. - 100%,Nine 42,2026-10-05,19.7,True,-3,lapsing,-139.44658,63.87665
YF50314,YK,Coccinella Mining Corp. - 100%,NINE 144,2026-10-05,19.7,True,-3,lapsing,-139.39947,63.82916
YF50344,YK,Coccinella Mining Corp. - 100%,Nine 174,2026-10-05,19.7,True,-3,lapsing,-139.44443,63.8389
YF50373,YK,Coccinella Mining Corp. - 100%,Nine 203,2026-10-05,19.6,True,-3,lapsing,-139.36287,63.80511
YF50365,YK,Coccinella Mining Corp. - 100%,Nine 195,2026-10-05,15.7,True,-3,lapsing,-139.33526,63.81443
YF06086,YK,Coccinella Mining Corp. - 100%,Nine 326,2026-10-05,16.6,True,-3,lapsing,-139.54064,63.86288
YF50366,YK,Coccinella Mining Corp. - 100%,Nine 196,2026-10-05,11.1,True,-3,lapsing,-139.34292,63.81867
MC00003816,SK,CANALASKA URANIUM LTD.: 100.000%,,2026-10-07,247.7,False,-1,lapsing,-108.5249,58.88248
MC00003821,SK,CANALASKA URANIUM LTD.: 100.000%,,2026-10-07,251.0,False,-1,lapsing,-108.479,58.7299
MC00003813,SK,CANALASKA URANIUM LTD.: 100.000%,,2026-10-07,1410.4,False,-1,lapsing,-108.8382,58.7281
YF99302,YK,Chris Arsenault - 100%,MTA 16,2026-10-07,19.6,True,-1,lapsing,-135.16647,60.2122
YF99298,YK,Chris Arsenault - 100%,MTA 2,2026-10-07,6.4,True,-1,lapsing,-135.14474,60.20176
MC00003817,SK,CANALASKA URANIUM LTD.: 100.000%,,2026-10-07,172.6,False,-1,lapsing,-108.51064,58.9262
MC00003825,SK,CANALASKA URANIUM LTD.: 100.000%,,2026-10-07,283.4,False,-1,lapsing,-109.01066,58.65531
YF99300,YK,Chris Arsenault - 100%,MTA 14,2026-10-07,13.3,True,-1,lapsing,-135.14218,60.21194
YF99297,YK,Chris Arsenault - 100%,MTA 1,2026-10-07,6.4,True,-1,lapsing,-135.15047,60.19881
MC00019191,SK,IVARS AZIS: 100.000%,,2026-10-07,569.3,False,-1,lapsing,-103.48162,55.62588
1070268,BC,STANDARD DRILLING & ENGINEERING LTD.,HUNTER,2026-10-07,37.5,False,-1,lapsing,-127.18921,54.53112
YF99301,YK,Chris Arsenault - 100%,MTA 15,2026-10-07,19.7,True,-1,lapsing,-135.1722,60.20925
1098736,BC,STANDARD DRILLING & ENGINEERING LTD.,HUNTER,2026-10-07,131.4,False,-1,lapsing,-127.17671,54.52279
YF99299,YK,Chris Arsenault - 100%,MTA 13,2026-10-07,13.3,True,-1,lapsing,-135.1479,60.209
908089,BC,"EVERY, EDWARD WILLIAM",MINER ED,2026-10-08,272.9,False,0,expiring,-120.99045,49.47486
100353,NU,Peregrine Diamonds Ltd. (100%),FA 1,2026-10-08,567.3,True,0,expiring,-90.81636,65.5609
1139472,BC,"WARKENTIN, DOUGLAS DALE",Lower Standard,2026-10-08,168.7,False,0,expiring,-117.16986,49.24994
YB36098,YK,Mike Wren - 100%,GR 2,2026-10-08,19.7,True,0,expiring,-134.16525,60.43941
1120844,BC,"FALLIS, GLENN",,2026-10-08,18.2,False,0,expiring,-124.42348,55.67283
1120744,BC,"FALLIS, GLENN",,2026-10-08,82.5,False,0,expiring,-133.41118,59.37472
1107464,BC,"FALLIS, GLENN",WILSON CONNECTOR,2026-10-08,98.9,False,0,expiring,-133.41118,59.38305
1139471,BC,"WARKENTIN, DOUGLAS DALE",Iowna,2026-10-08,231.9,False,0,expiring,-117.17298,49.26036
1101794,BC,"FALLIS, GLENN",WILSON CREEK PLACER,2026-10-08,16.5,False,0,expiring,-133.41743,59.37263
YB36212,YK,Mike Wren - 100%,GR 9,2026-10-08,19.7,True,0,expiring,-134.16681,60.42645
YB36185,YK,Mike Wren - 100%,GR 10,2026-10-08,19.7,True,0,expiring,-134.16953,60.4231
YB36100,YK,Mike Wren - 100%,GR 4,2026-10-08,19.7,True,0,expiring,-134.15754,60.43788
YB36190,YK,Mike Wren - 100%,GR 16,2026-10-08,19.7,True,0,expiring,-134.16219,60.42112
YB36187,YK,Mike Wren - 100%,GR 12,2026-10-08,19.7,True,0,expiring,-134.14983,60.43635
1093273,BC,"FALLIS, GLENN",SLATE WILSON,2026-10-08,33.0,False,0,expiring,-133.39556,59.3893
1109716,BC,"FALLIS, GLENN",CASTAWAY,2026-10-08,33.0,False,0,expiring,-133.39868,59.38305
1139468,BC,"WARKENTIN, DOUGLAS DALE",Y-D West,2026-10-08,126.4,False,0,expiring,-117.20111,49.28952
YB36186,YK,Mike Wren - 100%,GR 11,2026-10-08,19.7,True,0,expiring,-134.14674,60.44016
YB36104,YK,Mike Wren - 100%,GR 8,2026-10-08,19.7,True,0,expiring,-134.16372,60.43026
YB36188,YK,Mike Wren - 100%,GR 13,2026-10-08,19.8,True,0,expiring,-134.15292,60.43254
YB36217,YK,Mike Wren - 100%,GR 20,2026-10-08,19.8,True,0,expiring,-134.17296,60.44094
1120881,BC,"FALLIS, GLENN",WILSONS WAY,2026-10-08,214.0,False,0,expiring,-133.3768,59.43513
YB36103,YK,Mike Wren - 100%,GR 7,2026-10-08,19.7,True,0,expiring,-134.16063,60.43407
344488,BC,VITREO MINERALS LTD.,,2026-10-08,70.8,False,0,expiring,-116.96174,51.36657
1139469,BC,"WARKENTIN, DOUGLAS DALE",C-S West,2026-10-08,147.5,False,0,expiring,-117.19799,49.27702
1139470,BC,"WARKENTIN, DOUGLAS DALE",C-S South,2026-10-08,189.7,False,0,expiring,-117.19486,49.26452
YB36097,YK,Mike Wren - 100%,GR 1,2026-10-08,19.7,True,0,expiring,-134.16216,60.44322
YB36099,YK,Mike Wren - 100%,GR 3,2026-10-08,19.8,True,0,expiring,-134.15445,60.44169
YB36216,YK,Mike Wren - 100%,GR 19,2026-10-08,19.8,True,0,expiring,-134.16987,60.44475
YB36189,YK,Mike Wren - 100%,GR 14,2026-10-08,19.8,True,0,expiring,-134.15601,60.42873
YB36213,YK,Mike Wren - 100%,GR 15,2026-10-08,19.8,True,0,expiring,-134.1591,60.42492
1100976,BC,"FALLIS, GLENN",WILSON OUTLET,2026-10-08,99.0,False,0,expiring,-133.42993,59.3643
56609,NS,,,2026-10-09,32.9,False,1,expiring,-63.20052,44.80382
56610,NS,,,2026-10-09,148.6,False,1,expiring,-63.21094,44.77258
366093,BC,CONUMA RESOURCES LIMITED,,2026-10-09,294.0,False,1,expiring,-121.989,55.40827
366054,BC,CONUMA RESOURCES LIMITED,,2026-10-09,294.0,False,1,expiring,-121.964,55.42493
1109666,BC,"FREDERICK, AUSTIN REED",BOWRON 1,2026-10-09,329.2,False,1,expiring,-121.43264,53.20621
1123170,BC,"SCOTT, STEVEN JEFFREY",,2026-10-09,20.5,False,1,expiring,-121.8857,50.53947
1050648,BC,"TURNER, TERRY LEROY",CARIBOO 5,2026-10-09,19.6,False,1,expiring,-121.46075,52.67703
1126824,BC,GOLDHAVEN RESOURCES CORPORATION,Vines,2026-10-09,33.1,False,1,expiring,-129.76732,59.23311
366091,BC,CONUMA RESOURCES LIMITED,,2026-10-09,294.0,False,1,expiring,-121.964,55.40827
1116589,BC,"FINLEY, MICHAEL OWEN WILLIAMS",V3INS,2026-10-09,20.5,False,1,expiring,-119.95433,50.57698
366092,BC,CONUMA RESOURCES LIMITED,,2026-10-09,294.0,False,1,expiring,-121.989,55.42493
103615,NU,ATHA Energy (NU) Corp. (100%),,2026-10-10,1545.7,True,2,expiring,-100.09428,64.99002
103658,NU,ATHA Energy (NU) Corp. (100%),,2026-10-10,1541.3,True,2,expiring,-99.95364,65.06499
103617,NU,ATHA Energy (NU) Corp. (100%),,2026-10-10,1545.5,True,2,expiring,-99.95364,64.99832
103812,NU,ATHA Energy (NU) Corp. (100%),CB238,2026-10-10,1545.4,True,2,expiring,-99.21922,64.98374
103545,NU,ATHA Energy (NU) Corp. (100%),CB111,2026-10-10,1545.4,True,2,expiring,-97.87538,64.98999
103786,NU,ATHA Energy (NU) Corp. (100%),CB212,2026-10-10,1545.4,True,2,expiring,-99.54737,64.99834
103809,NU,ATHA Energy (NU) Corp. (100%),CB235,2026-10-10,1545.1,True,2,expiring,-99.51299,65.01708
103597,NU,ATHA Energy (NU) Corp. (100%),,2026-10-10,1546.7,True,2,expiring,-100.01614,64.965
103787,NU,ATHA Energy (NU) Corp. (100%),CB213,2026-10-10,1546.6,True,2,expiring,-99.46924,64.97332
103544,NU,ATHA Energy (NU) Corp. (100%),CB110,2026-10-10,1546.4,True,2,expiring,-97.87538,64.97333
103927,NU,ATHA Energy (NU) Corp. (100%),CB301,2026-10-10,1544.5,True,2,expiring,-98.60981,65.01502
103411,NU,ATHA Energy (NU) Corp. (100%),DBA69,2026-10-10,1544.4,True,2,expiring,-98.93794,64.71916
103924,NU,ATHA Energy (NU) Corp. (100%),CB299,2026-10-10,1544.3,True,2,expiring,-98.79732,65.01502
103926,NU,ATHA Energy (NU) Corp. (100%),CB300,2026-10-10,1544.2,True,2,expiring,-98.70356,65.01499
103785,NU,ATHA Energy (NU) Corp. (100%),CB211,2026-10-10,1543.9,True,2,expiring,-99.64112,65.01501
103810,NU,ATHA Energy (NU) Corp. (100%),CB236,2026-10-10,1545.9,True,2,expiring,-99.39111,64.98168
103654,NU,ATHA Energy (NU) Corp. (100%),,2026-10-10,1541.3,True,2,expiring,-100.20366,65.05042
103614,NU,ATHA Energy (NU) Corp. (100%),,2026-10-10,1545.5,True,2,expiring,-100.15678,64.99001
103671,NU,ATHA Energy (NU) Corp. (100%),,2026-10-10,1536.2,True,2,expiring,-100.12553,65.15668
103921,NU,ATHA Energy (NU) Corp. (100%),,2026-10-10,1536.1,True,2,expiring,-98.9653,65.15668
103668,NU,ATHA Energy (NU) Corp. (100%),,2026-10-10,1536.0,True,2,expiring,-100.25054,65.15666
103598,NU,ATHA Energy (NU) Corp. (100%),CB153,2026-10-10,1536.0,True,2,expiring,-96.47682,63.6983
103703,NU,ATHA Energy (NU) Corp. (100%),,2026-10-10,1535.5,True,2,expiring,-99.6255,65.17335
103704,NU,ATHA Energy (NU) Corp. (100%),,2026-10-10,1537.7,True,2,expiring,-99.54737,65.13168
103680,NU,ATHA Energy (NU) Corp. (100%),,2026-10-10,1537.7,True,2,expiring,-99.9224,65.13167
103693,NU,ATHA Energy (NU) Corp. (100%),,2026-10-10,1537.6,True,2,expiring,-99.73488,65.13166
103916,NU,ATHA Energy (NU) Corp. (100%),CB295,2026-10-10,1542.6,True,2,expiring,-98.92233,65.04834
103893,NU,ATHA Energy (NU) Corp. (100%),CB289,2026-10-10,1542.6,True,2,expiring,-99.07859,65.04835
103897,NU,ATHA Energy (NU) Corp. (100%),CB293,2026-10-10,1542.5,True,2,expiring,-98.95358,65.04833
103889,NU,ATHA Energy (NU) Corp. (100%),CB285,2026-10-10,1542.5,True,2,expiring,-99.23485,65.04832
103888,NU,ATHA Energy (NU) Corp. (100%),CB284,2026-10-10,1542.5,True,2,expiring,-99.2661,65.04833
103853,NU,ATHA Energy (NU) Corp. (100%),CB258,2026-10-10,1548.2,True,2,expiring,-98.51605,64.94832
103819,NU,ATHA Energy (NU) Corp. (100%),CB242,2026-10-10,1548.2,True,2,expiring,-99.01608,64.94832
103851,NU,ATHA Energy (NU) Corp. (100%),CB256,2026-10-10,1548.1,True,2,expiring,-98.57855,64.94835
103848,NU,ATHA Energy (NU) Corp. (100%),CB253,2026-10-10,1548.1,True,2,expiring,-98.67231,64.94834
103845,NU,ATHA Energy (NU) Corp. (100%),CB250,2026-10-10,1548.0,True,2,expiring,-98.76606,64.94832
103814,NU,ATHA Energy (NU) Corp. (100%),CB239,2026-10-10,1549.4,True,2,expiring,-99.10984,64.9421
103425,NU,ATHA Energy (NU) Corp. (100%),,2026-10-10,1549.1,True,2,expiring,-98.17228,64.93167
103428,NU,ATHA Energy (NU) Corp. (100%),,2026-10-10,1549.0,True,2,expiring,-98.26603,64.93168
103852,NU,ATHA Energy (NU) Corp. (100%),CB257,2026-10-10,1547.9,True,2,expiring,-98.5473,64.94834
103825,NU,ATHA Energy (NU) Corp. (100%),CB245,2026-10-10,1547.9,True,2,expiring,-98.92232,64.94834
103849,NU,ATHA Energy (NU) Corp. (100%),CB254,2026-10-10,1547.9,True,2,expiring,-98.64106,64.94835
103827,NU,ATHA Energy (NU) Corp. (100%),CB246,2026-10-10,1547.9,True,2,expiring,-98.89108,64.94835
103864,NU,ATHA Energy (NU) Corp. (100%),CB261,2026-10-10,1547.9,True,2,expiring,-98.42229,64.94834
103846,NU,ATHA Energy (NU) Corp. (100%),CB251,2026-10-10,1548.3,True,2,expiring,-98.73481,64.94831
103828,NU,ATHA Energy (NU) Corp. (100%),CB247,2026-10-10,1548.2,True,2,expiring,-98.85982,64.94835
103875,NU,ATHA Energy (NU) Corp. (100%),CB272,2026-10-10,1536.7,True,2,expiring,-99.23485,65.14834
103878,NU,ATHA Energy (NU) Corp. (100%),CB275,2026-10-10,1540.3,True,2,expiring,-99.45362,65.08166
103842,NU,ATHA Energy (NU) Corp. (100%),,2026-10-10,1540.0,True,2,expiring,-99.53174,65.09
103440,NU,ATHA Energy (NU) Corp. (100%),DBA75,2026-10-10,1539.9,True,2,expiring,-99.14888,64.51916
103692,NU,ATHA Energy (NU) Corp. (100%),,2026-10-10,1539.8,True,2,expiring,-99.59425,65.09002
103678,NU,ATHA Energy (NU) Corp. (100%),,2026-10-10,1539.6,True,2,expiring,-99.85989,65.09834
103887,NU,ATHA Energy (NU) Corp. (100%),CB283,2026-10-10,1542.2,True,2,expiring,-99.29736,65.04834
103885,NU,ATHA Energy (NU) Corp. (100%),CB282,2026-10-10,1542.2,True,2,expiring,-99.3286,65.04835
103890,NU,ATHA Energy (NU) Corp. (100%),CB286,2026-10-10,1542.2,True,2,expiring,-99.2036,65.04833
103607,NU,ATHA Energy (NU) Corp. (100%),,2026-10-10,1546.3,True,2,expiring,-100.37554,64.97751
103611,NU,ATHA Energy (NU) Corp. (100%),,2026-10-10,1546.3,True,2,expiring,-100.29741,64.98168
103806,NU,ATHA Energy (NU) Corp. (100%),CB232,2026-10-10,1546.3,True,2,expiring,-98.10978,64.98168
103805,NU,ATHA Energy (NU) Corp. (100%),CB231,2026-10-10,1546.2,True,2,expiring,-98.23478,64.98166
103811,NU,ATHA Energy (NU) Corp. (100%),CB237,2026-10-10,1546.2,True,2,expiring,-99.31298,64.97124
103682,NU,ATHA Energy (NU) Corp. (100%),,2026-10-10,1541.8,True,2,expiring,-99.65675,65.05668
103563,NU,ATHA Energy (NU) Corp. (100%),CB128,2026-10-10,1536.9,True,2,expiring,-97.32066,65.14416
103881,NU,ATHA Energy (NU) Corp. (100%),CB278,2026-10-10,1538.9,True,2,expiring,-99.30517,65.11706
103702,NU,ATHA Energy (NU) Corp. (100%),,2026-10-10,1532.5,True,2,expiring,-99.81302,65.22336
103831,NU,ATHA Energy (NU) Corp. (100%),,2026-10-10,1532.5,True,2,expiring,-99.39112,65.21502
103686,NU,ATHA Energy (NU) Corp. (100%),,2026-10-10,1532.4,True,2,expiring,-100.06303,65.22335
103674,NU,ATHA Energy (NU) Corp. (100%),,2026-10-10,1538.0,True,2,expiring,-100.06303,65.12335
103677,NU,ATHA Energy (NU) Corp. (100%),,2026-10-10,1538.0,True,2,expiring,-100.00052,65.12332
103681,NU,ATHA Energy (NU) Corp. (100%),,2026-10-10,1537.9,True,2,expiring,-99.82864,65.13168
103843,NU,ATHA Energy (NU) Corp. (100%),,2026-10-10,1537.7,True,2,expiring,-99.45362,65.13166
103874,NU,ATHA Energy (NU) Corp. (100%),CB271,2026-10-10,1537.7,True,2,expiring,-99.1411,65.13168
103691,NU,ATHA Energy (NU) Corp. (100%),,2026-10-10,1539.3,True,2,expiring,-99.67238,65.09834
103679,NU,ATHA Energy (NU) Corp. (100%),,2026-10-10,1539.2,True,2,expiring,-99.76614,65.09834
103231,NU,ATHA Energy (NU) Corp. (100%),DBA31,2026-10-10,1539.2,True,2,expiring,-99.62156,64.23372
103694,NU,ATHA Energy (NU) Corp. (100%),,2026-10-10,1537.4,True,2,expiring,-99.64113,65.13168
103879,NU,ATHA Energy (NU) Corp. (100%),CB276,2026-10-10,1537.4,True,2,expiring,-99.32861,65.13169
103455,NU,ATHA Energy (NU) Corp. (100%),DBA79,2026-10-10,1536.9,True,2,expiring,-99.06294,64.56708
103664,NU,ATHA Energy (NU) Corp. (100%),,2026-10-10,1538.9,True,2,expiring,-100.25054,65.10666
103919,NU,ATHA Energy (NU) Corp. (100%),,2026-10-10,1536.7,True,2,expiring,-99.04734,65.14836
103882,NU,ATHA Energy (NU) Corp. (100%),CB279,2026-10-10,1538.4,True,2,expiring,-99.16454,65.11706
103561,NU,ATHA Energy (NU) Corp. (100%),CB126,2026-10-10,1538.3,True,2,expiring,-97.4066,65.12333
103877,NU,ATHA Energy (NU) Corp. (100%),CB274,2026-10-10,1538.3,True,2,expiring,-99.39111,65.13377
103929,NU,ATHA Energy (NU) Corp. (100%),,2026-10-10,1527.5,True,2,expiring,-99.03172,65.315
103837,NU,ATHA Energy (NU) Corp. (100%),,2026-10-10,1527.3,True,2,expiring,-99.35986,65.31502
103824,NU,ATHA Energy (NU) Corp. (100%),,2026-10-10,1527.2,True,2,expiring,-99.54738,65.31502
103715,NU,ATHA Energy (NU) Corp. (100%),,2026-10-10,1527.1,True,2,expiring,-100.01616,65.31502
103737,NU,ATHA Energy (NU) Corp. (100%),,2026-10-10,1527.1,True,2,expiring,-99.75052,65.32333
103834,NU,ATHA Energy (NU) Corp. (100%),,2026-10-10,1528.9,True,2,expiring,-99.45362,65.28167
103836,NU,ATHA Energy (NU) Corp. (100%),,2026-10-10,1528.8,True,2,expiring,-99.35986,65.28169
103822,NU,ATHA Energy (NU) Corp. (100%),,2026-10-10,1528.8,True,2,expiring,-99.54738,65.28169
103687,NU,ATHA Energy (NU) Corp. (100%),,2026-10-10,1535.3,True,2,expiring,-100.00052,65.17333
103701,NU,ATHA Energy (NU) Corp. (100%),,2026-10-10,1535.3,True,2,expiring,-99.68801,65.17334
103922,NU,ATHA Energy (NU) Corp. (100%),CB298,2026-10-10,1541.9,True,2,expiring,-98.81294,65.05668
103870,NU,ATHA Energy (NU) Corp. (100%),CB267,2026-10-10,1536.4,True,2,expiring,-98.88717,65.15668
103670,NU,ATHA Energy (NU) Corp. (100%),,2026-10-10,1536.4,True,2,expiring,-100.18804,65.15666
103918,NU,ATHA Energy (NU) Corp. (100%),CB296,2026-10-10,1542.2,True,2,expiring,-98.89108,65.04836
103894,NU,ATHA Energy (NU) Corp. (100%),CB290,2026-10-10,1542.2,True,2,expiring,-99.04734,65.04834
103895,NU,ATHA Energy (NU) Corp. (100%),CB291,2026-10-10,1542.2,True,2,expiring,-99.01608,65.04833
103920,NU,ATHA Energy (NU) Corp. (100%),CB297,2026-10-10,1542.2,True,2,expiring,-98.85982,65.04836
103884,NU,ATHA Energy (NU) Corp. (100%),CB281,2026-10-10,1542.2,True,2,expiring,-99.35986,65.04835
103618,NU,ATHA Energy (NU) Corp. (100%),,2026-10-10,1543.0,True,2,expiring,-99.95364,65.03166
103656,NU,ATHA Energy (NU) Corp. (100%),,2026-10-10,1542.9,True,2,expiring,-100.09428,65.04002
103655,NU,ATHA Energy (NU) Corp. (100%),,2026-10-10,1542.8,True,2,expiring,-100.15678,65.04001
103896,NU,ATHA Energy (NU) Corp. (100%),CB292,2026-10-10,1542.2,True,2,expiring,-98.98484,65.04832
103653,NU,ATHA Energy (NU) Corp. (100%),,2026-10-10,1542.1,True,2,expiring,-100.25054,65.05665
103657,NU,ATHA Energy (NU) Corp. (100%),,2026-10-10,1542.0,True,2,expiring,-100.03177,65.05667
103844,NU,ATHA Energy (NU) Corp. (100%),,2026-10-10,1542.0,True,2,expiring,-99.48486,65.04834
103832,NU,ATHA Energy (NU) Corp. (100%),CB249,2026-10-10,1548.2,True,2,expiring,-98.79732,64.94834
103883,NU,ATHA Energy (NU) Corp. (100%),CB280,2026-10-10,1542.5,True,2,expiring,-99.39111,65.04835
103343,NU,ATHA Energy (NU) Corp. (100%),CB60,2026-10-10,1542.4,True,2,expiring,-99.34421,64.47332
103891,NU,ATHA Energy (NU) Corp. (100%),CB287,2026-10-10,1542.3,True,2,expiring,-99.17234,65.04834
103696,NU,ATHA Energy (NU) Corp. (100%),,2026-10-10,1532.4,True,2,expiring,-99.93802,65.22334
103689,NU,ATHA Energy (NU) Corp. (100%),,2026-10-10,1532.4,True,2,expiring,-100.00053,65.22332
103908,NU,ATHA Energy (NU) Corp. (100%),,2026-10-10,1532.4,True,2,expiring,-99.21923,65.22332
103706,NU,ATHA Energy (NU) Corp. (100%),,2026-10-10,1532.2,True,2,expiring,-99.75051,65.22333
103700,NU,ATHA Energy (NU) Corp. (100%),,2026-10-10,1532.2,True,2,expiring,-99.87552,65.22336
103911,NU,ATHA Energy (NU) Corp. (100%),,2026-10-10,1534.0,True,2,expiring,-99.1411,65.19835
103675,NU,ATHA Energy (NU) Corp. (100%),,2026-10-10,1533.3,True,2,expiring,-100.18804,65.20667
103683,NU,ATHA Energy (NU) Corp. (100%),,2026-10-10,1533.3,True,2,expiring,-100.12553,65.20668
103665,NU,ATHA Energy (NU) Corp. (100%),,2026-10-10,1539.1,True,2,expiring,-100.18804,65.10666
103663,NU,ATHA Energy (NU) Corp. (100%),,2026-10-10,1539.0,True,2,expiring,-100.31304,65.10668
103666,NU,ATHA Energy (NU) Corp. (100%),,2026-10-10,1539.0,True,2,expiring,-100.12553,65.10668
103392,NU,ATHA Energy (NU) Corp. (100%),DBA63,2026-10-10,1553.0,True,2,expiring,-98.93793,64.57749
103342,NU,ATHA Energy (NU) Corp. (100%),,2026-10-10,1566.5,True,2,expiring,-98.21913,64.62331
103345,NU,ATHA Energy (NU) Corp. (100%),,2026-10-10,1566.5,True,2,expiring,-98.28164,64.62332
103414,NU,ATHA Energy (NU) Corp. (100%),CB81,2026-10-10,1564.4,True,2,expiring,-99.07857,64.66501
103323,NU,ATHA Energy (NU) Corp. (100%),,2026-10-10,1564.4,True,2,expiring,-97.89099,64.665
103355,NU,ATHA Energy (NU) Corp. (100%),,2026-10-10,1564.4,True,2,expiring,-98.23476,64.66498
103361,NU,ATHA Energy (NU) Corp. (100%),,2026-10-10,1564.4,True,2,expiring,-98.04725,64.66501
103358,NU,ATHA Energy (NU) Corp. (100%),,2026-10-10,1564.3,True,2,expiring,-98.141,64.665
103315,NU,ATHA Energy (NU) Corp. (100%),,2026-10-10,1565.7,True,2,expiring,-97.79724,64.63168
103370,NU,ATHA Energy (NU) Corp. (100%),DBA58,2026-10-10,1565.7,True,2,expiring,-98.75042,64.63997
103395,NU,ATHA Energy (NU) Corp. (100%),DBA64,2026-10-10,1565.5,True,2,expiring,-98.87543,64.64
103415,NU,ATHA Energy (NU) Corp. (100%),,2026-10-10,1550.9,True,2,expiring,-98.07852,64.89836
103420,NU,ATHA Energy (NU) Corp. (100%),,2026-10-10,1550.7,True,2,expiring,-98.26603,64.89834
103417,NU,ATHA Energy (NU) Corp. (100%),,2026-10-10,1550.6,True,2,expiring,-98.17227,64.89834
103855,NU,ATHA Energy (NU) Corp. (100%),CB260,2026-10-10,1549.8,True,2,expiring,-98.42229,64.91501
103579,NU,ATHA Energy (NU) Corp. (100%),,2026-10-10,1549.8,True,2,expiring,-100.01614,64.93791
103346,NU,ATHA Energy (NU) Corp. (100%),,2026-10-10,1566.5,True,2,expiring,-98.34414,64.62334
103794,NU,ATHA Energy (NU) Corp. (100%),CB220,2026-10-10,1552.9,True,2,expiring,-98.95358,64.88167
103407,NU,ATHA Energy (NU) Corp. (100%),,2026-10-10,1552.7,True,2,expiring,-98.07852,64.86502
103287,NU,ATHA Energy (NU) Corp. (100%),DBA44,2026-10-10,1561.9,True,2,expiring,-98.01989,64.11286
103349,NU,ATHA Energy (NU) Corp. (100%),DBA54,2026-10-10,1561.7,True,2,expiring,-98.68792,64.70666
103378,NU,ATHA Energy (NU) Corp. (100%),DBA59,2026-10-10,1561.7,True,2,expiring,-98.81293,64.70668
103371,NU,ATHA Energy (NU) Corp. (100%),,2026-10-10,1561.7,True,2,expiring,-98.34415,64.70668
103452,NU,ATHA Energy (NU) Corp. (100%),CB97,2026-10-10,1561.6,True,2,expiring,-98.60979,64.715
103798,NU,ATHA Energy (NU) Corp. (100%),CB224,2026-10-10,1551.6,True,2,expiring,-98.70356,64.88165
103797,NU,ATHA Energy (NU) Corp. (100%),CB223,2026-10-10,1551.6,True,2,expiring,-98.79731,64.88168
103576,NU,ATHA Energy (NU) Corp. (100%),,2026-10-10,1551.4,True,2,expiring,-100.15678,64.89
103376,NU,ATHA Energy (NU) Corp. (100%),,2026-10-10,1560.3,True,2,expiring,-98.17226,64.73166
103374,NU,ATHA Energy (NU) Corp. (100%),,2026-10-10,1560.1,True,2,expiring,-98.07851,64.73168
103364,NU,ATHA Energy (NU) Corp. (100%),DBA56,2026-10-10,1560.0,True,2,expiring,-98.75043,64.73998
103450,NU,ATHA Energy (NU) Corp. (100%),CB96,2026-10-10,1559.7,True,2,expiring,-98.42228,64.74833
103347,NU,ATHA Energy (NU) Corp. (100%),DBA53,2026-10-10,1559.0,True,2,expiring,-98.68792,64.75666
103384,NU,ATHA Energy (NU) Corp. (100%),CB73,2026-10-10,1573.0,True,2,expiring,-99.54735,64.515
103286,NU,ATHA Energy (NU) Corp. (100%),,2026-10-10,1569.3,True,2,expiring,-98.25038,64.57331
103292,NU,ATHA Energy (NU) Corp. (100%),,2026-10-10,1569.3,True,2,expiring,-98.06287,64.57334
103290,NU,ATHA Energy (NU) Corp. (100%),,2026-10-10,1569.3,True,2,expiring,-98.12538,64.57334
103282,NU,ATHA Energy (NU) Corp. (100%),,2026-10-10,1569.3,True,2,expiring,-98.31289,64.57334
103288,NU,ATHA Energy (NU) Corp. (100%),,2026-10-10,1569.2,True,2,expiring,-98.18788,64.57333
103271,NU,ATHA Energy (NU) Corp. (100%),,2026-10-10,1572.3,True,2,expiring,-98.31288,64.52334
103272,NU,ATHA Energy (NU) Corp. (100%),,2026-10-10,1572.1,True,2,expiring,-98.25038,64.5233
103391,NU,ATHA Energy (NU) Corp. (100%),,2026-10-10,1556.5,True,2,expiring,-98.07851,64.79834
103839,NU,ATHA Energy (NU) Corp. (100%),,2026-10-10,1556.4,True,2,expiring,-99.34424,65.3567
103398,NU,ATHA Energy (NU) Corp. (100%),,2026-10-10,1556.2,True,2,expiring,-98.34415,64.80668
103531,NU,ATHA Energy (NU) Corp. (100%),,2026-10-10,1556.0,True,2,expiring,-100.25053,64.82332
103160,NU,ATHA Energy (NU) Corp. (100%),DBA10,2026-10-10,1555.9,True,2,expiring,-98.67228,64.23164
103445,NU,ATHA Energy (NU) Corp. (100%),CB94,2026-10-10,1559.2,True,2,expiring,-98.60979,64.74834
103448,NU,ATHA Energy (NU) Corp. (100%),CB95,2026-10-10,1559.4,True,2,expiring,-98.51604,64.74834
103383,NU,ATHA Energy (NU) Corp. (100%),,2026-10-10,1558.8,True,2,expiring,-98.34415,64.75668
103399,NU,ATHA Energy (NU) Corp. (100%),DBA65,2026-10-10,1566.5,True,2,expiring,-98.93794,64.62332
103339,NU,ATHA Energy (NU) Corp. (100%),,2026-10-10,1566.5,True,2,expiring,-98.15663,64.62333
103313,NU,ATHA Energy (NU) Corp. (100%),,2026-10-10,1565.9,True,2,expiring,-97.89099,64.63167
103351,NU,ATHA Energy (NU) Corp. (100%),,2026-10-10,1565.9,True,2,expiring,-98.40665,64.64833
103418,NU,ATHA Energy (NU) Corp. (100%),CB82,2026-10-10,1565.8,True,2,expiring,-99.10982,64.63167
103360,NU,ATHA Energy (NU) Corp. (100%),DBA56,2026-10-10,1556.9,True,2,expiring,-98.75043,64.78998
103396,NU,ATHA Energy (NU) Corp. (100%),,2026-10-10,1556.8,True,2,expiring,-98.26602,64.79834
103394,NU,ATHA Energy (NU) Corp. (100%),,2026-10-10,1556.8,True,2,expiring,-98.17227,64.79833
103317,NU,ATHA Energy (NU) Corp. (100%),,2026-10-10,1565.5,True,2,expiring,-97.71911,64.63997
103447,NU,ATHA Energy (NU) Corp. (100%),,2026-10-10,1565.4,True,2,expiring,-98.60979,64.64834
103449,NU,ATHA Energy (NU) Corp. (100%),,2026-10-10,1565.2,True,2,expiring,-98.51603,64.64832
103352,NU,ATHA Energy (NU) Corp. (100%),DBA55,2026-10-10,1564.6,True,2,expiring,-98.68792,64.65666
103381,NU,ATHA Energy (NU) Corp. (100%),DBA60,2026-10-10,1564.6,True,2,expiring,-98.81293,64.65667
103608,NU,ATHA Energy (NU) Corp. (100%),,2026-10-10,1543.6,True,2,expiring,-100.37554,65.02751
103410,NU,ATHA Energy (NU) Corp. (100%),,2026-10-10,1553.1,True,2,expiring,-98.17227,64.865
103412,NU,ATHA Energy (NU) Corp. (100%),,2026-10-10,1553.0,True,2,expiring,-98.26603,64.865
103437,NU,ATHA Energy (NU) Corp. (100%),CB90,2026-10-10,1555.7,True,2,expiring,-98.42228,64.815
103435,NU,ATHA Energy (NU) Corp. (100%),CB89,2026-10-10,1555.7,True,2,expiring,-98.51604,64.815
103434,NU,ATHA Energy (NU) Corp. (100%),CB88,2026-10-10,1555.4,True,2,expiring,-98.6098,64.81501
103801,NU,ATHA Energy (NU) Corp. (100%),CB227,2026-10-10,1552.1,True,2,expiring,-98.42229,64.88167
103796,NU,ATHA Energy (NU) Corp. (100%),CB222,2026-10-10,1551.7,True,2,expiring,-98.89107,64.88168
103799,NU,ATHA Energy (NU) Corp. (100%),CB225,2026-10-10,1551.7,True,2,expiring,-98.6098,64.88168
103800,NU,ATHA Energy (NU) Corp. (100%),CB226,2026-10-10,1551.7,True,2,expiring,-98.51604,64.88167
103793,NU,ATHA Energy (NU) Corp. (100%),CB219,2026-10-10,1551.7,True,2,expiring,-99.01608,64.88167
103404,NU,ATHA Energy (NU) Corp. (100%),,2026-10-10,1554.3,True,2,expiring,-98.26602,64.83167
103427,NU,ATHA Energy (NU) Corp. (100%),CB85,2026-10-10,1554.0,True,2,expiring,-98.6098,64.84834
103859,NU,ATHA Energy (NU) Corp. (100%),,2026-10-10,1553.9,True,2,expiring,-98.9028,65.4067
103603,NU,ATHA Energy (NU) Corp. (100%),,2026-10-10,1543.7,True,2,expiring,-100.50055,65.02332
103432,NU,ATHA Energy (NU) Corp. (100%),CB87,2026-10-10,1553.4,True,2,expiring,-98.42228,64.84833
103606,NU,ATHA Energy (NU) Corp. (100%),,2026-10-10,1543.6,True,2,expiring,-100.43805,65.02333
103619,NU,ATHA Energy (NU) Corp. (100%),,2026-10-10,1543.0,True,2,expiring,-99.87551,65.03584
103551,NU,ATHA Energy (NU) Corp. (100%),CB117,2026-10-10,1543.0,True,2,expiring,-97.7035,65.03792
103546,NU,ATHA Energy (NU) Corp. (100%),CB112,2026-10-10,1544.9,True,2,expiring,-97.87538,65.00666
103613,NU,ATHA Energy (NU) Corp. (100%),,2026-10-10,1544.8,True,2,expiring,-100.21928,65.00665
103616,NU,ATHA Energy (NU) Corp. (100%),,2026-10-10,1544.5,True,2,expiring,-100.03177,65.00667
103423,NU,ATHA Energy (NU) Corp. (100%),,2026-10-10,1549.0,True,2,expiring,-98.07852,64.93168
103789,NU,ATHA Energy (NU) Corp. (100%),CB215,2026-10-10,1549.0,True,2,expiring,-99.27651,64.91708
103601,NU,ATHA Energy (NU) Corp. (100%),,2026-10-10,1548.6,True,2,expiring,-100.15678,64.94
103599,NU,ATHA Energy (NU) Corp. (100%),,2026-10-10,1548.6,True,2,expiring,-100.09427,64.94001
103433,NU,ATHA Energy (NU) Corp. (100%),,2026-10-10,1548.5,True,2,expiring,-98.32854,64.93376
103612,NU,ATHA Energy (NU) Corp. (100%),,2026-10-10,1543.9,True,2,expiring,-100.29742,65.01501
103866,NU,ATHA Energy (NU) Corp. (100%),CB263,2026-10-10,1543.8,True,2,expiring,-98.43792,65.02958
103585,NU,ATHA Energy (NU) Corp. (100%),,2026-10-10,1543.7,True,2,expiring,-99.78176,65.02335
103571,NU,ATHA Energy (NU) Corp. (100%),CB136,2026-10-10,1547.3,True,2,expiring,-97.28939,64.67957
103366,NU,ATHA Energy (NU) Corp. (100%),,2026-10-10,1562.3,True,2,expiring,-98.17226,64.69833
103291,NU,ATHA Energy (NU) Corp. (100%),DBA45,2026-10-10,1562.3,True,2,expiring,-97.94958,64.12328
103368,NU,ATHA Energy (NU) Corp. (100%),,2026-10-10,1561.9,True,2,expiring,-98.26602,64.69833
103385,NU,ATHA Energy (NU) Corp. (100%),,2026-10-10,1558.3,True,2,expiring,-98.26602,64.765
103387,NU,ATHA Energy (NU) Corp. (100%),,2026-10-10,1558.1,True,2,expiring,-98.17226,64.765
103270,NU,ATHA Energy (NU) Corp. (100%),DBA39,2026-10-10,1557.7,True,2,expiring,-98.00426,64.18579
103441,NU,ATHA Energy (NU) Corp. (100%),CB92,2026-10-10,1557.6,True,2,expiring,-98.51604,64.78166
103443,NU,ATHA Energy (NU) Corp. (100%),CB93,2026-10-10,1557.3,True,2,expiring,-98.42228,64.78166
103453,NU,ATHA Energy (NU) Corp. (100%),CB98,2026-10-10,1561.3,True,2,expiring,-98.51603,64.715
103454,NU,ATHA Energy (NU) Corp. (100%),CB99,2026-10-10,1561.1,True,2,expiring,-98.42228,64.715
103379,NU,ATHA Energy (NU) Corp. (100%),,2026-10-10,1560.7,True,2,expiring,-98.26602,64.73166
103823,NU,ATHA Energy (NU) Corp. (100%),CB244,2026-10-10,1547.9,True,2,expiring,-98.95358,64.94833
103850,NU,ATHA Energy (NU) Corp. (100%),CB255,2026-10-10,1547.9,True,2,expiring,-98.6098,64.94835
103430,NU,ATHA Energy (NU) Corp. (100%),,2026-10-10,1547.8,True,2,expiring,-98.1254,64.95666
103707,NU,ATHA Energy (NU) Corp. (100%),,2026-10-10,1535.3,True,2,expiring,-99.5005,65.17333
103779,NU,ATHA Energy (NU) Corp. (100%),CB205,2026-10-10,1546.8,True,2,expiring,-99.54736,64.96918
103854,NU,ATHA Energy (NU) Corp. (100%),CB259,2026-10-10,1547.9,True,2,expiring,-98.4848,64.94831
103821,NU,ATHA Energy (NU) Corp. (100%),CB243,2026-10-10,1547.9,True,2,expiring,-98.98483,64.94831
103847,NU,ATHA Energy (NU) Corp. (100%),CB252,2026-10-10,1547.9,True,2,expiring,-98.70356,64.94833
103791,NU,ATHA Energy (NU) Corp. (100%),CB217,2026-10-10,1555.1,True,2,expiring,-98.73481,64.83375
103400,NU,ATHA Energy (NU) Corp. (100%),,2026-10-10,1554.6,True,2,expiring,-98.07852,64.83168
103872,NU,ATHA Energy (NU) Corp. (100%),CB269,2026-10-10,1554.6,True,2,expiring,-98.92624,65.11706
103792,NU,ATHA Energy (NU) Corp. (100%),CB217,2026-10-10,1554.6,True,2,expiring,-98.81294,64.82542
103402,NU,ATHA Energy (NU) Corp. (100%),,2026-10-10,1554.5,True,2,expiring,-98.17227,64.83167
103816,NU,ATHA Energy (NU) Corp. (100%),CB240,2026-10-10,1547.9,True,2,expiring,-99.07858,64.94835
103830,NU,ATHA Energy (NU) Corp. (100%),CB248,2026-10-10,1547.9,True,2,expiring,-98.82857,64.94835
103818,NU,ATHA Energy (NU) Corp. (100%),CB241,2026-10-10,1547.9,True,2,expiring,-99.04734,64.94834
103429,NU,ATHA Energy (NU) Corp. (100%),CB86,2026-10-10,1553.7,True,2,expiring,-98.51604,64.84833
103795,NU,ATHA Energy (NU) Corp. (100%),CB221,2026-10-10,1553.5,True,2,expiring,-98.75044,64.85668
103177,NU,ATHA Energy (NU) Corp. (100%),DBA16,2026-10-10,1390.5,True,2,expiring,-98.85979,64.22957
103556,NU,ATHA Energy (NU) Corp. (100%),CB122,2026-10-10,1315.8,True,2,expiring,-97.54724,65.08376
103303,NU,ATHA Energy (NU) Corp. (100%),CB43,2026-10-10,1315.1,True,2,expiring,-97.45736,64.41082
103560,NU,ATHA Energy (NU) Corp. (100%),CB125,2026-10-10,1314.6,True,2,expiring,-97.42223,65.10669
103532,NU,ATHA Energy (NU) Corp. (100%),CB105,2026-10-10,1289.4,True,2,expiring,-98.0082,64.96708
103739,NU,ATHA Energy (NU) Corp. (100%),,2026-10-10,1287.9,True,2,expiring,-99.6841,65.33169
103581,NU,ATHA Energy (NU) Corp. (100%),CB142,2026-10-10,1287.7,True,2,expiring,-97.46909,64.64208
103880,NU,ATHA Energy (NU) Corp. (100%),CB277,2026-10-10,1286.3,True,2,expiring,-99.42236,65.05042
103676,NU,ATHA Energy (NU) Corp. (100%),,2026-10-10,1282.9,True,2,expiring,-99.93802,65.10874
103296,NU,ATHA Energy (NU) Corp. (100%),DBA45,2026-10-10,1278.3,True,2,expiring,-97.85582,64.14624
103348,NU,ATHA Energy (NU) Corp. (100%),,2026-10-10,1306.6,True,2,expiring,-98.42228,64.615
103542,NU,ATHA Energy (NU) Corp. (100%),CB108,2026-10-10,1306.5,True,2,expiring,-97.93398,64.93586
103781,NU,ATHA Energy (NU) Corp. (100%),CB207,2026-10-10,1390.8,True,2,expiring,-99.18796,64.90041
103193,NU,ATHA Energy (NU) Corp. (100%),DBA21,2026-10-10,1390.5,True,2,expiring,-99.0473,64.22957
103202,NU,ATHA Energy (NU) Corp. (100%),DBA23,2026-10-10,1390.5,True,2,expiring,-99.14106,64.22957
103185,NU,ATHA Energy (NU) Corp. (100%),DBA18,2026-10-10,1390.5,True,2,expiring,-98.95354,64.22954
103780,NU,ATHA Energy (NU) Corp. (100%),CB206,2026-10-10,1323.1,True,2,expiring,-99.40282,64.93166
103537,NU,ATHA Energy (NU) Corp. (100%),,2026-10-10,1388.8,True,2,expiring,-100.43804,64.90248
103217,NU,ATHA Energy (NU) Corp. (100%),CB17,2026-10-10,1388.6,True,2,expiring,-99.2856,64.30036
103534,NU,ATHA Energy (NU) Corp. (100%),CB106,2026-10-10,1291.9,True,2,expiring,-98.01602,64.91498
103164,NU,ATHA Energy (NU) Corp. (100%),,2026-10-10,1385.3,True,2,expiring,-98.9223,64.33372
103159,NU,ATHA Energy (NU) Corp. (100%),,2026-10-10,1385.3,True,2,expiring,-98.82854,64.33374
103154,NU,ATHA Energy (NU) Corp. (100%),,2026-10-10,1385.3,True,2,expiring,-98.73478,64.33372
103207,NU,ATHA Energy (NU) Corp. (100%),,2026-10-10,1385.3,True,2,expiring,-99.57859,64.33374
103188,NU,ATHA Energy (NU) Corp. (100%),,2026-10-10,1385.3,True,2,expiring,-99.29732,64.33374
103194,NU,ATHA Energy (NU) Corp. (100%),,2026-10-10,1385.3,True,2,expiring,-99.39108,64.33374
103212,NU,ATHA Energy (NU) Corp. (100%),,2026-10-10,1385.3,True,2,expiring,-99.67235,64.33372
103200,NU,ATHA Energy (NU) Corp. (100%),,2026-10-10,1385.2,True,2,expiring,-99.48484,64.33372
103163,NU,ATHA Energy (NU) Corp. (100%),CB4,2026-10-10,1239.0,True,2,expiring,-98.69962,64.28373
103267,NU,ATHA Energy (NU) Corp. (100%),DBA38,2026-10-10,1228.6,True,2,expiring,-98.04333,64.14415
103249,NU,ATHA Energy (NU) Corp. (100%),CB26,2026-10-10,1221.8,True,2,expiring,-99.645,64.29416
103308,NU,ATHA Energy (NU) Corp. (100%),DBA47,2026-10-10,1440.6,True,2,expiring,-97.57455,64.21499
103246,NU,ATHA Energy (NU) Corp. (100%),,2026-10-10,1378.4,True,2,expiring,-98.34414,64.48166
103311,NU,ATHA Energy (NU) Corp. (100%),,2026-10-10,1372.0,True,2,expiring,-97.62925,64.60249
103649,NU,ATHA Energy (NU) Corp. (100%),155,2026-10-10,1426.3,True,2,expiring,-97.70344,63.52744
103464,NU,ATHA Energy (NU) Corp. (100%),DA3,2026-10-10,1425.9,True,2,expiring,-97.71518,64.18996
103925,NU,ATHA Energy (NU) Corp. (100%),,2026-10-10,1358.2,True,2,expiring,-98.95749,65.18376
103184,NU,ATHA Energy (NU) Corp. (100%),,2026-10-10,1352.2,True,2,expiring,-99.20356,64.33788
103777,NU,ATHA Energy (NU) Corp. (100%),CB203,2026-10-10,1350.9,True,2,expiring,-97.10966,63.6733
103570,NU,ATHA Energy (NU) Corp. (100%),CB135,2026-10-10,1350.6,True,2,expiring,-97.32846,64.69625
103659,NU,ATHA Energy (NU) Corp. (100%),,2026-10-10,1348.8,True,2,expiring,-99.82864,65.05043
103555,NU,ATHA Energy (NU) Corp. (100%),CB121,2026-10-10,1348.2,True,2,expiring,-97.5785,65.07335
103530,NU,ATHA Energy (NU) Corp. (100%),CB104,2026-10-10,1415.8,True,2,expiring,-98.01602,65.00251
103416,NU,ATHA Energy (NU) Corp. (100%),DBA70,2026-10-10,1415.2,True,2,expiring,-99.00044,64.7004
103553,NU,ATHA Energy (NU) Corp. (100%),CB119,2026-10-10,1445.5,True,2,expiring,-97.641,65.05461
103261,NU,ATHA Energy (NU) Corp. (100%),CB30,2026-10-10,1441.2,True,2,expiring,-97.7191,64.51914
103413,NU,ATHA Energy (NU) Corp. (100%),CB80,2026-10-10,1205.9,True,2,expiring,-99.14889,64.67334
103389,NU,ATHA Energy (NU) Corp. (100%),DBA62,2026-10-10,1437.6,True,2,expiring,-98.87543,64.59626
103778,NU,ATHA Energy (NU) Corp. (100%),CB204,2026-10-10,1433.3,True,2,expiring,-99.64112,64.98792
103238,NU,ATHA Energy (NU) Corp. (100%),DBA33,2026-10-10,1409.1,True,2,expiring,-99.62156,64.1858
103535,NU,ATHA Energy (NU) Corp. (100%),,2026-10-10,1406.0,True,2,expiring,-100.28178,64.89208
103377,NU,ATHA Energy (NU) Corp. (100%),CB70,2026-10-10,1424.8,True,2,expiring,-99.81299,64.51291
103539,NU,ATHA Energy (NU) Corp. (100%),,2026-10-10,1421.9,True,2,expiring,-100.21928,64.8879
103610,NU,ATHA Energy (NU) Corp. (100%),,2026-10-10,1418.2,True,2,expiring,-100.21928,64.95873
103605,NU,ATHA Energy (NU) Corp. (100%),,2026-10-10,1417.8,True,2,expiring,-100.43805,64.97541
103602,NU,ATHA Energy (NU) Corp. (100%),,2026-10-10,1417.7,True,2,expiring,-100.50055,64.97539
103589,NU,ATHA Energy (NU) Corp. (100%),,2026-10-10,1417.0,True,2,expiring,-100.55524,64.98376
103334,NU,ATHA Energy (NU) Corp. (100%),,2026-10-10,1305.7,True,2,expiring,-98.03162,64.61706
103732,NU,ATHA Energy (NU) Corp. (100%),,2026-10-10,1300.1,True,2,expiring,-99.93803,65.40252
103304,NU,ATHA Energy (NU) Corp. (100%),DBA47,2026-10-10,1293.4,True,2,expiring,-97.57846,64.18165
103236,NU,ATHA Energy (NU) Corp. (100%),DBA32,2026-10-10,1292.3,True,2,expiring,-99.62156,64.20456
103459,NU,ATHA Energy (NU) Corp. (100%),CB103,2026-10-10,521.7,True,2,expiring,-98.45352,64.64832
103295,NU,ATHA Energy (NU) Corp. (100%),,2026-10-10,1095.7,True,2,expiring,-98.016,64.57747
103405,NU,ATHA Energy (NU) Corp. (100%),CB78,2026-10-10,1093.4,True,2,expiring,-99.28171,64.62749
103300,NU,ATHA Energy (NU) Corp. (100%),CB42,2026-10-10,1021.0,True,2,expiring,-97.49642,64.3858
103279,NU,ATHA Energy (NU) Corp. (100%),DBA42,2026-10-10,1010.4,True,2,expiring,-97.84019,64.21499
103865,NU,ATHA Energy (NU) Corp. (100%),CB262,2026-10-10,982.6,True,2,expiring,-98.45354,64.99
103583,NU,ATHA Energy (NU) Corp. (100%),CB143,2026-10-10,1075.4,True,2,expiring,-97.38315,64.66916
103568,NU,ATHA Energy (NU) Corp. (100%),CB133,2026-10-10,1073.3,True,2,expiring,-97.5316,64.71288
103254,NU,ATHA Energy (NU) Corp. (100%),,2026-10-10,1065.2,True,2,expiring,-98.04724,64.48996
103738,NU,ATHA Energy (NU) Corp. (100%),,2026-10-10,1063.7,True,2,expiring,-99.75052,65.36917
103293,NU,ATHA Energy (NU) Corp. (100%),CB40,2026-10-10,1050.7,True,2,expiring,-97.47298,64.47332
104486,NU,5833 Nunavut Ltd. (100%),ANG3,2026-10-10,980.1,True,2,expiring,-99.05508,62.64408
1139047,BC,"SMITH, SHANE KYLE",Second Relief,2026-10-10,758.0,False,2,expiring,-117.38236,49.32284
1084962,BC,"VON EINSIEDEL, CARL ALEXANDER",HME EXT,2026-10-10,542.7,False,2,expiring,-119.98562,51.54785
103137,NU,ATHA Energy (NU) Corp. (100%),CB1,2026-10-10,18.3,True,2,expiring,-104.89165,69.0318
103136,NU,ATHA Energy (NU) Corp. (100%),TEST_1,2026-10-10,18.3,True,2,expiring,-104.90206,69.0318
103397,NU,ATHA Energy (NU) Corp. (100%),CB76,2026-10-10,1097.0,True,2,expiring,-99.49265,64.53372
103253,NU,ATHA Energy (NU) Corp. (100%),CB27,2026-10-10,1077.8,True,2,expiring,-97.61753,64.58999
103572,NU,ATHA Energy (NU) Corp. (100%),CB137,2026-10-10,734.3,True,2,expiring,-97.24251,64.62748
103278,NU,ATHA Energy (NU) Corp. (100%),CB35,2026-10-10,932.1,True,2,expiring,-97.34798,64.54206
103923,NU,ATHA Energy (NU) Corp. (100%),,2026-10-10,1325.1,True,2,expiring,-98.97312,65.22334
103138,NU,ATHA Energy (NU) Corp. (100%),DBA1,2026-10-10,1042.6,True,2,expiring,-98.31288,64.2379
103144,NU,ATHA Energy (NU) Corp. (100%),,2026-10-10,1042.4,True,2,expiring,-98.45742,64.2379
103438,NU,ATHA Energy (NU) Corp. (100%),,2026-10-10,1035.8,True,2,expiring,-98.34416,64.84835
103436,NU,ATHA Energy (NU) Corp. (100%),,2026-10-10,1034.3,True,2,expiring,-98.32854,64.90043
103914,NU,ATHA Energy (NU) Corp. (100%),CB294,2026-10-10,1029.6,True,2,expiring,-98.53168,65.015
103673,NU,ATHA Energy (NU) Corp. (100%),,2026-10-10,1026.7,True,2,expiring,-100.0474,65.09
103596,NU,ATHA Energy (NU) Corp. (100%),CB152,2026-10-10,1266.5,True,2,expiring,-96.62136,63.6608
103318,NU,ATHA Energy (NU) Corp. (100%),DBA49,2026-10-10,1256.4,True,2,expiring,-97.89488,64.26915
103319,NU,ATHA Energy (NU) Corp. (100%),CB47,2026-10-10,1251.6,True,2,expiring,-99.77392,64.3858
103172,NU,ATHA Energy (NU) Corp. (100%),CB6,2026-10-10,989.4,True,2,expiring,-99.0473,64.2483
103171,NU,ATHA Energy (NU) Corp. (100%),,2026-10-10,1171.3,True,2,expiring,-99.00433,64.33581
103451,NU,ATHA Energy (NU) Corp. (100%),DBA77,2026-10-10,1277.5,True,2,expiring,-99.05122,64.51916
103590,NU,ATHA Energy (NU) Corp. (100%),CB147,2026-10-10,1276.0,True,2,expiring,-97.50031,63.4816
103713,NU,ATHA Energy (NU) Corp. (100%),,2026-10-10,1272.9,True,2,expiring,-100.09428,65.31502
103557,NU,ATHA Energy (NU) Corp. (100%),CB123,2026-10-10,1267.3,True,2,expiring,-97.51599,65.09207
103312,NU,ATHA Energy (NU) Corp. (100%),DBA49,2026-10-10,1191.1,True,2,expiring,-97.57846,64.24416
103803,NU,ATHA Energy (NU) Corp. (100%),CB229,2026-10-10,1190.6,True,2,expiring,-98.29338,65.00043
103338,NU,ATHA Energy (NU) Corp. (100%),CB58,2026-10-10,1182.9,True,2,expiring,-99.30514,64.44412
103341,NU,ATHA Energy (NU) Corp. (100%),CB59,2026-10-10,1181.1,True,2,expiring,-99.26998,64.47538
103575,NU,ATHA Energy (NU) Corp. (100%),CB140,2026-10-10,1174.3,True,2,expiring,-97.54722,64.64624
103306,NU,ATHA Energy (NU) Corp. (100%),CB44,2026-10-10,1248.6,True,2,expiring,-97.37923,64.4379
103301,NU,ATHA Energy (NU) Corp. (100%),DBA46,2026-10-10,1244.2,True,2,expiring,-97.65658,64.17122
103155,NU,ATHA Energy (NU) Corp. (100%),DBA8,2026-10-10,1241.8,True,2,expiring,-98.57852,64.22539
103401,NU,ATHA Energy (NU) Corp. (100%),CB77,2026-10-10,1327.5,True,2,expiring,-99.42234,64.50872
103273,NU,ATHA Energy (NU) Corp. (100%),DBA40,2026-10-10,1326.5,True,2,expiring,-97.93786,64.18164
103248,NU,ATHA Energy (NU) Corp. (100%),,2026-10-10,1379.7,True,2,expiring,-98.10974,64.43375
103462,NU,ATHA Energy (NU) Corp. (100%),DA3,2026-10-10,1158.9,True,2,expiring,-97.77768,64.22331
103733,NU,ATHA Energy (NU) Corp. (100%),,2026-10-10,1157.9,True,2,expiring,-99.86772,65.39836
103662,NU,ATHA Energy (NU) Corp. (100%),,2026-10-10,1153.8,True,2,expiring,-100.36773,65.12126
103276,NU,ATHA Energy (NU) Corp. (100%),DBA41,2026-10-10,1192.6,True,2,expiring,-97.92614,64.2108
103294,NU,ATHA Energy (NU) Corp. (100%),CB41,2026-10-10,1314.1,True,2,expiring,-97.49252,64.44622
103280,NU,ATHA Energy (NU) Corp. (100%),,2026-10-10,1309.9,True,2,expiring,-98.06287,64.53166
103265,NU,ATHA Energy (NU) Corp. (100%),,2026-10-10,1309.3,True,2,expiring,-98.35976,64.54001
103913,NU,ATHA Energy (NU) Corp. (100%),,2026-10-10,1307.8,True,2,expiring,-99.03172,65.25875
103233,NU,ATHA Energy (NU) Corp. (100%),CB22,2026-10-10,1338.5,True,2,expiring,-99.46921,64.28163
103275,NU,ATHA Energy (NU) Corp. (100%),CB34,2026-10-10,1047.7,True,2,expiring,-97.24251,64.54623
103175,NU,ATHA Energy (NU) Corp. (100%),,2026-10-10,1121.3,True,2,expiring,-99.10981,64.34207
103139,NU,ATHA Energy (NU) Corp. (100%),,2026-10-10,1119.8,True,2,expiring,-98.47304,64.36497
103609,NU,ATHA Energy (NU) Corp. (100%),,2026-10-10,1112.5,True,2,expiring,-100.28569,64.9525
103221,NU,ATHA Energy (NU) Corp. (100%),,2026-10-10,1104.0,True,2,expiring,-99.75829,64.37537
103741,NU,ATHA Energy (NU) Corp. (100%),,2026-10-10,1528.6,True,2,expiring,-99.62551,65.29002
103829,NU,ATHA Energy (NU) Corp. (100%),,2026-10-10,1531.0,True,2,expiring,-99.48487,65.24834
103820,NU,ATHA Energy (NU) Corp. (100%),,2026-10-10,1531.0,True,2,expiring,-99.57863,65.24836
103321,NU,ATHA Energy (NU) Corp. (100%),CB47,2026-10-10,1530.7,True,2,expiring,-99.82861,64.38791
103685,NU,ATHA Energy (NU) Corp. (100%),,2026-10-10,1530.6,True,2,expiring,-100.12554,65.25668
103264,NU,ATHA Energy (NU) Corp. (100%),DBA37,2026-10-10,1496.1,True,2,expiring,-98.10974,64.10873
103804,NU,ATHA Energy (NU) Corp. (100%),CB230,2026-10-10,1495.0,True,2,expiring,-98.17618,65.00668
103243,NU,ATHA Energy (NU) Corp. (100%),,2026-10-10,1494.8,True,2,expiring,-98.30116,64.43375
103721,NU,ATHA Energy (NU) Corp. (100%),,2026-10-10,1529.5,True,2,expiring,-99.81302,65.27336
103723,NU,ATHA Energy (NU) Corp. (100%),,2026-10-10,1529.5,True,2,expiring,-99.75051,65.27333
103690,NU,ATHA Energy (NU) Corp. (100%),,2026-10-10,1529.4,True,2,expiring,-100.06303,65.27336
103698,NU,ATHA Energy (NU) Corp. (100%),,2026-10-10,1529.4,True,2,expiring,-100.00053,65.27333
103718,NU,ATHA Energy (NU) Corp. (100%),,2026-10-10,1529.4,True,2,expiring,-99.87552,65.27336
103910,NU,ATHA Energy (NU) Corp. (100%),,2026-10-10,1531.8,True,2,expiring,-99.1411,65.23168
103901,NU,ATHA Energy (NU) Corp. (100%),,2026-10-10,1531.3,True,2,expiring,-99.29736,65.24836
103815,NU,ATHA Energy (NU) Corp. (100%),,2026-10-10,1531.2,True,2,expiring,-99.67238,65.24834
103833,NU,ATHA Energy (NU) Corp. (100%),,2026-10-10,1531.1,True,2,expiring,-99.39112,65.24835
103900,NU,ATHA Energy (NU) Corp. (100%),,2026-10-10,1528.6,True,2,expiring,-99.28173,65.29002
103740,NU,ATHA Energy (NU) Corp. (100%),,2026-10-10,1528.4,True,2,expiring,-99.68801,65.29001
103251,NU,ATHA Energy (NU) Corp. (100%),,2026-10-10,1528.0,True,2,expiring,-98.01599,64.45248
103903,NU,ATHA Energy (NU) Corp. (100%),,2026-10-10,1527.9,True,2,expiring,-99.2036,65.29833
103907,NU,ATHA Energy (NU) Corp. (100%),,2026-10-10,1530.3,True,2,expiring,-99.2036,65.265
103909,NU,ATHA Energy (NU) Corp. (100%),,2026-10-10,1530.2,True,2,expiring,-99.10984,65.26503
103716,NU,ATHA Energy (NU) Corp. (100%),,2026-10-10,1529.6,True,2,expiring,-99.93802,65.27335
103149,NU,ATHA Energy (NU) Corp. (100%),,2026-10-10,1450.9,True,2,expiring,-98.65665,64.34207
103145,NU,ATHA Energy (NU) Corp. (100%),,2026-10-10,1450.9,True,2,expiring,-98.59415,64.34207
103587,NU,ATHA Energy (NU) Corp. (100%),,2026-10-10,1448.4,True,2,expiring,-99.73488,65.01082
103595,NU,ATHA Energy (NU) Corp. (100%),,2026-10-10,1446.7,True,2,expiring,-100.57478,65.03793
103213,NU,ATHA Energy (NU) Corp. (100%),DBA25,2026-10-10,1458.0,True,2,expiring,-99.20356,64.22954
103783,NU,ATHA Energy (NU) Corp. (100%),CB209,2026-10-10,1457.1,True,2,expiring,-98.9692,64.84832
103650,NU,ATHA Energy (NU) Corp. (100%),CB156,2026-10-10,1456.6,True,2,expiring,-97.5511,63.58996
103915,NU,ATHA Energy (NU) Corp. (100%),,2026-10-10,1532.9,True,2,expiring,-99.04734,65.21502
103709,NU,ATHA Energy (NU) Corp. (100%),,2026-10-10,1535.2,True,2,expiring,-99.37549,65.17336
103705,NU,ATHA Energy (NU) Corp. (100%),,2026-10-10,1535.2,True,2,expiring,-99.563,65.17335
103904,NU,ATHA Energy (NU) Corp. (100%),,2026-10-10,1527.8,True,2,expiring,-99.10984,65.29836
103547,NU,ATHA Energy (NU) Corp. (100%),CB113,2026-10-10,1527.6,True,2,expiring,-97.87148,65.0275
103835,NU,ATHA Energy (NU) Corp. (100%),,2026-10-10,1527.5,True,2,expiring,-99.45362,65.315
103684,NU,ATHA Energy (NU) Corp. (100%),,2026-10-10,1535.1,True,2,expiring,-100.06303,65.17335
103699,NU,ATHA Energy (NU) Corp. (100%),,2026-10-10,1535.1,True,2,expiring,-99.75051,65.17333
103905,NU,ATHA Energy (NU) Corp. (100%),,2026-10-10,1534.8,True,2,expiring,-99.23485,65.18167
103917,NU,ATHA Energy (NU) Corp. (100%),,2026-10-10,1534.8,True,2,expiring,-99.04734,65.18168
103724,NU,ATHA Energy (NU) Corp. (100%),CB165,2026-10-10,1534.4,True,2,expiring,-96.81278,63.7087
103697,NU,ATHA Energy (NU) Corp. (100%),,2026-10-10,1535.5,True,2,expiring,-99.81302,65.17335
103912,NU,ATHA Energy (NU) Corp. (100%),,2026-10-10,1535.4,True,2,expiring,-99.1411,65.16502
103695,NU,ATHA Energy (NU) Corp. (100%),,2026-10-10,1535.4,True,2,expiring,-99.87552,65.17335
103826,NU,ATHA Energy (NU) Corp. (100%),,2026-10-10,1532.9,True,2,expiring,-99.48487,65.215
103667,NU,ATHA Energy (NU) Corp. (100%),,2026-10-10,1456.3,True,2,expiring,-100.31304,65.15043
103817,NU,ATHA Energy (NU) Corp. (100%),,2026-10-10,1532.8,True,2,expiring,-99.57862,65.21502
103902,NU,ATHA Energy (NU) Corp. (100%),,2026-10-10,1532.7,True,2,expiring,-99.29736,65.21502
103813,NU,ATHA Energy (NU) Corp. (100%),,2026-10-10,1532.7,True,2,expiring,-99.67238,65.21501
103688,NU,ATHA Energy (NU) Corp. (100%),,2026-10-10,1535.2,True,2,expiring,-99.93802,65.17334
103876,NU,ATHA Energy (NU) Corp. (100%),CB273,2026-10-10,1535.2,True,2,expiring,-99.31298,65.17336
103708,NU,ATHA Energy (NU) Corp. (100%),,2026-10-10,1535.1,True,2,expiring,-99.43799,65.17334
103552,NU,ATHA Energy (NU) Corp. (100%),CB118,2026-10-10,1494.4,True,2,expiring,-97.67225,65.04836
103591,NU,ATHA Energy (NU) Corp. (100%),CB148,2026-10-10,1493.8,True,2,expiring,-97.35577,63.51912
103439,NU,ATHA Energy (NU) Corp. (100%),CB91,2026-10-10,1492.8,True,2,expiring,-98.6098,64.78168
103460,NU,ATHA Energy (NU) Corp. (100%),DA1,2026-10-10,1492.4,True,2,expiring,-97.86363,64.18166
103869,NU,ATHA Energy (NU) Corp. (100%),CB266,2026-10-10,1490.8,True,2,expiring,-98.82467,65.12126
103857,NU,ATHA Energy (NU) Corp. (100%),,2026-10-10,1520.5,True,2,expiring,-99.04734,65.43169
103302,NU,ATHA Energy (NU) Corp. (100%),,2026-10-10,1519.7,True,2,expiring,-97.72301,64.59831
103802,NU,ATHA Energy (NU) Corp. (100%),CB228,2026-10-10,1516.6,True,2,expiring,-98.35978,64.92961
103310,NU,ATHA Energy (NU) Corp. (100%),DBA48,2026-10-10,1489.2,True,2,expiring,-97.66831,64.24206
103558,NU,ATHA Energy (NU) Corp. (100%),CB124,2026-10-10,1411.9,True,2,expiring,-97.46911,65.07752
103369,NU,ATHA Energy (NU) Corp. (100%),CB67,2026-10-10,1410.2,True,2,expiring,-99.89112,64.47541
103424,NU,ATHA Energy (NU) Corp. (100%),CB84,2026-10-10,1485.6,True,2,expiring,-99.07857,64.615
103408,NU,ATHA Energy (NU) Corp. (100%),CB79,2026-10-10,1484.5,True,2,expiring,-99.20358,64.63581
103892,NU,ATHA Energy (NU) Corp. (100%),CB288,2026-10-10,1478.5,True,2,expiring,-99.14891,65.05252
103669,NU,ATHA Energy (NU) Corp. (100%),,2026-10-10,1405.6,True,2,expiring,-100.26226,65.20042
103469,NU,ATHA Energy (NU) Corp. (100%),DA6,2026-10-10,1404.0,True,2,expiring,-97.67222,64.29828
103543,NU,ATHA Energy (NU) Corp. (100%),CB109,2026-10-10,1402.6,True,2,expiring,-97.8871,64.95667
103712,NU,ATHA Energy (NU) Corp. (100%),CB159,2026-10-10,1465.4,True,2,expiring,-97.1292,63.7483
103711,NU,ATHA Energy (NU) Corp. (100%),,2026-10-10,1464.8,True,2,expiring,-100.15679,65.2921
103588,NU,ATHA Energy (NU) Corp. (100%),CB146,2026-10-10,1463.9,True,2,expiring,-97.6136,63.44412
103474,NU,ATHA Energy (NU) Corp. (100%),DA8,2026-10-10,1461.0,True,2,expiring,-98.1488,64.14623
103856,NU,ATHA Energy (NU) Corp. (100%),,2026-10-10,1489.8,True,2,expiring,-99.1411,65.42336
103840,NU,ATHA Energy (NU) Corp. (100%),,2026-10-10,1489.7,True,2,expiring,-99.23876,65.40251
103326,NU,ATHA Energy (NU) Corp. (100%),CB50,2026-10-10,1412.2,True,2,expiring,-99.96143,64.45662
103573,NU,ATHA Energy (NU) Corp. (100%),CB138,2026-10-10,1485.6,True,2,expiring,-97.3011,64.61292
103222,NU,ATHA Energy (NU) Corp. (100%),DBA28,2026-10-10,1455.1,True,2,expiring,-99.51218,64.23371
103782,NU,ATHA Energy (NU) Corp. (100%),CB208,2026-10-10,1455.1,True,2,expiring,-99.07858,64.87543
103229,NU,ATHA Energy (NU) Corp. (100%),CB21,2026-10-10,1453.4,True,2,expiring,-99.4067,64.29832
103386,NU,ATHA Energy (NU) Corp. (100%),DBA61,2026-10-10,1453.0,True,2,expiring,-98.80121,64.6108
103328,NU,ATHA Energy (NU) Corp. (100%),CB51,2026-10-10,1477.2,True,2,expiring,-99.92236,64.4504
103871,NU,ATHA Energy (NU) Corp. (100%),CB268,2026-10-10,1473.8,True,2,expiring,-98.94186,65.13376
103268,NU,ATHA Energy (NU) Corp. (100%),CB32,2026-10-10,1472.8,True,2,expiring,-97.64097,64.54208
103336,NU,ATHA Energy (NU) Corp. (100%),DBA50,2026-10-10,1470.3,True,2,expiring,-97.83238,64.28582
103562,NU,ATHA Energy (NU) Corp. (100%),CB127,2026-10-10,1344.6,True,2,expiring,-97.41052,65.15251
103582,NU,ATHA Energy (NU) Corp. (100%),,2026-10-10,1384.1,True,2,expiring,-99.85988,64.99834
103548,NU,ATHA Energy (NU) Corp. (100%),CB114,2026-10-10,1381.9,True,2,expiring,-97.8207,65.05252
103244,NU,ATHA Energy (NU) Corp. (100%),,2026-10-10,1379.9,True,2,expiring,-98.2035,64.43373
103232,NU,ATHA Energy (NU) Corp. (100%),,2026-10-10,1379.8,True,2,expiring,-98.3793,64.44
103729,NU,ATHA Energy (NU) Corp. (100%),,2026-10-10,1526.7,True,2,expiring,-99.93803,65.32334
103899,NU,ATHA Energy (NU) Corp. (100%),,2026-10-10,1526.5,True,2,expiring,-99.17235,65.33168
103906,NU,ATHA Energy (NU) Corp. (100%),,2026-10-10,1526.4,True,2,expiring,-99.0786,65.3317
103898,NU,ATHA Energy (NU) Corp. (100%),,2026-10-10,1526.3,True,2,expiring,-99.26611,65.33168
103728,NU,ATHA Energy (NU) Corp. (100%),,2026-10-10,1524.7,True,2,expiring,-100.00053,65.35666
103734,NU,ATHA Energy (NU) Corp. (100%),,2026-10-10,1524.7,True,2,expiring,-99.9224,65.36501
103788,NU,ATHA Energy (NU) Corp. (100%),CB214,2026-10-10,1451.5,True,2,expiring,-99.39501,64.94626
103471,NU,ATHA Energy (NU) Corp. (100%),DA7,2026-10-10,1451.1,True,2,expiring,-97.59408,64.34207
103141,NU,ATHA Energy (NU) Corp. (100%),,2026-10-10,1450.9,True,2,expiring,-98.53164,64.34206
103735,NU,ATHA Energy (NU) Corp. (100%),,2026-10-10,1524.3,True,2,expiring,-99.82864,65.36502
103862,NU,ATHA Energy (NU) Corp. (100%),,2026-10-10,1523.9,True,2,expiring,-99.18798,65.37334
103873,NU,ATHA Energy (NU) Corp. (100%),CB270,2026-10-10,1522.9,True,2,expiring,-99.05516,65.11915
103861,NU,ATHA Energy (NU) Corp. (100%),,2026-10-10,1522.4,True,2,expiring,-99.04734,65.39836
103860,NU,ATHA Energy (NU) Corp. (100%),,2026-10-10,1522.1,True,2,expiring,-98.96922,65.40667
103736,NU,ATHA Energy (NU) Corp. (100%),,2026-10-10,1526.7,True,2,expiring,-99.81302,65.32335
103274,NU,ATHA Energy (NU) Corp. (100%),,2026-10-10,1572.1,True,2,expiring,-98.18788,64.52332
103731,NU,ATHA Energy (NU) Corp. (100%),,2026-10-10,1526.7,True,2,expiring,-99.87552,65.32335
103586,NU,ATHA Energy (NU) Corp. (100%),CB145,2026-10-10,1516.4,True,2,expiring,-97.70735,63.41285
103714,NU,ATHA Energy (NU) Corp. (100%),CB160,2026-10-10,1514.5,True,2,expiring,-97.012,63.73162
103225,NU,ATHA Energy (NU) Corp. (100%),,2026-10-10,1513.3,True,2,expiring,-98.4418,64.40664
103259,NU,ATHA Energy (NU) Corp. (100%),CB29,2026-10-10,1508.7,True,2,expiring,-97.71128,64.48166
103928,NU,ATHA Energy (NU) Corp. (100%),,2026-10-10,1508.2,True,2,expiring,-98.96531,65.36086
103841,NU,ATHA Energy (NU) Corp. (100%),,2026-10-10,1524.4,True,2,expiring,-99.26611,65.36502
103930,NU,ATHA Energy (NU) Corp. (100%),,2026-10-10,1524.3,True,2,expiring,-99.04734,65.36502
103863,NU,ATHA Energy (NU) Corp. (100%),,2026-10-10,1524.3,True,2,expiring,-99.12548,65.37336
103298,NU,ATHA Energy (NU) Corp. (100%),DBA46,2026-10-10,1394.6,True,2,expiring,-97.76596,64.14622
103784,NU,ATHA Energy (NU) Corp. (100%),CB210,2026-10-10,1393.7,True,2,expiring,-98.82466,64.81084
103661,NU,ATHA Energy (NU) Corp. (100%),,2026-10-10,1413.5,True,2,expiring,-99.71926,65.05874
103660,NU,ATHA Energy (NU) Corp. (100%),,2026-10-10,1413.3,True,2,expiring,-99.78176,65.05875
103554,NU,ATHA Energy (NU) Corp. (100%),CB120,2026-10-10,1412.8,True,2,expiring,-97.60974,65.06502
103749,NU,ATHA Energy (NU) Corp. (100%),CB175,2026-10-10,1629.3,True,2,expiring,-97.50031,63.52327
103764,NU,ATHA Energy (NU) Corp. (100%),CB190,2026-10-10,1624.8,True,2,expiring,-97.21904,63.6066
103746,NU,ATHA Energy (NU) Corp. (100%),CB172,2026-10-10,1630.7,True,2,expiring,-97.62532,63.5066
103745,NU,ATHA Energy (NU) Corp. (100%),CB170,2026-10-10,1631.7,True,2,expiring,-97.65656,63.48993
103442,NU,ATHA Energy (NU) Corp. (100%),,2026-10-10,1632.0,True,2,expiring,-98.59416,64.62125
103754,NU,ATHA Energy (NU) Corp. (100%),CB180,2026-10-10,1626.0,True,2,expiring,-97.39093,63.58163
103750,NU,ATHA Energy (NU) Corp. (100%),CB176,2026-10-10,1626.8,True,2,expiring,-97.50031,63.57327
103756,NU,ATHA Energy (NU) Corp. (100%),CB182,2026-10-10,1627.4,True,2,expiring,-97.23467,63.56494
103755,NU,ATHA Energy (NU) Corp. (100%),CB181,2026-10-10,1627.6,True,2,expiring,-97.3128,63.55663
103752,NU,ATHA Energy (NU) Corp. (100%),CB178,2026-10-10,1628.2,True,2,expiring,-97.40656,63.55661
103652,NU,ATHA Energy (NU) Corp. (100%),,2026-10-10,1606.1,True,2,expiring,-100.31695,65.05668
103390,NU,ATHA Energy (NU) Corp. (100%),,2026-10-10,1607.1,True,2,expiring,-98.07851,64.77125
103867,NU,ATHA Energy (NU) Corp. (100%),CB264,2026-10-10,1607.4,True,2,expiring,-98.62544,65.03999
103564,NU,ATHA Energy (NU) Corp. (100%),CB129,2026-10-10,1629.1,True,2,expiring,-97.67223,64.66708
103567,NU,ATHA Energy (NU) Corp. (100%),CB132,2026-10-10,1629.3,True,2,expiring,-97.57847,64.66709
103565,NU,ATHA Energy (NU) Corp. (100%),CB130,2026-10-10,1629.3,True,2,expiring,-97.64098,64.66709
103771,NU,ATHA Energy (NU) Corp. (100%),CB197,2026-10-10,1624.4,True,2,expiring,-97.10966,63.61496
103751,NU,ATHA Energy (NU) Corp. (100%),CB177,2026-10-10,1629.5,True,2,expiring,-97.43781,63.52328
103540,NU,ATHA Energy (NU) Corp. (100%),,2026-10-10,1613.1,True,2,expiring,-100.35992,64.93584
103538,NU,ATHA Energy (NU) Corp. (100%),,2026-10-10,1614.2,True,2,expiring,-100.46539,64.94414
103541,NU,ATHA Energy (NU) Corp. (100%),CB107,2026-10-10,1614.7,True,2,expiring,-97.96914,64.90668
103790,NU,ATHA Energy (NU) Corp. (100%),CB216,2026-10-10,1597.4,True,2,expiring,-99.13328,64.94002
103584,NU,ATHA Energy (NU) Corp. (100%),CB144,2026-10-10,1599.2,True,2,expiring,-97.80501,63.45662
103578,NU,ATHA Energy (NU) Corp. (100%),,2026-10-10,1599.4,True,2,expiring,-100.08646,64.89416
103533,NU,ATHA Energy (NU) Corp. (100%),,2026-10-10,1602.6,True,2,expiring,-100.21928,64.85668
103868,NU,ATHA Energy (NU) Corp. (100%),CB265,2026-10-10,1605.8,True,2,expiring,-98.73482,65.05668
103472,NU,ATHA Energy (NU) Corp. (100%),DA8,2026-10-10,1643.8,True,2,expiring,-98.21521,64.1462
104484,NU,5833 Nunavut Ltd. (100%),ANG1,2026-10-10,1659.9,True,2,expiring,-98.98868,62.69826
103252,NU,ATHA Energy (NU) Corp. (100%),DBA35,2026-10-10,1660.2,True,2,expiring,-98.30116,64.14832
103283,NU,ATHA Energy (NU) Corp. (100%),DBA43,2026-10-10,1660.3,True,2,expiring,-97.95348,64.14206
103257,NU,ATHA Energy (NU) Corp. (100%),DBA36,2026-10-10,1662.0,True,2,expiring,-98.29725,64.10874
104009,NU,5833 Nunavut Ltd. (100%),,2026-10-10,1676.9,True,2,expiring,-98.71912,62.70658
103719,NU,ATHA Energy (NU) Corp. (100%),CB162,2026-10-10,1621.2,True,2,expiring,-96.68776,63.65872
103770,NU,ATHA Energy (NU) Corp. (100%),CB196,2026-10-10,1621.7,True,2,expiring,-96.90653,63.65663
103720,NU,ATHA Energy (NU) Corp. (100%),CB163,2026-10-10,1621.7,True,2,expiring,-96.7659,63.65662
103769,NU,ATHA Energy (NU) Corp. (100%),CB195,2026-10-10,1621.9,True,2,expiring,-96.84402,63.65664
103536,NU,ATHA Energy (NU) Corp. (100%),,2026-10-10,1615.3,True,2,expiring,-100.35992,64.9025
103767,NU,ATHA Energy (NU) Corp. (100%),CB193,2026-10-10,1618.2,True,2,expiring,-97.1878,63.71704
103776,NU,ATHA Energy (NU) Corp. (100%),CB202,2026-10-10,1619.1,True,2,expiring,-97.10966,63.69831
103600,NU,ATHA Energy (NU) Corp. (100%),CB153,2026-10-10,1619.2,True,2,expiring,-96.62526,63.70661
103727,NU,ATHA Energy (NU) Corp. (100%),CB167,2026-10-10,1619.6,True,2,expiring,-96.8909,63.70038
103157,NU,ATHA Energy (NU) Corp. (100%),DBA9,2026-10-10,1590.6,True,2,expiring,-98.57852,64.19832
103170,NU,ATHA Energy (NU) Corp. (100%),DBA14,2026-10-10,1590.9,True,2,expiring,-98.76603,64.19831
103180,NU,ATHA Energy (NU) Corp. (100%),,2026-10-10,1590.9,True,2,expiring,-98.85978,64.19832
103717,NU,ATHA Energy (NU) Corp. (100%),CB161,2026-10-10,1620.2,True,2,expiring,-96.62526,63.68994
103722,NU,ATHA Energy (NU) Corp. (100%),CB164,2026-10-10,1620.2,True,2,expiring,-96.7659,63.68995
103344,NU,ATHA Energy (NU) Corp. (100%),DBA52,2026-10-10,1621.1,True,2,expiring,-98.68793,64.815
103761,NU,ATHA Energy (NU) Corp. (100%),CB187,2026-10-10,1621.2,True,2,expiring,-97.29718,63.67538
103651,NU,ATHA Energy (NU) Corp. (100%),CB157,2026-10-10,1689.5,True,2,expiring,-97.39484,63.6608
103142,NU,ATHA Energy (NU) Corp. (100%),DBA3,2026-10-10,1591.6,True,2,expiring,-98.29725,64.18166
103152,NU,ATHA Energy (NU) Corp. (100%),DBA7,2026-10-10,1591.8,True,2,expiring,-98.48476,64.18164
103183,NU,ATHA Energy (NU) Corp. (100%),DBA17,2026-10-10,1592.4,True,2,expiring,-98.85978,64.16498
103150,NU,ATHA Energy (NU) Corp. (100%),DBA6,2026-10-10,1589.9,True,2,expiring,-98.48476,64.21497
103146,NU,ATHA Energy (NU) Corp. (100%),DBA4,2026-10-10,1590.0,True,2,expiring,-98.391,64.21498
103140,NU,ATHA Energy (NU) Corp. (100%),DBA2,2026-10-10,1590.2,True,2,expiring,-98.29725,64.21498
103218,NU,ATHA Energy (NU) Corp. (100%),DBA26,2026-10-10,1590.5,True,2,expiring,-99.42232,64.19831
103162,NU,ATHA Energy (NU) Corp. (100%),DBA11,2026-10-10,1590.5,True,2,expiring,-98.67227,64.19831
103748,NU,ATHA Energy (NU) Corp. (100%),CB174,2026-10-10,1628.3,True,2,expiring,-97.54718,63.54204
103747,NU,ATHA Energy (NU) Corp. (100%),CB173,2026-10-10,1628.8,True,2,expiring,-97.60969,63.54204
103566,NU,ATHA Energy (NU) Corp. (100%),CB131,2026-10-10,1629.1,True,2,expiring,-97.60972,64.6671
103759,NU,ATHA Energy (NU) Corp. (100%),CB185,2026-10-10,1624.0,True,2,expiring,-97.03154,63.62329
103760,NU,ATHA Energy (NU) Corp. (100%),CB186,2026-10-10,1624.0,True,2,expiring,-97.3753,63.6233
103725,NU,ATHA Energy (NU) Corp. (100%),CB166,2026-10-10,1624.1,True,2,expiring,-96.90653,63.61705
103192,NU,ATHA Energy (NU) Corp. (100%),CB10,2026-10-10,331.0,True,2,expiring,-99.60984,64.2483
103266,NU,ATHA Energy (NU) Corp. (100%),CB31,2026-10-10,883.2,True,2,expiring,-97.59018,64.53165
1098301,BC,"VON EINSIEDEL, CARL ALEXANDER",HMEE,2026-10-10,462.4,False,2,expiring,-119.96061,51.53535
103931,NU,ATHA Energy (NU) Corp. (100%),CB302,2026-10-10,764.1,True,2,expiring,-97.68395,64.72958
103421,NU,ATHA Energy (NU) Corp. (100%),CB83,2026-10-10,748.7,True,2,expiring,-99.06295,64.69834
103153,NU,ATHA Energy (NU) Corp. (100%),CB2,2026-10-10,958.7,True,2,expiring,-98.3832,64.26708
207522,BC,GOLDEN CARIBOO RESOURCES LTD.,WONDER #6,2026-10-10,25.0,False,2,expiring,-121.53378,53.11154
104011,NU,5833 Nunavut Ltd. (100%),,2026-10-10,944.5,True,2,expiring,-98.67225,62.66285
103226,NU,ATHA Energy (NU) Corp. (100%),CB20,2026-10-10,561.2,True,2,expiring,-99.35592,64.30248
103208,NU,ATHA Energy (NU) Corp. (100%),CB15,2026-10-10,528.4,True,2,expiring,-99.01214,64.28995
103289,NU,ATHA Energy (NU) Corp. (100%),CB39,2026-10-10,523.5,True,2,expiring,-97.43783,64.48996
103577,NU,ATHA Energy (NU) Corp. (100%),CB141,2026-10-10,847.9,True,2,expiring,-97.51597,64.64623
103219,NU,ATHA Energy (NU) Corp. (100%),CB18,2026-10-10,791.7,True,2,expiring,-99.50046,64.31914
103285,NU,ATHA Energy (NU) Corp. (100%),CB38,2026-10-10,786.2,True,2,expiring,-97.2972,64.50667
103241,NU,ATHA Energy (NU) Corp. (100%),CB24,2026-10-10,777.2,True,2,expiring,-99.55515,64.25455
103807,NU,ATHA Energy (NU) Corp. (100%),CB233,2026-10-10,515.4,True,2,expiring,-98.17228,64.98168
1102801,BC,"VON EINSIEDEL, CARL ALEXANDER",HME_BTM,2026-10-10,80.4,False,2,expiring,-119.96999,51.52285
104974,NU,6081 Nunavut Ltd. (100%),,2026-10-10,218.5,True,2,expiring,-95.42597,63.8108
103211,NU,ATHA Energy (NU) Corp. (100%),CB16,2026-10-10,165.3,True,2,expiring,-99.1059,64.27332
103476,NU,ATHA Energy (NU) Corp. (100%),DA9,2026-10-10,730.4,True,2,expiring,-98.10192,64.14623
103179,NU,ATHA Energy (NU) Corp. (100%),CB8,2026-10-10,641.8,True,2,expiring,-98.87152,64.31912
207523,BC,GOLDEN CARIBOO RESOURCES LTD.,RAINBOW NO. 1,2026-10-10,25.0,False,2,expiring,-121.53923,53.11425
207524,BC,GOLDEN CARIBOO RESOURCES LTD.,RAINBOW NO. 2,2026-10-10,25.0,False,2,expiring,-121.53394,53.11687
207525,BC,GOLDEN CARIBOO RESOURCES LTD.,WONDER NO.2,2026-10-10,25.0,False,2,expiring,-121.52586,53.10484
207526,BC,GOLDEN CARIBOO RESOURCES LTD.,WONDER NO.4,2026-10-10,25.0,False,2,expiring,-121.52982,53.10819
103393,NU,ATHA Energy (NU) Corp. (100%),CB75,2026-10-10,605.3,True,2,expiring,-99.60595,64.55666
1069700,BC,"VON EINSIEDEL, CARL ALEXANDER",HME,2026-10-10,824.3,False,2,expiring,-120.00437,51.53951
1116602,BC,"SCOTT, STEVEN JEFFREY",,2026-10-10,18.6,False,2,expiring,-128.07363,54.7936
1042930,BC,GOLDEN CARIBOO RESOURCES LTD.,RM1,2026-10-10,19.4,False,2,expiring,-121.54201,53.11454
1095194,BC,"VON EINSIEDEL, CARL ALEXANDER",,2026-10-10,20.1,False,2,expiring,-119.97936,51.53118
1107988,BC,"FALLIS, GLENN",,2026-10-10,21.0,False,2,expiring,-120.3231,49.44779
103763,NU,ATHA Energy (NU) Corp. (100%),CB189,2026-10-10,1623.2,True,2,expiring,-97.29718,63.63164
103234,NU,ATHA Energy (NU) Corp. (100%),,2026-10-10,1574.0,True,2,expiring,-98.53165,64.48999
104485,NU,5833 Nunavut Ltd. (100%),ANG2,2026-10-10,1715.6,True,2,expiring,-98.99258,62.6545
104005,NU,5833 Nunavut Ltd. (100%),,2026-10-10,1731.4,True,2,expiring,-98.82851,62.66286
104006,NU,5833 Nunavut Ltd. (100%),,2026-10-10,1731.5,True,2,expiring,-98.73866,62.66283
104007,NU,5833 Nunavut Ltd. (100%),,2026-10-10,1731.9,True,2,expiring,-98.91446,62.66075
104010,NU,5833 Nunavut Ltd. (100%),,2026-10-10,1746.7,True,2,expiring,-98.89882,62.7191
103594,NU,ATHA Energy (NU) Corp. (100%),CB151,2026-10-10,1623.7,True,2,expiring,-96.7737,63.62743
103765,NU,ATHA Energy (NU) Corp. (100%),CB191,2026-10-10,1623.9,True,2,expiring,-97.23467,63.65035
103375,NU,ATHA Energy (NU) Corp. (100%),DBA58,2026-10-10,1624.0,True,2,expiring,-98.81294,64.75668
103762,NU,ATHA Energy (NU) Corp. (100%),CB188,2026-10-10,1624.9,True,2,expiring,-97.29718,63.5983
103753,NU,ATHA Energy (NU) Corp. (100%),CB179,2026-10-10,1625.0,True,2,expiring,-97.46125,63.60038
103757,NU,ATHA Energy (NU) Corp. (100%),CB183,2026-10-10,1625.8,True,2,expiring,-97.14092,63.58163
103775,NU,ATHA Energy (NU) Corp. (100%),CB201,2026-10-10,1622.2,True,2,expiring,-97.07841,63.65038
103772,NU,ATHA Energy (NU) Corp. (100%),CB198,2026-10-10,1622.6,True,2,expiring,-96.96903,63.63994
103768,NU,ATHA Energy (NU) Corp. (100%),CB194,2026-10-10,1622.6,True,2,expiring,-97.17217,63.6483
103466,NU,ATHA Energy (NU) Corp. (100%),DA4,2026-10-10,1574.1,True,2,expiring,-97.63705,64.19832
103758,NU,ATHA Energy (NU) Corp. (100%),CB184,2026-10-10,1623.7,True,2,expiring,-96.97684,63.60036
1095192,BC,"VON EINSIEDEL, CARL ALEXANDER",,2026-10-10,100.6,False,2,expiring,-120.01687,51.52701
104008,NU,5833 Nunavut Ltd. (100%),,2026-10-10,1641.7,True,2,expiring,-98.78554,62.7066
103592,NU,ATHA Energy (NU) Corp. (100%),CB149,2026-10-10,1696.7,True,2,expiring,-97.22686,63.5462
103744,NU,ATHA Energy (NU) Corp. (100%),CB170,2026-10-10,1632.2,True,2,expiring,-97.60969,63.48162
103743,NU,ATHA Energy (NU) Corp. (100%),CB169,2026-10-10,1632.6,True,2,expiring,-97.7347,63.46494
103444,NU,ATHA Energy (NU) Corp. (100%),,2026-10-10,1633.1,True,2,expiring,-98.48478,64.61914
103742,NU,ATHA Energy (NU) Corp. (100%),CB168,2026-10-10,1633.6,True,2,expiring,-97.68782,63.45035
103446,NU,ATHA Energy (NU) Corp. (100%),DBA76,2026-10-10,1636.8,True,2,expiring,-99.13326,64.54833
103467,NU,ATHA Energy (NU) Corp. (100%),DA5,2026-10-10,1638.5,True,2,expiring,-97.73081,64.2441
103431,NU,ATHA Energy (NU) Corp. (100%),DBA74,2026-10-10,1639.9,True,2,expiring,-99.19186,64.48584
1102440,BC,GOLDEN CARIBOO RESOURCES LTD.,YES,2026-10-10,58.2,False,2,expiring,-121.5342,53.10829
1095193,BC,"VON EINSIEDEL, CARL ALEXANDER",,2026-10-10,60.3,False,2,expiring,-119.99186,51.51868
1139049,BC,"LORENZEN, LEE TAYLOR",Gold Coin,2026-10-10,168.5,False,2,expiring,-117.36361,49.31451
103281,NU,ATHA Energy (NU) Corp. (100%),CB36,2026-10-10,1569.7,True,2,expiring,-97.2972,64.565
103333,NU,ATHA Energy (NU) Corp. (100%),CB56,2026-10-10,1576.3,True,2,expiring,-99.62548,64.43997
103332,NU,ATHA Energy (NU) Corp. (100%),CB55,2026-10-10,1576.7,True,2,expiring,-99.81298,64.43999
103335,NU,ATHA Energy (NU) Corp. (100%),CB57,2026-10-10,1576.8,True,2,expiring,-99.43796,64.43998
103230,NU,ATHA Energy (NU) Corp. (100%),,2026-10-10,1576.8,True,2,expiring,-98.43789,64.43999
103305,NU,ATHA Energy (NU) Corp. (100%),,2026-10-10,1568.1,True,2,expiring,-97.79724,64.59833
103307,NU,ATHA Energy (NU) Corp. (100%),,2026-10-10,1568.3,True,2,expiring,-97.89099,64.59833
103256,NU,ATHA Energy (NU) Corp. (100%),CB28,2026-10-10,1568.7,True,2,expiring,-97.5941,64.57333
103569,NU,ATHA Energy (NU) Corp. (100%),CB134,2026-10-10,1578.1,True,2,expiring,-97.42612,64.71081
103426,NU,ATHA Energy (NU) Corp. (100%),DBA73,2026-10-10,1570.3,True,2,expiring,-99.00044,64.55664
103330,NU,ATHA Energy (NU) Corp. (100%),CB53,2026-10-10,1578.2,True,2,expiring,-99.62548,64.4233
103316,NU,ATHA Energy (NU) Corp. (100%),CB46,2026-10-10,1579.1,True,2,expiring,-99.65672,64.40663
103314,NU,ATHA Energy (NU) Corp. (100%),CB45,2026-10-10,1579.1,True,2,expiring,-99.46922,64.40666
103143,NU,ATHA Energy (NU) Corp. (100%),,2026-10-10,1580.2,True,2,expiring,-98.54727,64.38166
103299,NU,ATHA Energy (NU) Corp. (100%),,2026-10-10,1569.5,True,2,expiring,-97.81286,64.56918
103297,NU,ATHA Energy (NU) Corp. (100%),,2026-10-10,1569.6,True,2,expiring,-97.93786,64.56915
103158,NU,ATHA Energy (NU) Corp. (100%),CB3,2026-10-10,1570.8,True,2,expiring,-98.4457,64.2712
103337,NU,ATHA Energy (NU) Corp. (100%),,2026-10-10,1566.6,True,2,expiring,-98.09413,64.62334
103858,NU,ATHA Energy (NU) Corp. (100%),,2026-10-10,1567.2,True,2,expiring,-98.98875,65.45252
103356,NU,ATHA Energy (NU) Corp. (100%),DBA55,2026-10-10,1567.4,True,2,expiring,-98.68792,64.60665
103580,NU,ATHA Energy (NU) Corp. (100%),,2026-10-10,1611.5,True,2,expiring,-99.93802,64.95667
103309,NU,ATHA Energy (NU) Corp. (100%),,2026-10-10,1567.6,True,2,expiring,-97.96912,64.60664
103422,NU,ATHA Energy (NU) Corp. (100%),DBA72,2026-10-10,1567.6,True,2,expiring,-99.00044,64.60664
103730,NU,ATHA Energy (NU) Corp. (100%),,2026-10-10,1585.0,True,2,expiring,-100.00053,65.41083
103235,NU,ATHA Energy (NU) Corp. (100%),CB23,2026-10-10,1586.3,True,2,expiring,-99.54734,64.28166
103167,NU,ATHA Energy (NU) Corp. (100%),CB5,2026-10-10,1587.0,True,2,expiring,-98.76603,64.26497
103166,NU,ATHA Energy (NU) Corp. (100%),,2026-10-10,1580.8,True,2,expiring,-98.90667,64.37332
103191,NU,ATHA Energy (NU) Corp. (100%),,2026-10-10,1580.8,True,2,expiring,-99.3442,64.37333
103156,NU,ATHA Energy (NU) Corp. (100%),,2026-10-10,1580.8,True,2,expiring,-98.78166,64.37331
103214,NU,ATHA Energy (NU) Corp. (100%),,2026-10-10,1580.8,True,2,expiring,-99.65672,64.37332
103186,NU,ATHA Energy (NU) Corp. (100%),,2026-10-10,1580.8,True,2,expiring,-99.21919,64.3733
103350,NU,ATHA Energy (NU) Corp. (100%),CB61,2026-10-10,1575.1,True,2,expiring,-99.40671,64.47332
103331,NU,ATHA Energy (NU) Corp. (100%),CB54,2026-10-10,1577.7,True,2,expiring,-99.81298,64.42333
103228,NU,ATHA Energy (NU) Corp. (100%),,2026-10-10,1577.1,True,2,expiring,-98.5004,64.43997
103456,NU,ATHA Energy (NU) Corp. (100%),CB100,2026-10-10,1563.0,True,2,expiring,-98.60979,64.68168
103403,NU,ATHA Energy (NU) Corp. (100%),DBA65,2026-10-10,1562.8,True,2,expiring,-98.87544,64.69
103367,NU,ATHA Energy (NU) Corp. (100%),DBA57,2026-10-10,1562.7,True,2,expiring,-98.75043,64.68998
103320,NU,ATHA Energy (NU) Corp. (100%),,2026-10-10,1562.6,True,2,expiring,-97.71911,64.68998
103363,NU,ATHA Energy (NU) Corp. (100%),,2026-10-10,1562.4,True,2,expiring,-98.0785,64.69834
103419,NU,ATHA Energy (NU) Corp. (100%),DBA71,2026-10-10,1564.6,True,2,expiring,-99.00044,64.65664
103353,NU,ATHA Energy (NU) Corp. (100%),,2026-10-10,1564.5,True,2,expiring,-98.32852,64.66501
103322,NU,ATHA Energy (NU) Corp. (100%),,2026-10-10,1564.4,True,2,expiring,-97.79724,64.66501
103329,NU,ATHA Energy (NU) Corp. (100%),CB52,2026-10-10,1577.8,True,2,expiring,-99.43796,64.42332
103380,NU,ATHA Energy (NU) Corp. (100%),CB71,2026-10-10,1572.8,True,2,expiring,-99.73486,64.51497
103382,NU,ATHA Energy (NU) Corp. (100%),CB72,2026-10-10,1572.8,True,2,expiring,-99.6411,64.51499
103838,NU,ATHA Energy (NU) Corp. (100%),,2026-10-10,1572.7,True,2,expiring,-99.41065,65.35668
103263,NU,ATHA Energy (NU) Corp. (100%),,2026-10-10,1575.1,True,2,expiring,-98.09412,64.47333
103325,NU,ATHA Energy (NU) Corp. (100%),,2026-10-10,1611.3,True,2,expiring,-97.891,64.70042
103258,NU,ATHA Energy (NU) Corp. (100%),,2026-10-10,1575.2,True,2,expiring,-98.21913,64.4733
103255,NU,ATHA Energy (NU) Corp. (100%),,2026-10-10,1575.2,True,2,expiring,-98.28163,64.47332
103269,NU,ATHA Energy (NU) Corp. (100%),CB33,2026-10-10,1572.5,True,2,expiring,-97.64097,64.515
103277,NU,ATHA Energy (NU) Corp. (100%),,2026-10-10,1572.3,True,2,expiring,-98.12538,64.52334
103406,NU,ATHA Energy (NU) Corp. (100%),DBA66,2026-10-10,1563.7,True,2,expiring,-98.93794,64.67333
103457,NU,ATHA Energy (NU) Corp. (100%),CB101,2026-10-10,1563.3,True,2,expiring,-98.51603,64.68167
103458,NU,ATHA Energy (NU) Corp. (100%),CB102,2026-10-10,1563.3,True,2,expiring,-98.42228,64.68166
103284,NU,ATHA Energy (NU) Corp. (100%),CB37,2026-10-10,1572.0,True,2,expiring,-97.2972,64.53166
103359,NU,ATHA Energy (NU) Corp. (100%),CB64,2026-10-10,1575.3,True,2,expiring,-99.59422,64.47333
103147,NU,ATHA Energy (NU) Corp. (100%),,2026-10-10,1580.2,True,2,expiring,-98.64103,64.38165
103210,NU,ATHA Energy (NU) Corp. (100%),,2026-10-10,1580.6,True,2,expiring,-99.59422,64.37333
103203,NU,ATHA Energy (NU) Corp. (100%),,2026-10-10,1580.6,True,2,expiring,-99.46921,64.3733
103242,NU,ATHA Energy (NU) Corp. (100%),,2026-10-10,1571.9,True,2,expiring,-98.53166,64.5275
103388,NU,ATHA Energy (NU) Corp. (100%),CB74,2026-10-10,1571.1,True,2,expiring,-99.65673,64.53997
103204,NU,ATHA Energy (NU) Corp. (100%),,2026-10-10,1580.9,True,2,expiring,-99.53172,64.37331
103173,NU,ATHA Energy (NU) Corp. (100%),,2026-10-10,1580.6,True,2,expiring,-99.03168,64.37331
103151,NU,ATHA Energy (NU) Corp. (100%),,2026-10-10,1580.6,True,2,expiring,-98.71916,64.3733
103357,NU,ATHA Energy (NU) Corp. (100%),CB63,2026-10-10,1574.9,True,2,expiring,-99.53172,64.47332
103372,NU,ATHA Energy (NU) Corp. (100%),CB68,2026-10-10,1574.9,True,2,expiring,-99.84424,64.47333
103574,NU,ATHA Energy (NU) Corp. (100%),CB139,2026-10-10,1581.7,True,2,expiring,-97.30502,64.64415
103227,NU,ATHA Energy (NU) Corp. (100%),DBA30,2026-10-10,1592.8,True,2,expiring,-99.51608,64.16498
103174,NU,ATHA Energy (NU) Corp. (100%),DBA15,2026-10-10,1592.8,True,2,expiring,-98.76603,64.16498
103216,NU,ATHA Energy (NU) Corp. (100%),DBA25,2026-10-10,1592.8,True,2,expiring,-99.23481,64.16496
103206,NU,ATHA Energy (NU) Corp. (100%),DBA23,2026-10-10,1590.9,True,2,expiring,-99.14106,64.19831
103224,NU,ATHA Energy (NU) Corp. (100%),DBA29,2026-10-10,1590.9,True,2,expiring,-99.51608,64.19831
103196,NU,ATHA Energy (NU) Corp. (100%),DBA22,2026-10-10,1591.1,True,2,expiring,-99.0473,64.19832
103187,NU,ATHA Energy (NU) Corp. (100%),DBA19,2026-10-10,1591.1,True,2,expiring,-98.95354,64.19829
103148,NU,ATHA Energy (NU) Corp. (100%),DBA5,2026-10-10,1591.4,True,2,expiring,-98.391,64.18165
103324,NU,ATHA Energy (NU) Corp. (100%),CB48,2026-10-10,1595.7,True,2,expiring,-99.80517,64.4004
103178,NU,ATHA Energy (NU) Corp. (100%),,2026-10-10,1580.9,True,2,expiring,-99.09418,64.37333
103726,NU,ATHA Energy (NU) Corp. (100%),,2026-10-10,1588.7,True,2,expiring,-100.06304,65.36086
103672,NU,ATHA Energy (NU) Corp. (100%),,2026-10-10,1595.0,True,2,expiring,-100.20366,65.24414
103250,NU,ATHA Energy (NU) Corp. (100%),,2026-10-10,1593.4,True,2,expiring,-98.43788,64.15663
103245,NU,ATHA Energy (NU) Corp. (100%),DBA35,2026-10-10,1593.4,True,2,expiring,-98.6254,64.15662
103220,NU,ATHA Energy (NU) Corp. (100%),DBA27,2026-10-10,1592.9,True,2,expiring,-99.42232,64.16497
103240,NU,ATHA Energy (NU) Corp. (100%),DBA34,2026-10-10,1592.9,True,2,expiring,-99.62546,64.16081
103262,NU,ATHA Energy (NU) Corp. (100%),DBA36,2026-10-10,1595.9,True,2,expiring,-98.20349,64.10663
103327,NU,ATHA Energy (NU) Corp. (100%),,2026-10-10,1596.5,True,2,expiring,-97.96912,64.65872
103169,NU,ATHA Energy (NU) Corp. (100%),,2026-10-10,1580.7,True,2,expiring,-98.96918,64.3733
103409,NU,ATHA Energy (NU) Corp. (100%),DBA67,2026-10-10,1592.4,True,2,expiring,-98.87544,64.73584
103199,NU,ATHA Energy (NU) Corp. (100%),DBA23,2026-10-10,1592.5,True,2,expiring,-99.0473,64.16498
103215,NU,ATHA Energy (NU) Corp. (100%),,2026-10-10,1580.7,True,2,expiring,-99.71923,64.3733
103190,NU,ATHA Energy (NU) Corp. (100%),,2026-10-10,1580.7,True,2,expiring,-99.2817,64.37331
103189,NU,ATHA Energy (NU) Corp. (100%),DBA20,2026-10-10,1592.5,True,2,expiring,-98.95354,64.16496
103165,NU,ATHA Energy (NU) Corp. (100%),DBA12,2026-10-10,1592.5,True,2,expiring,-98.6254,64.17329
103209,NU,ATHA Energy (NU) Corp. (100%),DBA24,2026-10-10,1592.5,True,2,expiring,-99.14105,64.16498
103550,NU,ATHA Energy (NU) Corp. (100%),CB116,2026-10-10,1575.8,True,2,expiring,-97.73475,65.02957
103354,NU,ATHA Energy (NU) Corp. (100%),CB62,2026-10-10,1575.0,True,2,expiring,-99.46922,64.4733
103362,NU,ATHA Energy (NU) Corp. (100%),CB65,2026-10-10,1575.1,True,2,expiring,-99.65673,64.47332
103593,NU,ATHA Energy (NU) Corp. (100%),CB150,2026-10-10,1610.8,True,2,expiring,-97.02373,63.58162
103373,NU,ATHA Energy (NU) Corp. (100%),CB69,2026-10-10,1575.0,True,2,expiring,-99.78174,64.47332
103201,NU,ATHA Energy (NU) Corp. (100%),CB13,2026-10-10,1587.1,True,2,expiring,-98.95354,64.26496
103461,NU,ATHA Energy (NU) Corp. (100%),DA2,2026-10-10,1608.4,True,2,expiring,-97.7894,64.17956
103176,NU,ATHA Energy (NU) Corp. (100%),CB7,2026-10-10,1585.0,True,2,expiring,-98.76604,64.29832
103182,NU,ATHA Energy (NU) Corp. (100%),CB9,2026-10-10,1584.9,True,2,expiring,-98.85979,64.29833
103549,NU,ATHA Energy (NU) Corp. (100%),CB115,2026-10-10,1608.1,True,2,expiring,-97.766,65.02124
103774,NU,ATHA Energy (NU) Corp. (100%),CB200,2026-10-10,1620.0,True,2,expiring,-97.03154,63.68996
103247,NU,ATHA Energy (NU) Corp. (100%),CB25,2026-10-10,1587.2,True,2,expiring,-99.64109,64.26498
103195,NU,ATHA Energy (NU) Corp. (100%),CB11,2026-10-10,1587.3,True,2,expiring,-98.85979,64.26498
103340,NU,ATHA Energy (NU) Corp. (100%),DBA51,2026-10-10,1587.4,True,2,expiring,-97.76988,64.28789
103205,NU,ATHA Energy (NU) Corp. (100%),CB14,2026-10-10,1587.8,True,2,expiring,-99.09418,64.25664
103260,NU,ATHA Energy (NU) Corp. (100%),,2026-10-10,1575.3,True,2,expiring,-98.15662,64.47333
103239,NU,ATHA Energy (NU) Corp. (100%),,2026-10-10,1574.1,True,2,expiring,-98.40664,64.48999
103237,NU,ATHA Energy (NU) Corp. (100%),,2026-10-10,1574.2,True,2,expiring,-98.46914,64.48997
103766,NU,ATHA Energy (NU) Corp. (100%),CB192,2026-10-10,1619.9,True,2,expiring,-97.21905,63.68994
103198,NU,ATHA Energy (NU) Corp. (100%),CB12,2026-10-10,1584.8,True,2,expiring,-98.95355,64.2983
103773,NU,ATHA Energy (NU) Corp. (100%),CB199,2026-10-10,1619.8,True,2,expiring,-96.96903,63.68994
103197,NU,ATHA Energy (NU) Corp. (100%),,2026-10-10,1580.7,True,2,expiring,-99.40671,64.37332
103365,NU,ATHA Energy (NU) Corp. (100%),CB66,2026-10-10,1574.9,True,2,expiring,-99.71923,64.4733
103710,NU,ATHA Energy (NU) Corp. (100%),CB158,2026-10-10,1584.6,True,2,expiring,-97.2464,63.72327
103604,NU,ATHA Energy (NU) Corp. (100%),,2026-10-10,1588.4,True,2,expiring,-100.45368,65.06913
103223,NU,ATHA Energy (NU) Corp. (100%),CB19,2026-10-10,1584.4,True,2,expiring,-99.53172,64.30666
103161,NU,ATHA Energy (NU) Corp. (100%),,2026-10-10,1580.7,True,2,expiring,-98.84417,64.37333
103168,NU,ATHA Energy (NU) Corp. (100%),DBA13,2026-10-10,1589.0,True,2,expiring,-98.76603,64.23164
103181,NU,ATHA Energy (NU) Corp. (100%),,2026-10-10,1580.6,True,2,expiring,-99.15669,64.37332
100267,NU,Baffinland Iron Mines Corporation (100%),NC 91,2026-10-11,1337.0,True,3,expiring,-77.224,70.90079
F57006,NU,North Country Gold Corp. (100%),BLUFF 4,2026-10-11,987.4,True,3,expiring,-91.37857,66.68399
F57005,NU,North Country Gold Corp. (100%),BLUFF 3,2026-10-11,978.3,True,3,expiring,-91.37794,66.64306
MC00022401,SK,Geiger Energy Corporation: 100.000%,,2026-10-11,501.7,False,3,expiring,-106.35286,56.42538
MC00022413,SK,Geiger Energy Corporation: 100.000%,,2026-10-11,723.9,False,3,expiring,-106.27059,56.46892
MC00022403,SK,Geiger Energy Corporation: 100.000%,,2026-10-11,785.3,False,3,expiring,-106.27384,56.41798
1047184,BC,"KING, DEAN WAYNE",ANT,2026-10-11,39.4,False,3,expiring,-121.59824,52.39993
F57003,NU,North Country Gold Corp. (100%),BLUFF 1,2026-10-11,976.5,True,3,expiring,-91.48077,66.65294
MC00022421,SK,Geiger Energy Corporation: 100.000%,,2026-10-11,1641.5,False,3,expiring,-106.17344,56.53069
MC00022437,SK,Geiger Energy Corporation: 100.000%,,2026-10-11,2006.2,False,3,expiring,-106.12356,56.65435
F57004,NU,North Country Gold Corp. (100%),BLUFF 2,2026-10-11,976.0,True,3,expiring,-91.42934,66.64304
F57010,NU,North Country Gold Corp. (100%),BLUFF 5,2026-10-11,968.6,True,3,expiring,-91.3266,66.64298
100265,NU,Baffinland Iron Mines Corporation (100%),NC 80,2026-10-11,1334.3,True,3,expiring,-77.28651,70.94038
100266,NU,Baffinland Iron Mines Corporation (100%),NC 90,2026-10-11,1334.1,True,3,expiring,-77.224,70.94246
MC00022390,SK,Geiger Energy Corporation: 100.000%,,2026-10-11,895.2,False,3,expiring,-106.41888,56.37444
F57011,NU,North Country Gold Corp. (100%),BLUFF 6,2026-10-11,993.9,True,3,expiring,-91.32646,66.6938
F57012,NU,North Country Gold Corp. (100%),BLUFF 7,2026-10-11,1001.4,True,3,expiring,-91.27403,66.71422
MC00022397,SK,Geiger Energy Corporation: 100.000%,,2026-10-11,48.7,False,3,expiring,-106.36944,56.40714
MC00022411,SK,Geiger Energy Corporation: 100.000%,,2026-10-11,79.4,False,3,expiring,-106.23774,56.44706
MC00022395,SK,Geiger Energy Corporation: 100.000%,,2026-10-11,95.9,False,3,expiring,-106.29693,56.39258
MC00022425,SK,Geiger Energy Corporation: 100.000%,,2026-10-11,203.7,False,3,expiring,-106.07383,56.61254
MC00022423,SK,Geiger Energy Corporation: 100.000%,,2026-10-11,223.4,False,3,expiring,-106.11682,56.5708
MC00022407,SK,Geiger Energy Corporation: 100.000%,,2026-10-11,252.2,False,3,expiring,-106.32002,56.45626
MC00022431,SK,Geiger Energy Corporation: 100.000%,,2026-10-11,315.7,False,3,expiring,-106.05709,56.63982
MC00022427,SK,Geiger Energy Corporation: 100.000%,,2026-10-11,1052.9,False,3,expiring,-106.16014,56.60349
1116629,BC,"SCOTT, STEVEN JEFFREY",,2026-10-11,17.0,False,3,expiring,-132.42367,58.33099
410461,BC,"WHYTOCK, ANDREW DALGARNO",CATARACT,2026-10-12,50.0,False,4,expiring,-124.73909,49.1834
MC00019195,SK,Geiger Energy Corporation: 100.000%,,2026-10-12,634.7,False,4,expiring,-105.56822,55.33159
1111910,BC,"SCHEEPERS, BRADLEY KEVIN",Chesterville,2026-10-12,38.9,False,4,expiring,-121.73266,53.02703
009702M,NL,Labrador Uranium Inc. (66%)/Anthem Resources Inc. (34%),Otter Lake Brook,2026-10-12,1494.6,False,4,expiring,-59.84673,54.6311
410462,BC,"WHYTOCK, ANDREW DALGARNO",DUKE OF YORK,2026-10-12,50.0,False,4,expiring,-124.72956,49.18268
1117094,BC,"LEE, DAVID SAMUEL",WHIPSAW PORTAL,2026-10-12,21.1,False,4,expiring,-120.64185,49.31444
MC00019196,SK,Evan L Bell: 100.000%,,2026-10-13,2287.4,False,5,expiring,-104.56231,56.44202
M11616,NT,Trinex Lithium Ltd. (100%),ML 02,2026-10-13,1175.9,True,5,expiring,-109.84965,63.84555
MC00019207,SK,Evan L Bell: 100.000%,,2026-10-13,1369.9,False,5,expiring,-104.92784,56.45116
M11626,NT,Trinex Lithium Ltd. (100%),ML 12,2026-10-13,1175.9,True,5,expiring,-109.80454,63.71056
M11618,NT,Trinex Lithium Ltd. (100%),ML 04,2026-10-13,1175.6,True,5,expiring,-109.90222,63.80108
M11623,NT,Trinex Lithium Ltd. (100%),ML 09,2026-10-13,1175.7,True,5,expiring,-109.80264,63.75542
M11615,NT,Trinex Lithium Ltd. (100%),ML 01,2026-10-13,1175.7,True,5,expiring,-109.90047,63.84595
M11648,NT,Trinex Lithium Ltd. (100%),ML 34,2026-10-13,1175.6,True,5,expiring,-109.75,63.79985
MC00019209,SK,Evan L Bell: 100.000%,,2026-10-13,910.3,False,5,expiring,-104.45711,56.47844
MC00019203,SK,ARGO GOLD INC.: 100.000%,,2026-10-13,709.1,False,5,expiring,-105.02654,56.44392
MC00019202,SK,ARGO GOLD INC.: 100.000%,,2026-10-13,695.0,False,5,expiring,-104.78296,56.44936
MC00019199,SK,ARGO GOLD INC.: 100.000%,,2026-10-13,1441.6,False,5,expiring,-104.79289,56.42576
MC00019201,SK,ARGO GOLD INC.: 100.000%,,2026-10-13,1232.4,False,5,expiring,-104.99711,56.38566
M11619,NT,Trinex Lithium Ltd. (100%),ML 05,2026-10-13,1175.6,True,5,expiring,-109.85148,63.80069
MC00019204,SK,ARGO GOLD INC.: 100.000%,,2026-10-13,534.6,False,5,expiring,-104.45695,56.44204
033471M,NL,Herb Simms,,2026-10-13,101.3,False,5,expiring,-52.99056,47.47126
MC00019205,SK,ARGO GOLD INC.: 100.000%,,2026-10-13,333.5,False,5,expiring,-105.05954,56.3639
MC00019197,SK,ARGO GOLD INC.: 100.000%,,2026-10-13,390.5,False,5,expiring,-104.63483,56.433
MC00019210,SK,Evan L Bell: 100.000%,,2026-10-13,1114.6,False,5,expiring,-104.84882,56.45485
235327,BC,"LAMB, IRIS CHRISTINE",DUKE,2026-10-13,25.0,False,5,expiring,-117.05698,49.26716
MC00019206,SK,Evan L Bell: 100.000%,,2026-10-13,1052.8,False,5,expiring,-104.56231,56.45666
MC00019200,SK,ARGO GOLD INC.: 100.000%,,2026-10-13,869.0,False,5,expiring,-104.72036,56.45115
MC00019198,SK,IVARS AZIS: 100.000%,,2026-10-13,508.3,False,5,expiring,-104.99123,55.37524
MC00016276,SK,NXE ENERGY SW3 LTD.: 100.000%,,2026-10-13,517.0,False,5,expiring,-107.87645,57.53594
MC00016274,SK,NXE ENERGY SW3 LTD.: 100.000%,,2026-10-13,518.1,False,5,expiring,-107.86274,57.55219
MC00019208,SK,Evan L Bell: 100.000%,,2026-10-13,923.5,False,5,expiring,-104.53614,56.47112
YF98942,YK,Naughty Ventures Corp. - 100%,ANA 62,2026-10-14,19.6,True,6,expiring,-137.85554,64.18954
YF98964,YK,Naughty Ventures Corp. - 100%,ANA 84,2026-10-14,19.6,True,6,expiring,-137.83626,64.19322
1120357,BC,"BOHNI, PETER MICHAEL",PATSY NO. 2,2026-10-14,21.0,False,6,expiring,-120.16685,49.35196
YF98930,YK,Naughty Ventures Corp. - 100%,ANA 50,2026-10-14,19.6,True,6,expiring,-137.87482,64.18584
YF98979,YK,Naughty Ventures Corp. - 100%,ANA 99,2026-10-14,19.6,True,6,expiring,-137.84195,64.22614
YF98980,YK,Naughty Ventures Corp. - 100%,ANA 100,2026-10-14,19.7,True,6,expiring,-137.83252,64.22594
YF98975,YK,Naughty Ventures Corp. - 100%,ANA 95,2026-10-14,19.6,True,6,expiring,-137.84288,64.21796
YF98945,YK,Naughty Ventures Corp. - 100%,ANA 65,2026-10-14,19.6,True,6,expiring,-137.86403,64.19791
1116670,BC,"KATZ, DOV",Kammat Lake,2026-10-14,21.1,False,6,expiring,-124.58576,49.16856
YF98931,YK,Naughty Ventures Corp. - 100%,ANA 51,2026-10-14,19.6,True,6,expiring,-137.88378,64.19014
YF98924,YK,Naughty Ventures Corp. - 100%,ANA 44,2026-10-14,19.6,True,6,expiring,-137.87621,64.17358
YF98944,YK,Naughty Ventures Corp. - 100%,ANA 64,2026-10-14,19.6,True,6,expiring,-137.85508,64.19362
YF98940,YK,Naughty Ventures Corp. - 100%,ANA 60,2026-10-14,19.6,True,6,expiring,-137.85601,64.18544
YF98962,YK,Naughty Ventures Corp. - 100%,ANA 82,2026-10-14,19.7,True,6,expiring,-137.8509,64.23044
YF98971,YK,Naughty Ventures Corp. - 100%,ANA 91,2026-10-14,19.6,True,6,expiring,-137.84381,64.20979
YF98951,YK,Naughty Ventures Corp. - 100%,ANA 71,2026-10-14,19.6,True,6,expiring,-137.86264,64.21018
YF98956,YK,Naughty Ventures Corp. - 100%,ANA 76,2026-10-14,19.6,True,6,expiring,-137.8523,64.21816
YF98954,YK,Naughty Ventures Corp. - 100%,ANA 74,2026-10-14,19.6,True,6,expiring,-137.85276,64.21408
YF98934,YK,Naughty Ventures Corp. - 100%,ANA 54,2026-10-14,19.6,True,6,expiring,-137.8574,64.17318
YF98974,YK,Naughty Ventures Corp. - 100%,ANA 94,2026-10-14,19.6,True,6,expiring,-137.83393,64.21367
YF98926,YK,Naughty Ventures Corp. - 100%,ANA 46,2026-10-14,19.6,True,6,expiring,-137.87575,64.17766
YF98960,YK,Naughty Ventures Corp. - 100%,ANA 80,2026-10-14,19.6,True,6,expiring,-137.85136,64.22635
YF98969,YK,Naughty Ventures Corp. - 100%,ANA 89,2026-10-14,19.6,True,6,expiring,-137.84427,64.20569
YF98946,YK,Naughty Ventures Corp. - 100%,ANA 66,2026-10-14,19.6,True,6,expiring,-137.85462,64.19771
YF98965,YK,Naughty Ventures Corp. - 100%,ANA 85,2026-10-14,19.6,True,6,expiring,-137.84521,64.19752
YF98976,YK,Naughty Ventures Corp. - 100%,ANA 96,2026-10-14,19.6,True,6,expiring,-137.83346,64.21776
YF98952,YK,Naughty Ventures Corp. - 100%,ANA 72,2026-10-14,19.7,True,6,expiring,-137.85322,64.20998
YF98973,YK,Naughty Ventures Corp. - 100%,ANA 93,2026-10-14,19.6,True,6,expiring,-137.84334,64.21388
YF98948,YK,Naughty Ventures Corp. - 100%,ANA 68,2026-10-14,19.6,True,6,expiring,-137.85415,64.20181
YF98957,YK,Naughty Ventures Corp. - 100%,ANA 77,2026-10-14,19.6,True,6,expiring,-137.86125,64.22246
YF98970,YK,Naughty Ventures Corp. - 100%,ANA 90,2026-10-14,19.6,True,6,expiring,-137.83486,64.2055
YF98927,YK,Naughty Ventures Corp. - 100%,ANA 47,2026-10-14,19.6,True,6,expiring,-137.8847,64.18195
YF98947,YK,Naughty Ventures Corp. - 100%,ANA 67,2026-10-14,19.6,True,6,expiring,-137.86357,64.202
YF98967,YK,Naughty Ventures Corp. - 100%,ANA 87,2026-10-14,19.6,True,6,expiring,-137.84474,64.2016
YF98932,YK,Naughty Ventures Corp. - 100%,ANA 52,2026-10-14,19.6,True,6,expiring,-137.87437,64.18993
YF98961,YK,Naughty Ventures Corp. - 100%,ANA 81,2026-10-14,19.7,True,6,expiring,-137.86032,64.23065
YF98935,YK,Naughty Ventures Corp. - 100%,ANA 55,2026-10-14,19.7,True,6,expiring,-137.86635,64.17747
YF98955,YK,Naughty Ventures Corp. - 100%,ANA 75,2026-10-14,19.6,True,6,expiring,-137.86172,64.21837
YF98939,YK,Naughty Ventures Corp. - 100%,ANA 59,2026-10-14,19.6,True,6,expiring,-137.86542,64.18564
YF98929,YK,Naughty Ventures Corp. - 100%,ANA 49,2026-10-14,19.6,True,6,expiring,-137.88423,64.18605
YF98977,YK,Naughty Ventures Corp. - 100%,ANA 97,2026-10-14,19.6,True,6,expiring,-137.84241,64.22206
YF98972,YK,Naughty Ventures Corp. - 100%,ANA 92,2026-10-14,19.6,True,6,expiring,-137.83439,64.20958
YF98925,YK,Naughty Ventures Corp. - 100%,ANA 45,2026-10-14,19.7,True,6,expiring,-137.88516,64.17786
YF98966,YK,Naughty Ventures Corp. - 100%,ANA 86,2026-10-14,19.7,True,6,expiring,-137.83579,64.19732
YF98938,YK,Naughty Ventures Corp. - 100%,ANA 58,2026-10-14,19.7,True,6,expiring,-137.85647,64.18136
YF98953,YK,Naughty Ventures Corp. - 100%,ANA 73,2026-10-14,19.7,True,6,expiring,-137.86218,64.21428
1126952,BC,"FUNK, KELLY BRENT",,2026-10-14,54.4,False,6,expiring,-129.54411,55.90812
YF98936,YK,Naughty Ventures Corp. - 100%,ANA 56,2026-10-14,19.6,True,6,expiring,-137.85694,64.17727
YF98950,YK,Naughty Ventures Corp. - 100%,ANA 70,2026-10-14,19.7,True,6,expiring,-137.85369,64.2059
YF98959,YK,Naughty Ventures Corp. - 100%,ANA 79,2026-10-14,19.7,True,6,expiring,-137.86079,64.22655
YF98923,YK,Naughty Ventures Corp. - 100%,ANA 43,2026-10-14,19.7,True,6,expiring,-137.88562,64.17378
365488,BC,NOBLE METAL GROUP INCORPORATED,,2026-10-14,211.3,False,6,expiring,-121.4726,52.79896
YF98982,YK,Naughty Ventures Corp. - 100%,ANA 102,2026-10-14,19.0,True,6,expiring,-137.83207,64.2299
YF98933,YK,Naughty Ventures Corp. - 100%,ANA 53,2026-10-14,19.6,True,6,expiring,-137.86681,64.17337
YF98943,YK,Naughty Ventures Corp. - 100%,ANA 63,2026-10-14,19.6,True,6,expiring,-137.86449,64.19382
YF98949,YK,Naughty Ventures Corp. - 100%,ANA 69,2026-10-14,19.6,True,6,expiring,-137.86311,64.2061
YF98981,YK,Naughty Ventures Corp. - 100%,ANA 101,2026-10-14,19.6,True,6,expiring,-137.84148,64.23023
YF98928,YK,Naughty Ventures Corp. - 100%,ANA 48,2026-10-14,19.6,True,6,expiring,-137.87529,64.18176
YF98978,YK,Naughty Ventures Corp. - 100%,ANA 98,2026-10-14,19.7,True,6,expiring,-137.83299,64.22186
YF98937,YK,Naughty Ventures Corp. - 100%,ANA 57,2026-10-14,19.6,True,6,expiring,-137.86588,64.18156
YF98958,YK,Naughty Ventures Corp. - 100%,ANA 78,2026-10-14,19.6,True,6,expiring,-137.85183,64.22225
YF98941,YK,Naughty Ventures Corp. - 100%,ANA 61,2026-10-14,19.6,True,6,expiring,-137.86496,64.18974
S-104780,SK,ORANO CANADA INC.: 100.000%,,2026-10-14,4015.0,False,6,expiring,-105.11113,57.9423
YF98968,YK,Naughty Ventures Corp. - 100%,ANA 88,2026-10-14,19.6,True,6,expiring,-137.83533,64.2014
S-104779,SK,ORANO CANADA INC.: 100.000%,,2026-10-14,2352.9,False,6,expiring,-105.07656,57.98233
S-104781,SK,ORANO CANADA INC.: 100.000%,,2026-10-14,1494.2,False,6,expiring,-104.9884,57.92729
YF98963,YK,Naughty Ventures Corp. - 100%,ANA 83,2026-10-14,19.7,True,6,expiring,-137.84567,64.19342
1081475,BC,"WILLMS, KELSON",THOMPSON,2026-10-15,205.9,False,7,expiring,-119.38243,50.4124
1097899,BC,"BILLINGSLEY, RICHARD JOHN",Temp Arnie,2026-10-15,251.0,False,7,expiring,-119.95435,49.64989
1081491,BC,"WILLMS, KELSON",THOMPSON,2026-10-15,206.0,False,7,expiring,-119.41056,50.3999
1126991,BC,"DELORME, GUY RICHARD",blue rock,2026-10-15,206.4,False,7,expiring,-126.81091,50.30606
1090101,BC,"BILLINGSLEY, RICHARD JOHN",NEW CROW REA 1,2026-10-15,1965.2,False,7,expiring,-120.11999,49.6728
575641,BC,EAGLE PLAINS RESOURCES LTD.,IV,2026-10-15,283.9,False,7,expiring,-116.37916,51.13541
506793,BC,XIMEN MINING CORP,,2026-10-15,21.0,False,7,expiring,-116.05421,49.58538
1116674,BC,"FIPKE, CHARLES EDGAR",,2026-10-15,2105.7,False,7,expiring,-119.87309,49.32488
1112655,BC,ZIMTU CAPITAL CORP,Crystal Lake 1.0,2026-10-15,1914.5,False,7,expiring,-124.5328,53.71033
505469,BC,XIMEN MINING CORP,,2026-10-15,21.0,False,7,expiring,-116.06671,49.56871
505470,BC,XIMEN MINING CORP,,2026-10-15,21.0,False,7,expiring,-116.06046,49.57704
505491,BC,XIMEN MINING CORP,,2026-10-15,21.0,False,7,expiring,-116.07921,49.56038
1112656,BC,ZIMTU CAPITAL CORP,Crystal Lake 2.0,2026-10-15,1913.7,False,7,expiring,-124.4828,53.72283
1111662,BC,"WRIGHT, MATT",Sheep connect,2026-10-15,21.1,False,7,expiring,-117.18547,49.13952
1139090,BC,EAGLE PLAINS RESOURCES LTD.,ICE RIVER,2026-10-15,243.2,False,7,expiring,-116.39166,51.16041
1110991,BC,"WRIGHT, MATT",SHEEP CREEK PL,2026-10-15,21.1,False,7,expiring,-117.20422,49.13952
1110993,BC,"WRIGHT, MATT",,2026-10-15,21.1,False,7,expiring,-117.21047,49.13952
1081493,BC,"WILLMS, KELSON",THOMPSON,2026-10-15,247.1,False,7,expiring,-119.43869,50.41656
1090102,BC,"BILLINGSLEY, RICHARD JOHN",NEW CROW REA 2,2026-10-15,2069.7,False,7,expiring,-120.15437,49.6728
394287,BC,XIMEN MINING CORP,BON 1,2026-10-15,300.0,False,7,expiring,-116.03875,49.54733
1112657,BC,ZIMTU CAPITAL CORP,Crystal Lake 3.0,2026-10-15,881.0,False,7,expiring,-124.46227,53.69158
1103804,BC,"RAY, GERALD EDWIN",NORC 2,2026-10-15,316.8,False,7,expiring,-119.02929,49.17488
1092391,BC,"BILLINGSLEY, RICHARD JOHN",CROW REA 3,2026-10-15,439.3,False,7,expiring,-120.11686,49.65197
1116676,BC,"FIPKE, CHARLES EDGAR",,2026-10-15,1023.4,False,7,expiring,-119.96996,49.16862
1081477,BC,"WILLMS, KELSON",THOMPSON,2026-10-15,185.4,False,7,expiring,-119.38556,50.40198
1081479,BC,"WILLMS, KELSON",THOMPSON,2026-10-15,185.4,False,7,expiring,-119.38556,50.38948
1093139,BC,"HIDBER, JOSEPH ANTHONY",GOLD 3,2026-10-15,134.1,False,7,expiring,-130.20175,58.80811
1080928,BC,EAGLE PLAINS RESOURCES LTD.,ICE RIVER,2026-10-15,141.8,False,7,expiring,-116.35417,51.19999
1077517,BC,WEST MINING CORP.,JUNKERS,2026-10-15,1093.8,False,7,expiring,-126.90794,57.55816
1079790,BC,ZIMTU CAPITAL CORP,WHISKYJACK,2026-10-15,153.1,False,7,expiring,-124.51405,53.72492
1081492,BC,"WILLMS, KELSON",THOMPSON,2026-10-15,185.3,False,7,expiring,-119.42306,50.41031
1104497,BC,"RAY, GERALD EDWIN",NORC WEST,2026-10-15,697.1,False,7,expiring,-119.05742,49.16447
1116675,BC,"FIPKE, CHARLES EDGAR",,2026-10-15,632.0,False,7,expiring,-119.86684,49.29988
534311,BC,EAGLE PLAINS RESOURCES LTD.,IV,2026-10-15,162.2,False,7,expiring,-116.35728,51.13333
1079836,BC,WEST MINING CORP.,JUNKER WEST,2026-10-15,520.8,False,7,expiring,-126.93294,57.56025
1079837,BC,WEST MINING CORP.,JUNKER EAST,2026-10-15,486.1,False,7,expiring,-126.84543,57.55607
1102706,BC,"RAY, GERALD EDWIN",,2026-10-15,232.2,False,7,expiring,-119.02617,49.18947
1090104,BC,"BILLINGSLEY, RICHARD JOHN",NEW CROW REA 3,2026-10-15,2091.3,False,7,expiring,-120.07624,49.6603
1103825,BC,"WRIGHT, MATT",Panny DeVito,2026-10-15,169.1,False,7,expiring,-117.14172,49.14369
1081473,BC,"WILLMS, KELSON",THOMPSON,2026-10-15,267.6,False,7,expiring,-119.41994,50.42281
1078765,BC,ZIMTU CAPITAL CORP,BERNIE,2026-10-15,172.2,False,7,expiring,-124.50468,53.73534
1081476,BC,"WILLMS, KELSON",THOMPSON,2026-10-15,185.3,False,7,expiring,-119.40431,50.41031
MC00019216,SK,ARGO GOLD INC.: 100.000%,,2026-10-15,442.1,False,7,expiring,-104.18056,56.63299
1093138,BC,"HIDBER, JOSEPH ANTHONY",GOLD 2,2026-10-15,67.1,False,7,expiring,-130.2205,58.80811
1070042,BC,"KOTOVICH, SHANE OREST",BURNS MTD,2026-10-15,116.6,False,7,expiring,-121.66078,53.05412
1070199,BC,"KOTOVICH, SHANE OREST",SOUTH BURNS,2026-10-15,116.6,False,7,expiring,-121.66078,53.0437
1139087,BC,EAGLE PLAINS RESOURCES LTD.,ICE RIVER,2026-10-15,121.6,False,7,expiring,-116.38541,51.14583
1078813,BC,ZIMTU CAPITAL CORP,,2026-10-15,76.6,False,7,expiring,-124.50155,53.70825
575644,BC,EAGLE PLAINS RESOURCES LTD.,IV,2026-10-15,81.1,False,7,expiring,-116.35416,51.11666
MC00019220,SK,Ryan Kalt: 100.000%,,2026-10-15,5058.1,False,7,expiring,-104.19714,56.5384
MC00019217,SK,Ryan Kalt: 100.000%,,2026-10-15,5118.8,False,7,expiring,-104.3235,56.55656
MC00019221,SK,Ryan Kalt: 100.000%,,2026-10-15,5554.3,False,7,expiring,-104.00448,56.50932
MC00019231,SK,Ryan Kalt: 100.000%,,2026-10-15,5592.5,False,7,expiring,-105.88348,56.01658
MC00019215,SK,ARGO GOLD INC.: 100.000%,,2026-10-15,375.4,False,7,expiring,-104.7467,56.46208
1126977,BC,"MCLELLAND, DAVID J",Shannon3,2026-10-15,63.5,False,7,expiring,-124.17948,49.09149
MC00019228,SK,Ryan Kalt: 100.000%,,2026-10-15,467.5,False,7,expiring,-104.84386,56.46389
MC00019219,SK,Ryan Kalt: 100.000%,,2026-10-15,518.1,False,7,expiring,-104.4176,56.46569
MC00019218,SK,Ryan Kalt: 100.000%,,2026-10-15,572.0,False,7,expiring,-104.4932,56.42577
MC00019213,SK,ARGO GOLD INC.: 100.000%,,2026-10-15,638.8,False,7,expiring,-104.65792,56.46209
MC00019226,SK,Evan L Bell: 100.000%,,2026-10-15,690.1,False,7,expiring,-104.88166,56.45846
MC00019229,SK,Ryan Kalt: 100.000%,,2026-10-15,732.5,False,7,expiring,-104.70394,56.46208
1047016,BC,"FRANCK, KEVIN GARY",,2026-10-15,42.0,False,7,expiring,-116.16356,49.4187
1097042,BC,"WRIGHT, MATT",SLUICE WILLIS,2026-10-15,42.3,False,7,expiring,-117.19485,49.13952
410386,BC,"BUNKA, NICHOLAS",B,2026-10-15,50.0,False,7,expiring,-121.72819,53.04804
MC00019230,SK,Ryan Kalt: 100.000%,,2026-10-15,1416.8,False,7,expiring,-105.01678,56.39667
506795,BC,XIMEN MINING CORP,,2026-10-15,62.9,False,7,expiring,-116.09796,49.56037
M10570,NT,Golden Pursuit Resources Ltd. (100%),GLT 12,2026-10-15,278.8,True,7,expiring,-113.13775,63.0408
101540,NU,Baffinland Iron Mines Corporation (100%),BAF 2,2026-10-15,1727.2,True,7,expiring,-75.66775,70.56947
M10568,NT,Golden Pursuit Resources Ltd. (100%),GLT 10,2026-10-15,107.5,True,7,expiring,-113.16091,63.05232
M10566,NT,Golden Pursuit Resources Ltd. (100%),GLT 08,2026-10-15,112.0,True,7,expiring,-113.14412,63.06002
M10567,NT,Golden Pursuit Resources Ltd. (100%),GLT 09,2026-10-15,116.8,True,7,expiring,-113.1557,63.07282
M10571,NT,Golden Pursuit Resources Ltd. (100%),GLT 13,2026-10-15,205.3,True,7,expiring,-113.13184,63.01808
M10569,NT,Golden Pursuit Resources Ltd. (100%),GLT 11,2026-10-15,220.3,True,7,expiring,-113.11773,63.02792
505467,BC,XIMEN MINING CORP,,2026-10-15,104.8,False,7,expiring,-116.06983,49.56454
1078764,BC,ZIMTU CAPITAL CORP,CRYSTAL,2026-10-15,114.8,False,7,expiring,-124.52343,53.71658
MC00019224,SK,ARGO GOLD INC.: 100.000%,,2026-10-15,311.6,False,7,expiring,-104.48654,56.44203
MC00019225,SK,Ryan Kalt: 100.000%,,2026-10-15,1625.8,False,7,expiring,-104.19041,56.60028
MC00019212,SK,ARGO GOLD INC.: 100.000%,,2026-10-15,915.9,False,7,expiring,-104.22372,56.6075
1034560,BC,"MICHAUD, DANNY RENO",MICHAUDGOLDMINING,2026-10-15,73.7,False,7,expiring,-123.5828,55.27702
1099860,BC,ZIMTU CAPITAL CORP,RAVEN LINK,2026-10-15,57.4,False,7,expiring,-124.51093,53.7145
504464,BC,EAGLE PLAINS RESOURCES LTD.,IRC 6,2026-10-15,60.8,False,7,expiring,-116.37917,51.19374
1116685,BC,"THOMSON, JASON WILLIAM",DL Spike,2026-10-15,61.8,False,7,expiring,-119.84807,50.38739
505488,BC,XIMEN MINING CORP,,2026-10-15,83.8,False,7,expiring,-116.08858,49.55829
505489,BC,XIMEN MINING CORP,,2026-10-15,62.9,False,7,expiring,-116.08859,49.56662
505506,BC,XIMEN MINING CORP,,2026-10-15,62.9,False,7,expiring,-116.06983,49.57913
505500,BC,XIMEN MINING CORP,,2026-10-15,62.9,False,7,expiring,-116.07609,49.57496
1103826,BC,"WRIGHT, MATT",Rick Claims,2026-10-15,63.4,False,7,expiring,-117.18078,49.14577
505495,BC,XIMEN MINING CORP,,2026-10-15,21.0,False,7,expiring,-116.07921,49.56454
1104855,BC,"WRIGHT, MATT",Sheep Pucker,2026-10-15,21.1,False,7,expiring,-117.21672,49.13952
209664,BC,XIMEN MINING CORP,ROME,2026-10-15,25.0,False,7,expiring,-116.04147,49.54888
334236,BC,XIMEN MINING CORP,ANDERSON,2026-10-15,25.0,False,7,expiring,-116.04008,49.54386
1113262,BC,"PUT, JARED GUSTAF",Kenny Tops,2026-10-15,18.2,False,7,expiring,-125.47354,55.66033
1118134,BC,"PUT, JARED GUSTAF",LORNE'S RESTING  PLACE,2026-10-15,18.2,False,7,expiring,-125.45478,55.66867
506791,BC,XIMEN MINING CORP,,2026-10-15,21.0,False,7,expiring,-116.05421,49.58121
567318,BC,"BUNKA, NICHOLAS",JACK IN THE BOX,2026-10-15,19.4,False,7,expiring,-121.73579,53.04787
1099380,BC,"KOTOVICH, SHANE OREST",BURNS 2,2026-10-15,19.4,False,7,expiring,-121.66703,53.04787
1139085,BC,EAGLE PLAINS RESOURCES LTD.,ICE RIVER,2026-10-15,20.3,False,7,expiring,-116.37916,51.15208
524099,BC,EAGLE PLAINS RESOURCES LTD.,IV,2026-10-15,20.3,False,7,expiring,-116.39792,51.17291
339050,BC,XIMEN MINING CORP,WILLOW 2,2026-10-15,25.0,False,7,expiring,-116.0353,49.55284
505534,BC,XIMEN MINING CORP,,2026-10-15,21.0,False,7,expiring,-116.0542,49.54371
505531,BC,XIMEN MINING CORP,,2026-10-15,21.0,False,7,expiring,-116.0542,49.55621
505530,BC,XIMEN MINING CORP,,2026-10-15,21.0,False,7,expiring,-116.04795,49.55621
505528,BC,XIMEN MINING CORP,,2026-10-15,21.0,False,7,expiring,-116.04795,49.56038
505468,BC,XIMEN MINING CORP,,2026-10-15,21.0,False,7,expiring,-116.06046,49.56454
505466,BC,XIMEN MINING CORP,,2026-10-15,21.0,False,7,expiring,-116.04795,49.54371
505462,BC,XIMEN MINING CORP,,2026-10-15,21.0,False,7,expiring,-116.06046,49.56871
505524,BC,XIMEN MINING CORP,,2026-10-15,21.0,False,7,expiring,-116.0542,49.56871
505493,BC,XIMEN MINING CORP,,2026-10-15,21.0,False,7,expiring,-116.08546,49.56871
506794,BC,XIMEN MINING CORP,,2026-10-15,21.0,False,7,expiring,-116.04796,49.58538
1111507,BC,"MUNROE, NIGEL",Burns,2026-10-15,38.9,False,7,expiring,-121.67953,53.06662
MC00019227,SK,Ryan Kalt: 100.000%,,2026-10-15,2157.1,False,7,expiring,-104.41982,56.50932
MC00019211,SK,ARGO GOLD INC.: 100.000%,,2026-10-15,2166.5,False,7,expiring,-104.29018,56.5347
MC00019214,SK,ARGO GOLD INC.: 100.000%,,2026-10-15,3457.4,False,7,expiring,-104.38442,56.45847
MC00019223,SK,Ryan Kalt: 100.000%,,2026-10-15,3630.1,False,7,expiring,-103.81823,56.60028
MC00019222,SK,Ryan Kalt: 100.000%,,2026-10-15,4314.7,False,7,expiring,-105.3256,56.14032
101786,NU,Baffinland Iron Mines Corporation (100%),BAF 3,2026-10-15,1480.3,True,7,expiring,-75.59899,70.56941
1112320,BC,"KOSOLOFSKI, MATTHEW JOSEPH",Wendle,2026-10-15,38.8,False,7,expiring,-121.48889,53.11038
505508,BC,XIMEN MINING CORP,,2026-10-15,41.9,False,7,expiring,-116.06358,49.58538
505527,BC,XIMEN MINING CORP,,2026-10-15,41.9,False,7,expiring,-116.05733,49.56038
505536,BC,XIMEN MINING CORP,,2026-10-15,41.9,False,7,expiring,-116.05107,49.53538
505507,BC,XIMEN MINING CORP,,2026-10-15,21.0,False,7,expiring,-116.06046,49.58121
1110637,BC,"SHEPHARD, ANTHONY DEAN",river1,2026-10-15,41.3,False,7,expiring,-118.60428,50.27491
505533,BC,XIMEN MINING CORP,,2026-10-15,41.9,False,7,expiring,-116.05108,49.54788
317248,BC,"BARNES, REGINALD OWEN",JP 1,2026-10-15,50.0,False,7,expiring,-121.63323,52.63151
330067,BC,"BARNES, REGINALD OWEN",MAY 1,2026-10-15,50.0,False,7,expiring,-121.62228,52.62838
505532,BC,XIMEN MINING CORP,,2026-10-15,41.9,False,7,expiring,-116.05108,49.55204
505535,BC,XIMEN MINING CORP,,2026-10-15,41.9,False,7,expiring,-116.05108,49.53954
505497,BC,XIMEN MINING CORP,,2026-10-15,41.9,False,7,expiring,-116.07921,49.57079
505538,BC,XIMEN MINING CORP,,2026-10-15,41.9,False,7,expiring,-116.0417,49.53746
505509,BC,XIMEN MINING CORP,,2026-10-15,41.9,False,7,expiring,-116.04795,49.57913
339049,BC,XIMEN MINING CORP,ALDER 2,2026-10-15,25.0,False,7,expiring,-116.04222,49.55284
