{"type":"FeatureCollection","features":[{"type":"Feature","properties":{"c":"CDC-2814901","o":"Coniagas Battery Metals Inc. 100%","e":""},"geometry":{"type":"Polygon","coordinates":[[[-73.475,49.29167],[-73.46667,49.29167],[-73.46667,49.28333],[-73.475,49.28333],[-73.475,49.29167]]]}},{"type":"Feature","properties":{"c":"CDC-2814900","o":"Coniagas Battery Metals Inc. 100%","e":""},"geometry":{"type":"Polygon","coordinates":[[[-73.48333,49.29167],[-73.475,49.29167],[-73.475,49.28333],[-73.48333,49.28333],[-73.48333,49.29167]]]}},{"type":"Feature","properties":{"c":"CDC-2814899","o":"Coniagas Battery Metals Inc. 100%","e":""},"geometry":{"type":"Polygon","coordinates":[[[-73.49167,49.29167],[-73.48333,49.29167],[-73.48333,49.28333],[-73.49167,49.28333],[-73.49167,49.29167]]]}},{"type":"Feature","properties":{"c":"CDC-2814898","o":"Coniagas Battery Metals Inc. 100%","e":""},"geometry":{"type":"Polygon","coordinates":[[[-73.5,49.29167],[-73.49167,49.29167],[-73.49167,49.28333],[-73.5,49.28333],[-73.5,49.29167]]]}},{"type":"Feature","properties":{"c":"CDC-2814210","o":"Coniagas Battery Metals Inc. 100%","e":""},"geometry":{"type":"Polygon","coordinates":[[[-73.50833,49.29167],[-73.5,49.29167],[-73.5,49.28333],[-73.50833,49.28333],[-73.50833,49.29167]]]}},{"type":"Feature","properties":{"c":"CDC-2814905","o":"Coniagas Battery Metals Inc. 100%","e":""},"geometry":{"type":"Polygon","coordinates":[[[-73.475,49.3],[-73.46667,49.3],[-73.46667,49.29167],[-73.475,49.29167],[-73.475,49.3]]]}},{"type":"Feature","properties":{"c":"CDC-2814904","o":"Coniagas Battery Metals Inc. 100%","e":""},"geometry":{"type":"Polygon","coordinates":[[[-73.48333,49.3],[-73.475,49.3],[-73.475,49.29167],[-73.48333,49.29167],[-73.48333,49.3]]]}},{"type":"Feature","properties":{"c":"CDC-2814903","o":"Coniagas Battery Metals Inc. 100%","e":""},"geometry":{"type":"Polygon","coordinates":[[[-73.49167,49.3],[-73.48333,49.3],[-73.48333,49.29167],[-73.49167,49.29167],[-73.49167,49.3]]]}},{"type":"Feature","properties":{"c":"CDC-2814902","o":"Coniagas Battery Metals Inc. 100%","e":""},"geometry":{"type":"Polygon","coordinates":[[[-73.5,49.3],[-73.49167,49.3],[-73.49167,49.29167],[-73.5,49.29167],[-73.5,49.3]]]}},{"type":"Feature","properties":{"c":"CDC-2814215","o":"Coniagas Battery Metals Inc. 100%","e":""},"geometry":{"type":"Polygon","coordinates":[[[-73.50833,49.3],[-73.5,49.3],[-73.5,49.29167],[-73.50833,49.29167],[-73.50833,49.3]]]}},{"type":"Feature","properties":{"c":"CDC-2814910","o":"Coniagas Battery Metals Inc. 100%","e":""},"geometry":{"type":"Polygon","coordinates":[[[-73.46667,49.30833],[-73.45833,49.30833],[-73.45833,49.3],[-73.46667,49.3],[-73.46667,49.30833]]]}},{"type":"Feature","properties":{"c":"CDC-2814909","o":"Coniagas Battery Metals Inc. 100%","e":""},"geometry":{"type":"Polygon","coordinates":[[[-73.475,49.30833],[-73.46667,49.30833],[-73.46667,49.3],[-73.475,49.3],[-73.475,49.30833]]]}},{"type":"Feature","properties":{"c":"CDC-2814908","o":"Coniagas Battery Metals Inc. 100%","e":""},"geometry":{"type":"Polygon","coordinates":[[[-73.48333,49.30833],[-73.475,49.30833],[-73.475,49.3],[-73.48333,49.3],[-73.48333,49.30833]]]}},{"type":"Feature","properties":{"c":"CDC-2814907","o":"Coniagas Battery Metals Inc. 100%","e":""},"geometry":{"type":"Polygon","coordinates":[[[-73.49167,49.30833],[-73.48333,49.30833],[-73.48333,49.3],[-73.49167,49.3],[-73.49167,49.30833]]]}},{"type":"Feature","properties":{"c":"CDC-2814906","o":"Coniagas Battery Metals Inc. 100%","e":""},"geometry":{"type":"Polygon","coordinates":[[[-73.5,49.30833],[-73.49167,49.30833],[-73.49167,49.3],[-73.5,49.3],[-73.5,49.30833]]]}},{"type":"Feature","properties":{"c":"CDC-2814220","o":"Coniagas Battery Metals Inc. 100%","e":""},"geometry":{"type":"Polygon","coordinates":[[[-73.50833,49.30833],[-73.5,49.30833],[-73.5,49.3],[-73.50833,49.3],[-73.50833,49.30833]]]}},{"type":"Feature","properties":{"c":"CDC-2814915","o":"Coniagas Battery Metals Inc. 100%","e":""},"geometry":{"type":"Polygon","coordinates":[[[-73.46667,49.31667],[-73.45833,49.31667],[-73.45833,49.30833],[-73.46667,49.30833],[-73.46667,49.31667]]]}},{"type":"Feature","properties":{"c":"CDC-2814914","o":"Coniagas Battery Metals Inc. 100%","e":""},"geometry":{"type":"Polygon","coordinates":[[[-73.475,49.31667],[-73.46667,49.31667],[-73.46667,49.30833],[-73.475,49.30833],[-73.475,49.31667]]]}},{"type":"Feature","properties":{"c":"CDC-2814913","o":"Coniagas Battery Metals Inc. 100%","e":""},"geometry":{"type":"Polygon","coordinates":[[[-73.48333,49.31667],[-73.475,49.31667],[-73.475,49.30833],[-73.48333,49.30833],[-73.48333,49.31667]]]}},{"type":"Feature","properties":{"c":"CDC-2814912","o":"Coniagas Battery Metals Inc. 100%","e":""},"geometry":{"type":"Polygon","coordinates":[[[-73.49167,49.31667],[-73.48333,49.31667],[-73.48333,49.30833],[-73.49167,49.30833],[-73.49167,49.31667]]]}},{"type":"Feature","properties":{"c":"CDC-2814911","o":"Coniagas Battery Metals Inc. 100%","e":""},"geometry":{"type":"Polygon","coordinates":[[[-73.5,49.31667],[-73.49167,49.31667],[-73.49167,49.30833],[-73.5,49.30833],[-73.5,49.31667]]]}},{"type":"Feature","properties":{"c":"CDC-2814036","o":"Coniagas Battery Metals Inc. 100%","e":""},"geometry":{"type":"Polygon","coordinates":[[[-73.50833,49.31667],[-73.5,49.31667],[-73.5,49.30833],[-73.50833,49.30833],[-73.50833,49.31667]]]}},{"type":"Feature","properties":{"c":"CDC-2814920","o":"Coniagas Battery Metals Inc. 100%","e":""},"geometry":{"type":"Polygon","coordinates":[[[-73.46667,49.325],[-73.45833,49.325],[-73.45833,49.31667],[-73.46667,49.31667],[-73.46667,49.325]]]}},{"type":"Feature","properties":{"c":"CDC-2820606","o":"Coniagas Battery Metals Inc. 100%","e":""},"geometry":{"type":"Polygon","coordinates":[[[-73.40833,49.25],[-73.4065,49.25],[-73.40652,49.24997],[-73.40663,49.24972],[-73.40673,49.24948],[-73.40682,49.24923],[-73.4069,49.24898],[-73.40696,49.24872],[-73.40702,49.24847],[-73.40706,49.24822],[-73.4071,49.24796],[-73.40712,49.24771],[-73.40713,49.24745],[-73.40713,49.2472],[-73.40712,49.24694],[-73.4071,49.24668],[-73.40707,49.24643],[-73.40703,49.24617],[-73.40697,49.24592],[-73.40691,49.24567],[-73.40683,49.24542],[-73.40674,49.24517],[-73.40671,49.24508],[-73.40539,49.24167],[-73.40833,49.24167],[-73.40833,49.25]]]}},{"type":"Feature","properties":{"c":"CDC-2814140","o":"Coniagas Battery Metals Inc. 100%","e":""},"geometry":{"type":"Polygon","coordinates":[[[-73.41667,49.25],[-73.40833,49.25],[-73.40833,49.24167],[-73.41667,49.24167],[-73.41667,49.25]]]}},{"type":"Feature","properties":{"c":"CDC-2814139","o":"Coniagas Battery Metals Inc. 100%","e":""},"geometry":{"type":"Polygon","coordinates":[[[-73.425,49.25],[-73.41667,49.25],[-73.41667,49.24167],[-73.425,49.24167],[-73.425,49.25]]]}},{"type":"Feature","properties":{"c":"CDC-2820608","o":"Coniagas Battery Metals Inc. 100%","e":""},"geometry":{"type":"Polygon","coordinates":[[[-73.4,49.25646],[-73.40428,49.2528],[-73.40441,49.25269],[-73.40464,49.25249],[-73.40486,49.25227],[-73.40507,49.25206],[-73.40527,49.25184],[-73.40546,49.25162],[-73.40564,49.25139],[-73.40581,49.25116],[-73.40598,49.25093],[-73.40613,49.25069],[-73.40627,49.25045],[-73.4064,49.25021],[-73.4065,49.25],[-73.40833,49.25],[-73.40833,49.25833],[-73.4,49.25833],[-73.4,49.25646]]]}},{"type":"Feature","properties":{"c":"CDC-2814887","o":"Coniagas Battery Metals Inc. 100%","e":""},"geometry":{"type":"Polygon","coordinates":[[[-73.41667,49.25833],[-73.40833,49.25833],[-73.40833,49.25],[-73.41667,49.25],[-73.41667,49.25833]]]}},{"type":"Feature","properties":{"c":"CDC-2814886","o":"Coniagas Battery Metals Inc. 100%","e":""},"geometry":{"type":"Polygon","coordinates":[[[-73.425,49.25833],[-73.41667,49.25833],[-73.41667,49.25],[-73.425,49.25],[-73.425,49.25833]]]}},{"type":"Feature","properties":{"c":"CDC-2820607","o":"Coniagas Battery Metals Inc. 100%","e":""},"geometry":{"type":"Polygon","coordinates":[[[-73.49167,49.25686],[-73.49184,49.25684],[-73.49231,49.257],[-73.4927,49.25729],[-73.49358,49.25725],[-73.49338,49.25674],[-73.49317,49.25667],[-73.49291,49.25617],[-73.49265,49.25595],[-73.49257,49.25584],[-73.49257,49.25567],[-73.49284,49.25538],[-73.49261,49.25478],[-73.49206,49.25433],[-73.4917,49.25414],[-73.49167,49.25411],[-73.49167,49.25244],[-73.49176,49.25238],[-73.49188,49.25217],[-73.49167,49.25207],[-73.49167,49.2509],[-73.49177,49.25082],[-73.49213,49.2503],[-73.49212,49.25],[-73.5,49.25],[-73.5,49.25833],[-73.49167,49.25833],[-73.49167,49.25686]]]}},{"type":"Feature","properties":{"c":"CDC-2814186","o":"Coniagas Battery Metals Inc. 100%","e":""},"geometry":{"type":"Polygon","coordinates":[[[-73.50833,49.25833],[-73.5,49.25833],[-73.5,49.25],[-73.50833,49.25],[-73.50833,49.25833]]]}},{"type":"Feature","properties":{"c":"CDC-2820609","o":"Coniagas Battery Metals Inc. 100%","e":""},"geometry":{"type":"Polygon","coordinates":[[[-73.39735,49.25833],[-73.39754,49.25823],[-73.39784,49.25806],[-73.39813,49.25788],[-73.3984,49.2577],[-73.39868,49.25752],[-73.39894,49.25733],[-73.39919,49.25714],[-73.39944,49.25694],[-73.39955,49.25684],[-73.4,49.25646],[-73.4,49.25833],[-73.39735,49.25833]]]}},{"type":"Feature","properties":{"c":"CDC-2820610","o":"Coniagas Battery Metals Inc. 100%","e":""},"geometry":{"type":"Polygon","coordinates":[[[-73.39167,49.26019],[-73.39277,49.25996],[-73.39279,49.25995],[-73.39316,49.25987],[-73.39353,49.25978],[-73.39389,49.25969],[-73.39425,49.25959],[-73.39461,49.25948],[-73.39496,49.25936],[-73.3953,49.25924],[-73.39564,49.25912],[-73.39597,49.25898],[-73.3963,49.25884],[-73.39662,49.2587],[-73.39694,49.25855],[-73.39724,49.25839],[-73.39735,49.25833],[-73.4,49.25833],[-73.4,49.26667],[-73.39167,49.26667],[-73.39167,49.26019]]]}},{"type":"Feature","properties":{"c":"CDC-2814891","o":"Coniagas Battery Metals Inc. 100%","e":""},"geometry":{"type":"Polygon","coordinates":[[[-73.40833,49.26667],[-73.4,49.26667],[-73.4,49.25833],[-73.40833,49.25833],[-73.40833,49.26667]]]}},{"type":"Feature","properties":{"c":"CDC-2814890","o":"Coniagas Battery Metals Inc. 100%","e":""},"geometry":{"type":"Polygon","coordinates":[[[-73.41667,49.26667],[-73.40833,49.26667],[-73.40833,49.25833],[-73.41667,49.25833],[-73.41667,49.26667]]]}},{"type":"Feature","properties":{"c":"CDC-2814889","o":"Coniagas Battery Metals Inc. 100%","e":""},"geometry":{"type":"Polygon","coordinates":[[[-73.425,49.26667],[-73.41667,49.26667],[-73.41667,49.25833],[-73.425,49.25833],[-73.425,49.26667]]]}},{"type":"Feature","properties":{"c":"CDC-2814888","o":"Coniagas Battery Metals Inc. 100%","e":""},"geometry":{"type":"Polygon","coordinates":[[[-73.5,49.26667],[-73.49167,49.26667],[-73.49167,49.25833],[-73.5,49.25833],[-73.5,49.26667]]]}},{"type":"Feature","properties":{"c":"CDC-2814192","o":"Coniagas Battery Metals Inc. 100%","e":""},"geometry":{"type":"Polygon","coordinates":[[[-73.50833,49.26667],[-73.5,49.26667],[-73.5,49.25833],[-73.50833,49.25833],[-73.50833,49.26667]]]}},{"type":"Feature","properties":{"c":"CDC-2814894","o":"Coniagas Battery Metals Inc. 100%","e":""},"geometry":{"type":"Polygon","coordinates":[[[-73.48333,49.275],[-73.475,49.275],[-73.475,49.26667],[-73.48333,49.26667],[-73.48333,49.275]]]}},{"type":"Feature","properties":{"c":"CDC-2814893","o":"Coniagas Battery Metals Inc. 100%","e":""},"geometry":{"type":"Polygon","coordinates":[[[-73.49167,49.275],[-73.48333,49.275],[-73.48333,49.26667],[-73.49167,49.26667],[-73.49167,49.275]]]}},{"type":"Feature","properties":{"c":"CDC-2814892","o":"Coniagas Battery Metals Inc. 100%","e":""},"geometry":{"type":"Polygon","coordinates":[[[-73.5,49.275],[-73.49167,49.275],[-73.49167,49.26667],[-73.5,49.26667],[-73.5,49.275]]]}},{"type":"Feature","properties":{"c":"CDC-2814198","o":"Coniagas Battery Metals Inc. 100%","e":""},"geometry":{"type":"Polygon","coordinates":[[[-73.50833,49.275],[-73.5,49.275],[-73.5,49.26667],[-73.50833,49.26667],[-73.50833,49.275]]]}},{"type":"Feature","properties":{"c":"CDC-2814897","o":"Coniagas Battery Metals Inc. 100%","e":""},"geometry":{"type":"Polygon","coordinates":[[[-73.48333,49.28333],[-73.475,49.28333],[-73.475,49.275],[-73.48333,49.275],[-73.48333,49.28333]]]}},{"type":"Feature","properties":{"c":"CDC-2814896","o":"Coniagas Battery Metals Inc. 100%","e":""},"geometry":{"type":"Polygon","coordinates":[[[-73.49167,49.28333],[-73.48333,49.28333],[-73.48333,49.275],[-73.49167,49.275],[-73.49167,49.28333]]]}},{"type":"Feature","properties":{"c":"CDC-2814895","o":"Coniagas Battery Metals Inc. 100%","e":""},"geometry":{"type":"Polygon","coordinates":[[[-73.5,49.28333],[-73.49167,49.28333],[-73.49167,49.275],[-73.5,49.275],[-73.5,49.28333]]]}},{"type":"Feature","properties":{"c":"CDC-2814204","o":"Coniagas Battery Metals Inc. 100%","e":""},"geometry":{"type":"Polygon","coordinates":[[[-73.50833,49.28333],[-73.5,49.28333],[-73.5,49.275],[-73.50833,49.275],[-73.50833,49.28333]]]}},{"type":"Feature","properties":{"c":"CDC-2814919","o":"Coniagas Battery Metals Inc. 100%","e":""},"geometry":{"type":"Polygon","coordinates":[[[-73.475,49.325],[-73.46667,49.325],[-73.46667,49.31667],[-73.475,49.31667],[-73.475,49.325]]]}},{"type":"Feature","properties":{"c":"CDC-2814918","o":"Coniagas Battery Metals Inc. 100%","e":""},"geometry":{"type":"Polygon","coordinates":[[[-73.48333,49.325],[-73.475,49.325],[-73.475,49.31667],[-73.48333,49.31667],[-73.48333,49.325]]]}},{"type":"Feature","properties":{"c":"CDC-2814917","o":"Coniagas Battery Metals Inc. 100%","e":""},"geometry":{"type":"Polygon","coordinates":[[[-73.49167,49.325],[-73.48333,49.325],[-73.48333,49.31667],[-73.49167,49.31667],[-73.49167,49.325]]]}},{"type":"Feature","properties":{"c":"CDC-2814916","o":"Coniagas Battery Metals Inc. 100%","e":""},"geometry":{"type":"Polygon","coordinates":[[[-73.5,49.325],[-73.49167,49.325],[-73.49167,49.31667],[-73.5,49.31667],[-73.5,49.325]]]}},{"type":"Feature","properties":{"c":"CDC-2814041","o":"Coniagas Battery Metals Inc. 100%","e":""},"geometry":{"type":"Polygon","coordinates":[[[-73.50833,49.325],[-73.5,49.325],[-73.5,49.31667],[-73.50833,49.31667],[-73.50833,49.325]]]}},{"type":"Feature","properties":{"c":"CDC-2820593","o":"Coniagas Battery Metals Inc. 100%","e":""},"geometry":{"type":"Polygon","coordinates":[[[-73.45562,49.33333],[-73.45543,49.3332],[-73.45515,49.33302],[-73.45486,49.33284],[-73.45457,49.33268],[-73.45427,49.33251],[-73.45396,49.33235],[-73.45365,49.3322],[-73.45332,49.33205],[-73.453,49.33191],[-73.45266,49.33178],[-73.45233,49.33165],[-73.45198,49.33153],[-73.45189,49.3315],[-73.45,49.33086],[-73.45,49.325],[-73.45833,49.325],[-73.45833,49.33333],[-73.45562,49.33333]]]}},{"type":"Feature","properties":{"c":"CDC-2814925","o":"Coniagas Battery Metals Inc. 100%","e":""},"geometry":{"type":"Polygon","coordinates":[[[-73.46667,49.33333],[-73.45833,49.33333],[-73.45833,49.325],[-73.46667,49.325],[-73.46667,49.33333]]]}},{"type":"Feature","properties":{"c":"CDC-2814924","o":"Coniagas Battery Metals Inc. 100%","e":""},"geometry":{"type":"Polygon","coordinates":[[[-73.475,49.33333],[-73.46667,49.33333],[-73.46667,49.325],[-73.475,49.325],[-73.475,49.33333]]]}},{"type":"Feature","properties":{"c":"CDC-2814923","o":"Coniagas Battery Metals Inc. 100%","e":""},"geometry":{"type":"Polygon","coordinates":[[[-73.48333,49.33333],[-73.475,49.33333],[-73.475,49.325],[-73.48333,49.325],[-73.48333,49.33333]]]}},{"type":"Feature","properties":{"c":"CDC-2814922","o":"Coniagas Battery Metals Inc. 100%","e":""},"geometry":{"type":"Polygon","coordinates":[[[-73.49167,49.33333],[-73.48333,49.33333],[-73.48333,49.325],[-73.49167,49.325],[-73.49167,49.33333]]]}},{"type":"Feature","properties":{"c":"CDC-2814921","o":"Coniagas Battery Metals Inc. 100%","e":""},"geometry":{"type":"Polygon","coordinates":[[[-73.5,49.33333],[-73.49167,49.33333],[-73.49167,49.325],[-73.5,49.325],[-73.5,49.33333]]]}},{"type":"Feature","properties":{"c":"CDC-2814044","o":"Coniagas Battery Metals Inc. 100%","e":""},"geometry":{"type":"Polygon","coordinates":[[[-73.50833,49.33333],[-73.5,49.33333],[-73.5,49.325],[-73.50833,49.325],[-73.50833,49.33333]]]}},{"type":"Feature","properties":{"c":"CDC-2857281","o":"Corporation Aurif\u00e8re Vior Inc. 100%","e":""},"geometry":{"type":"Polygon","coordinates":[[[-73.025,49.29167],[-73.01667,49.29167],[-73.01667,49.28333],[-73.025,49.28333],[-73.025,49.29167]]]}},{"type":"Feature","properties":{"c":"CDC-2857287","o":"Corporation Aurif\u00e8re Vior Inc. 100%","e":""},"geometry":{"type":"Polygon","coordinates":[[[-73.025,49.3],[-73.01667,49.3],[-73.01667,49.29167],[-73.025,49.29167],[-73.025,49.3]]]}},{"type":"Feature","properties":{"c":"CDC-2854142","o":"Corporation Aurif\u00e8re Vior Inc. 100%","e":""},"geometry":{"type":"Polygon","coordinates":[[[-73.025,49.30833],[-73.01667,49.30833],[-73.01667,49.3],[-73.025,49.3],[-73.025,49.30833]]]}},{"type":"Feature","properties":{"c":"CDC-2854145","o":"Corporation Aurif\u00e8re Vior Inc. 100%","e":""},"geometry":{"type":"Polygon","coordinates":[[[-73.025,49.31667],[-73.01667,49.31667],[-73.01667,49.30833],[-73.025,49.30833],[-73.025,49.31667]]]}},{"type":"Feature","properties":{"c":"CDC-2846231","o":"Corporation Aurif\u00e8re Vior Inc. 100%","e":""},"geometry":{"type":"Polygon","coordinates":[[[-73.025,49.325],[-73.01667,49.325],[-73.01667,49.31667],[-73.025,49.31667],[-73.025,49.325]]]}},{"type":"Feature","properties":{"c":"CDC-2857282","o":"Corporation Aurif\u00e8re Vior Inc. 100%","e":""},"geometry":{"type":"Polygon","coordinates":[[[-73.01667,49.29167],[-73.00833,49.29167],[-73.00833,49.28333],[-73.01667,49.28333],[-73.01667,49.29167]]]}},{"type":"Feature","properties":{"c":"CDC-2857288","o":"Corporation Aurif\u00e8re Vior Inc. 100%","e":""},"geometry":{"type":"Polygon","coordinates":[[[-73.01667,49.3],[-73.00833,49.3],[-73.00833,49.29167],[-73.01667,49.29167],[-73.01667,49.3]]]}},{"type":"Feature","properties":{"c":"CDC-2854143","o":"Corporation Aurif\u00e8re Vior Inc. 100%","e":""},"geometry":{"type":"Polygon","coordinates":[[[-73.01667,49.30833],[-73.00833,49.30833],[-73.00833,49.3],[-73.01667,49.3],[-73.01667,49.30833]]]}},{"type":"Feature","properties":{"c":"CDC-2854146","o":"Corporation Aurif\u00e8re Vior Inc. 100%","e":""},"geometry":{"type":"Polygon","coordinates":[[[-73.01667,49.31667],[-73.00833,49.31667],[-73.00833,49.30833],[-73.01667,49.30833],[-73.01667,49.31667]]]}},{"type":"Feature","properties":{"c":"CDC-2854150","o":"Corporation Aurif\u00e8re Vior Inc. 100%","e":""},"geometry":{"type":"Polygon","coordinates":[[[-73.01667,49.325],[-73.00833,49.325],[-73.00833,49.31667],[-73.01667,49.31667],[-73.01667,49.325]]]}},{"type":"Feature","properties":{"c":"CDC-2857283","o":"Corporation Aurif\u00e8re Vior Inc. 100%","e":""},"geometry":{"type":"Polygon","coordinates":[[[-73.00833,49.29167],[-73.0,49.29167],[-73.0,49.28333],[-73.00833,49.28333],[-73.00833,49.29167]]]}},{"type":"Feature","properties":{"c":"CDC-2857289","o":"Corporation Aurif\u00e8re Vior Inc. 100%","e":""},"geometry":{"type":"Polygon","coordinates":[[[-73.00833,49.3],[-73.0,49.3],[-73.0,49.29167],[-73.00833,49.29167],[-73.00833,49.3]]]}},{"type":"Feature","properties":{"c":"CDC-2854144","o":"Corporation Aurif\u00e8re Vior Inc. 100%","e":""},"geometry":{"type":"Polygon","coordinates":[[[-73.00833,49.30833],[-73.0,49.30833],[-73.0,49.3],[-73.00833,49.3],[-73.00833,49.30833]]]}},{"type":"Feature","properties":{"c":"CDC-2854147","o":"Corporation Aurif\u00e8re Vior Inc. 100%","e":""},"geometry":{"type":"Polygon","coordinates":[[[-73.00833,49.31667],[-73.0,49.31667],[-73.0,49.30833],[-73.00833,49.30833],[-73.00833,49.31667]]]}},{"type":"Feature","properties":{"c":"CDC-2854151","o":"Corporation Aurif\u00e8re Vior Inc. 100%","e":""},"geometry":{"type":"Polygon","coordinates":[[[-73.00833,49.325],[-73.0,49.325],[-73.0,49.31667],[-73.00833,49.31667],[-73.00833,49.325]]]}},{"type":"Feature","properties":{"c":"CDC-2868979","o":"Carl Gilbert 100%","e":""},"geometry":{"type":"Polygon","coordinates":[[[-73.01667,49.20833],[-73.00833,49.20833],[-73.00833,49.2],[-73.01667,49.2],[-73.01667,49.20833]]]}},{"type":"Feature","properties":{"c":"CDC-2874776","o":"Carl Gilbert 100%","e":""},"geometry":{"type":"Polygon","coordinates":[[[-73.025,49.20833],[-73.01667,49.20833],[-73.01667,49.2],[-73.025,49.2],[-73.025,49.20833]]]}},{"type":"Feature","properties":{"c":"CDC-2874775","o":"Carl Gilbert 100%","e":""},"geometry":{"type":"Polygon","coordinates":[[[-73.03333,49.20833],[-73.025,49.20833],[-73.025,49.2],[-73.03333,49.2],[-73.03333,49.20833]]]}},{"type":"Feature","properties":{"c":"CDC-2868980","o":"Carl Gilbert 100%","e":""},"geometry":{"type":"Polygon","coordinates":[[[-73.01667,49.21667],[-73.00833,49.21667],[-73.00833,49.20833],[-73.01667,49.20833],[-73.01667,49.21667]]]}},{"type":"Feature","properties":{"c":"CDC-2874778","o":"Carl Gilbert 100%","e":""},"geometry":{"type":"Polygon","coordinates":[[[-73.025,49.21667],[-73.01667,49.21667],[-73.01667,49.20833],[-73.025,49.20833],[-73.025,49.21667]]]}},{"type":"Feature","properties":{"c":"CDC-2874777","o":"Carl Gilbert 100%","e":""},"geometry":{"type":"Polygon","coordinates":[[[-73.03333,49.21667],[-73.025,49.21667],[-73.025,49.20833],[-73.03333,49.20833],[-73.03333,49.21667]]]}},{"type":"Feature","properties":{"c":"CDC-2868981","o":"Carl Gilbert 100%","e":""},"geometry":{"type":"Polygon","coordinates":[[[-73.00833,49.225],[-73.0,49.225],[-73.0,49.21667],[-73.00833,49.21667],[-73.00833,49.225]]]}},{"type":"Feature","properties":{"c":"CDC-2874780","o":"Carl Gilbert 100%","e":""},"geometry":{"type":"Polygon","coordinates":[[[-73.01667,49.225],[-73.00833,49.225],[-73.00833,49.21667],[-73.01667,49.21667],[-73.01667,49.225]]]}},{"type":"Feature","properties":{"c":"CDC-2874779","o":"Carl Gilbert 100%","e":""},"geometry":{"type":"Polygon","coordinates":[[[-73.025,49.225],[-73.01667,49.225],[-73.01667,49.21667],[-73.025,49.21667],[-73.025,49.225]]]}},{"type":"Feature","properties":{"c":"CDC-2868982","o":"Carl Gilbert 100%","e":""},"geometry":{"type":"Polygon","coordinates":[[[-73.00833,49.23333],[-73.0,49.23333],[-73.0,49.225],[-73.00833,49.225],[-73.00833,49.23333]]]}},{"type":"Feature","properties":{"c":"CDC-2868983","o":"Carl Gilbert 100%","e":""},"geometry":{"type":"Polygon","coordinates":[[[-73.00833,49.24167],[-73.0,49.24167],[-73.0,49.23333],[-73.00833,49.23333],[-73.00833,49.24167]]]}},{"type":"Feature","properties":{"c":"CDC-2868984","o":"Carl Gilbert 100%","e":""},"geometry":{"type":"Polygon","coordinates":[[[-73.01667,49.25],[-73.00833,49.25],[-73.00833,49.24167],[-73.01667,49.24167],[-73.01667,49.25]]]}},{"type":"Feature","properties":{"c":"CDC-2868986","o":"Carl Gilbert 100%","e":""},"geometry":{"type":"Polygon","coordinates":[[[-73.01667,49.25833],[-73.00833,49.25833],[-73.00833,49.25],[-73.01667,49.25],[-73.01667,49.25833]]]}},{"type":"Feature","properties":{"c":"CDC-2868987","o":"Carl Gilbert 100%","e":""},"geometry":{"type":"Polygon","coordinates":[[[-73.01667,49.26667],[-73.00833,49.26667],[-73.00833,49.25833],[-73.01667,49.25833],[-73.01667,49.26667]]]}},{"type":"Feature","properties":{"c":"CDC-2868988","o":"Carl Gilbert 100%","e":""},"geometry":{"type":"Polygon","coordinates":[[[-73.01667,49.275],[-73.00833,49.275],[-73.00833,49.26667],[-73.01667,49.26667],[-73.01667,49.275]]]}},{"type":"Feature","properties":{"c":"CDC-2854157","o":"Corporation Aurif\u00e8re Vior Inc. 100%","e":""},"geometry":{"type":"Polygon","coordinates":[[[-73.00833,49.33333],[-73.0,49.33333],[-73.0,49.325],[-73.00833,49.325],[-73.00833,49.33333]]]}},{"type":"Feature","properties":{"c":"CDC-2854156","o":"Corporation Aurif\u00e8re Vior Inc. 100%","e":""},"geometry":{"type":"Polygon","coordinates":[[[-73.01667,49.33333],[-73.00833,49.33333],[-73.00833,49.325],[-73.01667,49.325],[-73.01667,49.33333]]]}},{"type":"Feature","properties":{"c":"CDC-2846236","o":"Corporation Aurif\u00e8re Vior Inc. 100%","e":""},"geometry":{"type":"Polygon","coordinates":[[[-73.025,49.33333],[-73.01667,49.33333],[-73.01667,49.325],[-73.025,49.325],[-73.025,49.33333]]]}},{"type":"Feature","properties":{"c":"CDC-2814585","o":"Corporation Aurif\u00e8re Vior Inc. 100%","e":""},"geometry":{"type":"Polygon","coordinates":[[[-73.03333,49.33333],[-73.025,49.33333],[-73.025,49.325],[-73.03333,49.325],[-73.03333,49.33333]]]}},{"type":"Feature","properties":{"c":"CDC-2814584","o":"Corporation Aurif\u00e8re Vior Inc. 100%","e":""},"geometry":{"type":"Polygon","coordinates":[[[-73.04167,49.33333],[-73.03333,49.33333],[-73.03333,49.325],[-73.04167,49.325],[-73.04167,49.33333]]]}},{"type":"Feature","properties":{"c":"CDC-2814583","o":"Corporation Aurif\u00e8re Vior Inc. 100%","e":""},"geometry":{"type":"Polygon","coordinates":[[[-73.05,49.33333],[-73.04167,49.33333],[-73.04167,49.325],[-73.05,49.325],[-73.05,49.33333]]]}},{"type":"Feature","properties":{"c":"CDC-2814582","o":"Corporation Aurif\u00e8re Vior Inc. 100%","e":""},"geometry":{"type":"Polygon","coordinates":[[[-73.05833,49.33333],[-73.05,49.33333],[-73.05,49.325],[-73.05833,49.325],[-73.05833,49.33333]]]}},{"type":"Feature","properties":{"c":"CDC-2854160","o":"Corporation Aurif\u00e8re Vior Inc. 100%","e":""},"geometry":{"type":"Polygon","coordinates":[[[-73.00833,49.34167],[-73.0,49.34167],[-73.0,49.33333],[-73.00833,49.33333],[-73.00833,49.34167]]]}},{"type":"Feature","properties":{"c":"CDC-2854159","o":"Corporation Aurif\u00e8re Vior Inc. 100%","e":""},"geometry":{"type":"Polygon","coordinates":[[[-73.01667,49.34167],[-73.00833,49.34167],[-73.00833,49.33333],[-73.01667,49.33333],[-73.01667,49.34167]]]}},{"type":"Feature","properties":{"c":"CDC-2814597","o":"Corporation Aurif\u00e8re Vior Inc. 100%","e":""},"geometry":{"type":"Polygon","coordinates":[[[-73.025,49.34167],[-73.01667,49.34167],[-73.01667,49.33333],[-73.025,49.33333],[-73.025,49.34167]]]}},{"type":"Feature","properties":{"c":"CDC-2814596","o":"Corporation Aurif\u00e8re Vior Inc. 100%","e":""},"geometry":{"type":"Polygon","coordinates":[[[-73.03333,49.34167],[-73.025,49.34167],[-73.025,49.33333],[-73.03333,49.33333],[-73.03333,49.34167]]]}},{"type":"Feature","properties":{"c":"CDC-2814595","o":"Corporation Aurif\u00e8re Vior Inc. 100%","e":""},"geometry":{"type":"Polygon","coordinates":[[[-73.04167,49.34167],[-73.03333,49.34167],[-73.03333,49.33333],[-73.04167,49.33333],[-73.04167,49.34167]]]}},{"type":"Feature","properties":{"c":"CDC-2814594","o":"Corporation Aurif\u00e8re Vior Inc. 100%","e":""},"geometry":{"type":"Polygon","coordinates":[[[-73.05,49.34167],[-73.04167,49.34167],[-73.04167,49.33333],[-73.05,49.33333],[-73.05,49.34167]]]}},{"type":"Feature","properties":{"c":"CDC-2814593","o":"Corporation Aurif\u00e8re Vior Inc. 100%","e":""},"geometry":{"type":"Polygon","coordinates":[[[-73.05833,49.34167],[-73.05,49.34167],[-73.05,49.33333],[-73.05833,49.33333],[-73.05833,49.34167]]]}},{"type":"Feature","properties":{"c":"CDC-2854165","o":"Corporation Aurif\u00e8re Vior Inc. 100%","e":""},"geometry":{"type":"Polygon","coordinates":[[[-73.00833,49.35],[-73.0,49.35],[-73.0,49.34167],[-73.00833,49.34167],[-73.00833,49.35]]]}},{"type":"Feature","properties":{"c":"CDC-2814541","o":"Corporation Aurif\u00e8re Vior Inc. 100%","e":""},"geometry":{"type":"Polygon","coordinates":[[[-73.01667,49.35],[-73.00833,49.35],[-73.00833,49.34167],[-73.01667,49.34167],[-73.01667,49.35]]]}},{"type":"Feature","properties":{"c":"CDC-2814540","o":"Corporation Aurif\u00e8re Vior Inc. 100%","e":""},"geometry":{"type":"Polygon","coordinates":[[[-73.025,49.35],[-73.01667,49.35],[-73.01667,49.34167],[-73.025,49.34167],[-73.025,49.35]]]}},{"type":"Feature","properties":{"c":"CDC-2814539","o":"Corporation Aurif\u00e8re Vior Inc. 100%","e":""},"geometry":{"type":"Polygon","coordinates":[[[-73.03333,49.35],[-73.025,49.35],[-73.025,49.34167],[-73.03333,49.34167],[-73.03333,49.35]]]}},{"type":"Feature","properties":{"c":"CDC-2814538","o":"Corporation Aurif\u00e8re Vior Inc. 100%","e":""},"geometry":{"type":"Polygon","coordinates":[[[-73.04167,49.35],[-73.03333,49.35],[-73.03333,49.34167],[-73.04167,49.34167],[-73.04167,49.35]]]}},{"type":"Feature","properties":{"c":"CDC-2814537","o":"Corporation Aurif\u00e8re Vior Inc. 100%","e":""},"geometry":{"type":"Polygon","coordinates":[[[-73.05,49.35],[-73.04167,49.35],[-73.04167,49.34167],[-73.05,49.34167],[-73.05,49.35]]]}},{"type":"Feature","properties":{"c":"CDC-2814536","o":"Corporation Aurif\u00e8re Vior Inc. 100%","e":""},"geometry":{"type":"Polygon","coordinates":[[[-73.05833,49.35],[-73.05,49.35],[-73.05,49.34167],[-73.05833,49.34167],[-73.05833,49.35]]]}},{"type":"Feature","properties":{"c":"CDC-2814555","o":"Corporation Aurif\u00e8re Vior Inc. 100%","e":""},"geometry":{"type":"Polygon","coordinates":[[[-73.00833,49.35833],[-73.0,49.35833],[-73.0,49.35],[-73.00833,49.35],[-73.00833,49.35833]]]}},{"type":"Feature","properties":{"c":"CDC-2814554","o":"Corporation Aurif\u00e8re Vior Inc. 100%","e":""},"geometry":{"type":"Polygon","coordinates":[[[-73.01667,49.35833],[-73.00833,49.35833],[-73.00833,49.35],[-73.01667,49.35],[-73.01667,49.35833]]]}},{"type":"Feature","properties":{"c":"CDC-2814553","o":"Corporation Aurif\u00e8re Vior Inc. 100%","e":""},"geometry":{"type":"Polygon","coordinates":[[[-73.025,49.35833],[-73.01667,49.35833],[-73.01667,49.35],[-73.025,49.35],[-73.025,49.35833]]]}},{"type":"Feature","properties":{"c":"CDC-2814552","o":"Corporation Aurif\u00e8re Vior Inc. 100%","e":""},"geometry":{"type":"Polygon","coordinates":[[[-73.03333,49.35833],[-73.025,49.35833],[-73.025,49.35],[-73.03333,49.35],[-73.03333,49.35833]]]}},{"type":"Feature","properties":{"c":"CDC-2814551","o":"Corporation Aurif\u00e8re Vior Inc. 100%","e":""},"geometry":{"type":"Polygon","coordinates":[[[-73.04167,49.35833],[-73.03333,49.35833],[-73.03333,49.35],[-73.04167,49.35],[-73.04167,49.35833]]]}},{"type":"Feature","properties":{"c":"CDC-2814550","o":"Corporation Aurif\u00e8re Vior Inc. 100%","e":""},"geometry":{"type":"Polygon","coordinates":[[[-73.05,49.35833],[-73.04167,49.35833],[-73.04167,49.35],[-73.05,49.35],[-73.05,49.35833]]]}},{"type":"Feature","properties":{"c":"CDC-2814549","o":"Corporation Aurif\u00e8re Vior Inc. 100%","e":""},"geometry":{"type":"Polygon","coordinates":[[[-73.05833,49.35833],[-73.05,49.35833],[-73.05,49.35],[-73.05833,49.35],[-73.05833,49.35833]]]}},{"type":"Feature","properties":{"c":"CDC-2857299","o":"Corporation Aurif\u00e8re Vior Inc. 100%","e":""},"geometry":{"type":"Polygon","coordinates":[[[-73.075,49.31667],[-73.06667,49.31667],[-73.06667,49.30833],[-73.075,49.30833],[-73.075,49.31667]]]}},{"type":"Feature","properties":{"c":"CDC-2857309","o":"Corporation Aurif\u00e8re Vior Inc. 100%","e":""},"geometry":{"type":"Polygon","coordinates":[[[-73.075,49.325],[-73.06667,49.325],[-73.06667,49.31667],[-73.075,49.31667],[-73.075,49.325]]]}},{"type":"Feature","properties":{"c":"CDC-2883846","o":"Corporation Aurif\u00e8re Vior Inc. 100%","e":""},"geometry":{"type":"Polygon","coordinates":[[[-73.06667,49.28333],[-73.05833,49.28333],[-73.05833,49.275],[-73.06667,49.275],[-73.06667,49.28333]]]}},{"type":"Feature","properties":{"c":"CDC-2883854","o":"Corporation Aurif\u00e8re Vior Inc. 100%","e":""},"geometry":{"type":"Polygon","coordinates":[[[-73.06667,49.29167],[-73.05833,49.29167],[-73.05833,49.28333],[-73.06667,49.28333],[-73.06667,49.29167]]]}},{"type":"Feature","properties":{"c":"CDC-2883861","o":"Corporation Aurif\u00e8re Vior Inc. 100%","e":""},"geometry":{"type":"Polygon","coordinates":[[[-73.06667,49.3],[-73.05833,49.3],[-73.05833,49.29167],[-73.06667,49.29167],[-73.06667,49.3]]]}},{"type":"Feature","properties":{"c":"CDC-2857291","o":"Corporation Aurif\u00e8re Vior Inc. 100%","e":""},"geometry":{"type":"Polygon","coordinates":[[[-73.06667,49.30833],[-73.05833,49.30833],[-73.05833,49.3],[-73.06667,49.3],[-73.06667,49.30833]]]}},{"type":"Feature","properties":{"c":"CDC-2857300","o":"Corporation Aurif\u00e8re Vior Inc. 100%","e":""},"geometry":{"type":"Polygon","coordinates":[[[-73.06667,49.31667],[-73.05833,49.31667],[-73.05833,49.30833],[-73.06667,49.30833],[-73.06667,49.31667]]]}},{"type":"Feature","properties":{"c":"CDC-2854148","o":"Corporation Aurif\u00e8re Vior Inc. 100%","e":""},"geometry":{"type":"Polygon","coordinates":[[[-73.06667,49.325],[-73.05833,49.325],[-73.05833,49.31667],[-73.06667,49.31667],[-73.06667,49.325]]]}},{"type":"Feature","properties":{"c":"CDC-2883855","o":"Corporation Aurif\u00e8re Vior Inc. 100%","e":""},"geometry":{"type":"Polygon","coordinates":[[[-73.05833,49.29167],[-73.05,49.29167],[-73.05,49.28333],[-73.05833,49.28333],[-73.05833,49.29167]]]}},{"type":"Feature","properties":{"c":"CDC-2883862","o":"Corporation Aurif\u00e8re Vior Inc. 100%","e":""},"geometry":{"type":"Polygon","coordinates":[[[-73.05833,49.3],[-73.05,49.3],[-73.05,49.29167],[-73.05833,49.29167],[-73.05833,49.3]]]}},{"type":"Feature","properties":{"c":"CDC-2857292","o":"Corporation Aurif\u00e8re Vior Inc. 100%","e":""},"geometry":{"type":"Polygon","coordinates":[[[-73.05833,49.30833],[-73.05,49.30833],[-73.05,49.3],[-73.05833,49.3],[-73.05833,49.30833]]]}},{"type":"Feature","properties":{"c":"CDC-2857301","o":"Corporation Aurif\u00e8re Vior Inc. 100%","e":""},"geometry":{"type":"Polygon","coordinates":[[[-73.05833,49.31667],[-73.05,49.31667],[-73.05,49.30833],[-73.05833,49.30833],[-73.05833,49.31667]]]}},{"type":"Feature","properties":{"c":"CDC-2854149","o":"Corporation Aurif\u00e8re Vior Inc. 100%","e":""},"geometry":{"type":"Polygon","coordinates":[[[-73.05833,49.325],[-73.05,49.325],[-73.05,49.31667],[-73.05833,49.31667],[-73.05833,49.325]]]}},{"type":"Feature","properties":{"c":"CDC-2857284","o":"Corporation Aurif\u00e8re Vior Inc. 100%","e":""},"geometry":{"type":"Polygon","coordinates":[[[-73.05,49.3],[-73.04167,49.3],[-73.04167,49.29167],[-73.05,49.29167],[-73.05,49.3]]]}},{"type":"Feature","properties":{"c":"CDC-2857293","o":"Corporation Aurif\u00e8re Vior Inc. 100%","e":""},"geometry":{"type":"Polygon","coordinates":[[[-73.05,49.30833],[-73.04167,49.30833],[-73.04167,49.3],[-73.05,49.3],[-73.05,49.30833]]]}},{"type":"Feature","properties":{"c":"CDC-2814575","o":"Corporation Aurif\u00e8re Vior Inc. 100%","e":""},"geometry":{"type":"Polygon","coordinates":[[[-73.05,49.31667],[-73.04167,49.31667],[-73.04167,49.30833],[-73.05,49.30833],[-73.05,49.31667]]]}},{"type":"Feature","properties":{"c":"CDC-2814578","o":"Corporation Aurif\u00e8re Vior Inc. 100%","e":""},"geometry":{"type":"Polygon","coordinates":[[[-73.05,49.325],[-73.04167,49.325],[-73.04167,49.31667],[-73.05,49.31667],[-73.05,49.325]]]}},{"type":"Feature","properties":{"c":"CDC-2857285","o":"Corporation Aurif\u00e8re Vior Inc. 100%","e":""},"geometry":{"type":"Polygon","coordinates":[[[-73.04167,49.3],[-73.03333,49.3],[-73.03333,49.29167],[-73.04167,49.29167],[-73.04167,49.3]]]}},{"type":"Feature","properties":{"c":"CDC-2857294","o":"Corporation Aurif\u00e8re Vior Inc. 100%","e":""},"geometry":{"type":"Polygon","coordinates":[[[-73.04167,49.30833],[-73.03333,49.30833],[-73.03333,49.3],[-73.04167,49.3],[-73.04167,49.30833]]]}},{"type":"Feature","properties":{"c":"CDC-2814576","o":"Corporation Aurif\u00e8re Vior Inc. 100%","e":""},"geometry":{"type":"Polygon","coordinates":[[[-73.04167,49.31667],[-73.03333,49.31667],[-73.03333,49.30833],[-73.04167,49.30833],[-73.04167,49.31667]]]}},{"type":"Feature","properties":{"c":"CDC-2814579","o":"Corporation Aurif\u00e8re Vior Inc. 100%","e":""},"geometry":{"type":"Polygon","coordinates":[[[-73.04167,49.325],[-73.03333,49.325],[-73.03333,49.31667],[-73.04167,49.31667],[-73.04167,49.325]]]}},{"type":"Feature","properties":{"c":"CDC-2857280","o":"Corporation Aurif\u00e8re Vior Inc. 100%","e":""},"geometry":{"type":"Polygon","coordinates":[[[-73.03333,49.29167],[-73.025,49.29167],[-73.025,49.28333],[-73.03333,49.28333],[-73.03333,49.29167]]]}},{"type":"Feature","properties":{"c":"CDC-2857286","o":"Corporation Aurif\u00e8re Vior Inc. 100%","e":""},"geometry":{"type":"Polygon","coordinates":[[[-73.03333,49.3],[-73.025,49.3],[-73.025,49.29167],[-73.03333,49.29167],[-73.03333,49.3]]]}},{"type":"Feature","properties":{"c":"CDC-2857295","o":"Corporation Aurif\u00e8re Vior Inc. 100%","e":""},"geometry":{"type":"Polygon","coordinates":[[[-73.03333,49.30833],[-73.025,49.30833],[-73.025,49.3],[-73.03333,49.3],[-73.03333,49.30833]]]}},{"type":"Feature","properties":{"c":"CDC-2814577","o":"Corporation Aurif\u00e8re Vior Inc. 100%","e":""},"geometry":{"type":"Polygon","coordinates":[[[-73.03333,49.31667],[-73.025,49.31667],[-73.025,49.30833],[-73.03333,49.30833],[-73.03333,49.31667]]]}},{"type":"Feature","properties":{"c":"CDC-2814580","o":"Corporation Aurif\u00e8re Vior Inc. 100%","e":""},"geometry":{"type":"Polygon","coordinates":[[[-73.03333,49.325],[-73.025,49.325],[-73.025,49.31667],[-73.03333,49.31667],[-73.03333,49.325]]]}},{"type":"Feature","properties":{"c":"CDC-2868989","o":"Carl Gilbert 100%","e":""},"geometry":{"type":"Polygon","coordinates":[[[-73.025,49.28333],[-73.01667,49.28333],[-73.01667,49.275],[-73.025,49.275],[-73.025,49.28333]]]}},{"type":"Feature","properties":{"c":"CDC-2814587","o":"Corporation Aurif\u00e8re Vior Inc. 100%","e":""},"geometry":{"type":"Polygon","coordinates":[[[-73.10833,49.34167],[-73.1,49.34167],[-73.1,49.33333],[-73.10833,49.33333],[-73.10833,49.34167]]]}},{"type":"Feature","properties":{"c":"CDC-2814599","o":"Corporation Aurif\u00e8re Vior Inc. 100%","e":""},"geometry":{"type":"Polygon","coordinates":[[[-73.10833,49.35],[-73.1,49.35],[-73.1,49.34167],[-73.10833,49.34167],[-73.10833,49.35]]]}},{"type":"Feature","properties":{"c":"CDC-2854152","o":"Corporation Aurif\u00e8re Vior Inc. 100%","e":""},"geometry":{"type":"Polygon","coordinates":[[[-73.1,49.33333],[-73.09167,49.33333],[-73.09167,49.325],[-73.1,49.325],[-73.1,49.33333]]]}},{"type":"Feature","properties":{"c":"CDC-2814588","o":"Corporation Aurif\u00e8re Vior Inc. 100%","e":""},"geometry":{"type":"Polygon","coordinates":[[[-73.1,49.34167],[-73.09167,49.34167],[-73.09167,49.33333],[-73.1,49.33333],[-73.1,49.34167]]]}},{"type":"Feature","properties":{"c":"CDC-2814600","o":"Corporation Aurif\u00e8re Vior Inc. 100%","e":""},"geometry":{"type":"Polygon","coordinates":[[[-73.1,49.35],[-73.09167,49.35],[-73.09167,49.34167],[-73.1,49.34167],[-73.1,49.35]]]}},{"type":"Feature","properties":{"c":"CDC-2854153","o":"Corporation Aurif\u00e8re Vior Inc. 100%","e":""},"geometry":{"type":"Polygon","coordinates":[[[-73.09167,49.33333],[-73.08333,49.33333],[-73.08333,49.325],[-73.09167,49.325],[-73.09167,49.33333]]]}},{"type":"Feature","properties":{"c":"CDC-2814589","o":"Corporation Aurif\u00e8re Vior Inc. 100%","e":""},"geometry":{"type":"Polygon","coordinates":[[[-73.09167,49.34167],[-73.08333,49.34167],[-73.08333,49.33333],[-73.09167,49.33333],[-73.09167,49.34167]]]}},{"type":"Feature","properties":{"c":"CDC-2814601","o":"Corporation Aurif\u00e8re Vior Inc. 100%","e":""},"geometry":{"type":"Polygon","coordinates":[[[-73.09167,49.35],[-73.08333,49.35],[-73.08333,49.34167],[-73.09167,49.34167],[-73.09167,49.35]]]}},{"type":"Feature","properties":{"c":"CDC-2854154","o":"Corporation Aurif\u00e8re Vior Inc. 100%","e":""},"geometry":{"type":"Polygon","coordinates":[[[-73.08333,49.33333],[-73.075,49.33333],[-73.075,49.325],[-73.08333,49.325],[-73.08333,49.33333]]]}},{"type":"Feature","properties":{"c":"CDC-2814590","o":"Corporation Aurif\u00e8re Vior Inc. 100%","e":""},"geometry":{"type":"Polygon","coordinates":[[[-73.08333,49.34167],[-73.075,49.34167],[-73.075,49.33333],[-73.08333,49.33333],[-73.08333,49.34167]]]}},{"type":"Feature","properties":{"c":"CDC-2814602","o":"Corporation Aurif\u00e8re Vior Inc. 100%","e":""},"geometry":{"type":"Polygon","coordinates":[[[-73.08333,49.35],[-73.075,49.35],[-73.075,49.34167],[-73.08333,49.34167],[-73.08333,49.35]]]}},{"type":"Feature","properties":{"c":"CDC-2854155","o":"Corporation Aurif\u00e8re Vior Inc. 100%","e":""},"geometry":{"type":"Polygon","coordinates":[[[-73.075,49.33333],[-73.06667,49.33333],[-73.06667,49.325],[-73.075,49.325],[-73.075,49.33333]]]}},{"type":"Feature","properties":{"c":"CDC-2814591","o":"Corporation Aurif\u00e8re Vior Inc. 100%","e":""},"geometry":{"type":"Polygon","coordinates":[[[-73.075,49.34167],[-73.06667,49.34167],[-73.06667,49.33333],[-73.075,49.33333],[-73.075,49.34167]]]}},{"type":"Feature","properties":{"c":"CDC-2814603","o":"Corporation Aurif\u00e8re Vior Inc. 100%","e":""},"geometry":{"type":"Polygon","coordinates":[[[-73.075,49.35],[-73.06667,49.35],[-73.06667,49.34167],[-73.075,49.34167],[-73.075,49.35]]]}},{"type":"Feature","properties":{"c":"CDC-2814581","o":"Corporation Aurif\u00e8re Vior Inc. 100%","e":""},"geometry":{"type":"Polygon","coordinates":[[[-73.06667,49.33333],[-73.05833,49.33333],[-73.05833,49.325],[-73.06667,49.325],[-73.06667,49.33333]]]}},{"type":"Feature","properties":{"c":"CDC-2814592","o":"Corporation Aurif\u00e8re Vior Inc. 100%","e":""},"geometry":{"type":"Polygon","coordinates":[[[-73.06667,49.34167],[-73.05833,49.34167],[-73.05833,49.33333],[-73.06667,49.33333],[-73.06667,49.34167]]]}},{"type":"Feature","properties":{"c":"CDC-2814535","o":"Corporation Aurif\u00e8re Vior Inc. 100%","e":""},"geometry":{"type":"Polygon","coordinates":[[[-73.06667,49.35],[-73.05833,49.35],[-73.05833,49.34167],[-73.06667,49.34167],[-73.06667,49.35]]]}},{"type":"Feature","properties":{"c":"CDC-2883849","o":"Corporation Aurif\u00e8re Vior Inc. 100%","e":""},"geometry":{"type":"Polygon","coordinates":[[[-73.10833,49.29167],[-73.1,49.29167],[-73.1,49.28333],[-73.10833,49.28333],[-73.10833,49.29167]]]}},{"type":"Feature","properties":{"c":"CDC-2883856","o":"Corporation Aurif\u00e8re Vior Inc. 100%","e":""},"geometry":{"type":"Polygon","coordinates":[[[-73.10833,49.3],[-73.1,49.3],[-73.1,49.29167],[-73.10833,49.29167],[-73.10833,49.3]]]}},{"type":"Feature","properties":{"c":"CDC-2883863","o":"Corporation Aurif\u00e8re Vior Inc. 100%","e":""},"geometry":{"type":"Polygon","coordinates":[[[-73.10833,49.30833],[-73.1,49.30833],[-73.1,49.3],[-73.10833,49.3],[-73.10833,49.30833]]]}},{"type":"Feature","properties":{"c":"CDC-2883868","o":"Corporation Aurif\u00e8re Vior Inc. 100%","e":""},"geometry":{"type":"Polygon","coordinates":[[[-73.10833,49.31667],[-73.1,49.31667],[-73.1,49.30833],[-73.10833,49.30833],[-73.10833,49.31667]]]}},{"type":"Feature","properties":{"c":"CDC-2857305","o":"Corporation Aurif\u00e8re Vior Inc. 100%","e":""},"geometry":{"type":"Polygon","coordinates":[[[-73.10833,49.325],[-73.1,49.325],[-73.1,49.31667],[-73.10833,49.31667],[-73.10833,49.325]]]}},{"type":"Feature","properties":{"c":"CDC-2883842","o":"Corporation Aurif\u00e8re Vior Inc. 100%","e":""},"geometry":{"type":"Polygon","coordinates":[[[-73.1,49.28333],[-73.09167,49.28333],[-73.09167,49.275],[-73.1,49.275],[-73.1,49.28333]]]}},{"type":"Feature","properties":{"c":"CDC-2883850","o":"Corporation Aurif\u00e8re Vior Inc. 100%","e":""},"geometry":{"type":"Polygon","coordinates":[[[-73.1,49.29167],[-73.09167,49.29167],[-73.09167,49.28333],[-73.1,49.28333],[-73.1,49.29167]]]}},{"type":"Feature","properties":{"c":"CDC-2883857","o":"Corporation Aurif\u00e8re Vior Inc. 100%","e":""},"geometry":{"type":"Polygon","coordinates":[[[-73.1,49.3],[-73.09167,49.3],[-73.09167,49.29167],[-73.1,49.29167],[-73.1,49.3]]]}},{"type":"Feature","properties":{"c":"CDC-2883864","o":"Corporation Aurif\u00e8re Vior Inc. 100%","e":""},"geometry":{"type":"Polygon","coordinates":[[[-73.1,49.30833],[-73.09167,49.30833],[-73.09167,49.3],[-73.1,49.3],[-73.1,49.30833]]]}},{"type":"Feature","properties":{"c":"CDC-2857296","o":"Corporation Aurif\u00e8re Vior Inc. 100%","e":""},"geometry":{"type":"Polygon","coordinates":[[[-73.1,49.31667],[-73.09167,49.31667],[-73.09167,49.30833],[-73.1,49.30833],[-73.1,49.31667]]]}},{"type":"Feature","properties":{"c":"CDC-2857306","o":"Corporation Aurif\u00e8re Vior Inc. 100%","e":""},"geometry":{"type":"Polygon","coordinates":[[[-73.1,49.325],[-73.09167,49.325],[-73.09167,49.31667],[-73.1,49.31667],[-73.1,49.325]]]}},{"type":"Feature","properties":{"c":"CDC-2883843","o":"Corporation Aurif\u00e8re Vior Inc. 100%","e":""},"geometry":{"type":"Polygon","coordinates":[[[-73.09167,49.28333],[-73.08333,49.28333],[-73.08333,49.275],[-73.09167,49.275],[-73.09167,49.28333]]]}},{"type":"Feature","properties":{"c":"CDC-2883851","o":"Corporation Aurif\u00e8re Vior Inc. 100%","e":""},"geometry":{"type":"Polygon","coordinates":[[[-73.09167,49.29167],[-73.08333,49.29167],[-73.08333,49.28333],[-73.09167,49.28333],[-73.09167,49.29167]]]}},{"type":"Feature","properties":{"c":"CDC-2883858","o":"Corporation Aurif\u00e8re Vior Inc. 100%","e":""},"geometry":{"type":"Polygon","coordinates":[[[-73.09167,49.3],[-73.08333,49.3],[-73.08333,49.29167],[-73.09167,49.29167],[-73.09167,49.3]]]}},{"type":"Feature","properties":{"c":"CDC-2883865","o":"Corporation Aurif\u00e8re Vior Inc. 100%","e":""},"geometry":{"type":"Polygon","coordinates":[[[-73.09167,49.30833],[-73.08333,49.30833],[-73.08333,49.3],[-73.09167,49.3],[-73.09167,49.30833]]]}},{"type":"Feature","properties":{"c":"CDC-2857297","o":"Corporation Aurif\u00e8re Vior Inc. 100%","e":""},"geometry":{"type":"Polygon","coordinates":[[[-73.09167,49.31667],[-73.08333,49.31667],[-73.08333,49.30833],[-73.09167,49.30833],[-73.09167,49.31667]]]}},{"type":"Feature","properties":{"c":"CDC-2857307","o":"Corporation Aurif\u00e8re Vior Inc. 100%","e":""},"geometry":{"type":"Polygon","coordinates":[[[-73.09167,49.325],[-73.08333,49.325],[-73.08333,49.31667],[-73.09167,49.31667],[-73.09167,49.325]]]}},{"type":"Feature","properties":{"c":"CDC-2883844","o":"Corporation Aurif\u00e8re Vior Inc. 100%","e":""},"geometry":{"type":"Polygon","coordinates":[[[-73.08333,49.28333],[-73.075,49.28333],[-73.075,49.275],[-73.08333,49.275],[-73.08333,49.28333]]]}},{"type":"Feature","properties":{"c":"CDC-2883852","o":"Corporation Aurif\u00e8re Vior Inc. 100%","e":""},"geometry":{"type":"Polygon","coordinates":[[[-73.08333,49.29167],[-73.075,49.29167],[-73.075,49.28333],[-73.08333,49.28333],[-73.08333,49.29167]]]}},{"type":"Feature","properties":{"c":"CDC-2883859","o":"Corporation Aurif\u00e8re Vior Inc. 100%","e":""},"geometry":{"type":"Polygon","coordinates":[[[-73.08333,49.3],[-73.075,49.3],[-73.075,49.29167],[-73.08333,49.29167],[-73.08333,49.3]]]}},{"type":"Feature","properties":{"c":"CDC-2883866","o":"Corporation Aurif\u00e8re Vior Inc. 100%","e":""},"geometry":{"type":"Polygon","coordinates":[[[-73.08333,49.30833],[-73.075,49.30833],[-73.075,49.3],[-73.08333,49.3],[-73.08333,49.30833]]]}},{"type":"Feature","properties":{"c":"CDC-2857298","o":"Corporation Aurif\u00e8re Vior Inc. 100%","e":""},"geometry":{"type":"Polygon","coordinates":[[[-73.08333,49.31667],[-73.075,49.31667],[-73.075,49.30833],[-73.08333,49.30833],[-73.08333,49.31667]]]}},{"type":"Feature","properties":{"c":"CDC-2857308","o":"Corporation Aurif\u00e8re Vior Inc. 100%","e":""},"geometry":{"type":"Polygon","coordinates":[[[-73.08333,49.325],[-73.075,49.325],[-73.075,49.31667],[-73.08333,49.31667],[-73.08333,49.325]]]}},{"type":"Feature","properties":{"c":"CDC-2883845","o":"Corporation Aurif\u00e8re Vior Inc. 100%","e":""},"geometry":{"type":"Polygon","coordinates":[[[-73.075,49.28333],[-73.06667,49.28333],[-73.06667,49.275],[-73.075,49.275],[-73.075,49.28333]]]}},{"type":"Feature","properties":{"c":"CDC-2883853","o":"Corporation Aurif\u00e8re Vior Inc. 100%","e":""},"geometry":{"type":"Polygon","coordinates":[[[-73.075,49.29167],[-73.06667,49.29167],[-73.06667,49.28333],[-73.075,49.28333],[-73.075,49.29167]]]}},{"type":"Feature","properties":{"c":"CDC-2883860","o":"Corporation Aurif\u00e8re Vior Inc. 100%","e":""},"geometry":{"type":"Polygon","coordinates":[[[-73.075,49.3],[-73.06667,49.3],[-73.06667,49.29167],[-73.075,49.29167],[-73.075,49.3]]]}},{"type":"Feature","properties":{"c":"CDC-2857290","o":"Corporation Aurif\u00e8re Vior Inc. 100%","e":""},"geometry":{"type":"Polygon","coordinates":[[[-73.075,49.30833],[-73.06667,49.30833],[-73.06667,49.3],[-73.075,49.3],[-73.075,49.30833]]]}},{"type":"Feature","properties":{"c":"CDC-2846212","o":"Corporation Aurif\u00e8re Vior Inc. 100%","e":""},"geometry":{"type":"Polygon","coordinates":[[[-73.15,49.29167],[-73.14167,49.29167],[-73.14167,49.28333],[-73.15,49.28333],[-73.15,49.29167]]]}},{"type":"Feature","properties":{"c":"CDC-2846215","o":"Corporation Aurif\u00e8re Vior Inc. 100%","e":""},"geometry":{"type":"Polygon","coordinates":[[[-73.15,49.3],[-73.14167,49.3],[-73.14167,49.29167],[-73.15,49.29167],[-73.15,49.3]]]}},{"type":"Feature","properties":{"c":"CDC-2846220","o":"Corporation Aurif\u00e8re Vior Inc. 100%","e":""},"geometry":{"type":"Polygon","coordinates":[[[-73.15,49.30833],[-73.14167,49.30833],[-73.14167,49.3],[-73.15,49.3],[-73.15,49.30833]]]}},{"type":"Feature","properties":{"c":"CDC-2846225","o":"Corporation Aurif\u00e8re Vior Inc. 100%","e":""},"geometry":{"type":"Polygon","coordinates":[[[-73.15,49.31667],[-73.14167,49.31667],[-73.14167,49.30833],[-73.15,49.30833],[-73.15,49.31667]]]}},{"type":"Feature","properties":{"c":"CDC-2846213","o":"Corporation Aurif\u00e8re Vior Inc. 100%","e":""},"geometry":{"type":"Polygon","coordinates":[[[-73.14167,49.29167],[-73.13333,49.29167],[-73.13333,49.28333],[-73.14167,49.28333],[-73.14167,49.29167]]]}},{"type":"Feature","properties":{"c":"CDC-2846216","o":"Corporation Aurif\u00e8re Vior Inc. 100%","e":""},"geometry":{"type":"Polygon","coordinates":[[[-73.14167,49.3],[-73.13333,49.3],[-73.13333,49.29167],[-73.14167,49.29167],[-73.14167,49.3]]]}},{"type":"Feature","properties":{"c":"CDC-2846221","o":"Corporation Aurif\u00e8re Vior Inc. 100%","e":""},"geometry":{"type":"Polygon","coordinates":[[[-73.14167,49.30833],[-73.13333,49.30833],[-73.13333,49.3],[-73.14167,49.3],[-73.14167,49.30833]]]}},{"type":"Feature","properties":{"c":"CDC-2846226","o":"Corporation Aurif\u00e8re Vior Inc. 100%","e":""},"geometry":{"type":"Polygon","coordinates":[[[-73.14167,49.31667],[-73.13333,49.31667],[-73.13333,49.30833],[-73.14167,49.30833],[-73.14167,49.31667]]]}},{"type":"Feature","properties":{"c":"CDC-2846230","o":"Corporation Aurif\u00e8re Vior Inc. 100%","e":""},"geometry":{"type":"Polygon","coordinates":[[[-73.14167,49.325],[-73.13333,49.325],[-73.13333,49.31667],[-73.14167,49.31667],[-73.14167,49.325]]]}},{"type":"Feature","properties":{"c":"CDC-2846214","o":"Corporation Aurif\u00e8re Vior Inc. 100%","e":""},"geometry":{"type":"Polygon","coordinates":[[[-73.13333,49.29167],[-73.125,49.29167],[-73.125,49.28333],[-73.13333,49.28333],[-73.13333,49.29167]]]}},{"type":"Feature","properties":{"c":"CDC-2846217","o":"Corporation Aurif\u00e8re Vior Inc. 100%","e":""},"geometry":{"type":"Polygon","coordinates":[[[-73.13333,49.3],[-73.125,49.3],[-73.125,49.29167],[-73.13333,49.29167],[-73.13333,49.3]]]}},{"type":"Feature","properties":{"c":"CDC-2846222","o":"Corporation Aurif\u00e8re Vior Inc. 100%","e":""},"geometry":{"type":"Polygon","coordinates":[[[-73.13333,49.30833],[-73.125,49.30833],[-73.125,49.3],[-73.13333,49.3],[-73.13333,49.30833]]]}},{"type":"Feature","properties":{"c":"CDC-2846227","o":"Corporation Aurif\u00e8re Vior Inc. 100%","e":""},"geometry":{"type":"Polygon","coordinates":[[[-73.13333,49.31667],[-73.125,49.31667],[-73.125,49.30833],[-73.13333,49.30833],[-73.13333,49.31667]]]}},{"type":"Feature","properties":{"c":"CDC-2857302","o":"Corporation Aurif\u00e8re Vior Inc. 100%","e":""},"geometry":{"type":"Polygon","coordinates":[[[-73.13333,49.325],[-73.125,49.325],[-73.125,49.31667],[-73.13333,49.31667],[-73.13333,49.325]]]}},{"type":"Feature","properties":{"c":"CDC-2883839","o":"Corporation Aurif\u00e8re Vior Inc. 100%","e":""},"geometry":{"type":"Polygon","coordinates":[[[-73.125,49.28333],[-73.11667,49.28333],[-73.11667,49.275],[-73.125,49.275],[-73.125,49.28333]]]}},{"type":"Feature","properties":{"c":"CDC-2883847","o":"Corporation Aurif\u00e8re Vior Inc. 100%","e":""},"geometry":{"type":"Polygon","coordinates":[[[-73.125,49.29167],[-73.11667,49.29167],[-73.11667,49.28333],[-73.125,49.28333],[-73.125,49.29167]]]}},{"type":"Feature","properties":{"c":"CDC-2846218","o":"Corporation Aurif\u00e8re Vior Inc. 100%","e":""},"geometry":{"type":"Polygon","coordinates":[[[-73.125,49.3],[-73.11667,49.3],[-73.11667,49.29167],[-73.125,49.29167],[-73.125,49.3]]]}},{"type":"Feature","properties":{"c":"CDC-2846223","o":"Corporation Aurif\u00e8re Vior Inc. 100%","e":""},"geometry":{"type":"Polygon","coordinates":[[[-73.125,49.30833],[-73.11667,49.30833],[-73.11667,49.3],[-73.125,49.3],[-73.125,49.30833]]]}},{"type":"Feature","properties":{"c":"CDC-2846228","o":"Corporation Aurif\u00e8re Vior Inc. 100%","e":""},"geometry":{"type":"Polygon","coordinates":[[[-73.125,49.31667],[-73.11667,49.31667],[-73.11667,49.30833],[-73.125,49.30833],[-73.125,49.31667]]]}},{"type":"Feature","properties":{"c":"CDC-2857303","o":"Corporation Aurif\u00e8re Vior Inc. 100%","e":""},"geometry":{"type":"Polygon","coordinates":[[[-73.125,49.325],[-73.11667,49.325],[-73.11667,49.31667],[-73.125,49.31667],[-73.125,49.325]]]}},{"type":"Feature","properties":{"c":"CDC-2883840","o":"Corporation Aurif\u00e8re Vior Inc. 100%","e":""},"geometry":{"type":"Polygon","coordinates":[[[-73.11667,49.28333],[-73.10833,49.28333],[-73.10833,49.275],[-73.11667,49.275],[-73.11667,49.28333]]]}},{"type":"Feature","properties":{"c":"CDC-2883848","o":"Corporation Aurif\u00e8re Vior Inc. 100%","e":""},"geometry":{"type":"Polygon","coordinates":[[[-73.11667,49.29167],[-73.10833,49.29167],[-73.10833,49.28333],[-73.11667,49.28333],[-73.11667,49.29167]]]}},{"type":"Feature","properties":{"c":"CDC-2846219","o":"Corporation Aurif\u00e8re Vior Inc. 100%","e":""},"geometry":{"type":"Polygon","coordinates":[[[-73.11667,49.3],[-73.10833,49.3],[-73.10833,49.29167],[-73.11667,49.29167],[-73.11667,49.3]]]}},{"type":"Feature","properties":{"c":"CDC-2846224","o":"Corporation Aurif\u00e8re Vior Inc. 100%","e":""},"geometry":{"type":"Polygon","coordinates":[[[-73.11667,49.30833],[-73.10833,49.30833],[-73.10833,49.3],[-73.11667,49.3],[-73.11667,49.30833]]]}},{"type":"Feature","properties":{"c":"CDC-2883867","o":"Corporation Aurif\u00e8re Vior Inc. 100%","e":""},"geometry":{"type":"Polygon","coordinates":[[[-73.11667,49.31667],[-73.10833,49.31667],[-73.10833,49.30833],[-73.11667,49.30833],[-73.11667,49.31667]]]}},{"type":"Feature","properties":{"c":"CDC-2857304","o":"Corporation Aurif\u00e8re Vior Inc. 100%","e":""},"geometry":{"type":"Polygon","coordinates":[[[-73.11667,49.325],[-73.10833,49.325],[-73.10833,49.31667],[-73.11667,49.31667],[-73.11667,49.325]]]}},{"type":"Feature","properties":{"c":"CDC-2883841","o":"Corporation Aurif\u00e8re Vior Inc. 100%","e":""},"geometry":{"type":"Polygon","coordinates":[[[-73.10833,49.28333],[-73.1,49.28333],[-73.1,49.275],[-73.10833,49.275],[-73.10833,49.28333]]]}},{"type":"Feature","properties":{"c":"CDC-2846229","o":"Corporation Aurif\u00e8re Vior Inc. 100%","e":""},"geometry":{"type":"Polygon","coordinates":[[[-73.15,49.325],[-73.14167,49.325],[-73.14167,49.31667],[-73.15,49.31667],[-73.15,49.325]]]}},{"type":"Feature","properties":{"c":"CDC-2857313","o":"Corporation Aurif\u00e8re Vior Inc. 100%","e":""},"geometry":{"type":"Polygon","coordinates":[[[-73.10833,49.33333],[-73.1,49.33333],[-73.1,49.325],[-73.10833,49.325],[-73.10833,49.33333]]]}},{"type":"Feature","properties":{"c":"CDC-2857312","o":"Corporation Aurif\u00e8re Vior Inc. 100%","e":""},"geometry":{"type":"Polygon","coordinates":[[[-73.11667,49.33333],[-73.10833,49.33333],[-73.10833,49.325],[-73.11667,49.325],[-73.11667,49.33333]]]}},{"type":"Feature","properties":{"c":"CDC-2857311","o":"Corporation Aurif\u00e8re Vior Inc. 100%","e":""},"geometry":{"type":"Polygon","coordinates":[[[-73.125,49.33333],[-73.11667,49.33333],[-73.11667,49.325],[-73.125,49.325],[-73.125,49.33333]]]}},{"type":"Feature","properties":{"c":"CDC-2857310","o":"Corporation Aurif\u00e8re Vior Inc. 100%","e":""},"geometry":{"type":"Polygon","coordinates":[[[-73.13333,49.33333],[-73.125,49.33333],[-73.125,49.325],[-73.13333,49.325],[-73.13333,49.33333]]]}},{"type":"Feature","properties":{"c":"CDC-2846235","o":"Corporation Aurif\u00e8re Vior Inc. 100%","e":""},"geometry":{"type":"Polygon","coordinates":[[[-73.14167,49.33333],[-73.13333,49.33333],[-73.13333,49.325],[-73.14167,49.325],[-73.14167,49.33333]]]}},{"type":"Feature","properties":{"c":"CDC-2846234","o":"Corporation Aurif\u00e8re Vior Inc. 100%","e":""},"geometry":{"type":"Polygon","coordinates":[[[-73.15,49.33333],[-73.14167,49.33333],[-73.14167,49.325],[-73.15,49.325],[-73.15,49.33333]]]}},{"type":"Feature","properties":{"c":"CDC-2846233","o":"Corporation Aurif\u00e8re Vior Inc. 100%","e":""},"geometry":{"type":"Polygon","coordinates":[[[-73.15833,49.33333],[-73.15,49.33333],[-73.15,49.325],[-73.15833,49.325],[-73.15833,49.33333]]]}},{"type":"Feature","properties":{"c":"CDC-2846232","o":"Corporation Aurif\u00e8re Vior Inc. 100%","e":""},"geometry":{"type":"Polygon","coordinates":[[[-73.16667,49.33333],[-73.15833,49.33333],[-73.15833,49.325],[-73.16667,49.325],[-73.16667,49.33333]]]}},{"type":"Feature","properties":{"c":"CDC-2814586","o":"Corporation Aurif\u00e8re Vior Inc. 100%","e":""},"geometry":{"type":"Polygon","coordinates":[[[-73.11667,49.34167],[-73.10833,49.34167],[-73.10833,49.33333],[-73.11667,49.33333],[-73.11667,49.34167]]]}},{"type":"Feature","properties":{"c":"CDC-2854158","o":"Corporation Aurif\u00e8re Vior Inc. 100%","e":""},"geometry":{"type":"Polygon","coordinates":[[[-73.125,49.34167],[-73.11667,49.34167],[-73.11667,49.33333],[-73.125,49.33333],[-73.125,49.34167]]]}},{"type":"Feature","properties":{"c":"CDC-2857314","o":"Corporation Aurif\u00e8re Vior Inc. 100%","e":""},"geometry":{"type":"Polygon","coordinates":[[[-73.13333,49.34167],[-73.125,49.34167],[-73.125,49.33333],[-73.13333,49.33333],[-73.13333,49.34167]]]}},{"type":"Feature","properties":{"c":"CDC-2846240","o":"Corporation Aurif\u00e8re Vior Inc. 100%","e":""},"geometry":{"type":"Polygon","coordinates":[[[-73.14167,49.34167],[-73.13333,49.34167],[-73.13333,49.33333],[-73.14167,49.33333],[-73.14167,49.34167]]]}},{"type":"Feature","properties":{"c":"CDC-2846239","o":"Corporation Aurif\u00e8re Vior Inc. 100%","e":""},"geometry":{"type":"Polygon","coordinates":[[[-73.15,49.34167],[-73.14167,49.34167],[-73.14167,49.33333],[-73.15,49.33333],[-73.15,49.34167]]]}},{"type":"Feature","properties":{"c":"CDC-2846238","o":"Corporation Aurif\u00e8re Vior Inc. 100%","e":""},"geometry":{"type":"Polygon","coordinates":[[[-73.15833,49.34167],[-73.15,49.34167],[-73.15,49.33333],[-73.15833,49.33333],[-73.15833,49.34167]]]}},{"type":"Feature","properties":{"c":"CDC-2846237","o":"Corporation Aurif\u00e8re Vior Inc. 100%","e":""},"geometry":{"type":"Polygon","coordinates":[[[-73.16667,49.34167],[-73.15833,49.34167],[-73.15833,49.33333],[-73.16667,49.33333],[-73.16667,49.34167]]]}},{"type":"Feature","properties":{"c":"CDC-2854440","o":"Corporation Aurif\u00e8re Vior Inc. 100%","e":""},"geometry":{"type":"Polygon","coordinates":[[[-73.175,49.34167],[-73.16667,49.34167],[-73.16667,49.33333],[-73.175,49.33333],[-73.175,49.34167]]]}},{"type":"Feature","properties":{"c":"CDC-2814598","o":"Corporation Aurif\u00e8re Vior Inc. 100%","e":""},"geometry":{"type":"Polygon","coordinates":[[[-73.11667,49.35],[-73.10833,49.35],[-73.10833,49.34167],[-73.11667,49.34167],[-73.11667,49.35]]]}},{"type":"Feature","properties":{"c":"CDC-2854164","o":"Corporation Aurif\u00e8re Vior Inc. 100%","e":""},"geometry":{"type":"Polygon","coordinates":[[[-73.125,49.35],[-73.11667,49.35],[-73.11667,49.34167],[-73.125,49.34167],[-73.125,49.35]]]}},{"type":"Feature","properties":{"c":"CDC-2854163","o":"Corporation Aurif\u00e8re Vior Inc. 100%","e":""},"geometry":{"type":"Polygon","coordinates":[[[-73.13333,49.35],[-73.125,49.35],[-73.125,49.34167],[-73.13333,49.34167],[-73.13333,49.35]]]}},{"type":"Feature","properties":{"c":"CDC-2854162","o":"Corporation Aurif\u00e8re Vior Inc. 100%","e":""},"geometry":{"type":"Polygon","coordinates":[[[-73.14167,49.35],[-73.13333,49.35],[-73.13333,49.34167],[-73.14167,49.34167],[-73.14167,49.35]]]}},{"type":"Feature","properties":{"c":"CDC-2854161","o":"Corporation Aurif\u00e8re Vior Inc. 100%","e":""},"geometry":{"type":"Polygon","coordinates":[[[-73.15,49.35],[-73.14167,49.35],[-73.14167,49.34167],[-73.15,49.34167],[-73.15,49.35]]]}},{"type":"Feature","properties":{"c":"CDC-2857317","o":"Corporation Aurif\u00e8re Vior Inc. 100%","e":""},"geometry":{"type":"Polygon","coordinates":[[[-73.15833,49.35],[-73.15,49.35],[-73.15,49.34167],[-73.15833,49.34167],[-73.15833,49.35]]]}},{"type":"Feature","properties":{"c":"CDC-2857316","o":"Corporation Aurif\u00e8re Vior Inc. 100%","e":""},"geometry":{"type":"Polygon","coordinates":[[[-73.16667,49.35],[-73.15833,49.35],[-73.15833,49.34167],[-73.16667,49.34167],[-73.16667,49.35]]]}},{"type":"Feature","properties":{"c":"CDC-2857315","o":"Corporation Aurif\u00e8re Vior Inc. 100%","e":""},"geometry":{"type":"Polygon","coordinates":[[[-73.175,49.35],[-73.16667,49.35],[-73.16667,49.34167],[-73.175,49.34167],[-73.175,49.35]]]}},{"type":"Feature","properties":{"c":"CDC-2854443","o":"Corporation Aurif\u00e8re Vior Inc. 100%","e":""},"geometry":{"type":"Polygon","coordinates":[[[-73.18333,49.35],[-73.175,49.35],[-73.175,49.34167],[-73.18333,49.34167],[-73.18333,49.35]]]}},{"type":"Feature","properties":{"c":"CDC-2854442","o":"Corporation Aurif\u00e8re Vior Inc. 100%","e":""},"geometry":{"type":"Polygon","coordinates":[[[-73.19167,49.35],[-73.18333,49.35],[-73.18333,49.34167],[-73.19167,49.34167],[-73.19167,49.35]]]}},{"type":"Feature","properties":{"c":"CDC-2822411","o":"9292-2301 Qu\u00e9bec inc (\u00c9clotout pierre et minerais d\u00e9coratif) 100%","e":""},"geometry":{"type":"Polygon","coordinates":[[[-73.25,49.33333],[-73.24167,49.33333],[-73.24167,49.32675],[-73.24171,49.32674],[-73.24198,49.32676],[-73.242,49.32666],[-73.24209,49.32644],[-73.2422,49.3262],[-73.24237,49.32598],[-73.24288,49.32531],[-73.24309,49.32511],[-73.24325,49.325],[-73.24447,49.325],[-73.2446,49.32505],[-73.24517,49.32535],[-73.24543,49.32554],[-73.24555,49.32551],[-73.24583,49.32528],[-73.24577,49.32511],[-73.24568,49.325],[-73.25,49.325],[-73.25,49.33333]]]}},{"type":"Feature","properties":{"c":"CDC-2854441","o":"Corporation Aurif\u00e8re Vior Inc. 100%","e":""},"geometry":{"type":"Polygon","coordinates":[[[-73.2,49.35],[-73.19167,49.35],[-73.19167,49.34167],[-73.2,49.34167],[-73.2,49.35]]]}},{"type":"Feature","properties":{"c":"CDC-2873433","o":"Carl Gilbert 100%","e":""},"geometry":{"type":"Polygon","coordinates":[[[-73.025,49.18333],[-73.01667,49.18333],[-73.01667,49.175],[-73.025,49.175],[-73.025,49.18333]]]}},{"type":"Feature","properties":{"c":"CDC-2868975","o":"Carl Gilbert 100%","e":""},"geometry":{"type":"Polygon","coordinates":[[[-73.01667,49.19167],[-73.00833,49.19167],[-73.00833,49.18333],[-73.01667,49.18333],[-73.01667,49.19167]]]}},{"type":"Feature","properties":{"c":"CDC-2873502","o":"Carl Gilbert 100%","e":""},"geometry":{"type":"Polygon","coordinates":[[[-73.025,49.19167],[-73.01667,49.19167],[-73.01667,49.18333],[-73.025,49.18333],[-73.025,49.19167]]]}},{"type":"Feature","properties":{"c":"CDC-2868996","o":"Carl Gilbert 100%","e":""},"geometry":{"type":"Polygon","coordinates":[[[-73.03333,49.19167],[-73.025,49.19167],[-73.025,49.18333],[-73.03333,49.18333],[-73.03333,49.19167]]]}},{"type":"Feature","properties":{"c":"CDC-2868978","o":"Carl Gilbert 100%","e":""},"geometry":{"type":"Polygon","coordinates":[[[-73.01667,49.2],[-73.00833,49.2],[-73.00833,49.19167],[-73.01667,49.19167],[-73.01667,49.2]]]}},{"type":"Feature","properties":{"c":"CDC-2868977","o":"Carl Gilbert 100%","e":""},"geometry":{"type":"Polygon","coordinates":[[[-73.025,49.2],[-73.01667,49.2],[-73.01667,49.19167],[-73.025,49.19167],[-73.025,49.2]]]}},{"type":"Feature","properties":{"c":"CDC-2868976","o":"Carl Gilbert 100%","e":""},"geometry":{"type":"Polygon","coordinates":[[[-73.03333,49.2],[-73.025,49.2],[-73.025,49.19167],[-73.03333,49.19167],[-73.03333,49.2]]]}},{"type":"Feature","properties":{"c":"CDC-2887152","o":"Carl Gilbert 100%","e":""},"geometry":{"type":"Polygon","coordinates":[[[-73.025,49.05],[-73.01667,49.05],[-73.01667,49.04167],[-73.025,49.04167],[-73.025,49.05]]]}},{"type":"Feature","properties":{"c":"CDC-2868990","o":"Carl Gilbert 100%","e":""},"geometry":{"type":"Polygon","coordinates":[[[-73.025,49.13333],[-73.01667,49.13333],[-73.01667,49.125],[-73.025,49.125],[-73.025,49.13333]]]}},{"type":"Feature","properties":{"c":"CDC-2868991","o":"Carl Gilbert 100%","e":""},"geometry":{"type":"Polygon","coordinates":[[[-73.025,49.14167],[-73.01667,49.14167],[-73.01667,49.13333],[-73.025,49.13333],[-73.025,49.14167]]]}},{"type":"Feature","properties":{"c":"CDC-2868992","o":"Carl Gilbert 100%","e":""},"geometry":{"type":"Polygon","coordinates":[[[-73.025,49.15],[-73.01667,49.15],[-73.01667,49.14167],[-73.025,49.14167],[-73.025,49.15]]]}},{"type":"Feature","properties":{"c":"CDC-2868993","o":"Carl Gilbert 100%","e":""},"geometry":{"type":"Polygon","coordinates":[[[-73.01667,49.15833],[-73.00833,49.15833],[-73.00833,49.15],[-73.01667,49.15],[-73.01667,49.15833]]]}},{"type":"Feature","properties":{"c":"CDC-2868994","o":"Carl Gilbert 100%","e":""},"geometry":{"type":"Polygon","coordinates":[[[-73.01667,49.16667],[-73.00833,49.16667],[-73.00833,49.15833],[-73.01667,49.15833],[-73.01667,49.16667]]]}},{"type":"Feature","properties":{"c":"CDC-2873432","o":"Carl Gilbert 100%","e":""},"geometry":{"type":"Polygon","coordinates":[[[-73.00833,49.175],[-73.0,49.175],[-73.0,49.16667],[-73.00833,49.16667],[-73.00833,49.175]]]}},{"type":"Feature","properties":{"c":"CDC-2868995","o":"Carl Gilbert 100%","e":""},"geometry":{"type":"Polygon","coordinates":[[[-73.01667,49.175],[-73.00833,49.175],[-73.00833,49.16667],[-73.01667,49.16667],[-73.01667,49.175]]]}},{"type":"Feature","properties":{"c":"CDC-2873431","o":"Carl Gilbert 100%","e":""},"geometry":{"type":"Polygon","coordinates":[[[-73.025,49.175],[-73.01667,49.175],[-73.01667,49.16667],[-73.025,49.16667],[-73.025,49.175]]]}},{"type":"Feature","properties":{"c":"CDC-2873501","o":"Carl Gilbert 100%","e":""},"geometry":{"type":"Polygon","coordinates":[[[-73.00833,49.18333],[-73.0,49.18333],[-73.0,49.175],[-73.00833,49.175],[-73.00833,49.18333]]]}},{"type":"Feature","properties":{"c":"CDC-2868985","o":"Carl Gilbert 100%","e":""},"geometry":{"type":"Polygon","coordinates":[[[-73.01667,49.18333],[-73.00833,49.18333],[-73.00833,49.175],[-73.01667,49.175],[-73.01667,49.18333]]]}},{"type":"Feature","properties":{"c":"CDC-2814125","o":"Coniagas Battery Metals Inc. 100%","e":""},"geometry":{"type":"Polygon","coordinates":[[[-73.43333,49.20833],[-73.425,49.20833],[-73.425,49.2],[-73.43333,49.2],[-73.43333,49.20833]]]}},{"type":"Feature","properties":{"c":"CDC-2814128","o":"Coniagas Battery Metals Inc. 100%","e":""},"geometry":{"type":"Polygon","coordinates":[[[-73.43333,49.21667],[-73.425,49.21667],[-73.425,49.20833],[-73.43333,49.20833],[-73.43333,49.21667]]]}},{"type":"Feature","properties":{"c":"CDC-2814131","o":"Coniagas Battery Metals Inc. 100%","e":""},"geometry":{"type":"Polygon","coordinates":[[[-73.43333,49.225],[-73.425,49.225],[-73.425,49.21667],[-73.43333,49.21667],[-73.43333,49.225]]]}},{"type":"Feature","properties":{"c":"CDC-2814134","o":"Coniagas Battery Metals Inc. 100%","e":""},"geometry":{"type":"Polygon","coordinates":[[[-73.43333,49.23333],[-73.425,49.23333],[-73.425,49.225],[-73.43333,49.225],[-73.43333,49.23333]]]}},{"type":"Feature","properties":{"c":"CDC-2814126","o":"Coniagas Battery Metals Inc. 100%","e":""},"geometry":{"type":"Polygon","coordinates":[[[-73.425,49.20833],[-73.41667,49.20833],[-73.41667,49.2],[-73.425,49.2],[-73.425,49.20833]]]}},{"type":"Feature","properties":{"c":"CDC-2814129","o":"Coniagas Battery Metals Inc. 100%","e":""},"geometry":{"type":"Polygon","coordinates":[[[-73.425,49.21667],[-73.41667,49.21667],[-73.41667,49.20833],[-73.425,49.20833],[-73.425,49.21667]]]}},{"type":"Feature","properties":{"c":"CDC-2814132","o":"Coniagas Battery Metals Inc. 100%","e":""},"geometry":{"type":"Polygon","coordinates":[[[-73.425,49.225],[-73.41667,49.225],[-73.41667,49.21667],[-73.425,49.21667],[-73.425,49.225]]]}},{"type":"Feature","properties":{"c":"CDC-2814135","o":"Coniagas Battery Metals Inc. 100%","e":""},"geometry":{"type":"Polygon","coordinates":[[[-73.425,49.23333],[-73.41667,49.23333],[-73.41667,49.225],[-73.425,49.225],[-73.425,49.23333]]]}},{"type":"Feature","properties":{"c":"CDC-2814137","o":"Coniagas Battery Metals Inc. 100%","e":""},"geometry":{"type":"Polygon","coordinates":[[[-73.425,49.24167],[-73.41667,49.24167],[-73.41667,49.23333],[-73.425,49.23333],[-73.425,49.24167]]]}},{"type":"Feature","properties":{"c":"CDC-2814127","o":"Coniagas Battery Metals Inc. 100%","e":""},"geometry":{"type":"Polygon","coordinates":[[[-73.41667,49.20833],[-73.40833,49.20833],[-73.40833,49.2],[-73.41667,49.2],[-73.41667,49.20833]]]}},{"type":"Feature","properties":{"c":"CDC-2814130","o":"Coniagas Battery Metals Inc. 100%","e":""},"geometry":{"type":"Polygon","coordinates":[[[-73.41667,49.21667],[-73.40833,49.21667],[-73.40833,49.20833],[-73.41667,49.20833],[-73.41667,49.21667]]]}},{"type":"Feature","properties":{"c":"AMO-144","o":"Minist\u00e8re des Transports et de la Mobilit\u00e9 Durable 100%","e":""},"geometry":{"type":"Polygon","coordinates":[[[-73.39092,48.9996],[-73.39203,48.99904],[-73.39235,48.9986],[-73.3939,48.9988],[-73.39456,49.00012],[-73.39446,49.00054],[-73.39317,49.00105],[-73.39137,49.00092],[-73.39083,48.99965],[-73.39092,48.9996]]]}},{"type":"Feature","properties":{"c":"CDC-2814133","o":"Coniagas Battery Metals Inc. 100%","e":""},"geometry":{"type":"Polygon","coordinates":[[[-73.41667,49.225],[-73.40833,49.225],[-73.40833,49.21667],[-73.41667,49.21667],[-73.41667,49.225]]]}},{"type":"Feature","properties":{"c":"CDC-2814136","o":"Coniagas Battery Metals Inc. 100%","e":""},"geometry":{"type":"Polygon","coordinates":[[[-73.41667,49.23333],[-73.40833,49.23333],[-73.40833,49.225],[-73.41667,49.225],[-73.41667,49.23333]]]}},{"type":"Feature","properties":{"c":"CDC-2814138","o":"Coniagas Battery Metals Inc. 100%","e":""},"geometry":{"type":"Polygon","coordinates":[[[-73.41667,49.24167],[-73.40833,49.24167],[-73.40833,49.23333],[-73.41667,49.23333],[-73.41667,49.24167]]]}},{"type":"Feature","properties":{"c":"CDC-2820600","o":"Coniagas Battery Metals Inc. 100%","e":""},"geometry":{"type":"Polygon","coordinates":[[[-73.40833,49.2],[-73.40833,49.20833],[-73.40034,49.20833],[-73.4,49.2076],[-73.4,49.2],[-73.40833,49.2]]]}},{"type":"Feature","properties":{"c":"CDC-2820602","o":"Coniagas Battery Metals Inc. 100%","e":""},"geometry":{"type":"Polygon","coordinates":[[[-73.40833,49.21667],[-73.40326,49.21667],[-73.40269,49.21514],[-73.40131,49.21056],[-73.40127,49.21044],[-73.40118,49.21019],[-73.40108,49.20994],[-73.40097,49.2097],[-73.40097,49.20969],[-73.40034,49.20833],[-73.40833,49.20833],[-73.40833,49.21667]]]}},{"type":"Feature","properties":{"c":"CDC-2820603","o":"Coniagas Battery Metals Inc. 100%","e":""},"geometry":{"type":"Polygon","coordinates":[[[-73.40833,49.225],[-73.40481,49.225],[-73.40481,49.22485],[-73.40481,49.22459],[-73.4048,49.22433],[-73.40479,49.22413],[-73.40443,49.22044],[-73.40443,49.22039],[-73.40439,49.22014],[-73.40435,49.21988],[-73.4043,49.21963],[-73.40423,49.21938],[-73.40416,49.21913],[-73.40407,49.21889],[-73.40326,49.21667],[-73.40833,49.21667],[-73.40833,49.225]]]}},{"type":"Feature","properties":{"c":"CDC-2820604","o":"Coniagas Battery Metals Inc. 100%","e":""},"geometry":{"type":"Polygon","coordinates":[[[-73.40833,49.23333],[-73.40422,49.23333],[-73.4043,49.2332],[-73.40443,49.23296],[-73.40455,49.23272],[-73.40466,49.23247],[-73.40476,49.23222],[-73.40485,49.23198],[-73.40493,49.23172],[-73.405,49.23147],[-73.40505,49.23122],[-73.4051,49.23097],[-73.40513,49.23071],[-73.40515,49.23046],[-73.40517,49.2302],[-73.40517,49.22994],[-73.40516,49.22969],[-73.40514,49.22943],[-73.4051,49.22918],[-73.40506,49.22892],[-73.40501,49.22867],[-73.40494,49.22842],[-73.40486,49.22817],[-73.40478,49.22792],[-73.40468,49.22767],[-73.40457,49.22742],[-73.40445,49.22718],[-73.40437,49.22702],[-73.40451,49.2266],[-73.40458,49.22637],[-73.40464,49.22612],[-73.4047,49.22587],[-73.40474,49.22561],[-73.40478,49.22536],[-73.4048,49.2251],[-73.40481,49.225],[-73.40833,49.225],[-73.40833,49.23333]]]}},{"type":"Feature","properties":{"c":"CDC-2820605","o":"Coniagas Battery Metals Inc. 100%","e":""},"geometry":{"type":"Polygon","coordinates":[[[-73.40833,49.24167],[-73.40539,49.24167],[-73.40436,49.23901],[-73.4043,49.23885],[-73.40419,49.23861],[-73.40407,49.23836],[-73.40394,49.23812],[-73.4038,49.23788],[-73.40365,49.23765],[-73.40349,49.23741],[-73.40332,49.23718],[-73.40314,49.23696],[-73.40295,49.23673],[-73.40275,49.23651],[-73.40254,49.2363],[-73.40232,49.23608],[-73.4021,49.23588],[-73.40201,49.2358],[-73.40221,49.23565],[-73.40244,49.23544],[-73.40267,49.23523],[-73.40289,49.23502],[-73.4031,49.23481],[-73.4033,49.23459],[-73.4035,49.23436],[-73.40368,49.23414],[-73.40385,49.23391],[-73.40401,49.23368],[-73.40416,49.23344],[-73.40422,49.23333],[-73.40833,49.23333],[-73.40833,49.24167]]]}},{"type":"Feature","properties":{"c":"CDC-2820601","o":"Coniagas Battery Metals Inc. 100%","e":""},"geometry":{"type":"Polygon","coordinates":[[[-73.4,49.2076],[-73.39826,49.20386],[-73.39814,49.20362],[-73.39801,49.20338],[-73.39788,49.20314],[-73.39773,49.2029],[-73.39757,49.20267],[-73.3974,49.20244],[-73.39722,49.20221],[-73.39703,49.20199],[-73.39693,49.20189],[-73.39523,49.2],[-73.4,49.2],[-73.4,49.2076]]]}},{"type":"Feature","properties":{"c":"CDC-2854252","o":"Corporation Aurif\u00e8re Vior Inc. 100%","e":""},"geometry":{"type":"Polygon","coordinates":[[[-73.30833,49.40833],[-73.3,49.40833],[-73.3,49.4],[-73.30833,49.4],[-73.30833,49.40833]]]}},{"type":"Feature","properties":{"c":"CDC-2854456","o":"Corporation Aurif\u00e8re Vior Inc. 100%","e":""},"geometry":{"type":"Polygon","coordinates":[[[-73.3,49.375],[-73.29167,49.375],[-73.29167,49.36667],[-73.3,49.36667],[-73.3,49.375]]]}},{"type":"Feature","properties":{"c":"CDC-2854466","o":"Corporation Aurif\u00e8re Vior Inc. 100%","e":""},"geometry":{"type":"Polygon","coordinates":[[[-73.3,49.38333],[-73.29167,49.38333],[-73.29167,49.375],[-73.3,49.375],[-73.3,49.38333]]]}},{"type":"Feature","properties":{"c":"CDC-2854229","o":"Corporation Aurif\u00e8re Vior Inc. 100%","e":""},"geometry":{"type":"Polygon","coordinates":[[[-73.3,49.39167],[-73.29167,49.39167],[-73.29167,49.38333],[-73.3,49.38333],[-73.3,49.39167]]]}},{"type":"Feature","properties":{"c":"CDC-2854240","o":"Corporation Aurif\u00e8re Vior Inc. 100%","e":""},"geometry":{"type":"Polygon","coordinates":[[[-73.3,49.4],[-73.29167,49.4],[-73.29167,49.39167],[-73.3,49.39167],[-73.3,49.4]]]}},{"type":"Feature","properties":{"c":"CDC-2854253","o":"Corporation Aurif\u00e8re Vior Inc. 100%","e":""},"geometry":{"type":"Polygon","coordinates":[[[-73.3,49.40833],[-73.29167,49.40833],[-73.29167,49.4],[-73.3,49.4],[-73.3,49.40833]]]}},{"type":"Feature","properties":{"c":"CDC-2854457","o":"Corporation Aurif\u00e8re Vior Inc. 100%","e":""},"geometry":{"type":"Polygon","coordinates":[[[-73.29167,49.375],[-73.28333,49.375],[-73.28333,49.36667],[-73.29167,49.36667],[-73.29167,49.375]]]}},{"type":"Feature","properties":{"c":"CDC-2854467","o":"Corporation Aurif\u00e8re Vior Inc. 100%","e":""},"geometry":{"type":"Polygon","coordinates":[[[-73.29167,49.38333],[-73.28333,49.38333],[-73.28333,49.375],[-73.29167,49.375],[-73.29167,49.38333]]]}},{"type":"Feature","properties":{"c":"CDC-2854230","o":"Corporation Aurif\u00e8re Vior Inc. 100%","e":""},"geometry":{"type":"Polygon","coordinates":[[[-73.29167,49.39167],[-73.28333,49.39167],[-73.28333,49.38333],[-73.29167,49.38333],[-73.29167,49.39167]]]}},{"type":"Feature","properties":{"c":"CDC-2854241","o":"Corporation Aurif\u00e8re Vior Inc. 100%","e":""},"geometry":{"type":"Polygon","coordinates":[[[-73.29167,49.4],[-73.28333,49.4],[-73.28333,49.39167],[-73.29167,49.39167],[-73.29167,49.4]]]}},{"type":"Feature","properties":{"c":"CDC-2854254","o":"Corporation Aurif\u00e8re Vior Inc. 100%","e":""},"geometry":{"type":"Polygon","coordinates":[[[-73.29167,49.40833],[-73.28333,49.40833],[-73.28333,49.4],[-73.29167,49.4],[-73.29167,49.40833]]]}},{"type":"Feature","properties":{"c":"CDC-2854458","o":"Corporation Aurif\u00e8re Vior Inc. 100%","e":""},"geometry":{"type":"Polygon","coordinates":[[[-73.28333,49.375],[-73.275,49.375],[-73.275,49.36667],[-73.28333,49.36667],[-73.28333,49.375]]]}},{"type":"Feature","properties":{"c":"CDC-2854222","o":"Corporation Aurif\u00e8re Vior Inc. 100%","e":""},"geometry":{"type":"Polygon","coordinates":[[[-73.28333,49.38333],[-73.275,49.38333],[-73.275,49.375],[-73.28333,49.375],[-73.28333,49.38333]]]}},{"type":"Feature","properties":{"c":"CDC-2854231","o":"Corporation Aurif\u00e8re Vior Inc. 100%","e":""},"geometry":{"type":"Polygon","coordinates":[[[-73.28333,49.39167],[-73.275,49.39167],[-73.275,49.38333],[-73.28333,49.38333],[-73.28333,49.39167]]]}},{"type":"Feature","properties":{"c":"CDC-2854242","o":"Corporation Aurif\u00e8re Vior Inc. 100%","e":""},"geometry":{"type":"Polygon","coordinates":[[[-73.28333,49.4],[-73.275,49.4],[-73.275,49.39167],[-73.28333,49.39167],[-73.28333,49.4]]]}},{"type":"Feature","properties":{"c":"CDC-2854255","o":"Corporation Aurif\u00e8re Vior Inc. 100%","e":""},"geometry":{"type":"Polygon","coordinates":[[[-73.28333,49.40833],[-73.275,49.40833],[-73.275,49.4],[-73.28333,49.4],[-73.28333,49.40833]]]}},{"type":"Feature","properties":{"c":"CDC-2854459","o":"Corporation Aurif\u00e8re Vior Inc. 100%","e":""},"geometry":{"type":"Polygon","coordinates":[[[-73.275,49.375],[-73.26667,49.375],[-73.26667,49.36667],[-73.275,49.36667],[-73.275,49.375]]]}},{"type":"Feature","properties":{"c":"CDC-2854223","o":"Corporation Aurif\u00e8re Vior Inc. 100%","e":""},"geometry":{"type":"Polygon","coordinates":[[[-73.275,49.38333],[-73.26667,49.38333],[-73.26667,49.375],[-73.275,49.375],[-73.275,49.38333]]]}},{"type":"Feature","properties":{"c":"CDC-2854232","o":"Corporation Aurif\u00e8re Vior Inc. 100%","e":""},"geometry":{"type":"Polygon","coordinates":[[[-73.275,49.39167],[-73.26667,49.39167],[-73.26667,49.38333],[-73.275,49.38333],[-73.275,49.39167]]]}},{"type":"Feature","properties":{"c":"CDC-2854243","o":"Corporation Aurif\u00e8re Vior Inc. 100%","e":""},"geometry":{"type":"Polygon","coordinates":[[[-73.275,49.4],[-73.26667,49.4],[-73.26667,49.39167],[-73.275,49.39167],[-73.275,49.4]]]}},{"type":"Feature","properties":{"c":"CDC-2854256","o":"Corporation Aurif\u00e8re Vior Inc. 100%","e":""},"geometry":{"type":"Polygon","coordinates":[[[-73.275,49.40833],[-73.26667,49.40833],[-73.26667,49.4],[-73.275,49.4],[-73.275,49.40833]]]}},{"type":"Feature","properties":{"c":"CDC-2854460","o":"Corporation Aurif\u00e8re Vior Inc. 100%","e":""},"geometry":{"type":"Polygon","coordinates":[[[-73.26667,49.375],[-73.25833,49.375],[-73.25833,49.36667],[-73.26667,49.36667],[-73.26667,49.375]]]}},{"type":"Feature","properties":{"c":"CDC-2854224","o":"Corporation Aurif\u00e8re Vior Inc. 100%","e":""},"geometry":{"type":"Polygon","coordinates":[[[-73.26667,49.38333],[-73.25833,49.38333],[-73.25833,49.375],[-73.26667,49.375],[-73.26667,49.38333]]]}},{"type":"Feature","properties":{"c":"CDC-2854233","o":"Corporation Aurif\u00e8re Vior Inc. 100%","e":""},"geometry":{"type":"Polygon","coordinates":[[[-73.26667,49.39167],[-73.25833,49.39167],[-73.25833,49.38333],[-73.26667,49.38333],[-73.26667,49.39167]]]}},{"type":"Feature","properties":{"c":"CDC-2854244","o":"Corporation Aurif\u00e8re Vior Inc. 100%","e":""},"geometry":{"type":"Polygon","coordinates":[[[-73.26667,49.4],[-73.25833,49.4],[-73.25833,49.39167],[-73.26667,49.39167],[-73.26667,49.4]]]}},{"type":"Feature","properties":{"c":"CDC-2854257","o":"Corporation Aurif\u00e8re Vior Inc. 100%","e":""},"geometry":{"type":"Polygon","coordinates":[[[-73.26667,49.40833],[-73.25833,49.40833],[-73.25833,49.4],[-73.26667,49.4],[-73.26667,49.40833]]]}},{"type":"Feature","properties":{"c":"CDC-2854564","o":"Corporation Aurif\u00e8re Vior Inc. 100%","e":""},"geometry":{"type":"Polygon","coordinates":[[[-73.25833,49.36667],[-73.25,49.36667],[-73.25,49.35833],[-73.25833,49.35833],[-73.25833,49.36667]]]}},{"type":"Feature","properties":{"c":"CDC-2866768","o":"Jean Robert 30%","e":""},"geometry":{"type":"Polygon","coordinates":[[[-73.31667,49.475],[-73.30833,49.475],[-73.30833,49.46667],[-73.31667,49.46667],[-73.31667,49.475]]]}},{"type":"Feature","properties":{"c":"CDC-2527313","o":"Jean-Louis Tremblay 100%","e":""},"geometry":{"type":"Polygon","coordinates":[[[-73.31667,49.48333],[-73.30833,49.48333],[-73.30833,49.475],[-73.31667,49.475],[-73.31667,49.48333]]]}},{"type":"Feature","properties":{"c":"CDC-2854334","o":"Corporation Aurif\u00e8re Vior Inc. 100%","e":""},"geometry":{"type":"Polygon","coordinates":[[[-73.31667,49.49167],[-73.30833,49.49167],[-73.30833,49.48333],[-73.31667,49.48333],[-73.31667,49.49167]]]}},{"type":"Feature","properties":{"c":"CDC-2854581","o":"Corporation Aurif\u00e8re Vior Inc. 100%","e":""},"geometry":{"type":"Polygon","coordinates":[[[-73.31667,49.5],[-73.30833,49.5],[-73.30833,49.49167],[-73.31667,49.49167],[-73.31667,49.5]]]}},{"type":"Feature","properties":{"c":"CDC-2527312","o":"Jean-Louis Tremblay 100%","e":""},"geometry":{"type":"Polygon","coordinates":[[[-73.30833,49.475],[-73.3,49.475],[-73.3,49.46667],[-73.30833,49.46667],[-73.30833,49.475]]]}},{"type":"Feature","properties":{"c":"CDC-2854326","o":"Corporation Aurif\u00e8re Vior Inc. 100%","e":""},"geometry":{"type":"Polygon","coordinates":[[[-73.30833,49.48333],[-73.3,49.48333],[-73.3,49.475],[-73.30833,49.475],[-73.30833,49.48333]]]}},{"type":"Feature","properties":{"c":"CDC-2854335","o":"Corporation Aurif\u00e8re Vior Inc. 100%","e":""},"geometry":{"type":"Polygon","coordinates":[[[-73.30833,49.49167],[-73.3,49.49167],[-73.3,49.48333],[-73.30833,49.48333],[-73.30833,49.49167]]]}},{"type":"Feature","properties":{"c":"CDC-2878202","o":"Corporation Aurif\u00e8re Vior Inc. 100%","e":""},"geometry":{"type":"Polygon","coordinates":[[[-73.30833,49.5],[-73.3,49.5],[-73.3,49.49167],[-73.30833,49.49167],[-73.30833,49.5]]]}},{"type":"Feature","properties":{"c":"CDC-2854319","o":"Corporation Aurif\u00e8re Vior Inc. 100%","e":""},"geometry":{"type":"Polygon","coordinates":[[[-73.3,49.475],[-73.29167,49.475],[-73.29167,49.46667],[-73.3,49.46667],[-73.3,49.475]]]}},{"type":"Feature","properties":{"c":"CDC-2854327","o":"Corporation Aurif\u00e8re Vior Inc. 100%","e":""},"geometry":{"type":"Polygon","coordinates":[[[-73.3,49.48333],[-73.29167,49.48333],[-73.29167,49.475],[-73.3,49.475],[-73.3,49.48333]]]}},{"type":"Feature","properties":{"c":"CDC-2854336","o":"Corporation Aurif\u00e8re Vior Inc. 100%","e":""},"geometry":{"type":"Polygon","coordinates":[[[-73.3,49.49167],[-73.29167,49.49167],[-73.29167,49.48333],[-73.3,49.48333],[-73.3,49.49167]]]}},{"type":"Feature","properties":{"c":"CDC-2878203","o":"Corporation Aurif\u00e8re Vior Inc. 100%","e":""},"geometry":{"type":"Polygon","coordinates":[[[-73.3,49.5],[-73.29167,49.5],[-73.29167,49.49167],[-73.3,49.49167],[-73.3,49.5]]]}},{"type":"Feature","properties":{"c":"CDC-2854320","o":"Corporation Aurif\u00e8re Vior Inc. 100%","e":""},"geometry":{"type":"Polygon","coordinates":[[[-73.29167,49.475],[-73.28333,49.475],[-73.28333,49.46667],[-73.29167,49.46667],[-73.29167,49.475]]]}},{"type":"Feature","properties":{"c":"CDC-2854328","o":"Corporation Aurif\u00e8re Vior Inc. 100%","e":""},"geometry":{"type":"Polygon","coordinates":[[[-73.29167,49.48333],[-73.28333,49.48333],[-73.28333,49.475],[-73.29167,49.475],[-73.29167,49.48333]]]}},{"type":"Feature","properties":{"c":"CDC-2854337","o":"Corporation Aurif\u00e8re Vior Inc. 100%","e":""},"geometry":{"type":"Polygon","coordinates":[[[-73.29167,49.49167],[-73.28333,49.49167],[-73.28333,49.48333],[-73.29167,49.48333],[-73.29167,49.49167]]]}},{"type":"Feature","properties":{"c":"CDC-2878204","o":"Corporation Aurif\u00e8re Vior Inc. 100%","e":""},"geometry":{"type":"Polygon","coordinates":[[[-73.29167,49.5],[-73.28333,49.5],[-73.28333,49.49167],[-73.29167,49.49167],[-73.29167,49.5]]]}},{"type":"Feature","properties":{"c":"CDC-2854321","o":"Corporation Aurif\u00e8re Vior Inc. 100%","e":""},"geometry":{"type":"Polygon","coordinates":[[[-73.28333,49.475],[-73.275,49.475],[-73.275,49.46667],[-73.28333,49.46667],[-73.28333,49.475]]]}},{"type":"Feature","properties":{"c":"CDC-2854329","o":"Corporation Aurif\u00e8re Vior Inc. 100%","e":""},"geometry":{"type":"Polygon","coordinates":[[[-73.28333,49.48333],[-73.275,49.48333],[-73.275,49.475],[-73.28333,49.475],[-73.28333,49.48333]]]}},{"type":"Feature","properties":{"c":"CDC-2854338","o":"Corporation Aurif\u00e8re Vior Inc. 100%","e":""},"geometry":{"type":"Polygon","coordinates":[[[-73.28333,49.49167],[-73.275,49.49167],[-73.275,49.48333],[-73.28333,49.48333],[-73.28333,49.49167]]]}},{"type":"Feature","properties":{"c":"CDC-2878205","o":"Corporation Aurif\u00e8re Vior Inc. 100%","e":""},"geometry":{"type":"Polygon","coordinates":[[[-73.28333,49.5],[-73.275,49.5],[-73.275,49.49167],[-73.28333,49.49167],[-73.28333,49.5]]]}},{"type":"Feature","properties":{"c":"CDC-2854322","o":"Corporation Aurif\u00e8re Vior Inc. 100%","e":""},"geometry":{"type":"Polygon","coordinates":[[[-73.275,49.475],[-73.26667,49.475],[-73.26667,49.46667],[-73.275,49.46667],[-73.275,49.475]]]}},{"type":"Feature","properties":{"c":"CDC-2854330","o":"Corporation Aurif\u00e8re Vior Inc. 100%","e":""},"geometry":{"type":"Polygon","coordinates":[[[-73.275,49.48333],[-73.26667,49.48333],[-73.26667,49.475],[-73.275,49.475],[-73.275,49.48333]]]}},{"type":"Feature","properties":{"c":"CDC-2854339","o":"Corporation Aurif\u00e8re Vior Inc. 100%","e":""},"geometry":{"type":"Polygon","coordinates":[[[-73.275,49.49167],[-73.26667,49.49167],[-73.26667,49.48333],[-73.275,49.48333],[-73.275,49.49167]]]}},{"type":"Feature","properties":{"c":"CDC-2878206","o":"Corporation Aurif\u00e8re Vior Inc. 100%","e":""},"geometry":{"type":"Polygon","coordinates":[[[-73.275,49.5],[-73.26667,49.5],[-73.26667,49.49167],[-73.275,49.49167],[-73.275,49.5]]]}},{"type":"Feature","properties":{"c":"CDC-2804300","o":"SOQUEM inc. 100%","e":""},"geometry":{"type":"Polygon","coordinates":[[[-73.29167,49.44167],[-73.28333,49.44167],[-73.28333,49.43333],[-73.29167,49.43333],[-73.29167,49.44167]]]}},{"type":"Feature","properties":{"c":"CDC-2806464","o":"SOQUEM inc. 100%","e":""},"geometry":{"type":"Polygon","coordinates":[[[-73.3,49.44167],[-73.29167,49.44167],[-73.29167,49.43333],[-73.3,49.43333],[-73.3,49.44167]]]}},{"type":"Feature","properties":{"c":"CDC-2835138","o":"Jean-Louis Tremblay 100%","e":""},"geometry":{"type":"Polygon","coordinates":[[[-73.30833,49.44167],[-73.3,49.44167],[-73.3,49.43333],[-73.30833,49.43333],[-73.30833,49.44167]]]}},{"type":"Feature","properties":{"c":"CDC-2615048","o":"Jean-Louis Tremblay 100%","e":""},"geometry":{"type":"Polygon","coordinates":[[[-73.31667,49.44167],[-73.30833,49.44167],[-73.30833,49.43333],[-73.31667,49.43333],[-73.31667,49.44167]]]}},{"type":"Feature","properties":{"c":"CDC-2615047","o":"Jean-Louis Tremblay 100%","e":""},"geometry":{"type":"Polygon","coordinates":[[[-73.325,49.44167],[-73.31667,49.44167],[-73.31667,49.43333],[-73.325,49.43333],[-73.325,49.44167]]]}},{"type":"Feature","properties":{"c":"CDC-2854305","o":"Corporation Aurif\u00e8re Vior Inc. 100%","e":""},"geometry":{"type":"Polygon","coordinates":[[[-73.26667,49.45],[-73.25833,49.45],[-73.25833,49.44167],[-73.26667,49.44167],[-73.26667,49.45]]]}},{"type":"Feature","properties":{"c":"CDC-2854304","o":"Corporation Aurif\u00e8re Vior Inc. 100%","e":""},"geometry":{"type":"Polygon","coordinates":[[[-73.275,49.45],[-73.26667,49.45],[-73.26667,49.44167],[-73.275,49.44167],[-73.275,49.45]]]}},{"type":"Feature","properties":{"c":"CDC-2854303","o":"Corporation Aurif\u00e8re Vior Inc. 100%","e":""},"geometry":{"type":"Polygon","coordinates":[[[-73.28333,49.45],[-73.275,49.45],[-73.275,49.44167],[-73.28333,49.44167],[-73.28333,49.45]]]}},{"type":"Feature","properties":{"c":"CDC-2854302","o":"Corporation Aurif\u00e8re Vior Inc. 100%","e":""},"geometry":{"type":"Polygon","coordinates":[[[-73.29167,49.45],[-73.28333,49.45],[-73.28333,49.44167],[-73.29167,49.44167],[-73.29167,49.45]]]}},{"type":"Feature","properties":{"c":"CDC-2854301","o":"Corporation Aurif\u00e8re Vior Inc. 100%","e":""},"geometry":{"type":"Polygon","coordinates":[[[-73.3,49.45],[-73.29167,49.45],[-73.29167,49.44167],[-73.3,49.44167],[-73.3,49.45]]]}},{"type":"Feature","properties":{"c":"CDC-2835139","o":"Jean-Louis Tremblay 100%","e":""},"geometry":{"type":"Polygon","coordinates":[[[-73.30833,49.45],[-73.3,49.45],[-73.3,49.44167],[-73.30833,49.44167],[-73.30833,49.45]]]}},{"type":"Feature","properties":{"c":"CDC-2806914","o":"Jean-Louis Tremblay 100%","e":""},"geometry":{"type":"Polygon","coordinates":[[[-73.31667,49.45],[-73.30833,49.45],[-73.30833,49.44167],[-73.31667,49.44167],[-73.31667,49.45]]]}},{"type":"Feature","properties":{"c":"CDC-2806913","o":"Jean-Louis Tremblay 100%","e":""},"geometry":{"type":"Polygon","coordinates":[[[-73.325,49.45],[-73.31667,49.45],[-73.31667,49.44167],[-73.325,49.44167],[-73.325,49.45]]]}},{"type":"Feature","properties":{"c":"CDC-2854310","o":"Corporation Aurif\u00e8re Vior Inc. 100%","e":""},"geometry":{"type":"Polygon","coordinates":[[[-73.275,49.45833],[-73.26667,49.45833],[-73.26667,49.45],[-73.275,49.45],[-73.275,49.45833]]]}},{"type":"Feature","properties":{"c":"CDC-2854309","o":"Corporation Aurif\u00e8re Vior Inc. 100%","e":""},"geometry":{"type":"Polygon","coordinates":[[[-73.28333,49.45833],[-73.275,49.45833],[-73.275,49.45],[-73.28333,49.45],[-73.28333,49.45833]]]}},{"type":"Feature","properties":{"c":"CDC-2854308","o":"Corporation Aurif\u00e8re Vior Inc. 100%","e":""},"geometry":{"type":"Polygon","coordinates":[[[-73.29167,49.45833],[-73.28333,49.45833],[-73.28333,49.45],[-73.29167,49.45],[-73.29167,49.45833]]]}},{"type":"Feature","properties":{"c":"CDC-2854307","o":"Corporation Aurif\u00e8re Vior Inc. 100%","e":""},"geometry":{"type":"Polygon","coordinates":[[[-73.3,49.45833],[-73.29167,49.45833],[-73.29167,49.45],[-73.3,49.45],[-73.3,49.45833]]]}},{"type":"Feature","properties":{"c":"CDC-2866765","o":"Jean Robert 30%","e":""},"geometry":{"type":"Polygon","coordinates":[[[-73.30833,49.45833],[-73.3,49.45833],[-73.3,49.45],[-73.30833,49.45],[-73.30833,49.45833]]]}},{"type":"Feature","properties":{"c":"CDC-2866764","o":"Jean Robert 30%","e":""},"geometry":{"type":"Polygon","coordinates":[[[-73.31667,49.45833],[-73.30833,49.45833],[-73.30833,49.45],[-73.31667,49.45],[-73.31667,49.45833]]]}},{"type":"Feature","properties":{"c":"CDC-2866763","o":"Jean Robert 30%","e":""},"geometry":{"type":"Polygon","coordinates":[[[-73.325,49.45833],[-73.31667,49.45833],[-73.31667,49.45],[-73.325,49.45],[-73.325,49.45833]]]}},{"type":"Feature","properties":{"c":"CDC-2854316","o":"Corporation Aurif\u00e8re Vior Inc. 100%","e":""},"geometry":{"type":"Polygon","coordinates":[[[-73.275,49.46667],[-73.26667,49.46667],[-73.26667,49.45833],[-73.275,49.45833],[-73.275,49.46667]]]}},{"type":"Feature","properties":{"c":"CDC-2854315","o":"Corporation Aurif\u00e8re Vior Inc. 100%","e":""},"geometry":{"type":"Polygon","coordinates":[[[-73.28333,49.46667],[-73.275,49.46667],[-73.275,49.45833],[-73.28333,49.45833],[-73.28333,49.46667]]]}},{"type":"Feature","properties":{"c":"CDC-2854314","o":"Corporation Aurif\u00e8re Vior Inc. 100%","e":""},"geometry":{"type":"Polygon","coordinates":[[[-73.29167,49.46667],[-73.28333,49.46667],[-73.28333,49.45833],[-73.29167,49.45833],[-73.29167,49.46667]]]}},{"type":"Feature","properties":{"c":"CDC-2854313","o":"Corporation Aurif\u00e8re Vior Inc. 100%","e":""},"geometry":{"type":"Polygon","coordinates":[[[-73.3,49.46667],[-73.29167,49.46667],[-73.29167,49.45833],[-73.3,49.45833],[-73.3,49.46667]]]}},{"type":"Feature","properties":{"c":"CDC-2527309","o":"Jean-Louis Tremblay 100%","e":""},"geometry":{"type":"Polygon","coordinates":[[[-73.30833,49.46667],[-73.3,49.46667],[-73.3,49.45833],[-73.30833,49.45833],[-73.30833,49.46667]]]}},{"type":"Feature","properties":{"c":"CDC-2527308","o":"Jean-Louis Tremblay 100%","e":""},"geometry":{"type":"Polygon","coordinates":[[[-73.31667,49.46667],[-73.30833,49.46667],[-73.30833,49.45833],[-73.31667,49.45833],[-73.31667,49.46667]]]}},{"type":"Feature","properties":{"c":"CDC-2866766","o":"Jean Robert 30%","e":""},"geometry":{"type":"Polygon","coordinates":[[[-73.325,49.46667],[-73.31667,49.46667],[-73.31667,49.45833],[-73.325,49.45833],[-73.325,49.46667]]]}},{"type":"Feature","properties":{"c":"CDC-2806457","o":"SOQUEM inc. 100%","e":""},"geometry":{"type":"Polygon","coordinates":[[[-73.26667,49.41667],[-73.25833,49.41667],[-73.25833,49.40833],[-73.26667,49.40833],[-73.26667,49.41667]]]}},{"type":"Feature","properties":{"c":"CDC-2806456","o":"SOQUEM inc. 100%","e":""},"geometry":{"type":"Polygon","coordinates":[[[-73.275,49.41667],[-73.26667,49.41667],[-73.26667,49.40833],[-73.275,49.40833],[-73.275,49.41667]]]}},{"type":"Feature","properties":{"c":"CDC-2806455","o":"SOQUEM inc. 100%","e":""},"geometry":{"type":"Polygon","coordinates":[[[-73.28333,49.41667],[-73.275,49.41667],[-73.275,49.40833],[-73.28333,49.40833],[-73.28333,49.41667]]]}},{"type":"Feature","properties":{"c":"CDC-2806454","o":"SOQUEM inc. 100%","e":""},"geometry":{"type":"Polygon","coordinates":[[[-73.29167,49.41667],[-73.28333,49.41667],[-73.28333,49.40833],[-73.29167,49.40833],[-73.29167,49.41667]]]}},{"type":"Feature","properties":{"c":"CDC-2806453","o":"SOQUEM inc. 100%","e":""},"geometry":{"type":"Polygon","coordinates":[[[-73.3,49.41667],[-73.29167,49.41667],[-73.29167,49.40833],[-73.3,49.40833],[-73.3,49.41667]]]}},{"type":"Feature","properties":{"c":"CDC-2835135","o":"Jean-Louis Tremblay 100%","e":""},"geometry":{"type":"Polygon","coordinates":[[[-73.30833,49.41667],[-73.3,49.41667],[-73.3,49.40833],[-73.30833,49.40833],[-73.30833,49.41667]]]}},{"type":"Feature","properties":{"c":"CDC-2615044","o":"Jean-Louis Tremblay 100%","e":""},"geometry":{"type":"Polygon","coordinates":[[[-73.31667,49.41667],[-73.30833,49.41667],[-73.30833,49.40833],[-73.31667,49.40833],[-73.31667,49.41667]]]}},{"type":"Feature","properties":{"c":"CDC-2615043","o":"Jean-Louis Tremblay 100%","e":""},"geometry":{"type":"Polygon","coordinates":[[[-73.325,49.41667],[-73.31667,49.41667],[-73.31667,49.40833],[-73.325,49.40833],[-73.325,49.41667]]]}},{"type":"Feature","properties":{"c":"CDC-2804287","o":"SOQUEM inc. 100%","e":""},"geometry":{"type":"Polygon","coordinates":[[[-73.26667,49.425],[-73.25833,49.425],[-73.25833,49.41667],[-73.26667,49.41667],[-73.26667,49.425]]]}},{"type":"Feature","properties":{"c":"CDC-2804286","o":"SOQUEM inc. 100%","e":""},"geometry":{"type":"Polygon","coordinates":[[[-73.275,49.425],[-73.26667,49.425],[-73.26667,49.41667],[-73.275,49.41667],[-73.275,49.425]]]}},{"type":"Feature","properties":{"c":"CDC-2804285","o":"SOQUEM inc. 100%","e":""},"geometry":{"type":"Polygon","coordinates":[[[-73.28333,49.425],[-73.275,49.425],[-73.275,49.41667],[-73.28333,49.41667],[-73.28333,49.425]]]}},{"type":"Feature","properties":{"c":"CDC-2804284","o":"SOQUEM inc. 100%","e":""},"geometry":{"type":"Polygon","coordinates":[[[-73.29167,49.425],[-73.28333,49.425],[-73.28333,49.41667],[-73.29167,49.41667],[-73.29167,49.425]]]}},{"type":"Feature","properties":{"c":"CDC-2806460","o":"SOQUEM inc. 100%","e":""},"geometry":{"type":"Polygon","coordinates":[[[-73.3,49.425],[-73.29167,49.425],[-73.29167,49.41667],[-73.3,49.41667],[-73.3,49.425]]]}},{"type":"Feature","properties":{"c":"CDC-2835136","o":"Jean-Louis Tremblay 100%","e":""},"geometry":{"type":"Polygon","coordinates":[[[-73.30833,49.425],[-73.3,49.425],[-73.3,49.41667],[-73.30833,49.41667],[-73.30833,49.425]]]}},{"type":"Feature","properties":{"c":"CDC-2846758","o":"Jean-Louis Tremblay 100%","e":""},"geometry":{"type":"Polygon","coordinates":[[[-73.31667,49.425],[-73.30833,49.425],[-73.30833,49.41667],[-73.31667,49.41667],[-73.31667,49.425]]]}},{"type":"Feature","properties":{"c":"CDC-2846757","o":"Jean-Louis Tremblay 100%","e":""},"geometry":{"type":"Polygon","coordinates":[[[-73.325,49.425],[-73.31667,49.425],[-73.31667,49.41667],[-73.325,49.41667],[-73.325,49.425]]]}},{"type":"Feature","properties":{"c":"CDC-2804295","o":"SOQUEM inc. 100%","e":""},"geometry":{"type":"Polygon","coordinates":[[[-73.26667,49.43333],[-73.25833,49.43333],[-73.25833,49.425],[-73.26667,49.425],[-73.26667,49.43333]]]}},{"type":"Feature","properties":{"c":"CDC-2804294","o":"SOQUEM inc. 100%","e":""},"geometry":{"type":"Polygon","coordinates":[[[-73.275,49.43333],[-73.26667,49.43333],[-73.26667,49.425],[-73.275,49.425],[-73.275,49.43333]]]}},{"type":"Feature","properties":{"c":"CDC-2804293","o":"SOQUEM inc. 100%","e":""},"geometry":{"type":"Polygon","coordinates":[[[-73.28333,49.43333],[-73.275,49.43333],[-73.275,49.425],[-73.28333,49.425],[-73.28333,49.43333]]]}},{"type":"Feature","properties":{"c":"CDC-2804292","o":"SOQUEM inc. 100%","e":""},"geometry":{"type":"Polygon","coordinates":[[[-73.29167,49.43333],[-73.28333,49.43333],[-73.28333,49.425],[-73.29167,49.425],[-73.29167,49.43333]]]}},{"type":"Feature","properties":{"c":"CDC-2806462","o":"SOQUEM inc. 100%","e":""},"geometry":{"type":"Polygon","coordinates":[[[-73.3,49.43333],[-73.29167,49.43333],[-73.29167,49.425],[-73.3,49.425],[-73.3,49.43333]]]}},{"type":"Feature","properties":{"c":"CDC-2835137","o":"Jean-Louis Tremblay 100%","e":""},"geometry":{"type":"Polygon","coordinates":[[[-73.30833,49.43333],[-73.3,49.43333],[-73.3,49.425],[-73.30833,49.425],[-73.30833,49.43333]]]}},{"type":"Feature","properties":{"c":"CDC-2615046","o":"Jean-Louis Tremblay 100%","e":""},"geometry":{"type":"Polygon","coordinates":[[[-73.31667,49.43333],[-73.30833,49.43333],[-73.30833,49.425],[-73.31667,49.425],[-73.31667,49.43333]]]}},{"type":"Feature","properties":{"c":"CDC-2615045","o":"Jean-Louis Tremblay 100%","e":""},"geometry":{"type":"Polygon","coordinates":[[[-73.325,49.43333],[-73.31667,49.43333],[-73.31667,49.425],[-73.325,49.425],[-73.325,49.43333]]]}},{"type":"Feature","properties":{"c":"CDC-2804303","o":"SOQUEM inc. 100%","e":""},"geometry":{"type":"Polygon","coordinates":[[[-73.26667,49.44167],[-73.25833,49.44167],[-73.25833,49.43333],[-73.26667,49.43333],[-73.26667,49.44167]]]}},{"type":"Feature","properties":{"c":"CDC-2804302","o":"SOQUEM inc. 100%","e":""},"geometry":{"type":"Polygon","coordinates":[[[-73.275,49.44167],[-73.26667,49.44167],[-73.26667,49.43333],[-73.275,49.43333],[-73.275,49.44167]]]}},{"type":"Feature","properties":{"c":"CDC-2804301","o":"SOQUEM inc. 100%","e":""},"geometry":{"type":"Polygon","coordinates":[[[-73.28333,49.44167],[-73.275,49.44167],[-73.275,49.43333],[-73.28333,49.43333],[-73.28333,49.44167]]]}},{"type":"Feature","properties":{"c":"CDC-2793612","o":"SOQUEM inc. 100%","e":""},"geometry":{"type":"Polygon","coordinates":[[[-73.38333,49.5],[-73.375,49.5],[-73.375,49.49167],[-73.38333,49.49167],[-73.38333,49.5]]]}},{"type":"Feature","properties":{"c":"CDC-2809818","o":"SOQUEM inc. 100%","e":""},"geometry":{"type":"Polygon","coordinates":[[[-73.375,49.475],[-73.36667,49.475],[-73.36667,49.46667],[-73.375,49.46667],[-73.375,49.475]]]}},{"type":"Feature","properties":{"c":"CDC-2809819","o":"SOQUEM inc. 100%","e":""},"geometry":{"type":"Polygon","coordinates":[[[-73.36667,49.475],[-73.35833,49.475],[-73.35833,49.46667],[-73.36667,49.46667],[-73.36667,49.475]]]}},{"type":"Feature","properties":{"c":"CDC-2809820","o":"SOQUEM inc. 100%","e":""},"geometry":{"type":"Polygon","coordinates":[[[-73.35833,49.475],[-73.35,49.475],[-73.35,49.46667],[-73.35833,49.46667],[-73.35833,49.475]]]}},{"type":"Feature","properties":{"c":"CDC-2809824","o":"SOQUEM inc. 100%","e":""},"geometry":{"type":"Polygon","coordinates":[[[-73.35833,49.48333],[-73.35,49.48333],[-73.35,49.475],[-73.35833,49.475],[-73.35833,49.48333]]]}},{"type":"Feature","properties":{"c":"CDC-2809828","o":"SOQUEM inc. 100%","e":""},"geometry":{"type":"Polygon","coordinates":[[[-73.35833,49.49167],[-73.35,49.49167],[-73.35,49.48333],[-73.35833,49.48333],[-73.35833,49.49167]]]}},{"type":"Feature","properties":{"c":"CDC-2809832","o":"SOQUEM inc. 100%","e":""},"geometry":{"type":"Polygon","coordinates":[[[-73.35833,49.5],[-73.35,49.5],[-73.35,49.49167],[-73.35833,49.49167],[-73.35833,49.5]]]}},{"type":"Feature","properties":{"c":"CDC-2809821","o":"SOQUEM inc. 100%","e":""},"geometry":{"type":"Polygon","coordinates":[[[-73.35,49.475],[-73.34167,49.475],[-73.34167,49.46667],[-73.35,49.46667],[-73.35,49.475]]]}},{"type":"Feature","properties":{"c":"CDC-2809825","o":"SOQUEM inc. 100%","e":""},"geometry":{"type":"Polygon","coordinates":[[[-73.35,49.48333],[-73.34167,49.48333],[-73.34167,49.475],[-73.35,49.475],[-73.35,49.48333]]]}},{"type":"Feature","properties":{"c":"CDC-2809829","o":"SOQUEM inc. 100%","e":""},"geometry":{"type":"Polygon","coordinates":[[[-73.35,49.49167],[-73.34167,49.49167],[-73.34167,49.48333],[-73.35,49.48333],[-73.35,49.49167]]]}},{"type":"Feature","properties":{"c":"CDC-2809833","o":"SOQUEM inc. 100%","e":""},"geometry":{"type":"Polygon","coordinates":[[[-73.35,49.5],[-73.34167,49.5],[-73.34167,49.49167],[-73.35,49.49167],[-73.35,49.5]]]}},{"type":"Feature","properties":{"c":"CDC-2809822","o":"SOQUEM inc. 100%","e":""},"geometry":{"type":"Polygon","coordinates":[[[-73.34167,49.475],[-73.33333,49.475],[-73.33333,49.46667],[-73.34167,49.46667],[-73.34167,49.475]]]}},{"type":"Feature","properties":{"c":"CDC-2809826","o":"SOQUEM inc. 100%","e":""},"geometry":{"type":"Polygon","coordinates":[[[-73.34167,49.48333],[-73.33333,49.48333],[-73.33333,49.475],[-73.34167,49.475],[-73.34167,49.48333]]]}},{"type":"Feature","properties":{"c":"CDC-2809830","o":"SOQUEM inc. 100%","e":""},"geometry":{"type":"Polygon","coordinates":[[[-73.34167,49.49167],[-73.33333,49.49167],[-73.33333,49.48333],[-73.34167,49.48333],[-73.34167,49.49167]]]}},{"type":"Feature","properties":{"c":"CDC-2854578","o":"Corporation Aurif\u00e8re Vior Inc. 100%","e":""},"geometry":{"type":"Polygon","coordinates":[[[-73.34167,49.5],[-73.33333,49.5],[-73.33333,49.49167],[-73.34167,49.49167],[-73.34167,49.5]]]}},{"type":"Feature","properties":{"c":"CDC-2809823","o":"SOQUEM inc. 100%","e":""},"geometry":{"type":"Polygon","coordinates":[[[-73.33333,49.475],[-73.325,49.475],[-73.325,49.46667],[-73.33333,49.46667],[-73.33333,49.475]]]}},{"type":"Feature","properties":{"c":"CDC-2809827","o":"SOQUEM inc. 100%","e":""},"geometry":{"type":"Polygon","coordinates":[[[-73.33333,49.48333],[-73.325,49.48333],[-73.325,49.475],[-73.33333,49.475],[-73.33333,49.48333]]]}},{"type":"Feature","properties":{"c":"CDC-2809831","o":"SOQUEM inc. 100%","e":""},"geometry":{"type":"Polygon","coordinates":[[[-73.33333,49.49167],[-73.325,49.49167],[-73.325,49.48333],[-73.33333,49.48333],[-73.33333,49.49167]]]}},{"type":"Feature","properties":{"c":"CDC-2854579","o":"Corporation Aurif\u00e8re Vior Inc. 100%","e":""},"geometry":{"type":"Polygon","coordinates":[[[-73.33333,49.5],[-73.325,49.5],[-73.325,49.49167],[-73.33333,49.49167],[-73.33333,49.5]]]}},{"type":"Feature","properties":{"c":"CDC-2866767","o":"Jean Robert 30%","e":""},"geometry":{"type":"Polygon","coordinates":[[[-73.325,49.475],[-73.31667,49.475],[-73.31667,49.46667],[-73.325,49.46667],[-73.325,49.475]]]}},{"type":"Feature","properties":{"c":"CDC-2854325","o":"Corporation Aurif\u00e8re Vior Inc. 100%","e":""},"geometry":{"type":"Polygon","coordinates":[[[-73.325,49.48333],[-73.31667,49.48333],[-73.31667,49.475],[-73.325,49.475],[-73.325,49.48333]]]}},{"type":"Feature","properties":{"c":"CDC-2854333","o":"Corporation Aurif\u00e8re Vior Inc. 100%","e":""},"geometry":{"type":"Polygon","coordinates":[[[-73.325,49.49167],[-73.31667,49.49167],[-73.31667,49.48333],[-73.325,49.48333],[-73.325,49.49167]]]}},{"type":"Feature","properties":{"c":"CDC-2854580","o":"Corporation Aurif\u00e8re Vior Inc. 100%","e":""},"geometry":{"type":"Polygon","coordinates":[[[-73.325,49.5],[-73.31667,49.5],[-73.31667,49.49167],[-73.325,49.49167],[-73.325,49.5]]]}},{"type":"Feature","properties":{"c":"CDC-2854472","o":"Corporation Aurif\u00e8re Vior Inc. 100%","e":""},"geometry":{"type":"Polygon","coordinates":[[[-73.38333,49.4],[-73.375,49.4],[-73.375,49.39167],[-73.38333,49.39167],[-73.38333,49.4]]]}},{"type":"Feature","properties":{"c":"CDC-2809783","o":"SOQUEM inc. 100%","e":""},"geometry":{"type":"Polygon","coordinates":[[[-73.38333,49.40833],[-73.375,49.40833],[-73.375,49.4],[-73.38333,49.4],[-73.38333,49.40833]]]}},{"type":"Feature","properties":{"c":"CDC-2854473","o":"Corporation Aurif\u00e8re Vior Inc. 100%","e":""},"geometry":{"type":"Polygon","coordinates":[[[-73.375,49.4],[-73.36667,49.4],[-73.36667,49.39167],[-73.375,49.39167],[-73.375,49.4]]]}},{"type":"Feature","properties":{"c":"CDC-2809784","o":"SOQUEM inc. 100%","e":""},"geometry":{"type":"Polygon","coordinates":[[[-73.375,49.40833],[-73.36667,49.40833],[-73.36667,49.4],[-73.375,49.4],[-73.375,49.40833]]]}},{"type":"Feature","properties":{"c":"CDC-2854474","o":"Corporation Aurif\u00e8re Vior Inc. 100%","e":""},"geometry":{"type":"Polygon","coordinates":[[[-73.36667,49.4],[-73.35833,49.4],[-73.35833,49.39167],[-73.36667,49.39167],[-73.36667,49.4]]]}},{"type":"Feature","properties":{"c":"CDC-2809785","o":"SOQUEM inc. 100%","e":""},"geometry":{"type":"Polygon","coordinates":[[[-73.36667,49.40833],[-73.35833,49.40833],[-73.35833,49.4],[-73.36667,49.4],[-73.36667,49.40833]]]}},{"type":"Feature","properties":{"c":"CDC-2854475","o":"Corporation Aurif\u00e8re Vior Inc. 100%","e":""},"geometry":{"type":"Polygon","coordinates":[[[-73.35833,49.4],[-73.35,49.4],[-73.35,49.39167],[-73.35833,49.39167],[-73.35833,49.4]]]}},{"type":"Feature","properties":{"c":"CDC-2804275","o":"SOQUEM inc. 100%","e":""},"geometry":{"type":"Polygon","coordinates":[[[-73.35833,49.40833],[-73.35,49.40833],[-73.35,49.4],[-73.35833,49.4],[-73.35833,49.40833]]]}},{"type":"Feature","properties":{"c":"CDC-2854567","o":"Corporation Aurif\u00e8re Vior Inc. 100%","e":""},"geometry":{"type":"Polygon","coordinates":[[[-73.35,49.39167],[-73.34167,49.39167],[-73.34167,49.38333],[-73.35,49.38333],[-73.35,49.39167]]]}},{"type":"Feature","properties":{"c":"CDC-2854476","o":"Corporation Aurif\u00e8re Vior Inc. 100%","e":""},"geometry":{"type":"Polygon","coordinates":[[[-73.35,49.4],[-73.34167,49.4],[-73.34167,49.39167],[-73.35,49.39167],[-73.35,49.4]]]}},{"type":"Feature","properties":{"c":"CDC-2804276","o":"SOQUEM inc. 100%","e":""},"geometry":{"type":"Polygon","coordinates":[[[-73.35,49.40833],[-73.34167,49.40833],[-73.34167,49.4],[-73.35,49.4],[-73.35,49.40833]]]}},{"type":"Feature","properties":{"c":"CDC-2854568","o":"Corporation Aurif\u00e8re Vior Inc. 100%","e":""},"geometry":{"type":"Polygon","coordinates":[[[-73.34167,49.39167],[-73.33333,49.39167],[-73.33333,49.38333],[-73.34167,49.38333],[-73.34167,49.39167]]]}},{"type":"Feature","properties":{"c":"CDC-2854477","o":"Corporation Aurif\u00e8re Vior Inc. 100%","e":""},"geometry":{"type":"Polygon","coordinates":[[[-73.34167,49.4],[-73.33333,49.4],[-73.33333,49.39167],[-73.34167,49.39167],[-73.34167,49.4]]]}},{"type":"Feature","properties":{"c":"CDC-2804277","o":"SOQUEM inc. 100%","e":""},"geometry":{"type":"Polygon","coordinates":[[[-73.34167,49.40833],[-73.33333,49.40833],[-73.33333,49.4],[-73.34167,49.4],[-73.34167,49.40833]]]}},{"type":"Feature","properties":{"c":"CDC-2854468","o":"Corporation Aurif\u00e8re Vior Inc. 100%","e":""},"geometry":{"type":"Polygon","coordinates":[[[-73.33333,49.39167],[-73.325,49.39167],[-73.325,49.38333],[-73.33333,49.38333],[-73.33333,49.39167]]]}},{"type":"Feature","properties":{"c":"CDC-2854478","o":"Corporation Aurif\u00e8re Vior Inc. 100%","e":""},"geometry":{"type":"Polygon","coordinates":[[[-73.33333,49.4],[-73.325,49.4],[-73.325,49.39167],[-73.33333,49.39167],[-73.33333,49.4]]]}},{"type":"Feature","properties":{"c":"CDC-2854249","o":"Corporation Aurif\u00e8re Vior Inc. 100%","e":""},"geometry":{"type":"Polygon","coordinates":[[[-73.33333,49.40833],[-73.325,49.40833],[-73.325,49.4],[-73.33333,49.4],[-73.33333,49.40833]]]}},{"type":"Feature","properties":{"c":"CDC-2854469","o":"Corporation Aurif\u00e8re Vior Inc. 100%","e":""},"geometry":{"type":"Polygon","coordinates":[[[-73.325,49.39167],[-73.31667,49.39167],[-73.31667,49.38333],[-73.325,49.38333],[-73.325,49.39167]]]}},{"type":"Feature","properties":{"c":"CDC-2854479","o":"Corporation Aurif\u00e8re Vior Inc. 100%","e":""},"geometry":{"type":"Polygon","coordinates":[[[-73.325,49.4],[-73.31667,49.4],[-73.31667,49.39167],[-73.325,49.39167],[-73.325,49.4]]]}},{"type":"Feature","properties":{"c":"CDC-2854250","o":"Corporation Aurif\u00e8re Vior Inc. 100%","e":""},"geometry":{"type":"Polygon","coordinates":[[[-73.325,49.40833],[-73.31667,49.40833],[-73.31667,49.4],[-73.325,49.4],[-73.325,49.40833]]]}},{"type":"Feature","properties":{"c":"CDC-2854566","o":"Corporation Aurif\u00e8re Vior Inc. 100%","e":""},"geometry":{"type":"Polygon","coordinates":[[[-73.31667,49.38333],[-73.30833,49.38333],[-73.30833,49.375],[-73.31667,49.375],[-73.31667,49.38333]]]}},{"type":"Feature","properties":{"c":"CDC-2854470","o":"Corporation Aurif\u00e8re Vior Inc. 100%","e":""},"geometry":{"type":"Polygon","coordinates":[[[-73.31667,49.39167],[-73.30833,49.39167],[-73.30833,49.38333],[-73.31667,49.38333],[-73.31667,49.39167]]]}},{"type":"Feature","properties":{"c":"CDC-2854238","o":"Corporation Aurif\u00e8re Vior Inc. 100%","e":""},"geometry":{"type":"Polygon","coordinates":[[[-73.31667,49.4],[-73.30833,49.4],[-73.30833,49.39167],[-73.31667,49.39167],[-73.31667,49.4]]]}},{"type":"Feature","properties":{"c":"CDC-2854251","o":"Corporation Aurif\u00e8re Vior Inc. 100%","e":""},"geometry":{"type":"Polygon","coordinates":[[[-73.31667,49.40833],[-73.30833,49.40833],[-73.30833,49.4],[-73.31667,49.4],[-73.31667,49.40833]]]}},{"type":"Feature","properties":{"c":"CDC-2854465","o":"Corporation Aurif\u00e8re Vior Inc. 100%","e":""},"geometry":{"type":"Polygon","coordinates":[[[-73.30833,49.38333],[-73.3,49.38333],[-73.3,49.375],[-73.30833,49.375],[-73.30833,49.38333]]]}},{"type":"Feature","properties":{"c":"CDC-2854471","o":"Corporation Aurif\u00e8re Vior Inc. 100%","e":""},"geometry":{"type":"Polygon","coordinates":[[[-73.30833,49.39167],[-73.3,49.39167],[-73.3,49.38333],[-73.30833,49.38333],[-73.30833,49.39167]]]}},{"type":"Feature","properties":{"c":"CDC-2854239","o":"Corporation Aurif\u00e8re Vior Inc. 100%","e":""},"geometry":{"type":"Polygon","coordinates":[[[-73.30833,49.4],[-73.3,49.4],[-73.3,49.39167],[-73.30833,49.39167],[-73.30833,49.4]]]}},{"type":"Feature","properties":{"c":"CDC-2809797","o":"SOQUEM inc. 100%","e":""},"geometry":{"type":"Polygon","coordinates":[[[-73.375,49.44167],[-73.36667,49.44167],[-73.36667,49.43333],[-73.375,49.43333],[-73.375,49.44167]]]}},{"type":"Feature","properties":{"c":"CDC-2809796","o":"SOQUEM inc. 100%","e":""},"geometry":{"type":"Polygon","coordinates":[[[-73.38333,49.44167],[-73.375,49.44167],[-73.375,49.43333],[-73.38333,49.43333],[-73.38333,49.44167]]]}},{"type":"Feature","properties":{"c":"CDC-2793692","o":"SOQUEM inc. 100%","e":""},"geometry":{"type":"Polygon","coordinates":[[[-73.39167,49.44167],[-73.38333,49.44167],[-73.38333,49.43333],[-73.39167,49.43333],[-73.39167,49.44167]]]}},{"type":"Feature","properties":{"c":"CDC-2806465","o":"SOQUEM inc. 100%","e":""},"geometry":{"type":"Polygon","coordinates":[[[-73.33333,49.45],[-73.325,49.45],[-73.325,49.44167],[-73.33333,49.44167],[-73.33333,49.45]]]}},{"type":"Feature","properties":{"c":"CDC-2804307","o":"SOQUEM inc. 100%","e":""},"geometry":{"type":"Polygon","coordinates":[[[-73.34167,49.45],[-73.33333,49.45],[-73.33333,49.44167],[-73.34167,49.44167],[-73.34167,49.45]]]}},{"type":"Feature","properties":{"c":"CDC-2804306","o":"SOQUEM inc. 100%","e":""},"geometry":{"type":"Polygon","coordinates":[[[-73.35,49.45],[-73.34167,49.45],[-73.34167,49.44167],[-73.35,49.44167],[-73.35,49.45]]]}},{"type":"Feature","properties":{"c":"CDC-2804305","o":"SOQUEM inc. 100%","e":""},"geometry":{"type":"Polygon","coordinates":[[[-73.35833,49.45],[-73.35,49.45],[-73.35,49.44167],[-73.35833,49.44167],[-73.35833,49.45]]]}},{"type":"Feature","properties":{"c":"CDC-2809801","o":"SOQUEM inc. 100%","e":""},"geometry":{"type":"Polygon","coordinates":[[[-73.36667,49.45],[-73.35833,49.45],[-73.35833,49.44167],[-73.36667,49.44167],[-73.36667,49.45]]]}},{"type":"Feature","properties":{"c":"CDC-2809800","o":"SOQUEM inc. 100%","e":""},"geometry":{"type":"Polygon","coordinates":[[[-73.375,49.45],[-73.36667,49.45],[-73.36667,49.44167],[-73.375,49.44167],[-73.375,49.45]]]}},{"type":"Feature","properties":{"c":"CDC-2809799","o":"SOQUEM inc. 100%","e":""},"geometry":{"type":"Polygon","coordinates":[[[-73.38333,49.45],[-73.375,49.45],[-73.375,49.44167],[-73.38333,49.44167],[-73.38333,49.45]]]}},{"type":"Feature","properties":{"c":"CDC-2793694","o":"SOQUEM inc. 100%","e":""},"geometry":{"type":"Polygon","coordinates":[[[-73.39167,49.45],[-73.38333,49.45],[-73.38333,49.44167],[-73.39167,49.44167],[-73.39167,49.45]]]}},{"type":"Feature","properties":{"c":"CDC-2806466","o":"SOQUEM inc. 100%","e":""},"geometry":{"type":"Polygon","coordinates":[[[-73.33333,49.45833],[-73.325,49.45833],[-73.325,49.45],[-73.33333,49.45],[-73.33333,49.45833]]]}},{"type":"Feature","properties":{"c":"CDC-2804310","o":"SOQUEM inc. 100%","e":""},"geometry":{"type":"Polygon","coordinates":[[[-73.34167,49.45833],[-73.33333,49.45833],[-73.33333,49.45],[-73.34167,49.45],[-73.34167,49.45833]]]}},{"type":"Feature","properties":{"c":"CDC-2804309","o":"SOQUEM inc. 100%","e":""},"geometry":{"type":"Polygon","coordinates":[[[-73.35,49.45833],[-73.34167,49.45833],[-73.34167,49.45],[-73.35,49.45],[-73.35,49.45833]]]}},{"type":"Feature","properties":{"c":"CDC-2804308","o":"SOQUEM inc. 100%","e":""},"geometry":{"type":"Polygon","coordinates":[[[-73.35833,49.45833],[-73.35,49.45833],[-73.35,49.45],[-73.35833,49.45],[-73.35833,49.45833]]]}},{"type":"Feature","properties":{"c":"CDC-2809815","o":"SOQUEM inc. 100%","e":""},"geometry":{"type":"Polygon","coordinates":[[[-73.36667,49.45833],[-73.35833,49.45833],[-73.35833,49.45],[-73.36667,49.45],[-73.36667,49.45833]]]}},{"type":"Feature","properties":{"c":"CDC-2809814","o":"SOQUEM inc. 100%","e":""},"geometry":{"type":"Polygon","coordinates":[[[-73.375,49.45833],[-73.36667,49.45833],[-73.36667,49.45],[-73.375,49.45],[-73.375,49.45833]]]}},{"type":"Feature","properties":{"c":"CDC-2793699","o":"SOQUEM inc. 100%","e":""},"geometry":{"type":"Polygon","coordinates":[[[-73.38333,49.45833],[-73.375,49.45833],[-73.375,49.45],[-73.38333,49.45],[-73.38333,49.45833]]]}},{"type":"Feature","properties":{"c":"CDC-2793698","o":"SOQUEM inc. 100%","e":""},"geometry":{"type":"Polygon","coordinates":[[[-73.39167,49.45833],[-73.38333,49.45833],[-73.38333,49.45],[-73.39167,49.45],[-73.39167,49.45833]]]}},{"type":"Feature","properties":{"c":"CDC-2806470","o":"SOQUEM inc. 100%","e":""},"geometry":{"type":"Polygon","coordinates":[[[-73.33333,49.46667],[-73.325,49.46667],[-73.325,49.45833],[-73.33333,49.45833],[-73.33333,49.46667]]]}},{"type":"Feature","properties":{"c":"CDC-2806469","o":"SOQUEM inc. 100%","e":""},"geometry":{"type":"Polygon","coordinates":[[[-73.34167,49.46667],[-73.33333,49.46667],[-73.33333,49.45833],[-73.34167,49.45833],[-73.34167,49.46667]]]}},{"type":"Feature","properties":{"c":"CDC-2806468","o":"SOQUEM inc. 100%","e":""},"geometry":{"type":"Polygon","coordinates":[[[-73.35,49.46667],[-73.34167,49.46667],[-73.34167,49.45833],[-73.35,49.45833],[-73.35,49.46667]]]}},{"type":"Feature","properties":{"c":"CDC-2806467","o":"SOQUEM inc. 100%","e":""},"geometry":{"type":"Polygon","coordinates":[[[-73.35833,49.46667],[-73.35,49.46667],[-73.35,49.45833],[-73.35833,49.45833],[-73.35833,49.46667]]]}},{"type":"Feature","properties":{"c":"CDC-2809817","o":"SOQUEM inc. 100%","e":""},"geometry":{"type":"Polygon","coordinates":[[[-73.36667,49.46667],[-73.35833,49.46667],[-73.35833,49.45833],[-73.36667,49.45833],[-73.36667,49.46667]]]}},{"type":"Feature","properties":{"c":"CDC-2809816","o":"SOQUEM inc. 100%","e":""},"geometry":{"type":"Polygon","coordinates":[[[-73.375,49.46667],[-73.36667,49.46667],[-73.36667,49.45833],[-73.375,49.45833],[-73.375,49.46667]]]}},{"type":"Feature","properties":{"c":"CDC-2793704","o":"SOQUEM inc. 100%","e":""},"geometry":{"type":"Polygon","coordinates":[[[-73.38333,49.46667],[-73.375,49.46667],[-73.375,49.45833],[-73.38333,49.45833],[-73.38333,49.46667]]]}},{"type":"Feature","properties":{"c":"CDC-2793703","o":"SOQUEM inc. 100%","e":""},"geometry":{"type":"Polygon","coordinates":[[[-73.39167,49.46667],[-73.38333,49.46667],[-73.38333,49.45833],[-73.39167,49.45833],[-73.39167,49.46667]]]}},{"type":"Feature","properties":{"c":"CDC-2806452","o":"SOQUEM inc. 100%","e":""},"geometry":{"type":"Polygon","coordinates":[[[-73.33333,49.41667],[-73.325,49.41667],[-73.325,49.40833],[-73.33333,49.40833],[-73.33333,49.41667]]]}},{"type":"Feature","properties":{"c":"CDC-2804280","o":"SOQUEM inc. 100%","e":""},"geometry":{"type":"Polygon","coordinates":[[[-73.34167,49.41667],[-73.33333,49.41667],[-73.33333,49.40833],[-73.34167,49.40833],[-73.34167,49.41667]]]}},{"type":"Feature","properties":{"c":"CDC-2804279","o":"SOQUEM inc. 100%","e":""},"geometry":{"type":"Polygon","coordinates":[[[-73.35,49.41667],[-73.34167,49.41667],[-73.34167,49.40833],[-73.35,49.40833],[-73.35,49.41667]]]}},{"type":"Feature","properties":{"c":"CDC-2804278","o":"SOQUEM inc. 100%","e":""},"geometry":{"type":"Polygon","coordinates":[[[-73.35833,49.41667],[-73.35,49.41667],[-73.35,49.40833],[-73.35833,49.40833],[-73.35833,49.41667]]]}},{"type":"Feature","properties":{"c":"CDC-2809789","o":"SOQUEM inc. 100%","e":""},"geometry":{"type":"Polygon","coordinates":[[[-73.36667,49.41667],[-73.35833,49.41667],[-73.35833,49.40833],[-73.36667,49.40833],[-73.36667,49.41667]]]}},{"type":"Feature","properties":{"c":"CDC-2809788","o":"SOQUEM inc. 100%","e":""},"geometry":{"type":"Polygon","coordinates":[[[-73.375,49.41667],[-73.36667,49.41667],[-73.36667,49.40833],[-73.375,49.40833],[-73.375,49.41667]]]}},{"type":"Feature","properties":{"c":"CDC-2809787","o":"SOQUEM inc. 100%","e":""},"geometry":{"type":"Polygon","coordinates":[[[-73.38333,49.41667],[-73.375,49.41667],[-73.375,49.40833],[-73.38333,49.40833],[-73.38333,49.41667]]]}},{"type":"Feature","properties":{"c":"CDC-2806459","o":"SOQUEM inc. 100%","e":""},"geometry":{"type":"Polygon","coordinates":[[[-73.33333,49.425],[-73.325,49.425],[-73.325,49.41667],[-73.33333,49.41667],[-73.33333,49.425]]]}},{"type":"Feature","properties":{"c":"CDC-2804283","o":"SOQUEM inc. 100%","e":""},"geometry":{"type":"Polygon","coordinates":[[[-73.34167,49.425],[-73.33333,49.425],[-73.33333,49.41667],[-73.34167,49.41667],[-73.34167,49.425]]]}},{"type":"Feature","properties":{"c":"CDC-2804282","o":"SOQUEM inc. 100%","e":""},"geometry":{"type":"Polygon","coordinates":[[[-73.35,49.425],[-73.34167,49.425],[-73.34167,49.41667],[-73.35,49.41667],[-73.35,49.425]]]}},{"type":"Feature","properties":{"c":"CDC-2804281","o":"SOQUEM inc. 100%","e":""},"geometry":{"type":"Polygon","coordinates":[[[-73.35833,49.425],[-73.35,49.425],[-73.35,49.41667],[-73.35833,49.41667],[-73.35833,49.425]]]}},{"type":"Feature","properties":{"c":"CDC-2809792","o":"SOQUEM inc. 100%","e":""},"geometry":{"type":"Polygon","coordinates":[[[-73.36667,49.425],[-73.35833,49.425],[-73.35833,49.41667],[-73.36667,49.41667],[-73.36667,49.425]]]}},{"type":"Feature","properties":{"c":"CDC-2809791","o":"SOQUEM inc. 100%","e":""},"geometry":{"type":"Polygon","coordinates":[[[-73.375,49.425],[-73.36667,49.425],[-73.36667,49.41667],[-73.375,49.41667],[-73.375,49.425]]]}},{"type":"Feature","properties":{"c":"CDC-2809790","o":"SOQUEM inc. 100%","e":""},"geometry":{"type":"Polygon","coordinates":[[[-73.38333,49.425],[-73.375,49.425],[-73.375,49.41667],[-73.38333,49.41667],[-73.38333,49.425]]]}},{"type":"Feature","properties":{"c":"CDC-2806461","o":"SOQUEM inc. 100%","e":""},"geometry":{"type":"Polygon","coordinates":[[[-73.33333,49.43333],[-73.325,49.43333],[-73.325,49.425],[-73.33333,49.425],[-73.33333,49.43333]]]}},{"type":"Feature","properties":{"c":"CDC-2804291","o":"SOQUEM inc. 100%","e":""},"geometry":{"type":"Polygon","coordinates":[[[-73.34167,49.43333],[-73.33333,49.43333],[-73.33333,49.425],[-73.34167,49.425],[-73.34167,49.43333]]]}},{"type":"Feature","properties":{"c":"CDC-2804290","o":"SOQUEM inc. 100%","e":""},"geometry":{"type":"Polygon","coordinates":[[[-73.35,49.43333],[-73.34167,49.43333],[-73.34167,49.425],[-73.35,49.425],[-73.35,49.43333]]]}},{"type":"Feature","properties":{"c":"CDC-2804289","o":"SOQUEM inc. 100%","e":""},"geometry":{"type":"Polygon","coordinates":[[[-73.35833,49.43333],[-73.35,49.43333],[-73.35,49.425],[-73.35833,49.425],[-73.35833,49.43333]]]}},{"type":"Feature","properties":{"c":"CDC-2809795","o":"SOQUEM inc. 100%","e":""},"geometry":{"type":"Polygon","coordinates":[[[-73.36667,49.43333],[-73.35833,49.43333],[-73.35833,49.425],[-73.36667,49.425],[-73.36667,49.43333]]]}},{"type":"Feature","properties":{"c":"CDC-2809794","o":"SOQUEM inc. 100%","e":""},"geometry":{"type":"Polygon","coordinates":[[[-73.375,49.43333],[-73.36667,49.43333],[-73.36667,49.425],[-73.375,49.425],[-73.375,49.43333]]]}},{"type":"Feature","properties":{"c":"CDC-2809793","o":"SOQUEM inc. 100%","e":""},"geometry":{"type":"Polygon","coordinates":[[[-73.38333,49.43333],[-73.375,49.43333],[-73.375,49.425],[-73.38333,49.425],[-73.38333,49.43333]]]}},{"type":"Feature","properties":{"c":"CDC-2793690","o":"SOQUEM inc. 100%","e":""},"geometry":{"type":"Polygon","coordinates":[[[-73.39167,49.43333],[-73.38333,49.43333],[-73.38333,49.425],[-73.39167,49.425],[-73.39167,49.43333]]]}},{"type":"Feature","properties":{"c":"CDC-2806463","o":"SOQUEM inc. 100%","e":""},"geometry":{"type":"Polygon","coordinates":[[[-73.33333,49.44167],[-73.325,49.44167],[-73.325,49.43333],[-73.33333,49.43333],[-73.33333,49.44167]]]}},{"type":"Feature","properties":{"c":"CDC-2804299","o":"SOQUEM inc. 100%","e":""},"geometry":{"type":"Polygon","coordinates":[[[-73.34167,49.44167],[-73.33333,49.44167],[-73.33333,49.43333],[-73.34167,49.43333],[-73.34167,49.44167]]]}},{"type":"Feature","properties":{"c":"CDC-2804298","o":"SOQUEM inc. 100%","e":""},"geometry":{"type":"Polygon","coordinates":[[[-73.35,49.44167],[-73.34167,49.44167],[-73.34167,49.43333],[-73.35,49.43333],[-73.35,49.44167]]]}},{"type":"Feature","properties":{"c":"CDC-2804297","o":"SOQUEM inc. 100%","e":""},"geometry":{"type":"Polygon","coordinates":[[[-73.35833,49.44167],[-73.35,49.44167],[-73.35,49.43333],[-73.35833,49.43333],[-73.35833,49.44167]]]}},{"type":"Feature","properties":{"c":"CDC-2809798","o":"SOQUEM inc. 100%","e":""},"geometry":{"type":"Polygon","coordinates":[[[-73.36667,49.44167],[-73.35833,49.44167],[-73.35833,49.43333],[-73.36667,49.43333],[-73.36667,49.44167]]]}},{"type":"Feature","properties":{"c":"CDC-2793705","o":"SOQUEM inc. 100%","e":""},"geometry":{"type":"Polygon","coordinates":[[[-73.41667,49.475],[-73.40833,49.475],[-73.40833,49.46667],[-73.41667,49.46667],[-73.41667,49.475]]]}},{"type":"Feature","properties":{"c":"CDC-2793710","o":"SOQUEM inc. 100%","e":""},"geometry":{"type":"Polygon","coordinates":[[[-73.41667,49.48333],[-73.40833,49.48333],[-73.40833,49.475],[-73.41667,49.475],[-73.41667,49.48333]]]}},{"type":"Feature","properties":{"c":"CDC-2793603","o":"SOQUEM inc. 100%","e":""},"geometry":{"type":"Polygon","coordinates":[[[-73.41667,49.49167],[-73.40833,49.49167],[-73.40833,49.48333],[-73.41667,49.48333],[-73.41667,49.49167]]]}},{"type":"Feature","properties":{"c":"CDC-2793608","o":"SOQUEM inc. 100%","e":""},"geometry":{"type":"Polygon","coordinates":[[[-73.41667,49.5],[-73.40833,49.5],[-73.40833,49.49167],[-73.41667,49.49167],[-73.41667,49.5]]]}},{"type":"Feature","properties":{"c":"CDC-2793706","o":"SOQUEM inc. 100%","e":""},"geometry":{"type":"Polygon","coordinates":[[[-73.40833,49.475],[-73.4,49.475],[-73.4,49.46667],[-73.40833,49.46667],[-73.40833,49.475]]]}},{"type":"Feature","properties":{"c":"CDC-2793711","o":"SOQUEM inc. 100%","e":""},"geometry":{"type":"Polygon","coordinates":[[[-73.40833,49.48333],[-73.4,49.48333],[-73.4,49.475],[-73.40833,49.475],[-73.40833,49.48333]]]}},{"type":"Feature","properties":{"c":"CDC-2793604","o":"SOQUEM inc. 100%","e":""},"geometry":{"type":"Polygon","coordinates":[[[-73.40833,49.49167],[-73.4,49.49167],[-73.4,49.48333],[-73.40833,49.48333],[-73.40833,49.49167]]]}},{"type":"Feature","properties":{"c":"CDC-2793609","o":"SOQUEM inc. 100%","e":""},"geometry":{"type":"Polygon","coordinates":[[[-73.40833,49.5],[-73.4,49.5],[-73.4,49.49167],[-73.40833,49.49167],[-73.40833,49.5]]]}},{"type":"Feature","properties":{"c":"CDC-2793707","o":"SOQUEM inc. 100%","e":""},"geometry":{"type":"Polygon","coordinates":[[[-73.4,49.475],[-73.39167,49.475],[-73.39167,49.46667],[-73.4,49.46667],[-73.4,49.475]]]}},{"type":"Feature","properties":{"c":"CDC-2793712","o":"SOQUEM inc. 100%","e":""},"geometry":{"type":"Polygon","coordinates":[[[-73.4,49.48333],[-73.39167,49.48333],[-73.39167,49.475],[-73.4,49.475],[-73.4,49.48333]]]}},{"type":"Feature","properties":{"c":"CDC-2793605","o":"SOQUEM inc. 100%","e":""},"geometry":{"type":"Polygon","coordinates":[[[-73.4,49.49167],[-73.39167,49.49167],[-73.39167,49.48333],[-73.4,49.48333],[-73.4,49.49167]]]}},{"type":"Feature","properties":{"c":"CDC-2793610","o":"SOQUEM inc. 100%","e":""},"geometry":{"type":"Polygon","coordinates":[[[-73.4,49.5],[-73.39167,49.5],[-73.39167,49.49167],[-73.4,49.49167],[-73.4,49.5]]]}},{"type":"Feature","properties":{"c":"CDC-2793708","o":"SOQUEM inc. 100%","e":""},"geometry":{"type":"Polygon","coordinates":[[[-73.39167,49.475],[-73.38333,49.475],[-73.38333,49.46667],[-73.39167,49.46667],[-73.39167,49.475]]]}},{"type":"Feature","properties":{"c":"CDC-2793601","o":"SOQUEM inc. 100%","e":""},"geometry":{"type":"Polygon","coordinates":[[[-73.39167,49.48333],[-73.38333,49.48333],[-73.38333,49.475],[-73.39167,49.475],[-73.39167,49.48333]]]}},{"type":"Feature","properties":{"c":"CDC-2793606","o":"SOQUEM inc. 100%","e":""},"geometry":{"type":"Polygon","coordinates":[[[-73.39167,49.49167],[-73.38333,49.49167],[-73.38333,49.48333],[-73.39167,49.48333],[-73.39167,49.49167]]]}},{"type":"Feature","properties":{"c":"CDC-2793611","o":"SOQUEM inc. 100%","e":""},"geometry":{"type":"Polygon","coordinates":[[[-73.39167,49.5],[-73.38333,49.5],[-73.38333,49.49167],[-73.39167,49.49167],[-73.39167,49.5]]]}},{"type":"Feature","properties":{"c":"CDC-2793709","o":"SOQUEM inc. 100%","e":""},"geometry":{"type":"Polygon","coordinates":[[[-73.38333,49.475],[-73.375,49.475],[-73.375,49.46667],[-73.38333,49.46667],[-73.38333,49.475]]]}},{"type":"Feature","properties":{"c":"CDC-2793602","o":"SOQUEM inc. 100%","e":""},"geometry":{"type":"Polygon","coordinates":[[[-73.38333,49.48333],[-73.375,49.48333],[-73.375,49.475],[-73.38333,49.475],[-73.38333,49.48333]]]}},{"type":"Feature","properties":{"c":"CDC-2793607","o":"SOQUEM inc. 100%","e":""},"geometry":{"type":"Polygon","coordinates":[[[-73.38333,49.49167],[-73.375,49.49167],[-73.375,49.48333],[-73.38333,49.48333],[-73.38333,49.49167]]]}},{"type":"Feature","properties":{"c":"CDC-2809427","o":"SOQUEM inc. 100%","e":""},"geometry":{"type":"Polygon","coordinates":[[[-73.425,49.39167],[-73.425,49.4],[-73.41667,49.4],[-73.41667,49.39759],[-73.4167,49.39757],[-73.41671,49.39738],[-73.41667,49.39733],[-73.41667,49.39726],[-73.41669,49.39722],[-73.41674,49.39725],[-73.41685,49.39719],[-73.41689,49.39711],[-73.41699,49.39709],[-73.41703,49.39701],[-73.41691,49.39666],[-73.41678,49.39659],[-73.41678,49.39652],[-73.4167,49.39651],[-73.41667,49.39638],[-73.41667,49.39635],[-73.41669,49.39631],[-73.41688,49.39633],[-73.417,49.3963],[-73.41714,49.39639],[-73.41728,49.39641],[-73.41741,49.39567],[-73.41734,49.39533],[-73.41721,49.39484],[-73.41694,49.39447],[-73.41667,49.39424],[-73.41667,49.39167],[-73.425,49.39167]]]}},{"type":"Feature","properties":{"c":"CDC-2793674","o":"SOQUEM inc. 100%","e":""},"geometry":{"type":"Polygon","coordinates":[[[-73.43333,49.4],[-73.425,49.4],[-73.425,49.39167],[-73.43333,49.39167],[-73.43333,49.4]]]}},{"type":"Feature","properties":{"c":"CDC-2809782","o":"SOQUEM inc. 100%","e":""},"geometry":{"type":"Polygon","coordinates":[[[-73.39167,49.40833],[-73.38333,49.40833],[-73.38333,49.4],[-73.39167,49.4],[-73.39167,49.40833]]]}},{"type":"Feature","properties":{"c":"CDC-2793679","o":"SOQUEM inc. 100%","e":""},"geometry":{"type":"Polygon","coordinates":[[[-73.4,49.40833],[-73.39167,49.40833],[-73.39167,49.4],[-73.4,49.4],[-73.4,49.40833]]]}},{"type":"Feature","properties":{"c":"CDC-2793678","o":"SOQUEM inc. 100%","e":""},"geometry":{"type":"Polygon","coordinates":[[[-73.40833,49.40833],[-73.4,49.40833],[-73.4,49.4],[-73.40833,49.4],[-73.40833,49.40833]]]}},{"type":"Feature","properties":{"c":"CDC-2793677","o":"SOQUEM inc. 100%","e":""},"geometry":{"type":"Polygon","coordinates":[[[-73.41667,49.40833],[-73.40833,49.40833],[-73.40833,49.4],[-73.41667,49.4],[-73.41667,49.40833]]]}},{"type":"Feature","properties":{"c":"CDC-2793676","o":"SOQUEM inc. 100%","e":""},"geometry":{"type":"Polygon","coordinates":[[[-73.425,49.40833],[-73.41667,49.40833],[-73.41667,49.4],[-73.425,49.4],[-73.425,49.40833]]]}},{"type":"Feature","properties":{"c":"CDC-2793675","o":"SOQUEM inc. 100%","e":""},"geometry":{"type":"Polygon","coordinates":[[[-73.43333,49.40833],[-73.425,49.40833],[-73.425,49.4],[-73.43333,49.4],[-73.43333,49.40833]]]}},{"type":"Feature","properties":{"c":"CDC-2809786","o":"SOQUEM inc. 100%","e":""},"geometry":{"type":"Polygon","coordinates":[[[-73.39167,49.41667],[-73.38333,49.41667],[-73.38333,49.40833],[-73.39167,49.40833],[-73.39167,49.41667]]]}},{"type":"Feature","properties":{"c":"CDC-2793684","o":"SOQUEM inc. 100%","e":""},"geometry":{"type":"Polygon","coordinates":[[[-73.4,49.41667],[-73.39167,49.41667],[-73.39167,49.40833],[-73.4,49.40833],[-73.4,49.41667]]]}},{"type":"Feature","properties":{"c":"CDC-2793683","o":"SOQUEM inc. 100%","e":""},"geometry":{"type":"Polygon","coordinates":[[[-73.40833,49.41667],[-73.4,49.41667],[-73.4,49.40833],[-73.40833,49.40833],[-73.40833,49.41667]]]}},{"type":"Feature","properties":{"c":"CDC-2793682","o":"SOQUEM inc. 100%","e":""},"geometry":{"type":"Polygon","coordinates":[[[-73.41667,49.41667],[-73.40833,49.41667],[-73.40833,49.40833],[-73.41667,49.40833],[-73.41667,49.41667]]]}},{"type":"Feature","properties":{"c":"CDC-2793681","o":"SOQUEM inc. 100%","e":""},"geometry":{"type":"Polygon","coordinates":[[[-73.425,49.41667],[-73.41667,49.41667],[-73.41667,49.40833],[-73.425,49.40833],[-73.425,49.41667]]]}},{"type":"Feature","properties":{"c":"CDC-2793680","o":"SOQUEM inc. 100%","e":""},"geometry":{"type":"Polygon","coordinates":[[[-73.43333,49.41667],[-73.425,49.41667],[-73.425,49.40833],[-73.43333,49.40833],[-73.43333,49.41667]]]}},{"type":"Feature","properties":{"c":"CDC-2793688","o":"SOQUEM inc. 100%","e":""},"geometry":{"type":"Polygon","coordinates":[[[-73.39167,49.425],[-73.38333,49.425],[-73.38333,49.41667],[-73.39167,49.41667],[-73.39167,49.425]]]}},{"type":"Feature","properties":{"c":"CDC-2793687","o":"SOQUEM inc. 100%","e":""},"geometry":{"type":"Polygon","coordinates":[[[-73.4,49.425],[-73.39167,49.425],[-73.39167,49.41667],[-73.4,49.41667],[-73.4,49.425]]]}},{"type":"Feature","properties":{"c":"CDC-2793686","o":"SOQUEM inc. 100%","e":""},"geometry":{"type":"Polygon","coordinates":[[[-73.40833,49.425],[-73.4,49.425],[-73.4,49.41667],[-73.40833,49.41667],[-73.40833,49.425]]]}},{"type":"Feature","properties":{"c":"CDC-2793685","o":"SOQUEM inc. 100%","e":""},"geometry":{"type":"Polygon","coordinates":[[[-73.41667,49.425],[-73.40833,49.425],[-73.40833,49.41667],[-73.41667,49.41667],[-73.41667,49.425]]]}},{"type":"Feature","properties":{"c":"CDC-2793343","o":"SOQUEM inc. 100%","e":""},"geometry":{"type":"Polygon","coordinates":[[[-73.425,49.425],[-73.41667,49.425],[-73.41667,49.41667],[-73.425,49.41667],[-73.425,49.425]]]}},{"type":"Feature","properties":{"c":"CDC-2793342","o":"SOQUEM inc. 100%","e":""},"geometry":{"type":"Polygon","coordinates":[[[-73.43333,49.425],[-73.425,49.425],[-73.425,49.41667],[-73.43333,49.41667],[-73.43333,49.425]]]}},{"type":"Feature","properties":{"c":"CDC-2793341","o":"SOQUEM inc. 100%","e":""},"geometry":{"type":"Polygon","coordinates":[[[-73.44167,49.425],[-73.43333,49.425],[-73.43333,49.41667],[-73.44167,49.41667],[-73.44167,49.425]]]}},{"type":"Feature","properties":{"c":"CDC-2793340","o":"SOQUEM inc. 100%","e":""},"geometry":{"type":"Polygon","coordinates":[[[-73.45,49.425],[-73.44167,49.425],[-73.44167,49.41667],[-73.45,49.41667],[-73.45,49.425]]]}},{"type":"Feature","properties":{"c":"CDC-2793689","o":"SOQUEM inc. 100%","e":""},"geometry":{"type":"Polygon","coordinates":[[[-73.4,49.43333],[-73.39167,49.43333],[-73.39167,49.425],[-73.4,49.425],[-73.4,49.43333]]]}},{"type":"Feature","properties":{"c":"CDC-2793277","o":"SOQUEM inc. 100%","e":""},"geometry":{"type":"Polygon","coordinates":[[[-73.40833,49.43333],[-73.4,49.43333],[-73.4,49.425],[-73.40833,49.425],[-73.40833,49.43333]]]}},{"type":"Feature","properties":{"c":"CDC-2793276","o":"SOQUEM inc. 100%","e":""},"geometry":{"type":"Polygon","coordinates":[[[-73.41667,49.43333],[-73.40833,49.43333],[-73.40833,49.425],[-73.41667,49.425],[-73.41667,49.43333]]]}},{"type":"Feature","properties":{"c":"CDC-2793353","o":"SOQUEM inc. 100%","e":""},"geometry":{"type":"Polygon","coordinates":[[[-73.425,49.43333],[-73.41667,49.43333],[-73.41667,49.425],[-73.425,49.425],[-73.425,49.43333]]]}},{"type":"Feature","properties":{"c":"CDC-2793352","o":"SOQUEM inc. 100%","e":""},"geometry":{"type":"Polygon","coordinates":[[[-73.43333,49.43333],[-73.425,49.43333],[-73.425,49.425],[-73.43333,49.425],[-73.43333,49.43333]]]}},{"type":"Feature","properties":{"c":"CDC-2793351","o":"SOQUEM inc. 100%","e":""},"geometry":{"type":"Polygon","coordinates":[[[-73.44167,49.43333],[-73.43333,49.43333],[-73.43333,49.425],[-73.44167,49.425],[-73.44167,49.43333]]]}},{"type":"Feature","properties":{"c":"CDC-2793350","o":"SOQUEM inc. 100%","e":""},"geometry":{"type":"Polygon","coordinates":[[[-73.45,49.43333],[-73.44167,49.43333],[-73.44167,49.425],[-73.45,49.425],[-73.45,49.43333]]]}},{"type":"Feature","properties":{"c":"CDC-2793691","o":"SOQUEM inc. 100%","e":""},"geometry":{"type":"Polygon","coordinates":[[[-73.4,49.44167],[-73.39167,49.44167],[-73.39167,49.43333],[-73.4,49.43333],[-73.4,49.44167]]]}},{"type":"Feature","properties":{"c":"CDC-2793278","o":"SOQUEM inc. 100%","e":""},"geometry":{"type":"Polygon","coordinates":[[[-73.40833,49.44167],[-73.4,49.44167],[-73.4,49.43333],[-73.40833,49.43333],[-73.40833,49.44167]]]}},{"type":"Feature","properties":{"c":"CDC-2793360","o":"SOQUEM inc. 100%","e":""},"geometry":{"type":"Polygon","coordinates":[[[-73.41667,49.44167],[-73.40833,49.44167],[-73.40833,49.43333],[-73.41667,49.43333],[-73.41667,49.44167]]]}},{"type":"Feature","properties":{"c":"CDC-2793359","o":"SOQUEM inc. 100%","e":""},"geometry":{"type":"Polygon","coordinates":[[[-73.425,49.44167],[-73.41667,49.44167],[-73.41667,49.43333],[-73.425,49.43333],[-73.425,49.44167]]]}},{"type":"Feature","properties":{"c":"CDC-2748251","o":"SOQUEM inc. 100%","e":""},"geometry":{"type":"Polygon","coordinates":[[[-73.43333,49.44167],[-73.425,49.44167],[-73.425,49.43333],[-73.43333,49.43333],[-73.43333,49.44167]]]}},{"type":"Feature","properties":{"c":"CDC-2748250","o":"SOQUEM inc. 100%","e":""},"geometry":{"type":"Polygon","coordinates":[[[-73.44167,49.44167],[-73.43333,49.44167],[-73.43333,49.43333],[-73.44167,49.43333],[-73.44167,49.44167]]]}},{"type":"Feature","properties":{"c":"CDC-2748249","o":"SOQUEM inc. 100%","e":""},"geometry":{"type":"Polygon","coordinates":[[[-73.45,49.44167],[-73.44167,49.44167],[-73.44167,49.43333],[-73.45,49.43333],[-73.45,49.44167]]]}},{"type":"Feature","properties":{"c":"CDC-2793693","o":"SOQUEM inc. 100%","e":""},"geometry":{"type":"Polygon","coordinates":[[[-73.4,49.45],[-73.39167,49.45],[-73.39167,49.44167],[-73.4,49.44167],[-73.4,49.45]]]}},{"type":"Feature","properties":{"c":"CDC-2793279","o":"SOQUEM inc. 100%","e":""},"geometry":{"type":"Polygon","coordinates":[[[-73.40833,49.45],[-73.4,49.45],[-73.4,49.44167],[-73.40833,49.44167],[-73.40833,49.45]]]}},{"type":"Feature","properties":{"c":"CDC-2793362","o":"SOQUEM inc. 100%","e":""},"geometry":{"type":"Polygon","coordinates":[[[-73.41667,49.45],[-73.40833,49.45],[-73.40833,49.44167],[-73.41667,49.44167],[-73.41667,49.45]]]}},{"type":"Feature","properties":{"c":"CDC-2793361","o":"SOQUEM inc. 100%","e":""},"geometry":{"type":"Polygon","coordinates":[[[-73.425,49.45],[-73.41667,49.45],[-73.41667,49.44167],[-73.425,49.44167],[-73.425,49.45]]]}},{"type":"Feature","properties":{"c":"CDC-2748260","o":"SOQUEM inc. 100%","e":""},"geometry":{"type":"Polygon","coordinates":[[[-73.43333,49.45],[-73.425,49.45],[-73.425,49.44167],[-73.43333,49.44167],[-73.43333,49.45]]]}},{"type":"Feature","properties":{"c":"CDC-2748259","o":"SOQUEM inc. 100%","e":""},"geometry":{"type":"Polygon","coordinates":[[[-73.44167,49.45],[-73.43333,49.45],[-73.43333,49.44167],[-73.44167,49.44167],[-73.44167,49.45]]]}},{"type":"Feature","properties":{"c":"CDC-2748258","o":"SOQUEM inc. 100%","e":""},"geometry":{"type":"Polygon","coordinates":[[[-73.45,49.45],[-73.44167,49.45],[-73.44167,49.44167],[-73.45,49.44167],[-73.45,49.45]]]}},{"type":"Feature","properties":{"c":"CDC-2793697","o":"SOQUEM inc. 100%","e":""},"geometry":{"type":"Polygon","coordinates":[[[-73.4,49.45833],[-73.39167,49.45833],[-73.39167,49.45],[-73.4,49.45],[-73.4,49.45833]]]}},{"type":"Feature","properties":{"c":"CDC-2793696","o":"SOQUEM inc. 100%","e":""},"geometry":{"type":"Polygon","coordinates":[[[-73.40833,49.45833],[-73.4,49.45833],[-73.4,49.45],[-73.40833,49.45],[-73.40833,49.45833]]]}},{"type":"Feature","properties":{"c":"CDC-2793695","o":"SOQUEM inc. 100%","e":""},"geometry":{"type":"Polygon","coordinates":[[[-73.41667,49.45833],[-73.40833,49.45833],[-73.40833,49.45],[-73.41667,49.45],[-73.41667,49.45833]]]}},{"type":"Feature","properties":{"c":"CDC-2793363","o":"SOQUEM inc. 100%","e":""},"geometry":{"type":"Polygon","coordinates":[[[-73.425,49.45833],[-73.41667,49.45833],[-73.41667,49.45],[-73.425,49.45],[-73.425,49.45833]]]}},{"type":"Feature","properties":{"c":"CDC-2748269","o":"SOQUEM inc. 100%","e":""},"geometry":{"type":"Polygon","coordinates":[[[-73.43333,49.45833],[-73.425,49.45833],[-73.425,49.45],[-73.43333,49.45],[-73.43333,49.45833]]]}},{"type":"Feature","properties":{"c":"CDC-2748268","o":"SOQUEM inc. 100%","e":""},"geometry":{"type":"Polygon","coordinates":[[[-73.44167,49.45833],[-73.43333,49.45833],[-73.43333,49.45],[-73.44167,49.45],[-73.44167,49.45833]]]}},{"type":"Feature","properties":{"c":"CDC-2748267","o":"SOQUEM inc. 100%","e":""},"geometry":{"type":"Polygon","coordinates":[[[-73.45,49.45833],[-73.44167,49.45833],[-73.44167,49.45],[-73.45,49.45],[-73.45,49.45833]]]}},{"type":"Feature","properties":{"c":"CDC-2748266","o":"SOQUEM inc. 100%","e":""},"geometry":{"type":"Polygon","coordinates":[[[-73.45833,49.45833],[-73.45,49.45833],[-73.45,49.45],[-73.45833,49.45],[-73.45833,49.45833]]]}},{"type":"Feature","properties":{"c":"CDC-2793702","o":"SOQUEM inc. 100%","e":""},"geometry":{"type":"Polygon","coordinates":[[[-73.4,49.46667],[-73.39167,49.46667],[-73.39167,49.45833],[-73.4,49.45833],[-73.4,49.46667]]]}},{"type":"Feature","properties":{"c":"CDC-2793701","o":"SOQUEM inc. 100%","e":""},"geometry":{"type":"Polygon","coordinates":[[[-73.40833,49.46667],[-73.4,49.46667],[-73.4,49.45833],[-73.40833,49.45833],[-73.40833,49.46667]]]}},{"type":"Feature","properties":{"c":"CDC-2793700","o":"SOQUEM inc. 100%","e":""},"geometry":{"type":"Polygon","coordinates":[[[-73.41667,49.46667],[-73.40833,49.46667],[-73.40833,49.45833],[-73.41667,49.45833],[-73.41667,49.46667]]]}},{"type":"Feature","properties":{"c":"CDC-2793367","o":"SOQUEM inc. 100%","e":""},"geometry":{"type":"Polygon","coordinates":[[[-73.425,49.49167],[-73.41667,49.49167],[-73.41667,49.48333],[-73.425,49.48333],[-73.425,49.49167]]]}},{"type":"Feature","properties":{"c":"CDC-2748136","o":"SOQUEM inc. 100%","e":""},"geometry":{"type":"Polygon","coordinates":[[[-73.43333,49.49167],[-73.425,49.49167],[-73.425,49.48333],[-73.43333,49.48333],[-73.43333,49.49167]]]}},{"type":"Feature","properties":{"c":"CDC-2748135","o":"SOQUEM inc. 100%","e":""},"geometry":{"type":"Polygon","coordinates":[[[-73.44167,49.49167],[-73.43333,49.49167],[-73.43333,49.48333],[-73.44167,49.48333],[-73.44167,49.49167]]]}},{"type":"Feature","properties":{"c":"CDC-2748134","o":"SOQUEM inc. 100%","e":""},"geometry":{"type":"Polygon","coordinates":[[[-73.45,49.49167],[-73.44167,49.49167],[-73.44167,49.48333],[-73.45,49.48333],[-73.45,49.49167]]]}},{"type":"Feature","properties":{"c":"CDC-2748133","o":"SOQUEM inc. 100%","e":""},"geometry":{"type":"Polygon","coordinates":[[[-73.45833,49.49167],[-73.45,49.49167],[-73.45,49.48333],[-73.45833,49.48333],[-73.45833,49.49167]]]}},{"type":"Feature","properties":{"c":"CDC-2748132","o":"SOQUEM inc. 100%","e":""},"geometry":{"type":"Polygon","coordinates":[[[-73.46667,49.49167],[-73.45833,49.49167],[-73.45833,49.48333],[-73.46667,49.48333],[-73.46667,49.49167]]]}},{"type":"Feature","properties":{"c":"CDC-2748131","o":"SOQUEM inc. 100%","e":""},"geometry":{"type":"Polygon","coordinates":[[[-73.475,49.49167],[-73.46667,49.49167],[-73.46667,49.48333],[-73.475,49.48333],[-73.475,49.49167]]]}},{"type":"Feature","properties":{"c":"CDC-2748130","o":"SOQUEM inc. 100%","e":""},"geometry":{"type":"Polygon","coordinates":[[[-73.48333,49.49167],[-73.475,49.49167],[-73.475,49.48333],[-73.48333,49.48333],[-73.48333,49.49167]]]}},{"type":"Feature","properties":{"c":"CDC-2748129","o":"SOQUEM inc. 100%","e":""},"geometry":{"type":"Polygon","coordinates":[[[-73.49167,49.49167],[-73.48333,49.49167],[-73.48333,49.48333],[-73.49167,49.48333],[-73.49167,49.49167]]]}},{"type":"Feature","properties":{"c":"CDC-2793373","o":"SOQUEM inc. 100%","e":""},"geometry":{"type":"Polygon","coordinates":[[[-73.425,49.5],[-73.41667,49.5],[-73.41667,49.49167],[-73.425,49.49167],[-73.425,49.5]]]}},{"type":"Feature","properties":{"c":"CDC-2793372","o":"SOQUEM inc. 100%","e":""},"geometry":{"type":"Polygon","coordinates":[[[-73.43333,49.5],[-73.425,49.5],[-73.425,49.49167],[-73.43333,49.49167],[-73.43333,49.5]]]}},{"type":"Feature","properties":{"c":"CDC-2793371","o":"SOQUEM inc. 100%","e":""},"geometry":{"type":"Polygon","coordinates":[[[-73.44167,49.5],[-73.43333,49.5],[-73.43333,49.49167],[-73.44167,49.49167],[-73.44167,49.5]]]}},{"type":"Feature","properties":{"c":"CDC-2793370","o":"SOQUEM inc. 100%","e":""},"geometry":{"type":"Polygon","coordinates":[[[-73.45,49.5],[-73.44167,49.5],[-73.44167,49.49167],[-73.45,49.49167],[-73.45,49.5]]]}},{"type":"Feature","properties":{"c":"CDC-2793369","o":"SOQUEM inc. 100%","e":""},"geometry":{"type":"Polygon","coordinates":[[[-73.45833,49.5],[-73.45,49.5],[-73.45,49.49167],[-73.45833,49.49167],[-73.45833,49.5]]]}},{"type":"Feature","properties":{"c":"CDC-2793368","o":"SOQUEM inc. 100%","e":""},"geometry":{"type":"Polygon","coordinates":[[[-73.46667,49.5],[-73.45833,49.5],[-73.45833,49.49167],[-73.46667,49.49167],[-73.46667,49.5]]]}},{"type":"Feature","properties":{"c":"CDC-2748140","o":"SOQUEM inc. 100%","e":""},"geometry":{"type":"Polygon","coordinates":[[[-73.475,49.5],[-73.46667,49.5],[-73.46667,49.49167],[-73.475,49.49167],[-73.475,49.5]]]}},{"type":"Feature","properties":{"c":"CDC-2748139","o":"SOQUEM inc. 100%","e":""},"geometry":{"type":"Polygon","coordinates":[[[-73.48333,49.5],[-73.475,49.5],[-73.475,49.49167],[-73.48333,49.49167],[-73.48333,49.5]]]}},{"type":"Feature","properties":{"c":"CDC-2748138","o":"SOQUEM inc. 100%","e":""},"geometry":{"type":"Polygon","coordinates":[[[-73.49167,49.5],[-73.48333,49.5],[-73.48333,49.49167],[-73.49167,49.49167],[-73.49167,49.5]]]}},{"type":"Feature","properties":{"c":"CDC-2793364","o":"SOQUEM inc. 100%","e":""},"geometry":{"type":"Polygon","coordinates":[[[-73.425,49.46667],[-73.41667,49.46667],[-73.41667,49.45833],[-73.425,49.45833],[-73.425,49.46667]]]}},{"type":"Feature","properties":{"c":"CDC-2748109","o":"SOQUEM inc. 100%","e":""},"geometry":{"type":"Polygon","coordinates":[[[-73.43333,49.46667],[-73.425,49.46667],[-73.425,49.45833],[-73.43333,49.45833],[-73.43333,49.46667]]]}},{"type":"Feature","properties":{"c":"CDC-2748108","o":"SOQUEM inc. 100%","e":""},"geometry":{"type":"Polygon","coordinates":[[[-73.44167,49.46667],[-73.43333,49.46667],[-73.43333,49.45833],[-73.44167,49.45833],[-73.44167,49.46667]]]}},{"type":"Feature","properties":{"c":"CDC-2748107","o":"SOQUEM inc. 100%","e":""},"geometry":{"type":"Polygon","coordinates":[[[-73.45,49.46667],[-73.44167,49.46667],[-73.44167,49.45833],[-73.45,49.45833],[-73.45,49.46667]]]}},{"type":"Feature","properties":{"c":"CDC-2748106","o":"SOQUEM inc. 100%","e":""},"geometry":{"type":"Polygon","coordinates":[[[-73.45833,49.46667],[-73.45,49.46667],[-73.45,49.45833],[-73.45833,49.45833],[-73.45833,49.46667]]]}},{"type":"Feature","properties":{"c":"CDC-2748105","o":"SOQUEM inc. 100%","e":""},"geometry":{"type":"Polygon","coordinates":[[[-73.46667,49.46667],[-73.45833,49.46667],[-73.45833,49.45833],[-73.46667,49.45833],[-73.46667,49.46667]]]}},{"type":"Feature","properties":{"c":"CDC-2748104","o":"SOQUEM inc. 100%","e":""},"geometry":{"type":"Polygon","coordinates":[[[-73.475,49.46667],[-73.46667,49.46667],[-73.46667,49.45833],[-73.475,49.45833],[-73.475,49.46667]]]}},{"type":"Feature","properties":{"c":"CDC-2748103","o":"SOQUEM inc. 100%","e":""},"geometry":{"type":"Polygon","coordinates":[[[-73.48333,49.46667],[-73.475,49.46667],[-73.475,49.45833],[-73.48333,49.45833],[-73.48333,49.46667]]]}},{"type":"Feature","properties":{"c":"CDC-2748102","o":"SOQUEM inc. 100%","e":""},"geometry":{"type":"Polygon","coordinates":[[[-73.49167,49.46667],[-73.48333,49.46667],[-73.48333,49.45833],[-73.49167,49.45833],[-73.49167,49.46667]]]}},{"type":"Feature","properties":{"c":"CDC-2793365","o":"SOQUEM inc. 100%","e":""},"geometry":{"type":"Polygon","coordinates":[[[-73.425,49.475],[-73.41667,49.475],[-73.41667,49.46667],[-73.425,49.46667],[-73.425,49.475]]]}},{"type":"Feature","properties":{"c":"CDC-2748118","o":"SOQUEM inc. 100%","e":""},"geometry":{"type":"Polygon","coordinates":[[[-73.43333,49.475],[-73.425,49.475],[-73.425,49.46667],[-73.43333,49.46667],[-73.43333,49.475]]]}},{"type":"Feature","properties":{"c":"CDC-2748117","o":"SOQUEM inc. 100%","e":""},"geometry":{"type":"Polygon","coordinates":[[[-73.44167,49.475],[-73.43333,49.475],[-73.43333,49.46667],[-73.44167,49.46667],[-73.44167,49.475]]]}},{"type":"Feature","properties":{"c":"CDC-2748116","o":"SOQUEM inc. 100%","e":""},"geometry":{"type":"Polygon","coordinates":[[[-73.45,49.475],[-73.44167,49.475],[-73.44167,49.46667],[-73.45,49.46667],[-73.45,49.475]]]}},{"type":"Feature","properties":{"c":"CDC-2748115","o":"SOQUEM inc. 100%","e":""},"geometry":{"type":"Polygon","coordinates":[[[-73.45833,49.475],[-73.45,49.475],[-73.45,49.46667],[-73.45833,49.46667],[-73.45833,49.475]]]}},{"type":"Feature","properties":{"c":"CDC-2748114","o":"SOQUEM inc. 100%","e":""},"geometry":{"type":"Polygon","coordinates":[[[-73.46667,49.475],[-73.45833,49.475],[-73.45833,49.46667],[-73.46667,49.46667],[-73.46667,49.475]]]}},{"type":"Feature","properties":{"c":"CDC-2748113","o":"SOQUEM inc. 100%","e":""},"geometry":{"type":"Polygon","coordinates":[[[-73.475,49.475],[-73.46667,49.475],[-73.46667,49.46667],[-73.475,49.46667],[-73.475,49.475]]]}},{"type":"Feature","properties":{"c":"CDC-2748112","o":"SOQUEM inc. 100%","e":""},"geometry":{"type":"Polygon","coordinates":[[[-73.48333,49.475],[-73.475,49.475],[-73.475,49.46667],[-73.48333,49.46667],[-73.48333,49.475]]]}},{"type":"Feature","properties":{"c":"CDC-2748111","o":"SOQUEM inc. 100%","e":""},"geometry":{"type":"Polygon","coordinates":[[[-73.49167,49.475],[-73.48333,49.475],[-73.48333,49.46667],[-73.49167,49.46667],[-73.49167,49.475]]]}},{"type":"Feature","properties":{"c":"CDC-2793366","o":"SOQUEM inc. 100%","e":""},"geometry":{"type":"Polygon","coordinates":[[[-73.425,49.48333],[-73.41667,49.48333],[-73.41667,49.475],[-73.425,49.475],[-73.425,49.48333]]]}},{"type":"Feature","properties":{"c":"CDC-2748127","o":"SOQUEM inc. 100%","e":""},"geometry":{"type":"Polygon","coordinates":[[[-73.43333,49.48333],[-73.425,49.48333],[-73.425,49.475],[-73.43333,49.475],[-73.43333,49.48333]]]}},{"type":"Feature","properties":{"c":"CDC-2748126","o":"SOQUEM inc. 100%","e":""},"geometry":{"type":"Polygon","coordinates":[[[-73.44167,49.48333],[-73.43333,49.48333],[-73.43333,49.475],[-73.44167,49.475],[-73.44167,49.48333]]]}},{"type":"Feature","properties":{"c":"CDC-2748125","o":"SOQUEM inc. 100%","e":""},"geometry":{"type":"Polygon","coordinates":[[[-73.45,49.48333],[-73.44167,49.48333],[-73.44167,49.475],[-73.45,49.475],[-73.45,49.48333]]]}},{"type":"Feature","properties":{"c":"CDC-2748124","o":"SOQUEM inc. 100%","e":""},"geometry":{"type":"Polygon","coordinates":[[[-73.45833,49.48333],[-73.45,49.48333],[-73.45,49.475],[-73.45833,49.475],[-73.45833,49.48333]]]}},{"type":"Feature","properties":{"c":"CDC-2748123","o":"SOQUEM inc. 100%","e":""},"geometry":{"type":"Polygon","coordinates":[[[-73.46667,49.48333],[-73.45833,49.48333],[-73.45833,49.475],[-73.46667,49.475],[-73.46667,49.48333]]]}},{"type":"Feature","properties":{"c":"CDC-2748122","o":"SOQUEM inc. 100%","e":""},"geometry":{"type":"Polygon","coordinates":[[[-73.475,49.48333],[-73.46667,49.48333],[-73.46667,49.475],[-73.475,49.475],[-73.475,49.48333]]]}},{"type":"Feature","properties":{"c":"CDC-2748121","o":"SOQUEM inc. 100%","e":""},"geometry":{"type":"Polygon","coordinates":[[[-73.48333,49.48333],[-73.475,49.48333],[-73.475,49.475],[-73.48333,49.475],[-73.48333,49.48333]]]}},{"type":"Feature","properties":{"c":"CDC-2748120","o":"SOQUEM inc. 100%","e":""},"geometry":{"type":"Polygon","coordinates":[[[-73.49167,49.48333],[-73.48333,49.48333],[-73.48333,49.475],[-73.49167,49.475],[-73.49167,49.48333]]]}},{"type":"Feature","properties":{"c":"CDC-2793354","o":"SOQUEM inc. 100%","e":""},"geometry":{"type":"Polygon","coordinates":[[[-73.5,49.44167],[-73.49167,49.44167],[-73.49167,49.43333],[-73.5,49.43333],[-73.5,49.44167]]]}},{"type":"Feature","properties":{"c":"CDC-2748252","o":"SOQUEM inc. 100%","e":""},"geometry":{"type":"Polygon","coordinates":[[[-73.5,49.45],[-73.49167,49.45],[-73.49167,49.44167],[-73.5,49.44167],[-73.5,49.45]]]}},{"type":"Feature","properties":{"c":"CDC-2748261","o":"SOQUEM inc. 100%","e":""},"geometry":{"type":"Polygon","coordinates":[[[-73.5,49.45833],[-73.49167,49.45833],[-73.49167,49.45],[-73.5,49.45],[-73.5,49.45833]]]}},{"type":"Feature","properties":{"c":"CDC-2809416","o":"SOQUEM inc. 100%","e":""},"geometry":{"type":"Polygon","coordinates":[[[-73.48333,49.425],[-73.48333,49.41842],[-73.48349,49.41845],[-73.48387,49.41851],[-73.48425,49.41857],[-73.48464,49.41861],[-73.48502,49.41865],[-73.48541,49.41869],[-73.4858,49.41871],[-73.48619,49.41873],[-73.48658,49.41874],[-73.48698,49.41874],[-73.48737,49.41874],[-73.48776,49.41873],[-73.48815,49.41871],[-73.48854,49.41869],[-73.48893,49.41866],[-73.48932,49.41862],[-73.4897,49.41857],[-73.49009,49.41852],[-73.49047,49.41845],[-73.49085,49.41839],[-73.49114,49.41833],[-73.49167,49.41822],[-73.49167,49.425],[-73.48333,49.425]]]}},{"type":"Feature","properties":{"c":"CDC-2793345","o":"SOQUEM inc. 100%","e":""},"geometry":{"type":"Polygon","coordinates":[[[-73.49167,49.43333],[-73.48333,49.43333],[-73.48333,49.425],[-73.49167,49.425],[-73.49167,49.43333]]]}},{"type":"Feature","properties":{"c":"CDC-2793355","o":"SOQUEM inc. 100%","e":""},"geometry":{"type":"Polygon","coordinates":[[[-73.49167,49.44167],[-73.48333,49.44167],[-73.48333,49.43333],[-73.49167,49.43333],[-73.49167,49.44167]]]}},{"type":"Feature","properties":{"c":"CDC-2748253","o":"SOQUEM inc. 100%","e":""},"geometry":{"type":"Polygon","coordinates":[[[-73.49167,49.45],[-73.48333,49.45],[-73.48333,49.44167],[-73.49167,49.44167],[-73.49167,49.45]]]}},{"type":"Feature","properties":{"c":"CDC-2748262","o":"SOQUEM inc. 100%","e":""},"geometry":{"type":"Polygon","coordinates":[[[-73.49167,49.45833],[-73.48333,49.45833],[-73.48333,49.45],[-73.49167,49.45],[-73.49167,49.45833]]]}},{"type":"Feature","properties":{"c":"CDC-2809417","o":"SOQUEM inc. 100%","e":""},"geometry":{"type":"Polygon","coordinates":[[[-73.475,49.425],[-73.475,49.41667],[-73.47812,49.41667],[-73.47875,49.41697],[-73.4789,49.41704],[-73.47922,49.41719],[-73.47955,49.41733],[-73.47988,49.41746],[-73.48022,49.41759],[-73.48057,49.41771],[-73.48092,49.41783],[-73.48127,49.41794],[-73.48163,49.41804],[-73.48199,49.41814],[-73.48236,49.41822],[-73.48273,49.41831],[-73.48311,49.41838],[-73.48333,49.41842],[-73.48333,49.425],[-73.475,49.425]]]}},{"type":"Feature","properties":{"c":"CDC-2793346","o":"SOQUEM inc. 100%","e":""},"geometry":{"type":"Polygon","coordinates":[[[-73.48333,49.43333],[-73.475,49.43333],[-73.475,49.425],[-73.48333,49.425],[-73.48333,49.43333]]]}},{"type":"Feature","properties":{"c":"CDC-2793356","o":"SOQUEM inc. 100%","e":""},"geometry":{"type":"Polygon","coordinates":[[[-73.48333,49.44167],[-73.475,49.44167],[-73.475,49.43333],[-73.48333,49.43333],[-73.48333,49.44167]]]}},{"type":"Feature","properties":{"c":"CDC-2748254","o":"SOQUEM inc. 100%","e":""},"geometry":{"type":"Polygon","coordinates":[[[-73.48333,49.45],[-73.475,49.45],[-73.475,49.44167],[-73.48333,49.44167],[-73.48333,49.45]]]}},{"type":"Feature","properties":{"c":"CDC-2748263","o":"SOQUEM inc. 100%","e":""},"geometry":{"type":"Polygon","coordinates":[[[-73.48333,49.45833],[-73.475,49.45833],[-73.475,49.45],[-73.48333,49.45],[-73.48333,49.45833]]]}},{"type":"Feature","properties":{"c":"CDC-2793337","o":"SOQUEM inc. 100%","e":""},"geometry":{"type":"Polygon","coordinates":[[[-73.475,49.425],[-73.46667,49.425],[-73.46667,49.41667],[-73.475,49.41667],[-73.475,49.425]]]}},{"type":"Feature","properties":{"c":"CDC-2793347","o":"SOQUEM inc. 100%","e":""},"geometry":{"type":"Polygon","coordinates":[[[-73.475,49.43333],[-73.46667,49.43333],[-73.46667,49.425],[-73.475,49.425],[-73.475,49.43333]]]}},{"type":"Feature","properties":{"c":"CDC-2793357","o":"SOQUEM inc. 100%","e":""},"geometry":{"type":"Polygon","coordinates":[[[-73.475,49.44167],[-73.46667,49.44167],[-73.46667,49.43333],[-73.475,49.43333],[-73.475,49.44167]]]}},{"type":"Feature","properties":{"c":"CDC-2748255","o":"SOQUEM inc. 100%","e":""},"geometry":{"type":"Polygon","coordinates":[[[-73.475,49.45],[-73.46667,49.45],[-73.46667,49.44167],[-73.475,49.44167],[-73.475,49.45]]]}},{"type":"Feature","properties":{"c":"CDC-2748264","o":"SOQUEM inc. 100%","e":""},"geometry":{"type":"Polygon","coordinates":[[[-73.475,49.45833],[-73.46667,49.45833],[-73.46667,49.45],[-73.475,49.45],[-73.475,49.45833]]]}},{"type":"Feature","properties":{"c":"CDC-2793338","o":"SOQUEM inc. 100%","e":""},"geometry":{"type":"Polygon","coordinates":[[[-73.46667,49.425],[-73.45833,49.425],[-73.45833,49.41667],[-73.46667,49.41667],[-73.46667,49.425]]]}},{"type":"Feature","properties":{"c":"CDC-2793348","o":"SOQUEM inc. 100%","e":""},"geometry":{"type":"Polygon","coordinates":[[[-73.46667,49.43333],[-73.45833,49.43333],[-73.45833,49.425],[-73.46667,49.425],[-73.46667,49.43333]]]}},{"type":"Feature","properties":{"c":"CDC-2793358","o":"SOQUEM inc. 100%","e":""},"geometry":{"type":"Polygon","coordinates":[[[-73.46667,49.44167],[-73.45833,49.44167],[-73.45833,49.43333],[-73.46667,49.43333],[-73.46667,49.44167]]]}},{"type":"Feature","properties":{"c":"CDC-2748256","o":"SOQUEM inc. 100%","e":""},"geometry":{"type":"Polygon","coordinates":[[[-73.46667,49.45],[-73.45833,49.45],[-73.45833,49.44167],[-73.46667,49.44167],[-73.46667,49.45]]]}},{"type":"Feature","properties":{"c":"CDC-2748265","o":"SOQUEM inc. 100%","e":""},"geometry":{"type":"Polygon","coordinates":[[[-73.46667,49.45833],[-73.45833,49.45833],[-73.45833,49.45],[-73.46667,49.45],[-73.46667,49.45833]]]}},{"type":"Feature","properties":{"c":"CDC-2793339","o":"SOQUEM inc. 100%","e":""},"geometry":{"type":"Polygon","coordinates":[[[-73.45833,49.425],[-73.45,49.425],[-73.45,49.41667],[-73.45833,49.41667],[-73.45833,49.425]]]}},{"type":"Feature","properties":{"c":"CDC-2793349","o":"SOQUEM inc. 100%","e":""},"geometry":{"type":"Polygon","coordinates":[[[-73.45833,49.43333],[-73.45,49.43333],[-73.45,49.425],[-73.45833,49.425],[-73.45833,49.43333]]]}},{"type":"Feature","properties":{"c":"CDC-2748248","o":"SOQUEM inc. 100%","e":""},"geometry":{"type":"Polygon","coordinates":[[[-73.45833,49.44167],[-73.45,49.44167],[-73.45,49.43333],[-73.45833,49.43333],[-73.45833,49.44167]]]}},{"type":"Feature","properties":{"c":"CDC-2748257","o":"SOQUEM inc. 100%","e":""},"geometry":{"type":"Polygon","coordinates":[[[-73.45833,49.45],[-73.45,49.45],[-73.45,49.44167],[-73.45833,49.44167],[-73.45833,49.45]]]}},{"type":"Feature","properties":{"c":"CDC-2793316","o":"SOQUEM inc. 100%","e":""},"geometry":{"type":"Polygon","coordinates":[[[-73.50833,49.425],[-73.5,49.425],[-73.5,49.41667],[-73.50833,49.41667],[-73.50833,49.425]]]}},{"type":"Feature","properties":{"c":"CDC-2793321","o":"SOQUEM inc. 100%","e":""},"geometry":{"type":"Polygon","coordinates":[[[-73.50833,49.43333],[-73.5,49.43333],[-73.5,49.425],[-73.50833,49.425],[-73.50833,49.43333]]]}},{"type":"Feature","properties":{"c":"CDC-2793326","o":"SOQUEM inc. 100%","e":""},"geometry":{"type":"Polygon","coordinates":[[[-73.50833,49.44167],[-73.5,49.44167],[-73.5,49.43333],[-73.50833,49.43333],[-73.50833,49.44167]]]}},{"type":"Feature","properties":{"c":"CDC-2748082","o":"SOQUEM inc. 100%","e":""},"geometry":{"type":"Polygon","coordinates":[[[-73.50833,49.45],[-73.5,49.45],[-73.5,49.44167],[-73.50833,49.44167],[-73.50833,49.45]]]}},{"type":"Feature","properties":{"c":"CDC-2748086","o":"SOQUEM inc. 100%","e":""},"geometry":{"type":"Polygon","coordinates":[[[-73.50833,49.45833],[-73.5,49.45833],[-73.5,49.45],[-73.50833,49.45],[-73.50833,49.45833]]]}},{"type":"Feature","properties":{"c":"CDC-2809415","o":"SOQUEM inc. 100%","e":""},"geometry":{"type":"Polygon","coordinates":[[[-73.49167,49.425],[-73.49167,49.41822],[-73.49563,49.41741],[-73.49571,49.41739],[-73.49608,49.41731],[-73.49645,49.41722],[-73.49681,49.41713],[-73.49717,49.41703],[-73.49752,49.41692],[-73.49767,49.41687],[-73.4983,49.41667],[-73.5,49.41667],[-73.5,49.425],[-73.49167,49.425]]]}},{"type":"Feature","properties":{"c":"CDC-2793344","o":"SOQUEM inc. 100%","e":""},"geometry":{"type":"Polygon","coordinates":[[[-73.5,49.43333],[-73.49167,49.43333],[-73.49167,49.425],[-73.5,49.425],[-73.5,49.43333]]]}},{"type":"Feature","properties":{"c":"CDC-2748090","o":"SOQUEM inc. 100%","e":""},"geometry":{"type":"Polygon","coordinates":[[[-73.50833,49.46667],[-73.5,49.46667],[-73.5,49.45833],[-73.50833,49.45833],[-73.50833,49.46667]]]}},{"type":"Feature","properties":{"c":"CDC-2748094","o":"SOQUEM inc. 100%","e":""},"geometry":{"type":"Polygon","coordinates":[[[-73.50833,49.475],[-73.5,49.475],[-73.5,49.46667],[-73.50833,49.46667],[-73.50833,49.475]]]}},{"type":"Feature","properties":{"c":"CDC-2748096","o":"SOQUEM inc. 100%","e":""},"geometry":{"type":"Polygon","coordinates":[[[-73.50833,49.48333],[-73.5,49.48333],[-73.5,49.475],[-73.50833,49.475],[-73.50833,49.48333]]]}},{"type":"Feature","properties":{"c":"CDC-2748098","o":"SOQUEM inc. 100%","e":""},"geometry":{"type":"Polygon","coordinates":[[[-73.50833,49.49167],[-73.5,49.49167],[-73.5,49.48333],[-73.50833,49.48333],[-73.50833,49.49167]]]}},{"type":"Feature","properties":{"c":"CDC-2748100","o":"SOQUEM inc. 100%","e":""},"geometry":{"type":"Polygon","coordinates":[[[-73.50833,49.5],[-73.5,49.5],[-73.5,49.49167],[-73.50833,49.49167],[-73.50833,49.5]]]}},{"type":"Feature","properties":{"c":"CDC-2748101","o":"SOQUEM inc. 100%","e":""},"geometry":{"type":"Polygon","coordinates":[[[-73.5,49.46667],[-73.49167,49.46667],[-73.49167,49.45833],[-73.5,49.45833],[-73.5,49.46667]]]}},{"type":"Feature","properties":{"c":"CDC-2748110","o":"SOQUEM inc. 100%","e":""},"geometry":{"type":"Polygon","coordinates":[[[-73.5,49.475],[-73.49167,49.475],[-73.49167,49.46667],[-73.5,49.46667],[-73.5,49.475]]]}},{"type":"Feature","properties":{"c":"CDC-2748119","o":"SOQUEM inc. 100%","e":""},"geometry":{"type":"Polygon","coordinates":[[[-73.5,49.48333],[-73.49167,49.48333],[-73.49167,49.475],[-73.5,49.475],[-73.5,49.48333]]]}},{"type":"Feature","properties":{"c":"CDC-2748128","o":"SOQUEM inc. 100%","e":""},"geometry":{"type":"Polygon","coordinates":[[[-73.5,49.49167],[-73.49167,49.49167],[-73.49167,49.48333],[-73.5,49.48333],[-73.5,49.49167]]]}},{"type":"Feature","properties":{"c":"CDC-2748137","o":"SOQUEM inc. 100%","e":""},"geometry":{"type":"Polygon","coordinates":[[[-73.5,49.5],[-73.49167,49.5],[-73.49167,49.49167],[-73.5,49.49167],[-73.5,49.5]]]}},{"type":"Feature","properties":{"c":"CDC-2820595","o":"Coniagas Battery Metals Inc. 100%","e":""},"geometry":{"type":"Polygon","coordinates":[[[-73.45833,49.33607],[-73.45825,49.33594],[-73.45809,49.33571],[-73.45792,49.33548],[-73.45774,49.33525],[-73.45755,49.33503],[-73.45735,49.33481],[-73.45714,49.33459],[-73.45692,49.33438],[-73.4567,49.33417],[-73.45646,49.33397],[-73.45621,49.33377],[-73.45596,49.33357],[-73.4557,49.33338],[-73.45562,49.33333],[-73.45833,49.33333],[-73.45833,49.33607]]]}},{"type":"Feature","properties":{"c":"CDC-2820594","o":"Coniagas Battery Metals Inc. 100%","e":""},"geometry":{"type":"Polygon","coordinates":[[[-73.46293,49.34167],[-73.46285,49.34163],[-73.46261,49.34151],[-73.46235,49.34139],[-73.45939,49.34005],[-73.45939,49.33954],[-73.45939,49.33942],[-73.45938,49.33917],[-73.45936,49.33891],[-73.45933,49.33866],[-73.45928,49.3384],[-73.45923,49.33815],[-73.45916,49.3379],[-73.45909,49.33764],[-73.459,49.3374],[-73.4589,49.33715],[-73.45879,49.3369],[-73.45867,49.33666],[-73.45854,49.33642],[-73.4584,49.33618],[-73.45833,49.33607],[-73.45833,49.33333],[-73.46667,49.33333],[-73.46667,49.34167],[-73.46293,49.34167]]]}},{"type":"Feature","properties":{"c":"CDC-2814046","o":"Coniagas Battery Metals Inc. 100%","e":""},"geometry":{"type":"Polygon","coordinates":[[[-73.475,49.34167],[-73.46667,49.34167],[-73.46667,49.33333],[-73.475,49.33333],[-73.475,49.34167]]]}},{"type":"Feature","properties":{"c":"CDC-2814928","o":"Coniagas Battery Metals Inc. 100%","e":""},"geometry":{"type":"Polygon","coordinates":[[[-73.48333,49.34167],[-73.475,49.34167],[-73.475,49.33333],[-73.48333,49.33333],[-73.48333,49.34167]]]}},{"type":"Feature","properties":{"c":"CDC-2814927","o":"Coniagas Battery Metals Inc. 100%","e":""},"geometry":{"type":"Polygon","coordinates":[[[-73.49167,49.34167],[-73.48333,49.34167],[-73.48333,49.33333],[-73.49167,49.33333],[-73.49167,49.34167]]]}},{"type":"Feature","properties":{"c":"CDC-2814926","o":"Coniagas Battery Metals Inc. 100%","e":""},"geometry":{"type":"Polygon","coordinates":[[[-73.5,49.34167],[-73.49167,49.34167],[-73.49167,49.33333],[-73.5,49.33333],[-73.5,49.34167]]]}},{"type":"Feature","properties":{"c":"CDC-2814045","o":"Coniagas Battery Metals Inc. 100%","e":""},"geometry":{"type":"Polygon","coordinates":[[[-73.50833,49.34167],[-73.5,49.34167],[-73.5,49.33333],[-73.50833,49.33333],[-73.50833,49.34167]]]}},{"type":"Feature","properties":{"c":"CDC-2820598","o":"Coniagas Battery Metals Inc. 100%","e":""},"geometry":{"type":"Polygon","coordinates":[[[-73.46667,49.34334],[-73.46616,49.34315],[-73.46608,49.34311],[-73.46458,49.34256],[-73.46334,49.34188],[-73.4631,49.34175],[-73.46293,49.34167],[-73.46667,49.34167],[-73.46667,49.34334]]]}},{"type":"Feature","properties":{"c":"CDC-2820597","o":"Coniagas Battery Metals Inc. 100%","e":""},"geometry":{"type":"Polygon","coordinates":[[[-73.475,49.34696],[-73.47499,49.34695],[-73.47471,49.34677],[-73.47444,49.34659],[-73.47415,49.34641],[-73.47386,49.34624],[-73.47356,49.34608],[-73.47325,49.34592],[-73.47293,49.34577],[-73.47261,49.34562],[-73.47229,49.34548],[-73.47195,49.34535],[-73.4718,49.34529],[-73.46667,49.34334],[-73.46667,49.34167],[-73.475,49.34167],[-73.475,49.34696]]]}},{"type":"Feature","properties":{"c":"CDC-2820596","o":"Coniagas Battery Metals Inc. 100%","e":""},"geometry":{"type":"Polygon","coordinates":[[[-73.47784,49.35],[-73.47784,49.34998],[-73.47769,49.34974],[-73.47754,49.34951],[-73.47738,49.34928],[-73.47721,49.34905],[-73.47703,49.34882],[-73.47684,49.34859],[-73.47664,49.34837],[-73.47643,49.34816],[-73.47621,49.34795],[-73.47598,49.34774],[-73.47575,49.34753],[-73.4755,49.34734],[-73.47525,49.34714],[-73.475,49.34696],[-73.475,49.34167],[-73.48333,49.34167],[-73.48333,49.35],[-73.47784,49.35]]]}},{"type":"Feature","properties":{"c":"CDC-2814048","o":"Coniagas Battery Metals Inc. 100%","e":""},"geometry":{"type":"Polygon","coordinates":[[[-73.49167,49.35],[-73.48333,49.35],[-73.48333,49.34167],[-73.49167,49.34167],[-73.49167,49.35]]]}},{"type":"Feature","properties":{"c":"CDC-2814047","o":"Coniagas Battery Metals Inc. 100%","e":""},"geometry":{"type":"Polygon","coordinates":[[[-73.5,49.35],[-73.49167,49.35],[-73.49167,49.34167],[-73.5,49.34167],[-73.5,49.35]]]}},{"type":"Feature","properties":{"c":"CDC-2854380","o":"Corporation Aurif\u00e8re Vior Inc. 100%","e":""},"geometry":{"type":"Polygon","coordinates":[[[-73.03333,49.39167],[-73.025,49.39167],[-73.025,49.38333],[-73.03333,49.38333],[-73.03333,49.39167]]]}},{"type":"Feature","properties":{"c":"CDC-2854388","o":"Corporation Aurif\u00e8re Vior Inc. 100%","e":""},"geometry":{"type":"Polygon","coordinates":[[[-73.03333,49.4],[-73.025,49.4],[-73.025,49.39167],[-73.03333,49.39167],[-73.03333,49.4]]]}},{"type":"Feature","properties":{"c":"CDC-2878197","o":"Corporation Aurif\u00e8re Vior Inc. 100%","e":""},"geometry":{"type":"Polygon","coordinates":[[[-73.03333,49.40833],[-73.025,49.40833],[-73.025,49.4],[-73.03333,49.4],[-73.03333,49.40833]]]}},{"type":"Feature","properties":{"c":"CDC-2883872","o":"Corporation Aurif\u00e8re Vior Inc. 100%","e":""},"geometry":{"type":"Polygon","coordinates":[[[-73.03333,49.41667],[-73.025,49.41667],[-73.025,49.40833],[-73.03333,49.40833],[-73.03333,49.41667]]]}},{"type":"Feature","properties":{"c":"CDC-2854179","o":"Corporation Aurif\u00e8re Vior Inc. 100%","e":""},"geometry":{"type":"Polygon","coordinates":[[[-73.025,49.38333],[-73.01667,49.38333],[-73.01667,49.375],[-73.025,49.375],[-73.025,49.38333]]]}},{"type":"Feature","properties":{"c":"CDC-2854381","o":"Corporation Aurif\u00e8re Vior Inc. 100%","e":""},"geometry":{"type":"Polygon","coordinates":[[[-73.025,49.39167],[-73.01667,49.39167],[-73.01667,49.38333],[-73.025,49.38333],[-73.025,49.39167]]]}},{"type":"Feature","properties":{"c":"CDC-2878194","o":"Corporation Aurif\u00e8re Vior Inc. 100%","e":""},"geometry":{"type":"Polygon","coordinates":[[[-73.025,49.4],[-73.01667,49.4],[-73.01667,49.39167],[-73.025,49.39167],[-73.025,49.4]]]}},{"type":"Feature","properties":{"c":"CDC-2878198","o":"Corporation Aurif\u00e8re Vior Inc. 100%","e":""},"geometry":{"type":"Polygon","coordinates":[[[-73.025,49.40833],[-73.01667,49.40833],[-73.01667,49.4],[-73.025,49.4],[-73.025,49.40833]]]}},{"type":"Feature","properties":{"c":"CDC-2883873","o":"Corporation Aurif\u00e8re Vior Inc. 100%","e":""},"geometry":{"type":"Polygon","coordinates":[[[-73.025,49.41667],[-73.01667,49.41667],[-73.01667,49.40833],[-73.025,49.40833],[-73.025,49.41667]]]}},{"type":"Feature","properties":{"c":"CDC-2854180","o":"Corporation Aurif\u00e8re Vior Inc. 100%","e":""},"geometry":{"type":"Polygon","coordinates":[[[-73.01667,49.38333],[-73.00833,49.38333],[-73.00833,49.375],[-73.01667,49.375],[-73.01667,49.38333]]]}},{"type":"Feature","properties":{"c":"CDC-2854569","o":"Corporation Aurif\u00e8re Vior Inc. 100%","e":""},"geometry":{"type":"Polygon","coordinates":[[[-73.01667,49.39167],[-73.00833,49.39167],[-73.00833,49.38333],[-73.01667,49.38333],[-73.01667,49.39167]]]}},{"type":"Feature","properties":{"c":"CDC-2878195","o":"Corporation Aurif\u00e8re Vior Inc. 100%","e":""},"geometry":{"type":"Polygon","coordinates":[[[-73.01667,49.4],[-73.00833,49.4],[-73.00833,49.39167],[-73.01667,49.39167],[-73.01667,49.4]]]}},{"type":"Feature","properties":{"c":"CDC-2878199","o":"Corporation Aurif\u00e8re Vior Inc. 100%","e":""},"geometry":{"type":"Polygon","coordinates":[[[-73.01667,49.40833],[-73.00833,49.40833],[-73.00833,49.4],[-73.01667,49.4],[-73.01667,49.40833]]]}},{"type":"Feature","properties":{"c":"CDC-2883874","o":"Corporation Aurif\u00e8re Vior Inc. 100%","e":""},"geometry":{"type":"Polygon","coordinates":[[[-73.01667,49.41667],[-73.00833,49.41667],[-73.00833,49.40833],[-73.01667,49.40833],[-73.01667,49.41667]]]}},{"type":"Feature","properties":{"c":"CDC-2854181","o":"Corporation Aurif\u00e8re Vior Inc. 100%","e":""},"geometry":{"type":"Polygon","coordinates":[[[-73.00833,49.38333],[-73.0,49.38333],[-73.0,49.375],[-73.00833,49.375],[-73.00833,49.38333]]]}},{"type":"Feature","properties":{"c":"CDC-2854570","o":"Corporation Aurif\u00e8re Vior Inc. 100%","e":""},"geometry":{"type":"Polygon","coordinates":[[[-73.00833,49.39167],[-73.0,49.39167],[-73.0,49.38333],[-73.00833,49.38333],[-73.00833,49.39167]]]}},{"type":"Feature","properties":{"c":"CDC-2878196","o":"Corporation Aurif\u00e8re Vior Inc. 100%","e":""},"geometry":{"type":"Polygon","coordinates":[[[-73.00833,49.4],[-73.0,49.4],[-73.0,49.39167],[-73.00833,49.39167],[-73.00833,49.4]]]}},{"type":"Feature","properties":{"c":"CDC-2883869","o":"Corporation Aurif\u00e8re Vior Inc. 100%","e":""},"geometry":{"type":"Polygon","coordinates":[[[-73.00833,49.40833],[-73.0,49.40833],[-73.0,49.4],[-73.00833,49.4],[-73.00833,49.40833]]]}},{"type":"Feature","properties":{"c":"CDC-2883875","o":"Corporation Aurif\u00e8re Vior Inc. 100%","e":""},"geometry":{"type":"Polygon","coordinates":[[[-73.00833,49.41667],[-73.0,49.41667],[-73.0,49.40833],[-73.00833,49.40833],[-73.00833,49.41667]]]}},{"type":"Feature","properties":{"c":"CDC-2883898","o":"Corporation Aurif\u00e8re Vior Inc. 100%","e":""},"geometry":{"type":"Polygon","coordinates":[[[-73.03333,49.45],[-73.025,49.45],[-73.025,49.44167],[-73.03333,49.44167],[-73.03333,49.45]]]}},{"type":"Feature","properties":{"c":"CDC-2883897","o":"Corporation Aurif\u00e8re Vior Inc. 100%","e":""},"geometry":{"type":"Polygon","coordinates":[[[-73.04167,49.45],[-73.03333,49.45],[-73.03333,49.44167],[-73.04167,49.44167],[-73.04167,49.45]]]}},{"type":"Feature","properties":{"c":"CDC-2883896","o":"Corporation Aurif\u00e8re Vior Inc. 100%","e":""},"geometry":{"type":"Polygon","coordinates":[[[-73.05,49.45],[-73.04167,49.45],[-73.04167,49.44167],[-73.05,49.44167],[-73.05,49.45]]]}},{"type":"Feature","properties":{"c":"CDC-2883908","o":"Corporation Aurif\u00e8re Vior Inc. 100%","e":""},"geometry":{"type":"Polygon","coordinates":[[[-73.00833,49.45833],[-73.0,49.45833],[-73.0,49.45],[-73.00833,49.45],[-73.00833,49.45833]]]}},{"type":"Feature","properties":{"c":"CDC-2883907","o":"Corporation Aurif\u00e8re Vior Inc. 100%","e":""},"geometry":{"type":"Polygon","coordinates":[[[-73.01667,49.45833],[-73.00833,49.45833],[-73.00833,49.45],[-73.01667,49.45],[-73.01667,49.45833]]]}},{"type":"Feature","properties":{"c":"CDC-2883906","o":"Corporation Aurif\u00e8re Vior Inc. 100%","e":""},"geometry":{"type":"Polygon","coordinates":[[[-73.025,49.45833],[-73.01667,49.45833],[-73.01667,49.45],[-73.025,49.45],[-73.025,49.45833]]]}},{"type":"Feature","properties":{"c":"CDC-2883905","o":"Corporation Aurif\u00e8re Vior Inc. 100%","e":""},"geometry":{"type":"Polygon","coordinates":[[[-73.03333,49.45833],[-73.025,49.45833],[-73.025,49.45],[-73.03333,49.45],[-73.03333,49.45833]]]}},{"type":"Feature","properties":{"c":"CDC-2883904","o":"Corporation Aurif\u00e8re Vior Inc. 100%","e":""},"geometry":{"type":"Polygon","coordinates":[[[-73.04167,49.45833],[-73.03333,49.45833],[-73.03333,49.45],[-73.04167,49.45],[-73.04167,49.45833]]]}},{"type":"Feature","properties":{"c":"CDC-2883903","o":"Corporation Aurif\u00e8re Vior Inc. 100%","e":""},"geometry":{"type":"Polygon","coordinates":[[[-73.05,49.45833],[-73.04167,49.45833],[-73.04167,49.45],[-73.05,49.45],[-73.05,49.45833]]]}},{"type":"Feature","properties":{"c":"CDC-2883902","o":"Corporation Aurif\u00e8re Vior Inc. 100%","e":""},"geometry":{"type":"Polygon","coordinates":[[[-73.05833,49.45833],[-73.05,49.45833],[-73.05,49.45],[-73.05833,49.45],[-73.05833,49.45833]]]}},{"type":"Feature","properties":{"c":"CDC-2883915","o":"Corporation Aurif\u00e8re Vior Inc. 100%","e":""},"geometry":{"type":"Polygon","coordinates":[[[-73.00833,49.46667],[-73.0,49.46667],[-73.0,49.45833],[-73.00833,49.45833],[-73.00833,49.46667]]]}},{"type":"Feature","properties":{"c":"CDC-2883914","o":"Corporation Aurif\u00e8re Vior Inc. 100%","e":""},"geometry":{"type":"Polygon","coordinates":[[[-73.01667,49.46667],[-73.00833,49.46667],[-73.00833,49.45833],[-73.01667,49.45833],[-73.01667,49.46667]]]}},{"type":"Feature","properties":{"c":"CDC-2883913","o":"Corporation Aurif\u00e8re Vior Inc. 100%","e":""},"geometry":{"type":"Polygon","coordinates":[[[-73.025,49.46667],[-73.01667,49.46667],[-73.01667,49.45833],[-73.025,49.45833],[-73.025,49.46667]]]}},{"type":"Feature","properties":{"c":"CDC-2883912","o":"Corporation Aurif\u00e8re Vior Inc. 100%","e":""},"geometry":{"type":"Polygon","coordinates":[[[-73.03333,49.46667],[-73.025,49.46667],[-73.025,49.45833],[-73.03333,49.45833],[-73.03333,49.46667]]]}},{"type":"Feature","properties":{"c":"CDC-2883911","o":"Corporation Aurif\u00e8re Vior Inc. 100%","e":""},"geometry":{"type":"Polygon","coordinates":[[[-73.04167,49.46667],[-73.03333,49.46667],[-73.03333,49.45833],[-73.04167,49.45833],[-73.04167,49.46667]]]}},{"type":"Feature","properties":{"c":"CDC-2883910","o":"Corporation Aurif\u00e8re Vior Inc. 100%","e":""},"geometry":{"type":"Polygon","coordinates":[[[-73.05,49.46667],[-73.04167,49.46667],[-73.04167,49.45833],[-73.05,49.45833],[-73.05,49.46667]]]}},{"type":"Feature","properties":{"c":"CDC-2883909","o":"Corporation Aurif\u00e8re Vior Inc. 100%","e":""},"geometry":{"type":"Polygon","coordinates":[[[-73.05833,49.46667],[-73.05,49.46667],[-73.05,49.45833],[-73.05833,49.45833],[-73.05833,49.46667]]]}},{"type":"Feature","properties":{"c":"CDC-2883945","o":"Corporation Aurif\u00e8re Vior Inc. 100%","e":""},"geometry":{"type":"Polygon","coordinates":[[[-73.00833,49.475],[-73.0,49.475],[-73.0,49.46667],[-73.00833,49.46667],[-73.00833,49.475]]]}},{"type":"Feature","properties":{"c":"CDC-2883944","o":"Corporation Aurif\u00e8re Vior Inc. 100%","e":""},"geometry":{"type":"Polygon","coordinates":[[[-73.01667,49.475],[-73.00833,49.475],[-73.00833,49.46667],[-73.01667,49.46667],[-73.01667,49.475]]]}},{"type":"Feature","properties":{"c":"CDC-2883943","o":"Corporation Aurif\u00e8re Vior Inc. 100%","e":""},"geometry":{"type":"Polygon","coordinates":[[[-73.025,49.475],[-73.01667,49.475],[-73.01667,49.46667],[-73.025,49.46667],[-73.025,49.475]]]}},{"type":"Feature","properties":{"c":"CDC-2883942","o":"Corporation Aurif\u00e8re Vior Inc. 100%","e":""},"geometry":{"type":"Polygon","coordinates":[[[-73.03333,49.475],[-73.025,49.475],[-73.025,49.46667],[-73.03333,49.46667],[-73.03333,49.475]]]}},{"type":"Feature","properties":{"c":"CDC-2883941","o":"Corporation Aurif\u00e8re Vior Inc. 100%","e":""},"geometry":{"type":"Polygon","coordinates":[[[-73.04167,49.475],[-73.03333,49.475],[-73.03333,49.46667],[-73.04167,49.46667],[-73.04167,49.475]]]}},{"type":"Feature","properties":{"c":"CDC-2883940","o":"Corporation Aurif\u00e8re Vior Inc. 100%","e":""},"geometry":{"type":"Polygon","coordinates":[[[-73.05,49.475],[-73.04167,49.475],[-73.04167,49.46667],[-73.05,49.46667],[-73.05,49.475]]]}},{"type":"Feature","properties":{"c":"CDC-2883939","o":"Corporation Aurif\u00e8re Vior Inc. 100%","e":""},"geometry":{"type":"Polygon","coordinates":[[[-73.05833,49.475],[-73.05,49.475],[-73.05,49.46667],[-73.05833,49.46667],[-73.05833,49.475]]]}},{"type":"Feature","properties":{"c":"CDC-2814548","o":"Corporation Aurif\u00e8re Vior Inc. 100%","e":""},"geometry":{"type":"Polygon","coordinates":[[[-73.06667,49.35833],[-73.05833,49.35833],[-73.05833,49.35],[-73.06667,49.35],[-73.06667,49.35833]]]}},{"type":"Feature","properties":{"c":"CDC-2814569","o":"Corporation Aurif\u00e8re Vior Inc. 100%","e":""},"geometry":{"type":"Polygon","coordinates":[[[-73.00833,49.36667],[-73.0,49.36667],[-73.0,49.35833],[-73.00833,49.35833],[-73.00833,49.36667]]]}},{"type":"Feature","properties":{"c":"CDC-2814568","o":"Corporation Aurif\u00e8re Vior Inc. 100%","e":""},"geometry":{"type":"Polygon","coordinates":[[[-73.01667,49.36667],[-73.00833,49.36667],[-73.00833,49.35833],[-73.01667,49.35833],[-73.01667,49.36667]]]}},{"type":"Feature","properties":{"c":"CDC-2814567","o":"Corporation Aurif\u00e8re Vior Inc. 100%","e":""},"geometry":{"type":"Polygon","coordinates":[[[-73.025,49.36667],[-73.01667,49.36667],[-73.01667,49.35833],[-73.025,49.35833],[-73.025,49.36667]]]}},{"type":"Feature","properties":{"c":"CDC-2814566","o":"Corporation Aurif\u00e8re Vior Inc. 100%","e":""},"geometry":{"type":"Polygon","coordinates":[[[-73.03333,49.36667],[-73.025,49.36667],[-73.025,49.35833],[-73.03333,49.35833],[-73.03333,49.36667]]]}},{"type":"Feature","properties":{"c":"CDC-2814565","o":"Corporation Aurif\u00e8re Vior Inc. 100%","e":""},"geometry":{"type":"Polygon","coordinates":[[[-73.04167,49.36667],[-73.03333,49.36667],[-73.03333,49.35833],[-73.04167,49.35833],[-73.04167,49.36667]]]}},{"type":"Feature","properties":{"c":"CDC-2814564","o":"Corporation Aurif\u00e8re Vior Inc. 100%","e":""},"geometry":{"type":"Polygon","coordinates":[[[-73.05,49.36667],[-73.04167,49.36667],[-73.04167,49.35833],[-73.05,49.35833],[-73.05,49.36667]]]}},{"type":"Feature","properties":{"c":"CDC-2814563","o":"Corporation Aurif\u00e8re Vior Inc. 100%","e":""},"geometry":{"type":"Polygon","coordinates":[[[-73.05833,49.36667],[-73.05,49.36667],[-73.05,49.35833],[-73.05833,49.35833],[-73.05833,49.36667]]]}},{"type":"Feature","properties":{"c":"CDC-2814562","o":"Corporation Aurif\u00e8re Vior Inc. 100%","e":""},"geometry":{"type":"Polygon","coordinates":[[[-73.06667,49.36667],[-73.05833,49.36667],[-73.05833,49.35833],[-73.06667,49.35833],[-73.06667,49.36667]]]}},{"type":"Feature","properties":{"c":"CDC-2814574","o":"Corporation Aurif\u00e8re Vior Inc. 100%","e":""},"geometry":{"type":"Polygon","coordinates":[[[-73.00833,49.375],[-73.0,49.375],[-73.0,49.36667],[-73.00833,49.36667],[-73.00833,49.375]]]}},{"type":"Feature","properties":{"c":"CDC-2814573","o":"Corporation Aurif\u00e8re Vior Inc. 100%","e":""},"geometry":{"type":"Polygon","coordinates":[[[-73.01667,49.375],[-73.00833,49.375],[-73.00833,49.36667],[-73.01667,49.36667],[-73.01667,49.375]]]}},{"type":"Feature","properties":{"c":"CDC-2814572","o":"Corporation Aurif\u00e8re Vior Inc. 100%","e":""},"geometry":{"type":"Polygon","coordinates":[[[-73.025,49.375],[-73.01667,49.375],[-73.01667,49.36667],[-73.025,49.36667],[-73.025,49.375]]]}},{"type":"Feature","properties":{"c":"CDC-2814571","o":"Corporation Aurif\u00e8re Vior Inc. 100%","e":""},"geometry":{"type":"Polygon","coordinates":[[[-73.03333,49.375],[-73.025,49.375],[-73.025,49.36667],[-73.03333,49.36667],[-73.03333,49.375]]]}},{"type":"Feature","properties":{"c":"CDC-2814570","o":"Corporation Aurif\u00e8re Vior Inc. 100%","e":""},"geometry":{"type":"Polygon","coordinates":[[[-73.04167,49.375],[-73.03333,49.375],[-73.03333,49.36667],[-73.04167,49.36667],[-73.04167,49.375]]]}},{"type":"Feature","properties":{"c":"CDC-2854387","o":"Corporation Aurif\u00e8re Vior Inc. 100%","e":""},"geometry":{"type":"Polygon","coordinates":[[[-73.04167,49.4],[-73.03333,49.4],[-73.03333,49.39167],[-73.04167,49.39167],[-73.04167,49.4]]]}},{"type":"Feature","properties":{"c":"CDC-2854386","o":"Corporation Aurif\u00e8re Vior Inc. 100%","e":""},"geometry":{"type":"Polygon","coordinates":[[[-73.05,49.4],[-73.04167,49.4],[-73.04167,49.39167],[-73.05,49.39167],[-73.05,49.4]]]}},{"type":"Feature","properties":{"c":"CDC-2854385","o":"Corporation Aurif\u00e8re Vior Inc. 100%","e":""},"geometry":{"type":"Polygon","coordinates":[[[-73.05833,49.4],[-73.05,49.4],[-73.05,49.39167],[-73.05833,49.39167],[-73.05833,49.4]]]}},{"type":"Feature","properties":{"c":"CDC-2854384","o":"Corporation Aurif\u00e8re Vior Inc. 100%","e":""},"geometry":{"type":"Polygon","coordinates":[[[-73.06667,49.4],[-73.05833,49.4],[-73.05833,49.39167],[-73.06667,49.39167],[-73.06667,49.4]]]}},{"type":"Feature","properties":{"c":"CDC-2854383","o":"Corporation Aurif\u00e8re Vior Inc. 100%","e":""},"geometry":{"type":"Polygon","coordinates":[[[-73.075,49.4],[-73.06667,49.4],[-73.06667,49.39167],[-73.075,49.39167],[-73.075,49.4]]]}},{"type":"Feature","properties":{"c":"CDC-2854382","o":"Corporation Aurif\u00e8re Vior Inc. 100%","e":""},"geometry":{"type":"Polygon","coordinates":[[[-73.08333,49.4],[-73.075,49.4],[-73.075,49.39167],[-73.08333,49.39167],[-73.08333,49.4]]]}},{"type":"Feature","properties":{"c":"CDC-2809727","o":"SOQUEM inc. 100%","e":""},"geometry":{"type":"Polygon","coordinates":[[[-73.09167,49.4],[-73.08333,49.4],[-73.08333,49.39167],[-73.09167,49.39167],[-73.09167,49.4]]]}},{"type":"Feature","properties":{"c":"CDC-2809726","o":"SOQUEM inc. 100%","e":""},"geometry":{"type":"Polygon","coordinates":[[[-73.1,49.4],[-73.09167,49.4],[-73.09167,49.39167],[-73.1,49.39167],[-73.1,49.4]]]}},{"type":"Feature","properties":{"c":"CDC-2809725","o":"SOQUEM inc. 100%","e":""},"geometry":{"type":"Polygon","coordinates":[[[-73.10833,49.4],[-73.1,49.4],[-73.1,49.39167],[-73.10833,49.39167],[-73.10833,49.4]]]}},{"type":"Feature","properties":{"c":"CDC-2854391","o":"Corporation Aurif\u00e8re Vior Inc. 100%","e":""},"geometry":{"type":"Polygon","coordinates":[[[-73.04167,49.40833],[-73.03333,49.40833],[-73.03333,49.4],[-73.04167,49.4],[-73.04167,49.40833]]]}},{"type":"Feature","properties":{"c":"CDC-2854390","o":"Corporation Aurif\u00e8re Vior Inc. 100%","e":""},"geometry":{"type":"Polygon","coordinates":[[[-73.05,49.40833],[-73.04167,49.40833],[-73.04167,49.4],[-73.05,49.4],[-73.05,49.40833]]]}},{"type":"Feature","properties":{"c":"CDC-2865489","o":"Christian Blanchet 100%","e":""},"geometry":{"type":"Polygon","coordinates":[[[-73.05,49.40833],[-73.05,49.4],[-73.05833,49.4],[-73.05833,49.40833],[-73.05766,49.40833],[-73.05765,49.4083],[-73.05751,49.40822],[-73.05747,49.40818],[-73.05747,49.40812],[-73.05749,49.40806],[-73.05751,49.40792],[-73.05758,49.40776],[-73.05768,49.40765],[-73.05781,49.4075],[-73.05792,49.40742],[-73.05815,49.40725],[-73.05818,49.40719],[-73.0582,49.4071],[-73.05794,49.40704],[-73.05785,49.40706],[-73.05771,49.40712],[-73.05755,49.40717],[-73.05748,49.40715],[-73.05729,49.40706],[-73.05723,49.407],[-73.05722,49.40689],[-73.05719,49.40683],[-73.05711,49.40676],[-73.05702,49.4067],[-73.05681,49.40655],[-73.05676,49.4065],[-73.05674,49.40643],[-73.05687,49.40633],[-73.0567,49.40616],[-73.05669,49.40611],[-73.05665,49.40599],[-73.05662,49.40594],[-73.05613,49.40572],[-73.05576,49.40579],[-73.05556,49.40589],[-73.05538,49.406],[-73.0551,49.40619],[-73.05499,49.40627],[-73.05476,49.40647],[-73.05467,49.40655],[-73.05456,49.40666],[-73.05447,49.40672],[-73.05423,49.40688],[-73.0541,49.40698],[-73.05403,49.4071],[-73.05387,49.4073],[-73.05356,49.40751],[-73.05334,49.40766],[-73.05322,49.40773],[-73.05311,49.40776],[-73.05282,49.40789],[-73.05276,49.4079],[-73.05272,49.40791],[-73.05252,49.40799],[-73.0524,49.40801],[-73.05214,49.40802],[-73.05181,49.40799],[-73.05178,49.40799],[-73.05144,49.40797],[-73.05115,49.40797],[-73.05133,49.40833],[-73.05,49.40833]]]}},{"type":"Feature","properties":{"c":"CDC-2865488","o":"Christian Blanchet 100%","e":""},"geometry":{"type":"Polygon","coordinates":[[[-73.05833,49.40833],[-73.05833,49.4],[-73.06667,49.4],[-73.06667,49.40833],[-73.06651,49.40833],[-73.06648,49.40831],[-73.06639,49.40826],[-73.06604,49.40823],[-73.06585,49.40824],[-73.06577,49.40827],[-73.0657,49.40831],[-73.06567,49.40833],[-73.06495,49.40833],[-73.0649,49.40828],[-73.0648,49.40821],[-73.06473,49.40814],[-73.06464,49.40814],[-73.06458,49.40819],[-73.06446,49.40832],[-73.06443,49.40833],[-73.05833,49.40833]]]}},{"type":"Feature","properties":{"c":"CDC-2865487","o":"Christian Blanchet 100%","e":""},"geometry":{"type":"Polygon","coordinates":[[[-73.06667,49.40833],[-73.06667,49.4],[-73.075,49.4],[-73.075,49.40833],[-73.07035,49.40833],[-73.07037,49.4083],[-73.07045,49.40827],[-73.07051,49.40823],[-73.07056,49.40818],[-73.07051,49.40812],[-73.07034,49.40809],[-73.07029,49.40812],[-73.07022,49.40811],[-73.07014,49.4081],[-73.07007,49.40811],[-73.06993,49.40826],[-73.06986,49.40829],[-73.06976,49.40832],[-73.06969,49.40833],[-73.06968,49.40833],[-73.06667,49.40833]]]}},{"type":"Feature","properties":{"c":"CDC-2854389","o":"Corporation Aurif\u00e8re Vior Inc. 100%","e":""},"geometry":{"type":"Polygon","coordinates":[[[-73.08333,49.40833],[-73.075,49.40833],[-73.075,49.4],[-73.08333,49.4],[-73.08333,49.40833]]]}},{"type":"Feature","properties":{"c":"CDC-2809740","o":"SOQUEM inc. 100%","e":""},"geometry":{"type":"Polygon","coordinates":[[[-73.09167,49.40833],[-73.08333,49.40833],[-73.08333,49.4],[-73.09167,49.4],[-73.09167,49.40833]]]}},{"type":"Feature","properties":{"c":"CDC-2809739","o":"SOQUEM inc. 100%","e":""},"geometry":{"type":"Polygon","coordinates":[[[-73.1,49.40833],[-73.09167,49.40833],[-73.09167,49.4],[-73.1,49.4],[-73.1,49.40833]]]}},{"type":"Feature","properties":{"c":"CDC-2809738","o":"SOQUEM inc. 100%","e":""},"geometry":{"type":"Polygon","coordinates":[[[-73.10833,49.40833],[-73.1,49.40833],[-73.1,49.4],[-73.10833,49.4],[-73.10833,49.40833]]]}},{"type":"Feature","properties":{"c":"CDC-2854572","o":"Corporation Aurif\u00e8re Vior Inc. 100%","e":""},"geometry":{"type":"Polygon","coordinates":[[[-73.04167,49.41667],[-73.03333,49.41667],[-73.03333,49.40833],[-73.04167,49.40833],[-73.04167,49.41667]]]}},{"type":"Feature","properties":{"c":"CDC-2854571","o":"Corporation Aurif\u00e8re Vior Inc. 100%","e":""},"geometry":{"type":"Polygon","coordinates":[[[-73.05,49.41667],[-73.04167,49.41667],[-73.04167,49.40833],[-73.05,49.40833],[-73.05,49.41667]]]}},{"type":"Feature","properties":{"c":"CDC-2883871","o":"Corporation Aurif\u00e8re Vior Inc. 100%","e":""},"geometry":{"type":"Polygon","coordinates":[[[-73.05,49.41667],[-73.05,49.40833],[-73.05133,49.40833],[-73.05287,49.41145],[-73.05388,49.41241],[-73.0544,49.41294],[-73.05603,49.41538],[-73.05631,49.41667],[-73.05,49.41667]]]}},{"type":"Feature","properties":{"c":"CDC-2882482","o":"Corporation Aurif\u00e8re Vior Inc. 100%","e":""},"geometry":{"type":"Polygon","coordinates":[[[-73.05833,49.41058],[-73.05841,49.41057],[-73.05861,49.41065],[-73.05872,49.41066],[-73.05881,49.41064],[-73.05879,49.41054],[-73.05875,49.41046],[-73.05864,49.4103],[-73.05862,49.41024],[-73.05858,49.41018],[-73.0585,49.4099],[-73.05853,49.40978],[-73.05863,49.40969],[-73.05877,49.40957],[-73.0588,49.40951],[-73.05881,49.40946],[-73.05885,49.40926],[-73.05885,49.40921],[-73.05881,49.40909],[-73.05874,49.40903],[-73.05863,49.40896],[-73.05843,49.40884],[-73.05833,49.4088],[-73.05833,49.40833],[-73.06443,49.40833],[-73.06439,49.40836],[-73.06425,49.40841],[-73.06419,49.40845],[-73.06414,49.40867],[-73.06416,49.40897],[-73.06416,49.40906],[-73.0641,49.40932],[-73.06406,49.40939],[-73.06401,49.40943],[-73.06385,49.40948],[-73.06378,49.40949],[-73.0637,49.40949],[-73.06348,49.40947],[-73.06333,49.40945],[-73.06308,49.40939],[-73.06297,49.40935],[-73.06288,49.40932],[-73.06255,49.40918],[-73.0625,49.40923],[-73.06255,49.40928],[-73.06263,49.40933],[-73.0627,49.40936],[-73.06281,49.40945],[-73.06289,49.40951],[-73.06303,49.4096],[-73.06316,49.40973],[-73.06324,49.40978],[-73.06342,49.40992],[-73.06346,49.41],[-73.06346,49.41006],[-73.06348,49.4101],[-73.0636,49.4102],[-73.06371,49.41025],[-73.06383,49.41029],[-73.06404,49.41031],[-73.06413,49.41035],[-73.06415,49.41048],[-73.0641,49.4107],[-73.06406,49.41091],[-73.06403,49.41103],[-73.06406,49.41108],[-73.06429,49.41124],[-73.06435,49.41129],[-73.06454,49.41136],[-73.06461,49.41141],[-73.06453,49.41186],[-73.0646,49.41196],[-73.06478,49.41202],[-73.06482,49.41207],[-73.06497,49.4122],[-73.0651,49.41224],[-73.06537,49.41228],[-73.06555,49.41239],[-73.06581,49.41247],[-73.06588,49.41252],[-73.06595,49.41262],[-73.06597,49.41269],[-73.06606,49.41278],[-73.06617,49.41281],[-73.06625,49.41282],[-73.06633,49.41281],[-73.06658,49.41281],[-73.06665,49.41282],[-73.06666,49.41283],[-73.06667,49.41283],[-73.06667,49.4133],[-73.06666,49.41331],[-73.06637,49.41341],[-73.06609,49.41342],[-73.06583,49.4134],[-73.06572,49.41344],[-73.06561,49.41349],[-73.06558,49.41356],[-73.06554,49.41368],[-73.06551,49.41386],[-73.06552,49.41392],[-73.06552,49.41398],[-73.06554,49.41406],[-73.06567,49.41447],[-73.06566,49.41453],[-73.06563,49.41464],[-73.06558,49.41506],[-73.06566,49.4154],[-73.06569,49.41553],[-73.0657,49.41566],[-73.0657,49.41607],[-73.0657,49.41618],[-73.06564,49.4164],[-73.06558,49.41643],[-73.06547,49.41649],[-73.06529,49.41649],[-73.06522,49.41648],[-73.06514,49.41646],[-73.06488,49.41635],[-73.06476,49.41635],[-73.06455,49.41635],[-73.06443,49.41635],[-73.06426,49.41633],[-73.06403,49.4163],[-73.06397,49.41627],[-73.0639,49.41622],[-73.06392,49.4161],[-73.06395,49.416],[-73.06399,49.41576],[-73.06405,49.41555],[-73.06403,49.4155],[-73.06391,49.41533],[-73.06387,49.4152],[-73.06375,49.41505],[-73.06376,49.41497],[-73.0638,49.41491],[-73.06397,49.4147],[-73.06402,49.41455],[-73.064,49.4144],[-73.06395,49.41427],[-73.06365,49.4139],[-73.06361,49.41381],[-73.06365,49.41336],[-73.06374,49.41324],[-73.06385,49.41312],[-73.0641,49.4129],[-73.06407,49.41285],[-73.06397,49.41284],[-73.0638,49.41284],[-73.0637,49.41283],[-73.06363,49.41279],[-73.06352,49.41265],[-73.06343,49.41254],[-73.06344,49.41246],[-73.06351,49.41234],[-73.06354,49.41222],[-73.06355,49.41213],[-73.06365,49.41171],[-73.06374,49.41156],[-73.06379,49.4115],[-73.06395,49.4114],[-73.06397,49.41134],[-73.06395,49.41129],[-73.06389,49.41126],[-73.06381,49.41123],[-73.06358,49.41121],[-73.06351,49.41124],[-73.06347,49.41128],[-73.06346,49.41134],[-73.06345,49.4114],[-73.06337,49.41144],[-73.06334,49.41149],[-73.06328,49.41152],[-73.06323,49.41158],[-73.06298,49.412],[-73.06296,49.41209],[-73.06293,49.41221],[-73.0629,49.41239],[-73.06288,49.4125],[-73.06297,49.41282],[-73.06294,49.41308],[-73.06291,49.41323],[-73.0629,49.41328],[-73.06288,49.41332],[-73.06283,49.41342],[-73.06276,49.41347],[-73.06259,49.41364],[-73.06258,49.41369],[-73.06259,49.41375],[-73.06267,49.41395],[-73.06272,49.41418],[-73.06272,49.41427],[-73.06269,49.41444],[-73.06264,49.41455],[-73.06255,49.41453],[-73.06249,49.41448],[-73.0624,49.41441],[-73.06228,49.41432],[-73.06216,49.41419],[-73.06204,49.41395],[-73.06197,49.41389],[-73.06186,49.41387],[-73.06158,49.41384],[-73.0615,49.4138],[-73.06144,49.41375],[-73.06143,49.41359],[-73.06148,49.41345],[-73.06163,49.41336],[-73.06166,49.41329],[-73.06149,49.41319],[-73.06129,49.41309],[-73.0612,49.41301],[-73.06108,49.41289],[-73.06094,49.41284],[-73.06078,49.41282],[-73.06049,49.4128],[-73.06042,49.41278],[-73.06034,49.41277],[-73.06017,49.41271],[-73.06003,49.41265],[-73.05991,49.41257],[-73.05975,49.41248],[-73.05946,49.41241],[-73.05942,49.4124],[-73.05923,49.41229],[-73.05918,49.41225],[-73.05914,49.41214],[-73.05908,49.41207],[-73.0588,49.41186],[-73.05858,49.41165],[-73.05847,49.41157],[-73.05833,49.41142],[-73.05833,49.41058]]]}},{"type":"Feature","properties":{"c":"CDC-2883870","o":"Corporation Aurif\u00e8re Vior Inc. 100%","e":""},"geometry":{"type":"Polygon","coordinates":[[[-73.07212,49.41654],[-73.07216,49.41638],[-73.07223,49.41632],[-73.07226,49.41626],[-73.07217,49.41613],[-73.07172,49.41583],[-73.07147,49.41575],[-73.07128,49.41574],[-73.07103,49.41571],[-73.07098,49.41565],[-73.07097,49.41561],[-73.0709,49.41547],[-73.07088,49.41543],[-73.07089,49.41537],[-73.0709,49.41531],[-73.0709,49.41526],[-73.07093,49.41516],[-73.07098,49.41503],[-73.07107,49.41497],[-73.07115,49.41486],[-73.07124,49.41475],[-73.07129,49.4145],[-73.07133,49.41441],[-73.07138,49.41436],[-73.07143,49.41432],[-73.0715,49.41428],[-73.07158,49.41421],[-73.07175,49.41413],[-73.07189,49.41407],[-73.072,49.41405],[-73.07236,49.41403],[-73.07245,49.41402],[-73.07251,49.41399],[-73.07258,49.41392],[-73.07272,49.41385],[-73.07277,49.41379],[-73.07279,49.41366],[-73.07285,49.41321],[-73.07285,49.41311],[-73.07284,49.41303],[-73.07286,49.4128],[-73.07285,49.41276],[-73.07273,49.41259],[-73.07258,49.41244],[-73.07254,49.4124],[-73.07252,49.41239],[-73.07239,49.4123],[-73.07232,49.41227],[-73.07217,49.41225],[-73.0721,49.41224],[-73.07188,49.41219],[-73.07181,49.41218],[-73.07173,49.41218],[-73.07164,49.41219],[-73.07162,49.41223],[-73.07156,49.41227],[-73.07148,49.41224],[-73.07141,49.41223],[-73.07119,49.41215],[-73.07112,49.41213],[-73.07098,49.41207],[-73.07093,49.41198],[-73.07092,49.41181],[-73.07094,49.41174],[-73.07097,49.41157],[-73.07099,49.41149],[-73.07102,49.41145],[-73.07106,49.4114],[-73.07118,49.41131],[-73.07131,49.41129],[-73.07139,49.41129],[-73.07147,49.4113],[-73.07155,49.4113],[-73.07162,49.41127],[-73.07178,49.41122],[-73.07186,49.41122],[-73.07189,49.41116],[-73.07205,49.4111],[-73.07216,49.41105],[-73.07233,49.41099],[-73.07278,49.41104],[-73.07305,49.41104],[-73.07311,49.41099],[-73.0732,49.41096],[-73.0734,49.41094],[-73.07347,49.41088],[-73.07356,49.41074],[-73.07357,49.41061],[-73.0736,49.41048],[-73.07363,49.41039],[-73.07356,49.41034],[-73.07348,49.41031],[-73.07341,49.4103],[-73.07322,49.41024],[-73.07312,49.41022],[-73.07304,49.41019],[-73.07297,49.41011],[-73.07277,49.40999],[-73.0727,49.40995],[-73.07259,49.40992],[-73.07248,49.40991],[-73.07238,49.4099],[-73.07233,49.40985],[-73.0723,49.4098],[-73.07228,49.40976],[-73.0723,49.4097],[-73.07227,49.40964],[-73.07218,49.40962],[-73.07209,49.40961],[-73.07198,49.40966],[-73.0719,49.40966],[-73.07175,49.40961],[-73.07168,49.40958],[-73.07168,49.40948],[-73.07156,49.40924],[-73.07152,49.40917],[-73.07151,49.409],[-73.07149,49.40885],[-73.07147,49.40879],[-73.07141,49.40876],[-73.0714,49.4087],[-73.07137,49.40866],[-73.07133,49.40861],[-73.0713,49.40857],[-73.07122,49.4086],[-73.07119,49.40864],[-73.07111,49.40867],[-73.07103,49.40869],[-73.071,49.40876],[-73.0708,49.40879],[-73.07071,49.40878],[-73.07063,49.40878],[-73.07047,49.40872],[-73.07035,49.40861],[-73.07032,49.40857],[-73.07032,49.40852],[-73.07031,49.40841],[-73.07033,49.40836],[-73.07035,49.40833],[-73.075,49.40833],[-73.075,49.41667],[-73.0722,49.41667],[-73.07212,49.41654]]]}},{"type":"Feature","properties":{"c":"CDC-2878201","o":"Corporation Aurif\u00e8re Vior Inc. 100%","e":""},"geometry":{"type":"Polygon","coordinates":[[[-73.08333,49.41667],[-73.075,49.41667],[-73.075,49.40833],[-73.08333,49.40833],[-73.08333,49.41667]]]}},{"type":"Feature","properties":{"c":"CDC-2878200","o":"Corporation Aurif\u00e8re Vior Inc. 100%","e":""},"geometry":{"type":"Polygon","coordinates":[[[-73.09167,49.41667],[-73.08333,49.41667],[-73.08333,49.40833],[-73.09167,49.40833],[-73.09167,49.41667]]]}},{"type":"Feature","properties":{"c":"CDC-2854398","o":"Corporation Aurif\u00e8re Vior Inc. 100%","e":""},"geometry":{"type":"Polygon","coordinates":[[[-73.1,49.41667],[-73.09167,49.41667],[-73.09167,49.40833],[-73.1,49.40833],[-73.1,49.41667]]]}},{"type":"Feature","properties":{"c":"CDC-2854397","o":"Corporation Aurif\u00e8re Vior Inc. 100%","e":""},"geometry":{"type":"Polygon","coordinates":[[[-73.10833,49.41667],[-73.1,49.41667],[-73.1,49.40833],[-73.10833,49.40833],[-73.10833,49.41667]]]}},{"type":"Feature","properties":{"c":"CDC-2809753","o":"SOQUEM inc. 100%","e":""},"geometry":{"type":"Polygon","coordinates":[[[-73.05,49.375],[-73.04167,49.375],[-73.04167,49.36667],[-73.05,49.36667],[-73.05,49.375]]]}},{"type":"Feature","properties":{"c":"CDC-2809752","o":"SOQUEM inc. 100%","e":""},"geometry":{"type":"Polygon","coordinates":[[[-73.05833,49.375],[-73.05,49.375],[-73.05,49.36667],[-73.05833,49.36667],[-73.05833,49.375]]]}},{"type":"Feature","properties":{"c":"CDC-2809751","o":"SOQUEM inc. 100%","e":""},"geometry":{"type":"Polygon","coordinates":[[[-73.06667,49.375],[-73.05833,49.375],[-73.05833,49.36667],[-73.06667,49.36667],[-73.06667,49.375]]]}},{"type":"Feature","properties":{"c":"CDC-2809750","o":"SOQUEM inc. 100%","e":""},"geometry":{"type":"Polygon","coordinates":[[[-73.075,49.375],[-73.06667,49.375],[-73.06667,49.36667],[-73.075,49.36667],[-73.075,49.375]]]}},{"type":"Feature","properties":{"c":"CDC-2809749","o":"SOQUEM inc. 100%","e":""},"geometry":{"type":"Polygon","coordinates":[[[-73.08333,49.375],[-73.075,49.375],[-73.075,49.36667],[-73.08333,49.36667],[-73.08333,49.375]]]}},{"type":"Feature","properties":{"c":"CDC-2809748","o":"SOQUEM inc. 100%","e":""},"geometry":{"type":"Polygon","coordinates":[[[-73.09167,49.375],[-73.08333,49.375],[-73.08333,49.36667],[-73.09167,49.36667],[-73.09167,49.375]]]}},{"type":"Feature","properties":{"c":"CDC-2809747","o":"SOQUEM inc. 100%","e":""},"geometry":{"type":"Polygon","coordinates":[[[-73.1,49.375],[-73.09167,49.375],[-73.09167,49.36667],[-73.1,49.36667],[-73.1,49.375]]]}},{"type":"Feature","properties":{"c":"CDC-2809746","o":"SOQUEM inc. 100%","e":""},"geometry":{"type":"Polygon","coordinates":[[[-73.10833,49.375],[-73.1,49.375],[-73.1,49.36667],[-73.10833,49.36667],[-73.10833,49.375]]]}},{"type":"Feature","properties":{"c":"CDC-2854178","o":"Corporation Aurif\u00e8re Vior Inc. 100%","e":""},"geometry":{"type":"Polygon","coordinates":[[[-73.03333,49.38333],[-73.025,49.38333],[-73.025,49.375],[-73.03333,49.375],[-73.03333,49.38333]]]}},{"type":"Feature","properties":{"c":"CDC-2809767","o":"SOQUEM inc. 100%","e":""},"geometry":{"type":"Polygon","coordinates":[[[-73.04167,49.38333],[-73.03333,49.38333],[-73.03333,49.375],[-73.04167,49.375],[-73.04167,49.38333]]]}},{"type":"Feature","properties":{"c":"CDC-2809766","o":"SOQUEM inc. 100%","e":""},"geometry":{"type":"Polygon","coordinates":[[[-73.05,49.38333],[-73.04167,49.38333],[-73.04167,49.375],[-73.05,49.375],[-73.05,49.38333]]]}},{"type":"Feature","properties":{"c":"CDC-2809765","o":"SOQUEM inc. 100%","e":""},"geometry":{"type":"Polygon","coordinates":[[[-73.05833,49.38333],[-73.05,49.38333],[-73.05,49.375],[-73.05833,49.375],[-73.05833,49.38333]]]}},{"type":"Feature","properties":{"c":"CDC-2809764","o":"SOQUEM inc. 100%","e":""},"geometry":{"type":"Polygon","coordinates":[[[-73.06667,49.38333],[-73.05833,49.38333],[-73.05833,49.375],[-73.06667,49.375],[-73.06667,49.38333]]]}},{"type":"Feature","properties":{"c":"CDC-2809763","o":"SOQUEM inc. 100%","e":""},"geometry":{"type":"Polygon","coordinates":[[[-73.075,49.38333],[-73.06667,49.38333],[-73.06667,49.375],[-73.075,49.375],[-73.075,49.38333]]]}},{"type":"Feature","properties":{"c":"CDC-2809762","o":"SOQUEM inc. 100%","e":""},"geometry":{"type":"Polygon","coordinates":[[[-73.08333,49.38333],[-73.075,49.38333],[-73.075,49.375],[-73.08333,49.375],[-73.08333,49.38333]]]}},{"type":"Feature","properties":{"c":"CDC-2809761","o":"SOQUEM inc. 100%","e":""},"geometry":{"type":"Polygon","coordinates":[[[-73.09167,49.38333],[-73.08333,49.38333],[-73.08333,49.375],[-73.09167,49.375],[-73.09167,49.38333]]]}},{"type":"Feature","properties":{"c":"CDC-2809760","o":"SOQUEM inc. 100%","e":""},"geometry":{"type":"Polygon","coordinates":[[[-73.1,49.38333],[-73.09167,49.38333],[-73.09167,49.375],[-73.1,49.375],[-73.1,49.38333]]]}},{"type":"Feature","properties":{"c":"CDC-2809759","o":"SOQUEM inc. 100%","e":""},"geometry":{"type":"Polygon","coordinates":[[[-73.10833,49.38333],[-73.1,49.38333],[-73.1,49.375],[-73.10833,49.375],[-73.10833,49.38333]]]}},{"type":"Feature","properties":{"c":"CDC-2854379","o":"Corporation Aurif\u00e8re Vior Inc. 100%","e":""},"geometry":{"type":"Polygon","coordinates":[[[-73.04167,49.39167],[-73.03333,49.39167],[-73.03333,49.38333],[-73.04167,49.38333],[-73.04167,49.39167]]]}},{"type":"Feature","properties":{"c":"CDC-2809780","o":"SOQUEM inc. 100%","e":""},"geometry":{"type":"Polygon","coordinates":[[[-73.05,49.39167],[-73.04167,49.39167],[-73.04167,49.38333],[-73.05,49.38333],[-73.05,49.39167]]]}},{"type":"Feature","properties":{"c":"CDC-2809779","o":"SOQUEM inc. 100%","e":""},"geometry":{"type":"Polygon","coordinates":[[[-73.05833,49.39167],[-73.05,49.39167],[-73.05,49.38333],[-73.05833,49.38333],[-73.05833,49.39167]]]}},{"type":"Feature","properties":{"c":"CDC-2809778","o":"SOQUEM inc. 100%","e":""},"geometry":{"type":"Polygon","coordinates":[[[-73.06667,49.39167],[-73.05833,49.39167],[-73.05833,49.38333],[-73.06667,49.38333],[-73.06667,49.39167]]]}},{"type":"Feature","properties":{"c":"CDC-2809777","o":"SOQUEM inc. 100%","e":""},"geometry":{"type":"Polygon","coordinates":[[[-73.075,49.39167],[-73.06667,49.39167],[-73.06667,49.38333],[-73.075,49.38333],[-73.075,49.39167]]]}},{"type":"Feature","properties":{"c":"CDC-2809776","o":"SOQUEM inc. 100%","e":""},"geometry":{"type":"Polygon","coordinates":[[[-73.08333,49.39167],[-73.075,49.39167],[-73.075,49.38333],[-73.08333,49.38333],[-73.08333,49.39167]]]}},{"type":"Feature","properties":{"c":"CDC-2809775","o":"SOQUEM inc. 100%","e":""},"geometry":{"type":"Polygon","coordinates":[[[-73.09167,49.39167],[-73.08333,49.39167],[-73.08333,49.38333],[-73.09167,49.38333],[-73.09167,49.39167]]]}},{"type":"Feature","properties":{"c":"CDC-2809774","o":"SOQUEM inc. 100%","e":""},"geometry":{"type":"Polygon","coordinates":[[[-73.1,49.39167],[-73.09167,49.39167],[-73.09167,49.38333],[-73.1,49.38333],[-73.1,49.39167]]]}},{"type":"Feature","properties":{"c":"CDC-2809773","o":"SOQUEM inc. 100%","e":""},"geometry":{"type":"Polygon","coordinates":[[[-73.10833,49.39167],[-73.1,49.39167],[-73.1,49.38333],[-73.10833,49.38333],[-73.10833,49.39167]]]}},{"type":"Feature","properties":{"c":"CDC-2814543","o":"Corporation Aurif\u00e8re Vior Inc. 100%","e":""},"geometry":{"type":"Polygon","coordinates":[[[-73.10833,49.35833],[-73.1,49.35833],[-73.1,49.35],[-73.10833,49.35],[-73.10833,49.35833]]]}},{"type":"Feature","properties":{"c":"CDC-2814557","o":"Corporation Aurif\u00e8re Vior Inc. 100%","e":""},"geometry":{"type":"Polygon","coordinates":[[[-73.10833,49.36667],[-73.1,49.36667],[-73.1,49.35833],[-73.10833,49.35833],[-73.10833,49.36667]]]}},{"type":"Feature","properties":{"c":"CDC-2814544","o":"Corporation Aurif\u00e8re Vior Inc. 100%","e":""},"geometry":{"type":"Polygon","coordinates":[[[-73.1,49.35833],[-73.09167,49.35833],[-73.09167,49.35],[-73.1,49.35],[-73.1,49.35833]]]}},{"type":"Feature","properties":{"c":"CDC-2814558","o":"Corporation Aurif\u00e8re Vior Inc. 100%","e":""},"geometry":{"type":"Polygon","coordinates":[[[-73.1,49.36667],[-73.09167,49.36667],[-73.09167,49.35833],[-73.1,49.35833],[-73.1,49.36667]]]}},{"type":"Feature","properties":{"c":"CDC-2814545","o":"Corporation Aurif\u00e8re Vior Inc. 100%","e":""},"geometry":{"type":"Polygon","coordinates":[[[-73.09167,49.35833],[-73.08333,49.35833],[-73.08333,49.35],[-73.09167,49.35],[-73.09167,49.35833]]]}},{"type":"Feature","properties":{"c":"CDC-2814559","o":"Corporation Aurif\u00e8re Vior Inc. 100%","e":""},"geometry":{"type":"Polygon","coordinates":[[[-73.09167,49.36667],[-73.08333,49.36667],[-73.08333,49.35833],[-73.09167,49.35833],[-73.09167,49.36667]]]}},{"type":"Feature","properties":{"c":"CDC-2814546","o":"Corporation Aurif\u00e8re Vior Inc. 100%","e":""},"geometry":{"type":"Polygon","coordinates":[[[-73.08333,49.35833],[-73.075,49.35833],[-73.075,49.35],[-73.08333,49.35],[-73.08333,49.35833]]]}},{"type":"Feature","properties":{"c":"CDC-2814560","o":"Corporation Aurif\u00e8re Vior Inc. 100%","e":""},"geometry":{"type":"Polygon","coordinates":[[[-73.08333,49.36667],[-73.075,49.36667],[-73.075,49.35833],[-73.08333,49.35833],[-73.08333,49.36667]]]}},{"type":"Feature","properties":{"c":"CDC-2814547","o":"Corporation Aurif\u00e8re Vior Inc. 100%","e":""},"geometry":{"type":"Polygon","coordinates":[[[-73.075,49.35833],[-73.06667,49.35833],[-73.06667,49.35],[-73.075,49.35],[-73.075,49.35833]]]}},{"type":"Feature","properties":{"c":"CDC-2814561","o":"Corporation Aurif\u00e8re Vior Inc. 100%","e":""},"geometry":{"type":"Polygon","coordinates":[[[-73.075,49.36667],[-73.06667,49.36667],[-73.06667,49.35833],[-73.075,49.35833],[-73.075,49.36667]]]}},{"type":"Feature","properties":{"c":"CDC-2883883","o":"Corporation Aurif\u00e8re Vior Inc. 100%","e":""},"geometry":{"type":"Polygon","coordinates":[[[-73.00833,49.425],[-73.0,49.425],[-73.0,49.41667],[-73.00833,49.41667],[-73.00833,49.425]]]}},{"type":"Feature","properties":{"c":"CDC-2883882","o":"Corporation Aurif\u00e8re Vior Inc. 100%","e":""},"geometry":{"type":"Polygon","coordinates":[[[-73.01667,49.425],[-73.00833,49.425],[-73.00833,49.41667],[-73.01667,49.41667],[-73.01667,49.425]]]}},{"type":"Feature","properties":{"c":"CDC-2883881","o":"Corporation Aurif\u00e8re Vior Inc. 100%","e":""},"geometry":{"type":"Polygon","coordinates":[[[-73.025,49.425],[-73.01667,49.425],[-73.01667,49.41667],[-73.025,49.41667],[-73.025,49.425]]]}},{"type":"Feature","properties":{"c":"CDC-2883878","o":"Corporation Aurif\u00e8re Vior Inc. 100%","e":""},"geometry":{"type":"Polygon","coordinates":[[[-73.03333,49.425],[-73.025,49.425],[-73.025,49.41667],[-73.03333,49.41667],[-73.03333,49.425]]]}},{"type":"Feature","properties":{"c":"CDC-2883877","o":"Corporation Aurif\u00e8re Vior Inc. 100%","e":""},"geometry":{"type":"Polygon","coordinates":[[[-73.04167,49.425],[-73.03333,49.425],[-73.03333,49.41667],[-73.04167,49.41667],[-73.04167,49.425]]]}},{"type":"Feature","properties":{"c":"CDC-2883876","o":"Corporation Aurif\u00e8re Vior Inc. 100%","e":""},"geometry":{"type":"Polygon","coordinates":[[[-73.05,49.425],[-73.04167,49.425],[-73.04167,49.41667],[-73.05,49.41667],[-73.05,49.425]]]}},{"type":"Feature","properties":{"c":"CDC-2854403","o":"Corporation Aurif\u00e8re Vior Inc. 100%","e":""},"geometry":{"type":"Polygon","coordinates":[[[-73.11667,49.425],[-73.10833,49.425],[-73.10833,49.41667],[-73.11667,49.41667],[-73.11667,49.425]]]}},{"type":"Feature","properties":{"c":"CDC-2854402","o":"Corporation Aurif\u00e8re Vior Inc. 100%","e":""},"geometry":{"type":"Polygon","coordinates":[[[-73.125,49.425],[-73.11667,49.425],[-73.11667,49.41667],[-73.125,49.41667],[-73.125,49.425]]]}},{"type":"Feature","properties":{"c":"CDC-2883889","o":"Corporation Aurif\u00e8re Vior Inc. 100%","e":""},"geometry":{"type":"Polygon","coordinates":[[[-73.00833,49.43333],[-73.0,49.43333],[-73.0,49.425],[-73.00833,49.425],[-73.00833,49.43333]]]}},{"type":"Feature","properties":{"c":"CDC-2883888","o":"Corporation Aurif\u00e8re Vior Inc. 100%","e":""},"geometry":{"type":"Polygon","coordinates":[[[-73.01667,49.43333],[-73.00833,49.43333],[-73.00833,49.425],[-73.01667,49.425],[-73.01667,49.43333]]]}},{"type":"Feature","properties":{"c":"CDC-2883887","o":"Corporation Aurif\u00e8re Vior Inc. 100%","e":""},"geometry":{"type":"Polygon","coordinates":[[[-73.025,49.43333],[-73.01667,49.43333],[-73.01667,49.425],[-73.025,49.425],[-73.025,49.43333]]]}},{"type":"Feature","properties":{"c":"CDC-2883886","o":"Corporation Aurif\u00e8re Vior Inc. 100%","e":""},"geometry":{"type":"Polygon","coordinates":[[[-73.03333,49.43333],[-73.025,49.43333],[-73.025,49.425],[-73.03333,49.425],[-73.03333,49.43333]]]}},{"type":"Feature","properties":{"c":"CDC-2883885","o":"Corporation Aurif\u00e8re Vior Inc. 100%","e":""},"geometry":{"type":"Polygon","coordinates":[[[-73.04167,49.43333],[-73.03333,49.43333],[-73.03333,49.425],[-73.04167,49.425],[-73.04167,49.43333]]]}},{"type":"Feature","properties":{"c":"CDC-2883884","o":"Corporation Aurif\u00e8re Vior Inc. 100%","e":""},"geometry":{"type":"Polygon","coordinates":[[[-73.05,49.43333],[-73.04167,49.43333],[-73.04167,49.425],[-73.05,49.425],[-73.05,49.43333]]]}},{"type":"Feature","properties":{"c":"CDC-2883895","o":"Corporation Aurif\u00e8re Vior Inc. 100%","e":""},"geometry":{"type":"Polygon","coordinates":[[[-73.00833,49.44167],[-73.0,49.44167],[-73.0,49.43333],[-73.00833,49.43333],[-73.00833,49.44167]]]}},{"type":"Feature","properties":{"c":"CDC-2883894","o":"Corporation Aurif\u00e8re Vior Inc. 100%","e":""},"geometry":{"type":"Polygon","coordinates":[[[-73.01667,49.44167],[-73.00833,49.44167],[-73.00833,49.43333],[-73.01667,49.43333],[-73.01667,49.44167]]]}},{"type":"Feature","properties":{"c":"CDC-2883893","o":"Corporation Aurif\u00e8re Vior Inc. 100%","e":""},"geometry":{"type":"Polygon","coordinates":[[[-73.025,49.44167],[-73.01667,49.44167],[-73.01667,49.43333],[-73.025,49.43333],[-73.025,49.44167]]]}},{"type":"Feature","properties":{"c":"CDC-2883892","o":"Corporation Aurif\u00e8re Vior Inc. 100%","e":""},"geometry":{"type":"Polygon","coordinates":[[[-73.03333,49.44167],[-73.025,49.44167],[-73.025,49.43333],[-73.03333,49.43333],[-73.03333,49.44167]]]}},{"type":"Feature","properties":{"c":"CDC-2883891","o":"Corporation Aurif\u00e8re Vior Inc. 100%","e":""},"geometry":{"type":"Polygon","coordinates":[[[-73.04167,49.44167],[-73.03333,49.44167],[-73.03333,49.43333],[-73.04167,49.43333],[-73.04167,49.44167]]]}},{"type":"Feature","properties":{"c":"CDC-2883890","o":"Corporation Aurif\u00e8re Vior Inc. 100%","e":""},"geometry":{"type":"Polygon","coordinates":[[[-73.05,49.44167],[-73.04167,49.44167],[-73.04167,49.43333],[-73.05,49.43333],[-73.05,49.44167]]]}},{"type":"Feature","properties":{"c":"CDC-2883901","o":"Corporation Aurif\u00e8re Vior Inc. 100%","e":""},"geometry":{"type":"Polygon","coordinates":[[[-73.00833,49.45],[-73.0,49.45],[-73.0,49.44167],[-73.00833,49.44167],[-73.00833,49.45]]]}},{"type":"Feature","properties":{"c":"CDC-2883900","o":"Corporation Aurif\u00e8re Vior Inc. 100%","e":""},"geometry":{"type":"Polygon","coordinates":[[[-73.01667,49.45],[-73.00833,49.45],[-73.00833,49.44167],[-73.01667,49.44167],[-73.01667,49.45]]]}},{"type":"Feature","properties":{"c":"CDC-2883899","o":"Corporation Aurif\u00e8re Vior Inc. 100%","e":""},"geometry":{"type":"Polygon","coordinates":[[[-73.025,49.45],[-73.01667,49.45],[-73.01667,49.44167],[-73.025,49.44167],[-73.025,49.45]]]}},{"type":"Feature","properties":{"c":"CDC-2793498","o":"SOQUEM inc. 100%","e":""},"geometry":{"type":"Polygon","coordinates":[[[-73.15833,49.40833],[-73.15,49.40833],[-73.15,49.4],[-73.15833,49.4],[-73.15833,49.40833]]]}},{"type":"Feature","properties":{"c":"CDC-2793504","o":"SOQUEM inc. 100%","e":""},"geometry":{"type":"Polygon","coordinates":[[[-73.15833,49.41667],[-73.15,49.41667],[-73.15,49.40833],[-73.15833,49.40833],[-73.15833,49.41667]]]}},{"type":"Feature","properties":{"c":"CDC-2809754","o":"SOQUEM inc. 100%","e":""},"geometry":{"type":"Polygon","coordinates":[[[-73.15,49.38333],[-73.14167,49.38333],[-73.14167,49.375],[-73.15,49.375],[-73.15,49.38333]]]}},{"type":"Feature","properties":{"c":"CDC-2809771","o":"SOQUEM inc. 100%","e":""},"geometry":{"type":"Polygon","coordinates":[[[-73.15,49.39167],[-73.14167,49.39167],[-73.14167,49.38333],[-73.15,49.38333],[-73.15,49.39167]]]}},{"type":"Feature","properties":{"c":"CDC-2809720","o":"SOQUEM inc. 100%","e":""},"geometry":{"type":"Polygon","coordinates":[[[-73.15,49.4],[-73.14167,49.4],[-73.14167,49.39167],[-73.15,49.39167],[-73.15,49.4]]]}},{"type":"Feature","properties":{"c":"CDC-2809733","o":"SOQUEM inc. 100%","e":""},"geometry":{"type":"Polygon","coordinates":[[[-73.15,49.40833],[-73.14167,49.40833],[-73.14167,49.4],[-73.15,49.4],[-73.15,49.40833]]]}},{"type":"Feature","properties":{"c":"CDC-2854392","o":"Corporation Aurif\u00e8re Vior Inc. 100%","e":""},"geometry":{"type":"Polygon","coordinates":[[[-73.15,49.41667],[-73.14167,49.41667],[-73.14167,49.40833],[-73.15,49.40833],[-73.15,49.41667]]]}},{"type":"Feature","properties":{"c":"CDC-2809755","o":"SOQUEM inc. 100%","e":""},"geometry":{"type":"Polygon","coordinates":[[[-73.14167,49.38333],[-73.13333,49.38333],[-73.13333,49.375],[-73.14167,49.375],[-73.14167,49.38333]]]}},{"type":"Feature","properties":{"c":"CDC-2809772","o":"SOQUEM inc. 100%","e":""},"geometry":{"type":"Polygon","coordinates":[[[-73.14167,49.39167],[-73.13333,49.39167],[-73.13333,49.38333],[-73.14167,49.38333],[-73.14167,49.39167]]]}},{"type":"Feature","properties":{"c":"CDC-2809721","o":"SOQUEM inc. 100%","e":""},"geometry":{"type":"Polygon","coordinates":[[[-73.14167,49.4],[-73.13333,49.4],[-73.13333,49.39167],[-73.14167,49.39167],[-73.14167,49.4]]]}},{"type":"Feature","properties":{"c":"CDC-2809734","o":"SOQUEM inc. 100%","e":""},"geometry":{"type":"Polygon","coordinates":[[[-73.14167,49.40833],[-73.13333,49.40833],[-73.13333,49.4],[-73.14167,49.4],[-73.14167,49.40833]]]}},{"type":"Feature","properties":{"c":"CDC-2854393","o":"Corporation Aurif\u00e8re Vior Inc. 100%","e":""},"geometry":{"type":"Polygon","coordinates":[[[-73.14167,49.41667],[-73.13333,49.41667],[-73.13333,49.40833],[-73.14167,49.40833],[-73.14167,49.41667]]]}},{"type":"Feature","properties":{"c":"CDC-2809756","o":"SOQUEM inc. 100%","e":""},"geometry":{"type":"Polygon","coordinates":[[[-73.13333,49.38333],[-73.125,49.38333],[-73.125,49.375],[-73.13333,49.375],[-73.13333,49.38333]]]}},{"type":"Feature","properties":{"c":"CDC-2815679","o":"SOQUEM inc. 100%","e":""},"geometry":{"type":"Polygon","coordinates":[[[-73.13333,49.39167],[-73.125,49.39167],[-73.125,49.38333],[-73.13333,49.38333],[-73.13333,49.39167]]]}},{"type":"Feature","properties":{"c":"CDC-2809722","o":"SOQUEM inc. 100%","e":""},"geometry":{"type":"Polygon","coordinates":[[[-73.13333,49.4],[-73.125,49.4],[-73.125,49.39167],[-73.13333,49.39167],[-73.13333,49.4]]]}},{"type":"Feature","properties":{"c":"CDC-2809735","o":"SOQUEM inc. 100%","e":""},"geometry":{"type":"Polygon","coordinates":[[[-73.13333,49.40833],[-73.125,49.40833],[-73.125,49.4],[-73.13333,49.4],[-73.13333,49.40833]]]}},{"type":"Feature","properties":{"c":"CDC-2854394","o":"Corporation Aurif\u00e8re Vior Inc. 100%","e":""},"geometry":{"type":"Polygon","coordinates":[[[-73.13333,49.41667],[-73.125,49.41667],[-73.125,49.40833],[-73.13333,49.40833],[-73.13333,49.41667]]]}},{"type":"Feature","properties":{"c":"CDC-2809757","o":"SOQUEM inc. 100%","e":""},"geometry":{"type":"Polygon","coordinates":[[[-73.125,49.38333],[-73.11667,49.38333],[-73.11667,49.375],[-73.125,49.375],[-73.125,49.38333]]]}},{"type":"Feature","properties":{"c":"CDC-2815680","o":"SOQUEM inc. 100%","e":""},"geometry":{"type":"Polygon","coordinates":[[[-73.125,49.39167],[-73.11667,49.39167],[-73.11667,49.38333],[-73.125,49.38333],[-73.125,49.39167]]]}},{"type":"Feature","properties":{"c":"CDC-2809723","o":"SOQUEM inc. 100%","e":""},"geometry":{"type":"Polygon","coordinates":[[[-73.125,49.4],[-73.11667,49.4],[-73.11667,49.39167],[-73.125,49.39167],[-73.125,49.4]]]}},{"type":"Feature","properties":{"c":"CDC-2809736","o":"SOQUEM inc. 100%","e":""},"geometry":{"type":"Polygon","coordinates":[[[-73.125,49.40833],[-73.11667,49.40833],[-73.11667,49.4],[-73.125,49.4],[-73.125,49.40833]]]}},{"type":"Feature","properties":{"c":"CDC-2854395","o":"Corporation Aurif\u00e8re Vior Inc. 100%","e":""},"geometry":{"type":"Polygon","coordinates":[[[-73.125,49.41667],[-73.11667,49.41667],[-73.11667,49.40833],[-73.125,49.40833],[-73.125,49.41667]]]}},{"type":"Feature","properties":{"c":"CDC-2809758","o":"SOQUEM inc. 100%","e":""},"geometry":{"type":"Polygon","coordinates":[[[-73.11667,49.38333],[-73.10833,49.38333],[-73.10833,49.375],[-73.11667,49.375],[-73.11667,49.38333]]]}},{"type":"Feature","properties":{"c":"CDC-2815681","o":"SOQUEM inc. 100%","e":""},"geometry":{"type":"Polygon","coordinates":[[[-73.11667,49.39167],[-73.10833,49.39167],[-73.10833,49.38333],[-73.11667,49.38333],[-73.11667,49.39167]]]}},{"type":"Feature","properties":{"c":"CDC-2809724","o":"SOQUEM inc. 100%","e":""},"geometry":{"type":"Polygon","coordinates":[[[-73.11667,49.4],[-73.10833,49.4],[-73.10833,49.39167],[-73.11667,49.39167],[-73.11667,49.4]]]}},{"type":"Feature","properties":{"c":"CDC-2809737","o":"SOQUEM inc. 100%","e":""},"geometry":{"type":"Polygon","coordinates":[[[-73.11667,49.40833],[-73.10833,49.40833],[-73.10833,49.4],[-73.11667,49.4],[-73.11667,49.40833]]]}},{"type":"Feature","properties":{"c":"CDC-2854396","o":"Corporation Aurif\u00e8re Vior Inc. 100%","e":""},"geometry":{"type":"Polygon","coordinates":[[[-73.11667,49.41667],[-73.10833,49.41667],[-73.10833,49.40833],[-73.11667,49.40833],[-73.11667,49.41667]]]}},{"type":"Feature","properties":{"c":"CDC-2814542","o":"Corporation Aurif\u00e8re Vior Inc. 100%","e":""},"geometry":{"type":"Polygon","coordinates":[[[-73.11667,49.35833],[-73.10833,49.35833],[-73.10833,49.35],[-73.11667,49.35],[-73.11667,49.35833]]]}},{"type":"Feature","properties":{"c":"CDC-2854170","o":"Corporation Aurif\u00e8re Vior Inc. 100%","e":""},"geometry":{"type":"Polygon","coordinates":[[[-73.125,49.35833],[-73.11667,49.35833],[-73.11667,49.35],[-73.125,49.35],[-73.125,49.35833]]]}},{"type":"Feature","properties":{"c":"CDC-2854169","o":"Corporation Aurif\u00e8re Vior Inc. 100%","e":""},"geometry":{"type":"Polygon","coordinates":[[[-73.13333,49.35833],[-73.125,49.35833],[-73.125,49.35],[-73.13333,49.35],[-73.13333,49.35833]]]}},{"type":"Feature","properties":{"c":"CDC-2854168","o":"Corporation Aurif\u00e8re Vior Inc. 100%","e":""},"geometry":{"type":"Polygon","coordinates":[[[-73.14167,49.35833],[-73.13333,49.35833],[-73.13333,49.35],[-73.14167,49.35],[-73.14167,49.35833]]]}},{"type":"Feature","properties":{"c":"CDC-2854167","o":"Corporation Aurif\u00e8re Vior Inc. 100%","e":""},"geometry":{"type":"Polygon","coordinates":[[[-73.15,49.35833],[-73.14167,49.35833],[-73.14167,49.35],[-73.15,49.35],[-73.15,49.35833]]]}},{"type":"Feature","properties":{"c":"CDC-2854166","o":"Corporation Aurif\u00e8re Vior Inc. 100%","e":""},"geometry":{"type":"Polygon","coordinates":[[[-73.15833,49.35833],[-73.15,49.35833],[-73.15,49.35],[-73.15833,49.35],[-73.15833,49.35833]]]}},{"type":"Feature","properties":{"c":"CDC-2857319","o":"Corporation Aurif\u00e8re Vior Inc. 100%","e":""},"geometry":{"type":"Polygon","coordinates":[[[-73.16667,49.35833],[-73.15833,49.35833],[-73.15833,49.35],[-73.16667,49.35],[-73.16667,49.35833]]]}},{"type":"Feature","properties":{"c":"CDC-2857318","o":"Corporation Aurif\u00e8re Vior Inc. 100%","e":""},"geometry":{"type":"Polygon","coordinates":[[[-73.175,49.35833],[-73.16667,49.35833],[-73.16667,49.35],[-73.175,49.35],[-73.175,49.35833]]]}},{"type":"Feature","properties":{"c":"CDC-2854447","o":"Corporation Aurif\u00e8re Vior Inc. 100%","e":""},"geometry":{"type":"Polygon","coordinates":[[[-73.18333,49.35833],[-73.175,49.35833],[-73.175,49.35],[-73.18333,49.35],[-73.18333,49.35833]]]}},{"type":"Feature","properties":{"c":"CDC-2854446","o":"Corporation Aurif\u00e8re Vior Inc. 100%","e":""},"geometry":{"type":"Polygon","coordinates":[[[-73.19167,49.35833],[-73.18333,49.35833],[-73.18333,49.35],[-73.19167,49.35],[-73.19167,49.35833]]]}},{"type":"Feature","properties":{"c":"CDC-2814556","o":"Corporation Aurif\u00e8re Vior Inc. 100%","e":""},"geometry":{"type":"Polygon","coordinates":[[[-73.11667,49.36667],[-73.10833,49.36667],[-73.10833,49.35833],[-73.11667,49.35833],[-73.11667,49.36667]]]}},{"type":"Feature","properties":{"c":"CDC-2854177","o":"Corporation Aurif\u00e8re Vior Inc. 100%","e":""},"geometry":{"type":"Polygon","coordinates":[[[-73.125,49.36667],[-73.11667,49.36667],[-73.11667,49.35833],[-73.125,49.35833],[-73.125,49.36667]]]}},{"type":"Feature","properties":{"c":"CDC-2854176","o":"Corporation Aurif\u00e8re Vior Inc. 100%","e":""},"geometry":{"type":"Polygon","coordinates":[[[-73.13333,49.36667],[-73.125,49.36667],[-73.125,49.35833],[-73.13333,49.35833],[-73.13333,49.36667]]]}},{"type":"Feature","properties":{"c":"CDC-2854175","o":"Corporation Aurif\u00e8re Vior Inc. 100%","e":""},"geometry":{"type":"Polygon","coordinates":[[[-73.14167,49.36667],[-73.13333,49.36667],[-73.13333,49.35833],[-73.14167,49.35833],[-73.14167,49.36667]]]}},{"type":"Feature","properties":{"c":"CDC-2854174","o":"Corporation Aurif\u00e8re Vior Inc. 100%","e":""},"geometry":{"type":"Polygon","coordinates":[[[-73.15,49.36667],[-73.14167,49.36667],[-73.14167,49.35833],[-73.15,49.35833],[-73.15,49.36667]]]}},{"type":"Feature","properties":{"c":"CDC-2854173","o":"Corporation Aurif\u00e8re Vior Inc. 100%","e":""},"geometry":{"type":"Polygon","coordinates":[[[-73.15833,49.36667],[-73.15,49.36667],[-73.15,49.35833],[-73.15833,49.35833],[-73.15833,49.36667]]]}},{"type":"Feature","properties":{"c":"CDC-2854172","o":"Corporation Aurif\u00e8re Vior Inc. 100%","e":""},"geometry":{"type":"Polygon","coordinates":[[[-73.16667,49.36667],[-73.15833,49.36667],[-73.15833,49.35833],[-73.16667,49.35833],[-73.16667,49.36667]]]}},{"type":"Feature","properties":{"c":"CDC-2854171","o":"Corporation Aurif\u00e8re Vior Inc. 100%","e":""},"geometry":{"type":"Polygon","coordinates":[[[-73.175,49.36667],[-73.16667,49.36667],[-73.16667,49.35833],[-73.175,49.35833],[-73.175,49.36667]]]}},{"type":"Feature","properties":{"c":"CDC-2854455","o":"Corporation Aurif\u00e8re Vior Inc. 100%","e":""},"geometry":{"type":"Polygon","coordinates":[[[-73.18333,49.36667],[-73.175,49.36667],[-73.175,49.35833],[-73.18333,49.35833],[-73.18333,49.36667]]]}},{"type":"Feature","properties":{"c":"CDC-2854454","o":"Corporation Aurif\u00e8re Vior Inc. 100%","e":""},"geometry":{"type":"Polygon","coordinates":[[[-73.19167,49.36667],[-73.18333,49.36667],[-73.18333,49.35833],[-73.19167,49.35833],[-73.19167,49.36667]]]}},{"type":"Feature","properties":{"c":"CDC-2809745","o":"SOQUEM inc. 100%","e":""},"geometry":{"type":"Polygon","coordinates":[[[-73.11667,49.375],[-73.10833,49.375],[-73.10833,49.36667],[-73.11667,49.36667],[-73.11667,49.375]]]}},{"type":"Feature","properties":{"c":"CDC-2809744","o":"SOQUEM inc. 100%","e":""},"geometry":{"type":"Polygon","coordinates":[[[-73.125,49.375],[-73.11667,49.375],[-73.11667,49.36667],[-73.125,49.36667],[-73.125,49.375]]]}},{"type":"Feature","properties":{"c":"CDC-2809743","o":"SOQUEM inc. 100%","e":""},"geometry":{"type":"Polygon","coordinates":[[[-73.13333,49.375],[-73.125,49.375],[-73.125,49.36667],[-73.13333,49.36667],[-73.13333,49.375]]]}},{"type":"Feature","properties":{"c":"CDC-2809742","o":"SOQUEM inc. 100%","e":""},"geometry":{"type":"Polygon","coordinates":[[[-73.14167,49.375],[-73.13333,49.375],[-73.13333,49.36667],[-73.14167,49.36667],[-73.14167,49.375]]]}},{"type":"Feature","properties":{"c":"CDC-2809741","o":"SOQUEM inc. 100%","e":""},"geometry":{"type":"Polygon","coordinates":[[[-73.15,49.375],[-73.14167,49.375],[-73.14167,49.36667],[-73.15,49.36667],[-73.15,49.375]]]}},{"type":"Feature","properties":{"c":"CDC-2809704","o":"SOQUEM inc. 100%","e":""},"geometry":{"type":"Polygon","coordinates":[[[-73.15833,49.375],[-73.15,49.375],[-73.15,49.36667],[-73.15833,49.36667],[-73.15833,49.375]]]}},{"type":"Feature","properties":{"c":"CDC-2809703","o":"SOQUEM inc. 100%","e":""},"geometry":{"type":"Polygon","coordinates":[[[-73.16667,49.375],[-73.15833,49.375],[-73.15833,49.36667],[-73.16667,49.36667],[-73.16667,49.375]]]}},{"type":"Feature","properties":{"c":"CDC-2809718","o":"SOQUEM inc. 100%","e":""},"geometry":{"type":"Polygon","coordinates":[[[-73.2,49.4],[-73.19167,49.4],[-73.19167,49.39167],[-73.2,49.39167],[-73.2,49.4]]]}},{"type":"Feature","properties":{"c":"CDC-2809731","o":"SOQUEM inc. 100%","e":""},"geometry":{"type":"Polygon","coordinates":[[[-73.2,49.40833],[-73.19167,49.40833],[-73.19167,49.4],[-73.2,49.4],[-73.2,49.40833]]]}},{"type":"Feature","properties":{"c":"CDC-2854373","o":"Corporation Aurif\u00e8re Vior Inc. 100%","e":""},"geometry":{"type":"Polygon","coordinates":[[[-73.19167,49.375],[-73.18333,49.375],[-73.18333,49.36667],[-73.19167,49.36667],[-73.19167,49.375]]]}},{"type":"Feature","properties":{"c":"CDC-2854378","o":"Corporation Aurif\u00e8re Vior Inc. 100%","e":""},"geometry":{"type":"Polygon","coordinates":[[[-73.19167,49.38333],[-73.18333,49.38333],[-73.18333,49.375],[-73.19167,49.375],[-73.19167,49.38333]]]}},{"type":"Feature","properties":{"c":"CDC-2809713","o":"SOQUEM inc. 100%","e":""},"geometry":{"type":"Polygon","coordinates":[[[-73.19167,49.39167],[-73.18333,49.39167],[-73.18333,49.38333],[-73.19167,49.38333],[-73.19167,49.39167]]]}},{"type":"Feature","properties":{"c":"CDC-2809719","o":"SOQUEM inc. 100%","e":""},"geometry":{"type":"Polygon","coordinates":[[[-73.19167,49.4],[-73.18333,49.4],[-73.18333,49.39167],[-73.19167,49.39167],[-73.19167,49.4]]]}},{"type":"Feature","properties":{"c":"CDC-2809732","o":"SOQUEM inc. 100%","e":""},"geometry":{"type":"Polygon","coordinates":[[[-73.19167,49.40833],[-73.18333,49.40833],[-73.18333,49.4],[-73.19167,49.4],[-73.19167,49.40833]]]}},{"type":"Feature","properties":{"c":"CDC-2809701","o":"SOQUEM inc. 100%","e":""},"geometry":{"type":"Polygon","coordinates":[[[-73.18333,49.375],[-73.175,49.375],[-73.175,49.36667],[-73.18333,49.36667],[-73.18333,49.375]]]}},{"type":"Feature","properties":{"c":"CDC-2809705","o":"SOQUEM inc. 100%","e":""},"geometry":{"type":"Polygon","coordinates":[[[-73.18333,49.38333],[-73.175,49.38333],[-73.175,49.375],[-73.18333,49.375],[-73.18333,49.38333]]]}},{"type":"Feature","properties":{"c":"CDC-2809714","o":"SOQUEM inc. 100%","e":""},"geometry":{"type":"Polygon","coordinates":[[[-73.18333,49.39167],[-73.175,49.39167],[-73.175,49.38333],[-73.18333,49.38333],[-73.18333,49.39167]]]}},{"type":"Feature","properties":{"c":"CDC-2793491","o":"SOQUEM inc. 100%","e":""},"geometry":{"type":"Polygon","coordinates":[[[-73.18333,49.4],[-73.175,49.4],[-73.175,49.39167],[-73.18333,49.39167],[-73.18333,49.4]]]}},{"type":"Feature","properties":{"c":"CDC-2793495","o":"SOQUEM inc. 100%","e":""},"geometry":{"type":"Polygon","coordinates":[[[-73.18333,49.40833],[-73.175,49.40833],[-73.175,49.4],[-73.18333,49.4],[-73.18333,49.40833]]]}},{"type":"Feature","properties":{"c":"CDC-2793501","o":"SOQUEM inc. 100%","e":""},"geometry":{"type":"Polygon","coordinates":[[[-73.18333,49.41667],[-73.175,49.41667],[-73.175,49.40833],[-73.18333,49.40833],[-73.18333,49.41667]]]}},{"type":"Feature","properties":{"c":"CDC-2809702","o":"SOQUEM inc. 100%","e":""},"geometry":{"type":"Polygon","coordinates":[[[-73.175,49.375],[-73.16667,49.375],[-73.16667,49.36667],[-73.175,49.36667],[-73.175,49.375]]]}},{"type":"Feature","properties":{"c":"CDC-2809706","o":"SOQUEM inc. 100%","e":""},"geometry":{"type":"Polygon","coordinates":[[[-73.175,49.38333],[-73.16667,49.38333],[-73.16667,49.375],[-73.175,49.375],[-73.175,49.38333]]]}},{"type":"Feature","properties":{"c":"CDC-2809768","o":"SOQUEM inc. 100%","e":""},"geometry":{"type":"Polygon","coordinates":[[[-73.175,49.39167],[-73.16667,49.39167],[-73.16667,49.38333],[-73.175,49.38333],[-73.175,49.39167]]]}},{"type":"Feature","properties":{"c":"CDC-2793492","o":"SOQUEM inc. 100%","e":""},"geometry":{"type":"Polygon","coordinates":[[[-73.175,49.4],[-73.16667,49.4],[-73.16667,49.39167],[-73.175,49.39167],[-73.175,49.4]]]}},{"type":"Feature","properties":{"c":"CDC-2793496","o":"SOQUEM inc. 100%","e":""},"geometry":{"type":"Polygon","coordinates":[[[-73.175,49.40833],[-73.16667,49.40833],[-73.16667,49.4],[-73.175,49.4],[-73.175,49.40833]]]}},{"type":"Feature","properties":{"c":"CDC-2793502","o":"SOQUEM inc. 100%","e":""},"geometry":{"type":"Polygon","coordinates":[[[-73.175,49.41667],[-73.16667,49.41667],[-73.16667,49.40833],[-73.175,49.40833],[-73.175,49.41667]]]}},{"type":"Feature","properties":{"c":"CDC-2809707","o":"SOQUEM inc. 100%","e":""},"geometry":{"type":"Polygon","coordinates":[[[-73.16667,49.38333],[-73.15833,49.38333],[-73.15833,49.375],[-73.16667,49.375],[-73.16667,49.38333]]]}},{"type":"Feature","properties":{"c":"CDC-2809769","o":"SOQUEM inc. 100%","e":""},"geometry":{"type":"Polygon","coordinates":[[[-73.16667,49.39167],[-73.15833,49.39167],[-73.15833,49.38333],[-73.16667,49.38333],[-73.16667,49.39167]]]}},{"type":"Feature","properties":{"c":"CDC-2793493","o":"SOQUEM inc. 100%","e":""},"geometry":{"type":"Polygon","coordinates":[[[-73.16667,49.4],[-73.15833,49.4],[-73.15833,49.39167],[-73.16667,49.39167],[-73.16667,49.4]]]}},{"type":"Feature","properties":{"c":"CDC-2793497","o":"SOQUEM inc. 100%","e":""},"geometry":{"type":"Polygon","coordinates":[[[-73.16667,49.40833],[-73.15833,49.40833],[-73.15833,49.4],[-73.16667,49.4],[-73.16667,49.40833]]]}},{"type":"Feature","properties":{"c":"CDC-2793503","o":"SOQUEM inc. 100%","e":""},"geometry":{"type":"Polygon","coordinates":[[[-73.16667,49.41667],[-73.15833,49.41667],[-73.15833,49.40833],[-73.16667,49.40833],[-73.16667,49.41667]]]}},{"type":"Feature","properties":{"c":"CDC-2809708","o":"SOQUEM inc. 100%","e":""},"geometry":{"type":"Polygon","coordinates":[[[-73.15833,49.38333],[-73.15,49.38333],[-73.15,49.375],[-73.15833,49.375],[-73.15833,49.38333]]]}},{"type":"Feature","properties":{"c":"CDC-2809770","o":"SOQUEM inc. 100%","e":""},"geometry":{"type":"Polygon","coordinates":[[[-73.15833,49.39167],[-73.15,49.39167],[-73.15,49.38333],[-73.15833,49.38333],[-73.15833,49.39167]]]}},{"type":"Feature","properties":{"c":"CDC-2793494","o":"SOQUEM inc. 100%","e":""},"geometry":{"type":"Polygon","coordinates":[[[-73.15833,49.4],[-73.15,49.4],[-73.15,49.39167],[-73.15833,49.39167],[-73.15833,49.4]]]}},{"type":"Feature","properties":{"c":"CDC-2793447","o":"SOQUEM inc. 100%","e":""},"geometry":{"type":"Polygon","coordinates":[[[-73.20833,49.44167],[-73.2,49.44167],[-73.2,49.43333],[-73.20833,49.43333],[-73.20833,49.44167]]]}},{"type":"Feature","properties":{"c":"CDC-2793499","o":"SOQUEM inc. 100%","e":""},"geometry":{"type":"Polygon","coordinates":[[[-73.2,49.41667],[-73.19167,49.41667],[-73.19167,49.40833],[-73.2,49.40833],[-73.2,49.41667]]]}},{"type":"Feature","properties":{"c":"CDC-2793505","o":"SOQUEM inc. 100%","e":""},"geometry":{"type":"Polygon","coordinates":[[[-73.2,49.425],[-73.19167,49.425],[-73.19167,49.41667],[-73.2,49.41667],[-73.2,49.425]]]}},{"type":"Feature","properties":{"c":"CDC-2793511","o":"SOQUEM inc. 100%","e":""},"geometry":{"type":"Polygon","coordinates":[[[-73.2,49.43333],[-73.19167,49.43333],[-73.19167,49.425],[-73.2,49.425],[-73.2,49.43333]]]}},{"type":"Feature","properties":{"c":"CDC-2793517","o":"SOQUEM inc. 100%","e":""},"geometry":{"type":"Polygon","coordinates":[[[-73.2,49.44167],[-73.19167,49.44167],[-73.19167,49.43333],[-73.2,49.43333],[-73.2,49.44167]]]}},{"type":"Feature","properties":{"c":"CDC-2793500","o":"SOQUEM inc. 100%","e":""},"geometry":{"type":"Polygon","coordinates":[[[-73.19167,49.41667],[-73.18333,49.41667],[-73.18333,49.40833],[-73.19167,49.40833],[-73.19167,49.41667]]]}},{"type":"Feature","properties":{"c":"CDC-2793506","o":"SOQUEM inc. 100%","e":""},"geometry":{"type":"Polygon","coordinates":[[[-73.19167,49.425],[-73.18333,49.425],[-73.18333,49.41667],[-73.19167,49.41667],[-73.19167,49.425]]]}},{"type":"Feature","properties":{"c":"CDC-2793512","o":"SOQUEM inc. 100%","e":""},"geometry":{"type":"Polygon","coordinates":[[[-73.19167,49.43333],[-73.18333,49.43333],[-73.18333,49.425],[-73.19167,49.425],[-73.19167,49.43333]]]}},{"type":"Feature","properties":{"c":"CDC-2793518","o":"SOQUEM inc. 100%","e":""},"geometry":{"type":"Polygon","coordinates":[[[-73.19167,49.44167],[-73.18333,49.44167],[-73.18333,49.43333],[-73.19167,49.43333],[-73.19167,49.44167]]]}},{"type":"Feature","properties":{"c":"CDC-2793449","o":"SOQUEM inc. 100%","e":""},"geometry":{"type":"Polygon","coordinates":[[[-73.19167,49.45],[-73.18333,49.45],[-73.18333,49.44167],[-73.19167,49.44167],[-73.19167,49.45]]]}},{"type":"Feature","properties":{"c":"CDC-2793507","o":"SOQUEM inc. 100%","e":""},"geometry":{"type":"Polygon","coordinates":[[[-73.18333,49.425],[-73.175,49.425],[-73.175,49.41667],[-73.18333,49.41667],[-73.18333,49.425]]]}},{"type":"Feature","properties":{"c":"CDC-2793513","o":"SOQUEM inc. 100%","e":""},"geometry":{"type":"Polygon","coordinates":[[[-73.18333,49.43333],[-73.175,49.43333],[-73.175,49.425],[-73.18333,49.425],[-73.18333,49.43333]]]}},{"type":"Feature","properties":{"c":"CDC-2793519","o":"SOQUEM inc. 100%","e":""},"geometry":{"type":"Polygon","coordinates":[[[-73.18333,49.44167],[-73.175,49.44167],[-73.175,49.43333],[-73.18333,49.43333],[-73.18333,49.44167]]]}},{"type":"Feature","properties":{"c":"CDC-2793450","o":"SOQUEM inc. 100%","e":""},"geometry":{"type":"Polygon","coordinates":[[[-73.18333,49.45],[-73.175,49.45],[-73.175,49.44167],[-73.18333,49.44167],[-73.18333,49.45]]]}},{"type":"Feature","properties":{"c":"CDC-2793508","o":"SOQUEM inc. 100%","e":""},"geometry":{"type":"Polygon","coordinates":[[[-73.175,49.425],[-73.16667,49.425],[-73.16667,49.41667],[-73.175,49.41667],[-73.175,49.425]]]}},{"type":"Feature","properties":{"c":"CDC-2793514","o":"SOQUEM inc. 100%","e":""},"geometry":{"type":"Polygon","coordinates":[[[-73.175,49.43333],[-73.16667,49.43333],[-73.16667,49.425],[-73.175,49.425],[-73.175,49.43333]]]}},{"type":"Feature","properties":{"c":"CDC-2793520","o":"SOQUEM inc. 100%","e":""},"geometry":{"type":"Polygon","coordinates":[[[-73.175,49.44167],[-73.16667,49.44167],[-73.16667,49.43333],[-73.175,49.43333],[-73.175,49.44167]]]}},{"type":"Feature","properties":{"c":"CDC-2793451","o":"SOQUEM inc. 100%","e":""},"geometry":{"type":"Polygon","coordinates":[[[-73.175,49.45],[-73.16667,49.45],[-73.16667,49.44167],[-73.175,49.44167],[-73.175,49.45]]]}},{"type":"Feature","properties":{"c":"CDC-2793509","o":"SOQUEM inc. 100%","e":""},"geometry":{"type":"Polygon","coordinates":[[[-73.16667,49.425],[-73.15833,49.425],[-73.15833,49.41667],[-73.16667,49.41667],[-73.16667,49.425]]]}},{"type":"Feature","properties":{"c":"CDC-2793515","o":"SOQUEM inc. 100%","e":""},"geometry":{"type":"Polygon","coordinates":[[[-73.16667,49.43333],[-73.15833,49.43333],[-73.15833,49.425],[-73.16667,49.425],[-73.16667,49.43333]]]}},{"type":"Feature","properties":{"c":"CDC-2793510","o":"SOQUEM inc. 100%","e":""},"geometry":{"type":"Polygon","coordinates":[[[-73.15833,49.425],[-73.15,49.425],[-73.15,49.41667],[-73.15833,49.41667],[-73.15833,49.425]]]}},{"type":"Feature","properties":{"c":"CDC-2793516","o":"SOQUEM inc. 100%","e":""},"geometry":{"type":"Polygon","coordinates":[[[-73.15833,49.43333],[-73.15,49.43333],[-73.15,49.425],[-73.15833,49.425],[-73.15833,49.43333]]]}},{"type":"Feature","properties":{"c":"CDC-2854399","o":"Corporation Aurif\u00e8re Vior Inc. 100%","e":""},"geometry":{"type":"Polygon","coordinates":[[[-73.15,49.425],[-73.14167,49.425],[-73.14167,49.41667],[-73.15,49.41667],[-73.15,49.425]]]}},{"type":"Feature","properties":{"c":"CDC-2854404","o":"Corporation Aurif\u00e8re Vior Inc. 100%","e":""},"geometry":{"type":"Polygon","coordinates":[[[-73.15,49.43333],[-73.14167,49.43333],[-73.14167,49.425],[-73.15,49.425],[-73.15,49.43333]]]}},{"type":"Feature","properties":{"c":"CDC-2854400","o":"Corporation Aurif\u00e8re Vior Inc. 100%","e":""},"geometry":{"type":"Polygon","coordinates":[[[-73.14167,49.425],[-73.13333,49.425],[-73.13333,49.41667],[-73.14167,49.41667],[-73.14167,49.425]]]}},{"type":"Feature","properties":{"c":"CDC-2854405","o":"Corporation Aurif\u00e8re Vior Inc. 100%","e":""},"geometry":{"type":"Polygon","coordinates":[[[-73.14167,49.43333],[-73.13333,49.43333],[-73.13333,49.425],[-73.14167,49.425],[-73.14167,49.43333]]]}},{"type":"Feature","properties":{"c":"CDC-2854401","o":"Corporation Aurif\u00e8re Vior Inc. 100%","e":""},"geometry":{"type":"Polygon","coordinates":[[[-73.13333,49.425],[-73.125,49.425],[-73.125,49.41667],[-73.13333,49.41667],[-73.13333,49.425]]]}},{"type":"Feature","properties":{"c":"CDC-2806458","o":"SOQUEM inc. 100%","e":""},"geometry":{"type":"Polygon","coordinates":[[[-73.25833,49.41667],[-73.25,49.41667],[-73.25,49.40833],[-73.25833,49.40833],[-73.25833,49.41667]]]}},{"type":"Feature","properties":{"c":"CDC-2804288","o":"SOQUEM inc. 100%","e":""},"geometry":{"type":"Polygon","coordinates":[[[-73.25833,49.425],[-73.25,49.425],[-73.25,49.41667],[-73.25833,49.41667],[-73.25833,49.425]]]}},{"type":"Feature","properties":{"c":"CDC-2804296","o":"SOQUEM inc. 100%","e":""},"geometry":{"type":"Polygon","coordinates":[[[-73.25833,49.43333],[-73.25,49.43333],[-73.25,49.425],[-73.25833,49.425],[-73.25833,49.43333]]]}},{"type":"Feature","properties":{"c":"CDC-2804304","o":"SOQUEM inc. 100%","e":""},"geometry":{"type":"Polygon","coordinates":[[[-73.25833,49.44167],[-73.25,49.44167],[-73.25,49.43333],[-73.25833,49.43333],[-73.25833,49.44167]]]}},{"type":"Feature","properties":{"c":"CDC-2793424","o":"SOQUEM inc. 100%","e":""},"geometry":{"type":"Polygon","coordinates":[[[-73.25,49.41667],[-73.24167,49.41667],[-73.24167,49.40833],[-73.25,49.40833],[-73.25,49.41667]]]}},{"type":"Feature","properties":{"c":"CDC-2793430","o":"SOQUEM inc. 100%","e":""},"geometry":{"type":"Polygon","coordinates":[[[-73.25,49.425],[-73.24167,49.425],[-73.24167,49.41667],[-73.25,49.41667],[-73.25,49.425]]]}},{"type":"Feature","properties":{"c":"CDC-2793436","o":"SOQUEM inc. 100%","e":""},"geometry":{"type":"Polygon","coordinates":[[[-73.25,49.43333],[-73.24167,49.43333],[-73.24167,49.425],[-73.25,49.425],[-73.25,49.43333]]]}},{"type":"Feature","properties":{"c":"CDC-2793442","o":"SOQUEM inc. 100%","e":""},"geometry":{"type":"Polygon","coordinates":[[[-73.25,49.44167],[-73.24167,49.44167],[-73.24167,49.43333],[-73.25,49.43333],[-73.25,49.44167]]]}},{"type":"Feature","properties":{"c":"CDC-2793425","o":"SOQUEM inc. 100%","e":""},"geometry":{"type":"Polygon","coordinates":[[[-73.24167,49.41667],[-73.23333,49.41667],[-73.23333,49.40833],[-73.24167,49.40833],[-73.24167,49.41667]]]}},{"type":"Feature","properties":{"c":"CDC-2793431","o":"SOQUEM inc. 100%","e":""},"geometry":{"type":"Polygon","coordinates":[[[-73.24167,49.425],[-73.23333,49.425],[-73.23333,49.41667],[-73.24167,49.41667],[-73.24167,49.425]]]}},{"type":"Feature","properties":{"c":"CDC-2793437","o":"SOQUEM inc. 100%","e":""},"geometry":{"type":"Polygon","coordinates":[[[-73.24167,49.43333],[-73.23333,49.43333],[-73.23333,49.425],[-73.24167,49.425],[-73.24167,49.43333]]]}},{"type":"Feature","properties":{"c":"CDC-2793443","o":"SOQUEM inc. 100%","e":""},"geometry":{"type":"Polygon","coordinates":[[[-73.24167,49.44167],[-73.23333,49.44167],[-73.23333,49.43333],[-73.24167,49.43333],[-73.24167,49.44167]]]}},{"type":"Feature","properties":{"c":"CDC-2793426","o":"SOQUEM inc. 100%","e":""},"geometry":{"type":"Polygon","coordinates":[[[-73.23333,49.41667],[-73.225,49.41667],[-73.225,49.40833],[-73.23333,49.40833],[-73.23333,49.41667]]]}},{"type":"Feature","properties":{"c":"CDC-2793432","o":"SOQUEM inc. 100%","e":""},"geometry":{"type":"Polygon","coordinates":[[[-73.23333,49.425],[-73.225,49.425],[-73.225,49.41667],[-73.23333,49.41667],[-73.23333,49.425]]]}},{"type":"Feature","properties":{"c":"CDC-2793438","o":"SOQUEM inc. 100%","e":""},"geometry":{"type":"Polygon","coordinates":[[[-73.23333,49.43333],[-73.225,49.43333],[-73.225,49.425],[-73.23333,49.425],[-73.23333,49.43333]]]}},{"type":"Feature","properties":{"c":"CDC-2793444","o":"SOQUEM inc. 100%","e":""},"geometry":{"type":"Polygon","coordinates":[[[-73.23333,49.44167],[-73.225,49.44167],[-73.225,49.43333],[-73.23333,49.43333],[-73.23333,49.44167]]]}},{"type":"Feature","properties":{"c":"CDC-2793427","o":"SOQUEM inc. 100%","e":""},"geometry":{"type":"Polygon","coordinates":[[[-73.225,49.41667],[-73.21667,49.41667],[-73.21667,49.40833],[-73.225,49.40833],[-73.225,49.41667]]]}},{"type":"Feature","properties":{"c":"CDC-2793433","o":"SOQUEM inc. 100%","e":""},"geometry":{"type":"Polygon","coordinates":[[[-73.225,49.425],[-73.21667,49.425],[-73.21667,49.41667],[-73.225,49.41667],[-73.225,49.425]]]}},{"type":"Feature","properties":{"c":"CDC-2793439","o":"SOQUEM inc. 100%","e":""},"geometry":{"type":"Polygon","coordinates":[[[-73.225,49.43333],[-73.21667,49.43333],[-73.21667,49.425],[-73.225,49.425],[-73.225,49.43333]]]}},{"type":"Feature","properties":{"c":"CDC-2793445","o":"SOQUEM inc. 100%","e":""},"geometry":{"type":"Polygon","coordinates":[[[-73.225,49.44167],[-73.21667,49.44167],[-73.21667,49.43333],[-73.225,49.43333],[-73.225,49.44167]]]}},{"type":"Feature","properties":{"c":"CDC-2793428","o":"SOQUEM inc. 100%","e":""},"geometry":{"type":"Polygon","coordinates":[[[-73.21667,49.41667],[-73.20833,49.41667],[-73.20833,49.40833],[-73.21667,49.40833],[-73.21667,49.41667]]]}},{"type":"Feature","properties":{"c":"CDC-2793434","o":"SOQUEM inc. 100%","e":""},"geometry":{"type":"Polygon","coordinates":[[[-73.21667,49.425],[-73.20833,49.425],[-73.20833,49.41667],[-73.21667,49.41667],[-73.21667,49.425]]]}},{"type":"Feature","properties":{"c":"CDC-2793440","o":"SOQUEM inc. 100%","e":""},"geometry":{"type":"Polygon","coordinates":[[[-73.21667,49.43333],[-73.20833,49.43333],[-73.20833,49.425],[-73.21667,49.425],[-73.21667,49.43333]]]}},{"type":"Feature","properties":{"c":"CDC-2793446","o":"SOQUEM inc. 100%","e":""},"geometry":{"type":"Polygon","coordinates":[[[-73.21667,49.44167],[-73.20833,49.44167],[-73.20833,49.43333],[-73.21667,49.43333],[-73.21667,49.44167]]]}},{"type":"Feature","properties":{"c":"CDC-2793429","o":"SOQUEM inc. 100%","e":""},"geometry":{"type":"Polygon","coordinates":[[[-73.20833,49.41667],[-73.2,49.41667],[-73.2,49.40833],[-73.20833,49.40833],[-73.20833,49.41667]]]}},{"type":"Feature","properties":{"c":"CDC-2793435","o":"SOQUEM inc. 100%","e":""},"geometry":{"type":"Polygon","coordinates":[[[-73.20833,49.425],[-73.2,49.425],[-73.2,49.41667],[-73.20833,49.41667],[-73.20833,49.425]]]}},{"type":"Feature","properties":{"c":"CDC-2793441","o":"SOQUEM inc. 100%","e":""},"geometry":{"type":"Polygon","coordinates":[[[-73.20833,49.43333],[-73.2,49.43333],[-73.2,49.425],[-73.20833,49.425],[-73.20833,49.43333]]]}},{"type":"Feature","properties":{"c":"CDC-2854374","o":"Corporation Aurif\u00e8re Vior Inc. 100%","e":""},"geometry":{"type":"Polygon","coordinates":[[[-73.225,49.38333],[-73.21667,49.38333],[-73.21667,49.375],[-73.225,49.375],[-73.225,49.38333]]]}},{"type":"Feature","properties":{"c":"CDC-2854228","o":"Corporation Aurif\u00e8re Vior Inc. 100%","e":""},"geometry":{"type":"Polygon","coordinates":[[[-73.23333,49.38333],[-73.225,49.38333],[-73.225,49.375],[-73.23333,49.375],[-73.23333,49.38333]]]}},{"type":"Feature","properties":{"c":"CDC-2854227","o":"Corporation Aurif\u00e8re Vior Inc. 100%","e":""},"geometry":{"type":"Polygon","coordinates":[[[-73.24167,49.38333],[-73.23333,49.38333],[-73.23333,49.375],[-73.24167,49.375],[-73.24167,49.38333]]]}},{"type":"Feature","properties":{"c":"CDC-2854226","o":"Corporation Aurif\u00e8re Vior Inc. 100%","e":""},"geometry":{"type":"Polygon","coordinates":[[[-73.25,49.38333],[-73.24167,49.38333],[-73.24167,49.375],[-73.25,49.375],[-73.25,49.38333]]]}},{"type":"Feature","properties":{"c":"CDC-2854225","o":"Corporation Aurif\u00e8re Vior Inc. 100%","e":""},"geometry":{"type":"Polygon","coordinates":[[[-73.25833,49.38333],[-73.25,49.38333],[-73.25,49.375],[-73.25833,49.375],[-73.25833,49.38333]]]}},{"type":"Feature","properties":{"c":"CDC-2809712","o":"SOQUEM inc. 100%","e":""},"geometry":{"type":"Polygon","coordinates":[[[-73.2,49.39167],[-73.19167,49.39167],[-73.19167,49.38333],[-73.2,49.38333],[-73.2,49.39167]]]}},{"type":"Feature","properties":{"c":"CDC-2809711","o":"SOQUEM inc. 100%","e":""},"geometry":{"type":"Polygon","coordinates":[[[-73.20833,49.39167],[-73.2,49.39167],[-73.2,49.38333],[-73.20833,49.38333],[-73.20833,49.39167]]]}},{"type":"Feature","properties":{"c":"CDC-2809710","o":"SOQUEM inc. 100%","e":""},"geometry":{"type":"Polygon","coordinates":[[[-73.21667,49.39167],[-73.20833,49.39167],[-73.20833,49.38333],[-73.21667,49.38333],[-73.21667,49.39167]]]}},{"type":"Feature","properties":{"c":"CDC-2809709","o":"SOQUEM inc. 100%","e":""},"geometry":{"type":"Polygon","coordinates":[[[-73.225,49.39167],[-73.21667,49.39167],[-73.21667,49.38333],[-73.225,49.38333],[-73.225,49.39167]]]}},{"type":"Feature","properties":{"c":"CDC-2854237","o":"Corporation Aurif\u00e8re Vior Inc. 100%","e":""},"geometry":{"type":"Polygon","coordinates":[[[-73.23333,49.39167],[-73.225,49.39167],[-73.225,49.38333],[-73.23333,49.38333],[-73.23333,49.39167]]]}},{"type":"Feature","properties":{"c":"CDC-2854236","o":"Corporation Aurif\u00e8re Vior Inc. 100%","e":""},"geometry":{"type":"Polygon","coordinates":[[[-73.24167,49.39167],[-73.23333,49.39167],[-73.23333,49.38333],[-73.24167,49.38333],[-73.24167,49.39167]]]}},{"type":"Feature","properties":{"c":"CDC-2854235","o":"Corporation Aurif\u00e8re Vior Inc. 100%","e":""},"geometry":{"type":"Polygon","coordinates":[[[-73.25,49.39167],[-73.24167,49.39167],[-73.24167,49.38333],[-73.25,49.38333],[-73.25,49.39167]]]}},{"type":"Feature","properties":{"c":"CDC-2854234","o":"Corporation Aurif\u00e8re Vior Inc. 100%","e":""},"geometry":{"type":"Polygon","coordinates":[[[-73.25833,49.39167],[-73.25,49.39167],[-73.25,49.38333],[-73.25833,49.38333],[-73.25833,49.39167]]]}},{"type":"Feature","properties":{"c":"CDC-2809717","o":"SOQUEM inc. 100%","e":""},"geometry":{"type":"Polygon","coordinates":[[[-73.20833,49.4],[-73.2,49.4],[-73.2,49.39167],[-73.20833,49.39167],[-73.20833,49.4]]]}},{"type":"Feature","properties":{"c":"CDC-2809716","o":"SOQUEM inc. 100%","e":""},"geometry":{"type":"Polygon","coordinates":[[[-73.21667,49.4],[-73.20833,49.4],[-73.20833,49.39167],[-73.21667,49.39167],[-73.21667,49.4]]]}},{"type":"Feature","properties":{"c":"CDC-2809715","o":"SOQUEM inc. 100%","e":""},"geometry":{"type":"Polygon","coordinates":[[[-73.225,49.4],[-73.21667,49.4],[-73.21667,49.39167],[-73.225,49.39167],[-73.225,49.4]]]}},{"type":"Feature","properties":{"c":"CDC-2854248","o":"Corporation Aurif\u00e8re Vior Inc. 100%","e":""},"geometry":{"type":"Polygon","coordinates":[[[-73.23333,49.4],[-73.225,49.4],[-73.225,49.39167],[-73.23333,49.39167],[-73.23333,49.4]]]}},{"type":"Feature","properties":{"c":"CDC-2854247","o":"Corporation Aurif\u00e8re Vior Inc. 100%","e":""},"geometry":{"type":"Polygon","coordinates":[[[-73.24167,49.4],[-73.23333,49.4],[-73.23333,49.39167],[-73.24167,49.39167],[-73.24167,49.4]]]}},{"type":"Feature","properties":{"c":"CDC-2854246","o":"Corporation Aurif\u00e8re Vior Inc. 100%","e":""},"geometry":{"type":"Polygon","coordinates":[[[-73.25,49.4],[-73.24167,49.4],[-73.24167,49.39167],[-73.25,49.39167],[-73.25,49.4]]]}},{"type":"Feature","properties":{"c":"CDC-2854245","o":"Corporation Aurif\u00e8re Vior Inc. 100%","e":""},"geometry":{"type":"Polygon","coordinates":[[[-73.25833,49.4],[-73.25,49.4],[-73.25,49.39167],[-73.25833,49.39167],[-73.25833,49.4]]]}},{"type":"Feature","properties":{"c":"CDC-2809730","o":"SOQUEM inc. 100%","e":""},"geometry":{"type":"Polygon","coordinates":[[[-73.20833,49.40833],[-73.2,49.40833],[-73.2,49.4],[-73.20833,49.4],[-73.20833,49.40833]]]}},{"type":"Feature","properties":{"c":"CDC-2809729","o":"SOQUEM inc. 100%","e":""},"geometry":{"type":"Polygon","coordinates":[[[-73.21667,49.40833],[-73.20833,49.40833],[-73.20833,49.4],[-73.21667,49.4],[-73.21667,49.40833]]]}},{"type":"Feature","properties":{"c":"CDC-2809728","o":"SOQUEM inc. 100%","e":""},"geometry":{"type":"Polygon","coordinates":[[[-73.225,49.40833],[-73.21667,49.40833],[-73.21667,49.4],[-73.225,49.4],[-73.225,49.40833]]]}},{"type":"Feature","properties":{"c":"CDC-2854261","o":"Corporation Aurif\u00e8re Vior Inc. 100%","e":""},"geometry":{"type":"Polygon","coordinates":[[[-73.23333,49.40833],[-73.225,49.40833],[-73.225,49.4],[-73.23333,49.4],[-73.23333,49.40833]]]}},{"type":"Feature","properties":{"c":"CDC-2854260","o":"Corporation Aurif\u00e8re Vior Inc. 100%","e":""},"geometry":{"type":"Polygon","coordinates":[[[-73.24167,49.40833],[-73.23333,49.40833],[-73.23333,49.4],[-73.24167,49.4],[-73.24167,49.40833]]]}},{"type":"Feature","properties":{"c":"CDC-2854259","o":"Corporation Aurif\u00e8re Vior Inc. 100%","e":""},"geometry":{"type":"Polygon","coordinates":[[[-73.25,49.40833],[-73.24167,49.40833],[-73.24167,49.4],[-73.25,49.4],[-73.25,49.40833]]]}},{"type":"Feature","properties":{"c":"CDC-2854258","o":"Corporation Aurif\u00e8re Vior Inc. 100%","e":""},"geometry":{"type":"Polygon","coordinates":[[[-73.25833,49.40833],[-73.25,49.40833],[-73.25,49.4],[-73.25833,49.4],[-73.25833,49.40833]]]}},{"type":"Feature","properties":{"c":"CDC-2793448","o":"SOQUEM inc. 100%","e":""},"geometry":{"type":"Polygon","coordinates":[[[-73.2,49.45],[-73.19167,49.45],[-73.19167,49.44167],[-73.2,49.44167],[-73.2,49.45]]]}},{"type":"Feature","properties":{"c":"CDC-2854573","o":"Corporation Aurif\u00e8re Vior Inc. 100%","e":""},"geometry":{"type":"Polygon","coordinates":[[[-73.25,49.45],[-73.24167,49.45],[-73.24167,49.44167],[-73.25,49.44167],[-73.25,49.45]]]}},{"type":"Feature","properties":{"c":"CDC-2854306","o":"Corporation Aurif\u00e8re Vior Inc. 100%","e":""},"geometry":{"type":"Polygon","coordinates":[[[-73.25833,49.45],[-73.25,49.45],[-73.25,49.44167],[-73.25833,49.44167],[-73.25833,49.45]]]}},{"type":"Feature","properties":{"c":"CDC-2793455","o":"SOQUEM inc. 100%","e":""},"geometry":{"type":"Polygon","coordinates":[[[-73.175,49.45833],[-73.16667,49.45833],[-73.16667,49.45],[-73.175,49.45],[-73.175,49.45833]]]}},{"type":"Feature","properties":{"c":"CDC-2793454","o":"SOQUEM inc. 100%","e":""},"geometry":{"type":"Polygon","coordinates":[[[-73.18333,49.45833],[-73.175,49.45833],[-73.175,49.45],[-73.18333,49.45],[-73.18333,49.45833]]]}},{"type":"Feature","properties":{"c":"CDC-2793453","o":"SOQUEM inc. 100%","e":""},"geometry":{"type":"Polygon","coordinates":[[[-73.19167,49.45833],[-73.18333,49.45833],[-73.18333,49.45],[-73.19167,49.45],[-73.19167,49.45833]]]}},{"type":"Feature","properties":{"c":"CDC-2793452","o":"SOQUEM inc. 100%","e":""},"geometry":{"type":"Polygon","coordinates":[[[-73.2,49.45833],[-73.19167,49.45833],[-73.19167,49.45],[-73.2,49.45],[-73.2,49.45833]]]}},{"type":"Feature","properties":{"c":"CDC-2854574","o":"Corporation Aurif\u00e8re Vior Inc. 100%","e":""},"geometry":{"type":"Polygon","coordinates":[[[-73.25,49.45833],[-73.24167,49.45833],[-73.24167,49.45],[-73.25,49.45],[-73.25,49.45833]]]}},{"type":"Feature","properties":{"c":"CDC-2854312","o":"Corporation Aurif\u00e8re Vior Inc. 100%","e":""},"geometry":{"type":"Polygon","coordinates":[[[-73.25833,49.45833],[-73.25,49.45833],[-73.25,49.45],[-73.25833,49.45],[-73.25833,49.45833]]]}},{"type":"Feature","properties":{"c":"CDC-2854311","o":"Corporation Aurif\u00e8re Vior Inc. 100%","e":""},"geometry":{"type":"Polygon","coordinates":[[[-73.26667,49.45833],[-73.25833,49.45833],[-73.25833,49.45],[-73.26667,49.45],[-73.26667,49.45833]]]}},{"type":"Feature","properties":{"c":"CDC-2793459","o":"SOQUEM inc. 100%","e":""},"geometry":{"type":"Polygon","coordinates":[[[-73.175,49.46667],[-73.16667,49.46667],[-73.16667,49.45833],[-73.175,49.45833],[-73.175,49.46667]]]}},{"type":"Feature","properties":{"c":"CDC-2793458","o":"SOQUEM inc. 100%","e":""},"geometry":{"type":"Polygon","coordinates":[[[-73.18333,49.46667],[-73.175,49.46667],[-73.175,49.45833],[-73.18333,49.45833],[-73.18333,49.46667]]]}},{"type":"Feature","properties":{"c":"CDC-2854575","o":"Corporation Aurif\u00e8re Vior Inc. 100%","e":""},"geometry":{"type":"Polygon","coordinates":[[[-73.25,49.46667],[-73.24167,49.46667],[-73.24167,49.45833],[-73.25,49.45833],[-73.25,49.46667]]]}},{"type":"Feature","properties":{"c":"CDC-2854318","o":"Corporation Aurif\u00e8re Vior Inc. 100%","e":""},"geometry":{"type":"Polygon","coordinates":[[[-73.25833,49.46667],[-73.25,49.46667],[-73.25,49.45833],[-73.25833,49.45833],[-73.25833,49.46667]]]}},{"type":"Feature","properties":{"c":"CDC-2854317","o":"Corporation Aurif\u00e8re Vior Inc. 100%","e":""},"geometry":{"type":"Polygon","coordinates":[[[-73.26667,49.46667],[-73.25833,49.46667],[-73.25833,49.45833],[-73.26667,49.45833],[-73.26667,49.46667]]]}},{"type":"Feature","properties":{"c":"CDC-2854576","o":"Corporation Aurif\u00e8re Vior Inc. 100%","e":""},"geometry":{"type":"Polygon","coordinates":[[[-73.25,49.475],[-73.24167,49.475],[-73.24167,49.46667],[-73.25,49.46667],[-73.25,49.475]]]}},{"type":"Feature","properties":{"c":"CDC-2854324","o":"Corporation Aurif\u00e8re Vior Inc. 100%","e":""},"geometry":{"type":"Polygon","coordinates":[[[-73.25833,49.475],[-73.25,49.475],[-73.25,49.46667],[-73.25833,49.46667],[-73.25833,49.475]]]}},{"type":"Feature","properties":{"c":"CDC-2854323","o":"Corporation Aurif\u00e8re Vior Inc. 100%","e":""},"geometry":{"type":"Polygon","coordinates":[[[-73.26667,49.475],[-73.25833,49.475],[-73.25833,49.46667],[-73.26667,49.46667],[-73.26667,49.475]]]}},{"type":"Feature","properties":{"c":"CDC-2854577","o":"Corporation Aurif\u00e8re Vior Inc. 100%","e":""},"geometry":{"type":"Polygon","coordinates":[[[-73.25,49.48333],[-73.24167,49.48333],[-73.24167,49.475],[-73.25,49.475],[-73.25,49.48333]]]}},{"type":"Feature","properties":{"c":"CDC-2854332","o":"Corporation Aurif\u00e8re Vior Inc. 100%","e":""},"geometry":{"type":"Polygon","coordinates":[[[-73.25833,49.48333],[-73.25,49.48333],[-73.25,49.475],[-73.25833,49.475],[-73.25833,49.48333]]]}},{"type":"Feature","properties":{"c":"CDC-2854331","o":"Corporation Aurif\u00e8re Vior Inc. 100%","e":""},"geometry":{"type":"Polygon","coordinates":[[[-73.26667,49.48333],[-73.25833,49.48333],[-73.25833,49.475],[-73.26667,49.475],[-73.26667,49.48333]]]}},{"type":"Feature","properties":{"c":"CDC-2854340","o":"Corporation Aurif\u00e8re Vior Inc. 100%","e":""},"geometry":{"type":"Polygon","coordinates":[[[-73.26667,49.49167],[-73.25833,49.49167],[-73.25833,49.48333],[-73.26667,49.48333],[-73.26667,49.49167]]]}},{"type":"Feature","properties":{"c":"CDC-2854445","o":"Corporation Aurif\u00e8re Vior Inc. 100%","e":""},"geometry":{"type":"Polygon","coordinates":[[[-73.2,49.35833],[-73.19167,49.35833],[-73.19167,49.35],[-73.2,49.35],[-73.2,49.35833]]]}},{"type":"Feature","properties":{"c":"CDC-2854444","o":"Corporation Aurif\u00e8re Vior Inc. 100%","e":""},"geometry":{"type":"Polygon","coordinates":[[[-73.20833,49.35833],[-73.2,49.35833],[-73.2,49.35],[-73.20833,49.35],[-73.20833,49.35833]]]}},{"type":"Feature","properties":{"c":"CDC-2854563","o":"Corporation Aurif\u00e8re Vior Inc. 100%","e":""},"geometry":{"type":"Polygon","coordinates":[[[-73.21667,49.35833],[-73.20833,49.35833],[-73.20833,49.35],[-73.21667,49.35],[-73.21667,49.35833]]]}},{"type":"Feature","properties":{"c":"CDC-2854562","o":"Corporation Aurif\u00e8re Vior Inc. 100%","e":""},"geometry":{"type":"Polygon","coordinates":[[[-73.225,49.35833],[-73.21667,49.35833],[-73.21667,49.35],[-73.225,49.35],[-73.225,49.35833]]]}},{"type":"Feature","properties":{"c":"CDC-2878193","o":"Corporation Aurif\u00e8re Vior Inc. 100%","e":""},"geometry":{"type":"Polygon","coordinates":[[[-73.23333,49.35833],[-73.225,49.35833],[-73.225,49.35],[-73.23333,49.35],[-73.23333,49.35833]]]}},{"type":"Feature","properties":{"c":"CDC-2878192","o":"Corporation Aurif\u00e8re Vior Inc. 100%","e":""},"geometry":{"type":"Polygon","coordinates":[[[-73.24167,49.35833],[-73.23333,49.35833],[-73.23333,49.35],[-73.24167,49.35],[-73.24167,49.35833]]]}},{"type":"Feature","properties":{"c":"CDC-2878191","o":"Corporation Aurif\u00e8re Vior Inc. 100%","e":""},"geometry":{"type":"Polygon","coordinates":[[[-73.25,49.35833],[-73.24167,49.35833],[-73.24167,49.35],[-73.25,49.35],[-73.25,49.35833]]]}},{"type":"Feature","properties":{"c":"CDC-2854453","o":"Corporation Aurif\u00e8re Vior Inc. 100%","e":""},"geometry":{"type":"Polygon","coordinates":[[[-73.2,49.36667],[-73.19167,49.36667],[-73.19167,49.35833],[-73.2,49.35833],[-73.2,49.36667]]]}},{"type":"Feature","properties":{"c":"CDC-2854452","o":"Corporation Aurif\u00e8re Vior Inc. 100%","e":""},"geometry":{"type":"Polygon","coordinates":[[[-73.20833,49.36667],[-73.2,49.36667],[-73.2,49.35833],[-73.20833,49.35833],[-73.20833,49.36667]]]}},{"type":"Feature","properties":{"c":"CDC-2854451","o":"Corporation Aurif\u00e8re Vior Inc. 100%","e":""},"geometry":{"type":"Polygon","coordinates":[[[-73.21667,49.36667],[-73.20833,49.36667],[-73.20833,49.35833],[-73.21667,49.35833],[-73.21667,49.36667]]]}},{"type":"Feature","properties":{"c":"CDC-2854450","o":"Corporation Aurif\u00e8re Vior Inc. 100%","e":""},"geometry":{"type":"Polygon","coordinates":[[[-73.225,49.36667],[-73.21667,49.36667],[-73.21667,49.35833],[-73.225,49.35833],[-73.225,49.36667]]]}},{"type":"Feature","properties":{"c":"CDC-2854449","o":"Corporation Aurif\u00e8re Vior Inc. 100%","e":""},"geometry":{"type":"Polygon","coordinates":[[[-73.23333,49.36667],[-73.225,49.36667],[-73.225,49.35833],[-73.23333,49.35833],[-73.23333,49.36667]]]}},{"type":"Feature","properties":{"c":"CDC-2854448","o":"Corporation Aurif\u00e8re Vior Inc. 100%","e":""},"geometry":{"type":"Polygon","coordinates":[[[-73.24167,49.36667],[-73.23333,49.36667],[-73.23333,49.35833],[-73.24167,49.35833],[-73.24167,49.36667]]]}},{"type":"Feature","properties":{"c":"CDC-2854565","o":"Corporation Aurif\u00e8re Vior Inc. 100%","e":""},"geometry":{"type":"Polygon","coordinates":[[[-73.25,49.36667],[-73.24167,49.36667],[-73.24167,49.35833],[-73.25,49.35833],[-73.25,49.36667]]]}},{"type":"Feature","properties":{"c":"CDC-2854372","o":"Corporation Aurif\u00e8re Vior Inc. 100%","e":""},"geometry":{"type":"Polygon","coordinates":[[[-73.2,49.375],[-73.19167,49.375],[-73.19167,49.36667],[-73.2,49.36667],[-73.2,49.375]]]}},{"type":"Feature","properties":{"c":"CDC-2854371","o":"Corporation Aurif\u00e8re Vior Inc. 100%","e":""},"geometry":{"type":"Polygon","coordinates":[[[-73.20833,49.375],[-73.2,49.375],[-73.2,49.36667],[-73.20833,49.36667],[-73.20833,49.375]]]}},{"type":"Feature","properties":{"c":"CDC-2854370","o":"Corporation Aurif\u00e8re Vior Inc. 100%","e":""},"geometry":{"type":"Polygon","coordinates":[[[-73.21667,49.375],[-73.20833,49.375],[-73.20833,49.36667],[-73.21667,49.36667],[-73.21667,49.375]]]}},{"type":"Feature","properties":{"c":"CDC-2854369","o":"Corporation Aurif\u00e8re Vior Inc. 100%","e":""},"geometry":{"type":"Polygon","coordinates":[[[-73.225,49.375],[-73.21667,49.375],[-73.21667,49.36667],[-73.225,49.36667],[-73.225,49.375]]]}},{"type":"Feature","properties":{"c":"CDC-2854464","o":"Corporation Aurif\u00e8re Vior Inc. 100%","e":""},"geometry":{"type":"Polygon","coordinates":[[[-73.23333,49.375],[-73.225,49.375],[-73.225,49.36667],[-73.23333,49.36667],[-73.23333,49.375]]]}},{"type":"Feature","properties":{"c":"CDC-2854463","o":"Corporation Aurif\u00e8re Vior Inc. 100%","e":""},"geometry":{"type":"Polygon","coordinates":[[[-73.24167,49.375],[-73.23333,49.375],[-73.23333,49.36667],[-73.24167,49.36667],[-73.24167,49.375]]]}},{"type":"Feature","properties":{"c":"CDC-2854462","o":"Corporation Aurif\u00e8re Vior Inc. 100%","e":""},"geometry":{"type":"Polygon","coordinates":[[[-73.25,49.375],[-73.24167,49.375],[-73.24167,49.36667],[-73.25,49.36667],[-73.25,49.375]]]}},{"type":"Feature","properties":{"c":"CDC-2854461","o":"Corporation Aurif\u00e8re Vior Inc. 100%","e":""},"geometry":{"type":"Polygon","coordinates":[[[-73.25833,49.375],[-73.25,49.375],[-73.25,49.36667],[-73.25833,49.36667],[-73.25833,49.375]]]}},{"type":"Feature","properties":{"c":"CDC-2854377","o":"Corporation Aurif\u00e8re Vior Inc. 100%","e":""},"geometry":{"type":"Polygon","coordinates":[[[-73.2,49.38333],[-73.19167,49.38333],[-73.19167,49.375],[-73.2,49.375],[-73.2,49.38333]]]}},{"type":"Feature","properties":{"c":"CDC-2854376","o":"Corporation Aurif\u00e8re Vior Inc. 100%","e":""},"geometry":{"type":"Polygon","coordinates":[[[-73.20833,49.38333],[-73.2,49.38333],[-73.2,49.375],[-73.20833,49.375],[-73.20833,49.38333]]]}},{"type":"Feature","properties":{"c":"CDC-2854375","o":"Corporation Aurif\u00e8re Vior Inc. 100%","e":""},"geometry":{"type":"Polygon","coordinates":[[[-73.21667,49.38333],[-73.20833,49.38333],[-73.20833,49.375],[-73.21667,49.375],[-73.21667,49.38333]]]}}]}