{"type":"FeatureCollection","features":[{"type":"Feature","properties":{"c":"CDC-2445008","o":"Eastmain Resources Inc. 100%","e":""},"geometry":{"type":"Polygon","coordinates":[[[-75.5,52.23333],[-75.5,52.225],[-75.50833,52.225],[-75.50833,52.23333],[-75.5,52.23333]]]}},{"type":"Feature","properties":{"c":"CDC-2445039","o":"Eastmain Resources Inc. 100%","e":""},"geometry":{"type":"Polygon","coordinates":[[[-75.5,52.24167],[-75.5,52.23333],[-75.50833,52.23333],[-75.50833,52.24167],[-75.5,52.24167]]]}},{"type":"Feature","properties":{"c":"CDC-2445041","o":"Eastmain Resources Inc. 100%","e":""},"geometry":{"type":"Polygon","coordinates":[[[-75.5,52.25],[-75.5,52.24167],[-75.50833,52.24167],[-75.50833,52.25],[-75.5,52.25]]]}},{"type":"Feature","properties":{"c":"CDC-2445004","o":"Eastmain Resources Inc. 100%","e":""},"geometry":{"type":"Polygon","coordinates":[[[-75.5,52.225],[-75.5,52.21667],[-75.50833,52.21667],[-75.50833,52.225],[-75.5,52.225]]]}},{"type":"Feature","properties":{"c":"CDC-2506711","o":"Exploration Midland inc. 100%","e":""},"geometry":{"type":"Polygon","coordinates":[[[-75.5,52.14167],[-75.5,52.13333],[-75.50833,52.13333],[-75.50833,52.14167],[-75.5,52.14167]]]}},{"type":"Feature","properties":{"c":"CDC-2506720","o":"Exploration Midland inc. 100%","e":""},"geometry":{"type":"Polygon","coordinates":[[[-75.5,52.15],[-75.5,52.14167],[-75.50833,52.14167],[-75.50833,52.15],[-75.5,52.15]]]}},{"type":"Feature","properties":{"c":"CDC-2506729","o":"Exploration Midland inc. 100%","e":""},"geometry":{"type":"Polygon","coordinates":[[[-75.5,52.15833],[-75.5,52.15],[-75.50833,52.15],[-75.50833,52.15833],[-75.5,52.15833]]]}},{"type":"Feature","properties":{"c":"CDC-2506737","o":"Exploration Midland inc. 100%","e":""},"geometry":{"type":"Polygon","coordinates":[[[-75.5,52.16667],[-75.5,52.15833],[-75.50833,52.15833],[-75.50833,52.16667],[-75.5,52.16667]]]}},{"type":"Feature","properties":{"c":"CDC-2506741","o":"Exploration Midland inc. 100%","e":""},"geometry":{"type":"Polygon","coordinates":[[[-75.5,52.175],[-75.5,52.16667],[-75.50833,52.16667],[-75.50833,52.175],[-75.5,52.175]]]}},{"type":"Feature","properties":{"c":"CDC-2444918","o":"Eastmain Resources Inc. 100%","e":""},"geometry":{"type":"Polygon","coordinates":[[[-75.5,52.18333],[-75.5,52.175],[-75.50833,52.175],[-75.50833,52.18333],[-75.5,52.18333]]]}},{"type":"Feature","properties":{"c":"CDC-2444922","o":"Eastmain Resources Inc. 100%","e":""},"geometry":{"type":"Polygon","coordinates":[[[-75.5,52.19167],[-75.5,52.18333],[-75.50833,52.18333],[-75.50833,52.19167],[-75.5,52.19167]]]}},{"type":"Feature","properties":{"c":"CDC-2444921","o":"Eastmain Resources Inc. 100%","e":""},"geometry":{"type":"Polygon","coordinates":[[[-75.50833,52.19167],[-75.50833,52.18333],[-75.51667,52.18333],[-75.51667,52.19167],[-75.50833,52.19167]]]}},{"type":"Feature","properties":{"c":"CDC-2859917","o":"Exploration Azimut inc. 100%","e":""},"geometry":{"type":"Polygon","coordinates":[[[-75.51667,52.13333],[-75.51667,52.125],[-75.525,52.125],[-75.525,52.13333],[-75.51667,52.13333]]]}},{"type":"Feature","properties":{"c":"CDC-57916","o":"Exploration Azimut inc. 100%","e":""},"geometry":{"type":"Polygon","coordinates":[[[-75.50833,52.09167],[-75.50833,52.08333],[-75.51667,52.08333],[-75.51667,52.09167],[-75.50833,52.09167]]]}},{"type":"Feature","properties":{"c":"CDC-58259","o":"Exploration Azimut inc. 100%","e":""},"geometry":{"type":"Polygon","coordinates":[[[-75.50833,52.1],[-75.50833,52.09167],[-75.51667,52.09167],[-75.51667,52.1],[-75.50833,52.1]]]}},{"type":"Feature","properties":{"c":"CDC-2859898","o":"Exploration Azimut inc. 100%","e":""},"geometry":{"type":"Polygon","coordinates":[[[-75.50833,52.10833],[-75.50833,52.1],[-75.51667,52.1],[-75.51667,52.10833],[-75.50833,52.10833]]]}},{"type":"Feature","properties":{"c":"CDC-2859868","o":"Exploration Azimut inc. 100%","e":""},"geometry":{"type":"Polygon","coordinates":[[[-75.50833,52.11667],[-75.50833,52.10833],[-75.51667,52.10833],[-75.51667,52.11667],[-75.50833,52.11667]]]}},{"type":"Feature","properties":{"c":"CDC-2859870","o":"Exploration Azimut inc. 100%","e":""},"geometry":{"type":"Polygon","coordinates":[[[-75.50833,52.125],[-75.50833,52.11667],[-75.51667,52.11667],[-75.51667,52.125],[-75.50833,52.125]]]}},{"type":"Feature","properties":{"c":"CDC-57917","o":"Exploration Azimut inc. 100%","e":""},"geometry":{"type":"Polygon","coordinates":[[[-75.5,52.09167],[-75.5,52.08333],[-75.50833,52.08333],[-75.50833,52.09167],[-75.5,52.09167]]]}},{"type":"Feature","properties":{"c":"CDC-58260","o":"Exploration Azimut inc. 100%","e":""},"geometry":{"type":"Polygon","coordinates":[[[-75.5,52.1],[-75.5,52.09167],[-75.50833,52.09167],[-75.50833,52.1],[-75.5,52.1]]]}},{"type":"Feature","properties":{"c":"CDC-2859899","o":"Exploration Azimut inc. 100%","e":""},"geometry":{"type":"Polygon","coordinates":[[[-75.5,52.10833],[-75.5,52.1],[-75.50833,52.1],[-75.50833,52.10833],[-75.5,52.10833]]]}},{"type":"Feature","properties":{"c":"CDC-2859869","o":"Exploration Azimut inc. 100%","e":""},"geometry":{"type":"Polygon","coordinates":[[[-75.5,52.11667],[-75.5,52.10833],[-75.50833,52.10833],[-75.50833,52.11667],[-75.5,52.11667]]]}},{"type":"Feature","properties":{"c":"CDC-2859871","o":"Exploration Azimut inc. 100%","e":""},"geometry":{"type":"Polygon","coordinates":[[[-75.5,52.125],[-75.5,52.11667],[-75.50833,52.11667],[-75.50833,52.125],[-75.5,52.125]]]}},{"type":"Feature","properties":{"c":"CDC-2444920","o":"Eastmain Resources Inc. 100%","e":""},"geometry":{"type":"Polygon","coordinates":[[[-75.51667,52.19167],[-75.51667,52.18333],[-75.525,52.18333],[-75.525,52.19167],[-75.51667,52.19167]]]}},{"type":"Feature","properties":{"c":"CDC-2444919","o":"Eastmain Resources Inc. 100%","e":""},"geometry":{"type":"Polygon","coordinates":[[[-75.525,52.19167],[-75.525,52.18333],[-75.53333,52.18333],[-75.53333,52.19167],[-75.525,52.19167]]]}},{"type":"Feature","properties":{"c":"CDC-75823","o":"Eastmain Resources Inc. 100%","e":""},"geometry":{"type":"Polygon","coordinates":[[[-75.53333,52.19167],[-75.53333,52.18333],[-75.54167,52.18333],[-75.54167,52.19167],[-75.53333,52.19167]]]}},{"type":"Feature","properties":{"c":"CDC-75822","o":"Eastmain Resources Inc. 100%","e":""},"geometry":{"type":"Polygon","coordinates":[[[-75.54167,52.19167],[-75.54167,52.18333],[-75.55,52.18333],[-75.55,52.19167],[-75.54167,52.19167]]]}},{"type":"Feature","properties":{"c":"CDC-75901","o":"Eastmain Resources Inc. 100%","e":""},"geometry":{"type":"Polygon","coordinates":[[[-75.55,52.19167],[-75.55,52.18333],[-75.55833,52.18333],[-75.55833,52.19167],[-75.55,52.19167]]]}},{"type":"Feature","properties":{"c":"CDC-2444926","o":"Eastmain Resources Inc. 100%","e":""},"geometry":{"type":"Polygon","coordinates":[[[-75.5,52.2],[-75.5,52.19167],[-75.50833,52.19167],[-75.50833,52.2],[-75.5,52.2]]]}},{"type":"Feature","properties":{"c":"CDC-2444925","o":"Eastmain Resources Inc. 100%","e":""},"geometry":{"type":"Polygon","coordinates":[[[-75.50833,52.2],[-75.50833,52.19167],[-75.51667,52.19167],[-75.51667,52.2],[-75.50833,52.2]]]}},{"type":"Feature","properties":{"c":"CDC-2444924","o":"Eastmain Resources Inc. 100%","e":""},"geometry":{"type":"Polygon","coordinates":[[[-75.51667,52.2],[-75.51667,52.19167],[-75.525,52.19167],[-75.525,52.2],[-75.51667,52.2]]]}},{"type":"Feature","properties":{"c":"CDC-2444923","o":"Eastmain Resources Inc. 100%","e":""},"geometry":{"type":"Polygon","coordinates":[[[-75.525,52.2],[-75.525,52.19167],[-75.53333,52.19167],[-75.53333,52.2],[-75.525,52.2]]]}},{"type":"Feature","properties":{"c":"CDC-75894","o":"Eastmain Resources Inc. 100%","e":""},"geometry":{"type":"Polygon","coordinates":[[[-75.53333,52.2],[-75.53333,52.19167],[-75.54167,52.19167],[-75.54167,52.2],[-75.53333,52.2]]]}},{"type":"Feature","properties":{"c":"CDC-75893","o":"Eastmain Resources Inc. 100%","e":""},"geometry":{"type":"Polygon","coordinates":[[[-75.54167,52.2],[-75.54167,52.19167],[-75.55,52.19167],[-75.55,52.2],[-75.54167,52.2]]]}},{"type":"Feature","properties":{"c":"CDC-75892","o":"Eastmain Resources Inc. 100%","e":""},"geometry":{"type":"Polygon","coordinates":[[[-75.55,52.2],[-75.55,52.19167],[-75.55833,52.19167],[-75.55833,52.2],[-75.55,52.2]]]}},{"type":"Feature","properties":{"c":"CDC-2444931","o":"Eastmain Resources Inc. 100%","e":""},"geometry":{"type":"Polygon","coordinates":[[[-75.5,52.20833],[-75.5,52.2],[-75.50833,52.2],[-75.50833,52.20833],[-75.5,52.20833]]]}},{"type":"Feature","properties":{"c":"CDC-2444930","o":"Eastmain Resources Inc. 100%","e":""},"geometry":{"type":"Polygon","coordinates":[[[-75.50833,52.20833],[-75.50833,52.2],[-75.51667,52.2],[-75.51667,52.20833],[-75.50833,52.20833]]]}},{"type":"Feature","properties":{"c":"CDC-2444929","o":"Eastmain Resources Inc. 100%","e":""},"geometry":{"type":"Polygon","coordinates":[[[-75.51667,52.20833],[-75.51667,52.2],[-75.525,52.2],[-75.525,52.20833],[-75.51667,52.20833]]]}},{"type":"Feature","properties":{"c":"CDC-2444928","o":"Eastmain Resources Inc. 100%","e":""},"geometry":{"type":"Polygon","coordinates":[[[-75.525,52.20833],[-75.525,52.2],[-75.53333,52.2],[-75.53333,52.20833],[-75.525,52.20833]]]}},{"type":"Feature","properties":{"c":"CDC-2444927","o":"Eastmain Resources Inc. 100%","e":""},"geometry":{"type":"Polygon","coordinates":[[[-75.53333,52.20833],[-75.53333,52.2],[-75.54167,52.2],[-75.54167,52.20833],[-75.53333,52.20833]]]}},{"type":"Feature","properties":{"c":"CDC-75888","o":"Eastmain Resources Inc. 100%","e":""},"geometry":{"type":"Polygon","coordinates":[[[-75.54167,52.20833],[-75.54167,52.2],[-75.55,52.2],[-75.55,52.20833],[-75.54167,52.20833]]]}},{"type":"Feature","properties":{"c":"CDC-75887","o":"Eastmain Resources Inc. 100%","e":""},"geometry":{"type":"Polygon","coordinates":[[[-75.55,52.20833],[-75.55,52.2],[-75.55833,52.2],[-75.55833,52.20833],[-75.55,52.20833]]]}},{"type":"Feature","properties":{"c":"CDC-2445000","o":"Eastmain Resources Inc. 100%","e":""},"geometry":{"type":"Polygon","coordinates":[[[-75.5,52.21667],[-75.5,52.20833],[-75.50833,52.20833],[-75.50833,52.21667],[-75.5,52.21667]]]}},{"type":"Feature","properties":{"c":"CDC-2444999","o":"Eastmain Resources Inc. 100%","e":""},"geometry":{"type":"Polygon","coordinates":[[[-75.50833,52.21667],[-75.50833,52.20833],[-75.51667,52.20833],[-75.51667,52.21667],[-75.50833,52.21667]]]}},{"type":"Feature","properties":{"c":"CDC-2444998","o":"Eastmain Resources Inc. 100%","e":""},"geometry":{"type":"Polygon","coordinates":[[[-75.51667,52.21667],[-75.51667,52.20833],[-75.525,52.20833],[-75.525,52.21667],[-75.51667,52.21667]]]}},{"type":"Feature","properties":{"c":"CDC-2444997","o":"Eastmain Resources Inc. 100%","e":""},"geometry":{"type":"Polygon","coordinates":[[[-75.525,52.21667],[-75.525,52.20833],[-75.53333,52.20833],[-75.53333,52.21667],[-75.525,52.21667]]]}},{"type":"Feature","properties":{"c":"CDC-2444996","o":"Eastmain Resources Inc. 100%","e":""},"geometry":{"type":"Polygon","coordinates":[[[-75.53333,52.21667],[-75.53333,52.20833],[-75.54167,52.20833],[-75.54167,52.21667],[-75.53333,52.21667]]]}},{"type":"Feature","properties":{"c":"CDC-75884","o":"Eastmain Resources Inc. 100%","e":""},"geometry":{"type":"Polygon","coordinates":[[[-75.54167,52.21667],[-75.54167,52.20833],[-75.55,52.20833],[-75.55,52.21667],[-75.54167,52.21667]]]}},{"type":"Feature","properties":{"c":"CDC-75883","o":"Eastmain Resources Inc. 100%","e":""},"geometry":{"type":"Polygon","coordinates":[[[-75.55,52.21667],[-75.55,52.20833],[-75.55833,52.20833],[-75.55833,52.21667],[-75.55,52.21667]]]}},{"type":"Feature","properties":{"c":"CDC-2445003","o":"Eastmain Resources Inc. 100%","e":""},"geometry":{"type":"Polygon","coordinates":[[[-75.50833,52.225],[-75.50833,52.21667],[-75.51667,52.21667],[-75.51667,52.225],[-75.50833,52.225]]]}},{"type":"Feature","properties":{"c":"CDC-2521854","o":"Eastmain Resources Inc. 100%","e":""},"geometry":{"type":"Polygon","coordinates":[[[-75.55,52.175],[-75.55,52.16667],[-75.55833,52.16667],[-75.55833,52.175],[-75.55,52.175]]]}},{"type":"Feature","properties":{"c":"CDC-2521860","o":"Eastmain Resources Inc. 100%","e":""},"geometry":{"type":"Polygon","coordinates":[[[-75.55,52.18333],[-75.55,52.175],[-75.55833,52.175],[-75.55833,52.18333],[-75.55,52.18333]]]}},{"type":"Feature","properties":{"c":"CDC-2506715","o":"Exploration Midland inc. 100%","e":""},"geometry":{"type":"Polygon","coordinates":[[[-75.54167,52.15],[-75.54167,52.14167],[-75.55,52.14167],[-75.55,52.15],[-75.54167,52.15]]]}},{"type":"Feature","properties":{"c":"CDC-2506724","o":"Exploration Midland inc. 100%","e":""},"geometry":{"type":"Polygon","coordinates":[[[-75.54167,52.15833],[-75.54167,52.15],[-75.55,52.15],[-75.55,52.15833],[-75.54167,52.15833]]]}},{"type":"Feature","properties":{"c":"CDC-2506732","o":"Exploration Midland inc. 100%","e":""},"geometry":{"type":"Polygon","coordinates":[[[-75.54167,52.16667],[-75.54167,52.15833],[-75.55,52.15833],[-75.55,52.16667],[-75.54167,52.16667]]]}},{"type":"Feature","properties":{"c":"CDC-2521855","o":"Eastmain Resources Inc. 100%","e":""},"geometry":{"type":"Polygon","coordinates":[[[-75.54167,52.175],[-75.54167,52.16667],[-75.55,52.16667],[-75.55,52.175],[-75.54167,52.175]]]}},{"type":"Feature","properties":{"c":"CDC-2521861","o":"Eastmain Resources Inc. 100%","e":""},"geometry":{"type":"Polygon","coordinates":[[[-75.54167,52.18333],[-75.54167,52.175],[-75.55,52.175],[-75.55,52.18333],[-75.54167,52.18333]]]}},{"type":"Feature","properties":{"c":"CDC-2506716","o":"Exploration Midland inc. 100%","e":""},"geometry":{"type":"Polygon","coordinates":[[[-75.53333,52.15],[-75.53333,52.14167],[-75.54167,52.14167],[-75.54167,52.15],[-75.53333,52.15]]]}},{"type":"Feature","properties":{"c":"CDC-2506725","o":"Exploration Midland inc. 100%","e":""},"geometry":{"type":"Polygon","coordinates":[[[-75.53333,52.15833],[-75.53333,52.15],[-75.54167,52.15],[-75.54167,52.15833],[-75.53333,52.15833]]]}},{"type":"Feature","properties":{"c":"CDC-2506733","o":"Exploration Midland inc. 100%","e":""},"geometry":{"type":"Polygon","coordinates":[[[-75.53333,52.16667],[-75.53333,52.15833],[-75.54167,52.15833],[-75.54167,52.16667],[-75.53333,52.16667]]]}},{"type":"Feature","properties":{"c":"CDC-2521856","o":"Eastmain Resources Inc. 100%","e":""},"geometry":{"type":"Polygon","coordinates":[[[-75.53333,52.175],[-75.53333,52.16667],[-75.54167,52.16667],[-75.54167,52.175],[-75.53333,52.175]]]}},{"type":"Feature","properties":{"c":"CDC-2521862","o":"Eastmain Resources Inc. 100%","e":""},"geometry":{"type":"Polygon","coordinates":[[[-75.53333,52.18333],[-75.53333,52.175],[-75.54167,52.175],[-75.54167,52.18333],[-75.53333,52.18333]]]}},{"type":"Feature","properties":{"c":"CDC-2506717","o":"Exploration Midland inc. 100%","e":""},"geometry":{"type":"Polygon","coordinates":[[[-75.525,52.15],[-75.525,52.14167],[-75.53333,52.14167],[-75.53333,52.15],[-75.525,52.15]]]}},{"type":"Feature","properties":{"c":"CDC-2506726","o":"Exploration Midland inc. 100%","e":""},"geometry":{"type":"Polygon","coordinates":[[[-75.525,52.15833],[-75.525,52.15],[-75.53333,52.15],[-75.53333,52.15833],[-75.525,52.15833]]]}},{"type":"Feature","properties":{"c":"CDC-2506734","o":"Exploration Midland inc. 100%","e":""},"geometry":{"type":"Polygon","coordinates":[[[-75.525,52.16667],[-75.525,52.15833],[-75.53333,52.15833],[-75.53333,52.16667],[-75.525,52.16667]]]}},{"type":"Feature","properties":{"c":"CDC-2506738","o":"Exploration Midland inc. 100%","e":""},"geometry":{"type":"Polygon","coordinates":[[[-75.525,52.175],[-75.525,52.16667],[-75.53333,52.16667],[-75.53333,52.175],[-75.525,52.175]]]}},{"type":"Feature","properties":{"c":"CDC-2444915","o":"Eastmain Resources Inc. 100%","e":""},"geometry":{"type":"Polygon","coordinates":[[[-75.525,52.18333],[-75.525,52.175],[-75.53333,52.175],[-75.53333,52.18333],[-75.525,52.18333]]]}},{"type":"Feature","properties":{"c":"CDC-2506718","o":"Exploration Midland inc. 100%","e":""},"geometry":{"type":"Polygon","coordinates":[[[-75.51667,52.15],[-75.51667,52.14167],[-75.525,52.14167],[-75.525,52.15],[-75.51667,52.15]]]}},{"type":"Feature","properties":{"c":"CDC-2506727","o":"Exploration Midland inc. 100%","e":""},"geometry":{"type":"Polygon","coordinates":[[[-75.51667,52.15833],[-75.51667,52.15],[-75.525,52.15],[-75.525,52.15833],[-75.51667,52.15833]]]}},{"type":"Feature","properties":{"c":"CDC-2506735","o":"Exploration Midland inc. 100%","e":""},"geometry":{"type":"Polygon","coordinates":[[[-75.51667,52.16667],[-75.51667,52.15833],[-75.525,52.15833],[-75.525,52.16667],[-75.51667,52.16667]]]}},{"type":"Feature","properties":{"c":"CDC-2506739","o":"Exploration Midland inc. 100%","e":""},"geometry":{"type":"Polygon","coordinates":[[[-75.51667,52.175],[-75.51667,52.16667],[-75.525,52.16667],[-75.525,52.175],[-75.51667,52.175]]]}},{"type":"Feature","properties":{"c":"CDC-2444916","o":"Eastmain Resources Inc. 100%","e":""},"geometry":{"type":"Polygon","coordinates":[[[-75.51667,52.18333],[-75.51667,52.175],[-75.525,52.175],[-75.525,52.18333],[-75.51667,52.18333]]]}},{"type":"Feature","properties":{"c":"CDC-2506719","o":"Exploration Midland inc. 100%","e":""},"geometry":{"type":"Polygon","coordinates":[[[-75.50833,52.15],[-75.50833,52.14167],[-75.51667,52.14167],[-75.51667,52.15],[-75.50833,52.15]]]}},{"type":"Feature","properties":{"c":"CDC-2506728","o":"Exploration Midland inc. 100%","e":""},"geometry":{"type":"Polygon","coordinates":[[[-75.50833,52.15833],[-75.50833,52.15],[-75.51667,52.15],[-75.51667,52.15833],[-75.50833,52.15833]]]}},{"type":"Feature","properties":{"c":"CDC-2506736","o":"Exploration Midland inc. 100%","e":""},"geometry":{"type":"Polygon","coordinates":[[[-75.50833,52.16667],[-75.50833,52.15833],[-75.51667,52.15833],[-75.51667,52.16667],[-75.50833,52.16667]]]}},{"type":"Feature","properties":{"c":"CDC-2506740","o":"Exploration Midland inc. 100%","e":""},"geometry":{"type":"Polygon","coordinates":[[[-75.50833,52.175],[-75.50833,52.16667],[-75.51667,52.16667],[-75.51667,52.175],[-75.50833,52.175]]]}},{"type":"Feature","properties":{"c":"CDC-2444917","o":"Eastmain Resources Inc. 100%","e":""},"geometry":{"type":"Polygon","coordinates":[[[-75.50833,52.18333],[-75.50833,52.175],[-75.51667,52.175],[-75.51667,52.18333],[-75.50833,52.18333]]]}},{"type":"Feature","properties":{"c":"CDC-2445002","o":"Eastmain Resources Inc. 100%","e":""},"geometry":{"type":"Polygon","coordinates":[[[-75.51667,52.225],[-75.51667,52.21667],[-75.525,52.21667],[-75.525,52.225],[-75.51667,52.225]]]}},{"type":"Feature","properties":{"c":"CDC-2445001","o":"Eastmain Resources Inc. 100%","e":""},"geometry":{"type":"Polygon","coordinates":[[[-75.525,52.225],[-75.525,52.21667],[-75.53333,52.21667],[-75.53333,52.225],[-75.525,52.225]]]}},{"type":"Feature","properties":{"c":"CDC-75880","o":"Eastmain Resources Inc. 100%","e":""},"geometry":{"type":"Polygon","coordinates":[[[-75.53333,52.225],[-75.53333,52.21667],[-75.54167,52.21667],[-75.54167,52.225],[-75.53333,52.225]]]}},{"type":"Feature","properties":{"c":"CDC-75879","o":"Eastmain Resources Inc. 100%","e":""},"geometry":{"type":"Polygon","coordinates":[[[-75.54167,52.225],[-75.54167,52.21667],[-75.55,52.21667],[-75.55,52.225],[-75.54167,52.225]]]}},{"type":"Feature","properties":{"c":"CDC-75878","o":"Eastmain Resources Inc. 100%","e":""},"geometry":{"type":"Polygon","coordinates":[[[-75.55,52.225],[-75.55,52.21667],[-75.55833,52.21667],[-75.55833,52.225],[-75.55,52.225]]]}},{"type":"Feature","properties":{"c":"CDC-75877","o":"Eastmain Resources Inc. 100%","e":""},"geometry":{"type":"Polygon","coordinates":[[[-75.55833,52.225],[-75.55833,52.21667],[-75.56667,52.21667],[-75.56667,52.225],[-75.55833,52.225]]]}},{"type":"Feature","properties":{"c":"CDC-2445007","o":"Eastmain Resources Inc. 100%","e":""},"geometry":{"type":"Polygon","coordinates":[[[-75.50833,52.23333],[-75.50833,52.225],[-75.51667,52.225],[-75.51667,52.23333],[-75.50833,52.23333]]]}},{"type":"Feature","properties":{"c":"CDC-2445006","o":"Eastmain Resources Inc. 100%","e":""},"geometry":{"type":"Polygon","coordinates":[[[-75.51667,52.23333],[-75.51667,52.225],[-75.525,52.225],[-75.525,52.23333],[-75.51667,52.23333]]]}},{"type":"Feature","properties":{"c":"CDC-2445005","o":"Eastmain Resources Inc. 100%","e":""},"geometry":{"type":"Polygon","coordinates":[[[-75.525,52.23333],[-75.525,52.225],[-75.53333,52.225],[-75.53333,52.23333],[-75.525,52.23333]]]}},{"type":"Feature","properties":{"c":"CDC-75875","o":"Eastmain Resources Inc. 100%","e":""},"geometry":{"type":"Polygon","coordinates":[[[-75.53333,52.23333],[-75.53333,52.225],[-75.54167,52.225],[-75.54167,52.23333],[-75.53333,52.23333]]]}},{"type":"Feature","properties":{"c":"CDC-75874","o":"Eastmain Resources Inc. 100%","e":""},"geometry":{"type":"Polygon","coordinates":[[[-75.54167,52.23333],[-75.54167,52.225],[-75.55,52.225],[-75.55,52.23333],[-75.54167,52.23333]]]}},{"type":"Feature","properties":{"c":"CDC-75873","o":"Eastmain Resources Inc. 100%","e":""},"geometry":{"type":"Polygon","coordinates":[[[-75.55,52.23333],[-75.55,52.225],[-75.55833,52.225],[-75.55833,52.23333],[-75.55,52.23333]]]}},{"type":"Feature","properties":{"c":"CDC-75872","o":"Eastmain Resources Inc. 100%","e":""},"geometry":{"type":"Polygon","coordinates":[[[-75.55833,52.23333],[-75.55833,52.225],[-75.56667,52.225],[-75.56667,52.23333],[-75.55833,52.23333]]]}},{"type":"Feature","properties":{"c":"CDC-2445038","o":"Eastmain Resources Inc. 100%","e":""},"geometry":{"type":"Polygon","coordinates":[[[-75.50833,52.24167],[-75.50833,52.23333],[-75.51667,52.23333],[-75.51667,52.24167],[-75.50833,52.24167]]]}},{"type":"Feature","properties":{"c":"CDC-2445037","o":"Eastmain Resources Inc. 100%","e":""},"geometry":{"type":"Polygon","coordinates":[[[-75.51667,52.24167],[-75.51667,52.23333],[-75.525,52.23333],[-75.525,52.24167],[-75.51667,52.24167]]]}},{"type":"Feature","properties":{"c":"CDC-75869","o":"Eastmain Resources Inc. 100%","e":""},"geometry":{"type":"Polygon","coordinates":[[[-75.525,52.24167],[-75.525,52.23333],[-75.53333,52.23333],[-75.53333,52.24167],[-75.525,52.24167]]]}},{"type":"Feature","properties":{"c":"CDC-75868","o":"Eastmain Resources Inc. 100%","e":""},"geometry":{"type":"Polygon","coordinates":[[[-75.53333,52.24167],[-75.53333,52.23333],[-75.54167,52.23333],[-75.54167,52.24167],[-75.53333,52.24167]]]}},{"type":"Feature","properties":{"c":"CDC-75867","o":"Eastmain Resources Inc. 100%","e":""},"geometry":{"type":"Polygon","coordinates":[[[-75.54167,52.24167],[-75.54167,52.23333],[-75.55,52.23333],[-75.55,52.24167],[-75.54167,52.24167]]]}},{"type":"Feature","properties":{"c":"CDC-75866","o":"Eastmain Resources Inc. 100%","e":""},"geometry":{"type":"Polygon","coordinates":[[[-75.55,52.24167],[-75.55,52.23333],[-75.55833,52.23333],[-75.55833,52.24167],[-75.55,52.24167]]]}},{"type":"Feature","properties":{"c":"CDC-75865","o":"Eastmain Resources Inc. 100%","e":""},"geometry":{"type":"Polygon","coordinates":[[[-75.55833,52.24167],[-75.55833,52.23333],[-75.56667,52.23333],[-75.56667,52.24167],[-75.55833,52.24167]]]}},{"type":"Feature","properties":{"c":"CDC-2445040","o":"Eastmain Resources Inc. 100%","e":""},"geometry":{"type":"Polygon","coordinates":[[[-75.50833,52.25],[-75.50833,52.24167],[-75.51667,52.24167],[-75.51667,52.25],[-75.50833,52.25]]]}},{"type":"Feature","properties":{"c":"CDC-75858","o":"Eastmain Resources Inc. 100%","e":""},"geometry":{"type":"Polygon","coordinates":[[[-75.51667,52.25],[-75.51667,52.24167],[-75.525,52.24167],[-75.525,52.25],[-75.51667,52.25]]]}},{"type":"Feature","properties":{"c":"CDC-75857","o":"Eastmain Resources Inc. 100%","e":""},"geometry":{"type":"Polygon","coordinates":[[[-75.525,52.25],[-75.525,52.24167],[-75.53333,52.24167],[-75.53333,52.25],[-75.525,52.25]]]}},{"type":"Feature","properties":{"c":"CDC-75856","o":"Eastmain Resources Inc. 100%","e":""},"geometry":{"type":"Polygon","coordinates":[[[-75.53333,52.25],[-75.53333,52.24167],[-75.54167,52.24167],[-75.54167,52.25],[-75.53333,52.25]]]}},{"type":"Feature","properties":{"c":"CDC-75855","o":"Eastmain Resources Inc. 100%","e":""},"geometry":{"type":"Polygon","coordinates":[[[-75.54167,52.25],[-75.54167,52.24167],[-75.55,52.24167],[-75.55,52.25],[-75.54167,52.25]]]}},{"type":"Feature","properties":{"c":"CDC-75854","o":"Eastmain Resources Inc. 100%","e":""},"geometry":{"type":"Polygon","coordinates":[[[-75.55,52.25],[-75.55,52.24167],[-75.55833,52.24167],[-75.55833,52.25],[-75.55,52.25]]]}},{"type":"Feature","properties":{"c":"CDC-75853","o":"Eastmain Resources Inc. 100%","e":""},"geometry":{"type":"Polygon","coordinates":[[[-75.55833,52.25],[-75.55833,52.24167],[-75.56667,52.24167],[-75.56667,52.25],[-75.55833,52.25]]]}},{"type":"Feature","properties":{"c":"CDC-10263","o":"Exploration Azimut inc. 100%","e":""},"geometry":{"type":"Polygon","coordinates":[[[-75.525,52.05833],[-75.525,52.05],[-75.53333,52.05],[-75.53333,52.05833],[-75.525,52.05833]]]}},{"type":"Feature","properties":{"c":"CDC-10262","o":"Exploration Azimut inc. 100%","e":""},"geometry":{"type":"Polygon","coordinates":[[[-75.53333,52.05833],[-75.53333,52.05],[-75.54167,52.05],[-75.54167,52.05833],[-75.53333,52.05833]]]}},{"type":"Feature","properties":{"c":"CDC-10261","o":"Exploration Azimut inc. 100%","e":""},"geometry":{"type":"Polygon","coordinates":[[[-75.54167,52.05833],[-75.54167,52.05],[-75.55,52.05],[-75.55,52.05833],[-75.54167,52.05833]]]}},{"type":"Feature","properties":{"c":"CDC-10254","o":"Exploration Azimut inc. 100%","e":""},"geometry":{"type":"Polygon","coordinates":[[[-75.5,52.06667],[-75.5,52.05833],[-75.50833,52.05833],[-75.50833,52.06667],[-75.5,52.06667]]]}},{"type":"Feature","properties":{"c":"CDC-10253","o":"Exploration Azimut inc. 100%","e":""},"geometry":{"type":"Polygon","coordinates":[[[-75.50833,52.06667],[-75.50833,52.05833],[-75.51667,52.05833],[-75.51667,52.06667],[-75.50833,52.06667]]]}},{"type":"Feature","properties":{"c":"CDC-10252","o":"Exploration Azimut inc. 100%","e":""},"geometry":{"type":"Polygon","coordinates":[[[-75.51667,52.06667],[-75.51667,52.05833],[-75.525,52.05833],[-75.525,52.06667],[-75.51667,52.06667]]]}},{"type":"Feature","properties":{"c":"CDC-10251","o":"Exploration Azimut inc. 100%","e":""},"geometry":{"type":"Polygon","coordinates":[[[-75.525,52.06667],[-75.525,52.05833],[-75.53333,52.05833],[-75.53333,52.06667],[-75.525,52.06667]]]}},{"type":"Feature","properties":{"c":"CDC-10250","o":"Exploration Azimut inc. 100%","e":""},"geometry":{"type":"Polygon","coordinates":[[[-75.53333,52.06667],[-75.53333,52.05833],[-75.54167,52.05833],[-75.54167,52.06667],[-75.53333,52.06667]]]}},{"type":"Feature","properties":{"c":"CDC-10249","o":"Exploration Azimut inc. 100%","e":""},"geometry":{"type":"Polygon","coordinates":[[[-75.54167,52.06667],[-75.54167,52.05833],[-75.55,52.05833],[-75.55,52.06667],[-75.54167,52.06667]]]}},{"type":"Feature","properties":{"c":"CDC-10242","o":"Exploration Azimut inc. 100%","e":""},"geometry":{"type":"Polygon","coordinates":[[[-75.5,52.075],[-75.5,52.06667],[-75.50833,52.06667],[-75.50833,52.075],[-75.5,52.075]]]}},{"type":"Feature","properties":{"c":"CDC-10241","o":"Exploration Azimut inc. 100%","e":""},"geometry":{"type":"Polygon","coordinates":[[[-75.50833,52.075],[-75.50833,52.06667],[-75.51667,52.06667],[-75.51667,52.075],[-75.50833,52.075]]]}},{"type":"Feature","properties":{"c":"CDC-10240","o":"Exploration Azimut inc. 100%","e":""},"geometry":{"type":"Polygon","coordinates":[[[-75.51667,52.075],[-75.51667,52.06667],[-75.525,52.06667],[-75.525,52.075],[-75.51667,52.075]]]}},{"type":"Feature","properties":{"c":"CDC-10239","o":"Exploration Azimut inc. 100%","e":""},"geometry":{"type":"Polygon","coordinates":[[[-75.525,52.075],[-75.525,52.06667],[-75.53333,52.06667],[-75.53333,52.075],[-75.525,52.075]]]}},{"type":"Feature","properties":{"c":"CDC-10238","o":"Exploration Azimut inc. 100%","e":""},"geometry":{"type":"Polygon","coordinates":[[[-75.53333,52.075],[-75.53333,52.06667],[-75.54167,52.06667],[-75.54167,52.075],[-75.53333,52.075]]]}},{"type":"Feature","properties":{"c":"CDC-10237","o":"Exploration Azimut inc. 100%","e":""},"geometry":{"type":"Polygon","coordinates":[[[-75.54167,52.075],[-75.54167,52.06667],[-75.55,52.06667],[-75.55,52.075],[-75.54167,52.075]]]}},{"type":"Feature","properties":{"c":"CDC-12822","o":"Exploration Azimut inc. 100%","e":""},"geometry":{"type":"Polygon","coordinates":[[[-75.5,52.08333],[-75.5,52.075],[-75.50833,52.075],[-75.50833,52.08333],[-75.5,52.08333]]]}},{"type":"Feature","properties":{"c":"CDC-12821","o":"Exploration Azimut inc. 100%","e":""},"geometry":{"type":"Polygon","coordinates":[[[-75.50833,52.08333],[-75.50833,52.075],[-75.51667,52.075],[-75.51667,52.08333],[-75.50833,52.08333]]]}},{"type":"Feature","properties":{"c":"CDC-12820","o":"Exploration Azimut inc. 100%","e":""},"geometry":{"type":"Polygon","coordinates":[[[-75.51667,52.08333],[-75.51667,52.075],[-75.525,52.075],[-75.525,52.08333],[-75.51667,52.08333]]]}},{"type":"Feature","properties":{"c":"CDC-12819","o":"Exploration Azimut inc. 100%","e":""},"geometry":{"type":"Polygon","coordinates":[[[-75.525,52.08333],[-75.525,52.075],[-75.53333,52.075],[-75.53333,52.08333],[-75.525,52.08333]]]}},{"type":"Feature","properties":{"c":"CDC-12818","o":"Exploration Azimut inc. 100%","e":""},"geometry":{"type":"Polygon","coordinates":[[[-75.53333,52.08333],[-75.53333,52.075],[-75.54167,52.075],[-75.54167,52.08333],[-75.53333,52.08333]]]}},{"type":"Feature","properties":{"c":"CDC-12817","o":"Exploration Azimut inc. 100%","e":""},"geometry":{"type":"Polygon","coordinates":[[[-75.54167,52.08333],[-75.54167,52.075],[-75.55,52.075],[-75.55,52.08333],[-75.54167,52.08333]]]}},{"type":"Feature","properties":{"c":"CDC-2884920","o":"Exploration Azimut inc. 100%","e":""},"geometry":{"type":"Polygon","coordinates":[[[-75.5,52.03333],[-75.5,52.025],[-75.50833,52.025],[-75.50833,52.03333],[-75.5,52.03333]]]}},{"type":"Feature","properties":{"c":"CDC-2838707","o":"Exploration Azimut inc. 100%","e":""},"geometry":{"type":"Polygon","coordinates":[[[-75.50833,52.03333],[-75.50833,52.025],[-75.51667,52.025],[-75.51667,52.03333],[-75.50833,52.03333]]]}},{"type":"Feature","properties":{"c":"CDC-2838706","o":"Exploration Azimut inc. 100%","e":""},"geometry":{"type":"Polygon","coordinates":[[[-75.51667,52.03333],[-75.51667,52.025],[-75.525,52.025],[-75.525,52.03333],[-75.51667,52.03333]]]}},{"type":"Feature","properties":{"c":"CDC-2840634","o":"Exploration Azimut inc. 100%","e":""},"geometry":{"type":"Polygon","coordinates":[[[-75.525,52.03333],[-75.525,52.025],[-75.53333,52.025],[-75.53333,52.03333],[-75.525,52.03333]]]}},{"type":"Feature","properties":{"c":"CDC-2840633","o":"Exploration Azimut inc. 100%","e":""},"geometry":{"type":"Polygon","coordinates":[[[-75.53333,52.03333],[-75.53333,52.025],[-75.54167,52.025],[-75.54167,52.03333],[-75.53333,52.03333]]]}},{"type":"Feature","properties":{"c":"CDC-2681995","o":"Exploration Azimut inc. 100%","e":""},"geometry":{"type":"Polygon","coordinates":[[[-75.5,52.04167],[-75.5,52.03333],[-75.50833,52.03333],[-75.50833,52.04167],[-75.5,52.04167]]]}},{"type":"Feature","properties":{"c":"CDC-2660000","o":"Exploration Azimut inc. 100%","e":""},"geometry":{"type":"Polygon","coordinates":[[[-75.50833,52.04167],[-75.50833,52.03333],[-75.51667,52.03333],[-75.51667,52.04167],[-75.50833,52.04167]]]}},{"type":"Feature","properties":{"c":"CDC-2659999","o":"Exploration Azimut inc. 100%","e":""},"geometry":{"type":"Polygon","coordinates":[[[-75.51667,52.04167],[-75.51667,52.03333],[-75.525,52.03333],[-75.525,52.04167],[-75.51667,52.04167]]]}},{"type":"Feature","properties":{"c":"CDC-2659998","o":"Exploration Azimut inc. 100%","e":""},"geometry":{"type":"Polygon","coordinates":[[[-75.525,52.04167],[-75.525,52.03333],[-75.53333,52.03333],[-75.53333,52.04167],[-75.525,52.04167]]]}},{"type":"Feature","properties":{"c":"CDC-2659997","o":"Exploration Azimut inc. 100%","e":""},"geometry":{"type":"Polygon","coordinates":[[[-75.53333,52.04167],[-75.53333,52.03333],[-75.54167,52.03333],[-75.54167,52.04167],[-75.53333,52.04167]]]}},{"type":"Feature","properties":{"c":"CDC-2660012","o":"Exploration Azimut inc. 100%","e":""},"geometry":{"type":"Polygon","coordinates":[[[-75.5,52.05],[-75.5,52.04167],[-75.50833,52.04167],[-75.50833,52.05],[-75.5,52.05]]]}},{"type":"Feature","properties":{"c":"CDC-2660011","o":"Exploration Azimut inc. 100%","e":""},"geometry":{"type":"Polygon","coordinates":[[[-75.50833,52.05],[-75.50833,52.04167],[-75.51667,52.04167],[-75.51667,52.05],[-75.50833,52.05]]]}},{"type":"Feature","properties":{"c":"CDC-2660010","o":"Exploration Azimut inc. 100%","e":""},"geometry":{"type":"Polygon","coordinates":[[[-75.51667,52.05],[-75.51667,52.04167],[-75.525,52.04167],[-75.525,52.05],[-75.51667,52.05]]]}},{"type":"Feature","properties":{"c":"CDC-2660009","o":"Exploration Azimut inc. 100%","e":""},"geometry":{"type":"Polygon","coordinates":[[[-75.525,52.05],[-75.525,52.04167],[-75.53333,52.04167],[-75.53333,52.05],[-75.525,52.05]]]}},{"type":"Feature","properties":{"c":"CDC-2660008","o":"Exploration Azimut inc. 100%","e":""},"geometry":{"type":"Polygon","coordinates":[[[-75.53333,52.05],[-75.53333,52.04167],[-75.54167,52.04167],[-75.54167,52.05],[-75.53333,52.05]]]}},{"type":"Feature","properties":{"c":"CDC-2659662","o":"Exploration Azimut inc. 100%","e":""},"geometry":{"type":"Polygon","coordinates":[[[-75.54167,52.05],[-75.54167,52.04167],[-75.55,52.04167],[-75.55,52.05],[-75.54167,52.05]]]}},{"type":"Feature","properties":{"c":"CDC-57923","o":"Exploration Azimut inc. 100%","e":""},"geometry":{"type":"Polygon","coordinates":[[[-75.5,52.05833],[-75.5,52.05],[-75.50833,52.05],[-75.50833,52.05833],[-75.5,52.05833]]]}},{"type":"Feature","properties":{"c":"CDC-57922","o":"Exploration Azimut inc. 100%","e":""},"geometry":{"type":"Polygon","coordinates":[[[-75.50833,52.05833],[-75.50833,52.05],[-75.51667,52.05],[-75.51667,52.05833],[-75.50833,52.05833]]]}},{"type":"Feature","properties":{"c":"CDC-10264","o":"Exploration Azimut inc. 100%","e":""},"geometry":{"type":"Polygon","coordinates":[[[-75.51667,52.05833],[-75.51667,52.05],[-75.525,52.05],[-75.525,52.05833],[-75.51667,52.05833]]]}},{"type":"Feature","properties":{"c":"CDC-59280","o":"Exploration Azimut inc. 100%","e":""},"geometry":{"type":"Polygon","coordinates":[[[-75.55,52.1],[-75.55,52.09167],[-75.55833,52.09167],[-75.55833,52.1],[-75.55,52.1]]]}},{"type":"Feature","properties":{"c":"CDC-2859893","o":"Exploration Azimut inc. 100%","e":""},"geometry":{"type":"Polygon","coordinates":[[[-75.55,52.10833],[-75.55,52.1],[-75.55833,52.1],[-75.55833,52.10833],[-75.55,52.10833]]]}},{"type":"Feature","properties":{"c":"CDC-2859902","o":"Exploration Azimut inc. 100%","e":""},"geometry":{"type":"Polygon","coordinates":[[[-75.55,52.11667],[-75.55,52.10833],[-75.55833,52.10833],[-75.55833,52.11667],[-75.55,52.11667]]]}},{"type":"Feature","properties":{"c":"CDC-2859909","o":"Exploration Azimut inc. 100%","e":""},"geometry":{"type":"Polygon","coordinates":[[[-75.55,52.125],[-75.55,52.11667],[-75.55833,52.11667],[-75.55833,52.125],[-75.55,52.125]]]}},{"type":"Feature","properties":{"c":"CDC-57912","o":"Exploration Azimut inc. 100%","e":""},"geometry":{"type":"Polygon","coordinates":[[[-75.54167,52.09167],[-75.54167,52.08333],[-75.55,52.08333],[-75.55,52.09167],[-75.54167,52.09167]]]}},{"type":"Feature","properties":{"c":"CDC-59281","o":"Exploration Azimut inc. 100%","e":""},"geometry":{"type":"Polygon","coordinates":[[[-75.54167,52.1],[-75.54167,52.09167],[-75.55,52.09167],[-75.55,52.1],[-75.54167,52.1]]]}},{"type":"Feature","properties":{"c":"CDC-2859894","o":"Exploration Azimut inc. 100%","e":""},"geometry":{"type":"Polygon","coordinates":[[[-75.54167,52.10833],[-75.54167,52.1],[-75.55,52.1],[-75.55,52.10833],[-75.54167,52.10833]]]}},{"type":"Feature","properties":{"c":"CDC-2859903","o":"Exploration Azimut inc. 100%","e":""},"geometry":{"type":"Polygon","coordinates":[[[-75.54167,52.11667],[-75.54167,52.10833],[-75.55,52.10833],[-75.55,52.11667],[-75.54167,52.11667]]]}},{"type":"Feature","properties":{"c":"CDC-2859910","o":"Exploration Azimut inc. 100%","e":""},"geometry":{"type":"Polygon","coordinates":[[[-75.54167,52.125],[-75.54167,52.11667],[-75.55,52.11667],[-75.55,52.125],[-75.54167,52.125]]]}},{"type":"Feature","properties":{"c":"CDC-2859914","o":"Exploration Azimut inc. 100%","e":""},"geometry":{"type":"Polygon","coordinates":[[[-75.54167,52.13333],[-75.54167,52.125],[-75.55,52.125],[-75.55,52.13333],[-75.54167,52.13333]]]}},{"type":"Feature","properties":{"c":"CDC-57913","o":"Exploration Azimut inc. 100%","e":""},"geometry":{"type":"Polygon","coordinates":[[[-75.53333,52.09167],[-75.53333,52.08333],[-75.54167,52.08333],[-75.54167,52.09167],[-75.53333,52.09167]]]}},{"type":"Feature","properties":{"c":"CDC-58987","o":"Exploration Azimut inc. 100%","e":""},"geometry":{"type":"Polygon","coordinates":[[[-75.53333,52.1],[-75.53333,52.09167],[-75.54167,52.09167],[-75.54167,52.1],[-75.53333,52.1]]]}},{"type":"Feature","properties":{"c":"CDC-2859895","o":"Exploration Azimut inc. 100%","e":""},"geometry":{"type":"Polygon","coordinates":[[[-75.53333,52.10833],[-75.53333,52.1],[-75.54167,52.1],[-75.54167,52.10833],[-75.53333,52.10833]]]}},{"type":"Feature","properties":{"c":"CDC-2859904","o":"Exploration Azimut inc. 100%","e":""},"geometry":{"type":"Polygon","coordinates":[[[-75.53333,52.11667],[-75.53333,52.10833],[-75.54167,52.10833],[-75.54167,52.11667],[-75.53333,52.11667]]]}},{"type":"Feature","properties":{"c":"CDC-2859911","o":"Exploration Azimut inc. 100%","e":""},"geometry":{"type":"Polygon","coordinates":[[[-75.53333,52.125],[-75.53333,52.11667],[-75.54167,52.11667],[-75.54167,52.125],[-75.53333,52.125]]]}},{"type":"Feature","properties":{"c":"CDC-2859915","o":"Exploration Azimut inc. 100%","e":""},"geometry":{"type":"Polygon","coordinates":[[[-75.53333,52.13333],[-75.53333,52.125],[-75.54167,52.125],[-75.54167,52.13333],[-75.53333,52.13333]]]}},{"type":"Feature","properties":{"c":"CDC-57914","o":"Exploration Azimut inc. 100%","e":""},"geometry":{"type":"Polygon","coordinates":[[[-75.525,52.09167],[-75.525,52.08333],[-75.53333,52.08333],[-75.53333,52.09167],[-75.525,52.09167]]]}},{"type":"Feature","properties":{"c":"CDC-58257","o":"Exploration Azimut inc. 100%","e":""},"geometry":{"type":"Polygon","coordinates":[[[-75.525,52.1],[-75.525,52.09167],[-75.53333,52.09167],[-75.53333,52.1],[-75.525,52.1]]]}},{"type":"Feature","properties":{"c":"CDC-2859896","o":"Exploration Azimut inc. 100%","e":""},"geometry":{"type":"Polygon","coordinates":[[[-75.525,52.10833],[-75.525,52.1],[-75.53333,52.1],[-75.53333,52.10833],[-75.525,52.10833]]]}},{"type":"Feature","properties":{"c":"CDC-2859905","o":"Exploration Azimut inc. 100%","e":""},"geometry":{"type":"Polygon","coordinates":[[[-75.525,52.11667],[-75.525,52.10833],[-75.53333,52.10833],[-75.53333,52.11667],[-75.525,52.11667]]]}},{"type":"Feature","properties":{"c":"CDC-2859912","o":"Exploration Azimut inc. 100%","e":""},"geometry":{"type":"Polygon","coordinates":[[[-75.525,52.125],[-75.525,52.11667],[-75.53333,52.11667],[-75.53333,52.125],[-75.525,52.125]]]}},{"type":"Feature","properties":{"c":"CDC-2859916","o":"Exploration Azimut inc. 100%","e":""},"geometry":{"type":"Polygon","coordinates":[[[-75.525,52.13333],[-75.525,52.125],[-75.53333,52.125],[-75.53333,52.13333],[-75.525,52.13333]]]}},{"type":"Feature","properties":{"c":"CDC-57915","o":"Exploration Azimut inc. 100%","e":""},"geometry":{"type":"Polygon","coordinates":[[[-75.51667,52.09167],[-75.51667,52.08333],[-75.525,52.08333],[-75.525,52.09167],[-75.51667,52.09167]]]}},{"type":"Feature","properties":{"c":"CDC-58258","o":"Exploration Azimut inc. 100%","e":""},"geometry":{"type":"Polygon","coordinates":[[[-75.51667,52.1],[-75.51667,52.09167],[-75.525,52.09167],[-75.525,52.1],[-75.51667,52.1]]]}},{"type":"Feature","properties":{"c":"CDC-2859897","o":"Exploration Azimut inc. 100%","e":""},"geometry":{"type":"Polygon","coordinates":[[[-75.51667,52.10833],[-75.51667,52.1],[-75.525,52.1],[-75.525,52.10833],[-75.51667,52.10833]]]}},{"type":"Feature","properties":{"c":"CDC-2859906","o":"Exploration Azimut inc. 100%","e":""},"geometry":{"type":"Polygon","coordinates":[[[-75.51667,52.11667],[-75.51667,52.10833],[-75.525,52.10833],[-75.525,52.11667],[-75.51667,52.11667]]]}},{"type":"Feature","properties":{"c":"CDC-2859913","o":"Exploration Azimut inc. 100%","e":""},"geometry":{"type":"Polygon","coordinates":[[[-75.51667,52.125],[-75.51667,52.11667],[-75.525,52.11667],[-75.525,52.125],[-75.51667,52.125]]]}},{"type":"Feature","properties":{"c":"CDC-10232","o":"Exploration Azimut inc. 100%","e":""},"geometry":{"type":"Polygon","coordinates":[[[-75.58333,52.075],[-75.58333,52.06667],[-75.59167,52.06667],[-75.59167,52.075],[-75.58333,52.075]]]}},{"type":"Feature","properties":{"c":"CDC-57921","o":"Exploration Azimut inc. 100%","e":""},"geometry":{"type":"Polygon","coordinates":[[[-75.58333,52.08333],[-75.58333,52.075],[-75.59167,52.075],[-75.59167,52.08333],[-75.58333,52.08333]]]}},{"type":"Feature","properties":{"c":"CDC-57907","o":"Exploration Azimut inc. 100%","e":""},"geometry":{"type":"Polygon","coordinates":[[[-75.58333,52.09167],[-75.58333,52.08333],[-75.59167,52.08333],[-75.59167,52.09167],[-75.58333,52.09167]]]}},{"type":"Feature","properties":{"c":"CDC-59011","o":"Exploration Azimut inc. 100%","e":""},"geometry":{"type":"Polygon","coordinates":[[[-75.58333,52.1],[-75.58333,52.09167],[-75.59167,52.09167],[-75.59167,52.1],[-75.58333,52.1]]]}},{"type":"Feature","properties":{"c":"CDC-2859889","o":"Exploration Azimut inc. 100%","e":""},"geometry":{"type":"Polygon","coordinates":[[[-75.58333,52.10833],[-75.58333,52.1],[-75.59167,52.1],[-75.59167,52.10833],[-75.58333,52.10833]]]}},{"type":"Feature","properties":{"c":"CDC-10233","o":"Exploration Azimut inc. 100%","e":""},"geometry":{"type":"Polygon","coordinates":[[[-75.575,52.075],[-75.575,52.06667],[-75.58333,52.06667],[-75.58333,52.075],[-75.575,52.075]]]}},{"type":"Feature","properties":{"c":"CDC-12813","o":"Exploration Azimut inc. 100%","e":""},"geometry":{"type":"Polygon","coordinates":[[[-75.575,52.08333],[-75.575,52.075],[-75.58333,52.075],[-75.58333,52.08333],[-75.575,52.08333]]]}},{"type":"Feature","properties":{"c":"CDC-57908","o":"Exploration Azimut inc. 100%","e":""},"geometry":{"type":"Polygon","coordinates":[[[-75.575,52.09167],[-75.575,52.08333],[-75.58333,52.08333],[-75.58333,52.09167],[-75.575,52.09167]]]}},{"type":"Feature","properties":{"c":"CDC-59012","o":"Exploration Azimut inc. 100%","e":""},"geometry":{"type":"Polygon","coordinates":[[[-75.575,52.1],[-75.575,52.09167],[-75.58333,52.09167],[-75.58333,52.1],[-75.575,52.1]]]}},{"type":"Feature","properties":{"c":"CDC-2859890","o":"Exploration Azimut inc. 100%","e":""},"geometry":{"type":"Polygon","coordinates":[[[-75.575,52.10833],[-75.575,52.1],[-75.58333,52.1],[-75.58333,52.10833],[-75.575,52.10833]]]}},{"type":"Feature","properties":{"c":"CDC-10234","o":"Exploration Azimut inc. 100%","e":""},"geometry":{"type":"Polygon","coordinates":[[[-75.56667,52.075],[-75.56667,52.06667],[-75.575,52.06667],[-75.575,52.075],[-75.56667,52.075]]]}},{"type":"Feature","properties":{"c":"CDC-12814","o":"Exploration Azimut inc. 100%","e":""},"geometry":{"type":"Polygon","coordinates":[[[-75.56667,52.08333],[-75.56667,52.075],[-75.575,52.075],[-75.575,52.08333],[-75.56667,52.08333]]]}},{"type":"Feature","properties":{"c":"CDC-57909","o":"Exploration Azimut inc. 100%","e":""},"geometry":{"type":"Polygon","coordinates":[[[-75.56667,52.09167],[-75.56667,52.08333],[-75.575,52.08333],[-75.575,52.09167],[-75.56667,52.09167]]]}},{"type":"Feature","properties":{"c":"CDC-59278","o":"Exploration Azimut inc. 100%","e":""},"geometry":{"type":"Polygon","coordinates":[[[-75.56667,52.1],[-75.56667,52.09167],[-75.575,52.09167],[-75.575,52.1],[-75.56667,52.1]]]}},{"type":"Feature","properties":{"c":"CDC-2859891","o":"Exploration Azimut inc. 100%","e":""},"geometry":{"type":"Polygon","coordinates":[[[-75.56667,52.10833],[-75.56667,52.1],[-75.575,52.1],[-75.575,52.10833],[-75.56667,52.10833]]]}},{"type":"Feature","properties":{"c":"CDC-2859900","o":"Exploration Azimut inc. 100%","e":""},"geometry":{"type":"Polygon","coordinates":[[[-75.56667,52.11667],[-75.56667,52.10833],[-75.575,52.10833],[-75.575,52.11667],[-75.56667,52.11667]]]}},{"type":"Feature","properties":{"c":"CDC-2859907","o":"Exploration Azimut inc. 100%","e":""},"geometry":{"type":"Polygon","coordinates":[[[-75.56667,52.125],[-75.56667,52.11667],[-75.575,52.11667],[-75.575,52.125],[-75.56667,52.125]]]}},{"type":"Feature","properties":{"c":"CDC-10235","o":"Exploration Azimut inc. 100%","e":""},"geometry":{"type":"Polygon","coordinates":[[[-75.55833,52.075],[-75.55833,52.06667],[-75.56667,52.06667],[-75.56667,52.075],[-75.55833,52.075]]]}},{"type":"Feature","properties":{"c":"CDC-12815","o":"Exploration Azimut inc. 100%","e":""},"geometry":{"type":"Polygon","coordinates":[[[-75.55833,52.08333],[-75.55833,52.075],[-75.56667,52.075],[-75.56667,52.08333],[-75.55833,52.08333]]]}},{"type":"Feature","properties":{"c":"CDC-57910","o":"Exploration Azimut inc. 100%","e":""},"geometry":{"type":"Polygon","coordinates":[[[-75.55833,52.09167],[-75.55833,52.08333],[-75.56667,52.08333],[-75.56667,52.09167],[-75.55833,52.09167]]]}},{"type":"Feature","properties":{"c":"CDC-59279","o":"Exploration Azimut inc. 100%","e":""},"geometry":{"type":"Polygon","coordinates":[[[-75.55833,52.1],[-75.55833,52.09167],[-75.56667,52.09167],[-75.56667,52.1],[-75.55833,52.1]]]}},{"type":"Feature","properties":{"c":"CDC-2859892","o":"Exploration Azimut inc. 100%","e":""},"geometry":{"type":"Polygon","coordinates":[[[-75.55833,52.10833],[-75.55833,52.1],[-75.56667,52.1],[-75.56667,52.10833],[-75.55833,52.10833]]]}},{"type":"Feature","properties":{"c":"CDC-2859901","o":"Exploration Azimut inc. 100%","e":""},"geometry":{"type":"Polygon","coordinates":[[[-75.55833,52.11667],[-75.55833,52.10833],[-75.56667,52.10833],[-75.56667,52.11667],[-75.55833,52.11667]]]}},{"type":"Feature","properties":{"c":"CDC-2859908","o":"Exploration Azimut inc. 100%","e":""},"geometry":{"type":"Polygon","coordinates":[[[-75.55833,52.125],[-75.55833,52.11667],[-75.56667,52.11667],[-75.56667,52.125],[-75.55833,52.125]]]}},{"type":"Feature","properties":{"c":"CDC-10236","o":"Exploration Azimut inc. 100%","e":""},"geometry":{"type":"Polygon","coordinates":[[[-75.55,52.075],[-75.55,52.06667],[-75.55833,52.06667],[-75.55833,52.075],[-75.55,52.075]]]}},{"type":"Feature","properties":{"c":"CDC-12816","o":"Exploration Azimut inc. 100%","e":""},"geometry":{"type":"Polygon","coordinates":[[[-75.55,52.08333],[-75.55,52.075],[-75.55833,52.075],[-75.55833,52.08333],[-75.55,52.08333]]]}},{"type":"Feature","properties":{"c":"CDC-57911","o":"Exploration Azimut inc. 100%","e":""},"geometry":{"type":"Polygon","coordinates":[[[-75.55,52.09167],[-75.55,52.08333],[-75.55833,52.08333],[-75.55833,52.09167],[-75.55,52.09167]]]}},{"type":"Feature","properties":{"c":"CDC-2659991","o":"Exploration Azimut inc. 100%","e":""},"geometry":{"type":"Polygon","coordinates":[[[-75.58333,52.04167],[-75.58333,52.03333],[-75.59167,52.03333],[-75.59167,52.04167],[-75.58333,52.04167]]]}},{"type":"Feature","properties":{"c":"CDC-2659657","o":"Exploration Azimut inc. 100%","e":""},"geometry":{"type":"Polygon","coordinates":[[[-75.58333,52.05],[-75.58333,52.04167],[-75.59167,52.04167],[-75.59167,52.05],[-75.58333,52.05]]]}},{"type":"Feature","properties":{"c":"CDC-10256","o":"Exploration Azimut inc. 100%","e":""},"geometry":{"type":"Polygon","coordinates":[[[-75.58333,52.05833],[-75.58333,52.05],[-75.59167,52.05],[-75.59167,52.05833],[-75.58333,52.05833]]]}},{"type":"Feature","properties":{"c":"CDC-10244","o":"Exploration Azimut inc. 100%","e":""},"geometry":{"type":"Polygon","coordinates":[[[-75.58333,52.06667],[-75.58333,52.05833],[-75.59167,52.05833],[-75.59167,52.06667],[-75.58333,52.06667]]]}},{"type":"Feature","properties":{"c":"CDC-2844956","o":"Exploration Azimut inc. 100%","e":""},"geometry":{"type":"Polygon","coordinates":[[[-75.575,52.025],[-75.575,52.01667],[-75.58333,52.01667],[-75.58333,52.025],[-75.575,52.025]]]}},{"type":"Feature","properties":{"c":"CDC-2659981","o":"Exploration Azimut inc. 100%","e":""},"geometry":{"type":"Polygon","coordinates":[[[-75.575,52.03333],[-75.575,52.025],[-75.58333,52.025],[-75.58333,52.03333],[-75.575,52.03333]]]}},{"type":"Feature","properties":{"c":"CDC-2659992","o":"Exploration Azimut inc. 100%","e":""},"geometry":{"type":"Polygon","coordinates":[[[-75.575,52.04167],[-75.575,52.03333],[-75.58333,52.03333],[-75.58333,52.04167],[-75.575,52.04167]]]}},{"type":"Feature","properties":{"c":"CDC-2659658","o":"Exploration Azimut inc. 100%","e":""},"geometry":{"type":"Polygon","coordinates":[[[-75.575,52.05],[-75.575,52.04167],[-75.58333,52.04167],[-75.58333,52.05],[-75.575,52.05]]]}},{"type":"Feature","properties":{"c":"CDC-10257","o":"Exploration Azimut inc. 100%","e":""},"geometry":{"type":"Polygon","coordinates":[[[-75.575,52.05833],[-75.575,52.05],[-75.58333,52.05],[-75.58333,52.05833],[-75.575,52.05833]]]}},{"type":"Feature","properties":{"c":"CDC-10245","o":"Exploration Azimut inc. 100%","e":""},"geometry":{"type":"Polygon","coordinates":[[[-75.575,52.06667],[-75.575,52.05833],[-75.58333,52.05833],[-75.58333,52.06667],[-75.575,52.06667]]]}},{"type":"Feature","properties":{"c":"CDC-2659982","o":"Exploration Azimut inc. 100%","e":""},"geometry":{"type":"Polygon","coordinates":[[[-75.56667,52.03333],[-75.56667,52.025],[-75.575,52.025],[-75.575,52.03333],[-75.56667,52.03333]]]}},{"type":"Feature","properties":{"c":"CDC-2659993","o":"Exploration Azimut inc. 100%","e":""},"geometry":{"type":"Polygon","coordinates":[[[-75.56667,52.04167],[-75.56667,52.03333],[-75.575,52.03333],[-75.575,52.04167],[-75.56667,52.04167]]]}},{"type":"Feature","properties":{"c":"CDC-2659659","o":"Exploration Azimut inc. 100%","e":""},"geometry":{"type":"Polygon","coordinates":[[[-75.56667,52.05],[-75.56667,52.04167],[-75.575,52.04167],[-75.575,52.05],[-75.56667,52.05]]]}},{"type":"Feature","properties":{"c":"CDC-10258","o":"Exploration Azimut inc. 100%","e":""},"geometry":{"type":"Polygon","coordinates":[[[-75.56667,52.05833],[-75.56667,52.05],[-75.575,52.05],[-75.575,52.05833],[-75.56667,52.05833]]]}},{"type":"Feature","properties":{"c":"CDC-10246","o":"Exploration Azimut inc. 100%","e":""},"geometry":{"type":"Polygon","coordinates":[[[-75.56667,52.06667],[-75.56667,52.05833],[-75.575,52.05833],[-75.575,52.06667],[-75.56667,52.06667]]]}},{"type":"Feature","properties":{"c":"CDC-2659983","o":"Exploration Azimut inc. 100%","e":""},"geometry":{"type":"Polygon","coordinates":[[[-75.55833,52.03333],[-75.55833,52.025],[-75.56667,52.025],[-75.56667,52.03333],[-75.55833,52.03333]]]}},{"type":"Feature","properties":{"c":"CDC-2659994","o":"Exploration Azimut inc. 100%","e":""},"geometry":{"type":"Polygon","coordinates":[[[-75.55833,52.04167],[-75.55833,52.03333],[-75.56667,52.03333],[-75.56667,52.04167],[-75.55833,52.04167]]]}},{"type":"Feature","properties":{"c":"CDC-2659660","o":"Exploration Azimut inc. 100%","e":""},"geometry":{"type":"Polygon","coordinates":[[[-75.55833,52.05],[-75.55833,52.04167],[-75.56667,52.04167],[-75.56667,52.05],[-75.55833,52.05]]]}},{"type":"Feature","properties":{"c":"CDC-10259","o":"Exploration Azimut inc. 100%","e":""},"geometry":{"type":"Polygon","coordinates":[[[-75.55833,52.05833],[-75.55833,52.05],[-75.56667,52.05],[-75.56667,52.05833],[-75.55833,52.05833]]]}},{"type":"Feature","properties":{"c":"CDC-10247","o":"Exploration Azimut inc. 100%","e":""},"geometry":{"type":"Polygon","coordinates":[[[-75.55833,52.06667],[-75.55833,52.05833],[-75.56667,52.05833],[-75.56667,52.06667],[-75.55833,52.06667]]]}},{"type":"Feature","properties":{"c":"CDC-2681993","o":"Exploration Azimut inc. 100%","e":""},"geometry":{"type":"Polygon","coordinates":[[[-75.55,52.03333],[-75.55,52.025],[-75.55833,52.025],[-75.55833,52.03333],[-75.55,52.03333]]]}},{"type":"Feature","properties":{"c":"CDC-2659995","o":"Exploration Azimut inc. 100%","e":""},"geometry":{"type":"Polygon","coordinates":[[[-75.55,52.04167],[-75.55,52.03333],[-75.55833,52.03333],[-75.55833,52.04167],[-75.55,52.04167]]]}},{"type":"Feature","properties":{"c":"CDC-2659661","o":"Exploration Azimut inc. 100%","e":""},"geometry":{"type":"Polygon","coordinates":[[[-75.55,52.05],[-75.55,52.04167],[-75.55833,52.04167],[-75.55833,52.05],[-75.55,52.05]]]}},{"type":"Feature","properties":{"c":"CDC-10260","o":"Exploration Azimut inc. 100%","e":""},"geometry":{"type":"Polygon","coordinates":[[[-75.55,52.05833],[-75.55,52.05],[-75.55833,52.05],[-75.55833,52.05833],[-75.55,52.05833]]]}},{"type":"Feature","properties":{"c":"CDC-10248","o":"Exploration Azimut inc. 100%","e":""},"geometry":{"type":"Polygon","coordinates":[[[-75.55,52.06667],[-75.55,52.05833],[-75.55833,52.05833],[-75.55833,52.06667],[-75.55,52.06667]]]}},{"type":"Feature","properties":{"c":"CDC-2840632","o":"Exploration Azimut inc. 100%","e":""},"geometry":{"type":"Polygon","coordinates":[[[-75.54167,52.03333],[-75.54167,52.025],[-75.55,52.025],[-75.55,52.03333],[-75.54167,52.03333]]]}},{"type":"Feature","properties":{"c":"CDC-2659996","o":"Exploration Azimut inc. 100%","e":""},"geometry":{"type":"Polygon","coordinates":[[[-75.54167,52.04167],[-75.54167,52.03333],[-75.55,52.03333],[-75.55,52.04167],[-75.54167,52.04167]]]}},{"type":"Feature","properties":{"c":"CDC-86856","o":"Eastmain Resources Inc. 100%","e":""},"geometry":{"type":"Polygon","coordinates":[[[-75.60833,52.19167],[-75.60833,52.18333],[-75.61667,52.18333],[-75.61667,52.19167],[-75.60833,52.19167]]]}},{"type":"Feature","properties":{"c":"CDC-2521848","o":"Eastmain Resources Inc. 100%","e":""},"geometry":{"type":"Polygon","coordinates":[[[-75.6,52.175],[-75.6,52.16667],[-75.60833,52.16667],[-75.60833,52.175],[-75.6,52.175]]]}},{"type":"Feature","properties":{"c":"CDC-75831","o":"Eastmain Resources Inc. 100%","e":""},"geometry":{"type":"Polygon","coordinates":[[[-75.6,52.18333],[-75.6,52.175],[-75.60833,52.175],[-75.60833,52.18333],[-75.6,52.18333]]]}},{"type":"Feature","properties":{"c":"CDC-75895","o":"Eastmain Resources Inc. 100%","e":""},"geometry":{"type":"Polygon","coordinates":[[[-75.6,52.19167],[-75.6,52.18333],[-75.60833,52.18333],[-75.60833,52.19167],[-75.6,52.19167]]]}},{"type":"Feature","properties":{"c":"CDC-2521849","o":"Eastmain Resources Inc. 100%","e":""},"geometry":{"type":"Polygon","coordinates":[[[-75.59167,52.175],[-75.59167,52.16667],[-75.6,52.16667],[-75.6,52.175],[-75.59167,52.175]]]}},{"type":"Feature","properties":{"c":"CDC-75832","o":"Eastmain Resources Inc. 100%","e":""},"geometry":{"type":"Polygon","coordinates":[[[-75.59167,52.18333],[-75.59167,52.175],[-75.6,52.175],[-75.6,52.18333],[-75.59167,52.18333]]]}},{"type":"Feature","properties":{"c":"CDC-75896","o":"Eastmain Resources Inc. 100%","e":""},"geometry":{"type":"Polygon","coordinates":[[[-75.59167,52.19167],[-75.59167,52.18333],[-75.6,52.18333],[-75.6,52.19167],[-75.59167,52.19167]]]}},{"type":"Feature","properties":{"c":"CDC-2521850","o":"Eastmain Resources Inc. 100%","e":""},"geometry":{"type":"Polygon","coordinates":[[[-75.58333,52.175],[-75.58333,52.16667],[-75.59167,52.16667],[-75.59167,52.175],[-75.58333,52.175]]]}},{"type":"Feature","properties":{"c":"CDC-75833","o":"Eastmain Resources Inc. 100%","e":""},"geometry":{"type":"Polygon","coordinates":[[[-75.58333,52.18333],[-75.58333,52.175],[-75.59167,52.175],[-75.59167,52.18333],[-75.58333,52.18333]]]}},{"type":"Feature","properties":{"c":"CDC-75897","o":"Eastmain Resources Inc. 100%","e":""},"geometry":{"type":"Polygon","coordinates":[[[-75.58333,52.19167],[-75.58333,52.18333],[-75.59167,52.18333],[-75.59167,52.19167],[-75.58333,52.19167]]]}},{"type":"Feature","properties":{"c":"CDC-2521851","o":"Eastmain Resources Inc. 100%","e":""},"geometry":{"type":"Polygon","coordinates":[[[-75.575,52.175],[-75.575,52.16667],[-75.58333,52.16667],[-75.58333,52.175],[-75.575,52.175]]]}},{"type":"Feature","properties":{"c":"CDC-2521857","o":"Eastmain Resources Inc. 100%","e":""},"geometry":{"type":"Polygon","coordinates":[[[-75.575,52.18333],[-75.575,52.175],[-75.58333,52.175],[-75.58333,52.18333],[-75.575,52.18333]]]}},{"type":"Feature","properties":{"c":"CDC-75898","o":"Eastmain Resources Inc. 100%","e":""},"geometry":{"type":"Polygon","coordinates":[[[-75.575,52.19167],[-75.575,52.18333],[-75.58333,52.18333],[-75.58333,52.19167],[-75.575,52.19167]]]}},{"type":"Feature","properties":{"c":"CDC-2506712","o":"Exploration Midland inc. 100%","e":""},"geometry":{"type":"Polygon","coordinates":[[[-75.56667,52.15],[-75.56667,52.14167],[-75.575,52.14167],[-75.575,52.15],[-75.56667,52.15]]]}},{"type":"Feature","properties":{"c":"CDC-2506721","o":"Exploration Midland inc. 100%","e":""},"geometry":{"type":"Polygon","coordinates":[[[-75.56667,52.15833],[-75.56667,52.15],[-75.575,52.15],[-75.575,52.15833],[-75.56667,52.15833]]]}},{"type":"Feature","properties":{"c":"CDC-2521852","o":"Eastmain Resources Inc. 100%","e":""},"geometry":{"type":"Polygon","coordinates":[[[-75.56667,52.175],[-75.56667,52.16667],[-75.575,52.16667],[-75.575,52.175],[-75.56667,52.175]]]}},{"type":"Feature","properties":{"c":"CDC-2521858","o":"Eastmain Resources Inc. 100%","e":""},"geometry":{"type":"Polygon","coordinates":[[[-75.56667,52.18333],[-75.56667,52.175],[-75.575,52.175],[-75.575,52.18333],[-75.56667,52.18333]]]}},{"type":"Feature","properties":{"c":"CDC-75899","o":"Eastmain Resources Inc. 100%","e":""},"geometry":{"type":"Polygon","coordinates":[[[-75.56667,52.19167],[-75.56667,52.18333],[-75.575,52.18333],[-75.575,52.19167],[-75.56667,52.19167]]]}},{"type":"Feature","properties":{"c":"CDC-2506713","o":"Exploration Midland inc. 100%","e":""},"geometry":{"type":"Polygon","coordinates":[[[-75.55833,52.15],[-75.55833,52.14167],[-75.56667,52.14167],[-75.56667,52.15],[-75.55833,52.15]]]}},{"type":"Feature","properties":{"c":"CDC-2506722","o":"Exploration Midland inc. 100%","e":""},"geometry":{"type":"Polygon","coordinates":[[[-75.55833,52.15833],[-75.55833,52.15],[-75.56667,52.15],[-75.56667,52.15833],[-75.55833,52.15833]]]}},{"type":"Feature","properties":{"c":"CDC-2506730","o":"Exploration Midland inc. 100%","e":""},"geometry":{"type":"Polygon","coordinates":[[[-75.55833,52.16667],[-75.55833,52.15833],[-75.56667,52.15833],[-75.56667,52.16667],[-75.55833,52.16667]]]}},{"type":"Feature","properties":{"c":"CDC-2521853","o":"Eastmain Resources Inc. 100%","e":""},"geometry":{"type":"Polygon","coordinates":[[[-75.55833,52.175],[-75.55833,52.16667],[-75.56667,52.16667],[-75.56667,52.175],[-75.55833,52.175]]]}},{"type":"Feature","properties":{"c":"CDC-2521859","o":"Eastmain Resources Inc. 100%","e":""},"geometry":{"type":"Polygon","coordinates":[[[-75.55833,52.18333],[-75.55833,52.175],[-75.56667,52.175],[-75.56667,52.18333],[-75.55833,52.18333]]]}},{"type":"Feature","properties":{"c":"CDC-75900","o":"Eastmain Resources Inc. 100%","e":""},"geometry":{"type":"Polygon","coordinates":[[[-75.55833,52.19167],[-75.55833,52.18333],[-75.56667,52.18333],[-75.56667,52.19167],[-75.55833,52.19167]]]}},{"type":"Feature","properties":{"c":"CDC-2506714","o":"Exploration Midland inc. 100%","e":""},"geometry":{"type":"Polygon","coordinates":[[[-75.55,52.15],[-75.55,52.14167],[-75.55833,52.14167],[-75.55833,52.15],[-75.55,52.15]]]}},{"type":"Feature","properties":{"c":"CDC-2506723","o":"Exploration Midland inc. 100%","e":""},"geometry":{"type":"Polygon","coordinates":[[[-75.55,52.15833],[-75.55,52.15],[-75.55833,52.15],[-75.55833,52.15833],[-75.55,52.15833]]]}},{"type":"Feature","properties":{"c":"CDC-2506731","o":"Exploration Midland inc. 100%","e":""},"geometry":{"type":"Polygon","coordinates":[[[-75.55,52.16667],[-75.55,52.15833],[-75.55833,52.15833],[-75.55833,52.16667],[-75.55,52.16667]]]}},{"type":"Feature","properties":{"c":"CDC-75891","o":"Eastmain Resources Inc. 100%","e":""},"geometry":{"type":"Polygon","coordinates":[[[-75.55833,52.2],[-75.55833,52.19167],[-75.56667,52.19167],[-75.56667,52.2],[-75.55833,52.2]]]}},{"type":"Feature","properties":{"c":"CDC-75890","o":"Eastmain Resources Inc. 100%","e":""},"geometry":{"type":"Polygon","coordinates":[[[-75.56667,52.2],[-75.56667,52.19167],[-75.575,52.19167],[-75.575,52.2],[-75.56667,52.2]]]}},{"type":"Feature","properties":{"c":"CDC-75889","o":"Eastmain Resources Inc. 100%","e":""},"geometry":{"type":"Polygon","coordinates":[[[-75.575,52.2],[-75.575,52.19167],[-75.58333,52.19167],[-75.58333,52.2],[-75.575,52.2]]]}},{"type":"Feature","properties":{"c":"CDC-86847","o":"Eastmain Resources Inc. 100%","e":""},"geometry":{"type":"Polygon","coordinates":[[[-75.58333,52.2],[-75.58333,52.19167],[-75.59167,52.19167],[-75.59167,52.2],[-75.58333,52.2]]]}},{"type":"Feature","properties":{"c":"CDC-86846","o":"Eastmain Resources Inc. 100%","e":""},"geometry":{"type":"Polygon","coordinates":[[[-75.59167,52.2],[-75.59167,52.19167],[-75.6,52.19167],[-75.6,52.2],[-75.59167,52.2]]]}},{"type":"Feature","properties":{"c":"CDC-86845","o":"Eastmain Resources Inc. 100%","e":""},"geometry":{"type":"Polygon","coordinates":[[[-75.6,52.2],[-75.6,52.19167],[-75.60833,52.19167],[-75.60833,52.2],[-75.6,52.2]]]}},{"type":"Feature","properties":{"c":"CDC-86844","o":"Eastmain Resources Inc. 100%","e":""},"geometry":{"type":"Polygon","coordinates":[[[-75.60833,52.2],[-75.60833,52.19167],[-75.61667,52.19167],[-75.61667,52.2],[-75.60833,52.2]]]}},{"type":"Feature","properties":{"c":"CDC-86843","o":"Eastmain Resources Inc. 100%","e":""},"geometry":{"type":"Polygon","coordinates":[[[-75.61667,52.2],[-75.61667,52.19167],[-75.625,52.19167],[-75.625,52.2],[-75.61667,52.2]]]}},{"type":"Feature","properties":{"c":"CDC-75886","o":"Eastmain Resources Inc. 100%","e":""},"geometry":{"type":"Polygon","coordinates":[[[-75.55833,52.20833],[-75.55833,52.2],[-75.56667,52.2],[-75.56667,52.20833],[-75.55833,52.20833]]]}},{"type":"Feature","properties":{"c":"CDC-75885","o":"Eastmain Resources Inc. 100%","e":""},"geometry":{"type":"Polygon","coordinates":[[[-75.56667,52.20833],[-75.56667,52.2],[-75.575,52.2],[-75.575,52.20833],[-75.56667,52.20833]]]}},{"type":"Feature","properties":{"c":"CDC-86842","o":"Eastmain Resources Inc. 100%","e":""},"geometry":{"type":"Polygon","coordinates":[[[-75.575,52.20833],[-75.575,52.2],[-75.58333,52.2],[-75.58333,52.20833],[-75.575,52.20833]]]}},{"type":"Feature","properties":{"c":"CDC-86841","o":"Eastmain Resources Inc. 100%","e":""},"geometry":{"type":"Polygon","coordinates":[[[-75.58333,52.20833],[-75.58333,52.2],[-75.59167,52.2],[-75.59167,52.20833],[-75.58333,52.20833]]]}},{"type":"Feature","properties":{"c":"CDC-86840","o":"Eastmain Resources Inc. 100%","e":""},"geometry":{"type":"Polygon","coordinates":[[[-75.59167,52.20833],[-75.59167,52.2],[-75.6,52.2],[-75.6,52.20833],[-75.59167,52.20833]]]}},{"type":"Feature","properties":{"c":"CDC-1132615","o":"Eastmain Resources Inc. 100%","e":""},"geometry":{"type":"Polygon","coordinates":[[[-75.6,52.20833],[-75.6,52.2],[-75.60833,52.2],[-75.60833,52.20833],[-75.6,52.20833]]]}},{"type":"Feature","properties":{"c":"CDC-1132614","o":"Eastmain Resources Inc. 100%","e":""},"geometry":{"type":"Polygon","coordinates":[[[-75.60833,52.20833],[-75.60833,52.2],[-75.61667,52.2],[-75.61667,52.20833],[-75.60833,52.20833]]]}},{"type":"Feature","properties":{"c":"CDC-1132613","o":"Eastmain Resources Inc. 100%","e":""},"geometry":{"type":"Polygon","coordinates":[[[-75.61667,52.20833],[-75.61667,52.2],[-75.625,52.2],[-75.625,52.20833],[-75.61667,52.20833]]]}},{"type":"Feature","properties":{"c":"CDC-75882","o":"Eastmain Resources Inc. 100%","e":""},"geometry":{"type":"Polygon","coordinates":[[[-75.55833,52.21667],[-75.55833,52.20833],[-75.56667,52.20833],[-75.56667,52.21667],[-75.55833,52.21667]]]}},{"type":"Feature","properties":{"c":"CDC-75881","o":"Eastmain Resources Inc. 100%","e":""},"geometry":{"type":"Polygon","coordinates":[[[-75.56667,52.21667],[-75.56667,52.20833],[-75.575,52.20833],[-75.575,52.21667],[-75.56667,52.21667]]]}},{"type":"Feature","properties":{"c":"CDC-86839","o":"Eastmain Resources Inc. 100%","e":""},"geometry":{"type":"Polygon","coordinates":[[[-75.575,52.21667],[-75.575,52.20833],[-75.58333,52.20833],[-75.58333,52.21667],[-75.575,52.21667]]]}},{"type":"Feature","properties":{"c":"CDC-86838","o":"Eastmain Resources Inc. 100%","e":""},"geometry":{"type":"Polygon","coordinates":[[[-75.58333,52.21667],[-75.58333,52.20833],[-75.59167,52.20833],[-75.59167,52.21667],[-75.58333,52.21667]]]}},{"type":"Feature","properties":{"c":"CDC-1132648","o":"Eastmain Resources Inc. 100%","e":""},"geometry":{"type":"Polygon","coordinates":[[[-75.59167,52.21667],[-75.59167,52.20833],[-75.6,52.20833],[-75.6,52.21667],[-75.59167,52.21667]]]}},{"type":"Feature","properties":{"c":"CDC-1132647","o":"Eastmain Resources Inc. 100%","e":""},"geometry":{"type":"Polygon","coordinates":[[[-75.6,52.21667],[-75.6,52.20833],[-75.60833,52.20833],[-75.60833,52.21667],[-75.6,52.21667]]]}},{"type":"Feature","properties":{"c":"CDC-1132646","o":"Eastmain Resources Inc. 100%","e":""},"geometry":{"type":"Polygon","coordinates":[[[-75.60833,52.21667],[-75.60833,52.20833],[-75.61667,52.20833],[-75.61667,52.21667],[-75.60833,52.21667]]]}},{"type":"Feature","properties":{"c":"CDC-1132645","o":"Eastmain Resources Inc. 100%","e":""},"geometry":{"type":"Polygon","coordinates":[[[-75.61667,52.21667],[-75.61667,52.20833],[-75.625,52.20833],[-75.625,52.21667],[-75.61667,52.21667]]]}},{"type":"Feature","properties":{"c":"CDC-75876","o":"Eastmain Resources Inc. 100%","e":""},"geometry":{"type":"Polygon","coordinates":[[[-75.56667,52.225],[-75.56667,52.21667],[-75.575,52.21667],[-75.575,52.225],[-75.56667,52.225]]]}},{"type":"Feature","properties":{"c":"CDC-86837","o":"Eastmain Resources Inc. 100%","e":""},"geometry":{"type":"Polygon","coordinates":[[[-75.575,52.225],[-75.575,52.21667],[-75.58333,52.21667],[-75.58333,52.225],[-75.575,52.225]]]}},{"type":"Feature","properties":{"c":"CDC-86836","o":"Eastmain Resources Inc. 100%","e":""},"geometry":{"type":"Polygon","coordinates":[[[-75.58333,52.225],[-75.58333,52.21667],[-75.59167,52.21667],[-75.59167,52.225],[-75.58333,52.225]]]}},{"type":"Feature","properties":{"c":"CDC-86835","o":"Eastmain Resources Inc. 100%","e":""},"geometry":{"type":"Polygon","coordinates":[[[-75.59167,52.225],[-75.59167,52.21667],[-75.6,52.21667],[-75.6,52.225],[-75.59167,52.225]]]}},{"type":"Feature","properties":{"c":"CDC-1132673","o":"Eastmain Resources Inc. 100%","e":""},"geometry":{"type":"Polygon","coordinates":[[[-75.6,52.225],[-75.6,52.21667],[-75.60833,52.21667],[-75.60833,52.225],[-75.6,52.225]]]}},{"type":"Feature","properties":{"c":"CDC-1132672","o":"Eastmain Resources Inc. 100%","e":""},"geometry":{"type":"Polygon","coordinates":[[[-75.60833,52.225],[-75.60833,52.21667],[-75.61667,52.21667],[-75.61667,52.225],[-75.60833,52.225]]]}},{"type":"Feature","properties":{"c":"CDC-1132671","o":"Eastmain Resources Inc. 100%","e":""},"geometry":{"type":"Polygon","coordinates":[[[-75.61667,52.225],[-75.61667,52.21667],[-75.625,52.21667],[-75.625,52.225],[-75.61667,52.225]]]}},{"type":"Feature","properties":{"c":"CDC-75871","o":"Eastmain Resources Inc. 100%","e":""},"geometry":{"type":"Polygon","coordinates":[[[-75.56667,52.23333],[-75.56667,52.225],[-75.575,52.225],[-75.575,52.23333],[-75.56667,52.23333]]]}},{"type":"Feature","properties":{"c":"CDC-75870","o":"Eastmain Resources Inc. 100%","e":""},"geometry":{"type":"Polygon","coordinates":[[[-75.575,52.23333],[-75.575,52.225],[-75.58333,52.225],[-75.58333,52.23333],[-75.575,52.23333]]]}},{"type":"Feature","properties":{"c":"CDC-86829","o":"Eastmain Resources Inc. 100%","e":""},"geometry":{"type":"Polygon","coordinates":[[[-75.58333,52.23333],[-75.58333,52.225],[-75.59167,52.225],[-75.59167,52.23333],[-75.58333,52.23333]]]}},{"type":"Feature","properties":{"c":"CDC-86828","o":"Eastmain Resources Inc. 100%","e":""},"geometry":{"type":"Polygon","coordinates":[[[-75.59167,52.23333],[-75.59167,52.225],[-75.6,52.225],[-75.6,52.23333],[-75.59167,52.23333]]]}},{"type":"Feature","properties":{"c":"CDC-86827","o":"Eastmain Resources Inc. 100%","e":""},"geometry":{"type":"Polygon","coordinates":[[[-75.6,52.23333],[-75.6,52.225],[-75.60833,52.225],[-75.60833,52.23333],[-75.6,52.23333]]]}},{"type":"Feature","properties":{"c":"CDC-86826","o":"Eastmain Resources Inc. 100%","e":""},"geometry":{"type":"Polygon","coordinates":[[[-75.60833,52.23333],[-75.60833,52.225],[-75.61667,52.225],[-75.61667,52.23333],[-75.60833,52.23333]]]}},{"type":"Feature","properties":{"c":"CDC-86825","o":"Eastmain Resources Inc. 100%","e":""},"geometry":{"type":"Polygon","coordinates":[[[-75.61667,52.23333],[-75.61667,52.225],[-75.625,52.225],[-75.625,52.23333],[-75.61667,52.23333]]]}},{"type":"Feature","properties":{"c":"CDC-75864","o":"Eastmain Resources Inc. 100%","e":""},"geometry":{"type":"Polygon","coordinates":[[[-75.56667,52.24167],[-75.56667,52.23333],[-75.575,52.23333],[-75.575,52.24167],[-75.56667,52.24167]]]}},{"type":"Feature","properties":{"c":"CDC-75863","o":"Eastmain Resources Inc. 100%","e":""},"geometry":{"type":"Polygon","coordinates":[[[-75.575,52.24167],[-75.575,52.23333],[-75.58333,52.23333],[-75.58333,52.24167],[-75.575,52.24167]]]}},{"type":"Feature","properties":{"c":"CDC-75862","o":"Eastmain Resources Inc. 100%","e":""},"geometry":{"type":"Polygon","coordinates":[[[-75.58333,52.24167],[-75.58333,52.23333],[-75.59167,52.23333],[-75.59167,52.24167],[-75.58333,52.24167]]]}},{"type":"Feature","properties":{"c":"CDC-75861","o":"Eastmain Resources Inc. 100%","e":""},"geometry":{"type":"Polygon","coordinates":[[[-75.59167,52.24167],[-75.59167,52.23333],[-75.6,52.23333],[-75.6,52.24167],[-75.59167,52.24167]]]}},{"type":"Feature","properties":{"c":"CDC-75860","o":"Eastmain Resources Inc. 100%","e":""},"geometry":{"type":"Polygon","coordinates":[[[-75.6,52.24167],[-75.6,52.23333],[-75.60833,52.23333],[-75.60833,52.24167],[-75.6,52.24167]]]}},{"type":"Feature","properties":{"c":"CDC-75859","o":"Eastmain Resources Inc. 100%","e":""},"geometry":{"type":"Polygon","coordinates":[[[-75.60833,52.24167],[-75.60833,52.23333],[-75.61667,52.23333],[-75.61667,52.24167],[-75.60833,52.24167]]]}},{"type":"Feature","properties":{"c":"CDC-86813","o":"Eastmain Resources Inc. 100%","e":""},"geometry":{"type":"Polygon","coordinates":[[[-75.61667,52.24167],[-75.61667,52.23333],[-75.625,52.23333],[-75.625,52.24167],[-75.61667,52.24167]]]}},{"type":"Feature","properties":{"c":"CDC-86812","o":"Eastmain Resources Inc. 100%","e":""},"geometry":{"type":"Polygon","coordinates":[[[-75.625,52.24167],[-75.625,52.23333],[-75.63333,52.23333],[-75.63333,52.24167],[-75.625,52.24167]]]}},{"type":"Feature","properties":{"c":"CDC-75852","o":"Eastmain Resources Inc. 100%","e":""},"geometry":{"type":"Polygon","coordinates":[[[-75.56667,52.25],[-75.56667,52.24167],[-75.575,52.24167],[-75.575,52.25],[-75.56667,52.25]]]}},{"type":"Feature","properties":{"c":"CDC-75851","o":"Eastmain Resources Inc. 100%","e":""},"geometry":{"type":"Polygon","coordinates":[[[-75.575,52.25],[-75.575,52.24167],[-75.58333,52.24167],[-75.58333,52.25],[-75.575,52.25]]]}},{"type":"Feature","properties":{"c":"CDC-75850","o":"Eastmain Resources Inc. 100%","e":""},"geometry":{"type":"Polygon","coordinates":[[[-75.58333,52.25],[-75.58333,52.24167],[-75.59167,52.24167],[-75.59167,52.25],[-75.58333,52.25]]]}},{"type":"Feature","properties":{"c":"CDC-75849","o":"Eastmain Resources Inc. 100%","e":""},"geometry":{"type":"Polygon","coordinates":[[[-75.59167,52.25],[-75.59167,52.24167],[-75.6,52.24167],[-75.6,52.25],[-75.59167,52.25]]]}},{"type":"Feature","properties":{"c":"CDC-75848","o":"Eastmain Resources Inc. 100%","e":""},"geometry":{"type":"Polygon","coordinates":[[[-75.6,52.25],[-75.6,52.24167],[-75.60833,52.24167],[-75.60833,52.25],[-75.6,52.25]]]}},{"type":"Feature","properties":{"c":"CDC-75847","o":"Eastmain Resources Inc. 100%","e":""},"geometry":{"type":"Polygon","coordinates":[[[-75.60833,52.25],[-75.60833,52.24167],[-75.61667,52.24167],[-75.61667,52.25],[-75.60833,52.25]]]}},{"type":"Feature","properties":{"c":"CDC-75846","o":"Eastmain Resources Inc. 100%","e":""},"geometry":{"type":"Polygon","coordinates":[[[-75.61667,52.25],[-75.61667,52.24167],[-75.625,52.24167],[-75.625,52.25],[-75.61667,52.25]]]}},{"type":"Feature","properties":{"c":"CDC-75845","o":"Eastmain Resources Inc. 100%","e":""},"geometry":{"type":"Polygon","coordinates":[[[-75.625,52.25],[-75.625,52.24167],[-75.63333,52.24167],[-75.63333,52.25],[-75.625,52.25]]]}},{"type":"Feature","properties":{"c":"CDC-2503930","o":"Exploration Midland inc. 100%","e":""},"geometry":{"type":"Polygon","coordinates":[[[-75.64167,52.16667],[-75.64167,52.15833],[-75.65,52.15833],[-75.65,52.16667],[-75.64167,52.16667]]]}},{"type":"Feature","properties":{"c":"CDC-75835","o":"Eastmain Resources Inc. 100%","e":""},"geometry":{"type":"Polygon","coordinates":[[[-75.64167,52.175],[-75.64167,52.16667],[-75.65,52.16667],[-75.65,52.175],[-75.64167,52.175]]]}},{"type":"Feature","properties":{"c":"CDC-75826","o":"Eastmain Resources Inc. 100%","e":""},"geometry":{"type":"Polygon","coordinates":[[[-75.64167,52.18333],[-75.64167,52.175],[-75.65,52.175],[-75.65,52.18333],[-75.64167,52.18333]]]}},{"type":"Feature","properties":{"c":"CDC-86852","o":"Eastmain Resources Inc. 100%","e":""},"geometry":{"type":"Polygon","coordinates":[[[-75.64167,52.19167],[-75.64167,52.18333],[-75.65,52.18333],[-75.65,52.19167],[-75.64167,52.19167]]]}},{"type":"Feature","properties":{"c":"CDC-2503911","o":"Exploration Midland inc. 100%","e":""},"geometry":{"type":"Polygon","coordinates":[[[-75.63333,52.15],[-75.63333,52.14167],[-75.64167,52.14167],[-75.64167,52.15],[-75.63333,52.15]]]}},{"type":"Feature","properties":{"c":"CDC-2503921","o":"Exploration Midland inc. 100%","e":""},"geometry":{"type":"Polygon","coordinates":[[[-75.63333,52.15833],[-75.63333,52.15],[-75.64167,52.15],[-75.64167,52.15833],[-75.63333,52.15833]]]}},{"type":"Feature","properties":{"c":"CDC-75840","o":"Eastmain Resources Inc. 100%","e":""},"geometry":{"type":"Polygon","coordinates":[[[-75.63333,52.16667],[-75.63333,52.15833],[-75.64167,52.15833],[-75.64167,52.16667],[-75.63333,52.16667]]]}},{"type":"Feature","properties":{"c":"CDC-75836","o":"Eastmain Resources Inc. 100%","e":""},"geometry":{"type":"Polygon","coordinates":[[[-75.63333,52.175],[-75.63333,52.16667],[-75.64167,52.16667],[-75.64167,52.175],[-75.63333,52.175]]]}},{"type":"Feature","properties":{"c":"CDC-75827","o":"Eastmain Resources Inc. 100%","e":""},"geometry":{"type":"Polygon","coordinates":[[[-75.63333,52.18333],[-75.63333,52.175],[-75.64167,52.175],[-75.64167,52.18333],[-75.63333,52.18333]]]}},{"type":"Feature","properties":{"c":"CDC-86853","o":"Eastmain Resources Inc. 100%","e":""},"geometry":{"type":"Polygon","coordinates":[[[-75.63333,52.19167],[-75.63333,52.18333],[-75.64167,52.18333],[-75.64167,52.19167],[-75.63333,52.19167]]]}},{"type":"Feature","properties":{"c":"CDC-2503912","o":"Exploration Midland inc. 100%","e":""},"geometry":{"type":"Polygon","coordinates":[[[-75.625,52.15],[-75.625,52.14167],[-75.63333,52.14167],[-75.63333,52.15],[-75.625,52.15]]]}},{"type":"Feature","properties":{"c":"CDC-2503922","o":"Exploration Midland inc. 100%","e":""},"geometry":{"type":"Polygon","coordinates":[[[-75.625,52.15833],[-75.625,52.15],[-75.63333,52.15],[-75.63333,52.15833],[-75.625,52.15833]]]}},{"type":"Feature","properties":{"c":"CDC-75841","o":"Eastmain Resources Inc. 100%","e":""},"geometry":{"type":"Polygon","coordinates":[[[-75.625,52.16667],[-75.625,52.15833],[-75.63333,52.15833],[-75.63333,52.16667],[-75.625,52.16667]]]}},{"type":"Feature","properties":{"c":"CDC-75837","o":"Eastmain Resources Inc. 100%","e":""},"geometry":{"type":"Polygon","coordinates":[[[-75.625,52.175],[-75.625,52.16667],[-75.63333,52.16667],[-75.63333,52.175],[-75.625,52.175]]]}},{"type":"Feature","properties":{"c":"CDC-75828","o":"Eastmain Resources Inc. 100%","e":""},"geometry":{"type":"Polygon","coordinates":[[[-75.625,52.18333],[-75.625,52.175],[-75.63333,52.175],[-75.63333,52.18333],[-75.625,52.18333]]]}},{"type":"Feature","properties":{"c":"CDC-86854","o":"Eastmain Resources Inc. 100%","e":""},"geometry":{"type":"Polygon","coordinates":[[[-75.625,52.19167],[-75.625,52.18333],[-75.63333,52.18333],[-75.63333,52.19167],[-75.625,52.19167]]]}},{"type":"Feature","properties":{"c":"CDC-2503993","o":"Exploration Midland inc. 100%","e":""},"geometry":{"type":"Polygon","coordinates":[[[-75.61667,52.15],[-75.61667,52.14167],[-75.625,52.14167],[-75.625,52.15],[-75.61667,52.15]]]}},{"type":"Feature","properties":{"c":"CDC-2503995","o":"Exploration Midland inc. 100%","e":""},"geometry":{"type":"Polygon","coordinates":[[[-75.61667,52.15833],[-75.61667,52.15],[-75.625,52.15],[-75.625,52.15833],[-75.61667,52.15833]]]}},{"type":"Feature","properties":{"c":"CDC-2503997","o":"Exploration Midland inc. 100%","e":""},"geometry":{"type":"Polygon","coordinates":[[[-75.61667,52.16667],[-75.61667,52.15833],[-75.625,52.15833],[-75.625,52.16667],[-75.61667,52.16667]]]}},{"type":"Feature","properties":{"c":"CDC-75838","o":"Eastmain Resources Inc. 100%","e":""},"geometry":{"type":"Polygon","coordinates":[[[-75.61667,52.175],[-75.61667,52.16667],[-75.625,52.16667],[-75.625,52.175],[-75.61667,52.175]]]}},{"type":"Feature","properties":{"c":"CDC-75829","o":"Eastmain Resources Inc. 100%","e":""},"geometry":{"type":"Polygon","coordinates":[[[-75.61667,52.18333],[-75.61667,52.175],[-75.625,52.175],[-75.625,52.18333],[-75.61667,52.18333]]]}},{"type":"Feature","properties":{"c":"CDC-86855","o":"Eastmain Resources Inc. 100%","e":""},"geometry":{"type":"Polygon","coordinates":[[[-75.61667,52.19167],[-75.61667,52.18333],[-75.625,52.18333],[-75.625,52.19167],[-75.61667,52.19167]]]}},{"type":"Feature","properties":{"c":"CDC-2503994","o":"Exploration Midland inc. 100%","e":""},"geometry":{"type":"Polygon","coordinates":[[[-75.60833,52.15],[-75.60833,52.14167],[-75.61667,52.14167],[-75.61667,52.15],[-75.60833,52.15]]]}},{"type":"Feature","properties":{"c":"CDC-2503996","o":"Exploration Midland inc. 100%","e":""},"geometry":{"type":"Polygon","coordinates":[[[-75.60833,52.15833],[-75.60833,52.15],[-75.61667,52.15],[-75.61667,52.15833],[-75.60833,52.15833]]]}},{"type":"Feature","properties":{"c":"CDC-2503998","o":"Exploration Midland inc. 100%","e":""},"geometry":{"type":"Polygon","coordinates":[[[-75.60833,52.16667],[-75.60833,52.15833],[-75.61667,52.15833],[-75.61667,52.16667],[-75.60833,52.16667]]]}},{"type":"Feature","properties":{"c":"CDC-75839","o":"Eastmain Resources Inc. 100%","e":""},"geometry":{"type":"Polygon","coordinates":[[[-75.60833,52.175],[-75.60833,52.16667],[-75.61667,52.16667],[-75.61667,52.175],[-75.60833,52.175]]]}},{"type":"Feature","properties":{"c":"CDC-75830","o":"Eastmain Resources Inc. 100%","e":""},"geometry":{"type":"Polygon","coordinates":[[[-75.60833,52.18333],[-75.60833,52.175],[-75.61667,52.175],[-75.61667,52.18333],[-75.60833,52.18333]]]}},{"type":"Feature","properties":{"c":"CDC-61110","o":"Exploration Azimut inc. 100%","e":""},"geometry":{"type":"Polygon","coordinates":[[[-75.63333,52.1],[-75.63333,52.09167],[-75.64167,52.09167],[-75.64167,52.1],[-75.63333,52.1]]]}},{"type":"Feature","properties":{"c":"CDC-2859883","o":"Exploration Azimut inc. 100%","e":""},"geometry":{"type":"Polygon","coordinates":[[[-75.63333,52.10833],[-75.63333,52.1],[-75.64167,52.1],[-75.64167,52.10833],[-75.63333,52.10833]]]}},{"type":"Feature","properties":{"c":"CDC-2805949","o":"Jason LeBlanc 100%","e":""},"geometry":{"type":"Polygon","coordinates":[[[-75.625,52.075],[-75.625,52.06667],[-75.63333,52.06667],[-75.63333,52.075],[-75.625,52.075]]]}},{"type":"Feature","properties":{"c":"CDC-57918","o":"Exploration Azimut inc. 100%","e":""},"geometry":{"type":"Polygon","coordinates":[[[-75.625,52.08333],[-75.625,52.075],[-75.63333,52.075],[-75.63333,52.08333],[-75.625,52.08333]]]}},{"type":"Feature","properties":{"c":"CDC-57902","o":"Exploration Azimut inc. 100%","e":""},"geometry":{"type":"Polygon","coordinates":[[[-75.625,52.09167],[-75.625,52.08333],[-75.63333,52.08333],[-75.63333,52.09167],[-75.625,52.09167]]]}},{"type":"Feature","properties":{"c":"CDC-59006","o":"Exploration Azimut inc. 100%","e":""},"geometry":{"type":"Polygon","coordinates":[[[-75.625,52.1],[-75.625,52.09167],[-75.63333,52.09167],[-75.63333,52.1],[-75.625,52.1]]]}},{"type":"Feature","properties":{"c":"CDC-2859884","o":"Exploration Azimut inc. 100%","e":""},"geometry":{"type":"Polygon","coordinates":[[[-75.625,52.10833],[-75.625,52.1],[-75.63333,52.1],[-75.63333,52.10833],[-75.625,52.10833]]]}},{"type":"Feature","properties":{"c":"CDC-1127300","o":"Exploration Azimut inc. 100%","e":""},"geometry":{"type":"Polygon","coordinates":[[[-75.61667,52.075],[-75.61667,52.06667],[-75.625,52.06667],[-75.625,52.075],[-75.61667,52.075]]]}},{"type":"Feature","properties":{"c":"CDC-57919","o":"Exploration Azimut inc. 100%","e":""},"geometry":{"type":"Polygon","coordinates":[[[-75.61667,52.08333],[-75.61667,52.075],[-75.625,52.075],[-75.625,52.08333],[-75.61667,52.08333]]]}},{"type":"Feature","properties":{"c":"CDC-57903","o":"Exploration Azimut inc. 100%","e":""},"geometry":{"type":"Polygon","coordinates":[[[-75.61667,52.09167],[-75.61667,52.08333],[-75.625,52.08333],[-75.625,52.09167],[-75.61667,52.09167]]]}},{"type":"Feature","properties":{"c":"CDC-59007","o":"Exploration Azimut inc. 100%","e":""},"geometry":{"type":"Polygon","coordinates":[[[-75.61667,52.1],[-75.61667,52.09167],[-75.625,52.09167],[-75.625,52.1],[-75.61667,52.1]]]}},{"type":"Feature","properties":{"c":"CDC-2859885","o":"Exploration Azimut inc. 100%","e":""},"geometry":{"type":"Polygon","coordinates":[[[-75.61667,52.10833],[-75.61667,52.1],[-75.625,52.1],[-75.625,52.10833],[-75.61667,52.10833]]]}},{"type":"Feature","properties":{"c":"CDC-1127301","o":"Exploration Azimut inc. 100%","e":""},"geometry":{"type":"Polygon","coordinates":[[[-75.60833,52.075],[-75.60833,52.06667],[-75.61667,52.06667],[-75.61667,52.075],[-75.60833,52.075]]]}},{"type":"Feature","properties":{"c":"CDC-57920","o":"Exploration Azimut inc. 100%","e":""},"geometry":{"type":"Polygon","coordinates":[[[-75.60833,52.08333],[-75.60833,52.075],[-75.61667,52.075],[-75.61667,52.08333],[-75.60833,52.08333]]]}},{"type":"Feature","properties":{"c":"CDC-57904","o":"Exploration Azimut inc. 100%","e":""},"geometry":{"type":"Polygon","coordinates":[[[-75.60833,52.09167],[-75.60833,52.08333],[-75.61667,52.08333],[-75.61667,52.09167],[-75.60833,52.09167]]]}},{"type":"Feature","properties":{"c":"CDC-59008","o":"Exploration Azimut inc. 100%","e":""},"geometry":{"type":"Polygon","coordinates":[[[-75.60833,52.1],[-75.60833,52.09167],[-75.61667,52.09167],[-75.61667,52.1],[-75.60833,52.1]]]}},{"type":"Feature","properties":{"c":"CDC-2859886","o":"Exploration Azimut inc. 100%","e":""},"geometry":{"type":"Polygon","coordinates":[[[-75.60833,52.10833],[-75.60833,52.1],[-75.61667,52.1],[-75.61667,52.10833],[-75.60833,52.10833]]]}},{"type":"Feature","properties":{"c":"CDC-1127302","o":"Exploration Azimut inc. 100%","e":""},"geometry":{"type":"Polygon","coordinates":[[[-75.6,52.075],[-75.6,52.06667],[-75.60833,52.06667],[-75.60833,52.075],[-75.6,52.075]]]}},{"type":"Feature","properties":{"c":"CDC-1127304","o":"Exploration Azimut inc. 100%","e":""},"geometry":{"type":"Polygon","coordinates":[[[-75.6,52.08333],[-75.6,52.075],[-75.60833,52.075],[-75.60833,52.08333],[-75.6,52.08333]]]}},{"type":"Feature","properties":{"c":"CDC-57905","o":"Exploration Azimut inc. 100%","e":""},"geometry":{"type":"Polygon","coordinates":[[[-75.6,52.09167],[-75.6,52.08333],[-75.60833,52.08333],[-75.60833,52.09167],[-75.6,52.09167]]]}},{"type":"Feature","properties":{"c":"CDC-59009","o":"Exploration Azimut inc. 100%","e":""},"geometry":{"type":"Polygon","coordinates":[[[-75.6,52.1],[-75.6,52.09167],[-75.60833,52.09167],[-75.60833,52.1],[-75.6,52.1]]]}},{"type":"Feature","properties":{"c":"CDC-2859887","o":"Exploration Azimut inc. 100%","e":""},"geometry":{"type":"Polygon","coordinates":[[[-75.6,52.10833],[-75.6,52.1],[-75.60833,52.1],[-75.60833,52.10833],[-75.6,52.10833]]]}},{"type":"Feature","properties":{"c":"CDC-1127303","o":"Exploration Azimut inc. 100%","e":""},"geometry":{"type":"Polygon","coordinates":[[[-75.59167,52.075],[-75.59167,52.06667],[-75.6,52.06667],[-75.6,52.075],[-75.59167,52.075]]]}},{"type":"Feature","properties":{"c":"CDC-1127305","o":"Exploration Azimut inc. 100%","e":""},"geometry":{"type":"Polygon","coordinates":[[[-75.59167,52.08333],[-75.59167,52.075],[-75.6,52.075],[-75.6,52.08333],[-75.59167,52.08333]]]}},{"type":"Feature","properties":{"c":"CDC-57906","o":"Exploration Azimut inc. 100%","e":""},"geometry":{"type":"Polygon","coordinates":[[[-75.59167,52.09167],[-75.59167,52.08333],[-75.6,52.08333],[-75.6,52.09167],[-75.59167,52.09167]]]}},{"type":"Feature","properties":{"c":"CDC-59010","o":"Exploration Azimut inc. 100%","e":""},"geometry":{"type":"Polygon","coordinates":[[[-75.59167,52.1],[-75.59167,52.09167],[-75.6,52.09167],[-75.6,52.1],[-75.59167,52.1]]]}},{"type":"Feature","properties":{"c":"CDC-2859888","o":"Exploration Azimut inc. 100%","e":""},"geometry":{"type":"Polygon","coordinates":[[[-75.59167,52.10833],[-75.59167,52.1],[-75.6,52.1],[-75.6,52.10833],[-75.59167,52.10833]]]}},{"type":"Feature","properties":{"c":"CDC-2660007","o":"Exploration Azimut inc. 100%","e":""},"geometry":{"type":"Polygon","coordinates":[[[-75.59167,52.05],[-75.59167,52.04167],[-75.6,52.04167],[-75.6,52.05],[-75.59167,52.05]]]}},{"type":"Feature","properties":{"c":"CDC-2660006","o":"Exploration Azimut inc. 100%","e":""},"geometry":{"type":"Polygon","coordinates":[[[-75.6,52.05],[-75.6,52.04167],[-75.60833,52.04167],[-75.60833,52.05],[-75.6,52.05]]]}},{"type":"Feature","properties":{"c":"CDC-2660005","o":"Exploration Azimut inc. 100%","e":""},"geometry":{"type":"Polygon","coordinates":[[[-75.60833,52.05],[-75.60833,52.04167],[-75.61667,52.04167],[-75.61667,52.05],[-75.60833,52.05]]]}},{"type":"Feature","properties":{"c":"CDC-2660004","o":"Exploration Azimut inc. 100%","e":""},"geometry":{"type":"Polygon","coordinates":[[[-75.61667,52.05],[-75.61667,52.04167],[-75.625,52.04167],[-75.625,52.05],[-75.61667,52.05]]]}},{"type":"Feature","properties":{"c":"CDC-2660003","o":"Exploration Azimut inc. 100%","e":""},"geometry":{"type":"Polygon","coordinates":[[[-75.625,52.05],[-75.625,52.04167],[-75.63333,52.04167],[-75.63333,52.05],[-75.625,52.05]]]}},{"type":"Feature","properties":{"c":"CDC-2660002","o":"Exploration Azimut inc. 100%","e":""},"geometry":{"type":"Polygon","coordinates":[[[-75.63333,52.05],[-75.63333,52.04167],[-75.64167,52.04167],[-75.64167,52.05],[-75.63333,52.05]]]}},{"type":"Feature","properties":{"c":"CDC-2660001","o":"Exploration Azimut inc. 100%","e":""},"geometry":{"type":"Polygon","coordinates":[[[-75.64167,52.05],[-75.64167,52.04167],[-75.65,52.04167],[-75.65,52.05],[-75.64167,52.05]]]}},{"type":"Feature","properties":{"c":"CDC-2681996","o":"Exploration Azimut inc. 100%","e":""},"geometry":{"type":"Polygon","coordinates":[[[-75.65,52.05],[-75.65,52.04167],[-75.65833,52.04167],[-75.65833,52.05],[-75.65,52.05]]]}},{"type":"Feature","properties":{"c":"CDC-2840636","o":"Exploration Azimut inc. 100%","e":""},"geometry":{"type":"Polygon","coordinates":[[[-75.65833,52.05],[-75.65833,52.04167],[-75.66667,52.04167],[-75.66667,52.05],[-75.65833,52.05]]]}},{"type":"Feature","properties":{"c":"CDC-10255","o":"Exploration Azimut inc. 100%","e":""},"geometry":{"type":"Polygon","coordinates":[[[-75.59167,52.05833],[-75.59167,52.05],[-75.6,52.05],[-75.6,52.05833],[-75.59167,52.05833]]]}},{"type":"Feature","properties":{"c":"CDC-2317807","o":"Exploration Azimut inc. 100%","e":""},"geometry":{"type":"Polygon","coordinates":[[[-75.6,52.05833],[-75.6,52.05],[-75.60833,52.05],[-75.60833,52.05833],[-75.6,52.05833]]]}},{"type":"Feature","properties":{"c":"CDC-2317806","o":"Exploration Azimut inc. 100%","e":""},"geometry":{"type":"Polygon","coordinates":[[[-75.60833,52.05833],[-75.60833,52.05],[-75.61667,52.05],[-75.61667,52.05833],[-75.60833,52.05833]]]}},{"type":"Feature","properties":{"c":"CDC-2317805","o":"Exploration Azimut inc. 100%","e":""},"geometry":{"type":"Polygon","coordinates":[[[-75.61667,52.05833],[-75.61667,52.05],[-75.625,52.05],[-75.625,52.05833],[-75.61667,52.05833]]]}},{"type":"Feature","properties":{"c":"CDC-2660013","o":"Exploration Azimut inc. 100%","e":""},"geometry":{"type":"Polygon","coordinates":[[[-75.625,52.05833],[-75.625,52.05],[-75.63333,52.05],[-75.63333,52.05833],[-75.625,52.05833]]]}},{"type":"Feature","properties":{"c":"CDC-2682001","o":"Exploration Azimut inc. 100%","e":""},"geometry":{"type":"Polygon","coordinates":[[[-75.63333,52.05833],[-75.63333,52.05],[-75.64167,52.05],[-75.64167,52.05833],[-75.63333,52.05833]]]}},{"type":"Feature","properties":{"c":"CDC-2682000","o":"Exploration Azimut inc. 100%","e":""},"geometry":{"type":"Polygon","coordinates":[[[-75.64167,52.05833],[-75.64167,52.05],[-75.65,52.05],[-75.65,52.05833],[-75.64167,52.05833]]]}},{"type":"Feature","properties":{"c":"CDC-2681999","o":"Exploration Azimut inc. 100%","e":""},"geometry":{"type":"Polygon","coordinates":[[[-75.65,52.05833],[-75.65,52.05],[-75.65833,52.05],[-75.65833,52.05833],[-75.65,52.05833]]]}},{"type":"Feature","properties":{"c":"CDC-2681998","o":"Exploration Azimut inc. 100%","e":""},"geometry":{"type":"Polygon","coordinates":[[[-75.65833,52.05833],[-75.65833,52.05],[-75.66667,52.05],[-75.66667,52.05833],[-75.65833,52.05833]]]}},{"type":"Feature","properties":{"c":"CDC-10243","o":"Exploration Azimut inc. 100%","e":""},"geometry":{"type":"Polygon","coordinates":[[[-75.59167,52.06667],[-75.59167,52.05833],[-75.6,52.05833],[-75.6,52.06667],[-75.59167,52.06667]]]}},{"type":"Feature","properties":{"c":"CDC-2317813","o":"Exploration Azimut inc. 100%","e":""},"geometry":{"type":"Polygon","coordinates":[[[-75.6,52.06667],[-75.6,52.05833],[-75.60833,52.05833],[-75.60833,52.06667],[-75.6,52.06667]]]}},{"type":"Feature","properties":{"c":"CDC-1127299","o":"Exploration Azimut inc. 100%","e":""},"geometry":{"type":"Polygon","coordinates":[[[-75.60833,52.06667],[-75.60833,52.05833],[-75.61667,52.05833],[-75.61667,52.06667],[-75.60833,52.06667]]]}},{"type":"Feature","properties":{"c":"CDC-1127298","o":"Exploration Azimut inc. 100%","e":""},"geometry":{"type":"Polygon","coordinates":[[[-75.61667,52.06667],[-75.61667,52.05833],[-75.625,52.05833],[-75.625,52.06667],[-75.61667,52.06667]]]}},{"type":"Feature","properties":{"c":"CDC-2840639","o":"Exploration Azimut inc. 100%","e":""},"geometry":{"type":"Polygon","coordinates":[[[-75.625,52.06667],[-75.625,52.05833],[-75.63333,52.05833],[-75.63333,52.06667],[-75.625,52.06667]]]}},{"type":"Feature","properties":{"c":"CDC-2840638","o":"Exploration Azimut inc. 100%","e":""},"geometry":{"type":"Polygon","coordinates":[[[-75.63333,52.06667],[-75.63333,52.05833],[-75.64167,52.05833],[-75.64167,52.06667],[-75.63333,52.06667]]]}},{"type":"Feature","properties":{"c":"CDC-2840637","o":"Exploration Azimut inc. 100%","e":""},"geometry":{"type":"Polygon","coordinates":[[[-75.64167,52.06667],[-75.64167,52.05833],[-75.65,52.05833],[-75.65,52.06667],[-75.64167,52.06667]]]}},{"type":"Feature","properties":{"c":"CDC-2682004","o":"Exploration Azimut inc. 100%","e":""},"geometry":{"type":"Polygon","coordinates":[[[-75.65,52.06667],[-75.65,52.05833],[-75.65833,52.05833],[-75.65833,52.06667],[-75.65,52.06667]]]}},{"type":"Feature","properties":{"c":"CDC-2682003","o":"Exploration Azimut inc. 100%","e":""},"geometry":{"type":"Polygon","coordinates":[[[-75.65833,52.06667],[-75.65833,52.05833],[-75.66667,52.05833],[-75.66667,52.06667],[-75.65833,52.06667]]]}},{"type":"Feature","properties":{"c":"CDC-2840630","o":"Exploration Azimut inc. 100%","e":""},"geometry":{"type":"Polygon","coordinates":[[[-75.58333,52.025],[-75.58333,52.01667],[-75.59167,52.01667],[-75.59167,52.025],[-75.58333,52.025]]]}},{"type":"Feature","properties":{"c":"CDC-2840629","o":"Exploration Azimut inc. 100%","e":""},"geometry":{"type":"Polygon","coordinates":[[[-75.59167,52.025],[-75.59167,52.01667],[-75.6,52.01667],[-75.6,52.025],[-75.59167,52.025]]]}},{"type":"Feature","properties":{"c":"CDC-2681991","o":"Exploration Azimut inc. 100%","e":""},"geometry":{"type":"Polygon","coordinates":[[[-75.6,52.025],[-75.6,52.01667],[-75.60833,52.01667],[-75.60833,52.025],[-75.6,52.025]]]}},{"type":"Feature","properties":{"c":"CDC-2681990","o":"Exploration Azimut inc. 100%","e":""},"geometry":{"type":"Polygon","coordinates":[[[-75.60833,52.025],[-75.60833,52.01667],[-75.61667,52.01667],[-75.61667,52.025],[-75.60833,52.025]]]}},{"type":"Feature","properties":{"c":"CDC-2681989","o":"Exploration Azimut inc. 100%","e":""},"geometry":{"type":"Polygon","coordinates":[[[-75.61667,52.025],[-75.61667,52.01667],[-75.625,52.01667],[-75.625,52.025],[-75.61667,52.025]]]}},{"type":"Feature","properties":{"c":"CDC-2659972","o":"Exploration Azimut inc. 100%","e":""},"geometry":{"type":"Polygon","coordinates":[[[-75.625,52.025],[-75.625,52.01667],[-75.63333,52.01667],[-75.63333,52.025],[-75.625,52.025]]]}},{"type":"Feature","properties":{"c":"CDC-2659971","o":"Exploration Azimut inc. 100%","e":""},"geometry":{"type":"Polygon","coordinates":[[[-75.63333,52.025],[-75.63333,52.01667],[-75.64167,52.01667],[-75.64167,52.025],[-75.63333,52.025]]]}},{"type":"Feature","properties":{"c":"CDC-2659970","o":"Exploration Azimut inc. 100%","e":""},"geometry":{"type":"Polygon","coordinates":[[[-75.64167,52.025],[-75.64167,52.01667],[-75.65,52.01667],[-75.65,52.025],[-75.64167,52.025]]]}},{"type":"Feature","properties":{"c":"CDC-2681988","o":"Exploration Azimut inc. 100%","e":""},"geometry":{"type":"Polygon","coordinates":[[[-75.65,52.025],[-75.65,52.01667],[-75.65833,52.01667],[-75.65833,52.025],[-75.65,52.025]]]}},{"type":"Feature","properties":{"c":"CDC-2659980","o":"Exploration Azimut inc. 100%","e":""},"geometry":{"type":"Polygon","coordinates":[[[-75.58333,52.03333],[-75.58333,52.025],[-75.59167,52.025],[-75.59167,52.03333],[-75.58333,52.03333]]]}},{"type":"Feature","properties":{"c":"CDC-2659979","o":"Exploration Azimut inc. 100%","e":""},"geometry":{"type":"Polygon","coordinates":[[[-75.59167,52.03333],[-75.59167,52.025],[-75.6,52.025],[-75.6,52.03333],[-75.59167,52.03333]]]}},{"type":"Feature","properties":{"c":"CDC-2659978","o":"Exploration Azimut inc. 100%","e":""},"geometry":{"type":"Polygon","coordinates":[[[-75.6,52.03333],[-75.6,52.025],[-75.60833,52.025],[-75.60833,52.03333],[-75.6,52.03333]]]}},{"type":"Feature","properties":{"c":"CDC-2659977","o":"Exploration Azimut inc. 100%","e":""},"geometry":{"type":"Polygon","coordinates":[[[-75.60833,52.03333],[-75.60833,52.025],[-75.61667,52.025],[-75.61667,52.03333],[-75.60833,52.03333]]]}},{"type":"Feature","properties":{"c":"CDC-2659976","o":"Exploration Azimut inc. 100%","e":""},"geometry":{"type":"Polygon","coordinates":[[[-75.61667,52.03333],[-75.61667,52.025],[-75.625,52.025],[-75.625,52.03333],[-75.61667,52.03333]]]}},{"type":"Feature","properties":{"c":"CDC-2659975","o":"Exploration Azimut inc. 100%","e":""},"geometry":{"type":"Polygon","coordinates":[[[-75.625,52.03333],[-75.625,52.025],[-75.63333,52.025],[-75.63333,52.03333],[-75.625,52.03333]]]}},{"type":"Feature","properties":{"c":"CDC-2659974","o":"Exploration Azimut inc. 100%","e":""},"geometry":{"type":"Polygon","coordinates":[[[-75.63333,52.03333],[-75.63333,52.025],[-75.64167,52.025],[-75.64167,52.03333],[-75.63333,52.03333]]]}},{"type":"Feature","properties":{"c":"CDC-2659973","o":"Exploration Azimut inc. 100%","e":""},"geometry":{"type":"Polygon","coordinates":[[[-75.64167,52.03333],[-75.64167,52.025],[-75.65,52.025],[-75.65,52.03333],[-75.64167,52.03333]]]}},{"type":"Feature","properties":{"c":"CDC-2681992","o":"Exploration Azimut inc. 100%","e":""},"geometry":{"type":"Polygon","coordinates":[[[-75.65,52.03333],[-75.65,52.025],[-75.65833,52.025],[-75.65833,52.03333],[-75.65,52.03333]]]}},{"type":"Feature","properties":{"c":"CDC-2659990","o":"Exploration Azimut inc. 100%","e":""},"geometry":{"type":"Polygon","coordinates":[[[-75.59167,52.04167],[-75.59167,52.03333],[-75.6,52.03333],[-75.6,52.04167],[-75.59167,52.04167]]]}},{"type":"Feature","properties":{"c":"CDC-2659989","o":"Exploration Azimut inc. 100%","e":""},"geometry":{"type":"Polygon","coordinates":[[[-75.6,52.04167],[-75.6,52.03333],[-75.60833,52.03333],[-75.60833,52.04167],[-75.6,52.04167]]]}},{"type":"Feature","properties":{"c":"CDC-2659988","o":"Exploration Azimut inc. 100%","e":""},"geometry":{"type":"Polygon","coordinates":[[[-75.60833,52.04167],[-75.60833,52.03333],[-75.61667,52.03333],[-75.61667,52.04167],[-75.60833,52.04167]]]}},{"type":"Feature","properties":{"c":"CDC-2659987","o":"Exploration Azimut inc. 100%","e":""},"geometry":{"type":"Polygon","coordinates":[[[-75.61667,52.04167],[-75.61667,52.03333],[-75.625,52.03333],[-75.625,52.04167],[-75.61667,52.04167]]]}},{"type":"Feature","properties":{"c":"CDC-2659986","o":"Exploration Azimut inc. 100%","e":""},"geometry":{"type":"Polygon","coordinates":[[[-75.625,52.04167],[-75.625,52.03333],[-75.63333,52.03333],[-75.63333,52.04167],[-75.625,52.04167]]]}},{"type":"Feature","properties":{"c":"CDC-2659985","o":"Exploration Azimut inc. 100%","e":""},"geometry":{"type":"Polygon","coordinates":[[[-75.63333,52.04167],[-75.63333,52.03333],[-75.64167,52.03333],[-75.64167,52.04167],[-75.63333,52.04167]]]}},{"type":"Feature","properties":{"c":"CDC-2659984","o":"Exploration Azimut inc. 100%","e":""},"geometry":{"type":"Polygon","coordinates":[[[-75.64167,52.04167],[-75.64167,52.03333],[-75.65,52.03333],[-75.65,52.04167],[-75.64167,52.04167]]]}},{"type":"Feature","properties":{"c":"CDC-2681994","o":"Exploration Azimut inc. 100%","e":""},"geometry":{"type":"Polygon","coordinates":[[[-75.65,52.04167],[-75.65,52.03333],[-75.65833,52.03333],[-75.65833,52.04167],[-75.65,52.04167]]]}},{"type":"Feature","properties":{"c":"CDC-2840635","o":"Exploration Azimut inc. 100%","e":""},"geometry":{"type":"Polygon","coordinates":[[[-75.65833,52.04167],[-75.65833,52.03333],[-75.66667,52.03333],[-75.66667,52.04167],[-75.65833,52.04167]]]}},{"type":"Feature","properties":{"c":"CDC-61114","o":"Exploration Azimut inc. 100%","e":""},"geometry":{"type":"Polygon","coordinates":[[[-75.66667,52.09167],[-75.66667,52.08333],[-75.675,52.08333],[-75.675,52.09167],[-75.66667,52.09167]]]}},{"type":"Feature","properties":{"c":"CDC-61106","o":"Exploration Azimut inc. 100%","e":""},"geometry":{"type":"Polygon","coordinates":[[[-75.66667,52.1],[-75.66667,52.09167],[-75.675,52.09167],[-75.675,52.1],[-75.66667,52.1]]]}},{"type":"Feature","properties":{"c":"CDC-2648552","o":"Exploration Midland inc. 100%","e":""},"geometry":{"type":"Polygon","coordinates":[[[-75.66667,52.10833],[-75.66667,52.1],[-75.675,52.1],[-75.675,52.10833],[-75.66667,52.10833]]]}},{"type":"Feature","properties":{"c":"CDC-2648560","o":"Exploration Midland inc. 100%","e":""},"geometry":{"type":"Polygon","coordinates":[[[-75.66667,52.11667],[-75.66667,52.10833],[-75.675,52.10833],[-75.675,52.11667],[-75.66667,52.11667]]]}},{"type":"Feature","properties":{"c":"CDC-2648568","o":"Exploration Midland inc. 100%","e":""},"geometry":{"type":"Polygon","coordinates":[[[-75.66667,52.125],[-75.66667,52.11667],[-75.675,52.11667],[-75.675,52.125],[-75.66667,52.125]]]}},{"type":"Feature","properties":{"c":"CDC-61628","o":"Exploration Azimut inc. 100%","e":""},"geometry":{"type":"Polygon","coordinates":[[[-75.65833,52.075],[-75.65833,52.06667],[-75.66667,52.06667],[-75.66667,52.075],[-75.65833,52.075]]]}},{"type":"Feature","properties":{"c":"CDC-58988","o":"Exploration Azimut inc. 100%","e":""},"geometry":{"type":"Polygon","coordinates":[[[-75.65833,52.08333],[-75.65833,52.075],[-75.66667,52.075],[-75.66667,52.08333],[-75.65833,52.08333]]]}},{"type":"Feature","properties":{"c":"CDC-60053","o":"Exploration Azimut inc. 100%","e":""},"geometry":{"type":"Polygon","coordinates":[[[-75.65833,52.09167],[-75.65833,52.08333],[-75.66667,52.08333],[-75.66667,52.09167],[-75.65833,52.09167]]]}},{"type":"Feature","properties":{"c":"CDC-61107","o":"Exploration Azimut inc. 100%","e":""},"geometry":{"type":"Polygon","coordinates":[[[-75.65833,52.1],[-75.65833,52.09167],[-75.66667,52.09167],[-75.66667,52.1],[-75.65833,52.1]]]}},{"type":"Feature","properties":{"c":"CDC-2528417","o":"Exploration Midland inc. 100%","e":""},"geometry":{"type":"Polygon","coordinates":[[[-75.65833,52.10833],[-75.65833,52.1],[-75.66667,52.1],[-75.66667,52.10833],[-75.65833,52.10833]]]}},{"type":"Feature","properties":{"c":"CDC-2528419","o":"Exploration Midland inc. 100%","e":""},"geometry":{"type":"Polygon","coordinates":[[[-75.65833,52.11667],[-75.65833,52.10833],[-75.66667,52.10833],[-75.66667,52.11667],[-75.65833,52.11667]]]}},{"type":"Feature","properties":{"c":"CDC-2528421","o":"Exploration Midland inc. 100%","e":""},"geometry":{"type":"Polygon","coordinates":[[[-75.65833,52.125],[-75.65833,52.11667],[-75.66667,52.11667],[-75.66667,52.125],[-75.65833,52.125]]]}},{"type":"Feature","properties":{"c":"CDC-2682005","o":"Exploration Azimut inc. 100%","e":""},"geometry":{"type":"Polygon","coordinates":[[[-75.65,52.075],[-75.65,52.06667],[-75.65833,52.06667],[-75.65833,52.075],[-75.65,52.075]]]}},{"type":"Feature","properties":{"c":"CDC-58989","o":"Exploration Azimut inc. 100%","e":""},"geometry":{"type":"Polygon","coordinates":[[[-75.65,52.08333],[-75.65,52.075],[-75.65833,52.075],[-75.65833,52.08333],[-75.65,52.08333]]]}},{"type":"Feature","properties":{"c":"CDC-60054","o":"Exploration Azimut inc. 100%","e":""},"geometry":{"type":"Polygon","coordinates":[[[-75.65,52.09167],[-75.65,52.08333],[-75.65833,52.08333],[-75.65833,52.09167],[-75.65,52.09167]]]}},{"type":"Feature","properties":{"c":"CDC-61108","o":"Exploration Azimut inc. 100%","e":""},"geometry":{"type":"Polygon","coordinates":[[[-75.65,52.1],[-75.65,52.09167],[-75.65833,52.09167],[-75.65833,52.1],[-75.65,52.1]]]}},{"type":"Feature","properties":{"c":"CDC-2528418","o":"Exploration Midland inc. 100%","e":""},"geometry":{"type":"Polygon","coordinates":[[[-75.65,52.10833],[-75.65,52.1],[-75.65833,52.1],[-75.65833,52.10833],[-75.65,52.10833]]]}},{"type":"Feature","properties":{"c":"CDC-2528420","o":"Exploration Midland inc. 100%","e":""},"geometry":{"type":"Polygon","coordinates":[[[-75.65,52.11667],[-75.65,52.10833],[-75.65833,52.10833],[-75.65833,52.11667],[-75.65,52.11667]]]}},{"type":"Feature","properties":{"c":"CDC-2528422","o":"Exploration Midland inc. 100%","e":""},"geometry":{"type":"Polygon","coordinates":[[[-75.65,52.125],[-75.65,52.11667],[-75.65833,52.11667],[-75.65833,52.125],[-75.65,52.125]]]}},{"type":"Feature","properties":{"c":"CDC-2805947","o":"Jason LeBlanc 100%","e":""},"geometry":{"type":"Polygon","coordinates":[[[-75.64167,52.075],[-75.64167,52.06667],[-75.65,52.06667],[-75.65,52.075],[-75.64167,52.075]]]}},{"type":"Feature","properties":{"c":"CDC-58261","o":"Exploration Azimut inc. 100%","e":""},"geometry":{"type":"Polygon","coordinates":[[[-75.64167,52.08333],[-75.64167,52.075],[-75.65,52.075],[-75.65,52.08333],[-75.64167,52.08333]]]}},{"type":"Feature","properties":{"c":"CDC-60055","o":"Exploration Azimut inc. 100%","e":""},"geometry":{"type":"Polygon","coordinates":[[[-75.64167,52.09167],[-75.64167,52.08333],[-75.65,52.08333],[-75.65,52.09167],[-75.64167,52.09167]]]}},{"type":"Feature","properties":{"c":"CDC-61109","o":"Exploration Azimut inc. 100%","e":""},"geometry":{"type":"Polygon","coordinates":[[[-75.64167,52.1],[-75.64167,52.09167],[-75.65,52.09167],[-75.65,52.1],[-75.64167,52.1]]]}},{"type":"Feature","properties":{"c":"CDC-2859882","o":"Exploration Azimut inc. 100%","e":""},"geometry":{"type":"Polygon","coordinates":[[[-75.64167,52.10833],[-75.64167,52.1],[-75.65,52.1],[-75.65,52.10833],[-75.64167,52.10833]]]}},{"type":"Feature","properties":{"c":"CDC-2805948","o":"Jason LeBlanc 100%","e":""},"geometry":{"type":"Polygon","coordinates":[[[-75.63333,52.075],[-75.63333,52.06667],[-75.64167,52.06667],[-75.64167,52.075],[-75.63333,52.075]]]}},{"type":"Feature","properties":{"c":"CDC-58262","o":"Exploration Azimut inc. 100%","e":""},"geometry":{"type":"Polygon","coordinates":[[[-75.63333,52.08333],[-75.63333,52.075],[-75.64167,52.075],[-75.64167,52.08333],[-75.63333,52.08333]]]}},{"type":"Feature","properties":{"c":"CDC-60056","o":"Exploration Azimut inc. 100%","e":""},"geometry":{"type":"Polygon","coordinates":[[[-75.63333,52.09167],[-75.63333,52.08333],[-75.64167,52.08333],[-75.64167,52.09167],[-75.63333,52.09167]]]}},{"type":"Feature","properties":{"c":"CDC-2503900","o":"Exploration Midland inc. 100%","e":""},"geometry":{"type":"Polygon","coordinates":[[[-75.675,52.14167],[-75.675,52.13333],[-75.68333,52.13333],[-75.68333,52.14167],[-75.675,52.14167]]]}},{"type":"Feature","properties":{"c":"CDC-2503906","o":"Exploration Midland inc. 100%","e":""},"geometry":{"type":"Polygon","coordinates":[[[-75.675,52.15],[-75.675,52.14167],[-75.68333,52.14167],[-75.68333,52.15],[-75.675,52.15]]]}},{"type":"Feature","properties":{"c":"CDC-2503916","o":"Exploration Midland inc. 100%","e":""},"geometry":{"type":"Polygon","coordinates":[[[-75.675,52.15833],[-75.675,52.15],[-75.68333,52.15],[-75.68333,52.15833],[-75.675,52.15833]]]}},{"type":"Feature","properties":{"c":"CDC-2503926","o":"Exploration Midland inc. 100%","e":""},"geometry":{"type":"Polygon","coordinates":[[[-75.675,52.16667],[-75.675,52.15833],[-75.68333,52.15833],[-75.68333,52.16667],[-75.675,52.16667]]]}},{"type":"Feature","properties":{"c":"CDC-2503935","o":"Exploration Midland inc. 100%","e":""},"geometry":{"type":"Polygon","coordinates":[[[-75.675,52.175],[-75.675,52.16667],[-75.68333,52.16667],[-75.68333,52.175],[-75.675,52.175]]]}},{"type":"Feature","properties":{"c":"CDC-86860","o":"Eastmain Resources Inc. 100%","e":""},"geometry":{"type":"Polygon","coordinates":[[[-75.675,52.18333],[-75.675,52.175],[-75.68333,52.175],[-75.68333,52.18333],[-75.675,52.18333]]]}},{"type":"Feature","properties":{"c":"CDC-2503898","o":"Exploration Midland inc. 100%","e":""},"geometry":{"type":"Polygon","coordinates":[[[-75.66667,52.13333],[-75.66667,52.125],[-75.675,52.125],[-75.675,52.13333],[-75.66667,52.13333]]]}},{"type":"Feature","properties":{"c":"CDC-2503901","o":"Exploration Midland inc. 100%","e":""},"geometry":{"type":"Polygon","coordinates":[[[-75.66667,52.14167],[-75.66667,52.13333],[-75.675,52.13333],[-75.675,52.14167],[-75.66667,52.14167]]]}},{"type":"Feature","properties":{"c":"CDC-2503907","o":"Exploration Midland inc. 100%","e":""},"geometry":{"type":"Polygon","coordinates":[[[-75.66667,52.15],[-75.66667,52.14167],[-75.675,52.14167],[-75.675,52.15],[-75.66667,52.15]]]}},{"type":"Feature","properties":{"c":"CDC-2503917","o":"Exploration Midland inc. 100%","e":""},"geometry":{"type":"Polygon","coordinates":[[[-75.66667,52.15833],[-75.66667,52.15],[-75.675,52.15],[-75.675,52.15833],[-75.66667,52.15833]]]}},{"type":"Feature","properties":{"c":"CDC-2503927","o":"Exploration Midland inc. 100%","e":""},"geometry":{"type":"Polygon","coordinates":[[[-75.66667,52.16667],[-75.66667,52.15833],[-75.675,52.15833],[-75.675,52.16667],[-75.66667,52.16667]]]}},{"type":"Feature","properties":{"c":"CDC-2503936","o":"Exploration Midland inc. 100%","e":""},"geometry":{"type":"Polygon","coordinates":[[[-75.66667,52.175],[-75.66667,52.16667],[-75.675,52.16667],[-75.675,52.175],[-75.66667,52.175]]]}},{"type":"Feature","properties":{"c":"CDC-86861","o":"Eastmain Resources Inc. 100%","e":""},"geometry":{"type":"Polygon","coordinates":[[[-75.66667,52.18333],[-75.66667,52.175],[-75.675,52.175],[-75.675,52.18333],[-75.66667,52.18333]]]}},{"type":"Feature","properties":{"c":"CDC-2503899","o":"Exploration Midland inc. 100%","e":""},"geometry":{"type":"Polygon","coordinates":[[[-75.65833,52.13333],[-75.65833,52.125],[-75.66667,52.125],[-75.66667,52.13333],[-75.65833,52.13333]]]}},{"type":"Feature","properties":{"c":"CDC-2503902","o":"Exploration Midland inc. 100%","e":""},"geometry":{"type":"Polygon","coordinates":[[[-75.65833,52.14167],[-75.65833,52.13333],[-75.66667,52.13333],[-75.66667,52.14167],[-75.65833,52.14167]]]}},{"type":"Feature","properties":{"c":"CDC-2503908","o":"Exploration Midland inc. 100%","e":""},"geometry":{"type":"Polygon","coordinates":[[[-75.65833,52.15],[-75.65833,52.14167],[-75.66667,52.14167],[-75.66667,52.15],[-75.65833,52.15]]]}},{"type":"Feature","properties":{"c":"CDC-2503918","o":"Exploration Midland inc. 100%","e":""},"geometry":{"type":"Polygon","coordinates":[[[-75.65833,52.15833],[-75.65833,52.15],[-75.66667,52.15],[-75.66667,52.15833],[-75.65833,52.15833]]]}},{"type":"Feature","properties":{"c":"CDC-2503928","o":"Exploration Midland inc. 100%","e":""},"geometry":{"type":"Polygon","coordinates":[[[-75.65833,52.16667],[-75.65833,52.15833],[-75.66667,52.15833],[-75.66667,52.16667],[-75.65833,52.16667]]]}},{"type":"Feature","properties":{"c":"CDC-2503937","o":"Exploration Midland inc. 100%","e":""},"geometry":{"type":"Polygon","coordinates":[[[-75.65833,52.175],[-75.65833,52.16667],[-75.66667,52.16667],[-75.66667,52.175],[-75.65833,52.175]]]}},{"type":"Feature","properties":{"c":"CDC-75824","o":"Eastmain Resources Inc. 100%","e":""},"geometry":{"type":"Polygon","coordinates":[[[-75.65833,52.18333],[-75.65833,52.175],[-75.66667,52.175],[-75.66667,52.18333],[-75.65833,52.18333]]]}},{"type":"Feature","properties":{"c":"CDC-2503909","o":"Exploration Midland inc. 100%","e":""},"geometry":{"type":"Polygon","coordinates":[[[-75.65,52.15],[-75.65,52.14167],[-75.65833,52.14167],[-75.65833,52.15],[-75.65,52.15]]]}},{"type":"Feature","properties":{"c":"CDC-2503919","o":"Exploration Midland inc. 100%","e":""},"geometry":{"type":"Polygon","coordinates":[[[-75.65,52.15833],[-75.65,52.15],[-75.65833,52.15],[-75.65833,52.15833],[-75.65,52.15833]]]}},{"type":"Feature","properties":{"c":"CDC-2503929","o":"Exploration Midland inc. 100%","e":""},"geometry":{"type":"Polygon","coordinates":[[[-75.65,52.16667],[-75.65,52.15833],[-75.65833,52.15833],[-75.65833,52.16667],[-75.65,52.16667]]]}},{"type":"Feature","properties":{"c":"CDC-75834","o":"Eastmain Resources Inc. 100%","e":""},"geometry":{"type":"Polygon","coordinates":[[[-75.65,52.175],[-75.65,52.16667],[-75.65833,52.16667],[-75.65833,52.175],[-75.65,52.175]]]}},{"type":"Feature","properties":{"c":"CDC-75825","o":"Eastmain Resources Inc. 100%","e":""},"geometry":{"type":"Polygon","coordinates":[[[-75.65,52.18333],[-75.65,52.175],[-75.65833,52.175],[-75.65833,52.18333],[-75.65,52.18333]]]}},{"type":"Feature","properties":{"c":"CDC-2503910","o":"Exploration Midland inc. 100%","e":""},"geometry":{"type":"Polygon","coordinates":[[[-75.64167,52.15],[-75.64167,52.14167],[-75.65,52.14167],[-75.65,52.15],[-75.64167,52.15]]]}},{"type":"Feature","properties":{"c":"CDC-2503920","o":"Exploration Midland inc. 100%","e":""},"geometry":{"type":"Polygon","coordinates":[[[-75.64167,52.15833],[-75.64167,52.15],[-75.65,52.15],[-75.65,52.15833],[-75.64167,52.15833]]]}},{"type":"Feature","properties":{"c":"CDC-86851","o":"Eastmain Resources Inc. 100%","e":""},"geometry":{"type":"Polygon","coordinates":[[[-75.65,52.19167],[-75.65,52.18333],[-75.65833,52.18333],[-75.65833,52.19167],[-75.65,52.19167]]]}},{"type":"Feature","properties":{"c":"CDC-86850","o":"Eastmain Resources Inc. 100%","e":""},"geometry":{"type":"Polygon","coordinates":[[[-75.65833,52.19167],[-75.65833,52.18333],[-75.66667,52.18333],[-75.66667,52.19167],[-75.65833,52.19167]]]}},{"type":"Feature","properties":{"c":"CDC-86849","o":"Eastmain Resources Inc. 100%","e":""},"geometry":{"type":"Polygon","coordinates":[[[-75.66667,52.19167],[-75.66667,52.18333],[-75.675,52.18333],[-75.675,52.19167],[-75.66667,52.19167]]]}},{"type":"Feature","properties":{"c":"CDC-86848","o":"Eastmain Resources Inc. 100%","e":""},"geometry":{"type":"Polygon","coordinates":[[[-75.675,52.19167],[-75.675,52.18333],[-75.68333,52.18333],[-75.68333,52.19167],[-75.675,52.19167]]]}},{"type":"Feature","properties":{"c":"CDC-1132564","o":"Eastmain Resources Inc. 100%","e":""},"geometry":{"type":"Polygon","coordinates":[[[-75.68333,52.19167],[-75.68333,52.18333],[-75.69167,52.18333],[-75.69167,52.19167],[-75.68333,52.19167]]]}},{"type":"Feature","properties":{"c":"CDC-1132583","o":"Eastmain Resources Inc. 100%","e":""},"geometry":{"type":"Polygon","coordinates":[[[-75.625,52.2],[-75.625,52.19167],[-75.63333,52.19167],[-75.63333,52.2],[-75.625,52.2]]]}},{"type":"Feature","properties":{"c":"CDC-1132582","o":"Eastmain Resources Inc. 100%","e":""},"geometry":{"type":"Polygon","coordinates":[[[-75.63333,52.2],[-75.63333,52.19167],[-75.64167,52.19167],[-75.64167,52.2],[-75.63333,52.2]]]}},{"type":"Feature","properties":{"c":"CDC-1132581","o":"Eastmain Resources Inc. 100%","e":""},"geometry":{"type":"Polygon","coordinates":[[[-75.64167,52.2],[-75.64167,52.19167],[-75.65,52.19167],[-75.65,52.2],[-75.64167,52.2]]]}},{"type":"Feature","properties":{"c":"CDC-1132580","o":"Eastmain Resources Inc. 100%","e":""},"geometry":{"type":"Polygon","coordinates":[[[-75.65,52.2],[-75.65,52.19167],[-75.65833,52.19167],[-75.65833,52.2],[-75.65,52.2]]]}},{"type":"Feature","properties":{"c":"CDC-1132579","o":"Eastmain Resources Inc. 100%","e":""},"geometry":{"type":"Polygon","coordinates":[[[-75.65833,52.2],[-75.65833,52.19167],[-75.66667,52.19167],[-75.66667,52.2],[-75.65833,52.2]]]}},{"type":"Feature","properties":{"c":"CDC-1132578","o":"Eastmain Resources Inc. 100%","e":""},"geometry":{"type":"Polygon","coordinates":[[[-75.66667,52.2],[-75.66667,52.19167],[-75.675,52.19167],[-75.675,52.2],[-75.66667,52.2]]]}},{"type":"Feature","properties":{"c":"CDC-1132577","o":"Eastmain Resources Inc. 100%","e":""},"geometry":{"type":"Polygon","coordinates":[[[-75.675,52.2],[-75.675,52.19167],[-75.68333,52.19167],[-75.68333,52.2],[-75.675,52.2]]]}},{"type":"Feature","properties":{"c":"CDC-1132576","o":"Eastmain Resources Inc. 100%","e":""},"geometry":{"type":"Polygon","coordinates":[[[-75.68333,52.2],[-75.68333,52.19167],[-75.69167,52.19167],[-75.69167,52.2],[-75.68333,52.2]]]}},{"type":"Feature","properties":{"c":"CDC-1132612","o":"Eastmain Resources Inc. 100%","e":""},"geometry":{"type":"Polygon","coordinates":[[[-75.625,52.20833],[-75.625,52.2],[-75.63333,52.2],[-75.63333,52.20833],[-75.625,52.20833]]]}},{"type":"Feature","properties":{"c":"CDC-1132611","o":"Eastmain Resources Inc. 100%","e":""},"geometry":{"type":"Polygon","coordinates":[[[-75.63333,52.20833],[-75.63333,52.2],[-75.64167,52.2],[-75.64167,52.20833],[-75.63333,52.20833]]]}},{"type":"Feature","properties":{"c":"CDC-1132610","o":"Eastmain Resources Inc. 100%","e":""},"geometry":{"type":"Polygon","coordinates":[[[-75.64167,52.20833],[-75.64167,52.2],[-75.65,52.2],[-75.65,52.20833],[-75.64167,52.20833]]]}},{"type":"Feature","properties":{"c":"CDC-1132609","o":"Eastmain Resources Inc. 100%","e":""},"geometry":{"type":"Polygon","coordinates":[[[-75.65,52.20833],[-75.65,52.2],[-75.65833,52.2],[-75.65833,52.20833],[-75.65,52.20833]]]}},{"type":"Feature","properties":{"c":"CDC-1132608","o":"Eastmain Resources Inc. 100%","e":""},"geometry":{"type":"Polygon","coordinates":[[[-75.65833,52.20833],[-75.65833,52.2],[-75.66667,52.2],[-75.66667,52.20833],[-75.65833,52.20833]]]}},{"type":"Feature","properties":{"c":"CDC-1132607","o":"Eastmain Resources Inc. 100%","e":""},"geometry":{"type":"Polygon","coordinates":[[[-75.66667,52.20833],[-75.66667,52.2],[-75.675,52.2],[-75.675,52.20833],[-75.66667,52.20833]]]}},{"type":"Feature","properties":{"c":"CDC-1132606","o":"Eastmain Resources Inc. 100%","e":""},"geometry":{"type":"Polygon","coordinates":[[[-75.675,52.20833],[-75.675,52.2],[-75.68333,52.2],[-75.68333,52.20833],[-75.675,52.20833]]]}},{"type":"Feature","properties":{"c":"CDC-1132605","o":"Eastmain Resources Inc. 100%","e":""},"geometry":{"type":"Polygon","coordinates":[[[-75.68333,52.20833],[-75.68333,52.2],[-75.69167,52.2],[-75.69167,52.20833],[-75.68333,52.20833]]]}},{"type":"Feature","properties":{"c":"CDC-1132644","o":"Eastmain Resources Inc. 100%","e":""},"geometry":{"type":"Polygon","coordinates":[[[-75.625,52.21667],[-75.625,52.20833],[-75.63333,52.20833],[-75.63333,52.21667],[-75.625,52.21667]]]}},{"type":"Feature","properties":{"c":"CDC-1132643","o":"Eastmain Resources Inc. 100%","e":""},"geometry":{"type":"Polygon","coordinates":[[[-75.63333,52.21667],[-75.63333,52.20833],[-75.64167,52.20833],[-75.64167,52.21667],[-75.63333,52.21667]]]}},{"type":"Feature","properties":{"c":"CDC-1132642","o":"Eastmain Resources Inc. 100%","e":""},"geometry":{"type":"Polygon","coordinates":[[[-75.64167,52.21667],[-75.64167,52.20833],[-75.65,52.20833],[-75.65,52.21667],[-75.64167,52.21667]]]}},{"type":"Feature","properties":{"c":"CDC-1132641","o":"Eastmain Resources Inc. 100%","e":""},"geometry":{"type":"Polygon","coordinates":[[[-75.65,52.21667],[-75.65,52.20833],[-75.65833,52.20833],[-75.65833,52.21667],[-75.65,52.21667]]]}},{"type":"Feature","properties":{"c":"CDC-1132640","o":"Eastmain Resources Inc. 100%","e":""},"geometry":{"type":"Polygon","coordinates":[[[-75.65833,52.21667],[-75.65833,52.20833],[-75.66667,52.20833],[-75.66667,52.21667],[-75.65833,52.21667]]]}},{"type":"Feature","properties":{"c":"CDC-1132639","o":"Eastmain Resources Inc. 100%","e":""},"geometry":{"type":"Polygon","coordinates":[[[-75.66667,52.21667],[-75.66667,52.20833],[-75.675,52.20833],[-75.675,52.21667],[-75.66667,52.21667]]]}},{"type":"Feature","properties":{"c":"CDC-1132638","o":"Eastmain Resources Inc. 100%","e":""},"geometry":{"type":"Polygon","coordinates":[[[-75.675,52.21667],[-75.675,52.20833],[-75.68333,52.20833],[-75.68333,52.21667],[-75.675,52.21667]]]}},{"type":"Feature","properties":{"c":"CDC-1132637","o":"Eastmain Resources Inc. 100%","e":""},"geometry":{"type":"Polygon","coordinates":[[[-75.68333,52.21667],[-75.68333,52.20833],[-75.69167,52.20833],[-75.69167,52.21667],[-75.68333,52.21667]]]}},{"type":"Feature","properties":{"c":"CDC-1132670","o":"Eastmain Resources Inc. 100%","e":""},"geometry":{"type":"Polygon","coordinates":[[[-75.625,52.225],[-75.625,52.21667],[-75.63333,52.21667],[-75.63333,52.225],[-75.625,52.225]]]}},{"type":"Feature","properties":{"c":"CDC-1132669","o":"Eastmain Resources Inc. 100%","e":""},"geometry":{"type":"Polygon","coordinates":[[[-75.63333,52.225],[-75.63333,52.21667],[-75.64167,52.21667],[-75.64167,52.225],[-75.63333,52.225]]]}},{"type":"Feature","properties":{"c":"CDC-1132668","o":"Eastmain Resources Inc. 100%","e":""},"geometry":{"type":"Polygon","coordinates":[[[-75.64167,52.225],[-75.64167,52.21667],[-75.65,52.21667],[-75.65,52.225],[-75.64167,52.225]]]}},{"type":"Feature","properties":{"c":"CDC-1132667","o":"Eastmain Resources Inc. 100%","e":""},"geometry":{"type":"Polygon","coordinates":[[[-75.65,52.225],[-75.65,52.21667],[-75.65833,52.21667],[-75.65833,52.225],[-75.65,52.225]]]}},{"type":"Feature","properties":{"c":"CDC-1132666","o":"Eastmain Resources Inc. 100%","e":""},"geometry":{"type":"Polygon","coordinates":[[[-75.65833,52.225],[-75.65833,52.21667],[-75.66667,52.21667],[-75.66667,52.225],[-75.65833,52.225]]]}},{"type":"Feature","properties":{"c":"CDC-1132665","o":"Eastmain Resources Inc. 100%","e":""},"geometry":{"type":"Polygon","coordinates":[[[-75.66667,52.225],[-75.66667,52.21667],[-75.675,52.21667],[-75.675,52.225],[-75.66667,52.225]]]}},{"type":"Feature","properties":{"c":"CDC-1132664","o":"Eastmain Resources Inc. 100%","e":""},"geometry":{"type":"Polygon","coordinates":[[[-75.675,52.225],[-75.675,52.21667],[-75.68333,52.21667],[-75.68333,52.225],[-75.675,52.225]]]}},{"type":"Feature","properties":{"c":"CDC-86834","o":"Eastmain Resources Inc. 100%","e":""},"geometry":{"type":"Polygon","coordinates":[[[-75.68333,52.225],[-75.68333,52.21667],[-75.69167,52.21667],[-75.69167,52.225],[-75.68333,52.225]]]}},{"type":"Feature","properties":{"c":"CDC-86824","o":"Eastmain Resources Inc. 100%","e":""},"geometry":{"type":"Polygon","coordinates":[[[-75.625,52.23333],[-75.625,52.225],[-75.63333,52.225],[-75.63333,52.23333],[-75.625,52.23333]]]}},{"type":"Feature","properties":{"c":"CDC-1132688","o":"Eastmain Resources Inc. 100%","e":""},"geometry":{"type":"Polygon","coordinates":[[[-75.63333,52.23333],[-75.63333,52.225],[-75.64167,52.225],[-75.64167,52.23333],[-75.63333,52.23333]]]}},{"type":"Feature","properties":{"c":"CDC-1132687","o":"Eastmain Resources Inc. 100%","e":""},"geometry":{"type":"Polygon","coordinates":[[[-75.64167,52.23333],[-75.64167,52.225],[-75.65,52.225],[-75.65,52.23333],[-75.64167,52.23333]]]}},{"type":"Feature","properties":{"c":"CDC-1132686","o":"Eastmain Resources Inc. 100%","e":""},"geometry":{"type":"Polygon","coordinates":[[[-75.65,52.23333],[-75.65,52.225],[-75.65833,52.225],[-75.65833,52.23333],[-75.65,52.23333]]]}},{"type":"Feature","properties":{"c":"CDC-1132685","o":"Eastmain Resources Inc. 100%","e":""},"geometry":{"type":"Polygon","coordinates":[[[-75.65833,52.23333],[-75.65833,52.225],[-75.66667,52.225],[-75.66667,52.23333],[-75.65833,52.23333]]]}},{"type":"Feature","properties":{"c":"CDC-1132684","o":"Eastmain Resources Inc. 100%","e":""},"geometry":{"type":"Polygon","coordinates":[[[-75.66667,52.23333],[-75.66667,52.225],[-75.675,52.225],[-75.675,52.23333],[-75.66667,52.23333]]]}},{"type":"Feature","properties":{"c":"CDC-1132683","o":"Eastmain Resources Inc. 100%","e":""},"geometry":{"type":"Polygon","coordinates":[[[-75.675,52.23333],[-75.675,52.225],[-75.68333,52.225],[-75.68333,52.23333],[-75.675,52.23333]]]}},{"type":"Feature","properties":{"c":"CDC-86823","o":"Eastmain Resources Inc. 100%","e":""},"geometry":{"type":"Polygon","coordinates":[[[-75.68333,52.23333],[-75.68333,52.225],[-75.69167,52.225],[-75.69167,52.23333],[-75.68333,52.23333]]]}},{"type":"Feature","properties":{"c":"CDC-86897","o":"Eastmain Resources Inc. 100%","e":""},"geometry":{"type":"Polygon","coordinates":[[[-75.63333,52.24167],[-75.63333,52.23333],[-75.64167,52.23333],[-75.64167,52.24167],[-75.63333,52.24167]]]}},{"type":"Feature","properties":{"c":"CDC-86896","o":"Eastmain Resources Inc. 100%","e":""},"geometry":{"type":"Polygon","coordinates":[[[-75.64167,52.24167],[-75.64167,52.23333],[-75.65,52.23333],[-75.65,52.24167],[-75.64167,52.24167]]]}},{"type":"Feature","properties":{"c":"CDC-86862","o":"Eastmain Resources Inc. 100%","e":""},"geometry":{"type":"Polygon","coordinates":[[[-75.65,52.24167],[-75.65,52.23333],[-75.65833,52.23333],[-75.65833,52.24167],[-75.65,52.24167]]]}},{"type":"Feature","properties":{"c":"CDC-86895","o":"Eastmain Resources Inc. 100%","e":""},"geometry":{"type":"Polygon","coordinates":[[[-75.65833,52.24167],[-75.65833,52.23333],[-75.66667,52.23333],[-75.66667,52.24167],[-75.65833,52.24167]]]}},{"type":"Feature","properties":{"c":"CDC-86894","o":"Eastmain Resources Inc. 100%","e":""},"geometry":{"type":"Polygon","coordinates":[[[-75.66667,52.24167],[-75.66667,52.23333],[-75.675,52.23333],[-75.675,52.24167],[-75.66667,52.24167]]]}},{"type":"Feature","properties":{"c":"CDC-86893","o":"Eastmain Resources Inc. 100%","e":""},"geometry":{"type":"Polygon","coordinates":[[[-75.675,52.24167],[-75.675,52.23333],[-75.68333,52.23333],[-75.68333,52.24167],[-75.675,52.24167]]]}},{"type":"Feature","properties":{"c":"CDC-86892","o":"Eastmain Resources Inc. 100%","e":""},"geometry":{"type":"Polygon","coordinates":[[[-75.68333,52.24167],[-75.68333,52.23333],[-75.69167,52.23333],[-75.69167,52.24167],[-75.68333,52.24167]]]}},{"type":"Feature","properties":{"c":"CDC-86891","o":"Eastmain Resources Inc. 100%","e":""},"geometry":{"type":"Polygon","coordinates":[[[-75.69167,52.24167],[-75.69167,52.23333],[-75.7,52.23333],[-75.7,52.24167],[-75.69167,52.24167]]]}},{"type":"Feature","properties":{"c":"CDC-75844","o":"Eastmain Resources Inc. 100%","e":""},"geometry":{"type":"Polygon","coordinates":[[[-75.63333,52.25],[-75.63333,52.24167],[-75.64167,52.24167],[-75.64167,52.25],[-75.63333,52.25]]]}},{"type":"Feature","properties":{"c":"CDC-1132560","o":"Eastmain Resources Inc. 100%","e":""},"geometry":{"type":"Polygon","coordinates":[[[-75.71667,52.19167],[-75.71667,52.18333],[-75.725,52.18333],[-75.725,52.19167],[-75.71667,52.19167]]]}},{"type":"Feature","properties":{"c":"CDC-2503954","o":"Exploration Midland inc. 100%","e":""},"geometry":{"type":"Polygon","coordinates":[[[-75.70833,52.15],[-75.70833,52.14167],[-75.71667,52.14167],[-75.71667,52.15],[-75.70833,52.15]]]}},{"type":"Feature","properties":{"c":"CDC-2503963","o":"Exploration Midland inc. 100%","e":""},"geometry":{"type":"Polygon","coordinates":[[[-75.70833,52.15833],[-75.70833,52.15],[-75.71667,52.15],[-75.71667,52.15833],[-75.70833,52.15833]]]}},{"type":"Feature","properties":{"c":"CDC-2503972","o":"Exploration Midland inc. 100%","e":""},"geometry":{"type":"Polygon","coordinates":[[[-75.70833,52.16667],[-75.70833,52.15833],[-75.71667,52.15833],[-75.71667,52.16667],[-75.70833,52.16667]]]}},{"type":"Feature","properties":{"c":"CDC-2503931","o":"Exploration Midland inc. 100%","e":""},"geometry":{"type":"Polygon","coordinates":[[[-75.70833,52.175],[-75.70833,52.16667],[-75.71667,52.16667],[-75.71667,52.175],[-75.70833,52.175]]]}},{"type":"Feature","properties":{"c":"CDC-2503989","o":"Exploration Midland inc. 100%","e":""},"geometry":{"type":"Polygon","coordinates":[[[-75.70833,52.18333],[-75.70833,52.175],[-75.71667,52.175],[-75.71667,52.18333],[-75.70833,52.18333]]]}},{"type":"Feature","properties":{"c":"CDC-1132561","o":"Eastmain Resources Inc. 100%","e":""},"geometry":{"type":"Polygon","coordinates":[[[-75.70833,52.19167],[-75.70833,52.18333],[-75.71667,52.18333],[-75.71667,52.19167],[-75.70833,52.19167]]]}},{"type":"Feature","properties":{"c":"CDC-1132573","o":"Eastmain Resources Inc. 100%","e":""},"geometry":{"type":"Polygon","coordinates":[[[-75.70833,52.2],[-75.70833,52.19167],[-75.71667,52.19167],[-75.71667,52.2],[-75.70833,52.2]]]}},{"type":"Feature","properties":{"c":"CDC-2503903","o":"Exploration Midland inc. 100%","e":""},"geometry":{"type":"Polygon","coordinates":[[[-75.7,52.15],[-75.7,52.14167],[-75.70833,52.14167],[-75.70833,52.15],[-75.7,52.15]]]}},{"type":"Feature","properties":{"c":"CDC-2503913","o":"Exploration Midland inc. 100%","e":""},"geometry":{"type":"Polygon","coordinates":[[[-75.7,52.15833],[-75.7,52.15],[-75.70833,52.15],[-75.70833,52.15833],[-75.7,52.15833]]]}},{"type":"Feature","properties":{"c":"CDC-2503923","o":"Exploration Midland inc. 100%","e":""},"geometry":{"type":"Polygon","coordinates":[[[-75.7,52.16667],[-75.7,52.15833],[-75.70833,52.15833],[-75.70833,52.16667],[-75.7,52.16667]]]}},{"type":"Feature","properties":{"c":"CDC-2503932","o":"Exploration Midland inc. 100%","e":""},"geometry":{"type":"Polygon","coordinates":[[[-75.7,52.175],[-75.7,52.16667],[-75.70833,52.16667],[-75.70833,52.175],[-75.7,52.175]]]}},{"type":"Feature","properties":{"c":"CDC-86857","o":"Eastmain Resources Inc. 100%","e":""},"geometry":{"type":"Polygon","coordinates":[[[-75.7,52.18333],[-75.7,52.175],[-75.70833,52.175],[-75.70833,52.18333],[-75.7,52.18333]]]}},{"type":"Feature","properties":{"c":"CDC-1132562","o":"Eastmain Resources Inc. 100%","e":""},"geometry":{"type":"Polygon","coordinates":[[[-75.7,52.19167],[-75.7,52.18333],[-75.70833,52.18333],[-75.70833,52.19167],[-75.7,52.19167]]]}},{"type":"Feature","properties":{"c":"CDC-1132574","o":"Eastmain Resources Inc. 100%","e":""},"geometry":{"type":"Polygon","coordinates":[[[-75.7,52.2],[-75.7,52.19167],[-75.70833,52.19167],[-75.70833,52.2],[-75.7,52.2]]]}},{"type":"Feature","properties":{"c":"CDC-2503904","o":"Exploration Midland inc. 100%","e":""},"geometry":{"type":"Polygon","coordinates":[[[-75.69167,52.15],[-75.69167,52.14167],[-75.7,52.14167],[-75.7,52.15],[-75.69167,52.15]]]}},{"type":"Feature","properties":{"c":"CDC-2503914","o":"Exploration Midland inc. 100%","e":""},"geometry":{"type":"Polygon","coordinates":[[[-75.69167,52.15833],[-75.69167,52.15],[-75.7,52.15],[-75.7,52.15833],[-75.69167,52.15833]]]}},{"type":"Feature","properties":{"c":"CDC-2503924","o":"Exploration Midland inc. 100%","e":""},"geometry":{"type":"Polygon","coordinates":[[[-75.69167,52.16667],[-75.69167,52.15833],[-75.7,52.15833],[-75.7,52.16667],[-75.69167,52.16667]]]}},{"type":"Feature","properties":{"c":"CDC-2503933","o":"Exploration Midland inc. 100%","e":""},"geometry":{"type":"Polygon","coordinates":[[[-75.69167,52.175],[-75.69167,52.16667],[-75.7,52.16667],[-75.7,52.175],[-75.69167,52.175]]]}},{"type":"Feature","properties":{"c":"CDC-86858","o":"Eastmain Resources Inc. 100%","e":""},"geometry":{"type":"Polygon","coordinates":[[[-75.69167,52.18333],[-75.69167,52.175],[-75.7,52.175],[-75.7,52.18333],[-75.69167,52.18333]]]}},{"type":"Feature","properties":{"c":"CDC-1132563","o":"Eastmain Resources Inc. 100%","e":""},"geometry":{"type":"Polygon","coordinates":[[[-75.69167,52.19167],[-75.69167,52.18333],[-75.7,52.18333],[-75.7,52.19167],[-75.69167,52.19167]]]}},{"type":"Feature","properties":{"c":"CDC-1132575","o":"Eastmain Resources Inc. 100%","e":""},"geometry":{"type":"Polygon","coordinates":[[[-75.69167,52.2],[-75.69167,52.19167],[-75.7,52.19167],[-75.7,52.2],[-75.69167,52.2]]]}},{"type":"Feature","properties":{"c":"CDC-2503905","o":"Exploration Midland inc. 100%","e":""},"geometry":{"type":"Polygon","coordinates":[[[-75.68333,52.15],[-75.68333,52.14167],[-75.69167,52.14167],[-75.69167,52.15],[-75.68333,52.15]]]}},{"type":"Feature","properties":{"c":"CDC-2503915","o":"Exploration Midland inc. 100%","e":""},"geometry":{"type":"Polygon","coordinates":[[[-75.68333,52.15833],[-75.68333,52.15],[-75.69167,52.15],[-75.69167,52.15833],[-75.68333,52.15833]]]}},{"type":"Feature","properties":{"c":"CDC-2503925","o":"Exploration Midland inc. 100%","e":""},"geometry":{"type":"Polygon","coordinates":[[[-75.68333,52.16667],[-75.68333,52.15833],[-75.69167,52.15833],[-75.69167,52.16667],[-75.68333,52.16667]]]}},{"type":"Feature","properties":{"c":"CDC-2503934","o":"Exploration Midland inc. 100%","e":""},"geometry":{"type":"Polygon","coordinates":[[[-75.68333,52.175],[-75.68333,52.16667],[-75.69167,52.16667],[-75.69167,52.175],[-75.68333,52.175]]]}},{"type":"Feature","properties":{"c":"CDC-86859","o":"Eastmain Resources Inc. 100%","e":""},"geometry":{"type":"Polygon","coordinates":[[[-75.68333,52.18333],[-75.68333,52.175],[-75.69167,52.175],[-75.69167,52.18333],[-75.68333,52.18333]]]}},{"type":"Feature","properties":{"c":"CDC-2840654","o":"Jean Robert 30%","e":""},"geometry":{"type":"Polygon","coordinates":[[[-75.7,52.06667],[-75.7,52.05833],[-75.70833,52.05833],[-75.70833,52.06667],[-75.7,52.06667]]]}},{"type":"Feature","properties":{"c":"CDC-2656191","o":"Exploration Azimut inc. 100%","e":""},"geometry":{"type":"Polygon","coordinates":[[[-75.69167,52.025],[-75.69167,52.01667],[-75.7,52.01667],[-75.7,52.025],[-75.69167,52.025]]]}},{"type":"Feature","properties":{"c":"CDC-2859929","o":"Exploration Azimut inc. 100%","e":""},"geometry":{"type":"Polygon","coordinates":[[[-75.69167,52.03333],[-75.69167,52.025],[-75.7,52.025],[-75.7,52.03333],[-75.69167,52.03333]]]}},{"type":"Feature","properties":{"c":"CDC-2859934","o":"Exploration Azimut inc. 100%","e":""},"geometry":{"type":"Polygon","coordinates":[[[-75.69167,52.04167],[-75.69167,52.03333],[-75.7,52.03333],[-75.7,52.04167],[-75.69167,52.04167]]]}},{"type":"Feature","properties":{"c":"CDC-2840645","o":"Jean Robert 30%","e":""},"geometry":{"type":"Polygon","coordinates":[[[-75.69167,52.05],[-75.69167,52.04167],[-75.7,52.04167],[-75.7,52.05],[-75.69167,52.05]]]}},{"type":"Feature","properties":{"c":"CDC-2840650","o":"Jean Robert 30%","e":""},"geometry":{"type":"Polygon","coordinates":[[[-75.69167,52.05833],[-75.69167,52.05],[-75.7,52.05],[-75.7,52.05833],[-75.69167,52.05833]]]}},{"type":"Feature","properties":{"c":"CDC-2885109","o":"Jean Robert 30%","e":""},"geometry":{"type":"Polygon","coordinates":[[[-75.69167,52.06667],[-75.69167,52.05833],[-75.7,52.05833],[-75.7,52.06667],[-75.69167,52.06667]]]}},{"type":"Feature","properties":{"c":"CDC-2859921","o":"Exploration Azimut inc. 100%","e":""},"geometry":{"type":"Polygon","coordinates":[[[-75.68333,52.025],[-75.68333,52.01667],[-75.69167,52.01667],[-75.69167,52.025],[-75.68333,52.025]]]}},{"type":"Feature","properties":{"c":"CDC-2859930","o":"Exploration Azimut inc. 100%","e":""},"geometry":{"type":"Polygon","coordinates":[[[-75.68333,52.03333],[-75.68333,52.025],[-75.69167,52.025],[-75.69167,52.03333],[-75.68333,52.03333]]]}},{"type":"Feature","properties":{"c":"CDC-2859935","o":"Exploration Azimut inc. 100%","e":""},"geometry":{"type":"Polygon","coordinates":[[[-75.68333,52.04167],[-75.68333,52.03333],[-75.69167,52.03333],[-75.69167,52.04167],[-75.68333,52.04167]]]}},{"type":"Feature","properties":{"c":"CDC-2840646","o":"Jean Robert 30%","e":""},"geometry":{"type":"Polygon","coordinates":[[[-75.68333,52.05],[-75.68333,52.04167],[-75.69167,52.04167],[-75.69167,52.05],[-75.68333,52.05]]]}},{"type":"Feature","properties":{"c":"CDC-2840651","o":"Jean Robert 30%","e":""},"geometry":{"type":"Polygon","coordinates":[[[-75.68333,52.05833],[-75.68333,52.05],[-75.69167,52.05],[-75.69167,52.05833],[-75.68333,52.05833]]]}},{"type":"Feature","properties":{"c":"CDC-2840655","o":"Jean Robert 30%","e":""},"geometry":{"type":"Polygon","coordinates":[[[-75.68333,52.06667],[-75.68333,52.05833],[-75.69167,52.05833],[-75.69167,52.06667],[-75.68333,52.06667]]]}},{"type":"Feature","properties":{"c":"CDC-2859922","o":"Exploration Azimut inc. 100%","e":""},"geometry":{"type":"Polygon","coordinates":[[[-75.675,52.025],[-75.675,52.01667],[-75.68333,52.01667],[-75.68333,52.025],[-75.675,52.025]]]}},{"type":"Feature","properties":{"c":"CDC-2859931","o":"Exploration Azimut inc. 100%","e":""},"geometry":{"type":"Polygon","coordinates":[[[-75.675,52.03333],[-75.675,52.025],[-75.68333,52.025],[-75.68333,52.03333],[-75.675,52.03333]]]}},{"type":"Feature","properties":{"c":"CDC-2859936","o":"Exploration Azimut inc. 100%","e":""},"geometry":{"type":"Polygon","coordinates":[[[-75.675,52.04167],[-75.675,52.03333],[-75.68333,52.03333],[-75.68333,52.04167],[-75.675,52.04167]]]}},{"type":"Feature","properties":{"c":"CDC-2840647","o":"Jean Robert 30%","e":""},"geometry":{"type":"Polygon","coordinates":[[[-75.675,52.05],[-75.675,52.04167],[-75.68333,52.04167],[-75.68333,52.05],[-75.675,52.05]]]}},{"type":"Feature","properties":{"c":"CDC-2840652","o":"Jean Robert 30%","e":""},"geometry":{"type":"Polygon","coordinates":[[[-75.675,52.05833],[-75.675,52.05],[-75.68333,52.05],[-75.68333,52.05833],[-75.675,52.05833]]]}},{"type":"Feature","properties":{"c":"CDC-2840656","o":"Jean Robert 30%","e":""},"geometry":{"type":"Polygon","coordinates":[[[-75.675,52.06667],[-75.675,52.05833],[-75.68333,52.05833],[-75.68333,52.06667],[-75.675,52.06667]]]}},{"type":"Feature","properties":{"c":"CDC-2844955","o":"Exploration Azimut inc. 100%","e":""},"geometry":{"type":"Polygon","coordinates":[[[-75.66667,52.025],[-75.66667,52.01667],[-75.675,52.01667],[-75.675,52.025],[-75.66667,52.025]]]}},{"type":"Feature","properties":{"c":"CDC-2844963","o":"Exploration Azimut inc. 100%","e":""},"geometry":{"type":"Polygon","coordinates":[[[-75.66667,52.03333],[-75.66667,52.025],[-75.675,52.025],[-75.675,52.03333],[-75.66667,52.03333]]]}},{"type":"Feature","properties":{"c":"CDC-2844964","o":"Exploration Azimut inc. 100%","e":""},"geometry":{"type":"Polygon","coordinates":[[[-75.66667,52.04167],[-75.66667,52.03333],[-75.675,52.03333],[-75.675,52.04167],[-75.66667,52.04167]]]}},{"type":"Feature","properties":{"c":"CDC-2844965","o":"Exploration Azimut inc. 100%","e":""},"geometry":{"type":"Polygon","coordinates":[[[-75.66667,52.05],[-75.66667,52.04167],[-75.675,52.04167],[-75.675,52.05],[-75.66667,52.05]]]}},{"type":"Feature","properties":{"c":"CDC-2681997","o":"Exploration Azimut inc. 100%","e":""},"geometry":{"type":"Polygon","coordinates":[[[-75.66667,52.05833],[-75.66667,52.05],[-75.675,52.05],[-75.675,52.05833],[-75.66667,52.05833]]]}},{"type":"Feature","properties":{"c":"CDC-2682002","o":"Exploration Azimut inc. 100%","e":""},"geometry":{"type":"Polygon","coordinates":[[[-75.66667,52.06667],[-75.66667,52.05833],[-75.675,52.05833],[-75.675,52.06667],[-75.66667,52.06667]]]}},{"type":"Feature","properties":{"c":"CDC-2840628","o":"Exploration Azimut inc. 100%","e":""},"geometry":{"type":"Polygon","coordinates":[[[-75.65833,52.025],[-75.65833,52.01667],[-75.66667,52.01667],[-75.66667,52.025],[-75.65833,52.025]]]}},{"type":"Feature","properties":{"c":"CDC-2840631","o":"Exploration Azimut inc. 100%","e":""},"geometry":{"type":"Polygon","coordinates":[[[-75.65833,52.03333],[-75.65833,52.025],[-75.66667,52.025],[-75.66667,52.03333],[-75.65833,52.03333]]]}},{"type":"Feature","properties":{"c":"CDC-2648544","o":"Exploration Midland inc. 100%","e":""},"geometry":{"type":"Polygon","coordinates":[[[-75.70833,52.1],[-75.70833,52.09167],[-75.71667,52.09167],[-75.71667,52.1],[-75.70833,52.1]]]}},{"type":"Feature","properties":{"c":"CDC-2648547","o":"Exploration Midland inc. 100%","e":""},"geometry":{"type":"Polygon","coordinates":[[[-75.70833,52.10833],[-75.70833,52.1],[-75.71667,52.1],[-75.71667,52.10833],[-75.70833,52.10833]]]}},{"type":"Feature","properties":{"c":"CDC-2840659","o":"Jean Robert 30%","e":""},"geometry":{"type":"Polygon","coordinates":[[[-75.7,52.075],[-75.7,52.06667],[-75.70833,52.06667],[-75.70833,52.075],[-75.7,52.075]]]}},{"type":"Feature","properties":{"c":"CDC-2840665","o":"Jean Robert 30%","e":""},"geometry":{"type":"Polygon","coordinates":[[[-75.7,52.08333],[-75.7,52.075],[-75.70833,52.075],[-75.70833,52.08333],[-75.7,52.08333]]]}},{"type":"Feature","properties":{"c":"CDC-2864563","o":"Jean Robert 30%","e":""},"geometry":{"type":"Polygon","coordinates":[[[-75.7,52.09167],[-75.7,52.08333],[-75.70833,52.08333],[-75.70833,52.09167],[-75.7,52.09167]]]}},{"type":"Feature","properties":{"c":"CDC-2864565","o":"Jean Robert 30%","e":""},"geometry":{"type":"Polygon","coordinates":[[[-75.7,52.1],[-75.7,52.09167],[-75.70833,52.09167],[-75.70833,52.1],[-75.7,52.1]]]}},{"type":"Feature","properties":{"c":"CDC-2648548","o":"Exploration Midland inc. 100%","e":""},"geometry":{"type":"Polygon","coordinates":[[[-75.7,52.10833],[-75.7,52.1],[-75.70833,52.1],[-75.70833,52.10833],[-75.7,52.10833]]]}},{"type":"Feature","properties":{"c":"CDC-2840660","o":"Jean Robert 30%","e":""},"geometry":{"type":"Polygon","coordinates":[[[-75.69167,52.075],[-75.69167,52.06667],[-75.7,52.06667],[-75.7,52.075],[-75.69167,52.075]]]}},{"type":"Feature","properties":{"c":"CDC-2840666","o":"Jean Robert 30%","e":""},"geometry":{"type":"Polygon","coordinates":[[[-75.69167,52.08333],[-75.69167,52.075],[-75.7,52.075],[-75.7,52.08333],[-75.69167,52.08333]]]}},{"type":"Feature","properties":{"c":"CDC-2864564","o":"Jean Robert 30%","e":""},"geometry":{"type":"Polygon","coordinates":[[[-75.69167,52.09167],[-75.69167,52.08333],[-75.7,52.08333],[-75.7,52.09167],[-75.69167,52.09167]]]}},{"type":"Feature","properties":{"c":"CDC-2864566","o":"Jean Robert 30%","e":""},"geometry":{"type":"Polygon","coordinates":[[[-75.69167,52.1],[-75.69167,52.09167],[-75.7,52.09167],[-75.7,52.1],[-75.69167,52.1]]]}},{"type":"Feature","properties":{"c":"CDC-2648549","o":"Exploration Midland inc. 100%","e":""},"geometry":{"type":"Polygon","coordinates":[[[-75.69167,52.10833],[-75.69167,52.1],[-75.7,52.1],[-75.7,52.10833],[-75.69167,52.10833]]]}},{"type":"Feature","properties":{"c":"CDC-2648557","o":"Exploration Midland inc. 100%","e":""},"geometry":{"type":"Polygon","coordinates":[[[-75.69167,52.11667],[-75.69167,52.10833],[-75.7,52.10833],[-75.7,52.11667],[-75.69167,52.11667]]]}},{"type":"Feature","properties":{"c":"CDC-2840661","o":"Jean Robert 30%","e":""},"geometry":{"type":"Polygon","coordinates":[[[-75.68333,52.075],[-75.68333,52.06667],[-75.69167,52.06667],[-75.69167,52.075],[-75.68333,52.075]]]}},{"type":"Feature","properties":{"c":"CDC-2840667","o":"Jean Robert 30%","e":""},"geometry":{"type":"Polygon","coordinates":[[[-75.68333,52.08333],[-75.68333,52.075],[-75.69167,52.075],[-75.69167,52.08333],[-75.68333,52.08333]]]}},{"type":"Feature","properties":{"c":"CDC-61112","o":"Exploration Azimut inc. 100%","e":""},"geometry":{"type":"Polygon","coordinates":[[[-75.68333,52.09167],[-75.68333,52.08333],[-75.69167,52.08333],[-75.69167,52.09167],[-75.68333,52.09167]]]}},{"type":"Feature","properties":{"c":"CDC-61104","o":"Exploration Azimut inc. 100%","e":""},"geometry":{"type":"Polygon","coordinates":[[[-75.68333,52.1],[-75.68333,52.09167],[-75.69167,52.09167],[-75.69167,52.1],[-75.68333,52.1]]]}},{"type":"Feature","properties":{"c":"CDC-2648550","o":"Exploration Midland inc. 100%","e":""},"geometry":{"type":"Polygon","coordinates":[[[-75.68333,52.10833],[-75.68333,52.1],[-75.69167,52.1],[-75.69167,52.10833],[-75.68333,52.10833]]]}},{"type":"Feature","properties":{"c":"CDC-2648558","o":"Exploration Midland inc. 100%","e":""},"geometry":{"type":"Polygon","coordinates":[[[-75.68333,52.11667],[-75.68333,52.10833],[-75.69167,52.10833],[-75.69167,52.11667],[-75.68333,52.11667]]]}},{"type":"Feature","properties":{"c":"CDC-2840662","o":"Jean Robert 30%","e":""},"geometry":{"type":"Polygon","coordinates":[[[-75.675,52.075],[-75.675,52.06667],[-75.68333,52.06667],[-75.68333,52.075],[-75.675,52.075]]]}},{"type":"Feature","properties":{"c":"CDC-2840668","o":"Jean Robert 30%","e":""},"geometry":{"type":"Polygon","coordinates":[[[-75.675,52.08333],[-75.675,52.075],[-75.68333,52.075],[-75.68333,52.08333],[-75.675,52.08333]]]}},{"type":"Feature","properties":{"c":"CDC-61113","o":"Exploration Azimut inc. 100%","e":""},"geometry":{"type":"Polygon","coordinates":[[[-75.675,52.09167],[-75.675,52.08333],[-75.68333,52.08333],[-75.68333,52.09167],[-75.675,52.09167]]]}},{"type":"Feature","properties":{"c":"CDC-61105","o":"Exploration Azimut inc. 100%","e":""},"geometry":{"type":"Polygon","coordinates":[[[-75.675,52.1],[-75.675,52.09167],[-75.68333,52.09167],[-75.68333,52.1],[-75.675,52.1]]]}},{"type":"Feature","properties":{"c":"CDC-2648551","o":"Exploration Midland inc. 100%","e":""},"geometry":{"type":"Polygon","coordinates":[[[-75.675,52.10833],[-75.675,52.1],[-75.68333,52.1],[-75.68333,52.10833],[-75.675,52.10833]]]}},{"type":"Feature","properties":{"c":"CDC-2648559","o":"Exploration Midland inc. 100%","e":""},"geometry":{"type":"Polygon","coordinates":[[[-75.675,52.11667],[-75.675,52.10833],[-75.68333,52.10833],[-75.68333,52.11667],[-75.675,52.11667]]]}},{"type":"Feature","properties":{"c":"CDC-61627","o":"Exploration Azimut inc. 100%","e":""},"geometry":{"type":"Polygon","coordinates":[[[-75.66667,52.075],[-75.66667,52.06667],[-75.675,52.06667],[-75.675,52.075],[-75.66667,52.075]]]}},{"type":"Feature","properties":{"c":"CDC-2682006","o":"Exploration Azimut inc. 100%","e":""},"geometry":{"type":"Polygon","coordinates":[[[-75.66667,52.08333],[-75.66667,52.075],[-75.675,52.075],[-75.675,52.08333],[-75.66667,52.08333]]]}},{"type":"Feature","properties":{"c":"CDC-2862327","o":"SOQUEM inc. 100%","e":""},"geometry":{"type":"Polygon","coordinates":[[[-75.64167,52.5],[-75.63333,52.5],[-75.63333,52.49167],[-75.64167,52.49167],[-75.64167,52.5]]]}},{"type":"Feature","properties":{"c":"CDC-2862328","o":"SOQUEM inc. 100%","e":""},"geometry":{"type":"Polygon","coordinates":[[[-75.63333,52.5],[-75.625,52.5],[-75.625,52.49167],[-75.63333,52.49167],[-75.63333,52.5]]]}},{"type":"Feature","properties":{"c":"CDC-2862329","o":"SOQUEM inc. 100%","e":""},"geometry":{"type":"Polygon","coordinates":[[[-75.625,52.5],[-75.61667,52.5],[-75.61667,52.49167],[-75.625,52.49167],[-75.625,52.5]]]}},{"type":"Feature","properties":{"c":"CDC-2862330","o":"SOQUEM inc. 100%","e":""},"geometry":{"type":"Polygon","coordinates":[[[-75.61667,52.5],[-75.60833,52.5],[-75.60833,52.49167],[-75.61667,52.49167],[-75.61667,52.5]]]}},{"type":"Feature","properties":{"c":"CDC-2862331","o":"SOQUEM inc. 100%","e":""},"geometry":{"type":"Polygon","coordinates":[[[-75.60833,52.5],[-75.6,52.5],[-75.6,52.49167],[-75.60833,52.49167],[-75.60833,52.5]]]}},{"type":"Feature","properties":{"c":"CDC-2862332","o":"SOQUEM inc. 100%","e":""},"geometry":{"type":"Polygon","coordinates":[[[-75.6,52.5],[-75.59167,52.5],[-75.59167,52.49167],[-75.6,52.49167],[-75.6,52.5]]]}},{"type":"Feature","properties":{"c":"CDC-2862284","o":"SOQUEM inc. 100%","e":""},"geometry":{"type":"Polygon","coordinates":[[[-75.7,52.49167],[-75.69167,52.49167],[-75.69167,52.48333],[-75.7,52.48333],[-75.7,52.49167]]]}},{"type":"Feature","properties":{"c":"CDC-2862320","o":"SOQUEM inc. 100%","e":""},"geometry":{"type":"Polygon","coordinates":[[[-75.7,52.5],[-75.69167,52.5],[-75.69167,52.49167],[-75.7,52.49167],[-75.7,52.5]]]}},{"type":"Feature","properties":{"c":"CDC-2862285","o":"SOQUEM inc. 100%","e":""},"geometry":{"type":"Polygon","coordinates":[[[-75.69167,52.49167],[-75.68333,52.49167],[-75.68333,52.48333],[-75.69167,52.48333],[-75.69167,52.49167]]]}},{"type":"Feature","properties":{"c":"CDC-2862321","o":"SOQUEM inc. 100%","e":""},"geometry":{"type":"Polygon","coordinates":[[[-75.69167,52.5],[-75.68333,52.5],[-75.68333,52.49167],[-75.69167,52.49167],[-75.69167,52.5]]]}},{"type":"Feature","properties":{"c":"CDC-2862286","o":"SOQUEM inc. 100%","e":""},"geometry":{"type":"Polygon","coordinates":[[[-75.68333,52.49167],[-75.675,52.49167],[-75.675,52.48333],[-75.68333,52.48333],[-75.68333,52.49167]]]}},{"type":"Feature","properties":{"c":"CDC-2862322","o":"SOQUEM inc. 100%","e":""},"geometry":{"type":"Polygon","coordinates":[[[-75.68333,52.5],[-75.675,52.5],[-75.675,52.49167],[-75.68333,52.49167],[-75.68333,52.5]]]}},{"type":"Feature","properties":{"c":"CDC-2862287","o":"SOQUEM inc. 100%","e":""},"geometry":{"type":"Polygon","coordinates":[[[-75.675,52.49167],[-75.66667,52.49167],[-75.66667,52.48333],[-75.675,52.48333],[-75.675,52.49167]]]}},{"type":"Feature","properties":{"c":"CDC-2862323","o":"SOQUEM inc. 100%","e":""},"geometry":{"type":"Polygon","coordinates":[[[-75.675,52.5],[-75.66667,52.5],[-75.66667,52.49167],[-75.675,52.49167],[-75.675,52.5]]]}},{"type":"Feature","properties":{"c":"CDC-2862288","o":"SOQUEM inc. 100%","e":""},"geometry":{"type":"Polygon","coordinates":[[[-75.66667,52.49167],[-75.65833,52.49167],[-75.65833,52.48333],[-75.66667,52.48333],[-75.66667,52.49167]]]}},{"type":"Feature","properties":{"c":"CDC-2862324","o":"SOQUEM inc. 100%","e":""},"geometry":{"type":"Polygon","coordinates":[[[-75.66667,52.5],[-75.65833,52.5],[-75.65833,52.49167],[-75.66667,52.49167],[-75.66667,52.5]]]}},{"type":"Feature","properties":{"c":"CDC-2862289","o":"SOQUEM inc. 100%","e":""},"geometry":{"type":"Polygon","coordinates":[[[-75.65833,52.49167],[-75.65,52.49167],[-75.65,52.48333],[-75.65833,52.48333],[-75.65833,52.49167]]]}},{"type":"Feature","properties":{"c":"CDC-2862325","o":"SOQUEM inc. 100%","e":""},"geometry":{"type":"Polygon","coordinates":[[[-75.65833,52.5],[-75.65,52.5],[-75.65,52.49167],[-75.65833,52.49167],[-75.65833,52.5]]]}},{"type":"Feature","properties":{"c":"CDC-2862326","o":"SOQUEM inc. 100%","e":""},"geometry":{"type":"Polygon","coordinates":[[[-75.65,52.5],[-75.64167,52.5],[-75.64167,52.49167],[-75.65,52.49167],[-75.65,52.5]]]}},{"type":"Feature","properties":{"c":"CDC-2862279","o":"SOQUEM inc. 100%","e":""},"geometry":{"type":"Polygon","coordinates":[[[-75.74167,52.49167],[-75.73333,52.49167],[-75.73333,52.48333],[-75.74167,52.48333],[-75.74167,52.49167]]]}},{"type":"Feature","properties":{"c":"CDC-2862315","o":"SOQUEM inc. 100%","e":""},"geometry":{"type":"Polygon","coordinates":[[[-75.74167,52.5],[-75.73333,52.5],[-75.73333,52.49167],[-75.74167,52.49167],[-75.74167,52.5]]]}},{"type":"Feature","properties":{"c":"CDC-2862280","o":"SOQUEM inc. 100%","e":""},"geometry":{"type":"Polygon","coordinates":[[[-75.73333,52.49167],[-75.725,52.49167],[-75.725,52.48333],[-75.73333,52.48333],[-75.73333,52.49167]]]}},{"type":"Feature","properties":{"c":"CDC-2862316","o":"SOQUEM inc. 100%","e":""},"geometry":{"type":"Polygon","coordinates":[[[-75.73333,52.5],[-75.725,52.5],[-75.725,52.49167],[-75.73333,52.49167],[-75.73333,52.5]]]}},{"type":"Feature","properties":{"c":"CDC-2862281","o":"SOQUEM inc. 100%","e":""},"geometry":{"type":"Polygon","coordinates":[[[-75.725,52.49167],[-75.71667,52.49167],[-75.71667,52.48333],[-75.725,52.48333],[-75.725,52.49167]]]}},{"type":"Feature","properties":{"c":"CDC-2862317","o":"SOQUEM inc. 100%","e":""},"geometry":{"type":"Polygon","coordinates":[[[-75.725,52.5],[-75.71667,52.5],[-75.71667,52.49167],[-75.725,52.49167],[-75.725,52.5]]]}},{"type":"Feature","properties":{"c":"CDC-2878419","o":"SOQUEM inc. 100%","e":""},"geometry":{"type":"Polygon","coordinates":[[[-75.71667,52.475],[-75.70833,52.475],[-75.70833,52.46667],[-75.71667,52.46667],[-75.71667,52.475]]]}},{"type":"Feature","properties":{"c":"CDC-2878422","o":"SOQUEM inc. 100%","e":""},"geometry":{"type":"Polygon","coordinates":[[[-75.71667,52.48333],[-75.70833,52.48333],[-75.70833,52.475],[-75.71667,52.475],[-75.71667,52.48333]]]}},{"type":"Feature","properties":{"c":"CDC-2862282","o":"SOQUEM inc. 100%","e":""},"geometry":{"type":"Polygon","coordinates":[[[-75.71667,52.49167],[-75.70833,52.49167],[-75.70833,52.48333],[-75.71667,52.48333],[-75.71667,52.49167]]]}},{"type":"Feature","properties":{"c":"CDC-2862318","o":"SOQUEM inc. 100%","e":""},"geometry":{"type":"Polygon","coordinates":[[[-75.71667,52.5],[-75.70833,52.5],[-75.70833,52.49167],[-75.71667,52.49167],[-75.71667,52.5]]]}},{"type":"Feature","properties":{"c":"CDC-2878420","o":"SOQUEM inc. 100%","e":""},"geometry":{"type":"Polygon","coordinates":[[[-75.70833,52.475],[-75.7,52.475],[-75.7,52.46667],[-75.70833,52.46667],[-75.70833,52.475]]]}},{"type":"Feature","properties":{"c":"CDC-2862247","o":"SOQUEM inc. 100%","e":""},"geometry":{"type":"Polygon","coordinates":[[[-75.70833,52.48333],[-75.7,52.48333],[-75.7,52.475],[-75.70833,52.475],[-75.70833,52.48333]]]}},{"type":"Feature","properties":{"c":"CDC-2862283","o":"SOQUEM inc. 100%","e":""},"geometry":{"type":"Polygon","coordinates":[[[-75.70833,52.49167],[-75.7,52.49167],[-75.7,52.48333],[-75.70833,52.48333],[-75.70833,52.49167]]]}},{"type":"Feature","properties":{"c":"CDC-2862319","o":"SOQUEM inc. 100%","e":""},"geometry":{"type":"Polygon","coordinates":[[[-75.70833,52.5],[-75.7,52.5],[-75.7,52.49167],[-75.70833,52.49167],[-75.70833,52.5]]]}},{"type":"Feature","properties":{"c":"CDC-2878416","o":"SOQUEM inc. 100%","e":""},"geometry":{"type":"Polygon","coordinates":[[[-75.7,52.46667],[-75.69167,52.46667],[-75.69167,52.45833],[-75.7,52.45833],[-75.7,52.46667]]]}},{"type":"Feature","properties":{"c":"CDC-2878421","o":"SOQUEM inc. 100%","e":""},"geometry":{"type":"Polygon","coordinates":[[[-75.7,52.475],[-75.69167,52.475],[-75.69167,52.46667],[-75.7,52.46667],[-75.7,52.475]]]}},{"type":"Feature","properties":{"c":"CDC-2862248","o":"SOQUEM inc. 100%","e":""},"geometry":{"type":"Polygon","coordinates":[[[-75.7,52.48333],[-75.69167,52.48333],[-75.69167,52.475],[-75.7,52.475],[-75.7,52.48333]]]}},{"type":"Feature","properties":{"c":"CDC-2862261","o":"SOQUEM inc. 100%","e":""},"geometry":{"type":"Polygon","coordinates":[[[-75.59167,52.48333],[-75.58333,52.48333],[-75.58333,52.475],[-75.59167,52.475],[-75.59167,52.48333]]]}},{"type":"Feature","properties":{"c":"CDC-2862297","o":"SOQUEM inc. 100%","e":""},"geometry":{"type":"Polygon","coordinates":[[[-75.59167,52.49167],[-75.58333,52.49167],[-75.58333,52.48333],[-75.59167,52.48333],[-75.59167,52.49167]]]}},{"type":"Feature","properties":{"c":"CDC-2862333","o":"SOQUEM inc. 100%","e":""},"geometry":{"type":"Polygon","coordinates":[[[-75.59167,52.5],[-75.58333,52.5],[-75.58333,52.49167],[-75.59167,52.49167],[-75.59167,52.5]]]}},{"type":"Feature","properties":{"c":"CDC-2862214","o":"SOQUEM inc. 100%","e":""},"geometry":{"type":"Polygon","coordinates":[[[-75.58333,52.46667],[-75.575,52.46667],[-75.575,52.45833],[-75.58333,52.45833],[-75.58333,52.46667]]]}},{"type":"Feature","properties":{"c":"CDC-2862237","o":"SOQUEM inc. 100%","e":""},"geometry":{"type":"Polygon","coordinates":[[[-75.58333,52.475],[-75.575,52.475],[-75.575,52.46667],[-75.58333,52.46667],[-75.58333,52.475]]]}},{"type":"Feature","properties":{"c":"CDC-2862262","o":"SOQUEM inc. 100%","e":""},"geometry":{"type":"Polygon","coordinates":[[[-75.58333,52.48333],[-75.575,52.48333],[-75.575,52.475],[-75.58333,52.475],[-75.58333,52.48333]]]}},{"type":"Feature","properties":{"c":"CDC-2862298","o":"SOQUEM inc. 100%","e":""},"geometry":{"type":"Polygon","coordinates":[[[-75.58333,52.49167],[-75.575,52.49167],[-75.575,52.48333],[-75.58333,52.48333],[-75.58333,52.49167]]]}},{"type":"Feature","properties":{"c":"CDC-2862334","o":"SOQUEM inc. 100%","e":""},"geometry":{"type":"Polygon","coordinates":[[[-75.58333,52.5],[-75.575,52.5],[-75.575,52.49167],[-75.58333,52.49167],[-75.58333,52.5]]]}},{"type":"Feature","properties":{"c":"CDC-2862215","o":"SOQUEM inc. 100%","e":""},"geometry":{"type":"Polygon","coordinates":[[[-75.575,52.46667],[-75.56667,52.46667],[-75.56667,52.45833],[-75.575,52.45833],[-75.575,52.46667]]]}},{"type":"Feature","properties":{"c":"CDC-2862238","o":"SOQUEM inc. 100%","e":""},"geometry":{"type":"Polygon","coordinates":[[[-75.575,52.475],[-75.56667,52.475],[-75.56667,52.46667],[-75.575,52.46667],[-75.575,52.475]]]}},{"type":"Feature","properties":{"c":"CDC-2862263","o":"SOQUEM inc. 100%","e":""},"geometry":{"type":"Polygon","coordinates":[[[-75.575,52.48333],[-75.56667,52.48333],[-75.56667,52.475],[-75.575,52.475],[-75.575,52.48333]]]}},{"type":"Feature","properties":{"c":"CDC-2862299","o":"SOQUEM inc. 100%","e":""},"geometry":{"type":"Polygon","coordinates":[[[-75.575,52.49167],[-75.56667,52.49167],[-75.56667,52.48333],[-75.575,52.48333],[-75.575,52.49167]]]}},{"type":"Feature","properties":{"c":"CDC-2862335","o":"SOQUEM inc. 100%","e":""},"geometry":{"type":"Polygon","coordinates":[[[-75.575,52.5],[-75.56667,52.5],[-75.56667,52.49167],[-75.575,52.49167],[-75.575,52.5]]]}},{"type":"Feature","properties":{"c":"CDC-2862216","o":"SOQUEM inc. 100%","e":""},"geometry":{"type":"Polygon","coordinates":[[[-75.56667,52.46667],[-75.55833,52.46667],[-75.55833,52.45833],[-75.56667,52.45833],[-75.56667,52.46667]]]}},{"type":"Feature","properties":{"c":"CDC-2862239","o":"SOQUEM inc. 100%","e":""},"geometry":{"type":"Polygon","coordinates":[[[-75.56667,52.475],[-75.55833,52.475],[-75.55833,52.46667],[-75.56667,52.46667],[-75.56667,52.475]]]}},{"type":"Feature","properties":{"c":"CDC-2862264","o":"SOQUEM inc. 100%","e":""},"geometry":{"type":"Polygon","coordinates":[[[-75.56667,52.48333],[-75.55833,52.48333],[-75.55833,52.475],[-75.56667,52.475],[-75.56667,52.48333]]]}},{"type":"Feature","properties":{"c":"CDC-2862300","o":"SOQUEM inc. 100%","e":""},"geometry":{"type":"Polygon","coordinates":[[[-75.56667,52.49167],[-75.55833,52.49167],[-75.55833,52.48333],[-75.56667,52.48333],[-75.56667,52.49167]]]}},{"type":"Feature","properties":{"c":"CDC-2862336","o":"SOQUEM inc. 100%","e":""},"geometry":{"type":"Polygon","coordinates":[[[-75.56667,52.5],[-75.55833,52.5],[-75.55833,52.49167],[-75.56667,52.49167],[-75.56667,52.5]]]}},{"type":"Feature","properties":{"c":"CDC-2862217","o":"SOQUEM inc. 100%","e":""},"geometry":{"type":"Polygon","coordinates":[[[-75.55833,52.46667],[-75.55,52.46667],[-75.55,52.45833],[-75.55833,52.45833],[-75.55833,52.46667]]]}},{"type":"Feature","properties":{"c":"CDC-2862240","o":"SOQUEM inc. 100%","e":""},"geometry":{"type":"Polygon","coordinates":[[[-75.55833,52.475],[-75.55,52.475],[-75.55,52.46667],[-75.55833,52.46667],[-75.55833,52.475]]]}},{"type":"Feature","properties":{"c":"CDC-2862265","o":"SOQUEM inc. 100%","e":""},"geometry":{"type":"Polygon","coordinates":[[[-75.55833,52.48333],[-75.55,52.48333],[-75.55,52.475],[-75.55833,52.475],[-75.55833,52.48333]]]}},{"type":"Feature","properties":{"c":"CDC-2862301","o":"SOQUEM inc. 100%","e":""},"geometry":{"type":"Polygon","coordinates":[[[-75.55833,52.49167],[-75.55,52.49167],[-75.55,52.48333],[-75.55833,52.48333],[-75.55833,52.49167]]]}},{"type":"Feature","properties":{"c":"CDC-2862841","o":"OVI Mining Corp. 100%","e":""},"geometry":{"type":"Polygon","coordinates":[[[-75.55833,52.5],[-75.55,52.5],[-75.55,52.49167],[-75.55833,52.49167],[-75.55833,52.5]]]}},{"type":"Feature","properties":{"c":"CDC-2862218","o":"SOQUEM inc. 100%","e":""},"geometry":{"type":"Polygon","coordinates":[[[-75.55,52.46667],[-75.54167,52.46667],[-75.54167,52.45833],[-75.55,52.45833],[-75.55,52.46667]]]}},{"type":"Feature","properties":{"c":"CDC-2862241","o":"SOQUEM inc. 100%","e":""},"geometry":{"type":"Polygon","coordinates":[[[-75.55,52.475],[-75.54167,52.475],[-75.54167,52.46667],[-75.55,52.46667],[-75.55,52.475]]]}},{"type":"Feature","properties":{"c":"CDC-2862266","o":"SOQUEM inc. 100%","e":""},"geometry":{"type":"Polygon","coordinates":[[[-75.55,52.48333],[-75.54167,52.48333],[-75.54167,52.475],[-75.55,52.475],[-75.55,52.48333]]]}},{"type":"Feature","properties":{"c":"CDC-2862302","o":"SOQUEM inc. 100%","e":""},"geometry":{"type":"Polygon","coordinates":[[[-75.55,52.49167],[-75.54167,52.49167],[-75.54167,52.48333],[-75.55,52.48333],[-75.55,52.49167]]]}},{"type":"Feature","properties":{"c":"CDC-2878398","o":"SOQUEM inc. 100%","e":""},"geometry":{"type":"Polygon","coordinates":[[[-75.69167,52.45833],[-75.68333,52.45833],[-75.68333,52.45],[-75.69167,52.45],[-75.69167,52.45833]]]}},{"type":"Feature","properties":{"c":"CDC-2878417","o":"SOQUEM inc. 100%","e":""},"geometry":{"type":"Polygon","coordinates":[[[-75.69167,52.46667],[-75.68333,52.46667],[-75.68333,52.45833],[-75.69167,52.45833],[-75.69167,52.46667]]]}},{"type":"Feature","properties":{"c":"CDC-2862224","o":"SOQUEM inc. 100%","e":""},"geometry":{"type":"Polygon","coordinates":[[[-75.69167,52.475],[-75.68333,52.475],[-75.68333,52.46667],[-75.69167,52.46667],[-75.69167,52.475]]]}},{"type":"Feature","properties":{"c":"CDC-2862249","o":"SOQUEM inc. 100%","e":""},"geometry":{"type":"Polygon","coordinates":[[[-75.69167,52.48333],[-75.68333,52.48333],[-75.68333,52.475],[-75.69167,52.475],[-75.69167,52.48333]]]}},{"type":"Feature","properties":{"c":"CDC-2878399","o":"SOQUEM inc. 100%","e":""},"geometry":{"type":"Polygon","coordinates":[[[-75.68333,52.45833],[-75.675,52.45833],[-75.675,52.45],[-75.68333,52.45],[-75.68333,52.45833]]]}},{"type":"Feature","properties":{"c":"CDC-2878418","o":"SOQUEM inc. 100%","e":""},"geometry":{"type":"Polygon","coordinates":[[[-75.68333,52.46667],[-75.675,52.46667],[-75.675,52.45833],[-75.68333,52.45833],[-75.68333,52.46667]]]}},{"type":"Feature","properties":{"c":"CDC-2862225","o":"SOQUEM inc. 100%","e":""},"geometry":{"type":"Polygon","coordinates":[[[-75.68333,52.475],[-75.675,52.475],[-75.675,52.46667],[-75.68333,52.46667],[-75.68333,52.475]]]}},{"type":"Feature","properties":{"c":"CDC-2862250","o":"SOQUEM inc. 100%","e":""},"geometry":{"type":"Polygon","coordinates":[[[-75.68333,52.48333],[-75.675,52.48333],[-75.675,52.475],[-75.68333,52.475],[-75.68333,52.48333]]]}},{"type":"Feature","properties":{"c":"CDC-2878400","o":"SOQUEM inc. 100%","e":""},"geometry":{"type":"Polygon","coordinates":[[[-75.675,52.45833],[-75.66667,52.45833],[-75.66667,52.45],[-75.675,52.45],[-75.675,52.45833]]]}},{"type":"Feature","properties":{"c":"CDC-2862203","o":"SOQUEM inc. 100%","e":""},"geometry":{"type":"Polygon","coordinates":[[[-75.675,52.46667],[-75.66667,52.46667],[-75.66667,52.45833],[-75.675,52.45833],[-75.675,52.46667]]]}},{"type":"Feature","properties":{"c":"CDC-2862226","o":"SOQUEM inc. 100%","e":""},"geometry":{"type":"Polygon","coordinates":[[[-75.675,52.475],[-75.66667,52.475],[-75.66667,52.46667],[-75.675,52.46667],[-75.675,52.475]]]}},{"type":"Feature","properties":{"c":"CDC-2862251","o":"SOQUEM inc. 100%","e":""},"geometry":{"type":"Polygon","coordinates":[[[-75.675,52.48333],[-75.66667,52.48333],[-75.66667,52.475],[-75.675,52.475],[-75.675,52.48333]]]}},{"type":"Feature","properties":{"c":"CDC-2878401","o":"SOQUEM inc. 100%","e":""},"geometry":{"type":"Polygon","coordinates":[[[-75.66667,52.45833],[-75.65833,52.45833],[-75.65833,52.45],[-75.66667,52.45],[-75.66667,52.45833]]]}},{"type":"Feature","properties":{"c":"CDC-2862204","o":"SOQUEM inc. 100%","e":""},"geometry":{"type":"Polygon","coordinates":[[[-75.66667,52.46667],[-75.65833,52.46667],[-75.65833,52.45833],[-75.66667,52.45833],[-75.66667,52.46667]]]}},{"type":"Feature","properties":{"c":"CDC-2862227","o":"SOQUEM inc. 100%","e":""},"geometry":{"type":"Polygon","coordinates":[[[-75.66667,52.475],[-75.65833,52.475],[-75.65833,52.46667],[-75.66667,52.46667],[-75.66667,52.475]]]}},{"type":"Feature","properties":{"c":"CDC-2862252","o":"SOQUEM inc. 100%","e":""},"geometry":{"type":"Polygon","coordinates":[[[-75.66667,52.48333],[-75.65833,52.48333],[-75.65833,52.475],[-75.66667,52.475],[-75.66667,52.48333]]]}},{"type":"Feature","properties":{"c":"CDC-2878402","o":"SOQUEM inc. 100%","e":""},"geometry":{"type":"Polygon","coordinates":[[[-75.65833,52.45833],[-75.65,52.45833],[-75.65,52.45],[-75.65833,52.45],[-75.65833,52.45833]]]}},{"type":"Feature","properties":{"c":"CDC-2862205","o":"SOQUEM inc. 100%","e":""},"geometry":{"type":"Polygon","coordinates":[[[-75.65833,52.46667],[-75.65,52.46667],[-75.65,52.45833],[-75.65833,52.45833],[-75.65833,52.46667]]]}},{"type":"Feature","properties":{"c":"CDC-2862228","o":"SOQUEM inc. 100%","e":""},"geometry":{"type":"Polygon","coordinates":[[[-75.65833,52.475],[-75.65,52.475],[-75.65,52.46667],[-75.65833,52.46667],[-75.65833,52.475]]]}},{"type":"Feature","properties":{"c":"CDC-2862253","o":"SOQUEM inc. 100%","e":""},"geometry":{"type":"Polygon","coordinates":[[[-75.65833,52.48333],[-75.65,52.48333],[-75.65,52.475],[-75.65833,52.475],[-75.65833,52.48333]]]}},{"type":"Feature","properties":{"c":"CDC-2878403","o":"SOQUEM inc. 100%","e":""},"geometry":{"type":"Polygon","coordinates":[[[-75.65,52.45833],[-75.64167,52.45833],[-75.64167,52.45],[-75.65,52.45],[-75.65,52.45833]]]}},{"type":"Feature","properties":{"c":"CDC-2862206","o":"SOQUEM inc. 100%","e":""},"geometry":{"type":"Polygon","coordinates":[[[-75.65,52.46667],[-75.64167,52.46667],[-75.64167,52.45833],[-75.65,52.45833],[-75.65,52.46667]]]}},{"type":"Feature","properties":{"c":"CDC-2862229","o":"SOQUEM inc. 100%","e":""},"geometry":{"type":"Polygon","coordinates":[[[-75.65,52.475],[-75.64167,52.475],[-75.64167,52.46667],[-75.65,52.46667],[-75.65,52.475]]]}},{"type":"Feature","properties":{"c":"CDC-2862254","o":"SOQUEM inc. 100%","e":""},"geometry":{"type":"Polygon","coordinates":[[[-75.65,52.48333],[-75.64167,52.48333],[-75.64167,52.475],[-75.65,52.475],[-75.65,52.48333]]]}},{"type":"Feature","properties":{"c":"CDC-2862290","o":"SOQUEM inc. 100%","e":""},"geometry":{"type":"Polygon","coordinates":[[[-75.65,52.49167],[-75.64167,52.49167],[-75.64167,52.48333],[-75.65,52.48333],[-75.65,52.49167]]]}},{"type":"Feature","properties":{"c":"CDC-2878404","o":"SOQUEM inc. 100%","e":""},"geometry":{"type":"Polygon","coordinates":[[[-75.64167,52.45833],[-75.63333,52.45833],[-75.63333,52.45],[-75.64167,52.45],[-75.64167,52.45833]]]}},{"type":"Feature","properties":{"c":"CDC-2862207","o":"SOQUEM inc. 100%","e":""},"geometry":{"type":"Polygon","coordinates":[[[-75.64167,52.46667],[-75.63333,52.46667],[-75.63333,52.45833],[-75.64167,52.45833],[-75.64167,52.46667]]]}},{"type":"Feature","properties":{"c":"CDC-2862842","o":"OVI Mining Corp. 100%","e":""},"geometry":{"type":"Polygon","coordinates":[[[-75.55,52.5],[-75.54167,52.5],[-75.54167,52.49167],[-75.55,52.49167],[-75.55,52.5]]]}},{"type":"Feature","properties":{"c":"CDC-2862219","o":"SOQUEM inc. 100%","e":""},"geometry":{"type":"Polygon","coordinates":[[[-75.54167,52.46667],[-75.53333,52.46667],[-75.53333,52.45833],[-75.54167,52.45833],[-75.54167,52.46667]]]}},{"type":"Feature","properties":{"c":"CDC-2862242","o":"SOQUEM inc. 100%","e":""},"geometry":{"type":"Polygon","coordinates":[[[-75.54167,52.475],[-75.53333,52.475],[-75.53333,52.46667],[-75.54167,52.46667],[-75.54167,52.475]]]}},{"type":"Feature","properties":{"c":"CDC-2862267","o":"SOQUEM inc. 100%","e":""},"geometry":{"type":"Polygon","coordinates":[[[-75.54167,52.48333],[-75.53333,52.48333],[-75.53333,52.475],[-75.54167,52.475],[-75.54167,52.48333]]]}},{"type":"Feature","properties":{"c":"CDC-2862303","o":"SOQUEM inc. 100%","e":""},"geometry":{"type":"Polygon","coordinates":[[[-75.54167,52.49167],[-75.53333,52.49167],[-75.53333,52.48333],[-75.54167,52.48333],[-75.54167,52.49167]]]}},{"type":"Feature","properties":{"c":"CDC-2862843","o":"OVI Mining Corp. 100%","e":""},"geometry":{"type":"Polygon","coordinates":[[[-75.54167,52.5],[-75.53333,52.5],[-75.53333,52.49167],[-75.54167,52.49167],[-75.54167,52.5]]]}},{"type":"Feature","properties":{"c":"CDC-2862220","o":"SOQUEM inc. 100%","e":""},"geometry":{"type":"Polygon","coordinates":[[[-75.53333,52.46667],[-75.525,52.46667],[-75.525,52.45833],[-75.53333,52.45833],[-75.53333,52.46667]]]}},{"type":"Feature","properties":{"c":"CDC-2862243","o":"SOQUEM inc. 100%","e":""},"geometry":{"type":"Polygon","coordinates":[[[-75.53333,52.475],[-75.525,52.475],[-75.525,52.46667],[-75.53333,52.46667],[-75.53333,52.475]]]}},{"type":"Feature","properties":{"c":"CDC-2862268","o":"SOQUEM inc. 100%","e":""},"geometry":{"type":"Polygon","coordinates":[[[-75.53333,52.48333],[-75.525,52.48333],[-75.525,52.475],[-75.53333,52.475],[-75.53333,52.48333]]]}},{"type":"Feature","properties":{"c":"CDC-2862838","o":"OVI Mining Corp. 100%","e":""},"geometry":{"type":"Polygon","coordinates":[[[-75.53333,52.49167],[-75.525,52.49167],[-75.525,52.48333],[-75.53333,52.48333],[-75.53333,52.49167]]]}},{"type":"Feature","properties":{"c":"CDC-2862844","o":"OVI Mining Corp. 100%","e":""},"geometry":{"type":"Polygon","coordinates":[[[-75.53333,52.5],[-75.525,52.5],[-75.525,52.49167],[-75.53333,52.49167],[-75.53333,52.5]]]}},{"type":"Feature","properties":{"c":"CDC-2862221","o":"SOQUEM inc. 100%","e":""},"geometry":{"type":"Polygon","coordinates":[[[-75.525,52.46667],[-75.51667,52.46667],[-75.51667,52.45833],[-75.525,52.45833],[-75.525,52.46667]]]}},{"type":"Feature","properties":{"c":"CDC-2862244","o":"SOQUEM inc. 100%","e":""},"geometry":{"type":"Polygon","coordinates":[[[-75.525,52.475],[-75.51667,52.475],[-75.51667,52.46667],[-75.525,52.46667],[-75.525,52.475]]]}},{"type":"Feature","properties":{"c":"CDC-2862269","o":"SOQUEM inc. 100%","e":""},"geometry":{"type":"Polygon","coordinates":[[[-75.525,52.48333],[-75.51667,52.48333],[-75.51667,52.475],[-75.525,52.475],[-75.525,52.48333]]]}},{"type":"Feature","properties":{"c":"CDC-2862839","o":"OVI Mining Corp. 100%","e":""},"geometry":{"type":"Polygon","coordinates":[[[-75.525,52.49167],[-75.51667,52.49167],[-75.51667,52.48333],[-75.525,52.48333],[-75.525,52.49167]]]}},{"type":"Feature","properties":{"c":"CDC-2862222","o":"SOQUEM inc. 100%","e":""},"geometry":{"type":"Polygon","coordinates":[[[-75.51667,52.46667],[-75.50833,52.46667],[-75.50833,52.45833],[-75.51667,52.45833],[-75.51667,52.46667]]]}},{"type":"Feature","properties":{"c":"CDC-2862245","o":"SOQUEM inc. 100%","e":""},"geometry":{"type":"Polygon","coordinates":[[[-75.51667,52.475],[-75.50833,52.475],[-75.50833,52.46667],[-75.51667,52.46667],[-75.51667,52.475]]]}},{"type":"Feature","properties":{"c":"CDC-2862270","o":"SOQUEM inc. 100%","e":""},"geometry":{"type":"Polygon","coordinates":[[[-75.51667,52.48333],[-75.50833,52.48333],[-75.50833,52.475],[-75.51667,52.475],[-75.51667,52.48333]]]}},{"type":"Feature","properties":{"c":"CDC-2862840","o":"OVI Mining Corp. 100%","e":""},"geometry":{"type":"Polygon","coordinates":[[[-75.51667,52.49167],[-75.50833,52.49167],[-75.50833,52.48333],[-75.51667,52.48333],[-75.51667,52.49167]]]}},{"type":"Feature","properties":{"c":"CDC-2862223","o":"SOQUEM inc. 100%","e":""},"geometry":{"type":"Polygon","coordinates":[[[-75.50833,52.46667],[-75.5,52.46667],[-75.5,52.45833],[-75.50833,52.45833],[-75.50833,52.46667]]]}},{"type":"Feature","properties":{"c":"CDC-2862246","o":"SOQUEM inc. 100%","e":""},"geometry":{"type":"Polygon","coordinates":[[[-75.50833,52.475],[-75.5,52.475],[-75.5,52.46667],[-75.50833,52.46667],[-75.50833,52.475]]]}},{"type":"Feature","properties":{"c":"CDC-2862837","o":"OVI Mining Corp. 100%","e":""},"geometry":{"type":"Polygon","coordinates":[[[-75.50833,52.48333],[-75.5,52.48333],[-75.5,52.475],[-75.50833,52.475],[-75.50833,52.48333]]]}},{"type":"Feature","properties":{"c":"CDC-2862230","o":"SOQUEM inc. 100%","e":""},"geometry":{"type":"Polygon","coordinates":[[[-75.64167,52.475],[-75.63333,52.475],[-75.63333,52.46667],[-75.64167,52.46667],[-75.64167,52.475]]]}},{"type":"Feature","properties":{"c":"CDC-2862255","o":"SOQUEM inc. 100%","e":""},"geometry":{"type":"Polygon","coordinates":[[[-75.64167,52.48333],[-75.63333,52.48333],[-75.63333,52.475],[-75.64167,52.475],[-75.64167,52.48333]]]}},{"type":"Feature","properties":{"c":"CDC-2862291","o":"SOQUEM inc. 100%","e":""},"geometry":{"type":"Polygon","coordinates":[[[-75.64167,52.49167],[-75.63333,52.49167],[-75.63333,52.48333],[-75.64167,52.48333],[-75.64167,52.49167]]]}},{"type":"Feature","properties":{"c":"CDC-2878405","o":"SOQUEM inc. 100%","e":""},"geometry":{"type":"Polygon","coordinates":[[[-75.63333,52.45833],[-75.625,52.45833],[-75.625,52.45],[-75.63333,52.45],[-75.63333,52.45833]]]}},{"type":"Feature","properties":{"c":"CDC-2862208","o":"SOQUEM inc. 100%","e":""},"geometry":{"type":"Polygon","coordinates":[[[-75.63333,52.46667],[-75.625,52.46667],[-75.625,52.45833],[-75.63333,52.45833],[-75.63333,52.46667]]]}},{"type":"Feature","properties":{"c":"CDC-2862231","o":"SOQUEM inc. 100%","e":""},"geometry":{"type":"Polygon","coordinates":[[[-75.63333,52.475],[-75.625,52.475],[-75.625,52.46667],[-75.63333,52.46667],[-75.63333,52.475]]]}},{"type":"Feature","properties":{"c":"CDC-2862256","o":"SOQUEM inc. 100%","e":""},"geometry":{"type":"Polygon","coordinates":[[[-75.63333,52.48333],[-75.625,52.48333],[-75.625,52.475],[-75.63333,52.475],[-75.63333,52.48333]]]}},{"type":"Feature","properties":{"c":"CDC-2862292","o":"SOQUEM inc. 100%","e":""},"geometry":{"type":"Polygon","coordinates":[[[-75.63333,52.49167],[-75.625,52.49167],[-75.625,52.48333],[-75.63333,52.48333],[-75.63333,52.49167]]]}},{"type":"Feature","properties":{"c":"CDC-2878406","o":"SOQUEM inc. 100%","e":""},"geometry":{"type":"Polygon","coordinates":[[[-75.625,52.45833],[-75.61667,52.45833],[-75.61667,52.45],[-75.625,52.45],[-75.625,52.45833]]]}},{"type":"Feature","properties":{"c":"CDC-2862209","o":"SOQUEM inc. 100%","e":""},"geometry":{"type":"Polygon","coordinates":[[[-75.625,52.46667],[-75.61667,52.46667],[-75.61667,52.45833],[-75.625,52.45833],[-75.625,52.46667]]]}},{"type":"Feature","properties":{"c":"CDC-2862232","o":"SOQUEM inc. 100%","e":""},"geometry":{"type":"Polygon","coordinates":[[[-75.625,52.475],[-75.61667,52.475],[-75.61667,52.46667],[-75.625,52.46667],[-75.625,52.475]]]}},{"type":"Feature","properties":{"c":"CDC-2862257","o":"SOQUEM inc. 100%","e":""},"geometry":{"type":"Polygon","coordinates":[[[-75.625,52.48333],[-75.61667,52.48333],[-75.61667,52.475],[-75.625,52.475],[-75.625,52.48333]]]}},{"type":"Feature","properties":{"c":"CDC-2862293","o":"SOQUEM inc. 100%","e":""},"geometry":{"type":"Polygon","coordinates":[[[-75.625,52.49167],[-75.61667,52.49167],[-75.61667,52.48333],[-75.625,52.48333],[-75.625,52.49167]]]}},{"type":"Feature","properties":{"c":"CDC-2862210","o":"SOQUEM inc. 100%","e":""},"geometry":{"type":"Polygon","coordinates":[[[-75.61667,52.46667],[-75.60833,52.46667],[-75.60833,52.45833],[-75.61667,52.45833],[-75.61667,52.46667]]]}},{"type":"Feature","properties":{"c":"CDC-2862233","o":"SOQUEM inc. 100%","e":""},"geometry":{"type":"Polygon","coordinates":[[[-75.61667,52.475],[-75.60833,52.475],[-75.60833,52.46667],[-75.61667,52.46667],[-75.61667,52.475]]]}},{"type":"Feature","properties":{"c":"CDC-2862258","o":"SOQUEM inc. 100%","e":""},"geometry":{"type":"Polygon","coordinates":[[[-75.61667,52.48333],[-75.60833,52.48333],[-75.60833,52.475],[-75.61667,52.475],[-75.61667,52.48333]]]}},{"type":"Feature","properties":{"c":"CDC-2862294","o":"SOQUEM inc. 100%","e":""},"geometry":{"type":"Polygon","coordinates":[[[-75.61667,52.49167],[-75.60833,52.49167],[-75.60833,52.48333],[-75.61667,52.48333],[-75.61667,52.49167]]]}},{"type":"Feature","properties":{"c":"CDC-2862211","o":"SOQUEM inc. 100%","e":""},"geometry":{"type":"Polygon","coordinates":[[[-75.60833,52.46667],[-75.6,52.46667],[-75.6,52.45833],[-75.60833,52.45833],[-75.60833,52.46667]]]}},{"type":"Feature","properties":{"c":"CDC-2862234","o":"SOQUEM inc. 100%","e":""},"geometry":{"type":"Polygon","coordinates":[[[-75.60833,52.475],[-75.6,52.475],[-75.6,52.46667],[-75.60833,52.46667],[-75.60833,52.475]]]}},{"type":"Feature","properties":{"c":"CDC-2862259","o":"SOQUEM inc. 100%","e":""},"geometry":{"type":"Polygon","coordinates":[[[-75.60833,52.48333],[-75.6,52.48333],[-75.6,52.475],[-75.60833,52.475],[-75.60833,52.48333]]]}},{"type":"Feature","properties":{"c":"CDC-2862295","o":"SOQUEM inc. 100%","e":""},"geometry":{"type":"Polygon","coordinates":[[[-75.60833,52.49167],[-75.6,52.49167],[-75.6,52.48333],[-75.60833,52.48333],[-75.60833,52.49167]]]}},{"type":"Feature","properties":{"c":"CDC-2862212","o":"SOQUEM inc. 100%","e":""},"geometry":{"type":"Polygon","coordinates":[[[-75.6,52.46667],[-75.59167,52.46667],[-75.59167,52.45833],[-75.6,52.45833],[-75.6,52.46667]]]}},{"type":"Feature","properties":{"c":"CDC-2862235","o":"SOQUEM inc. 100%","e":""},"geometry":{"type":"Polygon","coordinates":[[[-75.6,52.475],[-75.59167,52.475],[-75.59167,52.46667],[-75.6,52.46667],[-75.6,52.475]]]}},{"type":"Feature","properties":{"c":"CDC-2862260","o":"SOQUEM inc. 100%","e":""},"geometry":{"type":"Polygon","coordinates":[[[-75.6,52.48333],[-75.59167,52.48333],[-75.59167,52.475],[-75.6,52.475],[-75.6,52.48333]]]}},{"type":"Feature","properties":{"c":"CDC-2862296","o":"SOQUEM inc. 100%","e":""},"geometry":{"type":"Polygon","coordinates":[[[-75.6,52.49167],[-75.59167,52.49167],[-75.59167,52.48333],[-75.6,52.48333],[-75.6,52.49167]]]}},{"type":"Feature","properties":{"c":"CDC-2862213","o":"SOQUEM inc. 100%","e":""},"geometry":{"type":"Polygon","coordinates":[[[-75.59167,52.46667],[-75.58333,52.46667],[-75.58333,52.45833],[-75.59167,52.45833],[-75.59167,52.46667]]]}},{"type":"Feature","properties":{"c":"CDC-2862236","o":"SOQUEM inc. 100%","e":""},"geometry":{"type":"Polygon","coordinates":[[[-75.59167,52.475],[-75.58333,52.475],[-75.58333,52.46667],[-75.59167,52.46667],[-75.59167,52.475]]]}},{"type":"Feature","properties":{"c":"CDC-2862202","o":"SOQUEM inc. 100%","e":""},"geometry":{"type":"Polygon","coordinates":[[[-75.50833,52.45833],[-75.5,52.45833],[-75.5,52.45],[-75.50833,52.45],[-75.50833,52.45833]]]}},{"type":"Feature","properties":{"c":"CDC-2862201","o":"SOQUEM inc. 100%","e":""},"geometry":{"type":"Polygon","coordinates":[[[-75.51667,52.45833],[-75.50833,52.45833],[-75.50833,52.45],[-75.51667,52.45],[-75.51667,52.45833]]]}},{"type":"Feature","properties":{"c":"CDC-2862200","o":"SOQUEM inc. 100%","e":""},"geometry":{"type":"Polygon","coordinates":[[[-75.525,52.45833],[-75.51667,52.45833],[-75.51667,52.45],[-75.525,52.45],[-75.525,52.45833]]]}},{"type":"Feature","properties":{"c":"CDC-2862199","o":"SOQUEM inc. 100%","e":""},"geometry":{"type":"Polygon","coordinates":[[[-75.53333,52.45833],[-75.525,52.45833],[-75.525,52.45],[-75.53333,52.45],[-75.53333,52.45833]]]}},{"type":"Feature","properties":{"c":"CDC-2862719","o":"SOQUEM inc. 100%","e":""},"geometry":{"type":"Polygon","coordinates":[[[-75.675,52.39167],[-75.66667,52.39167],[-75.66667,52.38333],[-75.675,52.38333],[-75.675,52.39167]]]}},{"type":"Feature","properties":{"c":"CDC-2862718","o":"SOQUEM inc. 100%","e":""},"geometry":{"type":"Polygon","coordinates":[[[-75.68333,52.39167],[-75.675,52.39167],[-75.675,52.38333],[-75.68333,52.38333],[-75.68333,52.39167]]]}},{"type":"Feature","properties":{"c":"CDC-2862717","o":"SOQUEM inc. 100%","e":""},"geometry":{"type":"Polygon","coordinates":[[[-75.69167,52.39167],[-75.68333,52.39167],[-75.68333,52.38333],[-75.69167,52.38333],[-75.69167,52.39167]]]}},{"type":"Feature","properties":{"c":"CDC-2862716","o":"SOQUEM inc. 100%","e":""},"geometry":{"type":"Polygon","coordinates":[[[-75.7,52.39167],[-75.69167,52.39167],[-75.69167,52.38333],[-75.7,52.38333],[-75.7,52.39167]]]}},{"type":"Feature","properties":{"c":"CDC-2862715","o":"SOQUEM inc. 100%","e":""},"geometry":{"type":"Polygon","coordinates":[[[-75.70833,52.39167],[-75.7,52.39167],[-75.7,52.38333],[-75.70833,52.38333],[-75.70833,52.39167]]]}},{"type":"Feature","properties":{"c":"CDC-2862714","o":"SOQUEM inc. 100%","e":""},"geometry":{"type":"Polygon","coordinates":[[[-75.71667,52.39167],[-75.70833,52.39167],[-75.70833,52.38333],[-75.71667,52.38333],[-75.71667,52.39167]]]}},{"type":"Feature","properties":{"c":"CDC-2862713","o":"SOQUEM inc. 100%","e":""},"geometry":{"type":"Polygon","coordinates":[[[-75.725,52.39167],[-75.71667,52.39167],[-75.71667,52.38333],[-75.725,52.38333],[-75.725,52.39167]]]}},{"type":"Feature","properties":{"c":"CDC-2875640","o":"SOQUEM inc. 100%","e":""},"geometry":{"type":"Polygon","coordinates":[[[-75.65833,52.4],[-75.65,52.4],[-75.65,52.39167],[-75.65833,52.39167],[-75.65833,52.4]]]}},{"type":"Feature","properties":{"c":"CDC-2862728","o":"SOQUEM inc. 100%","e":""},"geometry":{"type":"Polygon","coordinates":[[[-75.66667,52.4],[-75.65833,52.4],[-75.65833,52.39167],[-75.66667,52.39167],[-75.66667,52.4]]]}},{"type":"Feature","properties":{"c":"CDC-2862727","o":"SOQUEM inc. 100%","e":""},"geometry":{"type":"Polygon","coordinates":[[[-75.675,52.4],[-75.66667,52.4],[-75.66667,52.39167],[-75.675,52.39167],[-75.675,52.4]]]}},{"type":"Feature","properties":{"c":"CDC-2862726","o":"SOQUEM inc. 100%","e":""},"geometry":{"type":"Polygon","coordinates":[[[-75.68333,52.4],[-75.675,52.4],[-75.675,52.39167],[-75.68333,52.39167],[-75.68333,52.4]]]}},{"type":"Feature","properties":{"c":"CDC-2862725","o":"SOQUEM inc. 100%","e":""},"geometry":{"type":"Polygon","coordinates":[[[-75.69167,52.4],[-75.68333,52.4],[-75.68333,52.39167],[-75.69167,52.39167],[-75.69167,52.4]]]}},{"type":"Feature","properties":{"c":"CDC-2862724","o":"SOQUEM inc. 100%","e":""},"geometry":{"type":"Polygon","coordinates":[[[-75.7,52.4],[-75.69167,52.4],[-75.69167,52.39167],[-75.7,52.39167],[-75.7,52.4]]]}},{"type":"Feature","properties":{"c":"CDC-2862723","o":"SOQUEM inc. 100%","e":""},"geometry":{"type":"Polygon","coordinates":[[[-75.70833,52.4],[-75.7,52.4],[-75.7,52.39167],[-75.70833,52.39167],[-75.70833,52.4]]]}},{"type":"Feature","properties":{"c":"CDC-2862722","o":"SOQUEM inc. 100%","e":""},"geometry":{"type":"Polygon","coordinates":[[[-75.71667,52.4],[-75.70833,52.4],[-75.70833,52.39167],[-75.71667,52.39167],[-75.71667,52.4]]]}},{"type":"Feature","properties":{"c":"CDC-2862721","o":"SOQUEM inc. 100%","e":""},"geometry":{"type":"Polygon","coordinates":[[[-75.725,52.4],[-75.71667,52.4],[-75.71667,52.39167],[-75.725,52.39167],[-75.725,52.4]]]}},{"type":"Feature","properties":{"c":"CDC-2862735","o":"SOQUEM inc. 100%","e":""},"geometry":{"type":"Polygon","coordinates":[[[-75.66667,52.40833],[-75.65833,52.40833],[-75.65833,52.4],[-75.66667,52.4],[-75.66667,52.40833]]]}},{"type":"Feature","properties":{"c":"CDC-2862734","o":"SOQUEM inc. 100%","e":""},"geometry":{"type":"Polygon","coordinates":[[[-75.675,52.40833],[-75.66667,52.40833],[-75.66667,52.4],[-75.675,52.4],[-75.675,52.40833]]]}},{"type":"Feature","properties":{"c":"CDC-2862733","o":"SOQUEM inc. 100%","e":""},"geometry":{"type":"Polygon","coordinates":[[[-75.68333,52.40833],[-75.675,52.40833],[-75.675,52.4],[-75.68333,52.4],[-75.68333,52.40833]]]}},{"type":"Feature","properties":{"c":"CDC-2862732","o":"SOQUEM inc. 100%","e":""},"geometry":{"type":"Polygon","coordinates":[[[-75.69167,52.40833],[-75.68333,52.40833],[-75.68333,52.4],[-75.69167,52.4],[-75.69167,52.40833]]]}},{"type":"Feature","properties":{"c":"CDC-2862731","o":"SOQUEM inc. 100%","e":""},"geometry":{"type":"Polygon","coordinates":[[[-75.7,52.40833],[-75.69167,52.40833],[-75.69167,52.4],[-75.7,52.4],[-75.7,52.40833]]]}},{"type":"Feature","properties":{"c":"CDC-2862730","o":"SOQUEM inc. 100%","e":""},"geometry":{"type":"Polygon","coordinates":[[[-75.70833,52.40833],[-75.7,52.40833],[-75.7,52.4],[-75.70833,52.4],[-75.70833,52.40833]]]}},{"type":"Feature","properties":{"c":"CDC-2862729","o":"SOQUEM inc. 100%","e":""},"geometry":{"type":"Polygon","coordinates":[[[-75.71667,52.40833],[-75.70833,52.40833],[-75.70833,52.4],[-75.71667,52.4],[-75.71667,52.40833]]]}},{"type":"Feature","properties":{"c":"CDC-2878389","o":"SOQUEM inc. 100%","e":""},"geometry":{"type":"Polygon","coordinates":[[[-75.66667,52.45],[-75.65833,52.45],[-75.65833,52.44167],[-75.66667,52.44167],[-75.66667,52.45]]]}},{"type":"Feature","properties":{"c":"CDC-2878388","o":"SOQUEM inc. 100%","e":""},"geometry":{"type":"Polygon","coordinates":[[[-75.675,52.45],[-75.66667,52.45],[-75.66667,52.44167],[-75.675,52.44167],[-75.675,52.45]]]}},{"type":"Feature","properties":{"c":"CDC-2878387","o":"SOQUEM inc. 100%","e":""},"geometry":{"type":"Polygon","coordinates":[[[-75.68333,52.45],[-75.675,52.45],[-75.675,52.44167],[-75.68333,52.44167],[-75.68333,52.45]]]}},{"type":"Feature","properties":{"c":"CDC-2878386","o":"SOQUEM inc. 100%","e":""},"geometry":{"type":"Polygon","coordinates":[[[-75.69167,52.45],[-75.68333,52.45],[-75.68333,52.44167],[-75.69167,52.44167],[-75.69167,52.45]]]}},{"type":"Feature","properties":{"c":"CDC-2875619","o":"SOQUEM inc. 100%","e":""},"geometry":{"type":"Polygon","coordinates":[[[-75.775,52.35833],[-75.76667,52.35833],[-75.76667,52.35],[-75.775,52.35],[-75.775,52.35833]]]}},{"type":"Feature","properties":{"c":"CDC-2875618","o":"SOQUEM inc. 100%","e":""},"geometry":{"type":"Polygon","coordinates":[[[-75.78333,52.35833],[-75.775,52.35833],[-75.775,52.35],[-75.78333,52.35],[-75.78333,52.35833]]]}},{"type":"Feature","properties":{"c":"CDC-2862685","o":"SOQUEM inc. 100%","e":""},"geometry":{"type":"Polygon","coordinates":[[[-75.725,52.36667],[-75.71667,52.36667],[-75.71667,52.35833],[-75.725,52.35833],[-75.725,52.36667]]]}},{"type":"Feature","properties":{"c":"CDC-2862684","o":"SOQUEM inc. 100%","e":""},"geometry":{"type":"Polygon","coordinates":[[[-75.73333,52.36667],[-75.725,52.36667],[-75.725,52.35833],[-75.73333,52.35833],[-75.73333,52.36667]]]}},{"type":"Feature","properties":{"c":"CDC-2862683","o":"SOQUEM inc. 100%","e":""},"geometry":{"type":"Polygon","coordinates":[[[-75.74167,52.36667],[-75.73333,52.36667],[-75.73333,52.35833],[-75.74167,52.35833],[-75.74167,52.36667]]]}},{"type":"Feature","properties":{"c":"CDC-2862682","o":"SOQUEM inc. 100%","e":""},"geometry":{"type":"Polygon","coordinates":[[[-75.75,52.36667],[-75.74167,52.36667],[-75.74167,52.35833],[-75.75,52.35833],[-75.75,52.36667]]]}},{"type":"Feature","properties":{"c":"CDC-2862681","o":"SOQUEM inc. 100%","e":""},"geometry":{"type":"Polygon","coordinates":[[[-75.75833,52.36667],[-75.75,52.36667],[-75.75,52.35833],[-75.75833,52.35833],[-75.75833,52.36667]]]}},{"type":"Feature","properties":{"c":"CDC-2862680","o":"SOQUEM inc. 100%","e":""},"geometry":{"type":"Polygon","coordinates":[[[-75.76667,52.36667],[-75.75833,52.36667],[-75.75833,52.35833],[-75.76667,52.35833],[-75.76667,52.36667]]]}},{"type":"Feature","properties":{"c":"CDC-2875627","o":"SOQUEM inc. 100%","e":""},"geometry":{"type":"Polygon","coordinates":[[[-75.775,52.36667],[-75.76667,52.36667],[-75.76667,52.35833],[-75.775,52.35833],[-75.775,52.36667]]]}},{"type":"Feature","properties":{"c":"CDC-2875626","o":"SOQUEM inc. 100%","e":""},"geometry":{"type":"Polygon","coordinates":[[[-75.78333,52.36667],[-75.775,52.36667],[-75.775,52.35833],[-75.78333,52.35833],[-75.78333,52.36667]]]}},{"type":"Feature","properties":{"c":"CDC-2862694","o":"SOQUEM inc. 100%","e":""},"geometry":{"type":"Polygon","coordinates":[[[-75.725,52.375],[-75.71667,52.375],[-75.71667,52.36667],[-75.725,52.36667],[-75.725,52.375]]]}},{"type":"Feature","properties":{"c":"CDC-2862693","o":"SOQUEM inc. 100%","e":""},"geometry":{"type":"Polygon","coordinates":[[[-75.73333,52.375],[-75.725,52.375],[-75.725,52.36667],[-75.73333,52.36667],[-75.73333,52.375]]]}},{"type":"Feature","properties":{"c":"CDC-2862692","o":"SOQUEM inc. 100%","e":""},"geometry":{"type":"Polygon","coordinates":[[[-75.74167,52.375],[-75.73333,52.375],[-75.73333,52.36667],[-75.74167,52.36667],[-75.74167,52.375]]]}},{"type":"Feature","properties":{"c":"CDC-2875632","o":"SOQUEM inc. 100%","e":""},"geometry":{"type":"Polygon","coordinates":[[[-75.75,52.375],[-75.74167,52.375],[-75.74167,52.36667],[-75.75,52.36667],[-75.75,52.375]]]}},{"type":"Feature","properties":{"c":"CDC-2875631","o":"SOQUEM inc. 100%","e":""},"geometry":{"type":"Polygon","coordinates":[[[-75.75833,52.375],[-75.75,52.375],[-75.75,52.36667],[-75.75833,52.36667],[-75.75833,52.375]]]}},{"type":"Feature","properties":{"c":"CDC-2875630","o":"SOQUEM inc. 100%","e":""},"geometry":{"type":"Polygon","coordinates":[[[-75.76667,52.375],[-75.75833,52.375],[-75.75833,52.36667],[-75.76667,52.36667],[-75.76667,52.375]]]}},{"type":"Feature","properties":{"c":"CDC-2797539","o":"Exploration Dios inc. 100%","e":""},"geometry":{"type":"Polygon","coordinates":[[[-75.775,52.375],[-75.76667,52.375],[-75.76667,52.36667],[-75.775,52.36667],[-75.775,52.375]]]}},{"type":"Feature","properties":{"c":"CDC-2797538","o":"Exploration Dios inc. 100%","e":""},"geometry":{"type":"Polygon","coordinates":[[[-75.78333,52.375],[-75.775,52.375],[-75.775,52.36667],[-75.78333,52.36667],[-75.78333,52.375]]]}},{"type":"Feature","properties":{"c":"CDC-2862704","o":"SOQUEM inc. 100%","e":""},"geometry":{"type":"Polygon","coordinates":[[[-75.725,52.38333],[-75.71667,52.38333],[-75.71667,52.375],[-75.725,52.375],[-75.725,52.38333]]]}},{"type":"Feature","properties":{"c":"CDC-2862703","o":"SOQUEM inc. 100%","e":""},"geometry":{"type":"Polygon","coordinates":[[[-75.73333,52.38333],[-75.725,52.38333],[-75.725,52.375],[-75.73333,52.375],[-75.73333,52.38333]]]}},{"type":"Feature","properties":{"c":"CDC-2862702","o":"SOQUEM inc. 100%","e":""},"geometry":{"type":"Polygon","coordinates":[[[-75.74167,52.38333],[-75.73333,52.38333],[-75.73333,52.375],[-75.74167,52.375],[-75.74167,52.38333]]]}},{"type":"Feature","properties":{"c":"CDC-2875635","o":"SOQUEM inc. 100%","e":""},"geometry":{"type":"Polygon","coordinates":[[[-75.75,52.38333],[-75.74167,52.38333],[-75.74167,52.375],[-75.75,52.375],[-75.75,52.38333]]]}},{"type":"Feature","properties":{"c":"CDC-2875634","o":"SOQUEM inc. 100%","e":""},"geometry":{"type":"Polygon","coordinates":[[[-75.75833,52.38333],[-75.75,52.38333],[-75.75,52.375],[-75.75833,52.375],[-75.75833,52.38333]]]}},{"type":"Feature","properties":{"c":"CDC-2797540","o":"Exploration Dios inc. 100%","e":""},"geometry":{"type":"Polygon","coordinates":[[[-75.76667,52.38333],[-75.75833,52.38333],[-75.75833,52.375],[-75.76667,52.375],[-75.76667,52.38333]]]}},{"type":"Feature","properties":{"c":"CDC-2862712","o":"SOQUEM inc. 100%","e":""},"geometry":{"type":"Polygon","coordinates":[[[-75.73333,52.39167],[-75.725,52.39167],[-75.725,52.38333],[-75.73333,52.38333],[-75.73333,52.39167]]]}},{"type":"Feature","properties":{"c":"CDC-2875638","o":"SOQUEM inc. 100%","e":""},"geometry":{"type":"Polygon","coordinates":[[[-75.74167,52.39167],[-75.73333,52.39167],[-75.73333,52.38333],[-75.74167,52.38333],[-75.74167,52.39167]]]}},{"type":"Feature","properties":{"c":"CDC-2875637","o":"SOQUEM inc. 100%","e":""},"geometry":{"type":"Polygon","coordinates":[[[-75.75,52.39167],[-75.74167,52.39167],[-75.74167,52.38333],[-75.75,52.38333],[-75.75,52.39167]]]}},{"type":"Feature","properties":{"c":"CDC-2862677","o":"SOQUEM inc. 100%","e":""},"geometry":{"type":"Polygon","coordinates":[[[-75.71667,52.35833],[-75.70833,52.35833],[-75.70833,52.35],[-75.71667,52.35],[-75.71667,52.35833]]]}},{"type":"Feature","properties":{"c":"CDC-2875629","o":"SOQUEM inc. 100%","e":""},"geometry":{"type":"Polygon","coordinates":[[[-75.65833,52.36667],[-75.65,52.36667],[-75.65,52.35833],[-75.65833,52.35833],[-75.65833,52.36667]]]}},{"type":"Feature","properties":{"c":"CDC-2875628","o":"SOQUEM inc. 100%","e":""},"geometry":{"type":"Polygon","coordinates":[[[-75.66667,52.36667],[-75.65833,52.36667],[-75.65833,52.35833],[-75.66667,52.35833],[-75.66667,52.36667]]]}},{"type":"Feature","properties":{"c":"CDC-2862691","o":"SOQUEM inc. 100%","e":""},"geometry":{"type":"Polygon","coordinates":[[[-75.675,52.36667],[-75.66667,52.36667],[-75.66667,52.35833],[-75.675,52.35833],[-75.675,52.36667]]]}},{"type":"Feature","properties":{"c":"CDC-2862690","o":"SOQUEM inc. 100%","e":""},"geometry":{"type":"Polygon","coordinates":[[[-75.68333,52.36667],[-75.675,52.36667],[-75.675,52.35833],[-75.68333,52.35833],[-75.68333,52.36667]]]}},{"type":"Feature","properties":{"c":"CDC-2862689","o":"SOQUEM inc. 100%","e":""},"geometry":{"type":"Polygon","coordinates":[[[-75.69167,52.36667],[-75.68333,52.36667],[-75.68333,52.35833],[-75.69167,52.35833],[-75.69167,52.36667]]]}},{"type":"Feature","properties":{"c":"CDC-2862688","o":"SOQUEM inc. 100%","e":""},"geometry":{"type":"Polygon","coordinates":[[[-75.7,52.36667],[-75.69167,52.36667],[-75.69167,52.35833],[-75.7,52.35833],[-75.7,52.36667]]]}},{"type":"Feature","properties":{"c":"CDC-2862687","o":"SOQUEM inc. 100%","e":""},"geometry":{"type":"Polygon","coordinates":[[[-75.70833,52.36667],[-75.7,52.36667],[-75.7,52.35833],[-75.70833,52.35833],[-75.70833,52.36667]]]}},{"type":"Feature","properties":{"c":"CDC-2862686","o":"SOQUEM inc. 100%","e":""},"geometry":{"type":"Polygon","coordinates":[[[-75.71667,52.36667],[-75.70833,52.36667],[-75.70833,52.35833],[-75.71667,52.35833],[-75.71667,52.36667]]]}},{"type":"Feature","properties":{"c":"CDC-2875633","o":"SOQUEM inc. 100%","e":""},"geometry":{"type":"Polygon","coordinates":[[[-75.65833,52.375],[-75.65,52.375],[-75.65,52.36667],[-75.65833,52.36667],[-75.65833,52.375]]]}},{"type":"Feature","properties":{"c":"CDC-2862701","o":"SOQUEM inc. 100%","e":""},"geometry":{"type":"Polygon","coordinates":[[[-75.66667,52.375],[-75.65833,52.375],[-75.65833,52.36667],[-75.66667,52.36667],[-75.66667,52.375]]]}},{"type":"Feature","properties":{"c":"CDC-2862700","o":"SOQUEM inc. 100%","e":""},"geometry":{"type":"Polygon","coordinates":[[[-75.675,52.375],[-75.66667,52.375],[-75.66667,52.36667],[-75.675,52.36667],[-75.675,52.375]]]}},{"type":"Feature","properties":{"c":"CDC-2862699","o":"SOQUEM inc. 100%","e":""},"geometry":{"type":"Polygon","coordinates":[[[-75.68333,52.375],[-75.675,52.375],[-75.675,52.36667],[-75.68333,52.36667],[-75.68333,52.375]]]}},{"type":"Feature","properties":{"c":"CDC-2862698","o":"SOQUEM inc. 100%","e":""},"geometry":{"type":"Polygon","coordinates":[[[-75.69167,52.375],[-75.68333,52.375],[-75.68333,52.36667],[-75.69167,52.36667],[-75.69167,52.375]]]}},{"type":"Feature","properties":{"c":"CDC-2862697","o":"SOQUEM inc. 100%","e":""},"geometry":{"type":"Polygon","coordinates":[[[-75.7,52.375],[-75.69167,52.375],[-75.69167,52.36667],[-75.7,52.36667],[-75.7,52.375]]]}},{"type":"Feature","properties":{"c":"CDC-2862696","o":"SOQUEM inc. 100%","e":""},"geometry":{"type":"Polygon","coordinates":[[[-75.70833,52.375],[-75.7,52.375],[-75.7,52.36667],[-75.70833,52.36667],[-75.70833,52.375]]]}},{"type":"Feature","properties":{"c":"CDC-2862695","o":"SOQUEM inc. 100%","e":""},"geometry":{"type":"Polygon","coordinates":[[[-75.71667,52.375],[-75.70833,52.375],[-75.70833,52.36667],[-75.71667,52.36667],[-75.71667,52.375]]]}},{"type":"Feature","properties":{"c":"CDC-2875636","o":"SOQUEM inc. 100%","e":""},"geometry":{"type":"Polygon","coordinates":[[[-75.65833,52.38333],[-75.65,52.38333],[-75.65,52.375],[-75.65833,52.375],[-75.65833,52.38333]]]}},{"type":"Feature","properties":{"c":"CDC-2862711","o":"SOQUEM inc. 100%","e":""},"geometry":{"type":"Polygon","coordinates":[[[-75.66667,52.38333],[-75.65833,52.38333],[-75.65833,52.375],[-75.66667,52.375],[-75.66667,52.38333]]]}},{"type":"Feature","properties":{"c":"CDC-2862710","o":"SOQUEM inc. 100%","e":""},"geometry":{"type":"Polygon","coordinates":[[[-75.675,52.38333],[-75.66667,52.38333],[-75.66667,52.375],[-75.675,52.375],[-75.675,52.38333]]]}},{"type":"Feature","properties":{"c":"CDC-2862709","o":"SOQUEM inc. 100%","e":""},"geometry":{"type":"Polygon","coordinates":[[[-75.68333,52.38333],[-75.675,52.38333],[-75.675,52.375],[-75.68333,52.375],[-75.68333,52.38333]]]}},{"type":"Feature","properties":{"c":"CDC-2862708","o":"SOQUEM inc. 100%","e":""},"geometry":{"type":"Polygon","coordinates":[[[-75.69167,52.38333],[-75.68333,52.38333],[-75.68333,52.375],[-75.69167,52.375],[-75.69167,52.38333]]]}},{"type":"Feature","properties":{"c":"CDC-2862707","o":"SOQUEM inc. 100%","e":""},"geometry":{"type":"Polygon","coordinates":[[[-75.7,52.38333],[-75.69167,52.38333],[-75.69167,52.375],[-75.7,52.375],[-75.7,52.38333]]]}},{"type":"Feature","properties":{"c":"CDC-2862706","o":"SOQUEM inc. 100%","e":""},"geometry":{"type":"Polygon","coordinates":[[[-75.70833,52.38333],[-75.7,52.38333],[-75.7,52.375],[-75.70833,52.375],[-75.70833,52.38333]]]}},{"type":"Feature","properties":{"c":"CDC-2862705","o":"SOQUEM inc. 100%","e":""},"geometry":{"type":"Polygon","coordinates":[[[-75.71667,52.38333],[-75.70833,52.38333],[-75.70833,52.375],[-75.71667,52.375],[-75.71667,52.38333]]]}},{"type":"Feature","properties":{"c":"CDC-2875639","o":"SOQUEM inc. 100%","e":""},"geometry":{"type":"Polygon","coordinates":[[[-75.65833,52.39167],[-75.65,52.39167],[-75.65,52.38333],[-75.65833,52.38333],[-75.65833,52.39167]]]}},{"type":"Feature","properties":{"c":"CDC-2862720","o":"SOQUEM inc. 100%","e":""},"geometry":{"type":"Polygon","coordinates":[[[-75.66667,52.39167],[-75.65833,52.39167],[-75.65833,52.38333],[-75.66667,52.38333],[-75.66667,52.39167]]]}},{"type":"Feature","properties":{"c":"CDC-2862736","o":"SOQUEM inc. 100%","e":""},"geometry":{"type":"Polygon","coordinates":[[[-75.65833,52.40833],[-75.65,52.40833],[-75.65,52.4],[-75.65833,52.4],[-75.65833,52.40833]]]}},{"type":"Feature","properties":{"c":"CDC-2878390","o":"SOQUEM inc. 100%","e":""},"geometry":{"type":"Polygon","coordinates":[[[-75.65833,52.45],[-75.65,52.45],[-75.65,52.44167],[-75.65833,52.44167],[-75.65833,52.45]]]}},{"type":"Feature","properties":{"c":"CDC-2467420","o":"Exploration Dios inc. 100%","e":""},"geometry":{"type":"Polygon","coordinates":[[[-75.63333,52.34167],[-75.625,52.34167],[-75.625,52.33333],[-75.63333,52.33333],[-75.63333,52.34167]]]}},{"type":"Feature","properties":{"c":"CDC-2878391","o":"SOQUEM inc. 100%","e":""},"geometry":{"type":"Polygon","coordinates":[[[-75.65,52.45],[-75.64167,52.45],[-75.64167,52.44167],[-75.65,52.44167],[-75.65,52.45]]]}},{"type":"Feature","properties":{"c":"CDC-2445907","o":"Exploration Dios inc. 100%","e":""},"geometry":{"type":"Polygon","coordinates":[[[-75.63333,52.35],[-75.625,52.35],[-75.625,52.34167],[-75.63333,52.34167],[-75.63333,52.35]]]}},{"type":"Feature","properties":{"c":"CDC-2445916","o":"Exploration Dios inc. 100%","e":""},"geometry":{"type":"Polygon","coordinates":[[[-75.63333,52.35833],[-75.625,52.35833],[-75.625,52.35],[-75.63333,52.35],[-75.63333,52.35833]]]}},{"type":"Feature","properties":{"c":"CDC-2445901","o":"Exploration Dios inc. 100%","e":""},"geometry":{"type":"Polygon","coordinates":[[[-75.625,52.34167],[-75.61667,52.34167],[-75.61667,52.33333],[-75.625,52.33333],[-75.625,52.34167]]]}},{"type":"Feature","properties":{"c":"CDC-2878392","o":"SOQUEM inc. 100%","e":""},"geometry":{"type":"Polygon","coordinates":[[[-75.64167,52.45],[-75.63333,52.45],[-75.63333,52.44167],[-75.64167,52.44167],[-75.64167,52.45]]]}},{"type":"Feature","properties":{"c":"CDC-2445908","o":"Exploration Dios inc. 100%","e":""},"geometry":{"type":"Polygon","coordinates":[[[-75.625,52.35],[-75.61667,52.35],[-75.61667,52.34167],[-75.625,52.34167],[-75.625,52.35]]]}},{"type":"Feature","properties":{"c":"CDC-2445917","o":"Exploration Dios inc. 100%","e":""},"geometry":{"type":"Polygon","coordinates":[[[-75.625,52.35833],[-75.61667,52.35833],[-75.61667,52.35],[-75.625,52.35],[-75.625,52.35833]]]}},{"type":"Feature","properties":{"c":"CDC-2445902","o":"Exploration Dios inc. 100%","e":""},"geometry":{"type":"Polygon","coordinates":[[[-75.61667,52.34167],[-75.60833,52.34167],[-75.60833,52.33333],[-75.61667,52.33333],[-75.61667,52.34167]]]}},{"type":"Feature","properties":{"c":"CDC-2878393","o":"SOQUEM inc. 100%","e":""},"geometry":{"type":"Polygon","coordinates":[[[-75.63333,52.45],[-75.625,52.45],[-75.625,52.44167],[-75.63333,52.44167],[-75.63333,52.45]]]}},{"type":"Feature","properties":{"c":"CDC-2878394","o":"SOQUEM inc. 100%","e":""},"geometry":{"type":"Polygon","coordinates":[[[-75.625,52.45],[-75.61667,52.45],[-75.61667,52.44167],[-75.625,52.44167],[-75.625,52.45]]]}},{"type":"Feature","properties":{"c":"CDC-2878395","o":"SOQUEM inc. 100%","e":""},"geometry":{"type":"Polygon","coordinates":[[[-75.61667,52.45],[-75.60833,52.45],[-75.60833,52.44167],[-75.61667,52.44167],[-75.61667,52.45]]]}},{"type":"Feature","properties":{"c":"CDC-2878407","o":"SOQUEM inc. 100%","e":""},"geometry":{"type":"Polygon","coordinates":[[[-75.61667,52.45833],[-75.60833,52.45833],[-75.60833,52.45],[-75.61667,52.45],[-75.61667,52.45833]]]}},{"type":"Feature","properties":{"c":"CDC-2878396","o":"SOQUEM inc. 100%","e":""},"geometry":{"type":"Polygon","coordinates":[[[-75.60833,52.45],[-75.6,52.45],[-75.6,52.44167],[-75.60833,52.44167],[-75.60833,52.45]]]}},{"type":"Feature","properties":{"c":"CDC-2878408","o":"SOQUEM inc. 100%","e":""},"geometry":{"type":"Polygon","coordinates":[[[-75.60833,52.45833],[-75.6,52.45833],[-75.6,52.45],[-75.60833,52.45],[-75.60833,52.45833]]]}},{"type":"Feature","properties":{"c":"CDC-2878397","o":"SOQUEM inc. 100%","e":""},"geometry":{"type":"Polygon","coordinates":[[[-75.6,52.45],[-75.59167,52.45],[-75.59167,52.44167],[-75.6,52.44167],[-75.6,52.45]]]}},{"type":"Feature","properties":{"c":"CDC-2878409","o":"SOQUEM inc. 100%","e":""},"geometry":{"type":"Polygon","coordinates":[[[-75.6,52.45833],[-75.59167,52.45833],[-75.59167,52.45],[-75.6,52.45],[-75.6,52.45833]]]}},{"type":"Feature","properties":{"c":"CDC-2878410","o":"SOQUEM inc. 100%","e":""},"geometry":{"type":"Polygon","coordinates":[[[-75.59167,52.45833],[-75.58333,52.45833],[-75.58333,52.45],[-75.59167,52.45],[-75.59167,52.45833]]]}},{"type":"Feature","properties":{"c":"CDC-2446242","o":"Eastmain Resources Inc. 100%","e":""},"geometry":{"type":"Polygon","coordinates":[[[-75.56667,52.34167],[-75.55833,52.34167],[-75.55833,52.33333],[-75.56667,52.33333],[-75.56667,52.34167]]]}},{"type":"Feature","properties":{"c":"CDC-2878411","o":"SOQUEM inc. 100%","e":""},"geometry":{"type":"Polygon","coordinates":[[[-75.58333,52.45833],[-75.575,52.45833],[-75.575,52.45],[-75.58333,52.45],[-75.58333,52.45833]]]}},{"type":"Feature","properties":{"c":"CDC-2878412","o":"SOQUEM inc. 100%","e":""},"geometry":{"type":"Polygon","coordinates":[[[-75.575,52.45833],[-75.56667,52.45833],[-75.56667,52.45],[-75.575,52.45],[-75.575,52.45833]]]}},{"type":"Feature","properties":{"c":"CDC-2878413","o":"SOQUEM inc. 100%","e":""},"geometry":{"type":"Polygon","coordinates":[[[-75.56667,52.45833],[-75.55833,52.45833],[-75.55833,52.45],[-75.56667,52.45],[-75.56667,52.45833]]]}},{"type":"Feature","properties":{"c":"CDC-2878414","o":"SOQUEM inc. 100%","e":""},"geometry":{"type":"Polygon","coordinates":[[[-75.55833,52.45833],[-75.55,52.45833],[-75.55,52.45],[-75.55833,52.45],[-75.55833,52.45833]]]}},{"type":"Feature","properties":{"c":"CDC-2878415","o":"SOQUEM inc. 100%","e":""},"geometry":{"type":"Polygon","coordinates":[[[-75.55,52.45833],[-75.54167,52.45833],[-75.54167,52.45],[-75.55,52.45],[-75.55,52.45833]]]}},{"type":"Feature","properties":{"c":"CDC-2862198","o":"SOQUEM inc. 100%","e":""},"geometry":{"type":"Polygon","coordinates":[[[-75.54167,52.45833],[-75.53333,52.45833],[-75.53333,52.45],[-75.54167,52.45],[-75.54167,52.45833]]]}},{"type":"Feature","properties":{"c":"CDC-2875609","o":"SOQUEM inc. 100%","e":""},"geometry":{"type":"Polygon","coordinates":[[[-75.7,52.33333],[-75.69167,52.33333],[-75.69167,52.325],[-75.7,52.325],[-75.7,52.33333]]]}},{"type":"Feature","properties":{"c":"CDC-2875608","o":"SOQUEM inc. 100%","e":""},"geometry":{"type":"Polygon","coordinates":[[[-75.70833,52.33333],[-75.7,52.33333],[-75.7,52.325],[-75.70833,52.325],[-75.70833,52.33333]]]}},{"type":"Feature","properties":{"c":"CDC-2698871","o":"Exploration Azimut inc. 100%","e":""},"geometry":{"type":"Polygon","coordinates":[[[-75.65,52.34167],[-75.64167,52.34167],[-75.64167,52.33333],[-75.65,52.33333],[-75.65,52.34167]]]}},{"type":"Feature","properties":{"c":"CDC-2655904","o":"Exploration Azimut inc. 100%","e":""},"geometry":{"type":"Polygon","coordinates":[[[-75.65833,52.34167],[-75.65,52.34167],[-75.65,52.33333],[-75.65833,52.33333],[-75.65833,52.34167]]]}},{"type":"Feature","properties":{"c":"CDC-2654726","o":"Exploration Azimut inc. 100%","e":""},"geometry":{"type":"Polygon","coordinates":[[[-75.66667,52.34167],[-75.65833,52.34167],[-75.65833,52.33333],[-75.66667,52.33333],[-75.66667,52.34167]]]}},{"type":"Feature","properties":{"c":"CDC-2654725","o":"Exploration Azimut inc. 100%","e":""},"geometry":{"type":"Polygon","coordinates":[[[-75.675,52.34167],[-75.66667,52.34167],[-75.66667,52.33333],[-75.675,52.33333],[-75.675,52.34167]]]}},{"type":"Feature","properties":{"c":"CDC-2654724","o":"Exploration Azimut inc. 100%","e":""},"geometry":{"type":"Polygon","coordinates":[[[-75.68333,52.34167],[-75.675,52.34167],[-75.675,52.33333],[-75.68333,52.33333],[-75.68333,52.34167]]]}},{"type":"Feature","properties":{"c":"CDC-2875612","o":"SOQUEM inc. 100%","e":""},"geometry":{"type":"Polygon","coordinates":[[[-75.69167,52.34167],[-75.68333,52.34167],[-75.68333,52.33333],[-75.69167,52.33333],[-75.69167,52.34167]]]}},{"type":"Feature","properties":{"c":"CDC-2862661","o":"SOQUEM inc. 100%","e":""},"geometry":{"type":"Polygon","coordinates":[[[-75.7,52.34167],[-75.69167,52.34167],[-75.69167,52.33333],[-75.7,52.33333],[-75.7,52.34167]]]}},{"type":"Feature","properties":{"c":"CDC-2862660","o":"SOQUEM inc. 100%","e":""},"geometry":{"type":"Polygon","coordinates":[[[-75.70833,52.34167],[-75.7,52.34167],[-75.7,52.33333],[-75.70833,52.33333],[-75.70833,52.34167]]]}},{"type":"Feature","properties":{"c":"CDC-2862659","o":"SOQUEM inc. 100%","e":""},"geometry":{"type":"Polygon","coordinates":[[[-75.71667,52.34167],[-75.70833,52.34167],[-75.70833,52.33333],[-75.71667,52.33333],[-75.71667,52.34167]]]}},{"type":"Feature","properties":{"c":"CDC-2698878","o":"Exploration Azimut inc. 100%","e":""},"geometry":{"type":"Polygon","coordinates":[[[-75.65,52.35],[-75.64167,52.35],[-75.64167,52.34167],[-75.65,52.34167],[-75.65,52.35]]]}},{"type":"Feature","properties":{"c":"CDC-2698877","o":"Exploration Azimut inc. 100%","e":""},"geometry":{"type":"Polygon","coordinates":[[[-75.65833,52.35],[-75.65,52.35],[-75.65,52.34167],[-75.65833,52.34167],[-75.65833,52.35]]]}},{"type":"Feature","properties":{"c":"CDC-2698876","o":"Exploration Azimut inc. 100%","e":""},"geometry":{"type":"Polygon","coordinates":[[[-75.66667,52.35],[-75.65833,52.35],[-75.65833,52.34167],[-75.66667,52.34167],[-75.66667,52.35]]]}},{"type":"Feature","properties":{"c":"CDC-2698875","o":"Exploration Azimut inc. 100%","e":""},"geometry":{"type":"Polygon","coordinates":[[[-75.675,52.35],[-75.66667,52.35],[-75.66667,52.34167],[-75.675,52.34167],[-75.675,52.35]]]}},{"type":"Feature","properties":{"c":"CDC-2698874","o":"Exploration Azimut inc. 100%","e":""},"geometry":{"type":"Polygon","coordinates":[[[-75.68333,52.35],[-75.675,52.35],[-75.675,52.34167],[-75.68333,52.34167],[-75.68333,52.35]]]}},{"type":"Feature","properties":{"c":"CDC-2875616","o":"SOQUEM inc. 100%","e":""},"geometry":{"type":"Polygon","coordinates":[[[-75.69167,52.35],[-75.68333,52.35],[-75.68333,52.34167],[-75.69167,52.34167],[-75.69167,52.35]]]}},{"type":"Feature","properties":{"c":"CDC-2862670","o":"SOQUEM inc. 100%","e":""},"geometry":{"type":"Polygon","coordinates":[[[-75.7,52.35],[-75.69167,52.35],[-75.69167,52.34167],[-75.7,52.34167],[-75.7,52.35]]]}},{"type":"Feature","properties":{"c":"CDC-2862669","o":"SOQUEM inc. 100%","e":""},"geometry":{"type":"Polygon","coordinates":[[[-75.70833,52.35],[-75.7,52.35],[-75.7,52.34167],[-75.70833,52.34167],[-75.70833,52.35]]]}},{"type":"Feature","properties":{"c":"CDC-2862668","o":"SOQUEM inc. 100%","e":""},"geometry":{"type":"Polygon","coordinates":[[[-75.71667,52.35],[-75.70833,52.35],[-75.70833,52.34167],[-75.71667,52.34167],[-75.71667,52.35]]]}},{"type":"Feature","properties":{"c":"CDC-2875624","o":"SOQUEM inc. 100%","e":""},"geometry":{"type":"Polygon","coordinates":[[[-75.65833,52.35833],[-75.65,52.35833],[-75.65,52.35],[-75.65833,52.35],[-75.65833,52.35833]]]}},{"type":"Feature","properties":{"c":"CDC-2875623","o":"SOQUEM inc. 100%","e":""},"geometry":{"type":"Polygon","coordinates":[[[-75.66667,52.35833],[-75.65833,52.35833],[-75.65833,52.35],[-75.66667,52.35],[-75.66667,52.35833]]]}},{"type":"Feature","properties":{"c":"CDC-2875622","o":"SOQUEM inc. 100%","e":""},"geometry":{"type":"Polygon","coordinates":[[[-75.675,52.35833],[-75.66667,52.35833],[-75.66667,52.35],[-75.675,52.35],[-75.675,52.35833]]]}},{"type":"Feature","properties":{"c":"CDC-2875621","o":"SOQUEM inc. 100%","e":""},"geometry":{"type":"Polygon","coordinates":[[[-75.68333,52.35833],[-75.675,52.35833],[-75.675,52.35],[-75.68333,52.35],[-75.68333,52.35833]]]}},{"type":"Feature","properties":{"c":"CDC-2875620","o":"SOQUEM inc. 100%","e":""},"geometry":{"type":"Polygon","coordinates":[[[-75.69167,52.35833],[-75.68333,52.35833],[-75.68333,52.35],[-75.69167,52.35],[-75.69167,52.35833]]]}},{"type":"Feature","properties":{"c":"CDC-2862679","o":"SOQUEM inc. 100%","e":""},"geometry":{"type":"Polygon","coordinates":[[[-75.7,52.35833],[-75.69167,52.35833],[-75.69167,52.35],[-75.7,52.35],[-75.7,52.35833]]]}},{"type":"Feature","properties":{"c":"CDC-2862678","o":"SOQUEM inc. 100%","e":""},"geometry":{"type":"Polygon","coordinates":[[[-75.70833,52.35833],[-75.7,52.35833],[-75.7,52.35],[-75.70833,52.35],[-75.70833,52.35833]]]}},{"type":"Feature","properties":{"c":"CDC-2698860","o":"Exploration Azimut inc. 100%","e":""},"geometry":{"type":"Polygon","coordinates":[[[-75.65,52.31667],[-75.64167,52.31667],[-75.64167,52.30833],[-75.65,52.30833],[-75.65,52.31667]]]}},{"type":"Feature","properties":{"c":"CDC-2655899","o":"Exploration Azimut inc. 100%","e":""},"geometry":{"type":"Polygon","coordinates":[[[-75.65833,52.31667],[-75.65,52.31667],[-75.65,52.30833],[-75.65833,52.30833],[-75.65833,52.31667]]]}},{"type":"Feature","properties":{"c":"CDC-2655898","o":"Exploration Azimut inc. 100%","e":""},"geometry":{"type":"Polygon","coordinates":[[[-75.66667,52.31667],[-75.65833,52.31667],[-75.65833,52.30833],[-75.66667,52.30833],[-75.66667,52.31667]]]}},{"type":"Feature","properties":{"c":"CDC-2655897","o":"Exploration Azimut inc. 100%","e":""},"geometry":{"type":"Polygon","coordinates":[[[-75.675,52.31667],[-75.66667,52.31667],[-75.66667,52.30833],[-75.675,52.30833],[-75.675,52.31667]]]}},{"type":"Feature","properties":{"c":"CDC-2655896","o":"Exploration Azimut inc. 100%","e":""},"geometry":{"type":"Polygon","coordinates":[[[-75.68333,52.31667],[-75.675,52.31667],[-75.675,52.30833],[-75.68333,52.30833],[-75.68333,52.31667]]]}},{"type":"Feature","properties":{"c":"CDC-2839659","o":"Exploration Midland inc. 100%","e":""},"geometry":{"type":"Polygon","coordinates":[[[-75.69167,52.31667],[-75.68333,52.31667],[-75.68333,52.30833],[-75.69167,52.30833],[-75.69167,52.31667]]]}},{"type":"Feature","properties":{"c":"CDC-2839658","o":"Exploration Midland inc. 100%","e":""},"geometry":{"type":"Polygon","coordinates":[[[-75.7,52.31667],[-75.69167,52.31667],[-75.69167,52.30833],[-75.7,52.30833],[-75.7,52.31667]]]}},{"type":"Feature","properties":{"c":"CDC-2216697","o":"Exploration Dios inc. 100%","e":""},"geometry":{"type":"Polygon","coordinates":[[[-75.70833,52.31667],[-75.7,52.31667],[-75.7,52.30833],[-75.70833,52.30833],[-75.70833,52.31667]]]}},{"type":"Feature","properties":{"c":"CDC-2445895","o":"Exploration Dios inc. 100%","e":""},"geometry":{"type":"Polygon","coordinates":[[[-75.60833,52.325],[-75.6,52.325],[-75.6,52.31667],[-75.60833,52.31667],[-75.60833,52.325]]]}},{"type":"Feature","properties":{"c":"CDC-2445894","o":"Exploration Dios inc. 100%","e":""},"geometry":{"type":"Polygon","coordinates":[[[-75.61667,52.325],[-75.60833,52.325],[-75.60833,52.31667],[-75.61667,52.31667],[-75.61667,52.325]]]}},{"type":"Feature","properties":{"c":"CDC-2698863","o":"Exploration Azimut inc. 100%","e":""},"geometry":{"type":"Polygon","coordinates":[[[-75.65,52.325],[-75.64167,52.325],[-75.64167,52.31667],[-75.65,52.31667],[-75.65,52.325]]]}},{"type":"Feature","properties":{"c":"CDC-2655900","o":"Exploration Azimut inc. 100%","e":""},"geometry":{"type":"Polygon","coordinates":[[[-75.65833,52.325],[-75.65,52.325],[-75.65,52.31667],[-75.65833,52.31667],[-75.65833,52.325]]]}},{"type":"Feature","properties":{"c":"CDC-2654713","o":"Exploration Azimut inc. 100%","e":""},"geometry":{"type":"Polygon","coordinates":[[[-75.66667,52.325],[-75.65833,52.325],[-75.65833,52.31667],[-75.66667,52.31667],[-75.66667,52.325]]]}},{"type":"Feature","properties":{"c":"CDC-2654712","o":"Exploration Azimut inc. 100%","e":""},"geometry":{"type":"Polygon","coordinates":[[[-75.675,52.325],[-75.66667,52.325],[-75.66667,52.31667],[-75.675,52.31667],[-75.675,52.325]]]}},{"type":"Feature","properties":{"c":"CDC-2654711","o":"Exploration Azimut inc. 100%","e":""},"geometry":{"type":"Polygon","coordinates":[[[-75.68333,52.325],[-75.675,52.325],[-75.675,52.31667],[-75.68333,52.31667],[-75.68333,52.325]]]}},{"type":"Feature","properties":{"c":"CDC-2839660","o":"Exploration Midland inc. 100%","e":""},"geometry":{"type":"Polygon","coordinates":[[[-75.69167,52.325],[-75.68333,52.325],[-75.68333,52.31667],[-75.69167,52.31667],[-75.69167,52.325]]]}},{"type":"Feature","properties":{"c":"CDC-2862645","o":"SOQUEM inc. 100%","e":""},"geometry":{"type":"Polygon","coordinates":[[[-75.7,52.325],[-75.69167,52.325],[-75.69167,52.31667],[-75.7,52.31667],[-75.7,52.325]]]}},{"type":"Feature","properties":{"c":"CDC-2216711","o":"Exploration Dios inc. 100%","e":""},"geometry":{"type":"Polygon","coordinates":[[[-75.70833,52.325],[-75.7,52.325],[-75.7,52.31667],[-75.70833,52.31667],[-75.70833,52.325]]]}},{"type":"Feature","properties":{"c":"CDC-2446206","o":"Exploration Dios inc. 100%","e":""},"geometry":{"type":"Polygon","coordinates":[[[-75.60833,52.33333],[-75.6,52.33333],[-75.6,52.325],[-75.60833,52.325],[-75.60833,52.33333]]]}},{"type":"Feature","properties":{"c":"CDC-2445897","o":"Exploration Dios inc. 100%","e":""},"geometry":{"type":"Polygon","coordinates":[[[-75.61667,52.33333],[-75.60833,52.33333],[-75.60833,52.325],[-75.61667,52.325],[-75.61667,52.33333]]]}},{"type":"Feature","properties":{"c":"CDC-2445896","o":"Exploration Dios inc. 100%","e":""},"geometry":{"type":"Polygon","coordinates":[[[-75.625,52.33333],[-75.61667,52.33333],[-75.61667,52.325],[-75.625,52.325],[-75.625,52.33333]]]}},{"type":"Feature","properties":{"c":"CDC-2698868","o":"Exploration Azimut inc. 100%","e":""},"geometry":{"type":"Polygon","coordinates":[[[-75.65,52.33333],[-75.64167,52.33333],[-75.64167,52.325],[-75.65,52.325],[-75.65,52.33333]]]}},{"type":"Feature","properties":{"c":"CDC-2655902","o":"Exploration Azimut inc. 100%","e":""},"geometry":{"type":"Polygon","coordinates":[[[-75.65833,52.33333],[-75.65,52.33333],[-75.65,52.325],[-75.65833,52.325],[-75.65833,52.33333]]]}},{"type":"Feature","properties":{"c":"CDC-2654718","o":"Exploration Azimut inc. 100%","e":""},"geometry":{"type":"Polygon","coordinates":[[[-75.66667,52.33333],[-75.65833,52.33333],[-75.65833,52.325],[-75.66667,52.325],[-75.66667,52.33333]]]}},{"type":"Feature","properties":{"c":"CDC-2654717","o":"Exploration Azimut inc. 100%","e":""},"geometry":{"type":"Polygon","coordinates":[[[-75.675,52.33333],[-75.66667,52.33333],[-75.66667,52.325],[-75.675,52.325],[-75.675,52.33333]]]}},{"type":"Feature","properties":{"c":"CDC-2654716","o":"Exploration Azimut inc. 100%","e":""},"geometry":{"type":"Polygon","coordinates":[[[-75.68333,52.33333],[-75.675,52.33333],[-75.675,52.325],[-75.68333,52.325],[-75.68333,52.33333]]]}},{"type":"Feature","properties":{"c":"CDC-2875610","o":"SOQUEM inc. 100%","e":""},"geometry":{"type":"Polygon","coordinates":[[[-75.69167,52.33333],[-75.68333,52.33333],[-75.68333,52.325],[-75.69167,52.325],[-75.69167,52.33333]]]}},{"type":"Feature","properties":{"c":"CDC-2446224","o":"Eastmain Resources Inc. 100%","e":""},"geometry":{"type":"Polygon","coordinates":[[[-75.51667,52.31667],[-75.50833,52.31667],[-75.50833,52.30833],[-75.51667,52.30833],[-75.51667,52.31667]]]}},{"type":"Feature","properties":{"c":"CDC-2446223","o":"Eastmain Resources Inc. 100%","e":""},"geometry":{"type":"Polygon","coordinates":[[[-75.525,52.31667],[-75.51667,52.31667],[-75.51667,52.30833],[-75.525,52.30833],[-75.525,52.31667]]]}},{"type":"Feature","properties":{"c":"CDC-2446222","o":"Eastmain Resources Inc. 100%","e":""},"geometry":{"type":"Polygon","coordinates":[[[-75.53333,52.31667],[-75.525,52.31667],[-75.525,52.30833],[-75.53333,52.30833],[-75.53333,52.31667]]]}},{"type":"Feature","properties":{"c":"CDC-2446221","o":"Eastmain Resources Inc. 100%","e":""},"geometry":{"type":"Polygon","coordinates":[[[-75.54167,52.31667],[-75.53333,52.31667],[-75.53333,52.30833],[-75.54167,52.30833],[-75.54167,52.31667]]]}},{"type":"Feature","properties":{"c":"CDC-2446220","o":"Eastmain Resources Inc. 100%","e":""},"geometry":{"type":"Polygon","coordinates":[[[-75.55,52.31667],[-75.54167,52.31667],[-75.54167,52.30833],[-75.55,52.30833],[-75.55,52.31667]]]}},{"type":"Feature","properties":{"c":"CDC-2446219","o":"Eastmain Resources Inc. 100%","e":""},"geometry":{"type":"Polygon","coordinates":[[[-75.55833,52.31667],[-75.55,52.31667],[-75.55,52.30833],[-75.55833,52.30833],[-75.55833,52.31667]]]}},{"type":"Feature","properties":{"c":"CDC-2446232","o":"Eastmain Resources Inc. 100%","e":""},"geometry":{"type":"Polygon","coordinates":[[[-75.50833,52.325],[-75.5,52.325],[-75.5,52.31667],[-75.50833,52.31667],[-75.50833,52.325]]]}},{"type":"Feature","properties":{"c":"CDC-2446231","o":"Eastmain Resources Inc. 100%","e":""},"geometry":{"type":"Polygon","coordinates":[[[-75.51667,52.325],[-75.50833,52.325],[-75.50833,52.31667],[-75.51667,52.31667],[-75.51667,52.325]]]}},{"type":"Feature","properties":{"c":"CDC-2446230","o":"Eastmain Resources Inc. 100%","e":""},"geometry":{"type":"Polygon","coordinates":[[[-75.525,52.325],[-75.51667,52.325],[-75.51667,52.31667],[-75.525,52.31667],[-75.525,52.325]]]}},{"type":"Feature","properties":{"c":"CDC-2446229","o":"Eastmain Resources Inc. 100%","e":""},"geometry":{"type":"Polygon","coordinates":[[[-75.53333,52.325],[-75.525,52.325],[-75.525,52.31667],[-75.53333,52.31667],[-75.53333,52.325]]]}},{"type":"Feature","properties":{"c":"CDC-2446228","o":"Eastmain Resources Inc. 100%","e":""},"geometry":{"type":"Polygon","coordinates":[[[-75.54167,52.325],[-75.53333,52.325],[-75.53333,52.31667],[-75.54167,52.31667],[-75.54167,52.325]]]}},{"type":"Feature","properties":{"c":"CDC-2446227","o":"Eastmain Resources Inc. 100%","e":""},"geometry":{"type":"Polygon","coordinates":[[[-75.55,52.325],[-75.54167,52.325],[-75.54167,52.31667],[-75.55,52.31667],[-75.55,52.325]]]}},{"type":"Feature","properties":{"c":"CDC-2446226","o":"Eastmain Resources Inc. 100%","e":""},"geometry":{"type":"Polygon","coordinates":[[[-75.55833,52.325],[-75.55,52.325],[-75.55,52.31667],[-75.55833,52.31667],[-75.55833,52.325]]]}},{"type":"Feature","properties":{"c":"CDC-2446241","o":"Eastmain Resources Inc. 100%","e":""},"geometry":{"type":"Polygon","coordinates":[[[-75.50833,52.33333],[-75.5,52.33333],[-75.5,52.325],[-75.50833,52.325],[-75.50833,52.33333]]]}},{"type":"Feature","properties":{"c":"CDC-2446240","o":"Eastmain Resources Inc. 100%","e":""},"geometry":{"type":"Polygon","coordinates":[[[-75.51667,52.33333],[-75.50833,52.33333],[-75.50833,52.325],[-75.51667,52.325],[-75.51667,52.33333]]]}},{"type":"Feature","properties":{"c":"CDC-2446239","o":"Eastmain Resources Inc. 100%","e":""},"geometry":{"type":"Polygon","coordinates":[[[-75.525,52.33333],[-75.51667,52.33333],[-75.51667,52.325],[-75.525,52.325],[-75.525,52.33333]]]}},{"type":"Feature","properties":{"c":"CDC-2446238","o":"Eastmain Resources Inc. 100%","e":""},"geometry":{"type":"Polygon","coordinates":[[[-75.53333,52.33333],[-75.525,52.33333],[-75.525,52.325],[-75.53333,52.325],[-75.53333,52.33333]]]}},{"type":"Feature","properties":{"c":"CDC-2446237","o":"Eastmain Resources Inc. 100%","e":""},"geometry":{"type":"Polygon","coordinates":[[[-75.54167,52.33333],[-75.53333,52.33333],[-75.53333,52.325],[-75.54167,52.325],[-75.54167,52.33333]]]}},{"type":"Feature","properties":{"c":"CDC-2446236","o":"Eastmain Resources Inc. 100%","e":""},"geometry":{"type":"Polygon","coordinates":[[[-75.55,52.33333],[-75.54167,52.33333],[-75.54167,52.325],[-75.55,52.325],[-75.55,52.33333]]]}},{"type":"Feature","properties":{"c":"CDC-2446235","o":"Eastmain Resources Inc. 100%","e":""},"geometry":{"type":"Polygon","coordinates":[[[-75.55833,52.33333],[-75.55,52.33333],[-75.55,52.325],[-75.55833,52.325],[-75.55833,52.33333]]]}},{"type":"Feature","properties":{"c":"CDC-2446249","o":"Eastmain Resources Inc. 100%","e":""},"geometry":{"type":"Polygon","coordinates":[[[-75.50833,52.34167],[-75.5,52.34167],[-75.5,52.33333],[-75.50833,52.33333],[-75.50833,52.34167]]]}},{"type":"Feature","properties":{"c":"CDC-2446248","o":"Eastmain Resources Inc. 100%","e":""},"geometry":{"type":"Polygon","coordinates":[[[-75.51667,52.34167],[-75.50833,52.34167],[-75.50833,52.33333],[-75.51667,52.33333],[-75.51667,52.34167]]]}},{"type":"Feature","properties":{"c":"CDC-2446247","o":"Eastmain Resources Inc. 100%","e":""},"geometry":{"type":"Polygon","coordinates":[[[-75.525,52.34167],[-75.51667,52.34167],[-75.51667,52.33333],[-75.525,52.33333],[-75.525,52.34167]]]}},{"type":"Feature","properties":{"c":"CDC-2446246","o":"Eastmain Resources Inc. 100%","e":""},"geometry":{"type":"Polygon","coordinates":[[[-75.53333,52.34167],[-75.525,52.34167],[-75.525,52.33333],[-75.53333,52.33333],[-75.53333,52.34167]]]}},{"type":"Feature","properties":{"c":"CDC-2446244","o":"Eastmain Resources Inc. 100%","e":""},"geometry":{"type":"Polygon","coordinates":[[[-75.55,52.34167],[-75.54167,52.34167],[-75.54167,52.33333],[-75.55,52.33333],[-75.55,52.34167]]]}},{"type":"Feature","properties":{"c":"CDC-2446243","o":"Eastmain Resources Inc. 100%","e":""},"geometry":{"type":"Polygon","coordinates":[[[-75.55833,52.34167],[-75.55,52.34167],[-75.55,52.33333],[-75.55833,52.33333],[-75.55833,52.34167]]]}},{"type":"Feature","properties":{"c":"CDC-2445599","o":"Eastmain Resources Inc. 100%","e":""},"geometry":{"type":"Polygon","coordinates":[[[-75.54167,52.28333],[-75.53333,52.28333],[-75.53333,52.275],[-75.54167,52.275],[-75.54167,52.28333]]]}},{"type":"Feature","properties":{"c":"CDC-2528092","o":"Eastmain Resources Inc. 100%","e":""},"geometry":{"type":"Polygon","coordinates":[[[-75.55,52.28333],[-75.54167,52.28333],[-75.54167,52.275],[-75.55,52.275],[-75.55,52.28333]]]}},{"type":"Feature","properties":{"c":"CDC-2445610","o":"Eastmain Resources Inc. 100%","e":""},"geometry":{"type":"Polygon","coordinates":[[[-75.50833,52.29167],[-75.5,52.29167],[-75.5,52.28333],[-75.50833,52.28333],[-75.50833,52.29167]]]}},{"type":"Feature","properties":{"c":"CDC-2445609","o":"Eastmain Resources Inc. 100%","e":""},"geometry":{"type":"Polygon","coordinates":[[[-75.51667,52.29167],[-75.50833,52.29167],[-75.50833,52.28333],[-75.51667,52.28333],[-75.51667,52.29167]]]}},{"type":"Feature","properties":{"c":"CDC-2445608","o":"Eastmain Resources Inc. 100%","e":""},"geometry":{"type":"Polygon","coordinates":[[[-75.525,52.29167],[-75.51667,52.29167],[-75.51667,52.28333],[-75.525,52.28333],[-75.525,52.29167]]]}},{"type":"Feature","properties":{"c":"CDC-2445607","o":"Eastmain Resources Inc. 100%","e":""},"geometry":{"type":"Polygon","coordinates":[[[-75.53333,52.29167],[-75.525,52.29167],[-75.525,52.28333],[-75.53333,52.28333],[-75.53333,52.29167]]]}},{"type":"Feature","properties":{"c":"CDC-2445606","o":"Eastmain Resources Inc. 100%","e":""},"geometry":{"type":"Polygon","coordinates":[[[-75.54167,52.29167],[-75.53333,52.29167],[-75.53333,52.28333],[-75.54167,52.28333],[-75.54167,52.29167]]]}},{"type":"Feature","properties":{"c":"CDC-2445605","o":"Eastmain Resources Inc. 100%","e":""},"geometry":{"type":"Polygon","coordinates":[[[-75.55,52.29167],[-75.54167,52.29167],[-75.54167,52.28333],[-75.55,52.28333],[-75.55,52.29167]]]}},{"type":"Feature","properties":{"c":"CDC-2445622","o":"Eastmain Resources Inc. 100%","e":""},"geometry":{"type":"Polygon","coordinates":[[[-75.50833,52.3],[-75.5,52.3],[-75.5,52.29167],[-75.50833,52.29167],[-75.50833,52.3]]]}},{"type":"Feature","properties":{"c":"CDC-2445621","o":"Eastmain Resources Inc. 100%","e":""},"geometry":{"type":"Polygon","coordinates":[[[-75.51667,52.3],[-75.50833,52.3],[-75.50833,52.29167],[-75.51667,52.29167],[-75.51667,52.3]]]}},{"type":"Feature","properties":{"c":"CDC-2445620","o":"Eastmain Resources Inc. 100%","e":""},"geometry":{"type":"Polygon","coordinates":[[[-75.525,52.3],[-75.51667,52.3],[-75.51667,52.29167],[-75.525,52.29167],[-75.525,52.3]]]}},{"type":"Feature","properties":{"c":"CDC-2445619","o":"Eastmain Resources Inc. 100%","e":""},"geometry":{"type":"Polygon","coordinates":[[[-75.53333,52.3],[-75.525,52.3],[-75.525,52.29167],[-75.53333,52.29167],[-75.53333,52.3]]]}},{"type":"Feature","properties":{"c":"CDC-2445618","o":"Eastmain Resources Inc. 100%","e":""},"geometry":{"type":"Polygon","coordinates":[[[-75.54167,52.3],[-75.53333,52.3],[-75.53333,52.29167],[-75.54167,52.29167],[-75.54167,52.3]]]}},{"type":"Feature","properties":{"c":"CDC-2445617","o":"Eastmain Resources Inc. 100%","e":""},"geometry":{"type":"Polygon","coordinates":[[[-75.55,52.3],[-75.54167,52.3],[-75.54167,52.29167],[-75.55,52.29167],[-75.55,52.3]]]}},{"type":"Feature","properties":{"c":"CDC-2445616","o":"Eastmain Resources Inc. 100%","e":""},"geometry":{"type":"Polygon","coordinates":[[[-75.55833,52.3],[-75.55,52.3],[-75.55,52.29167],[-75.55833,52.29167],[-75.55833,52.3]]]}},{"type":"Feature","properties":{"c":"CDC-2445634","o":"Eastmain Resources Inc. 100%","e":""},"geometry":{"type":"Polygon","coordinates":[[[-75.50833,52.30833],[-75.5,52.30833],[-75.5,52.3],[-75.50833,52.3],[-75.50833,52.30833]]]}},{"type":"Feature","properties":{"c":"CDC-2445633","o":"Eastmain Resources Inc. 100%","e":""},"geometry":{"type":"Polygon","coordinates":[[[-75.51667,52.30833],[-75.50833,52.30833],[-75.50833,52.3],[-75.51667,52.3],[-75.51667,52.30833]]]}},{"type":"Feature","properties":{"c":"CDC-2445632","o":"Eastmain Resources Inc. 100%","e":""},"geometry":{"type":"Polygon","coordinates":[[[-75.525,52.30833],[-75.51667,52.30833],[-75.51667,52.3],[-75.525,52.3],[-75.525,52.30833]]]}},{"type":"Feature","properties":{"c":"CDC-2445631","o":"Eastmain Resources Inc. 100%","e":""},"geometry":{"type":"Polygon","coordinates":[[[-75.53333,52.30833],[-75.525,52.30833],[-75.525,52.3],[-75.53333,52.3],[-75.53333,52.30833]]]}},{"type":"Feature","properties":{"c":"CDC-2445630","o":"Eastmain Resources Inc. 100%","e":""},"geometry":{"type":"Polygon","coordinates":[[[-75.54167,52.30833],[-75.53333,52.30833],[-75.53333,52.3],[-75.54167,52.3],[-75.54167,52.30833]]]}},{"type":"Feature","properties":{"c":"CDC-2445629","o":"Eastmain Resources Inc. 100%","e":""},"geometry":{"type":"Polygon","coordinates":[[[-75.55,52.30833],[-75.54167,52.30833],[-75.54167,52.3],[-75.55,52.3],[-75.55,52.30833]]]}},{"type":"Feature","properties":{"c":"CDC-2445628","o":"Eastmain Resources Inc. 100%","e":""},"geometry":{"type":"Polygon","coordinates":[[[-75.55833,52.30833],[-75.55,52.30833],[-75.55,52.3],[-75.55833,52.3],[-75.55833,52.30833]]]}},{"type":"Feature","properties":{"c":"CDC-2446225","o":"Eastmain Resources Inc. 100%","e":""},"geometry":{"type":"Polygon","coordinates":[[[-75.50833,52.31667],[-75.5,52.31667],[-75.5,52.30833],[-75.50833,52.30833],[-75.50833,52.31667]]]}},{"type":"Feature","properties":{"c":"CDC-75906","o":"Eastmain Resources Inc. 100%","e":""},"geometry":{"type":"Polygon","coordinates":[[[-75.75833,52.26667],[-75.75,52.26667],[-75.75,52.25833],[-75.75833,52.25833],[-75.75833,52.26667]]]}},{"type":"Feature","properties":{"c":"CDC-75912","o":"Eastmain Resources Inc. 100%","e":""},"geometry":{"type":"Polygon","coordinates":[[[-75.75833,52.275],[-75.75,52.275],[-75.75,52.26667],[-75.75833,52.26667],[-75.75833,52.275]]]}},{"type":"Feature","properties":{"c":"CDC-2542326","o":"Eastmain Resources Inc. 100%","e":""},"geometry":{"type":"Polygon","coordinates":[[[-75.75833,52.28333],[-75.75,52.28333],[-75.75,52.275],[-75.75833,52.275],[-75.75833,52.28333]]]}},{"type":"Feature","properties":{"c":"CDC-2875705","o":"SOQUEM inc. 100%","e":""},"geometry":{"type":"Polygon","coordinates":[[[-75.75833,52.30833],[-75.75,52.30833],[-75.75,52.3],[-75.75833,52.3],[-75.75833,52.30833]]]}},{"type":"Feature","properties":{"c":"CDC-106410","o":"Eastmain Resources Inc. 100%","e":""},"geometry":{"type":"Polygon","coordinates":[[[-75.75,52.25833],[-75.74167,52.25833],[-75.74167,52.25],[-75.75,52.25],[-75.75,52.25833]]]}},{"type":"Feature","properties":{"c":"CDC-75932","o":"Eastmain Resources Inc. 100%","e":""},"geometry":{"type":"Polygon","coordinates":[[[-75.75,52.26667],[-75.74167,52.26667],[-75.74167,52.25833],[-75.75,52.25833],[-75.75,52.26667]]]}},{"type":"Feature","properties":{"c":"CDC-75940","o":"Eastmain Resources Inc. 100%","e":""},"geometry":{"type":"Polygon","coordinates":[[[-75.75,52.275],[-75.74167,52.275],[-75.74167,52.26667],[-75.75,52.26667],[-75.75,52.275]]]}},{"type":"Feature","properties":{"c":"CDC-2542327","o":"Eastmain Resources Inc. 100%","e":""},"geometry":{"type":"Polygon","coordinates":[[[-75.75,52.28333],[-75.74167,52.28333],[-75.74167,52.275],[-75.75,52.275],[-75.75,52.28333]]]}},{"type":"Feature","properties":{"c":"CDC-2875706","o":"SOQUEM inc. 100%","e":""},"geometry":{"type":"Polygon","coordinates":[[[-75.75,52.30833],[-75.74167,52.30833],[-75.74167,52.3],[-75.75,52.3],[-75.75,52.30833]]]}},{"type":"Feature","properties":{"c":"CDC-106411","o":"Eastmain Resources Inc. 100%","e":""},"geometry":{"type":"Polygon","coordinates":[[[-75.74167,52.25833],[-75.73333,52.25833],[-75.73333,52.25],[-75.74167,52.25],[-75.74167,52.25833]]]}},{"type":"Feature","properties":{"c":"CDC-75933","o":"Eastmain Resources Inc. 100%","e":""},"geometry":{"type":"Polygon","coordinates":[[[-75.74167,52.26667],[-75.73333,52.26667],[-75.73333,52.25833],[-75.74167,52.25833],[-75.74167,52.26667]]]}},{"type":"Feature","properties":{"c":"CDC-75941","o":"Eastmain Resources Inc. 100%","e":""},"geometry":{"type":"Polygon","coordinates":[[[-75.74167,52.275],[-75.73333,52.275],[-75.73333,52.26667],[-75.74167,52.26667],[-75.74167,52.275]]]}},{"type":"Feature","properties":{"c":"CDC-2542328","o":"Eastmain Resources Inc. 100%","e":""},"geometry":{"type":"Polygon","coordinates":[[[-75.74167,52.28333],[-75.73333,52.28333],[-75.73333,52.275],[-75.74167,52.275],[-75.74167,52.28333]]]}},{"type":"Feature","properties":{"c":"CDC-106412","o":"Eastmain Resources Inc. 100%","e":""},"geometry":{"type":"Polygon","coordinates":[[[-75.73333,52.25833],[-75.725,52.25833],[-75.725,52.25],[-75.73333,52.25],[-75.73333,52.25833]]]}},{"type":"Feature","properties":{"c":"CDC-75934","o":"Eastmain Resources Inc. 100%","e":""},"geometry":{"type":"Polygon","coordinates":[[[-75.73333,52.26667],[-75.725,52.26667],[-75.725,52.25833],[-75.73333,52.25833],[-75.73333,52.26667]]]}},{"type":"Feature","properties":{"c":"CDC-75942","o":"Eastmain Resources Inc. 100%","e":""},"geometry":{"type":"Polygon","coordinates":[[[-75.73333,52.275],[-75.725,52.275],[-75.725,52.26667],[-75.73333,52.26667],[-75.73333,52.275]]]}},{"type":"Feature","properties":{"c":"CDC-2542329","o":"Eastmain Resources Inc. 100%","e":""},"geometry":{"type":"Polygon","coordinates":[[[-75.73333,52.28333],[-75.725,52.28333],[-75.725,52.275],[-75.73333,52.275],[-75.73333,52.28333]]]}},{"type":"Feature","properties":{"c":"CDC-75913","o":"Eastmain Resources Inc. 100%","e":""},"geometry":{"type":"Polygon","coordinates":[[[-75.725,52.25833],[-75.71667,52.25833],[-75.71667,52.25],[-75.725,52.25],[-75.725,52.25833]]]}},{"type":"Feature","properties":{"c":"CDC-75935","o":"Eastmain Resources Inc. 100%","e":""},"geometry":{"type":"Polygon","coordinates":[[[-75.725,52.26667],[-75.71667,52.26667],[-75.71667,52.25833],[-75.725,52.25833],[-75.725,52.26667]]]}},{"type":"Feature","properties":{"c":"CDC-75943","o":"Eastmain Resources Inc. 100%","e":""},"geometry":{"type":"Polygon","coordinates":[[[-75.725,52.275],[-75.71667,52.275],[-75.71667,52.26667],[-75.725,52.26667],[-75.725,52.275]]]}},{"type":"Feature","properties":{"c":"CDC-2542330","o":"Eastmain Resources Inc. 100%","e":""},"geometry":{"type":"Polygon","coordinates":[[[-75.725,52.28333],[-75.71667,52.28333],[-75.71667,52.275],[-75.725,52.275],[-75.725,52.28333]]]}},{"type":"Feature","properties":{"c":"CDC-106417","o":"Eastmain Resources Inc. 100%","e":""},"geometry":{"type":"Polygon","coordinates":[[[-75.71667,52.26667],[-75.70833,52.26667],[-75.70833,52.25833],[-75.71667,52.25833],[-75.71667,52.26667]]]}},{"type":"Feature","properties":{"c":"CDC-75944","o":"Eastmain Resources Inc. 100%","e":""},"geometry":{"type":"Polygon","coordinates":[[[-75.71667,52.275],[-75.70833,52.275],[-75.70833,52.26667],[-75.71667,52.26667],[-75.71667,52.275]]]}},{"type":"Feature","properties":{"c":"CDC-2542331","o":"Eastmain Resources Inc. 100%","e":""},"geometry":{"type":"Polygon","coordinates":[[[-75.71667,52.28333],[-75.70833,52.28333],[-75.70833,52.275],[-75.71667,52.275],[-75.71667,52.28333]]]}},{"type":"Feature","properties":{"c":"CDC-106418","o":"Eastmain Resources Inc. 100%","e":""},"geometry":{"type":"Polygon","coordinates":[[[-75.70833,52.26667],[-75.7,52.26667],[-75.7,52.25833],[-75.70833,52.25833],[-75.70833,52.26667]]]}},{"type":"Feature","properties":{"c":"CDC-75945","o":"Eastmain Resources Inc. 100%","e":""},"geometry":{"type":"Polygon","coordinates":[[[-75.70833,52.275],[-75.7,52.275],[-75.7,52.26667],[-75.70833,52.26667],[-75.70833,52.275]]]}},{"type":"Feature","properties":{"c":"CDC-2542332","o":"Eastmain Resources Inc. 100%","e":""},"geometry":{"type":"Polygon","coordinates":[[[-75.70833,52.28333],[-75.7,52.28333],[-75.7,52.275],[-75.70833,52.275],[-75.70833,52.28333]]]}},{"type":"Feature","properties":{"c":"CDC-2445612","o":"Eastmain Resources Inc. 100%","e":""},"geometry":{"type":"Polygon","coordinates":[[[-75.59167,52.3],[-75.58333,52.3],[-75.58333,52.29167],[-75.59167,52.29167],[-75.59167,52.3]]]}},{"type":"Feature","properties":{"c":"CDC-2445624","o":"Eastmain Resources Inc. 100%","e":""},"geometry":{"type":"Polygon","coordinates":[[[-75.59167,52.30833],[-75.58333,52.30833],[-75.58333,52.3],[-75.59167,52.3],[-75.59167,52.30833]]]}},{"type":"Feature","properties":{"c":"CDC-75924","o":"Eastmain Resources Inc. 100%","e":""},"geometry":{"type":"Polygon","coordinates":[[[-75.58333,52.25833],[-75.575,52.25833],[-75.575,52.25],[-75.58333,52.25],[-75.58333,52.25833]]]}},{"type":"Feature","properties":{"c":"CDC-2528072","o":"Eastmain Resources Inc. 100%","e":""},"geometry":{"type":"Polygon","coordinates":[[[-75.58333,52.26667],[-75.575,52.26667],[-75.575,52.25833],[-75.58333,52.25833],[-75.58333,52.26667]]]}},{"type":"Feature","properties":{"c":"CDC-2528086","o":"Eastmain Resources Inc. 100%","e":""},"geometry":{"type":"Polygon","coordinates":[[[-75.58333,52.275],[-75.575,52.275],[-75.575,52.26667],[-75.58333,52.26667],[-75.58333,52.275]]]}},{"type":"Feature","properties":{"c":"CDC-2542336","o":"Eastmain Resources Inc. 100%","e":""},"geometry":{"type":"Polygon","coordinates":[[[-75.58333,52.28333],[-75.575,52.28333],[-75.575,52.275],[-75.58333,52.275],[-75.58333,52.28333]]]}},{"type":"Feature","properties":{"c":"CDC-2445613","o":"Eastmain Resources Inc. 100%","e":""},"geometry":{"type":"Polygon","coordinates":[[[-75.58333,52.3],[-75.575,52.3],[-75.575,52.29167],[-75.58333,52.29167],[-75.58333,52.3]]]}},{"type":"Feature","properties":{"c":"CDC-2445625","o":"Eastmain Resources Inc. 100%","e":""},"geometry":{"type":"Polygon","coordinates":[[[-75.58333,52.30833],[-75.575,52.30833],[-75.575,52.3],[-75.58333,52.3],[-75.58333,52.30833]]]}},{"type":"Feature","properties":{"c":"CDC-75925","o":"Eastmain Resources Inc. 100%","e":""},"geometry":{"type":"Polygon","coordinates":[[[-75.575,52.25833],[-75.56667,52.25833],[-75.56667,52.25],[-75.575,52.25],[-75.575,52.25833]]]}},{"type":"Feature","properties":{"c":"CDC-2528073","o":"Eastmain Resources Inc. 100%","e":""},"geometry":{"type":"Polygon","coordinates":[[[-75.575,52.26667],[-75.56667,52.26667],[-75.56667,52.25833],[-75.575,52.25833],[-75.575,52.26667]]]}},{"type":"Feature","properties":{"c":"CDC-2528087","o":"Eastmain Resources Inc. 100%","e":""},"geometry":{"type":"Polygon","coordinates":[[[-75.575,52.275],[-75.56667,52.275],[-75.56667,52.26667],[-75.575,52.26667],[-75.575,52.275]]]}},{"type":"Feature","properties":{"c":"CDC-2542337","o":"Eastmain Resources Inc. 100%","e":""},"geometry":{"type":"Polygon","coordinates":[[[-75.575,52.28333],[-75.56667,52.28333],[-75.56667,52.275],[-75.575,52.275],[-75.575,52.28333]]]}},{"type":"Feature","properties":{"c":"CDC-2445614","o":"Eastmain Resources Inc. 100%","e":""},"geometry":{"type":"Polygon","coordinates":[[[-75.575,52.3],[-75.56667,52.3],[-75.56667,52.29167],[-75.575,52.29167],[-75.575,52.3]]]}},{"type":"Feature","properties":{"c":"CDC-2445626","o":"Eastmain Resources Inc. 100%","e":""},"geometry":{"type":"Polygon","coordinates":[[[-75.575,52.30833],[-75.56667,52.30833],[-75.56667,52.3],[-75.575,52.3],[-75.575,52.30833]]]}},{"type":"Feature","properties":{"c":"CDC-75926","o":"Eastmain Resources Inc. 100%","e":""},"geometry":{"type":"Polygon","coordinates":[[[-75.56667,52.25833],[-75.55833,52.25833],[-75.55833,52.25],[-75.56667,52.25],[-75.56667,52.25833]]]}},{"type":"Feature","properties":{"c":"CDC-2528074","o":"Eastmain Resources Inc. 100%","e":""},"geometry":{"type":"Polygon","coordinates":[[[-75.56667,52.26667],[-75.55833,52.26667],[-75.55833,52.25833],[-75.56667,52.25833],[-75.56667,52.26667]]]}},{"type":"Feature","properties":{"c":"CDC-2528088","o":"Eastmain Resources Inc. 100%","e":""},"geometry":{"type":"Polygon","coordinates":[[[-75.56667,52.275],[-75.55833,52.275],[-75.55833,52.26667],[-75.56667,52.26667],[-75.56667,52.275]]]}},{"type":"Feature","properties":{"c":"CDC-2446233","o":"Eastmain Resources Inc. 100%","e":""},"geometry":{"type":"Polygon","coordinates":[[[-75.575,52.33333],[-75.56667,52.33333],[-75.56667,52.325],[-75.575,52.325],[-75.575,52.33333]]]}},{"type":"Feature","properties":{"c":"CDC-2542338","o":"Eastmain Resources Inc. 100%","e":""},"geometry":{"type":"Polygon","coordinates":[[[-75.56667,52.28333],[-75.55833,52.28333],[-75.55833,52.275],[-75.56667,52.275],[-75.56667,52.28333]]]}},{"type":"Feature","properties":{"c":"CDC-2445615","o":"Eastmain Resources Inc. 100%","e":""},"geometry":{"type":"Polygon","coordinates":[[[-75.56667,52.3],[-75.55833,52.3],[-75.55833,52.29167],[-75.56667,52.29167],[-75.56667,52.3]]]}},{"type":"Feature","properties":{"c":"CDC-2445627","o":"Eastmain Resources Inc. 100%","e":""},"geometry":{"type":"Polygon","coordinates":[[[-75.56667,52.30833],[-75.55833,52.30833],[-75.55833,52.3],[-75.56667,52.3],[-75.56667,52.30833]]]}},{"type":"Feature","properties":{"c":"CDC-75927","o":"Eastmain Resources Inc. 100%","e":""},"geometry":{"type":"Polygon","coordinates":[[[-75.55833,52.25833],[-75.55,52.25833],[-75.55,52.25],[-75.55833,52.25],[-75.55833,52.25833]]]}},{"type":"Feature","properties":{"c":"CDC-2528075","o":"Eastmain Resources Inc. 100%","e":""},"geometry":{"type":"Polygon","coordinates":[[[-75.55833,52.26667],[-75.55,52.26667],[-75.55,52.25833],[-75.55833,52.25833],[-75.55833,52.26667]]]}},{"type":"Feature","properties":{"c":"CDC-2528089","o":"Eastmain Resources Inc. 100%","e":""},"geometry":{"type":"Polygon","coordinates":[[[-75.55833,52.275],[-75.55,52.275],[-75.55,52.26667],[-75.55833,52.26667],[-75.55833,52.275]]]}},{"type":"Feature","properties":{"c":"CDC-2446234","o":"Eastmain Resources Inc. 100%","e":""},"geometry":{"type":"Polygon","coordinates":[[[-75.56667,52.33333],[-75.55833,52.33333],[-75.55833,52.325],[-75.56667,52.325],[-75.56667,52.33333]]]}},{"type":"Feature","properties":{"c":"CDC-2528091","o":"Eastmain Resources Inc. 100%","e":""},"geometry":{"type":"Polygon","coordinates":[[[-75.55833,52.28333],[-75.55,52.28333],[-75.55,52.275],[-75.55833,52.275],[-75.55833,52.28333]]]}},{"type":"Feature","properties":{"c":"CDC-2445604","o":"Eastmain Resources Inc. 100%","e":""},"geometry":{"type":"Polygon","coordinates":[[[-75.55833,52.29167],[-75.55,52.29167],[-75.55,52.28333],[-75.55833,52.28333],[-75.55833,52.29167]]]}},{"type":"Feature","properties":{"c":"CDC-1132554","o":"Eastmain Resources Inc. 100%","e":""},"geometry":{"type":"Polygon","coordinates":[[[-75.69167,52.25],[-75.69167,52.24167],[-75.7,52.24167],[-75.7,52.25],[-75.69167,52.25]]]}},{"type":"Feature","properties":{"c":"CDC-1132556","o":"Eastmain Resources Inc. 100%","e":""},"geometry":{"type":"Polygon","coordinates":[[[-75.7,52.25833],[-75.69167,52.25833],[-75.69167,52.25],[-75.7,52.25],[-75.7,52.25833]]]}},{"type":"Feature","properties":{"c":"CDC-106419","o":"Eastmain Resources Inc. 100%","e":""},"geometry":{"type":"Polygon","coordinates":[[[-75.7,52.26667],[-75.69167,52.26667],[-75.69167,52.25833],[-75.7,52.25833],[-75.7,52.26667]]]}},{"type":"Feature","properties":{"c":"CDC-75946","o":"Eastmain Resources Inc. 100%","e":""},"geometry":{"type":"Polygon","coordinates":[[[-75.7,52.275],[-75.69167,52.275],[-75.69167,52.26667],[-75.7,52.26667],[-75.7,52.275]]]}},{"type":"Feature","properties":{"c":"CDC-2542333","o":"Eastmain Resources Inc. 100%","e":""},"geometry":{"type":"Polygon","coordinates":[[[-75.7,52.28333],[-75.69167,52.28333],[-75.69167,52.275],[-75.7,52.275],[-75.7,52.28333]]]}},{"type":"Feature","properties":{"c":"CDC-1132555","o":"Eastmain Resources Inc. 100%","e":""},"geometry":{"type":"Polygon","coordinates":[[[-75.68333,52.25],[-75.68333,52.24167],[-75.69167,52.24167],[-75.69167,52.25],[-75.68333,52.25]]]}},{"type":"Feature","properties":{"c":"CDC-1132557","o":"Eastmain Resources Inc. 100%","e":""},"geometry":{"type":"Polygon","coordinates":[[[-75.69167,52.25833],[-75.68333,52.25833],[-75.68333,52.25],[-75.69167,52.25],[-75.69167,52.25833]]]}},{"type":"Feature","properties":{"c":"CDC-106420","o":"Eastmain Resources Inc. 100%","e":""},"geometry":{"type":"Polygon","coordinates":[[[-75.69167,52.26667],[-75.68333,52.26667],[-75.68333,52.25833],[-75.69167,52.25833],[-75.69167,52.26667]]]}},{"type":"Feature","properties":{"c":"CDC-75947","o":"Eastmain Resources Inc. 100%","e":""},"geometry":{"type":"Polygon","coordinates":[[[-75.69167,52.275],[-75.68333,52.275],[-75.68333,52.26667],[-75.69167,52.26667],[-75.69167,52.275]]]}},{"type":"Feature","properties":{"c":"CDC-2542334","o":"Eastmain Resources Inc. 100%","e":""},"geometry":{"type":"Polygon","coordinates":[[[-75.69167,52.28333],[-75.68333,52.28333],[-75.68333,52.275],[-75.69167,52.275],[-75.69167,52.28333]]]}},{"type":"Feature","properties":{"c":"CDC-86878","o":"Eastmain Resources Inc. 100%","e":""},"geometry":{"type":"Polygon","coordinates":[[[-75.675,52.25],[-75.675,52.24167],[-75.68333,52.24167],[-75.68333,52.25],[-75.675,52.25]]]}},{"type":"Feature","properties":{"c":"CDC-106415","o":"Eastmain Resources Inc. 100%","e":""},"geometry":{"type":"Polygon","coordinates":[[[-75.68333,52.25833],[-75.675,52.25833],[-75.675,52.25],[-75.68333,52.25],[-75.68333,52.25833]]]}},{"type":"Feature","properties":{"c":"CDC-106421","o":"Eastmain Resources Inc. 100%","e":""},"geometry":{"type":"Polygon","coordinates":[[[-75.68333,52.26667],[-75.675,52.26667],[-75.675,52.25833],[-75.68333,52.25833],[-75.68333,52.26667]]]}},{"type":"Feature","properties":{"c":"CDC-75948","o":"Eastmain Resources Inc. 100%","e":""},"geometry":{"type":"Polygon","coordinates":[[[-75.68333,52.275],[-75.675,52.275],[-75.675,52.26667],[-75.68333,52.26667],[-75.68333,52.275]]]}},{"type":"Feature","properties":{"c":"CDC-2542335","o":"Eastmain Resources Inc. 100%","e":""},"geometry":{"type":"Polygon","coordinates":[[[-75.68333,52.28333],[-75.675,52.28333],[-75.675,52.275],[-75.68333,52.275],[-75.68333,52.28333]]]}},{"type":"Feature","properties":{"c":"CDC-86879","o":"Eastmain Resources Inc. 100%","e":""},"geometry":{"type":"Polygon","coordinates":[[[-75.66667,52.25],[-75.66667,52.24167],[-75.675,52.24167],[-75.675,52.25],[-75.66667,52.25]]]}},{"type":"Feature","properties":{"c":"CDC-106416","o":"Eastmain Resources Inc. 100%","e":""},"geometry":{"type":"Polygon","coordinates":[[[-75.675,52.25833],[-75.66667,52.25833],[-75.66667,52.25],[-75.675,52.25],[-75.675,52.25833]]]}},{"type":"Feature","properties":{"c":"CDC-106422","o":"Eastmain Resources Inc. 100%","e":""},"geometry":{"type":"Polygon","coordinates":[[[-75.675,52.26667],[-75.66667,52.26667],[-75.66667,52.25833],[-75.675,52.25833],[-75.675,52.26667]]]}},{"type":"Feature","properties":{"c":"CDC-75949","o":"Eastmain Resources Inc. 100%","e":""},"geometry":{"type":"Polygon","coordinates":[[[-75.675,52.275],[-75.66667,52.275],[-75.66667,52.26667],[-75.675,52.26667],[-75.675,52.275]]]}},{"type":"Feature","properties":{"c":"CDC-86880","o":"Eastmain Resources Inc. 100%","e":""},"geometry":{"type":"Polygon","coordinates":[[[-75.65833,52.25],[-75.65833,52.24167],[-75.66667,52.24167],[-75.66667,52.25],[-75.65833,52.25]]]}},{"type":"Feature","properties":{"c":"CDC-75914","o":"Eastmain Resources Inc. 100%","e":""},"geometry":{"type":"Polygon","coordinates":[[[-75.66667,52.25833],[-75.65833,52.25833],[-75.65833,52.25],[-75.66667,52.25],[-75.66667,52.25833]]]}},{"type":"Feature","properties":{"c":"CDC-75936","o":"Eastmain Resources Inc. 100%","e":""},"geometry":{"type":"Polygon","coordinates":[[[-75.66667,52.26667],[-75.65833,52.26667],[-75.65833,52.25833],[-75.66667,52.25833],[-75.66667,52.26667]]]}},{"type":"Feature","properties":{"c":"CDC-75950","o":"Eastmain Resources Inc. 100%","e":""},"geometry":{"type":"Polygon","coordinates":[[[-75.66667,52.275],[-75.65833,52.275],[-75.65833,52.26667],[-75.66667,52.26667],[-75.66667,52.275]]]}},{"type":"Feature","properties":{"c":"CDC-75842","o":"Eastmain Resources Inc. 100%","e":""},"geometry":{"type":"Polygon","coordinates":[[[-75.65,52.25],[-75.65,52.24167],[-75.65833,52.24167],[-75.65833,52.25],[-75.65,52.25]]]}},{"type":"Feature","properties":{"c":"CDC-75915","o":"Eastmain Resources Inc. 100%","e":""},"geometry":{"type":"Polygon","coordinates":[[[-75.65833,52.25833],[-75.65,52.25833],[-75.65,52.25],[-75.65833,52.25],[-75.65833,52.25833]]]}},{"type":"Feature","properties":{"c":"CDC-75937","o":"Eastmain Resources Inc. 100%","e":""},"geometry":{"type":"Polygon","coordinates":[[[-75.65833,52.26667],[-75.65,52.26667],[-75.65,52.25833],[-75.65833,52.25833],[-75.65833,52.26667]]]}},{"type":"Feature","properties":{"c":"CDC-2528077","o":"Eastmain Resources Inc. 100%","e":""},"geometry":{"type":"Polygon","coordinates":[[[-75.65833,52.275],[-75.65,52.275],[-75.65,52.26667],[-75.65833,52.26667],[-75.65833,52.275]]]}},{"type":"Feature","properties":{"c":"CDC-75843","o":"Eastmain Resources Inc. 100%","e":""},"geometry":{"type":"Polygon","coordinates":[[[-75.64167,52.25],[-75.64167,52.24167],[-75.65,52.24167],[-75.65,52.25],[-75.64167,52.25]]]}},{"type":"Feature","properties":{"c":"CDC-75916","o":"Eastmain Resources Inc. 100%","e":""},"geometry":{"type":"Polygon","coordinates":[[[-75.65,52.25833],[-75.64167,52.25833],[-75.64167,52.25],[-75.65,52.25],[-75.65,52.25833]]]}},{"type":"Feature","properties":{"c":"CDC-75938","o":"Eastmain Resources Inc. 100%","e":""},"geometry":{"type":"Polygon","coordinates":[[[-75.65,52.26667],[-75.64167,52.26667],[-75.64167,52.25833],[-75.65,52.25833],[-75.65,52.26667]]]}},{"type":"Feature","properties":{"c":"CDC-2528078","o":"Eastmain Resources Inc. 100%","e":""},"geometry":{"type":"Polygon","coordinates":[[[-75.65,52.275],[-75.64167,52.275],[-75.64167,52.26667],[-75.65,52.26667],[-75.65,52.275]]]}},{"type":"Feature","properties":{"c":"CDC-75917","o":"Eastmain Resources Inc. 100%","e":""},"geometry":{"type":"Polygon","coordinates":[[[-75.64167,52.25833],[-75.63333,52.25833],[-75.63333,52.25],[-75.64167,52.25],[-75.64167,52.25833]]]}},{"type":"Feature","properties":{"c":"CDC-75939","o":"Eastmain Resources Inc. 100%","e":""},"geometry":{"type":"Polygon","coordinates":[[[-75.64167,52.26667],[-75.63333,52.26667],[-75.63333,52.25833],[-75.64167,52.25833],[-75.64167,52.26667]]]}},{"type":"Feature","properties":{"c":"CDC-2528079","o":"Eastmain Resources Inc. 100%","e":""},"geometry":{"type":"Polygon","coordinates":[[[-75.64167,52.275],[-75.63333,52.275],[-75.63333,52.26667],[-75.64167,52.26667],[-75.64167,52.275]]]}},{"type":"Feature","properties":{"c":"CDC-75918","o":"Eastmain Resources Inc. 100%","e":""},"geometry":{"type":"Polygon","coordinates":[[[-75.63333,52.25833],[-75.625,52.25833],[-75.625,52.25],[-75.63333,52.25],[-75.63333,52.25833]]]}},{"type":"Feature","properties":{"c":"CDC-2528066","o":"Eastmain Resources Inc. 100%","e":""},"geometry":{"type":"Polygon","coordinates":[[[-75.63333,52.26667],[-75.625,52.26667],[-75.625,52.25833],[-75.63333,52.25833],[-75.63333,52.26667]]]}},{"type":"Feature","properties":{"c":"CDC-2528080","o":"Eastmain Resources Inc. 100%","e":""},"geometry":{"type":"Polygon","coordinates":[[[-75.63333,52.275],[-75.625,52.275],[-75.625,52.26667],[-75.63333,52.26667],[-75.63333,52.275]]]}},{"type":"Feature","properties":{"c":"CDC-75919","o":"Eastmain Resources Inc. 100%","e":""},"geometry":{"type":"Polygon","coordinates":[[[-75.625,52.25833],[-75.61667,52.25833],[-75.61667,52.25],[-75.625,52.25],[-75.625,52.25833]]]}},{"type":"Feature","properties":{"c":"CDC-2528067","o":"Eastmain Resources Inc. 100%","e":""},"geometry":{"type":"Polygon","coordinates":[[[-75.625,52.26667],[-75.61667,52.26667],[-75.61667,52.25833],[-75.625,52.25833],[-75.625,52.26667]]]}},{"type":"Feature","properties":{"c":"CDC-2528081","o":"Eastmain Resources Inc. 100%","e":""},"geometry":{"type":"Polygon","coordinates":[[[-75.625,52.275],[-75.61667,52.275],[-75.61667,52.26667],[-75.625,52.26667],[-75.625,52.275]]]}},{"type":"Feature","properties":{"c":"CDC-75920","o":"Eastmain Resources Inc. 100%","e":""},"geometry":{"type":"Polygon","coordinates":[[[-75.61667,52.25833],[-75.60833,52.25833],[-75.60833,52.25],[-75.61667,52.25],[-75.61667,52.25833]]]}},{"type":"Feature","properties":{"c":"CDC-2528068","o":"Eastmain Resources Inc. 100%","e":""},"geometry":{"type":"Polygon","coordinates":[[[-75.61667,52.26667],[-75.60833,52.26667],[-75.60833,52.25833],[-75.61667,52.25833],[-75.61667,52.26667]]]}},{"type":"Feature","properties":{"c":"CDC-2528082","o":"Eastmain Resources Inc. 100%","e":""},"geometry":{"type":"Polygon","coordinates":[[[-75.61667,52.275],[-75.60833,52.275],[-75.60833,52.26667],[-75.61667,52.26667],[-75.61667,52.275]]]}},{"type":"Feature","properties":{"c":"CDC-75921","o":"Eastmain Resources Inc. 100%","e":""},"geometry":{"type":"Polygon","coordinates":[[[-75.60833,52.25833],[-75.6,52.25833],[-75.6,52.25],[-75.60833,52.25],[-75.60833,52.25833]]]}},{"type":"Feature","properties":{"c":"CDC-2528069","o":"Eastmain Resources Inc. 100%","e":""},"geometry":{"type":"Polygon","coordinates":[[[-75.60833,52.26667],[-75.6,52.26667],[-75.6,52.25833],[-75.60833,52.25833],[-75.60833,52.26667]]]}},{"type":"Feature","properties":{"c":"CDC-2528083","o":"Eastmain Resources Inc. 100%","e":""},"geometry":{"type":"Polygon","coordinates":[[[-75.60833,52.275],[-75.6,52.275],[-75.6,52.26667],[-75.60833,52.26667],[-75.60833,52.275]]]}},{"type":"Feature","properties":{"c":"CDC-75922","o":"Eastmain Resources Inc. 100%","e":""},"geometry":{"type":"Polygon","coordinates":[[[-75.6,52.25833],[-75.59167,52.25833],[-75.59167,52.25],[-75.6,52.25],[-75.6,52.25833]]]}},{"type":"Feature","properties":{"c":"CDC-2528070","o":"Eastmain Resources Inc. 100%","e":""},"geometry":{"type":"Polygon","coordinates":[[[-75.6,52.26667],[-75.59167,52.26667],[-75.59167,52.25833],[-75.6,52.25833],[-75.6,52.26667]]]}},{"type":"Feature","properties":{"c":"CDC-2528084","o":"Eastmain Resources Inc. 100%","e":""},"geometry":{"type":"Polygon","coordinates":[[[-75.6,52.275],[-75.59167,52.275],[-75.59167,52.26667],[-75.6,52.26667],[-75.6,52.275]]]}},{"type":"Feature","properties":{"c":"CDC-2445611","o":"Eastmain Resources Inc. 100%","e":""},"geometry":{"type":"Polygon","coordinates":[[[-75.6,52.3],[-75.59167,52.3],[-75.59167,52.29167],[-75.6,52.29167],[-75.6,52.3]]]}},{"type":"Feature","properties":{"c":"CDC-2445623","o":"Eastmain Resources Inc. 100%","e":""},"geometry":{"type":"Polygon","coordinates":[[[-75.6,52.30833],[-75.59167,52.30833],[-75.59167,52.3],[-75.6,52.3],[-75.6,52.30833]]]}},{"type":"Feature","properties":{"c":"CDC-75923","o":"Eastmain Resources Inc. 100%","e":""},"geometry":{"type":"Polygon","coordinates":[[[-75.59167,52.25833],[-75.58333,52.25833],[-75.58333,52.25],[-75.59167,52.25],[-75.59167,52.25833]]]}},{"type":"Feature","properties":{"c":"CDC-2528071","o":"Eastmain Resources Inc. 100%","e":""},"geometry":{"type":"Polygon","coordinates":[[[-75.59167,52.26667],[-75.58333,52.26667],[-75.58333,52.25833],[-75.59167,52.25833],[-75.59167,52.26667]]]}},{"type":"Feature","properties":{"c":"CDC-2528085","o":"Eastmain Resources Inc. 100%","e":""},"geometry":{"type":"Polygon","coordinates":[[[-75.59167,52.275],[-75.58333,52.275],[-75.58333,52.26667],[-75.59167,52.26667],[-75.59167,52.275]]]}},{"type":"Feature","properties":{"c":"CDC-2445043","o":"Eastmain Resources Inc. 100%","e":""},"geometry":{"type":"Polygon","coordinates":[[[-75.50833,52.25833],[-75.5,52.25833],[-75.5,52.25],[-75.50833,52.25],[-75.50833,52.25833]]]}},{"type":"Feature","properties":{"c":"CDC-2445042","o":"Eastmain Resources Inc. 100%","e":""},"geometry":{"type":"Polygon","coordinates":[[[-75.51667,52.25833],[-75.50833,52.25833],[-75.50833,52.25],[-75.51667,52.25],[-75.51667,52.25833]]]}},{"type":"Feature","properties":{"c":"CDC-75931","o":"Eastmain Resources Inc. 100%","e":""},"geometry":{"type":"Polygon","coordinates":[[[-75.525,52.25833],[-75.51667,52.25833],[-75.51667,52.25],[-75.525,52.25],[-75.525,52.25833]]]}},{"type":"Feature","properties":{"c":"CDC-75930","o":"Eastmain Resources Inc. 100%","e":""},"geometry":{"type":"Polygon","coordinates":[[[-75.53333,52.25833],[-75.525,52.25833],[-75.525,52.25],[-75.53333,52.25],[-75.53333,52.25833]]]}},{"type":"Feature","properties":{"c":"CDC-75929","o":"Eastmain Resources Inc. 100%","e":""},"geometry":{"type":"Polygon","coordinates":[[[-75.54167,52.25833],[-75.53333,52.25833],[-75.53333,52.25],[-75.54167,52.25],[-75.54167,52.25833]]]}},{"type":"Feature","properties":{"c":"CDC-75928","o":"Eastmain Resources Inc. 100%","e":""},"geometry":{"type":"Polygon","coordinates":[[[-75.55,52.25833],[-75.54167,52.25833],[-75.54167,52.25],[-75.55,52.25],[-75.55,52.25833]]]}},{"type":"Feature","properties":{"c":"CDC-2445593","o":"Eastmain Resources Inc. 100%","e":""},"geometry":{"type":"Polygon","coordinates":[[[-75.50833,52.26667],[-75.5,52.26667],[-75.5,52.25833],[-75.50833,52.25833],[-75.50833,52.26667]]]}},{"type":"Feature","properties":{"c":"CDC-2445592","o":"Eastmain Resources Inc. 100%","e":""},"geometry":{"type":"Polygon","coordinates":[[[-75.51667,52.26667],[-75.50833,52.26667],[-75.50833,52.25833],[-75.51667,52.25833],[-75.51667,52.26667]]]}},{"type":"Feature","properties":{"c":"CDC-2445591","o":"Eastmain Resources Inc. 100%","e":""},"geometry":{"type":"Polygon","coordinates":[[[-75.525,52.26667],[-75.51667,52.26667],[-75.51667,52.25833],[-75.525,52.25833],[-75.525,52.26667]]]}},{"type":"Feature","properties":{"c":"CDC-2445590","o":"Eastmain Resources Inc. 100%","e":""},"geometry":{"type":"Polygon","coordinates":[[[-75.53333,52.26667],[-75.525,52.26667],[-75.525,52.25833],[-75.53333,52.25833],[-75.53333,52.26667]]]}},{"type":"Feature","properties":{"c":"CDC-2445589","o":"Eastmain Resources Inc. 100%","e":""},"geometry":{"type":"Polygon","coordinates":[[[-75.54167,52.26667],[-75.53333,52.26667],[-75.53333,52.25833],[-75.54167,52.25833],[-75.54167,52.26667]]]}},{"type":"Feature","properties":{"c":"CDC-2528076","o":"Eastmain Resources Inc. 100%","e":""},"geometry":{"type":"Polygon","coordinates":[[[-75.55,52.26667],[-75.54167,52.26667],[-75.54167,52.25833],[-75.55,52.25833],[-75.55,52.26667]]]}},{"type":"Feature","properties":{"c":"CDC-2445598","o":"Eastmain Resources Inc. 100%","e":""},"geometry":{"type":"Polygon","coordinates":[[[-75.50833,52.275],[-75.5,52.275],[-75.5,52.26667],[-75.50833,52.26667],[-75.50833,52.275]]]}},{"type":"Feature","properties":{"c":"CDC-2445597","o":"Eastmain Resources Inc. 100%","e":""},"geometry":{"type":"Polygon","coordinates":[[[-75.51667,52.275],[-75.50833,52.275],[-75.50833,52.26667],[-75.51667,52.26667],[-75.51667,52.275]]]}},{"type":"Feature","properties":{"c":"CDC-2445596","o":"Eastmain Resources Inc. 100%","e":""},"geometry":{"type":"Polygon","coordinates":[[[-75.525,52.275],[-75.51667,52.275],[-75.51667,52.26667],[-75.525,52.26667],[-75.525,52.275]]]}},{"type":"Feature","properties":{"c":"CDC-2445595","o":"Eastmain Resources Inc. 100%","e":""},"geometry":{"type":"Polygon","coordinates":[[[-75.53333,52.275],[-75.525,52.275],[-75.525,52.26667],[-75.53333,52.26667],[-75.53333,52.275]]]}},{"type":"Feature","properties":{"c":"CDC-2445594","o":"Eastmain Resources Inc. 100%","e":""},"geometry":{"type":"Polygon","coordinates":[[[-75.54167,52.275],[-75.53333,52.275],[-75.53333,52.26667],[-75.54167,52.26667],[-75.54167,52.275]]]}},{"type":"Feature","properties":{"c":"CDC-2528090","o":"Eastmain Resources Inc. 100%","e":""},"geometry":{"type":"Polygon","coordinates":[[[-75.55,52.275],[-75.54167,52.275],[-75.54167,52.26667],[-75.55,52.26667],[-75.55,52.275]]]}},{"type":"Feature","properties":{"c":"CDC-2445603","o":"Eastmain Resources Inc. 100%","e":""},"geometry":{"type":"Polygon","coordinates":[[[-75.50833,52.28333],[-75.5,52.28333],[-75.5,52.275],[-75.50833,52.275],[-75.50833,52.28333]]]}},{"type":"Feature","properties":{"c":"CDC-2445602","o":"Eastmain Resources Inc. 100%","e":""},"geometry":{"type":"Polygon","coordinates":[[[-75.51667,52.28333],[-75.50833,52.28333],[-75.50833,52.275],[-75.51667,52.275],[-75.51667,52.28333]]]}},{"type":"Feature","properties":{"c":"CDC-2445601","o":"Eastmain Resources Inc. 100%","e":""},"geometry":{"type":"Polygon","coordinates":[[[-75.525,52.28333],[-75.51667,52.28333],[-75.51667,52.275],[-75.525,52.275],[-75.525,52.28333]]]}},{"type":"Feature","properties":{"c":"CDC-2445600","o":"Eastmain Resources Inc. 100%","e":""},"geometry":{"type":"Polygon","coordinates":[[[-75.53333,52.28333],[-75.525,52.28333],[-75.525,52.275],[-75.53333,52.275],[-75.53333,52.28333]]]}},{"type":"Feature","properties":{"c":"CDC-1132572","o":"Eastmain Resources Inc. 100%","e":""},"geometry":{"type":"Polygon","coordinates":[[[-75.71667,52.2],[-75.71667,52.19167],[-75.725,52.19167],[-75.725,52.2],[-75.71667,52.2]]]}},{"type":"Feature","properties":{"c":"CDC-1132571","o":"Eastmain Resources Inc. 100%","e":""},"geometry":{"type":"Polygon","coordinates":[[[-75.725,52.2],[-75.725,52.19167],[-75.73333,52.19167],[-75.73333,52.2],[-75.725,52.2]]]}},{"type":"Feature","properties":{"c":"CDC-1132570","o":"Eastmain Resources Inc. 100%","e":""},"geometry":{"type":"Polygon","coordinates":[[[-75.73333,52.2],[-75.73333,52.19167],[-75.74167,52.19167],[-75.74167,52.2],[-75.73333,52.2]]]}},{"type":"Feature","properties":{"c":"CDC-1132569","o":"Eastmain Resources Inc. 100%","e":""},"geometry":{"type":"Polygon","coordinates":[[[-75.74167,52.2],[-75.74167,52.19167],[-75.75,52.19167],[-75.75,52.2],[-75.74167,52.2]]]}},{"type":"Feature","properties":{"c":"CDC-1132568","o":"Eastmain Resources Inc. 100%","e":""},"geometry":{"type":"Polygon","coordinates":[[[-75.75833,52.19167],[-75.75833,52.19183],[-75.7541,52.19187],[-75.75417,52.19542],[-75.75425,52.2],[-75.75,52.2],[-75.75,52.19167],[-75.75833,52.19167]]]}},{"type":"Feature","properties":{"c":"CDC-1132604","o":"Eastmain Resources Inc. 100%","e":""},"geometry":{"type":"Polygon","coordinates":[[[-75.69167,52.20833],[-75.69167,52.2],[-75.7,52.2],[-75.7,52.20833],[-75.69167,52.20833]]]}},{"type":"Feature","properties":{"c":"CDC-1132603","o":"Eastmain Resources Inc. 100%","e":""},"geometry":{"type":"Polygon","coordinates":[[[-75.7,52.20833],[-75.7,52.2],[-75.70833,52.2],[-75.70833,52.20833],[-75.7,52.20833]]]}},{"type":"Feature","properties":{"c":"CDC-1132602","o":"Eastmain Resources Inc. 100%","e":""},"geometry":{"type":"Polygon","coordinates":[[[-75.70833,52.20833],[-75.70833,52.2],[-75.71667,52.2],[-75.71667,52.20833],[-75.70833,52.20833]]]}},{"type":"Feature","properties":{"c":"CDC-1132601","o":"Eastmain Resources Inc. 100%","e":""},"geometry":{"type":"Polygon","coordinates":[[[-75.71667,52.20833],[-75.71667,52.2],[-75.725,52.2],[-75.725,52.20833],[-75.71667,52.20833]]]}},{"type":"Feature","properties":{"c":"CDC-1132600","o":"Eastmain Resources Inc. 100%","e":""},"geometry":{"type":"Polygon","coordinates":[[[-75.725,52.20833],[-75.725,52.2],[-75.73333,52.2],[-75.73333,52.20833],[-75.725,52.20833]]]}},{"type":"Feature","properties":{"c":"CDC-1132599","o":"Eastmain Resources Inc. 100%","e":""},"geometry":{"type":"Polygon","coordinates":[[[-75.73333,52.20833],[-75.73333,52.2],[-75.74167,52.2],[-75.74167,52.20833],[-75.73333,52.20833]]]}},{"type":"Feature","properties":{"c":"CDC-1132598","o":"Eastmain Resources Inc. 100%","e":""},"geometry":{"type":"Polygon","coordinates":[[[-75.74167,52.20833],[-75.74167,52.2],[-75.75,52.2],[-75.75,52.20833],[-75.74167,52.20833]]]}},{"type":"Feature","properties":{"c":"CDC-1132597","o":"Eastmain Resources Inc. 100%","e":""},"geometry":{"type":"Polygon","coordinates":[[[-75.75833,52.20833],[-75.75,52.20833],[-75.75,52.2],[-75.75425,52.2],[-75.75428,52.20195],[-75.75833,52.20192],[-75.75833,52.20833]]]}},{"type":"Feature","properties":{"c":"CDC-1132636","o":"Eastmain Resources Inc. 100%","e":""},"geometry":{"type":"Polygon","coordinates":[[[-75.69167,52.21667],[-75.69167,52.20833],[-75.7,52.20833],[-75.7,52.21667],[-75.69167,52.21667]]]}},{"type":"Feature","properties":{"c":"CDC-1132635","o":"Eastmain Resources Inc. 100%","e":""},"geometry":{"type":"Polygon","coordinates":[[[-75.7,52.21667],[-75.7,52.20833],[-75.70833,52.20833],[-75.70833,52.21667],[-75.7,52.21667]]]}},{"type":"Feature","properties":{"c":"CDC-1132634","o":"Eastmain Resources Inc. 100%","e":""},"geometry":{"type":"Polygon","coordinates":[[[-75.70833,52.21667],[-75.70833,52.20833],[-75.71667,52.20833],[-75.71667,52.21667],[-75.70833,52.21667]]]}},{"type":"Feature","properties":{"c":"CDC-1132633","o":"Eastmain Resources Inc. 100%","e":""},"geometry":{"type":"Polygon","coordinates":[[[-75.71667,52.21667],[-75.71667,52.20833],[-75.725,52.20833],[-75.725,52.21667],[-75.71667,52.21667]]]}},{"type":"Feature","properties":{"c":"CDC-1132632","o":"Eastmain Resources Inc. 100%","e":""},"geometry":{"type":"Polygon","coordinates":[[[-75.725,52.21667],[-75.725,52.20833],[-75.73333,52.20833],[-75.73333,52.21667],[-75.725,52.21667]]]}},{"type":"Feature","properties":{"c":"CDC-1132631","o":"Eastmain Resources Inc. 100%","e":""},"geometry":{"type":"Polygon","coordinates":[[[-75.73333,52.21667],[-75.73333,52.20833],[-75.74167,52.20833],[-75.74167,52.21667],[-75.73333,52.21667]]]}},{"type":"Feature","properties":{"c":"CDC-1132630","o":"Eastmain Resources Inc. 100%","e":""},"geometry":{"type":"Polygon","coordinates":[[[-75.74167,52.21667],[-75.74167,52.20833],[-75.75,52.20833],[-75.75,52.21667],[-75.74167,52.21667]]]}},{"type":"Feature","properties":{"c":"CDC-1132629","o":"Eastmain Resources Inc. 100%","e":""},"geometry":{"type":"Polygon","coordinates":[[[-75.75,52.21667],[-75.75,52.20833],[-75.75833,52.20833],[-75.75833,52.21667],[-75.75,52.21667]]]}},{"type":"Feature","properties":{"c":"CDC-86833","o":"Eastmain Resources Inc. 100%","e":""},"geometry":{"type":"Polygon","coordinates":[[[-75.69167,52.225],[-75.69167,52.21667],[-75.7,52.21667],[-75.7,52.225],[-75.69167,52.225]]]}},{"type":"Feature","properties":{"c":"CDC-86832","o":"Eastmain Resources Inc. 100%","e":""},"geometry":{"type":"Polygon","coordinates":[[[-75.7,52.225],[-75.7,52.21667],[-75.70833,52.21667],[-75.70833,52.225],[-75.7,52.225]]]}},{"type":"Feature","properties":{"c":"CDC-86831","o":"Eastmain Resources Inc. 100%","e":""},"geometry":{"type":"Polygon","coordinates":[[[-75.70833,52.225],[-75.70833,52.21667],[-75.71667,52.21667],[-75.71667,52.225],[-75.70833,52.225]]]}},{"type":"Feature","properties":{"c":"CDC-1132663","o":"Eastmain Resources Inc. 100%","e":""},"geometry":{"type":"Polygon","coordinates":[[[-75.71667,52.225],[-75.71667,52.21667],[-75.725,52.21667],[-75.725,52.225],[-75.71667,52.225]]]}},{"type":"Feature","properties":{"c":"CDC-1132662","o":"Eastmain Resources Inc. 100%","e":""},"geometry":{"type":"Polygon","coordinates":[[[-75.725,52.225],[-75.725,52.21667],[-75.73333,52.21667],[-75.73333,52.225],[-75.725,52.225]]]}},{"type":"Feature","properties":{"c":"CDC-1132661","o":"Eastmain Resources Inc. 100%","e":""},"geometry":{"type":"Polygon","coordinates":[[[-75.73333,52.225],[-75.73333,52.21667],[-75.74167,52.21667],[-75.74167,52.225],[-75.73333,52.225]]]}},{"type":"Feature","properties":{"c":"CDC-2503967","o":"Exploration Midland inc. 100%","e":""},"geometry":{"type":"Polygon","coordinates":[[[-75.75,52.16667],[-75.75,52.15833],[-75.75833,52.15833],[-75.75833,52.16667],[-75.75,52.16667]]]}},{"type":"Feature","properties":{"c":"CDC-2503966","o":"Exploration Midland inc. 100%","e":""},"geometry":{"type":"Polygon","coordinates":[[[-75.75833,52.16667],[-75.75833,52.15833],[-75.76667,52.15833],[-75.76667,52.16667],[-75.75833,52.16667]]]}},{"type":"Feature","properties":{"c":"CDC-2503965","o":"Exploration Midland inc. 100%","e":""},"geometry":{"type":"Polygon","coordinates":[[[-75.76667,52.16667],[-75.76667,52.15833],[-75.775,52.15833],[-75.775,52.16667],[-75.76667,52.16667]]]}},{"type":"Feature","properties":{"c":"CDC-2503964","o":"Exploration Midland inc. 100%","e":""},"geometry":{"type":"Polygon","coordinates":[[[-75.775,52.16667],[-75.775,52.15833],[-75.78333,52.15833],[-75.78333,52.16667],[-75.775,52.16667]]]}},{"type":"Feature","properties":{"c":"CDC-2503980","o":"Exploration Midland inc. 100%","e":""},"geometry":{"type":"Polygon","coordinates":[[[-75.71667,52.175],[-75.71667,52.16667],[-75.725,52.16667],[-75.725,52.175],[-75.71667,52.175]]]}},{"type":"Feature","properties":{"c":"CDC-2503979","o":"Exploration Midland inc. 100%","e":""},"geometry":{"type":"Polygon","coordinates":[[[-75.725,52.175],[-75.725,52.16667],[-75.73333,52.16667],[-75.73333,52.175],[-75.725,52.175]]]}},{"type":"Feature","properties":{"c":"CDC-2503978","o":"Exploration Midland inc. 100%","e":""},"geometry":{"type":"Polygon","coordinates":[[[-75.73333,52.175],[-75.73333,52.16667],[-75.74167,52.16667],[-75.74167,52.175],[-75.73333,52.175]]]}},{"type":"Feature","properties":{"c":"CDC-2503977","o":"Exploration Midland inc. 100%","e":""},"geometry":{"type":"Polygon","coordinates":[[[-75.74167,52.175],[-75.74167,52.16667],[-75.75,52.16667],[-75.75,52.175],[-75.74167,52.175]]]}},{"type":"Feature","properties":{"c":"CDC-2503976","o":"Exploration Midland inc. 100%","e":""},"geometry":{"type":"Polygon","coordinates":[[[-75.75,52.175],[-75.75,52.16667],[-75.75833,52.16667],[-75.75833,52.175],[-75.75,52.175]]]}},{"type":"Feature","properties":{"c":"CDC-2503975","o":"Exploration Midland inc. 100%","e":""},"geometry":{"type":"Polygon","coordinates":[[[-75.75833,52.175],[-75.75833,52.16667],[-75.76667,52.16667],[-75.76667,52.175],[-75.75833,52.175]]]}},{"type":"Feature","properties":{"c":"CDC-2503974","o":"Exploration Midland inc. 100%","e":""},"geometry":{"type":"Polygon","coordinates":[[[-75.76667,52.175],[-75.76667,52.16667],[-75.775,52.16667],[-75.775,52.175],[-75.76667,52.175]]]}},{"type":"Feature","properties":{"c":"CDC-2503973","o":"Exploration Midland inc. 100%","e":""},"geometry":{"type":"Polygon","coordinates":[[[-75.775,52.175],[-75.775,52.16667],[-75.78333,52.16667],[-75.78333,52.175],[-75.775,52.175]]]}},{"type":"Feature","properties":{"c":"CDC-2503988","o":"Exploration Midland inc. 100%","e":""},"geometry":{"type":"Polygon","coordinates":[[[-75.71667,52.18333],[-75.71667,52.175],[-75.725,52.175],[-75.725,52.18333],[-75.71667,52.18333]]]}},{"type":"Feature","properties":{"c":"CDC-2503987","o":"Exploration Midland inc. 100%","e":""},"geometry":{"type":"Polygon","coordinates":[[[-75.725,52.18333],[-75.725,52.175],[-75.73333,52.175],[-75.73333,52.18333],[-75.725,52.18333]]]}},{"type":"Feature","properties":{"c":"CDC-2503986","o":"Exploration Midland inc. 100%","e":""},"geometry":{"type":"Polygon","coordinates":[[[-75.73333,52.18333],[-75.73333,52.175],[-75.74167,52.175],[-75.74167,52.18333],[-75.73333,52.18333]]]}},{"type":"Feature","properties":{"c":"CDC-2503985","o":"Exploration Midland inc. 100%","e":""},"geometry":{"type":"Polygon","coordinates":[[[-75.74167,52.18333],[-75.74167,52.175],[-75.75,52.175],[-75.75,52.18333],[-75.74167,52.18333]]]}},{"type":"Feature","properties":{"c":"CDC-2503984","o":"Exploration Midland inc. 100%","e":""},"geometry":{"type":"Polygon","coordinates":[[[-75.75,52.18333],[-75.75,52.175],[-75.75833,52.175],[-75.75833,52.18333],[-75.75,52.18333]]]}},{"type":"Feature","properties":{"c":"CDC-2503983","o":"Exploration Midland inc. 100%","e":""},"geometry":{"type":"Polygon","coordinates":[[[-75.75833,52.18333],[-75.75833,52.175],[-75.76667,52.175],[-75.76667,52.18333],[-75.75833,52.18333]]]}},{"type":"Feature","properties":{"c":"CDC-2503982","o":"Exploration Midland inc. 100%","e":""},"geometry":{"type":"Polygon","coordinates":[[[-75.76667,52.18333],[-75.76667,52.175],[-75.775,52.175],[-75.775,52.18333],[-75.76667,52.18333]]]}},{"type":"Feature","properties":{"c":"CDC-2503981","o":"Exploration Midland inc. 100%","e":""},"geometry":{"type":"Polygon","coordinates":[[[-75.775,52.18333],[-75.775,52.175],[-75.78333,52.175],[-75.78333,52.18333],[-75.775,52.18333]]]}},{"type":"Feature","properties":{"c":"CDC-1132559","o":"Eastmain Resources Inc. 100%","e":""},"geometry":{"type":"Polygon","coordinates":[[[-75.725,52.19167],[-75.725,52.18333],[-75.73333,52.18333],[-75.73333,52.19167],[-75.725,52.19167]]]}},{"type":"Feature","properties":{"c":"CDC-1132558","o":"Eastmain Resources Inc. 100%","e":""},"geometry":{"type":"Polygon","coordinates":[[[-75.73333,52.19167],[-75.73333,52.18333],[-75.74167,52.18333],[-75.74167,52.19167],[-75.73333,52.19167]]]}},{"type":"Feature","properties":{"c":"CDC-2503992","o":"Exploration Midland inc. 100%","e":""},"geometry":{"type":"Polygon","coordinates":[[[-75.74167,52.19167],[-75.74167,52.18333],[-75.75,52.18333],[-75.75,52.19167],[-75.74167,52.19167]]]}},{"type":"Feature","properties":{"c":"CDC-2503991","o":"Exploration Midland inc. 100%","e":""},"geometry":{"type":"Polygon","coordinates":[[[-75.75,52.19167],[-75.75,52.18333],[-75.75833,52.18333],[-75.75833,52.19167],[-75.75,52.19167]]]}},{"type":"Feature","properties":{"c":"CDC-2503990","o":"Exploration Midland inc. 100%","e":""},"geometry":{"type":"Polygon","coordinates":[[[-75.75833,52.19167],[-75.75833,52.18333],[-75.76667,52.18333],[-75.76667,52.19167],[-75.75833,52.19167]]]}},{"type":"Feature","properties":{"c":"CDC-2504090","o":"Exploration Midland inc. 100%","e":""},"geometry":{"type":"Polygon","coordinates":[[[-75.775,52.18333],[-75.775,52.19165],[-75.77375,52.19167],[-75.76667,52.19167],[-75.76667,52.18333],[-75.775,52.18333]]]}},{"type":"Feature","properties":{"c":"CDC-2504089","o":"Exploration Midland inc. 100%","e":""},"geometry":{"type":"Polygon","coordinates":[[[-75.78333,52.18333],[-75.78333,52.19156],[-75.775,52.19165],[-75.775,52.18333],[-75.78333,52.18333]]]}},{"type":"Feature","properties":{"c":"CDC-2503944","o":"Exploration Midland inc. 100%","e":""},"geometry":{"type":"Polygon","coordinates":[[[-75.725,52.14167],[-75.725,52.13333],[-75.73333,52.13333],[-75.73333,52.14167],[-75.725,52.14167]]]}},{"type":"Feature","properties":{"c":"CDC-2503943","o":"Exploration Midland inc. 100%","e":""},"geometry":{"type":"Polygon","coordinates":[[[-75.73333,52.14167],[-75.73333,52.13333],[-75.74167,52.13333],[-75.74167,52.14167],[-75.73333,52.14167]]]}},{"type":"Feature","properties":{"c":"CDC-2503942","o":"Exploration Midland inc. 100%","e":""},"geometry":{"type":"Polygon","coordinates":[[[-75.74167,52.14167],[-75.74167,52.13333],[-75.75,52.13333],[-75.75,52.14167],[-75.74167,52.14167]]]}},{"type":"Feature","properties":{"c":"CDC-2503941","o":"Exploration Midland inc. 100%","e":""},"geometry":{"type":"Polygon","coordinates":[[[-75.75,52.14167],[-75.75,52.13333],[-75.75833,52.13333],[-75.75833,52.14167],[-75.75,52.14167]]]}},{"type":"Feature","properties":{"c":"CDC-2503940","o":"Exploration Midland inc. 100%","e":""},"geometry":{"type":"Polygon","coordinates":[[[-75.75833,52.14167],[-75.75833,52.13333],[-75.76667,52.13333],[-75.76667,52.14167],[-75.75833,52.14167]]]}},{"type":"Feature","properties":{"c":"CDC-2503939","o":"Exploration Midland inc. 100%","e":""},"geometry":{"type":"Polygon","coordinates":[[[-75.76667,52.14167],[-75.76667,52.13333],[-75.775,52.13333],[-75.775,52.14167],[-75.76667,52.14167]]]}},{"type":"Feature","properties":{"c":"CDC-2503938","o":"Exploration Midland inc. 100%","e":""},"geometry":{"type":"Polygon","coordinates":[[[-75.775,52.14167],[-75.775,52.13333],[-75.78333,52.13333],[-75.78333,52.14167],[-75.775,52.14167]]]}},{"type":"Feature","properties":{"c":"CDC-2503953","o":"Exploration Midland inc. 100%","e":""},"geometry":{"type":"Polygon","coordinates":[[[-75.71667,52.15],[-75.71667,52.14167],[-75.725,52.14167],[-75.725,52.15],[-75.71667,52.15]]]}},{"type":"Feature","properties":{"c":"CDC-2503952","o":"Exploration Midland inc. 100%","e":""},"geometry":{"type":"Polygon","coordinates":[[[-75.725,52.15],[-75.725,52.14167],[-75.73333,52.14167],[-75.73333,52.15],[-75.725,52.15]]]}},{"type":"Feature","properties":{"c":"CDC-2503951","o":"Exploration Midland inc. 100%","e":""},"geometry":{"type":"Polygon","coordinates":[[[-75.73333,52.15],[-75.73333,52.14167],[-75.74167,52.14167],[-75.74167,52.15],[-75.73333,52.15]]]}},{"type":"Feature","properties":{"c":"CDC-2503950","o":"Exploration Midland inc. 100%","e":""},"geometry":{"type":"Polygon","coordinates":[[[-75.74167,52.15],[-75.74167,52.14167],[-75.75,52.14167],[-75.75,52.15],[-75.74167,52.15]]]}},{"type":"Feature","properties":{"c":"CDC-2503949","o":"Exploration Midland inc. 100%","e":""},"geometry":{"type":"Polygon","coordinates":[[[-75.75,52.15],[-75.75,52.14167],[-75.75833,52.14167],[-75.75833,52.15],[-75.75,52.15]]]}},{"type":"Feature","properties":{"c":"CDC-2503948","o":"Exploration Midland inc. 100%","e":""},"geometry":{"type":"Polygon","coordinates":[[[-75.75833,52.15],[-75.75833,52.14167],[-75.76667,52.14167],[-75.76667,52.15],[-75.75833,52.15]]]}},{"type":"Feature","properties":{"c":"CDC-2503947","o":"Exploration Midland inc. 100%","e":""},"geometry":{"type":"Polygon","coordinates":[[[-75.76667,52.15],[-75.76667,52.14167],[-75.775,52.14167],[-75.775,52.15],[-75.76667,52.15]]]}},{"type":"Feature","properties":{"c":"CDC-2503946","o":"Exploration Midland inc. 100%","e":""},"geometry":{"type":"Polygon","coordinates":[[[-75.775,52.15],[-75.775,52.14167],[-75.78333,52.14167],[-75.78333,52.15],[-75.775,52.15]]]}},{"type":"Feature","properties":{"c":"CDC-2503962","o":"Exploration Midland inc. 100%","e":""},"geometry":{"type":"Polygon","coordinates":[[[-75.71667,52.15833],[-75.71667,52.15],[-75.725,52.15],[-75.725,52.15833],[-75.71667,52.15833]]]}},{"type":"Feature","properties":{"c":"CDC-2503961","o":"Exploration Midland inc. 100%","e":""},"geometry":{"type":"Polygon","coordinates":[[[-75.725,52.15833],[-75.725,52.15],[-75.73333,52.15],[-75.73333,52.15833],[-75.725,52.15833]]]}},{"type":"Feature","properties":{"c":"CDC-2503960","o":"Exploration Midland inc. 100%","e":""},"geometry":{"type":"Polygon","coordinates":[[[-75.73333,52.15833],[-75.73333,52.15],[-75.74167,52.15],[-75.74167,52.15833],[-75.73333,52.15833]]]}},{"type":"Feature","properties":{"c":"CDC-2503959","o":"Exploration Midland inc. 100%","e":""},"geometry":{"type":"Polygon","coordinates":[[[-75.74167,52.15833],[-75.74167,52.15],[-75.75,52.15],[-75.75,52.15833],[-75.74167,52.15833]]]}},{"type":"Feature","properties":{"c":"CDC-2503958","o":"Exploration Midland inc. 100%","e":""},"geometry":{"type":"Polygon","coordinates":[[[-75.75,52.15833],[-75.75,52.15],[-75.75833,52.15],[-75.75833,52.15833],[-75.75,52.15833]]]}},{"type":"Feature","properties":{"c":"CDC-2503957","o":"Exploration Midland inc. 100%","e":""},"geometry":{"type":"Polygon","coordinates":[[[-75.75833,52.15833],[-75.75833,52.15],[-75.76667,52.15],[-75.76667,52.15833],[-75.75833,52.15833]]]}},{"type":"Feature","properties":{"c":"CDC-2503956","o":"Exploration Midland inc. 100%","e":""},"geometry":{"type":"Polygon","coordinates":[[[-75.76667,52.15833],[-75.76667,52.15],[-75.775,52.15],[-75.775,52.15833],[-75.76667,52.15833]]]}},{"type":"Feature","properties":{"c":"CDC-2503955","o":"Exploration Midland inc. 100%","e":""},"geometry":{"type":"Polygon","coordinates":[[[-75.775,52.15833],[-75.775,52.15],[-75.78333,52.15],[-75.78333,52.15833],[-75.775,52.15833]]]}},{"type":"Feature","properties":{"c":"CDC-2503971","o":"Exploration Midland inc. 100%","e":""},"geometry":{"type":"Polygon","coordinates":[[[-75.71667,52.16667],[-75.71667,52.15833],[-75.725,52.15833],[-75.725,52.16667],[-75.71667,52.16667]]]}},{"type":"Feature","properties":{"c":"CDC-2503970","o":"Exploration Midland inc. 100%","e":""},"geometry":{"type":"Polygon","coordinates":[[[-75.725,52.16667],[-75.725,52.15833],[-75.73333,52.15833],[-75.73333,52.16667],[-75.725,52.16667]]]}},{"type":"Feature","properties":{"c":"CDC-2503969","o":"Exploration Midland inc. 100%","e":""},"geometry":{"type":"Polygon","coordinates":[[[-75.73333,52.16667],[-75.73333,52.15833],[-75.74167,52.15833],[-75.74167,52.16667],[-75.73333,52.16667]]]}},{"type":"Feature","properties":{"c":"CDC-2503968","o":"Exploration Midland inc. 100%","e":""},"geometry":{"type":"Polygon","coordinates":[[[-75.74167,52.16667],[-75.74167,52.15833],[-75.75,52.15833],[-75.75,52.16667],[-75.74167,52.16667]]]}},{"type":"Feature","properties":{"c":"CDC-2648556","o":"Exploration Midland inc. 100%","e":""},"geometry":{"type":"Polygon","coordinates":[[[-75.7,52.11667],[-75.7,52.10833],[-75.70833,52.10833],[-75.70833,52.11667],[-75.7,52.11667]]]}},{"type":"Feature","properties":{"c":"CDC-2648555","o":"Exploration Midland inc. 100%","e":""},"geometry":{"type":"Polygon","coordinates":[[[-75.70833,52.11667],[-75.70833,52.10833],[-75.71667,52.10833],[-75.71667,52.11667],[-75.70833,52.11667]]]}},{"type":"Feature","properties":{"c":"CDC-2648554","o":"Exploration Midland inc. 100%","e":""},"geometry":{"type":"Polygon","coordinates":[[[-75.71667,52.11667],[-75.71667,52.10833],[-75.725,52.10833],[-75.725,52.11667],[-75.71667,52.11667]]]}},{"type":"Feature","properties":{"c":"CDC-2648553","o":"Exploration Midland inc. 100%","e":""},"geometry":{"type":"Polygon","coordinates":[[[-75.725,52.11667],[-75.725,52.10833],[-75.73333,52.10833],[-75.73333,52.11667],[-75.725,52.11667]]]}},{"type":"Feature","properties":{"c":"CDC-2701490","o":"Exploration Midland inc. 100%","e":""},"geometry":{"type":"Polygon","coordinates":[[[-75.73333,52.11667],[-75.73333,52.10833],[-75.74167,52.10833],[-75.74167,52.11667],[-75.73333,52.11667]]]}},{"type":"Feature","properties":{"c":"CDC-2701489","o":"Exploration Midland inc. 100%","e":""},"geometry":{"type":"Polygon","coordinates":[[[-75.74167,52.11667],[-75.74167,52.10833],[-75.75,52.10833],[-75.75,52.11667],[-75.74167,52.11667]]]}},{"type":"Feature","properties":{"c":"CDC-2648567","o":"Exploration Midland inc. 100%","e":""},"geometry":{"type":"Polygon","coordinates":[[[-75.675,52.125],[-75.675,52.11667],[-75.68333,52.11667],[-75.68333,52.125],[-75.675,52.125]]]}},{"type":"Feature","properties":{"c":"CDC-2648566","o":"Exploration Midland inc. 100%","e":""},"geometry":{"type":"Polygon","coordinates":[[[-75.68333,52.125],[-75.68333,52.11667],[-75.69167,52.11667],[-75.69167,52.125],[-75.68333,52.125]]]}},{"type":"Feature","properties":{"c":"CDC-2648565","o":"Exploration Midland inc. 100%","e":""},"geometry":{"type":"Polygon","coordinates":[[[-75.69167,52.125],[-75.69167,52.11667],[-75.7,52.11667],[-75.7,52.125],[-75.69167,52.125]]]}},{"type":"Feature","properties":{"c":"CDC-2648564","o":"Exploration Midland inc. 100%","e":""},"geometry":{"type":"Polygon","coordinates":[[[-75.7,52.125],[-75.7,52.11667],[-75.70833,52.11667],[-75.70833,52.125],[-75.7,52.125]]]}},{"type":"Feature","properties":{"c":"CDC-2648563","o":"Exploration Midland inc. 100%","e":""},"geometry":{"type":"Polygon","coordinates":[[[-75.70833,52.125],[-75.70833,52.11667],[-75.71667,52.11667],[-75.71667,52.125],[-75.70833,52.125]]]}},{"type":"Feature","properties":{"c":"CDC-2648562","o":"Exploration Midland inc. 100%","e":""},"geometry":{"type":"Polygon","coordinates":[[[-75.71667,52.125],[-75.71667,52.11667],[-75.725,52.11667],[-75.725,52.125],[-75.71667,52.125]]]}},{"type":"Feature","properties":{"c":"CDC-2648561","o":"Exploration Midland inc. 100%","e":""},"geometry":{"type":"Polygon","coordinates":[[[-75.725,52.125],[-75.725,52.11667],[-75.73333,52.11667],[-75.73333,52.125],[-75.725,52.125]]]}},{"type":"Feature","properties":{"c":"CDC-2699102","o":"Exploration Midland inc. 100%","e":""},"geometry":{"type":"Polygon","coordinates":[[[-75.73333,52.125],[-75.73333,52.11667],[-75.74167,52.11667],[-75.74167,52.125],[-75.73333,52.125]]]}},{"type":"Feature","properties":{"c":"CDC-2503897","o":"Exploration Midland inc. 100%","e":""},"geometry":{"type":"Polygon","coordinates":[[[-75.675,52.13333],[-75.675,52.125],[-75.68333,52.125],[-75.68333,52.13333],[-75.675,52.13333]]]}},{"type":"Feature","properties":{"c":"CDC-2701495","o":"Exploration Midland inc. 100%","e":""},"geometry":{"type":"Polygon","coordinates":[[[-75.68333,52.13333],[-75.68333,52.125],[-75.69167,52.125],[-75.69167,52.13333],[-75.68333,52.13333]]]}},{"type":"Feature","properties":{"c":"CDC-2701494","o":"Exploration Midland inc. 100%","e":""},"geometry":{"type":"Polygon","coordinates":[[[-75.69167,52.13333],[-75.69167,52.125],[-75.7,52.125],[-75.7,52.13333],[-75.69167,52.13333]]]}},{"type":"Feature","properties":{"c":"CDC-2701493","o":"Exploration Midland inc. 100%","e":""},"geometry":{"type":"Polygon","coordinates":[[[-75.7,52.13333],[-75.7,52.125],[-75.70833,52.125],[-75.70833,52.13333],[-75.7,52.13333]]]}},{"type":"Feature","properties":{"c":"CDC-2701492","o":"Exploration Midland inc. 100%","e":""},"geometry":{"type":"Polygon","coordinates":[[[-75.70833,52.13333],[-75.70833,52.125],[-75.71667,52.125],[-75.71667,52.13333],[-75.70833,52.13333]]]}},{"type":"Feature","properties":{"c":"CDC-2701491","o":"Exploration Midland inc. 100%","e":""},"geometry":{"type":"Polygon","coordinates":[[[-75.71667,52.13333],[-75.71667,52.125],[-75.725,52.125],[-75.725,52.13333],[-75.71667,52.13333]]]}},{"type":"Feature","properties":{"c":"CDC-2699104","o":"Exploration Midland inc. 100%","e":""},"geometry":{"type":"Polygon","coordinates":[[[-75.725,52.13333],[-75.725,52.125],[-75.73333,52.125],[-75.73333,52.13333],[-75.725,52.13333]]]}},{"type":"Feature","properties":{"c":"CDC-2699103","o":"Exploration Midland inc. 100%","e":""},"geometry":{"type":"Polygon","coordinates":[[[-75.73333,52.13333],[-75.73333,52.125],[-75.74167,52.125],[-75.74167,52.13333],[-75.73333,52.13333]]]}},{"type":"Feature","properties":{"c":"CDC-2701497","o":"Exploration Midland inc. 100%","e":""},"geometry":{"type":"Polygon","coordinates":[[[-75.68333,52.14167],[-75.68333,52.13333],[-75.69167,52.13333],[-75.69167,52.14167],[-75.68333,52.14167]]]}},{"type":"Feature","properties":{"c":"CDC-2701496","o":"Exploration Midland inc. 100%","e":""},"geometry":{"type":"Polygon","coordinates":[[[-75.69167,52.14167],[-75.69167,52.13333],[-75.7,52.13333],[-75.7,52.14167],[-75.69167,52.14167]]]}},{"type":"Feature","properties":{"c":"CDC-2699106","o":"Exploration Midland inc. 100%","e":""},"geometry":{"type":"Polygon","coordinates":[[[-75.7,52.14167],[-75.7,52.13333],[-75.70833,52.13333],[-75.70833,52.14167],[-75.7,52.14167]]]}},{"type":"Feature","properties":{"c":"CDC-2699105","o":"Exploration Midland inc. 100%","e":""},"geometry":{"type":"Polygon","coordinates":[[[-75.70833,52.14167],[-75.70833,52.13333],[-75.71667,52.13333],[-75.71667,52.14167],[-75.70833,52.14167]]]}},{"type":"Feature","properties":{"c":"CDC-2503945","o":"Exploration Midland inc. 100%","e":""},"geometry":{"type":"Polygon","coordinates":[[[-75.71667,52.14167],[-75.71667,52.13333],[-75.725,52.13333],[-75.725,52.14167],[-75.71667,52.14167]]]}},{"type":"Feature","properties":{"c":"CDC-2701477","o":"Exploration Midland inc. 100%","e":""},"geometry":{"type":"Polygon","coordinates":[[[-75.76667,52.09167],[-75.76667,52.08333],[-75.775,52.08333],[-75.775,52.09167],[-75.76667,52.09167]]]}},{"type":"Feature","properties":{"c":"CDC-2701478","o":"Exploration Midland inc. 100%","e":""},"geometry":{"type":"Polygon","coordinates":[[[-75.75833,52.09167],[-75.75833,52.08333],[-75.76667,52.08333],[-75.76667,52.09167],[-75.75833,52.09167]]]}},{"type":"Feature","properties":{"c":"CDC-2701482","o":"Exploration Midland inc. 100%","e":""},"geometry":{"type":"Polygon","coordinates":[[[-75.75833,52.1],[-75.75833,52.09167],[-75.76667,52.09167],[-75.76667,52.1],[-75.75833,52.1]]]}},{"type":"Feature","properties":{"c":"CDC-2859864","o":"Exploration Azimut inc. 100%","e":""},"geometry":{"type":"Polygon","coordinates":[[[-75.75,52.075],[-75.75,52.06667],[-75.75833,52.06667],[-75.75833,52.075],[-75.75,52.075]]]}},{"type":"Feature","properties":{"c":"CDC-2701479","o":"Exploration Midland inc. 100%","e":""},"geometry":{"type":"Polygon","coordinates":[[[-75.75,52.09167],[-75.75,52.08333],[-75.75833,52.08333],[-75.75833,52.09167],[-75.75,52.09167]]]}},{"type":"Feature","properties":{"c":"CDC-2701483","o":"Exploration Midland inc. 100%","e":""},"geometry":{"type":"Polygon","coordinates":[[[-75.75,52.1],[-75.75,52.09167],[-75.75833,52.09167],[-75.75833,52.1],[-75.75,52.1]]]}},{"type":"Feature","properties":{"c":"CDC-2701486","o":"Exploration Midland inc. 100%","e":""},"geometry":{"type":"Polygon","coordinates":[[[-75.75,52.10833],[-75.75,52.1],[-75.75833,52.1],[-75.75833,52.10833],[-75.75,52.10833]]]}},{"type":"Feature","properties":{"c":"CDC-2859865","o":"Exploration Azimut inc. 100%","e":""},"geometry":{"type":"Polygon","coordinates":[[[-75.74167,52.075],[-75.74167,52.06667],[-75.75,52.06667],[-75.75,52.075],[-75.74167,52.075]]]}},{"type":"Feature","properties":{"c":"CDC-2701480","o":"Exploration Midland inc. 100%","e":""},"geometry":{"type":"Polygon","coordinates":[[[-75.74167,52.09167],[-75.74167,52.08333],[-75.75,52.08333],[-75.75,52.09167],[-75.74167,52.09167]]]}},{"type":"Feature","properties":{"c":"CDC-2701484","o":"Exploration Midland inc. 100%","e":""},"geometry":{"type":"Polygon","coordinates":[[[-75.74167,52.1],[-75.74167,52.09167],[-75.75,52.09167],[-75.75,52.1],[-75.74167,52.1]]]}},{"type":"Feature","properties":{"c":"CDC-2701487","o":"Exploration Midland inc. 100%","e":""},"geometry":{"type":"Polygon","coordinates":[[[-75.74167,52.10833],[-75.74167,52.1],[-75.75,52.1],[-75.75,52.10833],[-75.74167,52.10833]]]}},{"type":"Feature","properties":{"c":"CDC-2859866","o":"Exploration Azimut inc. 100%","e":""},"geometry":{"type":"Polygon","coordinates":[[[-75.73333,52.075],[-75.73333,52.06667],[-75.74167,52.06667],[-75.74167,52.075],[-75.73333,52.075]]]}},{"type":"Feature","properties":{"c":"CDC-2701481","o":"Exploration Midland inc. 100%","e":""},"geometry":{"type":"Polygon","coordinates":[[[-75.73333,52.09167],[-75.73333,52.08333],[-75.74167,52.08333],[-75.74167,52.09167],[-75.73333,52.09167]]]}},{"type":"Feature","properties":{"c":"CDC-2701485","o":"Exploration Midland inc. 100%","e":""},"geometry":{"type":"Polygon","coordinates":[[[-75.73333,52.1],[-75.73333,52.09167],[-75.74167,52.09167],[-75.74167,52.1],[-75.73333,52.1]]]}},{"type":"Feature","properties":{"c":"CDC-2701488","o":"Exploration Midland inc. 100%","e":""},"geometry":{"type":"Polygon","coordinates":[[[-75.73333,52.10833],[-75.73333,52.1],[-75.74167,52.1],[-75.74167,52.10833],[-75.73333,52.10833]]]}},{"type":"Feature","properties":{"c":"CDC-2859867","o":"Exploration Azimut inc. 100%","e":""},"geometry":{"type":"Polygon","coordinates":[[[-75.725,52.075],[-75.725,52.06667],[-75.73333,52.06667],[-75.73333,52.075],[-75.725,52.075]]]}},{"type":"Feature","properties":{"c":"CDC-2648539","o":"Exploration Midland inc. 100%","e":""},"geometry":{"type":"Polygon","coordinates":[[[-75.725,52.09167],[-75.725,52.08333],[-75.73333,52.08333],[-75.73333,52.09167],[-75.725,52.09167]]]}},{"type":"Feature","properties":{"c":"CDC-2648542","o":"Exploration Midland inc. 100%","e":""},"geometry":{"type":"Polygon","coordinates":[[[-75.725,52.1],[-75.725,52.09167],[-75.73333,52.09167],[-75.73333,52.1],[-75.725,52.1]]]}},{"type":"Feature","properties":{"c":"CDC-2648545","o":"Exploration Midland inc. 100%","e":""},"geometry":{"type":"Polygon","coordinates":[[[-75.725,52.10833],[-75.725,52.1],[-75.73333,52.1],[-75.73333,52.10833],[-75.725,52.10833]]]}},{"type":"Feature","properties":{"c":"CDC-2840657","o":"Jean Robert 30%","e":""},"geometry":{"type":"Polygon","coordinates":[[[-75.71667,52.075],[-75.71667,52.06667],[-75.725,52.06667],[-75.725,52.075],[-75.71667,52.075]]]}},{"type":"Feature","properties":{"c":"CDC-2840663","o":"Jean Robert 30%","e":""},"geometry":{"type":"Polygon","coordinates":[[[-75.71667,52.08333],[-75.71667,52.075],[-75.725,52.075],[-75.725,52.08333],[-75.71667,52.08333]]]}},{"type":"Feature","properties":{"c":"CDC-2648540","o":"Exploration Midland inc. 100%","e":""},"geometry":{"type":"Polygon","coordinates":[[[-75.71667,52.09167],[-75.71667,52.08333],[-75.725,52.08333],[-75.725,52.09167],[-75.71667,52.09167]]]}},{"type":"Feature","properties":{"c":"CDC-2648543","o":"Exploration Midland inc. 100%","e":""},"geometry":{"type":"Polygon","coordinates":[[[-75.71667,52.1],[-75.71667,52.09167],[-75.725,52.09167],[-75.725,52.1],[-75.71667,52.1]]]}},{"type":"Feature","properties":{"c":"CDC-2648546","o":"Exploration Midland inc. 100%","e":""},"geometry":{"type":"Polygon","coordinates":[[[-75.71667,52.10833],[-75.71667,52.1],[-75.725,52.1],[-75.725,52.10833],[-75.71667,52.10833]]]}},{"type":"Feature","properties":{"c":"CDC-2840658","o":"Jean Robert 30%","e":""},"geometry":{"type":"Polygon","coordinates":[[[-75.70833,52.075],[-75.70833,52.06667],[-75.71667,52.06667],[-75.71667,52.075],[-75.70833,52.075]]]}},{"type":"Feature","properties":{"c":"CDC-2840664","o":"Jean Robert 30%","e":""},"geometry":{"type":"Polygon","coordinates":[[[-75.70833,52.08333],[-75.70833,52.075],[-75.71667,52.075],[-75.71667,52.08333],[-75.70833,52.08333]]]}},{"type":"Feature","properties":{"c":"CDC-2648541","o":"Exploration Midland inc. 100%","e":""},"geometry":{"type":"Polygon","coordinates":[[[-75.70833,52.09167],[-75.70833,52.08333],[-75.71667,52.08333],[-75.71667,52.09167],[-75.70833,52.09167]]]}},{"type":"Feature","properties":{"c":"CDC-2886958","o":"Exploration Azimut inc. 100%","e":""},"geometry":{"type":"Polygon","coordinates":[[[-75.8,52.05],[-75.8,52.04167],[-75.80833,52.04167],[-75.80833,52.05],[-75.8,52.05]]]}},{"type":"Feature","properties":{"c":"CDC-2886957","o":"Exploration Azimut inc. 100%","e":""},"geometry":{"type":"Polygon","coordinates":[[[-75.80833,52.05],[-75.80833,52.04167],[-75.81667,52.04167],[-75.81667,52.05],[-75.80833,52.05]]]}},{"type":"Feature","properties":{"c":"CDC-2886965","o":"Exploration Azimut inc. 100%","e":""},"geometry":{"type":"Polygon","coordinates":[[[-75.76667,52.05833],[-75.76667,52.05],[-75.775,52.05],[-75.775,52.05833],[-75.76667,52.05833]]]}},{"type":"Feature","properties":{"c":"CDC-2886964","o":"Exploration Azimut inc. 100%","e":""},"geometry":{"type":"Polygon","coordinates":[[[-75.775,52.05833],[-75.775,52.05],[-75.78333,52.05],[-75.78333,52.05833],[-75.775,52.05833]]]}},{"type":"Feature","properties":{"c":"CDC-2888003","o":"Exploration Azimut inc. 100%","e":""},"geometry":{"type":"Polygon","coordinates":[[[-75.78333,52.05833],[-75.78333,52.05],[-75.79167,52.05],[-75.79167,52.05833],[-75.78333,52.05833]]]}},{"type":"Feature","properties":{"c":"CDC-2888002","o":"Exploration Azimut inc. 100%","e":""},"geometry":{"type":"Polygon","coordinates":[[[-75.79167,52.05833],[-75.79167,52.05],[-75.8,52.05],[-75.8,52.05833],[-75.79167,52.05833]]]}},{"type":"Feature","properties":{"c":"CDC-2888001","o":"Exploration Azimut inc. 100%","e":""},"geometry":{"type":"Polygon","coordinates":[[[-75.8,52.05833],[-75.8,52.05],[-75.80833,52.05],[-75.80833,52.05833],[-75.8,52.05833]]]}},{"type":"Feature","properties":{"c":"CDC-2888000","o":"Exploration Azimut inc. 100%","e":""},"geometry":{"type":"Polygon","coordinates":[[[-75.80833,52.05833],[-75.80833,52.05],[-75.81667,52.05],[-75.81667,52.05833],[-75.80833,52.05833]]]}},{"type":"Feature","properties":{"c":"CDC-2886967","o":"Exploration Azimut inc. 100%","e":""},"geometry":{"type":"Polygon","coordinates":[[[-75.775,52.06667],[-75.775,52.05833],[-75.78333,52.05833],[-75.78333,52.06667],[-75.775,52.06667]]]}},{"type":"Feature","properties":{"c":"CDC-2888004","o":"Exploration Azimut inc. 100%","e":""},"geometry":{"type":"Polygon","coordinates":[[[-75.78333,52.06667],[-75.78333,52.05833],[-75.79167,52.05833],[-75.79167,52.06667],[-75.78333,52.06667]]]}},{"type":"Feature","properties":{"c":"AMO-57","o":"Hydro-Qu\u00e9bec 100%","e":""},"geometry":{"type":"Polygon","coordinates":[[[-75.90095,52.18635],[-75.89864,52.18624],[-75.89904,52.1857],[-75.90015,52.18489],[-75.9012,52.18442],[-75.9023,52.18493],[-75.90095,52.18635]]]}},{"type":"Feature","properties":{"c":"CDC-1132567","o":"Eastmain Resources Inc. 100%","e":""},"geometry":{"type":"Polygon","coordinates":[[[-75.83928,52.19725],[-75.83924,52.19167],[-75.84167,52.19167],[-75.84167,52.2],[-75.83919,52.2],[-75.83928,52.19725]]]}},{"type":"Feature","properties":{"c":"CDC-1132566","o":"Eastmain Resources Inc. 100%","e":""},"geometry":{"type":"Polygon","coordinates":[[[-75.84167,52.2],[-75.84167,52.19167],[-75.85,52.19167],[-75.85,52.2],[-75.84167,52.2]]]}},{"type":"Feature","properties":{"c":"CDC-1132565","o":"Eastmain Resources Inc. 100%","e":""},"geometry":{"type":"Polygon","coordinates":[[[-75.85,52.2],[-75.85,52.19167],[-75.85833,52.19167],[-75.85833,52.2],[-75.85,52.2]]]}},{"type":"Feature","properties":{"c":"CDC-1132592","o":"Eastmain Resources Inc. 100%","e":""},"geometry":{"type":"Polygon","coordinates":[[[-75.79167,52.20833],[-75.79167,52.2017],[-75.8,52.20165],[-75.8,52.20833],[-75.79167,52.20833]]]}},{"type":"Feature","properties":{"c":"CDC-1132591","o":"Eastmain Resources Inc. 100%","e":""},"geometry":{"type":"Polygon","coordinates":[[[-75.8,52.20833],[-75.8,52.20165],[-75.80833,52.20159],[-75.80833,52.20833],[-75.8,52.20833]]]}},{"type":"Feature","properties":{"c":"CDC-1132590","o":"Eastmain Resources Inc. 100%","e":""},"geometry":{"type":"Polygon","coordinates":[[[-75.80833,52.20833],[-75.80833,52.20159],[-75.81667,52.20153],[-75.81667,52.20833],[-75.80833,52.20833]]]}},{"type":"Feature","properties":{"c":"CDC-1132587","o":"Eastmain Resources Inc. 100%","e":""},"geometry":{"type":"Polygon","coordinates":[[[-75.83914,52.20138],[-75.83919,52.2],[-75.84167,52.2],[-75.84167,52.20833],[-75.83333,52.20833],[-75.83333,52.20142],[-75.83914,52.20138]]]}},{"type":"Feature","properties":{"c":"CDC-1132589","o":"Eastmain Resources Inc. 100%","e":""},"geometry":{"type":"Polygon","coordinates":[[[-75.81667,52.20833],[-75.81667,52.20153],[-75.825,52.20147],[-75.825,52.20833],[-75.81667,52.20833]]]}},{"type":"Feature","properties":{"c":"CDC-1132586","o":"Eastmain Resources Inc. 100%","e":""},"geometry":{"type":"Polygon","coordinates":[[[-75.84167,52.20833],[-75.84167,52.2],[-75.85,52.2],[-75.85,52.20833],[-75.84167,52.20833]]]}},{"type":"Feature","properties":{"c":"CDC-1132588","o":"Eastmain Resources Inc. 100%","e":""},"geometry":{"type":"Polygon","coordinates":[[[-75.825,52.20833],[-75.825,52.20147],[-75.83333,52.20142],[-75.83333,52.20833],[-75.825,52.20833]]]}},{"type":"Feature","properties":{"c":"CDC-1132585","o":"Eastmain Resources Inc. 100%","e":""},"geometry":{"type":"Polygon","coordinates":[[[-75.85,52.20833],[-75.85,52.2],[-75.85833,52.2],[-75.85833,52.20833],[-75.85,52.20833]]]}},{"type":"Feature","properties":{"c":"CDC-1132584","o":"Eastmain Resources Inc. 100%","e":""},"geometry":{"type":"Polygon","coordinates":[[[-75.85833,52.20833],[-75.85833,52.2],[-75.86667,52.2],[-75.86667,52.20833],[-75.85833,52.20833]]]}},{"type":"Feature","properties":{"c":"CDC-1132624","o":"Eastmain Resources Inc. 100%","e":""},"geometry":{"type":"Polygon","coordinates":[[[-75.79167,52.21667],[-75.79167,52.20833],[-75.8,52.20833],[-75.8,52.21667],[-75.79167,52.21667]]]}},{"type":"Feature","properties":{"c":"CDC-1132623","o":"Eastmain Resources Inc. 100%","e":""},"geometry":{"type":"Polygon","coordinates":[[[-75.8,52.21667],[-75.8,52.20833],[-75.80833,52.20833],[-75.80833,52.21667],[-75.8,52.21667]]]}},{"type":"Feature","properties":{"c":"CDC-1132622","o":"Eastmain Resources Inc. 100%","e":""},"geometry":{"type":"Polygon","coordinates":[[[-75.80833,52.21667],[-75.80833,52.20833],[-75.81667,52.20833],[-75.81667,52.21667],[-75.80833,52.21667]]]}},{"type":"Feature","properties":{"c":"CDC-1132621","o":"Eastmain Resources Inc. 100%","e":""},"geometry":{"type":"Polygon","coordinates":[[[-75.81667,52.21667],[-75.81667,52.20833],[-75.825,52.20833],[-75.825,52.21667],[-75.81667,52.21667]]]}},{"type":"Feature","properties":{"c":"CDC-2656193","o":"Exploration Azimut inc. 100%","e":""},"geometry":{"type":"Polygon","coordinates":[[[-75.74167,52.04167],[-75.74167,52.03333],[-75.75,52.03333],[-75.75,52.04167],[-75.74167,52.04167]]]}},{"type":"Feature","properties":{"c":"CDC-2656192","o":"Exploration Azimut inc. 100%","e":""},"geometry":{"type":"Polygon","coordinates":[[[-75.75,52.04167],[-75.75,52.03333],[-75.75833,52.03333],[-75.75833,52.04167],[-75.75,52.04167]]]}},{"type":"Feature","properties":{"c":"CDC-2886956","o":"Exploration Azimut inc. 100%","e":""},"geometry":{"type":"Polygon","coordinates":[[[-75.75833,52.04167],[-75.75833,52.03333],[-75.76667,52.03333],[-75.76667,52.04167],[-75.75833,52.04167]]]}},{"type":"Feature","properties":{"c":"CDC-2840644","o":"Jean Robert 30%","e":""},"geometry":{"type":"Polygon","coordinates":[[[-75.7,52.05],[-75.7,52.04167],[-75.70833,52.04167],[-75.70833,52.05],[-75.7,52.05]]]}},{"type":"Feature","properties":{"c":"CDC-2840643","o":"Jean Robert 30%","e":""},"geometry":{"type":"Polygon","coordinates":[[[-75.70833,52.05],[-75.70833,52.04167],[-75.71667,52.04167],[-75.71667,52.05],[-75.70833,52.05]]]}},{"type":"Feature","properties":{"c":"CDC-2683186","o":"Exploration Azimut inc. 100%","e":""},"geometry":{"type":"Polygon","coordinates":[[[-75.71667,52.05],[-75.71667,52.04167],[-75.725,52.04167],[-75.725,52.05],[-75.71667,52.05]]]}},{"type":"Feature","properties":{"c":"CDC-2655107","o":"Exploration Azimut inc. 100%","e":""},"geometry":{"type":"Polygon","coordinates":[[[-75.725,52.05],[-75.725,52.04167],[-75.73333,52.04167],[-75.73333,52.05],[-75.725,52.05]]]}},{"type":"Feature","properties":{"c":"CDC-2655106","o":"Exploration Azimut inc. 100%","e":""},"geometry":{"type":"Polygon","coordinates":[[[-75.73333,52.05],[-75.73333,52.04167],[-75.74167,52.04167],[-75.74167,52.05],[-75.73333,52.05]]]}},{"type":"Feature","properties":{"c":"CDC-2655105","o":"Exploration Azimut inc. 100%","e":""},"geometry":{"type":"Polygon","coordinates":[[[-75.74167,52.05],[-75.74167,52.04167],[-75.75,52.04167],[-75.75,52.05],[-75.74167,52.05]]]}},{"type":"Feature","properties":{"c":"CDC-2656196","o":"Exploration Azimut inc. 100%","e":""},"geometry":{"type":"Polygon","coordinates":[[[-75.75,52.05],[-75.75,52.04167],[-75.75833,52.04167],[-75.75833,52.05],[-75.75,52.05]]]}},{"type":"Feature","properties":{"c":"CDC-2886963","o":"Exploration Azimut inc. 100%","e":""},"geometry":{"type":"Polygon","coordinates":[[[-75.75833,52.05],[-75.75833,52.04167],[-75.76667,52.04167],[-75.76667,52.05],[-75.75833,52.05]]]}},{"type":"Feature","properties":{"c":"CDC-2840649","o":"Jean Robert 30%","e":""},"geometry":{"type":"Polygon","coordinates":[[[-75.7,52.05833],[-75.7,52.05],[-75.70833,52.05],[-75.70833,52.05833],[-75.7,52.05833]]]}},{"type":"Feature","properties":{"c":"CDC-2840648","o":"Jean Robert 30%","e":""},"geometry":{"type":"Polygon","coordinates":[[[-75.70833,52.05833],[-75.70833,52.05],[-75.71667,52.05],[-75.71667,52.05833],[-75.70833,52.05833]]]}},{"type":"Feature","properties":{"c":"CDC-2655111","o":"Exploration Azimut inc. 100%","e":""},"geometry":{"type":"Polygon","coordinates":[[[-75.71667,52.05833],[-75.71667,52.05],[-75.725,52.05],[-75.725,52.05833],[-75.71667,52.05833]]]}},{"type":"Feature","properties":{"c":"CDC-2655110","o":"Exploration Azimut inc. 100%","e":""},"geometry":{"type":"Polygon","coordinates":[[[-75.725,52.05833],[-75.725,52.05],[-75.73333,52.05],[-75.73333,52.05833],[-75.725,52.05833]]]}},{"type":"Feature","properties":{"c":"CDC-2655109","o":"Exploration Azimut inc. 100%","e":""},"geometry":{"type":"Polygon","coordinates":[[[-75.73333,52.05833],[-75.73333,52.05],[-75.74167,52.05],[-75.74167,52.05833],[-75.73333,52.05833]]]}},{"type":"Feature","properties":{"c":"CDC-2655108","o":"Exploration Azimut inc. 100%","e":""},"geometry":{"type":"Polygon","coordinates":[[[-75.74167,52.05833],[-75.74167,52.05],[-75.75,52.05],[-75.75,52.05833],[-75.74167,52.05833]]]}},{"type":"Feature","properties":{"c":"CDC-2656197","o":"Exploration Azimut inc. 100%","e":""},"geometry":{"type":"Polygon","coordinates":[[[-75.75,52.05833],[-75.75,52.05],[-75.75833,52.05],[-75.75833,52.05833],[-75.75,52.05833]]]}},{"type":"Feature","properties":{"c":"CDC-2886966","o":"Exploration Azimut inc. 100%","e":""},"geometry":{"type":"Polygon","coordinates":[[[-75.75833,52.05833],[-75.75833,52.05],[-75.76667,52.05],[-75.76667,52.05833],[-75.75833,52.05833]]]}},{"type":"Feature","properties":{"c":"CDC-2840653","o":"Jean Robert 30%","e":""},"geometry":{"type":"Polygon","coordinates":[[[-75.70833,52.06667],[-75.70833,52.05833],[-75.71667,52.05833],[-75.71667,52.06667],[-75.70833,52.06667]]]}},{"type":"Feature","properties":{"c":"CDC-2683191","o":"Exploration Azimut inc. 100%","e":""},"geometry":{"type":"Polygon","coordinates":[[[-75.71667,52.06667],[-75.71667,52.05833],[-75.725,52.05833],[-75.725,52.06667],[-75.71667,52.06667]]]}},{"type":"Feature","properties":{"c":"CDC-2683190","o":"Exploration Azimut inc. 100%","e":""},"geometry":{"type":"Polygon","coordinates":[[[-75.725,52.06667],[-75.725,52.05833],[-75.73333,52.05833],[-75.73333,52.06667],[-75.725,52.06667]]]}},{"type":"Feature","properties":{"c":"CDC-2683189","o":"Exploration Azimut inc. 100%","e":""},"geometry":{"type":"Polygon","coordinates":[[[-75.73333,52.06667],[-75.73333,52.05833],[-75.74167,52.05833],[-75.74167,52.06667],[-75.73333,52.06667]]]}},{"type":"Feature","properties":{"c":"CDC-2683188","o":"Exploration Azimut inc. 100%","e":""},"geometry":{"type":"Polygon","coordinates":[[[-75.74167,52.06667],[-75.74167,52.05833],[-75.75,52.05833],[-75.75,52.06667],[-75.74167,52.06667]]]}},{"type":"Feature","properties":{"c":"CDC-2683187","o":"Exploration Azimut inc. 100%","e":""},"geometry":{"type":"Polygon","coordinates":[[[-75.75,52.06667],[-75.75,52.05833],[-75.75833,52.05833],[-75.75833,52.06667],[-75.75,52.06667]]]}},{"type":"Feature","properties":{"c":"CDC-2886969","o":"Exploration Azimut inc. 100%","e":""},"geometry":{"type":"Polygon","coordinates":[[[-75.75833,52.06667],[-75.75833,52.05833],[-75.76667,52.05833],[-75.76667,52.06667],[-75.75833,52.06667]]]}},{"type":"Feature","properties":{"c":"CDC-2886968","o":"Exploration Azimut inc. 100%","e":""},"geometry":{"type":"Polygon","coordinates":[[[-75.76667,52.06667],[-75.76667,52.05833],[-75.775,52.05833],[-75.775,52.06667],[-75.76667,52.06667]]]}},{"type":"Feature","properties":{"c":"CDC-2654962","o":"Exploration Azimut inc. 100%","e":""},"geometry":{"type":"Polygon","coordinates":[[[-75.76667,52.01667],[-75.76667,52.00833],[-75.775,52.00833],[-75.775,52.01667],[-75.76667,52.01667]]]}},{"type":"Feature","properties":{"c":"CDC-2654961","o":"Exploration Azimut inc. 100%","e":""},"geometry":{"type":"Polygon","coordinates":[[[-75.775,52.01667],[-75.775,52.00833],[-75.78333,52.00833],[-75.78333,52.01667],[-75.775,52.01667]]]}},{"type":"Feature","properties":{"c":"CDC-2654960","o":"Exploration Azimut inc. 100%","e":""},"geometry":{"type":"Polygon","coordinates":[[[-75.78333,52.01667],[-75.78333,52.00833],[-75.79167,52.00833],[-75.79167,52.01667],[-75.78333,52.01667]]]}},{"type":"Feature","properties":{"c":"CDC-2654959","o":"Exploration Azimut inc. 100%","e":""},"geometry":{"type":"Polygon","coordinates":[[[-75.79167,52.01667],[-75.79167,52.00833],[-75.8,52.00833],[-75.8,52.01667],[-75.79167,52.01667]]]}},{"type":"Feature","properties":{"c":"CDC-2886944","o":"Exploration Azimut inc. 100%","e":""},"geometry":{"type":"Polygon","coordinates":[[[-75.8,52.01667],[-75.8,52.00833],[-75.80833,52.00833],[-75.80833,52.01667],[-75.8,52.01667]]]}},{"type":"Feature","properties":{"c":"CDC-2656186","o":"Exploration Azimut inc. 100%","e":""},"geometry":{"type":"Polygon","coordinates":[[[-75.76667,52.025],[-75.76667,52.01667],[-75.775,52.01667],[-75.775,52.025],[-75.76667,52.025]]]}},{"type":"Feature","properties":{"c":"CDC-2683181","o":"Exploration Azimut inc. 100%","e":""},"geometry":{"type":"Polygon","coordinates":[[[-75.775,52.025],[-75.775,52.01667],[-75.78333,52.01667],[-75.78333,52.025],[-75.775,52.025]]]}},{"type":"Feature","properties":{"c":"CDC-2683180","o":"Exploration Azimut inc. 100%","e":""},"geometry":{"type":"Polygon","coordinates":[[[-75.78333,52.025],[-75.78333,52.01667],[-75.79167,52.01667],[-75.79167,52.025],[-75.78333,52.025]]]}},{"type":"Feature","properties":{"c":"CDC-2683179","o":"Exploration Azimut inc. 100%","e":""},"geometry":{"type":"Polygon","coordinates":[[[-75.79167,52.025],[-75.79167,52.01667],[-75.8,52.01667],[-75.8,52.025],[-75.79167,52.025]]]}},{"type":"Feature","properties":{"c":"CDC-2886946","o":"Exploration Azimut inc. 100%","e":""},"geometry":{"type":"Polygon","coordinates":[[[-75.8,52.025],[-75.8,52.01667],[-75.80833,52.01667],[-75.80833,52.025],[-75.8,52.025]]]}},{"type":"Feature","properties":{"c":"CDC-2886945","o":"Exploration Azimut inc. 100%","e":""},"geometry":{"type":"Polygon","coordinates":[[[-75.80833,52.025],[-75.80833,52.01667],[-75.81667,52.01667],[-75.81667,52.025],[-75.80833,52.025]]]}},{"type":"Feature","properties":{"c":"CDC-2683182","o":"Exploration Azimut inc. 100%","e":""},"geometry":{"type":"Polygon","coordinates":[[[-75.76667,52.03333],[-75.76667,52.025],[-75.775,52.025],[-75.775,52.03333],[-75.76667,52.03333]]]}},{"type":"Feature","properties":{"c":"CDC-2871157","o":"Jean Robert 30%","e":""},"geometry":{"type":"Polygon","coordinates":[[[-75.775,52.03333],[-75.775,52.025],[-75.78333,52.025],[-75.78333,52.03333],[-75.775,52.03333]]]}},{"type":"Feature","properties":{"c":"CDC-2871156","o":"Jean Robert 30%","e":""},"geometry":{"type":"Polygon","coordinates":[[[-75.78333,52.03333],[-75.78333,52.025],[-75.79167,52.025],[-75.79167,52.03333],[-75.78333,52.03333]]]}},{"type":"Feature","properties":{"c":"CDC-2886949","o":"Exploration Azimut inc. 100%","e":""},"geometry":{"type":"Polygon","coordinates":[[[-75.79167,52.03333],[-75.79167,52.025],[-75.8,52.025],[-75.8,52.03333],[-75.79167,52.03333]]]}},{"type":"Feature","properties":{"c":"CDC-2886948","o":"Exploration Azimut inc. 100%","e":""},"geometry":{"type":"Polygon","coordinates":[[[-75.8,52.03333],[-75.8,52.025],[-75.80833,52.025],[-75.80833,52.03333],[-75.8,52.03333]]]}},{"type":"Feature","properties":{"c":"CDC-2886947","o":"Exploration Azimut inc. 100%","e":""},"geometry":{"type":"Polygon","coordinates":[[[-75.80833,52.03333],[-75.80833,52.025],[-75.81667,52.025],[-75.81667,52.03333],[-75.80833,52.03333]]]}},{"type":"Feature","properties":{"c":"CDC-2886955","o":"Exploration Azimut inc. 100%","e":""},"geometry":{"type":"Polygon","coordinates":[[[-75.76667,52.04167],[-75.76667,52.03333],[-75.775,52.03333],[-75.775,52.04167],[-75.76667,52.04167]]]}},{"type":"Feature","properties":{"c":"CDC-2886954","o":"Exploration Azimut inc. 100%","e":""},"geometry":{"type":"Polygon","coordinates":[[[-75.775,52.04167],[-75.775,52.03333],[-75.78333,52.03333],[-75.78333,52.04167],[-75.775,52.04167]]]}},{"type":"Feature","properties":{"c":"CDC-2886953","o":"Exploration Azimut inc. 100%","e":""},"geometry":{"type":"Polygon","coordinates":[[[-75.78333,52.04167],[-75.78333,52.03333],[-75.79167,52.03333],[-75.79167,52.04167],[-75.78333,52.04167]]]}},{"type":"Feature","properties":{"c":"CDC-2886952","o":"Exploration Azimut inc. 100%","e":""},"geometry":{"type":"Polygon","coordinates":[[[-75.79167,52.04167],[-75.79167,52.03333],[-75.8,52.03333],[-75.8,52.04167],[-75.79167,52.04167]]]}},{"type":"Feature","properties":{"c":"CDC-2886951","o":"Exploration Azimut inc. 100%","e":""},"geometry":{"type":"Polygon","coordinates":[[[-75.8,52.04167],[-75.8,52.03333],[-75.80833,52.03333],[-75.80833,52.04167],[-75.8,52.04167]]]}},{"type":"Feature","properties":{"c":"CDC-2886950","o":"Exploration Azimut inc. 100%","e":""},"geometry":{"type":"Polygon","coordinates":[[[-75.80833,52.04167],[-75.80833,52.03333],[-75.81667,52.03333],[-75.81667,52.04167],[-75.80833,52.04167]]]}},{"type":"Feature","properties":{"c":"CDC-2886962","o":"Exploration Azimut inc. 100%","e":""},"geometry":{"type":"Polygon","coordinates":[[[-75.76667,52.05],[-75.76667,52.04167],[-75.775,52.04167],[-75.775,52.05],[-75.76667,52.05]]]}},{"type":"Feature","properties":{"c":"CDC-2886961","o":"Exploration Azimut inc. 100%","e":""},"geometry":{"type":"Polygon","coordinates":[[[-75.775,52.05],[-75.775,52.04167],[-75.78333,52.04167],[-75.78333,52.05],[-75.775,52.05]]]}},{"type":"Feature","properties":{"c":"CDC-2886960","o":"Exploration Azimut inc. 100%","e":""},"geometry":{"type":"Polygon","coordinates":[[[-75.78333,52.05],[-75.78333,52.04167],[-75.79167,52.04167],[-75.79167,52.05],[-75.78333,52.05]]]}},{"type":"Feature","properties":{"c":"CDC-2886959","o":"Exploration Azimut inc. 100%","e":""},"geometry":{"type":"Polygon","coordinates":[[[-75.79167,52.05],[-75.79167,52.04167],[-75.8,52.04167],[-75.8,52.05],[-75.79167,52.05]]]}},{"type":"Feature","properties":{"c":"CDC-2857270","o":"Exploration Azimut inc. 100%","e":""},"geometry":{"type":"Polygon","coordinates":[[[-75.71667,52.01667],[-75.71667,52.00833],[-75.725,52.00833],[-75.725,52.01667],[-75.71667,52.01667]]]}},{"type":"Feature","properties":{"c":"CDC-2857269","o":"Exploration Azimut inc. 100%","e":""},"geometry":{"type":"Polygon","coordinates":[[[-75.725,52.01667],[-75.725,52.00833],[-75.73333,52.00833],[-75.73333,52.01667],[-75.725,52.01667]]]}},{"type":"Feature","properties":{"c":"CDC-2857268","o":"Exploration Azimut inc. 100%","e":""},"geometry":{"type":"Polygon","coordinates":[[[-75.73333,52.01667],[-75.73333,52.00833],[-75.74167,52.00833],[-75.74167,52.01667],[-75.73333,52.01667]]]}},{"type":"Feature","properties":{"c":"CDC-2857267","o":"Exploration Azimut inc. 100%","e":""},"geometry":{"type":"Polygon","coordinates":[[[-75.74167,52.01667],[-75.74167,52.00833],[-75.75,52.00833],[-75.75,52.01667],[-75.74167,52.01667]]]}},{"type":"Feature","properties":{"c":"CDC-2623887","o":"Exploration Azimut inc. 100%","e":""},"geometry":{"type":"Polygon","coordinates":[[[-75.75,52.01667],[-75.75,52.00833],[-75.75833,52.00833],[-75.75833,52.01667],[-75.75,52.01667]]]}},{"type":"Feature","properties":{"c":"CDC-2623886","o":"Exploration Azimut inc. 100%","e":""},"geometry":{"type":"Polygon","coordinates":[[[-75.75833,52.01667],[-75.75833,52.00833],[-75.76667,52.00833],[-75.76667,52.01667],[-75.75833,52.01667]]]}},{"type":"Feature","properties":{"c":"CDC-2656190","o":"Exploration Azimut inc. 100%","e":""},"geometry":{"type":"Polygon","coordinates":[[[-75.7,52.025],[-75.7,52.01667],[-75.70833,52.01667],[-75.70833,52.025],[-75.7,52.025]]]}},{"type":"Feature","properties":{"c":"CDC-2656189","o":"Exploration Azimut inc. 100%","e":""},"geometry":{"type":"Polygon","coordinates":[[[-75.70833,52.025],[-75.70833,52.01667],[-75.71667,52.01667],[-75.71667,52.025],[-75.70833,52.025]]]}},{"type":"Feature","properties":{"c":"CDC-2857274","o":"Exploration Azimut inc. 100%","e":""},"geometry":{"type":"Polygon","coordinates":[[[-75.71667,52.025],[-75.71667,52.01667],[-75.725,52.01667],[-75.725,52.025],[-75.71667,52.025]]]}},{"type":"Feature","properties":{"c":"CDC-2857273","o":"Exploration Azimut inc. 100%","e":""},"geometry":{"type":"Polygon","coordinates":[[[-75.725,52.025],[-75.725,52.01667],[-75.73333,52.01667],[-75.73333,52.025],[-75.725,52.025]]]}},{"type":"Feature","properties":{"c":"CDC-2857272","o":"Exploration Azimut inc. 100%","e":""},"geometry":{"type":"Polygon","coordinates":[[[-75.73333,52.025],[-75.73333,52.01667],[-75.74167,52.01667],[-75.74167,52.025],[-75.73333,52.025]]]}},{"type":"Feature","properties":{"c":"CDC-2857271","o":"Exploration Azimut inc. 100%","e":""},"geometry":{"type":"Polygon","coordinates":[[[-75.74167,52.025],[-75.74167,52.01667],[-75.75,52.01667],[-75.75,52.025],[-75.74167,52.025]]]}},{"type":"Feature","properties":{"c":"CDC-2656188","o":"Exploration Azimut inc. 100%","e":""},"geometry":{"type":"Polygon","coordinates":[[[-75.75,52.025],[-75.75,52.01667],[-75.75833,52.01667],[-75.75833,52.025],[-75.75,52.025]]]}},{"type":"Feature","properties":{"c":"CDC-2656187","o":"Exploration Azimut inc. 100%","e":""},"geometry":{"type":"Polygon","coordinates":[[[-75.75833,52.025],[-75.75833,52.01667],[-75.76667,52.01667],[-75.76667,52.025],[-75.75833,52.025]]]}},{"type":"Feature","properties":{"c":"CDC-2859928","o":"Exploration Azimut inc. 100%","e":""},"geometry":{"type":"Polygon","coordinates":[[[-75.7,52.03333],[-75.7,52.025],[-75.70833,52.025],[-75.70833,52.03333],[-75.7,52.03333]]]}},{"type":"Feature","properties":{"c":"CDC-2859927","o":"Exploration Azimut inc. 100%","e":""},"geometry":{"type":"Polygon","coordinates":[[[-75.70833,52.03333],[-75.70833,52.025],[-75.71667,52.025],[-75.71667,52.03333],[-75.70833,52.03333]]]}},{"type":"Feature","properties":{"c":"CDC-2859926","o":"Exploration Azimut inc. 100%","e":""},"geometry":{"type":"Polygon","coordinates":[[[-75.71667,52.03333],[-75.71667,52.025],[-75.725,52.025],[-75.725,52.03333],[-75.71667,52.03333]]]}},{"type":"Feature","properties":{"c":"CDC-2859925","o":"Exploration Azimut inc. 100%","e":""},"geometry":{"type":"Polygon","coordinates":[[[-75.725,52.03333],[-75.725,52.025],[-75.73333,52.025],[-75.73333,52.03333],[-75.725,52.03333]]]}},{"type":"Feature","properties":{"c":"CDC-2859924","o":"Exploration Azimut inc. 100%","e":""},"geometry":{"type":"Polygon","coordinates":[[[-75.73333,52.03333],[-75.73333,52.025],[-75.74167,52.025],[-75.74167,52.03333],[-75.73333,52.03333]]]}},{"type":"Feature","properties":{"c":"CDC-2859923","o":"Exploration Azimut inc. 100%","e":""},"geometry":{"type":"Polygon","coordinates":[[[-75.74167,52.03333],[-75.74167,52.025],[-75.75,52.025],[-75.75,52.03333],[-75.74167,52.03333]]]}},{"type":"Feature","properties":{"c":"CDC-2683184","o":"Exploration Azimut inc. 100%","e":""},"geometry":{"type":"Polygon","coordinates":[[[-75.75,52.03333],[-75.75,52.025],[-75.75833,52.025],[-75.75833,52.03333],[-75.75,52.03333]]]}},{"type":"Feature","properties":{"c":"CDC-2683183","o":"Exploration Azimut inc. 100%","e":""},"geometry":{"type":"Polygon","coordinates":[[[-75.75833,52.03333],[-75.75833,52.025],[-75.76667,52.025],[-75.76667,52.03333],[-75.75833,52.03333]]]}},{"type":"Feature","properties":{"c":"CDC-2859933","o":"Exploration Azimut inc. 100%","e":""},"geometry":{"type":"Polygon","coordinates":[[[-75.7,52.04167],[-75.7,52.03333],[-75.70833,52.03333],[-75.70833,52.04167],[-75.7,52.04167]]]}},{"type":"Feature","properties":{"c":"CDC-2859932","o":"Exploration Azimut inc. 100%","e":""},"geometry":{"type":"Polygon","coordinates":[[[-75.70833,52.04167],[-75.70833,52.03333],[-75.71667,52.03333],[-75.71667,52.04167],[-75.70833,52.04167]]]}},{"type":"Feature","properties":{"c":"CDC-2683185","o":"Exploration Azimut inc. 100%","e":""},"geometry":{"type":"Polygon","coordinates":[[[-75.71667,52.04167],[-75.71667,52.03333],[-75.725,52.03333],[-75.725,52.04167],[-75.71667,52.04167]]]}},{"type":"Feature","properties":{"c":"CDC-2656195","o":"Exploration Azimut inc. 100%","e":""},"geometry":{"type":"Polygon","coordinates":[[[-75.725,52.04167],[-75.725,52.03333],[-75.73333,52.03333],[-75.73333,52.04167],[-75.725,52.04167]]]}},{"type":"Feature","properties":{"c":"CDC-2656194","o":"Exploration Azimut inc. 100%","e":""},"geometry":{"type":"Polygon","coordinates":[[[-75.73333,52.04167],[-75.73333,52.03333],[-75.74167,52.03333],[-75.74167,52.04167],[-75.73333,52.04167]]]}},{"type":"Feature","properties":{"c":"CDC-2822843","o":"ETM RESOURCES LTD. 100%","e":""},"geometry":{"type":"Polygon","coordinates":[[[-75.925,52.5],[-75.91667,52.5],[-75.91667,52.49167],[-75.925,52.49167],[-75.925,52.5]]]}},{"type":"Feature","properties":{"c":"CDC-2765819","o":"ETM RESOURCES LTD. 100%","e":""},"geometry":{"type":"Polygon","coordinates":[[[-75.93333,52.5],[-75.925,52.5],[-75.925,52.49167],[-75.93333,52.49167],[-75.93333,52.5]]]}},{"type":"Feature","properties":{"c":"CDC-2765818","o":"ETM RESOURCES LTD. 100%","e":""},"geometry":{"type":"Polygon","coordinates":[[[-75.94167,52.5],[-75.93333,52.5],[-75.93333,52.49167],[-75.94167,52.49167],[-75.94167,52.5]]]}},{"type":"Feature","properties":{"c":"CDC-2765817","o":"ETM RESOURCES LTD. 100%","e":""},"geometry":{"type":"Polygon","coordinates":[[[-75.95,52.5],[-75.94167,52.5],[-75.94167,52.49167],[-75.95,52.49167],[-75.95,52.5]]]}},{"type":"Feature","properties":{"c":"CDC-2822842","o":"ETM RESOURCES LTD. 100%","e":""},"geometry":{"type":"Polygon","coordinates":[[[-75.90833,52.49167],[-75.9,52.49167],[-75.9,52.48333],[-75.90833,52.48333],[-75.90833,52.49167]]]}},{"type":"Feature","properties":{"c":"CDC-2862304","o":"SOQUEM inc. 100%","e":""},"geometry":{"type":"Polygon","coordinates":[[[-75.83333,52.5],[-75.825,52.5],[-75.825,52.49167],[-75.83333,52.49167],[-75.83333,52.5]]]}},{"type":"Feature","properties":{"c":"CDC-2822845","o":"ETM RESOURCES LTD. 100%","e":""},"geometry":{"type":"Polygon","coordinates":[[[-75.90833,52.5],[-75.9,52.5],[-75.9,52.49167],[-75.90833,52.49167],[-75.90833,52.5]]]}},{"type":"Feature","properties":{"c":"CDC-2862278","o":"SOQUEM inc. 100%","e":""},"geometry":{"type":"Polygon","coordinates":[[[-75.75,52.49167],[-75.74167,52.49167],[-75.74167,52.48333],[-75.75,52.48333],[-75.75,52.49167]]]}},{"type":"Feature","properties":{"c":"CDC-2862277","o":"SOQUEM inc. 100%","e":""},"geometry":{"type":"Polygon","coordinates":[[[-75.75833,52.49167],[-75.75,52.49167],[-75.75,52.48333],[-75.75833,52.48333],[-75.75833,52.49167]]]}},{"type":"Feature","properties":{"c":"CDC-2862276","o":"SOQUEM inc. 100%","e":""},"geometry":{"type":"Polygon","coordinates":[[[-75.76667,52.49167],[-75.75833,52.49167],[-75.75833,52.48333],[-75.76667,52.48333],[-75.76667,52.49167]]]}},{"type":"Feature","properties":{"c":"CDC-2862275","o":"SOQUEM inc. 100%","e":""},"geometry":{"type":"Polygon","coordinates":[[[-75.775,52.49167],[-75.76667,52.49167],[-75.76667,52.48333],[-75.775,52.48333],[-75.775,52.49167]]]}},{"type":"Feature","properties":{"c":"CDC-2862274","o":"SOQUEM inc. 100%","e":""},"geometry":{"type":"Polygon","coordinates":[[[-75.78333,52.49167],[-75.775,52.49167],[-75.775,52.48333],[-75.78333,52.48333],[-75.78333,52.49167]]]}},{"type":"Feature","properties":{"c":"CDC-2862273","o":"SOQUEM inc. 100%","e":""},"geometry":{"type":"Polygon","coordinates":[[[-75.79167,52.49167],[-75.78333,52.49167],[-75.78333,52.48333],[-75.79167,52.48333],[-75.79167,52.49167]]]}},{"type":"Feature","properties":{"c":"CDC-2862272","o":"SOQUEM inc. 100%","e":""},"geometry":{"type":"Polygon","coordinates":[[[-75.8,52.49167],[-75.79167,52.49167],[-75.79167,52.48333],[-75.8,52.48333],[-75.8,52.49167]]]}},{"type":"Feature","properties":{"c":"CDC-2862271","o":"SOQUEM inc. 100%","e":""},"geometry":{"type":"Polygon","coordinates":[[[-75.80833,52.49167],[-75.8,52.49167],[-75.8,52.48333],[-75.80833,52.48333],[-75.80833,52.49167]]]}},{"type":"Feature","properties":{"c":"CDC-2862314","o":"SOQUEM inc. 100%","e":""},"geometry":{"type":"Polygon","coordinates":[[[-75.75,52.5],[-75.74167,52.5],[-75.74167,52.49167],[-75.75,52.49167],[-75.75,52.5]]]}},{"type":"Feature","properties":{"c":"CDC-2862313","o":"SOQUEM inc. 100%","e":""},"geometry":{"type":"Polygon","coordinates":[[[-75.75833,52.5],[-75.75,52.5],[-75.75,52.49167],[-75.75833,52.49167],[-75.75833,52.5]]]}},{"type":"Feature","properties":{"c":"CDC-2862312","o":"SOQUEM inc. 100%","e":""},"geometry":{"type":"Polygon","coordinates":[[[-75.76667,52.5],[-75.75833,52.5],[-75.75833,52.49167],[-75.76667,52.49167],[-75.76667,52.5]]]}},{"type":"Feature","properties":{"c":"CDC-2862311","o":"SOQUEM inc. 100%","e":""},"geometry":{"type":"Polygon","coordinates":[[[-75.775,52.5],[-75.76667,52.5],[-75.76667,52.49167],[-75.775,52.49167],[-75.775,52.5]]]}},{"type":"Feature","properties":{"c":"CDC-2862310","o":"SOQUEM inc. 100%","e":""},"geometry":{"type":"Polygon","coordinates":[[[-75.78333,52.5],[-75.775,52.5],[-75.775,52.49167],[-75.78333,52.49167],[-75.78333,52.5]]]}},{"type":"Feature","properties":{"c":"CDC-2862309","o":"SOQUEM inc. 100%","e":""},"geometry":{"type":"Polygon","coordinates":[[[-75.79167,52.5],[-75.78333,52.5],[-75.78333,52.49167],[-75.79167,52.49167],[-75.79167,52.5]]]}},{"type":"Feature","properties":{"c":"CDC-2862308","o":"SOQUEM inc. 100%","e":""},"geometry":{"type":"Polygon","coordinates":[[[-75.8,52.5],[-75.79167,52.5],[-75.79167,52.49167],[-75.8,52.49167],[-75.8,52.5]]]}},{"type":"Feature","properties":{"c":"CDC-2862307","o":"SOQUEM inc. 100%","e":""},"geometry":{"type":"Polygon","coordinates":[[[-75.80833,52.5],[-75.8,52.5],[-75.8,52.49167],[-75.80833,52.49167],[-75.80833,52.5]]]}},{"type":"Feature","properties":{"c":"CDC-2862306","o":"SOQUEM inc. 100%","e":""},"geometry":{"type":"Polygon","coordinates":[[[-75.81667,52.5],[-75.80833,52.5],[-75.80833,52.49167],[-75.81667,52.49167],[-75.81667,52.5]]]}},{"type":"Feature","properties":{"c":"CDC-2862305","o":"SOQUEM inc. 100%","e":""},"geometry":{"type":"Polygon","coordinates":[[[-75.825,52.5],[-75.81667,52.5],[-75.81667,52.49167],[-75.825,52.49167],[-75.825,52.5]]]}},{"type":"Feature","properties":{"c":"CDC-2765798","o":"ETM RESOURCES LTD. 100%","e":""},"geometry":{"type":"Polygon","coordinates":[[[-75.95833,52.46667],[-75.95,52.46667],[-75.95,52.45833],[-75.95833,52.45833],[-75.95833,52.46667]]]}},{"type":"Feature","properties":{"c":"CDC-2765797","o":"ETM RESOURCES LTD. 100%","e":""},"geometry":{"type":"Polygon","coordinates":[[[-75.96667,52.46667],[-75.95833,52.46667],[-75.95833,52.45833],[-75.96667,52.45833],[-75.96667,52.46667]]]}},{"type":"Feature","properties":{"c":"CDC-2765796","o":"ETM RESOURCES LTD. 100%","e":""},"geometry":{"type":"Polygon","coordinates":[[[-75.975,52.46667],[-75.96667,52.46667],[-75.96667,52.45833],[-75.975,52.45833],[-75.975,52.46667]]]}},{"type":"Feature","properties":{"c":"CDC-2822836","o":"ETM RESOURCES LTD. 100%","e":""},"geometry":{"type":"Polygon","coordinates":[[[-75.90833,52.475],[-75.9,52.475],[-75.9,52.46667],[-75.90833,52.46667],[-75.90833,52.475]]]}},{"type":"Feature","properties":{"c":"CDC-2822835","o":"ETM RESOURCES LTD. 100%","e":""},"geometry":{"type":"Polygon","coordinates":[[[-75.91667,52.475],[-75.90833,52.475],[-75.90833,52.46667],[-75.91667,52.46667],[-75.91667,52.475]]]}},{"type":"Feature","properties":{"c":"CDC-2822834","o":"ETM RESOURCES LTD. 100%","e":""},"geometry":{"type":"Polygon","coordinates":[[[-75.925,52.475],[-75.91667,52.475],[-75.91667,52.46667],[-75.925,52.46667],[-75.925,52.475]]]}},{"type":"Feature","properties":{"c":"CDC-2765807","o":"ETM RESOURCES LTD. 100%","e":""},"geometry":{"type":"Polygon","coordinates":[[[-75.93333,52.475],[-75.925,52.475],[-75.925,52.46667],[-75.93333,52.46667],[-75.93333,52.475]]]}},{"type":"Feature","properties":{"c":"CDC-2765806","o":"ETM RESOURCES LTD. 100%","e":""},"geometry":{"type":"Polygon","coordinates":[[[-75.94167,52.475],[-75.93333,52.475],[-75.93333,52.46667],[-75.94167,52.46667],[-75.94167,52.475]]]}},{"type":"Feature","properties":{"c":"CDC-2765805","o":"ETM RESOURCES LTD. 100%","e":""},"geometry":{"type":"Polygon","coordinates":[[[-75.95,52.475],[-75.94167,52.475],[-75.94167,52.46667],[-75.95,52.46667],[-75.95,52.475]]]}},{"type":"Feature","properties":{"c":"CDC-2765804","o":"ETM RESOURCES LTD. 100%","e":""},"geometry":{"type":"Polygon","coordinates":[[[-75.95833,52.475],[-75.95,52.475],[-75.95,52.46667],[-75.95833,52.46667],[-75.95833,52.475]]]}},{"type":"Feature","properties":{"c":"CDC-2765803","o":"ETM RESOURCES LTD. 100%","e":""},"geometry":{"type":"Polygon","coordinates":[[[-75.96667,52.475],[-75.95833,52.475],[-75.95833,52.46667],[-75.96667,52.46667],[-75.96667,52.475]]]}},{"type":"Feature","properties":{"c":"CDC-2765802","o":"ETM RESOURCES LTD. 100%","e":""},"geometry":{"type":"Polygon","coordinates":[[[-75.975,52.475],[-75.96667,52.475],[-75.96667,52.46667],[-75.975,52.46667],[-75.975,52.475]]]}},{"type":"Feature","properties":{"c":"CDC-2822839","o":"ETM RESOURCES LTD. 100%","e":""},"geometry":{"type":"Polygon","coordinates":[[[-75.90833,52.48333],[-75.9,52.48333],[-75.9,52.475],[-75.90833,52.475],[-75.90833,52.48333]]]}},{"type":"Feature","properties":{"c":"CDC-2822838","o":"ETM RESOURCES LTD. 100%","e":""},"geometry":{"type":"Polygon","coordinates":[[[-75.91667,52.48333],[-75.90833,52.48333],[-75.90833,52.475],[-75.91667,52.475],[-75.91667,52.48333]]]}},{"type":"Feature","properties":{"c":"CDC-2822837","o":"ETM RESOURCES LTD. 100%","e":""},"geometry":{"type":"Polygon","coordinates":[[[-75.925,52.48333],[-75.91667,52.48333],[-75.91667,52.475],[-75.925,52.475],[-75.925,52.48333]]]}},{"type":"Feature","properties":{"c":"CDC-2765812","o":"ETM RESOURCES LTD. 100%","e":""},"geometry":{"type":"Polygon","coordinates":[[[-75.93333,52.48333],[-75.925,52.48333],[-75.925,52.475],[-75.93333,52.475],[-75.93333,52.48333]]]}},{"type":"Feature","properties":{"c":"CDC-2765811","o":"ETM RESOURCES LTD. 100%","e":""},"geometry":{"type":"Polygon","coordinates":[[[-75.94167,52.48333],[-75.93333,52.48333],[-75.93333,52.475],[-75.94167,52.475],[-75.94167,52.48333]]]}},{"type":"Feature","properties":{"c":"CDC-2765810","o":"ETM RESOURCES LTD. 100%","e":""},"geometry":{"type":"Polygon","coordinates":[[[-75.95,52.48333],[-75.94167,52.48333],[-75.94167,52.475],[-75.95,52.475],[-75.95,52.48333]]]}},{"type":"Feature","properties":{"c":"CDC-2765809","o":"ETM RESOURCES LTD. 100%","e":""},"geometry":{"type":"Polygon","coordinates":[[[-75.95833,52.48333],[-75.95,52.48333],[-75.95,52.475],[-75.95833,52.475],[-75.95833,52.48333]]]}},{"type":"Feature","properties":{"c":"CDC-2765808","o":"ETM RESOURCES LTD. 100%","e":""},"geometry":{"type":"Polygon","coordinates":[[[-75.96667,52.48333],[-75.95833,52.48333],[-75.95833,52.475],[-75.96667,52.475],[-75.96667,52.48333]]]}},{"type":"Feature","properties":{"c":"CDC-2822841","o":"ETM RESOURCES LTD. 100%","e":""},"geometry":{"type":"Polygon","coordinates":[[[-75.91667,52.49167],[-75.90833,52.49167],[-75.90833,52.48333],[-75.91667,52.48333],[-75.91667,52.49167]]]}},{"type":"Feature","properties":{"c":"CDC-2822840","o":"ETM RESOURCES LTD. 100%","e":""},"geometry":{"type":"Polygon","coordinates":[[[-75.925,52.49167],[-75.91667,52.49167],[-75.91667,52.48333],[-75.925,52.48333],[-75.925,52.49167]]]}},{"type":"Feature","properties":{"c":"CDC-2765816","o":"ETM RESOURCES LTD. 100%","e":""},"geometry":{"type":"Polygon","coordinates":[[[-75.93333,52.49167],[-75.925,52.49167],[-75.925,52.48333],[-75.93333,52.48333],[-75.93333,52.49167]]]}},{"type":"Feature","properties":{"c":"CDC-2765815","o":"ETM RESOURCES LTD. 100%","e":""},"geometry":{"type":"Polygon","coordinates":[[[-75.94167,52.49167],[-75.93333,52.49167],[-75.93333,52.48333],[-75.94167,52.48333],[-75.94167,52.49167]]]}},{"type":"Feature","properties":{"c":"CDC-2765814","o":"ETM RESOURCES LTD. 100%","e":""},"geometry":{"type":"Polygon","coordinates":[[[-75.95,52.49167],[-75.94167,52.49167],[-75.94167,52.48333],[-75.95,52.48333],[-75.95,52.49167]]]}},{"type":"Feature","properties":{"c":"CDC-2765813","o":"ETM RESOURCES LTD. 100%","e":""},"geometry":{"type":"Polygon","coordinates":[[[-75.95833,52.49167],[-75.95,52.49167],[-75.95,52.48333],[-75.95833,52.48333],[-75.95833,52.49167]]]}},{"type":"Feature","properties":{"c":"CDC-2822844","o":"ETM RESOURCES LTD. 100%","e":""},"geometry":{"type":"Polygon","coordinates":[[[-75.91667,52.5],[-75.90833,52.5],[-75.90833,52.49167],[-75.91667,52.49167],[-75.91667,52.5]]]}},{"type":"Feature","properties":{"c":"CDC-2825821","o":"ETM RESOURCES LTD. 100%","e":""},"geometry":{"type":"Polygon","coordinates":[[[-76.00833,52.44167],[-76.0,52.44167],[-76.0,52.43333],[-76.00833,52.43333],[-76.00833,52.44167]]]}},{"type":"Feature","properties":{"c":"CDC-2804051","o":"ETM RESOURCES LTD. 100%","e":""},"geometry":{"type":"Polygon","coordinates":[[[-76.00833,52.45],[-76.0,52.45],[-76.0,52.44167],[-76.00833,52.44167],[-76.00833,52.45]]]}},{"type":"Feature","properties":{"c":"CDC-2804052","o":"ETM RESOURCES LTD. 100%","e":""},"geometry":{"type":"Polygon","coordinates":[[[-76.00833,52.45833],[-76.0,52.45833],[-76.0,52.45],[-76.00833,52.45],[-76.00833,52.45833]]]}},{"type":"Feature","properties":{"c":"CDC-2804053","o":"ETM RESOURCES LTD. 100%","e":""},"geometry":{"type":"Polygon","coordinates":[[[-76.00833,52.46667],[-76.0,52.46667],[-76.0,52.45833],[-76.00833,52.45833],[-76.00833,52.46667]]]}},{"type":"Feature","properties":{"c":"CDC-2804054","o":"ETM RESOURCES LTD. 100%","e":""},"geometry":{"type":"Polygon","coordinates":[[[-76.00833,52.475],[-76.0,52.475],[-76.0,52.46667],[-76.00833,52.46667],[-76.00833,52.475]]]}},{"type":"Feature","properties":{"c":"CDC-2825817","o":"ETM RESOURCES LTD. 100%","e":""},"geometry":{"type":"Polygon","coordinates":[[[-76.0,52.44167],[-75.99167,52.44167],[-75.99167,52.43333],[-76.0,52.43333],[-76.0,52.44167]]]}},{"type":"Feature","properties":{"c":"CDC-2804045","o":"ETM RESOURCES LTD. 100%","e":""},"geometry":{"type":"Polygon","coordinates":[[[-76.0,52.45],[-75.99167,52.45],[-75.99167,52.44167],[-76.0,52.44167],[-76.0,52.45]]]}},{"type":"Feature","properties":{"c":"CDC-2804047","o":"ETM RESOURCES LTD. 100%","e":""},"geometry":{"type":"Polygon","coordinates":[[[-76.0,52.45833],[-75.99167,52.45833],[-75.99167,52.45],[-76.0,52.45],[-76.0,52.45833]]]}},{"type":"Feature","properties":{"c":"CDC-2804049","o":"ETM RESOURCES LTD. 100%","e":""},"geometry":{"type":"Polygon","coordinates":[[[-76.0,52.46667],[-75.99167,52.46667],[-75.99167,52.45833],[-76.0,52.45833],[-76.0,52.46667]]]}},{"type":"Feature","properties":{"c":"CDC-2825818","o":"ETM RESOURCES LTD. 100%","e":""},"geometry":{"type":"Polygon","coordinates":[[[-75.99167,52.44167],[-75.98333,52.44167],[-75.98333,52.43333],[-75.99167,52.43333],[-75.99167,52.44167]]]}},{"type":"Feature","properties":{"c":"CDC-2804046","o":"ETM RESOURCES LTD. 100%","e":""},"geometry":{"type":"Polygon","coordinates":[[[-75.99167,52.45],[-75.98333,52.45],[-75.98333,52.44167],[-75.99167,52.44167],[-75.99167,52.45]]]}},{"type":"Feature","properties":{"c":"CDC-2804048","o":"ETM RESOURCES LTD. 100%","e":""},"geometry":{"type":"Polygon","coordinates":[[[-75.99167,52.45833],[-75.98333,52.45833],[-75.98333,52.45],[-75.99167,52.45],[-75.99167,52.45833]]]}},{"type":"Feature","properties":{"c":"CDC-2804050","o":"ETM RESOURCES LTD. 100%","e":""},"geometry":{"type":"Polygon","coordinates":[[[-75.99167,52.46667],[-75.98333,52.46667],[-75.98333,52.45833],[-75.99167,52.45833],[-75.99167,52.46667]]]}},{"type":"Feature","properties":{"c":"CDC-2822819","o":"ETM RESOURCES LTD. 100%","e":""},"geometry":{"type":"Polygon","coordinates":[[[-75.98333,52.44167],[-75.975,52.44167],[-75.975,52.43333],[-75.98333,52.43333],[-75.98333,52.44167]]]}},{"type":"Feature","properties":{"c":"CDC-2801545","o":"ETM RESOURCES LTD. 100%","e":""},"geometry":{"type":"Polygon","coordinates":[[[-75.98333,52.45],[-75.975,52.45],[-75.975,52.44167],[-75.98333,52.44167],[-75.98333,52.45]]]}},{"type":"Feature","properties":{"c":"CDC-2801552","o":"ETM RESOURCES LTD. 100%","e":""},"geometry":{"type":"Polygon","coordinates":[[[-75.98333,52.45833],[-75.975,52.45833],[-75.975,52.45],[-75.98333,52.45],[-75.98333,52.45833]]]}},{"type":"Feature","properties":{"c":"CDC-2801559","o":"ETM RESOURCES LTD. 100%","e":""},"geometry":{"type":"Polygon","coordinates":[[[-75.98333,52.46667],[-75.975,52.46667],[-75.975,52.45833],[-75.98333,52.45833],[-75.98333,52.46667]]]}},{"type":"Feature","properties":{"c":"CDC-2822820","o":"ETM RESOURCES LTD. 100%","e":""},"geometry":{"type":"Polygon","coordinates":[[[-75.975,52.44167],[-75.96667,52.44167],[-75.96667,52.43333],[-75.975,52.43333],[-75.975,52.44167]]]}},{"type":"Feature","properties":{"c":"CDC-2801542","o":"ETM RESOURCES LTD. 100%","e":""},"geometry":{"type":"Polygon","coordinates":[[[-75.95,52.44167],[-75.94167,52.44167],[-75.94167,52.43333],[-75.95,52.43333],[-75.95,52.44167]]]}},{"type":"Feature","properties":{"c":"CDC-2801541","o":"ETM RESOURCES LTD. 100%","e":""},"geometry":{"type":"Polygon","coordinates":[[[-75.95833,52.44167],[-75.95,52.44167],[-75.95,52.43333],[-75.95833,52.43333],[-75.95833,52.44167]]]}},{"type":"Feature","properties":{"c":"CDC-2822821","o":"ETM RESOURCES LTD. 100%","e":""},"geometry":{"type":"Polygon","coordinates":[[[-75.96667,52.44167],[-75.95833,52.44167],[-75.95833,52.43333],[-75.96667,52.43333],[-75.96667,52.44167]]]}},{"type":"Feature","properties":{"c":"CDC-2822827","o":"ETM RESOURCES LTD. 100%","e":""},"geometry":{"type":"Polygon","coordinates":[[[-75.90833,52.45],[-75.9,52.45],[-75.9,52.44167],[-75.90833,52.44167],[-75.90833,52.45]]]}},{"type":"Feature","properties":{"c":"CDC-2822826","o":"ETM RESOURCES LTD. 100%","e":""},"geometry":{"type":"Polygon","coordinates":[[[-75.91667,52.45],[-75.90833,52.45],[-75.90833,52.44167],[-75.91667,52.44167],[-75.91667,52.45]]]}},{"type":"Feature","properties":{"c":"CDC-2822825","o":"ETM RESOURCES LTD. 100%","e":""},"geometry":{"type":"Polygon","coordinates":[[[-75.925,52.45],[-75.91667,52.45],[-75.91667,52.44167],[-75.925,52.44167],[-75.925,52.45]]]}},{"type":"Feature","properties":{"c":"CDC-2801551","o":"ETM RESOURCES LTD. 100%","e":""},"geometry":{"type":"Polygon","coordinates":[[[-75.93333,52.45],[-75.925,52.45],[-75.925,52.44167],[-75.93333,52.44167],[-75.93333,52.45]]]}},{"type":"Feature","properties":{"c":"CDC-2801550","o":"ETM RESOURCES LTD. 100%","e":""},"geometry":{"type":"Polygon","coordinates":[[[-75.94167,52.45],[-75.93333,52.45],[-75.93333,52.44167],[-75.94167,52.44167],[-75.94167,52.45]]]}},{"type":"Feature","properties":{"c":"CDC-2801549","o":"ETM RESOURCES LTD. 100%","e":""},"geometry":{"type":"Polygon","coordinates":[[[-75.95,52.45],[-75.94167,52.45],[-75.94167,52.44167],[-75.95,52.44167],[-75.95,52.45]]]}},{"type":"Feature","properties":{"c":"CDC-2801548","o":"ETM RESOURCES LTD. 100%","e":""},"geometry":{"type":"Polygon","coordinates":[[[-75.95833,52.45],[-75.95,52.45],[-75.95,52.44167],[-75.95833,52.44167],[-75.95833,52.45]]]}},{"type":"Feature","properties":{"c":"CDC-2801547","o":"ETM RESOURCES LTD. 100%","e":""},"geometry":{"type":"Polygon","coordinates":[[[-75.96667,52.45],[-75.95833,52.45],[-75.95833,52.44167],[-75.96667,52.44167],[-75.96667,52.45]]]}},{"type":"Feature","properties":{"c":"CDC-2801546","o":"ETM RESOURCES LTD. 100%","e":""},"geometry":{"type":"Polygon","coordinates":[[[-75.975,52.45],[-75.96667,52.45],[-75.96667,52.44167],[-75.975,52.44167],[-75.975,52.45]]]}},{"type":"Feature","properties":{"c":"CDC-2822830","o":"ETM RESOURCES LTD. 100%","e":""},"geometry":{"type":"Polygon","coordinates":[[[-75.90833,52.45833],[-75.9,52.45833],[-75.9,52.45],[-75.90833,52.45],[-75.90833,52.45833]]]}},{"type":"Feature","properties":{"c":"CDC-2822829","o":"ETM RESOURCES LTD. 100%","e":""},"geometry":{"type":"Polygon","coordinates":[[[-75.91667,52.45833],[-75.90833,52.45833],[-75.90833,52.45],[-75.91667,52.45],[-75.91667,52.45833]]]}},{"type":"Feature","properties":{"c":"CDC-2822828","o":"ETM RESOURCES LTD. 100%","e":""},"geometry":{"type":"Polygon","coordinates":[[[-75.925,52.45833],[-75.91667,52.45833],[-75.91667,52.45],[-75.925,52.45],[-75.925,52.45833]]]}},{"type":"Feature","properties":{"c":"CDC-2801558","o":"ETM RESOURCES LTD. 100%","e":""},"geometry":{"type":"Polygon","coordinates":[[[-75.93333,52.45833],[-75.925,52.45833],[-75.925,52.45],[-75.93333,52.45],[-75.93333,52.45833]]]}},{"type":"Feature","properties":{"c":"CDC-2801557","o":"ETM RESOURCES LTD. 100%","e":""},"geometry":{"type":"Polygon","coordinates":[[[-75.94167,52.45833],[-75.93333,52.45833],[-75.93333,52.45],[-75.94167,52.45],[-75.94167,52.45833]]]}},{"type":"Feature","properties":{"c":"CDC-2801556","o":"ETM RESOURCES LTD. 100%","e":""},"geometry":{"type":"Polygon","coordinates":[[[-75.95,52.45833],[-75.94167,52.45833],[-75.94167,52.45],[-75.95,52.45],[-75.95,52.45833]]]}},{"type":"Feature","properties":{"c":"CDC-2801555","o":"ETM RESOURCES LTD. 100%","e":""},"geometry":{"type":"Polygon","coordinates":[[[-75.95833,52.45833],[-75.95,52.45833],[-75.95,52.45],[-75.95833,52.45],[-75.95833,52.45833]]]}},{"type":"Feature","properties":{"c":"CDC-2801554","o":"ETM RESOURCES LTD. 100%","e":""},"geometry":{"type":"Polygon","coordinates":[[[-75.96667,52.45833],[-75.95833,52.45833],[-75.95833,52.45],[-75.96667,52.45],[-75.96667,52.45833]]]}},{"type":"Feature","properties":{"c":"CDC-2801553","o":"ETM RESOURCES LTD. 100%","e":""},"geometry":{"type":"Polygon","coordinates":[[[-75.975,52.45833],[-75.96667,52.45833],[-75.96667,52.45],[-75.975,52.45],[-75.975,52.45833]]]}},{"type":"Feature","properties":{"c":"CDC-2822833","o":"ETM RESOURCES LTD. 100%","e":""},"geometry":{"type":"Polygon","coordinates":[[[-75.90833,52.46667],[-75.9,52.46667],[-75.9,52.45833],[-75.90833,52.45833],[-75.90833,52.46667]]]}},{"type":"Feature","properties":{"c":"CDC-2822832","o":"ETM RESOURCES LTD. 100%","e":""},"geometry":{"type":"Polygon","coordinates":[[[-75.91667,52.46667],[-75.90833,52.46667],[-75.90833,52.45833],[-75.91667,52.45833],[-75.91667,52.46667]]]}},{"type":"Feature","properties":{"c":"CDC-2822831","o":"ETM RESOURCES LTD. 100%","e":""},"geometry":{"type":"Polygon","coordinates":[[[-75.925,52.46667],[-75.91667,52.46667],[-75.91667,52.45833],[-75.925,52.45833],[-75.925,52.46667]]]}},{"type":"Feature","properties":{"c":"CDC-2765801","o":"ETM RESOURCES LTD. 100%","e":""},"geometry":{"type":"Polygon","coordinates":[[[-75.93333,52.46667],[-75.925,52.46667],[-75.925,52.45833],[-75.93333,52.45833],[-75.93333,52.46667]]]}},{"type":"Feature","properties":{"c":"CDC-2765800","o":"ETM RESOURCES LTD. 100%","e":""},"geometry":{"type":"Polygon","coordinates":[[[-75.94167,52.46667],[-75.93333,52.46667],[-75.93333,52.45833],[-75.94167,52.45833],[-75.94167,52.46667]]]}},{"type":"Feature","properties":{"c":"CDC-2765799","o":"ETM RESOURCES LTD. 100%","e":""},"geometry":{"type":"Polygon","coordinates":[[[-75.95,52.46667],[-75.94167,52.46667],[-75.94167,52.45833],[-75.95,52.45833],[-75.95,52.46667]]]}},{"type":"Feature","properties":{"c":"CDC-2825820","o":"ETM RESOURCES LTD. 100%","e":""},"geometry":{"type":"Polygon","coordinates":[[[-76.00833,52.43333],[-76.0,52.43333],[-76.0,52.425],[-76.00833,52.425],[-76.00833,52.43333]]]}},{"type":"Feature","properties":{"c":"CDC-2825815","o":"ETM RESOURCES LTD. 100%","e":""},"geometry":{"type":"Polygon","coordinates":[[[-76.0,52.43333],[-75.99167,52.43333],[-75.99167,52.425],[-76.0,52.425],[-76.0,52.43333]]]}},{"type":"Feature","properties":{"c":"CDC-2825816","o":"ETM RESOURCES LTD. 100%","e":""},"geometry":{"type":"Polygon","coordinates":[[[-75.99167,52.43333],[-75.98333,52.43333],[-75.98333,52.425],[-75.99167,52.425],[-75.99167,52.43333]]]}},{"type":"Feature","properties":{"c":"CDC-2822809","o":"ETM RESOURCES LTD. 100%","e":""},"geometry":{"type":"Polygon","coordinates":[[[-75.98333,52.43333],[-75.975,52.43333],[-75.975,52.425],[-75.98333,52.425],[-75.98333,52.43333]]]}},{"type":"Feature","properties":{"c":"CDC-2822810","o":"ETM RESOURCES LTD. 100%","e":""},"geometry":{"type":"Polygon","coordinates":[[[-75.975,52.43333],[-75.96667,52.43333],[-75.96667,52.425],[-75.975,52.425],[-75.975,52.43333]]]}},{"type":"Feature","properties":{"c":"CDC-2822811","o":"ETM RESOURCES LTD. 100%","e":""},"geometry":{"type":"Polygon","coordinates":[[[-75.96667,52.43333],[-75.95833,52.43333],[-75.95833,52.425],[-75.96667,52.425],[-75.96667,52.43333]]]}},{"type":"Feature","properties":{"c":"CDC-2822812","o":"ETM RESOURCES LTD. 100%","e":""},"geometry":{"type":"Polygon","coordinates":[[[-75.95833,52.43333],[-75.95,52.43333],[-75.95,52.425],[-75.95833,52.425],[-75.95833,52.43333]]]}},{"type":"Feature","properties":{"c":"CDC-2822813","o":"ETM RESOURCES LTD. 100%","e":""},"geometry":{"type":"Polygon","coordinates":[[[-75.95,52.43333],[-75.94167,52.43333],[-75.94167,52.425],[-75.95,52.425],[-75.95,52.43333]]]}},{"type":"Feature","properties":{"c":"CDC-2822814","o":"ETM RESOURCES LTD. 100%","e":""},"geometry":{"type":"Polygon","coordinates":[[[-75.94167,52.43333],[-75.93333,52.43333],[-75.93333,52.425],[-75.94167,52.425],[-75.94167,52.43333]]]}},{"type":"Feature","properties":{"c":"CDC-2801543","o":"ETM RESOURCES LTD. 100%","e":""},"geometry":{"type":"Polygon","coordinates":[[[-75.94167,52.44167],[-75.93333,52.44167],[-75.93333,52.43333],[-75.94167,52.43333],[-75.94167,52.44167]]]}},{"type":"Feature","properties":{"c":"CDC-2822815","o":"ETM RESOURCES LTD. 100%","e":""},"geometry":{"type":"Polygon","coordinates":[[[-75.93333,52.43333],[-75.925,52.43333],[-75.925,52.425],[-75.93333,52.425],[-75.93333,52.43333]]]}},{"type":"Feature","properties":{"c":"CDC-2801544","o":"ETM RESOURCES LTD. 100%","e":""},"geometry":{"type":"Polygon","coordinates":[[[-75.93333,52.44167],[-75.925,52.44167],[-75.925,52.43333],[-75.93333,52.43333],[-75.93333,52.44167]]]}},{"type":"Feature","properties":{"c":"CDC-2822816","o":"ETM RESOURCES LTD. 100%","e":""},"geometry":{"type":"Polygon","coordinates":[[[-75.925,52.43333],[-75.91667,52.43333],[-75.91667,52.425],[-75.925,52.425],[-75.925,52.43333]]]}},{"type":"Feature","properties":{"c":"CDC-2822822","o":"ETM RESOURCES LTD. 100%","e":""},"geometry":{"type":"Polygon","coordinates":[[[-75.925,52.44167],[-75.91667,52.44167],[-75.91667,52.43333],[-75.925,52.43333],[-75.925,52.44167]]]}},{"type":"Feature","properties":{"c":"CDC-2822817","o":"ETM RESOURCES LTD. 100%","e":""},"geometry":{"type":"Polygon","coordinates":[[[-75.91667,52.43333],[-75.90833,52.43333],[-75.90833,52.425],[-75.91667,52.425],[-75.91667,52.43333]]]}},{"type":"Feature","properties":{"c":"CDC-2822823","o":"ETM RESOURCES LTD. 100%","e":""},"geometry":{"type":"Polygon","coordinates":[[[-75.91667,52.44167],[-75.90833,52.44167],[-75.90833,52.43333],[-75.91667,52.43333],[-75.91667,52.44167]]]}},{"type":"Feature","properties":{"c":"CDC-2822818","o":"ETM RESOURCES LTD. 100%","e":""},"geometry":{"type":"Polygon","coordinates":[[[-75.90833,52.43333],[-75.9,52.43333],[-75.9,52.425],[-75.90833,52.425],[-75.90833,52.43333]]]}},{"type":"Feature","properties":{"c":"CDC-2822824","o":"ETM RESOURCES LTD. 100%","e":""},"geometry":{"type":"Polygon","coordinates":[[[-75.90833,52.44167],[-75.9,52.44167],[-75.9,52.43333],[-75.90833,52.43333],[-75.90833,52.44167]]]}},{"type":"Feature","properties":{"c":"CDC-2862651","o":"SOQUEM inc. 100%","e":""},"geometry":{"type":"Polygon","coordinates":[[[-75.74167,52.33333],[-75.73333,52.33333],[-75.73333,52.325],[-75.74167,52.325],[-75.74167,52.33333]]]}},{"type":"Feature","properties":{"c":"CDC-2862650","o":"SOQUEM inc. 100%","e":""},"geometry":{"type":"Polygon","coordinates":[[[-75.75,52.33333],[-75.74167,52.33333],[-75.74167,52.325],[-75.75,52.325],[-75.75,52.33333]]]}},{"type":"Feature","properties":{"c":"CDC-2862649","o":"SOQUEM inc. 100%","e":""},"geometry":{"type":"Polygon","coordinates":[[[-75.75833,52.33333],[-75.75,52.33333],[-75.75,52.325],[-75.75833,52.325],[-75.75833,52.33333]]]}},{"type":"Feature","properties":{"c":"CDC-2862648","o":"SOQUEM inc. 100%","e":""},"geometry":{"type":"Polygon","coordinates":[[[-75.76667,52.33333],[-75.75833,52.33333],[-75.75833,52.325],[-75.76667,52.325],[-75.76667,52.33333]]]}},{"type":"Feature","properties":{"c":"CDC-2862647","o":"SOQUEM inc. 100%","e":""},"geometry":{"type":"Polygon","coordinates":[[[-75.775,52.33333],[-75.76667,52.33333],[-75.76667,52.325],[-75.775,52.325],[-75.775,52.33333]]]}},{"type":"Feature","properties":{"c":"CDC-2862658","o":"SOQUEM inc. 100%","e":""},"geometry":{"type":"Polygon","coordinates":[[[-75.725,52.34167],[-75.71667,52.34167],[-75.71667,52.33333],[-75.725,52.33333],[-75.725,52.34167]]]}},{"type":"Feature","properties":{"c":"CDC-2862657","o":"SOQUEM inc. 100%","e":""},"geometry":{"type":"Polygon","coordinates":[[[-75.73333,52.34167],[-75.725,52.34167],[-75.725,52.33333],[-75.73333,52.33333],[-75.73333,52.34167]]]}},{"type":"Feature","properties":{"c":"CDC-2862656","o":"SOQUEM inc. 100%","e":""},"geometry":{"type":"Polygon","coordinates":[[[-75.74167,52.34167],[-75.73333,52.34167],[-75.73333,52.33333],[-75.74167,52.33333],[-75.74167,52.34167]]]}},{"type":"Feature","properties":{"c":"CDC-2862655","o":"SOQUEM inc. 100%","e":""},"geometry":{"type":"Polygon","coordinates":[[[-75.75,52.34167],[-75.74167,52.34167],[-75.74167,52.33333],[-75.75,52.33333],[-75.75,52.34167]]]}},{"type":"Feature","properties":{"c":"CDC-2862654","o":"SOQUEM inc. 100%","e":""},"geometry":{"type":"Polygon","coordinates":[[[-75.75833,52.34167],[-75.75,52.34167],[-75.75,52.33333],[-75.75833,52.33333],[-75.75833,52.34167]]]}},{"type":"Feature","properties":{"c":"CDC-2862653","o":"SOQUEM inc. 100%","e":""},"geometry":{"type":"Polygon","coordinates":[[[-75.76667,52.34167],[-75.75833,52.34167],[-75.75833,52.33333],[-75.76667,52.33333],[-75.76667,52.34167]]]}},{"type":"Feature","properties":{"c":"CDC-2862652","o":"SOQUEM inc. 100%","e":""},"geometry":{"type":"Polygon","coordinates":[[[-75.775,52.34167],[-75.76667,52.34167],[-75.76667,52.33333],[-75.775,52.33333],[-75.775,52.34167]]]}},{"type":"Feature","properties":{"c":"CDC-2875611","o":"SOQUEM inc. 100%","e":""},"geometry":{"type":"Polygon","coordinates":[[[-75.78333,52.34167],[-75.775,52.34167],[-75.775,52.33333],[-75.78333,52.33333],[-75.78333,52.34167]]]}},{"type":"Feature","properties":{"c":"CDC-2862667","o":"SOQUEM inc. 100%","e":""},"geometry":{"type":"Polygon","coordinates":[[[-75.725,52.35],[-75.71667,52.35],[-75.71667,52.34167],[-75.725,52.34167],[-75.725,52.35]]]}},{"type":"Feature","properties":{"c":"CDC-2862666","o":"SOQUEM inc. 100%","e":""},"geometry":{"type":"Polygon","coordinates":[[[-75.73333,52.35],[-75.725,52.35],[-75.725,52.34167],[-75.73333,52.34167],[-75.73333,52.35]]]}},{"type":"Feature","properties":{"c":"CDC-2862665","o":"SOQUEM inc. 100%","e":""},"geometry":{"type":"Polygon","coordinates":[[[-75.74167,52.35],[-75.73333,52.35],[-75.73333,52.34167],[-75.74167,52.34167],[-75.74167,52.35]]]}},{"type":"Feature","properties":{"c":"CDC-2862664","o":"SOQUEM inc. 100%","e":""},"geometry":{"type":"Polygon","coordinates":[[[-75.75,52.35],[-75.74167,52.35],[-75.74167,52.34167],[-75.75,52.34167],[-75.75,52.35]]]}},{"type":"Feature","properties":{"c":"CDC-2862663","o":"SOQUEM inc. 100%","e":""},"geometry":{"type":"Polygon","coordinates":[[[-75.75833,52.35],[-75.75,52.35],[-75.75,52.34167],[-75.75833,52.34167],[-75.75833,52.35]]]}},{"type":"Feature","properties":{"c":"CDC-2862662","o":"SOQUEM inc. 100%","e":""},"geometry":{"type":"Polygon","coordinates":[[[-75.76667,52.35],[-75.75833,52.35],[-75.75833,52.34167],[-75.76667,52.34167],[-75.76667,52.35]]]}},{"type":"Feature","properties":{"c":"CDC-2875615","o":"SOQUEM inc. 100%","e":""},"geometry":{"type":"Polygon","coordinates":[[[-75.775,52.35],[-75.76667,52.35],[-75.76667,52.34167],[-75.775,52.34167],[-75.775,52.35]]]}},{"type":"Feature","properties":{"c":"CDC-2875614","o":"SOQUEM inc. 100%","e":""},"geometry":{"type":"Polygon","coordinates":[[[-75.78333,52.35],[-75.775,52.35],[-75.775,52.34167],[-75.78333,52.34167],[-75.78333,52.35]]]}},{"type":"Feature","properties":{"c":"CDC-2862676","o":"SOQUEM inc. 100%","e":""},"geometry":{"type":"Polygon","coordinates":[[[-75.725,52.35833],[-75.71667,52.35833],[-75.71667,52.35],[-75.725,52.35],[-75.725,52.35833]]]}},{"type":"Feature","properties":{"c":"CDC-2862675","o":"SOQUEM inc. 100%","e":""},"geometry":{"type":"Polygon","coordinates":[[[-75.73333,52.35833],[-75.725,52.35833],[-75.725,52.35],[-75.73333,52.35],[-75.73333,52.35833]]]}},{"type":"Feature","properties":{"c":"CDC-2862674","o":"SOQUEM inc. 100%","e":""},"geometry":{"type":"Polygon","coordinates":[[[-75.74167,52.35833],[-75.73333,52.35833],[-75.73333,52.35],[-75.74167,52.35],[-75.74167,52.35833]]]}},{"type":"Feature","properties":{"c":"CDC-2862673","o":"SOQUEM inc. 100%","e":""},"geometry":{"type":"Polygon","coordinates":[[[-75.75,52.35833],[-75.74167,52.35833],[-75.74167,52.35],[-75.75,52.35],[-75.75,52.35833]]]}},{"type":"Feature","properties":{"c":"CDC-2862672","o":"SOQUEM inc. 100%","e":""},"geometry":{"type":"Polygon","coordinates":[[[-75.75833,52.35833],[-75.75,52.35833],[-75.75,52.35],[-75.75833,52.35],[-75.75833,52.35833]]]}},{"type":"Feature","properties":{"c":"CDC-2862671","o":"SOQUEM inc. 100%","e":""},"geometry":{"type":"Polygon","coordinates":[[[-75.76667,52.35833],[-75.75833,52.35833],[-75.75833,52.35],[-75.76667,52.35],[-75.76667,52.35833]]]}},{"type":"Feature","properties":{"c":"CDC-2655901","o":"Exploration Azimut inc. 100%","e":""},"geometry":{"type":"Polygon","coordinates":[[[-75.875,52.33333],[-75.86667,52.33333],[-75.86667,52.325],[-75.875,52.325],[-75.875,52.33333]]]}},{"type":"Feature","properties":{"c":"CDC-2655903","o":"Exploration Azimut inc. 100%","e":""},"geometry":{"type":"Polygon","coordinates":[[[-75.875,52.34167],[-75.86667,52.34167],[-75.86667,52.33333],[-75.875,52.33333],[-75.875,52.34167]]]}},{"type":"Feature","properties":{"c":"CDC-2655905","o":"Exploration Azimut inc. 100%","e":""},"geometry":{"type":"Polygon","coordinates":[[[-75.875,52.35],[-75.86667,52.35],[-75.86667,52.34167],[-75.875,52.34167],[-75.875,52.35]]]}},{"type":"Feature","properties":{"c":"CDC-2698862","o":"Exploration Azimut inc. 100%","e":""},"geometry":{"type":"Polygon","coordinates":[[[-75.86667,52.325],[-75.85833,52.325],[-75.85833,52.31667],[-75.86667,52.31667],[-75.86667,52.325]]]}},{"type":"Feature","properties":{"c":"CDC-2654714","o":"Exploration Azimut inc. 100%","e":""},"geometry":{"type":"Polygon","coordinates":[[[-75.86667,52.33333],[-75.85833,52.33333],[-75.85833,52.325],[-75.86667,52.325],[-75.86667,52.33333]]]}},{"type":"Feature","properties":{"c":"CDC-2654719","o":"Exploration Azimut inc. 100%","e":""},"geometry":{"type":"Polygon","coordinates":[[[-75.86667,52.34167],[-75.85833,52.34167],[-75.85833,52.33333],[-75.86667,52.33333],[-75.86667,52.34167]]]}},{"type":"Feature","properties":{"c":"CDC-2654727","o":"Exploration Azimut inc. 100%","e":""},"geometry":{"type":"Polygon","coordinates":[[[-75.86667,52.35],[-75.85833,52.35],[-75.85833,52.34167],[-75.86667,52.34167],[-75.86667,52.35]]]}},{"type":"Feature","properties":{"c":"CDC-2654715","o":"Exploration Azimut inc. 100%","e":""},"geometry":{"type":"Polygon","coordinates":[[[-75.85833,52.33333],[-75.85,52.33333],[-75.85,52.325],[-75.85833,52.325],[-75.85833,52.33333]]]}},{"type":"Feature","properties":{"c":"CDC-2654720","o":"Exploration Azimut inc. 100%","e":""},"geometry":{"type":"Polygon","coordinates":[[[-75.85833,52.34167],[-75.85,52.34167],[-75.85,52.33333],[-75.85833,52.33333],[-75.85833,52.34167]]]}},{"type":"Feature","properties":{"c":"CDC-2654728","o":"Exploration Azimut inc. 100%","e":""},"geometry":{"type":"Polygon","coordinates":[[[-75.85833,52.35],[-75.85,52.35],[-75.85,52.34167],[-75.85833,52.34167],[-75.85833,52.35]]]}},{"type":"Feature","properties":{"c":"CDC-2698865","o":"Exploration Azimut inc. 100%","e":""},"geometry":{"type":"Polygon","coordinates":[[[-75.85,52.33333],[-75.84167,52.33333],[-75.84167,52.325],[-75.85,52.325],[-75.85,52.33333]]]}},{"type":"Feature","properties":{"c":"CDC-2654721","o":"Exploration Azimut inc. 100%","e":""},"geometry":{"type":"Polygon","coordinates":[[[-75.85,52.34167],[-75.84167,52.34167],[-75.84167,52.33333],[-75.85,52.33333],[-75.85,52.34167]]]}},{"type":"Feature","properties":{"c":"CDC-2654729","o":"Exploration Azimut inc. 100%","e":""},"geometry":{"type":"Polygon","coordinates":[[[-75.85,52.35],[-75.84167,52.35],[-75.84167,52.34167],[-75.85,52.34167],[-75.85,52.35]]]}},{"type":"Feature","properties":{"c":"CDC-2698866","o":"Exploration Azimut inc. 100%","e":""},"geometry":{"type":"Polygon","coordinates":[[[-75.84167,52.33333],[-75.83333,52.33333],[-75.83333,52.325],[-75.84167,52.325],[-75.84167,52.33333]]]}},{"type":"Feature","properties":{"c":"CDC-2654722","o":"Exploration Azimut inc. 100%","e":""},"geometry":{"type":"Polygon","coordinates":[[[-75.84167,52.34167],[-75.83333,52.34167],[-75.83333,52.33333],[-75.84167,52.33333],[-75.84167,52.34167]]]}},{"type":"Feature","properties":{"c":"CDC-2654730","o":"Exploration Azimut inc. 100%","e":""},"geometry":{"type":"Polygon","coordinates":[[[-75.84167,52.35],[-75.83333,52.35],[-75.83333,52.34167],[-75.84167,52.34167],[-75.84167,52.35]]]}},{"type":"Feature","properties":{"c":"CDC-2698867","o":"Exploration Azimut inc. 100%","e":""},"geometry":{"type":"Polygon","coordinates":[[[-75.83333,52.33333],[-75.825,52.33333],[-75.825,52.325],[-75.83333,52.325],[-75.83333,52.33333]]]}},{"type":"Feature","properties":{"c":"CDC-2654723","o":"Exploration Azimut inc. 100%","e":""},"geometry":{"type":"Polygon","coordinates":[[[-75.83333,52.34167],[-75.825,52.34167],[-75.825,52.33333],[-75.83333,52.33333],[-75.83333,52.34167]]]}},{"type":"Feature","properties":{"c":"CDC-2654731","o":"Exploration Azimut inc. 100%","e":""},"geometry":{"type":"Polygon","coordinates":[[[-75.83333,52.35],[-75.825,52.35],[-75.825,52.34167],[-75.83333,52.34167],[-75.83333,52.35]]]}},{"type":"Feature","properties":{"c":"CDC-2698870","o":"Exploration Azimut inc. 100%","e":""},"geometry":{"type":"Polygon","coordinates":[[[-75.825,52.34167],[-75.81667,52.34167],[-75.81667,52.33333],[-75.825,52.33333],[-75.825,52.34167]]]}},{"type":"Feature","properties":{"c":"CDC-2698873","o":"Exploration Azimut inc. 100%","e":""},"geometry":{"type":"Polygon","coordinates":[[[-75.825,52.35],[-75.81667,52.35],[-75.81667,52.34167],[-75.825,52.34167],[-75.825,52.35]]]}},{"type":"Feature","properties":{"c":"CDC-2875709","o":"SOQUEM inc. 100%","e":""},"geometry":{"type":"Polygon","coordinates":[[[-75.79167,52.33333],[-75.78333,52.33333],[-75.78333,52.325],[-75.79167,52.325],[-75.79167,52.33333]]]}},{"type":"Feature","properties":{"c":"CDC-2875710","o":"SOQUEM inc. 100%","e":""},"geometry":{"type":"Polygon","coordinates":[[[-75.79167,52.34167],[-75.78333,52.34167],[-75.78333,52.33333],[-75.79167,52.33333],[-75.79167,52.34167]]]}},{"type":"Feature","properties":{"c":"CDC-2875613","o":"SOQUEM inc. 100%","e":""},"geometry":{"type":"Polygon","coordinates":[[[-75.79167,52.35],[-75.78333,52.35],[-75.78333,52.34167],[-75.79167,52.34167],[-75.79167,52.35]]]}},{"type":"Feature","properties":{"c":"CDC-2875617","o":"SOQUEM inc. 100%","e":""},"geometry":{"type":"Polygon","coordinates":[[[-75.79167,52.35833],[-75.78333,52.35833],[-75.78333,52.35],[-75.79167,52.35],[-75.79167,52.35833]]]}},{"type":"Feature","properties":{"c":"CDC-2875625","o":"SOQUEM inc. 100%","e":""},"geometry":{"type":"Polygon","coordinates":[[[-75.79167,52.36667],[-75.78333,52.36667],[-75.78333,52.35833],[-75.79167,52.35833],[-75.79167,52.36667]]]}},{"type":"Feature","properties":{"c":"CDC-2862646","o":"SOQUEM inc. 100%","e":""},"geometry":{"type":"Polygon","coordinates":[[[-75.78333,52.33333],[-75.775,52.33333],[-75.775,52.325],[-75.78333,52.325],[-75.78333,52.33333]]]}},{"type":"Feature","properties":{"c":"CDC-2655893","o":"Exploration Azimut inc. 100%","e":""},"geometry":{"type":"Polygon","coordinates":[[[-75.93333,52.3],[-75.925,52.3],[-75.925,52.29167],[-75.93333,52.29167],[-75.93333,52.3]]]}},{"type":"Feature","properties":{"c":"CDC-2655892","o":"Exploration Azimut inc. 100%","e":""},"geometry":{"type":"Polygon","coordinates":[[[-75.94167,52.3],[-75.93333,52.3],[-75.93333,52.29167],[-75.94167,52.29167],[-75.94167,52.3]]]}},{"type":"Feature","properties":{"c":"CDC-2655891","o":"Exploration Azimut inc. 100%","e":""},"geometry":{"type":"Polygon","coordinates":[[[-75.95,52.3],[-75.94167,52.3],[-75.94167,52.29167],[-75.95,52.29167],[-75.95,52.3]]]}},{"type":"Feature","properties":{"c":"CDC-2655890","o":"Exploration Azimut inc. 100%","e":""},"geometry":{"type":"Polygon","coordinates":[[[-75.95833,52.3],[-75.95,52.3],[-75.95,52.29167],[-75.95833,52.29167],[-75.95833,52.3]]]}},{"type":"Feature","properties":{"c":"CDC-2698861","o":"Exploration Azimut inc. 100%","e":""},"geometry":{"type":"Polygon","coordinates":[[[-75.875,52.325],[-75.86667,52.325],[-75.86667,52.31667],[-75.875,52.31667],[-75.875,52.325]]]}},{"type":"Feature","properties":{"c":"CDC-2698864","o":"Exploration Azimut inc. 100%","e":""},"geometry":{"type":"Polygon","coordinates":[[[-75.88333,52.33333],[-75.875,52.33333],[-75.875,52.325],[-75.88333,52.325],[-75.88333,52.33333]]]}},{"type":"Feature","properties":{"c":"CDC-2698869","o":"Exploration Azimut inc. 100%","e":""},"geometry":{"type":"Polygon","coordinates":[[[-75.88333,52.34167],[-75.875,52.34167],[-75.875,52.33333],[-75.88333,52.33333],[-75.88333,52.34167]]]}},{"type":"Feature","properties":{"c":"CDC-2797840","o":"Exploration Dios inc. 100%","e":""},"geometry":{"type":"Polygon","coordinates":[[[-75.91667,52.34167],[-75.90833,52.34167],[-75.90833,52.33333],[-75.91667,52.33333],[-75.91667,52.34167]]]}},{"type":"Feature","properties":{"c":"CDC-2797839","o":"Exploration Dios inc. 100%","e":""},"geometry":{"type":"Polygon","coordinates":[[[-75.925,52.34167],[-75.91667,52.34167],[-75.91667,52.33333],[-75.925,52.33333],[-75.925,52.34167]]]}},{"type":"Feature","properties":{"c":"CDC-2797838","o":"Exploration Dios inc. 100%","e":""},"geometry":{"type":"Polygon","coordinates":[[[-75.93333,52.34167],[-75.925,52.34167],[-75.925,52.33333],[-75.93333,52.33333],[-75.93333,52.34167]]]}},{"type":"Feature","properties":{"c":"CDC-2797837","o":"Exploration Dios inc. 100%","e":""},"geometry":{"type":"Polygon","coordinates":[[[-75.94167,52.34167],[-75.93333,52.34167],[-75.93333,52.33333],[-75.94167,52.33333],[-75.94167,52.34167]]]}},{"type":"Feature","properties":{"c":"CDC-2797836","o":"Exploration Dios inc. 100%","e":""},"geometry":{"type":"Polygon","coordinates":[[[-75.95,52.34167],[-75.94167,52.34167],[-75.94167,52.33333],[-75.95,52.33333],[-75.95,52.34167]]]}},{"type":"Feature","properties":{"c":"CDC-2797835","o":"Exploration Dios inc. 100%","e":""},"geometry":{"type":"Polygon","coordinates":[[[-75.95833,52.34167],[-75.95,52.34167],[-75.95,52.33333],[-75.95833,52.33333],[-75.95833,52.34167]]]}},{"type":"Feature","properties":{"c":"CDC-2797834","o":"Exploration Dios inc. 100%","e":""},"geometry":{"type":"Polygon","coordinates":[[[-75.96667,52.34167],[-75.95833,52.34167],[-75.95833,52.33333],[-75.96667,52.33333],[-75.96667,52.34167]]]}},{"type":"Feature","properties":{"c":"CDC-2698872","o":"Exploration Azimut inc. 100%","e":""},"geometry":{"type":"Polygon","coordinates":[[[-75.88333,52.35],[-75.875,52.35],[-75.875,52.34167],[-75.88333,52.34167],[-75.88333,52.35]]]}},{"type":"Feature","properties":{"c":"CDC-2797846","o":"Exploration Dios inc. 100%","e":""},"geometry":{"type":"Polygon","coordinates":[[[-75.90833,52.35],[-75.9,52.35],[-75.9,52.34167],[-75.90833,52.34167],[-75.90833,52.35]]]}},{"type":"Feature","properties":{"c":"CDC-2797845","o":"Exploration Dios inc. 100%","e":""},"geometry":{"type":"Polygon","coordinates":[[[-75.91667,52.35],[-75.90833,52.35],[-75.90833,52.34167],[-75.91667,52.34167],[-75.91667,52.35]]]}},{"type":"Feature","properties":{"c":"CDC-2797844","o":"Exploration Dios inc. 100%","e":""},"geometry":{"type":"Polygon","coordinates":[[[-75.925,52.35],[-75.91667,52.35],[-75.91667,52.34167],[-75.925,52.34167],[-75.925,52.35]]]}},{"type":"Feature","properties":{"c":"CDC-2797843","o":"Exploration Dios inc. 100%","e":""},"geometry":{"type":"Polygon","coordinates":[[[-75.93333,52.35],[-75.925,52.35],[-75.925,52.34167],[-75.93333,52.34167],[-75.93333,52.35]]]}},{"type":"Feature","properties":{"c":"CDC-2797842","o":"Exploration Dios inc. 100%","e":""},"geometry":{"type":"Polygon","coordinates":[[[-75.94167,52.35],[-75.93333,52.35],[-75.93333,52.34167],[-75.94167,52.34167],[-75.94167,52.35]]]}},{"type":"Feature","properties":{"c":"CDC-2797841","o":"Exploration Dios inc. 100%","e":""},"geometry":{"type":"Polygon","coordinates":[[[-75.95,52.35],[-75.94167,52.35],[-75.94167,52.34167],[-75.95,52.34167],[-75.95,52.35]]]}},{"type":"Feature","properties":{"c":"CDC-2797849","o":"Exploration Dios inc. 100%","e":""},"geometry":{"type":"Polygon","coordinates":[[[-75.9,52.35833],[-75.89167,52.35833],[-75.89167,52.35],[-75.9,52.35],[-75.9,52.35833]]]}},{"type":"Feature","properties":{"c":"CDC-2797848","o":"Exploration Dios inc. 100%","e":""},"geometry":{"type":"Polygon","coordinates":[[[-75.90833,52.35833],[-75.9,52.35833],[-75.9,52.35],[-75.90833,52.35],[-75.90833,52.35833]]]}},{"type":"Feature","properties":{"c":"CDC-2797847","o":"Exploration Dios inc. 100%","e":""},"geometry":{"type":"Polygon","coordinates":[[[-75.91667,52.35833],[-75.90833,52.35833],[-75.90833,52.35],[-75.91667,52.35],[-75.91667,52.35833]]]}},{"type":"Feature","properties":{"c":"CDC-2797555","o":"Exploration Dios inc. 100%","e":""},"geometry":{"type":"Polygon","coordinates":[[[-75.9,52.39167],[-75.89167,52.39167],[-75.89167,52.38333],[-75.9,52.38333],[-75.9,52.39167]]]}},{"type":"Feature","properties":{"c":"CDC-2797554","o":"Exploration Dios inc. 100%","e":""},"geometry":{"type":"Polygon","coordinates":[[[-75.90833,52.39167],[-75.9,52.39167],[-75.9,52.38333],[-75.90833,52.38333],[-75.90833,52.39167]]]}},{"type":"Feature","properties":{"c":"CDC-2875704","o":"SOQUEM inc. 100%","e":""},"geometry":{"type":"Polygon","coordinates":[[[-75.76667,52.30833],[-75.75833,52.30833],[-75.75833,52.3],[-75.76667,52.3],[-75.76667,52.30833]]]}},{"type":"Feature","properties":{"c":"CDC-2875703","o":"SOQUEM inc. 100%","e":""},"geometry":{"type":"Polygon","coordinates":[[[-75.775,52.30833],[-75.76667,52.30833],[-75.76667,52.3],[-75.775,52.3],[-75.775,52.30833]]]}},{"type":"Feature","properties":{"c":"CDC-2875702","o":"SOQUEM inc. 100%","e":""},"geometry":{"type":"Polygon","coordinates":[[[-75.78333,52.30833],[-75.775,52.30833],[-75.775,52.3],[-75.78333,52.3],[-75.78333,52.30833]]]}},{"type":"Feature","properties":{"c":"CDC-2875701","o":"SOQUEM inc. 100%","e":""},"geometry":{"type":"Polygon","coordinates":[[[-75.79167,52.30833],[-75.78333,52.30833],[-75.78333,52.3],[-75.79167,52.3],[-75.79167,52.30833]]]}},{"type":"Feature","properties":{"c":"CDC-2216696","o":"Exploration Dios inc. 100%","e":""},"geometry":{"type":"Polygon","coordinates":[[[-75.71667,52.31667],[-75.70833,52.31667],[-75.70833,52.30833],[-75.71667,52.30833],[-75.71667,52.31667]]]}},{"type":"Feature","properties":{"c":"CDC-2216106","o":"Exploration Dios inc. 100%","e":""},"geometry":{"type":"Polygon","coordinates":[[[-75.725,52.31667],[-75.71667,52.31667],[-75.71667,52.30833],[-75.725,52.30833],[-75.725,52.31667]]]}},{"type":"Feature","properties":{"c":"CDC-2216105","o":"Exploration Dios inc. 100%","e":""},"geometry":{"type":"Polygon","coordinates":[[[-75.73333,52.31667],[-75.725,52.31667],[-75.725,52.30833],[-75.73333,52.30833],[-75.73333,52.31667]]]}},{"type":"Feature","properties":{"c":"CDC-2216104","o":"Exploration Dios inc. 100%","e":""},"geometry":{"type":"Polygon","coordinates":[[[-75.74167,52.31667],[-75.73333,52.31667],[-75.73333,52.30833],[-75.74167,52.30833],[-75.74167,52.31667]]]}},{"type":"Feature","properties":{"c":"CDC-2216103","o":"Exploration Dios inc. 100%","e":""},"geometry":{"type":"Polygon","coordinates":[[[-75.75,52.31667],[-75.74167,52.31667],[-75.74167,52.30833],[-75.75,52.30833],[-75.75,52.31667]]]}},{"type":"Feature","properties":{"c":"CDC-2216102","o":"Exploration Dios inc. 100%","e":""},"geometry":{"type":"Polygon","coordinates":[[[-75.75833,52.31667],[-75.75,52.31667],[-75.75,52.30833],[-75.75833,52.30833],[-75.75833,52.31667]]]}},{"type":"Feature","properties":{"c":"CDC-2216101","o":"Exploration Dios inc. 100%","e":""},"geometry":{"type":"Polygon","coordinates":[[[-75.76667,52.31667],[-75.75833,52.31667],[-75.75833,52.30833],[-75.76667,52.30833],[-75.76667,52.31667]]]}},{"type":"Feature","properties":{"c":"CDC-2862640","o":"SOQUEM inc. 100%","e":""},"geometry":{"type":"Polygon","coordinates":[[[-75.775,52.31667],[-75.76667,52.31667],[-75.76667,52.30833],[-75.775,52.30833],[-75.775,52.31667]]]}},{"type":"Feature","properties":{"c":"CDC-2862639","o":"SOQUEM inc. 100%","e":""},"geometry":{"type":"Polygon","coordinates":[[[-75.78333,52.31667],[-75.775,52.31667],[-75.775,52.30833],[-75.78333,52.30833],[-75.78333,52.31667]]]}},{"type":"Feature","properties":{"c":"CDC-2875707","o":"SOQUEM inc. 100%","e":""},"geometry":{"type":"Polygon","coordinates":[[[-75.79167,52.31667],[-75.78333,52.31667],[-75.78333,52.30833],[-75.79167,52.30833],[-75.79167,52.31667]]]}},{"type":"Feature","properties":{"c":"CDC-2216710","o":"Exploration Dios inc. 100%","e":""},"geometry":{"type":"Polygon","coordinates":[[[-75.71667,52.325],[-75.70833,52.325],[-75.70833,52.31667],[-75.71667,52.31667],[-75.71667,52.325]]]}},{"type":"Feature","properties":{"c":"CDC-2216709","o":"Exploration Dios inc. 100%","e":""},"geometry":{"type":"Polygon","coordinates":[[[-75.725,52.325],[-75.71667,52.325],[-75.71667,52.31667],[-75.725,52.31667],[-75.725,52.325]]]}},{"type":"Feature","properties":{"c":"CDC-2216708","o":"Exploration Dios inc. 100%","e":""},"geometry":{"type":"Polygon","coordinates":[[[-75.73333,52.325],[-75.725,52.325],[-75.725,52.31667],[-75.73333,52.31667],[-75.73333,52.325]]]}},{"type":"Feature","properties":{"c":"CDC-2216707","o":"Exploration Dios inc. 100%","e":""},"geometry":{"type":"Polygon","coordinates":[[[-75.74167,52.325],[-75.73333,52.325],[-75.73333,52.31667],[-75.74167,52.31667],[-75.74167,52.325]]]}},{"type":"Feature","properties":{"c":"CDC-2875604","o":"SOQUEM inc. 100%","e":""},"geometry":{"type":"Polygon","coordinates":[[[-75.75,52.325],[-75.74167,52.325],[-75.74167,52.31667],[-75.75,52.31667],[-75.75,52.325]]]}},{"type":"Feature","properties":{"c":"CDC-2862644","o":"SOQUEM inc. 100%","e":""},"geometry":{"type":"Polygon","coordinates":[[[-75.75833,52.325],[-75.75,52.325],[-75.75,52.31667],[-75.75833,52.31667],[-75.75833,52.325]]]}},{"type":"Feature","properties":{"c":"CDC-2862643","o":"SOQUEM inc. 100%","e":""},"geometry":{"type":"Polygon","coordinates":[[[-75.76667,52.325],[-75.75833,52.325],[-75.75833,52.31667],[-75.76667,52.31667],[-75.76667,52.325]]]}},{"type":"Feature","properties":{"c":"CDC-2862642","o":"SOQUEM inc. 100%","e":""},"geometry":{"type":"Polygon","coordinates":[[[-75.775,52.325],[-75.76667,52.325],[-75.76667,52.31667],[-75.775,52.31667],[-75.775,52.325]]]}},{"type":"Feature","properties":{"c":"CDC-2862641","o":"SOQUEM inc. 100%","e":""},"geometry":{"type":"Polygon","coordinates":[[[-75.78333,52.325],[-75.775,52.325],[-75.775,52.31667],[-75.78333,52.31667],[-75.78333,52.325]]]}},{"type":"Feature","properties":{"c":"CDC-2875708","o":"SOQUEM inc. 100%","e":""},"geometry":{"type":"Polygon","coordinates":[[[-75.79167,52.325],[-75.78333,52.325],[-75.78333,52.31667],[-75.79167,52.31667],[-75.79167,52.325]]]}},{"type":"Feature","properties":{"c":"CDC-2875607","o":"SOQUEM inc. 100%","e":""},"geometry":{"type":"Polygon","coordinates":[[[-75.71667,52.33333],[-75.70833,52.33333],[-75.70833,52.325],[-75.71667,52.325],[-75.71667,52.33333]]]}},{"type":"Feature","properties":{"c":"CDC-2875606","o":"SOQUEM inc. 100%","e":""},"geometry":{"type":"Polygon","coordinates":[[[-75.725,52.33333],[-75.71667,52.33333],[-75.71667,52.325],[-75.725,52.325],[-75.725,52.33333]]]}},{"type":"Feature","properties":{"c":"CDC-2875605","o":"SOQUEM inc. 100%","e":""},"geometry":{"type":"Polygon","coordinates":[[[-75.73333,52.33333],[-75.725,52.33333],[-75.725,52.325],[-75.73333,52.325],[-75.73333,52.33333]]]}},{"type":"Feature","properties":{"c":"CDC-2698721","o":"Exploration Azimut inc. 100%","e":""},"geometry":{"type":"Polygon","coordinates":[[[-75.91667,52.275],[-75.90833,52.275],[-75.90833,52.26667],[-75.91667,52.26667],[-75.91667,52.275]]]}},{"type":"Feature","properties":{"c":"CDC-2698720","o":"Exploration Azimut inc. 100%","e":""},"geometry":{"type":"Polygon","coordinates":[[[-75.925,52.275],[-75.91667,52.275],[-75.91667,52.26667],[-75.925,52.26667],[-75.925,52.275]]]}},{"type":"Feature","properties":{"c":"CDC-2698719","o":"Exploration Azimut inc. 100%","e":""},"geometry":{"type":"Polygon","coordinates":[[[-75.93333,52.275],[-75.925,52.275],[-75.925,52.26667],[-75.93333,52.26667],[-75.93333,52.275]]]}},{"type":"Feature","properties":{"c":"CDC-2655883","o":"Exploration Azimut inc. 100%","e":""},"geometry":{"type":"Polygon","coordinates":[[[-75.91667,52.28333],[-75.90833,52.28333],[-75.90833,52.275],[-75.91667,52.275],[-75.91667,52.28333]]]}},{"type":"Feature","properties":{"c":"CDC-2655882","o":"Exploration Azimut inc. 100%","e":""},"geometry":{"type":"Polygon","coordinates":[[[-75.925,52.28333],[-75.91667,52.28333],[-75.91667,52.275],[-75.925,52.275],[-75.925,52.28333]]]}},{"type":"Feature","properties":{"c":"CDC-2655881","o":"Exploration Azimut inc. 100%","e":""},"geometry":{"type":"Polygon","coordinates":[[[-75.93333,52.28333],[-75.925,52.28333],[-75.925,52.275],[-75.93333,52.275],[-75.93333,52.28333]]]}},{"type":"Feature","properties":{"c":"CDC-2655880","o":"Exploration Azimut inc. 100%","e":""},"geometry":{"type":"Polygon","coordinates":[[[-75.94167,52.28333],[-75.93333,52.28333],[-75.93333,52.275],[-75.94167,52.275],[-75.94167,52.28333]]]}},{"type":"Feature","properties":{"c":"CDC-2655879","o":"Exploration Azimut inc. 100%","e":""},"geometry":{"type":"Polygon","coordinates":[[[-75.95,52.28333],[-75.94167,52.28333],[-75.94167,52.275],[-75.95,52.275],[-75.95,52.28333]]]}},{"type":"Feature","properties":{"c":"CDC-2655878","o":"Exploration Azimut inc. 100%","e":""},"geometry":{"type":"Polygon","coordinates":[[[-75.95833,52.28333],[-75.95,52.28333],[-75.95,52.275],[-75.95833,52.275],[-75.95833,52.28333]]]}},{"type":"Feature","properties":{"c":"CDC-2698722","o":"Exploration Azimut inc. 100%","e":""},"geometry":{"type":"Polygon","coordinates":[[[-75.96667,52.28333],[-75.95833,52.28333],[-75.95833,52.275],[-75.96667,52.275],[-75.96667,52.28333]]]}},{"type":"Feature","properties":{"c":"CDC-2655889","o":"Exploration Azimut inc. 100%","e":""},"geometry":{"type":"Polygon","coordinates":[[[-75.91667,52.29167],[-75.90833,52.29167],[-75.90833,52.28333],[-75.91667,52.28333],[-75.91667,52.29167]]]}},{"type":"Feature","properties":{"c":"CDC-2655888","o":"Exploration Azimut inc. 100%","e":""},"geometry":{"type":"Polygon","coordinates":[[[-75.925,52.29167],[-75.91667,52.29167],[-75.91667,52.28333],[-75.925,52.28333],[-75.925,52.29167]]]}},{"type":"Feature","properties":{"c":"CDC-2655887","o":"Exploration Azimut inc. 100%","e":""},"geometry":{"type":"Polygon","coordinates":[[[-75.93333,52.29167],[-75.925,52.29167],[-75.925,52.28333],[-75.93333,52.28333],[-75.93333,52.29167]]]}},{"type":"Feature","properties":{"c":"CDC-2655886","o":"Exploration Azimut inc. 100%","e":""},"geometry":{"type":"Polygon","coordinates":[[[-75.94167,52.29167],[-75.93333,52.29167],[-75.93333,52.28333],[-75.94167,52.28333],[-75.94167,52.29167]]]}},{"type":"Feature","properties":{"c":"CDC-2655885","o":"Exploration Azimut inc. 100%","e":""},"geometry":{"type":"Polygon","coordinates":[[[-75.95,52.29167],[-75.94167,52.29167],[-75.94167,52.28333],[-75.95,52.28333],[-75.95,52.29167]]]}},{"type":"Feature","properties":{"c":"CDC-2655884","o":"Exploration Azimut inc. 100%","e":""},"geometry":{"type":"Polygon","coordinates":[[[-75.95833,52.29167],[-75.95,52.29167],[-75.95,52.28333],[-75.95833,52.28333],[-75.95833,52.29167]]]}},{"type":"Feature","properties":{"c":"CDC-2698723","o":"Exploration Azimut inc. 100%","e":""},"geometry":{"type":"Polygon","coordinates":[[[-75.96667,52.29167],[-75.95833,52.29167],[-75.95833,52.28333],[-75.96667,52.28333],[-75.96667,52.29167]]]}},{"type":"Feature","properties":{"c":"CDC-2655895","o":"Exploration Azimut inc. 100%","e":""},"geometry":{"type":"Polygon","coordinates":[[[-75.91667,52.3],[-75.90833,52.3],[-75.90833,52.29167],[-75.91667,52.29167],[-75.91667,52.3]]]}},{"type":"Feature","properties":{"c":"CDC-2655894","o":"Exploration Azimut inc. 100%","e":""},"geometry":{"type":"Polygon","coordinates":[[[-75.925,52.3],[-75.91667,52.3],[-75.91667,52.29167],[-75.925,52.29167],[-75.925,52.3]]]}},{"type":"Feature","properties":{"c":"CDC-106397","o":"Eastmain Resources Inc. 100%","e":""},"geometry":{"type":"Polygon","coordinates":[[[-75.81667,52.25833],[-75.80833,52.25833],[-75.80833,52.25],[-75.81667,52.25],[-75.81667,52.25833]]]}},{"type":"Feature","properties":{"c":"CDC-106403","o":"Eastmain Resources Inc. 100%","e":""},"geometry":{"type":"Polygon","coordinates":[[[-75.81667,52.26667],[-75.80833,52.26667],[-75.80833,52.25833],[-75.81667,52.25833],[-75.81667,52.26667]]]}},{"type":"Feature","properties":{"c":"CDC-106398","o":"Eastmain Resources Inc. 100%","e":""},"geometry":{"type":"Polygon","coordinates":[[[-75.80833,52.25833],[-75.8,52.25833],[-75.8,52.25],[-75.80833,52.25],[-75.80833,52.25833]]]}},{"type":"Feature","properties":{"c":"CDC-106404","o":"Eastmain Resources Inc. 100%","e":""},"geometry":{"type":"Polygon","coordinates":[[[-75.80833,52.26667],[-75.8,52.26667],[-75.8,52.25833],[-75.80833,52.25833],[-75.80833,52.26667]]]}},{"type":"Feature","properties":{"c":"CDC-106409","o":"Eastmain Resources Inc. 100%","e":""},"geometry":{"type":"Polygon","coordinates":[[[-75.80833,52.275],[-75.8,52.275],[-75.8,52.26667],[-75.80833,52.26667],[-75.80833,52.275]]]}},{"type":"Feature","properties":{"c":"CDC-2542320","o":"Eastmain Resources Inc. 100%","e":""},"geometry":{"type":"Polygon","coordinates":[[[-75.80833,52.28333],[-75.8,52.28333],[-75.8,52.275],[-75.80833,52.275],[-75.80833,52.28333]]]}},{"type":"Feature","properties":{"c":"CDC-1132699","o":"Eastmain Resources Inc. 100%","e":""},"geometry":{"type":"Polygon","coordinates":[[[-75.8,52.25833],[-75.79167,52.25833],[-75.79167,52.25],[-75.8,52.25],[-75.8,52.25833]]]}},{"type":"Feature","properties":{"c":"CDC-106405","o":"Eastmain Resources Inc. 100%","e":""},"geometry":{"type":"Polygon","coordinates":[[[-75.8,52.26667],[-75.79167,52.26667],[-75.79167,52.25833],[-75.8,52.25833],[-75.8,52.26667]]]}},{"type":"Feature","properties":{"c":"CDC-75907","o":"Eastmain Resources Inc. 100%","e":""},"geometry":{"type":"Polygon","coordinates":[[[-75.8,52.275],[-75.79167,52.275],[-75.79167,52.26667],[-75.8,52.26667],[-75.8,52.275]]]}},{"type":"Feature","properties":{"c":"CDC-2542321","o":"Eastmain Resources Inc. 100%","e":""},"geometry":{"type":"Polygon","coordinates":[[[-75.8,52.28333],[-75.79167,52.28333],[-75.79167,52.275],[-75.8,52.275],[-75.8,52.28333]]]}},{"type":"Feature","properties":{"c":"CDC-1132700","o":"Eastmain Resources Inc. 100%","e":""},"geometry":{"type":"Polygon","coordinates":[[[-75.79167,52.25833],[-75.78333,52.25833],[-75.78333,52.25],[-75.79167,52.25],[-75.79167,52.25833]]]}},{"type":"Feature","properties":{"c":"CDC-106406","o":"Eastmain Resources Inc. 100%","e":""},"geometry":{"type":"Polygon","coordinates":[[[-75.79167,52.26667],[-75.78333,52.26667],[-75.78333,52.25833],[-75.79167,52.25833],[-75.79167,52.26667]]]}},{"type":"Feature","properties":{"c":"CDC-75908","o":"Eastmain Resources Inc. 100%","e":""},"geometry":{"type":"Polygon","coordinates":[[[-75.79167,52.275],[-75.78333,52.275],[-75.78333,52.26667],[-75.79167,52.26667],[-75.79167,52.275]]]}},{"type":"Feature","properties":{"c":"CDC-2542322","o":"Eastmain Resources Inc. 100%","e":""},"geometry":{"type":"Polygon","coordinates":[[[-75.79167,52.28333],[-75.78333,52.28333],[-75.78333,52.275],[-75.79167,52.275],[-75.79167,52.28333]]]}},{"type":"Feature","properties":{"c":"CDC-106399","o":"Eastmain Resources Inc. 100%","e":""},"geometry":{"type":"Polygon","coordinates":[[[-75.78333,52.25833],[-75.775,52.25833],[-75.775,52.25],[-75.78333,52.25],[-75.78333,52.25833]]]}},{"type":"Feature","properties":{"c":"CDC-106407","o":"Eastmain Resources Inc. 100%","e":""},"geometry":{"type":"Polygon","coordinates":[[[-75.78333,52.26667],[-75.775,52.26667],[-75.775,52.25833],[-75.78333,52.25833],[-75.78333,52.26667]]]}},{"type":"Feature","properties":{"c":"CDC-75909","o":"Eastmain Resources Inc. 100%","e":""},"geometry":{"type":"Polygon","coordinates":[[[-75.78333,52.275],[-75.775,52.275],[-75.775,52.26667],[-75.78333,52.26667],[-75.78333,52.275]]]}},{"type":"Feature","properties":{"c":"CDC-2542323","o":"Eastmain Resources Inc. 100%","e":""},"geometry":{"type":"Polygon","coordinates":[[[-75.78333,52.28333],[-75.775,52.28333],[-75.775,52.275],[-75.78333,52.275],[-75.78333,52.28333]]]}},{"type":"Feature","properties":{"c":"CDC-106400","o":"Eastmain Resources Inc. 100%","e":""},"geometry":{"type":"Polygon","coordinates":[[[-75.775,52.25833],[-75.76667,52.25833],[-75.76667,52.25],[-75.775,52.25],[-75.775,52.25833]]]}},{"type":"Feature","properties":{"c":"CDC-106408","o":"Eastmain Resources Inc. 100%","e":""},"geometry":{"type":"Polygon","coordinates":[[[-75.775,52.26667],[-75.76667,52.26667],[-75.76667,52.25833],[-75.775,52.25833],[-75.775,52.26667]]]}},{"type":"Feature","properties":{"c":"CDC-75910","o":"Eastmain Resources Inc. 100%","e":""},"geometry":{"type":"Polygon","coordinates":[[[-75.775,52.275],[-75.76667,52.275],[-75.76667,52.26667],[-75.775,52.26667],[-75.775,52.275]]]}},{"type":"Feature","properties":{"c":"CDC-2542324","o":"Eastmain Resources Inc. 100%","e":""},"geometry":{"type":"Polygon","coordinates":[[[-75.775,52.28333],[-75.76667,52.28333],[-75.76667,52.275],[-75.775,52.275],[-75.775,52.28333]]]}},{"type":"Feature","properties":{"c":"CDC-106401","o":"Eastmain Resources Inc. 100%","e":""},"geometry":{"type":"Polygon","coordinates":[[[-75.76667,52.25833],[-75.75833,52.25833],[-75.75833,52.25],[-75.76667,52.25],[-75.76667,52.25833]]]}},{"type":"Feature","properties":{"c":"CDC-75905","o":"Eastmain Resources Inc. 100%","e":""},"geometry":{"type":"Polygon","coordinates":[[[-75.76667,52.26667],[-75.75833,52.26667],[-75.75833,52.25833],[-75.76667,52.25833],[-75.76667,52.26667]]]}},{"type":"Feature","properties":{"c":"CDC-75911","o":"Eastmain Resources Inc. 100%","e":""},"geometry":{"type":"Polygon","coordinates":[[[-75.76667,52.275],[-75.75833,52.275],[-75.75833,52.26667],[-75.76667,52.26667],[-75.76667,52.275]]]}},{"type":"Feature","properties":{"c":"CDC-2542325","o":"Eastmain Resources Inc. 100%","e":""},"geometry":{"type":"Polygon","coordinates":[[[-75.76667,52.28333],[-75.75833,52.28333],[-75.75833,52.275],[-75.76667,52.275],[-75.76667,52.28333]]]}},{"type":"Feature","properties":{"c":"CDC-106402","o":"Eastmain Resources Inc. 100%","e":""},"geometry":{"type":"Polygon","coordinates":[[[-75.75833,52.25833],[-75.75,52.25833],[-75.75,52.25],[-75.75833,52.25],[-75.75833,52.25833]]]}},{"type":"Feature","properties":{"c":"CDC-1132660","o":"Eastmain Resources Inc. 100%","e":""},"geometry":{"type":"Polygon","coordinates":[[[-75.74167,52.225],[-75.74167,52.21667],[-75.75,52.21667],[-75.75,52.225],[-75.74167,52.225]]]}},{"type":"Feature","properties":{"c":"CDC-1132659","o":"Eastmain Resources Inc. 100%","e":""},"geometry":{"type":"Polygon","coordinates":[[[-75.75,52.225],[-75.75,52.21667],[-75.75833,52.21667],[-75.75833,52.225],[-75.75,52.225]]]}},{"type":"Feature","properties":{"c":"CDC-86822","o":"Eastmain Resources Inc. 100%","e":""},"geometry":{"type":"Polygon","coordinates":[[[-75.69167,52.23333],[-75.69167,52.225],[-75.7,52.225],[-75.7,52.23333],[-75.69167,52.23333]]]}},{"type":"Feature","properties":{"c":"CDC-86821","o":"Eastmain Resources Inc. 100%","e":""},"geometry":{"type":"Polygon","coordinates":[[[-75.7,52.23333],[-75.7,52.225],[-75.70833,52.225],[-75.70833,52.23333],[-75.7,52.23333]]]}},{"type":"Feature","properties":{"c":"CDC-86820","o":"Eastmain Resources Inc. 100%","e":""},"geometry":{"type":"Polygon","coordinates":[[[-75.70833,52.23333],[-75.70833,52.225],[-75.71667,52.225],[-75.71667,52.23333],[-75.70833,52.23333]]]}},{"type":"Feature","properties":{"c":"CDC-1132682","o":"Eastmain Resources Inc. 100%","e":""},"geometry":{"type":"Polygon","coordinates":[[[-75.71667,52.23333],[-75.71667,52.225],[-75.725,52.225],[-75.725,52.23333],[-75.71667,52.23333]]]}},{"type":"Feature","properties":{"c":"CDC-1132681","o":"Eastmain Resources Inc. 100%","e":""},"geometry":{"type":"Polygon","coordinates":[[[-75.725,52.23333],[-75.725,52.225],[-75.73333,52.225],[-75.73333,52.23333],[-75.725,52.23333]]]}},{"type":"Feature","properties":{"c":"CDC-1132680","o":"Eastmain Resources Inc. 100%","e":""},"geometry":{"type":"Polygon","coordinates":[[[-75.73333,52.23333],[-75.73333,52.225],[-75.74167,52.225],[-75.74167,52.23333],[-75.73333,52.23333]]]}},{"type":"Feature","properties":{"c":"CDC-1132679","o":"Eastmain Resources Inc. 100%","e":""},"geometry":{"type":"Polygon","coordinates":[[[-75.74167,52.23333],[-75.74167,52.225],[-75.75,52.225],[-75.75,52.23333],[-75.74167,52.23333]]]}},{"type":"Feature","properties":{"c":"CDC-86819","o":"Eastmain Resources Inc. 100%","e":""},"geometry":{"type":"Polygon","coordinates":[[[-75.75,52.23333],[-75.75,52.225],[-75.75833,52.225],[-75.75833,52.23333],[-75.75,52.23333]]]}},{"type":"Feature","properties":{"c":"CDC-86890","o":"Eastmain Resources Inc. 100%","e":""},"geometry":{"type":"Polygon","coordinates":[[[-75.7,52.24167],[-75.7,52.23333],[-75.70833,52.23333],[-75.70833,52.24167],[-75.7,52.24167]]]}},{"type":"Feature","properties":{"c":"CDC-86889","o":"Eastmain Resources Inc. 100%","e":""},"geometry":{"type":"Polygon","coordinates":[[[-75.70833,52.24167],[-75.70833,52.23333],[-75.71667,52.23333],[-75.71667,52.24167],[-75.70833,52.24167]]]}},{"type":"Feature","properties":{"c":"CDC-1132695","o":"Eastmain Resources Inc. 100%","e":""},"geometry":{"type":"Polygon","coordinates":[[[-75.71667,52.24167],[-75.71667,52.23333],[-75.725,52.23333],[-75.725,52.24167],[-75.71667,52.24167]]]}},{"type":"Feature","properties":{"c":"CDC-1132694","o":"Eastmain Resources Inc. 100%","e":""},"geometry":{"type":"Polygon","coordinates":[[[-75.725,52.24167],[-75.725,52.23333],[-75.73333,52.23333],[-75.73333,52.24167],[-75.725,52.24167]]]}},{"type":"Feature","properties":{"c":"CDC-1132693","o":"Eastmain Resources Inc. 100%","e":""},"geometry":{"type":"Polygon","coordinates":[[[-75.73333,52.24167],[-75.73333,52.23333],[-75.74167,52.23333],[-75.74167,52.24167],[-75.73333,52.24167]]]}},{"type":"Feature","properties":{"c":"CDC-86888","o":"Eastmain Resources Inc. 100%","e":""},"geometry":{"type":"Polygon","coordinates":[[[-75.74167,52.24167],[-75.74167,52.23333],[-75.75,52.23333],[-75.75,52.24167],[-75.74167,52.24167]]]}},{"type":"Feature","properties":{"c":"CDC-86887","o":"Eastmain Resources Inc. 100%","e":""},"geometry":{"type":"Polygon","coordinates":[[[-75.75,52.24167],[-75.75,52.23333],[-75.75833,52.23333],[-75.75833,52.24167],[-75.75,52.24167]]]}},{"type":"Feature","properties":{"c":"CDC-86877","o":"Eastmain Resources Inc. 100%","e":""},"geometry":{"type":"Polygon","coordinates":[[[-75.7,52.25],[-75.7,52.24167],[-75.70833,52.24167],[-75.70833,52.25],[-75.7,52.25]]]}},{"type":"Feature","properties":{"c":"CDC-86876","o":"Eastmain Resources Inc. 100%","e":""},"geometry":{"type":"Polygon","coordinates":[[[-75.70833,52.25],[-75.70833,52.24167],[-75.71667,52.24167],[-75.71667,52.25],[-75.70833,52.25]]]}},{"type":"Feature","properties":{"c":"CDC-86875","o":"Eastmain Resources Inc. 100%","e":""},"geometry":{"type":"Polygon","coordinates":[[[-75.71667,52.25],[-75.71667,52.24167],[-75.725,52.24167],[-75.725,52.25],[-75.71667,52.25]]]}},{"type":"Feature","properties":{"c":"CDC-86874","o":"Eastmain Resources Inc. 100%","e":""},"geometry":{"type":"Polygon","coordinates":[[[-75.725,52.25],[-75.725,52.24167],[-75.73333,52.24167],[-75.73333,52.25],[-75.725,52.25]]]}},{"type":"Feature","properties":{"c":"CDC-86873","o":"Eastmain Resources Inc. 100%","e":""},"geometry":{"type":"Polygon","coordinates":[[[-75.73333,52.25],[-75.73333,52.24167],[-75.74167,52.24167],[-75.74167,52.25],[-75.73333,52.25]]]}},{"type":"Feature","properties":{"c":"CDC-1132553","o":"Eastmain Resources Inc. 100%","e":""},"geometry":{"type":"Polygon","coordinates":[[[-75.74167,52.25],[-75.74167,52.24167],[-75.75,52.24167],[-75.75,52.25],[-75.74167,52.25]]]}},{"type":"Feature","properties":{"c":"CDC-1132552","o":"Eastmain Resources Inc. 100%","e":""},"geometry":{"type":"Polygon","coordinates":[[[-75.75,52.25],[-75.75,52.24167],[-75.75833,52.24167],[-75.75833,52.25],[-75.75,52.25]]]}},{"type":"Feature","properties":{"c":"CDC-1132551","o":"Eastmain Resources Inc. 100%","e":""},"geometry":{"type":"Polygon","coordinates":[[[-75.75833,52.25],[-75.75833,52.24167],[-75.76667,52.24167],[-75.76667,52.25],[-75.75833,52.25]]]}},{"type":"Feature","properties":{"c":"CDC-106414","o":"Eastmain Resources Inc. 100%","e":""},"geometry":{"type":"Polygon","coordinates":[[[-75.70833,52.25833],[-75.7,52.25833],[-75.7,52.25],[-75.70833,52.25],[-75.70833,52.25833]]]}},{"type":"Feature","properties":{"c":"CDC-106413","o":"Eastmain Resources Inc. 100%","e":""},"geometry":{"type":"Polygon","coordinates":[[[-75.71667,52.25833],[-75.70833,52.25833],[-75.70833,52.25],[-75.71667,52.25],[-75.71667,52.25833]]]}},{"type":"Feature","properties":{"c":"CDC-1132620","o":"Eastmain Resources Inc. 100%","e":""},"geometry":{"type":"Polygon","coordinates":[[[-75.825,52.21667],[-75.825,52.20833],[-75.83333,52.20833],[-75.83333,52.21667],[-75.825,52.21667]]]}},{"type":"Feature","properties":{"c":"CDC-1132619","o":"Eastmain Resources Inc. 100%","e":""},"geometry":{"type":"Polygon","coordinates":[[[-75.83333,52.21667],[-75.83333,52.20833],[-75.84167,52.20833],[-75.84167,52.21667],[-75.83333,52.21667]]]}},{"type":"Feature","properties":{"c":"CDC-1132618","o":"Eastmain Resources Inc. 100%","e":""},"geometry":{"type":"Polygon","coordinates":[[[-75.84167,52.21667],[-75.84167,52.20833],[-75.85,52.20833],[-75.85,52.21667],[-75.84167,52.21667]]]}},{"type":"Feature","properties":{"c":"CDC-1132617","o":"Eastmain Resources Inc. 100%","e":""},"geometry":{"type":"Polygon","coordinates":[[[-75.85,52.21667],[-75.85,52.20833],[-75.85833,52.20833],[-75.85833,52.21667],[-75.85,52.21667]]]}},{"type":"Feature","properties":{"c":"CDC-1132616","o":"Eastmain Resources Inc. 100%","e":""},"geometry":{"type":"Polygon","coordinates":[[[-75.85833,52.21667],[-75.85833,52.20833],[-75.86667,52.20833],[-75.86667,52.21667],[-75.85833,52.21667]]]}},{"type":"Feature","properties":{"c":"CDC-1132653","o":"Eastmain Resources Inc. 100%","e":""},"geometry":{"type":"Polygon","coordinates":[[[-75.8,52.225],[-75.8,52.21667],[-75.80833,52.21667],[-75.80833,52.225],[-75.8,52.225]]]}},{"type":"Feature","properties":{"c":"CDC-1132652","o":"Eastmain Resources Inc. 100%","e":""},"geometry":{"type":"Polygon","coordinates":[[[-75.80833,52.225],[-75.80833,52.21667],[-75.81667,52.21667],[-75.81667,52.225],[-75.80833,52.225]]]}},{"type":"Feature","properties":{"c":"CDC-1132651","o":"Eastmain Resources Inc. 100%","e":""},"geometry":{"type":"Polygon","coordinates":[[[-75.81667,52.225],[-75.81667,52.21667],[-75.825,52.21667],[-75.825,52.225],[-75.81667,52.225]]]}},{"type":"Feature","properties":{"c":"CDC-1132650","o":"Eastmain Resources Inc. 100%","e":""},"geometry":{"type":"Polygon","coordinates":[[[-75.825,52.225],[-75.825,52.21667],[-75.83333,52.21667],[-75.83333,52.225],[-75.825,52.225]]]}},{"type":"Feature","properties":{"c":"CDC-1132649","o":"Eastmain Resources Inc. 100%","e":""},"geometry":{"type":"Polygon","coordinates":[[[-75.83333,52.225],[-75.83333,52.21667],[-75.84167,52.21667],[-75.84167,52.225],[-75.83333,52.225]]]}},{"type":"Feature","properties":{"c":"CDC-86830","o":"Eastmain Resources Inc. 100%","e":""},"geometry":{"type":"Polygon","coordinates":[[[-75.84167,52.225],[-75.84167,52.21667],[-75.85,52.21667],[-75.85,52.225],[-75.84167,52.225]]]}},{"type":"Feature","properties":{"c":"CDC-86865","o":"Eastmain Resources Inc. 100%","e":""},"geometry":{"type":"Polygon","coordinates":[[[-75.85,52.225],[-75.85,52.21667],[-75.85833,52.21667],[-75.85833,52.225],[-75.85,52.225]]]}},{"type":"Feature","properties":{"c":"CDC-86863","o":"Eastmain Resources Inc. 100%","e":""},"geometry":{"type":"Polygon","coordinates":[[[-75.85833,52.225],[-75.85833,52.21667],[-75.86667,52.21667],[-75.86667,52.225],[-75.85833,52.225]]]}},{"type":"Feature","properties":{"c":"CDC-1132675","o":"Eastmain Resources Inc. 100%","e":""},"geometry":{"type":"Polygon","coordinates":[[[-75.8,52.23333],[-75.8,52.225],[-75.80833,52.225],[-75.80833,52.23333],[-75.8,52.23333]]]}},{"type":"Feature","properties":{"c":"CDC-1132674","o":"Eastmain Resources Inc. 100%","e":""},"geometry":{"type":"Polygon","coordinates":[[[-75.80833,52.23333],[-75.80833,52.225],[-75.81667,52.225],[-75.81667,52.23333],[-75.80833,52.23333]]]}},{"type":"Feature","properties":{"c":"CDC-86816","o":"Eastmain Resources Inc. 100%","e":""},"geometry":{"type":"Polygon","coordinates":[[[-75.81667,52.23333],[-75.81667,52.225],[-75.825,52.225],[-75.825,52.23333],[-75.81667,52.23333]]]}},{"type":"Feature","properties":{"c":"CDC-86815","o":"Eastmain Resources Inc. 100%","e":""},"geometry":{"type":"Polygon","coordinates":[[[-75.825,52.23333],[-75.825,52.225],[-75.83333,52.225],[-75.83333,52.23333],[-75.825,52.23333]]]}},{"type":"Feature","properties":{"c":"CDC-86814","o":"Eastmain Resources Inc. 100%","e":""},"geometry":{"type":"Polygon","coordinates":[[[-75.83333,52.23333],[-75.83333,52.225],[-75.84167,52.225],[-75.84167,52.23333],[-75.83333,52.23333]]]}},{"type":"Feature","properties":{"c":"CDC-86868","o":"Eastmain Resources Inc. 100%","e":""},"geometry":{"type":"Polygon","coordinates":[[[-75.84167,52.23333],[-75.84167,52.225],[-75.85,52.225],[-75.85,52.23333],[-75.84167,52.23333]]]}},{"type":"Feature","properties":{"c":"CDC-86867","o":"Eastmain Resources Inc. 100%","e":""},"geometry":{"type":"Polygon","coordinates":[[[-75.85,52.23333],[-75.85,52.225],[-75.85833,52.225],[-75.85833,52.23333],[-75.85,52.23333]]]}},{"type":"Feature","properties":{"c":"CDC-1132689","o":"Eastmain Resources Inc. 100%","e":""},"geometry":{"type":"Polygon","coordinates":[[[-75.8,52.24167],[-75.8,52.23333],[-75.80833,52.23333],[-75.80833,52.24167],[-75.8,52.24167]]]}},{"type":"Feature","properties":{"c":"CDC-86884","o":"Eastmain Resources Inc. 100%","e":""},"geometry":{"type":"Polygon","coordinates":[[[-75.80833,52.24167],[-75.80833,52.23333],[-75.81667,52.23333],[-75.81667,52.24167],[-75.80833,52.24167]]]}},{"type":"Feature","properties":{"c":"CDC-86883","o":"Eastmain Resources Inc. 100%","e":""},"geometry":{"type":"Polygon","coordinates":[[[-75.81667,52.24167],[-75.81667,52.23333],[-75.825,52.23333],[-75.825,52.24167],[-75.81667,52.24167]]]}},{"type":"Feature","properties":{"c":"CDC-86882","o":"Eastmain Resources Inc. 100%","e":""},"geometry":{"type":"Polygon","coordinates":[[[-75.825,52.24167],[-75.825,52.23333],[-75.83333,52.23333],[-75.83333,52.24167],[-75.825,52.24167]]]}},{"type":"Feature","properties":{"c":"CDC-86872","o":"Eastmain Resources Inc. 100%","e":""},"geometry":{"type":"Polygon","coordinates":[[[-75.8,52.25],[-75.8,52.24167],[-75.80833,52.24167],[-75.80833,52.25],[-75.8,52.25]]]}},{"type":"Feature","properties":{"c":"CDC-86871","o":"Eastmain Resources Inc. 100%","e":""},"geometry":{"type":"Polygon","coordinates":[[[-75.80833,52.25],[-75.80833,52.24167],[-75.81667,52.24167],[-75.81667,52.25],[-75.80833,52.25]]]}},{"type":"Feature","properties":{"c":"CDC-86870","o":"Eastmain Resources Inc. 100%","e":""},"geometry":{"type":"Polygon","coordinates":[[[-75.81667,52.25],[-75.81667,52.24167],[-75.825,52.24167],[-75.825,52.25],[-75.81667,52.25]]]}},{"type":"Feature","properties":{"c":"CDC-2388525","o":"Eastmain Resources Inc. 100%","e":""},"geometry":{"type":"Polygon","coordinates":[[[-75.79167,52.225],[-75.79167,52.21667],[-75.8,52.21667],[-75.8,52.225],[-75.79167,52.225]]]}},{"type":"Feature","properties":{"c":"CDC-1132676","o":"Eastmain Resources Inc. 100%","e":""},"geometry":{"type":"Polygon","coordinates":[[[-75.79167,52.23333],[-75.79167,52.225],[-75.8,52.225],[-75.8,52.23333],[-75.79167,52.23333]]]}},{"type":"Feature","properties":{"c":"CDC-1132690","o":"Eastmain Resources Inc. 100%","e":""},"geometry":{"type":"Polygon","coordinates":[[[-75.79167,52.24167],[-75.79167,52.23333],[-75.8,52.23333],[-75.8,52.24167],[-75.79167,52.24167]]]}},{"type":"Feature","properties":{"c":"CDC-1132696","o":"Eastmain Resources Inc. 100%","e":""},"geometry":{"type":"Polygon","coordinates":[[[-75.79167,52.25],[-75.79167,52.24167],[-75.8,52.24167],[-75.8,52.25],[-75.79167,52.25]]]}},{"type":"Feature","properties":{"c":"CDC-1132593","o":"Eastmain Resources Inc. 100%","e":""},"geometry":{"type":"Polygon","coordinates":[[[-75.78333,52.2058],[-75.78874,52.20577],[-75.78866,52.20172],[-75.79167,52.2017],[-75.79167,52.20833],[-75.78333,52.20833],[-75.78333,52.2058]]]}},{"type":"Feature","properties":{"c":"CDC-1132625","o":"Eastmain Resources Inc. 100%","e":""},"geometry":{"type":"Polygon","coordinates":[[[-75.78333,52.21667],[-75.78333,52.20833],[-75.79167,52.20833],[-75.79167,52.21667],[-75.78333,52.21667]]]}},{"type":"Feature","properties":{"c":"CDC-1132655","o":"Eastmain Resources Inc. 100%","e":""},"geometry":{"type":"Polygon","coordinates":[[[-75.78333,52.225],[-75.78333,52.21667],[-75.79167,52.21667],[-75.79167,52.225],[-75.78333,52.225]]]}},{"type":"Feature","properties":{"c":"CDC-1132677","o":"Eastmain Resources Inc. 100%","e":""},"geometry":{"type":"Polygon","coordinates":[[[-75.78333,52.23333],[-75.78333,52.225],[-75.79167,52.225],[-75.79167,52.23333],[-75.78333,52.23333]]]}},{"type":"Feature","properties":{"c":"CDC-1132691","o":"Eastmain Resources Inc. 100%","e":""},"geometry":{"type":"Polygon","coordinates":[[[-75.78333,52.24167],[-75.78333,52.23333],[-75.79167,52.23333],[-75.79167,52.24167],[-75.78333,52.24167]]]}},{"type":"Feature","properties":{"c":"CDC-1132697","o":"Eastmain Resources Inc. 100%","e":""},"geometry":{"type":"Polygon","coordinates":[[[-75.78333,52.25],[-75.78333,52.24167],[-75.79167,52.24167],[-75.79167,52.25],[-75.78333,52.25]]]}},{"type":"Feature","properties":{"c":"CDC-1132594","o":"Eastmain Resources Inc. 100%","e":""},"geometry":{"type":"Polygon","coordinates":[[[-75.775,52.20833],[-75.775,52.20586],[-75.78333,52.2058],[-75.78333,52.20833],[-75.775,52.20833]]]}},{"type":"Feature","properties":{"c":"CDC-1132626","o":"Eastmain Resources Inc. 100%","e":""},"geometry":{"type":"Polygon","coordinates":[[[-75.775,52.21667],[-75.775,52.20833],[-75.78333,52.20833],[-75.78333,52.21667],[-75.775,52.21667]]]}},{"type":"Feature","properties":{"c":"CDC-1132656","o":"Eastmain Resources Inc. 100%","e":""},"geometry":{"type":"Polygon","coordinates":[[[-75.775,52.225],[-75.775,52.21667],[-75.78333,52.21667],[-75.78333,52.225],[-75.775,52.225]]]}},{"type":"Feature","properties":{"c":"CDC-1132678","o":"Eastmain Resources Inc. 100%","e":""},"geometry":{"type":"Polygon","coordinates":[[[-75.775,52.23333],[-75.775,52.225],[-75.78333,52.225],[-75.78333,52.23333],[-75.775,52.23333]]]}},{"type":"Feature","properties":{"c":"CDC-1132692","o":"Eastmain Resources Inc. 100%","e":""},"geometry":{"type":"Polygon","coordinates":[[[-75.775,52.24167],[-75.775,52.23333],[-75.78333,52.23333],[-75.78333,52.24167],[-75.775,52.24167]]]}},{"type":"Feature","properties":{"c":"CDC-1132698","o":"Eastmain Resources Inc. 100%","e":""},"geometry":{"type":"Polygon","coordinates":[[[-75.775,52.25],[-75.775,52.24167],[-75.78333,52.24167],[-75.78333,52.25],[-75.775,52.25]]]}},{"type":"Feature","properties":{"c":"CDC-1132595","o":"Eastmain Resources Inc. 100%","e":""},"geometry":{"type":"Polygon","coordinates":[[[-75.775,52.20833],[-75.76667,52.20833],[-75.76667,52.20591],[-75.775,52.20586],[-75.775,52.20833]]]}},{"type":"Feature","properties":{"c":"CDC-1132627","o":"Eastmain Resources Inc. 100%","e":""},"geometry":{"type":"Polygon","coordinates":[[[-75.76667,52.21667],[-75.76667,52.20833],[-75.775,52.20833],[-75.775,52.21667],[-75.76667,52.21667]]]}},{"type":"Feature","properties":{"c":"CDC-1132657","o":"Eastmain Resources Inc. 100%","e":""},"geometry":{"type":"Polygon","coordinates":[[[-75.76667,52.225],[-75.76667,52.21667],[-75.775,52.21667],[-75.775,52.225],[-75.76667,52.225]]]}},{"type":"Feature","properties":{"c":"CDC-86817","o":"Eastmain Resources Inc. 100%","e":""},"geometry":{"type":"Polygon","coordinates":[[[-75.76667,52.23333],[-75.76667,52.225],[-75.775,52.225],[-75.775,52.23333],[-75.76667,52.23333]]]}},{"type":"Feature","properties":{"c":"CDC-86885","o":"Eastmain Resources Inc. 100%","e":""},"geometry":{"type":"Polygon","coordinates":[[[-75.76667,52.24167],[-75.76667,52.23333],[-75.775,52.23333],[-75.775,52.24167],[-75.76667,52.24167]]]}},{"type":"Feature","properties":{"c":"CDC-1132550","o":"Eastmain Resources Inc. 100%","e":""},"geometry":{"type":"Polygon","coordinates":[[[-75.76667,52.25],[-75.76667,52.24167],[-75.775,52.24167],[-75.775,52.25],[-75.76667,52.25]]]}},{"type":"Feature","properties":{"c":"CDC-1132596","o":"Eastmain Resources Inc. 100%","e":""},"geometry":{"type":"Polygon","coordinates":[[[-75.76386,52.20593],[-75.76667,52.20591],[-75.76667,52.20833],[-75.75833,52.20833],[-75.75833,52.20192],[-75.76379,52.20189],[-75.76386,52.20593]]]}},{"type":"Feature","properties":{"c":"CDC-1132628","o":"Eastmain Resources Inc. 100%","e":""},"geometry":{"type":"Polygon","coordinates":[[[-75.75833,52.21667],[-75.75833,52.20833],[-75.76667,52.20833],[-75.76667,52.21667],[-75.75833,52.21667]]]}},{"type":"Feature","properties":{"c":"CDC-1132658","o":"Eastmain Resources Inc. 100%","e":""},"geometry":{"type":"Polygon","coordinates":[[[-75.75833,52.225],[-75.75833,52.21667],[-75.76667,52.21667],[-75.76667,52.225],[-75.75833,52.225]]]}},{"type":"Feature","properties":{"c":"CDC-86818","o":"Eastmain Resources Inc. 100%","e":""},"geometry":{"type":"Polygon","coordinates":[[[-75.75833,52.23333],[-75.75833,52.225],[-75.76667,52.225],[-75.76667,52.23333],[-75.75833,52.23333]]]}},{"type":"Feature","properties":{"c":"CDC-86886","o":"Eastmain Resources Inc. 100%","e":""},"geometry":{"type":"Polygon","coordinates":[[[-75.75833,52.24167],[-75.75833,52.23333],[-75.76667,52.23333],[-75.76667,52.24167],[-75.75833,52.24167]]]}},{"type":"Feature","properties":{"c":"CDC-2844957","o":"Exploration Azimut inc. 100%","e":""},"geometry":{"type":"Polygon","coordinates":[[[-75.56667,52.025],[-75.56667,52.01667],[-75.575,52.01667],[-75.575,52.025],[-75.56667,52.025]]]}},{"type":"Feature","properties":{"c":"CDC-2844958","o":"Exploration Azimut inc. 100%","e":""},"geometry":{"type":"Polygon","coordinates":[[[-75.55833,52.025],[-75.55833,52.01667],[-75.56667,52.01667],[-75.56667,52.025],[-75.55833,52.025]]]}},{"type":"Feature","properties":{"c":"CDC-2844959","o":"Exploration Azimut inc. 100%","e":""},"geometry":{"type":"Polygon","coordinates":[[[-75.55,52.025],[-75.55,52.01667],[-75.55833,52.01667],[-75.55833,52.025],[-75.55,52.025]]]}},{"type":"Feature","properties":{"c":"CDC-2844960","o":"Exploration Azimut inc. 100%","e":""},"geometry":{"type":"Polygon","coordinates":[[[-75.54167,52.025],[-75.54167,52.01667],[-75.55,52.01667],[-75.55,52.025],[-75.54167,52.025]]]}},{"type":"Feature","properties":{"c":"CDC-2844961","o":"Exploration Azimut inc. 100%","e":""},"geometry":{"type":"Polygon","coordinates":[[[-75.53333,52.025],[-75.53333,52.01667],[-75.54167,52.01667],[-75.54167,52.025],[-75.53333,52.025]]]}},{"type":"Feature","properties":{"c":"CDC-2844962","o":"Exploration Azimut inc. 100%","e":""},"geometry":{"type":"Polygon","coordinates":[[[-75.525,52.025],[-75.525,52.01667],[-75.53333,52.01667],[-75.53333,52.025],[-75.525,52.025]]]}},{"type":"Feature","properties":{"c":"CDC-2683176","o":"Exploration Azimut inc. 100%","e":""},"geometry":{"type":"Polygon","coordinates":[[[-75.83333,52.0],[-75.825,52.0],[-75.825,51.99167],[-75.83333,51.99167],[-75.83333,52.0]]]}},{"type":"Feature","properties":{"c":"CDC-2683177","o":"Exploration Azimut inc. 100%","e":""},"geometry":{"type":"Polygon","coordinates":[[[-75.825,52.0],[-75.81667,52.0],[-75.81667,51.99167],[-75.825,51.99167],[-75.825,52.0]]]}},{"type":"Feature","properties":{"c":"CDC-2683178","o":"Exploration Azimut inc. 100%","e":""},"geometry":{"type":"Polygon","coordinates":[[[-75.81667,52.0],[-75.80833,52.0],[-75.80833,51.99167],[-75.81667,51.99167],[-75.81667,52.0]]]}},{"type":"Feature","properties":{"c":"CDC-2655826","o":"Exploration Azimut inc. 100%","e":""},"geometry":{"type":"Polygon","coordinates":[[[-75.80833,52.0],[-75.8,52.0],[-75.8,51.99167],[-75.80833,51.99167],[-75.80833,52.0]]]}},{"type":"Feature","properties":{"c":"CDC-2656181","o":"Exploration Azimut inc. 100%","e":""},"geometry":{"type":"Polygon","coordinates":[[[-75.8,52.00833],[-75.8,52.0],[-75.80833,52.0],[-75.80833,52.00833],[-75.8,52.00833]]]}},{"type":"Feature","properties":{"c":"CDC-2654952","o":"Exploration Azimut inc. 100%","e":""},"geometry":{"type":"Polygon","coordinates":[[[-75.8,52.0],[-75.79167,52.0],[-75.79167,51.99167],[-75.8,51.99167],[-75.8,52.0]]]}},{"type":"Feature","properties":{"c":"CDC-2654955","o":"Exploration Azimut inc. 100%","e":""},"geometry":{"type":"Polygon","coordinates":[[[-75.79167,52.00833],[-75.79167,52.0],[-75.8,52.0],[-75.8,52.00833],[-75.79167,52.00833]]]}},{"type":"Feature","properties":{"c":"CDC-2654953","o":"Exploration Azimut inc. 100%","e":""},"geometry":{"type":"Polygon","coordinates":[[[-75.79167,52.0],[-75.78333,52.0],[-75.78333,51.99167],[-75.79167,51.99167],[-75.79167,52.0]]]}},{"type":"Feature","properties":{"c":"CDC-2654956","o":"Exploration Azimut inc. 100%","e":""},"geometry":{"type":"Polygon","coordinates":[[[-75.78333,52.00833],[-75.78333,52.0],[-75.79167,52.0],[-75.79167,52.00833],[-75.78333,52.00833]]]}},{"type":"Feature","properties":{"c":"CDC-2654954","o":"Exploration Azimut inc. 100%","e":""},"geometry":{"type":"Polygon","coordinates":[[[-75.78333,52.0],[-75.775,52.0],[-75.775,51.99167],[-75.78333,51.99167],[-75.78333,52.0]]]}},{"type":"Feature","properties":{"c":"CDC-2654957","o":"Exploration Azimut inc. 100%","e":""},"geometry":{"type":"Polygon","coordinates":[[[-75.775,52.00833],[-75.775,52.0],[-75.78333,52.0],[-75.78333,52.00833],[-75.775,52.00833]]]}},{"type":"Feature","properties":{"c":"CDC-59619","o":"Exploration Azimut inc. 100%","e":""},"geometry":{"type":"Polygon","coordinates":[[[-75.775,52.0],[-75.76667,52.0],[-75.76667,51.99167],[-75.775,51.99167],[-75.775,52.0]]]}},{"type":"Feature","properties":{"c":"CDC-59641","o":"Exploration Azimut inc. 100%","e":""},"geometry":{"type":"Polygon","coordinates":[[[-75.76667,52.00833],[-75.76667,52.0],[-75.775,52.0],[-75.775,52.00833],[-75.76667,52.00833]]]}},{"type":"Feature","properties":{"c":"CDC-59620","o":"Exploration Azimut inc. 100%","e":""},"geometry":{"type":"Polygon","coordinates":[[[-75.76667,52.0],[-75.75833,52.0],[-75.75833,51.99167],[-75.76667,51.99167],[-75.76667,52.0]]]}},{"type":"Feature","properties":{"c":"CDC-59642","o":"Exploration Azimut inc. 100%","e":""},"geometry":{"type":"Polygon","coordinates":[[[-75.75833,52.00833],[-75.75833,52.0],[-75.76667,52.0],[-75.76667,52.00833],[-75.75833,52.00833]]]}},{"type":"Feature","properties":{"c":"CDC-59621","o":"Exploration Azimut inc. 100%","e":""},"geometry":{"type":"Polygon","coordinates":[[[-75.75833,52.0],[-75.75,52.0],[-75.75,51.99167],[-75.75833,51.99167],[-75.75833,52.0]]]}},{"type":"Feature","properties":{"c":"CDC-59643","o":"Exploration Azimut inc. 100%","e":""},"geometry":{"type":"Polygon","coordinates":[[[-75.75,52.00833],[-75.75,52.0],[-75.75833,52.0],[-75.75833,52.00833],[-75.75,52.00833]]]}},{"type":"Feature","properties":{"c":"CDC-59628","o":"Exploration Azimut inc. 100%","e":""},"geometry":{"type":"Polygon","coordinates":[[[-75.75,52.0],[-75.74167,52.0],[-75.74167,51.99167],[-75.75,51.99167],[-75.75,52.0]]]}},{"type":"Feature","properties":{"c":"CDC-59644","o":"Exploration Azimut inc. 100%","e":""},"geometry":{"type":"Polygon","coordinates":[[[-75.74167,52.00833],[-75.74167,52.0],[-75.75,52.0],[-75.75,52.00833],[-75.74167,52.00833]]]}},{"type":"Feature","properties":{"c":"CDC-59629","o":"Exploration Azimut inc. 100%","e":""},"geometry":{"type":"Polygon","coordinates":[[[-75.74167,52.0],[-75.73333,52.0],[-75.73333,51.99167],[-75.74167,51.99167],[-75.74167,52.0]]]}},{"type":"Feature","properties":{"c":"CDC-59645","o":"Exploration Azimut inc. 100%","e":""},"geometry":{"type":"Polygon","coordinates":[[[-75.73333,52.00833],[-75.73333,52.0],[-75.74167,52.0],[-75.74167,52.00833],[-75.73333,52.00833]]]}},{"type":"Feature","properties":{"c":"CDC-60051","o":"Exploration Azimut inc. 100%","e":""},"geometry":{"type":"Polygon","coordinates":[[[-75.73333,52.0],[-75.725,52.0],[-75.725,51.99167],[-75.73333,51.99167],[-75.73333,52.0]]]}},{"type":"Feature","properties":{"c":"CDC-60064","o":"Exploration Azimut inc. 100%","e":""},"geometry":{"type":"Polygon","coordinates":[[[-75.725,52.00833],[-75.725,52.0],[-75.73333,52.0],[-75.73333,52.00833],[-75.725,52.00833]]]}},{"type":"Feature","properties":{"c":"CDC-60052","o":"Exploration Azimut inc. 100%","e":""},"geometry":{"type":"Polygon","coordinates":[[[-75.725,52.0],[-75.71667,52.0],[-75.71667,51.99167],[-75.725,51.99167],[-75.725,52.0]]]}},{"type":"Feature","properties":{"c":"CDC-60065","o":"Exploration Azimut inc. 100%","e":""},"geometry":{"type":"Polygon","coordinates":[[[-75.71667,52.00833],[-75.71667,52.0],[-75.725,52.0],[-75.725,52.00833],[-75.71667,52.00833]]]}},{"type":"Feature","properties":{"c":"CDC-2654585","o":"Exploration Azimut inc. 100%","e":""},"geometry":{"type":"Polygon","coordinates":[[[-75.71667,52.0],[-75.70833,52.0],[-75.70833,51.99167],[-75.71667,51.99167],[-75.71667,52.0]]]}},{"type":"Feature","properties":{"c":"CDC-2654958","o":"Exploration Azimut inc. 100%","e":""},"geometry":{"type":"Polygon","coordinates":[[[-75.70833,52.00833],[-75.70833,52.0],[-75.71667,52.0],[-75.71667,52.00833],[-75.70833,52.00833]]]}},{"type":"Feature","properties":{"c":"CDC-2656183","o":"Exploration Azimut inc. 100%","e":""},"geometry":{"type":"Polygon","coordinates":[[[-75.70833,52.01667],[-75.70833,52.00833],[-75.71667,52.00833],[-75.71667,52.01667],[-75.70833,52.01667]]]}},{"type":"Feature","properties":{"c":"CDC-2655827","o":"Exploration Azimut inc. 100%","e":""},"geometry":{"type":"Polygon","coordinates":[[[-75.70833,52.0],[-75.7,52.0],[-75.7,51.99167],[-75.70833,51.99167],[-75.70833,52.0]]]}},{"type":"Feature","properties":{"c":"CDC-2656182","o":"Exploration Azimut inc. 100%","e":""},"geometry":{"type":"Polygon","coordinates":[[[-75.7,52.00833],[-75.7,52.0],[-75.70833,52.0],[-75.70833,52.00833],[-75.7,52.00833]]]}},{"type":"Feature","properties":{"c":"CDC-2656184","o":"Exploration Azimut inc. 100%","e":""},"geometry":{"type":"Polygon","coordinates":[[[-75.7,52.01667],[-75.7,52.00833],[-75.70833,52.00833],[-75.70833,52.01667],[-75.7,52.01667]]]}},{"type":"Feature","properties":{"c":"CDC-2859918","o":"Exploration Azimut inc. 100%","e":""},"geometry":{"type":"Polygon","coordinates":[[[-75.69167,52.00833],[-75.69167,52.0],[-75.7,52.0],[-75.7,52.00833],[-75.69167,52.00833]]]}},{"type":"Feature","properties":{"c":"CDC-2656185","o":"Exploration Azimut inc. 100%","e":""},"geometry":{"type":"Polygon","coordinates":[[[-75.69167,52.01667],[-75.69167,52.00833],[-75.7,52.00833],[-75.7,52.01667],[-75.69167,52.01667]]]}},{"type":"Feature","properties":{"c":"CDC-2859919","o":"Exploration Azimut inc. 100%","e":""},"geometry":{"type":"Polygon","coordinates":[[[-75.68333,52.01667],[-75.68333,52.00833],[-75.69167,52.00833],[-75.69167,52.01667],[-75.68333,52.01667]]]}},{"type":"Feature","properties":{"c":"CDC-2859920","o":"Exploration Azimut inc. 100%","e":""},"geometry":{"type":"Polygon","coordinates":[[[-75.675,52.01667],[-75.675,52.00833],[-75.68333,52.00833],[-75.68333,52.01667],[-75.675,52.01667]]]}}]}