{"type":"FeatureCollection","features":[{"type":"Feature","properties":{"c":"914488","o":"","e":""},"geometry":{"type":"Polygon","coordinates":[[[-81.65625,46.49583],[-81.65625,46.5],[-81.65,46.5],[-81.65,46.49583],[-81.65625,46.49583]]]}},{"type":"Feature","properties":{"c":"914489","o":"","e":""},"geometry":{"type":"Polygon","coordinates":[[[-81.65,46.49583],[-81.65,46.5],[-81.64375,46.5],[-81.64375,46.49583],[-81.65,46.49583]]]}},{"type":"Feature","properties":{"c":"914490","o":"","e":""},"geometry":{"type":"Polygon","coordinates":[[[-81.64375,46.49583],[-81.64375,46.5],[-81.6375,46.5],[-81.6375,46.49583],[-81.64375,46.49583]]]}},{"type":"Feature","properties":{"c":"914491","o":"","e":""},"geometry":{"type":"Polygon","coordinates":[[[-81.6375,46.49583],[-81.6375,46.5],[-81.63125,46.5],[-81.63125,46.49583],[-81.6375,46.49583]]]}},{"type":"Feature","properties":{"c":"914492","o":"","e":""},"geometry":{"type":"Polygon","coordinates":[[[-81.63125,46.49583],[-81.63125,46.5],[-81.625,46.5],[-81.625,46.49583],[-81.63125,46.49583]]]}},{"type":"Feature","properties":{"c":"914493","o":"","e":""},"geometry":{"type":"Polygon","coordinates":[[[-81.625,46.49583],[-81.625,46.5],[-81.61875,46.5],[-81.61875,46.49583],[-81.625,46.49583]]]}},{"type":"Feature","properties":{"c":"914494","o":"","e":""},"geometry":{"type":"Polygon","coordinates":[[[-81.61875,46.49583],[-81.61875,46.5],[-81.6125,46.5],[-81.6125,46.49583],[-81.61875,46.49583]]]}},{"type":"Feature","properties":{"c":"914783","o":"","e":""},"geometry":{"type":"Polygon","coordinates":[[[-81.6,46.49583],[-81.6,46.5],[-81.59375,46.5],[-81.59375,46.49583],[-81.6,46.49583]]]}},{"type":"Feature","properties":{"c":"914784","o":"","e":""},"geometry":{"type":"Polygon","coordinates":[[[-81.59375,46.49583],[-81.59375,46.5],[-81.5875,46.5],[-81.5875,46.49583],[-81.59375,46.49583]]]}},{"type":"Feature","properties":{"c":"914785","o":"","e":""},"geometry":{"type":"Polygon","coordinates":[[[-81.5875,46.49583],[-81.5875,46.5],[-81.58125,46.5],[-81.58125,46.49583],[-81.5875,46.49583]]]}},{"type":"Feature","properties":{"c":"914786","o":"","e":""},"geometry":{"type":"Polygon","coordinates":[[[-81.58125,46.49583],[-81.58125,46.5],[-81.575,46.5],[-81.575,46.49583],[-81.58125,46.49583]]]}},{"type":"Feature","properties":{"c":"547788","o":"","e":""},"geometry":{"type":"Polygon","coordinates":[[[-81.70625,46.55417],[-81.7,46.55417],[-81.69375,46.55417],[-81.6875,46.55417],[-81.6875,46.55],[-81.6875,46.54583],[-81.69375,46.54583],[-81.7,46.54583],[-81.70625,46.54583],[-81.70625,46.55],[-81.70625,46.55417]]]}},{"type":"Feature","properties":{"c":"332952","o":"","e":""},"geometry":{"type":"Polygon","coordinates":[[[-81.65,46.64167],[-81.65,46.64583],[-81.64375,46.64583],[-81.64375,46.64167],[-81.65,46.64167]]]}},{"type":"Feature","properties":{"c":"333499","o":"","e":""},"geometry":{"type":"Polygon","coordinates":[[[-81.6625,46.61667],[-81.6625,46.62083],[-81.65625,46.62083],[-81.65625,46.61667],[-81.6625,46.61667]]]}},{"type":"Feature","properties":{"c":"334549","o":"","e":""},"geometry":{"type":"Polygon","coordinates":[[[-81.70625,46.625],[-81.70625,46.62917],[-81.7,46.62917],[-81.7,46.625],[-81.70625,46.625]]]}},{"type":"Feature","properties":{"c":"553172","o":"","e":""},"geometry":{"type":"Polygon","coordinates":[[[-81.61875,46.60833],[-81.61875,46.6125],[-81.6125,46.6125],[-81.60625,46.6125],[-81.60625,46.60833],[-81.60625,46.60417],[-81.60625,46.6],[-81.6125,46.6],[-81.61875,46.6],[-81.61875,46.60417],[-81.61875,46.60833]]]}},{"type":"Feature","properties":{"c":"335907","o":"","e":""},"geometry":{"type":"Polygon","coordinates":[[[-81.5375,46.7125],[-81.5375,46.71667],[-81.53125,46.71667],[-81.53125,46.7125],[-81.5375,46.7125]]]}},{"type":"Feature","properties":{"c":"554359","o":"","e":""},"geometry":{"type":"Polygon","coordinates":[[[-81.56875,46.525],[-81.5625,46.525],[-81.55625,46.525],[-81.55625,46.52083],[-81.55625,46.51667],[-81.5625,46.51667],[-81.56875,46.51667],[-81.56875,46.52083],[-81.56875,46.525]]]}},{"type":"Feature","properties":{"c":"1066214","o":"","e":""},"geometry":{"type":"Polygon","coordinates":[[[-81.8,46.6875],[-81.8,46.69167],[-81.79375,46.69167],[-81.79375,46.6875],[-81.8,46.6875]]]}},{"type":"Feature","properties":{"c":"552587","o":"","e":""},"geometry":{"type":"Polygon","coordinates":[[[-81.5125,46.58333],[-81.50625,46.58333],[-81.5,46.58333],[-81.5,46.57917],[-81.5,46.575],[-81.50625,46.575],[-81.5125,46.575],[-81.5125,46.57917],[-81.5125,46.58333]]]}},{"type":"Feature","properties":{"c":"341643","o":"","e":""},"geometry":{"type":"Polygon","coordinates":[[[-81.6,46.6875],[-81.6,46.69167],[-81.59375,46.69167],[-81.59375,46.6875],[-81.6,46.6875]]]}},{"type":"Feature","properties":{"c":"546512","o":"","e":""},"geometry":{"type":"Polygon","coordinates":[[[-81.56875,46.72917],[-81.56875,46.73333],[-81.5625,46.73333],[-81.55625,46.73333],[-81.55,46.73333],[-81.54375,46.73333],[-81.54375,46.72917],[-81.55,46.72917],[-81.55625,46.72917],[-81.5625,46.72917],[-81.56875,46.72917]]]}},{"type":"Feature","properties":{"c":"546568","o":"","e":""},"geometry":{"type":"Polygon","coordinates":[[[-81.5625,46.7125],[-81.5625,46.71667],[-81.55625,46.71667],[-81.55,46.71667],[-81.54375,46.71667],[-81.54375,46.7125],[-81.55,46.7125],[-81.55625,46.7125],[-81.5625,46.7125]]]}},{"type":"Feature","properties":{"c":"553173","o":"","e":""},"geometry":{"type":"Polygon","coordinates":[[[-81.61875,46.59583],[-81.61875,46.6],[-81.6125,46.6],[-81.60625,46.6],[-81.60625,46.59583],[-81.60625,46.59167],[-81.60625,46.5875],[-81.6125,46.5875],[-81.61875,46.5875],[-81.61875,46.59167],[-81.61875,46.59583]]]}},{"type":"Feature","properties":{"c":"555663","o":"","e":""},"geometry":{"type":"Polygon","coordinates":[[[-81.575,46.5125],[-81.575,46.51667],[-81.56875,46.51667],[-81.5625,46.51667],[-81.55625,46.51667],[-81.55625,46.5125],[-81.5625,46.5125],[-81.56875,46.5125],[-81.575,46.5125]]]}},{"type":"Feature","properties":{"c":"555658","o":"","e":""},"geometry":{"type":"Polygon","coordinates":[[[-81.54375,46.53333],[-81.54375,46.5375],[-81.5375,46.5375],[-81.5375,46.54167],[-81.53125,46.54167],[-81.53125,46.5375],[-81.525,46.5375],[-81.525,46.53333],[-81.525,46.52917],[-81.53125,46.52917],[-81.53125,46.525],[-81.5375,46.525],[-81.54375,46.525],[-81.54375,46.52917],[-81.54375,46.53333]]]}},{"type":"Feature","properties":{"c":"555657","o":"","e":""},"geometry":{"type":"Polygon","coordinates":[[[-81.55625,46.53333],[-81.55625,46.5375],[-81.55,46.5375],[-81.54375,46.5375],[-81.54375,46.53333],[-81.54375,46.52917],[-81.54375,46.525],[-81.55,46.525],[-81.55625,46.525],[-81.55625,46.52917],[-81.55625,46.53333]]]}},{"type":"Feature","properties":{"c":"555664","o":"","e":""},"geometry":{"type":"Polygon","coordinates":[[[-81.575,46.50417],[-81.56875,46.50417],[-81.5625,46.50417],[-81.55625,46.50417],[-81.55,46.50417],[-81.55,46.5],[-81.55,46.49583],[-81.55625,46.49583],[-81.5625,46.49583],[-81.56875,46.49583],[-81.575,46.49583],[-81.575,46.5],[-81.575,46.50417]]]}},{"type":"Feature","properties":{"c":"597144","o":"","e":""},"geometry":{"type":"Polygon","coordinates":[[[-81.70625,46.80417],[-81.70625,46.80833],[-81.7,46.80833],[-81.7,46.80417],[-81.70625,46.80417]]]}},{"type":"Feature","properties":{"c":"597145","o":"","e":""},"geometry":{"type":"Polygon","coordinates":[[[-81.7,46.80417],[-81.7,46.80833],[-81.69375,46.80833],[-81.69375,46.80417],[-81.7,46.80417]]]}},{"type":"Feature","properties":{"c":"597143","o":"","e":""},"geometry":{"type":"Polygon","coordinates":[[[-81.7125,46.80417],[-81.7125,46.80833],[-81.70625,46.80833],[-81.70625,46.80417],[-81.7125,46.80417]]]}},{"type":"Feature","properties":{"c":"597146","o":"","e":""},"geometry":{"type":"Polygon","coordinates":[[[-81.69375,46.80417],[-81.69375,46.80833],[-81.6875,46.80833],[-81.6875,46.80417],[-81.69375,46.80417]]]}},{"type":"Feature","properties":{"c":"597147","o":"","e":""},"geometry":{"type":"Polygon","coordinates":[[[-81.725,46.8],[-81.725,46.80417],[-81.71875,46.80417],[-81.71875,46.8],[-81.725,46.8]]]}},{"type":"Feature","properties":{"c":"597148","o":"","e":""},"geometry":{"type":"Polygon","coordinates":[[[-81.71875,46.8],[-81.71875,46.80417],[-81.7125,46.80417],[-81.7125,46.8],[-81.71875,46.8]]]}},{"type":"Feature","properties":{"c":"597149","o":"","e":""},"geometry":{"type":"Polygon","coordinates":[[[-81.7125,46.8],[-81.7125,46.80417],[-81.70625,46.80417],[-81.70625,46.8],[-81.7125,46.8]]]}},{"type":"Feature","properties":{"c":"597150","o":"","e":""},"geometry":{"type":"Polygon","coordinates":[[[-81.725,46.79583],[-81.725,46.8],[-81.71875,46.8],[-81.71875,46.79583],[-81.725,46.79583]]]}},{"type":"Feature","properties":{"c":"106840","o":"","e":""},"geometry":{"type":"Polygon","coordinates":[[[-81.65,46.60417],[-81.65,46.60833],[-81.64375,46.60833],[-81.64375,46.60417],[-81.65,46.60417]]]}},{"type":"Feature","properties":{"c":"106841","o":"","e":""},"geometry":{"type":"Polygon","coordinates":[[[-81.6625,46.6],[-81.6625,46.60417],[-81.65625,46.60417],[-81.65625,46.6],[-81.6625,46.6]]]}},{"type":"Feature","properties":{"c":"105995","o":"","e":""},"geometry":{"type":"Polygon","coordinates":[[[-81.65,46.625],[-81.65,46.62917],[-81.64375,46.62917],[-81.64375,46.625],[-81.65,46.625]]]}},{"type":"Feature","properties":{"c":"105996","o":"","e":""},"geometry":{"type":"Polygon","coordinates":[[[-81.625,46.62083],[-81.625,46.625],[-81.61875,46.625],[-81.61875,46.62083],[-81.625,46.62083]]]}},{"type":"Feature","properties":{"c":"105997","o":"","e":""},"geometry":{"type":"Polygon","coordinates":[[[-81.6375,46.62083],[-81.6375,46.625],[-81.63125,46.625],[-81.63125,46.62083],[-81.6375,46.62083]]]}},{"type":"Feature","properties":{"c":"106603","o":"","e":""},"geometry":{"type":"Polygon","coordinates":[[[-81.6,46.7125],[-81.6,46.71667],[-81.59375,46.71667],[-81.59375,46.7125],[-81.6,46.7125]]]}},{"type":"Feature","properties":{"c":"579694","o":"","e":""},"geometry":{"type":"Polygon","coordinates":[[[-81.68125,46.59583],[-81.675,46.59583],[-81.66875,46.59583],[-81.6625,46.59583],[-81.6625,46.59167],[-81.6625,46.5875],[-81.66875,46.5875],[-81.675,46.5875],[-81.68125,46.5875],[-81.68125,46.59167],[-81.68125,46.59583]]]}},{"type":"Feature","properties":{"c":"107970","o":"","e":""},"geometry":{"type":"Polygon","coordinates":[[[-81.6375,46.6875],[-81.6375,46.69167],[-81.63125,46.69167],[-81.63125,46.6875],[-81.6375,46.6875]]]}},{"type":"Feature","properties":{"c":"107971","o":"","e":""},"geometry":{"type":"Polygon","coordinates":[[[-81.625,46.68333],[-81.625,46.6875],[-81.61875,46.6875],[-81.61875,46.68333],[-81.625,46.68333]]]}},{"type":"Feature","properties":{"c":"107972","o":"","e":""},"geometry":{"type":"Polygon","coordinates":[[[-81.63125,46.68333],[-81.63125,46.6875],[-81.625,46.6875],[-81.625,46.68333],[-81.63125,46.68333]]]}},{"type":"Feature","properties":{"c":"107978","o":"","e":""},"geometry":{"type":"Polygon","coordinates":[[[-81.6125,46.70417],[-81.6125,46.70833],[-81.60625,46.70833],[-81.60625,46.70417],[-81.6125,46.70417]]]}},{"type":"Feature","properties":{"c":"108987","o":"","e":""},"geometry":{"type":"Polygon","coordinates":[[[-81.63125,46.67917],[-81.63125,46.68333],[-81.625,46.68333],[-81.625,46.67917],[-81.63125,46.67917]]]}},{"type":"Feature","properties":{"c":"107275","o":"","e":""},"geometry":{"type":"Polygon","coordinates":[[[-81.675,46.58333],[-81.675,46.5875],[-81.66875,46.5875],[-81.66875,46.58333],[-81.675,46.58333]]]}},{"type":"Feature","properties":{"c":"107276","o":"","e":""},"geometry":{"type":"Polygon","coordinates":[[[-81.675,46.57917],[-81.675,46.58333],[-81.66875,46.58333],[-81.66875,46.57917],[-81.675,46.57917]]]}},{"type":"Feature","properties":{"c":"108207","o":"","e":""},"geometry":{"type":"Polygon","coordinates":[[[-81.675,46.60833],[-81.675,46.6125],[-81.66875,46.6125],[-81.66875,46.60833],[-81.675,46.60833]]]}},{"type":"Feature","properties":{"c":"547150","o":"","e":""},"geometry":{"type":"Polygon","coordinates":[[[-81.58125,46.70833],[-81.575,46.70833],[-81.56875,46.70833],[-81.5625,46.70833],[-81.5625,46.70417],[-81.5625,46.7],[-81.56875,46.7],[-81.575,46.7],[-81.58125,46.7],[-81.58125,46.70417],[-81.58125,46.70833]]]}},{"type":"Feature","properties":{"c":"552588","o":"","e":""},"geometry":{"type":"Polygon","coordinates":[[[-81.51875,46.57083],[-81.51875,46.575],[-81.5125,46.575],[-81.50625,46.575],[-81.5,46.575],[-81.5,46.57083],[-81.50625,46.57083],[-81.5125,46.57083],[-81.51875,46.57083]]]}},{"type":"Feature","properties":{"c":"113322","o":"","e":""},"geometry":{"type":"Polygon","coordinates":[[[-81.525,46.72083],[-81.525,46.725],[-81.51875,46.725],[-81.51875,46.72083],[-81.525,46.72083]]]}},{"type":"Feature","properties":{"c":"111936","o":"","e":""},"geometry":{"type":"Polygon","coordinates":[[[-81.6125,46.67917],[-81.6125,46.68333],[-81.60625,46.68333],[-81.60625,46.67917],[-81.6125,46.67917]]]}},{"type":"Feature","properties":{"c":"111937","o":"","e":""},"geometry":{"type":"Polygon","coordinates":[[[-81.61875,46.67083],[-81.61875,46.675],[-81.6125,46.675],[-81.6125,46.67083],[-81.61875,46.67083]]]}},{"type":"Feature","properties":{"c":"547787","o":"","e":""},"geometry":{"type":"Polygon","coordinates":[[[-81.6875,46.5625],[-81.6875,46.56667],[-81.68125,46.56667],[-81.675,46.56667],[-81.675,46.5625],[-81.68125,46.5625],[-81.68125,46.55833],[-81.68125,46.55417],[-81.6875,46.55417],[-81.6875,46.55833],[-81.6875,46.5625]]]}},{"type":"Feature","properties":{"c":"114319","o":"","e":""},"geometry":{"type":"Polygon","coordinates":[[[-81.65,46.6875],[-81.65,46.69167],[-81.64375,46.69167],[-81.64375,46.6875],[-81.65,46.6875]]]}},{"type":"Feature","properties":{"c":"546509","o":"","e":""},"geometry":{"type":"Polygon","coordinates":[[[-81.5125,46.74167],[-81.5125,46.74583],[-81.50625,46.74583],[-81.5,46.74583],[-81.5,46.74167],[-81.5,46.7375],[-81.5,46.73333],[-81.50625,46.73333],[-81.5125,46.73333],[-81.5125,46.7375],[-81.5125,46.74167]]]}},{"type":"Feature","properties":{"c":"546517","o":"","e":""},"geometry":{"type":"Polygon","coordinates":[[[-81.56875,46.725],[-81.56875,46.72917],[-81.5625,46.72917],[-81.55625,46.72917],[-81.55625,46.725],[-81.55625,46.72083],[-81.55625,46.71667],[-81.5625,46.71667],[-81.56875,46.71667],[-81.56875,46.72083],[-81.56875,46.725]]]}},{"type":"Feature","properties":{"c":"114843","o":"","e":""},"geometry":{"type":"Polygon","coordinates":[[[-81.525,46.55833],[-81.525,46.5625],[-81.51875,46.5625],[-81.51875,46.55833],[-81.525,46.55833]]]}},{"type":"Feature","properties":{"c":"113951","o":"","e":""},"geometry":{"type":"Polygon","coordinates":[[[-81.65,46.63333],[-81.65,46.6375],[-81.64375,46.6375],[-81.64375,46.63333],[-81.65,46.63333]]]}},{"type":"Feature","properties":{"c":"546515","o":"","e":""},"geometry":{"type":"Polygon","coordinates":[[[-81.54375,46.725],[-81.54375,46.72917],[-81.5375,46.72917],[-81.5375,46.725],[-81.5375,46.72083],[-81.5375,46.71667],[-81.54375,46.71667],[-81.54375,46.72083],[-81.54375,46.725]]]}},{"type":"Feature","properties":{"c":"113570","o":"","e":""},"geometry":{"type":"Polygon","coordinates":[[[-81.56875,46.55833],[-81.56875,46.5625],[-81.5625,46.5625],[-81.5625,46.55833],[-81.56875,46.55833]]]}},{"type":"Feature","properties":{"c":"112419","o":"","e":""},"geometry":{"type":"Polygon","coordinates":[[[-81.54375,46.56667],[-81.54375,46.57083],[-81.5375,46.57083],[-81.5375,46.56667],[-81.54375,46.56667]]]}},{"type":"Feature","properties":{"c":"115223","o":"","e":""},"geometry":{"type":"Polygon","coordinates":[[[-81.5875,46.8],[-81.5875,46.80417],[-81.58125,46.80417],[-81.58125,46.8],[-81.5875,46.8]]]}},{"type":"Feature","properties":{"c":"115148","o":"","e":""},"geometry":{"type":"Polygon","coordinates":[[[-81.59375,46.775],[-81.59375,46.77917],[-81.5875,46.77917],[-81.5875,46.775],[-81.59375,46.775]]]}},{"type":"Feature","properties":{"c":"115149","o":"","e":""},"geometry":{"type":"Polygon","coordinates":[[[-81.59375,46.77083],[-81.59375,46.775],[-81.5875,46.775],[-81.5875,46.77083],[-81.59375,46.77083]]]}},{"type":"Feature","properties":{"c":"115153","o":"","e":""},"geometry":{"type":"Polygon","coordinates":[[[-81.61875,46.75833],[-81.61875,46.7625],[-81.6125,46.7625],[-81.6125,46.75833],[-81.61875,46.75833]]]}},{"type":"Feature","properties":{"c":"120046","o":"","e":""},"geometry":{"type":"Polygon","coordinates":[[[-81.65,46.61667],[-81.65,46.62083],[-81.64375,46.62083],[-81.64375,46.61667],[-81.65,46.61667]]]}},{"type":"Feature","properties":{"c":"710960","o":"","e":""},"geometry":{"type":"Polygon","coordinates":[[[-81.625,46.62917],[-81.625,46.63333],[-81.61875,46.63333],[-81.61875,46.62917],[-81.625,46.62917]]]}},{"type":"Feature","properties":{"c":"122105","o":"","e":""},"geometry":{"type":"Polygon","coordinates":[[[-81.6,46.725],[-81.6,46.72917],[-81.59375,46.72917],[-81.59375,46.725],[-81.6,46.725]]]}},{"type":"Feature","properties":{"c":"127481","o":"","e":""},"geometry":{"type":"Polygon","coordinates":[[[-81.55625,46.5375],[-81.55625,46.54167],[-81.55,46.54167],[-81.55,46.5375],[-81.55625,46.5375]]]}},{"type":"Feature","properties":{"c":"555755","o":"","e":""},"geometry":{"type":"Polygon","coordinates":[[[-81.54375,46.7125],[-81.5375,46.7125],[-81.53125,46.7125],[-81.525,46.7125],[-81.525,46.70833],[-81.53125,46.70833],[-81.5375,46.70833],[-81.5375,46.70417],[-81.54375,46.70417],[-81.54375,46.70833],[-81.54375,46.7125]]]}},{"type":"Feature","properties":{"c":"127510","o":"","e":""},"geometry":{"type":"Polygon","coordinates":[[[-81.61875,46.65833],[-81.61875,46.6625],[-81.6125,46.6625],[-81.6125,46.65833],[-81.61875,46.65833]]]}},{"type":"Feature","properties":{"c":"127512","o":"","e":""},"geometry":{"type":"Polygon","coordinates":[[[-81.625,46.65417],[-81.625,46.65833],[-81.61875,46.65833],[-81.61875,46.65417],[-81.625,46.65417]]]}},{"type":"Feature","properties":{"c":"126509","o":"","e":""},"geometry":{"type":"Polygon","coordinates":[[[-81.7625,46.75417],[-81.7625,46.75833],[-81.75625,46.75833],[-81.75625,46.75417],[-81.7625,46.75417]]]}},{"type":"Feature","properties":{"c":"123939","o":"","e":""},"geometry":{"type":"Polygon","coordinates":[[[-81.525,46.7875],[-81.525,46.79167],[-81.51875,46.79167],[-81.51875,46.7875],[-81.525,46.7875]]]}},{"type":"Feature","properties":{"c":"125109","o":"","e":""},"geometry":{"type":"Polygon","coordinates":[[[-81.625,46.62083],[-81.625,46.625],[-81.61875,46.625],[-81.61875,46.62083],[-81.625,46.62083]]]}},{"type":"Feature","properties":{"c":"125424","o":"","e":""},"geometry":{"type":"Polygon","coordinates":[[[-81.6375,46.68333],[-81.6375,46.6875],[-81.63125,46.6875],[-81.63125,46.68333],[-81.6375,46.68333]]]}},{"type":"Feature","properties":{"c":"125427","o":"","e":""},"geometry":{"type":"Polygon","coordinates":[[[-81.6125,46.7],[-81.6125,46.70417],[-81.60625,46.70417],[-81.60625,46.7],[-81.6125,46.7]]]}},{"type":"Feature","properties":{"c":"125428","o":"","e":""},"geometry":{"type":"Polygon","coordinates":[[[-81.61875,46.69583],[-81.61875,46.7],[-81.6125,46.7],[-81.6125,46.69583],[-81.61875,46.69583]]]}},{"type":"Feature","properties":{"c":"128081","o":"","e":""},"geometry":{"type":"Polygon","coordinates":[[[-81.6375,46.67083],[-81.6375,46.675],[-81.63125,46.675],[-81.63125,46.67083],[-81.6375,46.67083]]]}},{"type":"Feature","properties":{"c":"546513","o":"","e":""},"geometry":{"type":"Polygon","coordinates":[[[-81.54375,46.7375],[-81.54375,46.74167],[-81.54375,46.74583],[-81.5375,46.74583],[-81.5375,46.74167],[-81.5375,46.7375],[-81.5375,46.73333],[-81.5375,46.72917],[-81.54375,46.72917],[-81.54375,46.73333],[-81.54375,46.7375]]]}},{"type":"Feature","properties":{"c":"547151","o":"","e":""},"geometry":{"type":"Polygon","coordinates":[[[-81.59375,46.69167],[-81.59375,46.69583],[-81.5875,46.69583],[-81.5875,46.7],[-81.58125,46.7],[-81.575,46.7],[-81.575,46.69583],[-81.575,46.69167],[-81.58125,46.69167],[-81.5875,46.69167],[-81.59375,46.69167]]]}},{"type":"Feature","properties":{"c":"128038","o":"","e":""},"geometry":{"type":"Polygon","coordinates":[[[-81.6625,46.59167],[-81.6625,46.59583],[-81.65625,46.59583],[-81.65625,46.59167],[-81.6625,46.59167]]]}},{"type":"Feature","properties":{"c":"128039","o":"","e":""},"geometry":{"type":"Polygon","coordinates":[[[-81.66875,46.58333],[-81.66875,46.5875],[-81.6625,46.5875],[-81.6625,46.58333],[-81.66875,46.58333]]]}},{"type":"Feature","properties":{"c":"559932","o":"","e":""},"geometry":{"type":"Polygon","coordinates":[[[-81.6875,46.62917],[-81.6875,46.63333],[-81.68125,46.63333],[-81.68125,46.62917],[-81.6875,46.62917]]]}},{"type":"Feature","properties":{"c":"559933","o":"","e":""},"geometry":{"type":"Polygon","coordinates":[[[-81.68125,46.62917],[-81.68125,46.63333],[-81.675,46.63333],[-81.675,46.62917],[-81.68125,46.62917]]]}},{"type":"Feature","properties":{"c":"559934","o":"","e":""},"geometry":{"type":"Polygon","coordinates":[[[-81.69375,46.625],[-81.69375,46.62917],[-81.6875,46.62917],[-81.6875,46.625],[-81.69375,46.625]]]}},{"type":"Feature","properties":{"c":"559935","o":"","e":""},"geometry":{"type":"Polygon","coordinates":[[[-81.6875,46.625],[-81.6875,46.62917],[-81.68125,46.62917],[-81.68125,46.625],[-81.6875,46.625]]]}},{"type":"Feature","properties":{"c":"559936","o":"","e":""},"geometry":{"type":"Polygon","coordinates":[[[-81.68125,46.625],[-81.68125,46.62917],[-81.675,46.62917],[-81.675,46.625],[-81.68125,46.625]]]}},{"type":"Feature","properties":{"c":"559937","o":"","e":""},"geometry":{"type":"Polygon","coordinates":[[[-81.69375,46.62083],[-81.69375,46.625],[-81.6875,46.625],[-81.6875,46.62083],[-81.69375,46.62083]]]}},{"type":"Feature","properties":{"c":"559938","o":"","e":""},"geometry":{"type":"Polygon","coordinates":[[[-81.6875,46.62083],[-81.6875,46.625],[-81.68125,46.625],[-81.68125,46.62083],[-81.6875,46.62083]]]}},{"type":"Feature","properties":{"c":"559939","o":"","e":""},"geometry":{"type":"Polygon","coordinates":[[[-81.68125,46.62083],[-81.68125,46.625],[-81.675,46.625],[-81.675,46.62083],[-81.68125,46.62083]]]}},{"type":"Feature","properties":{"c":"559942","o":"","e":""},"geometry":{"type":"Polygon","coordinates":[[[-81.69375,46.61667],[-81.69375,46.62083],[-81.6875,46.62083],[-81.6875,46.61667],[-81.69375,46.61667]]]}},{"type":"Feature","properties":{"c":"559943","o":"","e":""},"geometry":{"type":"Polygon","coordinates":[[[-81.6875,46.61667],[-81.6875,46.62083],[-81.68125,46.62083],[-81.68125,46.61667],[-81.6875,46.61667]]]}},{"type":"Feature","properties":{"c":"559944","o":"","e":""},"geometry":{"type":"Polygon","coordinates":[[[-81.69375,46.6125],[-81.69375,46.61667],[-81.6875,46.61667],[-81.6875,46.6125],[-81.69375,46.6125]]]}},{"type":"Feature","properties":{"c":"547785","o":"","e":""},"geometry":{"type":"Polygon","coordinates":[[[-81.69375,46.575],[-81.6875,46.575],[-81.68125,46.575],[-81.675,46.575],[-81.675,46.57083],[-81.675,46.56667],[-81.68125,46.56667],[-81.6875,46.56667],[-81.69375,46.56667],[-81.69375,46.57083],[-81.69375,46.575]]]}},{"type":"Feature","properties":{"c":"559927","o":"","e":""},"geometry":{"type":"Polygon","coordinates":[[[-81.6875,46.6375],[-81.6875,46.64167],[-81.68125,46.64167],[-81.68125,46.6375],[-81.6875,46.6375]]]}},{"type":"Feature","properties":{"c":"559928","o":"","e":""},"geometry":{"type":"Polygon","coordinates":[[[-81.68125,46.6375],[-81.68125,46.64167],[-81.675,46.64167],[-81.675,46.6375],[-81.68125,46.6375]]]}},{"type":"Feature","properties":{"c":"559929","o":"","e":""},"geometry":{"type":"Polygon","coordinates":[[[-81.6875,46.63333],[-81.6875,46.6375],[-81.68125,46.6375],[-81.68125,46.63333],[-81.6875,46.63333]]]}},{"type":"Feature","properties":{"c":"559930","o":"","e":""},"geometry":{"type":"Polygon","coordinates":[[[-81.68125,46.63333],[-81.68125,46.6375],[-81.675,46.6375],[-81.675,46.63333],[-81.68125,46.63333]]]}},{"type":"Feature","properties":{"c":"559931","o":"","e":""},"geometry":{"type":"Polygon","coordinates":[[[-81.69375,46.62917],[-81.69375,46.63333],[-81.6875,46.63333],[-81.6875,46.62917],[-81.69375,46.62917]]]}},{"type":"Feature","properties":{"c":"133564","o":"","e":""},"geometry":{"type":"Polygon","coordinates":[[[-81.65625,46.59583],[-81.65625,46.6],[-81.65,46.6],[-81.65,46.59583],[-81.65625,46.59583]]]}},{"type":"Feature","properties":{"c":"133565","o":"","e":""},"geometry":{"type":"Polygon","coordinates":[[[-81.61875,46.6125],[-81.61875,46.61667],[-81.6125,46.61667],[-81.6125,46.6125],[-81.61875,46.6125]]]}},{"type":"Feature","properties":{"c":"133566","o":"","e":""},"geometry":{"type":"Polygon","coordinates":[[[-81.625,46.60833],[-81.625,46.6125],[-81.61875,46.6125],[-81.61875,46.60833],[-81.625,46.60833]]]}},{"type":"Feature","properties":{"c":"133978","o":"","e":""},"geometry":{"type":"Polygon","coordinates":[[[-81.60625,46.72917],[-81.60625,46.73333],[-81.6,46.73333],[-81.6,46.72917],[-81.60625,46.72917]]]}},{"type":"Feature","properties":{"c":"133283","o":"","e":""},"geometry":{"type":"Polygon","coordinates":[[[-81.6,46.74583],[-81.6,46.75],[-81.59375,46.75],[-81.59375,46.74583],[-81.6,46.74583]]]}},{"type":"Feature","properties":{"c":"131349","o":"","e":""},"geometry":{"type":"Polygon","coordinates":[[[-81.6125,46.66667],[-81.6125,46.67083],[-81.60625,46.67083],[-81.60625,46.66667],[-81.6125,46.66667]]]}},{"type":"Feature","properties":{"c":"134575","o":"","e":""},"geometry":{"type":"Polygon","coordinates":[[[-81.65625,46.61667],[-81.65625,46.62083],[-81.65,46.62083],[-81.65,46.61667],[-81.65625,46.61667]]]}},{"type":"Feature","properties":{"c":"135530","o":"","e":""},"geometry":{"type":"Polygon","coordinates":[[[-81.63125,46.7],[-81.63125,46.70417],[-81.625,46.70417],[-81.625,46.7],[-81.63125,46.7]]]}},{"type":"Feature","properties":{"c":"136247","o":"","e":""},"geometry":{"type":"Polygon","coordinates":[[[-81.63125,46.60417],[-81.63125,46.60833],[-81.625,46.60833],[-81.625,46.60417],[-81.63125,46.60417]]]}},{"type":"Feature","properties":{"c":"137854","o":"","e":""},"geometry":{"type":"Polygon","coordinates":[[[-81.55,46.5625],[-81.55,46.56667],[-81.54375,46.56667],[-81.54375,46.5625],[-81.55,46.5625]]]}},{"type":"Feature","properties":{"c":"139070","o":"","e":""},"geometry":{"type":"Polygon","coordinates":[[[-81.6125,46.675],[-81.6125,46.67917],[-81.60625,46.67917],[-81.60625,46.675],[-81.6125,46.675]]]}},{"type":"Feature","properties":{"c":"136921","o":"","e":""},"geometry":{"type":"Polygon","coordinates":[[[-81.625,46.70417],[-81.625,46.70833],[-81.61875,46.70833],[-81.61875,46.70417],[-81.625,46.70417]]]}},{"type":"Feature","properties":{"c":"136922","o":"","e":""},"geometry":{"type":"Polygon","coordinates":[[[-81.61875,46.7],[-81.61875,46.70417],[-81.6125,46.70417],[-81.6125,46.7],[-81.61875,46.7]]]}},{"type":"Feature","properties":{"c":"139893","o":"","e":""},"geometry":{"type":"Polygon","coordinates":[[[-81.56875,46.56667],[-81.56875,46.57083],[-81.5625,46.57083],[-81.5625,46.56667],[-81.56875,46.56667]]]}},{"type":"Feature","properties":{"c":"141352","o":"","e":""},"geometry":{"type":"Polygon","coordinates":[[[-81.6125,46.74583],[-81.6125,46.75],[-81.60625,46.75],[-81.60625,46.74583],[-81.6125,46.74583]]]}},{"type":"Feature","properties":{"c":"547807","o":"","e":""},"geometry":{"type":"Polygon","coordinates":[[[-81.6875,46.58333],[-81.68125,46.58333],[-81.68125,46.5875],[-81.675,46.5875],[-81.675,46.58333],[-81.675,46.57917],[-81.675,46.575],[-81.68125,46.575],[-81.6875,46.575],[-81.6875,46.57917],[-81.6875,46.58333]]]}},{"type":"Feature","properties":{"c":"138915","o":"","e":""},"geometry":{"type":"Polygon","coordinates":[[[-81.675,46.57083],[-81.675,46.575],[-81.66875,46.575],[-81.66875,46.57083],[-81.675,46.57083]]]}},{"type":"Feature","properties":{"c":"546507","o":"","e":""},"geometry":{"type":"Polygon","coordinates":[[[-81.5125,46.7625],[-81.50625,46.7625],[-81.5,46.7625],[-81.5,46.75833],[-81.5,46.75417],[-81.50625,46.75417],[-81.5125,46.75417],[-81.5125,46.75833],[-81.5125,46.7625]]]}},{"type":"Feature","properties":{"c":"137106","o":"","e":""},"geometry":{"type":"Polygon","coordinates":[[[-81.69375,46.6375],[-81.69375,46.64167],[-81.6875,46.64167],[-81.6875,46.6375],[-81.69375,46.6375]]]}},{"type":"Feature","properties":{"c":"137107","o":"","e":""},"geometry":{"type":"Polygon","coordinates":[[[-81.70625,46.6375],[-81.70625,46.64167],[-81.7,46.64167],[-81.7,46.6375],[-81.70625,46.6375]]]}},{"type":"Feature","properties":{"c":"139560","o":"","e":""},"geometry":{"type":"Polygon","coordinates":[[[-81.6375,46.65417],[-81.6375,46.65833],[-81.63125,46.65833],[-81.63125,46.65417],[-81.6375,46.65417]]]}},{"type":"Feature","properties":{"c":"546510","o":"","e":""},"geometry":{"type":"Polygon","coordinates":[[[-81.525,46.7375],[-81.525,46.74167],[-81.525,46.74583],[-81.51875,46.74583],[-81.5125,46.74583],[-81.5125,46.74167],[-81.5125,46.7375],[-81.5125,46.73333],[-81.5125,46.72917],[-81.51875,46.72917],[-81.525,46.72917],[-81.525,46.73333],[-81.525,46.7375]]]}},{"type":"Feature","properties":{"c":"555655","o":"","e":""},"geometry":{"type":"Polygon","coordinates":[[[-81.55625,46.52083],[-81.55625,46.525],[-81.55,46.525],[-81.54375,46.525],[-81.5375,46.525],[-81.53125,46.525],[-81.53125,46.52083],[-81.5375,46.52083],[-81.5375,46.51667],[-81.5375,46.5125],[-81.54375,46.5125],[-81.55,46.5125],[-81.55625,46.5125],[-81.55625,46.51667],[-81.55625,46.52083]]]}},{"type":"Feature","properties":{"c":"140084","o":"","e":""},"geometry":{"type":"Polygon","coordinates":[[[-81.50625,46.78333],[-81.50625,46.7875],[-81.5,46.7875],[-81.5,46.78333],[-81.50625,46.78333]]]}},{"type":"Feature","properties":{"c":"142819","o":"","e":""},"geometry":{"type":"Polygon","coordinates":[[[-81.5375,46.57083],[-81.5375,46.575],[-81.53125,46.575],[-81.53125,46.57083],[-81.5375,46.57083]]]}},{"type":"Feature","properties":{"c":"142820","o":"","e":""},"geometry":{"type":"Polygon","coordinates":[[[-81.525,46.56667],[-81.525,46.57083],[-81.51875,46.57083],[-81.51875,46.56667],[-81.525,46.56667]]]}},{"type":"Feature","properties":{"c":"142821","o":"","e":""},"geometry":{"type":"Polygon","coordinates":[[[-81.525,46.5625],[-81.525,46.56667],[-81.51875,46.56667],[-81.51875,46.5625],[-81.525,46.5625]]]}},{"type":"Feature","properties":{"c":"142822","o":"","e":""},"geometry":{"type":"Polygon","coordinates":[[[-81.51875,46.55833],[-81.51875,46.5625],[-81.5125,46.5625],[-81.5125,46.55833],[-81.51875,46.55833]]]}},{"type":"Feature","properties":{"c":"143118","o":"","e":""},"geometry":{"type":"Polygon","coordinates":[[[-81.5875,46.575],[-81.5875,46.57917],[-81.58125,46.57917],[-81.58125,46.575],[-81.5875,46.575]]]}},{"type":"Feature","properties":{"c":"555665","o":"","e":""},"geometry":{"type":"Polygon","coordinates":[[[-81.575,46.5125],[-81.56875,46.5125],[-81.5625,46.5125],[-81.55625,46.5125],[-81.55,46.5125],[-81.54375,46.5125],[-81.54375,46.50833],[-81.55,46.50833],[-81.55,46.50417],[-81.55625,46.50417],[-81.5625,46.50417],[-81.56875,46.50417],[-81.575,46.50417],[-81.575,46.50833],[-81.575,46.5125]]]}},{"type":"Feature","properties":{"c":"139530","o":"","e":""},"geometry":{"type":"Polygon","coordinates":[[[-81.55,46.5375],[-81.55,46.54167],[-81.54375,46.54167],[-81.54375,46.5375],[-81.55,46.5375]]]}},{"type":"Feature","properties":{"c":"142267","o":"","e":""},"geometry":{"type":"Polygon","coordinates":[[[-81.6375,46.6],[-81.6375,46.60417],[-81.63125,46.60417],[-81.63125,46.6],[-81.6375,46.6]]]}},{"type":"Feature","properties":{"c":"142268","o":"","e":""},"geometry":{"type":"Polygon","coordinates":[[[-81.625,46.59583],[-81.625,46.6],[-81.61875,46.6],[-81.61875,46.59583],[-81.625,46.59583]]]}},{"type":"Feature","properties":{"c":"142934","o":"","e":""},"geometry":{"type":"Polygon","coordinates":[[[-81.6125,46.69583],[-81.6125,46.7],[-81.60625,46.7],[-81.60625,46.69583],[-81.6125,46.69583]]]}},{"type":"Feature","properties":{"c":"143521","o":"","e":""},"geometry":{"type":"Polygon","coordinates":[[[-81.525,46.78333],[-81.525,46.7875],[-81.51875,46.7875],[-81.51875,46.78333],[-81.525,46.78333]]]}},{"type":"Feature","properties":{"c":"145561","o":"","e":""},"geometry":{"type":"Polygon","coordinates":[[[-81.64375,46.675],[-81.64375,46.67917],[-81.6375,46.67917],[-81.6375,46.675],[-81.64375,46.675]]]}},{"type":"Feature","properties":{"c":"145579","o":"","e":""},"geometry":{"type":"Polygon","coordinates":[[[-81.65,46.67083],[-81.65,46.675],[-81.64375,46.675],[-81.64375,46.67083],[-81.65,46.67083]]]}},{"type":"Feature","properties":{"c":"144999","o":"","e":""},"geometry":{"type":"Polygon","coordinates":[[[-81.6125,46.6625],[-81.6125,46.66667],[-81.60625,46.66667],[-81.60625,46.6625],[-81.6125,46.6625]]]}},{"type":"Feature","properties":{"c":"145000","o":"","e":""},"geometry":{"type":"Polygon","coordinates":[[[-81.6375,46.65833],[-81.6375,46.6625],[-81.63125,46.6625],[-81.63125,46.65833],[-81.6375,46.65833]]]}},{"type":"Feature","properties":{"c":"145580","o":"","e":""},"geometry":{"type":"Polygon","coordinates":[[[-81.65,46.66667],[-81.65,46.67083],[-81.64375,46.67083],[-81.64375,46.66667],[-81.65,46.66667]]]}},{"type":"Feature","properties":{"c":"143999","o":"","e":""},"geometry":{"type":"Polygon","coordinates":[[[-81.5375,46.55417],[-81.5375,46.55833],[-81.53125,46.55833],[-81.53125,46.55417],[-81.5375,46.55417]]]}},{"type":"Feature","properties":{"c":"144347","o":"","e":""},"geometry":{"type":"Polygon","coordinates":[[[-81.61875,46.64583],[-81.61875,46.65],[-81.6125,46.65],[-81.6125,46.64583],[-81.61875,46.64583]]]}},{"type":"Feature","properties":{"c":"546508","o":"","e":""},"geometry":{"type":"Polygon","coordinates":[[[-81.5125,46.75417],[-81.50625,46.75417],[-81.5,46.75417],[-81.5,46.75],[-81.5,46.74583],[-81.50625,46.74583],[-81.5125,46.74583],[-81.5125,46.75],[-81.5125,46.75417]]]}},{"type":"Feature","properties":{"c":"546511","o":"","e":""},"geometry":{"type":"Polygon","coordinates":[[[-81.5375,46.7375],[-81.5375,46.74167],[-81.5375,46.74583],[-81.53125,46.74583],[-81.525,46.74583],[-81.525,46.74167],[-81.525,46.7375],[-81.525,46.73333],[-81.525,46.72917],[-81.53125,46.72917],[-81.5375,46.72917],[-81.5375,46.73333],[-81.5375,46.7375]]]}},{"type":"Feature","properties":{"c":"546516","o":"","e":""},"geometry":{"type":"Polygon","coordinates":[[[-81.55625,46.725],[-81.55625,46.72917],[-81.55,46.72917],[-81.54375,46.72917],[-81.54375,46.725],[-81.54375,46.72083],[-81.54375,46.71667],[-81.55,46.71667],[-81.55625,46.71667],[-81.55625,46.72083],[-81.55625,46.725]]]}},{"type":"Feature","properties":{"c":"546514","o":"","e":""},"geometry":{"type":"Polygon","coordinates":[[[-81.5375,46.725],[-81.5375,46.72917],[-81.53125,46.72917],[-81.525,46.72917],[-81.51875,46.72917],[-81.5125,46.72917],[-81.5125,46.725],[-81.51875,46.725],[-81.525,46.725],[-81.53125,46.725],[-81.5375,46.725]]]}},{"type":"Feature","properties":{"c":"147906","o":"","e":""},"geometry":{"type":"Polygon","coordinates":[[[-81.6375,46.7],[-81.6375,46.70417],[-81.63125,46.70417],[-81.63125,46.7],[-81.6375,46.7]]]}},{"type":"Feature","properties":{"c":"144042","o":"","e":""},"geometry":{"type":"Polygon","coordinates":[[[-81.56875,46.70833],[-81.56875,46.7125],[-81.5625,46.7125],[-81.5625,46.70833],[-81.56875,46.70833]]]}},{"type":"Feature","properties":{"c":"147668","o":"","e":""},"geometry":{"type":"Polygon","coordinates":[[[-81.53125,46.7875],[-81.53125,46.79167],[-81.525,46.79167],[-81.525,46.7875],[-81.53125,46.7875]]]}},{"type":"Feature","properties":{"c":"150016","o":"","e":""},"geometry":{"type":"Polygon","coordinates":[[[-81.6375,46.62917],[-81.6375,46.63333],[-81.63125,46.63333],[-81.63125,46.62917],[-81.6375,46.62917]]]}},{"type":"Feature","properties":{"c":"150586","o":"","e":""},"geometry":{"type":"Polygon","coordinates":[[[-81.65,46.6125],[-81.65,46.61667],[-81.64375,46.61667],[-81.64375,46.6125],[-81.65,46.6125]]]}},{"type":"Feature","properties":{"c":"149928","o":"","e":""},"geometry":{"type":"Polygon","coordinates":[[[-81.6375,46.63333],[-81.6375,46.6375],[-81.63125,46.6375],[-81.63125,46.63333],[-81.6375,46.63333]]]}},{"type":"Feature","properties":{"c":"149505","o":"","e":""},"geometry":{"type":"Polygon","coordinates":[[[-81.6625,46.60417],[-81.6625,46.60833],[-81.65625,46.60833],[-81.65625,46.60417],[-81.6625,46.60417]]]}},{"type":"Feature","properties":{"c":"147515","o":"","e":""},"geometry":{"type":"Polygon","coordinates":[[[-81.6375,46.61667],[-81.6375,46.62083],[-81.63125,46.62083],[-81.63125,46.61667],[-81.6375,46.61667]]]}},{"type":"Feature","properties":{"c":"150714","o":"","e":""},"geometry":{"type":"Polygon","coordinates":[[[-81.63125,46.60833],[-81.63125,46.6125],[-81.625,46.6125],[-81.625,46.60833],[-81.63125,46.60833]]]}},{"type":"Feature","properties":{"c":"150858","o":"","e":""},"geometry":{"type":"Polygon","coordinates":[[[-81.6,46.68333],[-81.6,46.6875],[-81.59375,46.6875],[-81.59375,46.68333],[-81.6,46.68333]]]}},{"type":"Feature","properties":{"c":"150859","o":"","e":""},"geometry":{"type":"Polygon","coordinates":[[[-81.61875,46.68333],[-81.61875,46.6875],[-81.6125,46.6875],[-81.6125,46.68333],[-81.61875,46.68333]]]}},{"type":"Feature","properties":{"c":"152198","o":"","e":""},"geometry":{"type":"Polygon","coordinates":[[[-81.6375,46.6375],[-81.6375,46.64167],[-81.63125,46.64167],[-81.63125,46.6375],[-81.6375,46.6375]]]}},{"type":"Feature","properties":{"c":"152814","o":"","e":""},"geometry":{"type":"Polygon","coordinates":[[[-81.63125,46.64167],[-81.63125,46.64583],[-81.625,46.64583],[-81.625,46.64167],[-81.63125,46.64167]]]}},{"type":"Feature","properties":{"c":"152237","o":"","e":""},"geometry":{"type":"Polygon","coordinates":[[[-81.63125,46.75833],[-81.63125,46.7625],[-81.625,46.7625],[-81.625,46.75833],[-81.63125,46.75833]]]}},{"type":"Feature","properties":{"c":"152238","o":"","e":""},"geometry":{"type":"Polygon","coordinates":[[[-81.625,46.75417],[-81.625,46.75833],[-81.61875,46.75833],[-81.61875,46.75417],[-81.625,46.75417]]]}},{"type":"Feature","properties":{"c":"149259","o":"","e":""},"geometry":{"type":"Polygon","coordinates":[[[-81.6375,46.64167],[-81.6375,46.64583],[-81.63125,46.64583],[-81.63125,46.64167],[-81.6375,46.64167]]]}},{"type":"Feature","properties":{"c":"552589","o":"","e":""},"geometry":{"type":"Polygon","coordinates":[[[-81.51875,46.56667],[-81.51875,46.57083],[-81.5125,46.57083],[-81.50625,46.57083],[-81.50625,46.56667],[-81.5125,46.56667],[-81.51875,46.56667]]]}},{"type":"Feature","properties":{"c":"153596","o":"","e":""},"geometry":{"type":"Polygon","coordinates":[[[-81.61875,46.625],[-81.61875,46.62917],[-81.6125,46.62917],[-81.6125,46.625],[-81.61875,46.625]]]}},{"type":"Feature","properties":{"c":"152192","o":"","e":""},"geometry":{"type":"Polygon","coordinates":[[[-81.6,46.73333],[-81.6,46.7375],[-81.59375,46.7375],[-81.59375,46.73333],[-81.6,46.73333]]]}},{"type":"Feature","properties":{"c":"152193","o":"","e":""},"geometry":{"type":"Polygon","coordinates":[[[-81.6,46.72917],[-81.6,46.73333],[-81.59375,46.73333],[-81.59375,46.72917],[-81.6,46.72917]]]}},{"type":"Feature","properties":{"c":"152774","o":"","e":""},"geometry":{"type":"Polygon","coordinates":[[[-81.65625,46.6125],[-81.65625,46.61667],[-81.65,46.61667],[-81.65,46.6125],[-81.65625,46.6125]]]}},{"type":"Feature","properties":{"c":"151550","o":"","e":""},"geometry":{"type":"Polygon","coordinates":[[[-81.64375,46.64583],[-81.64375,46.65],[-81.6375,46.65],[-81.6375,46.64583],[-81.64375,46.64583]]]}},{"type":"Feature","properties":{"c":"154977","o":"","e":""},"geometry":{"type":"Polygon","coordinates":[[[-81.7625,46.75],[-81.7625,46.75417],[-81.75625,46.75417],[-81.75625,46.75],[-81.7625,46.75]]]}},{"type":"Feature","properties":{"c":"547149","o":"","e":""},"geometry":{"type":"Polygon","coordinates":[[[-81.58125,46.71667],[-81.575,46.71667],[-81.56875,46.71667],[-81.56875,46.7125],[-81.56875,46.70833],[-81.575,46.70833],[-81.58125,46.70833],[-81.58125,46.7125],[-81.58125,46.71667]]]}},{"type":"Feature","properties":{"c":"159151","o":"","e":""},"geometry":{"type":"Polygon","coordinates":[[[-81.6,46.675],[-81.6,46.67917],[-81.59375,46.67917],[-81.59375,46.675],[-81.6,46.675]]]}},{"type":"Feature","properties":{"c":"155587","o":"","e":""},"geometry":{"type":"Polygon","coordinates":[[[-81.51875,46.5625],[-81.51875,46.56667],[-81.5125,46.56667],[-81.5125,46.5625],[-81.51875,46.5625]]]}},{"type":"Feature","properties":{"c":"155589","o":"","e":""},"geometry":{"type":"Polygon","coordinates":[[[-81.58125,46.575],[-81.58125,46.57917],[-81.575,46.57917],[-81.575,46.575],[-81.58125,46.575]]]}},{"type":"Feature","properties":{"c":"161448","o":"","e":""},"geometry":{"type":"Polygon","coordinates":[[[-81.6375,46.69583],[-81.6375,46.7],[-81.63125,46.7],[-81.63125,46.69583],[-81.6375,46.69583]]]}},{"type":"Feature","properties":{"c":"161460","o":"","e":""},"geometry":{"type":"Polygon","coordinates":[[[-81.65,46.68333],[-81.65,46.6875],[-81.64375,46.6875],[-81.64375,46.68333],[-81.65,46.68333]]]}},{"type":"Feature","properties":{"c":"158469","o":"","e":""},"geometry":{"type":"Polygon","coordinates":[[[-81.63125,46.64583],[-81.63125,46.65],[-81.625,46.65],[-81.625,46.64583],[-81.63125,46.64583]]]}},{"type":"Feature","properties":{"c":"160065","o":"","e":""},"geometry":{"type":"Polygon","coordinates":[[[-81.65625,46.63333],[-81.65625,46.6375],[-81.65,46.6375],[-81.65,46.63333],[-81.65625,46.63333]]]}},{"type":"Feature","properties":{"c":"160066","o":"","e":""},"geometry":{"type":"Polygon","coordinates":[[[-81.65,46.625],[-81.65,46.62917],[-81.64375,46.62917],[-81.64375,46.625],[-81.65,46.625]]]}},{"type":"Feature","properties":{"c":"160067","o":"","e":""},"geometry":{"type":"Polygon","coordinates":[[[-81.65625,46.625],[-81.65625,46.62917],[-81.65,46.62917],[-81.65,46.625],[-81.65625,46.625]]]}},{"type":"Feature","properties":{"c":"547167","o":"","e":""},"geometry":{"type":"Polygon","coordinates":[[[-81.575,46.69583],[-81.575,46.7],[-81.56875,46.7],[-81.5625,46.7],[-81.5625,46.69583],[-81.5625,46.69167],[-81.5625,46.6875],[-81.56875,46.6875],[-81.575,46.6875],[-81.575,46.69167],[-81.575,46.69583]]]}},{"type":"Feature","properties":{"c":"164489","o":"","e":""},"geometry":{"type":"Polygon","coordinates":[[[-81.60625,46.70417],[-81.60625,46.70833],[-81.6,46.70833],[-81.6,46.70417],[-81.60625,46.70417]]]}},{"type":"Feature","properties":{"c":"161407","o":"","e":""},"geometry":{"type":"Polygon","coordinates":[[[-81.5375,46.72083],[-81.5375,46.725],[-81.53125,46.725],[-81.53125,46.72083],[-81.5375,46.72083]]]}},{"type":"Feature","properties":{"c":"161409","o":"","e":""},"geometry":{"type":"Polygon","coordinates":[[[-81.5375,46.71667],[-81.5375,46.72083],[-81.53125,46.72083],[-81.53125,46.71667],[-81.5375,46.71667]]]}},{"type":"Feature","properties":{"c":"166615","o":"","e":""},"geometry":{"type":"Polygon","coordinates":[[[-81.60625,46.725],[-81.60625,46.72917],[-81.6,46.72917],[-81.6,46.725],[-81.60625,46.725]]]}},{"type":"Feature","properties":{"c":"164617","o":"","e":""},"geometry":{"type":"Polygon","coordinates":[[[-81.56875,46.55417],[-81.56875,46.55833],[-81.5625,46.55833],[-81.5625,46.55417],[-81.56875,46.55417]]]}},{"type":"Feature","properties":{"c":"164618","o":"","e":""},"geometry":{"type":"Polygon","coordinates":[[[-81.54375,46.54167],[-81.54375,46.54583],[-81.5375,46.54583],[-81.5375,46.54167],[-81.54375,46.54167]]]}},{"type":"Feature","properties":{"c":"164619","o":"","e":""},"geometry":{"type":"Polygon","coordinates":[[[-81.54375,46.5375],[-81.54375,46.54167],[-81.5375,46.54167],[-81.5375,46.5375],[-81.54375,46.5375]]]}},{"type":"Feature","properties":{"c":"166783","o":"","e":""},"geometry":{"type":"Polygon","coordinates":[[[-81.65,46.67917],[-81.65,46.68333],[-81.64375,46.68333],[-81.64375,46.67917],[-81.65,46.67917]]]}},{"type":"Feature","properties":{"c":"165243","o":"","e":""},"geometry":{"type":"Polygon","coordinates":[[[-81.63125,46.6125],[-81.63125,46.61667],[-81.625,46.61667],[-81.625,46.6125],[-81.63125,46.6125]]]}},{"type":"Feature","properties":{"c":"168113","o":"","e":""},"geometry":{"type":"Polygon","coordinates":[[[-81.6375,46.64583],[-81.6375,46.65],[-81.63125,46.65],[-81.63125,46.64583],[-81.6375,46.64583]]]}},{"type":"Feature","properties":{"c":"168114","o":"","e":""},"geometry":{"type":"Polygon","coordinates":[[[-81.64375,46.64167],[-81.64375,46.64583],[-81.6375,46.64583],[-81.6375,46.64167],[-81.64375,46.64167]]]}},{"type":"Feature","properties":{"c":"168815","o":"","e":""},"geometry":{"type":"Polygon","coordinates":[[[-81.6125,46.75833],[-81.6125,46.7625],[-81.60625,46.7625],[-81.60625,46.75833],[-81.6125,46.75833]]]}},{"type":"Feature","properties":{"c":"166554","o":"","e":""},"geometry":{"type":"Polygon","coordinates":[[[-81.6625,46.59167],[-81.6625,46.59583],[-81.65625,46.59583],[-81.65625,46.59167],[-81.6625,46.59167]]]}},{"type":"Feature","properties":{"c":"166555","o":"","e":""},"geometry":{"type":"Polygon","coordinates":[[[-81.625,46.6125],[-81.625,46.61667],[-81.61875,46.61667],[-81.61875,46.6125],[-81.625,46.6125]]]}},{"type":"Feature","properties":{"c":"166556","o":"","e":""},"geometry":{"type":"Polygon","coordinates":[[[-81.625,46.60417],[-81.625,46.60833],[-81.61875,46.60833],[-81.61875,46.60417],[-81.625,46.60417]]]}},{"type":"Feature","properties":{"c":"170206","o":"","e":""},"geometry":{"type":"Polygon","coordinates":[[[-81.625,46.74167],[-81.625,46.74583],[-81.61875,46.74583],[-81.61875,46.74167],[-81.625,46.74167]]]}},{"type":"Feature","properties":{"c":"169498","o":"","e":""},"geometry":{"type":"Polygon","coordinates":[[[-81.64375,46.69583],[-81.64375,46.7],[-81.6375,46.7],[-81.6375,46.69583],[-81.64375,46.69583]]]}},{"type":"Feature","properties":{"c":"169517","o":"","e":""},"geometry":{"type":"Polygon","coordinates":[[[-81.63125,46.63333],[-81.63125,46.6375],[-81.625,46.6375],[-81.625,46.63333],[-81.63125,46.63333]]]}},{"type":"Feature","properties":{"c":"170248","o":"","e":""},"geometry":{"type":"Polygon","coordinates":[[[-81.61875,46.62083],[-81.61875,46.625],[-81.6125,46.625],[-81.6125,46.62083],[-81.61875,46.62083]]]}},{"type":"Feature","properties":{"c":"169385","o":"","e":""},"geometry":{"type":"Polygon","coordinates":[[[-81.6375,46.64167],[-81.6375,46.64583],[-81.63125,46.64583],[-81.63125,46.64167],[-81.6375,46.64167]]]}},{"type":"Feature","properties":{"c":"168853","o":"","e":""},"geometry":{"type":"Polygon","coordinates":[[[-81.6625,46.6125],[-81.6625,46.61667],[-81.65625,46.61667],[-81.65625,46.6125],[-81.6625,46.6125]]]}},{"type":"Feature","properties":{"c":"168856","o":"","e":""},"geometry":{"type":"Polygon","coordinates":[[[-81.63125,46.62917],[-81.63125,46.63333],[-81.625,46.63333],[-81.625,46.62917],[-81.63125,46.62917]]]}},{"type":"Feature","properties":{"c":"172182","o":"","e":""},"geometry":{"type":"Polygon","coordinates":[[[-81.5375,46.55833],[-81.5375,46.5625],[-81.53125,46.5625],[-81.53125,46.55833],[-81.5375,46.55833]]]}},{"type":"Feature","properties":{"c":"173636","o":"","e":""},"geometry":{"type":"Polygon","coordinates":[[[-81.61875,46.67917],[-81.61875,46.68333],[-81.6125,46.68333],[-81.6125,46.67917],[-81.61875,46.67917]]]}},{"type":"Feature","properties":{"c":"173637","o":"","e":""},"geometry":{"type":"Polygon","coordinates":[[[-81.60625,46.675],[-81.60625,46.67917],[-81.6,46.67917],[-81.6,46.675],[-81.60625,46.675]]]}},{"type":"Feature","properties":{"c":"175699","o":"","e":""},"geometry":{"type":"Polygon","coordinates":[[[-81.5125,46.5625],[-81.5125,46.56667],[-81.50625,46.56667],[-81.50625,46.5625],[-81.5125,46.5625]]]}},{"type":"Feature","properties":{"c":"1011428","o":"","e":""},"geometry":{"type":"Polygon","coordinates":[[[-81.55625,46.55833],[-81.55625,46.5625],[-81.55,46.5625],[-81.55,46.55833],[-81.55625,46.55833]]]}},{"type":"Feature","properties":{"c":"1011427","o":"","e":""},"geometry":{"type":"Polygon","coordinates":[[[-81.5625,46.55833],[-81.5625,46.5625],[-81.55625,46.5625],[-81.55625,46.55833],[-81.5625,46.55833]]]}},{"type":"Feature","properties":{"c":"547794","o":"","e":""},"geometry":{"type":"Polygon","coordinates":[[[-81.7125,46.54583],[-81.70625,46.54583],[-81.7,46.54583],[-81.69375,46.54583],[-81.69375,46.54167],[-81.69375,46.5375],[-81.7,46.5375],[-81.70625,46.5375],[-81.7125,46.5375],[-81.7125,46.54167],[-81.7125,46.54583]]]}},{"type":"Feature","properties":{"c":"175266","o":"","e":""},"geometry":{"type":"Polygon","coordinates":[[[-81.50625,46.7875],[-81.50625,46.79167],[-81.5,46.79167],[-81.5,46.7875],[-81.50625,46.7875]]]}},{"type":"Feature","properties":{"c":"174136","o":"","e":""},"geometry":{"type":"Polygon","coordinates":[[[-81.6625,46.59583],[-81.6625,46.6],[-81.65625,46.6],[-81.65625,46.59583],[-81.6625,46.59583]]]}},{"type":"Feature","properties":{"c":"172910","o":"","e":""},"geometry":{"type":"Polygon","coordinates":[[[-81.625,46.64583],[-81.625,46.65],[-81.61875,46.65],[-81.61875,46.64583],[-81.625,46.64583]]]}},{"type":"Feature","properties":{"c":"546448","o":"","e":""},"geometry":{"type":"Polygon","coordinates":[[[-81.58125,46.57083],[-81.58125,46.575],[-81.575,46.575],[-81.56875,46.575],[-81.56875,46.57083],[-81.56875,46.56667],[-81.56875,46.5625],[-81.575,46.5625],[-81.58125,46.5625],[-81.58125,46.56667],[-81.58125,46.57083]]]}},{"type":"Feature","properties":{"c":"547168","o":"","e":""},"geometry":{"type":"Polygon","coordinates":[[[-81.53125,46.72083],[-81.525,46.72083],[-81.51875,46.72083],[-81.51875,46.71667],[-81.525,46.71667],[-81.525,46.7125],[-81.53125,46.7125],[-81.53125,46.71667],[-81.53125,46.72083]]]}},{"type":"Feature","properties":{"c":"177001","o":"","e":""},"geometry":{"type":"Polygon","coordinates":[[[-81.5875,46.56667],[-81.5875,46.57083],[-81.58125,46.57083],[-81.58125,46.56667],[-81.5875,46.56667]]]}},{"type":"Feature","properties":{"c":"178019","o":"","e":""},"geometry":{"type":"Polygon","coordinates":[[[-81.6,46.70417],[-81.6,46.70833],[-81.59375,46.70833],[-81.59375,46.70417],[-81.6,46.70417]]]}},{"type":"Feature","properties":{"c":"176753","o":"","e":""},"geometry":{"type":"Polygon","coordinates":[[[-81.625,46.61667],[-81.625,46.62083],[-81.61875,46.62083],[-81.61875,46.61667],[-81.625,46.61667]]]}},{"type":"Feature","properties":{"c":"176754","o":"","e":""},"geometry":{"type":"Polygon","coordinates":[[[-81.65,46.6125],[-81.65,46.61667],[-81.64375,46.61667],[-81.64375,46.6125],[-81.65,46.6125]]]}},{"type":"Feature","properties":{"c":"547152","o":"","e":""},"geometry":{"type":"Polygon","coordinates":[[[-81.59375,46.6875],[-81.59375,46.69167],[-81.5875,46.69167],[-81.58125,46.69167],[-81.575,46.69167],[-81.575,46.6875],[-81.58125,46.6875],[-81.5875,46.6875],[-81.59375,46.6875]]]}},{"type":"Feature","properties":{"c":"547791","o":"","e":""},"geometry":{"type":"Polygon","coordinates":[[[-81.7375,46.52917],[-81.73125,46.52917],[-81.725,46.52917],[-81.71875,46.52917],[-81.7125,46.52917],[-81.70625,46.52917],[-81.7,46.52917],[-81.7,46.525],[-81.70625,46.525],[-81.7125,46.525],[-81.7125,46.52083],[-81.71875,46.52083],[-81.725,46.52083],[-81.73125,46.52083],[-81.7375,46.52083],[-81.7375,46.525],[-81.7375,46.52917]]]}},{"type":"Feature","properties":{"c":"547790","o":"","e":""},"geometry":{"type":"Polygon","coordinates":[[[-81.71875,46.5375],[-81.7125,46.5375],[-81.70625,46.5375],[-81.7,46.5375],[-81.69375,46.5375],[-81.69375,46.53333],[-81.7,46.53333],[-81.7,46.52917],[-81.70625,46.52917],[-81.7125,46.52917],[-81.71875,46.52917],[-81.71875,46.53333],[-81.71875,46.5375]]]}},{"type":"Feature","properties":{"c":"178780","o":"","e":""},"geometry":{"type":"Polygon","coordinates":[[[-81.625,46.6],[-81.625,46.60417],[-81.61875,46.60417],[-81.61875,46.6],[-81.625,46.6]]]}},{"type":"Feature","properties":{"c":"178781","o":"","e":""},"geometry":{"type":"Polygon","coordinates":[[[-81.625,46.59583],[-81.625,46.6],[-81.61875,46.6],[-81.61875,46.59583],[-81.625,46.59583]]]}},{"type":"Feature","properties":{"c":"553174","o":"","e":""},"geometry":{"type":"Polygon","coordinates":[[[-81.60625,46.59583],[-81.60625,46.6],[-81.6,46.6],[-81.6,46.59583],[-81.59375,46.59583],[-81.59375,46.59167],[-81.59375,46.5875],[-81.6,46.5875],[-81.60625,46.5875],[-81.60625,46.59167],[-81.60625,46.59583]]]}},{"type":"Feature","properties":{"c":"181467","o":"","e":""},"geometry":{"type":"Polygon","coordinates":[[[-81.56875,46.70833],[-81.56875,46.7125],[-81.5625,46.7125],[-81.5625,46.70833],[-81.56875,46.70833]]]}},{"type":"Feature","properties":{"c":"181899","o":"","e":""},"geometry":{"type":"Polygon","coordinates":[[[-81.51875,46.79167],[-81.51875,46.79583],[-81.5125,46.79583],[-81.5125,46.79167],[-81.51875,46.79167]]]}},{"type":"Feature","properties":{"c":"182130","o":"","e":""},"geometry":{"type":"Polygon","coordinates":[[[-81.60625,46.70417],[-81.60625,46.70833],[-81.6,46.70833],[-81.6,46.70417],[-81.60625,46.70417]]]}},{"type":"Feature","properties":{"c":"182131","o":"","e":""},"geometry":{"type":"Polygon","coordinates":[[[-81.625,46.69583],[-81.625,46.7],[-81.61875,46.7],[-81.61875,46.69583],[-81.625,46.69583]]]}},{"type":"Feature","properties":{"c":"553175","o":"","e":""},"geometry":{"type":"Polygon","coordinates":[[[-81.6125,46.5875],[-81.60625,46.5875],[-81.6,46.5875],[-81.59375,46.5875],[-81.59375,46.58333],[-81.59375,46.57917],[-81.6,46.57917],[-81.60625,46.57917],[-81.60625,46.58333],[-81.6125,46.58333],[-81.6125,46.5875]]]}},{"type":"Feature","properties":{"c":"553176","o":"","e":""},"geometry":{"type":"Polygon","coordinates":[[[-81.59375,46.5875],[-81.5875,46.5875],[-81.58125,46.5875],[-81.58125,46.58333],[-81.575,46.58333],[-81.575,46.57917],[-81.58125,46.57917],[-81.5875,46.57917],[-81.59375,46.57917],[-81.59375,46.58333],[-81.59375,46.5875]]]}},{"type":"Feature","properties":{"c":"553177","o":"","e":""},"geometry":{"type":"Polygon","coordinates":[[[-81.6,46.57917],[-81.59375,46.57917],[-81.5875,46.57917],[-81.5875,46.575],[-81.5875,46.57083],[-81.5875,46.56667],[-81.59375,46.56667],[-81.59375,46.57083],[-81.6,46.57083],[-81.6,46.575],[-81.6,46.57917]]]}},{"type":"Feature","properties":{"c":"178674","o":"","e":""},"geometry":{"type":"Polygon","coordinates":[[[-81.5625,46.54583],[-81.5625,46.55],[-81.55625,46.55],[-81.55625,46.54583],[-81.5625,46.54583]]]}},{"type":"Feature","properties":{"c":"183508","o":"","e":""},"geometry":{"type":"Polygon","coordinates":[[[-81.63125,46.625],[-81.63125,46.62917],[-81.625,46.62917],[-81.625,46.625],[-81.63125,46.625]]]}},{"type":"Feature","properties":{"c":"183509","o":"","e":""},"geometry":{"type":"Polygon","coordinates":[[[-81.6375,46.625],[-81.6375,46.62917],[-81.63125,46.62917],[-81.63125,46.625],[-81.6375,46.625]]]}},{"type":"Feature","properties":{"c":"184809","o":"","e":""},"geometry":{"type":"Polygon","coordinates":[[[-81.625,46.70417],[-81.625,46.70833],[-81.61875,46.70833],[-81.61875,46.70417],[-81.625,46.70417]]]}},{"type":"Feature","properties":{"c":"184264","o":"","e":""},"geometry":{"type":"Polygon","coordinates":[[[-81.64375,46.67917],[-81.64375,46.68333],[-81.6375,46.68333],[-81.6375,46.67917],[-81.64375,46.67917]]]}},{"type":"Feature","properties":{"c":"547786","o":"","e":""},"geometry":{"type":"Polygon","coordinates":[[[-81.70625,46.55417],[-81.70625,46.55833],[-81.7,46.55833],[-81.7,46.5625],[-81.7,46.56667],[-81.69375,46.56667],[-81.6875,46.56667],[-81.6875,46.5625],[-81.6875,46.55833],[-81.6875,46.55417],[-81.69375,46.55417],[-81.7,46.55417],[-81.70625,46.55417]]]}},{"type":"Feature","properties":{"c":"183048","o":"","e":""},"geometry":{"type":"Polygon","coordinates":[[[-81.61875,46.61667],[-81.61875,46.62083],[-81.6125,46.62083],[-81.6125,46.61667],[-81.61875,46.61667]]]}},{"type":"Feature","properties":{"c":"875339","o":"","e":""},"geometry":{"type":"Polygon","coordinates":[[[-81.6875,46.60833],[-81.6875,46.6125],[-81.68125,46.6125],[-81.68125,46.60833],[-81.6875,46.60833]]]}},{"type":"Feature","properties":{"c":"875340","o":"","e":""},"geometry":{"type":"Polygon","coordinates":[[[-81.68125,46.60833],[-81.68125,46.6125],[-81.675,46.6125],[-81.675,46.60833],[-81.68125,46.60833]]]}},{"type":"Feature","properties":{"c":"185456","o":"","e":""},"geometry":{"type":"Polygon","coordinates":[[[-81.54375,46.54583],[-81.54375,46.55],[-81.5375,46.55],[-81.5375,46.54583],[-81.54375,46.54583]]]}},{"type":"Feature","properties":{"c":"185457","o":"","e":""},"geometry":{"type":"Polygon","coordinates":[[[-81.55625,46.54583],[-81.55625,46.55],[-81.55,46.55],[-81.55,46.54583],[-81.55625,46.54583]]]}},{"type":"Feature","properties":{"c":"187490","o":"","e":""},"geometry":{"type":"Polygon","coordinates":[[[-81.6375,46.7],[-81.6375,46.70417],[-81.63125,46.70417],[-81.63125,46.7],[-81.6375,46.7]]]}},{"type":"Feature","properties":{"c":"189427","o":"","e":""},"geometry":{"type":"Polygon","coordinates":[[[-81.625,46.69167],[-81.625,46.69583],[-81.61875,46.69583],[-81.61875,46.69167],[-81.625,46.69167]]]}},{"type":"Feature","properties":{"c":"189709","o":"","e":""},"geometry":{"type":"Polygon","coordinates":[[[-81.5875,46.56667],[-81.5875,46.57083],[-81.58125,46.57083],[-81.58125,46.56667],[-81.5875,46.56667]]]}},{"type":"Feature","properties":{"c":"188476","o":"","e":""},"geometry":{"type":"Polygon","coordinates":[[[-81.625,46.61667],[-81.625,46.62083],[-81.61875,46.62083],[-81.61875,46.61667],[-81.625,46.61667]]]}},{"type":"Feature","properties":{"c":"189488","o":"","e":""},"geometry":{"type":"Polygon","coordinates":[[[-81.59375,46.69583],[-81.59375,46.7],[-81.5875,46.7],[-81.5875,46.69583],[-81.59375,46.69583]]]}},{"type":"Feature","properties":{"c":"188227","o":"","e":""},"geometry":{"type":"Polygon","coordinates":[[[-81.6375,46.60417],[-81.6375,46.60833],[-81.63125,46.60833],[-81.63125,46.60417],[-81.6375,46.60417]]]}},{"type":"Feature","properties":{"c":"190121","o":"","e":""},"geometry":{"type":"Polygon","coordinates":[[[-81.6625,46.60417],[-81.6625,46.60833],[-81.65625,46.60833],[-81.65625,46.60417],[-81.6625,46.60417]]]}},{"type":"Feature","properties":{"c":"1071523","o":"","e":""},"geometry":{"type":"Polygon","coordinates":[[[-81.61875,46.80417],[-81.61875,46.80833],[-81.6125,46.80833],[-81.6125,46.80417],[-81.61875,46.80417]]]}},{"type":"Feature","properties":{"c":"1071524","o":"","e":""},"geometry":{"type":"Polygon","coordinates":[[[-81.63125,46.80417],[-81.63125,46.80833],[-81.625,46.80833],[-81.625,46.80417],[-81.63125,46.80417]]]}},{"type":"Feature","properties":{"c":"1071525","o":"","e":""},"geometry":{"type":"Polygon","coordinates":[[[-81.6375,46.80417],[-81.6375,46.80833],[-81.63125,46.80833],[-81.63125,46.80417],[-81.6375,46.80417]]]}},{"type":"Feature","properties":{"c":"1071526","o":"","e":""},"geometry":{"type":"Polygon","coordinates":[[[-81.625,46.80417],[-81.625,46.80833],[-81.61875,46.80833],[-81.61875,46.80417],[-81.625,46.80417]]]}},{"type":"Feature","properties":{"c":"597156","o":"","e":""},"geometry":{"type":"Polygon","coordinates":[[[-81.7,46.8],[-81.7,46.80417],[-81.69375,46.80417],[-81.69375,46.8],[-81.7,46.8]]]}},{"type":"Feature","properties":{"c":"191594","o":"","e":""},"geometry":{"type":"Polygon","coordinates":[[[-81.63125,46.675],[-81.63125,46.67917],[-81.625,46.67917],[-81.625,46.675],[-81.63125,46.675]]]}},{"type":"Feature","properties":{"c":"192094","o":"","e":""},"geometry":{"type":"Polygon","coordinates":[[[-81.50625,46.79167],[-81.50625,46.79583],[-81.5,46.79583],[-81.5,46.79167],[-81.50625,46.79167]]]}},{"type":"Feature","properties":{"c":"191530","o":"","e":""},"geometry":{"type":"Polygon","coordinates":[[[-81.61875,46.6625],[-81.61875,46.66667],[-81.6125,46.66667],[-81.6125,46.6625],[-81.61875,46.6625]]]}},{"type":"Feature","properties":{"c":"191531","o":"","e":""},"geometry":{"type":"Polygon","coordinates":[[[-81.625,46.65],[-81.625,46.65417],[-81.61875,46.65417],[-81.61875,46.65],[-81.625,46.65]]]}},{"type":"Feature","properties":{"c":"190120","o":"","e":""},"geometry":{"type":"Polygon","coordinates":[[[-81.6625,46.6125],[-81.6625,46.61667],[-81.65625,46.61667],[-81.65625,46.6125],[-81.6625,46.6125]]]}},{"type":"Feature","properties":{"c":"597157","o":"","e":""},"geometry":{"type":"Polygon","coordinates":[[[-81.70625,46.79167],[-81.70625,46.79583],[-81.7,46.79583],[-81.7,46.79167],[-81.70625,46.79167]]]}},{"type":"Feature","properties":{"c":"597158","o":"","e":""},"geometry":{"type":"Polygon","coordinates":[[[-81.71875,46.79167],[-81.71875,46.79583],[-81.7125,46.79583],[-81.7125,46.79167],[-81.71875,46.79167]]]}},{"type":"Feature","properties":{"c":"597159","o":"","e":""},"geometry":{"type":"Polygon","coordinates":[[[-81.7125,46.79167],[-81.7125,46.79583],[-81.70625,46.79583],[-81.70625,46.79167],[-81.7125,46.79167]]]}},{"type":"Feature","properties":{"c":"195777","o":"","e":""},"geometry":{"type":"Polygon","coordinates":[[[-81.53125,46.79167],[-81.53125,46.79583],[-81.525,46.79583],[-81.525,46.79167],[-81.53125,46.79167]]]}},{"type":"Feature","properties":{"c":"196083","o":"","e":""},"geometry":{"type":"Polygon","coordinates":[[[-81.6125,46.67083],[-81.6125,46.675],[-81.60625,46.675],[-81.60625,46.67083],[-81.6125,46.67083]]]}},{"type":"Feature","properties":{"c":"194679","o":"","e":""},"geometry":{"type":"Polygon","coordinates":[[[-81.64375,46.625],[-81.64375,46.62917],[-81.6375,46.62917],[-81.6375,46.625],[-81.64375,46.625]]]}},{"type":"Feature","properties":{"c":"196420","o":"","e":""},"geometry":{"type":"Polygon","coordinates":[[[-81.64375,46.68333],[-81.64375,46.6875],[-81.6375,46.6875],[-81.6375,46.68333],[-81.64375,46.68333]]]}},{"type":"Feature","properties":{"c":"197370","o":"","e":""},"geometry":{"type":"Polygon","coordinates":[[[-81.64375,46.65],[-81.64375,46.65417],[-81.6375,46.65417],[-81.6375,46.65],[-81.64375,46.65]]]}},{"type":"Feature","properties":{"c":"198121","o":"","e":""},"geometry":{"type":"Polygon","coordinates":[[[-81.63125,46.63333],[-81.63125,46.6375],[-81.625,46.6375],[-81.625,46.63333],[-81.63125,46.63333]]]}},{"type":"Feature","properties":{"c":"199018","o":"","e":""},"geometry":{"type":"Polygon","coordinates":[[[-81.6,46.69167],[-81.6,46.69583],[-81.59375,46.69583],[-81.59375,46.69167],[-81.6,46.69167]]]}},{"type":"Feature","properties":{"c":"201415","o":"","e":""},"geometry":{"type":"Polygon","coordinates":[[[-81.53125,46.55417],[-81.53125,46.55833],[-81.525,46.55833],[-81.525,46.55417],[-81.53125,46.55417]]]}},{"type":"Feature","properties":{"c":"201578","o":"","e":""},"geometry":{"type":"Polygon","coordinates":[[[-81.6,46.70417],[-81.6,46.70833],[-81.59375,46.70833],[-81.59375,46.70417],[-81.6,46.70417]]]}},{"type":"Feature","properties":{"c":"201579","o":"","e":""},"geometry":{"type":"Polygon","coordinates":[[[-81.60625,46.69583],[-81.60625,46.7],[-81.6,46.7],[-81.6,46.69583],[-81.60625,46.69583]]]}},{"type":"Feature","properties":{"c":"202025","o":"","e":""},"geometry":{"type":"Polygon","coordinates":[[[-81.55,46.56667],[-81.55,46.57083],[-81.54375,46.57083],[-81.54375,46.56667],[-81.55,46.56667]]]}},{"type":"Feature","properties":{"c":"201643","o":"","e":""},"geometry":{"type":"Polygon","coordinates":[[[-81.59375,46.68333],[-81.59375,46.6875],[-81.5875,46.6875],[-81.5875,46.68333],[-81.59375,46.68333]]]}},{"type":"Feature","properties":{"c":"207477","o":"","e":""},"geometry":{"type":"Polygon","coordinates":[[[-81.60625,46.74583],[-81.60625,46.75],[-81.6,46.75],[-81.6,46.74583],[-81.60625,46.74583]]]}},{"type":"Feature","properties":{"c":"207478","o":"","e":""},"geometry":{"type":"Polygon","coordinates":[[[-81.61875,46.74583],[-81.61875,46.75],[-81.6125,46.75],[-81.6125,46.74583],[-81.61875,46.74583]]]}},{"type":"Feature","properties":{"c":"597160","o":"","e":""},"geometry":{"type":"Polygon","coordinates":[[[-81.71875,46.79583],[-81.71875,46.8],[-81.7125,46.8],[-81.70625,46.8],[-81.70625,46.80417],[-81.7,46.80417],[-81.7,46.8],[-81.69375,46.8],[-81.69375,46.79583],[-81.6875,46.79583],[-81.6875,46.79167],[-81.69375,46.79167],[-81.7,46.79167],[-81.7,46.79583],[-81.70625,46.79583],[-81.7125,46.79583],[-81.71875,46.79583]]]}},{"type":"Feature","properties":{"c":"204516","o":"","e":""},"geometry":{"type":"Polygon","coordinates":[[[-81.5375,46.72083],[-81.5375,46.725],[-81.53125,46.725],[-81.53125,46.72083],[-81.5375,46.72083]]]}},{"type":"Feature","properties":{"c":"205536","o":"","e":""},"geometry":{"type":"Polygon","coordinates":[[[-81.6,46.74167],[-81.6,46.74583],[-81.59375,46.74583],[-81.59375,46.74167],[-81.6,46.74167]]]}},{"type":"Feature","properties":{"c":"203673","o":"","e":""},"geometry":{"type":"Polygon","coordinates":[[[-81.63125,46.65],[-81.63125,46.65417],[-81.625,46.65417],[-81.625,46.65],[-81.63125,46.65]]]}},{"type":"Feature","properties":{"c":"206787","o":"","e":""},"geometry":{"type":"Polygon","coordinates":[[[-81.65,46.60833],[-81.65,46.6125],[-81.64375,46.6125],[-81.64375,46.60833],[-81.65,46.60833]]]}},{"type":"Feature","properties":{"c":"206799","o":"","e":""},"geometry":{"type":"Polygon","coordinates":[[[-81.61875,46.63333],[-81.61875,46.6375],[-81.6125,46.6375],[-81.6125,46.63333],[-81.61875,46.63333]]]}},{"type":"Feature","properties":{"c":"749727","o":"","e":""},"geometry":{"type":"Polygon","coordinates":[[[-81.60625,46.8],[-81.60625,46.80417],[-81.6,46.80417],[-81.6,46.8],[-81.60625,46.8]]]}},{"type":"Feature","properties":{"c":"206104","o":"","e":""},"geometry":{"type":"Polygon","coordinates":[[[-81.65625,46.62083],[-81.65625,46.625],[-81.65,46.625],[-81.65,46.62083],[-81.65625,46.62083]]]}},{"type":"Feature","properties":{"c":"206105","o":"","e":""},"geometry":{"type":"Polygon","coordinates":[[[-81.6625,46.60833],[-81.6625,46.6125],[-81.65625,46.6125],[-81.65625,46.60833],[-81.6625,46.60833]]]}},{"type":"Feature","properties":{"c":"597179","o":"","e":""},"geometry":{"type":"Polygon","coordinates":[[[-81.69375,46.80417],[-81.6875,46.80417],[-81.68125,46.80417],[-81.675,46.80417],[-81.675,46.8],[-81.675,46.79583],[-81.68125,46.79583],[-81.6875,46.79583],[-81.69375,46.79583],[-81.69375,46.8],[-81.69375,46.80417]]]}},{"type":"Feature","properties":{"c":"210315","o":"","e":""},"geometry":{"type":"Polygon","coordinates":[[[-81.6375,46.6625],[-81.6375,46.66667],[-81.63125,46.66667],[-81.63125,46.6625],[-81.6375,46.6625]]]}},{"type":"Feature","properties":{"c":"210458","o":"","e":""},"geometry":{"type":"Polygon","coordinates":[[[-81.63125,46.65],[-81.63125,46.65417],[-81.625,46.65417],[-81.625,46.65],[-81.63125,46.65]]]}},{"type":"Feature","properties":{"c":"209472","o":"","e":""},"geometry":{"type":"Polygon","coordinates":[[[-81.53125,46.55833],[-81.53125,46.5625],[-81.525,46.5625],[-81.525,46.55833],[-81.53125,46.55833]]]}},{"type":"Feature","properties":{"c":"212723","o":"","e":""},"geometry":{"type":"Polygon","coordinates":[[[-81.65,46.62083],[-81.65,46.625],[-81.64375,46.625],[-81.64375,46.62083],[-81.65,46.62083]]]}},{"type":"Feature","properties":{"c":"209690","o":"","e":""},"geometry":{"type":"Polygon","coordinates":[[[-81.675,46.575],[-81.675,46.57917],[-81.66875,46.57917],[-81.66875,46.575],[-81.675,46.575]]]}},{"type":"Feature","properties":{"c":"597167","o":"","e":""},"geometry":{"type":"Polygon","coordinates":[[[-81.68125,46.80417],[-81.68125,46.80833],[-81.675,46.80833],[-81.675,46.80417],[-81.68125,46.80417]]]}},{"type":"Feature","properties":{"c":"597168","o":"","e":""},"geometry":{"type":"Polygon","coordinates":[[[-81.675,46.8],[-81.675,46.80417],[-81.66875,46.80417],[-81.66875,46.8],[-81.675,46.8]]]}},{"type":"Feature","properties":{"c":"597161","o":"","e":""},"geometry":{"type":"Polygon","coordinates":[[[-81.6875,46.79167],[-81.6875,46.79583],[-81.68125,46.79583],[-81.68125,46.79167],[-81.6875,46.79167]]]}},{"type":"Feature","properties":{"c":"597163","o":"","e":""},"geometry":{"type":"Polygon","coordinates":[[[-81.6875,46.80417],[-81.6875,46.80833],[-81.68125,46.80833],[-81.68125,46.80417],[-81.6875,46.80417]]]}},{"type":"Feature","properties":{"c":"597164","o":"","e":""},"geometry":{"type":"Polygon","coordinates":[[[-81.675,46.80417],[-81.675,46.80833],[-81.66875,46.80833],[-81.66875,46.80417],[-81.675,46.80417]]]}},{"type":"Feature","properties":{"c":"597166","o":"","e":""},"geometry":{"type":"Polygon","coordinates":[[[-81.68125,46.79167],[-81.68125,46.79583],[-81.675,46.79583],[-81.675,46.79167],[-81.68125,46.79167]]]}},{"type":"Feature","properties":{"c":"212048","o":"","e":""},"geometry":{"type":"Polygon","coordinates":[[[-81.56875,46.5625],[-81.56875,46.56667],[-81.5625,46.56667],[-81.5625,46.5625],[-81.56875,46.5625]]]}},{"type":"Feature","properties":{"c":"215580","o":"","e":""},"geometry":{"type":"Polygon","coordinates":[[[-81.525,46.72083],[-81.525,46.725],[-81.51875,46.725],[-81.51875,46.72083],[-81.525,46.72083]]]}},{"type":"Feature","properties":{"c":"214616","o":"","e":""},"geometry":{"type":"Polygon","coordinates":[[[-81.65,46.69167],[-81.65,46.69583],[-81.64375,46.69583],[-81.64375,46.69167],[-81.65,46.69167]]]}},{"type":"Feature","properties":{"c":"213627","o":"","e":""},"geometry":{"type":"Polygon","coordinates":[[[-81.6375,46.67917],[-81.6375,46.68333],[-81.63125,46.68333],[-81.63125,46.67917],[-81.6375,46.67917]]]}},{"type":"Feature","properties":{"c":"214059","o":"","e":""},"geometry":{"type":"Polygon","coordinates":[[[-81.53125,46.72083],[-81.53125,46.725],[-81.525,46.725],[-81.525,46.72083],[-81.53125,46.72083]]]}},{"type":"Feature","properties":{"c":"214635","o":"","e":""},"geometry":{"type":"Polygon","coordinates":[[[-81.6,46.67083],[-81.6,46.675],[-81.59375,46.675],[-81.59375,46.67083],[-81.6,46.67083]]]}},{"type":"Feature","properties":{"c":"214636","o":"","e":""},"geometry":{"type":"Polygon","coordinates":[[[-81.60625,46.67083],[-81.60625,46.675],[-81.6,46.675],[-81.6,46.67083],[-81.60625,46.67083]]]}},{"type":"Feature","properties":{"c":"218427","o":"","e":""},"geometry":{"type":"Polygon","coordinates":[[[-81.61875,46.6125],[-81.61875,46.61667],[-81.6125,46.61667],[-81.6125,46.6125],[-81.61875,46.6125]]]}},{"type":"Feature","properties":{"c":"218428","o":"","e":""},"geometry":{"type":"Polygon","coordinates":[[[-81.625,46.6125],[-81.625,46.61667],[-81.61875,46.61667],[-81.61875,46.6125],[-81.625,46.6125]]]}},{"type":"Feature","properties":{"c":"219590","o":"","e":""},"geometry":{"type":"Polygon","coordinates":[[[-81.61875,46.74167],[-81.61875,46.74583],[-81.6125,46.74583],[-81.6125,46.74167],[-81.61875,46.74167]]]}},{"type":"Feature","properties":{"c":"217432","o":"","e":""},"geometry":{"type":"Polygon","coordinates":[[[-81.625,46.60417],[-81.625,46.60833],[-81.61875,46.60833],[-81.61875,46.60417],[-81.625,46.60417]]]}},{"type":"Feature","properties":{"c":"217433","o":"","e":""},"geometry":{"type":"Polygon","coordinates":[[[-81.6375,46.59583],[-81.6375,46.6],[-81.63125,46.6],[-81.63125,46.59583],[-81.6375,46.59583]]]}},{"type":"Feature","properties":{"c":"218167","o":"","e":""},"geometry":{"type":"Polygon","coordinates":[[[-81.60625,46.73333],[-81.60625,46.7375],[-81.6,46.7375],[-81.6,46.73333],[-81.60625,46.73333]]]}},{"type":"Feature","properties":{"c":"218792","o":"","e":""},"geometry":{"type":"Polygon","coordinates":[[[-81.63125,46.6875],[-81.63125,46.69167],[-81.625,46.69167],[-81.625,46.6875],[-81.63125,46.6875]]]}},{"type":"Feature","properties":{"c":"221565","o":"","e":""},"geometry":{"type":"Polygon","coordinates":[[[-81.56875,46.7125],[-81.56875,46.71667],[-81.5625,46.71667],[-81.5625,46.7125],[-81.56875,46.7125]]]}},{"type":"Feature","properties":{"c":"224775","o":"","e":""},"geometry":{"type":"Polygon","coordinates":[[[-81.65625,46.62917],[-81.65625,46.63333],[-81.65,46.63333],[-81.65,46.62917],[-81.65625,46.62917]]]}},{"type":"Feature","properties":{"c":"913593","o":"","e":""},"geometry":{"type":"Polygon","coordinates":[[[-81.61875,46.82917],[-81.61875,46.83333],[-81.6125,46.83333],[-81.6125,46.82917],[-81.61875,46.82917]]]}},{"type":"Feature","properties":{"c":"913594","o":"","e":""},"geometry":{"type":"Polygon","coordinates":[[[-81.6125,46.82917],[-81.6125,46.83333],[-81.60625,46.83333],[-81.60625,46.82917],[-81.6125,46.82917]]]}},{"type":"Feature","properties":{"c":"913595","o":"","e":""},"geometry":{"type":"Polygon","coordinates":[[[-81.625,46.825],[-81.625,46.82917],[-81.61875,46.82917],[-81.61875,46.825],[-81.625,46.825]]]}},{"type":"Feature","properties":{"c":"913596","o":"","e":""},"geometry":{"type":"Polygon","coordinates":[[[-81.61875,46.825],[-81.61875,46.82917],[-81.6125,46.82917],[-81.6125,46.825],[-81.61875,46.825]]]}},{"type":"Feature","properties":{"c":"913597","o":"","e":""},"geometry":{"type":"Polygon","coordinates":[[[-81.625,46.82083],[-81.625,46.825],[-81.61875,46.825],[-81.61875,46.82083],[-81.625,46.82083]]]}},{"type":"Feature","properties":{"c":"913598","o":"","e":""},"geometry":{"type":"Polygon","coordinates":[[[-81.61875,46.82083],[-81.61875,46.825],[-81.6125,46.825],[-81.6125,46.82083],[-81.61875,46.82083]]]}},{"type":"Feature","properties":{"c":"913599","o":"","e":""},"geometry":{"type":"Polygon","coordinates":[[[-81.6125,46.83333],[-81.6125,46.8375],[-81.60625,46.8375],[-81.60625,46.83333],[-81.6125,46.83333]]]}},{"type":"Feature","properties":{"c":"913600","o":"","e":""},"geometry":{"type":"Polygon","coordinates":[[[-81.60625,46.83333],[-81.60625,46.8375],[-81.6,46.8375],[-81.6,46.83333],[-81.60625,46.83333]]]}},{"type":"Feature","properties":{"c":"225344","o":"","e":""},"geometry":{"type":"Polygon","coordinates":[[[-81.65625,46.6],[-81.65625,46.60417],[-81.65,46.60417],[-81.65,46.6],[-81.65625,46.6]]]}},{"type":"Feature","properties":{"c":"228301","o":"","e":""},"geometry":{"type":"Polygon","coordinates":[[[-81.525,46.57083],[-81.525,46.575],[-81.51875,46.575],[-81.51875,46.57083],[-81.525,46.57083]]]}},{"type":"Feature","properties":{"c":"226114","o":"","e":""},"geometry":{"type":"Polygon","coordinates":[[[-81.60625,46.7],[-81.60625,46.70417],[-81.6,46.70417],[-81.6,46.7],[-81.60625,46.7]]]}},{"type":"Feature","properties":{"c":"224575","o":"","e":""},"geometry":{"type":"Polygon","coordinates":[[[-81.60625,46.70833],[-81.60625,46.7125],[-81.6,46.7125],[-81.6,46.70833],[-81.60625,46.70833]]]}},{"type":"Feature","properties":{"c":"226811","o":"","e":""},"geometry":{"type":"Polygon","coordinates":[[[-81.6625,46.60833],[-81.6625,46.6125],[-81.65625,46.6125],[-81.65625,46.60833],[-81.6625,46.60833]]]}},{"type":"Feature","properties":{"c":"226812","o":"","e":""},"geometry":{"type":"Polygon","coordinates":[[[-81.6625,46.6],[-81.6625,46.60417],[-81.65625,46.60417],[-81.65625,46.6],[-81.6625,46.6]]]}},{"type":"Feature","properties":{"c":"226871","o":"","e":""},"geometry":{"type":"Polygon","coordinates":[[[-81.60625,46.75],[-81.60625,46.75417],[-81.6,46.75417],[-81.6,46.75],[-81.60625,46.75]]]}},{"type":"Feature","properties":{"c":"1024341","o":"","e":""},"geometry":{"type":"Polygon","coordinates":[[[-81.5125,46.80833],[-81.5125,46.8125],[-81.50625,46.8125],[-81.50625,46.80833],[-81.5125,46.80833]]]}},{"type":"Feature","properties":{"c":"231851","o":"","e":""},"geometry":{"type":"Polygon","coordinates":[[[-81.64375,46.62083],[-81.64375,46.625],[-81.6375,46.625],[-81.6375,46.62083],[-81.64375,46.62083]]]}},{"type":"Feature","properties":{"c":"231869","o":"","e":""},"geometry":{"type":"Polygon","coordinates":[[[-81.63125,46.61667],[-81.63125,46.62083],[-81.625,46.62083],[-81.625,46.61667],[-81.63125,46.61667]]]}},{"type":"Feature","properties":{"c":"235776","o":"","e":""},"geometry":{"type":"Polygon","coordinates":[[[-81.51875,46.7875],[-81.51875,46.79167],[-81.5125,46.79167],[-81.5125,46.7875],[-81.51875,46.7875]]]}},{"type":"Feature","properties":{"c":"234883","o":"","e":""},"geometry":{"type":"Polygon","coordinates":[[[-81.65625,46.60833],[-81.65625,46.6125],[-81.65,46.6125],[-81.65,46.60833],[-81.65625,46.60833]]]}},{"type":"Feature","properties":{"c":"234887","o":"","e":""},"geometry":{"type":"Polygon","coordinates":[[[-81.64375,46.62917],[-81.64375,46.63333],[-81.6375,46.63333],[-81.6375,46.62917],[-81.64375,46.62917]]]}},{"type":"Feature","properties":{"c":"233899","o":"","e":""},"geometry":{"type":"Polygon","coordinates":[[[-81.60625,46.71667],[-81.60625,46.72083],[-81.6,46.72083],[-81.6,46.71667],[-81.60625,46.71667]]]}},{"type":"Feature","properties":{"c":"237545","o":"","e":""},"geometry":{"type":"Polygon","coordinates":[[[-81.6,46.7],[-81.6,46.70417],[-81.59375,46.70417],[-81.59375,46.7],[-81.6,46.7]]]}},{"type":"Feature","properties":{"c":"237546","o":"","e":""},"geometry":{"type":"Polygon","coordinates":[[[-81.6,46.69583],[-81.6,46.7],[-81.59375,46.7],[-81.59375,46.69583],[-81.6,46.69583]]]}},{"type":"Feature","properties":{"c":"238102","o":"","e":""},"geometry":{"type":"Polygon","coordinates":[[[-81.6,46.69167],[-81.6,46.69583],[-81.59375,46.69583],[-81.59375,46.69167],[-81.6,46.69167]]]}},{"type":"Feature","properties":{"c":"234836","o":"","e":""},"geometry":{"type":"Polygon","coordinates":[[[-81.625,46.75],[-81.625,46.75417],[-81.61875,46.75417],[-81.61875,46.75],[-81.625,46.75]]]}},{"type":"Feature","properties":{"c":"236162","o":"","e":""},"geometry":{"type":"Polygon","coordinates":[[[-81.6375,46.70417],[-81.6375,46.70833],[-81.63125,46.70833],[-81.63125,46.70417],[-81.6375,46.70417]]]}},{"type":"Feature","properties":{"c":"240293","o":"","e":""},"geometry":{"type":"Polygon","coordinates":[[[-81.6375,46.66667],[-81.6375,46.67083],[-81.63125,46.67083],[-81.63125,46.66667],[-81.6375,46.66667]]]}},{"type":"Feature","properties":{"c":"239859","o":"","e":""},"geometry":{"type":"Polygon","coordinates":[[[-81.55625,46.5625],[-81.55625,46.56667],[-81.55,46.56667],[-81.55,46.5625],[-81.55625,46.5625]]]}},{"type":"Feature","properties":{"c":"580999","o":"","e":""},"geometry":{"type":"Polygon","coordinates":[[[-81.525,46.58333],[-81.525,46.5875],[-81.51875,46.5875],[-81.5125,46.5875],[-81.5125,46.58333],[-81.5125,46.57917],[-81.5125,46.575],[-81.51875,46.575],[-81.525,46.575],[-81.525,46.57917],[-81.525,46.58333]]]}},{"type":"Feature","properties":{"c":"581000","o":"","e":""},"geometry":{"type":"Polygon","coordinates":[[[-81.50625,46.59583],[-81.5,46.59583],[-81.5,46.59167],[-81.5,46.5875],[-81.50625,46.5875],[-81.50625,46.59167],[-81.50625,46.59583]]]}},{"type":"Feature","properties":{"c":"1044564","o":"","e":""},"geometry":{"type":"Polygon","coordinates":[[[-81.50625,46.76667],[-81.50625,46.77083],[-81.5,46.77083],[-81.5,46.76667],[-81.50625,46.76667]]]}},{"type":"Feature","properties":{"c":"1044565","o":"","e":""},"geometry":{"type":"Polygon","coordinates":[[[-81.51875,46.7625],[-81.51875,46.76667],[-81.5125,46.76667],[-81.5125,46.7625],[-81.51875,46.7625]]]}},{"type":"Feature","properties":{"c":"1044566","o":"","e":""},"geometry":{"type":"Polygon","coordinates":[[[-81.525,46.77083],[-81.525,46.775],[-81.51875,46.775],[-81.51875,46.77083],[-81.525,46.77083]]]}},{"type":"Feature","properties":{"c":"1044567","o":"","e":""},"geometry":{"type":"Polygon","coordinates":[[[-81.50625,46.77083],[-81.50625,46.775],[-81.5,46.775],[-81.5,46.77083],[-81.50625,46.77083]]]}},{"type":"Feature","properties":{"c":"1044568","o":"","e":""},"geometry":{"type":"Polygon","coordinates":[[[-81.51875,46.77083],[-81.51875,46.775],[-81.5125,46.775],[-81.5125,46.77083],[-81.51875,46.77083]]]}},{"type":"Feature","properties":{"c":"1044569","o":"","e":""},"geometry":{"type":"Polygon","coordinates":[[[-81.525,46.76667],[-81.525,46.77083],[-81.51875,46.77083],[-81.51875,46.76667],[-81.525,46.76667]]]}},{"type":"Feature","properties":{"c":"1044558","o":"","e":""},"geometry":{"type":"Polygon","coordinates":[[[-81.525,46.7625],[-81.525,46.76667],[-81.51875,46.76667],[-81.51875,46.7625],[-81.525,46.7625]]]}},{"type":"Feature","properties":{"c":"1044559","o":"","e":""},"geometry":{"type":"Polygon","coordinates":[[[-81.50625,46.7625],[-81.50625,46.76667],[-81.5,46.76667],[-81.5,46.7625],[-81.50625,46.7625]]]}},{"type":"Feature","properties":{"c":"1044560","o":"","e":""},"geometry":{"type":"Polygon","coordinates":[[[-81.51875,46.76667],[-81.51875,46.77083],[-81.5125,46.77083],[-81.5125,46.76667],[-81.51875,46.76667]]]}},{"type":"Feature","properties":{"c":"1044561","o":"","e":""},"geometry":{"type":"Polygon","coordinates":[[[-81.5125,46.7625],[-81.5125,46.76667],[-81.50625,46.76667],[-81.50625,46.7625],[-81.5125,46.7625]]]}},{"type":"Feature","properties":{"c":"1044562","o":"","e":""},"geometry":{"type":"Polygon","coordinates":[[[-81.5125,46.76667],[-81.5125,46.77083],[-81.50625,46.77083],[-81.50625,46.76667],[-81.5125,46.76667]]]}},{"type":"Feature","properties":{"c":"1044563","o":"","e":""},"geometry":{"type":"Polygon","coordinates":[[[-81.5125,46.77083],[-81.5125,46.775],[-81.50625,46.775],[-81.50625,46.77083],[-81.5125,46.77083]]]}},{"type":"Feature","properties":{"c":"248377","o":"","e":""},"geometry":{"type":"Polygon","coordinates":[[[-81.60625,46.67917],[-81.60625,46.68333],[-81.6,46.68333],[-81.6,46.67917],[-81.60625,46.67917]]]}},{"type":"Feature","properties":{"c":"248378","o":"","e":""},"geometry":{"type":"Polygon","coordinates":[[[-81.625,46.67083],[-81.625,46.675],[-81.61875,46.675],[-81.61875,46.67083],[-81.625,46.67083]]]}},{"type":"Feature","properties":{"c":"913817","o":"","e":""},"geometry":{"type":"Polygon","coordinates":[[[-81.53125,46.58333],[-81.53125,46.5875],[-81.525,46.5875],[-81.525,46.58333],[-81.53125,46.58333]]]}},{"type":"Feature","properties":{"c":"913818","o":"","e":""},"geometry":{"type":"Polygon","coordinates":[[[-81.53125,46.5875],[-81.53125,46.59167],[-81.525,46.59167],[-81.525,46.5875],[-81.53125,46.5875]]]}},{"type":"Feature","properties":{"c":"913819","o":"","e":""},"geometry":{"type":"Polygon","coordinates":[[[-81.525,46.5875],[-81.525,46.59167],[-81.51875,46.59167],[-81.51875,46.5875],[-81.525,46.5875]]]}},{"type":"Feature","properties":{"c":"913820","o":"","e":""},"geometry":{"type":"Polygon","coordinates":[[[-81.51875,46.5875],[-81.51875,46.59167],[-81.5125,46.59167],[-81.5125,46.5875],[-81.51875,46.5875]]]}},{"type":"Feature","properties":{"c":"913821","o":"","e":""},"geometry":{"type":"Polygon","coordinates":[[[-81.5125,46.5875],[-81.5125,46.59167],[-81.50625,46.59167],[-81.50625,46.5875],[-81.5125,46.5875]]]}},{"type":"Feature","properties":{"c":"913822","o":"","e":""},"geometry":{"type":"Polygon","coordinates":[[[-81.53125,46.59167],[-81.53125,46.59583],[-81.525,46.59583],[-81.525,46.59167],[-81.53125,46.59167]]]}},{"type":"Feature","properties":{"c":"913823","o":"","e":""},"geometry":{"type":"Polygon","coordinates":[[[-81.525,46.59167],[-81.525,46.59583],[-81.51875,46.59583],[-81.51875,46.59167],[-81.525,46.59167]]]}},{"type":"Feature","properties":{"c":"245411","o":"","e":""},"geometry":{"type":"Polygon","coordinates":[[[-81.55625,46.5375],[-81.55625,46.54167],[-81.55,46.54167],[-81.55,46.5375],[-81.55625,46.5375]]]}},{"type":"Feature","properties":{"c":"913831","o":"","e":""},"geometry":{"type":"Polygon","coordinates":[[[-81.525,46.6],[-81.525,46.60417],[-81.51875,46.60417],[-81.51875,46.6],[-81.525,46.6]]]}},{"type":"Feature","properties":{"c":"913824","o":"","e":""},"geometry":{"type":"Polygon","coordinates":[[[-81.51875,46.59167],[-81.51875,46.59583],[-81.5125,46.59583],[-81.5125,46.59167],[-81.51875,46.59167]]]}},{"type":"Feature","properties":{"c":"913825","o":"","e":""},"geometry":{"type":"Polygon","coordinates":[[[-81.5125,46.59167],[-81.5125,46.59583],[-81.50625,46.59583],[-81.50625,46.59167],[-81.5125,46.59167]]]}},{"type":"Feature","properties":{"c":"913826","o":"","e":""},"geometry":{"type":"Polygon","coordinates":[[[-81.53125,46.59583],[-81.53125,46.6],[-81.525,46.6],[-81.525,46.59583],[-81.53125,46.59583]]]}},{"type":"Feature","properties":{"c":"913827","o":"","e":""},"geometry":{"type":"Polygon","coordinates":[[[-81.525,46.59583],[-81.525,46.6],[-81.51875,46.6],[-81.51875,46.59583],[-81.525,46.59583]]]}},{"type":"Feature","properties":{"c":"913828","o":"","e":""},"geometry":{"type":"Polygon","coordinates":[[[-81.51875,46.59583],[-81.51875,46.6],[-81.5125,46.6],[-81.5125,46.59583],[-81.51875,46.59583]]]}},{"type":"Feature","properties":{"c":"913829","o":"","e":""},"geometry":{"type":"Polygon","coordinates":[[[-81.5125,46.59583],[-81.5125,46.6],[-81.50625,46.6],[-81.50625,46.59583],[-81.5125,46.59583]]]}},{"type":"Feature","properties":{"c":"913830","o":"","e":""},"geometry":{"type":"Polygon","coordinates":[[[-81.50625,46.59583],[-81.50625,46.6],[-81.5,46.6],[-81.5,46.59583],[-81.50625,46.59583]]]}},{"type":"Feature","properties":{"c":"913841","o":"","e":""},"geometry":{"type":"Polygon","coordinates":[[[-81.50625,46.60833],[-81.50625,46.6125],[-81.5,46.6125],[-81.5,46.60833],[-81.50625,46.60833]]]}},{"type":"Feature","properties":{"c":"913845","o":"","e":""},"geometry":{"type":"Polygon","coordinates":[[[-81.50625,46.6125],[-81.50625,46.61667],[-81.5,46.61667],[-81.5,46.6125],[-81.50625,46.6125]]]}},{"type":"Feature","properties":{"c":"248208","o":"","e":""},"geometry":{"type":"Polygon","coordinates":[[[-81.63125,46.65417],[-81.63125,46.65833],[-81.625,46.65833],[-81.625,46.65417],[-81.63125,46.65417]]]}},{"type":"Feature","properties":{"c":"248254","o":"","e":""},"geometry":{"type":"Polygon","coordinates":[[[-81.6375,46.675],[-81.6375,46.67917],[-81.63125,46.67917],[-81.63125,46.675],[-81.6375,46.675]]]}},{"type":"Feature","properties":{"c":"248831","o":"","e":""},"geometry":{"type":"Polygon","coordinates":[[[-81.5125,46.7875],[-81.5125,46.79167],[-81.50625,46.79167],[-81.50625,46.7875],[-81.5125,46.7875]]]}},{"type":"Feature","properties":{"c":"913832","o":"","e":""},"geometry":{"type":"Polygon","coordinates":[[[-81.51875,46.6],[-81.51875,46.60417],[-81.5125,46.60417],[-81.5125,46.6],[-81.51875,46.6]]]}},{"type":"Feature","properties":{"c":"913833","o":"","e":""},"geometry":{"type":"Polygon","coordinates":[[[-81.5125,46.6],[-81.5125,46.60417],[-81.50625,46.60417],[-81.50625,46.6],[-81.5125,46.6]]]}},{"type":"Feature","properties":{"c":"913834","o":"","e":""},"geometry":{"type":"Polygon","coordinates":[[[-81.50625,46.6],[-81.50625,46.60417],[-81.5,46.60417],[-81.5,46.6],[-81.50625,46.6]]]}},{"type":"Feature","properties":{"c":"913837","o":"","e":""},"geometry":{"type":"Polygon","coordinates":[[[-81.5125,46.60417],[-81.5125,46.60833],[-81.50625,46.60833],[-81.50625,46.60417],[-81.5125,46.60417]]]}},{"type":"Feature","properties":{"c":"913838","o":"","e":""},"geometry":{"type":"Polygon","coordinates":[[[-81.50625,46.60417],[-81.50625,46.60833],[-81.5,46.60833],[-81.5,46.60417],[-81.50625,46.60417]]]}},{"type":"Feature","properties":{"c":"247565","o":"","e":""},"geometry":{"type":"Polygon","coordinates":[[[-81.66875,46.58333],[-81.66875,46.5875],[-81.6625,46.5875],[-81.6625,46.58333],[-81.66875,46.58333]]]}},{"type":"Feature","properties":{"c":"247566","o":"","e":""},"geometry":{"type":"Polygon","coordinates":[[[-81.66875,46.57917],[-81.66875,46.58333],[-81.6625,46.58333],[-81.6625,46.57917],[-81.66875,46.57917]]]}},{"type":"Feature","properties":{"c":"248275","o":"","e":""},"geometry":{"type":"Polygon","coordinates":[[[-81.65,46.675],[-81.65,46.67917],[-81.64375,46.67917],[-81.64375,46.675],[-81.65,46.675]]]}},{"type":"Feature","properties":{"c":"248276","o":"","e":""},"geometry":{"type":"Polygon","coordinates":[[[-81.63125,46.67083],[-81.63125,46.675],[-81.625,46.675],[-81.625,46.67083],[-81.63125,46.67083]]]}},{"type":"Feature","properties":{"c":"248277","o":"","e":""},"geometry":{"type":"Polygon","coordinates":[[[-81.63125,46.66667],[-81.63125,46.67083],[-81.625,46.67083],[-81.625,46.66667],[-81.63125,46.66667]]]}},{"type":"Feature","properties":{"c":"581001","o":"","e":""},"geometry":{"type":"Polygon","coordinates":[[[-81.5125,46.58333],[-81.5125,46.5875],[-81.50625,46.5875],[-81.5,46.5875],[-81.5,46.58333],[-81.50625,46.58333],[-81.5125,46.58333]]]}},{"type":"Feature","properties":{"c":"250388","o":"","e":""},"geometry":{"type":"Polygon","coordinates":[[[-81.53125,46.78333],[-81.53125,46.7875],[-81.525,46.7875],[-81.525,46.78333],[-81.53125,46.78333]]]}},{"type":"Feature","properties":{"c":"249970","o":"","e":""},"geometry":{"type":"Polygon","coordinates":[[[-81.64375,46.62917],[-81.64375,46.63333],[-81.6375,46.63333],[-81.6375,46.62917],[-81.64375,46.62917]]]}},{"type":"Feature","properties":{"c":"252763","o":"","e":""},"geometry":{"type":"Polygon","coordinates":[[[-81.5625,46.55417],[-81.5625,46.55833],[-81.55625,46.55833],[-81.55625,46.55417],[-81.5625,46.55417]]]}},{"type":"Feature","properties":{"c":"252764","o":"","e":""},"geometry":{"type":"Polygon","coordinates":[[[-81.55,46.5375],[-81.55,46.54167],[-81.54375,46.54167],[-81.54375,46.5375],[-81.55,46.5375]]]}},{"type":"Feature","properties":{"c":"252912","o":"","e":""},"geometry":{"type":"Polygon","coordinates":[[[-81.60625,46.72083],[-81.60625,46.725],[-81.6,46.725],[-81.6,46.72083],[-81.60625,46.72083]]]}},{"type":"Feature","properties":{"c":"580150","o":"","e":""},"geometry":{"type":"Polygon","coordinates":[[[-81.63125,46.62083],[-81.63125,46.625],[-81.625,46.625],[-81.625,46.62083],[-81.63125,46.62083]]]}},{"type":"Feature","properties":{"c":"257167","o":"","e":""},"geometry":{"type":"Polygon","coordinates":[[[-81.5375,46.55833],[-81.5375,46.5625],[-81.53125,46.5625],[-81.53125,46.55833],[-81.5375,46.55833]]]}},{"type":"Feature","properties":{"c":"256202","o":"","e":""},"geometry":{"type":"Polygon","coordinates":[[[-81.625,46.7],[-81.625,46.70417],[-81.61875,46.70417],[-81.61875,46.7],[-81.625,46.7]]]}},{"type":"Feature","properties":{"c":"884513","o":"","e":""},"geometry":{"type":"Polygon","coordinates":[[[-81.75625,46.87083],[-81.75625,46.875],[-81.75,46.875],[-81.75,46.87083],[-81.75625,46.87083]]]}},{"type":"Feature","properties":{"c":"259889","o":"","e":""},"geometry":{"type":"Polygon","coordinates":[[[-81.61875,46.675],[-81.61875,46.67917],[-81.6125,46.67917],[-81.6125,46.675],[-81.61875,46.675]]]}},{"type":"Feature","properties":{"c":"579695","o":"","e":""},"geometry":{"type":"Polygon","coordinates":[[[-81.675,46.60417],[-81.675,46.60833],[-81.66875,46.60833],[-81.6625,46.60833],[-81.6625,46.60417],[-81.6625,46.6],[-81.6625,46.59583],[-81.66875,46.59583],[-81.675,46.59583],[-81.675,46.6],[-81.675,46.60417]]]}},{"type":"Feature","properties":{"c":"256886","o":"","e":""},"geometry":{"type":"Polygon","coordinates":[[[-81.66875,46.60833],[-81.66875,46.6125],[-81.6625,46.6125],[-81.6625,46.60833],[-81.66875,46.60833]]]}},{"type":"Feature","properties":{"c":"258052","o":"","e":""},"geometry":{"type":"Polygon","coordinates":[[[-81.5625,46.56667],[-81.5625,46.57083],[-81.55625,46.57083],[-81.55625,46.56667],[-81.5625,46.56667]]]}},{"type":"Feature","properties":{"c":"257500","o":"","e":""},"geometry":{"type":"Polygon","coordinates":[[[-81.525,46.55417],[-81.525,46.55833],[-81.51875,46.55833],[-81.51875,46.55417],[-81.525,46.55417]]]}},{"type":"Feature","properties":{"c":"262064","o":"","e":""},"geometry":{"type":"Polygon","coordinates":[[[-81.64375,46.6875],[-81.64375,46.69167],[-81.6375,46.69167],[-81.6375,46.6875],[-81.64375,46.6875]]]}},{"type":"Feature","properties":{"c":"265656","o":"","e":""},"geometry":{"type":"Polygon","coordinates":[[[-81.625,46.625],[-81.625,46.62917],[-81.61875,46.62917],[-81.61875,46.625],[-81.625,46.625]]]}},{"type":"Feature","properties":{"c":"265352","o":"","e":""},"geometry":{"type":"Polygon","coordinates":[[[-81.6375,46.69167],[-81.6375,46.69583],[-81.63125,46.69583],[-81.63125,46.69167],[-81.6375,46.69167]]]}},{"type":"Feature","properties":{"c":"265378","o":"","e":""},"geometry":{"type":"Polygon","coordinates":[[[-81.625,46.6125],[-81.625,46.61667],[-81.61875,46.61667],[-81.61875,46.6125],[-81.625,46.6125]]]}},{"type":"Feature","properties":{"c":"113340","o":"","e":""},"geometry":{"type":"Polygon","coordinates":[[[-81.69375,46.63333],[-81.69375,46.6375],[-81.6875,46.6375],[-81.6875,46.63333],[-81.69375,46.63333]]]}},{"type":"Feature","properties":{"c":"113341","o":"","e":""},"geometry":{"type":"Polygon","coordinates":[[[-81.70625,46.63333],[-81.70625,46.6375],[-81.7,46.6375],[-81.7,46.63333],[-81.70625,46.63333]]]}},{"type":"Feature","properties":{"c":"135231","o":"","e":""},"geometry":{"type":"Polygon","coordinates":[[[-81.70625,46.6125],[-81.70625,46.61667],[-81.7,46.61667],[-81.7,46.6125],[-81.70625,46.6125]]]}},{"type":"Feature","properties":{"c":"142583","o":"","e":""},"geometry":{"type":"Polygon","coordinates":[[[-81.7,46.63333],[-81.7,46.6375],[-81.69375,46.6375],[-81.69375,46.63333],[-81.7,46.63333]]]}},{"type":"Feature","properties":{"c":"154758","o":"","e":""},"geometry":{"type":"Polygon","coordinates":[[[-81.7,46.6125],[-81.7,46.61667],[-81.69375,46.61667],[-81.69375,46.6125],[-81.7,46.6125]]]}},{"type":"Feature","properties":{"c":"156671","o":"","e":""},"geometry":{"type":"Polygon","coordinates":[[[-81.7,46.625],[-81.7,46.62917],[-81.69375,46.62917],[-81.69375,46.625],[-81.7,46.625]]]}},{"type":"Feature","properties":{"c":"169932","o":"","e":""},"geometry":{"type":"Polygon","coordinates":[[[-81.7,46.62083],[-81.7,46.625],[-81.69375,46.625],[-81.69375,46.62083],[-81.7,46.62083]]]}},{"type":"Feature","properties":{"c":"171355","o":"","e":""},"geometry":{"type":"Polygon","coordinates":[[[-81.7,46.62917],[-81.7,46.63333],[-81.69375,46.63333],[-81.69375,46.62917],[-81.7,46.62917]]]}},{"type":"Feature","properties":{"c":"238437","o":"","e":""},"geometry":{"type":"Polygon","coordinates":[[[-81.70625,46.62917],[-81.70625,46.63333],[-81.7,46.63333],[-81.7,46.62917],[-81.70625,46.62917]]]}},{"type":"Feature","properties":{"c":"264132","o":"","e":""},"geometry":{"type":"Polygon","coordinates":[[[-81.63125,46.75417],[-81.63125,46.75833],[-81.625,46.75833],[-81.625,46.75417],[-81.63125,46.75417]]]}},{"type":"Feature","properties":{"c":"264134","o":"","e":""},"geometry":{"type":"Polygon","coordinates":[[[-81.6125,46.75],[-81.6125,46.75417],[-81.60625,46.75417],[-81.60625,46.75],[-81.6125,46.75]]]}},{"type":"Feature","properties":{"c":"264712","o":"","e":""},"geometry":{"type":"Polygon","coordinates":[[[-81.6375,46.64583],[-81.6375,46.65],[-81.63125,46.65],[-81.63125,46.64583],[-81.6375,46.64583]]]}},{"type":"Feature","properties":{"c":"266012","o":"","e":""},"geometry":{"type":"Polygon","coordinates":[[[-81.6,46.7625],[-81.6,46.76667],[-81.59375,46.76667],[-81.59375,46.7625],[-81.6,46.7625]]]}},{"type":"Feature","properties":{"c":"272079","o":"","e":""},"geometry":{"type":"Polygon","coordinates":[[[-81.59375,46.78333],[-81.59375,46.7875],[-81.5875,46.7875],[-81.5875,46.78333],[-81.59375,46.78333]]]}},{"type":"Feature","properties":{"c":"272081","o":"","e":""},"geometry":{"type":"Polygon","coordinates":[[[-81.625,46.75833],[-81.625,46.7625],[-81.61875,46.7625],[-81.61875,46.75833],[-81.625,46.75833]]]}},{"type":"Feature","properties":{"c":"272116","o":"","e":""},"geometry":{"type":"Polygon","coordinates":[[[-81.65,46.62917],[-81.65,46.63333],[-81.64375,46.63333],[-81.64375,46.62917],[-81.65,46.62917]]]}},{"type":"Feature","properties":{"c":"272162","o":"","e":""},"geometry":{"type":"Polygon","coordinates":[[[-81.65,46.61667],[-81.65,46.62083],[-81.64375,46.62083],[-81.64375,46.61667],[-81.65,46.61667]]]}},{"type":"Feature","properties":{"c":"269318","o":"","e":""},"geometry":{"type":"Polygon","coordinates":[[[-81.5875,46.57083],[-81.5875,46.575],[-81.58125,46.575],[-81.58125,46.57083],[-81.5875,46.57083]]]}},{"type":"Feature","properties":{"c":"272181","o":"","e":""},"geometry":{"type":"Polygon","coordinates":[[[-81.63125,46.64583],[-81.63125,46.65],[-81.625,46.65],[-81.625,46.64583],[-81.63125,46.64583]]]}},{"type":"Feature","properties":{"c":"276020","o":"","e":""},"geometry":{"type":"Polygon","coordinates":[[[-81.54375,46.55833],[-81.54375,46.5625],[-81.5375,46.5625],[-81.5375,46.55833],[-81.54375,46.55833]]]}},{"type":"Feature","properties":{"c":"273601","o":"","e":""},"geometry":{"type":"Polygon","coordinates":[[[-81.6125,46.62083],[-81.6125,46.625],[-81.60625,46.625],[-81.60625,46.62083],[-81.6125,46.62083]]]}},{"type":"Feature","properties":{"c":"273602","o":"","e":""},"geometry":{"type":"Polygon","coordinates":[[[-81.6125,46.61667],[-81.6125,46.62083],[-81.60625,46.62083],[-81.60625,46.61667],[-81.6125,46.61667]]]}},{"type":"Feature","properties":{"c":"272779","o":"","e":""},"geometry":{"type":"Polygon","coordinates":[[[-81.6375,46.63333],[-81.6375,46.6375],[-81.63125,46.6375],[-81.63125,46.63333],[-81.6375,46.63333]]]}},{"type":"Feature","properties":{"c":"275512","o":"","e":""},"geometry":{"type":"Polygon","coordinates":[[[-81.53125,46.56667],[-81.53125,46.57083],[-81.525,46.57083],[-81.525,46.56667],[-81.53125,46.56667]]]}},{"type":"Feature","properties":{"c":"272782","o":"","e":""},"geometry":{"type":"Polygon","coordinates":[[[-81.63125,46.6125],[-81.63125,46.61667],[-81.625,46.61667],[-81.625,46.6125],[-81.63125,46.6125]]]}},{"type":"Feature","properties":{"c":"275838","o":"","e":""},"geometry":{"type":"Polygon","coordinates":[[[-81.61875,46.65],[-81.61875,46.65417],[-81.6125,46.65417],[-81.6125,46.65],[-81.61875,46.65]]]}},{"type":"Feature","properties":{"c":"280621","o":"","e":""},"geometry":{"type":"Polygon","coordinates":[[[-81.61875,46.70417],[-81.61875,46.70833],[-81.6125,46.70833],[-81.6125,46.70417],[-81.61875,46.70417]]]}},{"type":"Feature","properties":{"c":"281267","o":"","e":""},"geometry":{"type":"Polygon","coordinates":[[[-81.56875,46.55],[-81.56875,46.55417],[-81.5625,46.55417],[-81.5625,46.55],[-81.56875,46.55]]]}},{"type":"Feature","properties":{"c":"284160","o":"","e":""},"geometry":{"type":"Polygon","coordinates":[[[-81.65625,46.63333],[-81.65625,46.6375],[-81.65,46.6375],[-81.65,46.63333],[-81.65625,46.63333]]]}},{"type":"Feature","properties":{"c":"284202","o":"","e":""},"geometry":{"type":"Polygon","coordinates":[[[-81.59375,46.77917],[-81.59375,46.78333],[-81.5875,46.78333],[-81.5875,46.77917],[-81.59375,46.77917]]]}},{"type":"Feature","properties":{"c":"284206","o":"","e":""},"geometry":{"type":"Polygon","coordinates":[[[-81.63125,46.75],[-81.63125,46.75417],[-81.625,46.75417],[-81.625,46.75],[-81.63125,46.75]]]}},{"type":"Feature","properties":{"c":"284800","o":"","e":""},"geometry":{"type":"Polygon","coordinates":[[[-81.59375,46.8],[-81.59375,46.80417],[-81.5875,46.80417],[-81.5875,46.8],[-81.59375,46.8]]]}},{"type":"Feature","properties":{"c":"284802","o":"","e":""},"geometry":{"type":"Polygon","coordinates":[[[-81.59375,46.79167],[-81.59375,46.79583],[-81.5875,46.79583],[-81.5875,46.79167],[-81.59375,46.79167]]]}},{"type":"Feature","properties":{"c":"282687","o":"","e":""},"geometry":{"type":"Polygon","coordinates":[[[-81.60625,46.6875],[-81.60625,46.69167],[-81.6,46.69167],[-81.6,46.6875],[-81.60625,46.6875]]]}},{"type":"Feature","properties":{"c":"284723","o":"","e":""},"geometry":{"type":"Polygon","coordinates":[[[-81.61875,46.70417],[-81.61875,46.70833],[-81.6125,46.70833],[-81.6125,46.70417],[-81.61875,46.70417]]]}},{"type":"Feature","properties":{"c":"285312","o":"","e":""},"geometry":{"type":"Polygon","coordinates":[[[-81.51875,46.78333],[-81.51875,46.7875],[-81.5125,46.7875],[-81.5125,46.78333],[-81.51875,46.78333]]]}},{"type":"Feature","properties":{"c":"283870","o":"","e":""},"geometry":{"type":"Polygon","coordinates":[[[-81.5375,46.7125],[-81.5375,46.71667],[-81.53125,46.71667],[-81.53125,46.7125],[-81.5375,46.7125]]]}},{"type":"Feature","properties":{"c":"1011429","o":"","e":""},"geometry":{"type":"Polygon","coordinates":[[[-81.575,46.55417],[-81.575,46.55833],[-81.56875,46.55833],[-81.56875,46.55417],[-81.575,46.55417]]]}},{"type":"Feature","properties":{"c":"283316","o":"","e":""},"geometry":{"type":"Polygon","coordinates":[[[-81.625,46.7],[-81.625,46.70417],[-81.61875,46.70417],[-81.61875,46.7],[-81.625,46.7]]]}},{"type":"Feature","properties":{"c":"284784","o":"","e":""},"geometry":{"type":"Polygon","coordinates":[[[-81.625,46.64167],[-81.625,46.64583],[-81.61875,46.64583],[-81.61875,46.64167],[-81.625,46.64167]]]}},{"type":"Feature","properties":{"c":"285478","o":"","e":""},"geometry":{"type":"Polygon","coordinates":[[[-81.6,46.75833],[-81.6,46.7625],[-81.59375,46.7625],[-81.59375,46.75833],[-81.6,46.75833]]]}},{"type":"Feature","properties":{"c":"285479","o":"","e":""},"geometry":{"type":"Polygon","coordinates":[[[-81.6,46.75],[-81.6,46.75417],[-81.59375,46.75417],[-81.59375,46.75],[-81.6,46.75]]]}},{"type":"Feature","properties":{"c":"289354","o":"","e":""},"geometry":{"type":"Polygon","coordinates":[[[-81.55,46.54583],[-81.55,46.55],[-81.54375,46.55],[-81.54375,46.54583],[-81.55,46.54583]]]}},{"type":"Feature","properties":{"c":"287337","o":"","e":""},"geometry":{"type":"Polygon","coordinates":[[[-81.63125,46.66667],[-81.63125,46.67083],[-81.625,46.67083],[-81.625,46.66667],[-81.63125,46.66667]]]}},{"type":"Feature","properties":{"c":"289993","o":"","e":""},"geometry":{"type":"Polygon","coordinates":[[[-81.6,46.71667],[-81.6,46.72083],[-81.59375,46.72083],[-81.59375,46.71667],[-81.6,46.71667]]]}},{"type":"Feature","properties":{"c":"292748","o":"","e":""},"geometry":{"type":"Polygon","coordinates":[[[-81.63125,46.69167],[-81.63125,46.69583],[-81.625,46.69583],[-81.625,46.69167],[-81.63125,46.69167]]]}},{"type":"Feature","properties":{"c":"290738","o":"","e":""},"geometry":{"type":"Polygon","coordinates":[[[-81.60625,46.68333],[-81.60625,46.6875],[-81.6,46.6875],[-81.6,46.68333],[-81.60625,46.68333]]]}},{"type":"Feature","properties":{"c":"292092","o":"","e":""},"geometry":{"type":"Polygon","coordinates":[[[-81.64375,46.60417],[-81.64375,46.60833],[-81.6375,46.60833],[-81.6375,46.60417],[-81.64375,46.60417]]]}},{"type":"Feature","properties":{"c":"294905","o":"","e":""},"geometry":{"type":"Polygon","coordinates":[[[-81.5625,46.70833],[-81.5625,46.7125],[-81.55625,46.7125],[-81.55625,46.70833],[-81.5625,46.70833]]]}},{"type":"Feature","properties":{"c":"295360","o":"","e":""},"geometry":{"type":"Polygon","coordinates":[[[-81.63125,46.6625],[-81.63125,46.66667],[-81.625,46.66667],[-81.625,46.6625],[-81.63125,46.6625]]]}},{"type":"Feature","properties":{"c":"295361","o":"","e":""},"geometry":{"type":"Polygon","coordinates":[[[-81.625,46.65833],[-81.625,46.6625],[-81.61875,46.6625],[-81.61875,46.65833],[-81.625,46.65833]]]}},{"type":"Feature","properties":{"c":"295362","o":"","e":""},"geometry":{"type":"Polygon","coordinates":[[[-81.63125,46.65833],[-81.63125,46.6625],[-81.625,46.6625],[-81.625,46.65833],[-81.63125,46.65833]]]}},{"type":"Feature","properties":{"c":"914696","o":"","e":""},"geometry":{"type":"Polygon","coordinates":[[[-81.63125,46.5375],[-81.63125,46.54167],[-81.625,46.54167],[-81.625,46.5375],[-81.63125,46.5375]]]}},{"type":"Feature","properties":{"c":"914697","o":"","e":""},"geometry":{"type":"Polygon","coordinates":[[[-81.625,46.5375],[-81.625,46.54167],[-81.61875,46.54167],[-81.61875,46.5375],[-81.625,46.5375]]]}},{"type":"Feature","properties":{"c":"914698","o":"","e":""},"geometry":{"type":"Polygon","coordinates":[[[-81.61875,46.5375],[-81.61875,46.54167],[-81.6125,46.54167],[-81.6125,46.5375],[-81.61875,46.5375]]]}},{"type":"Feature","properties":{"c":"914699","o":"","e":""},"geometry":{"type":"Polygon","coordinates":[[[-81.6375,46.54167],[-81.6375,46.54583],[-81.63125,46.54583],[-81.63125,46.54167],[-81.6375,46.54167]]]}},{"type":"Feature","properties":{"c":"914700","o":"","e":""},"geometry":{"type":"Polygon","coordinates":[[[-81.63125,46.54167],[-81.63125,46.54583],[-81.625,46.54583],[-81.625,46.54167],[-81.63125,46.54167]]]}},{"type":"Feature","properties":{"c":"914701","o":"","e":""},"geometry":{"type":"Polygon","coordinates":[[[-81.625,46.54167],[-81.625,46.54583],[-81.61875,46.54583],[-81.61875,46.54167],[-81.625,46.54167]]]}},{"type":"Feature","properties":{"c":"914702","o":"","e":""},"geometry":{"type":"Polygon","coordinates":[[[-81.61875,46.54167],[-81.61875,46.54583],[-81.6125,46.54583],[-81.6125,46.54167],[-81.61875,46.54167]]]}},{"type":"Feature","properties":{"c":"914703","o":"","e":""},"geometry":{"type":"Polygon","coordinates":[[[-81.6375,46.54583],[-81.6375,46.55],[-81.63125,46.55],[-81.63125,46.54583],[-81.6375,46.54583]]]}},{"type":"Feature","properties":{"c":"914704","o":"","e":""},"geometry":{"type":"Polygon","coordinates":[[[-81.63125,46.54583],[-81.63125,46.55],[-81.625,46.55],[-81.625,46.54583],[-81.63125,46.54583]]]}},{"type":"Feature","properties":{"c":"914705","o":"","e":""},"geometry":{"type":"Polygon","coordinates":[[[-81.625,46.54583],[-81.625,46.55],[-81.61875,46.55],[-81.61875,46.54583],[-81.625,46.54583]]]}},{"type":"Feature","properties":{"c":"914706","o":"","e":""},"geometry":{"type":"Polygon","coordinates":[[[-81.61875,46.54583],[-81.61875,46.55],[-81.6125,46.55],[-81.6125,46.54583],[-81.61875,46.54583]]]}},{"type":"Feature","properties":{"c":"914707","o":"","e":""},"geometry":{"type":"Polygon","coordinates":[[[-81.6125,46.54583],[-81.6125,46.55],[-81.60625,46.55],[-81.60625,46.54583],[-81.6125,46.54583]]]}},{"type":"Feature","properties":{"c":"914708","o":"","e":""},"geometry":{"type":"Polygon","coordinates":[[[-81.6375,46.55],[-81.6375,46.55417],[-81.63125,46.55417],[-81.63125,46.55],[-81.6375,46.55]]]}},{"type":"Feature","properties":{"c":"914709","o":"","e":""},"geometry":{"type":"Polygon","coordinates":[[[-81.63125,46.55],[-81.63125,46.55417],[-81.625,46.55417],[-81.625,46.55],[-81.63125,46.55]]]}},{"type":"Feature","properties":{"c":"296222","o":"","e":""},"geometry":{"type":"Polygon","coordinates":[[[-81.6,46.59583],[-81.6,46.6],[-81.59375,46.6],[-81.59375,46.59583],[-81.6,46.59583]]]}},{"type":"Feature","properties":{"c":"914718","o":"","e":""},"geometry":{"type":"Polygon","coordinates":[[[-81.6375,46.55833],[-81.6375,46.5625],[-81.63125,46.5625],[-81.63125,46.55833],[-81.6375,46.55833]]]}},{"type":"Feature","properties":{"c":"914710","o":"","e":""},"geometry":{"type":"Polygon","coordinates":[[[-81.625,46.55],[-81.625,46.55417],[-81.61875,46.55417],[-81.61875,46.55],[-81.625,46.55]]]}},{"type":"Feature","properties":{"c":"914719","o":"","e":""},"geometry":{"type":"Polygon","coordinates":[[[-81.63125,46.55833],[-81.63125,46.5625],[-81.625,46.5625],[-81.625,46.55833],[-81.63125,46.55833]]]}},{"type":"Feature","properties":{"c":"914720","o":"","e":""},"geometry":{"type":"Polygon","coordinates":[[[-81.625,46.55833],[-81.625,46.5625],[-81.61875,46.5625],[-81.61875,46.55833],[-81.625,46.55833]]]}},{"type":"Feature","properties":{"c":"914721","o":"","e":""},"geometry":{"type":"Polygon","coordinates":[[[-81.61875,46.55833],[-81.61875,46.5625],[-81.6125,46.5625],[-81.6125,46.55833],[-81.61875,46.55833]]]}},{"type":"Feature","properties":{"c":"914722","o":"","e":""},"geometry":{"type":"Polygon","coordinates":[[[-81.6125,46.55833],[-81.6125,46.5625],[-81.60625,46.5625],[-81.60625,46.55833],[-81.6125,46.55833]]]}},{"type":"Feature","properties":{"c":"914723","o":"","e":""},"geometry":{"type":"Polygon","coordinates":[[[-81.61875,46.5625],[-81.61875,46.56667],[-81.6125,46.56667],[-81.6125,46.5625],[-81.61875,46.5625]]]}},{"type":"Feature","properties":{"c":"914712","o":"","e":""},"geometry":{"type":"Polygon","coordinates":[[[-81.6125,46.55],[-81.6125,46.55417],[-81.60625,46.55417],[-81.60625,46.55],[-81.6125,46.55]]]}},{"type":"Feature","properties":{"c":"914711","o":"","e":""},"geometry":{"type":"Polygon","coordinates":[[[-81.61875,46.55],[-81.61875,46.55417],[-81.6125,46.55417],[-81.6125,46.55],[-81.61875,46.55]]]}},{"type":"Feature","properties":{"c":"914713","o":"","e":""},"geometry":{"type":"Polygon","coordinates":[[[-81.6375,46.55417],[-81.6375,46.55833],[-81.63125,46.55833],[-81.63125,46.55417],[-81.6375,46.55417]]]}},{"type":"Feature","properties":{"c":"914714","o":"","e":""},"geometry":{"type":"Polygon","coordinates":[[[-81.63125,46.55417],[-81.63125,46.55833],[-81.625,46.55833],[-81.625,46.55417],[-81.63125,46.55417]]]}},{"type":"Feature","properties":{"c":"914715","o":"","e":""},"geometry":{"type":"Polygon","coordinates":[[[-81.625,46.55417],[-81.625,46.55833],[-81.61875,46.55833],[-81.61875,46.55417],[-81.625,46.55417]]]}},{"type":"Feature","properties":{"c":"914716","o":"","e":""},"geometry":{"type":"Polygon","coordinates":[[[-81.61875,46.55417],[-81.61875,46.55833],[-81.6125,46.55833],[-81.6125,46.55417],[-81.61875,46.55417]]]}},{"type":"Feature","properties":{"c":"914717","o":"","e":""},"geometry":{"type":"Polygon","coordinates":[[[-81.6125,46.55417],[-81.6125,46.55833],[-81.60625,46.55833],[-81.60625,46.55417],[-81.6125,46.55417]]]}},{"type":"Feature","properties":{"c":"295428","o":"","e":""},"geometry":{"type":"Polygon","coordinates":[[[-81.64375,46.67083],[-81.64375,46.675],[-81.6375,46.675],[-81.6375,46.67083],[-81.64375,46.67083]]]}},{"type":"Feature","properties":{"c":"293562","o":"","e":""},"geometry":{"type":"Polygon","coordinates":[[[-81.58125,46.575],[-81.58125,46.57917],[-81.575,46.57917],[-81.575,46.575],[-81.58125,46.575]]]}},{"type":"Feature","properties":{"c":"298542","o":"","e":""},"geometry":{"type":"Polygon","coordinates":[[[-81.64375,46.625],[-81.64375,46.62917],[-81.6375,46.62917],[-81.6375,46.625],[-81.64375,46.625]]]}},{"type":"Feature","properties":{"c":"298555","o":"","e":""},"geometry":{"type":"Polygon","coordinates":[[[-81.625,46.6125],[-81.625,46.61667],[-81.61875,46.61667],[-81.61875,46.6125],[-81.625,46.6125]]]}},{"type":"Feature","properties":{"c":"296542","o":"","e":""},"geometry":{"type":"Polygon","coordinates":[[[-81.5125,46.79167],[-81.5125,46.79583],[-81.50625,46.79583],[-81.50625,46.79167],[-81.5125,46.79167]]]}},{"type":"Feature","properties":{"c":"299310","o":"","e":""},"geometry":{"type":"Polygon","coordinates":[[[-81.6,46.70833],[-81.6,46.7125],[-81.59375,46.7125],[-81.59375,46.70833],[-81.6,46.70833]]]}},{"type":"Feature","properties":{"c":"302108","o":"","e":""},"geometry":{"type":"Polygon","coordinates":[[[-81.65625,46.60417],[-81.65625,46.60833],[-81.65,46.60833],[-81.65,46.60417],[-81.65625,46.60417]]]}},{"type":"Feature","properties":{"c":"1071858","o":"","e":""},"geometry":{"type":"Polygon","coordinates":[[[-81.6125,46.79167],[-81.6125,46.79583],[-81.60625,46.79583],[-81.60625,46.79167],[-81.6125,46.79167]]]}},{"type":"Feature","properties":{"c":"1071859","o":"","e":""},"geometry":{"type":"Polygon","coordinates":[[[-81.625,46.79167],[-81.625,46.79583],[-81.61875,46.79583],[-81.61875,46.79167],[-81.625,46.79167]]]}},{"type":"Feature","properties":{"c":"1071860","o":"","e":""},"geometry":{"type":"Polygon","coordinates":[[[-81.625,46.7875],[-81.625,46.79167],[-81.61875,46.79167],[-81.61875,46.7875],[-81.625,46.7875]]]}},{"type":"Feature","properties":{"c":"1071861","o":"","e":""},"geometry":{"type":"Polygon","coordinates":[[[-81.6125,46.79583],[-81.6125,46.8],[-81.60625,46.8],[-81.60625,46.79583],[-81.6125,46.79583]]]}},{"type":"Feature","properties":{"c":"1071862","o":"","e":""},"geometry":{"type":"Polygon","coordinates":[[[-81.61875,46.79583],[-81.61875,46.8],[-81.6125,46.8],[-81.6125,46.79583],[-81.61875,46.79583]]]}},{"type":"Feature","properties":{"c":"1071863","o":"","e":""},"geometry":{"type":"Polygon","coordinates":[[[-81.61875,46.7875],[-81.61875,46.79167],[-81.6125,46.79167],[-81.6125,46.7875],[-81.61875,46.7875]]]}},{"type":"Feature","properties":{"c":"1071864","o":"","e":""},"geometry":{"type":"Polygon","coordinates":[[[-81.61875,46.79167],[-81.61875,46.79583],[-81.6125,46.79583],[-81.6125,46.79167],[-81.61875,46.79167]]]}},{"type":"Feature","properties":{"c":"302013","o":"","e":""},"geometry":{"type":"Polygon","coordinates":[[[-81.59375,46.79583],[-81.59375,46.8],[-81.5875,46.8],[-81.5875,46.79583],[-81.59375,46.79583]]]}},{"type":"Feature","properties":{"c":"302163","o":"","e":""},"geometry":{"type":"Polygon","coordinates":[[[-81.6,46.72083],[-81.6,46.725],[-81.59375,46.725],[-81.59375,46.72083],[-81.6,46.72083]]]}},{"type":"Feature","properties":{"c":"301931","o":"","e":""},"geometry":{"type":"Polygon","coordinates":[[[-81.61875,46.75],[-81.61875,46.75417],[-81.6125,46.75417],[-81.6125,46.75],[-81.61875,46.75]]]}},{"type":"Feature","properties":{"c":"301498","o":"","e":""},"geometry":{"type":"Polygon","coordinates":[[[-81.55625,46.54167],[-81.55625,46.54583],[-81.55,46.54583],[-81.55,46.54167],[-81.55625,46.54167]]]}},{"type":"Feature","properties":{"c":"301382","o":"","e":""},"geometry":{"type":"Polygon","coordinates":[[[-81.60625,46.7375],[-81.60625,46.74167],[-81.6,46.74167],[-81.6,46.7375],[-81.60625,46.7375]]]}},{"type":"Feature","properties":{"c":"303309","o":"","e":""},"geometry":{"type":"Polygon","coordinates":[[[-81.625,46.6375],[-81.625,46.64167],[-81.61875,46.64167],[-81.61875,46.6375],[-81.625,46.6375]]]}},{"type":"Feature","properties":{"c":"303766","o":"","e":""},"geometry":{"type":"Polygon","coordinates":[[[-81.70625,46.61667],[-81.70625,46.62083],[-81.7,46.62083],[-81.7,46.61667],[-81.70625,46.61667]]]}},{"type":"Feature","properties":{"c":"303930","o":"","e":""},"geometry":{"type":"Polygon","coordinates":[[[-81.59375,46.76667],[-81.59375,46.77083],[-81.5875,46.77083],[-81.5875,46.76667],[-81.59375,46.76667]]]}},{"type":"Feature","properties":{"c":"304212","o":"","e":""},"geometry":{"type":"Polygon","coordinates":[[[-81.625,46.6],[-81.625,46.60417],[-81.61875,46.60417],[-81.61875,46.6],[-81.625,46.6]]]}},{"type":"Feature","properties":{"c":"304213","o":"","e":""},"geometry":{"type":"Polygon","coordinates":[[[-81.64375,46.6],[-81.64375,46.60417],[-81.6375,46.60417],[-81.6375,46.6],[-81.64375,46.6]]]}},{"type":"Feature","properties":{"c":"304214","o":"","e":""},"geometry":{"type":"Polygon","coordinates":[[[-81.63125,46.59583],[-81.63125,46.6],[-81.625,46.6],[-81.625,46.59583],[-81.63125,46.59583]]]}},{"type":"Feature","properties":{"c":"304237","o":"","e":""},"geometry":{"type":"Polygon","coordinates":[[[-81.56875,46.7125],[-81.56875,46.71667],[-81.5625,46.71667],[-81.5625,46.7125],[-81.56875,46.7125]]]}},{"type":"Feature","properties":{"c":"302884","o":"","e":""},"geometry":{"type":"Polygon","coordinates":[[[-81.6125,46.6875],[-81.6125,46.69167],[-81.60625,46.69167],[-81.60625,46.6875],[-81.6125,46.6875]]]}},{"type":"Feature","properties":{"c":"305486","o":"","e":""},"geometry":{"type":"Polygon","coordinates":[[[-81.6,46.69583],[-81.6,46.7],[-81.59375,46.7],[-81.59375,46.69583],[-81.6,46.69583]]]}},{"type":"Feature","properties":{"c":"305618","o":"","e":""},"geometry":{"type":"Polygon","coordinates":[[[-81.5875,46.57083],[-81.5875,46.575],[-81.58125,46.575],[-81.58125,46.57083],[-81.5875,46.57083]]]}},{"type":"Feature","properties":{"c":"306133","o":"","e":""},"geometry":{"type":"Polygon","coordinates":[[[-81.54375,46.5375],[-81.54375,46.54167],[-81.5375,46.54167],[-81.5375,46.5375],[-81.54375,46.5375]]]}},{"type":"Feature","properties":{"c":"307767","o":"","e":""},"geometry":{"type":"Polygon","coordinates":[[[-81.54375,46.7125],[-81.54375,46.71667],[-81.5375,46.71667],[-81.5375,46.7125],[-81.54375,46.7125]]]}},{"type":"Feature","properties":{"c":"308671","o":"","e":""},"geometry":{"type":"Polygon","coordinates":[[[-81.5125,46.78333],[-81.5125,46.7875],[-81.50625,46.7875],[-81.50625,46.78333],[-81.5125,46.78333]]]}},{"type":"Feature","properties":{"c":"311440","o":"","e":""},"geometry":{"type":"Polygon","coordinates":[[[-81.53125,46.57083],[-81.53125,46.575],[-81.525,46.575],[-81.525,46.57083],[-81.53125,46.57083]]]}},{"type":"Feature","properties":{"c":"311441","o":"","e":""},"geometry":{"type":"Polygon","coordinates":[[[-81.5375,46.56667],[-81.5375,46.57083],[-81.53125,46.57083],[-81.53125,46.56667],[-81.5375,46.56667]]]}},{"type":"Feature","properties":{"c":"311442","o":"","e":""},"geometry":{"type":"Polygon","coordinates":[[[-81.53125,46.5625],[-81.53125,46.56667],[-81.525,46.56667],[-81.525,46.5625],[-81.53125,46.5625]]]}},{"type":"Feature","properties":{"c":"311443","o":"","e":""},"geometry":{"type":"Polygon","coordinates":[[[-81.5375,46.5625],[-81.5375,46.56667],[-81.53125,46.56667],[-81.53125,46.5625],[-81.5375,46.5625]]]}},{"type":"Feature","properties":{"c":"311444","o":"","e":""},"geometry":{"type":"Polygon","coordinates":[[[-81.51875,46.55417],[-81.51875,46.55833],[-81.5125,46.55833],[-81.5125,46.55417],[-81.51875,46.55417]]]}},{"type":"Feature","properties":{"c":"311875","o":"","e":""},"geometry":{"type":"Polygon","coordinates":[[[-81.53125,46.72083],[-81.53125,46.725],[-81.525,46.725],[-81.525,46.72083],[-81.53125,46.72083]]]}},{"type":"Feature","properties":{"c":"308570","o":"","e":""},"geometry":{"type":"Polygon","coordinates":[[[-81.65,46.63333],[-81.65,46.6375],[-81.64375,46.6375],[-81.64375,46.63333],[-81.65,46.63333]]]}},{"type":"Feature","properties":{"c":"307565","o":"","e":""},"geometry":{"type":"Polygon","coordinates":[[[-81.625,46.6625],[-81.625,46.66667],[-81.61875,46.66667],[-81.61875,46.6625],[-81.625,46.6625]]]}},{"type":"Feature","properties":{"c":"864582","o":"","e":""},"geometry":{"type":"Polygon","coordinates":[[[-81.65,46.8],[-81.65,46.80417],[-81.64375,46.80417],[-81.64375,46.8],[-81.65,46.8]]]}},{"type":"Feature","properties":{"c":"864583","o":"","e":""},"geometry":{"type":"Polygon","coordinates":[[[-81.6625,46.80417],[-81.6625,46.80833],[-81.65625,46.80833],[-81.65625,46.80417],[-81.6625,46.80417]]]}},{"type":"Feature","properties":{"c":"864584","o":"","e":""},"geometry":{"type":"Polygon","coordinates":[[[-81.6625,46.8],[-81.6625,46.80417],[-81.65625,46.80417],[-81.65625,46.8],[-81.6625,46.8]]]}},{"type":"Feature","properties":{"c":"864585","o":"","e":""},"geometry":{"type":"Polygon","coordinates":[[[-81.66875,46.80417],[-81.66875,46.80833],[-81.6625,46.80833],[-81.6625,46.80417],[-81.66875,46.80417]]]}},{"type":"Feature","properties":{"c":"864586","o":"","e":""},"geometry":{"type":"Polygon","coordinates":[[[-81.65,46.79583],[-81.65,46.8],[-81.64375,46.8],[-81.64375,46.79583],[-81.65,46.79583]]]}},{"type":"Feature","properties":{"c":"864587","o":"","e":""},"geometry":{"type":"Polygon","coordinates":[[[-81.65625,46.79583],[-81.65625,46.8],[-81.65,46.8],[-81.65,46.79583],[-81.65625,46.79583]]]}},{"type":"Feature","properties":{"c":"864588","o":"","e":""},"geometry":{"type":"Polygon","coordinates":[[[-81.66875,46.8],[-81.66875,46.80417],[-81.6625,46.80417],[-81.6625,46.8],[-81.66875,46.8]]]}},{"type":"Feature","properties":{"c":"864589","o":"","e":""},"geometry":{"type":"Polygon","coordinates":[[[-81.65625,46.8],[-81.65625,46.80417],[-81.65,46.80417],[-81.65,46.8],[-81.65625,46.8]]]}},{"type":"Feature","properties":{"c":"309945","o":"","e":""},"geometry":{"type":"Polygon","coordinates":[[[-81.63125,46.7],[-81.63125,46.70417],[-81.625,46.70417],[-81.625,46.7],[-81.63125,46.7]]]}},{"type":"Feature","properties":{"c":"311445","o":"","e":""},"geometry":{"type":"Polygon","coordinates":[[[-81.59375,46.5875],[-81.59375,46.59167],[-81.5875,46.59167],[-81.5875,46.5875],[-81.59375,46.5875]]]}},{"type":"Feature","properties":{"c":"314263","o":"","e":""},"geometry":{"type":"Polygon","coordinates":[[[-81.625,46.66667],[-81.625,46.67083],[-81.61875,46.67083],[-81.61875,46.66667],[-81.625,46.66667]]]}},{"type":"Feature","properties":{"c":"314264","o":"","e":""},"geometry":{"type":"Polygon","coordinates":[[[-81.6375,46.65],[-81.6375,46.65417],[-81.63125,46.65417],[-81.63125,46.65],[-81.6375,46.65]]]}},{"type":"Feature","properties":{"c":"914728","o":"","e":""},"geometry":{"type":"Polygon","coordinates":[[[-81.6125,46.57083],[-81.6125,46.575],[-81.60625,46.575],[-81.60625,46.57083],[-81.6125,46.57083]]]}},{"type":"Feature","properties":{"c":"914729","o":"","e":""},"geometry":{"type":"Polygon","coordinates":[[[-81.60625,46.57083],[-81.60625,46.575],[-81.6,46.575],[-81.6,46.57083],[-81.60625,46.57083]]]}},{"type":"Feature","properties":{"c":"914730","o":"","e":""},"geometry":{"type":"Polygon","coordinates":[[[-81.61875,46.575],[-81.61875,46.57917],[-81.6125,46.57917],[-81.6125,46.575],[-81.61875,46.575]]]}},{"type":"Feature","properties":{"c":"914731","o":"","e":""},"geometry":{"type":"Polygon","coordinates":[[[-81.6125,46.575],[-81.6125,46.57917],[-81.60625,46.57917],[-81.60625,46.575],[-81.6125,46.575]]]}},{"type":"Feature","properties":{"c":"914732","o":"","e":""},"geometry":{"type":"Polygon","coordinates":[[[-81.60625,46.575],[-81.60625,46.57917],[-81.6,46.57917],[-81.6,46.575],[-81.60625,46.575]]]}},{"type":"Feature","properties":{"c":"315289","o":"","e":""},"geometry":{"type":"Polygon","coordinates":[[[-81.65,46.62917],[-81.65,46.63333],[-81.64375,46.63333],[-81.64375,46.62917],[-81.65,46.62917]]]}},{"type":"Feature","properties":{"c":"914724","o":"","e":""},"geometry":{"type":"Polygon","coordinates":[[[-81.6125,46.5625],[-81.6125,46.56667],[-81.60625,46.56667],[-81.60625,46.5625],[-81.6125,46.5625]]]}},{"type":"Feature","properties":{"c":"914725","o":"","e":""},"geometry":{"type":"Polygon","coordinates":[[[-81.61875,46.56667],[-81.61875,46.57083],[-81.6125,46.57083],[-81.6125,46.56667],[-81.61875,46.56667]]]}},{"type":"Feature","properties":{"c":"914726","o":"","e":""},"geometry":{"type":"Polygon","coordinates":[[[-81.6125,46.56667],[-81.6125,46.57083],[-81.60625,46.57083],[-81.60625,46.56667],[-81.6125,46.56667]]]}},{"type":"Feature","properties":{"c":"914727","o":"","e":""},"geometry":{"type":"Polygon","coordinates":[[[-81.61875,46.57083],[-81.61875,46.575],[-81.6125,46.575],[-81.6125,46.57083],[-81.61875,46.57083]]]}},{"type":"Feature","properties":{"c":"312162","o":"","e":""},"geometry":{"type":"Polygon","coordinates":[[[-81.625,46.6875],[-81.625,46.69167],[-81.61875,46.69167],[-81.61875,46.6875],[-81.625,46.6875]]]}},{"type":"Feature","properties":{"c":"312628","o":"","e":""},"geometry":{"type":"Polygon","coordinates":[[[-81.55625,46.56667],[-81.55625,46.57083],[-81.55,46.57083],[-81.55,46.56667],[-81.55625,46.56667]]]}},{"type":"Feature","properties":{"c":"312629","o":"","e":""},"geometry":{"type":"Polygon","coordinates":[[[-81.5625,46.5625],[-81.5625,46.56667],[-81.55625,46.56667],[-81.55625,46.5625],[-81.5625,46.5625]]]}},{"type":"Feature","properties":{"c":"312227","o":"","e":""},"geometry":{"type":"Polygon","coordinates":[[[-81.6,46.6875],[-81.6,46.69167],[-81.59375,46.69167],[-81.59375,46.6875],[-81.6,46.6875]]]}},{"type":"Feature","properties":{"c":"314995","o":"","e":""},"geometry":{"type":"Polygon","coordinates":[[[-81.5375,46.71667],[-81.5375,46.72083],[-81.53125,46.72083],[-81.53125,46.71667],[-81.5375,46.71667]]]}},{"type":"Feature","properties":{"c":"318160","o":"","e":""},"geometry":{"type":"Polygon","coordinates":[[[-81.55625,46.55],[-81.55625,46.55417],[-81.55,46.55417],[-81.55,46.55],[-81.55625,46.55]]]}},{"type":"Feature","properties":{"c":"318161","o":"","e":""},"geometry":{"type":"Polygon","coordinates":[[[-81.55,46.54167],[-81.55,46.54583],[-81.54375,46.54583],[-81.54375,46.54167],[-81.55,46.54167]]]}},{"type":"Feature","properties":{"c":"318756","o":"","e":""},"geometry":{"type":"Polygon","coordinates":[[[-81.6625,46.59583],[-81.6625,46.6],[-81.65625,46.6],[-81.65625,46.59583],[-81.6625,46.59583]]]}},{"type":"Feature","properties":{"c":"318624","o":"","e":""},"geometry":{"type":"Polygon","coordinates":[[[-81.6,46.7375],[-81.6,46.74167],[-81.59375,46.74167],[-81.59375,46.7375],[-81.6,46.7375]]]}},{"type":"Feature","properties":{"c":"318631","o":"","e":""},"geometry":{"type":"Polygon","coordinates":[[[-81.64375,46.6375],[-81.64375,46.64167],[-81.6375,46.64167],[-81.6375,46.6375],[-81.64375,46.6375]]]}},{"type":"Feature","properties":{"c":"317192","o":"","e":""},"geometry":{"type":"Polygon","coordinates":[[[-81.61875,46.67083],[-81.61875,46.675],[-81.6125,46.675],[-81.6125,46.67083],[-81.61875,46.67083]]]}},{"type":"Feature","properties":{"c":"317497","o":"","e":""},"geometry":{"type":"Polygon","coordinates":[[[-81.60625,46.7125],[-81.60625,46.71667],[-81.6,46.71667],[-81.6,46.7125],[-81.60625,46.7125]]]}},{"type":"Feature","properties":{"c":"317498","o":"","e":""},"geometry":{"type":"Polygon","coordinates":[[[-81.6125,46.70417],[-81.6125,46.70833],[-81.60625,46.70833],[-81.60625,46.70417],[-81.6125,46.70417]]]}},{"type":"Feature","properties":{"c":"318662","o":"","e":""},"geometry":{"type":"Polygon","coordinates":[[[-81.6125,46.75417],[-81.6125,46.75833],[-81.60625,46.75833],[-81.60625,46.75417],[-81.6125,46.75417]]]}},{"type":"Feature","properties":{"c":"314373","o":"","e":""},"geometry":{"type":"Polygon","coordinates":[[[-81.6,46.67917],[-81.6,46.68333],[-81.59375,46.68333],[-81.59375,46.67917],[-81.6,46.67917]]]}},{"type":"Feature","properties":{"c":"314374","o":"","e":""},"geometry":{"type":"Polygon","coordinates":[[[-81.6,46.67083],[-81.6,46.675],[-81.59375,46.675],[-81.59375,46.67083],[-81.6,46.67083]]]}},{"type":"Feature","properties":{"c":"314375","o":"","e":""},"geometry":{"type":"Polygon","coordinates":[[[-81.60625,46.67083],[-81.60625,46.675],[-81.6,46.675],[-81.6,46.67083],[-81.60625,46.67083]]]}},{"type":"Feature","properties":{"c":"314376","o":"","e":""},"geometry":{"type":"Polygon","coordinates":[[[-81.6125,46.67083],[-81.6125,46.675],[-81.60625,46.675],[-81.60625,46.67083],[-81.6125,46.67083]]]}},{"type":"Feature","properties":{"c":"319878","o":"","e":""},"geometry":{"type":"Polygon","coordinates":[[[-81.63125,46.60417],[-81.63125,46.60833],[-81.625,46.60833],[-81.625,46.60417],[-81.63125,46.60417]]]}},{"type":"Feature","properties":{"c":"320029","o":"","e":""},"geometry":{"type":"Polygon","coordinates":[[[-81.6,46.76667],[-81.6,46.77083],[-81.59375,46.77083],[-81.59375,46.76667],[-81.6,46.76667]]]}},{"type":"Feature","properties":{"c":"316753","o":"","e":""},"geometry":{"type":"Polygon","coordinates":[[[-81.65,46.62083],[-81.65,46.625],[-81.64375,46.625],[-81.64375,46.62083],[-81.65,46.62083]]]}},{"type":"Feature","properties":{"c":"319932","o":"","e":""},"geometry":{"type":"Polygon","coordinates":[[[-81.6,46.75417],[-81.6,46.75833],[-81.59375,46.75833],[-81.59375,46.75417],[-81.6,46.75417]]]}},{"type":"Feature","properties":{"c":"319371","o":"","e":""},"geometry":{"type":"Polygon","coordinates":[[[-81.6375,46.6375],[-81.6375,46.64167],[-81.63125,46.64167],[-81.63125,46.6375],[-81.6375,46.6375]]]}},{"type":"Feature","properties":{"c":"319250","o":"","e":""},"geometry":{"type":"Polygon","coordinates":[[[-81.6375,46.69167],[-81.6375,46.69583],[-81.63125,46.69583],[-81.63125,46.69167],[-81.6375,46.69167]]]}},{"type":"Feature","properties":{"c":"319376","o":"","e":""},"geometry":{"type":"Polygon","coordinates":[[[-81.625,46.60417],[-81.625,46.60833],[-81.61875,46.60833],[-81.61875,46.60417],[-81.625,46.60417]]]}},{"type":"Feature","properties":{"c":"320078","o":"","e":""},"geometry":{"type":"Polygon","coordinates":[[[-81.6125,46.68333],[-81.6125,46.6875],[-81.60625,46.6875],[-81.60625,46.68333],[-81.6125,46.68333]]]}},{"type":"Feature","properties":{"c":"320196","o":"","e":""},"geometry":{"type":"Polygon","coordinates":[[[-81.63125,46.70417],[-81.63125,46.70833],[-81.625,46.70833],[-81.625,46.70417],[-81.63125,46.70417]]]}},{"type":"Feature","properties":{"c":"320777","o":"","e":""},"geometry":{"type":"Polygon","coordinates":[[[-81.65,46.6375],[-81.65,46.64167],[-81.64375,46.64167],[-81.64375,46.6375],[-81.65,46.6375]]]}},{"type":"Feature","properties":{"c":"321493","o":"","e":""},"geometry":{"type":"Polygon","coordinates":[[[-81.64375,46.69167],[-81.64375,46.69583],[-81.6375,46.69583],[-81.6375,46.69167],[-81.64375,46.69167]]]}},{"type":"Feature","properties":{"c":"320804","o":"","e":""},"geometry":{"type":"Polygon","coordinates":[[[-81.64375,46.65417],[-81.64375,46.65833],[-81.6375,46.65833],[-81.6375,46.65417],[-81.64375,46.65417]]]}},{"type":"Feature","properties":{"c":"323261","o":"","e":""},"geometry":{"type":"Polygon","coordinates":[[[-81.70625,46.62083],[-81.70625,46.625],[-81.7,46.625],[-81.7,46.62083],[-81.70625,46.62083]]]}},{"type":"Feature","properties":{"c":"323262","o":"","e":""},"geometry":{"type":"Polygon","coordinates":[[[-81.7,46.61667],[-81.7,46.62083],[-81.69375,46.62083],[-81.69375,46.61667],[-81.7,46.61667]]]}},{"type":"Feature","properties":{"c":"321528","o":"","e":""},"geometry":{"type":"Polygon","coordinates":[[[-81.61875,46.6375],[-81.61875,46.64167],[-81.6125,46.64167],[-81.6125,46.6375],[-81.61875,46.6375]]]}},{"type":"Feature","properties":{"c":"321730","o":"","e":""},"geometry":{"type":"Polygon","coordinates":[[[-81.6125,46.625],[-81.6125,46.62917],[-81.60625,46.62917],[-81.60625,46.625],[-81.6125,46.625]]]}},{"type":"Feature","properties":{"c":"320885","o":"","e":""},"geometry":{"type":"Polygon","coordinates":[[[-81.59375,46.7875],[-81.59375,46.79167],[-81.5875,46.79167],[-81.5875,46.7875],[-81.59375,46.7875]]]}},{"type":"Feature","properties":{"c":"325862","o":"","e":""},"geometry":{"type":"Polygon","coordinates":[[[-81.625,46.65],[-81.625,46.65417],[-81.61875,46.65417],[-81.61875,46.65],[-81.625,46.65]]]}},{"type":"Feature","properties":{"c":"324160","o":"","e":""},"geometry":{"type":"Polygon","coordinates":[[[-81.5875,46.575],[-81.5875,46.57917],[-81.58125,46.57917],[-81.58125,46.575],[-81.5875,46.575]]]}},{"type":"Feature","properties":{"c":"325344","o":"","e":""},"geometry":{"type":"Polygon","coordinates":[[[-81.5375,46.5625],[-81.5375,46.56667],[-81.53125,46.56667],[-81.53125,46.5625],[-81.5375,46.5625]]]}},{"type":"Feature","properties":{"c":"326554","o":"","e":""},"geometry":{"type":"Polygon","coordinates":[[[-81.625,46.675],[-81.625,46.67917],[-81.61875,46.67917],[-81.61875,46.675],[-81.625,46.675]]]}},{"type":"Feature","properties":{"c":"328019","o":"","e":""},"geometry":{"type":"Polygon","coordinates":[[[-81.575,46.55833],[-81.575,46.5625],[-81.56875,46.5625],[-81.56875,46.55833],[-81.575,46.55833]]]}},{"type":"Feature","properties":{"c":"914208","o":"","e":""},"geometry":{"type":"Polygon","coordinates":[[[-81.6,46.55],[-81.6,46.55417],[-81.59375,46.55417],[-81.59375,46.55],[-81.6,46.55]]]}},{"type":"Feature","properties":{"c":"914200","o":"","e":""},"geometry":{"type":"Polygon","coordinates":[[[-81.5875,46.55833],[-81.5875,46.5625],[-81.58125,46.5625],[-81.58125,46.55833],[-81.5875,46.55833]]]}},{"type":"Feature","properties":{"c":"914201","o":"","e":""},"geometry":{"type":"Polygon","coordinates":[[[-81.58125,46.55833],[-81.58125,46.5625],[-81.575,46.5625],[-81.575,46.55833],[-81.58125,46.55833]]]}},{"type":"Feature","properties":{"c":"914202","o":"","e":""},"geometry":{"type":"Polygon","coordinates":[[[-81.60625,46.55417],[-81.60625,46.55833],[-81.6,46.55833],[-81.6,46.55417],[-81.60625,46.55417]]]}},{"type":"Feature","properties":{"c":"914203","o":"","e":""},"geometry":{"type":"Polygon","coordinates":[[[-81.6,46.55417],[-81.6,46.55833],[-81.59375,46.55833],[-81.59375,46.55417],[-81.6,46.55417]]]}},{"type":"Feature","properties":{"c":"914204","o":"","e":""},"geometry":{"type":"Polygon","coordinates":[[[-81.59375,46.55417],[-81.59375,46.55833],[-81.5875,46.55833],[-81.5875,46.55417],[-81.59375,46.55417]]]}},{"type":"Feature","properties":{"c":"914205","o":"","e":""},"geometry":{"type":"Polygon","coordinates":[[[-81.5875,46.55417],[-81.5875,46.55833],[-81.58125,46.55833],[-81.58125,46.55417],[-81.5875,46.55417]]]}},{"type":"Feature","properties":{"c":"914206","o":"","e":""},"geometry":{"type":"Polygon","coordinates":[[[-81.58125,46.55417],[-81.58125,46.55833],[-81.575,46.55833],[-81.575,46.55417],[-81.58125,46.55417]]]}},{"type":"Feature","properties":{"c":"914207","o":"","e":""},"geometry":{"type":"Polygon","coordinates":[[[-81.60625,46.55],[-81.60625,46.55417],[-81.6,46.55417],[-81.6,46.55],[-81.60625,46.55]]]}},{"type":"Feature","properties":{"c":"914192","o":"","e":""},"geometry":{"type":"Polygon","coordinates":[[[-81.60625,46.56667],[-81.60625,46.57083],[-81.6,46.57083],[-81.6,46.56667],[-81.60625,46.56667]]]}},{"type":"Feature","properties":{"c":"914193","o":"","e":""},"geometry":{"type":"Polygon","coordinates":[[[-81.60625,46.5625],[-81.60625,46.56667],[-81.6,46.56667],[-81.6,46.5625],[-81.60625,46.5625]]]}},{"type":"Feature","properties":{"c":"914194","o":"","e":""},"geometry":{"type":"Polygon","coordinates":[[[-81.6,46.5625],[-81.6,46.56667],[-81.59375,46.56667],[-81.59375,46.5625],[-81.6,46.5625]]]}},{"type":"Feature","properties":{"c":"914195","o":"","e":""},"geometry":{"type":"Polygon","coordinates":[[[-81.59375,46.5625],[-81.59375,46.56667],[-81.5875,46.56667],[-81.5875,46.5625],[-81.59375,46.5625]]]}},{"type":"Feature","properties":{"c":"914198","o":"","e":""},"geometry":{"type":"Polygon","coordinates":[[[-81.6,46.55833],[-81.6,46.5625],[-81.59375,46.5625],[-81.59375,46.55833],[-81.6,46.55833]]]}},{"type":"Feature","properties":{"c":"914196","o":"","e":""},"geometry":{"type":"Polygon","coordinates":[[[-81.5875,46.5625],[-81.5875,46.56667],[-81.58125,46.56667],[-81.58125,46.5625],[-81.5875,46.5625]]]}},{"type":"Feature","properties":{"c":"914197","o":"","e":""},"geometry":{"type":"Polygon","coordinates":[[[-81.60625,46.55833],[-81.60625,46.5625],[-81.6,46.5625],[-81.6,46.55833],[-81.60625,46.55833]]]}},{"type":"Feature","properties":{"c":"914199","o":"","e":""},"geometry":{"type":"Polygon","coordinates":[[[-81.59375,46.55833],[-81.59375,46.5625],[-81.5875,46.5625],[-81.5875,46.55833],[-81.59375,46.55833]]]}},{"type":"Feature","properties":{"c":"914209","o":"","e":""},"geometry":{"type":"Polygon","coordinates":[[[-81.59375,46.55],[-81.59375,46.55417],[-81.5875,46.55417],[-81.5875,46.55],[-81.59375,46.55]]]}},{"type":"Feature","properties":{"c":"914210","o":"","e":""},"geometry":{"type":"Polygon","coordinates":[[[-81.5875,46.55],[-81.5875,46.55417],[-81.58125,46.55417],[-81.58125,46.55],[-81.5875,46.55]]]}},{"type":"Feature","properties":{"c":"914211","o":"","e":""},"geometry":{"type":"Polygon","coordinates":[[[-81.58125,46.55],[-81.58125,46.55417],[-81.575,46.55417],[-81.575,46.55],[-81.58125,46.55]]]}},{"type":"Feature","properties":{"c":"914216","o":"","e":""},"geometry":{"type":"Polygon","coordinates":[[[-81.5875,46.54583],[-81.5875,46.55],[-81.58125,46.55],[-81.58125,46.54583],[-81.5875,46.54583]]]}},{"type":"Feature","properties":{"c":"914212","o":"","e":""},"geometry":{"type":"Polygon","coordinates":[[[-81.575,46.55],[-81.575,46.55417],[-81.56875,46.55417],[-81.56875,46.55],[-81.575,46.55]]]}},{"type":"Feature","properties":{"c":"914213","o":"","e":""},"geometry":{"type":"Polygon","coordinates":[[[-81.60625,46.54583],[-81.60625,46.55],[-81.6,46.55],[-81.6,46.54583],[-81.60625,46.54583]]]}},{"type":"Feature","properties":{"c":"914214","o":"","e":""},"geometry":{"type":"Polygon","coordinates":[[[-81.6,46.54583],[-81.6,46.55],[-81.59375,46.55],[-81.59375,46.54583],[-81.6,46.54583]]]}},{"type":"Feature","properties":{"c":"914215","o":"","e":""},"geometry":{"type":"Polygon","coordinates":[[[-81.59375,46.54583],[-81.59375,46.55],[-81.5875,46.55],[-81.5875,46.54583],[-81.59375,46.54583]]]}},{"type":"Feature","properties":{"c":"335706","o":"","e":""},"geometry":{"type":"Polygon","coordinates":[[[-81.64375,46.66667],[-81.64375,46.67083],[-81.6375,46.67083],[-81.6375,46.66667],[-81.64375,46.66667]]]}},{"type":"Feature","properties":{"c":"914225","o":"","e":""},"geometry":{"type":"Polygon","coordinates":[[[-81.58125,46.54167],[-81.58125,46.54583],[-81.575,46.54583],[-81.575,46.54167],[-81.58125,46.54167]]]}},{"type":"Feature","properties":{"c":"914226","o":"","e":""},"geometry":{"type":"Polygon","coordinates":[[[-81.575,46.54167],[-81.575,46.54583],[-81.56875,46.54583],[-81.56875,46.54167],[-81.575,46.54167]]]}},{"type":"Feature","properties":{"c":"914227","o":"","e":""},"geometry":{"type":"Polygon","coordinates":[[[-81.6125,46.5375],[-81.6125,46.54167],[-81.60625,46.54167],[-81.60625,46.5375],[-81.6125,46.5375]]]}},{"type":"Feature","properties":{"c":"914228","o":"","e":""},"geometry":{"type":"Polygon","coordinates":[[[-81.60625,46.5375],[-81.60625,46.54167],[-81.6,46.54167],[-81.6,46.5375],[-81.60625,46.5375]]]}},{"type":"Feature","properties":{"c":"914229","o":"","e":""},"geometry":{"type":"Polygon","coordinates":[[[-81.6,46.5375],[-81.6,46.54167],[-81.59375,46.54167],[-81.59375,46.5375],[-81.6,46.5375]]]}},{"type":"Feature","properties":{"c":"914230","o":"","e":""},"geometry":{"type":"Polygon","coordinates":[[[-81.59375,46.5375],[-81.59375,46.54167],[-81.5875,46.54167],[-81.5875,46.5375],[-81.59375,46.5375]]]}},{"type":"Feature","properties":{"c":"914231","o":"","e":""},"geometry":{"type":"Polygon","coordinates":[[[-81.5875,46.5375],[-81.5875,46.54167],[-81.58125,46.54167],[-81.58125,46.5375],[-81.5875,46.5375]]]}},{"type":"Feature","properties":{"c":"914232","o":"","e":""},"geometry":{"type":"Polygon","coordinates":[[[-81.58125,46.5375],[-81.58125,46.54167],[-81.575,46.54167],[-81.575,46.5375],[-81.58125,46.5375]]]}},{"type":"Feature","properties":{"c":"329984","o":"","e":""},"geometry":{"type":"Polygon","coordinates":[[[-81.64375,46.69167],[-81.64375,46.69583],[-81.6375,46.69583],[-81.6375,46.69167],[-81.64375,46.69167]]]}},{"type":"Feature","properties":{"c":"914233","o":"","e":""},"geometry":{"type":"Polygon","coordinates":[[[-81.59375,46.53333],[-81.59375,46.5375],[-81.5875,46.5375],[-81.5875,46.53333],[-81.59375,46.53333]]]}},{"type":"Feature","properties":{"c":"914234","o":"","e":""},"geometry":{"type":"Polygon","coordinates":[[[-81.5875,46.53333],[-81.5875,46.5375],[-81.58125,46.5375],[-81.58125,46.53333],[-81.5875,46.53333]]]}},{"type":"Feature","properties":{"c":"332492","o":"","e":""},"geometry":{"type":"Polygon","coordinates":[[[-81.625,46.67083],[-81.625,46.675],[-81.61875,46.675],[-81.61875,46.67083],[-81.625,46.67083]]]}},{"type":"Feature","properties":{"c":"332493","o":"","e":""},"geometry":{"type":"Polygon","coordinates":[[[-81.61875,46.66667],[-81.61875,46.67083],[-81.6125,46.67083],[-81.6125,46.66667],[-81.61875,46.66667]]]}},{"type":"Feature","properties":{"c":"914217","o":"","e":""},"geometry":{"type":"Polygon","coordinates":[[[-81.58125,46.54583],[-81.58125,46.55],[-81.575,46.55],[-81.575,46.54583],[-81.58125,46.54583]]]}},{"type":"Feature","properties":{"c":"914224","o":"","e":""},"geometry":{"type":"Polygon","coordinates":[[[-81.5875,46.54167],[-81.5875,46.54583],[-81.58125,46.54583],[-81.58125,46.54167],[-81.5875,46.54167]]]}},{"type":"Feature","properties":{"c":"914218","o":"","e":""},"geometry":{"type":"Polygon","coordinates":[[[-81.575,46.54583],[-81.575,46.55],[-81.56875,46.55],[-81.56875,46.54583],[-81.575,46.54583]]]}},{"type":"Feature","properties":{"c":"914219","o":"","e":""},"geometry":{"type":"Polygon","coordinates":[[[-81.56875,46.54583],[-81.56875,46.55],[-81.5625,46.55],[-81.5625,46.54583],[-81.56875,46.54583]]]}},{"type":"Feature","properties":{"c":"914220","o":"","e":""},"geometry":{"type":"Polygon","coordinates":[[[-81.6125,46.54167],[-81.6125,46.54583],[-81.60625,46.54583],[-81.60625,46.54167],[-81.6125,46.54167]]]}},{"type":"Feature","properties":{"c":"914221","o":"","e":""},"geometry":{"type":"Polygon","coordinates":[[[-81.60625,46.54167],[-81.60625,46.54583],[-81.6,46.54583],[-81.6,46.54167],[-81.60625,46.54167]]]}},{"type":"Feature","properties":{"c":"914222","o":"","e":""},"geometry":{"type":"Polygon","coordinates":[[[-81.6,46.54167],[-81.6,46.54583],[-81.59375,46.54583],[-81.59375,46.54167],[-81.6,46.54167]]]}},{"type":"Feature","properties":{"c":"914223","o":"","e":""},"geometry":{"type":"Polygon","coordinates":[[[-81.59375,46.54167],[-81.59375,46.54583],[-81.5875,46.54583],[-81.5875,46.54167],[-81.59375,46.54167]]]}},{"type":"Feature","properties":{"c":"329971","o":"","e":""},"geometry":{"type":"Polygon","coordinates":[[[-81.63125,46.69583],[-81.63125,46.7],[-81.625,46.7],[-81.625,46.69583],[-81.63125,46.69583]]]}},{"type":"Feature","properties":{"c":"344617","o":"","e":""},"geometry":{"type":"Polygon","coordinates":[[[-81.6125,46.6125],[-81.6125,46.61667],[-81.60625,46.61667],[-81.60625,46.6125],[-81.6125,46.6125]]]}},{"type":"Feature","properties":{"c":"914266","o":"","e":""},"geometry":{"type":"Polygon","coordinates":[[[-81.60625,46.52083],[-81.60625,46.525],[-81.6,46.525],[-81.6,46.52083],[-81.60625,46.52083]]]}},{"type":"Feature","properties":{"c":"914267","o":"","e":""},"geometry":{"type":"Polygon","coordinates":[[[-81.65,46.525],[-81.65,46.52917],[-81.64375,46.52917],[-81.64375,46.525],[-81.65,46.525]]]}},{"type":"Feature","properties":{"c":"914268","o":"","e":""},"geometry":{"type":"Polygon","coordinates":[[[-81.64375,46.525],[-81.64375,46.52917],[-81.6375,46.52917],[-81.6375,46.525],[-81.64375,46.525]]]}},{"type":"Feature","properties":{"c":"914269","o":"","e":""},"geometry":{"type":"Polygon","coordinates":[[[-81.6375,46.525],[-81.6375,46.52917],[-81.63125,46.52917],[-81.63125,46.525],[-81.6375,46.525]]]}},{"type":"Feature","properties":{"c":"914270","o":"","e":""},"geometry":{"type":"Polygon","coordinates":[[[-81.63125,46.525],[-81.63125,46.52917],[-81.625,46.52917],[-81.625,46.525],[-81.63125,46.525]]]}},{"type":"Feature","properties":{"c":"914271","o":"","e":""},"geometry":{"type":"Polygon","coordinates":[[[-81.625,46.525],[-81.625,46.52917],[-81.61875,46.52917],[-81.61875,46.525],[-81.625,46.525]]]}},{"type":"Feature","properties":{"c":"914272","o":"","e":""},"geometry":{"type":"Polygon","coordinates":[[[-81.61875,46.525],[-81.61875,46.52917],[-81.6125,46.52917],[-81.6125,46.525],[-81.61875,46.525]]]}},{"type":"Feature","properties":{"c":"914273","o":"","e":""},"geometry":{"type":"Polygon","coordinates":[[[-81.6125,46.525],[-81.6125,46.52917],[-81.60625,46.52917],[-81.60625,46.525],[-81.6125,46.525]]]}},{"type":"Feature","properties":{"c":"914274","o":"","e":""},"geometry":{"type":"Polygon","coordinates":[[[-81.60625,46.525],[-81.60625,46.52917],[-81.6,46.52917],[-81.6,46.525],[-81.60625,46.525]]]}},{"type":"Feature","properties":{"c":"914249","o":"","e":""},"geometry":{"type":"Polygon","coordinates":[[[-81.6125,46.5125],[-81.6125,46.51667],[-81.60625,46.51667],[-81.60625,46.5125],[-81.6125,46.5125]]]}},{"type":"Feature","properties":{"c":"914250","o":"","e":""},"geometry":{"type":"Polygon","coordinates":[[[-81.60625,46.5125],[-81.60625,46.51667],[-81.6,46.51667],[-81.6,46.5125],[-81.60625,46.5125]]]}},{"type":"Feature","properties":{"c":"914251","o":"","e":""},"geometry":{"type":"Polygon","coordinates":[[[-81.65,46.51667],[-81.65,46.52083],[-81.64375,46.52083],[-81.64375,46.51667],[-81.65,46.51667]]]}},{"type":"Feature","properties":{"c":"914252","o":"","e":""},"geometry":{"type":"Polygon","coordinates":[[[-81.64375,46.51667],[-81.64375,46.52083],[-81.6375,46.52083],[-81.6375,46.51667],[-81.64375,46.51667]]]}},{"type":"Feature","properties":{"c":"914253","o":"","e":""},"geometry":{"type":"Polygon","coordinates":[[[-81.6375,46.51667],[-81.6375,46.52083],[-81.63125,46.52083],[-81.63125,46.51667],[-81.6375,46.51667]]]}},{"type":"Feature","properties":{"c":"914254","o":"","e":""},"geometry":{"type":"Polygon","coordinates":[[[-81.63125,46.51667],[-81.63125,46.52083],[-81.625,46.52083],[-81.625,46.51667],[-81.63125,46.51667]]]}},{"type":"Feature","properties":{"c":"914255","o":"","e":""},"geometry":{"type":"Polygon","coordinates":[[[-81.625,46.51667],[-81.625,46.52083],[-81.61875,46.52083],[-81.61875,46.51667],[-81.625,46.51667]]]}},{"type":"Feature","properties":{"c":"914256","o":"","e":""},"geometry":{"type":"Polygon","coordinates":[[[-81.61875,46.51667],[-81.61875,46.52083],[-81.6125,46.52083],[-81.6125,46.51667],[-81.61875,46.51667]]]}},{"type":"Feature","properties":{"c":"914257","o":"","e":""},"geometry":{"type":"Polygon","coordinates":[[[-81.6125,46.51667],[-81.6125,46.52083],[-81.60625,46.52083],[-81.60625,46.51667],[-81.6125,46.51667]]]}},{"type":"Feature","properties":{"c":"914258","o":"","e":""},"geometry":{"type":"Polygon","coordinates":[[[-81.60625,46.51667],[-81.60625,46.52083],[-81.6,46.52083],[-81.6,46.51667],[-81.60625,46.51667]]]}},{"type":"Feature","properties":{"c":"914259","o":"","e":""},"geometry":{"type":"Polygon","coordinates":[[[-81.65,46.52083],[-81.65,46.525],[-81.64375,46.525],[-81.64375,46.52083],[-81.65,46.52083]]]}},{"type":"Feature","properties":{"c":"914260","o":"","e":""},"geometry":{"type":"Polygon","coordinates":[[[-81.64375,46.52083],[-81.64375,46.525],[-81.6375,46.525],[-81.6375,46.52083],[-81.64375,46.52083]]]}},{"type":"Feature","properties":{"c":"914261","o":"","e":""},"geometry":{"type":"Polygon","coordinates":[[[-81.6375,46.52083],[-81.6375,46.525],[-81.63125,46.525],[-81.63125,46.52083],[-81.6375,46.52083]]]}},{"type":"Feature","properties":{"c":"914262","o":"","e":""},"geometry":{"type":"Polygon","coordinates":[[[-81.63125,46.52083],[-81.63125,46.525],[-81.625,46.525],[-81.625,46.52083],[-81.63125,46.52083]]]}},{"type":"Feature","properties":{"c":"914263","o":"","e":""},"geometry":{"type":"Polygon","coordinates":[[[-81.625,46.52083],[-81.625,46.525],[-81.61875,46.525],[-81.61875,46.52083],[-81.625,46.52083]]]}},{"type":"Feature","properties":{"c":"914264","o":"","e":""},"geometry":{"type":"Polygon","coordinates":[[[-81.61875,46.52083],[-81.61875,46.525],[-81.6125,46.525],[-81.6125,46.52083],[-81.61875,46.52083]]]}},{"type":"Feature","properties":{"c":"914265","o":"","e":""},"geometry":{"type":"Polygon","coordinates":[[[-81.6125,46.52083],[-81.6125,46.525],[-81.60625,46.525],[-81.60625,46.52083],[-81.6125,46.52083]]]}},{"type":"Feature","properties":{"c":"914275","o":"","e":""},"geometry":{"type":"Polygon","coordinates":[[[-81.65,46.52917],[-81.65,46.53333],[-81.64375,46.53333],[-81.64375,46.52917],[-81.65,46.52917]]]}},{"type":"Feature","properties":{"c":"914276","o":"","e":""},"geometry":{"type":"Polygon","coordinates":[[[-81.64375,46.52917],[-81.64375,46.53333],[-81.6375,46.53333],[-81.6375,46.52917],[-81.64375,46.52917]]]}},{"type":"Feature","properties":{"c":"914277","o":"","e":""},"geometry":{"type":"Polygon","coordinates":[[[-81.6375,46.52917],[-81.6375,46.53333],[-81.63125,46.53333],[-81.63125,46.52917],[-81.6375,46.52917]]]}},{"type":"Feature","properties":{"c":"914278","o":"","e":""},"geometry":{"type":"Polygon","coordinates":[[[-81.63125,46.52917],[-81.63125,46.53333],[-81.625,46.53333],[-81.625,46.52917],[-81.63125,46.52917]]]}},{"type":"Feature","properties":{"c":"914279","o":"","e":""},"geometry":{"type":"Polygon","coordinates":[[[-81.625,46.52917],[-81.625,46.53333],[-81.61875,46.53333],[-81.61875,46.52917],[-81.625,46.52917]]]}},{"type":"Feature","properties":{"c":"914280","o":"","e":""},"geometry":{"type":"Polygon","coordinates":[[[-81.61875,46.52917],[-81.61875,46.53333],[-81.6125,46.53333],[-81.6125,46.52917],[-81.61875,46.52917]]]}},{"type":"Feature","properties":{"c":"914281","o":"","e":""},"geometry":{"type":"Polygon","coordinates":[[[-81.65,46.53333],[-81.65,46.5375],[-81.64375,46.5375],[-81.64375,46.53333],[-81.65,46.53333]]]}},{"type":"Feature","properties":{"c":"914282","o":"","e":""},"geometry":{"type":"Polygon","coordinates":[[[-81.64375,46.53333],[-81.64375,46.5375],[-81.6375,46.5375],[-81.6375,46.53333],[-81.64375,46.53333]]]}},{"type":"Feature","properties":{"c":"914283","o":"","e":""},"geometry":{"type":"Polygon","coordinates":[[[-81.6375,46.53333],[-81.6375,46.5375],[-81.63125,46.5375],[-81.63125,46.53333],[-81.6375,46.53333]]]}},{"type":"Feature","properties":{"c":"914284","o":"","e":""},"geometry":{"type":"Polygon","coordinates":[[[-81.63125,46.53333],[-81.63125,46.5375],[-81.625,46.5375],[-81.625,46.53333],[-81.63125,46.53333]]]}},{"type":"Feature","properties":{"c":"914285","o":"","e":""},"geometry":{"type":"Polygon","coordinates":[[[-81.625,46.53333],[-81.625,46.5375],[-81.61875,46.5375],[-81.61875,46.53333],[-81.625,46.53333]]]}},{"type":"Feature","properties":{"c":"914286","o":"","e":""},"geometry":{"type":"Polygon","coordinates":[[[-81.61875,46.53333],[-81.61875,46.5375],[-81.6125,46.5375],[-81.6125,46.53333],[-81.61875,46.53333]]]}},{"type":"Feature","properties":{"c":"914296","o":"","e":""},"geometry":{"type":"Polygon","coordinates":[[[-81.525,46.61667],[-81.525,46.62083],[-81.51875,46.62083],[-81.51875,46.61667],[-81.525,46.61667]]]}},{"type":"Feature","properties":{"c":"914297","o":"","e":""},"geometry":{"type":"Polygon","coordinates":[[[-81.51875,46.61667],[-81.51875,46.62083],[-81.5125,46.62083],[-81.5125,46.61667],[-81.51875,46.61667]]]}},{"type":"Feature","properties":{"c":"914298","o":"","e":""},"geometry":{"type":"Polygon","coordinates":[[[-81.5125,46.61667],[-81.5125,46.62083],[-81.50625,46.62083],[-81.50625,46.61667],[-81.5125,46.61667]]]}},{"type":"Feature","properties":{"c":"914299","o":"","e":""},"geometry":{"type":"Polygon","coordinates":[[[-81.50625,46.61667],[-81.50625,46.62083],[-81.5,46.62083],[-81.5,46.61667],[-81.50625,46.61667]]]}},{"type":"Feature","properties":{"c":"914300","o":"","e":""},"geometry":{"type":"Polygon","coordinates":[[[-81.525,46.62083],[-81.525,46.625],[-81.51875,46.625],[-81.51875,46.62083],[-81.525,46.62083]]]}},{"type":"Feature","properties":{"c":"914301","o":"","e":""},"geometry":{"type":"Polygon","coordinates":[[[-81.51875,46.62083],[-81.51875,46.625],[-81.5125,46.625],[-81.5125,46.62083],[-81.51875,46.62083]]]}},{"type":"Feature","properties":{"c":"914302","o":"","e":""},"geometry":{"type":"Polygon","coordinates":[[[-81.5125,46.62083],[-81.5125,46.625],[-81.50625,46.625],[-81.50625,46.62083],[-81.5125,46.62083]]]}},{"type":"Feature","properties":{"c":"914244","o":"","e":""},"geometry":{"type":"Polygon","coordinates":[[[-81.64375,46.5125],[-81.64375,46.51667],[-81.6375,46.51667],[-81.6375,46.5125],[-81.64375,46.5125]]]}},{"type":"Feature","properties":{"c":"914245","o":"","e":""},"geometry":{"type":"Polygon","coordinates":[[[-81.6375,46.5125],[-81.6375,46.51667],[-81.63125,46.51667],[-81.63125,46.5125],[-81.6375,46.5125]]]}},{"type":"Feature","properties":{"c":"914246","o":"","e":""},"geometry":{"type":"Polygon","coordinates":[[[-81.63125,46.5125],[-81.63125,46.51667],[-81.625,46.51667],[-81.625,46.5125],[-81.63125,46.5125]]]}},{"type":"Feature","properties":{"c":"914247","o":"","e":""},"geometry":{"type":"Polygon","coordinates":[[[-81.625,46.5125],[-81.625,46.51667],[-81.61875,46.51667],[-81.61875,46.5125],[-81.625,46.5125]]]}},{"type":"Feature","properties":{"c":"914248","o":"","e":""},"geometry":{"type":"Polygon","coordinates":[[[-81.61875,46.5125],[-81.61875,46.51667],[-81.6125,46.51667],[-81.6125,46.5125],[-81.61875,46.5125]]]}},{"type":"Feature","properties":{"c":"342870","o":"","e":""},"geometry":{"type":"Polygon","coordinates":[[[-81.525,46.79167],[-81.525,46.79583],[-81.51875,46.79583],[-81.51875,46.79167],[-81.525,46.79167]]]}},{"type":"Feature","properties":{"c":"914358","o":"","e":""},"geometry":{"type":"Polygon","coordinates":[[[-81.525,46.64167],[-81.525,46.64583],[-81.51875,46.64583],[-81.51875,46.64167],[-81.525,46.64167]]]}},{"type":"Feature","properties":{"c":"914357","o":"","e":""},"geometry":{"type":"Polygon","coordinates":[[[-81.53125,46.64167],[-81.53125,46.64583],[-81.525,46.64583],[-81.525,46.64167],[-81.53125,46.64167]]]}},{"type":"Feature","properties":{"c":"914359","o":"","e":""},"geometry":{"type":"Polygon","coordinates":[[[-81.51875,46.64167],[-81.51875,46.64583],[-81.5125,46.64583],[-81.5125,46.64167],[-81.51875,46.64167]]]}},{"type":"Feature","properties":{"c":"914360","o":"","e":""},"geometry":{"type":"Polygon","coordinates":[[[-81.5125,46.64167],[-81.5125,46.64583],[-81.50625,46.64583],[-81.50625,46.64167],[-81.5125,46.64167]]]}},{"type":"Feature","properties":{"c":"914361","o":"","e":""},"geometry":{"type":"Polygon","coordinates":[[[-81.50625,46.64167],[-81.50625,46.64583],[-81.5,46.64583],[-81.5,46.64167],[-81.50625,46.64167]]]}},{"type":"Feature","properties":{"c":"914362","o":"","e":""},"geometry":{"type":"Polygon","coordinates":[[[-81.5375,46.6375],[-81.5375,46.64167],[-81.53125,46.64167],[-81.53125,46.6375],[-81.5375,46.6375]]]}},{"type":"Feature","properties":{"c":"914363","o":"","e":""},"geometry":{"type":"Polygon","coordinates":[[[-81.53125,46.6375],[-81.53125,46.64167],[-81.525,46.64167],[-81.525,46.6375],[-81.53125,46.6375]]]}},{"type":"Feature","properties":{"c":"914364","o":"","e":""},"geometry":{"type":"Polygon","coordinates":[[[-81.525,46.6375],[-81.525,46.64167],[-81.51875,46.64167],[-81.51875,46.6375],[-81.525,46.6375]]]}},{"type":"Feature","properties":{"c":"914365","o":"","e":""},"geometry":{"type":"Polygon","coordinates":[[[-81.51875,46.6375],[-81.51875,46.64167],[-81.5125,46.64167],[-81.5125,46.6375],[-81.51875,46.6375]]]}},{"type":"Feature","properties":{"c":"914366","o":"","e":""},"geometry":{"type":"Polygon","coordinates":[[[-81.5125,46.6375],[-81.5125,46.64167],[-81.50625,46.64167],[-81.50625,46.6375],[-81.5125,46.6375]]]}},{"type":"Feature","properties":{"c":"914367","o":"","e":""},"geometry":{"type":"Polygon","coordinates":[[[-81.50625,46.6375],[-81.50625,46.64167],[-81.5,46.64167],[-81.5,46.6375],[-81.50625,46.6375]]]}},{"type":"Feature","properties":{"c":"914368","o":"","e":""},"geometry":{"type":"Polygon","coordinates":[[[-81.5375,46.63333],[-81.5375,46.6375],[-81.53125,46.6375],[-81.53125,46.63333],[-81.5375,46.63333]]]}},{"type":"Feature","properties":{"c":"914369","o":"","e":""},"geometry":{"type":"Polygon","coordinates":[[[-81.53125,46.63333],[-81.53125,46.6375],[-81.525,46.6375],[-81.525,46.63333],[-81.53125,46.63333]]]}},{"type":"Feature","properties":{"c":"914370","o":"","e":""},"geometry":{"type":"Polygon","coordinates":[[[-81.525,46.63333],[-81.525,46.6375],[-81.51875,46.6375],[-81.51875,46.63333],[-81.525,46.63333]]]}},{"type":"Feature","properties":{"c":"914371","o":"","e":""},"geometry":{"type":"Polygon","coordinates":[[[-81.51875,46.63333],[-81.51875,46.6375],[-81.5125,46.6375],[-81.5125,46.63333],[-81.51875,46.63333]]]}},{"type":"Feature","properties":{"c":"914372","o":"","e":""},"geometry":{"type":"Polygon","coordinates":[[[-81.5125,46.63333],[-81.5125,46.6375],[-81.50625,46.6375],[-81.50625,46.63333],[-81.5125,46.63333]]]}},{"type":"Feature","properties":{"c":"914373","o":"","e":""},"geometry":{"type":"Polygon","coordinates":[[[-81.50625,46.63333],[-81.50625,46.6375],[-81.5,46.6375],[-81.5,46.63333],[-81.50625,46.63333]]]}},{"type":"Feature","properties":{"c":"914374","o":"","e":""},"geometry":{"type":"Polygon","coordinates":[[[-81.5375,46.62917],[-81.5375,46.63333],[-81.53125,46.63333],[-81.53125,46.62917],[-81.5375,46.62917]]]}},{"type":"Feature","properties":{"c":"914375","o":"","e":""},"geometry":{"type":"Polygon","coordinates":[[[-81.53125,46.62917],[-81.53125,46.63333],[-81.525,46.63333],[-81.525,46.62917],[-81.53125,46.62917]]]}},{"type":"Feature","properties":{"c":"914376","o":"","e":""},"geometry":{"type":"Polygon","coordinates":[[[-81.525,46.62917],[-81.525,46.63333],[-81.51875,46.63333],[-81.51875,46.62917],[-81.525,46.62917]]]}},{"type":"Feature","properties":{"c":"914377","o":"","e":""},"geometry":{"type":"Polygon","coordinates":[[[-81.51875,46.62917],[-81.51875,46.63333],[-81.5125,46.63333],[-81.5125,46.62917],[-81.51875,46.62917]]]}},{"type":"Feature","properties":{"c":"914378","o":"","e":""},"geometry":{"type":"Polygon","coordinates":[[[-81.5125,46.62917],[-81.5125,46.63333],[-81.50625,46.63333],[-81.50625,46.62917],[-81.5125,46.62917]]]}},{"type":"Feature","properties":{"c":"914379","o":"","e":""},"geometry":{"type":"Polygon","coordinates":[[[-81.50625,46.62917],[-81.50625,46.63333],[-81.5,46.63333],[-81.5,46.62917],[-81.50625,46.62917]]]}},{"type":"Feature","properties":{"c":"914380","o":"","e":""},"geometry":{"type":"Polygon","coordinates":[[[-81.53125,46.625],[-81.53125,46.62917],[-81.525,46.62917],[-81.525,46.625],[-81.53125,46.625]]]}},{"type":"Feature","properties":{"c":"914381","o":"","e":""},"geometry":{"type":"Polygon","coordinates":[[[-81.525,46.625],[-81.525,46.62917],[-81.51875,46.62917],[-81.51875,46.625],[-81.525,46.625]]]}},{"type":"Feature","properties":{"c":"914382","o":"","e":""},"geometry":{"type":"Polygon","coordinates":[[[-81.51875,46.625],[-81.51875,46.62917],[-81.5125,46.62917],[-81.5125,46.625],[-81.51875,46.625]]]}},{"type":"Feature","properties":{"c":"914383","o":"","e":""},"geometry":{"type":"Polygon","coordinates":[[[-81.5125,46.625],[-81.5125,46.62917],[-81.50625,46.62917],[-81.50625,46.625],[-81.5125,46.625]]]}},{"type":"Feature","properties":{"c":"914384","o":"","e":""},"geometry":{"type":"Polygon","coordinates":[[[-81.50625,46.625],[-81.50625,46.62917],[-81.5,46.62917],[-81.5,46.625],[-81.50625,46.625]]]}},{"type":"Feature","properties":{"c":"914385","o":"","e":""},"geometry":{"type":"Polygon","coordinates":[[[-81.50625,46.62083],[-81.50625,46.625],[-81.5,46.625],[-81.5,46.62083],[-81.50625,46.62083]]]}},{"type":"Feature","properties":{"c":"340328","o":"","e":""},"geometry":{"type":"Polygon","coordinates":[[[-81.6125,46.6125],[-81.6125,46.61667],[-81.60625,46.61667],[-81.60625,46.6125],[-81.6125,46.6125]]]}},{"type":"Feature","properties":{"c":"343503","o":"","e":""},"geometry":{"type":"Polygon","coordinates":[[[-81.54375,46.7125],[-81.54375,46.71667],[-81.5375,46.71667],[-81.5375,46.7125],[-81.54375,46.7125]]]}},{"type":"Feature","properties":{"c":"914352","o":"","e":""},"geometry":{"type":"Polygon","coordinates":[[[-81.525,46.64583],[-81.525,46.65],[-81.51875,46.65],[-81.51875,46.64583],[-81.525,46.64583]]]}},{"type":"Feature","properties":{"c":"914353","o":"","e":""},"geometry":{"type":"Polygon","coordinates":[[[-81.51875,46.64583],[-81.51875,46.65],[-81.5125,46.65],[-81.5125,46.64583],[-81.51875,46.64583]]]}},{"type":"Feature","properties":{"c":"914354","o":"","e":""},"geometry":{"type":"Polygon","coordinates":[[[-81.5125,46.64583],[-81.5125,46.65],[-81.50625,46.65],[-81.50625,46.64583],[-81.5125,46.64583]]]}},{"type":"Feature","properties":{"c":"914355","o":"","e":""},"geometry":{"type":"Polygon","coordinates":[[[-81.50625,46.64583],[-81.50625,46.65],[-81.5,46.65],[-81.5,46.64583],[-81.50625,46.64583]]]}},{"type":"Feature","properties":{"c":"914356","o":"","e":""},"geometry":{"type":"Polygon","coordinates":[[[-81.5375,46.64167],[-81.5375,46.64583],[-81.53125,46.64583],[-81.53125,46.64167],[-81.5375,46.64167]]]}},{"type":"Feature","properties":{"c":"914349","o":"","e":""},"geometry":{"type":"Polygon","coordinates":[[[-81.50625,46.65],[-81.50625,46.65417],[-81.5,46.65417],[-81.5,46.65],[-81.50625,46.65]]]}},{"type":"Feature","properties":{"c":"914350","o":"","e":""},"geometry":{"type":"Polygon","coordinates":[[[-81.5375,46.64583],[-81.5375,46.65],[-81.53125,46.65],[-81.53125,46.64583],[-81.5375,46.64583]]]}},{"type":"Feature","properties":{"c":"914351","o":"","e":""},"geometry":{"type":"Polygon","coordinates":[[[-81.53125,46.64583],[-81.53125,46.65],[-81.525,46.65],[-81.525,46.64583],[-81.53125,46.64583]]]}},{"type":"Feature","properties":{"c":"342968","o":"","e":""},"geometry":{"type":"Polygon","coordinates":[[[-81.64375,46.59583],[-81.64375,46.6],[-81.6375,46.6],[-81.6375,46.59583],[-81.64375,46.59583]]]}},{"type":"Feature","properties":{"c":"340233","o":"","e":""},"geometry":{"type":"Polygon","coordinates":[[[-81.5625,46.55],[-81.5625,46.55417],[-81.55625,46.55417],[-81.55625,46.55],[-81.5625,46.55]]]}},{"type":"Feature","properties":{"c":"342967","o":"","e":""},"geometry":{"type":"Polygon","coordinates":[[[-81.63125,46.6],[-81.63125,46.60417],[-81.625,46.60417],[-81.625,46.6],[-81.63125,46.6]]]}},{"type":"Feature","properties":{"c":"333304","o":"","e":""},"geometry":{"type":"Polygon","coordinates":[[[-81.61875,46.75417],[-81.61875,46.75833],[-81.6125,46.75833],[-81.6125,46.75417],[-81.61875,46.75417]]]}},{"type":"Feature","properties":{"c":"334755","o":"","e":""},"geometry":{"type":"Polygon","coordinates":[[[-81.54375,46.5625],[-81.54375,46.56667],[-81.5375,46.56667],[-81.5375,46.5625],[-81.54375,46.5625]]]}},{"type":"Feature","properties":{"c":"914501","o":"","e":""},"geometry":{"type":"Polygon","coordinates":[[[-81.65625,46.50417],[-81.65625,46.50833],[-81.65,46.50833],[-81.65,46.50417],[-81.65625,46.50417]]]}},{"type":"Feature","properties":{"c":"914500","o":"","e":""},"geometry":{"type":"Polygon","coordinates":[[[-81.625,46.5],[-81.625,46.50417],[-81.61875,46.50417],[-81.61875,46.5],[-81.625,46.5]]]}},{"type":"Feature","properties":{"c":"914502","o":"","e":""},"geometry":{"type":"Polygon","coordinates":[[[-81.65,46.50417],[-81.65,46.50833],[-81.64375,46.50833],[-81.64375,46.50417],[-81.65,46.50417]]]}},{"type":"Feature","properties":{"c":"914503","o":"","e":""},"geometry":{"type":"Polygon","coordinates":[[[-81.64375,46.50417],[-81.64375,46.50833],[-81.6375,46.50833],[-81.6375,46.50417],[-81.64375,46.50417]]]}},{"type":"Feature","properties":{"c":"914504","o":"","e":""},"geometry":{"type":"Polygon","coordinates":[[[-81.6375,46.50417],[-81.6375,46.50833],[-81.63125,46.50833],[-81.63125,46.50417],[-81.6375,46.50417]]]}},{"type":"Feature","properties":{"c":"914505","o":"","e":""},"geometry":{"type":"Polygon","coordinates":[[[-81.65625,46.50833],[-81.65625,46.5125],[-81.65,46.5125],[-81.65,46.50833],[-81.65625,46.50833]]]}},{"type":"Feature","properties":{"c":"914506","o":"","e":""},"geometry":{"type":"Polygon","coordinates":[[[-81.65625,46.5125],[-81.65625,46.51667],[-81.65,46.51667],[-81.65,46.5125],[-81.65625,46.5125]]]}},{"type":"Feature","properties":{"c":"914507","o":"","e":""},"geometry":{"type":"Polygon","coordinates":[[[-81.6625,46.51667],[-81.6625,46.52083],[-81.65625,46.52083],[-81.65625,46.51667],[-81.6625,46.51667]]]}},{"type":"Feature","properties":{"c":"914508","o":"","e":""},"geometry":{"type":"Polygon","coordinates":[[[-81.65625,46.51667],[-81.65625,46.52083],[-81.65,46.52083],[-81.65,46.51667],[-81.65625,46.51667]]]}},{"type":"Feature","properties":{"c":"914509","o":"","e":""},"geometry":{"type":"Polygon","coordinates":[[[-81.6625,46.52083],[-81.6625,46.525],[-81.65625,46.525],[-81.65625,46.52083],[-81.6625,46.52083]]]}},{"type":"Feature","properties":{"c":"914510","o":"","e":""},"geometry":{"type":"Polygon","coordinates":[[[-81.65625,46.52083],[-81.65625,46.525],[-81.65,46.525],[-81.65,46.52083],[-81.65625,46.52083]]]}},{"type":"Feature","properties":{"c":"914511","o":"","e":""},"geometry":{"type":"Polygon","coordinates":[[[-81.6625,46.525],[-81.6625,46.52917],[-81.65625,46.52917],[-81.65625,46.525],[-81.6625,46.525]]]}},{"type":"Feature","properties":{"c":"914512","o":"","e":""},"geometry":{"type":"Polygon","coordinates":[[[-81.65625,46.525],[-81.65625,46.52917],[-81.65,46.52917],[-81.65,46.525],[-81.65625,46.525]]]}},{"type":"Feature","properties":{"c":"334234","o":"","e":""},"geometry":{"type":"Polygon","coordinates":[[[-81.625,46.74583],[-81.625,46.75],[-81.61875,46.75],[-81.61875,46.74583],[-81.625,46.74583]]]}},{"type":"Feature","properties":{"c":"334519","o":"","e":""},"geometry":{"type":"Polygon","coordinates":[[[-81.7,46.6375],[-81.7,46.64167],[-81.69375,46.64167],[-81.69375,46.6375],[-81.7,46.6375]]]}},{"type":"Feature","properties":{"c":"333827","o":"","e":""},"geometry":{"type":"Polygon","coordinates":[[[-81.6375,46.69583],[-81.6375,46.7],[-81.63125,46.7],[-81.63125,46.69583],[-81.6375,46.69583]]]}},{"type":"Feature","properties":{"c":"333274","o":"","e":""},"geometry":{"type":"Polygon","coordinates":[[[-81.64375,46.63333],[-81.64375,46.6375],[-81.6375,46.6375],[-81.6375,46.63333],[-81.64375,46.63333]]]}},{"type":"Feature","properties":{"c":"333849","o":"","e":""},"geometry":{"type":"Polygon","coordinates":[[[-81.63125,46.6375],[-81.63125,46.64167],[-81.625,46.64167],[-81.625,46.6375],[-81.63125,46.6375]]]}},{"type":"Feature","properties":{"c":"333852","o":"","e":""},"geometry":{"type":"Polygon","coordinates":[[[-81.625,46.60833],[-81.625,46.6125],[-81.61875,46.6125],[-81.61875,46.60833],[-81.625,46.60833]]]}},{"type":"Feature","properties":{"c":"333865","o":"","e":""},"geometry":{"type":"Polygon","coordinates":[[[-81.625,46.63333],[-81.625,46.6375],[-81.61875,46.6375],[-81.61875,46.63333],[-81.625,46.63333]]]}},{"type":"Feature","properties":{"c":"914495","o":"","e":""},"geometry":{"type":"Polygon","coordinates":[[[-81.65625,46.5],[-81.65625,46.50417],[-81.65,46.50417],[-81.65,46.5],[-81.65625,46.5]]]}},{"type":"Feature","properties":{"c":"914496","o":"","e":""},"geometry":{"type":"Polygon","coordinates":[[[-81.65,46.5],[-81.65,46.50417],[-81.64375,46.50417],[-81.64375,46.5],[-81.65,46.5]]]}},{"type":"Feature","properties":{"c":"914497","o":"","e":""},"geometry":{"type":"Polygon","coordinates":[[[-81.64375,46.5],[-81.64375,46.50417],[-81.6375,46.50417],[-81.6375,46.5],[-81.64375,46.5]]]}},{"type":"Feature","properties":{"c":"914498","o":"","e":""},"geometry":{"type":"Polygon","coordinates":[[[-81.6375,46.5],[-81.6375,46.50417],[-81.63125,46.50417],[-81.63125,46.5],[-81.6375,46.5]]]}},{"type":"Feature","properties":{"c":"914499","o":"","e":""},"geometry":{"type":"Polygon","coordinates":[[[-81.63125,46.5],[-81.63125,46.50417],[-81.625,46.50417],[-81.625,46.5],[-81.63125,46.5]]]}},{"type":"Feature","properties":{"c":"864591","o":"","e":""},"geometry":{"type":"Polygon","coordinates":[[[-81.675,46.79167],[-81.675,46.79583],[-81.66875,46.79583],[-81.66875,46.79167],[-81.675,46.79167]]]}},{"type":"Feature","properties":{"c":"864592","o":"","e":""},"geometry":{"type":"Polygon","coordinates":[[[-81.675,46.79583],[-81.675,46.8],[-81.66875,46.8],[-81.66875,46.79583],[-81.675,46.79583]]]}},{"type":"Feature","properties":{"c":"914513","o":"","e":""},"geometry":{"type":"Polygon","coordinates":[[[-81.6625,46.52917],[-81.6625,46.53333],[-81.65625,46.53333],[-81.65625,46.52917],[-81.6625,46.52917]]]}},{"type":"Feature","properties":{"c":"914514","o":"","e":""},"geometry":{"type":"Polygon","coordinates":[[[-81.65625,46.52917],[-81.65625,46.53333],[-81.65,46.53333],[-81.65,46.52917],[-81.65625,46.52917]]]}},{"type":"Feature","properties":{"c":"914515","o":"","e":""},"geometry":{"type":"Polygon","coordinates":[[[-81.6625,46.53333],[-81.6625,46.5375],[-81.65625,46.5375],[-81.65625,46.53333],[-81.6625,46.53333]]]}},{"type":"Feature","properties":{"c":"914516","o":"","e":""},"geometry":{"type":"Polygon","coordinates":[[[-81.65625,46.53333],[-81.65625,46.5375],[-81.65,46.5375],[-81.65,46.53333],[-81.65625,46.53333]]]}},{"type":"Feature","properties":{"c":"914517","o":"","e":""},"geometry":{"type":"Polygon","coordinates":[[[-81.6625,46.5375],[-81.6625,46.54167],[-81.65625,46.54167],[-81.65625,46.5375],[-81.6625,46.5375]]]}},{"type":"Feature","properties":{"c":"914518","o":"","e":""},"geometry":{"type":"Polygon","coordinates":[[[-81.65625,46.5375],[-81.65625,46.54167],[-81.65,46.54167],[-81.65,46.5375],[-81.65625,46.5375]]]}},{"type":"Feature","properties":{"c":"914519","o":"","e":""},"geometry":{"type":"Polygon","coordinates":[[[-81.65,46.5375],[-81.65,46.54167],[-81.64375,46.54167],[-81.64375,46.5375],[-81.65,46.5375]]]}},{"type":"Feature","properties":{"c":"914520","o":"","e":""},"geometry":{"type":"Polygon","coordinates":[[[-81.64375,46.5375],[-81.64375,46.54167],[-81.6375,46.54167],[-81.6375,46.5375],[-81.64375,46.5375]]]}},{"type":"Feature","properties":{"c":"914521","o":"","e":""},"geometry":{"type":"Polygon","coordinates":[[[-81.6375,46.5375],[-81.6375,46.54167],[-81.63125,46.54167],[-81.63125,46.5375],[-81.6375,46.5375]]]}},{"type":"Feature","properties":{"c":"914522","o":"","e":""},"geometry":{"type":"Polygon","coordinates":[[[-81.6625,46.54167],[-81.6625,46.54583],[-81.65625,46.54583],[-81.65625,46.54167],[-81.6625,46.54167]]]}},{"type":"Feature","properties":{"c":"914523","o":"","e":""},"geometry":{"type":"Polygon","coordinates":[[[-81.65625,46.54167],[-81.65625,46.54583],[-81.65,46.54583],[-81.65,46.54167],[-81.65625,46.54167]]]}},{"type":"Feature","properties":{"c":"914524","o":"","e":""},"geometry":{"type":"Polygon","coordinates":[[[-81.65,46.54167],[-81.65,46.54583],[-81.64375,46.54583],[-81.64375,46.54167],[-81.65,46.54167]]]}},{"type":"Feature","properties":{"c":"914526","o":"","e":""},"geometry":{"type":"Polygon","coordinates":[[[-81.65625,46.54583],[-81.65625,46.55],[-81.65,46.55],[-81.65,46.54583],[-81.65625,46.54583]]]}},{"type":"Feature","properties":{"c":"914525","o":"","e":""},"geometry":{"type":"Polygon","coordinates":[[[-81.64375,46.54167],[-81.64375,46.54583],[-81.6375,46.54583],[-81.6375,46.54167],[-81.64375,46.54167]]]}},{"type":"Feature","properties":{"c":"914527","o":"","e":""},"geometry":{"type":"Polygon","coordinates":[[[-81.65,46.54583],[-81.65,46.55],[-81.64375,46.55],[-81.64375,46.54583],[-81.65,46.54583]]]}},{"type":"Feature","properties":{"c":"914528","o":"","e":""},"geometry":{"type":"Polygon","coordinates":[[[-81.64375,46.54583],[-81.64375,46.55],[-81.6375,46.55],[-81.6375,46.54583],[-81.64375,46.54583]]]}},{"type":"Feature","properties":{"c":"914529","o":"","e":""},"geometry":{"type":"Polygon","coordinates":[[[-81.65625,46.55],[-81.65625,46.55417],[-81.65,46.55417],[-81.65,46.55],[-81.65625,46.55]]]}},{"type":"Feature","properties":{"c":"914530","o":"","e":""},"geometry":{"type":"Polygon","coordinates":[[[-81.65,46.55],[-81.65,46.55417],[-81.64375,46.55417],[-81.64375,46.55],[-81.65,46.55]]]}},{"type":"Feature","properties":{"c":"914534","o":"","e":""},"geometry":{"type":"Polygon","coordinates":[[[-81.64375,46.55417],[-81.64375,46.55833],[-81.6375,46.55833],[-81.6375,46.55417],[-81.64375,46.55417]]]}},{"type":"Feature","properties":{"c":"914531","o":"","e":""},"geometry":{"type":"Polygon","coordinates":[[[-81.64375,46.55],[-81.64375,46.55417],[-81.6375,46.55417],[-81.6375,46.55],[-81.64375,46.55]]]}},{"type":"Feature","properties":{"c":"914532","o":"","e":""},"geometry":{"type":"Polygon","coordinates":[[[-81.65625,46.55417],[-81.65625,46.55833],[-81.65,46.55833],[-81.65,46.55417],[-81.65625,46.55417]]]}},{"type":"Feature","properties":{"c":"914533","o":"","e":""},"geometry":{"type":"Polygon","coordinates":[[[-81.65,46.55417],[-81.65,46.55833],[-81.64375,46.55833],[-81.64375,46.55417],[-81.65,46.55417]]]}},{"type":"Feature","properties":{"c":"914535","o":"","e":""},"geometry":{"type":"Polygon","coordinates":[[[-81.65625,46.55833],[-81.65625,46.5625],[-81.65,46.5625],[-81.65,46.55833],[-81.65625,46.55833]]]}},{"type":"Feature","properties":{"c":"914536","o":"","e":""},"geometry":{"type":"Polygon","coordinates":[[[-81.65,46.55833],[-81.65,46.5625],[-81.64375,46.5625],[-81.64375,46.55833],[-81.65,46.55833]]]}},{"type":"Feature","properties":{"c":"914537","o":"","e":""},"geometry":{"type":"Polygon","coordinates":[[[-81.64375,46.55833],[-81.64375,46.5625],[-81.6375,46.5625],[-81.6375,46.55833],[-81.64375,46.55833]]]}},{"type":"Feature","properties":{"c":"629660","o":"","e":""},"geometry":{"type":"Polygon","coordinates":[[[-81.60625,46.8],[-81.6,46.8],[-81.6,46.79583],[-81.6,46.79167],[-81.60625,46.79167],[-81.60625,46.79583],[-81.60625,46.8]]]}},{"type":"Feature","properties":{"c":"624948","o":"","e":""},"geometry":{"type":"Polygon","coordinates":[[[-81.64375,46.80417],[-81.6375,46.80417],[-81.63125,46.80417],[-81.63125,46.8],[-81.63125,46.79583],[-81.6375,46.79583],[-81.64375,46.79583],[-81.64375,46.8],[-81.64375,46.80417]]]}},{"type":"Feature","properties":{"c":"914787","o":"","e":""},"geometry":{"type":"Polygon","coordinates":[[[-81.5875,46.5],[-81.5875,46.50417],[-81.58125,46.50417],[-81.58125,46.5],[-81.5875,46.5]]]}},{"type":"Feature","properties":{"c":"914788","o":"","e":""},"geometry":{"type":"Polygon","coordinates":[[[-81.58125,46.5],[-81.58125,46.50417],[-81.575,46.50417],[-81.575,46.5],[-81.58125,46.5]]]}},{"type":"Feature","properties":{"c":"914789","o":"","e":""},"geometry":{"type":"Polygon","coordinates":[[[-81.60625,46.50417],[-81.60625,46.50833],[-81.6,46.50833],[-81.6,46.50417],[-81.60625,46.50417]]]}},{"type":"Feature","properties":{"c":"914790","o":"","e":""},"geometry":{"type":"Polygon","coordinates":[[[-81.6,46.50417],[-81.6,46.50833],[-81.59375,46.50833],[-81.59375,46.50417],[-81.6,46.50417]]]}},{"type":"Feature","properties":{"c":"914791","o":"","e":""},"geometry":{"type":"Polygon","coordinates":[[[-81.59375,46.50417],[-81.59375,46.50833],[-81.5875,46.50833],[-81.5875,46.50417],[-81.59375,46.50417]]]}},{"type":"Feature","properties":{"c":"914792","o":"","e":""},"geometry":{"type":"Polygon","coordinates":[[[-81.5875,46.50417],[-81.5875,46.50833],[-81.58125,46.50833],[-81.58125,46.50417],[-81.5875,46.50417]]]}},{"type":"Feature","properties":{"c":"914793","o":"","e":""},"geometry":{"type":"Polygon","coordinates":[[[-81.58125,46.50417],[-81.58125,46.50833],[-81.575,46.50833],[-81.575,46.50417],[-81.58125,46.50417]]]}},{"type":"Feature","properties":{"c":"914794","o":"","e":""},"geometry":{"type":"Polygon","coordinates":[[[-81.6,46.50833],[-81.6,46.5125],[-81.59375,46.5125],[-81.59375,46.50833],[-81.6,46.50833]]]}},{"type":"Feature","properties":{"c":"914795","o":"","e":""},"geometry":{"type":"Polygon","coordinates":[[[-81.59375,46.50833],[-81.59375,46.5125],[-81.5875,46.5125],[-81.5875,46.50833],[-81.59375,46.50833]]]}},{"type":"Feature","properties":{"c":"914796","o":"","e":""},"geometry":{"type":"Polygon","coordinates":[[[-81.5875,46.50833],[-81.5875,46.5125],[-81.58125,46.5125],[-81.58125,46.50833],[-81.5875,46.50833]]]}},{"type":"Feature","properties":{"c":"914797","o":"","e":""},"geometry":{"type":"Polygon","coordinates":[[[-81.58125,46.50833],[-81.58125,46.5125],[-81.575,46.5125],[-81.575,46.50833],[-81.58125,46.50833]]]}},{"type":"Feature","properties":{"c":"914798","o":"","e":""},"geometry":{"type":"Polygon","coordinates":[[[-81.6,46.5125],[-81.6,46.51667],[-81.59375,46.51667],[-81.59375,46.5125],[-81.6,46.5125]]]}},{"type":"Feature","properties":{"c":"914799","o":"","e":""},"geometry":{"type":"Polygon","coordinates":[[[-81.59375,46.5125],[-81.59375,46.51667],[-81.5875,46.51667],[-81.5875,46.5125],[-81.59375,46.5125]]]}},{"type":"Feature","properties":{"c":"914800","o":"","e":""},"geometry":{"type":"Polygon","coordinates":[[[-81.5875,46.5125],[-81.5875,46.51667],[-81.58125,46.51667],[-81.58125,46.5125],[-81.5875,46.5125]]]}},{"type":"Feature","properties":{"c":"914801","o":"","e":""},"geometry":{"type":"Polygon","coordinates":[[[-81.58125,46.5125],[-81.58125,46.51667],[-81.575,46.51667],[-81.575,46.5125],[-81.58125,46.5125]]]}},{"type":"Feature","properties":{"c":"914802","o":"","e":""},"geometry":{"type":"Polygon","coordinates":[[[-81.6,46.51667],[-81.6,46.52083],[-81.59375,46.52083],[-81.59375,46.51667],[-81.6,46.51667]]]}},{"type":"Feature","properties":{"c":"914803","o":"","e":""},"geometry":{"type":"Polygon","coordinates":[[[-81.59375,46.51667],[-81.59375,46.52083],[-81.5875,46.52083],[-81.5875,46.51667],[-81.59375,46.51667]]]}},{"type":"Feature","properties":{"c":"914804","o":"","e":""},"geometry":{"type":"Polygon","coordinates":[[[-81.5875,46.51667],[-81.5875,46.52083],[-81.58125,46.52083],[-81.58125,46.51667],[-81.5875,46.51667]]]}},{"type":"Feature","properties":{"c":"914805","o":"","e":""},"geometry":{"type":"Polygon","coordinates":[[[-81.58125,46.51667],[-81.58125,46.52083],[-81.575,46.52083],[-81.575,46.51667],[-81.58125,46.51667]]]}},{"type":"Feature","properties":{"c":"914806","o":"","e":""},"geometry":{"type":"Polygon","coordinates":[[[-81.575,46.51667],[-81.575,46.52083],[-81.56875,46.52083],[-81.56875,46.51667],[-81.575,46.51667]]]}},{"type":"Feature","properties":{"c":"914807","o":"","e":""},"geometry":{"type":"Polygon","coordinates":[[[-81.6,46.52083],[-81.6,46.525],[-81.59375,46.525],[-81.59375,46.52083],[-81.6,46.52083]]]}},{"type":"Feature","properties":{"c":"914808","o":"","e":""},"geometry":{"type":"Polygon","coordinates":[[[-81.59375,46.52083],[-81.59375,46.525],[-81.5875,46.525],[-81.5875,46.52083],[-81.59375,46.52083]]]}},{"type":"Feature","properties":{"c":"914809","o":"","e":""},"geometry":{"type":"Polygon","coordinates":[[[-81.5875,46.52083],[-81.5875,46.525],[-81.58125,46.525],[-81.58125,46.52083],[-81.5875,46.52083]]]}},{"type":"Feature","properties":{"c":"914810","o":"","e":""},"geometry":{"type":"Polygon","coordinates":[[[-81.58125,46.52083],[-81.58125,46.525],[-81.575,46.525],[-81.575,46.52083],[-81.58125,46.52083]]]}},{"type":"Feature","properties":{"c":"914811","o":"","e":""},"geometry":{"type":"Polygon","coordinates":[[[-81.575,46.52083],[-81.575,46.525],[-81.56875,46.525],[-81.56875,46.52083],[-81.575,46.52083]]]}},{"type":"Feature","properties":{"c":"914812","o":"","e":""},"geometry":{"type":"Polygon","coordinates":[[[-81.6,46.525],[-81.6,46.52917],[-81.59375,46.52917],[-81.59375,46.525],[-81.6,46.525]]]}},{"type":"Feature","properties":{"c":"914813","o":"","e":""},"geometry":{"type":"Polygon","coordinates":[[[-81.59375,46.525],[-81.59375,46.52917],[-81.5875,46.52917],[-81.5875,46.525],[-81.59375,46.525]]]}},{"type":"Feature","properties":{"c":"914815","o":"","e":""},"geometry":{"type":"Polygon","coordinates":[[[-81.58125,46.525],[-81.58125,46.52917],[-81.575,46.52917],[-81.575,46.525],[-81.58125,46.525]]]}},{"type":"Feature","properties":{"c":"914814","o":"","e":""},"geometry":{"type":"Polygon","coordinates":[[[-81.5875,46.525],[-81.5875,46.52917],[-81.58125,46.52917],[-81.58125,46.525],[-81.5875,46.525]]]}},{"type":"Feature","properties":{"c":"914816","o":"","e":""},"geometry":{"type":"Polygon","coordinates":[[[-81.575,46.525],[-81.575,46.52917],[-81.56875,46.52917],[-81.56875,46.525],[-81.575,46.525]]]}},{"type":"Feature","properties":{"c":"914817","o":"","e":""},"geometry":{"type":"Polygon","coordinates":[[[-81.56875,46.525],[-81.56875,46.52917],[-81.5625,46.52917],[-81.5625,46.525],[-81.56875,46.525]]]}},{"type":"Feature","properties":{"c":"914818","o":"","e":""},"geometry":{"type":"Polygon","coordinates":[[[-81.5625,46.525],[-81.5625,46.52917],[-81.55625,46.52917],[-81.55625,46.525],[-81.5625,46.525]]]}},{"type":"Feature","properties":{"c":"914819","o":"","e":""},"geometry":{"type":"Polygon","coordinates":[[[-81.5875,46.52917],[-81.5875,46.53333],[-81.58125,46.53333],[-81.58125,46.52917],[-81.5875,46.52917]]]}},{"type":"Feature","properties":{"c":"914820","o":"","e":""},"geometry":{"type":"Polygon","coordinates":[[[-81.58125,46.52917],[-81.58125,46.53333],[-81.575,46.53333],[-81.575,46.52917],[-81.58125,46.52917]]]}},{"type":"Feature","properties":{"c":"914821","o":"","e":""},"geometry":{"type":"Polygon","coordinates":[[[-81.575,46.52917],[-81.575,46.53333],[-81.56875,46.53333],[-81.56875,46.52917],[-81.575,46.52917]]]}},{"type":"Feature","properties":{"c":"914822","o":"","e":""},"geometry":{"type":"Polygon","coordinates":[[[-81.56875,46.52917],[-81.56875,46.53333],[-81.5625,46.53333],[-81.5625,46.52917],[-81.56875,46.52917]]]}},{"type":"Feature","properties":{"c":"914823","o":"","e":""},"geometry":{"type":"Polygon","coordinates":[[[-81.5625,46.52917],[-81.5625,46.53333],[-81.55625,46.53333],[-81.55625,46.52917],[-81.5625,46.52917]]]}},{"type":"Feature","properties":{"c":"914862","o":"","e":""},"geometry":{"type":"Polygon","coordinates":[[[-81.55625,46.64167],[-81.55625,46.64583],[-81.55,46.64583],[-81.55,46.64167],[-81.55625,46.64167]]]}},{"type":"Feature","properties":{"c":"914863","o":"","e":""},"geometry":{"type":"Polygon","coordinates":[[[-81.55,46.64167],[-81.55,46.64583],[-81.54375,46.64583],[-81.54375,46.64167],[-81.55,46.64167]]]}},{"type":"Feature","properties":{"c":"914864","o":"","e":""},"geometry":{"type":"Polygon","coordinates":[[[-81.54375,46.64167],[-81.54375,46.64583],[-81.5375,46.64583],[-81.5375,46.64167],[-81.54375,46.64167]]]}},{"type":"Feature","properties":{"c":"914865","o":"","e":""},"geometry":{"type":"Polygon","coordinates":[[[-81.55625,46.64583],[-81.55625,46.65],[-81.55,46.65],[-81.55,46.64583],[-81.55625,46.64583]]]}},{"type":"Feature","properties":{"c":"914866","o":"","e":""},"geometry":{"type":"Polygon","coordinates":[[[-81.55,46.64583],[-81.55,46.65],[-81.54375,46.65],[-81.54375,46.64583],[-81.55,46.64583]]]}},{"type":"Feature","properties":{"c":"914867","o":"","e":""},"geometry":{"type":"Polygon","coordinates":[[[-81.54375,46.64583],[-81.54375,46.65],[-81.5375,46.65],[-81.5375,46.64583],[-81.54375,46.64583]]]}},{"type":"Feature","properties":{"c":"914868","o":"","e":""},"geometry":{"type":"Polygon","coordinates":[[[-81.55625,46.65],[-81.55625,46.65417],[-81.55,46.65417],[-81.55,46.65],[-81.55625,46.65]]]}},{"type":"Feature","properties":{"c":"914869","o":"","e":""},"geometry":{"type":"Polygon","coordinates":[[[-81.55,46.65],[-81.55,46.65417],[-81.54375,46.65417],[-81.54375,46.65],[-81.55,46.65]]]}},{"type":"Feature","properties":{"c":"914870","o":"","e":""},"geometry":{"type":"Polygon","coordinates":[[[-81.54375,46.65],[-81.54375,46.65417],[-81.5375,46.65417],[-81.5375,46.65],[-81.54375,46.65]]]}},{"type":"Feature","properties":{"c":"914871","o":"","e":""},"geometry":{"type":"Polygon","coordinates":[[[-81.5375,46.65],[-81.5375,46.65417],[-81.53125,46.65417],[-81.53125,46.65],[-81.5375,46.65]]]}},{"type":"Feature","properties":{"c":"914872","o":"","e":""},"geometry":{"type":"Polygon","coordinates":[[[-81.53125,46.65],[-81.53125,46.65417],[-81.525,46.65417],[-81.525,46.65],[-81.53125,46.65]]]}},{"type":"Feature","properties":{"c":"914873","o":"","e":""},"geometry":{"type":"Polygon","coordinates":[[[-81.525,46.65],[-81.525,46.65417],[-81.51875,46.65417],[-81.51875,46.65],[-81.525,46.65]]]}},{"type":"Feature","properties":{"c":"914874","o":"","e":""},"geometry":{"type":"Polygon","coordinates":[[[-81.51875,46.65],[-81.51875,46.65417],[-81.5125,46.65417],[-81.5125,46.65],[-81.51875,46.65]]]}},{"type":"Feature","properties":{"c":"914875","o":"","e":""},"geometry":{"type":"Polygon","coordinates":[[[-81.5125,46.65],[-81.5125,46.65417],[-81.50625,46.65417],[-81.50625,46.65],[-81.5125,46.65]]]}},{"type":"Feature","properties":{"c":"914876","o":"","e":""},"geometry":{"type":"Polygon","coordinates":[[[-81.55625,46.65417],[-81.55625,46.65833],[-81.55,46.65833],[-81.55,46.65417],[-81.55625,46.65417]]]}},{"type":"Feature","properties":{"c":"914877","o":"","e":""},"geometry":{"type":"Polygon","coordinates":[[[-81.55,46.65417],[-81.55,46.65833],[-81.54375,46.65833],[-81.54375,46.65417],[-81.55,46.65417]]]}},{"type":"Feature","properties":{"c":"914878","o":"","e":""},"geometry":{"type":"Polygon","coordinates":[[[-81.54375,46.65417],[-81.54375,46.65833],[-81.5375,46.65833],[-81.5375,46.65417],[-81.54375,46.65417]]]}},{"type":"Feature","properties":{"c":"914879","o":"","e":""},"geometry":{"type":"Polygon","coordinates":[[[-81.5375,46.65417],[-81.5375,46.65833],[-81.53125,46.65833],[-81.53125,46.65417],[-81.5375,46.65417]]]}},{"type":"Feature","properties":{"c":"914880","o":"","e":""},"geometry":{"type":"Polygon","coordinates":[[[-81.53125,46.65417],[-81.53125,46.65833],[-81.525,46.65833],[-81.525,46.65417],[-81.53125,46.65417]]]}},{"type":"Feature","properties":{"c":"914881","o":"","e":""},"geometry":{"type":"Polygon","coordinates":[[[-81.525,46.65417],[-81.525,46.65833],[-81.51875,46.65833],[-81.51875,46.65417],[-81.525,46.65417]]]}},{"type":"Feature","properties":{"c":"914882","o":"","e":""},"geometry":{"type":"Polygon","coordinates":[[[-81.51875,46.65417],[-81.51875,46.65833],[-81.5125,46.65833],[-81.5125,46.65417],[-81.51875,46.65417]]]}},{"type":"Feature","properties":{"c":"914883","o":"","e":""},"geometry":{"type":"Polygon","coordinates":[[[-81.5125,46.65417],[-81.5125,46.65833],[-81.50625,46.65833],[-81.50625,46.65417],[-81.5125,46.65417]]]}},{"type":"Feature","properties":{"c":"914884","o":"","e":""},"geometry":{"type":"Polygon","coordinates":[[[-81.50625,46.65417],[-81.50625,46.65833],[-81.5,46.65833],[-81.5,46.65417],[-81.50625,46.65417]]]}},{"type":"Feature","properties":{"c":"914885","o":"","e":""},"geometry":{"type":"Polygon","coordinates":[[[-81.50625,46.65833],[-81.50625,46.6625],[-81.5,46.6625],[-81.5,46.65833],[-81.50625,46.65833]]]}},{"type":"Feature","properties":{"c":"914889","o":"","e":""},"geometry":{"type":"Polygon","coordinates":[[[-81.50625,46.6625],[-81.50625,46.66667],[-81.5,46.66667],[-81.5,46.6625],[-81.50625,46.6625]]]}},{"type":"Feature","properties":{"c":"1052044","o":"","e":""},"geometry":{"type":"Polygon","coordinates":[[[-81.66875,46.79583],[-81.66875,46.8],[-81.6625,46.8],[-81.6625,46.79583],[-81.66875,46.79583]]]}},{"type":"Feature","properties":{"c":"1052043","o":"","e":""},"geometry":{"type":"Polygon","coordinates":[[[-81.6625,46.79583],[-81.6625,46.8],[-81.65625,46.8],[-81.65625,46.79583],[-81.6625,46.79583]]]}},{"type":"Feature","properties":{"c":"914824","o":"","e":""},"geometry":{"type":"Polygon","coordinates":[[[-81.6125,46.53333],[-81.6125,46.5375],[-81.60625,46.5375],[-81.60625,46.53333],[-81.6125,46.53333]]]}},{"type":"Feature","properties":{"c":"914825","o":"","e":""},"geometry":{"type":"Polygon","coordinates":[[[-81.60625,46.53333],[-81.60625,46.5375],[-81.6,46.5375],[-81.6,46.53333],[-81.60625,46.53333]]]}},{"type":"Feature","properties":{"c":"914826","o":"","e":""},"geometry":{"type":"Polygon","coordinates":[[[-81.6,46.53333],[-81.6,46.5375],[-81.59375,46.5375],[-81.59375,46.53333],[-81.6,46.53333]]]}},{"type":"Feature","properties":{"c":"914827","o":"","e":""},"geometry":{"type":"Polygon","coordinates":[[[-81.6125,46.52917],[-81.6125,46.53333],[-81.60625,46.53333],[-81.60625,46.52917],[-81.6125,46.52917]]]}},{"type":"Feature","properties":{"c":"914828","o":"","e":""},"geometry":{"type":"Polygon","coordinates":[[[-81.60625,46.52917],[-81.60625,46.53333],[-81.6,46.53333],[-81.6,46.52917],[-81.60625,46.52917]]]}},{"type":"Feature","properties":{"c":"914829","o":"","e":""},"geometry":{"type":"Polygon","coordinates":[[[-81.6,46.52917],[-81.6,46.53333],[-81.59375,46.53333],[-81.59375,46.52917],[-81.6,46.52917]]]}},{"type":"Feature","properties":{"c":"914830","o":"","e":""},"geometry":{"type":"Polygon","coordinates":[[[-81.59375,46.52917],[-81.59375,46.53333],[-81.5875,46.53333],[-81.5875,46.52917],[-81.59375,46.52917]]]}},{"type":"Feature","properties":{"c":"914840","o":"","e":""},"geometry":{"type":"Polygon","coordinates":[[[-81.55625,46.61667],[-81.55625,46.62083],[-81.55,46.62083],[-81.55,46.61667],[-81.55625,46.61667]]]}},{"type":"Feature","properties":{"c":"914841","o":"","e":""},"geometry":{"type":"Polygon","coordinates":[[[-81.55,46.61667],[-81.55,46.62083],[-81.54375,46.62083],[-81.54375,46.61667],[-81.55,46.61667]]]}},{"type":"Feature","properties":{"c":"914842","o":"","e":""},"geometry":{"type":"Polygon","coordinates":[[[-81.54375,46.61667],[-81.54375,46.62083],[-81.5375,46.62083],[-81.5375,46.61667],[-81.54375,46.61667]]]}},{"type":"Feature","properties":{"c":"914843","o":"","e":""},"geometry":{"type":"Polygon","coordinates":[[[-81.5375,46.61667],[-81.5375,46.62083],[-81.53125,46.62083],[-81.53125,46.61667],[-81.5375,46.61667]]]}},{"type":"Feature","properties":{"c":"914844","o":"","e":""},"geometry":{"type":"Polygon","coordinates":[[[-81.55625,46.62083],[-81.55625,46.625],[-81.55,46.625],[-81.55,46.62083],[-81.55625,46.62083]]]}},{"type":"Feature","properties":{"c":"914845","o":"","e":""},"geometry":{"type":"Polygon","coordinates":[[[-81.55,46.62083],[-81.55,46.625],[-81.54375,46.625],[-81.54375,46.62083],[-81.55,46.62083]]]}},{"type":"Feature","properties":{"c":"914846","o":"","e":""},"geometry":{"type":"Polygon","coordinates":[[[-81.54375,46.62083],[-81.54375,46.625],[-81.5375,46.625],[-81.5375,46.62083],[-81.54375,46.62083]]]}},{"type":"Feature","properties":{"c":"914847","o":"","e":""},"geometry":{"type":"Polygon","coordinates":[[[-81.5375,46.62083],[-81.5375,46.625],[-81.53125,46.625],[-81.53125,46.62083],[-81.5375,46.62083]]]}},{"type":"Feature","properties":{"c":"914848","o":"","e":""},"geometry":{"type":"Polygon","coordinates":[[[-81.53125,46.62083],[-81.53125,46.625],[-81.525,46.625],[-81.525,46.62083],[-81.53125,46.62083]]]}},{"type":"Feature","properties":{"c":"914849","o":"","e":""},"geometry":{"type":"Polygon","coordinates":[[[-81.55625,46.625],[-81.55625,46.62917],[-81.55,46.62917],[-81.55,46.625],[-81.55625,46.625]]]}},{"type":"Feature","properties":{"c":"914850","o":"","e":""},"geometry":{"type":"Polygon","coordinates":[[[-81.55,46.625],[-81.55,46.62917],[-81.54375,46.62917],[-81.54375,46.625],[-81.55,46.625]]]}},{"type":"Feature","properties":{"c":"914851","o":"","e":""},"geometry":{"type":"Polygon","coordinates":[[[-81.54375,46.625],[-81.54375,46.62917],[-81.5375,46.62917],[-81.5375,46.625],[-81.54375,46.625]]]}},{"type":"Feature","properties":{"c":"914852","o":"","e":""},"geometry":{"type":"Polygon","coordinates":[[[-81.5375,46.625],[-81.5375,46.62917],[-81.53125,46.62917],[-81.53125,46.625],[-81.5375,46.625]]]}},{"type":"Feature","properties":{"c":"914853","o":"","e":""},"geometry":{"type":"Polygon","coordinates":[[[-81.55625,46.62917],[-81.55625,46.63333],[-81.55,46.63333],[-81.55,46.62917],[-81.55625,46.62917]]]}},{"type":"Feature","properties":{"c":"914854","o":"","e":""},"geometry":{"type":"Polygon","coordinates":[[[-81.55,46.62917],[-81.55,46.63333],[-81.54375,46.63333],[-81.54375,46.62917],[-81.55,46.62917]]]}},{"type":"Feature","properties":{"c":"914855","o":"","e":""},"geometry":{"type":"Polygon","coordinates":[[[-81.54375,46.62917],[-81.54375,46.63333],[-81.5375,46.63333],[-81.5375,46.62917],[-81.54375,46.62917]]]}},{"type":"Feature","properties":{"c":"914856","o":"","e":""},"geometry":{"type":"Polygon","coordinates":[[[-81.55625,46.63333],[-81.55625,46.6375],[-81.55,46.6375],[-81.55,46.63333],[-81.55625,46.63333]]]}},{"type":"Feature","properties":{"c":"914857","o":"","e":""},"geometry":{"type":"Polygon","coordinates":[[[-81.55,46.63333],[-81.55,46.6375],[-81.54375,46.6375],[-81.54375,46.63333],[-81.55,46.63333]]]}},{"type":"Feature","properties":{"c":"914858","o":"","e":""},"geometry":{"type":"Polygon","coordinates":[[[-81.54375,46.63333],[-81.54375,46.6375],[-81.5375,46.6375],[-81.5375,46.63333],[-81.54375,46.63333]]]}},{"type":"Feature","properties":{"c":"914859","o":"","e":""},"geometry":{"type":"Polygon","coordinates":[[[-81.55625,46.6375],[-81.55625,46.64167],[-81.55,46.64167],[-81.55,46.6375],[-81.55625,46.6375]]]}},{"type":"Feature","properties":{"c":"914860","o":"","e":""},"geometry":{"type":"Polygon","coordinates":[[[-81.55,46.6375],[-81.55,46.64167],[-81.54375,46.64167],[-81.54375,46.6375],[-81.55,46.6375]]]}},{"type":"Feature","properties":{"c":"914861","o":"","e":""},"geometry":{"type":"Polygon","coordinates":[[[-81.54375,46.6375],[-81.54375,46.64167],[-81.5375,46.64167],[-81.5375,46.6375],[-81.54375,46.6375]]]}},{"type":"Feature","properties":{"c":"916015","o":"","e":""},"geometry":{"type":"Polygon","coordinates":[[[-81.55,46.59583],[-81.55,46.6],[-81.54375,46.6],[-81.54375,46.59583],[-81.55,46.59583]]]}},{"type":"Feature","properties":{"c":"916016","o":"","e":""},"geometry":{"type":"Polygon","coordinates":[[[-81.54375,46.59583],[-81.54375,46.6],[-81.5375,46.6],[-81.5375,46.59583],[-81.54375,46.59583]]]}},{"type":"Feature","properties":{"c":"916017","o":"","e":""},"geometry":{"type":"Polygon","coordinates":[[[-81.5375,46.59583],[-81.5375,46.6],[-81.53125,46.6],[-81.53125,46.59583],[-81.5375,46.59583]]]}},{"type":"Feature","properties":{"c":"916018","o":"","e":""},"geometry":{"type":"Polygon","coordinates":[[[-81.55625,46.59167],[-81.55625,46.59583],[-81.55,46.59583],[-81.55,46.59167],[-81.55625,46.59167]]]}},{"type":"Feature","properties":{"c":"916019","o":"","e":""},"geometry":{"type":"Polygon","coordinates":[[[-81.55,46.59167],[-81.55,46.59583],[-81.54375,46.59583],[-81.54375,46.59167],[-81.55,46.59167]]]}},{"type":"Feature","properties":{"c":"916020","o":"","e":""},"geometry":{"type":"Polygon","coordinates":[[[-81.54375,46.59167],[-81.54375,46.59583],[-81.5375,46.59583],[-81.5375,46.59167],[-81.54375,46.59167]]]}},{"type":"Feature","properties":{"c":"916021","o":"","e":""},"geometry":{"type":"Polygon","coordinates":[[[-81.5375,46.59167],[-81.5375,46.59583],[-81.53125,46.59583],[-81.53125,46.59167],[-81.5375,46.59167]]]}},{"type":"Feature","properties":{"c":"916022","o":"","e":""},"geometry":{"type":"Polygon","coordinates":[[[-81.55625,46.5875],[-81.55625,46.59167],[-81.55,46.59167],[-81.55,46.5875],[-81.55625,46.5875]]]}},{"type":"Feature","properties":{"c":"916023","o":"","e":""},"geometry":{"type":"Polygon","coordinates":[[[-81.55,46.5875],[-81.55,46.59167],[-81.54375,46.59167],[-81.54375,46.5875],[-81.55,46.5875]]]}},{"type":"Feature","properties":{"c":"916024","o":"","e":""},"geometry":{"type":"Polygon","coordinates":[[[-81.54375,46.5875],[-81.54375,46.59167],[-81.5375,46.59167],[-81.5375,46.5875],[-81.54375,46.5875]]]}},{"type":"Feature","properties":{"c":"916025","o":"","e":""},"geometry":{"type":"Polygon","coordinates":[[[-81.5375,46.5875],[-81.5375,46.59167],[-81.53125,46.59167],[-81.53125,46.5875],[-81.5375,46.5875]]]}},{"type":"Feature","properties":{"c":"916026","o":"","e":""},"geometry":{"type":"Polygon","coordinates":[[[-81.55625,46.58333],[-81.55625,46.5875],[-81.55,46.5875],[-81.55,46.58333],[-81.55625,46.58333]]]}},{"type":"Feature","properties":{"c":"916027","o":"","e":""},"geometry":{"type":"Polygon","coordinates":[[[-81.55,46.58333],[-81.55,46.5875],[-81.54375,46.5875],[-81.54375,46.58333],[-81.55,46.58333]]]}},{"type":"Feature","properties":{"c":"916028","o":"","e":""},"geometry":{"type":"Polygon","coordinates":[[[-81.54375,46.58333],[-81.54375,46.5875],[-81.5375,46.5875],[-81.5375,46.58333],[-81.54375,46.58333]]]}},{"type":"Feature","properties":{"c":"916032","o":"","e":""},"geometry":{"type":"Polygon","coordinates":[[[-81.55,46.60417],[-81.55,46.60833],[-81.54375,46.60833],[-81.54375,46.60417],[-81.55,46.60417]]]}},{"type":"Feature","properties":{"c":"916029","o":"","e":""},"geometry":{"type":"Polygon","coordinates":[[[-81.5375,46.58333],[-81.5375,46.5875],[-81.53125,46.5875],[-81.53125,46.58333],[-81.5375,46.58333]]]}},{"type":"Feature","properties":{"c":"916030","o":"","e":""},"geometry":{"type":"Polygon","coordinates":[[[-81.55,46.6],[-81.55,46.60417],[-81.54375,46.60417],[-81.54375,46.6],[-81.55,46.6]]]}},{"type":"Feature","properties":{"c":"916031","o":"","e":""},"geometry":{"type":"Polygon","coordinates":[[[-81.54375,46.60417],[-81.54375,46.60833],[-81.5375,46.60833],[-81.5375,46.60417],[-81.54375,46.60417]]]}},{"type":"Feature","properties":{"c":"916033","o":"","e":""},"geometry":{"type":"Polygon","coordinates":[[[-81.54375,46.6],[-81.54375,46.60417],[-81.5375,46.60417],[-81.5375,46.6],[-81.54375,46.6]]]}},{"type":"Feature","properties":{"c":"916034","o":"","e":""},"geometry":{"type":"Polygon","coordinates":[[[-81.55,46.60833],[-81.55,46.6125],[-81.54375,46.6125],[-81.54375,46.60833],[-81.55,46.60833]]]}},{"type":"Feature","properties":{"c":"916035","o":"","e":""},"geometry":{"type":"Polygon","coordinates":[[[-81.5375,46.6],[-81.5375,46.60417],[-81.53125,46.60417],[-81.53125,46.6],[-81.5375,46.6]]]}},{"type":"Feature","properties":{"c":"916005","o":"","e":""},"geometry":{"type":"Polygon","coordinates":[[[-81.55625,46.57917],[-81.55625,46.58333],[-81.55,46.58333],[-81.55,46.57917],[-81.55625,46.57917]]]}},{"type":"Feature","properties":{"c":"916006","o":"","e":""},"geometry":{"type":"Polygon","coordinates":[[[-81.55,46.57917],[-81.55,46.58333],[-81.54375,46.58333],[-81.54375,46.57917],[-81.55,46.57917]]]}},{"type":"Feature","properties":{"c":"916007","o":"","e":""},"geometry":{"type":"Polygon","coordinates":[[[-81.54375,46.57917],[-81.54375,46.58333],[-81.5375,46.58333],[-81.5375,46.57917],[-81.54375,46.57917]]]}},{"type":"Feature","properties":{"c":"916008","o":"","e":""},"geometry":{"type":"Polygon","coordinates":[[[-81.5375,46.57917],[-81.5375,46.58333],[-81.53125,46.58333],[-81.53125,46.57917],[-81.5375,46.57917]]]}},{"type":"Feature","properties":{"c":"916009","o":"","e":""},"geometry":{"type":"Polygon","coordinates":[[[-81.53125,46.57917],[-81.53125,46.58333],[-81.525,46.58333],[-81.525,46.57917],[-81.53125,46.57917]]]}},{"type":"Feature","properties":{"c":"916010","o":"","e":""},"geometry":{"type":"Polygon","coordinates":[[[-81.55,46.575],[-81.55,46.57917],[-81.54375,46.57917],[-81.54375,46.575],[-81.55,46.575]]]}},{"type":"Feature","properties":{"c":"916011","o":"","e":""},"geometry":{"type":"Polygon","coordinates":[[[-81.54375,46.575],[-81.54375,46.57917],[-81.5375,46.57917],[-81.5375,46.575],[-81.54375,46.575]]]}},{"type":"Feature","properties":{"c":"916012","o":"","e":""},"geometry":{"type":"Polygon","coordinates":[[[-81.5375,46.575],[-81.5375,46.57917],[-81.53125,46.57917],[-81.53125,46.575],[-81.5375,46.575]]]}},{"type":"Feature","properties":{"c":"916013","o":"","e":""},"geometry":{"type":"Polygon","coordinates":[[[-81.53125,46.575],[-81.53125,46.57917],[-81.525,46.57917],[-81.525,46.575],[-81.53125,46.575]]]}},{"type":"Feature","properties":{"c":"916014","o":"","e":""},"geometry":{"type":"Polygon","coordinates":[[[-81.55625,46.59583],[-81.55625,46.6],[-81.55,46.6],[-81.55,46.59583],[-81.55625,46.59583]]]}},{"type":"Feature","properties":{"c":"914952","o":"","e":""},"geometry":{"type":"Polygon","coordinates":[[[-81.50625,46.67917],[-81.50625,46.68333],[-81.5,46.68333],[-81.5,46.67917],[-81.50625,46.67917]]]}},{"type":"Feature","properties":{"c":"914957","o":"","e":""},"geometry":{"type":"Polygon","coordinates":[[[-81.50625,46.68333],[-81.50625,46.6875],[-81.5,46.6875],[-81.5,46.68333],[-81.50625,46.68333]]]}},{"type":"Feature","properties":{"c":"914831","o":"","e":""},"geometry":{"type":"Polygon","coordinates":[[[-81.58125,46.53333],[-81.58125,46.5375],[-81.575,46.5375],[-81.575,46.53333],[-81.58125,46.53333]]]}},{"type":"Feature","properties":{"c":"914832","o":"","e":""},"geometry":{"type":"Polygon","coordinates":[[[-81.575,46.53333],[-81.575,46.5375],[-81.56875,46.5375],[-81.56875,46.53333],[-81.575,46.53333]]]}},{"type":"Feature","properties":{"c":"914833","o":"","e":""},"geometry":{"type":"Polygon","coordinates":[[[-81.56875,46.53333],[-81.56875,46.5375],[-81.5625,46.5375],[-81.5625,46.53333],[-81.56875,46.53333]]]}},{"type":"Feature","properties":{"c":"914834","o":"","e":""},"geometry":{"type":"Polygon","coordinates":[[[-81.5625,46.53333],[-81.5625,46.5375],[-81.55625,46.5375],[-81.55625,46.53333],[-81.5625,46.53333]]]}},{"type":"Feature","properties":{"c":"914835","o":"","e":""},"geometry":{"type":"Polygon","coordinates":[[[-81.575,46.5375],[-81.575,46.54167],[-81.56875,46.54167],[-81.56875,46.5375],[-81.575,46.5375]]]}},{"type":"Feature","properties":{"c":"914836","o":"","e":""},"geometry":{"type":"Polygon","coordinates":[[[-81.56875,46.5375],[-81.56875,46.54167],[-81.5625,46.54167],[-81.5625,46.5375],[-81.56875,46.5375]]]}},{"type":"Feature","properties":{"c":"914837","o":"","e":""},"geometry":{"type":"Polygon","coordinates":[[[-81.5625,46.5375],[-81.5625,46.54167],[-81.55625,46.54167],[-81.55625,46.5375],[-81.5625,46.5375]]]}},{"type":"Feature","properties":{"c":"914838","o":"","e":""},"geometry":{"type":"Polygon","coordinates":[[[-81.56875,46.54167],[-81.56875,46.54583],[-81.5625,46.54583],[-81.5625,46.54167],[-81.56875,46.54167]]]}},{"type":"Feature","properties":{"c":"914839","o":"","e":""},"geometry":{"type":"Polygon","coordinates":[[[-81.5625,46.54167],[-81.5625,46.54583],[-81.55625,46.54583],[-81.55625,46.54167],[-81.5625,46.54167]]]}},{"type":"Feature","properties":{"c":"914936","o":"","e":""},"geometry":{"type":"Polygon","coordinates":[[[-81.50625,46.66667],[-81.50625,46.67083],[-81.5,46.67083],[-81.5,46.66667],[-81.50625,46.66667]]]}},{"type":"Feature","properties":{"c":"914941","o":"","e":""},"geometry":{"type":"Polygon","coordinates":[[[-81.50625,46.67083],[-81.50625,46.675],[-81.5,46.675],[-81.5,46.67083],[-81.50625,46.67083]]]}},{"type":"Feature","properties":{"c":"914946","o":"","e":""},"geometry":{"type":"Polygon","coordinates":[[[-81.50625,46.675],[-81.50625,46.67917],[-81.5,46.67917],[-81.5,46.675],[-81.50625,46.675]]]}},{"type":"Feature","properties":{"c":"916048","o":"","e":""},"geometry":{"type":"Polygon","coordinates":[[[-81.60625,46.50833],[-81.60625,46.5125],[-81.6,46.5125],[-81.6,46.50833],[-81.60625,46.50833]]]}},{"type":"Feature","properties":{"c":"916049","o":"","e":""},"geometry":{"type":"Polygon","coordinates":[[[-81.6125,46.50417],[-81.6125,46.50833],[-81.60625,46.50833],[-81.60625,46.50417],[-81.6125,46.50417]]]}},{"type":"Feature","properties":{"c":"916050","o":"","e":""},"geometry":{"type":"Polygon","coordinates":[[[-81.6125,46.50833],[-81.6125,46.5125],[-81.60625,46.5125],[-81.60625,46.50833],[-81.6125,46.50833]]]}},{"type":"Feature","properties":{"c":"915998","o":"","e":""},"geometry":{"type":"Polygon","coordinates":[[[-81.525,46.6125],[-81.525,46.61667],[-81.51875,46.61667],[-81.51875,46.6125],[-81.525,46.6125]]]}},{"type":"Feature","properties":{"c":"915999","o":"","e":""},"geometry":{"type":"Polygon","coordinates":[[[-81.51875,46.6125],[-81.51875,46.61667],[-81.5125,46.61667],[-81.5125,46.6125],[-81.51875,46.6125]]]}},{"type":"Feature","properties":{"c":"916000","o":"","e":""},"geometry":{"type":"Polygon","coordinates":[[[-81.5125,46.6125],[-81.5125,46.61667],[-81.50625,46.61667],[-81.50625,46.6125],[-81.5125,46.6125]]]}},{"type":"Feature","properties":{"c":"916001","o":"","e":""},"geometry":{"type":"Polygon","coordinates":[[[-81.51875,46.60833],[-81.51875,46.6125],[-81.5125,46.6125],[-81.5125,46.60833],[-81.51875,46.60833]]]}},{"type":"Feature","properties":{"c":"916002","o":"","e":""},"geometry":{"type":"Polygon","coordinates":[[[-81.5125,46.60833],[-81.5125,46.6125],[-81.50625,46.6125],[-81.50625,46.60833],[-81.5125,46.60833]]]}},{"type":"Feature","properties":{"c":"916003","o":"","e":""},"geometry":{"type":"Polygon","coordinates":[[[-81.51875,46.60417],[-81.51875,46.60833],[-81.5125,46.60833],[-81.5125,46.60417],[-81.51875,46.60417]]]}},{"type":"Feature","properties":{"c":"916251","o":"","e":""},"geometry":{"type":"Polygon","coordinates":[[[-81.55625,46.6125],[-81.55625,46.61667],[-81.55,46.61667],[-81.55,46.6125],[-81.55625,46.6125]]]}},{"type":"Feature","properties":{"c":"749719","o":"","e":""},"geometry":{"type":"Polygon","coordinates":[[[-81.63125,46.8],[-81.63125,46.80417],[-81.625,46.80417],[-81.625,46.8],[-81.63125,46.8]]]}},{"type":"Feature","properties":{"c":"749720","o":"","e":""},"geometry":{"type":"Polygon","coordinates":[[[-81.61875,46.8],[-81.61875,46.80417],[-81.6125,46.80417],[-81.6125,46.8],[-81.61875,46.8]]]}},{"type":"Feature","properties":{"c":"749721","o":"","e":""},"geometry":{"type":"Polygon","coordinates":[[[-81.6125,46.8],[-81.6125,46.80417],[-81.60625,46.80417],[-81.60625,46.8],[-81.6125,46.8]]]}},{"type":"Feature","properties":{"c":"749722","o":"","e":""},"geometry":{"type":"Polygon","coordinates":[[[-81.63125,46.79167],[-81.63125,46.79583],[-81.625,46.79583],[-81.625,46.79167],[-81.63125,46.79167]]]}},{"type":"Feature","properties":{"c":"749723","o":"","e":""},"geometry":{"type":"Polygon","coordinates":[[[-81.625,46.79583],[-81.625,46.8],[-81.61875,46.8],[-81.61875,46.79583],[-81.625,46.79583]]]}},{"type":"Feature","properties":{"c":"749724","o":"","e":""},"geometry":{"type":"Polygon","coordinates":[[[-81.63125,46.7875],[-81.63125,46.79167],[-81.625,46.79167],[-81.625,46.7875],[-81.63125,46.7875]]]}},{"type":"Feature","properties":{"c":"749725","o":"","e":""},"geometry":{"type":"Polygon","coordinates":[[[-81.63125,46.79583],[-81.63125,46.8],[-81.625,46.8],[-81.625,46.79583],[-81.63125,46.79583]]]}},{"type":"Feature","properties":{"c":"749726","o":"","e":""},"geometry":{"type":"Polygon","coordinates":[[[-81.625,46.8],[-81.625,46.80417],[-81.61875,46.80417],[-81.61875,46.8],[-81.625,46.8]]]}},{"type":"Feature","properties":{"c":"915173","o":"","e":""},"geometry":{"type":"Polygon","coordinates":[[[-81.55,46.6125],[-81.55,46.61667],[-81.54375,46.61667],[-81.54375,46.6125],[-81.55,46.6125]]]}},{"type":"Feature","properties":{"c":"915174","o":"","e":""},"geometry":{"type":"Polygon","coordinates":[[[-81.54375,46.6125],[-81.54375,46.61667],[-81.5375,46.61667],[-81.5375,46.6125],[-81.54375,46.6125]]]}},{"type":"Feature","properties":{"c":"915175","o":"","e":""},"geometry":{"type":"Polygon","coordinates":[[[-81.5375,46.60833],[-81.5375,46.6125],[-81.53125,46.6125],[-81.53125,46.60833],[-81.5375,46.60833]]]}},{"type":"Feature","properties":{"c":"915176","o":"","e":""},"geometry":{"type":"Polygon","coordinates":[[[-81.5375,46.6125],[-81.5375,46.61667],[-81.53125,46.61667],[-81.53125,46.6125],[-81.5375,46.6125]]]}},{"type":"Feature","properties":{"c":"915177","o":"","e":""},"geometry":{"type":"Polygon","coordinates":[[[-81.53125,46.6125],[-81.53125,46.61667],[-81.525,46.61667],[-81.525,46.6125],[-81.53125,46.6125]]]}},{"type":"Feature","properties":{"c":"915178","o":"","e":""},"geometry":{"type":"Polygon","coordinates":[[[-81.53125,46.60417],[-81.53125,46.60833],[-81.525,46.60833],[-81.525,46.60417],[-81.53125,46.60417]]]}},{"type":"Feature","properties":{"c":"915179","o":"","e":""},"geometry":{"type":"Polygon","coordinates":[[[-81.53125,46.60833],[-81.53125,46.6125],[-81.525,46.6125],[-81.525,46.60833],[-81.53125,46.60833]]]}},{"type":"Feature","properties":{"c":"915180","o":"","e":""},"geometry":{"type":"Polygon","coordinates":[[[-81.525,46.60417],[-81.525,46.60833],[-81.51875,46.60833],[-81.51875,46.60417],[-81.525,46.60417]]]}},{"type":"Feature","properties":{"c":"915181","o":"","e":""},"geometry":{"type":"Polygon","coordinates":[[[-81.53125,46.6],[-81.53125,46.60417],[-81.525,46.60417],[-81.525,46.6],[-81.53125,46.6]]]}},{"type":"Feature","properties":{"c":"915182","o":"","e":""},"geometry":{"type":"Polygon","coordinates":[[[-81.525,46.60833],[-81.525,46.6125],[-81.51875,46.6125],[-81.51875,46.60833],[-81.525,46.60833]]]}},{"type":"Feature","properties":{"c":"915183","o":"","e":""},"geometry":{"type":"Polygon","coordinates":[[[-81.54375,46.60833],[-81.54375,46.6125],[-81.5375,46.6125],[-81.5375,46.60833],[-81.54375,46.60833]]]}},{"type":"Feature","properties":{"c":"915184","o":"","e":""},"geometry":{"type":"Polygon","coordinates":[[[-81.5375,46.60417],[-81.5375,46.60833],[-81.53125,46.60833],[-81.53125,46.60417],[-81.5375,46.60417]]]}},{"type":"Feature","properties":{"c":"916044","o":"","e":""},"geometry":{"type":"Polygon","coordinates":[[[-81.65,46.50833],[-81.65,46.5125],[-81.64375,46.5125],[-81.64375,46.50833],[-81.65,46.50833]]]}},{"type":"Feature","properties":{"c":"916045","o":"","e":""},"geometry":{"type":"Polygon","coordinates":[[[-81.65,46.5125],[-81.65,46.51667],[-81.64375,46.51667],[-81.64375,46.5125],[-81.65,46.5125]]]}},{"type":"Feature","properties":{"c":"916046","o":"","e":""},"geometry":{"type":"Polygon","coordinates":[[[-81.64375,46.50833],[-81.64375,46.5125],[-81.6375,46.5125],[-81.6375,46.50833],[-81.64375,46.50833]]]}},{"type":"Feature","properties":{"c":"916047","o":"","e":""},"geometry":{"type":"Polygon","coordinates":[[[-81.6375,46.50833],[-81.6375,46.5125],[-81.63125,46.5125],[-81.63125,46.50833],[-81.6375,46.50833]]]}},{"type":"Feature","properties":{"c":"939444","o":"","e":""},"geometry":{"type":"Polygon","coordinates":[[[-81.6125,46.8375],[-81.6125,46.84167],[-81.60625,46.84167],[-81.60625,46.8375],[-81.6125,46.8375]]]}},{"type":"Feature","properties":{"c":"939445","o":"","e":""},"geometry":{"type":"Polygon","coordinates":[[[-81.60625,46.8375],[-81.60625,46.84167],[-81.6,46.84167],[-81.6,46.8375],[-81.60625,46.8375]]]}},{"type":"Feature","properties":{"c":"939446","o":"","e":""},"geometry":{"type":"Polygon","coordinates":[[[-81.6,46.8375],[-81.6,46.84167],[-81.59375,46.84167],[-81.59375,46.8375],[-81.6,46.8375]]]}},{"type":"Feature","properties":{"c":"939447","o":"","e":""},"geometry":{"type":"Polygon","coordinates":[[[-81.6,46.84167],[-81.6,46.84583],[-81.59375,46.84583],[-81.59375,46.84167],[-81.6,46.84167]]]}},{"type":"Feature","properties":{"c":"939448","o":"","e":""},"geometry":{"type":"Polygon","coordinates":[[[-81.6,46.84583],[-81.6,46.85],[-81.59375,46.85],[-81.59375,46.84583],[-81.6,46.84583]]]}},{"type":"Feature","properties":{"c":"939449","o":"","e":""},"geometry":{"type":"Polygon","coordinates":[[[-81.59375,46.84583],[-81.59375,46.85],[-81.5875,46.85],[-81.5875,46.84583],[-81.59375,46.84583]]]}},{"type":"Feature","properties":{"c":"939450","o":"","e":""},"geometry":{"type":"Polygon","coordinates":[[[-81.59375,46.84167],[-81.59375,46.84583],[-81.5875,46.84583],[-81.5875,46.84167],[-81.59375,46.84167]]]}},{"type":"Feature","properties":{"c":"1028864","o":"","e":""},"geometry":{"type":"Polygon","coordinates":[[[-81.6375,46.99583],[-81.6375,47.0],[-81.63125,47.0],[-81.63125,46.99583],[-81.6375,46.99583]]]}},{"type":"Feature","properties":{"c":"916004","o":"","e":""},"geometry":{"type":"Polygon","coordinates":[[[-81.53125,46.61667],[-81.53125,46.62083],[-81.525,46.62083],[-81.525,46.61667],[-81.53125,46.61667]]]}}]}