{"type":"FeatureCollection","features":[{"type":"Feature","properties":{"c":"113201","o":"","e":""},"geometry":{"type":"Polygon","coordinates":[[[-82.50625,46.47083],[-82.50625,46.475],[-82.5,46.475],[-82.5,46.47083],[-82.50625,46.47083]]]}},{"type":"Feature","properties":{"c":"146355","o":"","e":""},"geometry":{"type":"Polygon","coordinates":[[[-82.50625,46.49167],[-82.50625,46.49583],[-82.5,46.49583],[-82.5,46.49167],[-82.50625,46.49167]]]}},{"type":"Feature","properties":{"c":"1015925","o":"","e":""},"geometry":{"type":"Polygon","coordinates":[[[-82.54375,46.40833],[-82.54375,46.4125],[-82.5375,46.4125],[-82.53125,46.4125],[-82.525,46.4125],[-82.51875,46.4125],[-82.5125,46.4125],[-82.50625,46.4125],[-82.5,46.4125],[-82.5,46.40833],[-82.5,46.40417],[-82.49375,46.40417],[-82.49375,46.4],[-82.5,46.4],[-82.5,46.39583],[-82.50625,46.39583],[-82.5125,46.39583],[-82.51875,46.39583],[-82.51875,46.4],[-82.525,46.4],[-82.53125,46.4],[-82.5375,46.4],[-82.54375,46.4],[-82.54375,46.40417],[-82.54375,46.40833]]]}},{"type":"Feature","properties":{"c":"164432","o":"","e":""},"geometry":{"type":"Polygon","coordinates":[[[-82.50625,46.43333],[-82.50625,46.4375],[-82.5,46.4375],[-82.5,46.43333],[-82.50625,46.43333]]]}},{"type":"Feature","properties":{"c":"192902","o":"","e":""},"geometry":{"type":"Polygon","coordinates":[[[-82.50625,46.48333],[-82.50625,46.4875],[-82.5,46.4875],[-82.5,46.48333],[-82.50625,46.48333]]]}},{"type":"Feature","properties":{"c":"228590","o":"","e":""},"geometry":{"type":"Polygon","coordinates":[[[-82.50625,46.44583],[-82.50625,46.45],[-82.5,46.45],[-82.5,46.44583],[-82.50625,46.44583]]]}},{"type":"Feature","properties":{"c":"230021","o":"","e":""},"geometry":{"type":"Polygon","coordinates":[[[-82.50625,46.4875],[-82.50625,46.49167],[-82.5,46.49167],[-82.5,46.4875],[-82.50625,46.4875]]]}},{"type":"Feature","properties":{"c":"241552","o":"","e":""},"geometry":{"type":"Polygon","coordinates":[[[-82.50625,46.49583],[-82.50625,46.5],[-82.5,46.5],[-82.5,46.49583],[-82.50625,46.49583]]]}},{"type":"Feature","properties":{"c":"240754","o":"","e":""},"geometry":{"type":"Polygon","coordinates":[[[-82.50625,46.45],[-82.50625,46.45417],[-82.5,46.45417],[-82.5,46.45],[-82.50625,46.45]]]}},{"type":"Feature","properties":{"c":"267896","o":"","e":""},"geometry":{"type":"Polygon","coordinates":[[[-82.50625,46.47917],[-82.50625,46.48333],[-82.5,46.48333],[-82.5,46.47917],[-82.50625,46.47917]]]}},{"type":"Feature","properties":{"c":"279187","o":"","e":""},"geometry":{"type":"Polygon","coordinates":[[[-82.50625,46.4375],[-82.50625,46.44167],[-82.5,46.44167],[-82.5,46.4375],[-82.50625,46.4375]]]}},{"type":"Feature","properties":{"c":"287168","o":"","e":""},"geometry":{"type":"Polygon","coordinates":[[[-82.50625,46.44167],[-82.50625,46.44583],[-82.5,46.44583],[-82.5,46.44167],[-82.50625,46.44167]]]}},{"type":"Feature","properties":{"c":"318437","o":"","e":""},"geometry":{"type":"Polygon","coordinates":[[[-82.50625,46.475],[-82.50625,46.47917],[-82.5,46.47917],[-82.5,46.475],[-82.50625,46.475]]]}},{"type":"Feature","properties":{"c":"326944","o":"","e":""},"geometry":{"type":"Polygon","coordinates":[[[-82.50625,46.42917],[-82.50625,46.43333],[-82.5,46.43333],[-82.5,46.42917],[-82.50625,46.42917]]]}},{"type":"Feature","properties":{"c":"338933","o":"","e":""},"geometry":{"type":"Polygon","coordinates":[[[-82.43125,46.38333],[-82.43125,46.3875],[-82.425,46.3875],[-82.425,46.38333],[-82.43125,46.38333]]]}},{"type":"Feature","properties":{"c":"338934","o":"","e":""},"geometry":{"type":"Polygon","coordinates":[[[-82.43125,46.37917],[-82.43125,46.38333],[-82.425,46.38333],[-82.425,46.37917],[-82.43125,46.37917]]]}},{"type":"Feature","properties":{"c":"338850","o":"","e":""},"geometry":{"type":"Polygon","coordinates":[[[-82.375,46.39583],[-82.375,46.4],[-82.36875,46.4],[-82.36875,46.39583],[-82.375,46.39583]]]}},{"type":"Feature","properties":{"c":"333497","o":"","e":""},"geometry":{"type":"Polygon","coordinates":[[[-82.2,46.44167],[-82.2,46.44583],[-82.19375,46.44583],[-82.19375,46.44167],[-82.2,46.44167]]]}},{"type":"Feature","properties":{"c":"340724","o":"","e":""},"geometry":{"type":"Polygon","coordinates":[[[-82.225,46.4],[-82.225,46.40417],[-82.21875,46.40417],[-82.21875,46.4],[-82.225,46.4]]]}},{"type":"Feature","properties":{"c":"339600","o":"","e":""},"geometry":{"type":"Polygon","coordinates":[[[-82.025,46.4125],[-82.025,46.41667],[-82.01875,46.41667],[-82.01875,46.4125],[-82.025,46.4125]]]}},{"type":"Feature","properties":{"c":"344911","o":"","e":""},"geometry":{"type":"Polygon","coordinates":[[[-82.175,46.425],[-82.175,46.42917],[-82.16875,46.42917],[-82.16875,46.425],[-82.175,46.425]]]}},{"type":"Feature","properties":{"c":"345505","o":"","e":""},"geometry":{"type":"Polygon","coordinates":[[[-82.1875,46.4125],[-82.1875,46.41667],[-82.18125,46.41667],[-82.18125,46.4125],[-82.1875,46.4125]]]}},{"type":"Feature","properties":{"c":"345417","o":"","e":""},"geometry":{"type":"Polygon","coordinates":[[[-82.2625,46.40417],[-82.2625,46.40833],[-82.25625,46.40833],[-82.25625,46.40417],[-82.2625,46.40417]]]}},{"type":"Feature","properties":{"c":"345418","o":"","e":""},"geometry":{"type":"Polygon","coordinates":[[[-82.24375,46.39583],[-82.24375,46.4],[-82.2375,46.4],[-82.2375,46.39583],[-82.24375,46.39583]]]}},{"type":"Feature","properties":{"c":"335359","o":"","e":""},"geometry":{"type":"Polygon","coordinates":[[[-82.3625,46.3625],[-82.3625,46.36667],[-82.35625,46.36667],[-82.35625,46.3625],[-82.3625,46.3625]]]}},{"type":"Feature","properties":{"c":"334111","o":"","e":""},"geometry":{"type":"Polygon","coordinates":[[[-82.16875,46.43333],[-82.16875,46.4375],[-82.1625,46.4375],[-82.1625,46.43333],[-82.16875,46.43333]]]}},{"type":"Feature","properties":{"c":"341002","o":"","e":""},"geometry":{"type":"Polygon","coordinates":[[[-82.025,46.39583],[-82.025,46.4],[-82.01875,46.4],[-82.01875,46.39583],[-82.025,46.39583]]]}},{"type":"Feature","properties":{"c":"341593","o":"","e":""},"geometry":{"type":"Polygon","coordinates":[[[-82.2375,46.42083],[-82.2375,46.425],[-82.23125,46.425],[-82.23125,46.42083],[-82.2375,46.42083]]]}},{"type":"Feature","properties":{"c":"341594","o":"","e":""},"geometry":{"type":"Polygon","coordinates":[[[-82.2625,46.41667],[-82.2625,46.42083],[-82.25625,46.42083],[-82.25625,46.41667],[-82.2625,46.41667]]]}},{"type":"Feature","properties":{"c":"341595","o":"","e":""},"geometry":{"type":"Polygon","coordinates":[[[-82.25625,46.4125],[-82.25625,46.41667],[-82.25,46.41667],[-82.25,46.4125],[-82.25625,46.4125]]]}},{"type":"Feature","properties":{"c":"339174","o":"","e":""},"geometry":{"type":"Polygon","coordinates":[[[-82.48125,46.44583],[-82.48125,46.45],[-82.475,46.45],[-82.475,46.44583],[-82.48125,46.44583]]]}},{"type":"Feature","properties":{"c":"340629","o":"","e":""},"geometry":{"type":"Polygon","coordinates":[[[-82.35,46.3875],[-82.35,46.39167],[-82.34375,46.39167],[-82.34375,46.3875],[-82.35,46.3875]]]}},{"type":"Feature","properties":{"c":"337409","o":"","e":""},"geometry":{"type":"Polygon","coordinates":[[[-82.3875,46.37917],[-82.3875,46.38333],[-82.38125,46.38333],[-82.38125,46.37917],[-82.3875,46.37917]]]}},{"type":"Feature","properties":{"c":"337410","o":"","e":""},"geometry":{"type":"Polygon","coordinates":[[[-82.39375,46.37917],[-82.39375,46.38333],[-82.3875,46.38333],[-82.3875,46.37917],[-82.39375,46.37917]]]}},{"type":"Feature","properties":{"c":"340608","o":"","e":""},"geometry":{"type":"Polygon","coordinates":[[[-82.34375,46.39583],[-82.34375,46.4],[-82.3375,46.4],[-82.3375,46.39583],[-82.34375,46.39583]]]}},{"type":"Feature","properties":{"c":"337318","o":"","e":""},"geometry":{"type":"Polygon","coordinates":[[[-82.4875,46.425],[-82.4875,46.42917],[-82.48125,46.42917],[-82.48125,46.425],[-82.4875,46.425]]]}},{"type":"Feature","properties":{"c":"101210","o":"","e":""},"geometry":{"type":"Polygon","coordinates":[[[-82.3625,46.35833],[-82.3625,46.3625],[-82.35625,46.3625],[-82.35625,46.35833],[-82.3625,46.35833]]]}},{"type":"Feature","properties":{"c":"102250","o":"","e":""},"geometry":{"type":"Polygon","coordinates":[[[-82.41875,46.39583],[-82.41875,46.4],[-82.4125,46.4],[-82.4125,46.39583],[-82.41875,46.39583]]]}},{"type":"Feature","properties":{"c":"102251","o":"","e":""},"geometry":{"type":"Polygon","coordinates":[[[-82.41875,46.39167],[-82.41875,46.39583],[-82.4125,46.39583],[-82.4125,46.39167],[-82.41875,46.39167]]]}},{"type":"Feature","properties":{"c":"102252","o":"","e":""},"geometry":{"type":"Polygon","coordinates":[[[-82.41875,46.3875],[-82.41875,46.39167],[-82.4125,46.39167],[-82.4125,46.3875],[-82.41875,46.3875]]]}},{"type":"Feature","properties":{"c":"101475","o":"","e":""},"geometry":{"type":"Polygon","coordinates":[[[-82.36875,46.39167],[-82.36875,46.39583],[-82.3625,46.39583],[-82.3625,46.39167],[-82.36875,46.39167]]]}},{"type":"Feature","properties":{"c":"102401","o":"","e":""},"geometry":{"type":"Polygon","coordinates":[[[-82.45,46.39167],[-82.45,46.39583],[-82.44375,46.39583],[-82.44375,46.39167],[-82.45,46.39167]]]}},{"type":"Feature","properties":{"c":"104573","o":"","e":""},"geometry":{"type":"Polygon","coordinates":[[[-82.43125,46.375],[-82.43125,46.37917],[-82.425,46.37917],[-82.425,46.375],[-82.43125,46.375]]]}},{"type":"Feature","properties":{"c":"720211","o":"","e":""},"geometry":{"type":"Polygon","coordinates":[[[-82.46875,46.3875],[-82.46875,46.39167],[-82.4625,46.39167],[-82.4625,46.3875],[-82.46875,46.3875]]]}},{"type":"Feature","properties":{"c":"105813","o":"","e":""},"geometry":{"type":"Polygon","coordinates":[[[-82.2875,46.42083],[-82.2875,46.425],[-82.28125,46.425],[-82.28125,46.42083],[-82.2875,46.42083]]]}},{"type":"Feature","properties":{"c":"104213","o":"","e":""},"geometry":{"type":"Polygon","coordinates":[[[-82.4375,46.3875],[-82.4375,46.39167],[-82.43125,46.39167],[-82.43125,46.3875],[-82.4375,46.3875]]]}},{"type":"Feature","properties":{"c":"106272","o":"","e":""},"geometry":{"type":"Polygon","coordinates":[[[-82.24375,46.41667],[-82.24375,46.42083],[-82.2375,46.42083],[-82.2375,46.41667],[-82.24375,46.41667]]]}},{"type":"Feature","properties":{"c":"103690","o":"","e":""},"geometry":{"type":"Polygon","coordinates":[[[-82.075,46.40417],[-82.075,46.40833],[-82.06875,46.40833],[-82.06875,46.40417],[-82.075,46.40417]]]}},{"type":"Feature","properties":{"c":"105863","o":"","e":""},"geometry":{"type":"Polygon","coordinates":[[[-82.14375,46.43333],[-82.14375,46.4375],[-82.1375,46.4375],[-82.1375,46.43333],[-82.14375,46.43333]]]}},{"type":"Feature","properties":{"c":"102434","o":"","e":""},"geometry":{"type":"Polygon","coordinates":[[[-82.4125,46.37917],[-82.4125,46.38333],[-82.40625,46.38333],[-82.40625,46.37917],[-82.4125,46.37917]]]}},{"type":"Feature","properties":{"c":"105184","o":"","e":""},"geometry":{"type":"Polygon","coordinates":[[[-82.275,46.43333],[-82.275,46.4375],[-82.26875,46.4375],[-82.26875,46.43333],[-82.275,46.43333]]]}},{"type":"Feature","properties":{"c":"105185","o":"","e":""},"geometry":{"type":"Polygon","coordinates":[[[-82.275,46.42917],[-82.275,46.43333],[-82.26875,46.43333],[-82.26875,46.42917],[-82.275,46.42917]]]}},{"type":"Feature","properties":{"c":"105195","o":"","e":""},"geometry":{"type":"Polygon","coordinates":[[[-82.1375,46.42083],[-82.1375,46.425],[-82.13125,46.425],[-82.13125,46.42083],[-82.1375,46.42083]]]}},{"type":"Feature","properties":{"c":"106187","o":"","e":""},"geometry":{"type":"Polygon","coordinates":[[[-82.03125,46.39583],[-82.03125,46.4],[-82.025,46.4],[-82.025,46.39583],[-82.03125,46.39583]]]}},{"type":"Feature","properties":{"c":"106332","o":"","e":""},"geometry":{"type":"Polygon","coordinates":[[[-82.04375,46.40417],[-82.04375,46.40833],[-82.0375,46.40833],[-82.0375,46.40417],[-82.04375,46.40417]]]}},{"type":"Feature","properties":{"c":"104616","o":"","e":""},"geometry":{"type":"Polygon","coordinates":[[[-82.4625,46.40833],[-82.4625,46.4125],[-82.45625,46.4125],[-82.45625,46.40833],[-82.4625,46.40833]]]}},{"type":"Feature","properties":{"c":"104617","o":"","e":""},"geometry":{"type":"Polygon","coordinates":[[[-82.475,46.40417],[-82.475,46.40833],[-82.46875,46.40833],[-82.46875,46.40417],[-82.475,46.40417]]]}},{"type":"Feature","properties":{"c":"625382","o":"","e":""},"geometry":{"type":"Polygon","coordinates":[[[-82.16875,46.25833],[-82.1625,46.25833],[-82.1625,46.25417],[-82.1625,46.25],[-82.16875,46.25],[-82.16875,46.25417],[-82.16875,46.25833]]]}},{"type":"Feature","properties":{"c":"104812","o":"","e":""},"geometry":{"type":"Polygon","coordinates":[[[-82.3375,46.40417],[-82.3375,46.40833],[-82.33125,46.40833],[-82.33125,46.40417],[-82.3375,46.40417]]]}},{"type":"Feature","properties":{"c":"549995","o":"","e":""},"geometry":{"type":"Polygon","coordinates":[[[-82.15625,46.425],[-82.15625,46.42917],[-82.15,46.42917],[-82.15,46.425],[-82.15625,46.425]]]}},{"type":"Feature","properties":{"c":"549996","o":"","e":""},"geometry":{"type":"Polygon","coordinates":[[[-82.15625,46.42083],[-82.15625,46.425],[-82.15,46.425],[-82.15,46.42083],[-82.15625,46.42083]]]}},{"type":"Feature","properties":{"c":"549997","o":"","e":""},"geometry":{"type":"Polygon","coordinates":[[[-82.15625,46.41667],[-82.15625,46.42083],[-82.15,46.42083],[-82.15,46.41667],[-82.15625,46.41667]]]}},{"type":"Feature","properties":{"c":"549998","o":"","e":""},"geometry":{"type":"Polygon","coordinates":[[[-82.1625,46.41667],[-82.1625,46.42083],[-82.15625,46.42083],[-82.15625,46.41667],[-82.1625,46.41667]]]}},{"type":"Feature","properties":{"c":"105438","o":"","e":""},"geometry":{"type":"Polygon","coordinates":[[[-82.46875,46.49167],[-82.46875,46.49583],[-82.4625,46.49583],[-82.4625,46.49167],[-82.46875,46.49167]]]}},{"type":"Feature","properties":{"c":"105439","o":"","e":""},"geometry":{"type":"Polygon","coordinates":[[[-82.4875,46.49167],[-82.4875,46.49583],[-82.48125,46.49583],[-82.48125,46.49167],[-82.4875,46.49167]]]}},{"type":"Feature","properties":{"c":"111036","o":"","e":""},"geometry":{"type":"Polygon","coordinates":[[[-82.19375,46.4375],[-82.19375,46.44167],[-82.1875,46.44167],[-82.1875,46.4375],[-82.19375,46.4375]]]}},{"type":"Feature","properties":{"c":"109302","o":"","e":""},"geometry":{"type":"Polygon","coordinates":[[[-82.175,46.4125],[-82.175,46.41667],[-82.16875,46.41667],[-82.16875,46.4125],[-82.175,46.4125]]]}},{"type":"Feature","properties":{"c":"109588","o":"","e":""},"geometry":{"type":"Polygon","coordinates":[[[-82.1125,46.39583],[-82.1125,46.4],[-82.10625,46.4],[-82.10625,46.39583],[-82.1125,46.39583]]]}},{"type":"Feature","properties":{"c":"109893","o":"","e":""},"geometry":{"type":"Polygon","coordinates":[[[-82.04375,46.39583],[-82.04375,46.4],[-82.0375,46.4],[-82.0375,46.39583],[-82.04375,46.39583]]]}},{"type":"Feature","properties":{"c":"109894","o":"","e":""},"geometry":{"type":"Polygon","coordinates":[[[-82.05,46.39583],[-82.05,46.4],[-82.04375,46.4],[-82.04375,46.39583],[-82.05,46.39583]]]}},{"type":"Feature","properties":{"c":"110812","o":"","e":""},"geometry":{"type":"Polygon","coordinates":[[[-82.225,46.45],[-82.225,46.45417],[-82.21875,46.45417],[-82.21875,46.45],[-82.225,46.45]]]}},{"type":"Feature","properties":{"c":"882210","o":"","e":""},"geometry":{"type":"Polygon","coordinates":[[[-82.3625,46.34583],[-82.3625,46.35],[-82.35625,46.35],[-82.35,46.35],[-82.35,46.34583],[-82.35625,46.34583],[-82.3625,46.34583]]]}},{"type":"Feature","properties":{"c":"107819","o":"","e":""},"geometry":{"type":"Polygon","coordinates":[[[-82.10625,46.4],[-82.10625,46.40417],[-82.1,46.40417],[-82.1,46.4],[-82.10625,46.4]]]}},{"type":"Feature","properties":{"c":"110840","o":"","e":""},"geometry":{"type":"Polygon","coordinates":[[[-82.23125,46.44583],[-82.23125,46.45],[-82.225,46.45],[-82.225,46.44583],[-82.23125,46.44583]]]}},{"type":"Feature","properties":{"c":"113735","o":"","e":""},"geometry":{"type":"Polygon","coordinates":[[[-82.125,46.425],[-82.125,46.42917],[-82.11875,46.42917],[-82.11875,46.425],[-82.125,46.425]]]}},{"type":"Feature","properties":{"c":"109553","o":"","e":""},"geometry":{"type":"Polygon","coordinates":[[[-82.175,46.44583],[-82.175,46.45],[-82.16875,46.45],[-82.16875,46.44583],[-82.175,46.44583]]]}},{"type":"Feature","properties":{"c":"114269","o":"","e":""},"geometry":{"type":"Polygon","coordinates":[[[-82.4125,46.37083],[-82.4125,46.375],[-82.40625,46.375],[-82.40625,46.37083],[-82.4125,46.37083]]]}},{"type":"Feature","properties":{"c":"113422","o":"","e":""},"geometry":{"type":"Polygon","coordinates":[[[-82.3,46.43333],[-82.3,46.4375],[-82.29375,46.4375],[-82.29375,46.43333],[-82.3,46.43333]]]}},{"type":"Feature","properties":{"c":"116788","o":"","e":""},"geometry":{"type":"Polygon","coordinates":[[[-82.35625,46.39583],[-82.35625,46.4],[-82.35,46.4],[-82.35,46.39583],[-82.35625,46.39583]]]}},{"type":"Feature","properties":{"c":"1009649","o":"","e":""},"geometry":{"type":"Polygon","coordinates":[[[-82.48125,46.375],[-82.48125,46.37917],[-82.48125,46.38333],[-82.475,46.38333],[-82.46875,46.38333],[-82.4625,46.38333],[-82.45625,46.38333],[-82.45625,46.3875],[-82.4625,46.3875],[-82.4625,46.39167],[-82.45625,46.39167],[-82.45,46.39167],[-82.44375,46.39167],[-82.44375,46.3875],[-82.44375,46.38333],[-82.45,46.38333],[-82.45,46.37917],[-82.45,46.375],[-82.45,46.37083],[-82.45,46.36667],[-82.45625,46.36667],[-82.4625,46.36667],[-82.46875,46.36667],[-82.475,46.36667],[-82.48125,46.36667],[-82.48125,46.37083],[-82.48125,46.375]]]}},{"type":"Feature","properties":{"c":"120679","o":"","e":""},"geometry":{"type":"Polygon","coordinates":[[[-82.075,46.39583],[-82.075,46.4],[-82.06875,46.4],[-82.06875,46.39583],[-82.075,46.39583]]]}},{"type":"Feature","properties":{"c":"120295","o":"","e":""},"geometry":{"type":"Polygon","coordinates":[[[-82.08125,46.4125],[-82.08125,46.41667],[-82.075,46.41667],[-82.075,46.4125],[-82.08125,46.4125]]]}},{"type":"Feature","properties":{"c":"119004","o":"","e":""},"geometry":{"type":"Polygon","coordinates":[[[-82.39375,46.39583],[-82.39375,46.4],[-82.3875,46.4],[-82.3875,46.39583],[-82.39375,46.39583]]]}},{"type":"Feature","properties":{"c":"119572","o":"","e":""},"geometry":{"type":"Polygon","coordinates":[[[-82.39375,46.3875],[-82.39375,46.39167],[-82.3875,46.39167],[-82.3875,46.3875],[-82.39375,46.3875]]]}},{"type":"Feature","properties":{"c":"120160","o":"","e":""},"geometry":{"type":"Polygon","coordinates":[[[-82.0375,46.40417],[-82.0375,46.40833],[-82.03125,46.40833],[-82.03125,46.40417],[-82.0375,46.40417]]]}},{"type":"Feature","properties":{"c":"120194","o":"","e":""},"geometry":{"type":"Polygon","coordinates":[[[-82.075,46.4125],[-82.075,46.41667],[-82.06875,46.41667],[-82.06875,46.4125],[-82.075,46.4125]]]}},{"type":"Feature","properties":{"c":"120195","o":"","e":""},"geometry":{"type":"Polygon","coordinates":[[[-82.075,46.40833],[-82.075,46.4125],[-82.06875,46.4125],[-82.06875,46.40833],[-82.075,46.40833]]]}},{"type":"Feature","properties":{"c":"119834","o":"","e":""},"geometry":{"type":"Polygon","coordinates":[[[-82.5,46.42917],[-82.5,46.43333],[-82.49375,46.43333],[-82.49375,46.42917],[-82.5,46.42917]]]}},{"type":"Feature","properties":{"c":"119838","o":"","e":""},"geometry":{"type":"Polygon","coordinates":[[[-82.4,46.39583],[-82.4,46.4],[-82.39375,46.4],[-82.39375,46.39583],[-82.4,46.39583]]]}},{"type":"Feature","properties":{"c":"118746","o":"","e":""},"geometry":{"type":"Polygon","coordinates":[[[-82.05625,46.4],[-82.05625,46.40417],[-82.05,46.40417],[-82.05,46.4],[-82.05625,46.4]]]}},{"type":"Feature","properties":{"c":"119342","o":"","e":""},"geometry":{"type":"Polygon","coordinates":[[[-82.23125,46.4],[-82.23125,46.40417],[-82.225,46.40417],[-82.225,46.4],[-82.23125,46.4]]]}},{"type":"Feature","properties":{"c":"119343","o":"","e":""},"geometry":{"type":"Polygon","coordinates":[[[-82.21875,46.39583],[-82.21875,46.4],[-82.2125,46.4],[-82.2125,46.39583],[-82.21875,46.39583]]]}},{"type":"Feature","properties":{"c":"119776","o":"","e":""},"geometry":{"type":"Polygon","coordinates":[[[-82.44375,46.40417],[-82.44375,46.40833],[-82.4375,46.40833],[-82.4375,46.40417],[-82.44375,46.40417]]]}},{"type":"Feature","properties":{"c":"121242","o":"","e":""},"geometry":{"type":"Polygon","coordinates":[[[-82.21875,46.40417],[-82.21875,46.40833],[-82.2125,46.40833],[-82.2125,46.40417],[-82.21875,46.40417]]]}},{"type":"Feature","properties":{"c":"121243","o":"","e":""},"geometry":{"type":"Polygon","coordinates":[[[-82.23125,46.40417],[-82.23125,46.40833],[-82.225,46.40833],[-82.225,46.40417],[-82.23125,46.40417]]]}},{"type":"Feature","properties":{"c":"124603","o":"","e":""},"geometry":{"type":"Polygon","coordinates":[[[-82.28125,46.42917],[-82.28125,46.43333],[-82.275,46.43333],[-82.275,46.42917],[-82.28125,46.42917]]]}},{"type":"Feature","properties":{"c":"121086","o":"","e":""},"geometry":{"type":"Polygon","coordinates":[[[-82.3375,46.39167],[-82.3375,46.39583],[-82.33125,46.39583],[-82.33125,46.39167],[-82.3375,46.39167]]]}},{"type":"Feature","properties":{"c":"121087","o":"","e":""},"geometry":{"type":"Polygon","coordinates":[[[-82.34375,46.39167],[-82.34375,46.39583],[-82.3375,46.39583],[-82.3375,46.39167],[-82.34375,46.39167]]]}},{"type":"Feature","properties":{"c":"121067","o":"","e":""},"geometry":{"type":"Polygon","coordinates":[[[-82.35,46.39583],[-82.35,46.4],[-82.34375,46.4],[-82.34375,46.39583],[-82.35,46.39583]]]}},{"type":"Feature","properties":{"c":"126435","o":"","e":""},"geometry":{"type":"Polygon","coordinates":[[[-82.2625,46.40833],[-82.2625,46.4125],[-82.25625,46.4125],[-82.25625,46.40833],[-82.2625,46.40833]]]}},{"type":"Feature","properties":{"c":"126436","o":"","e":""},"geometry":{"type":"Polygon","coordinates":[[[-82.24375,46.40417],[-82.24375,46.40833],[-82.2375,46.40833],[-82.2375,46.40417],[-82.24375,46.40417]]]}},{"type":"Feature","properties":{"c":"126663","o":"","e":""},"geometry":{"type":"Polygon","coordinates":[[[-82.05,46.4125],[-82.05,46.41667],[-82.04375,46.41667],[-82.04375,46.4125],[-82.05,46.4125]]]}},{"type":"Feature","properties":{"c":"1015926","o":"","e":""},"geometry":{"type":"Polygon","coordinates":[[[-82.5,46.4],[-82.49375,46.4],[-82.49375,46.40417],[-82.4875,46.40417],[-82.48125,46.40417],[-82.475,46.40417],[-82.475,46.4],[-82.475,46.39583],[-82.475,46.39167],[-82.48125,46.39167],[-82.4875,46.39167],[-82.49375,46.39167],[-82.5,46.39167],[-82.5,46.39583],[-82.5,46.4]]]}},{"type":"Feature","properties":{"c":"127242","o":"","e":""},"geometry":{"type":"Polygon","coordinates":[[[-82.28125,46.42083],[-82.28125,46.425],[-82.275,46.425],[-82.275,46.42083],[-82.28125,46.42083]]]}},{"type":"Feature","properties":{"c":"125491","o":"","e":""},"geometry":{"type":"Polygon","coordinates":[[[-82.2375,46.42083],[-82.2375,46.425],[-82.23125,46.425],[-82.23125,46.42083],[-82.2375,46.42083]]]}},{"type":"Feature","properties":{"c":"125378","o":"","e":""},"geometry":{"type":"Polygon","coordinates":[[[-82.23125,46.42083],[-82.23125,46.425],[-82.225,46.425],[-82.225,46.42083],[-82.23125,46.42083]]]}},{"type":"Feature","properties":{"c":"123255","o":"","e":""},"geometry":{"type":"Polygon","coordinates":[[[-82.1,46.42083],[-82.1,46.425],[-82.09375,46.425],[-82.09375,46.42083],[-82.1,46.42083]]]}},{"type":"Feature","properties":{"c":"123401","o":"","e":""},"geometry":{"type":"Polygon","coordinates":[[[-82.0625,46.2625],[-82.0625,46.26667],[-82.05625,46.26667],[-82.05625,46.2625],[-82.0625,46.2625]]]}},{"type":"Feature","properties":{"c":"129213","o":"","e":""},"geometry":{"type":"Polygon","coordinates":[[[-82.0875,46.4],[-82.0875,46.40417],[-82.08125,46.40417],[-82.08125,46.4],[-82.0875,46.4]]]}},{"type":"Feature","properties":{"c":"129789","o":"","e":""},"geometry":{"type":"Polygon","coordinates":[[[-82.46875,46.4],[-82.46875,46.40417],[-82.4625,46.40417],[-82.4625,46.4],[-82.46875,46.4]]]}},{"type":"Feature","properties":{"c":"129214","o":"","e":""},"geometry":{"type":"Polygon","coordinates":[[[-82.09375,46.4],[-82.09375,46.40417],[-82.0875,46.40417],[-82.0875,46.4],[-82.09375,46.4]]]}},{"type":"Feature","properties":{"c":"127650","o":"","e":""},"geometry":{"type":"Polygon","coordinates":[[[-82.44375,46.37917],[-82.44375,46.38333],[-82.4375,46.38333],[-82.4375,46.37917],[-82.44375,46.37917]]]}},{"type":"Feature","properties":{"c":"127400","o":"","e":""},"geometry":{"type":"Polygon","coordinates":[[[-82.275,46.42083],[-82.275,46.425],[-82.26875,46.425],[-82.26875,46.42083],[-82.275,46.42083]]]}},{"type":"Feature","properties":{"c":"128136","o":"","e":""},"geometry":{"type":"Polygon","coordinates":[[[-82.19375,46.4125],[-82.19375,46.41667],[-82.1875,46.41667],[-82.1875,46.4125],[-82.19375,46.4125]]]}},{"type":"Feature","properties":{"c":"129155","o":"","e":""},"geometry":{"type":"Polygon","coordinates":[[[-82.4375,46.4],[-82.4375,46.40417],[-82.43125,46.40417],[-82.43125,46.4],[-82.4375,46.4]]]}},{"type":"Feature","properties":{"c":"129156","o":"","e":""},"geometry":{"type":"Polygon","coordinates":[[[-82.44375,46.4],[-82.44375,46.40417],[-82.4375,46.40417],[-82.4375,46.4],[-82.44375,46.4]]]}},{"type":"Feature","properties":{"c":"129740","o":"","e":""},"geometry":{"type":"Polygon","coordinates":[[[-82.41875,46.37083],[-82.41875,46.375],[-82.4125,46.375],[-82.4125,46.37083],[-82.41875,46.37083]]]}},{"type":"Feature","properties":{"c":"129762","o":"","e":""},"geometry":{"type":"Polygon","coordinates":[[[-82.43125,46.37083],[-82.43125,46.375],[-82.425,46.375],[-82.425,46.37083],[-82.43125,46.37083]]]}},{"type":"Feature","properties":{"c":"129763","o":"","e":""},"geometry":{"type":"Polygon","coordinates":[[[-82.4375,46.37083],[-82.4375,46.375],[-82.43125,46.375],[-82.43125,46.37083],[-82.4375,46.37083]]]}},{"type":"Feature","properties":{"c":"131661","o":"","e":""},"geometry":{"type":"Polygon","coordinates":[[[-82.0875,46.4125],[-82.0875,46.41667],[-82.08125,46.41667],[-82.08125,46.4125],[-82.0875,46.4125]]]}},{"type":"Feature","properties":{"c":"131806","o":"","e":""},"geometry":{"type":"Polygon","coordinates":[[[-82.10625,46.40417],[-82.10625,46.40833],[-82.1,46.40833],[-82.1,46.40417],[-82.10625,46.40417]]]}},{"type":"Feature","properties":{"c":"132136","o":"","e":""},"geometry":{"type":"Polygon","coordinates":[[[-82.425,46.37917],[-82.425,46.38333],[-82.41875,46.38333],[-82.41875,46.37917],[-82.425,46.37917]]]}},{"type":"Feature","properties":{"c":"127944","o":"","e":""},"geometry":{"type":"Polygon","coordinates":[[[-82.34375,46.4],[-82.34375,46.40417],[-82.3375,46.40417],[-82.3375,46.4],[-82.34375,46.4]]]}},{"type":"Feature","properties":{"c":"127945","o":"","e":""},"geometry":{"type":"Polygon","coordinates":[[[-82.36875,46.4],[-82.36875,46.40417],[-82.3625,46.40417],[-82.3625,46.4],[-82.36875,46.4]]]}},{"type":"Feature","properties":{"c":"130403","o":"","e":""},"geometry":{"type":"Polygon","coordinates":[[[-82.1875,46.44583],[-82.1875,46.45],[-82.18125,46.45],[-82.18125,46.44583],[-82.1875,46.44583]]]}},{"type":"Feature","properties":{"c":"130404","o":"","e":""},"geometry":{"type":"Polygon","coordinates":[[[-82.1875,46.44167],[-82.1875,46.44583],[-82.18125,46.44583],[-82.18125,46.44167],[-82.1875,46.44167]]]}},{"type":"Feature","properties":{"c":"128433","o":"","e":""},"geometry":{"type":"Polygon","coordinates":[[[-82.45625,46.4],[-82.45625,46.40417],[-82.45,46.40417],[-82.45,46.4],[-82.45625,46.4]]]}},{"type":"Feature","properties":{"c":"128434","o":"","e":""},"geometry":{"type":"Polygon","coordinates":[[[-82.44375,46.39167],[-82.44375,46.39583],[-82.4375,46.39583],[-82.4375,46.39167],[-82.44375,46.39167]]]}},{"type":"Feature","properties":{"c":"128435","o":"","e":""},"geometry":{"type":"Polygon","coordinates":[[[-82.4625,46.39167],[-82.4625,46.39583],[-82.45625,46.39583],[-82.45625,46.39167],[-82.4625,46.39167]]]}},{"type":"Feature","properties":{"c":"131756","o":"","e":""},"geometry":{"type":"Polygon","coordinates":[[[-82.2,46.4375],[-82.2,46.44167],[-82.19375,46.44167],[-82.19375,46.4375],[-82.2,46.4375]]]}},{"type":"Feature","properties":{"c":"131757","o":"","e":""},"geometry":{"type":"Polygon","coordinates":[[[-82.2125,46.43333],[-82.2125,46.4375],[-82.20625,46.4375],[-82.20625,46.43333],[-82.2125,46.43333]]]}},{"type":"Feature","properties":{"c":"131758","o":"","e":""},"geometry":{"type":"Polygon","coordinates":[[[-82.20625,46.425],[-82.20625,46.42917],[-82.2,46.42917],[-82.2,46.425],[-82.20625,46.425]]]}},{"type":"Feature","properties":{"c":"588076","o":"","e":""},"geometry":{"type":"Polygon","coordinates":[[[-82.05625,46.37917],[-82.05625,46.38333],[-82.05,46.38333],[-82.05,46.37917],[-82.05625,46.37917]]]}},{"type":"Feature","properties":{"c":"131201","o":"","e":""},"geometry":{"type":"Polygon","coordinates":[[[-82.4375,46.48333],[-82.4375,46.4875],[-82.43125,46.4875],[-82.43125,46.48333],[-82.4375,46.48333]]]}},{"type":"Feature","properties":{"c":"130852","o":"","e":""},"geometry":{"type":"Polygon","coordinates":[[[-82.14375,46.44167],[-82.14375,46.44583],[-82.1375,46.44583],[-82.1375,46.44167],[-82.14375,46.44167]]]}},{"type":"Feature","properties":{"c":"130853","o":"","e":""},"geometry":{"type":"Polygon","coordinates":[[[-82.14375,46.4375],[-82.14375,46.44167],[-82.1375,46.44167],[-82.1375,46.4375],[-82.14375,46.4375]]]}},{"type":"Feature","properties":{"c":"130854","o":"","e":""},"geometry":{"type":"Polygon","coordinates":[[[-82.15,46.4375],[-82.15,46.44167],[-82.14375,46.44167],[-82.14375,46.4375],[-82.15,46.4375]]]}},{"type":"Feature","properties":{"c":"133886","o":"","e":""},"geometry":{"type":"Polygon","coordinates":[[[-82.06875,46.41667],[-82.06875,46.42083],[-82.0625,46.42083],[-82.0625,46.41667],[-82.06875,46.41667]]]}},{"type":"Feature","properties":{"c":"133887","o":"","e":""},"geometry":{"type":"Polygon","coordinates":[[[-82.075,46.41667],[-82.075,46.42083],[-82.06875,46.42083],[-82.06875,46.41667],[-82.075,46.41667]]]}},{"type":"Feature","properties":{"c":"132804","o":"","e":""},"geometry":{"type":"Polygon","coordinates":[[[-82.0375,46.4125],[-82.0375,46.41667],[-82.03125,46.41667],[-82.03125,46.4125],[-82.0375,46.4125]]]}},{"type":"Feature","properties":{"c":"132580","o":"","e":""},"geometry":{"type":"Polygon","coordinates":[[[-82.125,46.42083],[-82.125,46.425],[-82.11875,46.425],[-82.11875,46.42083],[-82.125,46.42083]]]}},{"type":"Feature","properties":{"c":"132581","o":"","e":""},"geometry":{"type":"Polygon","coordinates":[[[-82.1125,46.41667],[-82.1125,46.42083],[-82.10625,46.42083],[-82.10625,46.41667],[-82.1125,46.41667]]]}},{"type":"Feature","properties":{"c":"132582","o":"","e":""},"geometry":{"type":"Polygon","coordinates":[[[-82.13125,46.4125],[-82.13125,46.41667],[-82.125,46.41667],[-82.125,46.4125],[-82.13125,46.4125]]]}},{"type":"Feature","properties":{"c":"136468","o":"","e":""},"geometry":{"type":"Polygon","coordinates":[[[-82.5,46.47917],[-82.5,46.48333],[-82.49375,46.48333],[-82.49375,46.47917],[-82.5,46.47917]]]}},{"type":"Feature","properties":{"c":"833434","o":"","e":""},"geometry":{"type":"Polygon","coordinates":[[[-82.2375,46.47917],[-82.2375,46.48333],[-82.23125,46.48333],[-82.23125,46.47917],[-82.2375,46.47917]]]}},{"type":"Feature","properties":{"c":"833435","o":"","e":""},"geometry":{"type":"Polygon","coordinates":[[[-82.2375,46.475],[-82.2375,46.47917],[-82.23125,46.47917],[-82.23125,46.475],[-82.2375,46.475]]]}},{"type":"Feature","properties":{"c":"833436","o":"","e":""},"geometry":{"type":"Polygon","coordinates":[[[-82.25,46.475],[-82.25,46.47917],[-82.24375,46.47917],[-82.24375,46.475],[-82.25,46.475]]]}},{"type":"Feature","properties":{"c":"136779","o":"","e":""},"geometry":{"type":"Polygon","coordinates":[[[-82.48125,46.45],[-82.48125,46.45417],[-82.475,46.45417],[-82.475,46.45],[-82.48125,46.45]]]}},{"type":"Feature","properties":{"c":"136067","o":"","e":""},"geometry":{"type":"Polygon","coordinates":[[[-82.26875,46.43333],[-82.26875,46.4375],[-82.2625,46.4375],[-82.2625,46.43333],[-82.26875,46.43333]]]}},{"type":"Feature","properties":{"c":"136068","o":"","e":""},"geometry":{"type":"Polygon","coordinates":[[[-82.26875,46.425],[-82.26875,46.42917],[-82.2625,46.42917],[-82.2625,46.425],[-82.26875,46.425]]]}},{"type":"Feature","properties":{"c":"136084","o":"","e":""},"geometry":{"type":"Polygon","coordinates":[[[-82.1375,46.41667],[-82.1375,46.42083],[-82.13125,46.42083],[-82.13125,46.41667],[-82.1375,46.41667]]]}},{"type":"Feature","properties":{"c":"135250","o":"","e":""},"geometry":{"type":"Polygon","coordinates":[[[-82.09375,46.40417],[-82.09375,46.40833],[-82.0875,46.40833],[-82.0875,46.40417],[-82.09375,46.40417]]]}},{"type":"Feature","properties":{"c":"135673","o":"","e":""},"geometry":{"type":"Polygon","coordinates":[[[-82.1375,46.425],[-82.1375,46.42917],[-82.13125,46.42917],[-82.13125,46.425],[-82.1375,46.425]]]}},{"type":"Feature","properties":{"c":"138618","o":"","e":""},"geometry":{"type":"Polygon","coordinates":[[[-82.05625,46.4125],[-82.05625,46.41667],[-82.05,46.41667],[-82.05,46.4125],[-82.05625,46.4125]]]}},{"type":"Feature","properties":{"c":"136879","o":"","e":""},"geometry":{"type":"Polygon","coordinates":[[[-82.225,46.42083],[-82.225,46.425],[-82.21875,46.425],[-82.21875,46.42083],[-82.225,46.42083]]]}},{"type":"Feature","properties":{"c":"136880","o":"","e":""},"geometry":{"type":"Polygon","coordinates":[[[-82.2375,46.42083],[-82.2375,46.425],[-82.23125,46.425],[-82.23125,46.42083],[-82.2375,46.42083]]]}},{"type":"Feature","properties":{"c":"136881","o":"","e":""},"geometry":{"type":"Polygon","coordinates":[[[-82.21875,46.41667],[-82.21875,46.42083],[-82.2125,46.42083],[-82.2125,46.41667],[-82.21875,46.41667]]]}},{"type":"Feature","properties":{"c":"134853","o":"","e":""},"geometry":{"type":"Polygon","coordinates":[[[-82.24375,46.42083],[-82.24375,46.425],[-82.2375,46.425],[-82.2375,46.42083],[-82.24375,46.42083]]]}},{"type":"Feature","properties":{"c":"137334","o":"","e":""},"geometry":{"type":"Polygon","coordinates":[[[-82.4875,46.49583],[-82.4875,46.5],[-82.48125,46.5],[-82.48125,46.49583],[-82.4875,46.49583]]]}},{"type":"Feature","properties":{"c":"138044","o":"","e":""},"geometry":{"type":"Polygon","coordinates":[[[-82.225,46.42917],[-82.225,46.43333],[-82.21875,46.43333],[-82.21875,46.42917],[-82.225,46.42917]]]}},{"type":"Feature","properties":{"c":"140175","o":"","e":""},"geometry":{"type":"Polygon","coordinates":[[[-82.2125,46.40833],[-82.2125,46.4125],[-82.20625,46.4125],[-82.20625,46.40833],[-82.2125,46.40833]]]}},{"type":"Feature","properties":{"c":"140912","o":"","e":""},"geometry":{"type":"Polygon","coordinates":[[[-82.5,46.49583],[-82.5,46.5],[-82.49375,46.5],[-82.49375,46.49583],[-82.5,46.49583]]]}},{"type":"Feature","properties":{"c":"140913","o":"","e":""},"geometry":{"type":"Polygon","coordinates":[[[-82.5,46.49167],[-82.5,46.49583],[-82.49375,46.49583],[-82.49375,46.49167],[-82.5,46.49167]]]}},{"type":"Feature","properties":{"c":"140927","o":"","e":""},"geometry":{"type":"Polygon","coordinates":[[[-82.10625,46.4],[-82.10625,46.40417],[-82.1,46.40417],[-82.1,46.4],[-82.10625,46.4]]]}},{"type":"Feature","properties":{"c":"139326","o":"","e":""},"geometry":{"type":"Polygon","coordinates":[[[-82.4875,46.44583],[-82.4875,46.45],[-82.48125,46.45],[-82.48125,46.44583],[-82.4875,46.44583]]]}},{"type":"Feature","properties":{"c":"138346","o":"","e":""},"geometry":{"type":"Polygon","coordinates":[[[-82.04375,46.39167],[-82.04375,46.39583],[-82.0375,46.39583],[-82.0375,46.39167],[-82.04375,46.39167]]]}},{"type":"Feature","properties":{"c":"138347","o":"","e":""},"geometry":{"type":"Polygon","coordinates":[[[-82.05,46.39167],[-82.05,46.39583],[-82.04375,46.39583],[-82.04375,46.39167],[-82.05,46.39167]]]}},{"type":"Feature","properties":{"c":"138253","o":"","e":""},"geometry":{"type":"Polygon","coordinates":[[[-82.10625,46.425],[-82.10625,46.42917],[-82.1,46.42917],[-82.1,46.425],[-82.10625,46.425]]]}},{"type":"Feature","properties":{"c":"140874","o":"","e":""},"geometry":{"type":"Polygon","coordinates":[[[-82.1625,46.44167],[-82.1625,46.44583],[-82.15625,46.44583],[-82.15625,46.44167],[-82.1625,46.44167]]]}},{"type":"Feature","properties":{"c":"686015","o":"","e":""},"geometry":{"type":"Polygon","coordinates":[[[-82.38125,46.38333],[-82.375,46.38333],[-82.36875,46.38333],[-82.3625,46.38333],[-82.3625,46.37917],[-82.3625,46.375],[-82.36875,46.375],[-82.375,46.375],[-82.38125,46.375],[-82.38125,46.37917],[-82.38125,46.38333]]]}},{"type":"Feature","properties":{"c":"141214","o":"","e":""},"geometry":{"type":"Polygon","coordinates":[[[-82.24375,46.43333],[-82.24375,46.4375],[-82.2375,46.4375],[-82.2375,46.43333],[-82.24375,46.43333]]]}},{"type":"Feature","properties":{"c":"142657","o":"","e":""},"geometry":{"type":"Polygon","coordinates":[[[-82.2875,46.42917],[-82.2875,46.43333],[-82.28125,46.43333],[-82.28125,46.42917],[-82.2875,46.42917]]]}},{"type":"Feature","properties":{"c":"143681","o":"","e":""},"geometry":{"type":"Polygon","coordinates":[[[-82.0625,46.4125],[-82.0625,46.41667],[-82.05625,46.41667],[-82.05625,46.4125],[-82.0625,46.4125]]]}},{"type":"Feature","properties":{"c":"143893","o":"","e":""},"geometry":{"type":"Polygon","coordinates":[[[-82.1,46.425],[-82.1,46.42917],[-82.09375,46.42917],[-82.09375,46.425],[-82.1,46.425]]]}},{"type":"Feature","properties":{"c":"145636","o":"","e":""},"geometry":{"type":"Polygon","coordinates":[[[-82.20625,46.40833],[-82.20625,46.4125],[-82.2,46.4125],[-82.2,46.40833],[-82.20625,46.40833]]]}},{"type":"Feature","properties":{"c":"141755","o":"","e":""},"geometry":{"type":"Polygon","coordinates":[[[-82.11875,46.4375],[-82.11875,46.44167],[-82.1125,46.44167],[-82.1125,46.4375],[-82.11875,46.4375]]]}},{"type":"Feature","properties":{"c":"144365","o":"","e":""},"geometry":{"type":"Polygon","coordinates":[[[-82.1,46.41667],[-82.1,46.42083],[-82.09375,46.42083],[-82.09375,46.41667],[-82.1,46.41667]]]}},{"type":"Feature","properties":{"c":"147877","o":"","e":""},"geometry":{"type":"Polygon","coordinates":[[[-82.10625,46.40833],[-82.10625,46.4125],[-82.1,46.4125],[-82.1,46.40833],[-82.10625,46.40833]]]}},{"type":"Feature","properties":{"c":"146876","o":"","e":""},"geometry":{"type":"Polygon","coordinates":[[[-82.10625,46.39583],[-82.10625,46.4],[-82.1,46.4],[-82.1,46.39583],[-82.10625,46.39583]]]}},{"type":"Feature","properties":{"c":"146469","o":"","e":""},"geometry":{"type":"Polygon","coordinates":[[[-82.175,46.4375],[-82.175,46.44167],[-82.16875,46.44167],[-82.16875,46.4375],[-82.175,46.4375]]]}},{"type":"Feature","properties":{"c":"147790","o":"","e":""},"geometry":{"type":"Polygon","coordinates":[[[-82.4625,46.48333],[-82.4625,46.4875],[-82.45625,46.4875],[-82.45625,46.48333],[-82.4625,46.48333]]]}},{"type":"Feature","properties":{"c":"147372","o":"","e":""},"geometry":{"type":"Polygon","coordinates":[[[-82.21875,46.41667],[-82.21875,46.42083],[-82.2125,46.42083],[-82.2125,46.41667],[-82.21875,46.41667]]]}},{"type":"Feature","properties":{"c":"148119","o":"","e":""},"geometry":{"type":"Polygon","coordinates":[[[-82.06875,46.39583],[-82.06875,46.4],[-82.0625,46.4],[-82.0625,46.39583],[-82.06875,46.39583]]]}},{"type":"Feature","properties":{"c":"151462","o":"","e":""},"geometry":{"type":"Polygon","coordinates":[[[-82.11875,46.42083],[-82.11875,46.425],[-82.1125,46.425],[-82.1125,46.42083],[-82.11875,46.42083]]]}},{"type":"Feature","properties":{"c":"152497","o":"","e":""},"geometry":{"type":"Polygon","coordinates":[[[-82.26875,46.4375],[-82.26875,46.44167],[-82.2625,46.44167],[-82.2625,46.4375],[-82.26875,46.4375]]]}},{"type":"Feature","properties":{"c":"152498","o":"","e":""},"geometry":{"type":"Polygon","coordinates":[[[-82.2625,46.43333],[-82.2625,46.4375],[-82.25625,46.4375],[-82.25625,46.43333],[-82.2625,46.43333]]]}},{"type":"Feature","properties":{"c":"152504","o":"","e":""},"geometry":{"type":"Polygon","coordinates":[[[-82.14375,46.41667],[-82.14375,46.42083],[-82.1375,46.42083],[-82.1375,46.41667],[-82.14375,46.41667]]]}},{"type":"Feature","properties":{"c":"151828","o":"","e":""},"geometry":{"type":"Polygon","coordinates":[[[-82.04375,46.40417],[-82.04375,46.40833],[-82.0375,46.40833],[-82.0375,46.40417],[-82.04375,46.40417]]]}},{"type":"Feature","properties":{"c":"152772","o":"","e":""},"geometry":{"type":"Polygon","coordinates":[[[-82.2125,46.44583],[-82.2125,46.45],[-82.20625,46.45],[-82.20625,46.44583],[-82.2125,46.44583]]]}},{"type":"Feature","properties":{"c":"152773","o":"","e":""},"geometry":{"type":"Polygon","coordinates":[[[-82.2125,46.44167],[-82.2125,46.44583],[-82.20625,46.44583],[-82.20625,46.44167],[-82.2125,46.44167]]]}},{"type":"Feature","properties":{"c":"153926","o":"","e":""},"geometry":{"type":"Polygon","coordinates":[[[-82.1875,46.41667],[-82.1875,46.42083],[-82.18125,46.42083],[-82.18125,46.41667],[-82.1875,46.41667]]]}},{"type":"Feature","properties":{"c":"154387","o":"","e":""},"geometry":{"type":"Polygon","coordinates":[[[-82.2375,46.4],[-82.2375,46.40417],[-82.23125,46.40417],[-82.23125,46.4],[-82.2375,46.4]]]}},{"type":"Feature","properties":{"c":"155129","o":"","e":""},"geometry":{"type":"Polygon","coordinates":[[[-82.225,46.425],[-82.225,46.42917],[-82.21875,46.42917],[-82.21875,46.425],[-82.225,46.425]]]}},{"type":"Feature","properties":{"c":"156379","o":"","e":""},"geometry":{"type":"Polygon","coordinates":[[[-82.45625,46.39583],[-82.45625,46.4],[-82.45,46.4],[-82.45,46.39583],[-82.45625,46.39583]]]}},{"type":"Feature","properties":{"c":"156397","o":"","e":""},"geometry":{"type":"Polygon","coordinates":[[[-82.4,46.3875],[-82.4,46.39167],[-82.39375,46.39167],[-82.39375,46.3875],[-82.4,46.3875]]]}},{"type":"Feature","properties":{"c":"156398","o":"","e":""},"geometry":{"type":"Polygon","coordinates":[[[-82.40625,46.38333],[-82.40625,46.3875],[-82.4,46.3875],[-82.4,46.38333],[-82.40625,46.38333]]]}},{"type":"Feature","properties":{"c":"157265","o":"","e":""},"geometry":{"type":"Polygon","coordinates":[[[-82.21875,46.44583],[-82.21875,46.45],[-82.2125,46.45],[-82.2125,46.44583],[-82.21875,46.44583]]]}},{"type":"Feature","properties":{"c":"155865","o":"","e":""},"geometry":{"type":"Polygon","coordinates":[[[-82.49375,46.44583],[-82.49375,46.45],[-82.4875,46.45],[-82.4875,46.44583],[-82.49375,46.44583]]]}},{"type":"Feature","properties":{"c":"153259","o":"","e":""},"geometry":{"type":"Polygon","coordinates":[[[-82.0375,46.4],[-82.0375,46.40417],[-82.03125,46.40417],[-82.03125,46.4],[-82.0375,46.4]]]}},{"type":"Feature","properties":{"c":"154458","o":"","e":""},"geometry":{"type":"Polygon","coordinates":[[[-82.33125,46.40417],[-82.33125,46.40833],[-82.325,46.40833],[-82.325,46.40417],[-82.33125,46.40417]]]}},{"type":"Feature","properties":{"c":"1047515","o":"","e":""},"geometry":{"type":"Polygon","coordinates":[[[-82.425,46.25417],[-82.425,46.25833],[-82.41875,46.25833],[-82.41875,46.25417],[-82.425,46.25417]]]}},{"type":"Feature","properties":{"c":"159706","o":"","e":""},"geometry":{"type":"Polygon","coordinates":[[[-82.21875,46.4125],[-82.21875,46.41667],[-82.2125,46.41667],[-82.2125,46.4125],[-82.21875,46.4125]]]}},{"type":"Feature","properties":{"c":"158323","o":"","e":""},"geometry":{"type":"Polygon","coordinates":[[[-82.5,46.4375],[-82.5,46.44167],[-82.49375,46.44167],[-82.49375,46.4375],[-82.5,46.4375]]]}},{"type":"Feature","properties":{"c":"158330","o":"","e":""},"geometry":{"type":"Polygon","coordinates":[[[-82.40625,46.39583],[-82.40625,46.4],[-82.4,46.4],[-82.4,46.39583],[-82.40625,46.39583]]]}},{"type":"Feature","properties":{"c":"158331","o":"","e":""},"geometry":{"type":"Polygon","coordinates":[[[-82.375,46.39167],[-82.375,46.39583],[-82.36875,46.39583],[-82.36875,46.39167],[-82.375,46.39167]]]}},{"type":"Feature","properties":{"c":"158332","o":"","e":""},"geometry":{"type":"Polygon","coordinates":[[[-82.3875,46.39167],[-82.3875,46.39583],[-82.38125,46.39583],[-82.38125,46.39167],[-82.3875,46.39167]]]}},{"type":"Feature","properties":{"c":"161419","o":"","e":""},"geometry":{"type":"Polygon","coordinates":[[[-82.2,46.42083],[-82.2,46.425],[-82.19375,46.425],[-82.19375,46.42083],[-82.2,46.42083]]]}},{"type":"Feature","properties":{"c":"161726","o":"","e":""},"geometry":{"type":"Polygon","coordinates":[[[-82.06875,46.40417],[-82.06875,46.40833],[-82.0625,46.40833],[-82.0625,46.40417],[-82.06875,46.40417]]]}},{"type":"Feature","properties":{"c":"161727","o":"","e":""},"geometry":{"type":"Polygon","coordinates":[[[-82.0875,46.40833],[-82.0875,46.4125],[-82.08125,46.4125],[-82.08125,46.40833],[-82.0875,46.40833]]]}},{"type":"Feature","properties":{"c":"161728","o":"","e":""},"geometry":{"type":"Polygon","coordinates":[[[-82.1,46.41667],[-82.1,46.42083],[-82.09375,46.42083],[-82.09375,46.41667],[-82.1,46.41667]]]}},{"type":"Feature","properties":{"c":"160574","o":"","e":""},"geometry":{"type":"Polygon","coordinates":[[[-82.19375,46.45],[-82.19375,46.45417],[-82.1875,46.45417],[-82.1875,46.45],[-82.19375,46.45]]]}},{"type":"Feature","properties":{"c":"161012","o":"","e":""},"geometry":{"type":"Polygon","coordinates":[[[-82.0625,46.4],[-82.0625,46.40417],[-82.05625,46.40417],[-82.05625,46.4],[-82.0625,46.4]]]}},{"type":"Feature","properties":{"c":"161895","o":"","e":""},"geometry":{"type":"Polygon","coordinates":[[[-82.45625,46.48333],[-82.45625,46.4875],[-82.45,46.4875],[-82.45,46.48333],[-82.45625,46.48333]]]}},{"type":"Feature","properties":{"c":"158487","o":"","e":""},"geometry":{"type":"Polygon","coordinates":[[[-82.10625,46.4125],[-82.10625,46.41667],[-82.1,46.41667],[-82.1,46.4125],[-82.10625,46.4125]]]}},{"type":"Feature","properties":{"c":"160351","o":"","e":""},"geometry":{"type":"Polygon","coordinates":[[[-82.43125,46.38333],[-82.43125,46.3875],[-82.425,46.3875],[-82.425,46.38333],[-82.43125,46.38333]]]}},{"type":"Feature","properties":{"c":"158501","o":"","e":""},"geometry":{"type":"Polygon","coordinates":[[[-82.18125,46.4125],[-82.18125,46.41667],[-82.175,46.41667],[-82.175,46.4125],[-82.18125,46.4125]]]}},{"type":"Feature","properties":{"c":"164436","o":"","e":""},"geometry":{"type":"Polygon","coordinates":[[[-82.40625,46.39167],[-82.40625,46.39583],[-82.4,46.39583],[-82.4,46.39167],[-82.40625,46.39167]]]}},{"type":"Feature","properties":{"c":"585410","o":"","e":""},"geometry":{"type":"Polygon","coordinates":[[[-82.0375,46.39167],[-82.0375,46.39583],[-82.03125,46.39583],[-82.03125,46.39167],[-82.0375,46.39167]]]}},{"type":"Feature","properties":{"c":"585411","o":"","e":""},"geometry":{"type":"Polygon","coordinates":[[[-82.03125,46.39167],[-82.03125,46.39583],[-82.025,46.39583],[-82.025,46.39167],[-82.03125,46.39167]]]}},{"type":"Feature","properties":{"c":"585412","o":"","e":""},"geometry":{"type":"Polygon","coordinates":[[[-82.05,46.3875],[-82.05,46.39167],[-82.04375,46.39167],[-82.04375,46.3875],[-82.05,46.3875]]]}},{"type":"Feature","properties":{"c":"585413","o":"","e":""},"geometry":{"type":"Polygon","coordinates":[[[-82.04375,46.3875],[-82.04375,46.39167],[-82.0375,46.39167],[-82.0375,46.3875],[-82.04375,46.3875]]]}},{"type":"Feature","properties":{"c":"585414","o":"","e":""},"geometry":{"type":"Polygon","coordinates":[[[-82.0375,46.3875],[-82.0375,46.39167],[-82.03125,46.39167],[-82.03125,46.3875],[-82.0375,46.3875]]]}},{"type":"Feature","properties":{"c":"585415","o":"","e":""},"geometry":{"type":"Polygon","coordinates":[[[-82.03125,46.3875],[-82.03125,46.39167],[-82.025,46.39167],[-82.025,46.3875],[-82.03125,46.3875]]]}},{"type":"Feature","properties":{"c":"162464","o":"","e":""},"geometry":{"type":"Polygon","coordinates":[[[-82.45,46.4],[-82.45,46.40417],[-82.44375,46.40417],[-82.44375,46.4],[-82.45,46.4]]]}},{"type":"Feature","properties":{"c":"585417","o":"","e":""},"geometry":{"type":"Polygon","coordinates":[[[-82.05625,46.38333],[-82.05625,46.3875],[-82.05,46.3875],[-82.05,46.38333],[-82.05625,46.38333]]]}},{"type":"Feature","properties":{"c":"585418","o":"","e":""},"geometry":{"type":"Polygon","coordinates":[[[-82.05625,46.3875],[-82.05625,46.39167],[-82.05,46.39167],[-82.05,46.3875],[-82.05625,46.3875]]]}},{"type":"Feature","properties":{"c":"585419","o":"","e":""},"geometry":{"type":"Polygon","coordinates":[[[-82.05,46.37917],[-82.05,46.38333],[-82.04375,46.38333],[-82.04375,46.37917],[-82.05,46.37917]]]}},{"type":"Feature","properties":{"c":"585416","o":"","e":""},"geometry":{"type":"Polygon","coordinates":[[[-82.05,46.38333],[-82.05,46.3875],[-82.04375,46.3875],[-82.04375,46.38333],[-82.05,46.38333]]]}},{"type":"Feature","properties":{"c":"585420","o":"","e":""},"geometry":{"type":"Polygon","coordinates":[[[-82.0375,46.37917],[-82.0375,46.38333],[-82.03125,46.38333],[-82.03125,46.37917],[-82.0375,46.37917]]]}},{"type":"Feature","properties":{"c":"585421","o":"","e":""},"geometry":{"type":"Polygon","coordinates":[[[-82.0375,46.38333],[-82.0375,46.3875],[-82.03125,46.3875],[-82.03125,46.38333],[-82.0375,46.38333]]]}},{"type":"Feature","properties":{"c":"585422","o":"","e":""},"geometry":{"type":"Polygon","coordinates":[[[-82.03125,46.37917],[-82.03125,46.38333],[-82.025,46.38333],[-82.025,46.37917],[-82.03125,46.37917]]]}},{"type":"Feature","properties":{"c":"585423","o":"","e":""},"geometry":{"type":"Polygon","coordinates":[[[-82.04375,46.37917],[-82.04375,46.38333],[-82.0375,46.38333],[-82.0375,46.37917],[-82.04375,46.37917]]]}},{"type":"Feature","properties":{"c":"163772","o":"","e":""},"geometry":{"type":"Polygon","coordinates":[[[-82.4375,46.375],[-82.4375,46.37917],[-82.43125,46.37917],[-82.43125,46.375],[-82.4375,46.375]]]}},{"type":"Feature","properties":{"c":"163919","o":"","e":""},"geometry":{"type":"Polygon","coordinates":[[[-82.15,46.44167],[-82.15,46.44583],[-82.14375,46.44583],[-82.14375,46.44167],[-82.15,46.44167]]]}},{"type":"Feature","properties":{"c":"162485","o":"","e":""},"geometry":{"type":"Polygon","coordinates":[[[-82.3875,46.38333],[-82.3875,46.3875],[-82.38125,46.3875],[-82.38125,46.38333],[-82.3875,46.38333]]]}},{"type":"Feature","properties":{"c":"162486","o":"","e":""},"geometry":{"type":"Polygon","coordinates":[[[-82.4,46.375],[-82.4,46.37917],[-82.39375,46.37917],[-82.39375,46.375],[-82.4,46.375]]]}},{"type":"Feature","properties":{"c":"160231","o":"","e":""},"geometry":{"type":"Polygon","coordinates":[[[-82.33125,46.3875],[-82.33125,46.39167],[-82.325,46.39167],[-82.325,46.3875],[-82.33125,46.3875]]]}},{"type":"Feature","properties":{"c":"165798","o":"","e":""},"geometry":{"type":"Polygon","coordinates":[[[-82.2125,46.40417],[-82.2125,46.40833],[-82.20625,46.40833],[-82.20625,46.40417],[-82.2125,46.40417]]]}},{"type":"Feature","properties":{"c":"166252","o":"","e":""},"geometry":{"type":"Polygon","coordinates":[[[-82.36875,46.39583],[-82.36875,46.4],[-82.3625,46.4],[-82.3625,46.39583],[-82.36875,46.39583]]]}},{"type":"Feature","properties":{"c":"166253","o":"","e":""},"geometry":{"type":"Polygon","coordinates":[[[-82.35,46.39167],[-82.35,46.39583],[-82.34375,46.39583],[-82.34375,46.39167],[-82.35,46.39167]]]}},{"type":"Feature","properties":{"c":"166413","o":"","e":""},"geometry":{"type":"Polygon","coordinates":[[[-82.44375,46.37917],[-82.44375,46.38333],[-82.4375,46.38333],[-82.4375,46.37917],[-82.44375,46.37917]]]}},{"type":"Feature","properties":{"c":"163679","o":"","e":""},"geometry":{"type":"Polygon","coordinates":[[[-82.43125,46.40417],[-82.43125,46.40833],[-82.425,46.40833],[-82.425,46.40417],[-82.43125,46.40417]]]}},{"type":"Feature","properties":{"c":"167765","o":"","e":""},"geometry":{"type":"Polygon","coordinates":[[[-82.09375,46.40833],[-82.09375,46.4125],[-82.0875,46.4125],[-82.0875,46.40833],[-82.09375,46.40833]]]}},{"type":"Feature","properties":{"c":"169102","o":"","e":""},"geometry":{"type":"Polygon","coordinates":[[[-82.28125,46.4375],[-82.28125,46.44167],[-82.275,46.44167],[-82.275,46.4375],[-82.28125,46.4375]]]}},{"type":"Feature","properties":{"c":"170486","o":"","e":""},"geometry":{"type":"Polygon","coordinates":[[[-82.175,46.42083],[-82.175,46.425],[-82.16875,46.425],[-82.16875,46.42083],[-82.175,46.42083]]]}},{"type":"Feature","properties":{"c":"169960","o":"","e":""},"geometry":{"type":"Polygon","coordinates":[[[-82.25,46.4375],[-82.25,46.44167],[-82.24375,46.44167],[-82.24375,46.4375],[-82.25,46.4375]]]}},{"type":"Feature","properties":{"c":"169961","o":"","e":""},"geometry":{"type":"Polygon","coordinates":[[[-82.25625,46.43333],[-82.25625,46.4375],[-82.25,46.4375],[-82.25,46.43333],[-82.25625,46.43333]]]}},{"type":"Feature","properties":{"c":"170400","o":"","e":""},"geometry":{"type":"Polygon","coordinates":[[[-82.06875,46.4125],[-82.06875,46.41667],[-82.0625,46.41667],[-82.0625,46.4125],[-82.06875,46.4125]]]}},{"type":"Feature","properties":{"c":"585425","o":"","e":""},"geometry":{"type":"Polygon","coordinates":[[[-82.03125,46.38333],[-82.03125,46.3875],[-82.025,46.3875],[-82.025,46.38333],[-82.03125,46.38333]]]}},{"type":"Feature","properties":{"c":"585424","o":"","e":""},"geometry":{"type":"Polygon","coordinates":[[[-82.04375,46.38333],[-82.04375,46.3875],[-82.0375,46.3875],[-82.0375,46.38333],[-82.04375,46.38333]]]}},{"type":"Feature","properties":{"c":"169848","o":"","e":""},"geometry":{"type":"Polygon","coordinates":[[[-82.46875,46.49583],[-82.46875,46.5],[-82.4625,46.5],[-82.4625,46.49583],[-82.46875,46.49583]]]}},{"type":"Feature","properties":{"c":"169849","o":"","e":""},"geometry":{"type":"Polygon","coordinates":[[[-82.46875,46.4875],[-82.46875,46.49167],[-82.4625,46.49167],[-82.4625,46.4875],[-82.46875,46.4875]]]}},{"type":"Feature","properties":{"c":"171018","o":"","e":""},"geometry":{"type":"Polygon","coordinates":[[[-82.2375,46.39583],[-82.2375,46.4],[-82.23125,46.4],[-82.23125,46.39583],[-82.2375,46.39583]]]}},{"type":"Feature","properties":{"c":"171019","o":"","e":""},"geometry":{"type":"Polygon","coordinates":[[[-82.25625,46.39583],[-82.25625,46.4],[-82.25,46.4],[-82.25,46.39583],[-82.25625,46.39583]]]}},{"type":"Feature","properties":{"c":"580802","o":"","e":""},"geometry":{"type":"Polygon","coordinates":[[[-82.08125,46.3875],[-82.08125,46.39167],[-82.075,46.39167],[-82.075,46.3875],[-82.08125,46.3875]]]}},{"type":"Feature","properties":{"c":"580803","o":"","e":""},"geometry":{"type":"Polygon","coordinates":[[[-82.075,46.39167],[-82.075,46.39583],[-82.06875,46.39583],[-82.06875,46.39167],[-82.075,46.39167]]]}},{"type":"Feature","properties":{"c":"580804","o":"","e":""},"geometry":{"type":"Polygon","coordinates":[[[-82.0625,46.39167],[-82.0625,46.39583],[-82.05625,46.39583],[-82.05625,46.39167],[-82.0625,46.39167]]]}},{"type":"Feature","properties":{"c":"580805","o":"","e":""},"geometry":{"type":"Polygon","coordinates":[[[-82.10625,46.39167],[-82.10625,46.39583],[-82.1,46.39583],[-82.1,46.39167],[-82.10625,46.39167]]]}},{"type":"Feature","properties":{"c":"580806","o":"","e":""},"geometry":{"type":"Polygon","coordinates":[[[-82.09375,46.3875],[-82.09375,46.39167],[-82.0875,46.39167],[-82.0875,46.3875],[-82.09375,46.3875]]]}},{"type":"Feature","properties":{"c":"580807","o":"","e":""},"geometry":{"type":"Polygon","coordinates":[[[-82.0875,46.3875],[-82.0875,46.39167],[-82.08125,46.39167],[-82.08125,46.3875],[-82.0875,46.3875]]]}},{"type":"Feature","properties":{"c":"580808","o":"","e":""},"geometry":{"type":"Polygon","coordinates":[[[-82.06875,46.39167],[-82.06875,46.39583],[-82.0625,46.39583],[-82.0625,46.39167],[-82.06875,46.39167]]]}},{"type":"Feature","properties":{"c":"580809","o":"","e":""},"geometry":{"type":"Polygon","coordinates":[[[-82.10625,46.3875],[-82.10625,46.39167],[-82.1,46.39167],[-82.1,46.3875],[-82.10625,46.3875]]]}},{"type":"Feature","properties":{"c":"580810","o":"","e":""},"geometry":{"type":"Polygon","coordinates":[[[-82.1,46.39167],[-82.1,46.39583],[-82.09375,46.39583],[-82.09375,46.39167],[-82.1,46.39167]]]}},{"type":"Feature","properties":{"c":"580811","o":"","e":""},"geometry":{"type":"Polygon","coordinates":[[[-82.075,46.3875],[-82.075,46.39167],[-82.06875,46.39167],[-82.06875,46.3875],[-82.075,46.3875]]]}},{"type":"Feature","properties":{"c":"580812","o":"","e":""},"geometry":{"type":"Polygon","coordinates":[[[-82.1125,46.3875],[-82.1125,46.39167],[-82.10625,46.39167],[-82.10625,46.3875],[-82.1125,46.3875]]]}},{"type":"Feature","properties":{"c":"580813","o":"","e":""},"geometry":{"type":"Polygon","coordinates":[[[-82.1125,46.39167],[-82.1125,46.39583],[-82.10625,46.39583],[-82.10625,46.39167],[-82.1125,46.39167]]]}},{"type":"Feature","properties":{"c":"580814","o":"","e":""},"geometry":{"type":"Polygon","coordinates":[[[-82.1,46.3875],[-82.1,46.39167],[-82.09375,46.39167],[-82.09375,46.3875],[-82.1,46.3875]]]}},{"type":"Feature","properties":{"c":"580815","o":"","e":""},"geometry":{"type":"Polygon","coordinates":[[[-82.06875,46.3875],[-82.06875,46.39167],[-82.0625,46.39167],[-82.0625,46.3875],[-82.06875,46.3875]]]}},{"type":"Feature","properties":{"c":"580816","o":"","e":""},"geometry":{"type":"Polygon","coordinates":[[[-82.0625,46.3875],[-82.0625,46.39167],[-82.05625,46.39167],[-82.05625,46.3875],[-82.0625,46.3875]]]}},{"type":"Feature","properties":{"c":"169915","o":"","e":""},"geometry":{"type":"Polygon","coordinates":[[[-82.48125,46.47917],[-82.48125,46.48333],[-82.475,46.48333],[-82.475,46.47917],[-82.48125,46.47917]]]}},{"type":"Feature","properties":{"c":"169916","o":"","e":""},"geometry":{"type":"Polygon","coordinates":[[[-82.4875,46.475],[-82.4875,46.47917],[-82.48125,46.47917],[-82.48125,46.475],[-82.4875,46.475]]]}},{"type":"Feature","properties":{"c":"170043","o":"","e":""},"geometry":{"type":"Polygon","coordinates":[[[-82.16875,46.4375],[-82.16875,46.44167],[-82.1625,46.44167],[-82.1625,46.4375],[-82.16875,46.4375]]]}},{"type":"Feature","properties":{"c":"173225","o":"","e":""},"geometry":{"type":"Polygon","coordinates":[[[-82.2375,46.40833],[-82.2375,46.4125],[-82.23125,46.4125],[-82.23125,46.40833],[-82.2375,46.40833]]]}},{"type":"Feature","properties":{"c":"173226","o":"","e":""},"geometry":{"type":"Polygon","coordinates":[[[-82.25,46.40833],[-82.25,46.4125],[-82.24375,46.4125],[-82.24375,46.40833],[-82.25,46.40833]]]}},{"type":"Feature","properties":{"c":"173227","o":"","e":""},"geometry":{"type":"Polygon","coordinates":[[[-82.25625,46.40417],[-82.25625,46.40833],[-82.25,46.40833],[-82.25,46.40417],[-82.25625,46.40417]]]}},{"type":"Feature","properties":{"c":"173366","o":"","e":""},"geometry":{"type":"Polygon","coordinates":[[[-82.05625,46.2625],[-82.05625,46.26667],[-82.05,46.26667],[-82.05,46.2625],[-82.05625,46.2625]]]}},{"type":"Feature","properties":{"c":"172941","o":"","e":""},"geometry":{"type":"Polygon","coordinates":[[[-82.1,46.4125],[-82.1,46.41667],[-82.09375,46.41667],[-82.09375,46.4125],[-82.1,46.4125]]]}},{"type":"Feature","properties":{"c":"173249","o":"","e":""},"geometry":{"type":"Polygon","coordinates":[[[-82.2375,46.4375],[-82.2375,46.44167],[-82.23125,46.44167],[-82.23125,46.4375],[-82.2375,46.4375]]]}},{"type":"Feature","properties":{"c":"173250","o":"","e":""},"geometry":{"type":"Polygon","coordinates":[[[-82.23125,46.43333],[-82.23125,46.4375],[-82.225,46.4375],[-82.225,46.43333],[-82.23125,46.43333]]]}},{"type":"Feature","properties":{"c":"173251","o":"","e":""},"geometry":{"type":"Polygon","coordinates":[[[-82.21875,46.425],[-82.21875,46.42917],[-82.2125,46.42917],[-82.2125,46.425],[-82.21875,46.425]]]}},{"type":"Feature","properties":{"c":"173252","o":"","e":""},"geometry":{"type":"Polygon","coordinates":[[[-82.2375,46.425],[-82.2375,46.42917],[-82.23125,46.42917],[-82.23125,46.425],[-82.2375,46.425]]]}},{"type":"Feature","properties":{"c":"172821","o":"","e":""},"geometry":{"type":"Polygon","coordinates":[[[-82.10625,46.43333],[-82.10625,46.4375],[-82.1,46.4375],[-82.1,46.43333],[-82.10625,46.43333]]]}},{"type":"Feature","properties":{"c":"172822","o":"","e":""},"geometry":{"type":"Polygon","coordinates":[[[-82.1125,46.42917],[-82.1125,46.43333],[-82.10625,46.43333],[-82.10625,46.42917],[-82.1125,46.42917]]]}},{"type":"Feature","properties":{"c":"172407","o":"","e":""},"geometry":{"type":"Polygon","coordinates":[[[-82.45625,46.39167],[-82.45625,46.39583],[-82.45,46.39583],[-82.45,46.39167],[-82.45625,46.39167]]]}},{"type":"Feature","properties":{"c":"172408","o":"","e":""},"geometry":{"type":"Polygon","coordinates":[[[-82.4625,46.39167],[-82.4625,46.39583],[-82.45625,46.39583],[-82.45625,46.39167],[-82.4625,46.39167]]]}},{"type":"Feature","properties":{"c":"172443","o":"","e":""},"geometry":{"type":"Polygon","coordinates":[[[-82.3625,46.40417],[-82.3625,46.40833],[-82.35625,46.40833],[-82.35625,46.40417],[-82.3625,46.40417]]]}},{"type":"Feature","properties":{"c":"172376","o":"","e":""},"geometry":{"type":"Polygon","coordinates":[[[-82.425,46.3875],[-82.425,46.39167],[-82.41875,46.39167],[-82.41875,46.3875],[-82.425,46.3875]]]}},{"type":"Feature","properties":{"c":"1045044","o":"","e":""},"geometry":{"type":"Polygon","coordinates":[[[-82.45625,46.40833],[-82.45625,46.4125],[-82.45,46.4125],[-82.45,46.40833],[-82.45625,46.40833]]]}},{"type":"Feature","properties":{"c":"1045045","o":"","e":""},"geometry":{"type":"Polygon","coordinates":[[[-82.45625,46.40417],[-82.45625,46.40833],[-82.45,46.40833],[-82.45,46.40417],[-82.45625,46.40417]]]}},{"type":"Feature","properties":{"c":"175855","o":"","e":""},"geometry":{"type":"Polygon","coordinates":[[[-82.4,46.37917],[-82.4,46.38333],[-82.39375,46.38333],[-82.39375,46.37917],[-82.4,46.37917]]]}},{"type":"Feature","properties":{"c":"175856","o":"","e":""},"geometry":{"type":"Polygon","coordinates":[[[-82.39375,46.375],[-82.39375,46.37917],[-82.3875,46.37917],[-82.3875,46.375],[-82.39375,46.375]]]}},{"type":"Feature","properties":{"c":"174896","o":"","e":""},"geometry":{"type":"Polygon","coordinates":[[[-82.16875,46.44167],[-82.16875,46.44583],[-82.1625,46.44583],[-82.1625,46.44167],[-82.16875,46.44167]]]}},{"type":"Feature","properties":{"c":"175601","o":"","e":""},"geometry":{"type":"Polygon","coordinates":[[[-82.19375,46.42917],[-82.19375,46.43333],[-82.1875,46.43333],[-82.1875,46.42917],[-82.19375,46.42917]]]}},{"type":"Feature","properties":{"c":"174601","o":"","e":""},"geometry":{"type":"Polygon","coordinates":[[[-82.35625,46.4],[-82.35625,46.40417],[-82.35,46.40417],[-82.35,46.4],[-82.35625,46.4]]]}},{"type":"Feature","properties":{"c":"171743","o":"","e":""},"geometry":{"type":"Polygon","coordinates":[[[-82.28125,46.41667],[-82.28125,46.42083],[-82.275,46.42083],[-82.275,46.41667],[-82.28125,46.41667]]]}},{"type":"Feature","properties":{"c":"177855","o":"","e":""},"geometry":{"type":"Polygon","coordinates":[[[-82.38125,46.3875],[-82.38125,46.39167],[-82.375,46.39167],[-82.375,46.3875],[-82.38125,46.3875]]]}},{"type":"Feature","properties":{"c":"542047","o":"","e":""},"geometry":{"type":"Polygon","coordinates":[[[-82.26875,46.4],[-82.26875,46.40417],[-82.2625,46.40417],[-82.2625,46.4],[-82.26875,46.4]]]}},{"type":"Feature","properties":{"c":"542048","o":"","e":""},"geometry":{"type":"Polygon","coordinates":[[[-82.26875,46.40417],[-82.26875,46.40833],[-82.2625,46.40833],[-82.2625,46.40417],[-82.26875,46.40417]]]}},{"type":"Feature","properties":{"c":"176605","o":"","e":""},"geometry":{"type":"Polygon","coordinates":[[[-82.15625,46.42917],[-82.15625,46.43333],[-82.15,46.43333],[-82.15,46.42917],[-82.15625,46.42917]]]}},{"type":"Feature","properties":{"c":"177217","o":"","e":""},"geometry":{"type":"Polygon","coordinates":[[[-82.46875,46.40417],[-82.46875,46.40833],[-82.4625,46.40833],[-82.4625,46.40417],[-82.46875,46.40417]]]}},{"type":"Feature","properties":{"c":"180067","o":"","e":""},"geometry":{"type":"Polygon","coordinates":[[[-82.25,46.41667],[-82.25,46.42083],[-82.24375,46.42083],[-82.24375,46.41667],[-82.25,46.41667]]]}},{"type":"Feature","properties":{"c":"179220","o":"","e":""},"geometry":{"type":"Polygon","coordinates":[[[-82.2375,46.4125],[-82.2375,46.41667],[-82.23125,46.41667],[-82.23125,46.4125],[-82.2375,46.4125]]]}},{"type":"Feature","properties":{"c":"179221","o":"","e":""},"geometry":{"type":"Polygon","coordinates":[[[-82.23125,46.40833],[-82.23125,46.4125],[-82.225,46.4125],[-82.225,46.40833],[-82.23125,46.40833]]]}},{"type":"Feature","properties":{"c":"179222","o":"","e":""},"geometry":{"type":"Polygon","coordinates":[[[-82.2125,46.39583],[-82.2125,46.4],[-82.20625,46.4],[-82.20625,46.39583],[-82.2125,46.39583]]]}},{"type":"Feature","properties":{"c":"542049","o":"","e":""},"geometry":{"type":"Polygon","coordinates":[[[-82.2375,46.39167],[-82.2375,46.39583],[-82.23125,46.39583],[-82.23125,46.39167],[-82.2375,46.39167]]]}},{"type":"Feature","properties":{"c":"542050","o":"","e":""},"geometry":{"type":"Polygon","coordinates":[[[-82.20625,46.39167],[-82.20625,46.39583],[-82.2,46.39583],[-82.2,46.39167],[-82.20625,46.39167]]]}},{"type":"Feature","properties":{"c":"542051","o":"","e":""},"geometry":{"type":"Polygon","coordinates":[[[-82.25625,46.39167],[-82.25625,46.39583],[-82.25,46.39583],[-82.25,46.39167],[-82.25625,46.39167]]]}},{"type":"Feature","properties":{"c":"542052","o":"","e":""},"geometry":{"type":"Polygon","coordinates":[[[-82.225,46.39167],[-82.225,46.39583],[-82.21875,46.39583],[-82.21875,46.39167],[-82.225,46.39167]]]}},{"type":"Feature","properties":{"c":"542053","o":"","e":""},"geometry":{"type":"Polygon","coordinates":[[[-82.21875,46.39167],[-82.21875,46.39583],[-82.2125,46.39583],[-82.2125,46.39167],[-82.21875,46.39167]]]}},{"type":"Feature","properties":{"c":"542054","o":"","e":""},"geometry":{"type":"Polygon","coordinates":[[[-82.2625,46.39167],[-82.2625,46.39583],[-82.25625,46.39583],[-82.25625,46.39167],[-82.2625,46.39167]]]}},{"type":"Feature","properties":{"c":"542058","o":"","e":""},"geometry":{"type":"Polygon","coordinates":[[[-82.20625,46.4],[-82.20625,46.40417],[-82.2,46.40417],[-82.2,46.4],[-82.20625,46.4]]]}},{"type":"Feature","properties":{"c":"542059","o":"","e":""},"geometry":{"type":"Polygon","coordinates":[[[-82.24375,46.39167],[-82.24375,46.39583],[-82.2375,46.39583],[-82.2375,46.39167],[-82.24375,46.39167]]]}},{"type":"Feature","properties":{"c":"542055","o":"","e":""},"geometry":{"type":"Polygon","coordinates":[[[-82.26875,46.39167],[-82.26875,46.39583],[-82.2625,46.39583],[-82.2625,46.39167],[-82.26875,46.39167]]]}},{"type":"Feature","properties":{"c":"542056","o":"","e":""},"geometry":{"type":"Polygon","coordinates":[[[-82.2125,46.39167],[-82.2125,46.39583],[-82.20625,46.39583],[-82.20625,46.39167],[-82.2125,46.39167]]]}},{"type":"Feature","properties":{"c":"542057","o":"","e":""},"geometry":{"type":"Polygon","coordinates":[[[-82.25,46.39167],[-82.25,46.39583],[-82.24375,46.39583],[-82.24375,46.39167],[-82.25,46.39167]]]}},{"type":"Feature","properties":{"c":"182062","o":"","e":""},"geometry":{"type":"Polygon","coordinates":[[[-82.08125,46.39167],[-82.08125,46.39583],[-82.075,46.39583],[-82.075,46.39167],[-82.08125,46.39167]]]}},{"type":"Feature","properties":{"c":"182082","o":"","e":""},"geometry":{"type":"Polygon","coordinates":[[[-82.21875,46.425],[-82.21875,46.42917],[-82.2125,46.42917],[-82.2125,46.425],[-82.21875,46.425]]]}},{"type":"Feature","properties":{"c":"180833","o":"","e":""},"geometry":{"type":"Polygon","coordinates":[[[-82.1375,46.43333],[-82.1375,46.4375],[-82.13125,46.4375],[-82.13125,46.43333],[-82.1375,46.43333]]]}},{"type":"Feature","properties":{"c":"180834","o":"","e":""},"geometry":{"type":"Polygon","coordinates":[[[-82.11875,46.42917],[-82.11875,46.43333],[-82.1125,46.43333],[-82.1125,46.42917],[-82.11875,46.42917]]]}},{"type":"Feature","properties":{"c":"180835","o":"","e":""},"geometry":{"type":"Polygon","coordinates":[[[-82.125,46.42917],[-82.125,46.43333],[-82.11875,46.43333],[-82.11875,46.42917],[-82.125,46.42917]]]}},{"type":"Feature","properties":{"c":"180836","o":"","e":""},"geometry":{"type":"Polygon","coordinates":[[[-82.13125,46.425],[-82.13125,46.42917],[-82.125,46.42917],[-82.125,46.425],[-82.13125,46.425]]]}},{"type":"Feature","properties":{"c":"542060","o":"","e":""},"geometry":{"type":"Polygon","coordinates":[[[-82.23125,46.39167],[-82.23125,46.39583],[-82.225,46.39583],[-82.225,46.39167],[-82.23125,46.39167]]]}},{"type":"Feature","properties":{"c":"542061","o":"","e":""},"geometry":{"type":"Polygon","coordinates":[[[-82.20625,46.39583],[-82.20625,46.4],[-82.2,46.4],[-82.2,46.39583],[-82.20625,46.39583]]]}},{"type":"Feature","properties":{"c":"542062","o":"","e":""},"geometry":{"type":"Polygon","coordinates":[[[-82.20625,46.40417],[-82.20625,46.40833],[-82.2,46.40833],[-82.2,46.40417],[-82.20625,46.40417]]]}},{"type":"Feature","properties":{"c":"542063","o":"","e":""},"geometry":{"type":"Polygon","coordinates":[[[-82.26875,46.39583],[-82.26875,46.4],[-82.2625,46.4],[-82.2625,46.39583],[-82.26875,46.39583]]]}},{"type":"Feature","properties":{"c":"183365","o":"","e":""},"geometry":{"type":"Polygon","coordinates":[[[-82.15625,46.4375],[-82.15625,46.44167],[-82.15,46.44167],[-82.15,46.4375],[-82.15625,46.4375]]]}},{"type":"Feature","properties":{"c":"183495","o":"","e":""},"geometry":{"type":"Polygon","coordinates":[[[-82.08125,46.4],[-82.08125,46.40417],[-82.075,46.40417],[-82.075,46.4],[-82.08125,46.4]]]}},{"type":"Feature","properties":{"c":"184388","o":"","e":""},"geometry":{"type":"Polygon","coordinates":[[[-82.45625,46.4875],[-82.45625,46.49167],[-82.45,46.49167],[-82.45,46.4875],[-82.45625,46.4875]]]}},{"type":"Feature","properties":{"c":"184682","o":"","e":""},"geometry":{"type":"Polygon","coordinates":[[[-82.425,46.37917],[-82.425,46.38333],[-82.41875,46.38333],[-82.41875,46.37917],[-82.425,46.37917]]]}},{"type":"Feature","properties":{"c":"184142","o":"","e":""},"geometry":{"type":"Polygon","coordinates":[[[-82.4375,46.38333],[-82.4375,46.3875],[-82.43125,46.3875],[-82.43125,46.38333],[-82.4375,46.38333]]]}},{"type":"Feature","properties":{"c":"184143","o":"","e":""},"geometry":{"type":"Polygon","coordinates":[[[-82.43125,46.375],[-82.43125,46.37917],[-82.425,46.37917],[-82.425,46.375],[-82.43125,46.375]]]}},{"type":"Feature","properties":{"c":"184177","o":"","e":""},"geometry":{"type":"Polygon","coordinates":[[[-82.09375,46.4125],[-82.09375,46.41667],[-82.0875,46.41667],[-82.0875,46.4125],[-82.09375,46.4125]]]}},{"type":"Feature","properties":{"c":"183315","o":"","e":""},"geometry":{"type":"Polygon","coordinates":[[[-82.475,46.49583],[-82.475,46.5],[-82.46875,46.5],[-82.46875,46.49583],[-82.475,46.49583]]]}},{"type":"Feature","properties":{"c":"183316","o":"","e":""},"geometry":{"type":"Polygon","coordinates":[[[-82.49375,46.49167],[-82.49375,46.49583],[-82.4875,46.49583],[-82.4875,46.49167],[-82.49375,46.49167]]]}},{"type":"Feature","properties":{"c":"186833","o":"","e":""},"geometry":{"type":"Polygon","coordinates":[[[-82.25625,46.41667],[-82.25625,46.42083],[-82.25,46.42083],[-82.25,46.41667],[-82.25625,46.41667]]]}},{"type":"Feature","properties":{"c":"185250","o":"","e":""},"geometry":{"type":"Polygon","coordinates":[[[-82.225,46.4125],[-82.225,46.41667],[-82.21875,46.41667],[-82.21875,46.4125],[-82.225,46.4125]]]}},{"type":"Feature","properties":{"c":"185251","o":"","e":""},"geometry":{"type":"Polygon","coordinates":[[[-82.23125,46.4125],[-82.23125,46.41667],[-82.225,46.41667],[-82.225,46.4125],[-82.23125,46.4125]]]}},{"type":"Feature","properties":{"c":"185252","o":"","e":""},"geometry":{"type":"Polygon","coordinates":[[[-82.225,46.40417],[-82.225,46.40833],[-82.21875,46.40833],[-82.21875,46.40417],[-82.225,46.40417]]]}},{"type":"Feature","properties":{"c":"185562","o":"","e":""},"geometry":{"type":"Polygon","coordinates":[[[-82.16875,46.41667],[-82.16875,46.42083],[-82.1625,46.42083],[-82.1625,46.41667],[-82.16875,46.41667]]]}},{"type":"Feature","properties":{"c":"185882","o":"","e":""},"geometry":{"type":"Polygon","coordinates":[[[-82.43125,46.39583],[-82.43125,46.4],[-82.425,46.4],[-82.425,46.39583],[-82.43125,46.39583]]]}},{"type":"Feature","properties":{"c":"185883","o":"","e":""},"geometry":{"type":"Polygon","coordinates":[[[-82.43125,46.3875],[-82.43125,46.39167],[-82.425,46.39167],[-82.425,46.3875],[-82.43125,46.3875]]]}},{"type":"Feature","properties":{"c":"188840","o":"","e":""},"geometry":{"type":"Polygon","coordinates":[[[-82.08125,46.39583],[-82.08125,46.4],[-82.075,46.4],[-82.075,46.39583],[-82.08125,46.39583]]]}},{"type":"Feature","properties":{"c":"188572","o":"","e":""},"geometry":{"type":"Polygon","coordinates":[[[-82.275,46.425],[-82.275,46.42917],[-82.26875,46.42917],[-82.26875,46.425],[-82.275,46.425]]]}},{"type":"Feature","properties":{"c":"188297","o":"","e":""},"geometry":{"type":"Polygon","coordinates":[[[-82.13125,46.43333],[-82.13125,46.4375],[-82.125,46.4375],[-82.125,46.43333],[-82.13125,46.43333]]]}},{"type":"Feature","properties":{"c":"188298","o":"","e":""},"geometry":{"type":"Polygon","coordinates":[[[-82.13125,46.42917],[-82.13125,46.43333],[-82.125,46.43333],[-82.125,46.42917],[-82.13125,46.42917]]]}},{"type":"Feature","properties":{"c":"188869","o":"","e":""},"geometry":{"type":"Polygon","coordinates":[[[-82.225,46.425],[-82.225,46.42917],[-82.21875,46.42917],[-82.21875,46.425],[-82.225,46.425]]]}},{"type":"Feature","properties":{"c":"188588","o":"","e":""},"geometry":{"type":"Polygon","coordinates":[[[-82.14375,46.42917],[-82.14375,46.43333],[-82.1375,46.43333],[-82.1375,46.42917],[-82.14375,46.42917]]]}},{"type":"Feature","properties":{"c":"189735","o":"","e":""},"geometry":{"type":"Polygon","coordinates":[[[-82.2375,46.44583],[-82.2375,46.45],[-82.23125,46.45],[-82.23125,46.44583],[-82.2375,46.44583]]]}},{"type":"Feature","properties":{"c":"189736","o":"","e":""},"geometry":{"type":"Polygon","coordinates":[[[-82.225,46.44167],[-82.225,46.44583],[-82.21875,46.44583],[-82.21875,46.44167],[-82.225,46.44167]]]}},{"type":"Feature","properties":{"c":"189469","o":"","e":""},"geometry":{"type":"Polygon","coordinates":[[[-82.24375,46.42917],[-82.24375,46.43333],[-82.2375,46.43333],[-82.2375,46.42917],[-82.24375,46.42917]]]}},{"type":"Feature","properties":{"c":"188311","o":"","e":""},"geometry":{"type":"Polygon","coordinates":[[[-82.16875,46.42083],[-82.16875,46.425],[-82.1625,46.425],[-82.1625,46.42083],[-82.16875,46.42083]]]}},{"type":"Feature","properties":{"c":"188769","o":"","e":""},"geometry":{"type":"Polygon","coordinates":[[[-82.475,46.45],[-82.475,46.45417],[-82.46875,46.45417],[-82.46875,46.45],[-82.475,46.45]]]}},{"type":"Feature","properties":{"c":"189356","o":"","e":""},"geometry":{"type":"Polygon","coordinates":[[[-82.48125,46.49583],[-82.48125,46.5],[-82.475,46.5],[-82.475,46.49583],[-82.48125,46.49583]]]}},{"type":"Feature","properties":{"c":"189357","o":"","e":""},"geometry":{"type":"Polygon","coordinates":[[[-82.49375,46.48333],[-82.49375,46.4875],[-82.4875,46.4875],[-82.4875,46.48333],[-82.49375,46.48333]]]}},{"type":"Feature","properties":{"c":"189791","o":"","e":""},"geometry":{"type":"Polygon","coordinates":[[[-82.2375,46.40417],[-82.2375,46.40833],[-82.23125,46.40833],[-82.23125,46.40417],[-82.2375,46.40417]]]}},{"type":"Feature","properties":{"c":"188068","o":"","e":""},"geometry":{"type":"Polygon","coordinates":[[[-82.2625,46.4375],[-82.2625,46.44167],[-82.25625,46.44167],[-82.25625,46.4375],[-82.2625,46.4375]]]}},{"type":"Feature","properties":{"c":"188069","o":"","e":""},"geometry":{"type":"Polygon","coordinates":[[[-82.275,46.4375],[-82.275,46.44167],[-82.26875,46.44167],[-82.26875,46.4375],[-82.275,46.4375]]]}},{"type":"Feature","properties":{"c":"191431","o":"","e":""},"geometry":{"type":"Polygon","coordinates":[[[-82.275,46.41667],[-82.275,46.42083],[-82.26875,46.42083],[-82.26875,46.41667],[-82.275,46.41667]]]}},{"type":"Feature","properties":{"c":"191432","o":"","e":""},"geometry":{"type":"Polygon","coordinates":[[[-82.2625,46.4125],[-82.2625,46.41667],[-82.25625,46.41667],[-82.25625,46.4125],[-82.2625,46.4125]]]}},{"type":"Feature","properties":{"c":"191433","o":"","e":""},"geometry":{"type":"Polygon","coordinates":[[[-82.26875,46.40833],[-82.26875,46.4125],[-82.2625,46.4125],[-82.2625,46.40833],[-82.26875,46.40833]]]}},{"type":"Feature","properties":{"c":"193643","o":"","e":""},"geometry":{"type":"Polygon","coordinates":[[[-82.18125,46.4375],[-82.18125,46.44167],[-82.175,46.44167],[-82.175,46.4375],[-82.18125,46.4375]]]}},{"type":"Feature","properties":{"c":"1009656","o":"","e":""},"geometry":{"type":"Polygon","coordinates":[[[-82.5125,46.35417],[-82.5125,46.35833],[-82.50625,46.35833],[-82.50625,46.3625],[-82.5,46.3625],[-82.49375,46.3625],[-82.4875,46.3625],[-82.48125,46.3625],[-82.48125,46.36667],[-82.475,46.36667],[-82.46875,46.36667],[-82.46875,46.3625],[-82.46875,46.35833],[-82.475,46.35833],[-82.475,46.35417],[-82.475,46.35],[-82.48125,46.35],[-82.48125,46.34583],[-82.4875,46.34583],[-82.49375,46.34583],[-82.5,46.34583],[-82.50625,46.34583],[-82.5125,46.34583],[-82.5125,46.35],[-82.5125,46.35417]]]}},{"type":"Feature","properties":{"c":"189965","o":"","e":""},"geometry":{"type":"Polygon","coordinates":[[[-82.18125,46.42083],[-82.18125,46.425],[-82.175,46.425],[-82.175,46.42083],[-82.18125,46.42083]]]}},{"type":"Feature","properties":{"c":"192576","o":"","e":""},"geometry":{"type":"Polygon","coordinates":[[[-82.4375,46.39583],[-82.4375,46.4],[-82.43125,46.4],[-82.43125,46.39583],[-82.4375,46.39583]]]}},{"type":"Feature","properties":{"c":"192901","o":"","e":""},"geometry":{"type":"Polygon","coordinates":[[[-82.5,46.4875],[-82.5,46.49167],[-82.49375,46.49167],[-82.49375,46.4875],[-82.5,46.4875]]]}},{"type":"Feature","properties":{"c":"193917","o":"","e":""},"geometry":{"type":"Polygon","coordinates":[[[-82.04375,46.40417],[-82.04375,46.40833],[-82.0375,46.40833],[-82.0375,46.40417],[-82.04375,46.40417]]]}},{"type":"Feature","properties":{"c":"730057","o":"","e":""},"geometry":{"type":"Polygon","coordinates":[[[-82.1375,46.23333],[-82.1375,46.2375],[-82.13125,46.2375],[-82.13125,46.23333],[-82.1375,46.23333]]]}},{"type":"Feature","properties":{"c":"730058","o":"","e":""},"geometry":{"type":"Polygon","coordinates":[[[-82.13125,46.23333],[-82.13125,46.2375],[-82.125,46.2375],[-82.125,46.23333],[-82.13125,46.23333]]]}},{"type":"Feature","properties":{"c":"194415","o":"","e":""},"geometry":{"type":"Polygon","coordinates":[[[-82.1625,46.44583],[-82.1625,46.45],[-82.15625,46.45],[-82.15625,46.44583],[-82.1625,46.44583]]]}},{"type":"Feature","properties":{"c":"195919","o":"","e":""},"geometry":{"type":"Polygon","coordinates":[[[-82.4625,46.47917],[-82.4625,46.48333],[-82.45625,46.48333],[-82.45625,46.47917],[-82.4625,46.47917]]]}},{"type":"Feature","properties":{"c":"196519","o":"","e":""},"geometry":{"type":"Polygon","coordinates":[[[-82.1125,46.40417],[-82.1125,46.40833],[-82.10625,46.40833],[-82.10625,46.40417],[-82.1125,46.40417]]]}},{"type":"Feature","properties":{"c":"195211","o":"","e":""},"geometry":{"type":"Polygon","coordinates":[[[-82.49375,46.43333],[-82.49375,46.4375],[-82.4875,46.4375],[-82.4875,46.43333],[-82.49375,46.43333]]]}},{"type":"Feature","properties":{"c":"196791","o":"","e":""},"geometry":{"type":"Polygon","coordinates":[[[-82.11875,46.4125],[-82.11875,46.41667],[-82.1125,46.41667],[-82.1125,46.4125],[-82.11875,46.4125]]]}},{"type":"Feature","properties":{"c":"198117","o":"","e":""},"geometry":{"type":"Polygon","coordinates":[[[-82.20625,46.44583],[-82.20625,46.45],[-82.2,46.45],[-82.2,46.44583],[-82.20625,46.44583]]]}},{"type":"Feature","properties":{"c":"196885","o":"","e":""},"geometry":{"type":"Polygon","coordinates":[[[-82.35625,46.35],[-82.35625,46.35417],[-82.35,46.35417],[-82.35,46.35],[-82.35625,46.35]]]}},{"type":"Feature","properties":{"c":"199928","o":"","e":""},"geometry":{"type":"Polygon","coordinates":[[[-82.25625,46.4375],[-82.25625,46.44167],[-82.25,46.44167],[-82.25,46.4375],[-82.25625,46.4375]]]}},{"type":"Feature","properties":{"c":"199883","o":"","e":""},"geometry":{"type":"Polygon","coordinates":[[[-82.48125,46.475],[-82.48125,46.47917],[-82.475,46.47917],[-82.475,46.475],[-82.48125,46.475]]]}},{"type":"Feature","properties":{"c":"200493","o":"","e":""},"geometry":{"type":"Polygon","coordinates":[[[-82.11875,46.425],[-82.11875,46.42917],[-82.1125,46.42917],[-82.1125,46.425],[-82.11875,46.425]]]}},{"type":"Feature","properties":{"c":"200928","o":"","e":""},"geometry":{"type":"Polygon","coordinates":[[[-82.1,46.4],[-82.1,46.40417],[-82.09375,46.40417],[-82.09375,46.4],[-82.1,46.4]]]}},{"type":"Feature","properties":{"c":"201519","o":"","e":""},"geometry":{"type":"Polygon","coordinates":[[[-82.0875,46.39583],[-82.0875,46.4],[-82.08125,46.4],[-82.08125,46.39583],[-82.0875,46.39583]]]}},{"type":"Feature","properties":{"c":"201520","o":"","e":""},"geometry":{"type":"Polygon","coordinates":[[[-82.09375,46.39167],[-82.09375,46.39583],[-82.0875,46.39583],[-82.0875,46.39167],[-82.09375,46.39167]]]}},{"type":"Feature","properties":{"c":"201542","o":"","e":""},"geometry":{"type":"Polygon","coordinates":[[[-82.21875,46.4125],[-82.21875,46.41667],[-82.2125,46.41667],[-82.2125,46.4125],[-82.21875,46.4125]]]}},{"type":"Feature","properties":{"c":"203577","o":"","e":""},"geometry":{"type":"Polygon","coordinates":[[[-82.275,46.4125],[-82.275,46.41667],[-82.26875,46.41667],[-82.26875,46.4125],[-82.275,46.4125]]]}},{"type":"Feature","properties":{"c":"201870","o":"","e":""},"geometry":{"type":"Polygon","coordinates":[[[-82.2875,46.4375],[-82.2875,46.44167],[-82.28125,46.44167],[-82.28125,46.4375],[-82.2875,46.4375]]]}},{"type":"Feature","properties":{"c":"202613","o":"","e":""},"geometry":{"type":"Polygon","coordinates":[[[-82.1875,46.43333],[-82.1875,46.4375],[-82.18125,46.4375],[-82.18125,46.43333],[-82.1875,46.43333]]]}},{"type":"Feature","properties":{"c":"201624","o":"","e":""},"geometry":{"type":"Polygon","coordinates":[[[-82.24375,46.425],[-82.24375,46.42917],[-82.2375,46.42917],[-82.2375,46.425],[-82.24375,46.425]]]}},{"type":"Feature","properties":{"c":"201625","o":"","e":""},"geometry":{"type":"Polygon","coordinates":[[[-82.25625,46.42083],[-82.25625,46.425],[-82.25,46.425],[-82.25,46.42083],[-82.25625,46.42083]]]}},{"type":"Feature","properties":{"c":"204797","o":"","e":""},"geometry":{"type":"Polygon","coordinates":[[[-82.1375,46.4125],[-82.1375,46.41667],[-82.13125,46.41667],[-82.13125,46.4125],[-82.1375,46.4125]]]}},{"type":"Feature","properties":{"c":"205670","o":"","e":""},"geometry":{"type":"Polygon","coordinates":[[[-82.35625,46.35833],[-82.35625,46.3625],[-82.35,46.3625],[-82.35,46.35833],[-82.35625,46.35833]]]}},{"type":"Feature","properties":{"c":"208036","o":"","e":""},"geometry":{"type":"Polygon","coordinates":[[[-82.16875,46.42917],[-82.16875,46.43333],[-82.1625,46.43333],[-82.1625,46.42917],[-82.16875,46.42917]]]}},{"type":"Feature","properties":{"c":"208037","o":"","e":""},"geometry":{"type":"Polygon","coordinates":[[[-82.175,46.42917],[-82.175,46.43333],[-82.16875,46.43333],[-82.16875,46.42917],[-82.175,46.42917]]]}},{"type":"Feature","properties":{"c":"206327","o":"","e":""},"geometry":{"type":"Polygon","coordinates":[[[-82.3625,46.35417],[-82.3625,46.35833],[-82.35625,46.35833],[-82.35625,46.35417],[-82.3625,46.35417]]]}},{"type":"Feature","properties":{"c":"207817","o":"","e":""},"geometry":{"type":"Polygon","coordinates":[[[-82.13125,46.4375],[-82.13125,46.44167],[-82.125,46.44167],[-82.125,46.4375],[-82.13125,46.4375]]]}},{"type":"Feature","properties":{"c":"1011711","o":"","e":""},"geometry":{"type":"Polygon","coordinates":[[[-82.35,46.3625],[-82.34375,46.3625],[-82.34375,46.36667],[-82.3375,46.36667],[-82.33125,46.36667],[-82.325,46.36667],[-82.325,46.37083],[-82.325,46.375],[-82.31875,46.375],[-82.31875,46.37083],[-82.31875,46.36667],[-82.31875,46.3625],[-82.31875,46.35833],[-82.325,46.35833],[-82.325,46.35417],[-82.33125,46.35417],[-82.3375,46.35417],[-82.34375,46.35417],[-82.35,46.35417],[-82.35,46.35833],[-82.35,46.3625]]]}},{"type":"Feature","properties":{"c":"206983","o":"","e":""},"geometry":{"type":"Polygon","coordinates":[[[-82.25,46.39583],[-82.25,46.4],[-82.24375,46.4],[-82.24375,46.39583],[-82.25,46.39583]]]}},{"type":"Feature","properties":{"c":"209736","o":"","e":""},"geometry":{"type":"Polygon","coordinates":[[[-82.225,46.44583],[-82.225,46.45],[-82.21875,46.45],[-82.21875,46.44583],[-82.225,46.44583]]]}},{"type":"Feature","properties":{"c":"576319","o":"","e":""},"geometry":{"type":"Polygon","coordinates":[[[-82.05625,46.41667],[-82.05625,46.42083],[-82.05,46.42083],[-82.05,46.41667],[-82.05625,46.41667]]]}},{"type":"Feature","properties":{"c":"576318","o":"","e":""},"geometry":{"type":"Polygon","coordinates":[[[-82.0625,46.41667],[-82.0625,46.42083],[-82.05625,46.42083],[-82.05625,46.41667],[-82.0625,46.41667]]]}},{"type":"Feature","properties":{"c":"576320","o":"","e":""},"geometry":{"type":"Polygon","coordinates":[[[-82.05,46.41667],[-82.05,46.42083],[-82.04375,46.42083],[-82.04375,46.41667],[-82.05,46.41667]]]}},{"type":"Feature","properties":{"c":"576321","o":"","e":""},"geometry":{"type":"Polygon","coordinates":[[[-82.04375,46.41667],[-82.04375,46.42083],[-82.0375,46.42083],[-82.0375,46.41667],[-82.04375,46.41667]]]}},{"type":"Feature","properties":{"c":"1009647","o":"","e":""},"geometry":{"type":"Polygon","coordinates":[[[-82.5125,46.37083],[-82.5125,46.375],[-82.5125,46.37917],[-82.5125,46.38333],[-82.50625,46.38333],[-82.5,46.38333],[-82.49375,46.38333],[-82.4875,46.38333],[-82.48125,46.38333],[-82.48125,46.37917],[-82.48125,46.375],[-82.48125,46.37083],[-82.48125,46.36667],[-82.48125,46.3625],[-82.4875,46.3625],[-82.49375,46.3625],[-82.5,46.3625],[-82.50625,46.3625],[-82.5125,46.3625],[-82.5125,46.36667],[-82.5125,46.37083]]]}},{"type":"Feature","properties":{"c":"210638","o":"","e":""},"geometry":{"type":"Polygon","coordinates":[[[-82.18125,46.42917],[-82.18125,46.43333],[-82.175,46.43333],[-82.175,46.42917],[-82.18125,46.42917]]]}},{"type":"Feature","properties":{"c":"211634","o":"","e":""},"geometry":{"type":"Polygon","coordinates":[[[-82.1625,46.45],[-82.1625,46.45417],[-82.15625,46.45417],[-82.15625,46.45],[-82.1625,46.45]]]}},{"type":"Feature","properties":{"c":"211664","o":"","e":""},"geometry":{"type":"Polygon","coordinates":[[[-82.1,46.39583],[-82.1,46.4],[-82.09375,46.4],[-82.09375,46.39583],[-82.1,46.39583]]]}},{"type":"Feature","properties":{"c":"214946","o":"","e":""},"geometry":{"type":"Polygon","coordinates":[[[-82.3625,46.39583],[-82.3625,46.4],[-82.35625,46.4],[-82.35625,46.39583],[-82.3625,46.39583]]]}},{"type":"Feature","properties":{"c":"214947","o":"","e":""},"geometry":{"type":"Polygon","coordinates":[[[-82.35625,46.3875],[-82.35625,46.39167],[-82.35,46.39167],[-82.35,46.3875],[-82.35625,46.3875]]]}},{"type":"Feature","properties":{"c":"585772","o":"","e":""},"geometry":{"type":"Polygon","coordinates":[[[-82.0875,46.37917],[-82.0875,46.38333],[-82.08125,46.38333],[-82.08125,46.37917],[-82.0875,46.37917]]]}},{"type":"Feature","properties":{"c":"585773","o":"","e":""},"geometry":{"type":"Polygon","coordinates":[[[-82.075,46.375],[-82.075,46.37917],[-82.06875,46.37917],[-82.06875,46.375],[-82.075,46.375]]]}},{"type":"Feature","properties":{"c":"585774","o":"","e":""},"geometry":{"type":"Polygon","coordinates":[[[-82.06875,46.37917],[-82.06875,46.38333],[-82.0625,46.38333],[-82.0625,46.37917],[-82.06875,46.37917]]]}},{"type":"Feature","properties":{"c":"585775","o":"","e":""},"geometry":{"type":"Polygon","coordinates":[[[-82.0625,46.38333],[-82.0625,46.3875],[-82.05625,46.3875],[-82.05625,46.38333],[-82.0625,46.38333]]]}},{"type":"Feature","properties":{"c":"585776","o":"","e":""},"geometry":{"type":"Polygon","coordinates":[[[-82.05625,46.375],[-82.05625,46.37917],[-82.05,46.37917],[-82.05,46.375],[-82.05625,46.375]]]}},{"type":"Feature","properties":{"c":"585777","o":"","e":""},"geometry":{"type":"Polygon","coordinates":[[[-82.0875,46.375],[-82.0875,46.37917],[-82.08125,46.37917],[-82.08125,46.375],[-82.0875,46.375]]]}},{"type":"Feature","properties":{"c":"585778","o":"","e":""},"geometry":{"type":"Polygon","coordinates":[[[-82.08125,46.37917],[-82.08125,46.38333],[-82.075,46.38333],[-82.075,46.37917],[-82.08125,46.37917]]]}},{"type":"Feature","properties":{"c":"585779","o":"","e":""},"geometry":{"type":"Polygon","coordinates":[[[-82.075,46.38333],[-82.075,46.3875],[-82.06875,46.3875],[-82.06875,46.38333],[-82.075,46.38333]]]}},{"type":"Feature","properties":{"c":"585780","o":"","e":""},"geometry":{"type":"Polygon","coordinates":[[[-82.05,46.375],[-82.05,46.37917],[-82.04375,46.37917],[-82.04375,46.375],[-82.05,46.375]]]}},{"type":"Feature","properties":{"c":"585781","o":"","e":""},"geometry":{"type":"Polygon","coordinates":[[[-82.08125,46.375],[-82.08125,46.37917],[-82.075,46.37917],[-82.075,46.375],[-82.08125,46.375]]]}},{"type":"Feature","properties":{"c":"213089","o":"","e":""},"geometry":{"type":"Polygon","coordinates":[[[-82.18125,46.44583],[-82.18125,46.45],[-82.175,46.45],[-82.175,46.44583],[-82.18125,46.44583]]]}},{"type":"Feature","properties":{"c":"213090","o":"","e":""},"geometry":{"type":"Polygon","coordinates":[[[-82.1875,46.4375],[-82.1875,46.44167],[-82.18125,46.44167],[-82.18125,46.4375],[-82.1875,46.4375]]]}},{"type":"Feature","properties":{"c":"215569","o":"","e":""},"geometry":{"type":"Polygon","coordinates":[[[-82.4375,46.37083],[-82.4375,46.375],[-82.43125,46.375],[-82.43125,46.37083],[-82.4375,46.37083]]]}},{"type":"Feature","properties":{"c":"585782","o":"","e":""},"geometry":{"type":"Polygon","coordinates":[[[-82.0625,46.375],[-82.0625,46.37917],[-82.05625,46.37917],[-82.05625,46.375],[-82.0625,46.375]]]}},{"type":"Feature","properties":{"c":"585783","o":"","e":""},"geometry":{"type":"Polygon","coordinates":[[[-82.03125,46.37083],[-82.03125,46.375],[-82.025,46.375],[-82.025,46.37083],[-82.03125,46.37083]]]}},{"type":"Feature","properties":{"c":"585784","o":"","e":""},"geometry":{"type":"Polygon","coordinates":[[[-82.03125,46.375],[-82.03125,46.37917],[-82.025,46.37917],[-82.025,46.375],[-82.03125,46.375]]]}},{"type":"Feature","properties":{"c":"585785","o":"","e":""},"geometry":{"type":"Polygon","coordinates":[[[-82.1,46.375],[-82.1,46.37917],[-82.09375,46.37917],[-82.09375,46.375],[-82.1,46.375]]]}},{"type":"Feature","properties":{"c":"585786","o":"","e":""},"geometry":{"type":"Polygon","coordinates":[[[-82.1,46.37917],[-82.1,46.38333],[-82.09375,46.38333],[-82.09375,46.37917],[-82.1,46.37917]]]}},{"type":"Feature","properties":{"c":"585787","o":"","e":""},"geometry":{"type":"Polygon","coordinates":[[[-82.1,46.38333],[-82.1,46.3875],[-82.09375,46.3875],[-82.09375,46.38333],[-82.1,46.38333]]]}},{"type":"Feature","properties":{"c":"585788","o":"","e":""},"geometry":{"type":"Polygon","coordinates":[[[-82.09375,46.37917],[-82.09375,46.38333],[-82.0875,46.38333],[-82.0875,46.37917],[-82.09375,46.37917]]]}},{"type":"Feature","properties":{"c":"585789","o":"","e":""},"geometry":{"type":"Polygon","coordinates":[[[-82.08125,46.38333],[-82.08125,46.3875],[-82.075,46.3875],[-82.075,46.38333],[-82.08125,46.38333]]]}},{"type":"Feature","properties":{"c":"215151","o":"","e":""},"geometry":{"type":"Polygon","coordinates":[[[-82.43125,46.39167],[-82.43125,46.39583],[-82.425,46.39583],[-82.425,46.39167],[-82.43125,46.39167]]]}},{"type":"Feature","properties":{"c":"213161","o":"","e":""},"geometry":{"type":"Polygon","coordinates":[[[-82.03125,46.40833],[-82.03125,46.4125],[-82.025,46.4125],[-82.025,46.40833],[-82.03125,46.40833]]]}},{"type":"Feature","properties":{"c":"213759","o":"","e":""},"geometry":{"type":"Polygon","coordinates":[[[-82.19375,46.41667],[-82.19375,46.42083],[-82.1875,46.42083],[-82.1875,46.41667],[-82.19375,46.41667]]]}},{"type":"Feature","properties":{"c":"214046","o":"","e":""},"geometry":{"type":"Polygon","coordinates":[[[-82.41875,46.37083],[-82.41875,46.375],[-82.4125,46.375],[-82.4125,46.37083],[-82.41875,46.37083]]]}},{"type":"Feature","properties":{"c":"214077","o":"","e":""},"geometry":{"type":"Polygon","coordinates":[[[-82.2,46.41667],[-82.2,46.42083],[-82.19375,46.42083],[-82.19375,46.41667],[-82.2,46.41667]]]}},{"type":"Feature","properties":{"c":"214490","o":"","e":""},"geometry":{"type":"Polygon","coordinates":[[[-82.2125,46.4375],[-82.2125,46.44167],[-82.20625,46.44167],[-82.20625,46.4375],[-82.2125,46.4375]]]}},{"type":"Feature","properties":{"c":"214491","o":"","e":""},"geometry":{"type":"Polygon","coordinates":[[[-82.2125,46.425],[-82.2125,46.42917],[-82.20625,46.42917],[-82.20625,46.425],[-82.2125,46.425]]]}},{"type":"Feature","properties":{"c":"215807","o":"","e":""},"geometry":{"type":"Polygon","coordinates":[[[-82.05625,46.40417],[-82.05625,46.40833],[-82.05,46.40833],[-82.05,46.40417],[-82.05625,46.40417]]]}},{"type":"Feature","properties":{"c":"585799","o":"","e":""},"geometry":{"type":"Polygon","coordinates":[[[-82.0375,46.375],[-82.0375,46.37917],[-82.03125,46.37917],[-82.03125,46.375],[-82.0375,46.375]]]}},{"type":"Feature","properties":{"c":"585800","o":"","e":""},"geometry":{"type":"Polygon","coordinates":[[[-82.025,46.37083],[-82.025,46.375],[-82.01875,46.375],[-82.01875,46.37083],[-82.025,46.37083]]]}},{"type":"Feature","properties":{"c":"585790","o":"","e":""},"geometry":{"type":"Polygon","coordinates":[[[-82.04375,46.375],[-82.04375,46.37917],[-82.0375,46.37917],[-82.0375,46.375],[-82.04375,46.375]]]}},{"type":"Feature","properties":{"c":"585791","o":"","e":""},"geometry":{"type":"Polygon","coordinates":[[[-82.0875,46.38333],[-82.0875,46.3875],[-82.08125,46.3875],[-82.08125,46.38333],[-82.0875,46.38333]]]}},{"type":"Feature","properties":{"c":"585792","o":"","e":""},"geometry":{"type":"Polygon","coordinates":[[[-82.06875,46.38333],[-82.06875,46.3875],[-82.0625,46.3875],[-82.0625,46.38333],[-82.06875,46.38333]]]}},{"type":"Feature","properties":{"c":"585793","o":"","e":""},"geometry":{"type":"Polygon","coordinates":[[[-82.025,46.375],[-82.025,46.37917],[-82.01875,46.37917],[-82.01875,46.375],[-82.025,46.375]]]}},{"type":"Feature","properties":{"c":"585794","o":"","e":""},"geometry":{"type":"Polygon","coordinates":[[[-82.09375,46.375],[-82.09375,46.37917],[-82.0875,46.37917],[-82.0875,46.375],[-82.09375,46.375]]]}},{"type":"Feature","properties":{"c":"585795","o":"","e":""},"geometry":{"type":"Polygon","coordinates":[[[-82.09375,46.38333],[-82.09375,46.3875],[-82.0875,46.3875],[-82.0875,46.38333],[-82.09375,46.38333]]]}},{"type":"Feature","properties":{"c":"585796","o":"","e":""},"geometry":{"type":"Polygon","coordinates":[[[-82.075,46.37917],[-82.075,46.38333],[-82.06875,46.38333],[-82.06875,46.37917],[-82.075,46.37917]]]}},{"type":"Feature","properties":{"c":"585797","o":"","e":""},"geometry":{"type":"Polygon","coordinates":[[[-82.06875,46.375],[-82.06875,46.37917],[-82.0625,46.37917],[-82.0625,46.375],[-82.06875,46.375]]]}},{"type":"Feature","properties":{"c":"585798","o":"","e":""},"geometry":{"type":"Polygon","coordinates":[[[-82.0625,46.37917],[-82.0625,46.38333],[-82.05625,46.38333],[-82.05625,46.37917],[-82.0625,46.37917]]]}},{"type":"Feature","properties":{"c":"217921","o":"","e":""},"geometry":{"type":"Polygon","coordinates":[[[-82.15,46.41667],[-82.15,46.42083],[-82.14375,46.42083],[-82.14375,46.41667],[-82.15,46.41667]]]}},{"type":"Feature","properties":{"c":"218755","o":"","e":""},"geometry":{"type":"Polygon","coordinates":[[[-82.2375,46.425],[-82.2375,46.42917],[-82.23125,46.42917],[-82.23125,46.425],[-82.2375,46.425]]]}},{"type":"Feature","properties":{"c":"218756","o":"","e":""},"geometry":{"type":"Polygon","coordinates":[[[-82.225,46.41667],[-82.225,46.42083],[-82.21875,46.42083],[-82.21875,46.41667],[-82.225,46.41667]]]}},{"type":"Feature","properties":{"c":"218757","o":"","e":""},"geometry":{"type":"Polygon","coordinates":[[[-82.225,46.4125],[-82.225,46.41667],[-82.21875,46.41667],[-82.21875,46.4125],[-82.225,46.4125]]]}},{"type":"Feature","properties":{"c":"219185","o":"","e":""},"geometry":{"type":"Polygon","coordinates":[[[-82.48125,46.4875],[-82.48125,46.49167],[-82.475,46.49167],[-82.475,46.4875],[-82.48125,46.4875]]]}},{"type":"Feature","properties":{"c":"219197","o":"","e":""},"geometry":{"type":"Polygon","coordinates":[[[-82.0875,46.41667],[-82.0875,46.42083],[-82.08125,46.42083],[-82.08125,46.41667],[-82.0875,46.41667]]]}},{"type":"Feature","properties":{"c":"219782","o":"","e":""},"geometry":{"type":"Polygon","coordinates":[[[-82.35625,46.3625],[-82.35625,46.36667],[-82.35,46.36667],[-82.35,46.3625],[-82.35625,46.3625]]]}},{"type":"Feature","properties":{"c":"218232","o":"","e":""},"geometry":{"type":"Polygon","coordinates":[[[-82.2,46.45],[-82.2,46.45417],[-82.19375,46.45417],[-82.19375,46.45],[-82.2,46.45]]]}},{"type":"Feature","properties":{"c":"221750","o":"","e":""},"geometry":{"type":"Polygon","coordinates":[[[-82.45625,46.39167],[-82.45625,46.39583],[-82.45,46.39583],[-82.45,46.39167],[-82.45625,46.39167]]]}},{"type":"Feature","properties":{"c":"220028","o":"","e":""},"geometry":{"type":"Polygon","coordinates":[[[-82.24375,46.4375],[-82.24375,46.44167],[-82.2375,46.44167],[-82.2375,46.4375],[-82.24375,46.4375]]]}},{"type":"Feature","properties":{"c":"222486","o":"","e":""},"geometry":{"type":"Polygon","coordinates":[[[-82.425,46.40417],[-82.425,46.40833],[-82.41875,46.40833],[-82.41875,46.40417],[-82.425,46.40417]]]}},{"type":"Feature","properties":{"c":"222487","o":"","e":""},"geometry":{"type":"Polygon","coordinates":[[[-82.425,46.39583],[-82.425,46.4],[-82.41875,46.4],[-82.41875,46.39583],[-82.425,46.39583]]]}},{"type":"Feature","properties":{"c":"221787","o":"","e":""},"geometry":{"type":"Polygon","coordinates":[[[-82.4125,46.375],[-82.4125,46.37917],[-82.40625,46.37917],[-82.40625,46.375],[-82.4125,46.375]]]}},{"type":"Feature","properties":{"c":"223699","o":"","e":""},"geometry":{"type":"Polygon","coordinates":[[[-82.5,46.43333],[-82.5,46.4375],[-82.49375,46.4375],[-82.49375,46.43333],[-82.5,46.43333]]]}},{"type":"Feature","properties":{"c":"220633","o":"","e":""},"geometry":{"type":"Polygon","coordinates":[[[-82.5,46.45],[-82.5,46.45417],[-82.49375,46.45417],[-82.49375,46.45],[-82.5,46.45]]]}},{"type":"Feature","properties":{"c":"220634","o":"","e":""},"geometry":{"type":"Polygon","coordinates":[[[-82.49375,46.4375],[-82.49375,46.44167],[-82.4875,46.44167],[-82.4875,46.4375],[-82.49375,46.4375]]]}},{"type":"Feature","properties":{"c":"221218","o":"","e":""},"geometry":{"type":"Polygon","coordinates":[[[-82.35,46.4],[-82.35,46.40417],[-82.34375,46.40417],[-82.34375,46.4],[-82.35,46.4]]]}},{"type":"Feature","properties":{"c":"223108","o":"","e":""},"geometry":{"type":"Polygon","coordinates":[[[-82.46875,46.40833],[-82.46875,46.4125],[-82.4625,46.4125],[-82.4625,46.40833],[-82.46875,46.40833]]]}},{"type":"Feature","properties":{"c":"223109","o":"","e":""},"geometry":{"type":"Polygon","coordinates":[[[-82.46875,46.39167],[-82.46875,46.39583],[-82.4625,46.39583],[-82.4625,46.39167],[-82.46875,46.39167]]]}},{"type":"Feature","properties":{"c":"221082","o":"","e":""},"geometry":{"type":"Polygon","coordinates":[[[-82.41875,46.38333],[-82.41875,46.3875],[-82.4125,46.3875],[-82.4125,46.38333],[-82.41875,46.38333]]]}},{"type":"Feature","properties":{"c":"221083","o":"","e":""},"geometry":{"type":"Polygon","coordinates":[[[-82.425,46.38333],[-82.425,46.3875],[-82.41875,46.3875],[-82.41875,46.38333],[-82.425,46.38333]]]}},{"type":"Feature","properties":{"c":"220109","o":"","e":""},"geometry":{"type":"Polygon","coordinates":[[[-82.1625,46.43333],[-82.1625,46.4375],[-82.15625,46.4375],[-82.15625,46.43333],[-82.1625,46.43333]]]}},{"type":"Feature","properties":{"c":"220110","o":"","e":""},"geometry":{"type":"Polygon","coordinates":[[[-82.1625,46.42917],[-82.1625,46.43333],[-82.15625,46.43333],[-82.15625,46.42917],[-82.1625,46.42917]]]}},{"type":"Feature","properties":{"c":"221409","o":"","e":""},"geometry":{"type":"Polygon","coordinates":[[[-82.29375,46.42917],[-82.29375,46.43333],[-82.2875,46.43333],[-82.2875,46.42917],[-82.29375,46.42917]]]}},{"type":"Feature","properties":{"c":"223931","o":"","e":""},"geometry":{"type":"Polygon","coordinates":[[[-82.4375,46.375],[-82.4375,46.37917],[-82.43125,46.37917],[-82.43125,46.375],[-82.4375,46.375]]]}},{"type":"Feature","properties":{"c":"222665","o":"","e":""},"geometry":{"type":"Polygon","coordinates":[[[-82.1,46.40833],[-82.1,46.4125],[-82.09375,46.4125],[-82.09375,46.40833],[-82.1,46.40833]]]}},{"type":"Feature","properties":{"c":"223705","o":"","e":""},"geometry":{"type":"Polygon","coordinates":[[[-82.3875,46.39583],[-82.3875,46.4],[-82.38125,46.4],[-82.38125,46.39583],[-82.3875,46.39583]]]}},{"type":"Feature","properties":{"c":"226068","o":"","e":""},"geometry":{"type":"Polygon","coordinates":[[[-82.23125,46.41667],[-82.23125,46.42083],[-82.225,46.42083],[-82.225,46.41667],[-82.23125,46.41667]]]}},{"type":"Feature","properties":{"c":"226631","o":"","e":""},"geometry":{"type":"Polygon","coordinates":[[[-82.475,46.48333],[-82.475,46.4875],[-82.46875,46.4875],[-82.46875,46.48333],[-82.475,46.48333]]]}},{"type":"Feature","properties":{"c":"226632","o":"","e":""},"geometry":{"type":"Polygon","coordinates":[[[-82.4875,46.48333],[-82.4875,46.4875],[-82.48125,46.4875],[-82.48125,46.48333],[-82.4875,46.48333]]]}},{"type":"Feature","properties":{"c":"226642","o":"","e":""},"geometry":{"type":"Polygon","coordinates":[[[-82.09375,46.41667],[-82.09375,46.42083],[-82.0875,46.42083],[-82.0875,46.41667],[-82.09375,46.41667]]]}},{"type":"Feature","properties":{"c":"576322","o":"","e":""},"geometry":{"type":"Polygon","coordinates":[[[-82.04375,46.4125],[-82.04375,46.41667],[-82.0375,46.41667],[-82.0375,46.4125],[-82.04375,46.4125]]]}},{"type":"Feature","properties":{"c":"226172","o":"","e":""},"geometry":{"type":"Polygon","coordinates":[[[-82.25,46.42917],[-82.25,46.43333],[-82.24375,46.43333],[-82.24375,46.42917],[-82.25,46.42917]]]}},{"type":"Feature","properties":{"c":"226173","o":"","e":""},"geometry":{"type":"Polygon","coordinates":[[[-82.25625,46.425],[-82.25625,46.42917],[-82.25,46.42917],[-82.25,46.425],[-82.25625,46.425]]]}},{"type":"Feature","properties":{"c":"224583","o":"","e":""},"geometry":{"type":"Polygon","coordinates":[[[-82.0375,46.40833],[-82.0375,46.4125],[-82.03125,46.4125],[-82.03125,46.40833],[-82.0375,46.40833]]]}},{"type":"Feature","properties":{"c":"230035","o":"","e":""},"geometry":{"type":"Polygon","coordinates":[[[-82.1,46.4],[-82.1,46.40417],[-82.09375,46.40417],[-82.09375,46.4],[-82.1,46.4]]]}},{"type":"Feature","properties":{"c":"227856","o":"","e":""},"geometry":{"type":"Polygon","coordinates":[[[-82.225,46.43333],[-82.225,46.4375],[-82.21875,46.4375],[-82.21875,46.43333],[-82.225,46.43333]]]}},{"type":"Feature","properties":{"c":"231176","o":"","e":""},"geometry":{"type":"Polygon","coordinates":[[[-82.4,46.39167],[-82.4,46.39583],[-82.39375,46.39583],[-82.39375,46.39167],[-82.4,46.39167]]]}},{"type":"Feature","properties":{"c":"228591","o":"","e":""},"geometry":{"type":"Polygon","coordinates":[[[-82.4875,46.44167],[-82.4875,46.44583],[-82.48125,46.44583],[-82.48125,46.44167],[-82.4875,46.44167]]]}},{"type":"Feature","properties":{"c":"227192","o":"","e":""},"geometry":{"type":"Polygon","coordinates":[[[-82.24375,46.4],[-82.24375,46.40417],[-82.2375,46.40417],[-82.2375,46.4],[-82.24375,46.4]]]}},{"type":"Feature","properties":{"c":"227193","o":"","e":""},"geometry":{"type":"Polygon","coordinates":[[[-82.25,46.4],[-82.25,46.40417],[-82.24375,46.40417],[-82.24375,46.4],[-82.25,46.4]]]}},{"type":"Feature","properties":{"c":"230523","o":"","e":""},"geometry":{"type":"Polygon","coordinates":[[[-82.425,46.375],[-82.425,46.37917],[-82.41875,46.37917],[-82.41875,46.375],[-82.425,46.375]]]}},{"type":"Feature","properties":{"c":"229742","o":"","e":""},"geometry":{"type":"Polygon","coordinates":[[[-82.40625,46.37917],[-82.40625,46.38333],[-82.4,46.38333],[-82.4,46.37917],[-82.40625,46.37917]]]}},{"type":"Feature","properties":{"c":"231044","o":"","e":""},"geometry":{"type":"Polygon","coordinates":[[[-82.425,46.37083],[-82.425,46.375],[-82.41875,46.375],[-82.41875,46.37083],[-82.425,46.37083]]]}},{"type":"Feature","properties":{"c":"231074","o":"","e":""},"geometry":{"type":"Polygon","coordinates":[[[-82.475,46.40833],[-82.475,46.4125],[-82.46875,46.4125],[-82.46875,46.40833],[-82.475,46.40833]]]}},{"type":"Feature","properties":{"c":"231075","o":"","e":""},"geometry":{"type":"Polygon","coordinates":[[[-82.4625,46.40417],[-82.4625,46.40833],[-82.45625,46.40833],[-82.45625,46.40417],[-82.4625,46.40417]]]}},{"type":"Feature","properties":{"c":"231076","o":"","e":""},"geometry":{"type":"Polygon","coordinates":[[[-82.475,46.4],[-82.475,46.40417],[-82.46875,46.40417],[-82.46875,46.4],[-82.475,46.4]]]}},{"type":"Feature","properties":{"c":"231215","o":"","e":""},"geometry":{"type":"Polygon","coordinates":[[[-82.15625,46.44167],[-82.15625,46.44583],[-82.15,46.44583],[-82.15,46.44167],[-82.15625,46.44167]]]}},{"type":"Feature","properties":{"c":"229486","o":"","e":""},"geometry":{"type":"Polygon","coordinates":[[[-82.08125,46.41667],[-82.08125,46.42083],[-82.075,46.42083],[-82.075,46.41667],[-82.08125,46.41667]]]}},{"type":"Feature","properties":{"c":"234036","o":"","e":""},"geometry":{"type":"Polygon","coordinates":[[[-82.01875,46.40417],[-82.01875,46.40833],[-82.0125,46.40833],[-82.0125,46.40417],[-82.01875,46.40417]]]}},{"type":"Feature","properties":{"c":"234037","o":"","e":""},"geometry":{"type":"Polygon","coordinates":[[[-82.01875,46.4],[-82.01875,46.40417],[-82.0125,46.40417],[-82.0125,46.4],[-82.01875,46.4]]]}},{"type":"Feature","properties":{"c":"232736","o":"","e":""},"geometry":{"type":"Polygon","coordinates":[[[-82.4125,46.3625],[-82.4125,46.36667],[-82.40625,46.36667],[-82.40625,46.3625],[-82.4125,46.3625]]]}},{"type":"Feature","properties":{"c":"232753","o":"","e":""},"geometry":{"type":"Polygon","coordinates":[[[-82.2125,46.42083],[-82.2125,46.425],[-82.20625,46.425],[-82.20625,46.42083],[-82.2125,46.42083]]]}},{"type":"Feature","properties":{"c":"234641","o":"","e":""},"geometry":{"type":"Polygon","coordinates":[[[-82.2625,46.42083],[-82.2625,46.425],[-82.25625,46.425],[-82.25625,46.42083],[-82.2625,46.42083]]]}},{"type":"Feature","properties":{"c":"235771","o":"","e":""},"geometry":{"type":"Polygon","coordinates":[[[-82.05,46.4],[-82.05,46.40417],[-82.04375,46.40417],[-82.04375,46.4],[-82.05,46.4]]]}},{"type":"Feature","properties":{"c":"233073","o":"","e":""},"geometry":{"type":"Polygon","coordinates":[[[-82.2125,46.4],[-82.2125,46.40417],[-82.20625,46.40417],[-82.20625,46.4],[-82.2125,46.4]]]}},{"type":"Feature","properties":{"c":"232956","o":"","e":""},"geometry":{"type":"Polygon","coordinates":[[[-82.3375,46.3875],[-82.3375,46.39167],[-82.33125,46.39167],[-82.33125,46.3875],[-82.3375,46.3875]]]}},{"type":"Feature","properties":{"c":"232957","o":"","e":""},"geometry":{"type":"Polygon","coordinates":[[[-82.34375,46.3875],[-82.34375,46.39167],[-82.3375,46.39167],[-82.3375,46.3875],[-82.34375,46.3875]]]}},{"type":"Feature","properties":{"c":"231965","o":"","e":""},"geometry":{"type":"Polygon","coordinates":[[[-82.4375,46.37917],[-82.4375,46.38333],[-82.43125,46.38333],[-82.43125,46.37917],[-82.4375,46.37917]]]}},{"type":"Feature","properties":{"c":"236971","o":"","e":""},"geometry":{"type":"Polygon","coordinates":[[[-82.1625,46.425],[-82.1625,46.42917],[-82.15625,46.42917],[-82.15625,46.425],[-82.1625,46.425]]]}},{"type":"Feature","properties":{"c":"237993","o":"","e":""},"geometry":{"type":"Polygon","coordinates":[[[-82.15,46.425],[-82.15,46.42917],[-82.14375,46.42917],[-82.14375,46.425],[-82.15,46.425]]]}},{"type":"Feature","properties":{"c":"233703","o":"","e":""},"geometry":{"type":"Polygon","coordinates":[[[-82.4375,46.39167],[-82.4375,46.39583],[-82.43125,46.39583],[-82.43125,46.39167],[-82.4375,46.39167]]]}},{"type":"Feature","properties":{"c":"236624","o":"","e":""},"geometry":{"type":"Polygon","coordinates":[[[-82.0875,46.40417],[-82.0875,46.40833],[-82.08125,46.40833],[-82.08125,46.40417],[-82.0875,46.40417]]]}},{"type":"Feature","properties":{"c":"585968","o":"","e":""},"geometry":{"type":"Polygon","coordinates":[[[-82.16875,46.40833],[-82.16875,46.4125],[-82.1625,46.4125],[-82.1625,46.40833],[-82.16875,46.40833]]]}},{"type":"Feature","properties":{"c":"585969","o":"","e":""},"geometry":{"type":"Polygon","coordinates":[[[-82.14375,46.4125],[-82.14375,46.41667],[-82.1375,46.41667],[-82.1375,46.4125],[-82.14375,46.4125]]]}},{"type":"Feature","properties":{"c":"585970","o":"","e":""},"geometry":{"type":"Polygon","coordinates":[[[-82.13125,46.40417],[-82.13125,46.40833],[-82.125,46.40833],[-82.125,46.40417],[-82.13125,46.40417]]]}},{"type":"Feature","properties":{"c":"585971","o":"","e":""},"geometry":{"type":"Polygon","coordinates":[[[-82.175,46.4],[-82.175,46.40417],[-82.16875,46.40417],[-82.16875,46.4],[-82.175,46.4]]]}},{"type":"Feature","properties":{"c":"585972","o":"","e":""},"geometry":{"type":"Polygon","coordinates":[[[-82.2,46.40417],[-82.2,46.40833],[-82.19375,46.40833],[-82.19375,46.40417],[-82.2,46.40417]]]}},{"type":"Feature","properties":{"c":"585973","o":"","e":""},"geometry":{"type":"Polygon","coordinates":[[[-82.19375,46.40417],[-82.19375,46.40833],[-82.1875,46.40833],[-82.1875,46.40417],[-82.19375,46.40417]]]}},{"type":"Feature","properties":{"c":"585974","o":"","e":""},"geometry":{"type":"Polygon","coordinates":[[[-82.18125,46.40833],[-82.18125,46.4125],[-82.175,46.4125],[-82.175,46.40833],[-82.18125,46.40833]]]}},{"type":"Feature","properties":{"c":"585975","o":"","e":""},"geometry":{"type":"Polygon","coordinates":[[[-82.125,46.40417],[-82.125,46.40833],[-82.11875,46.40833],[-82.11875,46.40417],[-82.125,46.40417]]]}},{"type":"Feature","properties":{"c":"585976","o":"","e":""},"geometry":{"type":"Polygon","coordinates":[[[-82.11875,46.4],[-82.11875,46.40417],[-82.1125,46.40417],[-82.1125,46.4],[-82.11875,46.4]]]}},{"type":"Feature","properties":{"c":"237104","o":"","e":""},"geometry":{"type":"Polygon","coordinates":[[[-82.1625,46.4375],[-82.1625,46.44167],[-82.15625,46.44167],[-82.15625,46.4375],[-82.1625,46.4375]]]}},{"type":"Feature","properties":{"c":"237710","o":"","e":""},"geometry":{"type":"Polygon","coordinates":[[[-82.08125,46.40833],[-82.08125,46.4125],[-82.075,46.4125],[-82.075,46.40833],[-82.08125,46.40833]]]}},{"type":"Feature","properties":{"c":"236138","o":"","e":""},"geometry":{"type":"Polygon","coordinates":[[[-82.05,46.40417],[-82.05,46.40833],[-82.04375,46.40833],[-82.04375,46.40417],[-82.05,46.40417]]]}},{"type":"Feature","properties":{"c":"237586","o":"","e":""},"geometry":{"type":"Polygon","coordinates":[[[-82.25,46.425],[-82.25,46.42917],[-82.24375,46.42917],[-82.24375,46.425],[-82.25,46.425]]]}},{"type":"Feature","properties":{"c":"242639","o":"","e":""},"geometry":{"type":"Polygon","coordinates":[[[-82.43125,46.4],[-82.43125,46.40417],[-82.425,46.40417],[-82.425,46.4],[-82.43125,46.4]]]}},{"type":"Feature","properties":{"c":"238488","o":"","e":""},"geometry":{"type":"Polygon","coordinates":[[[-82.29375,46.4375],[-82.29375,46.44167],[-82.2875,46.44167],[-82.2875,46.4375],[-82.29375,46.4375]]]}},{"type":"Feature","properties":{"c":"238489","o":"","e":""},"geometry":{"type":"Polygon","coordinates":[[[-82.3,46.42917],[-82.3,46.43333],[-82.29375,46.43333],[-82.29375,46.42917],[-82.3,46.42917]]]}},{"type":"Feature","properties":{"c":"241520","o":"","e":""},"geometry":{"type":"Polygon","coordinates":[[[-82.16875,46.45],[-82.16875,46.45417],[-82.1625,46.45417],[-82.1625,46.45],[-82.16875,46.45]]]}},{"type":"Feature","properties":{"c":"241521","o":"","e":""},"geometry":{"type":"Polygon","coordinates":[[[-82.175,46.44167],[-82.175,46.44583],[-82.16875,46.44583],[-82.16875,46.44167],[-82.175,46.44167]]]}},{"type":"Feature","properties":{"c":"239940","o":"","e":""},"geometry":{"type":"Polygon","coordinates":[[[-82.09375,46.42083],[-82.09375,46.425],[-82.0875,46.425],[-82.0875,46.42083],[-82.09375,46.42083]]]}},{"type":"Feature","properties":{"c":"585977","o":"","e":""},"geometry":{"type":"Polygon","coordinates":[[[-82.11875,46.40833],[-82.11875,46.4125],[-82.1125,46.4125],[-82.1125,46.40833],[-82.11875,46.40833]]]}},{"type":"Feature","properties":{"c":"585978","o":"","e":""},"geometry":{"type":"Polygon","coordinates":[[[-82.18125,46.4],[-82.18125,46.40417],[-82.175,46.40417],[-82.175,46.4],[-82.18125,46.4]]]}},{"type":"Feature","properties":{"c":"585979","o":"","e":""},"geometry":{"type":"Polygon","coordinates":[[[-82.175,46.40417],[-82.175,46.40833],[-82.16875,46.40833],[-82.16875,46.40417],[-82.175,46.40417]]]}},{"type":"Feature","properties":{"c":"585980","o":"","e":""},"geometry":{"type":"Polygon","coordinates":[[[-82.1625,46.40833],[-82.1625,46.4125],[-82.15625,46.4125],[-82.15625,46.40833],[-82.1625,46.40833]]]}},{"type":"Feature","properties":{"c":"585981","o":"","e":""},"geometry":{"type":"Polygon","coordinates":[[[-82.19375,46.4],[-82.19375,46.40417],[-82.1875,46.40417],[-82.1875,46.4],[-82.19375,46.4]]]}},{"type":"Feature","properties":{"c":"585982","o":"","e":""},"geometry":{"type":"Polygon","coordinates":[[[-82.1875,46.40833],[-82.1875,46.4125],[-82.18125,46.4125],[-82.18125,46.40833],[-82.1875,46.40833]]]}},{"type":"Feature","properties":{"c":"585983","o":"","e":""},"geometry":{"type":"Polygon","coordinates":[[[-82.18125,46.40417],[-82.18125,46.40833],[-82.175,46.40833],[-82.175,46.40417],[-82.18125,46.40417]]]}},{"type":"Feature","properties":{"c":"585985","o":"","e":""},"geometry":{"type":"Polygon","coordinates":[[[-82.15,46.40417],[-82.15,46.40833],[-82.14375,46.40833],[-82.14375,46.40417],[-82.15,46.40417]]]}},{"type":"Feature","properties":{"c":"585984","o":"","e":""},"geometry":{"type":"Polygon","coordinates":[[[-82.15625,46.4],[-82.15625,46.40417],[-82.15,46.40417],[-82.15,46.4],[-82.15625,46.4]]]}},{"type":"Feature","properties":{"c":"239994","o":"","e":""},"geometry":{"type":"Polygon","coordinates":[[[-82.21875,46.43333],[-82.21875,46.4375],[-82.2125,46.4375],[-82.2125,46.43333],[-82.21875,46.43333]]]}},{"type":"Feature","properties":{"c":"585986","o":"","e":""},"geometry":{"type":"Polygon","coordinates":[[[-82.14375,46.4],[-82.14375,46.40417],[-82.1375,46.40417],[-82.1375,46.4],[-82.14375,46.4]]]}},{"type":"Feature","properties":{"c":"585987","o":"","e":""},"geometry":{"type":"Polygon","coordinates":[[[-82.14375,46.40417],[-82.14375,46.40833],[-82.1375,46.40833],[-82.1375,46.40417],[-82.14375,46.40417]]]}},{"type":"Feature","properties":{"c":"585988","o":"","e":""},"geometry":{"type":"Polygon","coordinates":[[[-82.125,46.4],[-82.125,46.40417],[-82.11875,46.40417],[-82.11875,46.4],[-82.125,46.4]]]}},{"type":"Feature","properties":{"c":"585989","o":"","e":""},"geometry":{"type":"Polygon","coordinates":[[[-82.16875,46.4],[-82.16875,46.40417],[-82.1625,46.40417],[-82.1625,46.4],[-82.16875,46.4]]]}},{"type":"Feature","properties":{"c":"585990","o":"","e":""},"geometry":{"type":"Polygon","coordinates":[[[-82.16875,46.40417],[-82.16875,46.40833],[-82.1625,46.40833],[-82.1625,46.40417],[-82.16875,46.40417]]]}},{"type":"Feature","properties":{"c":"585991","o":"","e":""},"geometry":{"type":"Polygon","coordinates":[[[-82.1625,46.40417],[-82.1625,46.40833],[-82.15625,46.40833],[-82.15625,46.40417],[-82.1625,46.40417]]]}},{"type":"Feature","properties":{"c":"585992","o":"","e":""},"geometry":{"type":"Polygon","coordinates":[[[-82.15625,46.40417],[-82.15625,46.40833],[-82.15,46.40833],[-82.15,46.40417],[-82.15625,46.40417]]]}},{"type":"Feature","properties":{"c":"585993","o":"","e":""},"geometry":{"type":"Polygon","coordinates":[[[-82.15,46.4125],[-82.15,46.41667],[-82.14375,46.41667],[-82.14375,46.4125],[-82.15,46.4125]]]}},{"type":"Feature","properties":{"c":"585994","o":"","e":""},"geometry":{"type":"Polygon","coordinates":[[[-82.1875,46.4],[-82.1875,46.40417],[-82.18125,46.40417],[-82.18125,46.4],[-82.1875,46.4]]]}},{"type":"Feature","properties":{"c":"585995","o":"","e":""},"geometry":{"type":"Polygon","coordinates":[[[-82.1875,46.40417],[-82.1875,46.40833],[-82.18125,46.40833],[-82.18125,46.40417],[-82.1875,46.40417]]]}},{"type":"Feature","properties":{"c":"240134","o":"","e":""},"geometry":{"type":"Polygon","coordinates":[[[-82.26875,46.41667],[-82.26875,46.42083],[-82.2625,46.42083],[-82.2625,46.41667],[-82.26875,46.41667]]]}},{"type":"Feature","properties":{"c":"585996","o":"","e":""},"geometry":{"type":"Polygon","coordinates":[[[-82.1625,46.4],[-82.1625,46.40417],[-82.15625,46.40417],[-82.15625,46.4],[-82.1625,46.4]]]}},{"type":"Feature","properties":{"c":"585997","o":"","e":""},"geometry":{"type":"Polygon","coordinates":[[[-82.15625,46.4125],[-82.15625,46.41667],[-82.15,46.41667],[-82.15,46.4125],[-82.15625,46.4125]]]}},{"type":"Feature","properties":{"c":"585998","o":"","e":""},"geometry":{"type":"Polygon","coordinates":[[[-82.15,46.4],[-82.15,46.40417],[-82.14375,46.40417],[-82.14375,46.4],[-82.15,46.4]]]}},{"type":"Feature","properties":{"c":"585999","o":"","e":""},"geometry":{"type":"Polygon","coordinates":[[[-82.14375,46.40833],[-82.14375,46.4125],[-82.1375,46.4125],[-82.1375,46.40833],[-82.14375,46.40833]]]}},{"type":"Feature","properties":{"c":"586008","o":"","e":""},"geometry":{"type":"Polygon","coordinates":[[[-82.15,46.40833],[-82.15,46.4125],[-82.14375,46.4125],[-82.14375,46.40833],[-82.15,46.40833]]]}},{"type":"Feature","properties":{"c":"586009","o":"","e":""},"geometry":{"type":"Polygon","coordinates":[[[-82.1375,46.40833],[-82.1375,46.4125],[-82.13125,46.4125],[-82.13125,46.40833],[-82.1375,46.40833]]]}},{"type":"Feature","properties":{"c":"586010","o":"","e":""},"geometry":{"type":"Polygon","coordinates":[[[-82.11875,46.40417],[-82.11875,46.40833],[-82.1125,46.40833],[-82.1125,46.40417],[-82.11875,46.40417]]]}},{"type":"Feature","properties":{"c":"239273","o":"","e":""},"geometry":{"type":"Polygon","coordinates":[[[-82.46875,46.48333],[-82.46875,46.4875],[-82.4625,46.4875],[-82.4625,46.48333],[-82.46875,46.48333]]]}},{"type":"Feature","properties":{"c":"239285","o":"","e":""},"geometry":{"type":"Polygon","coordinates":[[[-82.0875,46.42083],[-82.0875,46.425],[-82.08125,46.425],[-82.08125,46.42083],[-82.0875,46.42083]]]}},{"type":"Feature","properties":{"c":"586000","o":"","e":""},"geometry":{"type":"Polygon","coordinates":[[[-82.1375,46.4],[-82.1375,46.40417],[-82.13125,46.40417],[-82.13125,46.4],[-82.1375,46.4]]]}},{"type":"Feature","properties":{"c":"586001","o":"","e":""},"geometry":{"type":"Polygon","coordinates":[[[-82.1375,46.40417],[-82.1375,46.40833],[-82.13125,46.40833],[-82.13125,46.40417],[-82.1375,46.40417]]]}},{"type":"Feature","properties":{"c":"586002","o":"","e":""},"geometry":{"type":"Polygon","coordinates":[[[-82.13125,46.4],[-82.13125,46.40417],[-82.125,46.40417],[-82.125,46.4],[-82.13125,46.4]]]}},{"type":"Feature","properties":{"c":"586003","o":"","e":""},"geometry":{"type":"Polygon","coordinates":[[[-82.13125,46.40833],[-82.13125,46.4125],[-82.125,46.4125],[-82.125,46.40833],[-82.13125,46.40833]]]}},{"type":"Feature","properties":{"c":"586007","o":"","e":""},"geometry":{"type":"Polygon","coordinates":[[[-82.15625,46.40833],[-82.15625,46.4125],[-82.15,46.4125],[-82.15,46.40833],[-82.15625,46.40833]]]}},{"type":"Feature","properties":{"c":"586004","o":"","e":""},"geometry":{"type":"Polygon","coordinates":[[[-82.125,46.40833],[-82.125,46.4125],[-82.11875,46.4125],[-82.11875,46.40833],[-82.125,46.40833]]]}},{"type":"Feature","properties":{"c":"586005","o":"","e":""},"geometry":{"type":"Polygon","coordinates":[[[-82.2,46.4],[-82.2,46.40417],[-82.19375,46.40417],[-82.19375,46.4],[-82.2,46.4]]]}},{"type":"Feature","properties":{"c":"586006","o":"","e":""},"geometry":{"type":"Polygon","coordinates":[[[-82.175,46.40833],[-82.175,46.4125],[-82.16875,46.4125],[-82.16875,46.40833],[-82.175,46.40833]]]}},{"type":"Feature","properties":{"c":"242798","o":"","e":""},"geometry":{"type":"Polygon","coordinates":[[[-82.44375,46.375],[-82.44375,46.37917],[-82.4375,46.37917],[-82.4375,46.375],[-82.44375,46.375]]]}},{"type":"Feature","properties":{"c":"241812","o":"","e":""},"geometry":{"type":"Polygon","coordinates":[[[-82.03125,46.4],[-82.03125,46.40417],[-82.025,46.40417],[-82.025,46.4],[-82.03125,46.4]]]}},{"type":"Feature","properties":{"c":"868421","o":"","e":""},"geometry":{"type":"Polygon","coordinates":[[[-82.4125,46.4125],[-82.4125,46.41667],[-82.40625,46.41667],[-82.40625,46.4125],[-82.4125,46.4125]]]}},{"type":"Feature","properties":{"c":"868427","o":"","e":""},"geometry":{"type":"Polygon","coordinates":[[[-82.4,46.40833],[-82.4,46.4125],[-82.39375,46.4125],[-82.39375,46.40833],[-82.4,46.40833]]]}},{"type":"Feature","properties":{"c":"868428","o":"","e":""},"geometry":{"type":"Polygon","coordinates":[[[-82.4125,46.40417],[-82.4125,46.40833],[-82.40625,46.40833],[-82.40625,46.40417],[-82.4125,46.40417]]]}},{"type":"Feature","properties":{"c":"868422","o":"","e":""},"geometry":{"type":"Polygon","coordinates":[[[-82.40625,46.4125],[-82.40625,46.41667],[-82.4,46.41667],[-82.4,46.4125],[-82.40625,46.4125]]]}},{"type":"Feature","properties":{"c":"868423","o":"","e":""},"geometry":{"type":"Polygon","coordinates":[[[-82.4,46.4125],[-82.4,46.41667],[-82.39375,46.41667],[-82.39375,46.4125],[-82.4,46.4125]]]}},{"type":"Feature","properties":{"c":"868424","o":"","e":""},"geometry":{"type":"Polygon","coordinates":[[[-82.41875,46.40833],[-82.41875,46.4125],[-82.4125,46.4125],[-82.4125,46.40833],[-82.41875,46.40833]]]}},{"type":"Feature","properties":{"c":"868425","o":"","e":""},"geometry":{"type":"Polygon","coordinates":[[[-82.4125,46.40833],[-82.4125,46.4125],[-82.40625,46.4125],[-82.40625,46.40833],[-82.4125,46.40833]]]}},{"type":"Feature","properties":{"c":"868426","o":"","e":""},"geometry":{"type":"Polygon","coordinates":[[[-82.40625,46.40833],[-82.40625,46.4125],[-82.4,46.4125],[-82.4,46.40833],[-82.40625,46.40833]]]}},{"type":"Feature","properties":{"c":"868434","o":"","e":""},"geometry":{"type":"Polygon","coordinates":[[[-82.4125,46.39583],[-82.4125,46.4],[-82.40625,46.4],[-82.40625,46.39583],[-82.4125,46.39583]]]}},{"type":"Feature","properties":{"c":"868435","o":"","e":""},"geometry":{"type":"Polygon","coordinates":[[[-82.40625,46.41667],[-82.40625,46.42083],[-82.4,46.42083],[-82.4,46.41667],[-82.40625,46.41667]]]}},{"type":"Feature","properties":{"c":"868436","o":"","e":""},"geometry":{"type":"Polygon","coordinates":[[[-82.4,46.41667],[-82.4,46.42083],[-82.39375,46.42083],[-82.39375,46.41667],[-82.4,46.41667]]]}},{"type":"Feature","properties":{"c":"868429","o":"","e":""},"geometry":{"type":"Polygon","coordinates":[[[-82.40625,46.40417],[-82.40625,46.40833],[-82.4,46.40833],[-82.4,46.40417],[-82.40625,46.40417]]]}},{"type":"Feature","properties":{"c":"868430","o":"","e":""},"geometry":{"type":"Polygon","coordinates":[[[-82.4,46.40417],[-82.4,46.40833],[-82.39375,46.40833],[-82.39375,46.40417],[-82.4,46.40417]]]}},{"type":"Feature","properties":{"c":"868431","o":"","e":""},"geometry":{"type":"Polygon","coordinates":[[[-82.4125,46.4],[-82.4125,46.40417],[-82.40625,46.40417],[-82.40625,46.4],[-82.4125,46.4]]]}},{"type":"Feature","properties":{"c":"868432","o":"","e":""},"geometry":{"type":"Polygon","coordinates":[[[-82.40625,46.4],[-82.40625,46.40417],[-82.4,46.40417],[-82.4,46.4],[-82.40625,46.4]]]}},{"type":"Feature","properties":{"c":"868433","o":"","e":""},"geometry":{"type":"Polygon","coordinates":[[[-82.4,46.4],[-82.4,46.40417],[-82.39375,46.40417],[-82.39375,46.4],[-82.4,46.4]]]}},{"type":"Feature","properties":{"c":"240839","o":"","e":""},"geometry":{"type":"Polygon","coordinates":[[[-82.19375,46.40833],[-82.19375,46.4125],[-82.1875,46.4125],[-82.1875,46.40833],[-82.19375,46.40833]]]}},{"type":"Feature","properties":{"c":"243886","o":"","e":""},"geometry":{"type":"Polygon","coordinates":[[[-82.38125,46.39167],[-82.38125,46.39583],[-82.375,46.39583],[-82.375,46.39167],[-82.38125,46.39167]]]}},{"type":"Feature","properties":{"c":"240753","o":"","e":""},"geometry":{"type":"Polygon","coordinates":[[[-82.4875,46.45],[-82.4875,46.45417],[-82.48125,46.45417],[-82.48125,46.45],[-82.4875,46.45]]]}},{"type":"Feature","properties":{"c":"243104","o":"","e":""},"geometry":{"type":"Polygon","coordinates":[[[-82.4375,46.4875],[-82.4375,46.49167],[-82.43125,46.49167],[-82.43125,46.4875],[-82.4375,46.4875]]]}},{"type":"Feature","properties":{"c":"243105","o":"","e":""},"geometry":{"type":"Polygon","coordinates":[[[-82.4625,46.4875],[-82.4625,46.49167],[-82.45625,46.49167],[-82.45625,46.4875],[-82.4625,46.4875]]]}},{"type":"Feature","properties":{"c":"243106","o":"","e":""},"geometry":{"type":"Polygon","coordinates":[[[-82.4375,46.475],[-82.4375,46.47917],[-82.43125,46.47917],[-82.43125,46.475],[-82.4375,46.475]]]}},{"type":"Feature","properties":{"c":"246704","o":"","e":""},"geometry":{"type":"Polygon","coordinates":[[[-82.01875,46.39583],[-82.01875,46.4],[-82.0125,46.4],[-82.0125,46.39583],[-82.01875,46.39583]]]}},{"type":"Feature","properties":{"c":"246775","o":"","e":""},"geometry":{"type":"Polygon","coordinates":[[[-82.2625,46.4125],[-82.2625,46.41667],[-82.25625,46.41667],[-82.25625,46.4125],[-82.2625,46.4125]]]}},{"type":"Feature","properties":{"c":"244767","o":"","e":""},"geometry":{"type":"Polygon","coordinates":[[[-82.03125,46.4125],[-82.03125,46.41667],[-82.025,46.41667],[-82.025,46.4125],[-82.03125,46.4125]]]}},{"type":"Feature","properties":{"c":"244222","o":"","e":""},"geometry":{"type":"Polygon","coordinates":[[[-82.48125,46.44167],[-82.48125,46.44583],[-82.475,46.44583],[-82.475,46.44167],[-82.48125,46.44167]]]}},{"type":"Feature","properties":{"c":"246854","o":"","e":""},"geometry":{"type":"Polygon","coordinates":[[[-82.0375,46.40417],[-82.0375,46.40833],[-82.03125,46.40833],[-82.03125,46.40417],[-82.0375,46.40417]]]}},{"type":"Feature","properties":{"c":"247163","o":"","e":""},"geometry":{"type":"Polygon","coordinates":[[[-82.05625,46.39167],[-82.05625,46.39583],[-82.05,46.39583],[-82.05,46.39167],[-82.05625,46.39167]]]}},{"type":"Feature","properties":{"c":"245154","o":"","e":""},"geometry":{"type":"Polygon","coordinates":[[[-82.0625,46.39583],[-82.0625,46.4],[-82.05625,46.4],[-82.05625,46.39583],[-82.0625,46.39583]]]}},{"type":"Feature","properties":{"c":"246895","o":"","e":""},"geometry":{"type":"Polygon","coordinates":[[[-82.10625,46.42917],[-82.10625,46.43333],[-82.1,46.43333],[-82.1,46.42917],[-82.10625,46.42917]]]}},{"type":"Feature","properties":{"c":"245891","o":"","e":""},"geometry":{"type":"Polygon","coordinates":[[[-82.44375,46.38333],[-82.44375,46.3875],[-82.4375,46.3875],[-82.4375,46.38333],[-82.44375,46.38333]]]}},{"type":"Feature","properties":{"c":"1009658","o":"","e":""},"geometry":{"type":"Polygon","coordinates":[[[-82.48125,46.34583],[-82.48125,46.35],[-82.475,46.35],[-82.475,46.35417],[-82.475,46.35833],[-82.46875,46.35833],[-82.46875,46.3625],[-82.46875,46.36667],[-82.4625,46.36667],[-82.45625,46.36667],[-82.45,46.36667],[-82.44375,46.36667],[-82.44375,46.3625],[-82.44375,46.35833],[-82.44375,46.35417],[-82.44375,46.35],[-82.44375,46.34583],[-82.45,46.34583],[-82.45625,46.34583],[-82.4625,46.34583],[-82.46875,46.34583],[-82.475,46.34583],[-82.48125,46.34583]]]}},{"type":"Feature","properties":{"c":"245257","o":"","e":""},"geometry":{"type":"Polygon","coordinates":[[[-82.225,46.40833],[-82.225,46.4125],[-82.21875,46.4125],[-82.21875,46.40833],[-82.225,46.40833]]]}},{"type":"Feature","properties":{"c":"245258","o":"","e":""},"geometry":{"type":"Polygon","coordinates":[[[-82.21875,46.4],[-82.21875,46.40417],[-82.2125,46.40417],[-82.2125,46.4],[-82.21875,46.4]]]}},{"type":"Feature","properties":{"c":"248040","o":"","e":""},"geometry":{"type":"Polygon","coordinates":[[[-82.5,46.44583],[-82.5,46.45],[-82.49375,46.45],[-82.49375,46.44583],[-82.5,46.44583]]]}},{"type":"Feature","properties":{"c":"248337","o":"","e":""},"geometry":{"type":"Polygon","coordinates":[[[-82.2,46.4125],[-82.2,46.41667],[-82.19375,46.41667],[-82.19375,46.4125],[-82.2,46.4125]]]}},{"type":"Feature","properties":{"c":"247610","o":"","e":""},"geometry":{"type":"Polygon","coordinates":[[[-82.2625,46.41667],[-82.2625,46.42083],[-82.25625,46.42083],[-82.25625,46.41667],[-82.2625,46.41667]]]}},{"type":"Feature","properties":{"c":"251192","o":"","e":""},"geometry":{"type":"Polygon","coordinates":[[[-82.20625,46.4375],[-82.20625,46.44167],[-82.2,46.44167],[-82.2,46.4375],[-82.20625,46.4375]]]}},{"type":"Feature","properties":{"c":"251193","o":"","e":""},"geometry":{"type":"Polygon","coordinates":[[[-82.19375,46.43333],[-82.19375,46.4375],[-82.1875,46.4375],[-82.1875,46.43333],[-82.19375,46.43333]]]}},{"type":"Feature","properties":{"c":"254196","o":"","e":""},"geometry":{"type":"Polygon","coordinates":[[[-82.04375,46.4],[-82.04375,46.40417],[-82.0375,46.40417],[-82.0375,46.4],[-82.04375,46.4]]]}},{"type":"Feature","properties":{"c":"251465","o":"","e":""},"geometry":{"type":"Polygon","coordinates":[[[-82.425,46.38333],[-82.425,46.3875],[-82.41875,46.3875],[-82.41875,46.38333],[-82.425,46.38333]]]}},{"type":"Feature","properties":{"c":"251466","o":"","e":""},"geometry":{"type":"Polygon","coordinates":[[[-82.44375,46.38333],[-82.44375,46.3875],[-82.4375,46.3875],[-82.4375,46.38333],[-82.44375,46.38333]]]}},{"type":"Feature","properties":{"c":"251467","o":"","e":""},"geometry":{"type":"Polygon","coordinates":[[[-82.44375,46.37917],[-82.44375,46.38333],[-82.4375,46.38333],[-82.4375,46.37917],[-82.44375,46.37917]]]}},{"type":"Feature","properties":{"c":"252572","o":"","e":""},"geometry":{"type":"Polygon","coordinates":[[[-82.18125,46.41667],[-82.18125,46.42083],[-82.175,46.42083],[-82.175,46.41667],[-82.18125,46.41667]]]}},{"type":"Feature","properties":{"c":"254129","o":"","e":""},"geometry":{"type":"Polygon","coordinates":[[[-82.25625,46.42083],[-82.25625,46.425],[-82.25,46.425],[-82.25,46.42083],[-82.25625,46.42083]]]}},{"type":"Feature","properties":{"c":"254130","o":"","e":""},"geometry":{"type":"Polygon","coordinates":[[[-82.24375,46.4125],[-82.24375,46.41667],[-82.2375,46.41667],[-82.2375,46.4125],[-82.24375,46.4125]]]}},{"type":"Feature","properties":{"c":"252432","o":"","e":""},"geometry":{"type":"Polygon","coordinates":[[[-82.49375,46.475],[-82.49375,46.47917],[-82.4875,46.47917],[-82.4875,46.475],[-82.49375,46.475]]]}},{"type":"Feature","properties":{"c":"252433","o":"","e":""},"geometry":{"type":"Polygon","coordinates":[[[-82.5,46.475],[-82.5,46.47917],[-82.49375,46.47917],[-82.49375,46.475],[-82.5,46.475]]]}},{"type":"Feature","properties":{"c":"250422","o":"","e":""},"geometry":{"type":"Polygon","coordinates":[[[-82.4875,46.43333],[-82.4875,46.4375],[-82.48125,46.4375],[-82.48125,46.43333],[-82.4875,46.43333]]]}},{"type":"Feature","properties":{"c":"250423","o":"","e":""},"geometry":{"type":"Polygon","coordinates":[[[-82.49375,46.42917],[-82.49375,46.43333],[-82.4875,46.43333],[-82.4875,46.42917],[-82.49375,46.42917]]]}},{"type":"Feature","properties":{"c":"252023","o":"","e":""},"geometry":{"type":"Polygon","coordinates":[[[-82.4375,46.38333],[-82.4375,46.3875],[-82.43125,46.3875],[-82.43125,46.38333],[-82.4375,46.38333]]]}},{"type":"Feature","properties":{"c":"252210","o":"","e":""},"geometry":{"type":"Polygon","coordinates":[[[-82.1875,46.425],[-82.1875,46.42917],[-82.18125,46.42917],[-82.18125,46.425],[-82.1875,46.425]]]}},{"type":"Feature","properties":{"c":"254740","o":"","e":""},"geometry":{"type":"Polygon","coordinates":[[[-82.2625,46.425],[-82.2625,46.42917],[-82.25625,46.42917],[-82.25625,46.425],[-82.2625,46.425]]]}},{"type":"Feature","properties":{"c":"256002","o":"","e":""},"geometry":{"type":"Polygon","coordinates":[[[-82.4875,46.4875],[-82.4875,46.49167],[-82.48125,46.49167],[-82.48125,46.4875],[-82.4875,46.4875]]]}},{"type":"Feature","properties":{"c":"256003","o":"","e":""},"geometry":{"type":"Polygon","coordinates":[[[-82.49375,46.4875],[-82.49375,46.49167],[-82.4875,46.49167],[-82.4875,46.4875],[-82.49375,46.4875]]]}},{"type":"Feature","properties":{"c":"256510","o":"","e":""},"geometry":{"type":"Polygon","coordinates":[[[-82.2875,46.43333],[-82.2875,46.4375],[-82.28125,46.4375],[-82.28125,46.43333],[-82.2875,46.43333]]]}},{"type":"Feature","properties":{"c":"255102","o":"","e":""},"geometry":{"type":"Polygon","coordinates":[[[-82.1375,46.42917],[-82.1375,46.43333],[-82.13125,46.43333],[-82.13125,46.42917],[-82.1375,46.42917]]]}},{"type":"Feature","properties":{"c":"255536","o":"","e":""},"geometry":{"type":"Polygon","coordinates":[[[-82.46875,46.45],[-82.46875,46.45417],[-82.4625,46.45417],[-82.4625,46.45],[-82.46875,46.45]]]}},{"type":"Feature","properties":{"c":"257775","o":"","e":""},"geometry":{"type":"Polygon","coordinates":[[[-82.4125,46.39167],[-82.4125,46.39583],[-82.40625,46.39583],[-82.40625,46.39167],[-82.4125,46.39167]]]}},{"type":"Feature","properties":{"c":"256163","o":"","e":""},"geometry":{"type":"Polygon","coordinates":[[[-82.23125,46.4125],[-82.23125,46.41667],[-82.225,46.41667],[-82.225,46.4125],[-82.23125,46.4125]]]}},{"type":"Feature","properties":{"c":"256164","o":"","e":""},"geometry":{"type":"Polygon","coordinates":[[[-82.2375,46.4125],[-82.2375,46.41667],[-82.23125,46.41667],[-82.23125,46.4125],[-82.2375,46.4125]]]}},{"type":"Feature","properties":{"c":"256162","o":"","e":""},"geometry":{"type":"Polygon","coordinates":[[[-82.2375,46.41667],[-82.2375,46.42083],[-82.23125,46.42083],[-82.23125,46.41667],[-82.2375,46.41667]]]}},{"type":"Feature","properties":{"c":"256241","o":"","e":""},"geometry":{"type":"Polygon","coordinates":[[[-82.24375,46.42083],[-82.24375,46.425],[-82.2375,46.425],[-82.2375,46.42083],[-82.24375,46.42083]]]}},{"type":"Feature","properties":{"c":"257249","o":"","e":""},"geometry":{"type":"Polygon","coordinates":[[[-82.0875,46.425],[-82.0875,46.42917],[-82.08125,46.42917],[-82.08125,46.425],[-82.0875,46.425]]]}},{"type":"Feature","properties":{"c":"257250","o":"","e":""},"geometry":{"type":"Polygon","coordinates":[[[-82.09375,46.425],[-82.09375,46.42917],[-82.0875,46.42917],[-82.0875,46.425],[-82.09375,46.425]]]}},{"type":"Feature","properties":{"c":"258128","o":"","e":""},"geometry":{"type":"Polygon","coordinates":[[[-82.1,46.42083],[-82.1,46.425],[-82.09375,46.425],[-82.09375,46.42083],[-82.1,46.42083]]]}},{"type":"Feature","properties":{"c":"258426","o":"","e":""},"geometry":{"type":"Polygon","coordinates":[[[-82.44375,46.4],[-82.44375,46.40417],[-82.4375,46.40417],[-82.4375,46.4],[-82.44375,46.4]]]}},{"type":"Feature","properties":{"c":"258427","o":"","e":""},"geometry":{"type":"Polygon","coordinates":[[[-82.45,46.39583],[-82.45,46.4],[-82.44375,46.4],[-82.44375,46.39583],[-82.45,46.39583]]]}},{"type":"Feature","properties":{"c":"256711","o":"","e":""},"geometry":{"type":"Polygon","coordinates":[[[-82.21875,46.42917],[-82.21875,46.43333],[-82.2125,46.43333],[-82.2125,46.42917],[-82.21875,46.42917]]]}},{"type":"Feature","properties":{"c":"258447","o":"","e":""},"geometry":{"type":"Polygon","coordinates":[[[-82.40625,46.3875],[-82.40625,46.39167],[-82.4,46.39167],[-82.4,46.3875],[-82.40625,46.3875]]]}},{"type":"Feature","properties":{"c":"258494","o":"","e":""},"geometry":{"type":"Polygon","coordinates":[[[-82.0625,46.40833],[-82.0625,46.4125],[-82.05625,46.4125],[-82.05625,46.40833],[-82.0625,46.40833]]]}},{"type":"Feature","properties":{"c":"256786","o":"","e":""},"geometry":{"type":"Polygon","coordinates":[[[-82.05625,46.40833],[-82.05625,46.4125],[-82.05,46.4125],[-82.05,46.40833],[-82.05625,46.40833]]]}},{"type":"Feature","properties":{"c":"261036","o":"","e":""},"geometry":{"type":"Polygon","coordinates":[[[-82.38125,46.39583],[-82.38125,46.4],[-82.375,46.4],[-82.375,46.39583],[-82.38125,46.39583]]]}},{"type":"Feature","properties":{"c":"259759","o":"","e":""},"geometry":{"type":"Polygon","coordinates":[[[-82.46875,46.39583],[-82.46875,46.4],[-82.4625,46.4],[-82.4625,46.39583],[-82.46875,46.39583]]]}},{"type":"Feature","properties":{"c":"259629","o":"","e":""},"geometry":{"type":"Polygon","coordinates":[[[-82.425,46.4],[-82.425,46.40417],[-82.41875,46.40417],[-82.41875,46.4],[-82.425,46.4]]]}},{"type":"Feature","properties":{"c":"259630","o":"","e":""},"geometry":{"type":"Polygon","coordinates":[[[-82.43125,46.39583],[-82.43125,46.4],[-82.425,46.4],[-82.425,46.39583],[-82.43125,46.39583]]]}},{"type":"Feature","properties":{"c":"263189","o":"","e":""},"geometry":{"type":"Polygon","coordinates":[[[-82.2,46.425],[-82.2,46.42917],[-82.19375,46.42917],[-82.19375,46.425],[-82.2,46.425]]]}},{"type":"Feature","properties":{"c":"263324","o":"","e":""},"geometry":{"type":"Polygon","coordinates":[[[-82.125,46.4125],[-82.125,46.41667],[-82.11875,46.41667],[-82.11875,46.4125],[-82.125,46.4125]]]}},{"type":"Feature","properties":{"c":"261617","o":"","e":""},"geometry":{"type":"Polygon","coordinates":[[[-82.3375,46.39583],[-82.3375,46.4],[-82.33125,46.4],[-82.33125,46.39583],[-82.3375,46.39583]]]}},{"type":"Feature","properties":{"c":"261893","o":"","e":""},"geometry":{"type":"Polygon","coordinates":[[[-82.48125,46.43333],[-82.48125,46.4375],[-82.475,46.4375],[-82.475,46.43333],[-82.48125,46.43333]]]}},{"type":"Feature","properties":{"c":"264680","o":"","e":""},"geometry":{"type":"Polygon","coordinates":[[[-82.20625,46.45],[-82.20625,46.45417],[-82.2,46.45417],[-82.2,46.45],[-82.20625,46.45]]]}},{"type":"Feature","properties":{"c":"262139","o":"","e":""},"geometry":{"type":"Polygon","coordinates":[[[-82.33125,46.39167],[-82.33125,46.39583],[-82.325,46.39583],[-82.325,46.39167],[-82.33125,46.39167]]]}},{"type":"Feature","properties":{"c":"261858","o":"","e":""},"geometry":{"type":"Polygon","coordinates":[[[-82.03125,46.40417],[-82.03125,46.40833],[-82.025,46.40833],[-82.025,46.40417],[-82.03125,46.40417]]]}},{"type":"Feature","properties":{"c":"262007","o":"","e":""},"geometry":{"type":"Polygon","coordinates":[[[-82.43125,46.37083],[-82.43125,46.375],[-82.425,46.375],[-82.425,46.37083],[-82.43125,46.37083]]]}},{"type":"Feature","properties":{"c":"266916","o":"","e":""},"geometry":{"type":"Polygon","coordinates":[[[-82.25625,46.40833],[-82.25625,46.4125],[-82.25,46.4125],[-82.25,46.40833],[-82.25625,46.40833]]]}},{"type":"Feature","properties":{"c":"268565","o":"","e":""},"geometry":{"type":"Polygon","coordinates":[[[-82.18125,46.45],[-82.18125,46.45417],[-82.175,46.45417],[-82.175,46.45],[-82.18125,46.45]]]}},{"type":"Feature","properties":{"c":"268566","o":"","e":""},"geometry":{"type":"Polygon","coordinates":[[[-82.18125,46.44167],[-82.18125,46.44583],[-82.175,46.44583],[-82.175,46.44167],[-82.18125,46.44167]]]}},{"type":"Feature","properties":{"c":"269708","o":"","e":""},"geometry":{"type":"Polygon","coordinates":[[[-82.41875,46.37917],[-82.41875,46.38333],[-82.4125,46.38333],[-82.4125,46.37917],[-82.41875,46.37917]]]}},{"type":"Feature","properties":{"c":"269924","o":"","e":""},"geometry":{"type":"Polygon","coordinates":[[[-82.20625,46.43333],[-82.20625,46.4375],[-82.2,46.4375],[-82.2,46.43333],[-82.20625,46.43333]]]}},{"type":"Feature","properties":{"c":"268387","o":"","e":""},"geometry":{"type":"Polygon","coordinates":[[[-82.39375,46.39167],[-82.39375,46.39583],[-82.3875,46.39583],[-82.3875,46.39167],[-82.39375,46.39167]]]}},{"type":"Feature","properties":{"c":"270805","o":"","e":""},"geometry":{"type":"Polygon","coordinates":[[[-82.1125,46.4125],[-82.1125,46.41667],[-82.10625,46.41667],[-82.10625,46.4125],[-82.1125,46.4125]]]}},{"type":"Feature","properties":{"c":"272112","o":"","e":""},"geometry":{"type":"Polygon","coordinates":[[[-82.2125,46.45],[-82.2125,46.45417],[-82.20625,46.45417],[-82.20625,46.45],[-82.2125,46.45]]]}},{"type":"Feature","properties":{"c":"272113","o":"","e":""},"geometry":{"type":"Polygon","coordinates":[[[-82.20625,46.44167],[-82.20625,46.44583],[-82.2,46.44583],[-82.2,46.44167],[-82.20625,46.44167]]]}},{"type":"Feature","properties":{"c":"269597","o":"","e":""},"geometry":{"type":"Polygon","coordinates":[[[-82.35625,46.39167],[-82.35625,46.39583],[-82.35,46.39583],[-82.35,46.39167],[-82.35625,46.39167]]]}},{"type":"Feature","properties":{"c":"269457","o":"","e":""},"geometry":{"type":"Polygon","coordinates":[[[-82.4125,46.36667],[-82.4125,46.37083],[-82.40625,46.37083],[-82.40625,46.36667],[-82.4125,46.36667]]]}},{"type":"Feature","properties":{"c":"269893","o":"","e":""},"geometry":{"type":"Polygon","coordinates":[[[-82.45,46.48333],[-82.45,46.4875],[-82.44375,46.4875],[-82.44375,46.48333],[-82.45,46.48333]]]}},{"type":"Feature","properties":{"c":"269894","o":"","e":""},"geometry":{"type":"Polygon","coordinates":[[[-82.45,46.475],[-82.45,46.47917],[-82.44375,46.47917],[-82.44375,46.475],[-82.45,46.475]]]}},{"type":"Feature","properties":{"c":"269484","o":"","e":""},"geometry":{"type":"Polygon","coordinates":[[[-82.20625,46.42083],[-82.20625,46.425],[-82.2,46.425],[-82.2,46.42083],[-82.20625,46.42083]]]}},{"type":"Feature","properties":{"c":"269485","o":"","e":""},"geometry":{"type":"Polygon","coordinates":[[[-82.20625,46.41667],[-82.20625,46.42083],[-82.2,46.42083],[-82.2,46.41667],[-82.20625,46.41667]]]}},{"type":"Feature","properties":{"c":"273729","o":"","e":""},"geometry":{"type":"Polygon","coordinates":[[[-82.1625,46.42083],[-82.1625,46.425],[-82.15625,46.425],[-82.15625,46.42083],[-82.1625,46.42083]]]}},{"type":"Feature","properties":{"c":"272454","o":"","e":""},"geometry":{"type":"Polygon","coordinates":[[[-82.04375,46.4],[-82.04375,46.40417],[-82.0375,46.40417],[-82.0375,46.4],[-82.04375,46.4]]]}},{"type":"Feature","properties":{"c":"274906","o":"","e":""},"geometry":{"type":"Polygon","coordinates":[[[-82.2625,46.39583],[-82.2625,46.4],[-82.25625,46.4],[-82.25625,46.39583],[-82.2625,46.39583]]]}},{"type":"Feature","properties":{"c":"273207","o":"","e":""},"geometry":{"type":"Polygon","coordinates":[[[-82.125,46.4375],[-82.125,46.44167],[-82.11875,46.44167],[-82.11875,46.4375],[-82.125,46.4375]]]}},{"type":"Feature","properties":{"c":"273208","o":"","e":""},"geometry":{"type":"Polygon","coordinates":[[[-82.125,46.425],[-82.125,46.42917],[-82.11875,46.42917],[-82.11875,46.425],[-82.125,46.425]]]}},{"type":"Feature","properties":{"c":"276578","o":"","e":""},"geometry":{"type":"Polygon","coordinates":[[[-82.10625,46.425],[-82.10625,46.42917],[-82.1,46.42917],[-82.1,46.425],[-82.10625,46.425]]]}},{"type":"Feature","properties":{"c":"272909","o":"","e":""},"geometry":{"type":"Polygon","coordinates":[[[-82.3625,46.35],[-82.3625,46.35417],[-82.35625,46.35417],[-82.35625,46.35],[-82.3625,46.35]]]}},{"type":"Feature","properties":{"c":"278461","o":"","e":""},"geometry":{"type":"Polygon","coordinates":[[[-82.4375,46.40417],[-82.4375,46.40833],[-82.43125,46.40833],[-82.43125,46.40417],[-82.4375,46.40417]]]}},{"type":"Feature","properties":{"c":"278462","o":"","e":""},"geometry":{"type":"Polygon","coordinates":[[[-82.44375,46.39583],[-82.44375,46.4],[-82.4375,46.4],[-82.4375,46.39583],[-82.44375,46.39583]]]}},{"type":"Feature","properties":{"c":"279084","o":"","e":""},"geometry":{"type":"Polygon","coordinates":[[[-82.475,46.39583],[-82.475,46.4],[-82.46875,46.4],[-82.46875,46.39583],[-82.475,46.39583]]]}},{"type":"Feature","properties":{"c":"277799","o":"","e":""},"geometry":{"type":"Polygon","coordinates":[[[-82.04375,46.40833],[-82.04375,46.4125],[-82.0375,46.4125],[-82.0375,46.40833],[-82.04375,46.40833]]]}},{"type":"Feature","properties":{"c":"275338","o":"","e":""},"geometry":{"type":"Polygon","coordinates":[[[-82.29375,46.43333],[-82.29375,46.4375],[-82.2875,46.4375],[-82.2875,46.43333],[-82.29375,46.43333]]]}},{"type":"Feature","properties":{"c":"276943","o":"","e":""},"geometry":{"type":"Polygon","coordinates":[[[-82.44375,46.39583],[-82.44375,46.4],[-82.4375,46.4],[-82.4375,46.39583],[-82.44375,46.39583]]]}},{"type":"Feature","properties":{"c":"276944","o":"","e":""},"geometry":{"type":"Polygon","coordinates":[[[-82.4625,46.39583],[-82.4625,46.4],[-82.45625,46.4],[-82.45625,46.39583],[-82.4625,46.39583]]]}},{"type":"Feature","properties":{"c":"278252","o":"","e":""},"geometry":{"type":"Polygon","coordinates":[[[-82.44375,46.375],[-82.44375,46.37917],[-82.4375,46.37917],[-82.4375,46.375],[-82.44375,46.375]]]}},{"type":"Feature","properties":{"c":"278253","o":"","e":""},"geometry":{"type":"Polygon","coordinates":[[[-82.4125,46.37083],[-82.4125,46.375],[-82.40625,46.375],[-82.40625,46.37083],[-82.4125,46.37083]]]}},{"type":"Feature","properties":{"c":"278283","o":"","e":""},"geometry":{"type":"Polygon","coordinates":[[[-82.44375,46.36667],[-82.44375,46.37083],[-82.4375,46.37083],[-82.4375,46.36667],[-82.44375,46.36667]]]}},{"type":"Feature","properties":{"c":"276973","o":"","e":""},"geometry":{"type":"Polygon","coordinates":[[[-82.39375,46.38333],[-82.39375,46.3875],[-82.3875,46.3875],[-82.3875,46.38333],[-82.39375,46.38333]]]}},{"type":"Feature","properties":{"c":"276974","o":"","e":""},"geometry":{"type":"Polygon","coordinates":[[[-82.3875,46.375],[-82.3875,46.37917],[-82.38125,46.37917],[-82.38125,46.375],[-82.3875,46.375]]]}},{"type":"Feature","properties":{"c":"276975","o":"","e":""},"geometry":{"type":"Polygon","coordinates":[[[-82.40625,46.375],[-82.40625,46.37917],[-82.4,46.37917],[-82.4,46.375],[-82.40625,46.375]]]}},{"type":"Feature","properties":{"c":"280742","o":"","e":""},"geometry":{"type":"Polygon","coordinates":[[[-82.46875,46.44167],[-82.46875,46.44583],[-82.4625,46.44583],[-82.4625,46.44167],[-82.46875,46.44167]]]}},{"type":"Feature","properties":{"c":"280743","o":"","e":""},"geometry":{"type":"Polygon","coordinates":[[[-82.48125,46.4375],[-82.48125,46.44167],[-82.475,46.44167],[-82.475,46.4375],[-82.48125,46.4375]]]}},{"type":"Feature","properties":{"c":"280626","o":"","e":""},"geometry":{"type":"Polygon","coordinates":[[[-82.025,46.40833],[-82.025,46.4125],[-82.01875,46.4125],[-82.01875,46.40833],[-82.025,46.40833]]]}},{"type":"Feature","properties":{"c":"279213","o":"","e":""},"geometry":{"type":"Polygon","coordinates":[[[-82.15625,46.43333],[-82.15625,46.4375],[-82.15,46.4375],[-82.15,46.43333],[-82.15625,46.43333]]]}},{"type":"Feature","properties":{"c":"279216","o":"","e":""},"geometry":{"type":"Polygon","coordinates":[[[-82.1,46.40417],[-82.1,46.40833],[-82.09375,46.40833],[-82.09375,46.40417],[-82.1,46.40417]]]}},{"type":"Feature","properties":{"c":"278543","o":"","e":""},"geometry":{"type":"Polygon","coordinates":[[[-82.41875,46.375],[-82.41875,46.37917],[-82.4125,46.37917],[-82.4125,46.375],[-82.41875,46.375]]]}},{"type":"Feature","properties":{"c":"281175","o":"","e":""},"geometry":{"type":"Polygon","coordinates":[[[-82.4375,46.39583],[-82.4375,46.4],[-82.43125,46.4],[-82.43125,46.39583],[-82.4375,46.39583]]]}},{"type":"Feature","properties":{"c":"282540","o":"","e":""},"geometry":{"type":"Polygon","coordinates":[[[-82.075,46.4],[-82.075,46.40417],[-82.06875,46.40417],[-82.06875,46.4],[-82.075,46.4]]]}},{"type":"Feature","properties":{"c":"281695","o":"","e":""},"geometry":{"type":"Polygon","coordinates":[[[-82.3625,46.3875],[-82.3625,46.39167],[-82.35625,46.39167],[-82.35625,46.3875],[-82.3625,46.3875]]]}},{"type":"Feature","properties":{"c":"280871","o":"","e":""},"geometry":{"type":"Polygon","coordinates":[[[-82.16875,46.4125],[-82.16875,46.41667],[-82.1625,46.41667],[-82.1625,46.4125],[-82.16875,46.4125]]]}},{"type":"Feature","properties":{"c":"284039","o":"","e":""},"geometry":{"type":"Polygon","coordinates":[[[-82.1125,46.4],[-82.1125,46.40417],[-82.10625,46.40417],[-82.10625,46.4],[-82.1125,46.4]]]}},{"type":"Feature","properties":{"c":"284648","o":"","e":""},"geometry":{"type":"Polygon","coordinates":[[[-82.09375,46.39583],[-82.09375,46.4],[-82.0875,46.4],[-82.0875,46.39583],[-82.09375,46.39583]]]}},{"type":"Feature","properties":{"c":"286552","o":"","e":""},"geometry":{"type":"Polygon","coordinates":[[[-82.2875,46.41667],[-82.2875,46.42083],[-82.28125,46.42083],[-82.28125,46.41667],[-82.2875,46.41667]]]}},{"type":"Feature","properties":{"c":"285280","o":"","e":""},"geometry":{"type":"Polygon","coordinates":[[[-82.25,46.42083],[-82.25,46.425],[-82.24375,46.425],[-82.24375,46.42083],[-82.25,46.42083]]]}},{"type":"Feature","properties":{"c":"282715","o":"","e":""},"geometry":{"type":"Polygon","coordinates":[[[-82.0375,46.4],[-82.0375,46.40417],[-82.03125,46.40417],[-82.03125,46.4],[-82.0375,46.4]]]}},{"type":"Feature","properties":{"c":"283420","o":"","e":""},"geometry":{"type":"Polygon","coordinates":[[[-82.1125,46.425],[-82.1125,46.42917],[-82.10625,46.42917],[-82.10625,46.425],[-82.1125,46.425]]]}},{"type":"Feature","properties":{"c":"283421","o":"","e":""},"geometry":{"type":"Polygon","coordinates":[[[-82.11875,46.425],[-82.11875,46.42917],[-82.1125,46.42917],[-82.1125,46.425],[-82.11875,46.425]]]}},{"type":"Feature","properties":{"c":"283422","o":"","e":""},"geometry":{"type":"Polygon","coordinates":[[[-82.1125,46.42083],[-82.1125,46.425],[-82.10625,46.425],[-82.10625,46.42083],[-82.1125,46.42083]]]}},{"type":"Feature","properties":{"c":"285886","o":"","e":""},"geometry":{"type":"Polygon","coordinates":[[[-82.2375,46.42917],[-82.2375,46.43333],[-82.23125,46.43333],[-82.23125,46.42917],[-82.2375,46.42917]]]}},{"type":"Feature","properties":{"c":"286985","o":"","e":""},"geometry":{"type":"Polygon","coordinates":[[[-82.25625,46.4],[-82.25625,46.40417],[-82.25,46.40417],[-82.25,46.4],[-82.25625,46.4]]]}},{"type":"Feature","properties":{"c":"287167","o":"","e":""},"geometry":{"type":"Polygon","coordinates":[[[-82.49375,46.45],[-82.49375,46.45417],[-82.4875,46.45417],[-82.4875,46.45],[-82.49375,46.45]]]}},{"type":"Feature","properties":{"c":"285149","o":"","e":""},"geometry":{"type":"Polygon","coordinates":[[[-82.475,46.4875],[-82.475,46.49167],[-82.46875,46.49167],[-82.46875,46.4875],[-82.475,46.4875]]]}},{"type":"Feature","properties":{"c":"288651","o":"","e":""},"geometry":{"type":"Polygon","coordinates":[[[-82.15625,46.44583],[-82.15625,46.45],[-82.15,46.45],[-82.15,46.44583],[-82.15625,46.44583]]]}},{"type":"Feature","properties":{"c":"291130","o":"","e":""},"geometry":{"type":"Polygon","coordinates":[[[-82.35625,46.35417],[-82.35625,46.35833],[-82.35,46.35833],[-82.35,46.35417],[-82.35625,46.35417]]]}},{"type":"Feature","properties":{"c":"290605","o":"","e":""},"geometry":{"type":"Polygon","coordinates":[[[-82.10625,46.42083],[-82.10625,46.425],[-82.1,46.425],[-82.1,46.42083],[-82.10625,46.42083]]]}},{"type":"Feature","properties":{"c":"289262","o":"","e":""},"geometry":{"type":"Polygon","coordinates":[[[-82.44375,46.3875],[-82.44375,46.39167],[-82.4375,46.39167],[-82.4375,46.3875],[-82.44375,46.3875]]]}},{"type":"Feature","properties":{"c":"287217","o":"","e":""},"geometry":{"type":"Polygon","coordinates":[[[-82.45,46.39167],[-82.45,46.39583],[-82.44375,46.39583],[-82.44375,46.39167],[-82.45,46.39167]]]}},{"type":"Feature","properties":{"c":"287250","o":"","e":""},"geometry":{"type":"Polygon","coordinates":[[[-82.34375,46.40417],[-82.34375,46.40833],[-82.3375,46.40833],[-82.3375,46.40417],[-82.34375,46.40417]]]}},{"type":"Feature","properties":{"c":"287251","o":"","e":""},"geometry":{"type":"Polygon","coordinates":[[[-82.35,46.40417],[-82.35,46.40833],[-82.34375,46.40833],[-82.34375,46.40417],[-82.35,46.40417]]]}},{"type":"Feature","properties":{"c":"287252","o":"","e":""},"geometry":{"type":"Polygon","coordinates":[[[-82.3625,46.4],[-82.3625,46.40417],[-82.35625,46.40417],[-82.35625,46.4],[-82.3625,46.4]]]}},{"type":"Feature","properties":{"c":"287969","o":"","e":""},"geometry":{"type":"Polygon","coordinates":[[[-82.21875,46.40833],[-82.21875,46.4125],[-82.2125,46.4125],[-82.2125,46.40833],[-82.21875,46.40833]]]}},{"type":"Feature","properties":{"c":"293287","o":"","e":""},"geometry":{"type":"Polygon","coordinates":[[[-82.06875,46.40833],[-82.06875,46.4125],[-82.0625,46.4125],[-82.0625,46.40833],[-82.06875,46.40833]]]}},{"type":"Feature","properties":{"c":"289141","o":"","e":""},"geometry":{"type":"Polygon","coordinates":[[[-82.21875,46.40833],[-82.21875,46.4125],[-82.2125,46.4125],[-82.2125,46.40833],[-82.21875,46.40833]]]}},{"type":"Feature","properties":{"c":"292305","o":"","e":""},"geometry":{"type":"Polygon","coordinates":[[[-82.16875,46.425],[-82.16875,46.42917],[-82.1625,46.42917],[-82.1625,46.425],[-82.16875,46.425]]]}},{"type":"Feature","properties":{"c":"289010","o":"","e":""},"geometry":{"type":"Polygon","coordinates":[[[-82.3875,46.3875],[-82.3875,46.39167],[-82.38125,46.39167],[-82.38125,46.3875],[-82.3875,46.3875]]]}},{"type":"Feature","properties":{"c":"289011","o":"","e":""},"geometry":{"type":"Polygon","coordinates":[[[-82.4,46.38333],[-82.4,46.3875],[-82.39375,46.3875],[-82.39375,46.38333],[-82.4,46.38333]]]}},{"type":"Feature","properties":{"c":"292793","o":"","e":""},"geometry":{"type":"Polygon","coordinates":[[[-82.25625,46.42917],[-82.25625,46.43333],[-82.25,46.43333],[-82.25,46.42917],[-82.25625,46.42917]]]}},{"type":"Feature","properties":{"c":"292794","o":"","e":""},"geometry":{"type":"Polygon","coordinates":[[[-82.2625,46.42083],[-82.2625,46.425],[-82.25625,46.425],[-82.25625,46.42083],[-82.2625,46.42083]]]}},{"type":"Feature","properties":{"c":"292705","o":"","e":""},"geometry":{"type":"Polygon","coordinates":[[[-82.21875,46.42083],[-82.21875,46.425],[-82.2125,46.425],[-82.2125,46.42083],[-82.21875,46.42083]]]}},{"type":"Feature","properties":{"c":"290695","o":"","e":""},"geometry":{"type":"Polygon","coordinates":[[[-82.25,46.4125],[-82.25,46.41667],[-82.24375,46.41667],[-82.24375,46.4125],[-82.25,46.4125]]]}},{"type":"Feature","properties":{"c":"294071","o":"","e":""},"geometry":{"type":"Polygon","coordinates":[[[-82.1125,46.43333],[-82.1125,46.4375],[-82.10625,46.4375],[-82.10625,46.43333],[-82.1125,46.43333]]]}},{"type":"Feature","properties":{"c":"294072","o":"","e":""},"geometry":{"type":"Polygon","coordinates":[[[-82.1125,46.425],[-82.1125,46.42917],[-82.10625,46.42917],[-82.10625,46.425],[-82.1125,46.425]]]}},{"type":"Feature","properties":{"c":"535700","o":"","e":""},"geometry":{"type":"Polygon","coordinates":[[[-82.08125,46.27917],[-82.075,46.27917],[-82.06875,46.27917],[-82.0625,46.27917],[-82.05625,46.27917],[-82.05625,46.275],[-82.05,46.275],[-82.05,46.27083],[-82.05,46.26667],[-82.05625,46.26667],[-82.0625,46.26667],[-82.06875,46.26667],[-82.06875,46.27083],[-82.075,46.27083],[-82.08125,46.27083],[-82.08125,46.275],[-82.08125,46.27917]]]}},{"type":"Feature","properties":{"c":"295687","o":"","e":""},"geometry":{"type":"Polygon","coordinates":[[[-82.41875,46.40417],[-82.41875,46.40833],[-82.4125,46.40833],[-82.4125,46.40417],[-82.41875,46.40417]]]}},{"type":"Feature","properties":{"c":"295151","o":"","e":""},"geometry":{"type":"Polygon","coordinates":[[[-82.425,46.39167],[-82.425,46.39583],[-82.41875,46.39583],[-82.41875,46.39167],[-82.425,46.39167]]]}},{"type":"Feature","properties":{"c":"293864","o":"","e":""},"geometry":{"type":"Polygon","coordinates":[[[-82.18125,46.425],[-82.18125,46.42917],[-82.175,46.42917],[-82.175,46.425],[-82.18125,46.425]]]}},{"type":"Feature","properties":{"c":"294005","o":"","e":""},"geometry":{"type":"Polygon","coordinates":[[[-82.23125,46.4375],[-82.23125,46.44167],[-82.225,46.44167],[-82.225,46.4375],[-82.23125,46.4375]]]}},{"type":"Feature","properties":{"c":"294578","o":"","e":""},"geometry":{"type":"Polygon","coordinates":[[[-82.05,46.40833],[-82.05,46.4125],[-82.04375,46.4125],[-82.04375,46.40833],[-82.05,46.40833]]]}},{"type":"Feature","properties":{"c":"294755","o":"","e":""},"geometry":{"type":"Polygon","coordinates":[[[-82.26875,46.4125],[-82.26875,46.41667],[-82.2625,46.41667],[-82.2625,46.4125],[-82.26875,46.4125]]]}},{"type":"Feature","properties":{"c":"293799","o":"","e":""},"geometry":{"type":"Polygon","coordinates":[[[-82.24375,46.40833],[-82.24375,46.4125],[-82.2375,46.4125],[-82.2375,46.40833],[-82.24375,46.40833]]]}},{"type":"Feature","properties":{"c":"293800","o":"","e":""},"geometry":{"type":"Polygon","coordinates":[[[-82.25,46.40417],[-82.25,46.40833],[-82.24375,46.40833],[-82.24375,46.40417],[-82.25,46.40417]]]}},{"type":"Feature","properties":{"c":"293801","o":"","e":""},"geometry":{"type":"Polygon","coordinates":[[[-82.2625,46.4],[-82.2625,46.40417],[-82.25625,46.40417],[-82.25625,46.4],[-82.2625,46.4]]]}},{"type":"Feature","properties":{"c":"296701","o":"","e":""},"geometry":{"type":"Polygon","coordinates":[[[-82.1125,46.4],[-82.1125,46.40417],[-82.10625,46.40417],[-82.10625,46.4],[-82.1125,46.4]]]}},{"type":"Feature","properties":{"c":"295819","o":"","e":""},"geometry":{"type":"Polygon","coordinates":[[[-82.4625,46.4],[-82.4625,46.40417],[-82.45625,46.40417],[-82.45625,46.4],[-82.4625,46.4]]]}},{"type":"Feature","properties":{"c":"295298","o":"","e":""},"geometry":{"type":"Polygon","coordinates":[[[-82.5,46.44167],[-82.5,46.44583],[-82.49375,46.44583],[-82.49375,46.44167],[-82.5,46.44167]]]}},{"type":"Feature","properties":{"c":"295299","o":"","e":""},"geometry":{"type":"Polygon","coordinates":[[[-82.4875,46.4375],[-82.4875,46.44167],[-82.48125,46.44167],[-82.48125,46.4375],[-82.4875,46.4375]]]}},{"type":"Feature","properties":{"c":"295474","o":"","e":""},"geometry":{"type":"Polygon","coordinates":[[[-82.21875,46.4125],[-82.21875,46.41667],[-82.2125,46.41667],[-82.2125,46.4125],[-82.21875,46.4125]]]}},{"type":"Feature","properties":{"c":"297911","o":"","e":""},"geometry":{"type":"Polygon","coordinates":[[[-82.1375,46.4375],[-82.1375,46.44167],[-82.13125,46.44167],[-82.13125,46.4375],[-82.1375,46.4375]]]}},{"type":"Feature","properties":{"c":"297912","o":"","e":""},"geometry":{"type":"Polygon","coordinates":[[[-82.1375,46.43333],[-82.1375,46.4375],[-82.13125,46.4375],[-82.13125,46.43333],[-82.1375,46.43333]]]}},{"type":"Feature","properties":{"c":"293590","o":"","e":""},"geometry":{"type":"Polygon","coordinates":[[[-82.21875,46.44167],[-82.21875,46.44583],[-82.2125,46.44583],[-82.2125,46.44167],[-82.21875,46.44167]]]}},{"type":"Feature","properties":{"c":"299803","o":"","e":""},"geometry":{"type":"Polygon","coordinates":[[[-82.44375,46.48333],[-82.44375,46.4875],[-82.4375,46.4875],[-82.4375,46.48333],[-82.44375,46.48333]]]}},{"type":"Feature","properties":{"c":"299804","o":"","e":""},"geometry":{"type":"Polygon","coordinates":[[[-82.44375,46.475],[-82.44375,46.47917],[-82.4375,46.47917],[-82.4375,46.475],[-82.44375,46.475]]]}},{"type":"Feature","properties":{"c":"298685","o":"","e":""},"geometry":{"type":"Polygon","coordinates":[[[-82.1,46.4125],[-82.1,46.41667],[-82.09375,46.41667],[-82.09375,46.4125],[-82.1,46.4125]]]}},{"type":"Feature","properties":{"c":"299850","o":"","e":""},"geometry":{"type":"Polygon","coordinates":[[[-82.20625,46.42917],[-82.20625,46.43333],[-82.2,46.43333],[-82.2,46.42917],[-82.20625,46.42917]]]}},{"type":"Feature","properties":{"c":"297831","o":"","e":""},"geometry":{"type":"Polygon","coordinates":[[[-82.375,46.3875],[-82.375,46.39167],[-82.36875,46.39167],[-82.36875,46.3875],[-82.375,46.3875]]]}},{"type":"Feature","properties":{"c":"300307","o":"","e":""},"geometry":{"type":"Polygon","coordinates":[[[-82.475,46.44167],[-82.475,46.44583],[-82.46875,46.44583],[-82.46875,46.44167],[-82.475,46.44167]]]}},{"type":"Feature","properties":{"c":"299317","o":"","e":""},"geometry":{"type":"Polygon","coordinates":[[[-82.025,46.40417],[-82.025,46.40833],[-82.01875,46.40833],[-82.01875,46.40417],[-82.025,46.40417]]]}},{"type":"Feature","properties":{"c":"295853","o":"","e":""},"geometry":{"type":"Polygon","coordinates":[[[-82.44375,46.39167],[-82.44375,46.39583],[-82.4375,46.39583],[-82.4375,46.39167],[-82.44375,46.39167]]]}},{"type":"Feature","properties":{"c":"295854","o":"","e":""},"geometry":{"type":"Polygon","coordinates":[[[-82.44375,46.3875],[-82.44375,46.39167],[-82.4375,46.39167],[-82.4375,46.3875],[-82.44375,46.3875]]]}},{"type":"Feature","properties":{"c":"298651","o":"","e":""},"geometry":{"type":"Polygon","coordinates":[[[-82.425,46.3875],[-82.425,46.39167],[-82.41875,46.39167],[-82.41875,46.3875],[-82.425,46.3875]]]}},{"type":"Feature","properties":{"c":"301970","o":"","e":""},"geometry":{"type":"Polygon","coordinates":[[[-82.2,46.44583],[-82.2,46.45],[-82.19375,46.45],[-82.19375,46.44583],[-82.2,46.44583]]]}},{"type":"Feature","properties":{"c":"298978","o":"","e":""},"geometry":{"type":"Polygon","coordinates":[[[-82.33125,46.39583],[-82.33125,46.4],[-82.325,46.4],[-82.325,46.39583],[-82.33125,46.39583]]]}},{"type":"Feature","properties":{"c":"300865","o":"","e":""},"geometry":{"type":"Polygon","coordinates":[[[-82.03125,46.40833],[-82.03125,46.4125],[-82.025,46.4125],[-82.025,46.40833],[-82.03125,46.40833]]]}},{"type":"Feature","properties":{"c":"300091","o":"","e":""},"geometry":{"type":"Polygon","coordinates":[[[-82.08125,46.40417],[-82.08125,46.40833],[-82.075,46.40833],[-82.075,46.40417],[-82.08125,46.40417]]]}},{"type":"Feature","properties":{"c":"300715","o":"","e":""},"geometry":{"type":"Polygon","coordinates":[[[-82.43125,46.3875],[-82.43125,46.39167],[-82.425,46.39167],[-82.425,46.3875],[-82.43125,46.3875]]]}},{"type":"Feature","properties":{"c":"300716","o":"","e":""},"geometry":{"type":"Polygon","coordinates":[[[-82.425,46.375],[-82.425,46.37917],[-82.41875,46.37917],[-82.41875,46.375],[-82.425,46.375]]]}},{"type":"Feature","properties":{"c":"302757","o":"","e":""},"geometry":{"type":"Polygon","coordinates":[[[-82.025,46.4],[-82.025,46.40417],[-82.01875,46.40417],[-82.01875,46.4],[-82.025,46.4]]]}},{"type":"Feature","properties":{"c":"301760","o":"","e":""},"geometry":{"type":"Polygon","coordinates":[[[-82.0375,46.39583],[-82.0375,46.4],[-82.03125,46.4],[-82.03125,46.39583],[-82.0375,46.39583]]]}},{"type":"Feature","properties":{"c":"300632","o":"","e":""},"geometry":{"type":"Polygon","coordinates":[[[-82.11875,46.41667],[-82.11875,46.42083],[-82.1125,46.42083],[-82.1125,46.41667],[-82.11875,46.41667]]]}},{"type":"Feature","properties":{"c":"300633","o":"","e":""},"geometry":{"type":"Polygon","coordinates":[[[-82.125,46.41667],[-82.125,46.42083],[-82.11875,46.42083],[-82.11875,46.41667],[-82.125,46.41667]]]}},{"type":"Feature","properties":{"c":"303669","o":"","e":""},"geometry":{"type":"Polygon","coordinates":[[[-82.11875,46.43333],[-82.11875,46.4375],[-82.1125,46.4375],[-82.1125,46.43333],[-82.11875,46.43333]]]}},{"type":"Feature","properties":{"c":"303670","o":"","e":""},"geometry":{"type":"Polygon","coordinates":[[[-82.125,46.43333],[-82.125,46.4375],[-82.11875,46.4375],[-82.11875,46.43333],[-82.125,46.43333]]]}},{"type":"Feature","properties":{"c":"303796","o":"","e":""},"geometry":{"type":"Polygon","coordinates":[[[-82.25,46.43333],[-82.25,46.4375],[-82.24375,46.4375],[-82.24375,46.43333],[-82.25,46.43333]]]}},{"type":"Feature","properties":{"c":"306600","o":"","e":""},"geometry":{"type":"Polygon","coordinates":[[[-82.2375,46.43333],[-82.2375,46.4375],[-82.23125,46.4375],[-82.23125,46.43333],[-82.2375,46.43333]]]}},{"type":"Feature","properties":{"c":"305623","o":"","e":""},"geometry":{"type":"Polygon","coordinates":[[[-82.21875,46.45],[-82.21875,46.45417],[-82.2125,46.45417],[-82.2125,46.45],[-82.21875,46.45]]]}},{"type":"Feature","properties":{"c":"305624","o":"","e":""},"geometry":{"type":"Polygon","coordinates":[[[-82.23125,46.45],[-82.23125,46.45417],[-82.225,46.45417],[-82.225,46.45],[-82.23125,46.45]]]}},{"type":"Feature","properties":{"c":"304634","o":"","e":""},"geometry":{"type":"Polygon","coordinates":[[[-82.28125,46.43333],[-82.28125,46.4375],[-82.275,46.4375],[-82.275,46.43333],[-82.28125,46.43333]]]}},{"type":"Feature","properties":{"c":"304647","o":"","e":""},"geometry":{"type":"Polygon","coordinates":[[[-82.15,46.42917],[-82.15,46.43333],[-82.14375,46.43333],[-82.14375,46.42917],[-82.15,46.42917]]]}},{"type":"Feature","properties":{"c":"304648","o":"","e":""},"geometry":{"type":"Polygon","coordinates":[[[-82.15,46.42083],[-82.15,46.425],[-82.14375,46.425],[-82.14375,46.42083],[-82.15,46.42083]]]}},{"type":"Feature","properties":{"c":"305386","o":"","e":""},"geometry":{"type":"Polygon","coordinates":[[[-82.475,46.49167],[-82.475,46.49583],[-82.46875,46.49583],[-82.46875,46.49167],[-82.475,46.49167]]]}},{"type":"Feature","properties":{"c":"305387","o":"","e":""},"geometry":{"type":"Polygon","coordinates":[[[-82.48125,46.49167],[-82.48125,46.49583],[-82.475,46.49583],[-82.475,46.49167],[-82.48125,46.49167]]]}},{"type":"Feature","properties":{"c":"305161","o":"","e":""},"geometry":{"type":"Polygon","coordinates":[[[-82.2875,46.425],[-82.2875,46.42917],[-82.28125,46.42917],[-82.28125,46.425],[-82.2875,46.425]]]}},{"type":"Feature","properties":{"c":"305162","o":"","e":""},"geometry":{"type":"Polygon","coordinates":[[[-82.29375,46.425],[-82.29375,46.42917],[-82.2875,46.42917],[-82.2875,46.425],[-82.29375,46.425]]]}},{"type":"Feature","properties":{"c":"305163","o":"","e":""},"geometry":{"type":"Polygon","coordinates":[[[-82.3,46.425],[-82.3,46.42917],[-82.29375,46.42917],[-82.29375,46.425],[-82.3,46.425]]]}},{"type":"Feature","properties":{"c":"309078","o":"","e":""},"geometry":{"type":"Polygon","coordinates":[[[-82.1875,46.45],[-82.1875,46.45417],[-82.18125,46.45417],[-82.18125,46.45],[-82.1875,46.45]]]}},{"type":"Feature","properties":{"c":"307984","o":"","e":""},"geometry":{"type":"Polygon","coordinates":[[[-82.33125,46.4],[-82.33125,46.40417],[-82.325,46.40417],[-82.325,46.4],[-82.33125,46.4]]]}},{"type":"Feature","properties":{"c":"307959","o":"","e":""},"geometry":{"type":"Polygon","coordinates":[[[-82.46875,46.39167],[-82.46875,46.39583],[-82.4625,46.39583],[-82.4625,46.39167],[-82.46875,46.39167]]]}},{"type":"Feature","properties":{"c":"308882","o":"","e":""},"geometry":{"type":"Polygon","coordinates":[[[-82.15625,46.45],[-82.15625,46.45417],[-82.15,46.45417],[-82.15,46.45],[-82.15625,46.45]]]}},{"type":"Feature","properties":{"c":"308883","o":"","e":""},"geometry":{"type":"Polygon","coordinates":[[[-82.16875,46.44583],[-82.16875,46.45],[-82.1625,46.45],[-82.1625,46.44583],[-82.16875,46.44583]]]}},{"type":"Feature","properties":{"c":"308903","o":"","e":""},"geometry":{"type":"Polygon","coordinates":[[[-82.5,46.48333],[-82.5,46.4875],[-82.49375,46.4875],[-82.49375,46.48333],[-82.5,46.48333]]]}},{"type":"Feature","properties":{"c":"310065","o":"","e":""},"geometry":{"type":"Polygon","coordinates":[[[-82.1375,46.44167],[-82.1375,46.44583],[-82.13125,46.44583],[-82.13125,46.44167],[-82.1375,46.44167]]]}},{"type":"Feature","properties":{"c":"308194","o":"","e":""},"geometry":{"type":"Polygon","coordinates":[[[-82.20625,46.4125],[-82.20625,46.41667],[-82.2,46.41667],[-82.2,46.4125],[-82.20625,46.4125]]]}},{"type":"Feature","properties":{"c":"308195","o":"","e":""},"geometry":{"type":"Polygon","coordinates":[[[-82.2125,46.4125],[-82.2125,46.41667],[-82.20625,46.41667],[-82.20625,46.4125],[-82.2125,46.4125]]]}},{"type":"Feature","properties":{"c":"309692","o":"","e":""},"geometry":{"type":"Polygon","coordinates":[[[-82.48125,46.42917],[-82.48125,46.43333],[-82.475,46.43333],[-82.475,46.42917],[-82.48125,46.42917]]]}},{"type":"Feature","properties":{"c":"314154","o":"","e":""},"geometry":{"type":"Polygon","coordinates":[[[-82.275,46.40833],[-82.275,46.4125],[-82.26875,46.4125],[-82.26875,46.40833],[-82.275,46.40833]]]}},{"type":"Feature","properties":{"c":"311566","o":"","e":""},"geometry":{"type":"Polygon","coordinates":[[[-82.10625,46.41667],[-82.10625,46.42083],[-82.1,46.42083],[-82.1,46.41667],[-82.10625,46.41667]]]}},{"type":"Feature","properties":{"c":"312440","o":"","e":""},"geometry":{"type":"Polygon","coordinates":[[[-82.2375,46.45],[-82.2375,46.45417],[-82.23125,46.45417],[-82.23125,46.45],[-82.2375,46.45]]]}},{"type":"Feature","properties":{"c":"311590","o":"","e":""},"geometry":{"type":"Polygon","coordinates":[[[-82.0875,46.39167],[-82.0875,46.39583],[-82.08125,46.39583],[-82.08125,46.39167],[-82.0875,46.39167]]]}},{"type":"Feature","properties":{"c":"309744","o":"","e":""},"geometry":{"type":"Polygon","coordinates":[[[-82.19375,46.42083],[-82.19375,46.425],[-82.1875,46.425],[-82.1875,46.42083],[-82.19375,46.42083]]]}},{"type":"Feature","properties":{"c":"311620","o":"","e":""},"geometry":{"type":"Polygon","coordinates":[[[-82.23125,46.425],[-82.23125,46.42917],[-82.225,46.42917],[-82.225,46.425],[-82.23125,46.425]]]}},{"type":"Feature","properties":{"c":"310502","o":"","e":""},"geometry":{"type":"Polygon","coordinates":[[[-82.49375,46.47917],[-82.49375,46.48333],[-82.4875,46.48333],[-82.4875,46.47917],[-82.49375,46.47917]]]}},{"type":"Feature","properties":{"c":"316454","o":"","e":""},"geometry":{"type":"Polygon","coordinates":[[[-82.19375,46.425],[-82.19375,46.42917],[-82.1875,46.42917],[-82.1875,46.425],[-82.19375,46.425]]]}},{"type":"Feature","properties":{"c":"314898","o":"","e":""},"geometry":{"type":"Polygon","coordinates":[[[-82.2,46.40833],[-82.2,46.4125],[-82.19375,46.4125],[-82.19375,46.40833],[-82.2,46.40833]]]}},{"type":"Feature","properties":{"c":"316362","o":"","e":""},"geometry":{"type":"Polygon","coordinates":[[[-82.0375,46.40833],[-82.0375,46.4125],[-82.03125,46.4125],[-82.03125,46.40833],[-82.0375,46.40833]]]}},{"type":"Feature","properties":{"c":"313218","o":"","e":""},"geometry":{"type":"Polygon","coordinates":[[[-82.1875,46.42917],[-82.1875,46.43333],[-82.18125,46.43333],[-82.18125,46.42917],[-82.1875,46.42917]]]}},{"type":"Feature","properties":{"c":"318722","o":"","e":""},"geometry":{"type":"Polygon","coordinates":[[[-82.1875,46.42083],[-82.1875,46.425],[-82.18125,46.425],[-82.18125,46.42083],[-82.1875,46.42083]]]}},{"type":"Feature","properties":{"c":"318296","o":"","e":""},"geometry":{"type":"Polygon","coordinates":[[[-82.46875,46.44583],[-82.46875,46.45],[-82.4625,46.45],[-82.4625,46.44583],[-82.46875,46.44583]]]}},{"type":"Feature","properties":{"c":"318297","o":"","e":""},"geometry":{"type":"Polygon","coordinates":[[[-82.475,46.44583],[-82.475,46.45],[-82.46875,46.45],[-82.46875,46.44583],[-82.475,46.44583]]]}},{"type":"Feature","properties":{"c":"317164","o":"","e":""},"geometry":{"type":"Polygon","coordinates":[[[-82.2,46.43333],[-82.2,46.4375],[-82.19375,46.4375],[-82.19375,46.43333],[-82.2,46.43333]]]}},{"type":"Feature","properties":{"c":"316616","o":"","e":""},"geometry":{"type":"Polygon","coordinates":[[[-82.425,46.37083],[-82.425,46.375],[-82.41875,46.375],[-82.41875,46.37083],[-82.425,46.37083]]]}},{"type":"Feature","properties":{"c":"315610","o":"","e":""},"geometry":{"type":"Polygon","coordinates":[[[-82.175,46.45],[-82.175,46.45417],[-82.16875,46.45417],[-82.16875,46.45],[-82.175,46.45]]]}},{"type":"Feature","properties":{"c":"316634","o":"","e":""},"geometry":{"type":"Polygon","coordinates":[[[-82.2125,46.41667],[-82.2125,46.42083],[-82.20625,46.42083],[-82.20625,46.41667],[-82.2125,46.41667]]]}},{"type":"Feature","properties":{"c":"317508","o":"","e":""},"geometry":{"type":"Polygon","coordinates":[[[-82.03125,46.40417],[-82.03125,46.40833],[-82.025,46.40833],[-82.025,46.40417],[-82.03125,46.40417]]]}},{"type":"Feature","properties":{"c":"317129","o":"","e":""},"geometry":{"type":"Polygon","coordinates":[[[-82.44375,46.4875],[-82.44375,46.49167],[-82.4375,46.49167],[-82.4375,46.4875],[-82.44375,46.4875]]]}},{"type":"Feature","properties":{"c":"317130","o":"","e":""},"geometry":{"type":"Polygon","coordinates":[[[-82.45,46.4875],[-82.45,46.49167],[-82.44375,46.49167],[-82.44375,46.4875],[-82.45,46.4875]]]}},{"type":"Feature","properties":{"c":"317131","o":"","e":""},"geometry":{"type":"Polygon","coordinates":[[[-82.45,46.47917],[-82.45,46.48333],[-82.44375,46.48333],[-82.44375,46.47917],[-82.45,46.47917]]]}},{"type":"Feature","properties":{"c":"318898","o":"","e":""},"geometry":{"type":"Polygon","coordinates":[[[-82.1625,46.4125],[-82.1625,46.41667],[-82.15625,46.41667],[-82.15625,46.4125],[-82.1625,46.4125]]]}},{"type":"Feature","properties":{"c":"317904","o":"","e":""},"geometry":{"type":"Polygon","coordinates":[[[-82.13125,46.42083],[-82.13125,46.425],[-82.125,46.425],[-82.125,46.42083],[-82.13125,46.42083]]]}},{"type":"Feature","properties":{"c":"319526","o":"","e":""},"geometry":{"type":"Polygon","coordinates":[[[-82.2375,46.41667],[-82.2375,46.42083],[-82.23125,46.42083],[-82.23125,46.41667],[-82.2375,46.41667]]]}},{"type":"Feature","properties":{"c":"321106","o":"","e":""},"geometry":{"type":"Polygon","coordinates":[[[-82.26875,46.42917],[-82.26875,46.43333],[-82.2625,46.43333],[-82.2625,46.42917],[-82.26875,46.42917]]]}},{"type":"Feature","properties":{"c":"319525","o":"","e":""},"geometry":{"type":"Polygon","coordinates":[[[-82.25,46.42083],[-82.25,46.425],[-82.24375,46.425],[-82.24375,46.42083],[-82.25,46.42083]]]}},{"type":"Feature","properties":{"c":"319435","o":"","e":""},"geometry":{"type":"Polygon","coordinates":[[[-82.03125,46.4],[-82.03125,46.40417],[-82.025,46.40417],[-82.025,46.4],[-82.03125,46.4]]]}},{"type":"Feature","properties":{"c":"323371","o":"","e":""},"geometry":{"type":"Polygon","coordinates":[[[-82.175,46.43333],[-82.175,46.4375],[-82.16875,46.4375],[-82.16875,46.43333],[-82.175,46.43333]]]}},{"type":"Feature","properties":{"c":"321121","o":"","e":""},"geometry":{"type":"Polygon","coordinates":[[[-82.14375,46.425],[-82.14375,46.42917],[-82.1375,46.42917],[-82.1375,46.425],[-82.14375,46.425]]]}},{"type":"Feature","properties":{"c":"322737","o":"","e":""},"geometry":{"type":"Polygon","coordinates":[[[-82.4875,46.47917],[-82.4875,46.48333],[-82.48125,46.48333],[-82.48125,46.47917],[-82.4875,46.47917]]]}},{"type":"Feature","properties":{"c":"324363","o":"","e":""},"geometry":{"type":"Polygon","coordinates":[[[-82.4125,46.3875],[-82.4125,46.39167],[-82.40625,46.39167],[-82.40625,46.3875],[-82.4125,46.3875]]]}},{"type":"Feature","properties":{"c":"324570","o":"","e":""},"geometry":{"type":"Polygon","coordinates":[[[-82.49375,46.44167],[-82.49375,46.44583],[-82.4875,46.44583],[-82.4875,46.44167],[-82.49375,46.44167]]]}},{"type":"Feature","properties":{"c":"325130","o":"","e":""},"geometry":{"type":"Polygon","coordinates":[[[-82.44375,46.38333],[-82.44375,46.3875],[-82.4375,46.3875],[-82.4375,46.38333],[-82.44375,46.38333]]]}},{"type":"Feature","properties":{"c":"325154","o":"","e":""},"geometry":{"type":"Polygon","coordinates":[[[-82.3375,46.4],[-82.3375,46.40417],[-82.33125,46.40417],[-82.33125,46.4],[-82.3375,46.4]]]}},{"type":"Feature","properties":{"c":"323128","o":"","e":""},"geometry":{"type":"Polygon","coordinates":[[[-82.21875,46.4375],[-82.21875,46.44167],[-82.2125,46.44167],[-82.2125,46.4375],[-82.21875,46.4375]]]}},{"type":"Feature","properties":{"c":"323129","o":"","e":""},"geometry":{"type":"Polygon","coordinates":[[[-82.23125,46.42917],[-82.23125,46.43333],[-82.225,46.43333],[-82.225,46.42917],[-82.23125,46.42917]]]}},{"type":"Feature","properties":{"c":"321881","o":"","e":""},"geometry":{"type":"Polygon","coordinates":[[[-82.49375,46.49583],[-82.49375,46.5],[-82.4875,46.5],[-82.4875,46.49583],[-82.49375,46.49583]]]}},{"type":"Feature","properties":{"c":"321882","o":"","e":""},"geometry":{"type":"Polygon","coordinates":[[[-82.46875,46.47917],[-82.46875,46.48333],[-82.4625,46.48333],[-82.4625,46.47917],[-82.46875,46.47917]]]}},{"type":"Feature","properties":{"c":"321892","o":"","e":""},"geometry":{"type":"Polygon","coordinates":[[[-82.09375,46.42083],[-82.09375,46.425],[-82.0875,46.425],[-82.0875,46.42083],[-82.09375,46.42083]]]}},{"type":"Feature","properties":{"c":"325889","o":"","e":""},"geometry":{"type":"Polygon","coordinates":[[[-82.10625,46.41667],[-82.10625,46.42083],[-82.1,46.42083],[-82.1,46.41667],[-82.10625,46.41667]]]}},{"type":"Feature","properties":{"c":"329842","o":"","e":""},"geometry":{"type":"Polygon","coordinates":[[[-82.4375,46.47917],[-82.4375,46.48333],[-82.43125,46.48333],[-82.43125,46.47917],[-82.4375,46.47917]]]}},{"type":"Feature","properties":{"c":"329843","o":"","e":""},"geometry":{"type":"Polygon","coordinates":[[[-82.44375,46.47917],[-82.44375,46.48333],[-82.4375,46.48333],[-82.4375,46.47917],[-82.44375,46.47917]]]}},{"type":"Feature","properties":{"c":"329844","o":"","e":""},"geometry":{"type":"Polygon","coordinates":[[[-82.45625,46.47917],[-82.45625,46.48333],[-82.45,46.48333],[-82.45,46.47917],[-82.45625,46.47917]]]}},{"type":"Feature","properties":{"c":"329872","o":"","e":""},"geometry":{"type":"Polygon","coordinates":[[[-82.2,46.42917],[-82.2,46.43333],[-82.19375,46.43333],[-82.19375,46.42917],[-82.2,46.42917]]]}},{"type":"Feature","properties":{"c":"329873","o":"","e":""},"geometry":{"type":"Polygon","coordinates":[[[-82.2125,46.42917],[-82.2125,46.43333],[-82.20625,46.43333],[-82.20625,46.42917],[-82.2125,46.42917]]]}},{"type":"Feature","properties":{"c":"329920","o":"","e":""},"geometry":{"type":"Polygon","coordinates":[[[-82.1125,46.40833],[-82.1125,46.4125],[-82.10625,46.4125],[-82.10625,46.40833],[-82.1125,46.40833]]]}},{"type":"Feature","properties":{"c":"325926","o":"","e":""},"geometry":{"type":"Polygon","coordinates":[[[-82.0875,46.42083],[-82.0875,46.425],[-82.08125,46.425],[-82.08125,46.42083],[-82.0875,46.42083]]]}},{"type":"Feature","properties":{"c":"328500","o":"","e":""},"geometry":{"type":"Polygon","coordinates":[[[-82.19375,46.44583],[-82.19375,46.45],[-82.1875,46.45],[-82.1875,46.44583],[-82.19375,46.44583]]]}},{"type":"Feature","properties":{"c":"329111","o":"","e":""},"geometry":{"type":"Polygon","coordinates":[[[-82.4875,46.42917],[-82.4875,46.43333],[-82.48125,46.43333],[-82.48125,46.42917],[-82.4875,46.42917]]]}},{"type":"Feature","properties":{"c":"329112","o":"","e":""},"geometry":{"type":"Polygon","coordinates":[[[-82.48125,46.425],[-82.48125,46.42917],[-82.475,46.42917],[-82.475,46.425],[-82.48125,46.425]]]}},{"type":"Feature","properties":{"c":"338712","o":"","e":""},"geometry":{"type":"Polygon","coordinates":[[[-82.44375,46.37083],[-82.44375,46.375],[-82.4375,46.375],[-82.4375,46.37083],[-82.44375,46.37083]]]}},{"type":"Feature","properties":{"c":"335605","o":"","e":""},"geometry":{"type":"Polygon","coordinates":[[[-82.35625,46.40417],[-82.35625,46.40833],[-82.35,46.40833],[-82.35,46.40417],[-82.35625,46.40417]]]}},{"type":"Feature","properties":{"c":"336768","o":"","e":""},"geometry":{"type":"Polygon","coordinates":[[[-82.41875,46.4],[-82.41875,46.40417],[-82.4125,46.40417],[-82.4125,46.4],[-82.41875,46.4]]]}},{"type":"Feature","properties":{"c":"336769","o":"","e":""},"geometry":{"type":"Polygon","coordinates":[[[-82.41875,46.39583],[-82.41875,46.4],[-82.4125,46.4],[-82.4125,46.39583],[-82.41875,46.39583]]]}},{"type":"Feature","properties":{"c":"337214","o":"","e":""},"geometry":{"type":"Polygon","coordinates":[[[-82.19375,46.44167],[-82.19375,46.44583],[-82.1875,46.44583],[-82.1875,46.44167],[-82.19375,46.44167]]]}},{"type":"Feature","properties":{"c":"335056","o":"","e":""},"geometry":{"type":"Polygon","coordinates":[[[-82.26875,46.42083],[-82.26875,46.425],[-82.2625,46.425],[-82.2625,46.42083],[-82.26875,46.42083]]]}},{"type":"Feature","properties":{"c":"335057","o":"","e":""},"geometry":{"type":"Polygon","coordinates":[[[-82.2625,46.40833],[-82.2625,46.4125],[-82.25625,46.4125],[-82.25625,46.40833],[-82.2625,46.40833]]]}},{"type":"Feature","properties":{"c":"337660","o":"","e":""},"geometry":{"type":"Polygon","coordinates":[[[-82.15,46.43333],[-82.15,46.4375],[-82.14375,46.4375],[-82.14375,46.43333],[-82.15,46.43333]]]}},{"type":"Feature","properties":{"c":"336722","o":"","e":""},"geometry":{"type":"Polygon","coordinates":[[[-82.425,46.39583],[-82.425,46.4],[-82.41875,46.4],[-82.41875,46.39583],[-82.425,46.39583]]]}},{"type":"Feature","properties":{"c":"336723","o":"","e":""},"geometry":{"type":"Polygon","coordinates":[[[-82.4125,46.38333],[-82.4125,46.3875],[-82.40625,46.3875],[-82.40625,46.38333],[-82.4125,46.38333]]]}},{"type":"Feature","properties":{"c":"329416","o":"","e":""},"geometry":{"type":"Polygon","coordinates":[[[-82.44375,46.37083],[-82.44375,46.375],[-82.4375,46.375],[-82.4375,46.37083],[-82.44375,46.37083]]]}},{"type":"Feature","properties":{"c":"331457","o":"","e":""},"geometry":{"type":"Polygon","coordinates":[[[-82.10625,46.42083],[-82.10625,46.425],[-82.1,46.425],[-82.1,46.42083],[-82.10625,46.42083]]]}},{"type":"Feature","properties":{"c":"328302","o":"","e":""},"geometry":{"type":"Polygon","coordinates":[[[-82.225,46.39583],[-82.225,46.4],[-82.21875,46.4],[-82.21875,46.39583],[-82.225,46.39583]]]}},{"type":"Feature","properties":{"c":"328303","o":"","e":""},"geometry":{"type":"Polygon","coordinates":[[[-82.23125,46.39583],[-82.23125,46.4],[-82.225,46.4],[-82.225,46.39583],[-82.23125,46.39583]]]}},{"type":"Feature","properties":{"c":"330752","o":"","e":""},"geometry":{"type":"Polygon","coordinates":[[[-82.13125,46.425],[-82.13125,46.42917],[-82.125,46.42917],[-82.125,46.425],[-82.13125,46.425]]]}},{"type":"Feature","properties":{"c":"330753","o":"","e":""},"geometry":{"type":"Polygon","coordinates":[[[-82.13125,46.41667],[-82.13125,46.42083],[-82.125,46.42083],[-82.125,46.41667],[-82.13125,46.41667]]]}},{"type":"Feature","properties":{"c":"331488","o":"","e":""},"geometry":{"type":"Polygon","coordinates":[[[-82.18125,46.43333],[-82.18125,46.4375],[-82.175,46.4375],[-82.175,46.43333],[-82.18125,46.43333]]]}},{"type":"Feature","properties":{"c":"330331","o":"","e":""},"geometry":{"type":"Polygon","coordinates":[[[-82.06875,46.4],[-82.06875,46.40417],[-82.0625,46.40417],[-82.0625,46.4],[-82.06875,46.4]]]}},{"type":"Feature","properties":{"c":"328764","o":"","e":""},"geometry":{"type":"Polygon","coordinates":[[[-82.3625,46.39167],[-82.3625,46.39583],[-82.35625,46.39583],[-82.35625,46.39167],[-82.3625,46.39167]]]}},{"type":"Feature","properties":{"c":"328765","o":"","e":""},"geometry":{"type":"Polygon","coordinates":[[[-82.36875,46.3875],[-82.36875,46.39167],[-82.3625,46.39167],[-82.3625,46.3875],[-82.36875,46.3875]]]}},{"type":"Feature","properties":{"c":"332436","o":"","e":""},"geometry":{"type":"Polygon","coordinates":[[[-82.21875,46.42083],[-82.21875,46.425],[-82.2125,46.425],[-82.2125,46.42083],[-82.21875,46.42083]]]}},{"type":"Feature","properties":{"c":"344808","o":"","e":""},"geometry":{"type":"Polygon","coordinates":[[[-82.48125,46.48333],[-82.48125,46.4875],[-82.475,46.4875],[-82.475,46.48333],[-82.48125,46.48333]]]}},{"type":"Feature","properties":{"c":"345552","o":"","e":""},"geometry":{"type":"Polygon","coordinates":[[[-82.225,46.4375],[-82.225,46.44167],[-82.21875,46.44167],[-82.21875,46.4375],[-82.225,46.4375]]]}},{"type":"Feature","properties":{"c":"345553","o":"","e":""},"geometry":{"type":"Polygon","coordinates":[[[-82.23125,46.425],[-82.23125,46.42917],[-82.225,46.42917],[-82.225,46.425],[-82.23125,46.425]]]}},{"type":"Feature","properties":{"c":"344431","o":"","e":""},"geometry":{"type":"Polygon","coordinates":[[[-82.23125,46.44167],[-82.23125,46.44583],[-82.225,46.44583],[-82.225,46.44167],[-82.23125,46.44167]]]}},{"type":"Feature","properties":{"c":"344432","o":"","e":""},"geometry":{"type":"Polygon","coordinates":[[[-82.2375,46.44167],[-82.2375,46.44583],[-82.23125,46.44583],[-82.23125,46.44167],[-82.2375,46.44167]]]}},{"type":"Feature","properties":{"c":"342466","o":"","e":""},"geometry":{"type":"Polygon","coordinates":[[[-82.1375,46.4375],[-82.1375,46.44167],[-82.13125,46.44167],[-82.13125,46.4375],[-82.1375,46.4375]]]}},{"type":"Feature","properties":{"c":"341477","o":"","e":""},"geometry":{"type":"Polygon","coordinates":[[[-82.0625,46.40417],[-82.0625,46.40833],[-82.05625,46.40833],[-82.05625,46.40417],[-82.0625,46.40417]]]}},{"type":"Feature","properties":{"c":"343512","o":"","e":""},"geometry":{"type":"Polygon","coordinates":[[[-82.2625,46.42917],[-82.2625,46.43333],[-82.25625,46.43333],[-82.25625,46.42917],[-82.2625,46.42917]]]}},{"type":"Feature","properties":{"c":"343513","o":"","e":""},"geometry":{"type":"Polygon","coordinates":[[[-82.28125,46.425],[-82.28125,46.42917],[-82.275,46.42917],[-82.275,46.425],[-82.28125,46.425]]]}},{"type":"Feature","properties":{"c":"339773","o":"","e":""},"geometry":{"type":"Polygon","coordinates":[[[-82.175,46.41667],[-82.175,46.42083],[-82.16875,46.42083],[-82.16875,46.41667],[-82.175,46.41667]]]}},{"type":"Feature","properties":{"c":"343526","o":"","e":""},"geometry":{"type":"Polygon","coordinates":[[[-82.1375,46.42917],[-82.1375,46.43333],[-82.13125,46.43333],[-82.13125,46.42917],[-82.1375,46.42917]]]}},{"type":"Feature","properties":{"c":"343527","o":"","e":""},"geometry":{"type":"Polygon","coordinates":[[[-82.1375,46.425],[-82.1375,46.42917],[-82.13125,46.42917],[-82.13125,46.425],[-82.1375,46.425]]]}},{"type":"Feature","properties":{"c":"343528","o":"","e":""},"geometry":{"type":"Polygon","coordinates":[[[-82.14375,46.42083],[-82.14375,46.425],[-82.1375,46.425],[-82.1375,46.42083],[-82.14375,46.42083]]]}},{"type":"Feature","properties":{"c":"331822","o":"","e":""},"geometry":{"type":"Polygon","coordinates":[[[-82.10625,46.4125],[-82.10625,46.41667],[-82.1,46.41667],[-82.1,46.4125],[-82.10625,46.4125]]]}},{"type":"Feature","properties":{"c":"332411","o":"","e":""},"geometry":{"type":"Polygon","coordinates":[[[-82.44375,46.36667],[-82.44375,46.37083],[-82.4375,46.37083],[-82.4375,46.36667],[-82.44375,46.36667]]]}},{"type":"Feature","properties":{"c":"333144","o":"","e":""},"geometry":{"type":"Polygon","coordinates":[[[-82.05625,46.39583],[-82.05625,46.4],[-82.05,46.4],[-82.05,46.39583],[-82.05625,46.39583]]]}},{"type":"Feature","properties":{"c":"1019378","o":"","e":""},"geometry":{"type":"Polygon","coordinates":[[[-82.40625,46.24167],[-82.40625,46.24583],[-82.4,46.24583],[-82.4,46.24167],[-82.40625,46.24167]]]}},{"type":"Feature","properties":{"c":"1019379","o":"","e":""},"geometry":{"type":"Polygon","coordinates":[[[-82.4,46.24167],[-82.4,46.24583],[-82.39375,46.24583],[-82.39375,46.24167],[-82.4,46.24167]]]}},{"type":"Feature","properties":{"c":"720184","o":"","e":""},"geometry":{"type":"Polygon","coordinates":[[[-82.45,46.37917],[-82.45,46.38333],[-82.44375,46.38333],[-82.44375,46.37917],[-82.45,46.37917]]]}},{"type":"Feature","properties":{"c":"720185","o":"","e":""},"geometry":{"type":"Polygon","coordinates":[[[-82.45,46.375],[-82.45,46.37917],[-82.44375,46.37917],[-82.44375,46.375],[-82.45,46.375]]]}},{"type":"Feature","properties":{"c":"720186","o":"","e":""},"geometry":{"type":"Polygon","coordinates":[[[-82.45,46.37083],[-82.45,46.375],[-82.44375,46.375],[-82.44375,46.37083],[-82.45,46.37083]]]}},{"type":"Feature","properties":{"c":"720187","o":"","e":""},"geometry":{"type":"Polygon","coordinates":[[[-82.45,46.36667],[-82.45,46.37083],[-82.44375,46.37083],[-82.44375,46.36667],[-82.45,46.36667]]]}},{"type":"Feature","properties":{"c":"625383","o":"","e":""},"geometry":{"type":"Polygon","coordinates":[[[-82.15625,46.23333],[-82.15625,46.2375],[-82.15,46.2375],[-82.14375,46.2375],[-82.1375,46.2375],[-82.1375,46.23333],[-82.14375,46.23333],[-82.15,46.23333],[-82.15625,46.23333]]]}},{"type":"Feature","properties":{"c":"720199","o":"","e":""},"geometry":{"type":"Polygon","coordinates":[[[-82.475,46.38333],[-82.475,46.3875],[-82.46875,46.3875],[-82.46875,46.38333],[-82.475,46.38333]]]}},{"type":"Feature","properties":{"c":"720205","o":"","e":""},"geometry":{"type":"Polygon","coordinates":[[[-82.4625,46.38333],[-82.4625,46.3875],[-82.45625,46.3875],[-82.45625,46.38333],[-82.4625,46.38333]]]}},{"type":"Feature","properties":{"c":"720209","o":"","e":""},"geometry":{"type":"Polygon","coordinates":[[[-82.46875,46.38333],[-82.46875,46.3875],[-82.4625,46.3875],[-82.4625,46.38333],[-82.46875,46.38333]]]}},{"type":"Feature","properties":{"c":"832475","o":"","e":""},"geometry":{"type":"Polygon","coordinates":[[[-82.24375,46.48333],[-82.2375,46.48333],[-82.2375,46.47917],[-82.2375,46.475],[-82.24375,46.475],[-82.24375,46.47917],[-82.24375,46.48333]]]}},{"type":"Feature","properties":{"c":"625381","o":"","e":""},"geometry":{"type":"Polygon","coordinates":[[[-82.1875,46.25833],[-82.18125,46.25833],[-82.18125,46.25417],[-82.18125,46.25],[-82.1875,46.25],[-82.1875,46.25417],[-82.1875,46.25833]]]}},{"type":"Feature","properties":{"c":"630234","o":"","e":""},"geometry":{"type":"Polygon","coordinates":[[[-82.325,46.38333],[-82.31875,46.38333],[-82.3125,46.38333],[-82.30625,46.38333],[-82.3,46.38333],[-82.3,46.3875],[-82.3,46.39167],[-82.29375,46.39167],[-82.2875,46.39167],[-82.28125,46.39167],[-82.275,46.39167],[-82.26875,46.39167],[-82.2625,46.39167],[-82.2625,46.3875],[-82.2625,46.38333],[-82.26875,46.38333],[-82.275,46.38333],[-82.28125,46.38333],[-82.2875,46.38333],[-82.29375,46.38333],[-82.29375,46.37917],[-82.29375,46.375],[-82.3,46.375],[-82.30625,46.375],[-82.3125,46.375],[-82.31875,46.375],[-82.325,46.375],[-82.325,46.37917],[-82.325,46.38333]]]}},{"type":"Feature","properties":{"c":"944949","o":"","e":""},"geometry":{"type":"Polygon","coordinates":[[[-82.18125,46.25417],[-82.18125,46.25833],[-82.175,46.25833],[-82.175,46.25417],[-82.18125,46.25417]]]}},{"type":"Feature","properties":{"c":"944950","o":"","e":""},"geometry":{"type":"Polygon","coordinates":[[[-82.175,46.2375],[-82.175,46.24167],[-82.16875,46.24167],[-82.16875,46.2375],[-82.175,46.2375]]]}},{"type":"Feature","properties":{"c":"944951","o":"","e":""},"geometry":{"type":"Polygon","coordinates":[[[-82.18125,46.2375],[-82.18125,46.24167],[-82.175,46.24167],[-82.175,46.2375],[-82.18125,46.2375]]]}},{"type":"Feature","properties":{"c":"944952","o":"","e":""},"geometry":{"type":"Polygon","coordinates":[[[-82.14375,46.2375],[-82.14375,46.24167],[-82.1375,46.24167],[-82.1375,46.2375],[-82.14375,46.2375]]]}},{"type":"Feature","properties":{"c":"944953","o":"","e":""},"geometry":{"type":"Polygon","coordinates":[[[-82.1375,46.2375],[-82.1375,46.24167],[-82.13125,46.24167],[-82.13125,46.2375],[-82.1375,46.2375]]]}},{"type":"Feature","properties":{"c":"944954","o":"","e":""},"geometry":{"type":"Polygon","coordinates":[[[-82.15,46.2375],[-82.15,46.24167],[-82.14375,46.24167],[-82.14375,46.2375],[-82.15,46.2375]]]}},{"type":"Feature","properties":{"c":"944955","o":"","e":""},"geometry":{"type":"Polygon","coordinates":[[[-82.13125,46.2375],[-82.13125,46.24167],[-82.125,46.24167],[-82.125,46.2375],[-82.13125,46.2375]]]}},{"type":"Feature","properties":{"c":"944956","o":"","e":""},"geometry":{"type":"Polygon","coordinates":[[[-82.16875,46.23333],[-82.16875,46.2375],[-82.1625,46.2375],[-82.1625,46.23333],[-82.16875,46.23333]]]}},{"type":"Feature","properties":{"c":"944957","o":"","e":""},"geometry":{"type":"Polygon","coordinates":[[[-82.1625,46.23333],[-82.1625,46.2375],[-82.15625,46.2375],[-82.15625,46.23333],[-82.1625,46.23333]]]}},{"type":"Feature","properties":{"c":"944908","o":"","e":""},"geometry":{"type":"Polygon","coordinates":[[[-82.23125,46.2375],[-82.23125,46.24167],[-82.225,46.24167],[-82.225,46.2375],[-82.23125,46.2375]]]}},{"type":"Feature","properties":{"c":"944909","o":"","e":""},"geometry":{"type":"Polygon","coordinates":[[[-82.2,46.2375],[-82.2,46.24167],[-82.19375,46.24167],[-82.19375,46.2375],[-82.2,46.2375]]]}},{"type":"Feature","properties":{"c":"944910","o":"","e":""},"geometry":{"type":"Polygon","coordinates":[[[-82.2,46.23333],[-82.2,46.2375],[-82.19375,46.2375],[-82.19375,46.23333],[-82.2,46.23333]]]}},{"type":"Feature","properties":{"c":"944911","o":"","e":""},"geometry":{"type":"Polygon","coordinates":[[[-82.21875,46.23333],[-82.21875,46.2375],[-82.2125,46.2375],[-82.2125,46.23333],[-82.21875,46.23333]]]}},{"type":"Feature","properties":{"c":"944912","o":"","e":""},"geometry":{"type":"Polygon","coordinates":[[[-82.2125,46.2375],[-82.2125,46.24167],[-82.20625,46.24167],[-82.20625,46.2375],[-82.2125,46.2375]]]}},{"type":"Feature","properties":{"c":"944913","o":"","e":""},"geometry":{"type":"Polygon","coordinates":[[[-82.19375,46.2375],[-82.19375,46.24167],[-82.1875,46.24167],[-82.1875,46.2375],[-82.19375,46.2375]]]}},{"type":"Feature","properties":{"c":"944914","o":"","e":""},"geometry":{"type":"Polygon","coordinates":[[[-82.21875,46.225],[-82.21875,46.22917],[-82.2125,46.22917],[-82.2125,46.225],[-82.21875,46.225]]]}},{"type":"Feature","properties":{"c":"944915","o":"","e":""},"geometry":{"type":"Polygon","coordinates":[[[-82.21875,46.2375],[-82.21875,46.24167],[-82.2125,46.24167],[-82.2125,46.2375],[-82.21875,46.2375]]]}},{"type":"Feature","properties":{"c":"944916","o":"","e":""},"geometry":{"type":"Polygon","coordinates":[[[-82.20625,46.23333],[-82.20625,46.2375],[-82.2,46.2375],[-82.2,46.23333],[-82.20625,46.23333]]]}},{"type":"Feature","properties":{"c":"944917","o":"","e":""},"geometry":{"type":"Polygon","coordinates":[[[-82.23125,46.225],[-82.23125,46.22917],[-82.225,46.22917],[-82.225,46.225],[-82.23125,46.225]]]}},{"type":"Feature","properties":{"c":"944918","o":"","e":""},"geometry":{"type":"Polygon","coordinates":[[[-82.23125,46.22917],[-82.23125,46.23333],[-82.225,46.23333],[-82.225,46.22917],[-82.23125,46.22917]]]}},{"type":"Feature","properties":{"c":"944919","o":"","e":""},"geometry":{"type":"Polygon","coordinates":[[[-82.20625,46.22917],[-82.20625,46.23333],[-82.2,46.23333],[-82.2,46.22917],[-82.20625,46.22917]]]}},{"type":"Feature","properties":{"c":"944920","o":"","e":""},"geometry":{"type":"Polygon","coordinates":[[[-82.225,46.2375],[-82.225,46.24167],[-82.21875,46.24167],[-82.21875,46.2375],[-82.225,46.2375]]]}},{"type":"Feature","properties":{"c":"944921","o":"","e":""},"geometry":{"type":"Polygon","coordinates":[[[-82.21875,46.22917],[-82.21875,46.23333],[-82.2125,46.23333],[-82.2125,46.22917],[-82.21875,46.22917]]]}},{"type":"Feature","properties":{"c":"944922","o":"","e":""},"geometry":{"type":"Polygon","coordinates":[[[-82.23125,46.23333],[-82.23125,46.2375],[-82.225,46.2375],[-82.225,46.23333],[-82.23125,46.23333]]]}},{"type":"Feature","properties":{"c":"944923","o":"","e":""},"geometry":{"type":"Polygon","coordinates":[[[-82.225,46.225],[-82.225,46.22917],[-82.21875,46.22917],[-82.21875,46.225],[-82.225,46.225]]]}},{"type":"Feature","properties":{"c":"944924","o":"","e":""},"geometry":{"type":"Polygon","coordinates":[[[-82.225,46.22917],[-82.225,46.23333],[-82.21875,46.23333],[-82.21875,46.22917],[-82.225,46.22917]]]}},{"type":"Feature","properties":{"c":"944925","o":"","e":""},"geometry":{"type":"Polygon","coordinates":[[[-82.225,46.23333],[-82.225,46.2375],[-82.21875,46.2375],[-82.21875,46.23333],[-82.225,46.23333]]]}},{"type":"Feature","properties":{"c":"944926","o":"","e":""},"geometry":{"type":"Polygon","coordinates":[[[-82.2125,46.22917],[-82.2125,46.23333],[-82.20625,46.23333],[-82.20625,46.22917],[-82.2125,46.22917]]]}},{"type":"Feature","properties":{"c":"944927","o":"","e":""},"geometry":{"type":"Polygon","coordinates":[[[-82.20625,46.2375],[-82.20625,46.24167],[-82.2,46.24167],[-82.2,46.2375],[-82.20625,46.2375]]]}},{"type":"Feature","properties":{"c":"944928","o":"","e":""},"geometry":{"type":"Polygon","coordinates":[[[-82.2125,46.23333],[-82.2125,46.2375],[-82.20625,46.2375],[-82.20625,46.23333],[-82.2125,46.23333]]]}},{"type":"Feature","properties":{"c":"944929","o":"","e":""},"geometry":{"type":"Polygon","coordinates":[[[-82.19375,46.23333],[-82.19375,46.2375],[-82.1875,46.2375],[-82.1875,46.23333],[-82.19375,46.23333]]]}},{"type":"Feature","properties":{"c":"944930","o":"","e":""},"geometry":{"type":"Polygon","coordinates":[[[-82.20625,46.24167],[-82.20625,46.24583],[-82.2,46.24583],[-82.2,46.24167],[-82.20625,46.24167]]]}},{"type":"Feature","properties":{"c":"944931","o":"","e":""},"geometry":{"type":"Polygon","coordinates":[[[-82.19375,46.24167],[-82.19375,46.24583],[-82.1875,46.24583],[-82.1875,46.24167],[-82.19375,46.24167]]]}},{"type":"Feature","properties":{"c":"944932","o":"","e":""},"geometry":{"type":"Polygon","coordinates":[[[-82.1875,46.24583],[-82.1875,46.25],[-82.18125,46.25],[-82.18125,46.24583],[-82.1875,46.24583]]]}},{"type":"Feature","properties":{"c":"944933","o":"","e":""},"geometry":{"type":"Polygon","coordinates":[[[-82.175,46.25],[-82.175,46.25417],[-82.16875,46.25417],[-82.16875,46.25],[-82.175,46.25]]]}},{"type":"Feature","properties":{"c":"944934","o":"","e":""},"geometry":{"type":"Polygon","coordinates":[[[-82.16875,46.24583],[-82.16875,46.25],[-82.1625,46.25],[-82.1625,46.24583],[-82.16875,46.24583]]]}},{"type":"Feature","properties":{"c":"944935","o":"","e":""},"geometry":{"type":"Polygon","coordinates":[[[-82.16875,46.2375],[-82.16875,46.24167],[-82.1625,46.24167],[-82.1625,46.2375],[-82.16875,46.2375]]]}},{"type":"Feature","properties":{"c":"944936","o":"","e":""},"geometry":{"type":"Polygon","coordinates":[[[-82.18125,46.24167],[-82.18125,46.24583],[-82.175,46.24583],[-82.175,46.24167],[-82.18125,46.24167]]]}},{"type":"Feature","properties":{"c":"944937","o":"","e":""},"geometry":{"type":"Polygon","coordinates":[[[-82.175,46.24583],[-82.175,46.25],[-82.16875,46.25],[-82.16875,46.24583],[-82.175,46.24583]]]}},{"type":"Feature","properties":{"c":"944938","o":"","e":""},"geometry":{"type":"Polygon","coordinates":[[[-82.2,46.24167],[-82.2,46.24583],[-82.19375,46.24583],[-82.19375,46.24167],[-82.2,46.24167]]]}},{"type":"Feature","properties":{"c":"944939","o":"","e":""},"geometry":{"type":"Polygon","coordinates":[[[-82.19375,46.24583],[-82.19375,46.25],[-82.1875,46.25],[-82.1875,46.24583],[-82.19375,46.24583]]]}},{"type":"Feature","properties":{"c":"944940","o":"","e":""},"geometry":{"type":"Polygon","coordinates":[[[-82.18125,46.25],[-82.18125,46.25417],[-82.175,46.25417],[-82.175,46.25],[-82.18125,46.25]]]}},{"type":"Feature","properties":{"c":"944941","o":"","e":""},"geometry":{"type":"Polygon","coordinates":[[[-82.16875,46.24167],[-82.16875,46.24583],[-82.1625,46.24583],[-82.1625,46.24167],[-82.16875,46.24167]]]}},{"type":"Feature","properties":{"c":"944942","o":"","e":""},"geometry":{"type":"Polygon","coordinates":[[[-82.1625,46.2375],[-82.1625,46.24167],[-82.15625,46.24167],[-82.15625,46.2375],[-82.1625,46.2375]]]}},{"type":"Feature","properties":{"c":"944943","o":"","e":""},"geometry":{"type":"Polygon","coordinates":[[[-82.15625,46.2375],[-82.15625,46.24167],[-82.15,46.24167],[-82.15,46.2375],[-82.15625,46.2375]]]}},{"type":"Feature","properties":{"c":"944944","o":"","e":""},"geometry":{"type":"Polygon","coordinates":[[[-82.175,46.25417],[-82.175,46.25833],[-82.16875,46.25833],[-82.16875,46.25417],[-82.175,46.25417]]]}},{"type":"Feature","properties":{"c":"944945","o":"","e":""},"geometry":{"type":"Polygon","coordinates":[[[-82.2125,46.24167],[-82.2125,46.24583],[-82.20625,46.24583],[-82.20625,46.24167],[-82.2125,46.24167]]]}},{"type":"Feature","properties":{"c":"944946","o":"","e":""},"geometry":{"type":"Polygon","coordinates":[[[-82.18125,46.24583],[-82.18125,46.25],[-82.175,46.25],[-82.175,46.24583],[-82.18125,46.24583]]]}},{"type":"Feature","properties":{"c":"944947","o":"","e":""},"geometry":{"type":"Polygon","coordinates":[[[-82.175,46.24167],[-82.175,46.24583],[-82.16875,46.24583],[-82.16875,46.24167],[-82.175,46.24167]]]}},{"type":"Feature","properties":{"c":"944948","o":"","e":""},"geometry":{"type":"Polygon","coordinates":[[[-82.1875,46.24167],[-82.1875,46.24583],[-82.18125,46.24583],[-82.18125,46.24167],[-82.1875,46.24167]]]}},{"type":"Feature","properties":{"c":"564093","o":"","e":""},"geometry":{"type":"Polygon","coordinates":[[[-82.41875,46.35833],[-82.41875,46.3625],[-82.4125,46.3625],[-82.40625,46.3625],[-82.4,46.3625],[-82.39375,46.3625],[-82.3875,46.3625],[-82.3875,46.35833],[-82.3875,46.35417],[-82.3875,46.35],[-82.39375,46.35],[-82.4,46.35],[-82.40625,46.35],[-82.4125,46.35],[-82.41875,46.35],[-82.41875,46.35417],[-82.41875,46.35833]]]}},{"type":"Feature","properties":{"c":"564094","o":"","e":""},"geometry":{"type":"Polygon","coordinates":[[[-82.34375,46.375],[-82.34375,46.37917],[-82.3375,46.37917],[-82.33125,46.37917],[-82.325,46.37917],[-82.325,46.375],[-82.325,46.37083],[-82.325,46.36667],[-82.33125,46.36667],[-82.3375,46.36667],[-82.34375,46.36667],[-82.34375,46.37083],[-82.34375,46.375]]]}},{"type":"Feature","properties":{"c":"564095","o":"","e":""},"geometry":{"type":"Polygon","coordinates":[[[-82.34375,46.3875],[-82.3375,46.3875],[-82.33125,46.3875],[-82.325,46.3875],[-82.325,46.38333],[-82.325,46.37917],[-82.33125,46.37917],[-82.3375,46.37917],[-82.34375,46.37917],[-82.34375,46.38333],[-82.34375,46.3875]]]}},{"type":"Feature","properties":{"c":"564096","o":"","e":""},"geometry":{"type":"Polygon","coordinates":[[[-82.35,46.35],[-82.35,46.35417],[-82.34375,46.35417],[-82.3375,46.35417],[-82.33125,46.35417],[-82.325,46.35417],[-82.325,46.35833],[-82.31875,46.35833],[-82.31875,46.35417],[-82.31875,46.35],[-82.31875,46.34583],[-82.325,46.34583],[-82.33125,46.34583],[-82.3375,46.34583],[-82.3375,46.35],[-82.34375,46.35],[-82.35,46.35]]]}},{"type":"Feature","properties":{"c":"564097","o":"","e":""},"geometry":{"type":"Polygon","coordinates":[[[-82.3875,46.35833],[-82.3875,46.3625],[-82.38125,46.3625],[-82.375,46.3625],[-82.375,46.35833],[-82.36875,46.35833],[-82.36875,46.35417],[-82.36875,46.35],[-82.375,46.35],[-82.38125,46.35],[-82.3875,46.35],[-82.3875,46.35417],[-82.3875,46.35833]]]}},{"type":"Feature","properties":{"c":"564139","o":"","e":""},"geometry":{"type":"Polygon","coordinates":[[[-82.375,46.36667],[-82.375,46.37083],[-82.375,46.375],[-82.36875,46.375],[-82.3625,46.375],[-82.35625,46.375],[-82.35,46.375],[-82.34375,46.375],[-82.34375,46.37083],[-82.34375,46.36667],[-82.34375,46.3625],[-82.35,46.3625],[-82.35,46.36667],[-82.35625,46.36667],[-82.3625,46.36667],[-82.3625,46.3625],[-82.3625,46.35833],[-82.3625,46.35417],[-82.3625,46.35],[-82.36875,46.35],[-82.36875,46.35417],[-82.36875,46.35833],[-82.375,46.35833],[-82.375,46.3625],[-82.375,46.36667]]]}},{"type":"Feature","properties":{"c":"564143","o":"","e":""},"geometry":{"type":"Polygon","coordinates":[[[-82.40625,46.37083],[-82.40625,46.375],[-82.4,46.375],[-82.39375,46.375],[-82.3875,46.375],[-82.38125,46.375],[-82.375,46.375],[-82.375,46.37083],[-82.375,46.36667],[-82.375,46.3625],[-82.38125,46.3625],[-82.3875,46.3625],[-82.39375,46.3625],[-82.4,46.3625],[-82.40625,46.3625],[-82.40625,46.36667],[-82.40625,46.37083]]]}},{"type":"Feature","properties":{"c":"564144","o":"","e":""},"geometry":{"type":"Polygon","coordinates":[[[-82.3375,46.42083],[-82.33125,46.42083],[-82.325,46.42083],[-82.31875,46.42083],[-82.3125,46.42083],[-82.30625,46.42083],[-82.3,46.42083],[-82.29375,46.42083],[-82.2875,46.42083],[-82.2875,46.41667],[-82.28125,46.41667],[-82.275,46.41667],[-82.275,46.4125],[-82.28125,46.4125],[-82.2875,46.4125],[-82.29375,46.4125],[-82.3,46.4125],[-82.30625,46.4125],[-82.3125,46.4125],[-82.31875,46.4125],[-82.325,46.4125],[-82.33125,46.4125],[-82.3375,46.4125],[-82.3375,46.41667],[-82.3375,46.42083]]]}},{"type":"Feature","properties":{"c":"564145","o":"","e":""},"geometry":{"type":"Polygon","coordinates":[[[-82.38125,46.38333],[-82.38125,46.3875],[-82.375,46.3875],[-82.36875,46.3875],[-82.3625,46.3875],[-82.35625,46.3875],[-82.35,46.3875],[-82.34375,46.3875],[-82.34375,46.38333],[-82.34375,46.37917],[-82.34375,46.375],[-82.35,46.375],[-82.35625,46.375],[-82.3625,46.375],[-82.3625,46.37917],[-82.3625,46.38333],[-82.36875,46.38333],[-82.375,46.38333],[-82.38125,46.38333]]]}},{"type":"Feature","properties":{"c":"564146","o":"","e":""},"geometry":{"type":"Polygon","coordinates":[[[-82.34375,46.40833],[-82.34375,46.4125],[-82.3375,46.4125],[-82.33125,46.4125],[-82.325,46.4125],[-82.31875,46.4125],[-82.3125,46.4125],[-82.30625,46.4125],[-82.3,46.4125],[-82.29375,46.4125],[-82.2875,46.4125],[-82.28125,46.4125],[-82.275,46.4125],[-82.275,46.40833],[-82.26875,46.40833],[-82.26875,46.40417],[-82.275,46.40417],[-82.28125,46.40417],[-82.2875,46.40417],[-82.29375,46.40417],[-82.3,46.40417],[-82.30625,46.40417],[-82.3125,46.40417],[-82.31875,46.40417],[-82.325,46.40417],[-82.325,46.40833],[-82.33125,46.40833],[-82.3375,46.40833],[-82.34375,46.40833]]]}},{"type":"Feature","properties":{"c":"564147","o":"","e":""},"geometry":{"type":"Polygon","coordinates":[[[-82.325,46.39167],[-82.325,46.39583],[-82.325,46.4],[-82.325,46.40417],[-82.31875,46.40417],[-82.3125,46.40417],[-82.30625,46.40417],[-82.3,46.40417],[-82.3,46.4],[-82.3,46.39583],[-82.3,46.39167],[-82.3,46.3875],[-82.3,46.38333],[-82.30625,46.38333],[-82.3125,46.38333],[-82.31875,46.38333],[-82.325,46.38333],[-82.325,46.3875],[-82.325,46.39167]]]}},{"type":"Feature","properties":{"c":"564158","o":"","e":""},"geometry":{"type":"Polygon","coordinates":[[[-82.3,46.4],[-82.3,46.40417],[-82.29375,46.40417],[-82.2875,46.40417],[-82.28125,46.40417],[-82.275,46.40417],[-82.26875,46.40417],[-82.26875,46.4],[-82.26875,46.39583],[-82.26875,46.39167],[-82.275,46.39167],[-82.28125,46.39167],[-82.2875,46.39167],[-82.29375,46.39167],[-82.3,46.39167],[-82.3,46.39583],[-82.3,46.4]]]}},{"type":"Feature","properties":{"c":"564159","o":"","e":""},"geometry":{"type":"Polygon","coordinates":[[[-82.33125,46.42917],[-82.33125,46.43333],[-82.33125,46.4375],[-82.325,46.4375],[-82.31875,46.4375],[-82.3125,46.4375],[-82.30625,46.4375],[-82.3,46.4375],[-82.3,46.43333],[-82.3,46.42917],[-82.3,46.425],[-82.29375,46.425],[-82.2875,46.425],[-82.2875,46.42083],[-82.29375,46.42083],[-82.3,46.42083],[-82.30625,46.42083],[-82.3125,46.42083],[-82.31875,46.42083],[-82.325,46.42083],[-82.33125,46.42083],[-82.33125,46.425],[-82.33125,46.42917]]]}},{"type":"Feature","properties":{"c":"564160","o":"","e":""},"geometry":{"type":"Polygon","coordinates":[[[-82.31875,46.44583],[-82.31875,46.45],[-82.3125,46.45],[-82.30625,46.45],[-82.3,46.45],[-82.29375,46.45],[-82.29375,46.44583],[-82.29375,46.44167],[-82.29375,46.4375],[-82.3,46.4375],[-82.30625,46.4375],[-82.3125,46.4375],[-82.31875,46.4375],[-82.31875,46.44167],[-82.31875,46.44583]]]}},{"type":"Feature","properties":{"c":"715120","o":"","e":""},"geometry":{"type":"Polygon","coordinates":[[[-82.35,46.425],[-82.35,46.42917],[-82.34375,46.42917],[-82.34375,46.43333],[-82.34375,46.4375],[-82.3375,46.4375],[-82.33125,46.4375],[-82.33125,46.43333],[-82.33125,46.42917],[-82.33125,46.425],[-82.33125,46.42083],[-82.3375,46.42083],[-82.34375,46.42083],[-82.34375,46.425],[-82.35,46.425]]]}},{"type":"Feature","properties":{"c":"729789","o":"","e":""},"geometry":{"type":"Polygon","coordinates":[[[-82.225,46.32917],[-82.225,46.33333],[-82.21875,46.33333],[-82.2125,46.33333],[-82.2125,46.32917],[-82.21875,46.32917],[-82.225,46.32917]]]}},{"type":"Feature","properties":{"c":"1028147","o":"","e":""},"geometry":{"type":"Polygon","coordinates":[[[-82.0625,46.2625],[-82.05625,46.2625],[-82.05625,46.25833],[-82.05625,46.25417],[-82.0625,46.25417],[-82.0625,46.25833],[-82.0625,46.2625]]]}},{"type":"Feature","properties":{"c":"1064617","o":"","e":""},"geometry":{"type":"Polygon","coordinates":[[[-82.00625,46.48333],[-82.00625,46.4875],[-82.0,46.4875],[-82.0,46.48333],[-82.00625,46.48333]]]}},{"type":"Feature","properties":{"c":"1009659","o":"","e":""},"geometry":{"type":"Polygon","coordinates":[[[-82.44375,46.35417],[-82.44375,46.35833],[-82.44375,46.3625],[-82.44375,46.36667],[-82.4375,46.36667],[-82.4375,46.37083],[-82.43125,46.37083],[-82.425,46.37083],[-82.41875,46.37083],[-82.4125,46.37083],[-82.4125,46.36667],[-82.4125,46.3625],[-82.41875,46.3625],[-82.41875,46.35833],[-82.41875,46.35417],[-82.41875,46.35],[-82.41875,46.34583],[-82.425,46.34583],[-82.43125,46.34583],[-82.4375,46.34583],[-82.44375,46.34583],[-82.44375,46.35],[-82.44375,46.35417]]]}},{"type":"Feature","properties":{"c":"1053728","o":"","e":""},"geometry":{"type":"Polygon","coordinates":[[[-82.45,46.40417],[-82.45,46.40833],[-82.44375,46.40833],[-82.44375,46.40417],[-82.45,46.40417]]]}}]}