{"type":"FeatureCollection","features":[{"type":"Feature","properties":{"c":"549021","o":"","e":""},"geometry":{"type":"Polygon","coordinates":[[[-84.025,48.40833],[-84.01875,48.40833],[-84.01875,48.40417],[-84.0125,48.40417],[-84.00625,48.40417],[-84.0,48.40417],[-83.99375,48.40417],[-83.99375,48.4],[-84.0,48.4],[-84.00625,48.4],[-84.0125,48.4],[-84.01875,48.4],[-84.025,48.4],[-84.025,48.40417],[-84.025,48.40833]]]}},{"type":"Feature","properties":{"c":"340946","o":"","e":""},"geometry":{"type":"Polygon","coordinates":[[[-84.00625,48.41667],[-84.00625,48.42083],[-84.0,48.42083],[-84.0,48.41667],[-84.00625,48.41667]]]}},{"type":"Feature","properties":{"c":"121918","o":"","e":""},"geometry":{"type":"Polygon","coordinates":[[[-84.00625,48.3375],[-84.00625,48.34167],[-84.0,48.34167],[-84.0,48.3375],[-84.00625,48.3375]]]}},{"type":"Feature","properties":{"c":"114493","o":"","e":""},"geometry":{"type":"Polygon","coordinates":[[[-84.00625,48.42917],[-84.00625,48.43333],[-84.0,48.43333],[-84.0,48.42917],[-84.00625,48.42917]]]}},{"type":"Feature","properties":{"c":"117094","o":"","e":""},"geometry":{"type":"Polygon","coordinates":[[[-84.00625,48.35417],[-84.00625,48.35833],[-84.0,48.35833],[-84.0,48.35417],[-84.00625,48.35417]]]}},{"type":"Feature","properties":{"c":"122682","o":"","e":""},"geometry":{"type":"Polygon","coordinates":[[[-84.00625,48.40417],[-84.00625,48.40833],[-84.0,48.40833],[-84.0,48.40417],[-84.00625,48.40417]]]}},{"type":"Feature","properties":{"c":"134186","o":"","e":""},"geometry":{"type":"Polygon","coordinates":[[[-84.00625,48.42083],[-84.00625,48.425],[-84.0,48.425],[-84.0,48.42083],[-84.00625,48.42083]]]}},{"type":"Feature","properties":{"c":"131327","o":"","e":""},"geometry":{"type":"Polygon","coordinates":[[[-84.00625,48.3625],[-84.00625,48.36667],[-84.0,48.36667],[-84.0,48.3625],[-84.00625,48.3625]]]}},{"type":"Feature","properties":{"c":"144530","o":"","e":""},"geometry":{"type":"Polygon","coordinates":[[[-84.00625,48.43333],[-84.00625,48.4375],[-84.0,48.4375],[-84.0,48.43333],[-84.00625,48.43333]]]}},{"type":"Feature","properties":{"c":"1058771","o":"","e":""},"geometry":{"type":"Polygon","coordinates":[[[-84.00625,48.2375],[-84.00625,48.24167],[-84.0,48.24167],[-84.0,48.2375],[-84.00625,48.2375]]]}},{"type":"Feature","properties":{"c":"1058772","o":"","e":""},"geometry":{"type":"Polygon","coordinates":[[[-84.00625,48.225],[-84.00625,48.22917],[-84.0,48.22917],[-84.0,48.225],[-84.00625,48.225]]]}},{"type":"Feature","properties":{"c":"1058773","o":"","e":""},"geometry":{"type":"Polygon","coordinates":[[[-84.00625,48.23333],[-84.00625,48.2375],[-84.0,48.2375],[-84.0,48.23333],[-84.00625,48.23333]]]}},{"type":"Feature","properties":{"c":"1058774","o":"","e":""},"geometry":{"type":"Polygon","coordinates":[[[-84.00625,48.22917],[-84.00625,48.23333],[-84.0,48.23333],[-84.0,48.22917],[-84.00625,48.22917]]]}},{"type":"Feature","properties":{"c":"1058775","o":"","e":""},"geometry":{"type":"Polygon","coordinates":[[[-84.00625,48.22083],[-84.00625,48.225],[-84.0,48.225],[-84.0,48.22083],[-84.00625,48.22083]]]}},{"type":"Feature","properties":{"c":"163581","o":"","e":""},"geometry":{"type":"Polygon","coordinates":[[[-84.00625,48.3625],[-84.00625,48.36667],[-84.0,48.36667],[-84.0,48.3625],[-84.00625,48.3625]]]}},{"type":"Feature","properties":{"c":"163582","o":"","e":""},"geometry":{"type":"Polygon","coordinates":[[[-84.00625,48.35833],[-84.00625,48.3625],[-84.0,48.3625],[-84.0,48.35833],[-84.00625,48.35833]]]}},{"type":"Feature","properties":{"c":"1067282","o":"","e":""},"geometry":{"type":"Polygon","coordinates":[[[-84.00625,48.19583],[-84.00625,48.2],[-84.0,48.2],[-84.0,48.19583],[-84.00625,48.19583]]]}},{"type":"Feature","properties":{"c":"1067283","o":"","e":""},"geometry":{"type":"Polygon","coordinates":[[[-84.00625,48.20833],[-84.00625,48.2125],[-84.0,48.2125],[-84.0,48.20833],[-84.00625,48.20833]]]}},{"type":"Feature","properties":{"c":"1067284","o":"","e":""},"geometry":{"type":"Polygon","coordinates":[[[-84.00625,48.2],[-84.00625,48.20417],[-84.0,48.20417],[-84.0,48.2],[-84.00625,48.2]]]}},{"type":"Feature","properties":{"c":"1067285","o":"","e":""},"geometry":{"type":"Polygon","coordinates":[[[-84.00625,48.20417],[-84.00625,48.20833],[-84.0,48.20833],[-84.0,48.20417],[-84.00625,48.20417]]]}},{"type":"Feature","properties":{"c":"196060","o":"","e":""},"geometry":{"type":"Polygon","coordinates":[[[-84.00625,48.375],[-84.00625,48.37917],[-84.0,48.37917],[-84.0,48.375],[-84.00625,48.375]]]}},{"type":"Feature","properties":{"c":"215401","o":"","e":""},"geometry":{"type":"Polygon","coordinates":[[[-84.00625,48.4125],[-84.00625,48.41667],[-84.0,48.41667],[-84.0,48.4125],[-84.00625,48.4125]]]}},{"type":"Feature","properties":{"c":"215214","o":"","e":""},"geometry":{"type":"Polygon","coordinates":[[[-84.00625,48.34167],[-84.00625,48.34583],[-84.0,48.34583],[-84.0,48.34167],[-84.00625,48.34167]]]}},{"type":"Feature","properties":{"c":"571086","o":"","e":""},"geometry":{"type":"Polygon","coordinates":[[[-84.00625,48.39167],[-84.00625,48.39583],[-84.0,48.39583],[-84.0,48.39167],[-84.00625,48.39167]]]}},{"type":"Feature","properties":{"c":"571089","o":"","e":""},"geometry":{"type":"Polygon","coordinates":[[[-84.00625,48.3875],[-84.00625,48.39167],[-84.0,48.39167],[-84.0,48.3875],[-84.00625,48.3875]]]}},{"type":"Feature","properties":{"c":"571094","o":"","e":""},"geometry":{"type":"Polygon","coordinates":[[[-84.00625,48.38333],[-84.00625,48.3875],[-84.0,48.3875],[-84.0,48.38333],[-84.00625,48.38333]]]}},{"type":"Feature","properties":{"c":"571099","o":"","e":""},"geometry":{"type":"Polygon","coordinates":[[[-84.00625,48.37917],[-84.00625,48.38333],[-84.0,48.38333],[-84.0,48.37917],[-84.00625,48.37917]]]}},{"type":"Feature","properties":{"c":"1058776","o":"","e":""},"geometry":{"type":"Polygon","coordinates":[[[-84.00625,48.21667],[-84.00625,48.22083],[-84.0,48.22083],[-84.0,48.21667],[-84.00625,48.21667]]]}},{"type":"Feature","properties":{"c":"1058777","o":"","e":""},"geometry":{"type":"Polygon","coordinates":[[[-84.00625,48.2125],[-84.00625,48.21667],[-84.0,48.21667],[-84.0,48.2125],[-84.00625,48.2125]]]}},{"type":"Feature","properties":{"c":"270023","o":"","e":""},"geometry":{"type":"Polygon","coordinates":[[[-84.00625,48.37083],[-84.00625,48.375],[-84.0,48.375],[-84.0,48.37083],[-84.00625,48.37083]]]}},{"type":"Feature","properties":{"c":"593412","o":"","e":""},"geometry":{"type":"Polygon","coordinates":[[[-84.00625,48.39583],[-84.00625,48.4],[-84.0,48.4],[-84.0,48.39583],[-84.00625,48.39583]]]}},{"type":"Feature","properties":{"c":"281994","o":"","e":""},"geometry":{"type":"Polygon","coordinates":[[[-84.00625,48.40833],[-84.00625,48.4125],[-84.0,48.4125],[-84.0,48.40833],[-84.00625,48.40833]]]}},{"type":"Feature","properties":{"c":"302220","o":"","e":""},"geometry":{"type":"Polygon","coordinates":[[[-84.00625,48.425],[-84.00625,48.42917],[-84.0,48.42917],[-84.0,48.425],[-84.00625,48.425]]]}},{"type":"Feature","properties":{"c":"1067303","o":"","e":""},"geometry":{"type":"Polygon","coordinates":[[[-84.00625,48.24167],[-84.00625,48.24583],[-84.0,48.24583],[-84.0,48.24167],[-84.00625,48.24167]]]}},{"type":"Feature","properties":{"c":"309950","o":"","e":""},"geometry":{"type":"Polygon","coordinates":[[[-84.00625,48.36667],[-84.00625,48.37083],[-84.0,48.37083],[-84.0,48.36667],[-84.00625,48.36667]]]}},{"type":"Feature","properties":{"c":"314058","o":"","e":""},"geometry":{"type":"Polygon","coordinates":[[[-84.00625,48.35],[-84.00625,48.35417],[-84.0,48.35417],[-84.0,48.35],[-84.00625,48.35]]]}},{"type":"Feature","properties":{"c":"329006","o":"","e":""},"geometry":{"type":"Polygon","coordinates":[[[-84.00625,48.34583],[-84.00625,48.35],[-84.0,48.35],[-84.0,48.34583],[-84.00625,48.34583]]]}},{"type":"Feature","properties":{"c":"1072995","o":"","e":""},"geometry":{"type":"Polygon","coordinates":[[[-84.00625,48.25],[-84.00625,48.25417],[-84.0,48.25417],[-84.0,48.25],[-84.00625,48.25]]]}},{"type":"Feature","properties":{"c":"1072997","o":"","e":""},"geometry":{"type":"Polygon","coordinates":[[[-84.00625,48.25417],[-84.00625,48.25833],[-84.0,48.25833],[-84.0,48.25417],[-84.00625,48.25417]]]}},{"type":"Feature","properties":{"c":"339334","o":"","e":""},"geometry":{"type":"Polygon","coordinates":[[[-83.94375,48.425],[-83.94375,48.42917],[-83.9375,48.42917],[-83.9375,48.425],[-83.94375,48.425]]]}},{"type":"Feature","properties":{"c":"332903","o":"","e":""},"geometry":{"type":"Polygon","coordinates":[[[-84.0,48.35833],[-84.0,48.3625],[-83.99375,48.3625],[-83.99375,48.35833],[-84.0,48.35833]]]}},{"type":"Feature","properties":{"c":"332904","o":"","e":""},"geometry":{"type":"Polygon","coordinates":[[[-83.9875,48.35417],[-83.9875,48.35833],[-83.98125,48.35833],[-83.98125,48.35417],[-83.9875,48.35417]]]}},{"type":"Feature","properties":{"c":"551212","o":"","e":""},"geometry":{"type":"Polygon","coordinates":[[[-84.00625,48.4375],[-84.00625,48.44167],[-84.0,48.44167],[-83.99375,48.44167],[-83.9875,48.44167],[-83.98125,48.44167],[-83.975,48.44167],[-83.96875,48.44167],[-83.96875,48.4375],[-83.975,48.4375],[-83.98125,48.4375],[-83.9875,48.4375],[-83.99375,48.4375],[-84.0,48.4375],[-84.00625,48.4375]]]}},{"type":"Feature","properties":{"c":"551213","o":"","e":""},"geometry":{"type":"Polygon","coordinates":[[[-83.96875,48.4375],[-83.96875,48.44167],[-83.9625,48.44167],[-83.95625,48.44167],[-83.95,48.44167],[-83.94375,48.44167],[-83.9375,48.44167],[-83.93125,48.44167],[-83.93125,48.4375],[-83.9375,48.4375],[-83.94375,48.4375],[-83.95,48.4375],[-83.95625,48.4375],[-83.9625,48.4375],[-83.96875,48.4375]]]}},{"type":"Feature","properties":{"c":"551214","o":"","e":""},"geometry":{"type":"Polygon","coordinates":[[[-83.9375,48.43333],[-83.9375,48.4375],[-83.93125,48.4375],[-83.925,48.4375],[-83.91875,48.4375],[-83.9125,48.4375],[-83.90625,48.4375],[-83.9,48.4375],[-83.9,48.43333],[-83.90625,48.43333],[-83.9125,48.43333],[-83.91875,48.43333],[-83.925,48.43333],[-83.93125,48.43333],[-83.9375,48.43333]]]}},{"type":"Feature","properties":{"c":"340740","o":"","e":""},"geometry":{"type":"Polygon","coordinates":[[[-83.9625,48.3625],[-83.9625,48.36667],[-83.95625,48.36667],[-83.95625,48.3625],[-83.9625,48.3625]]]}},{"type":"Feature","properties":{"c":"340186","o":"","e":""},"geometry":{"type":"Polygon","coordinates":[[[-83.9,48.35],[-83.9,48.35417],[-83.89375,48.35417],[-83.89375,48.35],[-83.9,48.35]]]}},{"type":"Feature","properties":{"c":"340187","o":"","e":""},"geometry":{"type":"Polygon","coordinates":[[[-83.91875,48.34167],[-83.91875,48.34583],[-83.9125,48.34583],[-83.9125,48.34167],[-83.91875,48.34167]]]}},{"type":"Feature","properties":{"c":"326179","o":"","e":""},"geometry":{"type":"Polygon","coordinates":[[[-83.98125,48.34167],[-83.98125,48.34583],[-83.975,48.34583],[-83.975,48.34167],[-83.98125,48.34167]]]}},{"type":"Feature","properties":{"c":"314667","o":"","e":""},"geometry":{"type":"Polygon","coordinates":[[[-84.0,48.3375],[-84.0,48.34167],[-83.99375,48.34167],[-83.99375,48.3375],[-84.0,48.3375]]]}},{"type":"Feature","properties":{"c":"344878","o":"","e":""},"geometry":{"type":"Polygon","coordinates":[[[-83.90625,48.3625],[-83.90625,48.36667],[-83.9,48.36667],[-83.9,48.3625],[-83.90625,48.3625]]]}},{"type":"Feature","properties":{"c":"344879","o":"","e":""},"geometry":{"type":"Polygon","coordinates":[[[-83.9125,48.3625],[-83.9125,48.36667],[-83.90625,48.36667],[-83.90625,48.3625],[-83.9125,48.3625]]]}},{"type":"Feature","properties":{"c":"549022","o":"","e":""},"geometry":{"type":"Polygon","coordinates":[[[-83.99375,48.4],[-83.99375,48.40417],[-83.9875,48.40417],[-83.98125,48.40417],[-83.975,48.40417],[-83.96875,48.40417],[-83.9625,48.40417],[-83.95625,48.40417],[-83.95625,48.4],[-83.9625,48.4],[-83.96875,48.4],[-83.975,48.4],[-83.98125,48.4],[-83.9875,48.4],[-83.99375,48.4]]]}},{"type":"Feature","properties":{"c":"338006","o":"","e":""},"geometry":{"type":"Polygon","coordinates":[[[-83.88125,48.36667],[-83.88125,48.37083],[-83.875,48.37083],[-83.875,48.36667],[-83.88125,48.36667]]]}},{"type":"Feature","properties":{"c":"216217","o":"","e":""},"geometry":{"type":"Polygon","coordinates":[[[-83.975,48.3625],[-83.975,48.36667],[-83.96875,48.36667],[-83.96875,48.3625],[-83.975,48.3625]]]}},{"type":"Feature","properties":{"c":"260192","o":"","e":""},"geometry":{"type":"Polygon","coordinates":[[[-83.9875,48.3375],[-83.9875,48.34167],[-83.98125,48.34167],[-83.98125,48.3375],[-83.9875,48.3375]]]}},{"type":"Feature","properties":{"c":"164173","o":"","e":""},"geometry":{"type":"Polygon","coordinates":[[[-83.98125,48.34583],[-83.98125,48.35],[-83.975,48.35],[-83.975,48.34583],[-83.98125,48.34583]]]}},{"type":"Feature","properties":{"c":"164172","o":"","e":""},"geometry":{"type":"Polygon","coordinates":[[[-83.98125,48.35417],[-83.98125,48.35833],[-83.975,48.35833],[-83.975,48.35417],[-83.98125,48.35417]]]}},{"type":"Feature","properties":{"c":"158838","o":"","e":""},"geometry":{"type":"Polygon","coordinates":[[[-83.99375,48.3375],[-83.99375,48.34167],[-83.9875,48.34167],[-83.9875,48.3375],[-83.99375,48.3375]]]}},{"type":"Feature","properties":{"c":"158145","o":"","e":""},"geometry":{"type":"Polygon","coordinates":[[[-83.98125,48.3375],[-83.98125,48.34167],[-83.975,48.34167],[-83.975,48.3375],[-83.98125,48.3375]]]}},{"type":"Feature","properties":{"c":"102268","o":"","e":""},"geometry":{"type":"Polygon","coordinates":[[[-83.89375,48.3875],[-83.89375,48.39167],[-83.8875,48.39167],[-83.8875,48.3875],[-83.89375,48.3875]]]}},{"type":"Feature","properties":{"c":"102269","o":"","e":""},"geometry":{"type":"Polygon","coordinates":[[[-83.9,48.3875],[-83.9,48.39167],[-83.89375,48.39167],[-83.89375,48.3875],[-83.9,48.3875]]]}},{"type":"Feature","properties":{"c":"148008","o":"","e":""},"geometry":{"type":"Polygon","coordinates":[[[-83.98125,48.3625],[-83.98125,48.36667],[-83.975,48.36667],[-83.975,48.3625],[-83.98125,48.3625]]]}},{"type":"Feature","properties":{"c":"1066752","o":"","e":""},"geometry":{"type":"Polygon","coordinates":[[[-83.9875,48.45833],[-83.9875,48.4625],[-83.98125,48.4625],[-83.98125,48.45833],[-83.9875,48.45833]]]}},{"type":"Feature","properties":{"c":"1066753","o":"","e":""},"geometry":{"type":"Polygon","coordinates":[[[-83.96875,48.45833],[-83.96875,48.4625],[-83.9625,48.4625],[-83.9625,48.45833],[-83.96875,48.45833]]]}},{"type":"Feature","properties":{"c":"1066754","o":"","e":""},"geometry":{"type":"Polygon","coordinates":[[[-83.95,48.44167],[-83.95,48.44583],[-83.94375,48.44583],[-83.94375,48.44167],[-83.95,48.44167]]]}},{"type":"Feature","properties":{"c":"1066755","o":"","e":""},"geometry":{"type":"Polygon","coordinates":[[[-83.98125,48.45],[-83.98125,48.45417],[-83.975,48.45417],[-83.975,48.45],[-83.98125,48.45]]]}},{"type":"Feature","properties":{"c":"1066756","o":"","e":""},"geometry":{"type":"Polygon","coordinates":[[[-83.975,48.44583],[-83.975,48.45],[-83.96875,48.45],[-83.96875,48.44583],[-83.975,48.44583]]]}},{"type":"Feature","properties":{"c":"104527","o":"","e":""},"geometry":{"type":"Polygon","coordinates":[[[-83.94375,48.33333],[-83.94375,48.3375],[-83.9375,48.3375],[-83.9375,48.33333],[-83.94375,48.33333]]]}},{"type":"Feature","properties":{"c":"104097","o":"","e":""},"geometry":{"type":"Polygon","coordinates":[[[-83.95,48.37083],[-83.95,48.375],[-83.94375,48.375],[-83.94375,48.37083],[-83.95,48.37083]]]}},{"type":"Feature","properties":{"c":"104418","o":"","e":""},"geometry":{"type":"Polygon","coordinates":[[[-83.9,48.3375],[-83.9,48.34167],[-83.89375,48.34167],[-83.89375,48.3375],[-83.9,48.3375]]]}},{"type":"Feature","properties":{"c":"103431","o":"","e":""},"geometry":{"type":"Polygon","coordinates":[[[-83.91875,48.34583],[-83.91875,48.35],[-83.9125,48.35],[-83.9125,48.34583],[-83.91875,48.34583]]]}},{"type":"Feature","properties":{"c":"103432","o":"","e":""},"geometry":{"type":"Polygon","coordinates":[[[-83.9375,48.34583],[-83.9375,48.35],[-83.93125,48.35],[-83.93125,48.34583],[-83.9375,48.34583]]]}},{"type":"Feature","properties":{"c":"103433","o":"","e":""},"geometry":{"type":"Polygon","coordinates":[[[-83.925,48.34167],[-83.925,48.34583],[-83.91875,48.34583],[-83.91875,48.34167],[-83.925,48.34167]]]}},{"type":"Feature","properties":{"c":"104004","o":"","e":""},"geometry":{"type":"Polygon","coordinates":[[[-83.88125,48.35833],[-83.88125,48.3625],[-83.875,48.3625],[-83.875,48.35833],[-83.88125,48.35833]]]}},{"type":"Feature","properties":{"c":"104025","o":"","e":""},"geometry":{"type":"Polygon","coordinates":[[[-83.8625,48.35],[-83.8625,48.35417],[-83.85625,48.35417],[-83.85625,48.35],[-83.8625,48.35]]]}},{"type":"Feature","properties":{"c":"104026","o":"","e":""},"geometry":{"type":"Polygon","coordinates":[[[-83.86875,48.35],[-83.86875,48.35417],[-83.8625,48.35417],[-83.8625,48.35],[-83.86875,48.35]]]}},{"type":"Feature","properties":{"c":"100299","o":"","e":""},"geometry":{"type":"Polygon","coordinates":[[[-83.96875,48.3375],[-83.96875,48.34167],[-83.9625,48.34167],[-83.9625,48.3375],[-83.96875,48.3375]]]}},{"type":"Feature","properties":{"c":"100743","o":"","e":""},"geometry":{"type":"Polygon","coordinates":[[[-83.85625,48.375],[-83.85625,48.37917],[-83.85,48.37917],[-83.85,48.375],[-83.85625,48.375]]]}},{"type":"Feature","properties":{"c":"106830","o":"","e":""},"geometry":{"type":"Polygon","coordinates":[[[-83.96875,48.425],[-83.96875,48.42917],[-83.9625,48.42917],[-83.9625,48.425],[-83.96875,48.425]]]}},{"type":"Feature","properties":{"c":"106831","o":"","e":""},"geometry":{"type":"Polygon","coordinates":[[[-83.975,48.425],[-83.975,48.42917],[-83.96875,48.42917],[-83.96875,48.425],[-83.975,48.425]]]}},{"type":"Feature","properties":{"c":"106122","o":"","e":""},"geometry":{"type":"Polygon","coordinates":[[[-84.0,48.42083],[-84.0,48.425],[-83.99375,48.425],[-83.99375,48.42083],[-84.0,48.42083]]]}},{"type":"Feature","properties":{"c":"117210","o":"","e":""},"geometry":{"type":"Polygon","coordinates":[[[-83.98125,48.35],[-83.98125,48.35417],[-83.975,48.35417],[-83.975,48.35],[-83.98125,48.35]]]}},{"type":"Feature","properties":{"c":"104280","o":"","e":""},"geometry":{"type":"Polygon","coordinates":[[[-83.9,48.35417],[-83.9,48.35833],[-83.89375,48.35833],[-83.89375,48.35417],[-83.9,48.35417]]]}},{"type":"Feature","properties":{"c":"102452","o":"","e":""},"geometry":{"type":"Polygon","coordinates":[[[-83.8625,48.33333],[-83.8625,48.3375],[-83.85625,48.3375],[-83.85625,48.33333],[-83.8625,48.33333]]]}},{"type":"Feature","properties":{"c":"105193","o":"","e":""},"geometry":{"type":"Polygon","coordinates":[[[-83.9375,48.3625],[-83.9375,48.36667],[-83.93125,48.36667],[-83.93125,48.3625],[-83.9375,48.3625]]]}},{"type":"Feature","properties":{"c":"105199","o":"","e":""},"geometry":{"type":"Polygon","coordinates":[[[-83.925,48.375],[-83.925,48.37917],[-83.91875,48.37917],[-83.91875,48.375],[-83.925,48.375]]]}},{"type":"Feature","properties":{"c":"105200","o":"","e":""},"geometry":{"type":"Polygon","coordinates":[[[-83.9125,48.40417],[-83.9125,48.40833],[-83.90625,48.40833],[-83.90625,48.40417],[-83.9125,48.40417]]]}},{"type":"Feature","properties":{"c":"131918","o":"","e":""},"geometry":{"type":"Polygon","coordinates":[[[-83.98125,48.35833],[-83.98125,48.3625],[-83.975,48.3625],[-83.975,48.35833],[-83.98125,48.35833]]]}},{"type":"Feature","properties":{"c":"911627","o":"","e":""},"geometry":{"type":"Polygon","coordinates":[[[-83.7125,48.45833],[-83.7125,48.4625],[-83.70625,48.4625],[-83.70625,48.45833],[-83.7125,48.45833]]]}},{"type":"Feature","properties":{"c":"911628","o":"","e":""},"geometry":{"type":"Polygon","coordinates":[[[-83.69375,48.45833],[-83.69375,48.4625],[-83.6875,48.4625],[-83.6875,48.45833],[-83.69375,48.45833]]]}},{"type":"Feature","properties":{"c":"911629","o":"","e":""},"geometry":{"type":"Polygon","coordinates":[[[-83.70625,48.45833],[-83.70625,48.4625],[-83.7,48.4625],[-83.7,48.45833],[-83.70625,48.45833]]]}},{"type":"Feature","properties":{"c":"911630","o":"","e":""},"geometry":{"type":"Polygon","coordinates":[[[-83.7,48.45833],[-83.7,48.4625],[-83.69375,48.4625],[-83.69375,48.45833],[-83.7,48.45833]]]}},{"type":"Feature","properties":{"c":"731874","o":"","e":""},"geometry":{"type":"Polygon","coordinates":[[[-83.8875,48.44583],[-83.8875,48.45],[-83.88125,48.45],[-83.88125,48.44583],[-83.8875,48.44583]]]}},{"type":"Feature","properties":{"c":"731875","o":"","e":""},"geometry":{"type":"Polygon","coordinates":[[[-83.88125,48.44583],[-83.88125,48.45],[-83.875,48.45],[-83.875,48.44583],[-83.88125,48.44583]]]}},{"type":"Feature","properties":{"c":"731926","o":"","e":""},"geometry":{"type":"Polygon","coordinates":[[[-83.7875,48.46667],[-83.7875,48.47083],[-83.78125,48.47083],[-83.78125,48.46667],[-83.7875,48.46667]]]}},{"type":"Feature","properties":{"c":"731927","o":"","e":""},"geometry":{"type":"Polygon","coordinates":[[[-83.78125,48.46667],[-83.78125,48.47083],[-83.775,48.47083],[-83.775,48.46667],[-83.78125,48.46667]]]}},{"type":"Feature","properties":{"c":"731928","o":"","e":""},"geometry":{"type":"Polygon","coordinates":[[[-83.775,48.46667],[-83.775,48.47083],[-83.76875,48.47083],[-83.76875,48.46667],[-83.775,48.46667]]]}},{"type":"Feature","properties":{"c":"113741","o":"","e":""},"geometry":{"type":"Polygon","coordinates":[[[-83.9375,48.35417],[-83.9375,48.35833],[-83.93125,48.35833],[-83.93125,48.35417],[-83.9375,48.35417]]]}},{"type":"Feature","properties":{"c":"113742","o":"","e":""},"geometry":{"type":"Polygon","coordinates":[[[-83.94375,48.35417],[-83.94375,48.35833],[-83.9375,48.35833],[-83.9375,48.35417],[-83.94375,48.35417]]]}},{"type":"Feature","properties":{"c":"113089","o":"","e":""},"geometry":{"type":"Polygon","coordinates":[[[-83.98125,48.40833],[-83.98125,48.4125],[-83.975,48.4125],[-83.975,48.40833],[-83.98125,48.40833]]]}},{"type":"Feature","properties":{"c":"113645","o":"","e":""},"geometry":{"type":"Polygon","coordinates":[[[-84.0,48.37083],[-84.0,48.375],[-83.99375,48.375],[-83.99375,48.37083],[-84.0,48.37083]]]}},{"type":"Feature","properties":{"c":"114316","o":"","e":""},"geometry":{"type":"Polygon","coordinates":[[[-84.0,48.3625],[-84.0,48.36667],[-83.99375,48.36667],[-83.99375,48.3625],[-84.0,48.3625]]]}},{"type":"Feature","properties":{"c":"113918","o":"","e":""},"geometry":{"type":"Polygon","coordinates":[[[-83.95,48.40833],[-83.95,48.4125],[-83.94375,48.4125],[-83.94375,48.40833],[-83.95,48.40833]]]}},{"type":"Feature","properties":{"c":"114492","o":"","e":""},"geometry":{"type":"Polygon","coordinates":[[[-83.9875,48.43333],[-83.9875,48.4375],[-83.98125,48.4375],[-83.98125,48.43333],[-83.9875,48.43333]]]}},{"type":"Feature","properties":{"c":"115103","o":"","e":""},"geometry":{"type":"Polygon","coordinates":[[[-83.95625,48.34167],[-83.95625,48.34583],[-83.95,48.34583],[-83.95,48.34167],[-83.95625,48.34167]]]}},{"type":"Feature","properties":{"c":"115104","o":"","e":""},"geometry":{"type":"Polygon","coordinates":[[[-83.96875,48.33333],[-83.96875,48.3375],[-83.9625,48.3375],[-83.9625,48.33333],[-83.96875,48.33333]]]}},{"type":"Feature","properties":{"c":"114399","o":"","e":""},"geometry":{"type":"Polygon","coordinates":[[[-83.9875,48.37083],[-83.9875,48.375],[-83.98125,48.375],[-83.98125,48.37083],[-83.9875,48.37083]]]}},{"type":"Feature","properties":{"c":"114400","o":"","e":""},"geometry":{"type":"Polygon","coordinates":[[[-83.975,48.36667],[-83.975,48.37083],[-83.96875,48.37083],[-83.96875,48.36667],[-83.975,48.36667]]]}},{"type":"Feature","properties":{"c":"117211","o":"","e":""},"geometry":{"type":"Polygon","coordinates":[[[-83.98125,48.33333],[-83.98125,48.3375],[-83.975,48.3375],[-83.975,48.33333],[-83.98125,48.33333]]]}},{"type":"Feature","properties":{"c":"929166","o":"","e":""},"geometry":{"type":"Polygon","coordinates":[[[-83.64375,48.49583],[-83.64375,48.5],[-83.6375,48.5],[-83.6375,48.49583],[-83.64375,48.49583]]]}},{"type":"Feature","properties":{"c":"929169","o":"","e":""},"geometry":{"type":"Polygon","coordinates":[[[-83.65625,48.49167],[-83.65625,48.49583],[-83.65,48.49583],[-83.65,48.49167],[-83.65625,48.49167]]]}},{"type":"Feature","properties":{"c":"929170","o":"","e":""},"geometry":{"type":"Polygon","coordinates":[[[-83.65625,48.49583],[-83.65625,48.5],[-83.65,48.5],[-83.65,48.49583],[-83.65625,48.49583]]]}},{"type":"Feature","properties":{"c":"929176","o":"","e":""},"geometry":{"type":"Polygon","coordinates":[[[-83.65,48.475],[-83.65,48.47917],[-83.64375,48.47917],[-83.64375,48.475],[-83.65,48.475]]]}},{"type":"Feature","properties":{"c":"119950","o":"","e":""},"geometry":{"type":"Polygon","coordinates":[[[-83.925,48.375],[-83.925,48.37917],[-83.91875,48.37917],[-83.91875,48.375],[-83.925,48.375]]]}},{"type":"Feature","properties":{"c":"119743","o":"","e":""},"geometry":{"type":"Polygon","coordinates":[[[-83.89375,48.3375],[-83.89375,48.34167],[-83.8875,48.34167],[-83.8875,48.3375],[-83.89375,48.3375]]]}},{"type":"Feature","properties":{"c":"117568","o":"","e":""},"geometry":{"type":"Polygon","coordinates":[[[-83.90625,48.40417],[-83.90625,48.40833],[-83.9,48.40833],[-83.9,48.40417],[-83.90625,48.40417]]]}},{"type":"Feature","properties":{"c":"731871","o":"","e":""},"geometry":{"type":"Polygon","coordinates":[[[-83.8875,48.44167],[-83.8875,48.44583],[-83.88125,48.44583],[-83.88125,48.44167],[-83.8875,48.44167]]]}},{"type":"Feature","properties":{"c":"731872","o":"","e":""},"geometry":{"type":"Polygon","coordinates":[[[-83.88125,48.44167],[-83.88125,48.44583],[-83.875,48.44583],[-83.875,48.44167],[-83.88125,48.44167]]]}},{"type":"Feature","properties":{"c":"118481","o":"","e":""},"geometry":{"type":"Polygon","coordinates":[[[-83.94375,48.3375],[-83.94375,48.34167],[-83.9375,48.34167],[-83.9375,48.3375],[-83.94375,48.3375]]]}},{"type":"Feature","properties":{"c":"118500","o":"","e":""},"geometry":{"type":"Polygon","coordinates":[[[-83.875,48.39167],[-83.875,48.39583],[-83.86875,48.39583],[-83.86875,48.39167],[-83.875,48.39167]]]}},{"type":"Feature","properties":{"c":"119351","o":"","e":""},"geometry":{"type":"Polygon","coordinates":[[[-83.9625,48.36667],[-83.9625,48.37083],[-83.95625,48.37083],[-83.95625,48.36667],[-83.9625,48.36667]]]}},{"type":"Feature","properties":{"c":"121253","o":"","e":""},"geometry":{"type":"Polygon","coordinates":[[[-83.96875,48.37083],[-83.96875,48.375],[-83.9625,48.375],[-83.9625,48.37083],[-83.96875,48.37083]]]}},{"type":"Feature","properties":{"c":"118694","o":"","e":""},"geometry":{"type":"Polygon","coordinates":[[[-83.8875,48.35417],[-83.8875,48.35833],[-83.88125,48.35833],[-83.88125,48.35417],[-83.8875,48.35417]]]}},{"type":"Feature","properties":{"c":"118695","o":"","e":""},"geometry":{"type":"Polygon","coordinates":[[[-83.8875,48.34583],[-83.8875,48.35],[-83.88125,48.35],[-83.88125,48.34583],[-83.8875,48.34583]]]}},{"type":"Feature","properties":{"c":"121167","o":"","e":""},"geometry":{"type":"Polygon","coordinates":[[[-83.88125,48.35417],[-83.88125,48.35833],[-83.875,48.35833],[-83.875,48.35417],[-83.88125,48.35417]]]}},{"type":"Feature","properties":{"c":"119282","o":"","e":""},"geometry":{"type":"Polygon","coordinates":[[[-83.8625,48.34583],[-83.8625,48.35],[-83.85625,48.35],[-83.85625,48.34583],[-83.8625,48.34583]]]}},{"type":"Feature","properties":{"c":"119283","o":"","e":""},"geometry":{"type":"Polygon","coordinates":[[[-83.86875,48.34583],[-83.86875,48.35],[-83.8625,48.35],[-83.8625,48.34583],[-83.86875,48.34583]]]}},{"type":"Feature","properties":{"c":"122051","o":"","e":""},"geometry":{"type":"Polygon","coordinates":[[[-83.975,48.41667],[-83.975,48.42083],[-83.96875,48.42083],[-83.96875,48.41667],[-83.975,48.41667]]]}},{"type":"Feature","properties":{"c":"122052","o":"","e":""},"geometry":{"type":"Polygon","coordinates":[[[-83.96875,48.40833],[-83.96875,48.4125],[-83.9625,48.4125],[-83.9625,48.40833],[-83.96875,48.40833]]]}},{"type":"Feature","properties":{"c":"121203","o":"","e":""},"geometry":{"type":"Polygon","coordinates":[[[-83.91875,48.35833],[-83.91875,48.3625],[-83.9125,48.3625],[-83.9125,48.35833],[-83.91875,48.35833]]]}},{"type":"Feature","properties":{"c":"121204","o":"","e":""},"geometry":{"type":"Polygon","coordinates":[[[-83.90625,48.35],[-83.90625,48.35417],[-83.9,48.35417],[-83.9,48.35],[-83.90625,48.35]]]}},{"type":"Feature","properties":{"c":"121205","o":"","e":""},"geometry":{"type":"Polygon","coordinates":[[[-83.90625,48.34167],[-83.90625,48.34583],[-83.9,48.34583],[-83.9,48.34167],[-83.90625,48.34167]]]}},{"type":"Feature","properties":{"c":"121944","o":"","e":""},"geometry":{"type":"Polygon","coordinates":[[[-83.89375,48.35417],[-83.89375,48.35833],[-83.8875,48.35833],[-83.8875,48.35417],[-83.89375,48.35417]]]}},{"type":"Feature","properties":{"c":"121945","o":"","e":""},"geometry":{"type":"Polygon","coordinates":[[[-83.89375,48.34583],[-83.89375,48.35],[-83.8875,48.35],[-83.8875,48.34583],[-83.89375,48.34583]]]}},{"type":"Feature","properties":{"c":"121946","o":"","e":""},"geometry":{"type":"Polygon","coordinates":[[[-83.9,48.34583],[-83.9,48.35],[-83.89375,48.35],[-83.89375,48.34583],[-83.9,48.34583]]]}},{"type":"Feature","properties":{"c":"121018","o":"","e":""},"geometry":{"type":"Polygon","coordinates":[[[-83.95625,48.35833],[-83.95625,48.3625],[-83.95,48.3625],[-83.95,48.35833],[-83.95625,48.35833]]]}},{"type":"Feature","properties":{"c":"124620","o":"","e":""},"geometry":{"type":"Polygon","coordinates":[[[-83.9125,48.38333],[-83.9125,48.3875],[-83.90625,48.3875],[-83.90625,48.38333],[-83.9125,48.38333]]]}},{"type":"Feature","properties":{"c":"124621","o":"","e":""},"geometry":{"type":"Polygon","coordinates":[[[-83.93125,48.41667],[-83.93125,48.42083],[-83.925,48.42083],[-83.925,48.41667],[-83.93125,48.41667]]]}},{"type":"Feature","properties":{"c":"124622","o":"","e":""},"geometry":{"type":"Polygon","coordinates":[[[-83.925,48.40417],[-83.925,48.40833],[-83.91875,48.40833],[-83.91875,48.40417],[-83.925,48.40417]]]}},{"type":"Feature","properties":{"c":"312004","o":"","e":""},"geometry":{"type":"Polygon","coordinates":[[[-83.85,48.375],[-83.85,48.37917],[-83.84375,48.37917],[-83.84375,48.375],[-83.85,48.375]]]}},{"type":"Feature","properties":{"c":"550873","o":"","e":""},"geometry":{"type":"Polygon","coordinates":[[[-83.88125,48.40417],[-83.88125,48.40833],[-83.875,48.40833],[-83.875,48.40417],[-83.88125,48.40417]]]}},{"type":"Feature","properties":{"c":"550872","o":"","e":""},"geometry":{"type":"Polygon","coordinates":[[[-83.88125,48.4],[-83.88125,48.40417],[-83.875,48.40417],[-83.875,48.4],[-83.88125,48.4]]]}},{"type":"Feature","properties":{"c":"731873","o":"","e":""},"geometry":{"type":"Polygon","coordinates":[[[-83.875,48.44167],[-83.875,48.44583],[-83.86875,48.44583],[-83.86875,48.44167],[-83.875,48.44167]]]}},{"type":"Feature","properties":{"c":"125257","o":"","e":""},"geometry":{"type":"Polygon","coordinates":[[[-83.86875,48.42083],[-83.86875,48.425],[-83.8625,48.425],[-83.8625,48.42083],[-83.86875,48.42083]]]}},{"type":"Feature","properties":{"c":"731929","o":"","e":""},"geometry":{"type":"Polygon","coordinates":[[[-83.76875,48.46667],[-83.76875,48.47083],[-83.7625,48.47083],[-83.7625,48.46667],[-83.76875,48.46667]]]}},{"type":"Feature","properties":{"c":"731933","o":"","e":""},"geometry":{"type":"Polygon","coordinates":[[[-83.76875,48.47083],[-83.76875,48.475],[-83.7625,48.475],[-83.7625,48.47083],[-83.76875,48.47083]]]}},{"type":"Feature","properties":{"c":"731934","o":"","e":""},"geometry":{"type":"Polygon","coordinates":[[[-83.83125,48.475],[-83.83125,48.47917],[-83.825,48.47917],[-83.825,48.475],[-83.83125,48.475]]]}},{"type":"Feature","properties":{"c":"550874","o":"","e":""},"geometry":{"type":"Polygon","coordinates":[[[-83.875,48.4],[-83.875,48.40417],[-83.86875,48.40417],[-83.86875,48.4],[-83.875,48.4]]]}},{"type":"Feature","properties":{"c":"122681","o":"","e":""},"geometry":{"type":"Polygon","coordinates":[[[-84.0,48.4125],[-84.0,48.41667],[-83.99375,48.41667],[-83.99375,48.4125],[-84.0,48.4125]]]}},{"type":"Feature","properties":{"c":"127614","o":"","e":""},"geometry":{"type":"Polygon","coordinates":[[[-83.96875,48.34583],[-83.96875,48.35],[-83.9625,48.35],[-83.9625,48.34583],[-83.96875,48.34583]]]}},{"type":"Feature","properties":{"c":"1072326","o":"","e":""},"geometry":{"type":"Polygon","coordinates":[[[-83.825,48.225],[-83.825,48.22917],[-83.81875,48.22917],[-83.81875,48.225],[-83.825,48.225]]]}},{"type":"Feature","properties":{"c":"1072327","o":"","e":""},"geometry":{"type":"Polygon","coordinates":[[[-83.825,48.24167],[-83.825,48.24583],[-83.81875,48.24583],[-83.81875,48.24167],[-83.825,48.24167]]]}},{"type":"Feature","properties":{"c":"1072328","o":"","e":""},"geometry":{"type":"Polygon","coordinates":[[[-83.81875,48.22917],[-83.81875,48.23333],[-83.8125,48.23333],[-83.8125,48.22917],[-83.81875,48.22917]]]}},{"type":"Feature","properties":{"c":"129201","o":"","e":""},"geometry":{"type":"Polygon","coordinates":[[[-83.95,48.3375],[-83.95,48.34167],[-83.94375,48.34167],[-83.94375,48.3375],[-83.95,48.3375]]]}},{"type":"Feature","properties":{"c":"127787","o":"","e":""},"geometry":{"type":"Polygon","coordinates":[[[-83.89375,48.40417],[-83.89375,48.40833],[-83.8875,48.40833],[-83.8875,48.40417],[-83.89375,48.40417]]]}},{"type":"Feature","properties":{"c":"127788","o":"","e":""},"geometry":{"type":"Polygon","coordinates":[[[-83.89375,48.4],[-83.89375,48.40417],[-83.8875,48.40417],[-83.8875,48.4],[-83.89375,48.4]]]}},{"type":"Feature","properties":{"c":"129550","o":"","e":""},"geometry":{"type":"Polygon","coordinates":[[[-83.9875,48.35],[-83.9875,48.35417],[-83.98125,48.35417],[-83.98125,48.35],[-83.9875,48.35]]]}},{"type":"Feature","properties":{"c":"731935","o":"","e":""},"geometry":{"type":"Polygon","coordinates":[[[-83.825,48.475],[-83.825,48.47917],[-83.81875,48.47917],[-83.81875,48.475],[-83.825,48.475]]]}},{"type":"Feature","properties":{"c":"731936","o":"","e":""},"geometry":{"type":"Polygon","coordinates":[[[-83.81875,48.475],[-83.81875,48.47917],[-83.8125,48.47917],[-83.8125,48.475],[-83.81875,48.475]]]}},{"type":"Feature","properties":{"c":"731937","o":"","e":""},"geometry":{"type":"Polygon","coordinates":[[[-83.8125,48.475],[-83.8125,48.47917],[-83.80625,48.47917],[-83.80625,48.475],[-83.8125,48.475]]]}},{"type":"Feature","properties":{"c":"731938","o":"","e":""},"geometry":{"type":"Polygon","coordinates":[[[-83.80625,48.475],[-83.80625,48.47917],[-83.8,48.47917],[-83.8,48.475],[-83.80625,48.475]]]}},{"type":"Feature","properties":{"c":"731939","o":"","e":""},"geometry":{"type":"Polygon","coordinates":[[[-83.8,48.475],[-83.8,48.47917],[-83.79375,48.47917],[-83.79375,48.475],[-83.8,48.475]]]}},{"type":"Feature","properties":{"c":"731940","o":"","e":""},"geometry":{"type":"Polygon","coordinates":[[[-83.79375,48.475],[-83.79375,48.47917],[-83.7875,48.47917],[-83.7875,48.475],[-83.79375,48.475]]]}},{"type":"Feature","properties":{"c":"731941","o":"","e":""},"geometry":{"type":"Polygon","coordinates":[[[-83.7875,48.475],[-83.7875,48.47917],[-83.78125,48.47917],[-83.78125,48.475],[-83.7875,48.475]]]}},{"type":"Feature","properties":{"c":"731942","o":"","e":""},"geometry":{"type":"Polygon","coordinates":[[[-83.80625,48.47917],[-83.80625,48.48333],[-83.8,48.48333],[-83.8,48.47917],[-83.80625,48.47917]]]}},{"type":"Feature","properties":{"c":"731943","o":"","e":""},"geometry":{"type":"Polygon","coordinates":[[[-83.8,48.47917],[-83.8,48.48333],[-83.79375,48.48333],[-83.79375,48.47917],[-83.8,48.47917]]]}},{"type":"Feature","properties":{"c":"548607","o":"","e":""},"geometry":{"type":"Polygon","coordinates":[[[-83.95625,48.4],[-83.95625,48.40417],[-83.95,48.40417],[-83.94375,48.40417],[-83.94375,48.4],[-83.94375,48.39583],[-83.94375,48.39167],[-83.95,48.39167],[-83.95625,48.39167],[-83.95625,48.39583],[-83.95625,48.4]]]}},{"type":"Feature","properties":{"c":"548608","o":"","e":""},"geometry":{"type":"Polygon","coordinates":[[[-83.94375,48.4],[-83.94375,48.40417],[-83.9375,48.40417],[-83.93125,48.40417],[-83.93125,48.4],[-83.93125,48.39583],[-83.93125,48.39167],[-83.9375,48.39167],[-83.94375,48.39167],[-83.94375,48.39583],[-83.94375,48.4]]]}},{"type":"Feature","properties":{"c":"128145","o":"","e":""},"geometry":{"type":"Polygon","coordinates":[[[-83.7,48.48333],[-83.7,48.4875],[-83.69375,48.4875],[-83.69375,48.48333],[-83.7,48.48333]]]}},{"type":"Feature","properties":{"c":"128875","o":"","e":""},"geometry":{"type":"Polygon","coordinates":[[[-83.975,48.34167],[-83.975,48.34583],[-83.96875,48.34583],[-83.96875,48.34167],[-83.975,48.34167]]]}},{"type":"Feature","properties":{"c":"131819","o":"","e":""},"geometry":{"type":"Polygon","coordinates":[[[-83.93125,48.425],[-83.93125,48.42917],[-83.925,48.42917],[-83.925,48.425],[-83.93125,48.425]]]}},{"type":"Feature","properties":{"c":"548609","o":"","e":""},"geometry":{"type":"Polygon","coordinates":[[[-83.93125,48.4],[-83.93125,48.40417],[-83.925,48.40417],[-83.91875,48.40417],[-83.91875,48.4],[-83.91875,48.39583],[-83.91875,48.39167],[-83.925,48.39167],[-83.93125,48.39167],[-83.93125,48.39583],[-83.93125,48.4]]]}},{"type":"Feature","properties":{"c":"548610","o":"","e":""},"geometry":{"type":"Polygon","coordinates":[[[-83.94375,48.39167],[-83.9375,48.39167],[-83.93125,48.39167],[-83.925,48.39167],[-83.925,48.3875],[-83.925,48.38333],[-83.93125,48.38333],[-83.9375,48.38333],[-83.94375,48.38333],[-83.94375,48.3875],[-83.94375,48.39167]]]}},{"type":"Feature","properties":{"c":"548611","o":"","e":""},"geometry":{"type":"Polygon","coordinates":[[[-83.94375,48.38333],[-83.9375,48.38333],[-83.93125,48.38333],[-83.925,48.38333],[-83.925,48.37917],[-83.925,48.375],[-83.93125,48.375],[-83.9375,48.375],[-83.94375,48.375],[-83.94375,48.37917],[-83.94375,48.38333]]]}},{"type":"Feature","properties":{"c":"548612","o":"","e":""},"geometry":{"type":"Polygon","coordinates":[[[-83.95625,48.3875],[-83.95625,48.39167],[-83.95,48.39167],[-83.94375,48.39167],[-83.94375,48.3875],[-83.94375,48.38333],[-83.94375,48.37917],[-83.95,48.37917],[-83.95625,48.37917],[-83.95625,48.38333],[-83.95625,48.3875]]]}},{"type":"Feature","properties":{"c":"129077","o":"","e":""},"geometry":{"type":"Polygon","coordinates":[[[-83.91875,48.3375],[-83.91875,48.34167],[-83.9125,48.34167],[-83.9125,48.3375],[-83.91875,48.3375]]]}},{"type":"Feature","properties":{"c":"129079","o":"","e":""},"geometry":{"type":"Polygon","coordinates":[[[-83.86875,48.3625],[-83.86875,48.36667],[-83.8625,48.36667],[-83.8625,48.3625],[-83.86875,48.3625]]]}},{"type":"Feature","properties":{"c":"129080","o":"","e":""},"geometry":{"type":"Polygon","coordinates":[[[-83.86875,48.35833],[-83.86875,48.3625],[-83.8625,48.3625],[-83.8625,48.35833],[-83.86875,48.35833]]]}},{"type":"Feature","properties":{"c":"552669","o":"","e":""},"geometry":{"type":"Polygon","coordinates":[[[-83.85625,48.39167],[-83.85,48.39167],[-83.84375,48.39167],[-83.84375,48.3875],[-83.8375,48.3875],[-83.8375,48.38333],[-83.84375,48.38333],[-83.85,48.38333],[-83.85625,48.38333],[-83.85625,48.3875],[-83.85625,48.39167]]]}},{"type":"Feature","properties":{"c":"552670","o":"","e":""},"geometry":{"type":"Polygon","coordinates":[[[-83.8375,48.38333],[-83.8375,48.3875],[-83.83125,48.3875],[-83.825,48.3875],[-83.825,48.38333],[-83.825,48.37917],[-83.825,48.375],[-83.83125,48.375],[-83.8375,48.375],[-83.8375,48.37917],[-83.8375,48.38333]]]}},{"type":"Feature","properties":{"c":"552671","o":"","e":""},"geometry":{"type":"Polygon","coordinates":[[[-83.84375,48.36667],[-83.84375,48.37083],[-83.8375,48.37083],[-83.8375,48.375],[-83.83125,48.375],[-83.825,48.375],[-83.825,48.37083],[-83.825,48.36667],[-83.83125,48.36667],[-83.8375,48.36667],[-83.84375,48.36667]]]}},{"type":"Feature","properties":{"c":"129718","o":"","e":""},"geometry":{"type":"Polygon","coordinates":[[[-83.88125,48.3875],[-83.88125,48.39167],[-83.875,48.39167],[-83.875,48.3875],[-83.88125,48.3875]]]}},{"type":"Feature","properties":{"c":"129719","o":"","e":""},"geometry":{"type":"Polygon","coordinates":[[[-83.88125,48.38333],[-83.88125,48.3875],[-83.875,48.3875],[-83.875,48.38333],[-83.88125,48.38333]]]}},{"type":"Feature","properties":{"c":"1072233","o":"","e":""},"geometry":{"type":"Polygon","coordinates":[[[-83.79375,48.2375],[-83.79375,48.24167],[-83.7875,48.24167],[-83.7875,48.2375],[-83.79375,48.2375]]]}},{"type":"Feature","properties":{"c":"1072234","o":"","e":""},"geometry":{"type":"Polygon","coordinates":[[[-83.8125,48.24583],[-83.8125,48.25],[-83.80625,48.25],[-83.80625,48.24583],[-83.8125,48.24583]]]}},{"type":"Feature","properties":{"c":"133557","o":"","e":""},"geometry":{"type":"Polygon","coordinates":[[[-83.96875,48.42083],[-83.96875,48.425],[-83.9625,48.425],[-83.9625,48.42083],[-83.96875,48.42083]]]}},{"type":"Feature","properties":{"c":"131916","o":"","e":""},"geometry":{"type":"Polygon","coordinates":[[[-83.93125,48.35833],[-83.93125,48.3625],[-83.925,48.3625],[-83.925,48.35833],[-83.93125,48.35833]]]}},{"type":"Feature","properties":{"c":"131917","o":"","e":""},"geometry":{"type":"Polygon","coordinates":[[[-83.93125,48.35417],[-83.93125,48.35833],[-83.925,48.35833],[-83.925,48.35417],[-83.93125,48.35417]]]}},{"type":"Feature","properties":{"c":"131919","o":"","e":""},"geometry":{"type":"Polygon","coordinates":[[[-83.9875,48.35833],[-83.9875,48.3625],[-83.98125,48.3625],[-83.98125,48.35833],[-83.9875,48.35833]]]}},{"type":"Feature","properties":{"c":"136721","o":"","e":""},"geometry":{"type":"Polygon","coordinates":[[[-83.86875,48.43333],[-83.86875,48.4375],[-83.8625,48.4375],[-83.8625,48.43333],[-83.86875,48.43333]]]}},{"type":"Feature","properties":{"c":"132583","o":"","e":""},"geometry":{"type":"Polygon","coordinates":[[[-83.9375,48.34583],[-83.9375,48.35],[-83.93125,48.35],[-83.93125,48.34583],[-83.9375,48.34583]]]}},{"type":"Feature","properties":{"c":"132600","o":"","e":""},"geometry":{"type":"Polygon","coordinates":[[[-83.96875,48.35417],[-83.96875,48.35833],[-83.9625,48.35833],[-83.9625,48.35417],[-83.96875,48.35417]]]}},{"type":"Feature","properties":{"c":"136088","o":"","e":""},"geometry":{"type":"Polygon","coordinates":[[[-83.91875,48.3875],[-83.91875,48.39167],[-83.9125,48.39167],[-83.9125,48.3875],[-83.91875,48.3875]]]}},{"type":"Feature","properties":{"c":"136089","o":"","e":""},"geometry":{"type":"Polygon","coordinates":[[[-83.9125,48.41667],[-83.9125,48.42083],[-83.90625,48.42083],[-83.90625,48.41667],[-83.9125,48.41667]]]}},{"type":"Feature","properties":{"c":"136673","o":"","e":""},"geometry":{"type":"Polygon","coordinates":[[[-83.93125,48.37083],[-83.93125,48.375],[-83.925,48.375],[-83.925,48.37083],[-83.93125,48.37083]]]}},{"type":"Feature","properties":{"c":"137739","o":"","e":""},"geometry":{"type":"Polygon","coordinates":[[[-83.9375,48.40833],[-83.9375,48.4125],[-83.93125,48.4125],[-83.93125,48.40833],[-83.9375,48.40833]]]}},{"type":"Feature","properties":{"c":"142724","o":"","e":""},"geometry":{"type":"Polygon","coordinates":[[[-83.9625,48.375],[-83.9625,48.37917],[-83.95625,48.37917],[-83.95625,48.375],[-83.9625,48.375]]]}},{"type":"Feature","properties":{"c":"892697","o":"","e":""},"geometry":{"type":"Polygon","coordinates":[[[-83.8375,48.35],[-83.8375,48.35417],[-83.83125,48.35417],[-83.83125,48.35],[-83.8375,48.35]]]}},{"type":"Feature","properties":{"c":"145645","o":"","e":""},"geometry":{"type":"Polygon","coordinates":[[[-83.69375,48.48333],[-83.69375,48.4875],[-83.6875,48.4875],[-83.6875,48.48333],[-83.69375,48.48333]]]}},{"type":"Feature","properties":{"c":"143459","o":"","e":""},"geometry":{"type":"Polygon","coordinates":[[[-84.0,48.35833],[-84.0,48.3625],[-83.99375,48.3625],[-83.99375,48.35833],[-84.0,48.35833]]]}},{"type":"Feature","properties":{"c":"731930","o":"","e":""},"geometry":{"type":"Polygon","coordinates":[[[-83.7875,48.47083],[-83.7875,48.475],[-83.78125,48.475],[-83.78125,48.47083],[-83.7875,48.47083]]]}},{"type":"Feature","properties":{"c":"731931","o":"","e":""},"geometry":{"type":"Polygon","coordinates":[[[-83.78125,48.47083],[-83.78125,48.475],[-83.775,48.475],[-83.775,48.47083],[-83.78125,48.47083]]]}},{"type":"Feature","properties":{"c":"148007","o":"","e":""},"geometry":{"type":"Polygon","coordinates":[[[-83.9625,48.36667],[-83.9625,48.37083],[-83.95625,48.37083],[-83.95625,48.36667],[-83.9625,48.36667]]]}},{"type":"Feature","properties":{"c":"551215","o":"","e":""},"geometry":{"type":"Polygon","coordinates":[[[-83.9,48.43333],[-83.9,48.4375],[-83.89375,48.4375],[-83.89375,48.44167],[-83.8875,48.44167],[-83.88125,48.44167],[-83.875,48.44167],[-83.86875,48.44167],[-83.86875,48.4375],[-83.875,48.4375],[-83.88125,48.4375],[-83.8875,48.4375],[-83.8875,48.43333],[-83.89375,48.43333],[-83.9,48.43333]]]}},{"type":"Feature","properties":{"c":"147922","o":"","e":""},"geometry":{"type":"Polygon","coordinates":[[[-84.0,48.36667],[-84.0,48.37083],[-83.99375,48.37083],[-83.99375,48.36667],[-84.0,48.36667]]]}},{"type":"Feature","properties":{"c":"144051","o":"","e":""},"geometry":{"type":"Polygon","coordinates":[[[-83.85625,48.37083],[-83.85625,48.375],[-83.85,48.375],[-83.85,48.37083],[-83.85625,48.37083]]]}},{"type":"Feature","properties":{"c":"150134","o":"","e":""},"geometry":{"type":"Polygon","coordinates":[[[-83.99375,48.41667],[-83.99375,48.42083],[-83.9875,48.42083],[-83.9875,48.41667],[-83.99375,48.41667]]]}},{"type":"Feature","properties":{"c":"150135","o":"","e":""},"geometry":{"type":"Polygon","coordinates":[[[-84.0,48.40417],[-84.0,48.40833],[-83.99375,48.40833],[-83.99375,48.40417],[-84.0,48.40417]]]}},{"type":"Feature","properties":{"c":"148411","o":"","e":""},"geometry":{"type":"Polygon","coordinates":[[[-83.9375,48.425],[-83.9375,48.42917],[-83.93125,48.42917],[-83.93125,48.425],[-83.9375,48.425]]]}},{"type":"Feature","properties":{"c":"149899","o":"","e":""},"geometry":{"type":"Polygon","coordinates":[[[-83.95,48.34583],[-83.95,48.35],[-83.94375,48.35],[-83.94375,48.34583],[-83.95,48.34583]]]}},{"type":"Feature","properties":{"c":"149900","o":"","e":""},"geometry":{"type":"Polygon","coordinates":[[[-83.9375,48.34167],[-83.9375,48.34583],[-83.93125,48.34583],[-83.93125,48.34167],[-83.9375,48.34167]]]}},{"type":"Feature","properties":{"c":"552661","o":"","e":""},"geometry":{"type":"Polygon","coordinates":[[[-83.8375,48.425],[-83.83125,48.425],[-83.825,48.425],[-83.825,48.42083],[-83.825,48.41667],[-83.83125,48.41667],[-83.8375,48.41667],[-83.8375,48.42083],[-83.8375,48.425]]]}},{"type":"Feature","properties":{"c":"149489","o":"","e":""},"geometry":{"type":"Polygon","coordinates":[[[-83.9625,48.425],[-83.9625,48.42917],[-83.95625,48.42917],[-83.95625,48.425],[-83.9625,48.425]]]}},{"type":"Feature","properties":{"c":"149518","o":"","e":""},"geometry":{"type":"Polygon","coordinates":[[[-83.96875,48.4125],[-83.96875,48.41667],[-83.9625,48.41667],[-83.9625,48.4125],[-83.96875,48.4125]]]}},{"type":"Feature","properties":{"c":"149381","o":"","e":""},"geometry":{"type":"Polygon","coordinates":[[[-83.95,48.425],[-83.95,48.42917],[-83.94375,48.42917],[-83.94375,48.425],[-83.95,48.425]]]}},{"type":"Feature","properties":{"c":"151464","o":"","e":""},"geometry":{"type":"Polygon","coordinates":[[[-83.9375,48.35833],[-83.9375,48.3625],[-83.93125,48.3625],[-83.93125,48.35833],[-83.9375,48.35833]]]}},{"type":"Feature","properties":{"c":"151480","o":"","e":""},"geometry":{"type":"Polygon","coordinates":[[[-83.975,48.35417],[-83.975,48.35833],[-83.96875,48.35833],[-83.96875,48.35417],[-83.975,48.35417]]]}},{"type":"Feature","properties":{"c":"152511","o":"","e":""},"geometry":{"type":"Polygon","coordinates":[[[-83.925,48.37083],[-83.925,48.375],[-83.91875,48.375],[-83.91875,48.37083],[-83.925,48.37083]]]}},{"type":"Feature","properties":{"c":"152512","o":"","e":""},"geometry":{"type":"Polygon","coordinates":[[[-83.925,48.41667],[-83.925,48.42083],[-83.91875,48.42083],[-83.91875,48.41667],[-83.925,48.41667]]]}},{"type":"Feature","properties":{"c":"152513","o":"","e":""},"geometry":{"type":"Polygon","coordinates":[[[-83.925,48.4125],[-83.925,48.41667],[-83.91875,48.41667],[-83.91875,48.4125],[-83.925,48.4125]]]}},{"type":"Feature","properties":{"c":"148675","o":"","e":""},"geometry":{"type":"Polygon","coordinates":[[[-83.95,48.35417],[-83.95,48.35833],[-83.94375,48.35833],[-83.94375,48.35417],[-83.95,48.35417]]]}},{"type":"Feature","properties":{"c":"153240","o":"","e":""},"geometry":{"type":"Polygon","coordinates":[[[-83.8875,48.37917],[-83.8875,48.38333],[-83.88125,48.38333],[-83.88125,48.37917],[-83.8875,48.37917]]]}},{"type":"Feature","properties":{"c":"153168","o":"","e":""},"geometry":{"type":"Polygon","coordinates":[[[-83.86875,48.425],[-83.86875,48.42917],[-83.8625,48.42917],[-83.8625,48.425],[-83.86875,48.425]]]}},{"type":"Feature","properties":{"c":"155500","o":"","e":""},"geometry":{"type":"Polygon","coordinates":[[[-83.9625,48.38333],[-83.9625,48.3875],[-83.95625,48.3875],[-83.95625,48.38333],[-83.9625,48.38333]]]}},{"type":"Feature","properties":{"c":"155501","o":"","e":""},"geometry":{"type":"Polygon","coordinates":[[[-83.95625,48.37083],[-83.95625,48.375],[-83.95,48.375],[-83.95,48.37083],[-83.95625,48.37083]]]}},{"type":"Feature","properties":{"c":"157512","o":"","e":""},"geometry":{"type":"Polygon","coordinates":[[[-83.88125,48.4125],[-83.88125,48.41667],[-83.875,48.41667],[-83.875,48.4125],[-83.88125,48.4125]]]}},{"type":"Feature","properties":{"c":"155393","o":"","e":""},"geometry":{"type":"Polygon","coordinates":[[[-83.9875,48.41667],[-83.9875,48.42083],[-83.98125,48.42083],[-83.98125,48.41667],[-83.9875,48.41667]]]}},{"type":"Feature","properties":{"c":"155394","o":"","e":""},"geometry":{"type":"Polygon","coordinates":[[[-83.9875,48.4125],[-83.9875,48.41667],[-83.98125,48.41667],[-83.98125,48.4125],[-83.9875,48.4125]]]}},{"type":"Feature","properties":{"c":"157013","o":"","e":""},"geometry":{"type":"Polygon","coordinates":[[[-83.86875,48.36667],[-83.86875,48.37083],[-83.8625,48.37083],[-83.8625,48.36667],[-83.86875,48.36667]]]}},{"type":"Feature","properties":{"c":"155745","o":"","e":""},"geometry":{"type":"Polygon","coordinates":[[[-83.9,48.40417],[-83.9,48.40833],[-83.89375,48.40833],[-83.89375,48.40417],[-83.9,48.40417]]]}},{"type":"Feature","properties":{"c":"156899","o":"","e":""},"geometry":{"type":"Polygon","coordinates":[[[-83.95,48.3375],[-83.95,48.34167],[-83.94375,48.34167],[-83.94375,48.3375],[-83.95,48.3375]]]}},{"type":"Feature","properties":{"c":"158814","o":"","e":""},"geometry":{"type":"Polygon","coordinates":[[[-83.99375,48.34583],[-83.99375,48.35],[-83.9875,48.35],[-83.9875,48.34583],[-83.99375,48.34583]]]}},{"type":"Feature","properties":{"c":"552660","o":"","e":""},"geometry":{"type":"Polygon","coordinates":[[[-83.85,48.425],[-83.84375,48.425],[-83.8375,48.425],[-83.8375,48.42083],[-83.8375,48.41667],[-83.84375,48.41667],[-83.85,48.41667],[-83.85,48.42083],[-83.85,48.425]]]}},{"type":"Feature","properties":{"c":"552672","o":"","e":""},"geometry":{"type":"Polygon","coordinates":[[[-83.8375,48.34583],[-83.8375,48.35],[-83.83125,48.35],[-83.83125,48.35417],[-83.83125,48.35833],[-83.83125,48.3625],[-83.83125,48.36667],[-83.825,48.36667],[-83.825,48.3625],[-83.825,48.35833],[-83.825,48.35417],[-83.825,48.35],[-83.825,48.34583],[-83.83125,48.34583],[-83.8375,48.34583]]]}},{"type":"Feature","properties":{"c":"552673","o":"","e":""},"geometry":{"type":"Polygon","coordinates":[[[-83.85625,48.35417],[-83.85625,48.35833],[-83.85,48.35833],[-83.85,48.35417],[-83.84375,48.35417],[-83.84375,48.35],[-83.8375,48.35],[-83.8375,48.34583],[-83.84375,48.34583],[-83.85,48.34583],[-83.85625,48.34583],[-83.85625,48.35],[-83.85625,48.35417]]]}},{"type":"Feature","properties":{"c":"552674","o":"","e":""},"geometry":{"type":"Polygon","coordinates":[[[-83.85625,48.34167],[-83.85625,48.34583],[-83.85,48.34583],[-83.84375,48.34583],[-83.84375,48.34167],[-83.84375,48.3375],[-83.84375,48.33333],[-83.85,48.33333],[-83.85625,48.33333],[-83.85625,48.3375],[-83.85625,48.34167]]]}},{"type":"Feature","properties":{"c":"552675","o":"","e":""},"geometry":{"type":"Polygon","coordinates":[[[-83.84375,48.34167],[-83.84375,48.34583],[-83.8375,48.34583],[-83.83125,48.34583],[-83.83125,48.34167],[-83.83125,48.3375],[-83.8375,48.3375],[-83.8375,48.33333],[-83.84375,48.33333],[-83.84375,48.3375],[-83.84375,48.34167]]]}},{"type":"Feature","properties":{"c":"159625","o":"","e":""},"geometry":{"type":"Polygon","coordinates":[[[-83.86875,48.35417],[-83.86875,48.35833],[-83.8625,48.35833],[-83.8625,48.35417],[-83.86875,48.35417]]]}},{"type":"Feature","properties":{"c":"158143","o":"","e":""},"geometry":{"type":"Polygon","coordinates":[[[-83.975,48.35417],[-83.975,48.35833],[-83.96875,48.35833],[-83.96875,48.35417],[-83.975,48.35417]]]}},{"type":"Feature","properties":{"c":"158144","o":"","e":""},"geometry":{"type":"Polygon","coordinates":[[[-83.975,48.3375],[-83.975,48.34167],[-83.96875,48.34167],[-83.96875,48.3375],[-83.975,48.3375]]]}},{"type":"Feature","properties":{"c":"157638","o":"","e":""},"geometry":{"type":"Polygon","coordinates":[[[-83.9375,48.3375],[-83.9375,48.34167],[-83.93125,48.34167],[-83.93125,48.3375],[-83.9375,48.3375]]]}},{"type":"Feature","properties":{"c":"158082","o":"","e":""},"geometry":{"type":"Polygon","coordinates":[[[-84.0,48.42917],[-84.0,48.43333],[-83.99375,48.43333],[-83.99375,48.42917],[-84.0,48.42917]]]}},{"type":"Feature","properties":{"c":"162123","o":"","e":""},"geometry":{"type":"Polygon","coordinates":[[[-83.99375,48.37083],[-83.99375,48.375],[-83.9875,48.375],[-83.9875,48.37083],[-83.99375,48.37083]]]}},{"type":"Feature","properties":{"c":"162183","o":"","e":""},"geometry":{"type":"Polygon","coordinates":[[[-83.85,48.37083],[-83.85,48.375],[-83.84375,48.375],[-83.84375,48.37083],[-83.85,48.37083]]]}},{"type":"Feature","properties":{"c":"163747","o":"","e":""},"geometry":{"type":"Polygon","coordinates":[[[-83.8875,48.3875],[-83.8875,48.39167],[-83.88125,48.39167],[-83.88125,48.3875],[-83.8875,48.3875]]]}},{"type":"Feature","properties":{"c":"162910","o":"","e":""},"geometry":{"type":"Polygon","coordinates":[[[-83.9625,48.33333],[-83.9625,48.3375],[-83.95625,48.3375],[-83.95625,48.33333],[-83.9625,48.33333]]]}},{"type":"Feature","properties":{"c":"162330","o":"","e":""},"geometry":{"type":"Polygon","coordinates":[[[-83.8875,48.40417],[-83.8875,48.40833],[-83.88125,48.40833],[-83.88125,48.40417],[-83.8875,48.40417]]]}},{"type":"Feature","properties":{"c":"162331","o":"","e":""},"geometry":{"type":"Polygon","coordinates":[[[-83.8875,48.4],[-83.8875,48.40417],[-83.88125,48.40417],[-83.88125,48.4],[-83.8875,48.4]]]}},{"type":"Feature","properties":{"c":"162332","o":"","e":""},"geometry":{"type":"Polygon","coordinates":[[[-83.89375,48.39583],[-83.89375,48.4],[-83.8875,48.4],[-83.8875,48.39583],[-83.89375,48.39583]]]}},{"type":"Feature","properties":{"c":"162333","o":"","e":""},"geometry":{"type":"Polygon","coordinates":[[[-83.9,48.39583],[-83.9,48.4],[-83.89375,48.4],[-83.89375,48.39583],[-83.9,48.39583]]]}},{"type":"Feature","properties":{"c":"163514","o":"","e":""},"geometry":{"type":"Polygon","coordinates":[[[-83.875,48.41667],[-83.875,48.42083],[-83.86875,48.42083],[-83.86875,48.41667],[-83.875,48.41667]]]}},{"type":"Feature","properties":{"c":"163515","o":"","e":""},"geometry":{"type":"Polygon","coordinates":[[[-83.88125,48.41667],[-83.88125,48.42083],[-83.875,48.42083],[-83.875,48.41667],[-83.88125,48.41667]]]}},{"type":"Feature","properties":{"c":"163516","o":"","e":""},"geometry":{"type":"Polygon","coordinates":[[[-83.8875,48.4125],[-83.8875,48.41667],[-83.88125,48.41667],[-83.88125,48.4125],[-83.8875,48.4125]]]}},{"type":"Feature","properties":{"c":"164999","o":"","e":""},"geometry":{"type":"Polygon","coordinates":[[[-83.9375,48.34167],[-83.9375,48.34583],[-83.93125,48.34583],[-83.93125,48.34167],[-83.9375,48.34167]]]}},{"type":"Feature","properties":{"c":"1067286","o":"","e":""},"geometry":{"type":"Polygon","coordinates":[[[-83.99375,48.2125],[-83.99375,48.21667],[-83.9875,48.21667],[-83.9875,48.2125],[-83.99375,48.2125]]]}},{"type":"Feature","properties":{"c":"165766","o":"","e":""},"geometry":{"type":"Polygon","coordinates":[[[-83.9,48.35833],[-83.9,48.3625],[-83.89375,48.3625],[-83.89375,48.35833],[-83.9,48.35833]]]}},{"type":"Feature","properties":{"c":"165767","o":"","e":""},"geometry":{"type":"Polygon","coordinates":[[[-83.91875,48.35],[-83.91875,48.35417],[-83.9125,48.35417],[-83.9125,48.35],[-83.91875,48.35]]]}},{"type":"Feature","properties":{"c":"166198","o":"","e":""},"geometry":{"type":"Polygon","coordinates":[[[-83.95,48.35833],[-83.95,48.3625],[-83.94375,48.3625],[-83.94375,48.35833],[-83.95,48.35833]]]}},{"type":"Feature","properties":{"c":"163092","o":"","e":""},"geometry":{"type":"Polygon","coordinates":[[[-83.875,48.35833],[-83.875,48.3625],[-83.86875,48.3625],[-83.86875,48.35833],[-83.875,48.35833]]]}},{"type":"Feature","properties":{"c":"163093","o":"","e":""},"geometry":{"type":"Polygon","coordinates":[[[-83.88125,48.35833],[-83.88125,48.3625],[-83.875,48.3625],[-83.875,48.35833],[-83.88125,48.35833]]]}},{"type":"Feature","properties":{"c":"169118","o":"","e":""},"geometry":{"type":"Polygon","coordinates":[[[-83.925,48.3625],[-83.925,48.36667],[-83.91875,48.36667],[-83.91875,48.3625],[-83.925,48.3625]]]}},{"type":"Feature","properties":{"c":"167369","o":"","e":""},"geometry":{"type":"Polygon","coordinates":[[[-83.9375,48.3625],[-83.9375,48.36667],[-83.93125,48.36667],[-83.93125,48.3625],[-83.9375,48.3625]]]}},{"type":"Feature","properties":{"c":"167371","o":"","e":""},"geometry":{"type":"Polygon","coordinates":[[[-83.9625,48.3625],[-83.9625,48.36667],[-83.95625,48.36667],[-83.95625,48.3625],[-83.9625,48.3625]]]}},{"type":"Feature","properties":{"c":"166545","o":"","e":""},"geometry":{"type":"Polygon","coordinates":[[[-83.9625,48.42083],[-83.9625,48.425],[-83.95625,48.425],[-83.95625,48.42083],[-83.9625,48.42083]]]}},{"type":"Feature","properties":{"c":"552652","o":"","e":""},"geometry":{"type":"Polygon","coordinates":[[[-83.86875,48.44583],[-83.875,48.44583],[-83.875,48.45],[-83.86875,48.45],[-83.8625,48.45],[-83.8625,48.44583],[-83.8625,48.44167],[-83.8625,48.4375],[-83.86875,48.4375],[-83.86875,48.44167],[-83.86875,48.44583]]]}},{"type":"Feature","properties":{"c":"168733","o":"","e":""},"geometry":{"type":"Polygon","coordinates":[[[-83.95,48.41667],[-83.95,48.42083],[-83.94375,48.42083],[-83.94375,48.41667],[-83.95,48.41667]]]}},{"type":"Feature","properties":{"c":"168734","o":"","e":""},"geometry":{"type":"Polygon","coordinates":[[[-83.95625,48.41667],[-83.95625,48.42083],[-83.95,48.42083],[-83.95,48.41667],[-83.95625,48.41667]]]}},{"type":"Feature","properties":{"c":"548951","o":"","e":""},"geometry":{"type":"Polygon","coordinates":[[[-83.91875,48.4],[-83.91875,48.40417],[-83.9125,48.40417],[-83.90625,48.40417],[-83.90625,48.4],[-83.90625,48.39583],[-83.90625,48.39167],[-83.9125,48.39167],[-83.91875,48.39167],[-83.91875,48.39583],[-83.91875,48.4]]]}},{"type":"Feature","properties":{"c":"170443","o":"","e":""},"geometry":{"type":"Polygon","coordinates":[[[-83.9125,48.36667],[-83.9125,48.37083],[-83.90625,48.37083],[-83.90625,48.36667],[-83.9125,48.36667]]]}},{"type":"Feature","properties":{"c":"170050","o":"","e":""},"geometry":{"type":"Polygon","coordinates":[[[-83.9875,48.40833],[-83.9875,48.4125],[-83.98125,48.4125],[-83.98125,48.40833],[-83.9875,48.40833]]]}},{"type":"Feature","properties":{"c":"172075","o":"","e":""},"geometry":{"type":"Polygon","coordinates":[[[-83.95,48.375],[-83.95,48.37917],[-83.94375,48.37917],[-83.94375,48.375],[-83.95,48.375]]]}},{"type":"Feature","properties":{"c":"172076","o":"","e":""},"geometry":{"type":"Polygon","coordinates":[[[-83.95625,48.375],[-83.95625,48.37917],[-83.95,48.37917],[-83.95,48.375],[-83.95625,48.375]]]}},{"type":"Feature","properties":{"c":"910180","o":"","e":""},"geometry":{"type":"Polygon","coordinates":[[[-83.9375,48.47917],[-83.9375,48.48333],[-83.93125,48.48333],[-83.93125,48.47917],[-83.9375,48.47917]]]}},{"type":"Feature","properties":{"c":"552659","o":"","e":""},"geometry":{"type":"Polygon","coordinates":[[[-83.8625,48.42083],[-83.8625,48.425],[-83.85625,48.425],[-83.85,48.425],[-83.85,48.42083],[-83.85,48.41667],[-83.85,48.4125],[-83.85625,48.4125],[-83.8625,48.4125],[-83.8625,48.41667],[-83.8625,48.42083]]]}},{"type":"Feature","properties":{"c":"552655","o":"","e":""},"geometry":{"type":"Polygon","coordinates":[[[-83.8375,48.44583],[-83.8375,48.45],[-83.83125,48.45],[-83.825,48.45],[-83.825,48.44583],[-83.825,48.44167],[-83.825,48.4375],[-83.83125,48.4375],[-83.8375,48.4375],[-83.8375,48.44167],[-83.8375,48.44583]]]}},{"type":"Feature","properties":{"c":"552656","o":"","e":""},"geometry":{"type":"Polygon","coordinates":[[[-83.8625,48.43333],[-83.8625,48.4375],[-83.85625,48.4375],[-83.85,48.4375],[-83.85,48.43333],[-83.85,48.42917],[-83.85,48.425],[-83.85625,48.425],[-83.8625,48.425],[-83.8625,48.42917],[-83.8625,48.43333]]]}},{"type":"Feature","properties":{"c":"552662","o":"","e":""},"geometry":{"type":"Polygon","coordinates":[[[-83.8625,48.40833],[-83.8625,48.4125],[-83.85625,48.4125],[-83.85,48.4125],[-83.85,48.40833],[-83.85625,48.40833],[-83.8625,48.40833]]]}},{"type":"Feature","properties":{"c":"552663","o":"","e":""},"geometry":{"type":"Polygon","coordinates":[[[-83.85,48.4125],[-83.85,48.41667],[-83.84375,48.41667],[-83.8375,48.41667],[-83.8375,48.4125],[-83.8375,48.40833],[-83.8375,48.40417],[-83.84375,48.40417],[-83.85,48.40417],[-83.85,48.40833],[-83.85,48.4125]]]}},{"type":"Feature","properties":{"c":"552664","o":"","e":""},"geometry":{"type":"Polygon","coordinates":[[[-83.8375,48.4125],[-83.8375,48.41667],[-83.83125,48.41667],[-83.825,48.41667],[-83.825,48.4125],[-83.825,48.40833],[-83.825,48.40417],[-83.83125,48.40417],[-83.8375,48.40417],[-83.8375,48.40833],[-83.8375,48.4125]]]}},{"type":"Feature","properties":{"c":"552665","o":"","e":""},"geometry":{"type":"Polygon","coordinates":[[[-83.84375,48.40417],[-83.8375,48.40417],[-83.83125,48.40417],[-83.825,48.40417],[-83.825,48.4],[-83.825,48.39583],[-83.83125,48.39583],[-83.8375,48.39583],[-83.84375,48.39583],[-83.84375,48.4],[-83.84375,48.40417]]]}},{"type":"Feature","properties":{"c":"941482","o":"","e":""},"geometry":{"type":"Polygon","coordinates":[[[-83.825,48.3875],[-83.825,48.39167],[-83.81875,48.39167],[-83.81875,48.3875],[-83.825,48.3875]]]}},{"type":"Feature","properties":{"c":"941481","o":"","e":""},"geometry":{"type":"Polygon","coordinates":[[[-83.825,48.39167],[-83.825,48.39583],[-83.81875,48.39583],[-83.81875,48.39167],[-83.825,48.39167]]]}},{"type":"Feature","properties":{"c":"941483","o":"","e":""},"geometry":{"type":"Polygon","coordinates":[[[-83.825,48.39583],[-83.825,48.4],[-83.81875,48.4],[-83.81875,48.39583],[-83.825,48.39583]]]}},{"type":"Feature","properties":{"c":"941484","o":"","e":""},"geometry":{"type":"Polygon","coordinates":[[[-83.825,48.38333],[-83.825,48.3875],[-83.81875,48.3875],[-83.81875,48.38333],[-83.825,48.38333]]]}},{"type":"Feature","properties":{"c":"929177","o":"","e":""},"geometry":{"type":"Polygon","coordinates":[[[-83.65,48.48333],[-83.65,48.4875],[-83.64375,48.4875],[-83.64375,48.48333],[-83.65,48.48333]]]}},{"type":"Feature","properties":{"c":"929180","o":"","e":""},"geometry":{"type":"Polygon","coordinates":[[[-83.64375,48.47083],[-83.64375,48.475],[-83.6375,48.475],[-83.6375,48.47083],[-83.64375,48.47083]]]}},{"type":"Feature","properties":{"c":"929181","o":"","e":""},"geometry":{"type":"Polygon","coordinates":[[[-83.64375,48.48333],[-83.64375,48.4875],[-83.6375,48.4875],[-83.6375,48.48333],[-83.64375,48.48333]]]}},{"type":"Feature","properties":{"c":"929185","o":"","e":""},"geometry":{"type":"Polygon","coordinates":[[[-83.65625,48.47917],[-83.65625,48.48333],[-83.65,48.48333],[-83.65,48.47917],[-83.65625,48.47917]]]}},{"type":"Feature","properties":{"c":"929187","o":"","e":""},"geometry":{"type":"Polygon","coordinates":[[[-83.64375,48.47917],[-83.64375,48.48333],[-83.6375,48.48333],[-83.6375,48.47917],[-83.64375,48.47917]]]}},{"type":"Feature","properties":{"c":"176472","o":"","e":""},"geometry":{"type":"Polygon","coordinates":[[[-83.91875,48.34167],[-83.91875,48.34583],[-83.9125,48.34583],[-83.9125,48.34167],[-83.91875,48.34167]]]}},{"type":"Feature","properties":{"c":"176473","o":"","e":""},"geometry":{"type":"Polygon","coordinates":[[[-83.91875,48.33333],[-83.91875,48.3375],[-83.9125,48.3375],[-83.9125,48.33333],[-83.91875,48.33333]]]}},{"type":"Feature","properties":{"c":"177646","o":"","e":""},"geometry":{"type":"Polygon","coordinates":[[[-84.0,48.34167],[-84.0,48.34583],[-83.99375,48.34583],[-83.99375,48.34167],[-84.0,48.34167]]]}},{"type":"Feature","properties":{"c":"179018","o":"","e":""},"geometry":{"type":"Polygon","coordinates":[[[-83.95625,48.35],[-83.95625,48.35417],[-83.95,48.35417],[-83.95,48.35],[-83.95625,48.35]]]}},{"type":"Feature","properties":{"c":"179293","o":"","e":""},"geometry":{"type":"Polygon","coordinates":[[[-83.975,48.40833],[-83.975,48.4125],[-83.96875,48.4125],[-83.96875,48.40833],[-83.975,48.40833]]]}},{"type":"Feature","properties":{"c":"179236","o":"","e":""},"geometry":{"type":"Polygon","coordinates":[[[-83.89375,48.40833],[-83.89375,48.4125],[-83.8875,48.4125],[-83.8875,48.40833],[-83.89375,48.40833]]]}},{"type":"Feature","properties":{"c":"552657","o":"","e":""},"geometry":{"type":"Polygon","coordinates":[[[-83.85,48.43333],[-83.85,48.4375],[-83.84375,48.4375],[-83.8375,48.4375],[-83.8375,48.43333],[-83.8375,48.42917],[-83.8375,48.425],[-83.84375,48.425],[-83.85,48.425],[-83.85,48.42917],[-83.85,48.43333]]]}},{"type":"Feature","properties":{"c":"552658","o":"","e":""},"geometry":{"type":"Polygon","coordinates":[[[-83.8375,48.43333],[-83.8375,48.4375],[-83.83125,48.4375],[-83.825,48.4375],[-83.825,48.43333],[-83.825,48.42917],[-83.825,48.425],[-83.83125,48.425],[-83.8375,48.425],[-83.8375,48.42917],[-83.8375,48.43333]]]}},{"type":"Feature","properties":{"c":"552667","o":"","e":""},"geometry":{"type":"Polygon","coordinates":[[[-83.86875,48.39167],[-83.86875,48.39583],[-83.86875,48.4],[-83.8625,48.4],[-83.8625,48.39583],[-83.8625,48.39167],[-83.8625,48.3875],[-83.8625,48.38333],[-83.86875,48.38333],[-83.86875,48.3875],[-83.86875,48.39167]]]}},{"type":"Feature","properties":{"c":"552668","o":"","e":""},"geometry":{"type":"Polygon","coordinates":[[[-83.8625,48.4],[-83.85625,48.4],[-83.85,48.4],[-83.84375,48.4],[-83.84375,48.39583],[-83.84375,48.39167],[-83.85,48.39167],[-83.85625,48.39167],[-83.8625,48.39167],[-83.8625,48.39583],[-83.8625,48.4]]]}},{"type":"Feature","properties":{"c":"552653","o":"","e":""},"geometry":{"type":"Polygon","coordinates":[[[-83.8625,48.44583],[-83.8625,48.45],[-83.85625,48.45],[-83.85,48.45],[-83.85,48.44583],[-83.85,48.44167],[-83.85,48.4375],[-83.85625,48.4375],[-83.8625,48.4375],[-83.8625,48.44167],[-83.8625,48.44583]]]}},{"type":"Feature","properties":{"c":"552654","o":"","e":""},"geometry":{"type":"Polygon","coordinates":[[[-83.85,48.44583],[-83.85,48.45],[-83.84375,48.45],[-83.8375,48.45],[-83.8375,48.44583],[-83.8375,48.44167],[-83.8375,48.4375],[-83.84375,48.4375],[-83.85,48.4375],[-83.85,48.44167],[-83.85,48.44583]]]}},{"type":"Feature","properties":{"c":"552666","o":"","e":""},"geometry":{"type":"Polygon","coordinates":[[[-83.8625,48.40833],[-83.85625,48.40833],[-83.85,48.40833],[-83.85,48.40417],[-83.84375,48.40417],[-83.84375,48.4],[-83.85,48.4],[-83.85625,48.4],[-83.8625,48.4],[-83.8625,48.40417],[-83.8625,48.40833]]]}},{"type":"Feature","properties":{"c":"182576","o":"","e":""},"geometry":{"type":"Polygon","coordinates":[[[-83.93125,48.4125],[-83.93125,48.41667],[-83.925,48.41667],[-83.925,48.4125],[-83.93125,48.4125]]]}},{"type":"Feature","properties":{"c":"183226","o":"","e":""},"geometry":{"type":"Polygon","coordinates":[[[-83.875,48.425],[-83.875,48.42917],[-83.86875,48.42917],[-83.86875,48.425],[-83.875,48.425]]]}},{"type":"Feature","properties":{"c":"184676","o":"","e":""},"geometry":{"type":"Polygon","coordinates":[[[-83.875,48.35],[-83.875,48.35417],[-83.86875,48.35417],[-83.86875,48.35],[-83.875,48.35]]]}},{"type":"Feature","properties":{"c":"184677","o":"","e":""},"geometry":{"type":"Polygon","coordinates":[[[-83.88125,48.34583],[-83.88125,48.35],[-83.875,48.35],[-83.875,48.34583],[-83.88125,48.34583]]]}},{"type":"Feature","properties":{"c":"183982","o":"","e":""},"geometry":{"type":"Polygon","coordinates":[[[-83.925,48.37083],[-83.925,48.375],[-83.91875,48.375],[-83.91875,48.37083],[-83.925,48.37083]]]}},{"type":"Feature","properties":{"c":"185260","o":"","e":""},"geometry":{"type":"Polygon","coordinates":[[[-83.94375,48.36667],[-83.94375,48.37083],[-83.9375,48.37083],[-83.9375,48.36667],[-83.94375,48.36667]]]}},{"type":"Feature","properties":{"c":"185265","o":"","e":""},"geometry":{"type":"Polygon","coordinates":[[[-83.90625,48.40833],[-83.90625,48.4125],[-83.9,48.4125],[-83.9,48.40833],[-83.90625,48.40833]]]}},{"type":"Feature","properties":{"c":"188455","o":"","e":""},"geometry":{"type":"Polygon","coordinates":[[[-83.86875,48.425],[-83.86875,48.42917],[-83.8625,48.42917],[-83.8625,48.425],[-83.86875,48.425]]]}},{"type":"Feature","properties":{"c":"186178","o":"","e":""},"geometry":{"type":"Polygon","coordinates":[[[-84.0,48.425],[-84.0,48.42917],[-83.99375,48.42917],[-83.99375,48.425],[-84.0,48.425]]]}},{"type":"Feature","properties":{"c":"929192","o":"","e":""},"geometry":{"type":"Polygon","coordinates":[[[-83.64375,48.49167],[-83.64375,48.49583],[-83.6375,48.49583],[-83.6375,48.49167],[-83.64375,48.49167]]]}},{"type":"Feature","properties":{"c":"929188","o":"","e":""},"geometry":{"type":"Polygon","coordinates":[[[-83.65625,48.4875],[-83.65625,48.49167],[-83.65,48.49167],[-83.65,48.4875],[-83.65625,48.4875]]]}},{"type":"Feature","properties":{"c":"929189","o":"","e":""},"geometry":{"type":"Polygon","coordinates":[[[-83.65,48.4875],[-83.65,48.49167],[-83.64375,48.49167],[-83.64375,48.4875],[-83.65,48.4875]]]}},{"type":"Feature","properties":{"c":"929191","o":"","e":""},"geometry":{"type":"Polygon","coordinates":[[[-83.64375,48.475],[-83.64375,48.47917],[-83.6375,48.47917],[-83.6375,48.475],[-83.64375,48.475]]]}},{"type":"Feature","properties":{"c":"186057","o":"","e":""},"geometry":{"type":"Polygon","coordinates":[[[-83.975,48.42083],[-83.975,48.425],[-83.96875,48.425],[-83.96875,48.42083],[-83.975,48.42083]]]}},{"type":"Feature","properties":{"c":"186058","o":"","e":""},"geometry":{"type":"Polygon","coordinates":[[[-83.9625,48.41667],[-83.9625,48.42083],[-83.95625,48.42083],[-83.95625,48.41667],[-83.9625,48.41667]]]}},{"type":"Feature","properties":{"c":"188674","o":"","e":""},"geometry":{"type":"Polygon","coordinates":[[[-83.89375,48.37917],[-83.89375,48.38333],[-83.8875,48.38333],[-83.8875,48.37917],[-83.89375,48.37917]]]}},{"type":"Feature","properties":{"c":"1037287","o":"","e":""},"geometry":{"type":"Polygon","coordinates":[[[-83.8,48.35833],[-83.8,48.3625],[-83.79375,48.3625],[-83.79375,48.35833],[-83.8,48.35833]]]}},{"type":"Feature","properties":{"c":"1037288","o":"","e":""},"geometry":{"type":"Polygon","coordinates":[[[-83.79375,48.35833],[-83.79375,48.3625],[-83.7875,48.3625],[-83.7875,48.35833],[-83.79375,48.35833]]]}},{"type":"Feature","properties":{"c":"188592","o":"","e":""},"geometry":{"type":"Polygon","coordinates":[[[-83.925,48.38333],[-83.925,48.3875],[-83.91875,48.3875],[-83.91875,48.38333],[-83.925,48.38333]]]}},{"type":"Feature","properties":{"c":"188593","o":"","e":""},"geometry":{"type":"Polygon","coordinates":[[[-83.90625,48.375],[-83.90625,48.37917],[-83.9,48.37917],[-83.9,48.375],[-83.90625,48.375]]]}},{"type":"Feature","properties":{"c":"188594","o":"","e":""},"geometry":{"type":"Polygon","coordinates":[[[-83.90625,48.37083],[-83.90625,48.375],[-83.9,48.375],[-83.9,48.37083],[-83.90625,48.37083]]]}},{"type":"Feature","properties":{"c":"188595","o":"","e":""},"geometry":{"type":"Polygon","coordinates":[[[-83.91875,48.4125],[-83.91875,48.41667],[-83.9125,48.41667],[-83.9125,48.4125],[-83.91875,48.4125]]]}},{"type":"Feature","properties":{"c":"188596","o":"","e":""},"geometry":{"type":"Polygon","coordinates":[[[-83.925,48.40833],[-83.925,48.4125],[-83.91875,48.4125],[-83.91875,48.40833],[-83.925,48.40833]]]}},{"type":"Feature","properties":{"c":"1037289","o":"","e":""},"geometry":{"type":"Polygon","coordinates":[[[-83.8125,48.35417],[-83.8125,48.35833],[-83.80625,48.35833],[-83.80625,48.35417],[-83.8125,48.35417]]]}},{"type":"Feature","properties":{"c":"1037290","o":"","e":""},"geometry":{"type":"Polygon","coordinates":[[[-83.80625,48.35417],[-83.80625,48.35833],[-83.8,48.35833],[-83.8,48.35417],[-83.80625,48.35417]]]}},{"type":"Feature","properties":{"c":"1037291","o":"","e":""},"geometry":{"type":"Polygon","coordinates":[[[-83.8,48.35417],[-83.8,48.35833],[-83.79375,48.35833],[-83.79375,48.35417],[-83.8,48.35417]]]}},{"type":"Feature","properties":{"c":"1037292","o":"","e":""},"geometry":{"type":"Polygon","coordinates":[[[-83.79375,48.35417],[-83.79375,48.35833],[-83.7875,48.35833],[-83.7875,48.35417],[-83.79375,48.35417]]]}},{"type":"Feature","properties":{"c":"1037293","o":"","e":""},"geometry":{"type":"Polygon","coordinates":[[[-83.8125,48.35],[-83.8125,48.35417],[-83.80625,48.35417],[-83.80625,48.35],[-83.8125,48.35]]]}},{"type":"Feature","properties":{"c":"1037294","o":"","e":""},"geometry":{"type":"Polygon","coordinates":[[[-83.80625,48.35],[-83.80625,48.35417],[-83.8,48.35417],[-83.8,48.35],[-83.80625,48.35]]]}},{"type":"Feature","properties":{"c":"1037295","o":"","e":""},"geometry":{"type":"Polygon","coordinates":[[[-83.8,48.35],[-83.8,48.35417],[-83.79375,48.35417],[-83.79375,48.35],[-83.8,48.35]]]}},{"type":"Feature","properties":{"c":"1037296","o":"","e":""},"geometry":{"type":"Polygon","coordinates":[[[-83.79375,48.35],[-83.79375,48.35417],[-83.7875,48.35417],[-83.7875,48.35],[-83.79375,48.35]]]}},{"type":"Feature","properties":{"c":"1037297","o":"","e":""},"geometry":{"type":"Polygon","coordinates":[[[-83.7875,48.35],[-83.7875,48.35417],[-83.78125,48.35417],[-83.78125,48.35],[-83.7875,48.35]]]}},{"type":"Feature","properties":{"c":"1037298","o":"","e":""},"geometry":{"type":"Polygon","coordinates":[[[-83.8125,48.34583],[-83.8125,48.35],[-83.80625,48.35],[-83.80625,48.34583],[-83.8125,48.34583]]]}},{"type":"Feature","properties":{"c":"1037299","o":"","e":""},"geometry":{"type":"Polygon","coordinates":[[[-83.80625,48.34583],[-83.80625,48.35],[-83.8,48.35],[-83.8,48.34583],[-83.80625,48.34583]]]}},{"type":"Feature","properties":{"c":"1037300","o":"","e":""},"geometry":{"type":"Polygon","coordinates":[[[-83.8,48.34583],[-83.8,48.35],[-83.79375,48.35],[-83.79375,48.34583],[-83.8,48.34583]]]}},{"type":"Feature","properties":{"c":"1037301","o":"","e":""},"geometry":{"type":"Polygon","coordinates":[[[-83.79375,48.34583],[-83.79375,48.35],[-83.7875,48.35],[-83.7875,48.34583],[-83.79375,48.34583]]]}},{"type":"Feature","properties":{"c":"1037302","o":"","e":""},"geometry":{"type":"Polygon","coordinates":[[[-83.7875,48.34583],[-83.7875,48.35],[-83.78125,48.35],[-83.78125,48.34583],[-83.7875,48.34583]]]}},{"type":"Feature","properties":{"c":"191190","o":"","e":""},"geometry":{"type":"Polygon","coordinates":[[[-83.89375,48.39167],[-83.89375,48.39583],[-83.8875,48.39583],[-83.8875,48.39167],[-83.89375,48.39167]]]}},{"type":"Feature","properties":{"c":"191882","o":"","e":""},"geometry":{"type":"Polygon","coordinates":[[[-83.8625,48.3375],[-83.8625,48.34167],[-83.85625,48.34167],[-83.85625,48.3375],[-83.8625,48.3375]]]}},{"type":"Feature","properties":{"c":"191883","o":"","e":""},"geometry":{"type":"Polygon","coordinates":[[[-83.875,48.3375],[-83.875,48.34167],[-83.86875,48.34167],[-83.86875,48.3375],[-83.875,48.3375]]]}},{"type":"Feature","properties":{"c":"190367","o":"","e":""},"geometry":{"type":"Polygon","coordinates":[[[-83.94375,48.41667],[-83.94375,48.42083],[-83.9375,48.42083],[-83.9375,48.41667],[-83.94375,48.41667]]]}},{"type":"Feature","properties":{"c":"192491","o":"","e":""},"geometry":{"type":"Polygon","coordinates":[[[-83.8875,48.3625],[-83.8875,48.36667],[-83.88125,48.36667],[-83.88125,48.3625],[-83.8875,48.3625]]]}},{"type":"Feature","properties":{"c":"941473","o":"","e":""},"geometry":{"type":"Polygon","coordinates":[[[-83.84375,48.3875],[-83.84375,48.39167],[-83.8375,48.39167],[-83.8375,48.3875],[-83.84375,48.3875]]]}},{"type":"Feature","properties":{"c":"941474","o":"","e":""},"geometry":{"type":"Polygon","coordinates":[[[-83.8375,48.39167],[-83.8375,48.39583],[-83.83125,48.39583],[-83.83125,48.39167],[-83.8375,48.39167]]]}},{"type":"Feature","properties":{"c":"941475","o":"","e":""},"geometry":{"type":"Polygon","coordinates":[[[-83.84375,48.39167],[-83.84375,48.39583],[-83.8375,48.39583],[-83.8375,48.39167],[-83.84375,48.39167]]]}},{"type":"Feature","properties":{"c":"941476","o":"","e":""},"geometry":{"type":"Polygon","coordinates":[[[-83.83125,48.3875],[-83.83125,48.39167],[-83.825,48.39167],[-83.825,48.3875],[-83.83125,48.3875]]]}},{"type":"Feature","properties":{"c":"941477","o":"","e":""},"geometry":{"type":"Polygon","coordinates":[[[-83.8375,48.3875],[-83.8375,48.39167],[-83.83125,48.39167],[-83.83125,48.3875],[-83.8375,48.3875]]]}},{"type":"Feature","properties":{"c":"941478","o":"","e":""},"geometry":{"type":"Polygon","coordinates":[[[-83.83125,48.39167],[-83.83125,48.39583],[-83.825,48.39583],[-83.825,48.39167],[-83.83125,48.39167]]]}},{"type":"Feature","properties":{"c":"1037303","o":"","e":""},"geometry":{"type":"Polygon","coordinates":[[[-83.8125,48.34167],[-83.8125,48.34583],[-83.80625,48.34583],[-83.80625,48.34167],[-83.8125,48.34167]]]}},{"type":"Feature","properties":{"c":"1037304","o":"","e":""},"geometry":{"type":"Polygon","coordinates":[[[-83.80625,48.34167],[-83.80625,48.34583],[-83.8,48.34583],[-83.8,48.34167],[-83.80625,48.34167]]]}},{"type":"Feature","properties":{"c":"196138","o":"","e":""},"geometry":{"type":"Polygon","coordinates":[[[-83.9375,48.35417],[-83.9375,48.35833],[-83.93125,48.35833],[-83.93125,48.35417],[-83.9375,48.35417]]]}},{"type":"Feature","properties":{"c":"196139","o":"","e":""},"geometry":{"type":"Polygon","coordinates":[[[-83.96875,48.36667],[-83.96875,48.37083],[-83.9625,48.37083],[-83.9625,48.36667],[-83.96875,48.36667]]]}},{"type":"Feature","properties":{"c":"890592","o":"","e":""},"geometry":{"type":"Polygon","coordinates":[[[-83.925,48.33333],[-83.925,48.3375],[-83.91875,48.3375],[-83.91875,48.33333],[-83.925,48.33333]]]}},{"type":"Feature","properties":{"c":"197489","o":"","e":""},"geometry":{"type":"Polygon","coordinates":[[[-83.95,48.4125],[-83.95,48.41667],[-83.94375,48.41667],[-83.94375,48.4125],[-83.95,48.4125]]]}},{"type":"Feature","properties":{"c":"196792","o":"","e":""},"geometry":{"type":"Polygon","coordinates":[[[-83.95,48.35],[-83.95,48.35417],[-83.94375,48.35417],[-83.94375,48.35],[-83.95,48.35]]]}},{"type":"Feature","properties":{"c":"198871","o":"","e":""},"geometry":{"type":"Polygon","coordinates":[[[-83.99375,48.4125],[-83.99375,48.41667],[-83.9875,48.41667],[-83.9875,48.4125],[-83.99375,48.4125]]]}},{"type":"Feature","properties":{"c":"929207","o":"","e":""},"geometry":{"type":"Polygon","coordinates":[[[-83.65625,48.48333],[-83.65625,48.4875],[-83.65,48.4875],[-83.65,48.48333],[-83.65625,48.48333]]]}},{"type":"Feature","properties":{"c":"200819","o":"","e":""},"geometry":{"type":"Polygon","coordinates":[[[-83.95,48.37083],[-83.95,48.375],[-83.94375,48.375],[-83.94375,48.37083],[-83.95,48.37083]]]}},{"type":"Feature","properties":{"c":"929199","o":"","e":""},"geometry":{"type":"Polygon","coordinates":[[[-83.65,48.49167],[-83.65,48.49583],[-83.64375,48.49583],[-83.64375,48.49167],[-83.65,48.49167]]]}},{"type":"Feature","properties":{"c":"929198","o":"","e":""},"geometry":{"type":"Polygon","coordinates":[[[-83.65,48.47917],[-83.65,48.48333],[-83.64375,48.48333],[-83.64375,48.47917],[-83.65,48.47917]]]}},{"type":"Feature","properties":{"c":"929200","o":"","e":""},"geometry":{"type":"Polygon","coordinates":[[[-83.64375,48.4875],[-83.64375,48.49167],[-83.6375,48.49167],[-83.6375,48.4875],[-83.64375,48.4875]]]}},{"type":"Feature","properties":{"c":"203459","o":"","e":""},"geometry":{"type":"Polygon","coordinates":[[[-83.96875,48.35417],[-83.96875,48.35833],[-83.9625,48.35833],[-83.9625,48.35417],[-83.96875,48.35417]]]}},{"type":"Feature","properties":{"c":"203460","o":"","e":""},"geometry":{"type":"Polygon","coordinates":[[[-83.975,48.35],[-83.975,48.35417],[-83.96875,48.35417],[-83.96875,48.35],[-83.975,48.35]]]}},{"type":"Feature","properties":{"c":"202811","o":"","e":""},"geometry":{"type":"Polygon","coordinates":[[[-83.88125,48.40833],[-83.88125,48.4125],[-83.875,48.4125],[-83.875,48.40833],[-83.88125,48.40833]]]}},{"type":"Feature","properties":{"c":"203367","o":"","e":""},"geometry":{"type":"Polygon","coordinates":[[[-84.0,48.35417],[-84.0,48.35833],[-83.99375,48.35833],[-83.99375,48.35417],[-84.0,48.35417]]]}},{"type":"Feature","properties":{"c":"204118","o":"","e":""},"geometry":{"type":"Polygon","coordinates":[[[-83.99375,48.34167],[-83.99375,48.34583],[-83.9875,48.34583],[-83.9875,48.34167],[-83.99375,48.34167]]]}},{"type":"Feature","properties":{"c":"890584","o":"","e":""},"geometry":{"type":"Polygon","coordinates":[[[-83.8875,48.3375],[-83.8875,48.34167],[-83.88125,48.34167],[-83.88125,48.3375],[-83.8875,48.3375]]]}},{"type":"Feature","properties":{"c":"890585","o":"","e":""},"geometry":{"type":"Polygon","coordinates":[[[-83.9125,48.33333],[-83.9125,48.3375],[-83.90625,48.3375],[-83.90625,48.33333],[-83.9125,48.33333]]]}},{"type":"Feature","properties":{"c":"205507","o":"","e":""},"geometry":{"type":"Polygon","coordinates":[[[-83.95625,48.40833],[-83.95625,48.4125],[-83.95,48.4125],[-83.95,48.40833],[-83.95625,48.40833]]]}},{"type":"Feature","properties":{"c":"205518","o":"","e":""},"geometry":{"type":"Polygon","coordinates":[[[-83.94375,48.34167],[-83.94375,48.34583],[-83.9375,48.34583],[-83.9375,48.34167],[-83.94375,48.34167]]]}},{"type":"Feature","properties":{"c":"890586","o":"","e":""},"geometry":{"type":"Polygon","coordinates":[[[-83.90625,48.33333],[-83.90625,48.3375],[-83.9,48.3375],[-83.9,48.33333],[-83.90625,48.33333]]]}},{"type":"Feature","properties":{"c":"890587","o":"","e":""},"geometry":{"type":"Polygon","coordinates":[[[-83.9,48.33333],[-83.9,48.3375],[-83.89375,48.3375],[-83.89375,48.33333],[-83.9,48.33333]]]}},{"type":"Feature","properties":{"c":"890588","o":"","e":""},"geometry":{"type":"Polygon","coordinates":[[[-83.89375,48.33333],[-83.89375,48.3375],[-83.8875,48.3375],[-83.8875,48.33333],[-83.89375,48.33333]]]}},{"type":"Feature","properties":{"c":"890589","o":"","e":""},"geometry":{"type":"Polygon","coordinates":[[[-83.8875,48.33333],[-83.8875,48.3375],[-83.88125,48.3375],[-83.88125,48.33333],[-83.8875,48.33333]]]}},{"type":"Feature","properties":{"c":"890590","o":"","e":""},"geometry":{"type":"Polygon","coordinates":[[[-83.88125,48.33333],[-83.88125,48.3375],[-83.875,48.3375],[-83.875,48.33333],[-83.88125,48.33333]]]}},{"type":"Feature","properties":{"c":"890591","o":"","e":""},"geometry":{"type":"Polygon","coordinates":[[[-83.875,48.33333],[-83.875,48.3375],[-83.86875,48.3375],[-83.86875,48.33333],[-83.875,48.33333]]]}},{"type":"Feature","properties":{"c":"207670","o":"","e":""},"geometry":{"type":"Polygon","coordinates":[[[-83.86875,48.42083],[-83.86875,48.425],[-83.8625,48.425],[-83.8625,48.42083],[-83.86875,48.42083]]]}},{"type":"Feature","properties":{"c":"211553","o":"","e":""},"geometry":{"type":"Polygon","coordinates":[[[-83.975,48.33333],[-83.975,48.3375],[-83.96875,48.3375],[-83.96875,48.33333],[-83.975,48.33333]]]}},{"type":"Feature","properties":{"c":"210781","o":"","e":""},"geometry":{"type":"Polygon","coordinates":[[[-83.95625,48.33333],[-83.95625,48.3375],[-83.95,48.3375],[-83.95,48.33333],[-83.95625,48.33333]]]}},{"type":"Feature","properties":{"c":"212223","o":"","e":""},"geometry":{"type":"Polygon","coordinates":[[[-83.9875,48.35417],[-83.9875,48.35833],[-83.98125,48.35833],[-83.98125,48.35417],[-83.9875,48.35417]]]}},{"type":"Feature","properties":{"c":"211244","o":"","e":""},"geometry":{"type":"Polygon","coordinates":[[[-83.9875,48.42917],[-83.9875,48.43333],[-83.98125,48.43333],[-83.98125,48.42917],[-83.9875,48.42917]]]}},{"type":"Feature","properties":{"c":"211407","o":"","e":""},"geometry":{"type":"Polygon","coordinates":[[[-83.86875,48.4125],[-83.86875,48.41667],[-83.8625,48.41667],[-83.8625,48.4125],[-83.86875,48.4125]]]}},{"type":"Feature","properties":{"c":"214685","o":"","e":""},"geometry":{"type":"Polygon","coordinates":[[[-83.925,48.3625],[-83.925,48.36667],[-83.91875,48.36667],[-83.91875,48.3625],[-83.925,48.3625]]]}},{"type":"Feature","properties":{"c":"214686","o":"","e":""},"geometry":{"type":"Polygon","coordinates":[[[-83.9375,48.35833],[-83.9375,48.3625],[-83.93125,48.3625],[-83.93125,48.35833],[-83.9375,48.35833]]]}},{"type":"Feature","properties":{"c":"214687","o":"","e":""},"geometry":{"type":"Polygon","coordinates":[[[-83.91875,48.34583],[-83.91875,48.35],[-83.9125,48.35],[-83.9125,48.34583],[-83.91875,48.34583]]]}},{"type":"Feature","properties":{"c":"214689","o":"","e":""},"geometry":{"type":"Polygon","coordinates":[[[-83.98125,48.37083],[-83.98125,48.375],[-83.975,48.375],[-83.975,48.37083],[-83.98125,48.37083]]]}},{"type":"Feature","properties":{"c":"214117","o":"","e":""},"geometry":{"type":"Polygon","coordinates":[[[-83.95625,48.3625],[-83.95625,48.36667],[-83.95,48.36667],[-83.95,48.3625],[-83.95625,48.3625]]]}},{"type":"Feature","properties":{"c":"218407","o":"","e":""},"geometry":{"type":"Polygon","coordinates":[[[-83.86875,48.41667],[-83.86875,48.42083],[-83.8625,48.42083],[-83.8625,48.41667],[-83.86875,48.41667]]]}},{"type":"Feature","properties":{"c":"215287","o":"","e":""},"geometry":{"type":"Polygon","coordinates":[[[-83.9625,48.40833],[-83.9625,48.4125],[-83.95625,48.4125],[-83.95625,48.40833],[-83.9625,48.40833]]]}},{"type":"Feature","properties":{"c":"217919","o":"","e":""},"geometry":{"type":"Polygon","coordinates":[[[-83.93125,48.36667],[-83.93125,48.37083],[-83.925,48.37083],[-83.925,48.36667],[-83.93125,48.36667]]]}},{"type":"Feature","properties":{"c":"217925","o":"","e":""},"geometry":{"type":"Polygon","coordinates":[[[-83.9125,48.3875],[-83.9125,48.39167],[-83.90625,48.39167],[-83.90625,48.3875],[-83.9125,48.3875]]]}},{"type":"Feature","properties":{"c":"216905","o":"","e":""},"geometry":{"type":"Polygon","coordinates":[[[-83.94375,48.35],[-83.94375,48.35417],[-83.9375,48.35417],[-83.9375,48.35],[-83.94375,48.35]]]}},{"type":"Feature","properties":{"c":"216924","o":"","e":""},"geometry":{"type":"Polygon","coordinates":[[[-84.0,48.35417],[-84.0,48.35833],[-83.99375,48.35833],[-83.99375,48.35417],[-84.0,48.35417]]]}},{"type":"Feature","properties":{"c":"218581","o":"","e":""},"geometry":{"type":"Polygon","coordinates":[[[-83.8875,48.42917],[-83.8875,48.43333],[-83.88125,48.43333],[-83.88125,48.42917],[-83.8875,48.42917]]]}},{"type":"Feature","properties":{"c":"217626","o":"","e":""},"geometry":{"type":"Polygon","coordinates":[[[-83.95625,48.42083],[-83.95625,48.425],[-83.95,48.425],[-83.95,48.42083],[-83.95625,48.42083]]]}},{"type":"Feature","properties":{"c":"929209","o":"","e":""},"geometry":{"type":"Polygon","coordinates":[[[-83.65,48.49583],[-83.65,48.5],[-83.64375,48.5],[-83.64375,48.49583],[-83.65,48.49583]]]}},{"type":"Feature","properties":{"c":"219257","o":"","e":""},"geometry":{"type":"Polygon","coordinates":[[[-83.91875,48.36667],[-83.91875,48.37083],[-83.9125,48.37083],[-83.9125,48.36667],[-83.91875,48.36667]]]}},{"type":"Feature","properties":{"c":"221596","o":"","e":""},"geometry":{"type":"Polygon","coordinates":[[[-83.8625,48.36667],[-83.8625,48.37083],[-83.85625,48.37083],[-83.85625,48.36667],[-83.8625,48.36667]]]}},{"type":"Feature","properties":{"c":"571076","o":"","e":""},"geometry":{"type":"Polygon","coordinates":[[[-83.99375,48.39167],[-83.99375,48.39583],[-83.9875,48.39583],[-83.9875,48.39167],[-83.99375,48.39167]]]}},{"type":"Feature","properties":{"c":"571077","o":"","e":""},"geometry":{"type":"Polygon","coordinates":[[[-84.0,48.39167],[-84.0,48.39583],[-83.99375,48.39583],[-83.99375,48.39167],[-84.0,48.39167]]]}},{"type":"Feature","properties":{"c":"571078","o":"","e":""},"geometry":{"type":"Polygon","coordinates":[[[-83.99375,48.3875],[-83.99375,48.39167],[-83.9875,48.39167],[-83.9875,48.3875],[-83.99375,48.3875]]]}},{"type":"Feature","properties":{"c":"571079","o":"","e":""},"geometry":{"type":"Polygon","coordinates":[[[-84.0,48.3875],[-84.0,48.39167],[-83.99375,48.39167],[-83.99375,48.3875],[-84.0,48.3875]]]}},{"type":"Feature","properties":{"c":"571080","o":"","e":""},"geometry":{"type":"Polygon","coordinates":[[[-83.99375,48.37917],[-83.99375,48.38333],[-83.9875,48.38333],[-83.9875,48.37917],[-83.99375,48.37917]]]}},{"type":"Feature","properties":{"c":"571081","o":"","e":""},"geometry":{"type":"Polygon","coordinates":[[[-84.0,48.37917],[-84.0,48.38333],[-83.99375,48.38333],[-83.99375,48.37917],[-84.0,48.37917]]]}},{"type":"Feature","properties":{"c":"571082","o":"","e":""},"geometry":{"type":"Polygon","coordinates":[[[-83.99375,48.375],[-83.99375,48.37917],[-83.9875,48.37917],[-83.9875,48.375],[-83.99375,48.375]]]}},{"type":"Feature","properties":{"c":"571083","o":"","e":""},"geometry":{"type":"Polygon","coordinates":[[[-84.0,48.375],[-84.0,48.37917],[-83.99375,48.37917],[-83.99375,48.375],[-84.0,48.375]]]}},{"type":"Feature","properties":{"c":"571108","o":"","e":""},"geometry":{"type":"Polygon","coordinates":[[[-83.8125,48.37917],[-83.8125,48.38333],[-83.80625,48.38333],[-83.80625,48.37917],[-83.8125,48.37917]]]}},{"type":"Feature","properties":{"c":"571109","o":"","e":""},"geometry":{"type":"Polygon","coordinates":[[[-83.81875,48.37917],[-83.81875,48.38333],[-83.8125,48.38333],[-83.8125,48.37917],[-83.81875,48.37917]]]}},{"type":"Feature","properties":{"c":"571110","o":"","e":""},"geometry":{"type":"Polygon","coordinates":[[[-83.825,48.37917],[-83.825,48.38333],[-83.81875,48.38333],[-83.81875,48.37917],[-83.825,48.37917]]]}},{"type":"Feature","properties":{"c":"220939","o":"","e":""},"geometry":{"type":"Polygon","coordinates":[[[-83.9625,48.37917],[-83.9625,48.38333],[-83.95625,48.38333],[-83.95625,48.37917],[-83.9625,48.37917]]]}},{"type":"Feature","properties":{"c":"220940","o":"","e":""},"geometry":{"type":"Polygon","coordinates":[[[-83.9375,48.37083],[-83.9375,48.375],[-83.93125,48.375],[-83.93125,48.37083],[-83.9375,48.37083]]]}},{"type":"Feature","properties":{"c":"571111","o":"","e":""},"geometry":{"type":"Polygon","coordinates":[[[-83.8125,48.375],[-83.8125,48.37917],[-83.80625,48.37917],[-83.80625,48.375],[-83.8125,48.375]]]}},{"type":"Feature","properties":{"c":"571112","o":"","e":""},"geometry":{"type":"Polygon","coordinates":[[[-83.81875,48.375],[-83.81875,48.37917],[-83.8125,48.37917],[-83.8125,48.375],[-83.81875,48.375]]]}},{"type":"Feature","properties":{"c":"571113","o":"","e":""},"geometry":{"type":"Polygon","coordinates":[[[-83.825,48.375],[-83.825,48.37917],[-83.81875,48.37917],[-83.81875,48.375],[-83.825,48.375]]]}},{"type":"Feature","properties":{"c":"571114","o":"","e":""},"geometry":{"type":"Polygon","coordinates":[[[-83.8125,48.37083],[-83.8125,48.375],[-83.80625,48.375],[-83.80625,48.37083],[-83.8125,48.37083]]]}},{"type":"Feature","properties":{"c":"571115","o":"","e":""},"geometry":{"type":"Polygon","coordinates":[[[-83.81875,48.37083],[-83.81875,48.375],[-83.8125,48.375],[-83.8125,48.37083],[-83.81875,48.37083]]]}},{"type":"Feature","properties":{"c":"571116","o":"","e":""},"geometry":{"type":"Polygon","coordinates":[[[-83.825,48.37083],[-83.825,48.375],[-83.81875,48.375],[-83.81875,48.37083],[-83.825,48.37083]]]}},{"type":"Feature","properties":{"c":"222338","o":"","e":""},"geometry":{"type":"Polygon","coordinates":[[[-83.95,48.34583],[-83.95,48.35],[-83.94375,48.35],[-83.94375,48.34583],[-83.95,48.34583]]]}},{"type":"Feature","properties":{"c":"222339","o":"","e":""},"geometry":{"type":"Polygon","coordinates":[[[-83.95625,48.34583],[-83.95625,48.35],[-83.95,48.35],[-83.95,48.34583],[-83.95625,48.34583]]]}},{"type":"Feature","properties":{"c":"225940","o":"","e":""},"geometry":{"type":"Polygon","coordinates":[[[-83.90625,48.39583],[-83.90625,48.4],[-83.9,48.4],[-83.9,48.39583],[-83.90625,48.39583]]]}},{"type":"Feature","properties":{"c":"225946","o":"","e":""},"geometry":{"type":"Polygon","coordinates":[[[-83.91875,48.3875],[-83.91875,48.39167],[-83.9125,48.39167],[-83.9125,48.3875],[-83.91875,48.3875]]]}},{"type":"Feature","properties":{"c":"226543","o":"","e":""},"geometry":{"type":"Polygon","coordinates":[[[-83.88125,48.425],[-83.88125,48.42917],[-83.875,48.42917],[-83.875,48.425],[-83.88125,48.425]]]}},{"type":"Feature","properties":{"c":"226544","o":"","e":""},"geometry":{"type":"Polygon","coordinates":[[[-83.8875,48.42083],[-83.8875,48.425],[-83.88125,48.425],[-83.88125,48.42083],[-83.8875,48.42083]]]}},{"type":"Feature","properties":{"c":"222797","o":"","e":""},"geometry":{"type":"Polygon","coordinates":[[[-83.99375,48.43333],[-83.99375,48.4375],[-83.9875,48.4375],[-83.9875,48.43333],[-83.99375,48.43333]]]}},{"type":"Feature","properties":{"c":"222951","o":"","e":""},"geometry":{"type":"Polygon","coordinates":[[[-83.8875,48.40833],[-83.8875,48.4125],[-83.88125,48.4125],[-83.88125,48.40833],[-83.8875,48.40833]]]}},{"type":"Feature","properties":{"c":"223815","o":"","e":""},"geometry":{"type":"Polygon","coordinates":[[[-83.925,48.37917],[-83.925,48.38333],[-83.91875,48.38333],[-83.91875,48.37917],[-83.925,48.37917]]]}},{"type":"Feature","properties":{"c":"222401","o":"","e":""},"geometry":{"type":"Polygon","coordinates":[[[-83.88125,48.3625],[-83.88125,48.36667],[-83.875,48.36667],[-83.875,48.3625],[-83.88125,48.3625]]]}},{"type":"Feature","properties":{"c":"222449","o":"","e":""},"geometry":{"type":"Polygon","coordinates":[[[-83.8875,48.34167],[-83.8875,48.34583],[-83.88125,48.34583],[-83.88125,48.34167],[-83.8875,48.34167]]]}},{"type":"Feature","properties":{"c":"224492","o":"","e":""},"geometry":{"type":"Polygon","coordinates":[[[-83.8625,48.35833],[-83.8625,48.3625],[-83.85625,48.3625],[-83.85625,48.35833],[-83.8625,48.35833]]]}},{"type":"Feature","properties":{"c":"225094","o":"","e":""},"geometry":{"type":"Polygon","coordinates":[[[-83.95625,48.37083],[-83.95625,48.375],[-83.95,48.375],[-83.95,48.37083],[-83.95625,48.37083]]]}},{"type":"Feature","properties":{"c":"225095","o":"","e":""},"geometry":{"type":"Polygon","coordinates":[[[-83.95625,48.36667],[-83.95625,48.37083],[-83.95,48.37083],[-83.95,48.36667],[-83.95625,48.36667]]]}},{"type":"Feature","properties":{"c":"225096","o":"","e":""},"geometry":{"type":"Polygon","coordinates":[[[-83.95,48.3625],[-83.95,48.36667],[-83.94375,48.36667],[-83.94375,48.3625],[-83.95,48.3625]]]}},{"type":"Feature","properties":{"c":"225102","o":"","e":""},"geometry":{"type":"Polygon","coordinates":[[[-83.90625,48.41667],[-83.90625,48.42083],[-83.9,48.42083],[-83.9,48.41667],[-83.90625,48.41667]]]}},{"type":"Feature","properties":{"c":"225103","o":"","e":""},"geometry":{"type":"Polygon","coordinates":[[[-83.90625,48.4125],[-83.90625,48.41667],[-83.9,48.41667],[-83.9,48.4125],[-83.90625,48.4125]]]}},{"type":"Feature","properties":{"c":"225013","o":"","e":""},"geometry":{"type":"Polygon","coordinates":[[[-83.875,48.35417],[-83.875,48.35833],[-83.86875,48.35833],[-83.86875,48.35417],[-83.875,48.35417]]]}},{"type":"Feature","properties":{"c":"225014","o":"","e":""},"geometry":{"type":"Polygon","coordinates":[[[-83.88125,48.35],[-83.88125,48.35417],[-83.875,48.35417],[-83.875,48.35],[-83.88125,48.35]]]}},{"type":"Feature","properties":{"c":"225875","o":"","e":""},"geometry":{"type":"Polygon","coordinates":[[[-83.91875,48.3625],[-83.91875,48.36667],[-83.9125,48.36667],[-83.9125,48.3625],[-83.91875,48.3625]]]}},{"type":"Feature","properties":{"c":"225046","o":"","e":""},"geometry":{"type":"Polygon","coordinates":[[[-83.9125,48.35833],[-83.9125,48.3625],[-83.90625,48.3625],[-83.90625,48.35833],[-83.9125,48.35833]]]}},{"type":"Feature","properties":{"c":"225611","o":"","e":""},"geometry":{"type":"Polygon","coordinates":[[[-83.96875,48.35833],[-83.96875,48.3625],[-83.9625,48.3625],[-83.9625,48.35833],[-83.96875,48.35833]]]}},{"type":"Feature","properties":{"c":"227205","o":"","e":""},"geometry":{"type":"Polygon","coordinates":[[[-83.90625,48.36667],[-83.90625,48.37083],[-83.9,48.37083],[-83.9,48.36667],[-83.90625,48.36667]]]}},{"type":"Feature","properties":{"c":"230861","o":"","e":""},"geometry":{"type":"Polygon","coordinates":[[[-83.96875,48.35],[-83.96875,48.35417],[-83.9625,48.35417],[-83.9625,48.35],[-83.96875,48.35]]]}},{"type":"Feature","properties":{"c":"229850","o":"","e":""},"geometry":{"type":"Polygon","coordinates":[[[-83.9125,48.34167],[-83.9125,48.34583],[-83.90625,48.34583],[-83.90625,48.34167],[-83.9125,48.34167]]]}},{"type":"Feature","properties":{"c":"230283","o":"","e":""},"geometry":{"type":"Polygon","coordinates":[[[-84.0,48.3625],[-84.0,48.36667],[-83.99375,48.36667],[-83.99375,48.3625],[-84.0,48.3625]]]}},{"type":"Feature","properties":{"c":"229590","o":"","e":""},"geometry":{"type":"Polygon","coordinates":[[[-83.95,48.34167],[-83.95,48.34583],[-83.94375,48.34583],[-83.94375,48.34167],[-83.95,48.34167]]]}},{"type":"Feature","properties":{"c":"229591","o":"","e":""},"geometry":{"type":"Polygon","coordinates":[[[-83.9625,48.34167],[-83.9625,48.34583],[-83.95625,48.34583],[-83.95625,48.34167],[-83.9625,48.34167]]]}},{"type":"Feature","properties":{"c":"229592","o":"","e":""},"geometry":{"type":"Polygon","coordinates":[[[-83.94375,48.33333],[-83.94375,48.3375],[-83.9375,48.3375],[-83.9375,48.33333],[-83.94375,48.33333]]]}},{"type":"Feature","properties":{"c":"229759","o":"","e":""},"geometry":{"type":"Polygon","coordinates":[[[-83.86875,48.3375],[-83.86875,48.34167],[-83.8625,48.34167],[-83.8625,48.3375],[-83.86875,48.3375]]]}},{"type":"Feature","properties":{"c":"232892","o":"","e":""},"geometry":{"type":"Polygon","coordinates":[[[-83.95625,48.35417],[-83.95625,48.35833],[-83.95,48.35833],[-83.95,48.35417],[-83.95625,48.35417]]]}},{"type":"Feature","properties":{"c":"232893","o":"","e":""},"geometry":{"type":"Polygon","coordinates":[[[-83.95,48.35],[-83.95,48.35417],[-83.94375,48.35417],[-83.94375,48.35],[-83.95,48.35]]]}},{"type":"Feature","properties":{"c":"230230","o":"","e":""},"geometry":{"type":"Polygon","coordinates":[[[-83.86875,48.41667],[-83.86875,48.42083],[-83.8625,48.42083],[-83.8625,48.41667],[-83.86875,48.41667]]]}},{"type":"Feature","properties":{"c":"230231","o":"","e":""},"geometry":{"type":"Polygon","coordinates":[[[-83.875,48.4125],[-83.875,48.41667],[-83.86875,48.41667],[-83.86875,48.4125],[-83.875,48.4125]]]}},{"type":"Feature","properties":{"c":"230232","o":"","e":""},"geometry":{"type":"Polygon","coordinates":[[[-83.875,48.40417],[-83.875,48.40833],[-83.86875,48.40833],[-83.86875,48.40417],[-83.875,48.40417]]]}},{"type":"Feature","properties":{"c":"571104","o":"","e":""},"geometry":{"type":"Polygon","coordinates":[[[-83.8375,48.3625],[-83.8375,48.36667],[-83.83125,48.36667],[-83.83125,48.3625],[-83.8375,48.3625]]]}},{"type":"Feature","properties":{"c":"571105","o":"","e":""},"geometry":{"type":"Polygon","coordinates":[[[-83.84375,48.3625],[-83.84375,48.36667],[-83.8375,48.36667],[-83.8375,48.3625],[-83.84375,48.3625]]]}},{"type":"Feature","properties":{"c":"571106","o":"","e":""},"geometry":{"type":"Polygon","coordinates":[[[-83.84375,48.35833],[-83.84375,48.3625],[-83.8375,48.3625],[-83.8375,48.35833],[-83.84375,48.35833]]]}},{"type":"Feature","properties":{"c":"571107","o":"","e":""},"geometry":{"type":"Polygon","coordinates":[[[-83.84375,48.35417],[-83.84375,48.35833],[-83.8375,48.35833],[-83.8375,48.35417],[-83.84375,48.35417]]]}},{"type":"Feature","properties":{"c":"233342","o":"","e":""},"geometry":{"type":"Polygon","coordinates":[[[-83.96875,48.41667],[-83.96875,48.42083],[-83.9625,48.42083],[-83.9625,48.41667],[-83.96875,48.41667]]]}},{"type":"Feature","properties":{"c":"234054","o":"","e":""},"geometry":{"type":"Polygon","coordinates":[[[-83.95,48.34583],[-83.95,48.35],[-83.94375,48.35],[-83.94375,48.34583],[-83.95,48.34583]]]}},{"type":"Feature","properties":{"c":"233362","o":"","e":""},"geometry":{"type":"Polygon","coordinates":[[[-83.91875,48.35417],[-83.91875,48.35833],[-83.9125,48.35833],[-83.9125,48.35417],[-83.91875,48.35417]]]}},{"type":"Feature","properties":{"c":"233363","o":"","e":""},"geometry":{"type":"Polygon","coordinates":[[[-83.91875,48.35],[-83.91875,48.35417],[-83.9125,48.35417],[-83.9125,48.35],[-83.91875,48.35]]]}},{"type":"Feature","properties":{"c":"233364","o":"","e":""},"geometry":{"type":"Polygon","coordinates":[[[-83.93125,48.34583],[-83.93125,48.35],[-83.925,48.35],[-83.925,48.34583],[-83.93125,48.34583]]]}},{"type":"Feature","properties":{"c":"233365","o":"","e":""},"geometry":{"type":"Polygon","coordinates":[[[-83.96875,48.37083],[-83.96875,48.375],[-83.9625,48.375],[-83.9625,48.37083],[-83.96875,48.37083]]]}},{"type":"Feature","properties":{"c":"233971","o":"","e":""},"geometry":{"type":"Polygon","coordinates":[[[-83.99375,48.42083],[-83.99375,48.425],[-83.9875,48.425],[-83.9875,48.42083],[-83.99375,48.42083]]]}},{"type":"Feature","properties":{"c":"234083","o":"","e":""},"geometry":{"type":"Polygon","coordinates":[[[-83.96875,48.35833],[-83.96875,48.3625],[-83.9625,48.3625],[-83.9625,48.35833],[-83.96875,48.35833]]]}},{"type":"Feature","properties":{"c":"237998","o":"","e":""},"geometry":{"type":"Polygon","coordinates":[[[-83.90625,48.3875],[-83.90625,48.39167],[-83.9,48.39167],[-83.9,48.3875],[-83.90625,48.3875]]]}},{"type":"Feature","properties":{"c":"237999","o":"","e":""},"geometry":{"type":"Polygon","coordinates":[[[-83.91875,48.40833],[-83.91875,48.4125],[-83.9125,48.4125],[-83.9125,48.40833],[-83.91875,48.40833]]]}},{"type":"Feature","properties":{"c":"238000","o":"","e":""},"geometry":{"type":"Polygon","coordinates":[[[-83.93125,48.40833],[-83.93125,48.4125],[-83.925,48.4125],[-83.925,48.40833],[-83.93125,48.40833]]]}},{"type":"Feature","properties":{"c":"237092","o":"","e":""},"geometry":{"type":"Polygon","coordinates":[[[-83.9875,48.42083],[-83.9875,48.425],[-83.98125,48.425],[-83.98125,48.42083],[-83.9875,48.42083]]]}},{"type":"Feature","properties":{"c":"238671","o":"","e":""},"geometry":{"type":"Polygon","coordinates":[[[-83.86875,48.42917],[-83.86875,48.43333],[-83.8625,48.43333],[-83.8625,48.42917],[-83.86875,48.42917]]]}},{"type":"Feature","properties":{"c":"238609","o":"","e":""},"geometry":{"type":"Polygon","coordinates":[[[-83.89375,48.375],[-83.89375,48.37917],[-83.8875,48.37917],[-83.8875,48.375],[-83.89375,48.375]]]}},{"type":"Feature","properties":{"c":"238610","o":"","e":""},"geometry":{"type":"Polygon","coordinates":[[[-83.9,48.375],[-83.9,48.37917],[-83.89375,48.37917],[-83.89375,48.375],[-83.9,48.375]]]}},{"type":"Feature","properties":{"c":"241231","o":"","e":""},"geometry":{"type":"Polygon","coordinates":[[[-83.9,48.39167],[-83.9,48.39583],[-83.89375,48.39583],[-83.89375,48.39167],[-83.9,48.39167]]]}},{"type":"Feature","properties":{"c":"242557","o":"","e":""},"geometry":{"type":"Polygon","coordinates":[[[-83.875,48.36667],[-83.875,48.37083],[-83.86875,48.37083],[-83.86875,48.36667],[-83.875,48.36667]]]}},{"type":"Feature","properties":{"c":"242558","o":"","e":""},"geometry":{"type":"Polygon","coordinates":[[[-83.875,48.3625],[-83.875,48.36667],[-83.86875,48.36667],[-83.86875,48.3625],[-83.875,48.3625]]]}},{"type":"Feature","properties":{"c":"240565","o":"","e":""},"geometry":{"type":"Polygon","coordinates":[[[-83.99375,48.42917],[-83.99375,48.43333],[-83.9875,48.43333],[-83.9875,48.42917],[-83.99375,48.42917]]]}},{"type":"Feature","properties":{"c":"243204","o":"","e":""},"geometry":{"type":"Polygon","coordinates":[[[-83.875,48.39583],[-83.875,48.4],[-83.86875,48.4],[-83.86875,48.39583],[-83.875,48.39583]]]}},{"type":"Feature","properties":{"c":"243205","o":"","e":""},"geometry":{"type":"Polygon","coordinates":[[[-83.88125,48.39167],[-83.88125,48.39583],[-83.875,48.39583],[-83.875,48.39167],[-83.88125,48.39167]]]}},{"type":"Feature","properties":{"c":"241935","o":"","e":""},"geometry":{"type":"Polygon","coordinates":[[[-83.88125,48.3375],[-83.88125,48.34167],[-83.875,48.34167],[-83.875,48.3375],[-83.88125,48.3375]]]}},{"type":"Feature","properties":{"c":"241936","o":"","e":""},"geometry":{"type":"Polygon","coordinates":[[[-83.86875,48.33333],[-83.86875,48.3375],[-83.8625,48.3375],[-83.8625,48.33333],[-83.86875,48.33333]]]}},{"type":"Feature","properties":{"c":"243987","o":"","e":""},"geometry":{"type":"Polygon","coordinates":[[[-83.925,48.3875],[-83.925,48.39167],[-83.91875,48.39167],[-83.91875,48.3875],[-83.925,48.3875]]]}},{"type":"Feature","properties":{"c":"243988","o":"","e":""},"geometry":{"type":"Polygon","coordinates":[[[-83.93125,48.37083],[-83.93125,48.375],[-83.925,48.375],[-83.925,48.37083],[-83.93125,48.37083]]]}},{"type":"Feature","properties":{"c":"246035","o":"","e":""},"geometry":{"type":"Polygon","coordinates":[[[-83.975,48.4125],[-83.975,48.41667],[-83.96875,48.41667],[-83.96875,48.4125],[-83.975,48.4125]]]}},{"type":"Feature","properties":{"c":"247078","o":"","e":""},"geometry":{"type":"Polygon","coordinates":[[[-83.93125,48.4125],[-83.93125,48.41667],[-83.925,48.41667],[-83.925,48.4125],[-83.93125,48.4125]]]}},{"type":"Feature","properties":{"c":"245229","o":"","e":""},"geometry":{"type":"Polygon","coordinates":[[[-83.9,48.34583],[-83.9,48.35],[-83.89375,48.35],[-83.89375,48.34583],[-83.9,48.34583]]]}},{"type":"Feature","properties":{"c":"245230","o":"","e":""},"geometry":{"type":"Polygon","coordinates":[[[-83.9,48.34167],[-83.9,48.34583],[-83.89375,48.34583],[-83.89375,48.34167],[-83.9,48.34167]]]}},{"type":"Feature","properties":{"c":"245270","o":"","e":""},"geometry":{"type":"Polygon","coordinates":[[[-83.89375,48.41667],[-83.89375,48.42083],[-83.8875,48.42083],[-83.8875,48.41667],[-83.89375,48.41667]]]}},{"type":"Feature","properties":{"c":"249317","o":"","e":""},"geometry":{"type":"Polygon","coordinates":[[[-83.9875,48.36667],[-83.9875,48.37083],[-83.98125,48.37083],[-83.98125,48.36667],[-83.9875,48.36667]]]}},{"type":"Feature","properties":{"c":"251252","o":"","e":""},"geometry":{"type":"Polygon","coordinates":[[[-83.91875,48.35833],[-83.91875,48.3625],[-83.9125,48.3625],[-83.9125,48.35833],[-83.91875,48.35833]]]}},{"type":"Feature","properties":{"c":"251253","o":"","e":""},"geometry":{"type":"Polygon","coordinates":[[[-83.975,48.37083],[-83.975,48.375],[-83.96875,48.375],[-83.96875,48.37083],[-83.975,48.37083]]]}},{"type":"Feature","properties":{"c":"255403","o":"","e":""},"geometry":{"type":"Polygon","coordinates":[[[-83.875,48.42917],[-83.875,48.43333],[-83.86875,48.43333],[-83.86875,48.42917],[-83.875,48.42917]]]}},{"type":"Feature","properties":{"c":"255306","o":"","e":""},"geometry":{"type":"Polygon","coordinates":[[[-83.90625,48.39167],[-83.90625,48.39583],[-83.9,48.39583],[-83.9,48.39167],[-83.90625,48.39167]]]}},{"type":"Feature","properties":{"c":"252854","o":"","e":""},"geometry":{"type":"Polygon","coordinates":[[[-83.98125,48.42083],[-83.98125,48.425],[-83.975,48.425],[-83.975,48.42083],[-83.98125,48.42083]]]}},{"type":"Feature","properties":{"c":"252869","o":"","e":""},"geometry":{"type":"Polygon","coordinates":[[[-83.9625,48.4125],[-83.9625,48.41667],[-83.95625,48.41667],[-83.95625,48.4125],[-83.9625,48.4125]]]}},{"type":"Feature","properties":{"c":"254759","o":"","e":""},"geometry":{"type":"Polygon","coordinates":[[[-83.9125,48.375],[-83.9125,48.37917],[-83.90625,48.37917],[-83.90625,48.375],[-83.9125,48.375]]]}},{"type":"Feature","properties":{"c":"254760","o":"","e":""},"geometry":{"type":"Polygon","coordinates":[[[-83.91875,48.37083],[-83.91875,48.375],[-83.9125,48.375],[-83.9125,48.37083],[-83.91875,48.37083]]]}},{"type":"Feature","properties":{"c":"254761","o":"","e":""},"geometry":{"type":"Polygon","coordinates":[[[-83.9125,48.40833],[-83.9125,48.4125],[-83.90625,48.4125],[-83.90625,48.40833],[-83.9125,48.40833]]]}},{"type":"Feature","properties":{"c":"254762","o":"","e":""},"geometry":{"type":"Polygon","coordinates":[[[-83.91875,48.40417],[-83.91875,48.40833],[-83.9125,48.40833],[-83.9125,48.40417],[-83.91875,48.40417]]]}},{"type":"Feature","properties":{"c":"254763","o":"","e":""},"geometry":{"type":"Polygon","coordinates":[[[-83.93125,48.40417],[-83.93125,48.40833],[-83.925,48.40833],[-83.925,48.40417],[-83.93125,48.40417]]]}},{"type":"Feature","properties":{"c":"252616","o":"","e":""},"geometry":{"type":"Polygon","coordinates":[[[-83.8875,48.35],[-83.8875,48.35417],[-83.88125,48.35417],[-83.88125,48.35],[-83.8875,48.35]]]}},{"type":"Feature","properties":{"c":"257698","o":"","e":""},"geometry":{"type":"Polygon","coordinates":[[[-83.86875,48.4125],[-83.86875,48.41667],[-83.8625,48.41667],[-83.8625,48.4125],[-83.86875,48.4125]]]}},{"type":"Feature","properties":{"c":"258293","o":"","e":""},"geometry":{"type":"Polygon","coordinates":[[[-83.8875,48.39167],[-83.8875,48.39583],[-83.88125,48.39583],[-83.88125,48.39167],[-83.8875,48.39167]]]}},{"type":"Feature","properties":{"c":"258583","o":"","e":""},"geometry":{"type":"Polygon","coordinates":[[[-83.93125,48.40833],[-83.93125,48.4125],[-83.925,48.4125],[-83.925,48.40833],[-83.93125,48.40833]]]}},{"type":"Feature","properties":{"c":"261075","o":"","e":""},"geometry":{"type":"Polygon","coordinates":[[[-83.93125,48.34167],[-83.93125,48.34583],[-83.925,48.34583],[-83.925,48.34167],[-83.93125,48.34167]]]}},{"type":"Feature","properties":{"c":"261076","o":"","e":""},"geometry":{"type":"Polygon","coordinates":[[[-83.925,48.3375],[-83.925,48.34167],[-83.91875,48.34167],[-83.91875,48.3375],[-83.925,48.3375]]]}},{"type":"Feature","properties":{"c":"259697","o":"","e":""},"geometry":{"type":"Polygon","coordinates":[[[-83.88125,48.39583],[-83.88125,48.4],[-83.875,48.4],[-83.875,48.39583],[-83.88125,48.39583]]]}},{"type":"Feature","properties":{"c":"260447","o":"","e":""},"geometry":{"type":"Polygon","coordinates":[[[-83.95,48.36667],[-83.95,48.37083],[-83.94375,48.37083],[-83.94375,48.36667],[-83.95,48.36667]]]}},{"type":"Feature","properties":{"c":"260448","o":"","e":""},"geometry":{"type":"Polygon","coordinates":[[[-83.96875,48.36667],[-83.96875,48.37083],[-83.9625,48.37083],[-83.9625,48.36667],[-83.96875,48.36667]]]}},{"type":"Feature","properties":{"c":"260168","o":"","e":""},"geometry":{"type":"Polygon","coordinates":[[[-84.0,48.34583],[-84.0,48.35],[-83.99375,48.35],[-83.99375,48.34583],[-84.0,48.34583]]]}},{"type":"Feature","properties":{"c":"263346","o":"","e":""},"geometry":{"type":"Polygon","coordinates":[[[-83.98125,48.35417],[-83.98125,48.35833],[-83.975,48.35833],[-83.975,48.35417],[-83.98125,48.35417]]]}},{"type":"Feature","properties":{"c":"263347","o":"","e":""},"geometry":{"type":"Polygon","coordinates":[[[-83.99375,48.35417],[-83.99375,48.35833],[-83.9875,48.35833],[-83.9875,48.35417],[-83.99375,48.35417]]]}},{"type":"Feature","properties":{"c":"259044","o":"","e":""},"geometry":{"type":"Polygon","coordinates":[[[-83.90625,48.3375],[-83.90625,48.34167],[-83.9,48.34167],[-83.9,48.3375],[-83.90625,48.3375]]]}},{"type":"Feature","properties":{"c":"259045","o":"","e":""},"geometry":{"type":"Polygon","coordinates":[[[-83.8875,48.35833],[-83.8875,48.3625],[-83.88125,48.3625],[-83.88125,48.35833],[-83.8875,48.35833]]]}},{"type":"Feature","properties":{"c":"260362","o":"","e":""},"geometry":{"type":"Polygon","coordinates":[[[-83.8625,48.35417],[-83.8625,48.35833],[-83.85625,48.35833],[-83.85625,48.35417],[-83.8625,48.35417]]]}},{"type":"Feature","properties":{"c":"260363","o":"","e":""},"geometry":{"type":"Polygon","coordinates":[[[-83.875,48.34583],[-83.875,48.35],[-83.86875,48.35],[-83.86875,48.34583],[-83.875,48.34583]]]}},{"type":"Feature","properties":{"c":"260403","o":"","e":""},"geometry":{"type":"Polygon","coordinates":[[[-83.90625,48.35833],[-83.90625,48.3625],[-83.9,48.3625],[-83.9,48.35833],[-83.90625,48.35833]]]}},{"type":"Feature","properties":{"c":"260404","o":"","e":""},"geometry":{"type":"Polygon","coordinates":[[[-83.90625,48.35417],[-83.90625,48.35833],[-83.9,48.35833],[-83.9,48.35417],[-83.90625,48.35417]]]}},{"type":"Feature","properties":{"c":"260405","o":"","e":""},"geometry":{"type":"Polygon","coordinates":[[[-83.9125,48.35417],[-83.9125,48.35833],[-83.90625,48.35833],[-83.90625,48.35417],[-83.9125,48.35417]]]}},{"type":"Feature","properties":{"c":"260406","o":"","e":""},"geometry":{"type":"Polygon","coordinates":[[[-83.9125,48.35],[-83.9125,48.35417],[-83.90625,48.35417],[-83.90625,48.35],[-83.9125,48.35]]]}},{"type":"Feature","properties":{"c":"258959","o":"","e":""},"geometry":{"type":"Polygon","coordinates":[[[-83.88125,48.34167],[-83.88125,48.34583],[-83.875,48.34583],[-83.875,48.34167],[-83.88125,48.34167]]]}},{"type":"Feature","properties":{"c":"263326","o":"","e":""},"geometry":{"type":"Polygon","coordinates":[[[-83.94375,48.34583],[-83.94375,48.35],[-83.9375,48.35],[-83.9375,48.34583],[-83.94375,48.34583]]]}},{"type":"Feature","properties":{"c":"264048","o":"","e":""},"geometry":{"type":"Polygon","coordinates":[[[-83.95625,48.425],[-83.95625,48.42917],[-83.95,48.42917],[-83.95,48.425],[-83.95625,48.425]]]}},{"type":"Feature","properties":{"c":"264072","o":"","e":""},"geometry":{"type":"Polygon","coordinates":[[[-83.94375,48.34583],[-83.94375,48.35],[-83.9375,48.35],[-83.9375,48.34583],[-83.94375,48.34583]]]}},{"type":"Feature","properties":{"c":"262642","o":"","e":""},"geometry":{"type":"Polygon","coordinates":[[[-83.925,48.35417],[-83.925,48.35833],[-83.91875,48.35833],[-83.91875,48.35417],[-83.925,48.35417]]]}},{"type":"Feature","properties":{"c":"261573","o":"","e":""},"geometry":{"type":"Polygon","coordinates":[[[-83.96875,48.3625],[-83.96875,48.36667],[-83.9625,48.36667],[-83.9625,48.3625],[-83.96875,48.3625]]]}},{"type":"Feature","properties":{"c":"267453","o":"","e":""},"geometry":{"type":"Polygon","coordinates":[[[-83.9625,48.37083],[-83.9625,48.375],[-83.95625,48.375],[-83.95625,48.37083],[-83.9625,48.37083]]]}},{"type":"Feature","properties":{"c":"265635","o":"","e":""},"geometry":{"type":"Polygon","coordinates":[[[-83.86875,48.43333],[-83.86875,48.4375],[-83.8625,48.4375],[-83.8625,48.43333],[-83.86875,48.43333]]]}},{"type":"Feature","properties":{"c":"269808","o":"","e":""},"geometry":{"type":"Polygon","coordinates":[[[-83.89375,48.4125],[-83.89375,48.41667],[-83.8875,48.41667],[-83.8875,48.4125],[-83.89375,48.4125]]]}},{"type":"Feature","properties":{"c":"269685","o":"","e":""},"geometry":{"type":"Polygon","coordinates":[[[-83.86875,48.35833],[-83.86875,48.3625],[-83.8625,48.3625],[-83.8625,48.35833],[-83.86875,48.35833]]]}},{"type":"Feature","properties":{"c":"1066733","o":"","e":""},"geometry":{"type":"Polygon","coordinates":[[[-83.9875,48.44583],[-83.9875,48.45],[-83.98125,48.45],[-83.98125,48.44583],[-83.9875,48.44583]]]}},{"type":"Feature","properties":{"c":"1066734","o":"","e":""},"geometry":{"type":"Polygon","coordinates":[[[-83.975,48.45417],[-83.975,48.45833],[-83.96875,48.45833],[-83.96875,48.45417],[-83.975,48.45417]]]}},{"type":"Feature","properties":{"c":"1066735","o":"","e":""},"geometry":{"type":"Polygon","coordinates":[[[-83.975,48.45833],[-83.975,48.4625],[-83.96875,48.4625],[-83.96875,48.45833],[-83.975,48.45833]]]}},{"type":"Feature","properties":{"c":"1066736","o":"","e":""},"geometry":{"type":"Polygon","coordinates":[[[-83.96875,48.45417],[-83.96875,48.45833],[-83.9625,48.45833],[-83.9625,48.45417],[-83.96875,48.45417]]]}},{"type":"Feature","properties":{"c":"1066737","o":"","e":""},"geometry":{"type":"Polygon","coordinates":[[[-83.9625,48.45833],[-83.9625,48.4625],[-83.95625,48.4625],[-83.95625,48.45833],[-83.9625,48.45833]]]}},{"type":"Feature","properties":{"c":"1066738","o":"","e":""},"geometry":{"type":"Polygon","coordinates":[[[-83.95625,48.45],[-83.95625,48.45417],[-83.95,48.45417],[-83.95,48.45],[-83.95625,48.45]]]}},{"type":"Feature","properties":{"c":"1066739","o":"","e":""},"geometry":{"type":"Polygon","coordinates":[[[-83.95,48.44583],[-83.95,48.45],[-83.94375,48.45],[-83.94375,48.44583],[-83.95,48.44583]]]}},{"type":"Feature","properties":{"c":"1066740","o":"","e":""},"geometry":{"type":"Polygon","coordinates":[[[-83.94375,48.44583],[-83.94375,48.45],[-83.9375,48.45],[-83.9375,48.44583],[-83.94375,48.44583]]]}},{"type":"Feature","properties":{"c":"1066741","o":"","e":""},"geometry":{"type":"Polygon","coordinates":[[[-83.93125,48.44167],[-83.93125,48.44583],[-83.925,48.44583],[-83.925,48.44167],[-83.93125,48.44167]]]}},{"type":"Feature","properties":{"c":"1066742","o":"","e":""},"geometry":{"type":"Polygon","coordinates":[[[-83.9875,48.45417],[-83.9875,48.45833],[-83.98125,48.45833],[-83.98125,48.45417],[-83.9875,48.45417]]]}},{"type":"Feature","properties":{"c":"267264","o":"","e":""},"geometry":{"type":"Polygon","coordinates":[[[-83.9875,48.425],[-83.9875,48.42917],[-83.98125,48.42917],[-83.98125,48.425],[-83.9875,48.425]]]}},{"type":"Feature","properties":{"c":"269739","o":"","e":""},"geometry":{"type":"Polygon","coordinates":[[[-83.9125,48.34583],[-83.9125,48.35],[-83.90625,48.35],[-83.90625,48.34583],[-83.9125,48.34583]]]}},{"type":"Feature","properties":{"c":"269740","o":"","e":""},"geometry":{"type":"Polygon","coordinates":[[[-83.9125,48.34167],[-83.9125,48.34583],[-83.90625,48.34583],[-83.90625,48.34167],[-83.9125,48.34167]]]}},{"type":"Feature","properties":{"c":"271505","o":"","e":""},"geometry":{"type":"Polygon","coordinates":[[[-83.95625,48.4125],[-83.95625,48.41667],[-83.95,48.41667],[-83.95,48.4125],[-83.95625,48.4125]]]}},{"type":"Feature","properties":{"c":"271520","o":"","e":""},"geometry":{"type":"Polygon","coordinates":[[[-83.95,48.3375],[-83.95,48.34167],[-83.94375,48.34167],[-83.94375,48.3375],[-83.95,48.3375]]]}},{"type":"Feature","properties":{"c":"270809","o":"","e":""},"geometry":{"type":"Polygon","coordinates":[[[-83.95,48.35833],[-83.95,48.3625],[-83.94375,48.3625],[-83.94375,48.35833],[-83.95,48.35833]]]}},{"type":"Feature","properties":{"c":"270824","o":"","e":""},"geometry":{"type":"Polygon","coordinates":[[[-83.99375,48.35833],[-83.99375,48.3625],[-83.9875,48.3625],[-83.9875,48.35833],[-83.99375,48.35833]]]}},{"type":"Feature","properties":{"c":"270127","o":"","e":""},"geometry":{"type":"Polygon","coordinates":[[[-83.96875,48.3625],[-83.96875,48.36667],[-83.9625,48.36667],[-83.9625,48.3625],[-83.96875,48.3625]]]}},{"type":"Feature","properties":{"c":"271179","o":"","e":""},"geometry":{"type":"Polygon","coordinates":[[[-83.89375,48.35],[-83.89375,48.35417],[-83.8875,48.35417],[-83.8875,48.35],[-83.89375,48.35]]]}},{"type":"Feature","properties":{"c":"271180","o":"","e":""},"geometry":{"type":"Polygon","coordinates":[[[-83.9,48.35],[-83.9,48.35417],[-83.89375,48.35417],[-83.89375,48.35],[-83.9,48.35]]]}},{"type":"Feature","properties":{"c":"593359","o":"","e":""},"geometry":{"type":"Polygon","coordinates":[[[-83.925,48.42083],[-83.925,48.425],[-83.91875,48.425],[-83.91875,48.42083],[-83.925,48.42083]]]}},{"type":"Feature","properties":{"c":"593360","o":"","e":""},"geometry":{"type":"Polygon","coordinates":[[[-83.91875,48.42083],[-83.91875,48.425],[-83.9125,48.425],[-83.9125,48.42083],[-83.91875,48.42083]]]}},{"type":"Feature","properties":{"c":"593361","o":"","e":""},"geometry":{"type":"Polygon","coordinates":[[[-83.9125,48.42083],[-83.9125,48.425],[-83.90625,48.425],[-83.90625,48.42083],[-83.9125,48.42083]]]}},{"type":"Feature","properties":{"c":"593362","o":"","e":""},"geometry":{"type":"Polygon","coordinates":[[[-83.90625,48.42083],[-83.90625,48.425],[-83.9,48.425],[-83.9,48.42083],[-83.90625,48.42083]]]}},{"type":"Feature","properties":{"c":"593363","o":"","e":""},"geometry":{"type":"Polygon","coordinates":[[[-83.9,48.42083],[-83.9,48.425],[-83.89375,48.425],[-83.89375,48.42083],[-83.9,48.42083]]]}},{"type":"Feature","properties":{"c":"593364","o":"","e":""},"geometry":{"type":"Polygon","coordinates":[[[-83.89375,48.42083],[-83.89375,48.425],[-83.8875,48.425],[-83.8875,48.42083],[-83.89375,48.42083]]]}},{"type":"Feature","properties":{"c":"593365","o":"","e":""},"geometry":{"type":"Polygon","coordinates":[[[-83.925,48.425],[-83.925,48.42917],[-83.91875,48.42917],[-83.91875,48.425],[-83.925,48.425]]]}},{"type":"Feature","properties":{"c":"593366","o":"","e":""},"geometry":{"type":"Polygon","coordinates":[[[-83.91875,48.425],[-83.91875,48.42917],[-83.9125,48.42917],[-83.9125,48.425],[-83.91875,48.425]]]}},{"type":"Feature","properties":{"c":"593367","o":"","e":""},"geometry":{"type":"Polygon","coordinates":[[[-83.9125,48.425],[-83.9125,48.42917],[-83.90625,48.42917],[-83.90625,48.425],[-83.9125,48.425]]]}},{"type":"Feature","properties":{"c":"593368","o":"","e":""},"geometry":{"type":"Polygon","coordinates":[[[-83.90625,48.425],[-83.90625,48.42917],[-83.9,48.42917],[-83.9,48.425],[-83.90625,48.425]]]}},{"type":"Feature","properties":{"c":"593369","o":"","e":""},"geometry":{"type":"Polygon","coordinates":[[[-83.9,48.425],[-83.9,48.42917],[-83.89375,48.42917],[-83.89375,48.425],[-83.9,48.425]]]}},{"type":"Feature","properties":{"c":"593370","o":"","e":""},"geometry":{"type":"Polygon","coordinates":[[[-83.89375,48.425],[-83.89375,48.42917],[-83.8875,48.42917],[-83.8875,48.425],[-83.89375,48.425]]]}},{"type":"Feature","properties":{"c":"593371","o":"","e":""},"geometry":{"type":"Polygon","coordinates":[[[-83.975,48.42917],[-83.975,48.43333],[-83.96875,48.43333],[-83.96875,48.42917],[-83.975,48.42917]]]}},{"type":"Feature","properties":{"c":"593372","o":"","e":""},"geometry":{"type":"Polygon","coordinates":[[[-83.96875,48.42917],[-83.96875,48.43333],[-83.9625,48.43333],[-83.9625,48.42917],[-83.96875,48.42917]]]}},{"type":"Feature","properties":{"c":"593373","o":"","e":""},"geometry":{"type":"Polygon","coordinates":[[[-83.9625,48.42917],[-83.9625,48.43333],[-83.95625,48.43333],[-83.95625,48.42917],[-83.9625,48.42917]]]}},{"type":"Feature","properties":{"c":"593374","o":"","e":""},"geometry":{"type":"Polygon","coordinates":[[[-83.95625,48.42917],[-83.95625,48.43333],[-83.95,48.43333],[-83.95,48.42917],[-83.95625,48.42917]]]}},{"type":"Feature","properties":{"c":"593375","o":"","e":""},"geometry":{"type":"Polygon","coordinates":[[[-83.95,48.42917],[-83.95,48.43333],[-83.94375,48.43333],[-83.94375,48.42917],[-83.95,48.42917]]]}},{"type":"Feature","properties":{"c":"593376","o":"","e":""},"geometry":{"type":"Polygon","coordinates":[[[-83.94375,48.42917],[-83.94375,48.43333],[-83.9375,48.43333],[-83.9375,48.42917],[-83.94375,48.42917]]]}},{"type":"Feature","properties":{"c":"593377","o":"","e":""},"geometry":{"type":"Polygon","coordinates":[[[-83.9375,48.42917],[-83.9375,48.43333],[-83.93125,48.43333],[-83.93125,48.42917],[-83.9375,48.42917]]]}},{"type":"Feature","properties":{"c":"593380","o":"","e":""},"geometry":{"type":"Polygon","coordinates":[[[-83.91875,48.42917],[-83.91875,48.43333],[-83.9125,48.43333],[-83.9125,48.42917],[-83.91875,48.42917]]]}},{"type":"Feature","properties":{"c":"593378","o":"","e":""},"geometry":{"type":"Polygon","coordinates":[[[-83.93125,48.42917],[-83.93125,48.43333],[-83.925,48.43333],[-83.925,48.42917],[-83.93125,48.42917]]]}},{"type":"Feature","properties":{"c":"593379","o":"","e":""},"geometry":{"type":"Polygon","coordinates":[[[-83.925,48.42917],[-83.925,48.43333],[-83.91875,48.43333],[-83.91875,48.42917],[-83.925,48.42917]]]}},{"type":"Feature","properties":{"c":"890593","o":"","e":""},"geometry":{"type":"Polygon","coordinates":[[[-83.9375,48.33333],[-83.9375,48.3375],[-83.93125,48.3375],[-83.93125,48.33333],[-83.9375,48.33333]]]}},{"type":"Feature","properties":{"c":"593382","o":"","e":""},"geometry":{"type":"Polygon","coordinates":[[[-83.90625,48.42917],[-83.90625,48.43333],[-83.9,48.43333],[-83.9,48.42917],[-83.90625,48.42917]]]}},{"type":"Feature","properties":{"c":"593383","o":"","e":""},"geometry":{"type":"Polygon","coordinates":[[[-83.9,48.42917],[-83.9,48.43333],[-83.89375,48.43333],[-83.89375,48.42917],[-83.9,48.42917]]]}},{"type":"Feature","properties":{"c":"593381","o":"","e":""},"geometry":{"type":"Polygon","coordinates":[[[-83.9125,48.42917],[-83.9125,48.43333],[-83.90625,48.43333],[-83.90625,48.42917],[-83.9125,48.42917]]]}},{"type":"Feature","properties":{"c":"593384","o":"","e":""},"geometry":{"type":"Polygon","coordinates":[[[-83.89375,48.42917],[-83.89375,48.43333],[-83.8875,48.43333],[-83.8875,48.42917],[-83.89375,48.42917]]]}},{"type":"Feature","properties":{"c":"593385","o":"","e":""},"geometry":{"type":"Polygon","coordinates":[[[-83.975,48.43333],[-83.975,48.4375],[-83.96875,48.4375],[-83.96875,48.43333],[-83.975,48.43333]]]}},{"type":"Feature","properties":{"c":"593386","o":"","e":""},"geometry":{"type":"Polygon","coordinates":[[[-83.96875,48.43333],[-83.96875,48.4375],[-83.9625,48.4375],[-83.9625,48.43333],[-83.96875,48.43333]]]}},{"type":"Feature","properties":{"c":"593387","o":"","e":""},"geometry":{"type":"Polygon","coordinates":[[[-83.9625,48.43333],[-83.9625,48.4375],[-83.95625,48.4375],[-83.95625,48.43333],[-83.9625,48.43333]]]}},{"type":"Feature","properties":{"c":"593388","o":"","e":""},"geometry":{"type":"Polygon","coordinates":[[[-83.95625,48.43333],[-83.95625,48.4375],[-83.95,48.4375],[-83.95,48.43333],[-83.95625,48.43333]]]}},{"type":"Feature","properties":{"c":"593389","o":"","e":""},"geometry":{"type":"Polygon","coordinates":[[[-83.95,48.43333],[-83.95,48.4375],[-83.94375,48.4375],[-83.94375,48.43333],[-83.95,48.43333]]]}},{"type":"Feature","properties":{"c":"593390","o":"","e":""},"geometry":{"type":"Polygon","coordinates":[[[-83.94375,48.43333],[-83.94375,48.4375],[-83.9375,48.4375],[-83.9375,48.43333],[-83.94375,48.43333]]]}},{"type":"Feature","properties":{"c":"276063","o":"","e":""},"geometry":{"type":"Polygon","coordinates":[[[-83.85,48.37917],[-83.85,48.38333],[-83.84375,48.38333],[-83.84375,48.37917],[-83.85,48.37917]]]}},{"type":"Feature","properties":{"c":"276064","o":"","e":""},"geometry":{"type":"Polygon","coordinates":[[[-83.8625,48.375],[-83.8625,48.37917],[-83.85625,48.37917],[-83.85625,48.375],[-83.8625,48.375]]]}},{"type":"Feature","properties":{"c":"277234","o":"","e":""},"geometry":{"type":"Polygon","coordinates":[[[-84.0,48.43333],[-84.0,48.4375],[-83.99375,48.4375],[-83.99375,48.43333],[-84.0,48.43333]]]}},{"type":"Feature","properties":{"c":"276992","o":"","e":""},"geometry":{"type":"Polygon","coordinates":[[[-83.86875,48.34167],[-83.86875,48.34583],[-83.8625,48.34583],[-83.8625,48.34167],[-83.86875,48.34167]]]}},{"type":"Feature","properties":{"c":"276309","o":"","e":""},"geometry":{"type":"Polygon","coordinates":[[[-83.9,48.4],[-83.9,48.40417],[-83.89375,48.40417],[-83.89375,48.4],[-83.9,48.4]]]}},{"type":"Feature","properties":{"c":"275743","o":"","e":""},"geometry":{"type":"Polygon","coordinates":[[[-83.93125,48.41667],[-83.93125,48.42083],[-83.925,48.42083],[-83.925,48.41667],[-83.93125,48.41667]]]}},{"type":"Feature","properties":{"c":"276792","o":"","e":""},"geometry":{"type":"Polygon","coordinates":[[[-83.96875,48.34167],[-83.96875,48.34583],[-83.9625,48.34583],[-83.9625,48.34167],[-83.96875,48.34167]]]}},{"type":"Feature","properties":{"c":"276793","o":"","e":""},"geometry":{"type":"Polygon","coordinates":[[[-83.95,48.33333],[-83.95,48.3375],[-83.94375,48.3375],[-83.94375,48.33333],[-83.95,48.33333]]]}},{"type":"Feature","properties":{"c":"281343","o":"","e":""},"geometry":{"type":"Polygon","coordinates":[[[-83.98125,48.425],[-83.98125,48.42917],[-83.975,48.42917],[-83.975,48.425],[-83.98125,48.425]]]}},{"type":"Feature","properties":{"c":"277615","o":"","e":""},"geometry":{"type":"Polygon","coordinates":[[[-83.9125,48.3375],[-83.9125,48.34167],[-83.90625,48.34167],[-83.90625,48.3375],[-83.9125,48.3375]]]}},{"type":"Feature","properties":{"c":"280250","o":"","e":""},"geometry":{"type":"Polygon","coordinates":[[[-83.99375,48.35],[-83.99375,48.35417],[-83.9875,48.35417],[-83.9875,48.35],[-83.99375,48.35]]]}},{"type":"Feature","properties":{"c":"277410","o":"","e":""},"geometry":{"type":"Polygon","coordinates":[[[-83.86875,48.40833],[-83.86875,48.4125],[-83.8625,48.4125],[-83.8625,48.40833],[-83.86875,48.40833]]]}},{"type":"Feature","properties":{"c":"281057","o":"","e":""},"geometry":{"type":"Polygon","coordinates":[[[-83.94375,48.37083],[-83.94375,48.375],[-83.9375,48.375],[-83.9375,48.37083],[-83.94375,48.37083]]]}},{"type":"Feature","properties":{"c":"281635","o":"","e":""},"geometry":{"type":"Polygon","coordinates":[[[-83.95,48.3625],[-83.95,48.36667],[-83.94375,48.36667],[-83.94375,48.3625],[-83.95,48.3625]]]}},{"type":"Feature","properties":{"c":"281636","o":"","e":""},"geometry":{"type":"Polygon","coordinates":[[[-83.9625,48.3625],[-83.9625,48.36667],[-83.95625,48.36667],[-83.95625,48.3625],[-83.9625,48.3625]]]}},{"type":"Feature","properties":{"c":"281637","o":"","e":""},"geometry":{"type":"Polygon","coordinates":[[[-83.9625,48.35833],[-83.9625,48.3625],[-83.95625,48.3625],[-83.95625,48.35833],[-83.9625,48.35833]]]}},{"type":"Feature","properties":{"c":"281638","o":"","e":""},"geometry":{"type":"Polygon","coordinates":[[[-83.95,48.35417],[-83.95,48.35833],[-83.94375,48.35833],[-83.94375,48.35417],[-83.95,48.35417]]]}},{"type":"Feature","properties":{"c":"279755","o":"","e":""},"geometry":{"type":"Polygon","coordinates":[[[-83.925,48.34583],[-83.925,48.35],[-83.91875,48.35],[-83.91875,48.34583],[-83.925,48.34583]]]}},{"type":"Feature","properties":{"c":"279756","o":"","e":""},"geometry":{"type":"Polygon","coordinates":[[[-83.93125,48.34583],[-83.93125,48.35],[-83.925,48.35],[-83.925,48.34583],[-83.93125,48.34583]]]}},{"type":"Feature","properties":{"c":"280502","o":"","e":""},"geometry":{"type":"Polygon","coordinates":[[[-83.9,48.35417],[-83.9,48.35833],[-83.89375,48.35833],[-83.89375,48.35417],[-83.9,48.35417]]]}},{"type":"Feature","properties":{"c":"280503","o":"","e":""},"geometry":{"type":"Polygon","coordinates":[[[-83.91875,48.34583],[-83.91875,48.35],[-83.9125,48.35],[-83.9125,48.34583],[-83.91875,48.34583]]]}},{"type":"Feature","properties":{"c":"593413","o":"","e":""},"geometry":{"type":"Polygon","coordinates":[[[-83.9875,48.375],[-83.9875,48.37917],[-83.98125,48.37917],[-83.98125,48.375],[-83.9875,48.375]]]}},{"type":"Feature","properties":{"c":"593414","o":"","e":""},"geometry":{"type":"Polygon","coordinates":[[[-83.98125,48.375],[-83.98125,48.37917],[-83.975,48.37917],[-83.975,48.375],[-83.98125,48.375]]]}},{"type":"Feature","properties":{"c":"593415","o":"","e":""},"geometry":{"type":"Polygon","coordinates":[[[-83.975,48.375],[-83.975,48.37917],[-83.96875,48.37917],[-83.96875,48.375],[-83.975,48.375]]]}},{"type":"Feature","properties":{"c":"593416","o":"","e":""},"geometry":{"type":"Polygon","coordinates":[[[-83.96875,48.375],[-83.96875,48.37917],[-83.9625,48.37917],[-83.9625,48.375],[-83.96875,48.375]]]}},{"type":"Feature","properties":{"c":"593417","o":"","e":""},"geometry":{"type":"Polygon","coordinates":[[[-83.9875,48.37917],[-83.9875,48.38333],[-83.98125,48.38333],[-83.98125,48.37917],[-83.9875,48.37917]]]}},{"type":"Feature","properties":{"c":"593418","o":"","e":""},"geometry":{"type":"Polygon","coordinates":[[[-83.98125,48.37917],[-83.98125,48.38333],[-83.975,48.38333],[-83.975,48.37917],[-83.98125,48.37917]]]}},{"type":"Feature","properties":{"c":"593419","o":"","e":""},"geometry":{"type":"Polygon","coordinates":[[[-83.975,48.37917],[-83.975,48.38333],[-83.96875,48.38333],[-83.96875,48.37917],[-83.975,48.37917]]]}},{"type":"Feature","properties":{"c":"593420","o":"","e":""},"geometry":{"type":"Polygon","coordinates":[[[-83.96875,48.37917],[-83.96875,48.38333],[-83.9625,48.38333],[-83.9625,48.37917],[-83.96875,48.37917]]]}},{"type":"Feature","properties":{"c":"593421","o":"","e":""},"geometry":{"type":"Polygon","coordinates":[[[-84.0,48.38333],[-84.0,48.3875],[-83.99375,48.3875],[-83.99375,48.38333],[-84.0,48.38333]]]}},{"type":"Feature","properties":{"c":"593422","o":"","e":""},"geometry":{"type":"Polygon","coordinates":[[[-83.99375,48.38333],[-83.99375,48.3875],[-83.9875,48.3875],[-83.9875,48.38333],[-83.99375,48.38333]]]}},{"type":"Feature","properties":{"c":"593423","o":"","e":""},"geometry":{"type":"Polygon","coordinates":[[[-83.9875,48.38333],[-83.9875,48.3875],[-83.98125,48.3875],[-83.98125,48.38333],[-83.9875,48.38333]]]}},{"type":"Feature","properties":{"c":"593424","o":"","e":""},"geometry":{"type":"Polygon","coordinates":[[[-83.98125,48.38333],[-83.98125,48.3875],[-83.975,48.3875],[-83.975,48.38333],[-83.98125,48.38333]]]}},{"type":"Feature","properties":{"c":"593425","o":"","e":""},"geometry":{"type":"Polygon","coordinates":[[[-83.975,48.38333],[-83.975,48.3875],[-83.96875,48.3875],[-83.96875,48.38333],[-83.975,48.38333]]]}},{"type":"Feature","properties":{"c":"593442","o":"","e":""},"geometry":{"type":"Polygon","coordinates":[[[-83.96875,48.39583],[-83.96875,48.4],[-83.9625,48.4],[-83.9625,48.39583],[-83.96875,48.39583]]]}},{"type":"Feature","properties":{"c":"593426","o":"","e":""},"geometry":{"type":"Polygon","coordinates":[[[-83.96875,48.38333],[-83.96875,48.3875],[-83.9625,48.3875],[-83.9625,48.38333],[-83.96875,48.38333]]]}},{"type":"Feature","properties":{"c":"593427","o":"","e":""},"geometry":{"type":"Polygon","coordinates":[[[-83.9875,48.3875],[-83.9875,48.39167],[-83.98125,48.39167],[-83.98125,48.3875],[-83.9875,48.3875]]]}},{"type":"Feature","properties":{"c":"593428","o":"","e":""},"geometry":{"type":"Polygon","coordinates":[[[-83.98125,48.3875],[-83.98125,48.39167],[-83.975,48.39167],[-83.975,48.3875],[-83.98125,48.3875]]]}},{"type":"Feature","properties":{"c":"593429","o":"","e":""},"geometry":{"type":"Polygon","coordinates":[[[-83.975,48.3875],[-83.975,48.39167],[-83.96875,48.39167],[-83.96875,48.3875],[-83.975,48.3875]]]}},{"type":"Feature","properties":{"c":"593430","o":"","e":""},"geometry":{"type":"Polygon","coordinates":[[[-83.96875,48.3875],[-83.96875,48.39167],[-83.9625,48.39167],[-83.9625,48.3875],[-83.96875,48.3875]]]}},{"type":"Feature","properties":{"c":"593431","o":"","e":""},"geometry":{"type":"Polygon","coordinates":[[[-83.9625,48.3875],[-83.9625,48.39167],[-83.95625,48.39167],[-83.95625,48.3875],[-83.9625,48.3875]]]}},{"type":"Feature","properties":{"c":"593432","o":"","e":""},"geometry":{"type":"Polygon","coordinates":[[[-83.9875,48.39167],[-83.9875,48.39583],[-83.98125,48.39583],[-83.98125,48.39167],[-83.9875,48.39167]]]}},{"type":"Feature","properties":{"c":"593433","o":"","e":""},"geometry":{"type":"Polygon","coordinates":[[[-83.98125,48.39167],[-83.98125,48.39583],[-83.975,48.39583],[-83.975,48.39167],[-83.98125,48.39167]]]}},{"type":"Feature","properties":{"c":"593434","o":"","e":""},"geometry":{"type":"Polygon","coordinates":[[[-83.975,48.39167],[-83.975,48.39583],[-83.96875,48.39583],[-83.96875,48.39167],[-83.975,48.39167]]]}},{"type":"Feature","properties":{"c":"593435","o":"","e":""},"geometry":{"type":"Polygon","coordinates":[[[-83.96875,48.39167],[-83.96875,48.39583],[-83.9625,48.39583],[-83.9625,48.39167],[-83.96875,48.39167]]]}},{"type":"Feature","properties":{"c":"593436","o":"","e":""},"geometry":{"type":"Polygon","coordinates":[[[-83.9625,48.39167],[-83.9625,48.39583],[-83.95625,48.39583],[-83.95625,48.39167],[-83.9625,48.39167]]]}},{"type":"Feature","properties":{"c":"593437","o":"","e":""},"geometry":{"type":"Polygon","coordinates":[[[-84.0,48.39583],[-84.0,48.4],[-83.99375,48.4],[-83.99375,48.39583],[-84.0,48.39583]]]}},{"type":"Feature","properties":{"c":"593438","o":"","e":""},"geometry":{"type":"Polygon","coordinates":[[[-83.99375,48.39583],[-83.99375,48.4],[-83.9875,48.4],[-83.9875,48.39583],[-83.99375,48.39583]]]}},{"type":"Feature","properties":{"c":"593439","o":"","e":""},"geometry":{"type":"Polygon","coordinates":[[[-83.9875,48.39583],[-83.9875,48.4],[-83.98125,48.4],[-83.98125,48.39583],[-83.9875,48.39583]]]}},{"type":"Feature","properties":{"c":"593440","o":"","e":""},"geometry":{"type":"Polygon","coordinates":[[[-83.98125,48.39583],[-83.98125,48.4],[-83.975,48.4],[-83.975,48.39583],[-83.98125,48.39583]]]}},{"type":"Feature","properties":{"c":"593441","o":"","e":""},"geometry":{"type":"Polygon","coordinates":[[[-83.975,48.39583],[-83.975,48.4],[-83.96875,48.4],[-83.96875,48.39583],[-83.975,48.39583]]]}},{"type":"Feature","properties":{"c":"279799","o":"","e":""},"geometry":{"type":"Polygon","coordinates":[[[-83.925,48.38333],[-83.925,48.3875],[-83.91875,48.3875],[-83.91875,48.38333],[-83.925,48.38333]]]}},{"type":"Feature","properties":{"c":"593443","o":"","e":""},"geometry":{"type":"Polygon","coordinates":[[[-83.9625,48.39583],[-83.9625,48.4],[-83.95625,48.4],[-83.95625,48.39583],[-83.9625,48.39583]]]}},{"type":"Feature","properties":{"c":"283449","o":"","e":""},"geometry":{"type":"Polygon","coordinates":[[[-83.975,48.35833],[-83.975,48.3625],[-83.96875,48.3625],[-83.96875,48.35833],[-83.975,48.35833]]]}},{"type":"Feature","properties":{"c":"281993","o":"","e":""},"geometry":{"type":"Polygon","coordinates":[[[-84.0,48.40833],[-84.0,48.4125],[-83.99375,48.4125],[-83.99375,48.40833],[-84.0,48.40833]]]}},{"type":"Feature","properties":{"c":"283892","o":"","e":""},"geometry":{"type":"Polygon","coordinates":[[[-83.925,48.3875],[-83.925,48.39167],[-83.91875,48.39167],[-83.91875,48.3875],[-83.925,48.3875]]]}},{"type":"Feature","properties":{"c":"283893","o":"","e":""},"geometry":{"type":"Polygon","coordinates":[[[-83.90625,48.38333],[-83.90625,48.3875],[-83.9,48.3875],[-83.9,48.38333],[-83.90625,48.38333]]]}},{"type":"Feature","properties":{"c":"283894","o":"","e":""},"geometry":{"type":"Polygon","coordinates":[[[-83.9125,48.37917],[-83.9125,48.38333],[-83.90625,48.38333],[-83.90625,48.37917],[-83.9125,48.37917]]]}},{"type":"Feature","properties":{"c":"283895","o":"","e":""},"geometry":{"type":"Polygon","coordinates":[[[-83.91875,48.41667],[-83.91875,48.42083],[-83.9125,48.42083],[-83.9125,48.41667],[-83.91875,48.41667]]]}},{"type":"Feature","properties":{"c":"283896","o":"","e":""},"geometry":{"type":"Polygon","coordinates":[[[-83.9125,48.4125],[-83.9125,48.41667],[-83.90625,48.41667],[-83.90625,48.4125],[-83.9125,48.4125]]]}},{"type":"Feature","properties":{"c":"287526","o":"","e":""},"geometry":{"type":"Polygon","coordinates":[[[-83.94375,48.37083],[-83.94375,48.375],[-83.9375,48.375],[-83.9375,48.37083],[-83.94375,48.37083]]]}},{"type":"Feature","properties":{"c":"284543","o":"","e":""},"geometry":{"type":"Polygon","coordinates":[[[-83.875,48.43333],[-83.875,48.4375],[-83.86875,48.4375],[-83.86875,48.43333],[-83.875,48.43333]]]}},{"type":"Feature","properties":{"c":"284544","o":"","e":""},"geometry":{"type":"Polygon","coordinates":[[[-83.8875,48.425],[-83.8875,48.42917],[-83.88125,48.42917],[-83.88125,48.425],[-83.8875,48.425]]]}},{"type":"Feature","properties":{"c":"284545","o":"","e":""},"geometry":{"type":"Polygon","coordinates":[[[-83.875,48.42083],[-83.875,48.425],[-83.86875,48.425],[-83.86875,48.42083],[-83.875,48.42083]]]}},{"type":"Feature","properties":{"c":"288170","o":"","e":""},"geometry":{"type":"Polygon","coordinates":[[[-83.8625,48.37083],[-83.8625,48.375],[-83.85625,48.375],[-83.85625,48.37083],[-83.8625,48.37083]]]}},{"type":"Feature","properties":{"c":"593391","o":"","e":""},"geometry":{"type":"Polygon","coordinates":[[[-83.99375,48.40417],[-83.99375,48.40833],[-83.9875,48.40833],[-83.9875,48.40417],[-83.99375,48.40417]]]}},{"type":"Feature","properties":{"c":"593392","o":"","e":""},"geometry":{"type":"Polygon","coordinates":[[[-83.9875,48.40417],[-83.9875,48.40833],[-83.98125,48.40833],[-83.98125,48.40417],[-83.9875,48.40417]]]}},{"type":"Feature","properties":{"c":"593393","o":"","e":""},"geometry":{"type":"Polygon","coordinates":[[[-83.98125,48.40417],[-83.98125,48.40833],[-83.975,48.40833],[-83.975,48.40417],[-83.98125,48.40417]]]}},{"type":"Feature","properties":{"c":"593394","o":"","e":""},"geometry":{"type":"Polygon","coordinates":[[[-83.975,48.40417],[-83.975,48.40833],[-83.96875,48.40833],[-83.96875,48.40417],[-83.975,48.40417]]]}},{"type":"Feature","properties":{"c":"593395","o":"","e":""},"geometry":{"type":"Polygon","coordinates":[[[-83.96875,48.40417],[-83.96875,48.40833],[-83.9625,48.40833],[-83.9625,48.40417],[-83.96875,48.40417]]]}},{"type":"Feature","properties":{"c":"593396","o":"","e":""},"geometry":{"type":"Polygon","coordinates":[[[-83.9625,48.40417],[-83.9625,48.40833],[-83.95625,48.40833],[-83.95625,48.40417],[-83.9625,48.40417]]]}},{"type":"Feature","properties":{"c":"593397","o":"","e":""},"geometry":{"type":"Polygon","coordinates":[[[-83.95625,48.40417],[-83.95625,48.40833],[-83.95,48.40833],[-83.95,48.40417],[-83.95625,48.40417]]]}},{"type":"Feature","properties":{"c":"284448","o":"","e":""},"geometry":{"type":"Polygon","coordinates":[[[-83.9125,48.3875],[-83.9125,48.39167],[-83.90625,48.39167],[-83.90625,48.3875],[-83.9125,48.3875]]]}},{"type":"Feature","properties":{"c":"593398","o":"","e":""},"geometry":{"type":"Polygon","coordinates":[[[-83.95,48.40417],[-83.95,48.40833],[-83.94375,48.40833],[-83.94375,48.40417],[-83.95,48.40417]]]}},{"type":"Feature","properties":{"c":"593399","o":"","e":""},"geometry":{"type":"Polygon","coordinates":[[[-83.94375,48.40417],[-83.94375,48.40833],[-83.9375,48.40833],[-83.9375,48.40417],[-83.94375,48.40417]]]}},{"type":"Feature","properties":{"c":"593400","o":"","e":""},"geometry":{"type":"Polygon","coordinates":[[[-83.9375,48.40417],[-83.9375,48.40833],[-83.93125,48.40833],[-83.93125,48.40417],[-83.9375,48.40417]]]}},{"type":"Feature","properties":{"c":"288887","o":"","e":""},"geometry":{"type":"Polygon","coordinates":[[[-83.9625,48.34583],[-83.9625,48.35],[-83.95625,48.35],[-83.95625,48.34583],[-83.9625,48.34583]]]}},{"type":"Feature","properties":{"c":"290044","o":"","e":""},"geometry":{"type":"Polygon","coordinates":[[[-83.99375,48.425],[-83.99375,48.42917],[-83.9875,48.42917],[-83.9875,48.425],[-83.99375,48.425]]]}},{"type":"Feature","properties":{"c":"289151","o":"","e":""},"geometry":{"type":"Polygon","coordinates":[[[-83.9625,48.37083],[-83.9625,48.375],[-83.95625,48.375],[-83.95625,48.37083],[-83.9625,48.37083]]]}},{"type":"Feature","properties":{"c":"289152","o":"","e":""},"geometry":{"type":"Polygon","coordinates":[[[-83.95625,48.3625],[-83.95625,48.36667],[-83.95,48.36667],[-83.95,48.3625],[-83.95625,48.3625]]]}},{"type":"Feature","properties":{"c":"289106","o":"","e":""},"geometry":{"type":"Polygon","coordinates":[[[-83.90625,48.34583],[-83.90625,48.35],[-83.9,48.35],[-83.9,48.34583],[-83.90625,48.34583]]]}},{"type":"Feature","properties":{"c":"295644","o":"","e":""},"geometry":{"type":"Polygon","coordinates":[[[-83.95625,48.3375],[-83.95625,48.34167],[-83.95,48.34167],[-83.95,48.3375],[-83.95625,48.3375]]]}},{"type":"Feature","properties":{"c":"295645","o":"","e":""},"geometry":{"type":"Polygon","coordinates":[[[-83.9625,48.3375],[-83.9625,48.34167],[-83.95625,48.34167],[-83.95625,48.3375],[-83.9625,48.3375]]]}},{"type":"Feature","properties":{"c":"295089","o":"","e":""},"geometry":{"type":"Polygon","coordinates":[[[-83.86875,48.40833],[-83.86875,48.4125],[-83.8625,48.4125],[-83.8625,48.40833],[-83.86875,48.40833]]]}},{"type":"Feature","properties":{"c":"292489","o":"","e":""},"geometry":{"type":"Polygon","coordinates":[[[-83.91875,48.38333],[-83.91875,48.3875],[-83.9125,48.3875],[-83.9125,48.38333],[-83.91875,48.38333]]]}},{"type":"Feature","properties":{"c":"292490","o":"","e":""},"geometry":{"type":"Polygon","coordinates":[[[-83.90625,48.37917],[-83.90625,48.38333],[-83.9,48.38333],[-83.9,48.37917],[-83.90625,48.37917]]]}},{"type":"Feature","properties":{"c":"292491","o":"","e":""},"geometry":{"type":"Polygon","coordinates":[[[-83.91875,48.375],[-83.91875,48.37917],[-83.9125,48.37917],[-83.9125,48.375],[-83.91875,48.375]]]}},{"type":"Feature","properties":{"c":"1066743","o":"","e":""},"geometry":{"type":"Polygon","coordinates":[[[-83.98125,48.44583],[-83.98125,48.45],[-83.975,48.45],[-83.975,48.44583],[-83.98125,48.44583]]]}},{"type":"Feature","properties":{"c":"1066744","o":"","e":""},"geometry":{"type":"Polygon","coordinates":[[[-83.975,48.44167],[-83.975,48.44583],[-83.96875,48.44583],[-83.96875,48.44167],[-83.975,48.44167]]]}},{"type":"Feature","properties":{"c":"1066745","o":"","e":""},"geometry":{"type":"Polygon","coordinates":[[[-83.975,48.45],[-83.975,48.45417],[-83.96875,48.45417],[-83.96875,48.45],[-83.975,48.45]]]}},{"type":"Feature","properties":{"c":"1066746","o":"","e":""},"geometry":{"type":"Polygon","coordinates":[[[-83.96875,48.44583],[-83.96875,48.45],[-83.9625,48.45],[-83.9625,48.44583],[-83.96875,48.44583]]]}},{"type":"Feature","properties":{"c":"1066751","o":"","e":""},"geometry":{"type":"Polygon","coordinates":[[[-83.93125,48.44583],[-83.93125,48.45],[-83.925,48.45],[-83.925,48.44583],[-83.93125,48.44583]]]}},{"type":"Feature","properties":{"c":"1066747","o":"","e":""},"geometry":{"type":"Polygon","coordinates":[[[-83.9625,48.44583],[-83.9625,48.45],[-83.95625,48.45],[-83.95625,48.44583],[-83.9625,48.44583]]]}},{"type":"Feature","properties":{"c":"1066748","o":"","e":""},"geometry":{"type":"Polygon","coordinates":[[[-83.95625,48.44167],[-83.95625,48.44583],[-83.95,48.44583],[-83.95,48.44167],[-83.95625,48.44167]]]}},{"type":"Feature","properties":{"c":"1066749","o":"","e":""},"geometry":{"type":"Polygon","coordinates":[[[-83.9375,48.44583],[-83.9375,48.45],[-83.93125,48.45],[-83.93125,48.44583],[-83.9375,48.44583]]]}},{"type":"Feature","properties":{"c":"1066750","o":"","e":""},"geometry":{"type":"Polygon","coordinates":[[[-83.9375,48.45],[-83.9375,48.45417],[-83.93125,48.45417],[-83.93125,48.45],[-83.9375,48.45]]]}},{"type":"Feature","properties":{"c":"1066772","o":"","e":""},"geometry":{"type":"Polygon","coordinates":[[[-83.95625,48.45833],[-83.95625,48.4625],[-83.95,48.4625],[-83.95,48.45833],[-83.95625,48.45833]]]}},{"type":"Feature","properties":{"c":"1066771","o":"","e":""},"geometry":{"type":"Polygon","coordinates":[[[-83.9625,48.45417],[-83.9625,48.45833],[-83.95625,48.45833],[-83.95625,48.45417],[-83.9625,48.45417]]]}},{"type":"Feature","properties":{"c":"1066773","o":"","e":""},"geometry":{"type":"Polygon","coordinates":[[[-83.94375,48.45417],[-83.94375,48.45833],[-83.9375,48.45833],[-83.9375,48.45417],[-83.94375,48.45417]]]}},{"type":"Feature","properties":{"c":"1066774","o":"","e":""},"geometry":{"type":"Polygon","coordinates":[[[-83.9375,48.44167],[-83.9375,48.44583],[-83.93125,48.44583],[-83.93125,48.44167],[-83.9375,48.44167]]]}},{"type":"Feature","properties":{"c":"1066775","o":"","e":""},"geometry":{"type":"Polygon","coordinates":[[[-83.9875,48.44167],[-83.9875,48.44583],[-83.98125,48.44583],[-83.98125,48.44167],[-83.9875,48.44167]]]}},{"type":"Feature","properties":{"c":"1066776","o":"","e":""},"geometry":{"type":"Polygon","coordinates":[[[-83.9875,48.45],[-83.9875,48.45417],[-83.98125,48.45417],[-83.98125,48.45],[-83.9875,48.45]]]}},{"type":"Feature","properties":{"c":"295163","o":"","e":""},"geometry":{"type":"Polygon","coordinates":[[[-83.90625,48.4],[-83.90625,48.40417],[-83.9,48.40417],[-83.9,48.4],[-83.90625,48.4]]]}},{"type":"Feature","properties":{"c":"295164","o":"","e":""},"geometry":{"type":"Polygon","coordinates":[[[-83.8875,48.39583],[-83.8875,48.4],[-83.88125,48.4],[-83.88125,48.39583],[-83.8875,48.39583]]]}},{"type":"Feature","properties":{"c":"294918","o":"","e":""},"geometry":{"type":"Polygon","coordinates":[[[-83.85625,48.36667],[-83.85625,48.37083],[-83.85,48.37083],[-83.85,48.36667],[-83.85625,48.36667]]]}},{"type":"Feature","properties":{"c":"296366","o":"","e":""},"geometry":{"type":"Polygon","coordinates":[[[-83.8625,48.34167],[-83.8625,48.34583],[-83.85625,48.34583],[-83.85625,48.34167],[-83.8625,48.34167]]]}},{"type":"Feature","properties":{"c":"296367","o":"","e":""},"geometry":{"type":"Polygon","coordinates":[[[-83.875,48.34167],[-83.875,48.34583],[-83.86875,48.34583],[-83.86875,48.34167],[-83.875,48.34167]]]}},{"type":"Feature","properties":{"c":"296252","o":"","e":""},"geometry":{"type":"Polygon","coordinates":[[[-83.8875,48.41667],[-83.8875,48.42083],[-83.88125,48.42083],[-83.88125,48.41667],[-83.8875,48.41667]]]}},{"type":"Feature","properties":{"c":"297548","o":"","e":""},"geometry":{"type":"Polygon","coordinates":[[[-83.99375,48.35417],[-83.99375,48.35833],[-83.9875,48.35833],[-83.9875,48.35417],[-83.99375,48.35417]]]}},{"type":"Feature","properties":{"c":"1066757","o":"","e":""},"geometry":{"type":"Polygon","coordinates":[[[-83.95,48.45417],[-83.95,48.45833],[-83.94375,48.45833],[-83.94375,48.45417],[-83.95,48.45417]]]}},{"type":"Feature","properties":{"c":"1066758","o":"","e":""},"geometry":{"type":"Polygon","coordinates":[[[-83.94375,48.44167],[-83.94375,48.44583],[-83.9375,48.44583],[-83.9375,48.44167],[-83.94375,48.44167]]]}},{"type":"Feature","properties":{"c":"1066759","o":"","e":""},"geometry":{"type":"Polygon","coordinates":[[[-83.94375,48.45],[-83.94375,48.45417],[-83.9375,48.45417],[-83.9375,48.45],[-83.94375,48.45]]]}},{"type":"Feature","properties":{"c":"1066760","o":"","e":""},"geometry":{"type":"Polygon","coordinates":[[[-83.9375,48.45417],[-83.9375,48.45833],[-83.93125,48.45833],[-83.93125,48.45417],[-83.9375,48.45417]]]}},{"type":"Feature","properties":{"c":"1066761","o":"","e":""},"geometry":{"type":"Polygon","coordinates":[[[-83.93125,48.45],[-83.93125,48.45417],[-83.925,48.45417],[-83.925,48.45],[-83.93125,48.45]]]}},{"type":"Feature","properties":{"c":"1066762","o":"","e":""},"geometry":{"type":"Polygon","coordinates":[[[-83.93125,48.45417],[-83.93125,48.45833],[-83.925,48.45833],[-83.925,48.45417],[-83.93125,48.45417]]]}},{"type":"Feature","properties":{"c":"1066763","o":"","e":""},"geometry":{"type":"Polygon","coordinates":[[[-83.96875,48.44167],[-83.96875,48.44583],[-83.9625,48.44583],[-83.9625,48.44167],[-83.96875,48.44167]]]}},{"type":"Feature","properties":{"c":"1066764","o":"","e":""},"geometry":{"type":"Polygon","coordinates":[[[-83.95,48.45],[-83.95,48.45417],[-83.94375,48.45417],[-83.94375,48.45],[-83.95,48.45]]]}},{"type":"Feature","properties":{"c":"1066765","o":"","e":""},"geometry":{"type":"Polygon","coordinates":[[[-83.98125,48.45833],[-83.98125,48.4625],[-83.975,48.4625],[-83.975,48.45833],[-83.98125,48.45833]]]}},{"type":"Feature","properties":{"c":"1066766","o":"","e":""},"geometry":{"type":"Polygon","coordinates":[[[-83.9625,48.44167],[-83.9625,48.44583],[-83.95625,48.44583],[-83.95625,48.44167],[-83.9625,48.44167]]]}},{"type":"Feature","properties":{"c":"1066767","o":"","e":""},"geometry":{"type":"Polygon","coordinates":[[[-83.95625,48.45417],[-83.95625,48.45833],[-83.95,48.45833],[-83.95,48.45417],[-83.95625,48.45417]]]}},{"type":"Feature","properties":{"c":"1066768","o":"","e":""},"geometry":{"type":"Polygon","coordinates":[[[-83.95,48.45833],[-83.95,48.4625],[-83.94375,48.4625],[-83.94375,48.45833],[-83.95,48.45833]]]}},{"type":"Feature","properties":{"c":"1066769","o":"","e":""},"geometry":{"type":"Polygon","coordinates":[[[-83.94375,48.45833],[-83.94375,48.4625],[-83.9375,48.4625],[-83.9375,48.45833],[-83.94375,48.45833]]]}},{"type":"Feature","properties":{"c":"1066770","o":"","e":""},"geometry":{"type":"Polygon","coordinates":[[[-83.96875,48.45],[-83.96875,48.45417],[-83.9625,48.45417],[-83.9625,48.45],[-83.96875,48.45]]]}},{"type":"Feature","properties":{"c":"296319","o":"","e":""},"geometry":{"type":"Polygon","coordinates":[[[-84.0,48.35],[-84.0,48.35417],[-83.99375,48.35417],[-83.99375,48.35],[-84.0,48.35]]]}},{"type":"Feature","properties":{"c":"299141","o":"","e":""},"geometry":{"type":"Polygon","coordinates":[[[-83.875,48.35833],[-83.875,48.3625],[-83.86875,48.3625],[-83.86875,48.35833],[-83.875,48.35833]]]}},{"type":"Feature","properties":{"c":"926366","o":"","e":""},"geometry":{"type":"Polygon","coordinates":[[[-83.96875,48.46667],[-83.96875,48.47083],[-83.9625,48.47083],[-83.9625,48.46667],[-83.96875,48.46667]]]}},{"type":"Feature","properties":{"c":"926367","o":"","e":""},"geometry":{"type":"Polygon","coordinates":[[[-83.9625,48.46667],[-83.9625,48.47083],[-83.95625,48.47083],[-83.95625,48.46667],[-83.9625,48.46667]]]}},{"type":"Feature","properties":{"c":"926368","o":"","e":""},"geometry":{"type":"Polygon","coordinates":[[[-83.975,48.4625],[-83.975,48.46667],[-83.96875,48.46667],[-83.96875,48.4625],[-83.975,48.4625]]]}},{"type":"Feature","properties":{"c":"926369","o":"","e":""},"geometry":{"type":"Polygon","coordinates":[[[-83.95,48.4625],[-83.95,48.46667],[-83.94375,48.46667],[-83.94375,48.4625],[-83.95,48.4625]]]}},{"type":"Feature","properties":{"c":"296478","o":"","e":""},"geometry":{"type":"Polygon","coordinates":[[[-83.9,48.34167],[-83.9,48.34583],[-83.89375,48.34583],[-83.89375,48.34167],[-83.9,48.34167]]]}},{"type":"Feature","properties":{"c":"296479","o":"","e":""},"geometry":{"type":"Polygon","coordinates":[[[-83.90625,48.34167],[-83.90625,48.34583],[-83.9,48.34583],[-83.9,48.34167],[-83.90625,48.34167]]]}},{"type":"Feature","properties":{"c":"302121","o":"","e":""},"geometry":{"type":"Polygon","coordinates":[[[-83.98125,48.41667],[-83.98125,48.42083],[-83.975,48.42083],[-83.975,48.41667],[-83.98125,48.41667]]]}},{"type":"Feature","properties":{"c":"299943","o":"","e":""},"geometry":{"type":"Polygon","coordinates":[[[-83.925,48.35833],[-83.925,48.3625],[-83.91875,48.3625],[-83.91875,48.35833],[-83.925,48.35833]]]}},{"type":"Feature","properties":{"c":"299944","o":"","e":""},"geometry":{"type":"Polygon","coordinates":[[[-83.93125,48.35],[-83.93125,48.35417],[-83.925,48.35417],[-83.925,48.35],[-83.93125,48.35]]]}},{"type":"Feature","properties":{"c":"299945","o":"","e":""},"geometry":{"type":"Polygon","coordinates":[[[-83.9375,48.35],[-83.9375,48.35417],[-83.93125,48.35417],[-83.93125,48.35],[-83.9375,48.35]]]}},{"type":"Feature","properties":{"c":"299946","o":"","e":""},"geometry":{"type":"Polygon","coordinates":[[[-83.98125,48.36667],[-83.98125,48.37083],[-83.975,48.37083],[-83.975,48.36667],[-83.98125,48.36667]]]}},{"type":"Feature","properties":{"c":"298924","o":"","e":""},"geometry":{"type":"Polygon","coordinates":[[[-83.9625,48.35],[-83.9625,48.35417],[-83.95625,48.35417],[-83.95625,48.35],[-83.9625,48.35]]]}},{"type":"Feature","properties":{"c":"1067287","o":"","e":""},"geometry":{"type":"Polygon","coordinates":[[[-83.99375,48.21667],[-83.99375,48.22083],[-83.9875,48.22083],[-83.9875,48.21667],[-83.99375,48.21667]]]}},{"type":"Feature","properties":{"c":"1067288","o":"","e":""},"geometry":{"type":"Polygon","coordinates":[[[-84.0,48.2125],[-84.0,48.21667],[-83.99375,48.21667],[-83.99375,48.2125],[-84.0,48.2125]]]}},{"type":"Feature","properties":{"c":"1067289","o":"","e":""},"geometry":{"type":"Polygon","coordinates":[[[-84.0,48.21667],[-84.0,48.22083],[-83.99375,48.22083],[-83.99375,48.21667],[-84.0,48.21667]]]}},{"type":"Feature","properties":{"c":"1067296","o":"","e":""},"geometry":{"type":"Polygon","coordinates":[[[-84.0,48.2375],[-84.0,48.24167],[-83.99375,48.24167],[-83.99375,48.2375],[-84.0,48.2375]]]}},{"type":"Feature","properties":{"c":"1067290","o":"","e":""},"geometry":{"type":"Polygon","coordinates":[[[-84.0,48.20833],[-84.0,48.2125],[-83.99375,48.2125],[-83.99375,48.20833],[-84.0,48.20833]]]}},{"type":"Feature","properties":{"c":"1067291","o":"","e":""},"geometry":{"type":"Polygon","coordinates":[[[-83.99375,48.20833],[-83.99375,48.2125],[-83.9875,48.2125],[-83.9875,48.20833],[-83.99375,48.20833]]]}},{"type":"Feature","properties":{"c":"1067292","o":"","e":""},"geometry":{"type":"Polygon","coordinates":[[[-84.0,48.225],[-84.0,48.22917],[-83.99375,48.22917],[-83.99375,48.225],[-84.0,48.225]]]}},{"type":"Feature","properties":{"c":"1067293","o":"","e":""},"geometry":{"type":"Polygon","coordinates":[[[-83.99375,48.22083],[-83.99375,48.225],[-83.9875,48.225],[-83.9875,48.22083],[-83.99375,48.22083]]]}},{"type":"Feature","properties":{"c":"1067294","o":"","e":""},"geometry":{"type":"Polygon","coordinates":[[[-83.99375,48.22917],[-83.99375,48.23333],[-83.9875,48.23333],[-83.9875,48.22917],[-83.99375,48.22917]]]}},{"type":"Feature","properties":{"c":"1067295","o":"","e":""},"geometry":{"type":"Polygon","coordinates":[[[-84.0,48.23333],[-84.0,48.2375],[-83.99375,48.2375],[-83.99375,48.23333],[-84.0,48.23333]]]}},{"type":"Feature","properties":{"c":"304642","o":"","e":""},"geometry":{"type":"Polygon","coordinates":[[[-83.9375,48.36667],[-83.9375,48.37083],[-83.93125,48.37083],[-83.93125,48.36667],[-83.9375,48.36667]]]}},{"type":"Feature","properties":{"c":"304652","o":"","e":""},"geometry":{"type":"Polygon","coordinates":[[[-83.925,48.37917],[-83.925,48.38333],[-83.91875,48.38333],[-83.91875,48.37917],[-83.925,48.37917]]]}},{"type":"Feature","properties":{"c":"305384","o":"","e":""},"geometry":{"type":"Polygon","coordinates":[[[-83.8875,48.38333],[-83.8875,48.3875],[-83.88125,48.3875],[-83.88125,48.38333],[-83.8875,48.38333]]]}},{"type":"Feature","properties":{"c":"1067298","o":"","e":""},"geometry":{"type":"Polygon","coordinates":[[[-84.0,48.22083],[-84.0,48.225],[-83.99375,48.225],[-83.99375,48.22083],[-84.0,48.22083]]]}},{"type":"Feature","properties":{"c":"1067297","o":"","e":""},"geometry":{"type":"Polygon","coordinates":[[[-83.99375,48.2375],[-83.99375,48.24167],[-83.9875,48.24167],[-83.9875,48.2375],[-83.99375,48.2375]]]}},{"type":"Feature","properties":{"c":"1067299","o":"","e":""},"geometry":{"type":"Polygon","coordinates":[[[-83.99375,48.23333],[-83.99375,48.2375],[-83.9875,48.2375],[-83.9875,48.23333],[-83.99375,48.23333]]]}},{"type":"Feature","properties":{"c":"1067300","o":"","e":""},"geometry":{"type":"Polygon","coordinates":[[[-84.0,48.22917],[-84.0,48.23333],[-83.99375,48.23333],[-83.99375,48.22917],[-84.0,48.22917]]]}},{"type":"Feature","properties":{"c":"1067301","o":"","e":""},"geometry":{"type":"Polygon","coordinates":[[[-83.99375,48.225],[-83.99375,48.22917],[-83.9875,48.22917],[-83.9875,48.225],[-83.99375,48.225]]]}},{"type":"Feature","properties":{"c":"1067302","o":"","e":""},"geometry":{"type":"Polygon","coordinates":[[[-84.0,48.24167],[-84.0,48.24583],[-83.99375,48.24583],[-83.99375,48.24167],[-84.0,48.24167]]]}},{"type":"Feature","properties":{"c":"305300","o":"","e":""},"geometry":{"type":"Polygon","coordinates":[[[-83.8875,48.43333],[-83.8875,48.4375],[-83.88125,48.4375],[-83.88125,48.43333],[-83.8875,48.43333]]]}},{"type":"Feature","properties":{"c":"305301","o":"","e":""},"geometry":{"type":"Polygon","coordinates":[[[-83.88125,48.42083],[-83.88125,48.425],[-83.875,48.425],[-83.875,48.42083],[-83.88125,48.42083]]]}},{"type":"Feature","properties":{"c":"306272","o":"","e":""},"geometry":{"type":"Polygon","coordinates":[[[-83.9375,48.4125],[-83.9375,48.41667],[-83.93125,48.41667],[-83.93125,48.4125],[-83.9375,48.4125]]]}},{"type":"Feature","properties":{"c":"308198","o":"","e":""},"geometry":{"type":"Polygon","coordinates":[[[-83.7,48.47917],[-83.7,48.48333],[-83.69375,48.48333],[-83.69375,48.47917],[-83.7,48.47917]]]}},{"type":"Feature","properties":{"c":"310633","o":"","e":""},"geometry":{"type":"Polygon","coordinates":[[[-83.98125,48.4125],[-83.98125,48.41667],[-83.975,48.41667],[-83.975,48.4125],[-83.98125,48.4125]]]}},{"type":"Feature","properties":{"c":"311390","o":"","e":""},"geometry":{"type":"Polygon","coordinates":[[[-83.85,48.36667],[-83.85,48.37083],[-83.84375,48.37083],[-83.84375,48.36667],[-83.85,48.36667]]]}},{"type":"Feature","properties":{"c":"309949","o":"","e":""},"geometry":{"type":"Polygon","coordinates":[[[-83.99375,48.36667],[-83.99375,48.37083],[-83.9875,48.37083],[-83.9875,48.36667],[-83.99375,48.36667]]]}},{"type":"Feature","properties":{"c":"313068","o":"","e":""},"geometry":{"type":"Polygon","coordinates":[[[-83.93125,48.42083],[-83.93125,48.425],[-83.925,48.425],[-83.925,48.42083],[-83.93125,48.42083]]]}},{"type":"Feature","properties":{"c":"313069","o":"","e":""},"geometry":{"type":"Polygon","coordinates":[[[-83.9375,48.41667],[-83.9375,48.42083],[-83.93125,48.42083],[-83.93125,48.41667],[-83.9375,48.41667]]]}},{"type":"Feature","properties":{"c":"313070","o":"","e":""},"geometry":{"type":"Polygon","coordinates":[[[-83.94375,48.4125],[-83.94375,48.41667],[-83.9375,48.41667],[-83.9375,48.4125],[-83.94375,48.4125]]]}},{"type":"Feature","properties":{"c":"313821","o":"","e":""},"geometry":{"type":"Polygon","coordinates":[[[-83.98125,48.43333],[-83.98125,48.4375],[-83.975,48.4375],[-83.975,48.43333],[-83.98125,48.43333]]]}},{"type":"Feature","properties":{"c":"313822","o":"","e":""},"geometry":{"type":"Polygon","coordinates":[[[-83.98125,48.42917],[-83.98125,48.43333],[-83.975,48.43333],[-83.975,48.42917],[-83.98125,48.42917]]]}},{"type":"Feature","properties":{"c":"312651","o":"","e":""},"geometry":{"type":"Polygon","coordinates":[[[-83.975,48.34583],[-83.975,48.35],[-83.96875,48.35],[-83.96875,48.34583],[-83.975,48.34583]]]}},{"type":"Feature","properties":{"c":"312805","o":"","e":""},"geometry":{"type":"Polygon","coordinates":[[[-83.9875,48.34167],[-83.9875,48.34583],[-83.98125,48.34583],[-83.98125,48.34167],[-83.9875,48.34167]]]}},{"type":"Feature","properties":{"c":"319390","o":"","e":""},"geometry":{"type":"Polygon","coordinates":[[[-84.0,48.41667],[-84.0,48.42083],[-83.99375,48.42083],[-83.99375,48.41667],[-84.0,48.41667]]]}},{"type":"Feature","properties":{"c":"319391","o":"","e":""},"geometry":{"type":"Polygon","coordinates":[[[-83.99375,48.40833],[-83.99375,48.4125],[-83.9875,48.4125],[-83.9875,48.40833],[-83.99375,48.40833]]]}},{"type":"Feature","properties":{"c":"317255","o":"","e":""},"geometry":{"type":"Polygon","coordinates":[[[-83.91875,48.3625],[-83.91875,48.36667],[-83.9125,48.36667],[-83.9125,48.3625],[-83.91875,48.3625]]]}},{"type":"Feature","properties":{"c":"317256","o":"","e":""},"geometry":{"type":"Polygon","coordinates":[[[-83.93125,48.3625],[-83.93125,48.36667],[-83.925,48.36667],[-83.925,48.3625],[-83.93125,48.3625]]]}},{"type":"Feature","properties":{"c":"317257","o":"","e":""},"geometry":{"type":"Polygon","coordinates":[[[-83.925,48.35],[-83.925,48.35417],[-83.91875,48.35417],[-83.91875,48.35],[-83.925,48.35]]]}},{"type":"Feature","properties":{"c":"320755","o":"","e":""},"geometry":{"type":"Polygon","coordinates":[[[-83.95,48.34167],[-83.95,48.34583],[-83.94375,48.34583],[-83.94375,48.34167],[-83.95,48.34167]]]}},{"type":"Feature","properties":{"c":"321799","o":"","e":""},"geometry":{"type":"Polygon","coordinates":[[[-83.88125,48.43333],[-83.88125,48.4375],[-83.875,48.4375],[-83.875,48.43333],[-83.88125,48.43333]]]}},{"type":"Feature","properties":{"c":"321800","o":"","e":""},"geometry":{"type":"Polygon","coordinates":[[[-83.88125,48.42917],[-83.88125,48.43333],[-83.875,48.43333],[-83.875,48.42917],[-83.88125,48.42917]]]}},{"type":"Feature","properties":{"c":"321115","o":"","e":""},"geometry":{"type":"Polygon","coordinates":[[[-83.925,48.36667],[-83.925,48.37083],[-83.91875,48.37083],[-83.91875,48.36667],[-83.925,48.36667]]]}},{"type":"Feature","properties":{"c":"321116","o":"","e":""},"geometry":{"type":"Polygon","coordinates":[[[-83.93125,48.3625],[-83.93125,48.36667],[-83.925,48.36667],[-83.925,48.3625],[-83.93125,48.3625]]]}},{"type":"Feature","properties":{"c":"321127","o":"","e":""},"geometry":{"type":"Polygon","coordinates":[[[-83.91875,48.37917],[-83.91875,48.38333],[-83.9125,48.38333],[-83.9125,48.37917],[-83.91875,48.37917]]]}},{"type":"Feature","properties":{"c":"321128","o":"","e":""},"geometry":{"type":"Polygon","coordinates":[[[-83.9125,48.37083],[-83.9125,48.375],[-83.90625,48.375],[-83.90625,48.37083],[-83.9125,48.37083]]]}},{"type":"Feature","properties":{"c":"321737","o":"","e":""},"geometry":{"type":"Polygon","coordinates":[[[-83.89375,48.38333],[-83.89375,48.3875],[-83.8875,48.3875],[-83.8875,48.38333],[-83.89375,48.38333]]]}},{"type":"Feature","properties":{"c":"321738","o":"","e":""},"geometry":{"type":"Polygon","coordinates":[[[-83.9,48.37917],[-83.9,48.38333],[-83.89375,48.38333],[-83.89375,48.37917],[-83.9,48.37917]]]}},{"type":"Feature","properties":{"c":"320739","o":"","e":""},"geometry":{"type":"Polygon","coordinates":[[[-83.95,48.42083],[-83.95,48.425],[-83.94375,48.425],[-83.94375,48.42083],[-83.95,48.42083]]]}},{"type":"Feature","properties":{"c":"325682","o":"","e":""},"geometry":{"type":"Polygon","coordinates":[[[-83.89375,48.34167],[-83.89375,48.34583],[-83.8875,48.34583],[-83.8875,48.34167],[-83.89375,48.34167]]]}},{"type":"Feature","properties":{"c":"325551","o":"","e":""},"geometry":{"type":"Polygon","coordinates":[[[-83.875,48.40833],[-83.875,48.4125],[-83.86875,48.4125],[-83.86875,48.40833],[-83.875,48.40833]]]}},{"type":"Feature","properties":{"c":"325552","o":"","e":""},"geometry":{"type":"Polygon","coordinates":[[[-83.86875,48.40417],[-83.86875,48.40833],[-83.8625,48.40833],[-83.8625,48.40417],[-83.86875,48.40417]]]}},{"type":"Feature","properties":{"c":"326850","o":"","e":""},"geometry":{"type":"Polygon","coordinates":[[[-83.9875,48.34583],[-83.9875,48.35],[-83.98125,48.35],[-83.98125,48.34583],[-83.9875,48.34583]]]}},{"type":"Feature","properties":{"c":"327012","o":"","e":""},"geometry":{"type":"Polygon","coordinates":[[[-83.93125,48.3375],[-83.93125,48.34167],[-83.925,48.34167],[-83.925,48.3375],[-83.93125,48.3375]]]}},{"type":"Feature","properties":{"c":"327013","o":"","e":""},"geometry":{"type":"Polygon","coordinates":[[[-83.93125,48.33333],[-83.93125,48.3375],[-83.925,48.3375],[-83.925,48.33333],[-83.93125,48.33333]]]}},{"type":"Feature","properties":{"c":"325774","o":"","e":""},"geometry":{"type":"Polygon","coordinates":[[[-83.9375,48.42083],[-83.9375,48.425],[-83.93125,48.425],[-83.93125,48.42083],[-83.9375,48.42083]]]}},{"type":"Feature","properties":{"c":"325775","o":"","e":""},"geometry":{"type":"Polygon","coordinates":[[[-83.94375,48.40833],[-83.94375,48.4125],[-83.9375,48.4125],[-83.9375,48.40833],[-83.94375,48.40833]]]}},{"type":"Feature","properties":{"c":"338151","o":"","e":""},"geometry":{"type":"Polygon","coordinates":[[[-83.875,48.3875],[-83.875,48.39167],[-83.86875,48.39167],[-83.86875,48.3875],[-83.875,48.3875]]]}},{"type":"Feature","properties":{"c":"338152","o":"","e":""},"geometry":{"type":"Polygon","coordinates":[[[-83.875,48.38333],[-83.875,48.3875],[-83.86875,48.3875],[-83.86875,48.38333],[-83.875,48.38333]]]}},{"type":"Feature","properties":{"c":"335776","o":"","e":""},"geometry":{"type":"Polygon","coordinates":[[[-83.69375,48.47917],[-83.69375,48.48333],[-83.6875,48.48333],[-83.6875,48.47917],[-83.69375,48.47917]]]}},{"type":"Feature","properties":{"c":"910039","o":"","e":""},"geometry":{"type":"Polygon","coordinates":[[[-83.75625,48.49583],[-83.75625,48.5],[-83.75,48.5],[-83.75,48.49583],[-83.75625,48.49583]]]}},{"type":"Feature","properties":{"c":"910040","o":"","e":""},"geometry":{"type":"Polygon","coordinates":[[[-83.7625,48.49583],[-83.7625,48.5],[-83.75625,48.5],[-83.75625,48.49583],[-83.7625,48.49583]]]}},{"type":"Feature","properties":{"c":"329981","o":"","e":""},"geometry":{"type":"Polygon","coordinates":[[[-83.9875,48.3625],[-83.9875,48.36667],[-83.98125,48.36667],[-83.98125,48.3625],[-83.9875,48.3625]]]}},{"type":"Feature","properties":{"c":"329982","o":"","e":""},"geometry":{"type":"Polygon","coordinates":[[[-83.99375,48.3625],[-83.99375,48.36667],[-83.9875,48.36667],[-83.9875,48.3625],[-83.99375,48.3625]]]}},{"type":"Feature","properties":{"c":"328274","o":"","e":""},"geometry":{"type":"Polygon","coordinates":[[[-83.91875,48.35417],[-83.91875,48.35833],[-83.9125,48.35833],[-83.9125,48.35417],[-83.91875,48.35417]]]}},{"type":"Feature","properties":{"c":"330755","o":"","e":""},"geometry":{"type":"Polygon","coordinates":[[[-83.94375,48.35833],[-83.94375,48.3625],[-83.9375,48.3625],[-83.9375,48.35833],[-83.94375,48.35833]]]}},{"type":"Feature","properties":{"c":"330756","o":"","e":""},"geometry":{"type":"Polygon","coordinates":[[[-83.9375,48.35],[-83.9375,48.35417],[-83.93125,48.35417],[-83.93125,48.35],[-83.9375,48.35]]]}},{"type":"Feature","properties":{"c":"330063","o":"","e":""},"geometry":{"type":"Polygon","coordinates":[[[-83.925,48.34583],[-83.925,48.35],[-83.91875,48.35],[-83.91875,48.34583],[-83.925,48.34583]]]}},{"type":"Feature","properties":{"c":"330064","o":"","e":""},"geometry":{"type":"Polygon","coordinates":[[[-83.9375,48.34583],[-83.9375,48.35],[-83.93125,48.35],[-83.93125,48.34583],[-83.9375,48.34583]]]}},{"type":"Feature","properties":{"c":"328316","o":"","e":""},"geometry":{"type":"Polygon","coordinates":[[[-83.94375,48.3625],[-83.94375,48.36667],[-83.9375,48.36667],[-83.9375,48.3625],[-83.94375,48.3625]]]}},{"type":"Feature","properties":{"c":"328323","o":"","e":""},"geometry":{"type":"Polygon","coordinates":[[[-83.9,48.41667],[-83.9,48.42083],[-83.89375,48.42083],[-83.89375,48.41667],[-83.9,48.41667]]]}},{"type":"Feature","properties":{"c":"328324","o":"","e":""},"geometry":{"type":"Polygon","coordinates":[[[-83.9,48.4125],[-83.9,48.41667],[-83.89375,48.41667],[-83.89375,48.4125],[-83.9,48.4125]]]}},{"type":"Feature","properties":{"c":"328325","o":"","e":""},"geometry":{"type":"Polygon","coordinates":[[[-83.9,48.40833],[-83.9,48.4125],[-83.89375,48.4125],[-83.89375,48.40833],[-83.9,48.40833]]]}},{"type":"Feature","properties":{"c":"328203","o":"","e":""},"geometry":{"type":"Polygon","coordinates":[[[-83.9625,48.35417],[-83.9625,48.35833],[-83.95625,48.35833],[-83.95625,48.35417],[-83.9625,48.35417]]]}},{"type":"Feature","properties":{"c":"344598","o":"","e":""},"geometry":{"type":"Polygon","coordinates":[[[-83.86875,48.42917],[-83.86875,48.43333],[-83.8625,48.43333],[-83.8625,48.42917],[-83.86875,48.42917]]]}},{"type":"Feature","properties":{"c":"344137","o":"","e":""},"geometry":{"type":"Polygon","coordinates":[[[-83.9,48.38333],[-83.9,48.3875],[-83.89375,48.3875],[-83.89375,48.38333],[-83.9,48.38333]]]}},{"type":"Feature","properties":{"c":"344569","o":"","e":""},"geometry":{"type":"Polygon","coordinates":[[[-83.94375,48.42083],[-83.94375,48.425],[-83.9375,48.425],[-83.9375,48.42083],[-83.94375,48.42083]]]}},{"type":"Feature","properties":{"c":"344148","o":"","e":""},"geometry":{"type":"Polygon","coordinates":[[[-83.9375,48.37083],[-83.9375,48.375],[-83.93125,48.375],[-83.93125,48.37083],[-83.9375,48.37083]]]}},{"type":"Feature","properties":{"c":"1024685","o":"","e":""},"geometry":{"type":"Polygon","coordinates":[[[-83.825,48.36667],[-83.825,48.37083],[-83.81875,48.37083],[-83.81875,48.36667],[-83.825,48.36667]]]}},{"type":"Feature","properties":{"c":"1024686","o":"","e":""},"geometry":{"type":"Polygon","coordinates":[[[-83.81875,48.36667],[-83.81875,48.37083],[-83.8125,48.37083],[-83.8125,48.36667],[-83.81875,48.36667]]]}},{"type":"Feature","properties":{"c":"1024687","o":"","e":""},"geometry":{"type":"Polygon","coordinates":[[[-83.825,48.3625],[-83.825,48.36667],[-83.81875,48.36667],[-83.81875,48.3625],[-83.825,48.3625]]]}},{"type":"Feature","properties":{"c":"1024688","o":"","e":""},"geometry":{"type":"Polygon","coordinates":[[[-83.81875,48.3625],[-83.81875,48.36667],[-83.8125,48.36667],[-83.8125,48.3625],[-83.81875,48.3625]]]}},{"type":"Feature","properties":{"c":"333250","o":"","e":""},"geometry":{"type":"Polygon","coordinates":[[[-83.9375,48.3375],[-83.9375,48.34167],[-83.93125,48.34167],[-83.93125,48.3375],[-83.9375,48.3375]]]}},{"type":"Feature","properties":{"c":"333251","o":"","e":""},"geometry":{"type":"Polygon","coordinates":[[[-83.94375,48.3375],[-83.94375,48.34167],[-83.9375,48.34167],[-83.9375,48.3375],[-83.94375,48.3375]]]}},{"type":"Feature","properties":{"c":"910153","o":"","e":""},"geometry":{"type":"Polygon","coordinates":[[[-83.76875,48.49167],[-83.76875,48.49583],[-83.7625,48.49583],[-83.7625,48.49167],[-83.76875,48.49167]]]}},{"type":"Feature","properties":{"c":"910154","o":"","e":""},"geometry":{"type":"Polygon","coordinates":[[[-83.76875,48.49583],[-83.76875,48.5],[-83.7625,48.5],[-83.7625,48.49583],[-83.76875,48.49583]]]}},{"type":"Feature","properties":{"c":"1072405","o":"","e":""},"geometry":{"type":"Polygon","coordinates":[[[-83.83125,48.2125],[-83.83125,48.21667],[-83.825,48.21667],[-83.825,48.2125],[-83.83125,48.2125]]]}},{"type":"Feature","properties":{"c":"1072406","o":"","e":""},"geometry":{"type":"Polygon","coordinates":[[[-83.81875,48.2125],[-83.81875,48.21667],[-83.8125,48.21667],[-83.8125,48.2125],[-83.81875,48.2125]]]}},{"type":"Feature","properties":{"c":"882183","o":"","e":""},"geometry":{"type":"Polygon","coordinates":[[[-83.84375,48.32917],[-83.84375,48.33333],[-83.8375,48.33333],[-83.8375,48.32917],[-83.84375,48.32917]]]}},{"type":"Feature","properties":{"c":"893958","o":"","e":""},"geometry":{"type":"Polygon","coordinates":[[[-83.69375,48.475],[-83.69375,48.47917],[-83.6875,48.47917],[-83.6875,48.475],[-83.69375,48.475]]]}},{"type":"Feature","properties":{"c":"893959","o":"","e":""},"geometry":{"type":"Polygon","coordinates":[[[-83.6875,48.48333],[-83.6875,48.4875],[-83.68125,48.4875],[-83.68125,48.48333],[-83.6875,48.48333]]]}},{"type":"Feature","properties":{"c":"893960","o":"","e":""},"geometry":{"type":"Polygon","coordinates":[[[-83.70625,48.4875],[-83.70625,48.49167],[-83.7,48.49167],[-83.7,48.4875],[-83.70625,48.4875]]]}},{"type":"Feature","properties":{"c":"893961","o":"","e":""},"geometry":{"type":"Polygon","coordinates":[[[-83.70625,48.475],[-83.70625,48.47917],[-83.7,48.47917],[-83.7,48.475],[-83.70625,48.475]]]}},{"type":"Feature","properties":{"c":"893962","o":"","e":""},"geometry":{"type":"Polygon","coordinates":[[[-83.70625,48.47917],[-83.70625,48.48333],[-83.7,48.48333],[-83.7,48.47917],[-83.70625,48.47917]]]}},{"type":"Feature","properties":{"c":"893963","o":"","e":""},"geometry":{"type":"Polygon","coordinates":[[[-83.7,48.4875],[-83.7,48.49167],[-83.69375,48.49167],[-83.69375,48.4875],[-83.7,48.4875]]]}},{"type":"Feature","properties":{"c":"893952","o":"","e":""},"geometry":{"type":"Polygon","coordinates":[[[-83.70625,48.48333],[-83.70625,48.4875],[-83.7,48.4875],[-83.7,48.48333],[-83.70625,48.48333]]]}},{"type":"Feature","properties":{"c":"893953","o":"","e":""},"geometry":{"type":"Polygon","coordinates":[[[-83.69375,48.4875],[-83.69375,48.49167],[-83.6875,48.49167],[-83.6875,48.4875],[-83.69375,48.4875]]]}},{"type":"Feature","properties":{"c":"893954","o":"","e":""},"geometry":{"type":"Polygon","coordinates":[[[-83.6875,48.475],[-83.6875,48.47917],[-83.68125,48.47917],[-83.68125,48.475],[-83.6875,48.475]]]}},{"type":"Feature","properties":{"c":"893955","o":"","e":""},"geometry":{"type":"Polygon","coordinates":[[[-83.6875,48.47917],[-83.6875,48.48333],[-83.68125,48.48333],[-83.68125,48.47917],[-83.6875,48.47917]]]}},{"type":"Feature","properties":{"c":"893956","o":"","e":""},"geometry":{"type":"Polygon","coordinates":[[[-83.6875,48.4875],[-83.6875,48.49167],[-83.68125,48.49167],[-83.68125,48.4875],[-83.6875,48.4875]]]}},{"type":"Feature","properties":{"c":"893957","o":"","e":""},"geometry":{"type":"Polygon","coordinates":[[[-83.7,48.475],[-83.7,48.47917],[-83.69375,48.47917],[-83.69375,48.475],[-83.7,48.475]]]}},{"type":"Feature","properties":{"c":"882184","o":"","e":""},"geometry":{"type":"Polygon","coordinates":[[[-83.8375,48.33333],[-83.8375,48.3375],[-83.83125,48.3375],[-83.83125,48.33333],[-83.8375,48.33333]]]}},{"type":"Feature","properties":{"c":"882185","o":"","e":""},"geometry":{"type":"Polygon","coordinates":[[[-83.825,48.33333],[-83.825,48.3375],[-83.81875,48.3375],[-83.81875,48.33333],[-83.825,48.33333]]]}},{"type":"Feature","properties":{"c":"882186","o":"","e":""},"geometry":{"type":"Polygon","coordinates":[[[-83.83125,48.33333],[-83.83125,48.3375],[-83.825,48.3375],[-83.825,48.33333],[-83.83125,48.33333]]]}},{"type":"Feature","properties":{"c":"882187","o":"","e":""},"geometry":{"type":"Polygon","coordinates":[[[-83.825,48.32917],[-83.825,48.33333],[-83.81875,48.33333],[-83.81875,48.32917],[-83.825,48.32917]]]}},{"type":"Feature","properties":{"c":"882188","o":"","e":""},"geometry":{"type":"Polygon","coordinates":[[[-83.825,48.325],[-83.825,48.32917],[-83.81875,48.32917],[-83.81875,48.325],[-83.825,48.325]]]}},{"type":"Feature","properties":{"c":"882189","o":"","e":""},"geometry":{"type":"Polygon","coordinates":[[[-83.8375,48.32917],[-83.8375,48.33333],[-83.83125,48.33333],[-83.83125,48.32917],[-83.8375,48.32917]]]}},{"type":"Feature","properties":{"c":"882152","o":"","e":""},"geometry":{"type":"Polygon","coordinates":[[[-83.8375,48.35833],[-83.8375,48.3625],[-83.83125,48.3625],[-83.83125,48.35833],[-83.8375,48.35833]]]}},{"type":"Feature","properties":{"c":"882153","o":"","e":""},"geometry":{"type":"Polygon","coordinates":[[[-83.8375,48.35417],[-83.8375,48.35833],[-83.83125,48.35833],[-83.83125,48.35417],[-83.8375,48.35417]]]}},{"type":"Feature","properties":{"c":"882166","o":"","e":""},"geometry":{"type":"Polygon","coordinates":[[[-83.83125,48.32917],[-83.83125,48.33333],[-83.825,48.33333],[-83.825,48.32917],[-83.83125,48.32917]]]}},{"type":"Feature","properties":{"c":"882167","o":"","e":""},"geometry":{"type":"Polygon","coordinates":[[[-83.8375,48.325],[-83.8375,48.32917],[-83.83125,48.32917],[-83.83125,48.325],[-83.8375,48.325]]]}},{"type":"Feature","properties":{"c":"882168","o":"","e":""},"geometry":{"type":"Polygon","coordinates":[[[-83.83125,48.325],[-83.83125,48.32917],[-83.825,48.32917],[-83.825,48.325],[-83.83125,48.325]]]}},{"type":"Feature","properties":{"c":"929693","o":"","e":""},"geometry":{"type":"Polygon","coordinates":[[[-83.81875,48.45],[-83.81875,48.45417],[-83.8125,48.45417],[-83.8125,48.45],[-83.81875,48.45]]]}},{"type":"Feature","properties":{"c":"929694","o":"","e":""},"geometry":{"type":"Polygon","coordinates":[[[-83.81875,48.45417],[-83.81875,48.45833],[-83.8125,48.45833],[-83.8125,48.45417],[-83.81875,48.45417]]]}},{"type":"Feature","properties":{"c":"1037305","o":"","e":""},"geometry":{"type":"Polygon","coordinates":[[[-83.8,48.34167],[-83.8,48.34583],[-83.79375,48.34583],[-83.79375,48.34167],[-83.8,48.34167]]]}},{"type":"Feature","properties":{"c":"1037306","o":"","e":""},"geometry":{"type":"Polygon","coordinates":[[[-83.79375,48.34167],[-83.79375,48.34583],[-83.7875,48.34583],[-83.7875,48.34167],[-83.79375,48.34167]]]}},{"type":"Feature","properties":{"c":"1037307","o":"","e":""},"geometry":{"type":"Polygon","coordinates":[[[-83.7875,48.34167],[-83.7875,48.34583],[-83.78125,48.34583],[-83.78125,48.34167],[-83.7875,48.34167]]]}},{"type":"Feature","properties":{"c":"1037308","o":"","e":""},"geometry":{"type":"Polygon","coordinates":[[[-83.78125,48.34167],[-83.78125,48.34583],[-83.775,48.34583],[-83.775,48.34167],[-83.78125,48.34167]]]}},{"type":"Feature","properties":{"c":"909801","o":"","e":""},"geometry":{"type":"Polygon","coordinates":[[[-83.725,48.4875],[-83.725,48.49167],[-83.71875,48.49167],[-83.71875,48.4875],[-83.725,48.4875]]]}},{"type":"Feature","properties":{"c":"909802","o":"","e":""},"geometry":{"type":"Polygon","coordinates":[[[-83.71875,48.4875],[-83.71875,48.49167],[-83.7125,48.49167],[-83.7125,48.4875],[-83.71875,48.4875]]]}},{"type":"Feature","properties":{"c":"909803","o":"","e":""},"geometry":{"type":"Polygon","coordinates":[[[-83.7125,48.4875],[-83.7125,48.49167],[-83.70625,48.49167],[-83.70625,48.4875],[-83.7125,48.4875]]]}},{"type":"Feature","properties":{"c":"909804","o":"","e":""},"geometry":{"type":"Polygon","coordinates":[[[-83.68125,48.4875],[-83.68125,48.49167],[-83.675,48.49167],[-83.675,48.4875],[-83.68125,48.4875]]]}},{"type":"Feature","properties":{"c":"909805","o":"","e":""},"geometry":{"type":"Polygon","coordinates":[[[-83.675,48.4875],[-83.675,48.49167],[-83.66875,48.49167],[-83.66875,48.4875],[-83.675,48.4875]]]}},{"type":"Feature","properties":{"c":"909806","o":"","e":""},"geometry":{"type":"Polygon","coordinates":[[[-83.66875,48.4875],[-83.66875,48.49167],[-83.6625,48.49167],[-83.6625,48.4875],[-83.66875,48.4875]]]}},{"type":"Feature","properties":{"c":"909807","o":"","e":""},"geometry":{"type":"Polygon","coordinates":[[[-83.6625,48.4875],[-83.6625,48.49167],[-83.65625,48.49167],[-83.65625,48.4875],[-83.6625,48.4875]]]}},{"type":"Feature","properties":{"c":"909808","o":"","e":""},"geometry":{"type":"Polygon","coordinates":[[[-83.73125,48.48333],[-83.73125,48.4875],[-83.725,48.4875],[-83.725,48.48333],[-83.73125,48.48333]]]}},{"type":"Feature","properties":{"c":"909809","o":"","e":""},"geometry":{"type":"Polygon","coordinates":[[[-83.725,48.48333],[-83.725,48.4875],[-83.71875,48.4875],[-83.71875,48.48333],[-83.725,48.48333]]]}},{"type":"Feature","properties":{"c":"909810","o":"","e":""},"geometry":{"type":"Polygon","coordinates":[[[-83.71875,48.48333],[-83.71875,48.4875],[-83.7125,48.4875],[-83.7125,48.48333],[-83.71875,48.48333]]]}},{"type":"Feature","properties":{"c":"910041","o":"","e":""},"geometry":{"type":"Polygon","coordinates":[[[-83.9875,48.47083],[-83.9875,48.475],[-83.98125,48.475],[-83.98125,48.47083],[-83.9875,48.47083]]]}},{"type":"Feature","properties":{"c":"910042","o":"","e":""},"geometry":{"type":"Polygon","coordinates":[[[-83.975,48.46667],[-83.975,48.47083],[-83.96875,48.47083],[-83.96875,48.46667],[-83.975,48.46667]]]}},{"type":"Feature","properties":{"c":"910043","o":"","e":""},"geometry":{"type":"Polygon","coordinates":[[[-83.99375,48.47083],[-83.99375,48.475],[-83.9875,48.475],[-83.9875,48.47083],[-83.99375,48.47083]]]}},{"type":"Feature","properties":{"c":"910044","o":"","e":""},"geometry":{"type":"Polygon","coordinates":[[[-83.98125,48.46667],[-83.98125,48.47083],[-83.975,48.47083],[-83.975,48.46667],[-83.98125,48.46667]]]}},{"type":"Feature","properties":{"c":"910045","o":"","e":""},"geometry":{"type":"Polygon","coordinates":[[[-83.9875,48.46667],[-83.9875,48.47083],[-83.98125,48.47083],[-83.98125,48.46667],[-83.9875,48.46667]]]}},{"type":"Feature","properties":{"c":"910046","o":"","e":""},"geometry":{"type":"Polygon","coordinates":[[[-83.98125,48.47083],[-83.98125,48.475],[-83.975,48.475],[-83.975,48.47083],[-83.98125,48.47083]]]}},{"type":"Feature","properties":{"c":"910047","o":"","e":""},"geometry":{"type":"Polygon","coordinates":[[[-83.975,48.47083],[-83.975,48.475],[-83.96875,48.475],[-83.96875,48.47083],[-83.975,48.47083]]]}},{"type":"Feature","properties":{"c":"910048","o":"","e":""},"geometry":{"type":"Polygon","coordinates":[[[-83.99375,48.46667],[-83.99375,48.47083],[-83.9875,48.47083],[-83.9875,48.46667],[-83.99375,48.46667]]]}},{"type":"Feature","properties":{"c":"909811","o":"","e":""},"geometry":{"type":"Polygon","coordinates":[[[-83.7125,48.48333],[-83.7125,48.4875],[-83.70625,48.4875],[-83.70625,48.48333],[-83.7125,48.48333]]]}},{"type":"Feature","properties":{"c":"909812","o":"","e":""},"geometry":{"type":"Polygon","coordinates":[[[-83.68125,48.48333],[-83.68125,48.4875],[-83.675,48.4875],[-83.675,48.48333],[-83.68125,48.48333]]]}},{"type":"Feature","properties":{"c":"909813","o":"","e":""},"geometry":{"type":"Polygon","coordinates":[[[-83.675,48.48333],[-83.675,48.4875],[-83.66875,48.4875],[-83.66875,48.48333],[-83.675,48.48333]]]}},{"type":"Feature","properties":{"c":"909814","o":"","e":""},"geometry":{"type":"Polygon","coordinates":[[[-83.66875,48.48333],[-83.66875,48.4875],[-83.6625,48.4875],[-83.6625,48.48333],[-83.66875,48.48333]]]}},{"type":"Feature","properties":{"c":"909815","o":"","e":""},"geometry":{"type":"Polygon","coordinates":[[[-83.6625,48.48333],[-83.6625,48.4875],[-83.65625,48.4875],[-83.65625,48.48333],[-83.6625,48.48333]]]}},{"type":"Feature","properties":{"c":"909816","o":"","e":""},"geometry":{"type":"Polygon","coordinates":[[[-83.74375,48.47917],[-83.74375,48.48333],[-83.7375,48.48333],[-83.7375,48.47917],[-83.74375,48.47917]]]}},{"type":"Feature","properties":{"c":"909817","o":"","e":""},"geometry":{"type":"Polygon","coordinates":[[[-83.7375,48.47917],[-83.7375,48.48333],[-83.73125,48.48333],[-83.73125,48.47917],[-83.7375,48.47917]]]}},{"type":"Feature","properties":{"c":"909818","o":"","e":""},"geometry":{"type":"Polygon","coordinates":[[[-83.73125,48.47917],[-83.73125,48.48333],[-83.725,48.48333],[-83.725,48.47917],[-83.73125,48.47917]]]}},{"type":"Feature","properties":{"c":"909819","o":"","e":""},"geometry":{"type":"Polygon","coordinates":[[[-83.725,48.47917],[-83.725,48.48333],[-83.71875,48.48333],[-83.71875,48.47917],[-83.725,48.47917]]]}},{"type":"Feature","properties":{"c":"909820","o":"","e":""},"geometry":{"type":"Polygon","coordinates":[[[-83.71875,48.47917],[-83.71875,48.48333],[-83.7125,48.48333],[-83.7125,48.47917],[-83.71875,48.47917]]]}},{"type":"Feature","properties":{"c":"909821","o":"","e":""},"geometry":{"type":"Polygon","coordinates":[[[-83.7125,48.47917],[-83.7125,48.48333],[-83.70625,48.48333],[-83.70625,48.47917],[-83.7125,48.47917]]]}},{"type":"Feature","properties":{"c":"909822","o":"","e":""},"geometry":{"type":"Polygon","coordinates":[[[-83.68125,48.47917],[-83.68125,48.48333],[-83.675,48.48333],[-83.675,48.47917],[-83.68125,48.47917]]]}},{"type":"Feature","properties":{"c":"909823","o":"","e":""},"geometry":{"type":"Polygon","coordinates":[[[-83.675,48.47917],[-83.675,48.48333],[-83.66875,48.48333],[-83.66875,48.47917],[-83.675,48.47917]]]}},{"type":"Feature","properties":{"c":"909824","o":"","e":""},"geometry":{"type":"Polygon","coordinates":[[[-83.66875,48.47917],[-83.66875,48.48333],[-83.6625,48.48333],[-83.6625,48.47917],[-83.66875,48.47917]]]}},{"type":"Feature","properties":{"c":"909825","o":"","e":""},"geometry":{"type":"Polygon","coordinates":[[[-83.6625,48.47917],[-83.6625,48.48333],[-83.65625,48.48333],[-83.65625,48.47917],[-83.6625,48.47917]]]}},{"type":"Feature","properties":{"c":"908848","o":"","e":""},"geometry":{"type":"Polygon","coordinates":[[[-83.83125,48.3375],[-83.83125,48.34167],[-83.825,48.34167],[-83.825,48.3375],[-83.83125,48.3375]]]}},{"type":"Feature","properties":{"c":"908849","o":"","e":""},"geometry":{"type":"Polygon","coordinates":[[[-83.81875,48.33333],[-83.81875,48.3375],[-83.8125,48.3375],[-83.8125,48.33333],[-83.81875,48.33333]]]}},{"type":"Feature","properties":{"c":"908850","o":"","e":""},"geometry":{"type":"Polygon","coordinates":[[[-83.81875,48.35833],[-83.81875,48.3625],[-83.8125,48.3625],[-83.8125,48.35833],[-83.81875,48.35833]]]}},{"type":"Feature","properties":{"c":"908851","o":"","e":""},"geometry":{"type":"Polygon","coordinates":[[[-83.825,48.3375],[-83.825,48.34167],[-83.81875,48.34167],[-83.81875,48.3375],[-83.825,48.3375]]]}},{"type":"Feature","properties":{"c":"908852","o":"","e":""},"geometry":{"type":"Polygon","coordinates":[[[-83.825,48.35],[-83.825,48.35417],[-83.81875,48.35417],[-83.81875,48.35],[-83.825,48.35]]]}},{"type":"Feature","properties":{"c":"908853","o":"","e":""},"geometry":{"type":"Polygon","coordinates":[[[-83.81875,48.32917],[-83.81875,48.33333],[-83.8125,48.33333],[-83.8125,48.32917],[-83.81875,48.32917]]]}},{"type":"Feature","properties":{"c":"908854","o":"","e":""},"geometry":{"type":"Polygon","coordinates":[[[-83.81875,48.35],[-83.81875,48.35417],[-83.8125,48.35417],[-83.8125,48.35],[-83.81875,48.35]]]}},{"type":"Feature","properties":{"c":"908855","o":"","e":""},"geometry":{"type":"Polygon","coordinates":[[[-83.81875,48.3375],[-83.81875,48.34167],[-83.8125,48.34167],[-83.8125,48.3375],[-83.81875,48.3375]]]}},{"type":"Feature","properties":{"c":"908856","o":"","e":""},"geometry":{"type":"Polygon","coordinates":[[[-83.81875,48.35417],[-83.81875,48.35833],[-83.8125,48.35833],[-83.8125,48.35417],[-83.81875,48.35417]]]}},{"type":"Feature","properties":{"c":"908857","o":"","e":""},"geometry":{"type":"Polygon","coordinates":[[[-83.825,48.34583],[-83.825,48.35],[-83.81875,48.35],[-83.81875,48.34583],[-83.825,48.34583]]]}},{"type":"Feature","properties":{"c":"908858","o":"","e":""},"geometry":{"type":"Polygon","coordinates":[[[-83.825,48.35417],[-83.825,48.35833],[-83.81875,48.35833],[-83.81875,48.35417],[-83.825,48.35417]]]}},{"type":"Feature","properties":{"c":"908859","o":"","e":""},"geometry":{"type":"Polygon","coordinates":[[[-83.825,48.35833],[-83.825,48.3625],[-83.81875,48.3625],[-83.81875,48.35833],[-83.825,48.35833]]]}},{"type":"Feature","properties":{"c":"908860","o":"","e":""},"geometry":{"type":"Polygon","coordinates":[[[-83.81875,48.34583],[-83.81875,48.35],[-83.8125,48.35],[-83.8125,48.34583],[-83.81875,48.34583]]]}},{"type":"Feature","properties":{"c":"908861","o":"","e":""},"geometry":{"type":"Polygon","coordinates":[[[-83.83125,48.34167],[-83.83125,48.34583],[-83.825,48.34583],[-83.825,48.34167],[-83.83125,48.34167]]]}},{"type":"Feature","properties":{"c":"908862","o":"","e":""},"geometry":{"type":"Polygon","coordinates":[[[-83.825,48.34167],[-83.825,48.34583],[-83.81875,48.34583],[-83.81875,48.34167],[-83.825,48.34167]]]}},{"type":"Feature","properties":{"c":"908863","o":"","e":""},"geometry":{"type":"Polygon","coordinates":[[[-83.81875,48.34167],[-83.81875,48.34583],[-83.8125,48.34583],[-83.8125,48.34167],[-83.81875,48.34167]]]}},{"type":"Feature","properties":{"c":"908864","o":"","e":""},"geometry":{"type":"Polygon","coordinates":[[[-83.85,48.32083],[-83.85,48.325],[-83.84375,48.325],[-83.84375,48.32083],[-83.85,48.32083]]]}},{"type":"Feature","properties":{"c":"908865","o":"","e":""},"geometry":{"type":"Polygon","coordinates":[[[-83.85,48.32917],[-83.85,48.33333],[-83.84375,48.33333],[-83.84375,48.32917],[-83.85,48.32917]]]}},{"type":"Feature","properties":{"c":"908866","o":"","e":""},"geometry":{"type":"Polygon","coordinates":[[[-83.84375,48.32083],[-83.84375,48.325],[-83.8375,48.325],[-83.8375,48.32083],[-83.84375,48.32083]]]}},{"type":"Feature","properties":{"c":"908867","o":"","e":""},"geometry":{"type":"Polygon","coordinates":[[[-83.85625,48.32917],[-83.85625,48.33333],[-83.85,48.33333],[-83.85,48.32917],[-83.85625,48.32917]]]}},{"type":"Feature","properties":{"c":"908868","o":"","e":""},"geometry":{"type":"Polygon","coordinates":[[[-83.84375,48.325],[-83.84375,48.32917],[-83.8375,48.32917],[-83.8375,48.325],[-83.84375,48.325]]]}},{"type":"Feature","properties":{"c":"908869","o":"","e":""},"geometry":{"type":"Polygon","coordinates":[[[-83.8375,48.32083],[-83.8375,48.325],[-83.83125,48.325],[-83.83125,48.32083],[-83.8375,48.32083]]]}},{"type":"Feature","properties":{"c":"908870","o":"","e":""},"geometry":{"type":"Polygon","coordinates":[[[-83.83125,48.32083],[-83.83125,48.325],[-83.825,48.325],[-83.825,48.32083],[-83.83125,48.32083]]]}},{"type":"Feature","properties":{"c":"908871","o":"","e":""},"geometry":{"type":"Polygon","coordinates":[[[-83.825,48.32083],[-83.825,48.325],[-83.81875,48.325],[-83.81875,48.32083],[-83.825,48.32083]]]}},{"type":"Feature","properties":{"c":"908872","o":"","e":""},"geometry":{"type":"Polygon","coordinates":[[[-83.85,48.325],[-83.85,48.32917],[-83.84375,48.32917],[-83.84375,48.325],[-83.85,48.325]]]}},{"type":"Feature","properties":{"c":"909826","o":"","e":""},"geometry":{"type":"Polygon","coordinates":[[[-83.74375,48.475],[-83.74375,48.47917],[-83.7375,48.47917],[-83.7375,48.475],[-83.74375,48.475]]]}},{"type":"Feature","properties":{"c":"909827","o":"","e":""},"geometry":{"type":"Polygon","coordinates":[[[-83.7375,48.475],[-83.7375,48.47917],[-83.73125,48.47917],[-83.73125,48.475],[-83.7375,48.475]]]}},{"type":"Feature","properties":{"c":"909828","o":"","e":""},"geometry":{"type":"Polygon","coordinates":[[[-83.73125,48.475],[-83.73125,48.47917],[-83.725,48.47917],[-83.725,48.475],[-83.73125,48.475]]]}},{"type":"Feature","properties":{"c":"909829","o":"","e":""},"geometry":{"type":"Polygon","coordinates":[[[-83.725,48.475],[-83.725,48.47917],[-83.71875,48.47917],[-83.71875,48.475],[-83.725,48.475]]]}},{"type":"Feature","properties":{"c":"909830","o":"","e":""},"geometry":{"type":"Polygon","coordinates":[[[-83.71875,48.475],[-83.71875,48.47917],[-83.7125,48.47917],[-83.7125,48.475],[-83.71875,48.475]]]}},{"type":"Feature","properties":{"c":"909831","o":"","e":""},"geometry":{"type":"Polygon","coordinates":[[[-83.7125,48.475],[-83.7125,48.47917],[-83.70625,48.47917],[-83.70625,48.475],[-83.7125,48.475]]]}},{"type":"Feature","properties":{"c":"909919","o":"","e":""},"geometry":{"type":"Polygon","coordinates":[[[-83.75,48.49583],[-83.75,48.5],[-83.74375,48.5],[-83.74375,48.49583],[-83.75,48.49583]]]}},{"type":"Feature","properties":{"c":"909920","o":"","e":""},"geometry":{"type":"Polygon","coordinates":[[[-83.75,48.49167],[-83.75,48.49583],[-83.74375,48.49583],[-83.74375,48.49167],[-83.75,48.49167]]]}},{"type":"Feature","properties":{"c":"909921","o":"","e":""},"geometry":{"type":"Polygon","coordinates":[[[-83.75,48.4875],[-83.75,48.49167],[-83.74375,48.49167],[-83.74375,48.4875],[-83.75,48.4875]]]}},{"type":"Feature","properties":{"c":"909922","o":"","e":""},"geometry":{"type":"Polygon","coordinates":[[[-83.75,48.48333],[-83.75,48.4875],[-83.74375,48.4875],[-83.74375,48.48333],[-83.75,48.48333]]]}},{"type":"Feature","properties":{"c":"909923","o":"","e":""},"geometry":{"type":"Polygon","coordinates":[[[-83.75,48.47917],[-83.75,48.48333],[-83.74375,48.48333],[-83.74375,48.47917],[-83.75,48.47917]]]}},{"type":"Feature","properties":{"c":"909924","o":"","e":""},"geometry":{"type":"Polygon","coordinates":[[[-83.75,48.475],[-83.75,48.47917],[-83.74375,48.47917],[-83.74375,48.475],[-83.75,48.475]]]}},{"type":"Feature","properties":{"c":"909925","o":"","e":""},"geometry":{"type":"Polygon","coordinates":[[[-83.7625,48.49167],[-83.7625,48.49583],[-83.75625,48.49583],[-83.75625,48.49167],[-83.7625,48.49167]]]}},{"type":"Feature","properties":{"c":"909926","o":"","e":""},"geometry":{"type":"Polygon","coordinates":[[[-83.75625,48.49167],[-83.75625,48.49583],[-83.75,48.49583],[-83.75,48.49167],[-83.75625,48.49167]]]}},{"type":"Feature","properties":{"c":"909927","o":"","e":""},"geometry":{"type":"Polygon","coordinates":[[[-83.76875,48.4875],[-83.76875,48.49167],[-83.7625,48.49167],[-83.7625,48.4875],[-83.76875,48.4875]]]}},{"type":"Feature","properties":{"c":"909928","o":"","e":""},"geometry":{"type":"Polygon","coordinates":[[[-83.7625,48.4875],[-83.7625,48.49167],[-83.75625,48.49167],[-83.75625,48.4875],[-83.7625,48.4875]]]}},{"type":"Feature","properties":{"c":"909929","o":"","e":""},"geometry":{"type":"Polygon","coordinates":[[[-83.75625,48.4875],[-83.75625,48.49167],[-83.75,48.49167],[-83.75,48.4875],[-83.75625,48.4875]]]}},{"type":"Feature","properties":{"c":"909930","o":"","e":""},"geometry":{"type":"Polygon","coordinates":[[[-83.7875,48.48333],[-83.7875,48.4875],[-83.78125,48.4875],[-83.78125,48.48333],[-83.7875,48.48333]]]}},{"type":"Feature","properties":{"c":"909931","o":"","e":""},"geometry":{"type":"Polygon","coordinates":[[[-83.78125,48.48333],[-83.78125,48.4875],[-83.775,48.4875],[-83.775,48.48333],[-83.78125,48.48333]]]}},{"type":"Feature","properties":{"c":"909932","o":"","e":""},"geometry":{"type":"Polygon","coordinates":[[[-83.775,48.48333],[-83.775,48.4875],[-83.76875,48.4875],[-83.76875,48.48333],[-83.775,48.48333]]]}},{"type":"Feature","properties":{"c":"909933","o":"","e":""},"geometry":{"type":"Polygon","coordinates":[[[-83.76875,48.48333],[-83.76875,48.4875],[-83.7625,48.4875],[-83.7625,48.48333],[-83.76875,48.48333]]]}},{"type":"Feature","properties":{"c":"909934","o":"","e":""},"geometry":{"type":"Polygon","coordinates":[[[-83.7625,48.48333],[-83.7625,48.4875],[-83.75625,48.4875],[-83.75625,48.48333],[-83.7625,48.48333]]]}},{"type":"Feature","properties":{"c":"909935","o":"","e":""},"geometry":{"type":"Polygon","coordinates":[[[-83.75625,48.48333],[-83.75625,48.4875],[-83.75,48.4875],[-83.75,48.48333],[-83.75625,48.48333]]]}},{"type":"Feature","properties":{"c":"909936","o":"","e":""},"geometry":{"type":"Polygon","coordinates":[[[-83.7875,48.47917],[-83.7875,48.48333],[-83.78125,48.48333],[-83.78125,48.47917],[-83.7875,48.47917]]]}},{"type":"Feature","properties":{"c":"929662","o":"","e":""},"geometry":{"type":"Polygon","coordinates":[[[-83.9375,48.45833],[-83.9375,48.4625],[-83.93125,48.4625],[-83.93125,48.45833],[-83.9375,48.45833]]]}},{"type":"Feature","properties":{"c":"929663","o":"","e":""},"geometry":{"type":"Polygon","coordinates":[[[-83.93125,48.45833],[-83.93125,48.4625],[-83.925,48.4625],[-83.925,48.45833],[-83.93125,48.45833]]]}},{"type":"Feature","properties":{"c":"929664","o":"","e":""},"geometry":{"type":"Polygon","coordinates":[[[-83.9375,48.4625],[-83.9375,48.46667],[-83.93125,48.46667],[-83.93125,48.4625],[-83.9375,48.4625]]]}},{"type":"Feature","properties":{"c":"929665","o":"","e":""},"geometry":{"type":"Polygon","coordinates":[[[-83.93125,48.4625],[-83.93125,48.46667],[-83.925,48.46667],[-83.925,48.4625],[-83.93125,48.4625]]]}},{"type":"Feature","properties":{"c":"929666","o":"","e":""},"geometry":{"type":"Polygon","coordinates":[[[-83.9375,48.46667],[-83.9375,48.47083],[-83.93125,48.47083],[-83.93125,48.46667],[-83.9375,48.46667]]]}},{"type":"Feature","properties":{"c":"909782","o":"","e":""},"geometry":{"type":"Polygon","coordinates":[[[-83.7125,48.49583],[-83.7125,48.5],[-83.70625,48.5],[-83.70625,48.49583],[-83.7125,48.49583]]]}},{"type":"Feature","properties":{"c":"909783","o":"","e":""},"geometry":{"type":"Polygon","coordinates":[[[-83.70625,48.49583],[-83.70625,48.5],[-83.7,48.5],[-83.7,48.49583],[-83.70625,48.49583]]]}},{"type":"Feature","properties":{"c":"909784","o":"","e":""},"geometry":{"type":"Polygon","coordinates":[[[-83.7,48.49583],[-83.7,48.5],[-83.69375,48.5],[-83.69375,48.49583],[-83.7,48.49583]]]}},{"type":"Feature","properties":{"c":"909785","o":"","e":""},"geometry":{"type":"Polygon","coordinates":[[[-83.69375,48.49583],[-83.69375,48.5],[-83.6875,48.5],[-83.6875,48.49583],[-83.69375,48.49583]]]}},{"type":"Feature","properties":{"c":"909786","o":"","e":""},"geometry":{"type":"Polygon","coordinates":[[[-83.6875,48.49583],[-83.6875,48.5],[-83.68125,48.5],[-83.68125,48.49583],[-83.6875,48.49583]]]}},{"type":"Feature","properties":{"c":"909787","o":"","e":""},"geometry":{"type":"Polygon","coordinates":[[[-83.68125,48.49583],[-83.68125,48.5],[-83.675,48.5],[-83.675,48.49583],[-83.68125,48.49583]]]}},{"type":"Feature","properties":{"c":"909788","o":"","e":""},"geometry":{"type":"Polygon","coordinates":[[[-83.675,48.49583],[-83.675,48.5],[-83.66875,48.5],[-83.66875,48.49583],[-83.675,48.49583]]]}},{"type":"Feature","properties":{"c":"909789","o":"","e":""},"geometry":{"type":"Polygon","coordinates":[[[-83.66875,48.49583],[-83.66875,48.5],[-83.6625,48.5],[-83.6625,48.49583],[-83.66875,48.49583]]]}},{"type":"Feature","properties":{"c":"909790","o":"","e":""},"geometry":{"type":"Polygon","coordinates":[[[-83.6625,48.49583],[-83.6625,48.5],[-83.65625,48.5],[-83.65625,48.49583],[-83.6625,48.49583]]]}},{"type":"Feature","properties":{"c":"909791","o":"","e":""},"geometry":{"type":"Polygon","coordinates":[[[-83.71875,48.49167],[-83.71875,48.49583],[-83.7125,48.49583],[-83.7125,48.49167],[-83.71875,48.49167]]]}},{"type":"Feature","properties":{"c":"909792","o":"","e":""},"geometry":{"type":"Polygon","coordinates":[[[-83.7125,48.49167],[-83.7125,48.49583],[-83.70625,48.49583],[-83.70625,48.49167],[-83.7125,48.49167]]]}},{"type":"Feature","properties":{"c":"909793","o":"","e":""},"geometry":{"type":"Polygon","coordinates":[[[-83.70625,48.49167],[-83.70625,48.49583],[-83.7,48.49583],[-83.7,48.49167],[-83.70625,48.49167]]]}},{"type":"Feature","properties":{"c":"909794","o":"","e":""},"geometry":{"type":"Polygon","coordinates":[[[-83.7,48.49167],[-83.7,48.49583],[-83.69375,48.49583],[-83.69375,48.49167],[-83.7,48.49167]]]}},{"type":"Feature","properties":{"c":"909795","o":"","e":""},"geometry":{"type":"Polygon","coordinates":[[[-83.69375,48.49167],[-83.69375,48.49583],[-83.6875,48.49583],[-83.6875,48.49167],[-83.69375,48.49167]]]}},{"type":"Feature","properties":{"c":"909796","o":"","e":""},"geometry":{"type":"Polygon","coordinates":[[[-83.6875,48.49167],[-83.6875,48.49583],[-83.68125,48.49583],[-83.68125,48.49167],[-83.6875,48.49167]]]}},{"type":"Feature","properties":{"c":"909797","o":"","e":""},"geometry":{"type":"Polygon","coordinates":[[[-83.68125,48.49167],[-83.68125,48.49583],[-83.675,48.49583],[-83.675,48.49167],[-83.68125,48.49167]]]}},{"type":"Feature","properties":{"c":"909798","o":"","e":""},"geometry":{"type":"Polygon","coordinates":[[[-83.675,48.49167],[-83.675,48.49583],[-83.66875,48.49583],[-83.66875,48.49167],[-83.675,48.49167]]]}},{"type":"Feature","properties":{"c":"909799","o":"","e":""},"geometry":{"type":"Polygon","coordinates":[[[-83.66875,48.49167],[-83.66875,48.49583],[-83.6625,48.49583],[-83.6625,48.49167],[-83.66875,48.49167]]]}},{"type":"Feature","properties":{"c":"909800","o":"","e":""},"geometry":{"type":"Polygon","coordinates":[[[-83.6625,48.49167],[-83.6625,48.49583],[-83.65625,48.49583],[-83.65625,48.49167],[-83.6625,48.49167]]]}},{"type":"Feature","properties":{"c":"1072404","o":"","e":""},"geometry":{"type":"Polygon","coordinates":[[[-83.83125,48.2],[-83.83125,48.20417],[-83.825,48.20417],[-83.825,48.2],[-83.83125,48.2]]]}},{"type":"Feature","properties":{"c":"731932","o":"","e":""},"geometry":{"type":"Polygon","coordinates":[[[-83.775,48.47083],[-83.775,48.475],[-83.76875,48.475],[-83.76875,48.47083],[-83.775,48.47083]]]}},{"type":"Feature","properties":{"c":"731944","o":"","e":""},"geometry":{"type":"Polygon","coordinates":[[[-83.79375,48.47917],[-83.79375,48.48333],[-83.7875,48.48333],[-83.7875,48.47917],[-83.79375,48.47917]]]}},{"type":"Feature","properties":{"c":"731945","o":"","e":""},"geometry":{"type":"Polygon","coordinates":[[[-83.8,48.48333],[-83.8,48.4875],[-83.79375,48.4875],[-83.79375,48.48333],[-83.8,48.48333]]]}},{"type":"Feature","properties":{"c":"731946","o":"","e":""},"geometry":{"type":"Polygon","coordinates":[[[-83.79375,48.48333],[-83.79375,48.4875],[-83.7875,48.4875],[-83.7875,48.48333],[-83.79375,48.48333]]]}},{"type":"Feature","properties":{"c":"909937","o":"","e":""},"geometry":{"type":"Polygon","coordinates":[[[-83.78125,48.47917],[-83.78125,48.48333],[-83.775,48.48333],[-83.775,48.47917],[-83.78125,48.47917]]]}},{"type":"Feature","properties":{"c":"909938","o":"","e":""},"geometry":{"type":"Polygon","coordinates":[[[-83.775,48.47917],[-83.775,48.48333],[-83.76875,48.48333],[-83.76875,48.47917],[-83.775,48.47917]]]}},{"type":"Feature","properties":{"c":"909939","o":"","e":""},"geometry":{"type":"Polygon","coordinates":[[[-83.76875,48.47917],[-83.76875,48.48333],[-83.7625,48.48333],[-83.7625,48.47917],[-83.76875,48.47917]]]}},{"type":"Feature","properties":{"c":"909940","o":"","e":""},"geometry":{"type":"Polygon","coordinates":[[[-83.7625,48.47917],[-83.7625,48.48333],[-83.75625,48.48333],[-83.75625,48.47917],[-83.7625,48.47917]]]}},{"type":"Feature","properties":{"c":"909941","o":"","e":""},"geometry":{"type":"Polygon","coordinates":[[[-83.75625,48.47917],[-83.75625,48.48333],[-83.75,48.48333],[-83.75,48.47917],[-83.75625,48.47917]]]}},{"type":"Feature","properties":{"c":"909942","o":"","e":""},"geometry":{"type":"Polygon","coordinates":[[[-83.78125,48.475],[-83.78125,48.47917],[-83.775,48.47917],[-83.775,48.475],[-83.78125,48.475]]]}},{"type":"Feature","properties":{"c":"909943","o":"","e":""},"geometry":{"type":"Polygon","coordinates":[[[-83.775,48.475],[-83.775,48.47917],[-83.76875,48.47917],[-83.76875,48.475],[-83.775,48.475]]]}},{"type":"Feature","properties":{"c":"909944","o":"","e":""},"geometry":{"type":"Polygon","coordinates":[[[-83.76875,48.475],[-83.76875,48.47917],[-83.7625,48.47917],[-83.7625,48.475],[-83.76875,48.475]]]}},{"type":"Feature","properties":{"c":"909945","o":"","e":""},"geometry":{"type":"Polygon","coordinates":[[[-83.7625,48.475],[-83.7625,48.47917],[-83.75625,48.47917],[-83.75625,48.475],[-83.7625,48.475]]]}},{"type":"Feature","properties":{"c":"909946","o":"","e":""},"geometry":{"type":"Polygon","coordinates":[[[-83.75625,48.475],[-83.75625,48.47917],[-83.75,48.47917],[-83.75,48.475],[-83.75625,48.475]]]}},{"type":"Feature","properties":{"c":"1072230","o":"","e":""},"geometry":{"type":"Polygon","coordinates":[[[-83.80625,48.2375],[-83.80625,48.24167],[-83.8,48.24167],[-83.8,48.2375],[-83.80625,48.2375]]]}},{"type":"Feature","properties":{"c":"1072231","o":"","e":""},"geometry":{"type":"Polygon","coordinates":[[[-83.8,48.24583],[-83.8,48.25],[-83.79375,48.25],[-83.79375,48.24583],[-83.8,48.24583]]]}},{"type":"Feature","properties":{"c":"1072232","o":"","e":""},"geometry":{"type":"Polygon","coordinates":[[[-83.8,48.25417],[-83.8,48.25833],[-83.79375,48.25833],[-83.79375,48.25417],[-83.8,48.25417]]]}},{"type":"Feature","properties":{"c":"1072996","o":"","e":""},"geometry":{"type":"Polygon","coordinates":[[[-84.0,48.25417],[-84.0,48.25833],[-83.99375,48.25833],[-83.99375,48.25417],[-84.0,48.25417]]]}},{"type":"Feature","properties":{"c":"1072281","o":"","e":""},"geometry":{"type":"Polygon","coordinates":[[[-83.78125,48.22917],[-83.78125,48.23333],[-83.775,48.23333],[-83.775,48.22917],[-83.78125,48.22917]]]}},{"type":"Feature","properties":{"c":"1072282","o":"","e":""},"geometry":{"type":"Polygon","coordinates":[[[-83.78125,48.275],[-83.78125,48.27917],[-83.775,48.27917],[-83.775,48.275],[-83.78125,48.275]]]}},{"type":"Feature","properties":{"c":"1072283","o":"","e":""},"geometry":{"type":"Polygon","coordinates":[[[-83.775,48.225],[-83.775,48.22917],[-83.76875,48.22917],[-83.76875,48.225],[-83.775,48.225]]]}},{"type":"Feature","properties":{"c":"1072284","o":"","e":""},"geometry":{"type":"Polygon","coordinates":[[[-83.775,48.24167],[-83.775,48.24583],[-83.76875,48.24583],[-83.76875,48.24167],[-83.775,48.24167]]]}},{"type":"Feature","properties":{"c":"1072285","o":"","e":""},"geometry":{"type":"Polygon","coordinates":[[[-83.79375,48.27083],[-83.79375,48.275],[-83.7875,48.275],[-83.7875,48.27083],[-83.79375,48.27083]]]}},{"type":"Feature","properties":{"c":"1072286","o":"","e":""},"geometry":{"type":"Polygon","coordinates":[[[-83.7875,48.25],[-83.7875,48.25417],[-83.78125,48.25417],[-83.78125,48.25],[-83.7875,48.25]]]}},{"type":"Feature","properties":{"c":"911621","o":"","e":""},"geometry":{"type":"Polygon","coordinates":[[[-83.775,48.49583],[-83.775,48.5],[-83.76875,48.5],[-83.76875,48.49583],[-83.775,48.49583]]]}},{"type":"Feature","properties":{"c":"911622","o":"","e":""},"geometry":{"type":"Polygon","coordinates":[[[-83.78125,48.4875],[-83.78125,48.49167],[-83.775,48.49167],[-83.775,48.4875],[-83.78125,48.4875]]]}},{"type":"Feature","properties":{"c":"911623","o":"","e":""},"geometry":{"type":"Polygon","coordinates":[[[-83.775,48.4875],[-83.775,48.49167],[-83.76875,48.49167],[-83.76875,48.4875],[-83.775,48.4875]]]}},{"type":"Feature","properties":{"c":"911624","o":"","e":""},"geometry":{"type":"Polygon","coordinates":[[[-83.775,48.49167],[-83.775,48.49583],[-83.76875,48.49583],[-83.76875,48.49167],[-83.775,48.49167]]]}},{"type":"Feature","properties":{"c":"911626","o":"","e":""},"geometry":{"type":"Polygon","coordinates":[[[-83.78125,48.49167],[-83.78125,48.49583],[-83.775,48.49583],[-83.775,48.49167],[-83.78125,48.49167]]]}},{"type":"Feature","properties":{"c":"1072287","o":"","e":""},"geometry":{"type":"Polygon","coordinates":[[[-83.7875,48.2625],[-83.7875,48.26667],[-83.78125,48.26667],[-83.78125,48.2625],[-83.7875,48.2625]]]}},{"type":"Feature","properties":{"c":"1072490","o":"","e":""},"geometry":{"type":"Polygon","coordinates":[[[-83.8625,48.20417],[-83.8625,48.20833],[-83.85625,48.20833],[-83.85625,48.20417],[-83.8625,48.20417]]]}},{"type":"Feature","properties":{"c":"1072491","o":"","e":""},"geometry":{"type":"Polygon","coordinates":[[[-83.8625,48.20833],[-83.8625,48.2125],[-83.85625,48.2125],[-83.85625,48.20833],[-83.8625,48.20833]]]}},{"type":"Feature","properties":{"c":"1072492","o":"","e":""},"geometry":{"type":"Polygon","coordinates":[[[-83.85625,48.20417],[-83.85625,48.20833],[-83.85,48.20833],[-83.85,48.20417],[-83.85625,48.20417]]]}},{"type":"Feature","properties":{"c":"1072493","o":"","e":""},"geometry":{"type":"Polygon","coordinates":[[[-83.84375,48.2125],[-83.84375,48.21667],[-83.8375,48.21667],[-83.8375,48.2125],[-83.84375,48.2125]]]}},{"type":"Feature","properties":{"c":"1072494","o":"","e":""},"geometry":{"type":"Polygon","coordinates":[[[-83.875,48.2125],[-83.875,48.21667],[-83.86875,48.21667],[-83.86875,48.2125],[-83.875,48.2125]]]}},{"type":"Feature","properties":{"c":"1072495","o":"","e":""},"geometry":{"type":"Polygon","coordinates":[[[-83.86875,48.20417],[-83.86875,48.20833],[-83.8625,48.20833],[-83.8625,48.20417],[-83.86875,48.20417]]]}},{"type":"Feature","properties":{"c":"1072496","o":"","e":""},"geometry":{"type":"Polygon","coordinates":[[[-83.85625,48.20833],[-83.85625,48.2125],[-83.85,48.2125],[-83.85,48.20833],[-83.85625,48.20833]]]}},{"type":"Feature","properties":{"c":"1072497","o":"","e":""},"geometry":{"type":"Polygon","coordinates":[[[-83.85625,48.2125],[-83.85625,48.21667],[-83.85,48.21667],[-83.85,48.2125],[-83.85625,48.2125]]]}},{"type":"Feature","properties":{"c":"1072498","o":"","e":""},"geometry":{"type":"Polygon","coordinates":[[[-83.86875,48.2125],[-83.86875,48.21667],[-83.8625,48.21667],[-83.8625,48.2125],[-83.86875,48.2125]]]}},{"type":"Feature","properties":{"c":"1072288","o":"","e":""},"geometry":{"type":"Polygon","coordinates":[[[-83.7875,48.275],[-83.7875,48.27917],[-83.78125,48.27917],[-83.78125,48.275],[-83.7875,48.275]]]}},{"type":"Feature","properties":{"c":"1072289","o":"","e":""},"geometry":{"type":"Polygon","coordinates":[[[-83.78125,48.225],[-83.78125,48.22917],[-83.775,48.22917],[-83.775,48.225],[-83.78125,48.225]]]}},{"type":"Feature","properties":{"c":"1072290","o":"","e":""},"geometry":{"type":"Polygon","coordinates":[[[-83.78125,48.25],[-83.78125,48.25417],[-83.775,48.25417],[-83.775,48.25],[-83.78125,48.25]]]}},{"type":"Feature","properties":{"c":"1072291","o":"","e":""},"geometry":{"type":"Polygon","coordinates":[[[-83.78125,48.25833],[-83.78125,48.2625],[-83.775,48.2625],[-83.775,48.25833],[-83.78125,48.25833]]]}},{"type":"Feature","properties":{"c":"1072292","o":"","e":""},"geometry":{"type":"Polygon","coordinates":[[[-83.80625,48.26667],[-83.80625,48.27083],[-83.8,48.27083],[-83.8,48.26667],[-83.80625,48.26667]]]}},{"type":"Feature","properties":{"c":"1072293","o":"","e":""},"geometry":{"type":"Polygon","coordinates":[[[-83.8,48.26667],[-83.8,48.27083],[-83.79375,48.27083],[-83.79375,48.26667],[-83.8,48.26667]]]}},{"type":"Feature","properties":{"c":"1072294","o":"","e":""},"geometry":{"type":"Polygon","coordinates":[[[-83.79375,48.26667],[-83.79375,48.27083],[-83.7875,48.27083],[-83.7875,48.26667],[-83.79375,48.26667]]]}},{"type":"Feature","properties":{"c":"1072295","o":"","e":""},"geometry":{"type":"Polygon","coordinates":[[[-83.7875,48.24167],[-83.7875,48.24583],[-83.78125,48.24583],[-83.78125,48.24167],[-83.7875,48.24167]]]}},{"type":"Feature","properties":{"c":"1072296","o":"","e":""},"geometry":{"type":"Polygon","coordinates":[[[-83.78125,48.24167],[-83.78125,48.24583],[-83.775,48.24583],[-83.775,48.24167],[-83.78125,48.24167]]]}},{"type":"Feature","properties":{"c":"1072297","o":"","e":""},"geometry":{"type":"Polygon","coordinates":[[[-83.78125,48.25417],[-83.78125,48.25833],[-83.775,48.25833],[-83.775,48.25417],[-83.78125,48.25417]]]}},{"type":"Feature","properties":{"c":"1072298","o":"","e":""},"geometry":{"type":"Polygon","coordinates":[[[-83.78125,48.27083],[-83.78125,48.275],[-83.775,48.275],[-83.775,48.27083],[-83.78125,48.27083]]]}},{"type":"Feature","properties":{"c":"1072299","o":"","e":""},"geometry":{"type":"Polygon","coordinates":[[[-83.775,48.2375],[-83.775,48.24167],[-83.76875,48.24167],[-83.76875,48.2375],[-83.775,48.2375]]]}},{"type":"Feature","properties":{"c":"1072300","o":"","e":""},"geometry":{"type":"Polygon","coordinates":[[[-83.775,48.25],[-83.775,48.25417],[-83.76875,48.25417],[-83.76875,48.25],[-83.775,48.25]]]}},{"type":"Feature","properties":{"c":"1072301","o":"","e":""},"geometry":{"type":"Polygon","coordinates":[[[-83.775,48.26667],[-83.775,48.27083],[-83.76875,48.27083],[-83.76875,48.26667],[-83.775,48.26667]]]}},{"type":"Feature","properties":{"c":"1072302","o":"","e":""},"geometry":{"type":"Polygon","coordinates":[[[-83.775,48.27083],[-83.775,48.275],[-83.76875,48.275],[-83.76875,48.27083],[-83.775,48.27083]]]}},{"type":"Feature","properties":{"c":"1072303","o":"","e":""},"geometry":{"type":"Polygon","coordinates":[[[-83.7875,48.225],[-83.7875,48.22917],[-83.78125,48.22917],[-83.78125,48.225],[-83.7875,48.225]]]}},{"type":"Feature","properties":{"c":"1072304","o":"","e":""},"geometry":{"type":"Polygon","coordinates":[[[-83.7875,48.24583],[-83.7875,48.25],[-83.78125,48.25],[-83.78125,48.24583],[-83.7875,48.24583]]]}},{"type":"Feature","properties":{"c":"1072305","o":"","e":""},"geometry":{"type":"Polygon","coordinates":[[[-83.7875,48.27083],[-83.7875,48.275],[-83.78125,48.275],[-83.78125,48.27083],[-83.7875,48.27083]]]}},{"type":"Feature","properties":{"c":"1072306","o":"","e":""},"geometry":{"type":"Polygon","coordinates":[[[-83.78125,48.26667],[-83.78125,48.27083],[-83.775,48.27083],[-83.775,48.26667],[-83.78125,48.26667]]]}},{"type":"Feature","properties":{"c":"1072307","o":"","e":""},"geometry":{"type":"Polygon","coordinates":[[[-83.775,48.23333],[-83.775,48.2375],[-83.76875,48.2375],[-83.76875,48.23333],[-83.775,48.23333]]]}},{"type":"Feature","properties":{"c":"1072308","o":"","e":""},"geometry":{"type":"Polygon","coordinates":[[[-83.775,48.25417],[-83.775,48.25833],[-83.76875,48.25833],[-83.76875,48.25417],[-83.775,48.25417]]]}},{"type":"Feature","properties":{"c":"1072309","o":"","e":""},"geometry":{"type":"Polygon","coordinates":[[[-83.775,48.25833],[-83.775,48.2625],[-83.76875,48.2625],[-83.76875,48.25833],[-83.775,48.25833]]]}},{"type":"Feature","properties":{"c":"1072270","o":"","e":""},"geometry":{"type":"Polygon","coordinates":[[[-83.79375,48.275],[-83.79375,48.27917],[-83.7875,48.27917],[-83.7875,48.275],[-83.79375,48.275]]]}},{"type":"Feature","properties":{"c":"1072271","o":"","e":""},"geometry":{"type":"Polygon","coordinates":[[[-83.7875,48.22917],[-83.7875,48.23333],[-83.78125,48.23333],[-83.78125,48.22917],[-83.7875,48.22917]]]}},{"type":"Feature","properties":{"c":"1072272","o":"","e":""},"geometry":{"type":"Polygon","coordinates":[[[-83.7875,48.25833],[-83.7875,48.2625],[-83.78125,48.2625],[-83.78125,48.25833],[-83.7875,48.25833]]]}},{"type":"Feature","properties":{"c":"1072310","o":"","e":""},"geometry":{"type":"Polygon","coordinates":[[[-83.775,48.27917],[-83.775,48.28333],[-83.76875,48.28333],[-83.76875,48.27917],[-83.775,48.27917]]]}},{"type":"Feature","properties":{"c":"1072311","o":"","e":""},"geometry":{"type":"Polygon","coordinates":[[[-83.7875,48.2375],[-83.7875,48.24167],[-83.78125,48.24167],[-83.78125,48.2375],[-83.7875,48.2375]]]}},{"type":"Feature","properties":{"c":"1072316","o":"","e":""},"geometry":{"type":"Polygon","coordinates":[[[-83.775,48.22917],[-83.775,48.23333],[-83.76875,48.23333],[-83.76875,48.22917],[-83.775,48.22917]]]}},{"type":"Feature","properties":{"c":"1072312","o":"","e":""},"geometry":{"type":"Polygon","coordinates":[[[-83.7875,48.25417],[-83.7875,48.25833],[-83.78125,48.25833],[-83.78125,48.25417],[-83.7875,48.25417]]]}},{"type":"Feature","properties":{"c":"1072313","o":"","e":""},"geometry":{"type":"Polygon","coordinates":[[[-83.78125,48.24583],[-83.78125,48.25],[-83.775,48.25],[-83.775,48.24583],[-83.78125,48.24583]]]}},{"type":"Feature","properties":{"c":"1072314","o":"","e":""},"geometry":{"type":"Polygon","coordinates":[[[-83.78125,48.2625],[-83.78125,48.26667],[-83.775,48.26667],[-83.775,48.2625],[-83.78125,48.2625]]]}},{"type":"Feature","properties":{"c":"1072499","o":"","e":""},"geometry":{"type":"Polygon","coordinates":[[[-83.84375,48.2],[-83.84375,48.20417],[-83.8375,48.20417],[-83.8375,48.2],[-83.84375,48.2]]]}},{"type":"Feature","properties":{"c":"1072315","o":"","e":""},"geometry":{"type":"Polygon","coordinates":[[[-83.78125,48.27917],[-83.78125,48.28333],[-83.775,48.28333],[-83.775,48.27917],[-83.78125,48.27917]]]}},{"type":"Feature","properties":{"c":"1072273","o":"","e":""},"geometry":{"type":"Polygon","coordinates":[[[-83.775,48.24583],[-83.775,48.25],[-83.76875,48.25],[-83.76875,48.24583],[-83.775,48.24583]]]}},{"type":"Feature","properties":{"c":"1072274","o":"","e":""},"geometry":{"type":"Polygon","coordinates":[[[-83.775,48.275],[-83.775,48.27917],[-83.76875,48.27917],[-83.76875,48.275],[-83.775,48.275]]]}},{"type":"Feature","properties":{"c":"1072275","o":"","e":""},"geometry":{"type":"Polygon","coordinates":[[[-83.8,48.27083],[-83.8,48.275],[-83.79375,48.275],[-83.79375,48.27083],[-83.8,48.27083]]]}},{"type":"Feature","properties":{"c":"1072279","o":"","e":""},"geometry":{"type":"Polygon","coordinates":[[[-83.775,48.2625],[-83.775,48.26667],[-83.76875,48.26667],[-83.76875,48.2625],[-83.775,48.2625]]]}},{"type":"Feature","properties":{"c":"1072276","o":"","e":""},"geometry":{"type":"Polygon","coordinates":[[[-83.7875,48.26667],[-83.7875,48.27083],[-83.78125,48.27083],[-83.78125,48.26667],[-83.7875,48.26667]]]}},{"type":"Feature","properties":{"c":"1072277","o":"","e":""},"geometry":{"type":"Polygon","coordinates":[[[-83.78125,48.23333],[-83.78125,48.2375],[-83.775,48.2375],[-83.775,48.23333],[-83.78125,48.23333]]]}},{"type":"Feature","properties":{"c":"1072278","o":"","e":""},"geometry":{"type":"Polygon","coordinates":[[[-83.78125,48.2375],[-83.78125,48.24167],[-83.775,48.24167],[-83.775,48.2375],[-83.78125,48.2375]]]}},{"type":"Feature","properties":{"c":"1072280","o":"","e":""},"geometry":{"type":"Polygon","coordinates":[[[-83.7875,48.23333],[-83.7875,48.2375],[-83.78125,48.2375],[-83.78125,48.23333],[-83.7875,48.23333]]]}},{"type":"Feature","properties":{"c":"1072500","o":"","e":""},"geometry":{"type":"Polygon","coordinates":[[[-83.8625,48.2125],[-83.8625,48.21667],[-83.85625,48.21667],[-83.85625,48.2125],[-83.8625,48.2125]]]}},{"type":"Feature","properties":{"c":"1072501","o":"","e":""},"geometry":{"type":"Polygon","coordinates":[[[-83.84375,48.20833],[-83.84375,48.2125],[-83.8375,48.2125],[-83.8375,48.20833],[-83.84375,48.20833]]]}},{"type":"Feature","properties":{"c":"1072502","o":"","e":""},"geometry":{"type":"Polygon","coordinates":[[[-83.8375,48.2125],[-83.8375,48.21667],[-83.83125,48.21667],[-83.83125,48.2125],[-83.8375,48.2125]]]}},{"type":"Feature","properties":{"c":"1072407","o":"","e":""},"geometry":{"type":"Polygon","coordinates":[[[-83.80625,48.2],[-83.80625,48.20417],[-83.8,48.20417],[-83.8,48.2],[-83.80625,48.2]]]}},{"type":"Feature","properties":{"c":"1072408","o":"","e":""},"geometry":{"type":"Polygon","coordinates":[[[-83.80625,48.20417],[-83.80625,48.20833],[-83.8,48.20833],[-83.8,48.20417],[-83.80625,48.20417]]]}},{"type":"Feature","properties":{"c":"1072409","o":"","e":""},"geometry":{"type":"Polygon","coordinates":[[[-83.80625,48.22083],[-83.80625,48.225],[-83.8,48.225],[-83.8,48.22083],[-83.80625,48.22083]]]}},{"type":"Feature","properties":{"c":"1072410","o":"","e":""},"geometry":{"type":"Polygon","coordinates":[[[-83.8,48.20417],[-83.8,48.20833],[-83.79375,48.20833],[-83.79375,48.20417],[-83.8,48.20417]]]}},{"type":"Feature","properties":{"c":"1072411","o":"","e":""},"geometry":{"type":"Polygon","coordinates":[[[-83.825,48.20833],[-83.825,48.2125],[-83.81875,48.2125],[-83.81875,48.20833],[-83.825,48.20833]]]}},{"type":"Feature","properties":{"c":"1072412","o":"","e":""},"geometry":{"type":"Polygon","coordinates":[[[-83.81875,48.21667],[-83.81875,48.22083],[-83.8125,48.22083],[-83.8125,48.21667],[-83.81875,48.21667]]]}},{"type":"Feature","properties":{"c":"1072413","o":"","e":""},"geometry":{"type":"Polygon","coordinates":[[[-83.8125,48.22083],[-83.8125,48.225],[-83.80625,48.225],[-83.80625,48.22083],[-83.8125,48.22083]]]}},{"type":"Feature","properties":{"c":"929667","o":"","e":""},"geometry":{"type":"Polygon","coordinates":[[[-83.93125,48.46667],[-83.93125,48.47083],[-83.925,48.47083],[-83.925,48.46667],[-83.93125,48.46667]]]}},{"type":"Feature","properties":{"c":"929696","o":"","e":""},"geometry":{"type":"Polygon","coordinates":[[[-83.83125,48.45],[-83.83125,48.45417],[-83.825,48.45417],[-83.825,48.45],[-83.83125,48.45]]]}},{"type":"Feature","properties":{"c":"929695","o":"","e":""},"geometry":{"type":"Polygon","coordinates":[[[-83.825,48.45],[-83.825,48.45417],[-83.81875,48.45417],[-83.81875,48.45],[-83.825,48.45]]]}},{"type":"Feature","properties":{"c":"929697","o":"","e":""},"geometry":{"type":"Polygon","coordinates":[[[-83.8125,48.45417],[-83.8125,48.45833],[-83.80625,48.45833],[-83.80625,48.45417],[-83.8125,48.45417]]]}},{"type":"Feature","properties":{"c":"929698","o":"","e":""},"geometry":{"type":"Polygon","coordinates":[[[-83.825,48.44583],[-83.825,48.45],[-83.81875,48.45],[-83.81875,48.44583],[-83.825,48.44583]]]}},{"type":"Feature","properties":{"c":"1072317","o":"","e":""},"geometry":{"type":"Polygon","coordinates":[[[-83.85,48.24167],[-83.85,48.24583],[-83.84375,48.24583],[-83.84375,48.24167],[-83.85,48.24167]]]}},{"type":"Feature","properties":{"c":"1072318","o":"","e":""},"geometry":{"type":"Polygon","coordinates":[[[-83.84375,48.23333],[-83.84375,48.2375],[-83.8375,48.2375],[-83.8375,48.23333],[-83.84375,48.23333]]]}},{"type":"Feature","properties":{"c":"1072319","o":"","e":""},"geometry":{"type":"Polygon","coordinates":[[[-83.84375,48.24583],[-83.84375,48.25],[-83.8375,48.25],[-83.8375,48.24583],[-83.84375,48.24583]]]}},{"type":"Feature","properties":{"c":"1072320","o":"","e":""},"geometry":{"type":"Polygon","coordinates":[[[-83.8375,48.22917],[-83.8375,48.23333],[-83.83125,48.23333],[-83.83125,48.22917],[-83.8375,48.22917]]]}},{"type":"Feature","properties":{"c":"1072321","o":"","e":""},"geometry":{"type":"Polygon","coordinates":[[[-83.83125,48.225],[-83.83125,48.22917],[-83.825,48.22917],[-83.825,48.225],[-83.83125,48.225]]]}},{"type":"Feature","properties":{"c":"1072322","o":"","e":""},"geometry":{"type":"Polygon","coordinates":[[[-83.83125,48.2375],[-83.83125,48.24167],[-83.825,48.24167],[-83.825,48.2375],[-83.83125,48.2375]]]}},{"type":"Feature","properties":{"c":"1072323","o":"","e":""},"geometry":{"type":"Polygon","coordinates":[[[-83.8375,48.24167],[-83.8375,48.24583],[-83.83125,48.24583],[-83.83125,48.24167],[-83.8375,48.24167]]]}},{"type":"Feature","properties":{"c":"1072324","o":"","e":""},"geometry":{"type":"Polygon","coordinates":[[[-83.8375,48.24583],[-83.8375,48.25],[-83.83125,48.25],[-83.83125,48.24583],[-83.8375,48.24583]]]}},{"type":"Feature","properties":{"c":"1072325","o":"","e":""},"geometry":{"type":"Polygon","coordinates":[[[-83.83125,48.25],[-83.83125,48.25417],[-83.825,48.25417],[-83.825,48.25],[-83.83125,48.25]]]}},{"type":"Feature","properties":{"c":"1072373","o":"","e":""},"geometry":{"type":"Polygon","coordinates":[[[-83.775,48.22083],[-83.775,48.225],[-83.76875,48.225],[-83.76875,48.22083],[-83.775,48.22083]]]}},{"type":"Feature","properties":{"c":"1072374","o":"","e":""},"geometry":{"type":"Polygon","coordinates":[[[-83.7375,48.20833],[-83.7375,48.2125],[-83.73125,48.2125],[-83.73125,48.20833],[-83.7375,48.20833]]]}},{"type":"Feature","properties":{"c":"1072375","o":"","e":""},"geometry":{"type":"Polygon","coordinates":[[[-83.78125,48.21667],[-83.78125,48.22083],[-83.775,48.22083],[-83.775,48.21667],[-83.78125,48.21667]]]}},{"type":"Feature","properties":{"c":"1072376","o":"","e":""},"geometry":{"type":"Polygon","coordinates":[[[-83.775,48.2],[-83.775,48.20417],[-83.76875,48.20417],[-83.76875,48.2],[-83.775,48.2]]]}},{"type":"Feature","properties":{"c":"1072377","o":"","e":""},"geometry":{"type":"Polygon","coordinates":[[[-83.7625,48.22083],[-83.7625,48.225],[-83.75625,48.225],[-83.75625,48.22083],[-83.7625,48.22083]]]}},{"type":"Feature","properties":{"c":"1072378","o":"","e":""},"geometry":{"type":"Polygon","coordinates":[[[-83.75,48.20417],[-83.75,48.20833],[-83.74375,48.20833],[-83.74375,48.20417],[-83.75,48.20417]]]}},{"type":"Feature","properties":{"c":"1072379","o":"","e":""},"geometry":{"type":"Polygon","coordinates":[[[-83.7375,48.2125],[-83.7375,48.21667],[-83.73125,48.21667],[-83.73125,48.2125],[-83.7375,48.2125]]]}},{"type":"Feature","properties":{"c":"1072380","o":"","e":""},"geometry":{"type":"Polygon","coordinates":[[[-83.775,48.20417],[-83.775,48.20833],[-83.76875,48.20833],[-83.76875,48.20417],[-83.775,48.20417]]]}},{"type":"Feature","properties":{"c":"1072381","o":"","e":""},"geometry":{"type":"Polygon","coordinates":[[[-83.76875,48.20833],[-83.76875,48.2125],[-83.7625,48.2125],[-83.7625,48.20833],[-83.76875,48.20833]]]}},{"type":"Feature","properties":{"c":"1072382","o":"","e":""},"geometry":{"type":"Polygon","coordinates":[[[-83.76875,48.22083],[-83.76875,48.225],[-83.7625,48.225],[-83.7625,48.22083],[-83.76875,48.22083]]]}},{"type":"Feature","properties":{"c":"1072383","o":"","e":""},"geometry":{"type":"Polygon","coordinates":[[[-83.76875,48.225],[-83.76875,48.22917],[-83.7625,48.22917],[-83.7625,48.225],[-83.76875,48.225]]]}},{"type":"Feature","properties":{"c":"1072384","o":"","e":""},"geometry":{"type":"Polygon","coordinates":[[[-83.74375,48.2125],[-83.74375,48.21667],[-83.7375,48.21667],[-83.7375,48.2125],[-83.74375,48.2125]]]}},{"type":"Feature","properties":{"c":"1072385","o":"","e":""},"geometry":{"type":"Polygon","coordinates":[[[-83.7875,48.20833],[-83.7875,48.2125],[-83.78125,48.2125],[-83.78125,48.20833],[-83.7875,48.20833]]]}},{"type":"Feature","properties":{"c":"1072386","o":"","e":""},"geometry":{"type":"Polygon","coordinates":[[[-83.78125,48.20417],[-83.78125,48.20833],[-83.775,48.20833],[-83.775,48.20417],[-83.78125,48.20417]]]}},{"type":"Feature","properties":{"c":"1072387","o":"","e":""},"geometry":{"type":"Polygon","coordinates":[[[-83.775,48.2125],[-83.775,48.21667],[-83.76875,48.21667],[-83.76875,48.2125],[-83.775,48.2125]]]}},{"type":"Feature","properties":{"c":"1072388","o":"","e":""},"geometry":{"type":"Polygon","coordinates":[[[-83.76875,48.19583],[-83.76875,48.2],[-83.7625,48.2],[-83.7625,48.19583],[-83.76875,48.19583]]]}},{"type":"Feature","properties":{"c":"1072389","o":"","e":""},"geometry":{"type":"Polygon","coordinates":[[[-83.75625,48.21667],[-83.75625,48.22083],[-83.75,48.22083],[-83.75,48.21667],[-83.75625,48.21667]]]}},{"type":"Feature","properties":{"c":"1072390","o":"","e":""},"geometry":{"type":"Polygon","coordinates":[[[-83.75,48.20833],[-83.75,48.2125],[-83.74375,48.2125],[-83.74375,48.20833],[-83.75,48.20833]]]}},{"type":"Feature","properties":{"c":"1072391","o":"","e":""},"geometry":{"type":"Polygon","coordinates":[[[-83.7875,48.19583],[-83.7875,48.2],[-83.78125,48.2],[-83.78125,48.19583],[-83.7875,48.19583]]]}},{"type":"Feature","properties":{"c":"1072357","o":"","e":""},"geometry":{"type":"Polygon","coordinates":[[[-83.775,48.19583],[-83.775,48.2],[-83.76875,48.2],[-83.76875,48.19583],[-83.775,48.19583]]]}},{"type":"Feature","properties":{"c":"1072358","o":"","e":""},"geometry":{"type":"Polygon","coordinates":[[[-83.775,48.20833],[-83.775,48.2125],[-83.76875,48.2125],[-83.76875,48.20833],[-83.775,48.20833]]]}},{"type":"Feature","properties":{"c":"1072359","o":"","e":""},"geometry":{"type":"Polygon","coordinates":[[[-83.775,48.21667],[-83.775,48.22083],[-83.76875,48.22083],[-83.76875,48.21667],[-83.775,48.21667]]]}},{"type":"Feature","properties":{"c":"1072360","o":"","e":""},"geometry":{"type":"Polygon","coordinates":[[[-83.76875,48.2],[-83.76875,48.20417],[-83.7625,48.20417],[-83.7625,48.2],[-83.76875,48.2]]]}},{"type":"Feature","properties":{"c":"1072361","o":"","e":""},"geometry":{"type":"Polygon","coordinates":[[[-83.76875,48.21667],[-83.76875,48.22083],[-83.7625,48.22083],[-83.7625,48.21667],[-83.76875,48.21667]]]}},{"type":"Feature","properties":{"c":"1072362","o":"","e":""},"geometry":{"type":"Polygon","coordinates":[[[-83.7625,48.2],[-83.7625,48.20417],[-83.75625,48.20417],[-83.75625,48.2],[-83.7625,48.2]]]}},{"type":"Feature","properties":{"c":"1072363","o":"","e":""},"geometry":{"type":"Polygon","coordinates":[[[-83.7625,48.2125],[-83.7625,48.21667],[-83.75625,48.21667],[-83.75625,48.2125],[-83.7625,48.2125]]]}},{"type":"Feature","properties":{"c":"1072364","o":"","e":""},"geometry":{"type":"Polygon","coordinates":[[[-83.75625,48.20833],[-83.75625,48.2125],[-83.75,48.2125],[-83.75,48.20833],[-83.75625,48.20833]]]}},{"type":"Feature","properties":{"c":"1072365","o":"","e":""},"geometry":{"type":"Polygon","coordinates":[[[-83.74375,48.21667],[-83.74375,48.22083],[-83.7375,48.22083],[-83.7375,48.21667],[-83.74375,48.21667]]]}},{"type":"Feature","properties":{"c":"1072366","o":"","e":""},"geometry":{"type":"Polygon","coordinates":[[[-83.78125,48.19583],[-83.78125,48.2],[-83.775,48.2],[-83.775,48.19583],[-83.78125,48.19583]]]}},{"type":"Feature","properties":{"c":"1072367","o":"","e":""},"geometry":{"type":"Polygon","coordinates":[[[-83.78125,48.20833],[-83.78125,48.2125],[-83.775,48.2125],[-83.775,48.20833],[-83.78125,48.20833]]]}},{"type":"Feature","properties":{"c":"1072368","o":"","e":""},"geometry":{"type":"Polygon","coordinates":[[[-83.75625,48.2125],[-83.75625,48.21667],[-83.75,48.21667],[-83.75,48.2125],[-83.75625,48.2125]]]}},{"type":"Feature","properties":{"c":"1072369","o":"","e":""},"geometry":{"type":"Polygon","coordinates":[[[-83.7375,48.21667],[-83.7375,48.22083],[-83.73125,48.22083],[-83.73125,48.21667],[-83.7375,48.21667]]]}},{"type":"Feature","properties":{"c":"1072370","o":"","e":""},"geometry":{"type":"Polygon","coordinates":[[[-83.7875,48.20417],[-83.7875,48.20833],[-83.78125,48.20833],[-83.78125,48.20417],[-83.7875,48.20417]]]}},{"type":"Feature","properties":{"c":"1072371","o":"","e":""},"geometry":{"type":"Polygon","coordinates":[[[-83.78125,48.2],[-83.78125,48.20417],[-83.775,48.20417],[-83.775,48.2],[-83.78125,48.2]]]}},{"type":"Feature","properties":{"c":"1072372","o":"","e":""},"geometry":{"type":"Polygon","coordinates":[[[-83.78125,48.22083],[-83.78125,48.225],[-83.775,48.225],[-83.775,48.22083],[-83.78125,48.22083]]]}},{"type":"Feature","properties":{"c":"1072392","o":"","e":""},"geometry":{"type":"Polygon","coordinates":[[[-83.7875,48.2125],[-83.7875,48.21667],[-83.78125,48.21667],[-83.78125,48.2125],[-83.7875,48.2125]]]}},{"type":"Feature","properties":{"c":"1072393","o":"","e":""},"geometry":{"type":"Polygon","coordinates":[[[-83.76875,48.20417],[-83.76875,48.20833],[-83.7625,48.20833],[-83.7625,48.20417],[-83.76875,48.20417]]]}},{"type":"Feature","properties":{"c":"1072394","o":"","e":""},"geometry":{"type":"Polygon","coordinates":[[[-83.76875,48.2125],[-83.76875,48.21667],[-83.7625,48.21667],[-83.7625,48.2125],[-83.76875,48.2125]]]}},{"type":"Feature","properties":{"c":"1072395","o":"","e":""},"geometry":{"type":"Polygon","coordinates":[[[-83.7625,48.20417],[-83.7625,48.20833],[-83.75625,48.20833],[-83.75625,48.20417],[-83.7625,48.20417]]]}},{"type":"Feature","properties":{"c":"1072400","o":"","e":""},"geometry":{"type":"Polygon","coordinates":[[[-83.75,48.21667],[-83.75,48.22083],[-83.74375,48.22083],[-83.74375,48.21667],[-83.75,48.21667]]]}},{"type":"Feature","properties":{"c":"1072396","o":"","e":""},"geometry":{"type":"Polygon","coordinates":[[[-83.7625,48.20833],[-83.7625,48.2125],[-83.75625,48.2125],[-83.75625,48.20833],[-83.7625,48.20833]]]}},{"type":"Feature","properties":{"c":"1072397","o":"","e":""},"geometry":{"type":"Polygon","coordinates":[[[-83.7625,48.21667],[-83.7625,48.22083],[-83.75625,48.22083],[-83.75625,48.21667],[-83.7625,48.21667]]]}},{"type":"Feature","properties":{"c":"1072398","o":"","e":""},"geometry":{"type":"Polygon","coordinates":[[[-83.75625,48.20417],[-83.75625,48.20833],[-83.75,48.20833],[-83.75,48.20417],[-83.75625,48.20417]]]}},{"type":"Feature","properties":{"c":"1072399","o":"","e":""},"geometry":{"type":"Polygon","coordinates":[[[-83.75,48.2125],[-83.75,48.21667],[-83.74375,48.21667],[-83.74375,48.2125],[-83.75,48.2125]]]}},{"type":"Feature","properties":{"c":"1072401","o":"","e":""},"geometry":{"type":"Polygon","coordinates":[[[-83.74375,48.20833],[-83.74375,48.2125],[-83.7375,48.2125],[-83.7375,48.20833],[-83.74375,48.20833]]]}},{"type":"Feature","properties":{"c":"1072402","o":"","e":""},"geometry":{"type":"Polygon","coordinates":[[[-83.7875,48.2],[-83.7875,48.20417],[-83.78125,48.20417],[-83.78125,48.2],[-83.7875,48.2]]]}},{"type":"Feature","properties":{"c":"1072403","o":"","e":""},"geometry":{"type":"Polygon","coordinates":[[[-83.7875,48.22083],[-83.7875,48.225],[-83.78125,48.225],[-83.78125,48.22083],[-83.7875,48.22083]]]}},{"type":"Feature","properties":{"c":"1072480","o":"","e":""},"geometry":{"type":"Polygon","coordinates":[[[-83.88125,48.21667],[-83.88125,48.22083],[-83.875,48.22083],[-83.875,48.21667],[-83.88125,48.21667]]]}},{"type":"Feature","properties":{"c":"1072481","o":"","e":""},"geometry":{"type":"Polygon","coordinates":[[[-83.875,48.22917],[-83.875,48.23333],[-83.86875,48.23333],[-83.86875,48.22917],[-83.875,48.22917]]]}},{"type":"Feature","properties":{"c":"1072482","o":"","e":""},"geometry":{"type":"Polygon","coordinates":[[[-83.875,48.23333],[-83.875,48.2375],[-83.86875,48.2375],[-83.86875,48.23333],[-83.875,48.23333]]]}},{"type":"Feature","properties":{"c":"1072483","o":"","e":""},"geometry":{"type":"Polygon","coordinates":[[[-83.85625,48.21667],[-83.85625,48.22083],[-83.85,48.22083],[-83.85,48.21667],[-83.85625,48.21667]]]}},{"type":"Feature","properties":{"c":"1072484","o":"","e":""},"geometry":{"type":"Polygon","coordinates":[[[-83.85625,48.225],[-83.85625,48.22917],[-83.85,48.22917],[-83.85,48.225],[-83.85625,48.225]]]}},{"type":"Feature","properties":{"c":"1072485","o":"","e":""},"geometry":{"type":"Polygon","coordinates":[[[-83.875,48.21667],[-83.875,48.22083],[-83.86875,48.22083],[-83.86875,48.21667],[-83.875,48.21667]]]}},{"type":"Feature","properties":{"c":"1072486","o":"","e":""},"geometry":{"type":"Polygon","coordinates":[[[-83.875,48.2375],[-83.875,48.24167],[-83.86875,48.24167],[-83.86875,48.2375],[-83.875,48.2375]]]}},{"type":"Feature","properties":{"c":"1072487","o":"","e":""},"geometry":{"type":"Polygon","coordinates":[[[-83.86875,48.22917],[-83.86875,48.23333],[-83.8625,48.23333],[-83.8625,48.22917],[-83.86875,48.22917]]]}},{"type":"Feature","properties":{"c":"1072504","o":"","e":""},"geometry":{"type":"Polygon","coordinates":[[[-83.8375,48.2],[-83.8375,48.20417],[-83.83125,48.20417],[-83.83125,48.2],[-83.8375,48.2]]]}},{"type":"Feature","properties":{"c":"1072488","o":"","e":""},"geometry":{"type":"Polygon","coordinates":[[[-83.84375,48.22083],[-83.84375,48.225],[-83.8375,48.225],[-83.8375,48.22083],[-83.84375,48.22083]]]}},{"type":"Feature","properties":{"c":"1072489","o":"","e":""},"geometry":{"type":"Polygon","coordinates":[[[-83.8375,48.22083],[-83.8375,48.225],[-83.83125,48.225],[-83.83125,48.22083],[-83.8375,48.22083]]]}},{"type":"Feature","properties":{"c":"1072503","o":"","e":""},"geometry":{"type":"Polygon","coordinates":[[[-83.875,48.20833],[-83.875,48.2125],[-83.86875,48.2125],[-83.86875,48.20833],[-83.875,48.20833]]]}},{"type":"Feature","properties":{"c":"1072505","o":"","e":""},"geometry":{"type":"Polygon","coordinates":[[[-83.8375,48.20417],[-83.8375,48.20833],[-83.83125,48.20833],[-83.83125,48.20417],[-83.8375,48.20417]]]}},{"type":"Feature","properties":{"c":"1072506","o":"","e":""},"geometry":{"type":"Polygon","coordinates":[[[-83.85625,48.2],[-83.85625,48.20417],[-83.85,48.20417],[-83.85,48.2],[-83.85625,48.2]]]}},{"type":"Feature","properties":{"c":"1072507","o":"","e":""},"geometry":{"type":"Polygon","coordinates":[[[-83.85,48.2125],[-83.85,48.21667],[-83.84375,48.21667],[-83.84375,48.2125],[-83.85,48.2125]]]}},{"type":"Feature","properties":{"c":"1072508","o":"","e":""},"geometry":{"type":"Polygon","coordinates":[[[-83.84375,48.20417],[-83.84375,48.20833],[-83.8375,48.20833],[-83.8375,48.20417],[-83.84375,48.20417]]]}},{"type":"Feature","properties":{"c":"1072509","o":"","e":""},"geometry":{"type":"Polygon","coordinates":[[[-83.86875,48.2],[-83.86875,48.20417],[-83.8625,48.20417],[-83.8625,48.2],[-83.86875,48.2]]]}},{"type":"Feature","properties":{"c":"1072510","o":"","e":""},"geometry":{"type":"Polygon","coordinates":[[[-83.85,48.20417],[-83.85,48.20833],[-83.84375,48.20833],[-83.84375,48.20417],[-83.85,48.20417]]]}},{"type":"Feature","properties":{"c":"910037","o":"","e":""},"geometry":{"type":"Polygon","coordinates":[[[-83.58125,48.49167],[-83.58125,48.49583],[-83.575,48.49583],[-83.575,48.49167],[-83.58125,48.49167]]]}},{"type":"Feature","properties":{"c":"910022","o":"","e":""},"geometry":{"type":"Polygon","coordinates":[[[-83.74375,48.44167],[-83.74375,48.44583],[-83.7375,48.44583],[-83.7375,48.44167],[-83.74375,48.44167]]]}},{"type":"Feature","properties":{"c":"1072355","o":"","e":""},"geometry":{"type":"Polygon","coordinates":[[[-83.7875,48.21667],[-83.7875,48.22083],[-83.78125,48.22083],[-83.78125,48.21667],[-83.7875,48.21667]]]}},{"type":"Feature","properties":{"c":"1072356","o":"","e":""},"geometry":{"type":"Polygon","coordinates":[[[-83.78125,48.2125],[-83.78125,48.21667],[-83.775,48.21667],[-83.775,48.2125],[-83.78125,48.2125]]]}},{"type":"Feature","properties":{"c":"1072445","o":"","e":""},"geometry":{"type":"Polygon","coordinates":[[[-83.79375,48.2],[-83.79375,48.20417],[-83.7875,48.20417],[-83.7875,48.2],[-83.79375,48.2]]]}},{"type":"Feature","properties":{"c":"1072446","o":"","e":""},"geometry":{"type":"Polygon","coordinates":[[[-83.79375,48.22083],[-83.79375,48.225],[-83.7875,48.225],[-83.7875,48.22083],[-83.79375,48.22083]]]}},{"type":"Feature","properties":{"c":"1072447","o":"","e":""},"geometry":{"type":"Polygon","coordinates":[[[-83.83125,48.20417],[-83.83125,48.20833],[-83.825,48.20833],[-83.825,48.20417],[-83.83125,48.20417]]]}},{"type":"Feature","properties":{"c":"1072448","o":"","e":""},"geometry":{"type":"Polygon","coordinates":[[[-83.8125,48.20417],[-83.8125,48.20833],[-83.80625,48.20833],[-83.80625,48.20417],[-83.8125,48.20417]]]}},{"type":"Feature","properties":{"c":"1072449","o":"","e":""},"geometry":{"type":"Polygon","coordinates":[[[-83.8,48.21667],[-83.8,48.22083],[-83.79375,48.22083],[-83.79375,48.21667],[-83.8,48.21667]]]}},{"type":"Feature","properties":{"c":"1072511","o":"","e":""},"geometry":{"type":"Polygon","coordinates":[[[-83.85,48.20833],[-83.85,48.2125],[-83.84375,48.2125],[-83.84375,48.20833],[-83.85,48.20833]]]}},{"type":"Feature","properties":{"c":"1072512","o":"","e":""},"geometry":{"type":"Polygon","coordinates":[[[-83.8375,48.20833],[-83.8375,48.2125],[-83.83125,48.2125],[-83.83125,48.20833],[-83.8375,48.20833]]]}},{"type":"Feature","properties":{"c":"1072513","o":"","e":""},"geometry":{"type":"Polygon","coordinates":[[[-83.86875,48.20833],[-83.86875,48.2125],[-83.8625,48.2125],[-83.8625,48.20833],[-83.86875,48.20833]]]}},{"type":"Feature","properties":{"c":"1072514","o":"","e":""},"geometry":{"type":"Polygon","coordinates":[[[-83.8625,48.2],[-83.8625,48.20417],[-83.85625,48.20417],[-83.85625,48.2],[-83.8625,48.2]]]}},{"type":"Feature","properties":{"c":"1072515","o":"","e":""},"geometry":{"type":"Polygon","coordinates":[[[-83.85,48.2],[-83.85,48.20417],[-83.84375,48.20417],[-83.84375,48.2],[-83.85,48.2]]]}},{"type":"Feature","properties":{"c":"1072444","o":"","e":""},"geometry":{"type":"Polygon","coordinates":[[[-83.79375,48.19583],[-83.79375,48.2],[-83.7875,48.2],[-83.7875,48.19583],[-83.79375,48.19583]]]}},{"type":"Feature","properties":{"c":"1072329","o":"","e":""},"geometry":{"type":"Polygon","coordinates":[[[-83.85,48.23333],[-83.85,48.2375],[-83.84375,48.2375],[-83.84375,48.23333],[-83.85,48.23333]]]}},{"type":"Feature","properties":{"c":"1072330","o":"","e":""},"geometry":{"type":"Polygon","coordinates":[[[-83.8375,48.2375],[-83.8375,48.24167],[-83.83125,48.24167],[-83.83125,48.2375],[-83.8375,48.2375]]]}},{"type":"Feature","properties":{"c":"1072331","o":"","e":""},"geometry":{"type":"Polygon","coordinates":[[[-83.8375,48.25],[-83.8375,48.25417],[-83.83125,48.25417],[-83.83125,48.25],[-83.8375,48.25]]]}},{"type":"Feature","properties":{"c":"1072343","o":"","e":""},"geometry":{"type":"Polygon","coordinates":[[[-83.85,48.225],[-83.85,48.22917],[-83.84375,48.22917],[-83.84375,48.225],[-83.85,48.225]]]}},{"type":"Feature","properties":{"c":"1072344","o":"","e":""},"geometry":{"type":"Polygon","coordinates":[[[-83.84375,48.225],[-83.84375,48.22917],[-83.8375,48.22917],[-83.8375,48.225],[-83.84375,48.225]]]}},{"type":"Feature","properties":{"c":"1072345","o":"","e":""},"geometry":{"type":"Polygon","coordinates":[[[-83.8375,48.225],[-83.8375,48.22917],[-83.83125,48.22917],[-83.83125,48.225],[-83.8375,48.225]]]}},{"type":"Feature","properties":{"c":"1072346","o":"","e":""},"geometry":{"type":"Polygon","coordinates":[[[-83.83125,48.22917],[-83.83125,48.23333],[-83.825,48.23333],[-83.825,48.22917],[-83.83125,48.22917]]]}},{"type":"Feature","properties":{"c":"1072332","o":"","e":""},"geometry":{"type":"Polygon","coordinates":[[[-83.83125,48.23333],[-83.83125,48.2375],[-83.825,48.2375],[-83.825,48.23333],[-83.83125,48.23333]]]}},{"type":"Feature","properties":{"c":"1072333","o":"","e":""},"geometry":{"type":"Polygon","coordinates":[[[-83.83125,48.25417],[-83.83125,48.25833],[-83.825,48.25833],[-83.825,48.25417],[-83.83125,48.25417]]]}},{"type":"Feature","properties":{"c":"1072334","o":"","e":""},"geometry":{"type":"Polygon","coordinates":[[[-83.85,48.22917],[-83.85,48.23333],[-83.84375,48.23333],[-83.84375,48.22917],[-83.85,48.22917]]]}},{"type":"Feature","properties":{"c":"1072347","o":"","e":""},"geometry":{"type":"Polygon","coordinates":[[[-83.825,48.23333],[-83.825,48.2375],[-83.81875,48.2375],[-83.81875,48.23333],[-83.825,48.23333]]]}},{"type":"Feature","properties":{"c":"1072348","o":"","e":""},"geometry":{"type":"Polygon","coordinates":[[[-83.81875,48.2375],[-83.81875,48.24167],[-83.8125,48.24167],[-83.8125,48.2375],[-83.81875,48.2375]]]}},{"type":"Feature","properties":{"c":"1072335","o":"","e":""},"geometry":{"type":"Polygon","coordinates":[[[-83.85,48.2375],[-83.85,48.24167],[-83.84375,48.24167],[-83.84375,48.2375],[-83.85,48.2375]]]}},{"type":"Feature","properties":{"c":"1072336","o":"","e":""},"geometry":{"type":"Polygon","coordinates":[[[-83.83125,48.24167],[-83.83125,48.24583],[-83.825,48.24583],[-83.825,48.24167],[-83.83125,48.24167]]]}},{"type":"Feature","properties":{"c":"1072349","o":"","e":""},"geometry":{"type":"Polygon","coordinates":[[[-83.81875,48.24583],[-83.81875,48.25],[-83.8125,48.25],[-83.8125,48.24583],[-83.81875,48.24583]]]}},{"type":"Feature","properties":{"c":"1072337","o":"","e":""},"geometry":{"type":"Polygon","coordinates":[[[-83.83125,48.24583],[-83.83125,48.25],[-83.825,48.25],[-83.825,48.24583],[-83.83125,48.24583]]]}},{"type":"Feature","properties":{"c":"1072338","o":"","e":""},"geometry":{"type":"Polygon","coordinates":[[[-83.825,48.22917],[-83.825,48.23333],[-83.81875,48.23333],[-83.81875,48.22917],[-83.825,48.22917]]]}},{"type":"Feature","properties":{"c":"1072350","o":"","e":""},"geometry":{"type":"Polygon","coordinates":[[[-83.8375,48.23333],[-83.8375,48.2375],[-83.83125,48.2375],[-83.83125,48.23333],[-83.8375,48.23333]]]}},{"type":"Feature","properties":{"c":"1072351","o":"","e":""},"geometry":{"type":"Polygon","coordinates":[[[-83.84375,48.22917],[-83.84375,48.23333],[-83.8375,48.23333],[-83.8375,48.22917],[-83.84375,48.22917]]]}},{"type":"Feature","properties":{"c":"1072352","o":"","e":""},"geometry":{"type":"Polygon","coordinates":[[[-83.84375,48.2375],[-83.84375,48.24167],[-83.8375,48.24167],[-83.8375,48.2375],[-83.84375,48.2375]]]}},{"type":"Feature","properties":{"c":"1072339","o":"","e":""},"geometry":{"type":"Polygon","coordinates":[[[-83.825,48.24583],[-83.825,48.25],[-83.81875,48.25],[-83.81875,48.24583],[-83.825,48.24583]]]}},{"type":"Feature","properties":{"c":"1072340","o":"","e":""},"geometry":{"type":"Polygon","coordinates":[[[-83.81875,48.225],[-83.81875,48.22917],[-83.8125,48.22917],[-83.8125,48.225],[-83.81875,48.225]]]}},{"type":"Feature","properties":{"c":"1072341","o":"","e":""},"geometry":{"type":"Polygon","coordinates":[[[-83.81875,48.23333],[-83.81875,48.2375],[-83.8125,48.2375],[-83.8125,48.23333],[-83.81875,48.23333]]]}},{"type":"Feature","properties":{"c":"1072342","o":"","e":""},"geometry":{"type":"Polygon","coordinates":[[[-83.81875,48.24167],[-83.81875,48.24583],[-83.8125,48.24583],[-83.8125,48.24167],[-83.81875,48.24167]]]}},{"type":"Feature","properties":{"c":"1072353","o":"","e":""},"geometry":{"type":"Polygon","coordinates":[[[-83.825,48.2375],[-83.825,48.24167],[-83.81875,48.24167],[-83.81875,48.2375],[-83.825,48.2375]]]}},{"type":"Feature","properties":{"c":"1072354","o":"","e":""},"geometry":{"type":"Polygon","coordinates":[[[-83.84375,48.24167],[-83.84375,48.24583],[-83.8375,48.24583],[-83.8375,48.24167],[-83.84375,48.24167]]]}},{"type":"Feature","properties":{"c":"1072414","o":"","e":""},"geometry":{"type":"Polygon","coordinates":[[[-83.80625,48.2125],[-83.80625,48.21667],[-83.8,48.21667],[-83.8,48.2125],[-83.80625,48.2125]]]}},{"type":"Feature","properties":{"c":"1072415","o":"","e":""},"geometry":{"type":"Polygon","coordinates":[[[-83.79375,48.20833],[-83.79375,48.2125],[-83.7875,48.2125],[-83.7875,48.20833],[-83.79375,48.20833]]]}},{"type":"Feature","properties":{"c":"1072416","o":"","e":""},"geometry":{"type":"Polygon","coordinates":[[[-83.825,48.20417],[-83.825,48.20833],[-83.81875,48.20833],[-83.81875,48.20417],[-83.825,48.20417]]]}},{"type":"Feature","properties":{"c":"1072417","o":"","e":""},"geometry":{"type":"Polygon","coordinates":[[[-83.825,48.2125],[-83.825,48.21667],[-83.81875,48.21667],[-83.81875,48.2125],[-83.825,48.2125]]]}},{"type":"Feature","properties":{"c":"1072418","o":"","e":""},"geometry":{"type":"Polygon","coordinates":[[[-83.81875,48.20417],[-83.81875,48.20833],[-83.8125,48.20833],[-83.8125,48.20417],[-83.81875,48.20417]]]}},{"type":"Feature","properties":{"c":"1072419","o":"","e":""},"geometry":{"type":"Polygon","coordinates":[[[-83.8125,48.2125],[-83.8125,48.21667],[-83.80625,48.21667],[-83.80625,48.2125],[-83.8125,48.2125]]]}},{"type":"Feature","properties":{"c":"1072420","o":"","e":""},"geometry":{"type":"Polygon","coordinates":[[[-83.8125,48.21667],[-83.8125,48.22083],[-83.80625,48.22083],[-83.80625,48.21667],[-83.8125,48.21667]]]}},{"type":"Feature","properties":{"c":"1072421","o":"","e":""},"geometry":{"type":"Polygon","coordinates":[[[-83.825,48.2],[-83.825,48.20417],[-83.81875,48.20417],[-83.81875,48.2],[-83.825,48.2]]]}},{"type":"Feature","properties":{"c":"1072422","o":"","e":""},"geometry":{"type":"Polygon","coordinates":[[[-83.83125,48.21667],[-83.83125,48.22083],[-83.825,48.22083],[-83.825,48.21667],[-83.83125,48.21667]]]}},{"type":"Feature","properties":{"c":"1072423","o":"","e":""},"geometry":{"type":"Polygon","coordinates":[[[-83.83125,48.22083],[-83.83125,48.225],[-83.825,48.225],[-83.825,48.22083],[-83.83125,48.22083]]]}},{"type":"Feature","properties":{"c":"1072424","o":"","e":""},"geometry":{"type":"Polygon","coordinates":[[[-83.825,48.22083],[-83.825,48.225],[-83.81875,48.225],[-83.81875,48.22083],[-83.825,48.22083]]]}},{"type":"Feature","properties":{"c":"1072425","o":"","e":""},"geometry":{"type":"Polygon","coordinates":[[[-83.81875,48.2],[-83.81875,48.20417],[-83.8125,48.20417],[-83.8125,48.2],[-83.81875,48.2]]]}},{"type":"Feature","properties":{"c":"1072426","o":"","e":""},"geometry":{"type":"Polygon","coordinates":[[[-83.8,48.20833],[-83.8,48.2125],[-83.79375,48.2125],[-83.79375,48.20833],[-83.8,48.20833]]]}},{"type":"Feature","properties":{"c":"1072438","o":"","e":""},"geometry":{"type":"Polygon","coordinates":[[[-83.81875,48.22083],[-83.81875,48.225],[-83.8125,48.225],[-83.8125,48.22083],[-83.81875,48.22083]]]}},{"type":"Feature","properties":{"c":"1072427","o":"","e":""},"geometry":{"type":"Polygon","coordinates":[[[-83.79375,48.19167],[-83.79375,48.19583],[-83.7875,48.19583],[-83.7875,48.19167],[-83.79375,48.19167]]]}},{"type":"Feature","properties":{"c":"1072439","o":"","e":""},"geometry":{"type":"Polygon","coordinates":[[[-83.8125,48.20833],[-83.8125,48.2125],[-83.80625,48.2125],[-83.80625,48.20833],[-83.8125,48.20833]]]}},{"type":"Feature","properties":{"c":"1072428","o":"","e":""},"geometry":{"type":"Polygon","coordinates":[[[-83.79375,48.2125],[-83.79375,48.21667],[-83.7875,48.21667],[-83.7875,48.2125],[-83.79375,48.2125]]]}},{"type":"Feature","properties":{"c":"1072440","o":"","e":""},"geometry":{"type":"Polygon","coordinates":[[[-83.80625,48.21667],[-83.80625,48.22083],[-83.8,48.22083],[-83.8,48.21667],[-83.80625,48.21667]]]}},{"type":"Feature","properties":{"c":"1072429","o":"","e":""},"geometry":{"type":"Polygon","coordinates":[[[-83.79375,48.21667],[-83.79375,48.22083],[-83.7875,48.22083],[-83.7875,48.21667],[-83.79375,48.21667]]]}},{"type":"Feature","properties":{"c":"1072430","o":"","e":""},"geometry":{"type":"Polygon","coordinates":[[[-83.83125,48.20833],[-83.83125,48.2125],[-83.825,48.2125],[-83.825,48.20833],[-83.83125,48.20833]]]}},{"type":"Feature","properties":{"c":"1072431","o":"","e":""},"geometry":{"type":"Polygon","coordinates":[[[-83.825,48.21667],[-83.825,48.22083],[-83.81875,48.22083],[-83.81875,48.21667],[-83.825,48.21667]]]}},{"type":"Feature","properties":{"c":"1072432","o":"","e":""},"geometry":{"type":"Polygon","coordinates":[[[-83.81875,48.20833],[-83.81875,48.2125],[-83.8125,48.2125],[-83.8125,48.20833],[-83.81875,48.20833]]]}},{"type":"Feature","properties":{"c":"1072441","o":"","e":""},"geometry":{"type":"Polygon","coordinates":[[[-83.8,48.2],[-83.8,48.20417],[-83.79375,48.20417],[-83.79375,48.2],[-83.8,48.2]]]}},{"type":"Feature","properties":{"c":"1072433","o":"","e":""},"geometry":{"type":"Polygon","coordinates":[[[-83.8125,48.2],[-83.8125,48.20417],[-83.80625,48.20417],[-83.80625,48.2],[-83.8125,48.2]]]}},{"type":"Feature","properties":{"c":"1072442","o":"","e":""},"geometry":{"type":"Polygon","coordinates":[[[-83.8,48.2125],[-83.8,48.21667],[-83.79375,48.21667],[-83.79375,48.2125],[-83.8,48.2125]]]}},{"type":"Feature","properties":{"c":"1072434","o":"","e":""},"geometry":{"type":"Polygon","coordinates":[[[-83.80625,48.20833],[-83.80625,48.2125],[-83.8,48.2125],[-83.8,48.20833],[-83.80625,48.20833]]]}},{"type":"Feature","properties":{"c":"1072435","o":"","e":""},"geometry":{"type":"Polygon","coordinates":[[[-83.8,48.19167],[-83.8,48.19583],[-83.79375,48.19583],[-83.79375,48.19167],[-83.8,48.19167]]]}},{"type":"Feature","properties":{"c":"1072436","o":"","e":""},"geometry":{"type":"Polygon","coordinates":[[[-83.8,48.19583],[-83.8,48.2],[-83.79375,48.2],[-83.79375,48.19583],[-83.8,48.19583]]]}},{"type":"Feature","properties":{"c":"1072437","o":"","e":""},"geometry":{"type":"Polygon","coordinates":[[[-83.79375,48.20417],[-83.79375,48.20833],[-83.7875,48.20833],[-83.7875,48.20417],[-83.79375,48.20417]]]}},{"type":"Feature","properties":{"c":"1072443","o":"","e":""},"geometry":{"type":"Polygon","coordinates":[[[-83.8,48.22083],[-83.8,48.225],[-83.79375,48.225],[-83.79375,48.22083],[-83.8,48.22083]]]}},{"type":"Feature","properties":{"c":"731876","o":"","e":""},"geometry":{"type":"Polygon","coordinates":[[[-83.875,48.45],[-83.875,48.45417],[-83.86875,48.45417],[-83.86875,48.45],[-83.875,48.45]]]}},{"type":"Feature","properties":{"c":"731877","o":"","e":""},"geometry":{"type":"Polygon","coordinates":[[[-83.86875,48.45],[-83.86875,48.45417],[-83.8625,48.45417],[-83.8625,48.45],[-83.86875,48.45]]]}},{"type":"Feature","properties":{"c":"731878","o":"","e":""},"geometry":{"type":"Polygon","coordinates":[[[-83.8625,48.45],[-83.8625,48.45417],[-83.85625,48.45417],[-83.85625,48.45],[-83.8625,48.45]]]}},{"type":"Feature","properties":{"c":"731879","o":"","e":""},"geometry":{"type":"Polygon","coordinates":[[[-83.85625,48.45],[-83.85625,48.45417],[-83.85,48.45417],[-83.85,48.45],[-83.85625,48.45]]]}},{"type":"Feature","properties":{"c":"731880","o":"","e":""},"geometry":{"type":"Polygon","coordinates":[[[-83.85,48.45],[-83.85,48.45417],[-83.84375,48.45417],[-83.84375,48.45],[-83.85,48.45]]]}},{"type":"Feature","properties":{"c":"731881","o":"","e":""},"geometry":{"type":"Polygon","coordinates":[[[-83.84375,48.45],[-83.84375,48.45417],[-83.8375,48.45417],[-83.8375,48.45],[-83.84375,48.45]]]}},{"type":"Feature","properties":{"c":"731882","o":"","e":""},"geometry":{"type":"Polygon","coordinates":[[[-83.8375,48.45],[-83.8375,48.45417],[-83.83125,48.45417],[-83.83125,48.45],[-83.8375,48.45]]]}},{"type":"Feature","properties":{"c":"731883","o":"","e":""},"geometry":{"type":"Polygon","coordinates":[[[-83.86875,48.45417],[-83.86875,48.45833],[-83.8625,48.45833],[-83.8625,48.45417],[-83.86875,48.45417]]]}},{"type":"Feature","properties":{"c":"731884","o":"","e":""},"geometry":{"type":"Polygon","coordinates":[[[-83.85625,48.45417],[-83.85625,48.45833],[-83.85,48.45833],[-83.85,48.45417],[-83.85625,48.45417]]]}},{"type":"Feature","properties":{"c":"731885","o":"","e":""},"geometry":{"type":"Polygon","coordinates":[[[-83.85,48.45417],[-83.85,48.45833],[-83.84375,48.45833],[-83.84375,48.45417],[-83.85,48.45417]]]}},{"type":"Feature","properties":{"c":"731886","o":"","e":""},"geometry":{"type":"Polygon","coordinates":[[[-83.84375,48.45417],[-83.84375,48.45833],[-83.8375,48.45833],[-83.8375,48.45417],[-83.84375,48.45417]]]}},{"type":"Feature","properties":{"c":"731887","o":"","e":""},"geometry":{"type":"Polygon","coordinates":[[[-83.8375,48.45417],[-83.8375,48.45833],[-83.83125,48.45833],[-83.83125,48.45417],[-83.8375,48.45417]]]}},{"type":"Feature","properties":{"c":"731888","o":"","e":""},"geometry":{"type":"Polygon","coordinates":[[[-83.83125,48.45417],[-83.83125,48.45833],[-83.825,48.45833],[-83.825,48.45417],[-83.83125,48.45417]]]}},{"type":"Feature","properties":{"c":"731889","o":"","e":""},"geometry":{"type":"Polygon","coordinates":[[[-83.825,48.45417],[-83.825,48.45833],[-83.81875,48.45833],[-83.81875,48.45417],[-83.825,48.45417]]]}},{"type":"Feature","properties":{"c":"731890","o":"","e":""},"geometry":{"type":"Polygon","coordinates":[[[-83.86875,48.45833],[-83.86875,48.4625],[-83.8625,48.4625],[-83.8625,48.45833],[-83.86875,48.45833]]]}},{"type":"Feature","properties":{"c":"731891","o":"","e":""},"geometry":{"type":"Polygon","coordinates":[[[-83.8625,48.45833],[-83.8625,48.4625],[-83.85625,48.4625],[-83.85625,48.45833],[-83.8625,48.45833]]]}},{"type":"Feature","properties":{"c":"731892","o":"","e":""},"geometry":{"type":"Polygon","coordinates":[[[-83.85625,48.45833],[-83.85625,48.4625],[-83.85,48.4625],[-83.85,48.45833],[-83.85625,48.45833]]]}},{"type":"Feature","properties":{"c":"731893","o":"","e":""},"geometry":{"type":"Polygon","coordinates":[[[-83.85,48.45833],[-83.85,48.4625],[-83.84375,48.4625],[-83.84375,48.45833],[-83.85,48.45833]]]}},{"type":"Feature","properties":{"c":"731894","o":"","e":""},"geometry":{"type":"Polygon","coordinates":[[[-83.84375,48.45833],[-83.84375,48.4625],[-83.8375,48.4625],[-83.8375,48.45833],[-83.84375,48.45833]]]}},{"type":"Feature","properties":{"c":"731895","o":"","e":""},"geometry":{"type":"Polygon","coordinates":[[[-83.8375,48.45833],[-83.8375,48.4625],[-83.83125,48.4625],[-83.83125,48.45833],[-83.8375,48.45833]]]}},{"type":"Feature","properties":{"c":"731896","o":"","e":""},"geometry":{"type":"Polygon","coordinates":[[[-83.83125,48.45833],[-83.83125,48.4625],[-83.825,48.4625],[-83.825,48.45833],[-83.83125,48.45833]]]}},{"type":"Feature","properties":{"c":"731897","o":"","e":""},"geometry":{"type":"Polygon","coordinates":[[[-83.825,48.45833],[-83.825,48.4625],[-83.81875,48.4625],[-83.81875,48.45833],[-83.825,48.45833]]]}},{"type":"Feature","properties":{"c":"731898","o":"","e":""},"geometry":{"type":"Polygon","coordinates":[[[-83.81875,48.45833],[-83.81875,48.4625],[-83.8125,48.4625],[-83.8125,48.45833],[-83.81875,48.45833]]]}},{"type":"Feature","properties":{"c":"731899","o":"","e":""},"geometry":{"type":"Polygon","coordinates":[[[-83.8125,48.45833],[-83.8125,48.4625],[-83.80625,48.4625],[-83.80625,48.45833],[-83.8125,48.45833]]]}},{"type":"Feature","properties":{"c":"731900","o":"","e":""},"geometry":{"type":"Polygon","coordinates":[[[-83.80625,48.45833],[-83.80625,48.4625],[-83.8,48.4625],[-83.8,48.45833],[-83.80625,48.45833]]]}},{"type":"Feature","properties":{"c":"731901","o":"","e":""},"geometry":{"type":"Polygon","coordinates":[[[-83.8625,48.4625],[-83.8625,48.46667],[-83.85625,48.46667],[-83.85625,48.4625],[-83.8625,48.4625]]]}},{"type":"Feature","properties":{"c":"731902","o":"","e":""},"geometry":{"type":"Polygon","coordinates":[[[-83.85625,48.4625],[-83.85625,48.46667],[-83.85,48.46667],[-83.85,48.4625],[-83.85625,48.4625]]]}},{"type":"Feature","properties":{"c":"731903","o":"","e":""},"geometry":{"type":"Polygon","coordinates":[[[-83.85,48.4625],[-83.85,48.46667],[-83.84375,48.46667],[-83.84375,48.4625],[-83.85,48.4625]]]}},{"type":"Feature","properties":{"c":"731904","o":"","e":""},"geometry":{"type":"Polygon","coordinates":[[[-83.84375,48.4625],[-83.84375,48.46667],[-83.8375,48.46667],[-83.8375,48.4625],[-83.84375,48.4625]]]}},{"type":"Feature","properties":{"c":"731905","o":"","e":""},"geometry":{"type":"Polygon","coordinates":[[[-83.8375,48.4625],[-83.8375,48.46667],[-83.83125,48.46667],[-83.83125,48.4625],[-83.8375,48.4625]]]}},{"type":"Feature","properties":{"c":"731906","o":"","e":""},"geometry":{"type":"Polygon","coordinates":[[[-83.83125,48.4625],[-83.83125,48.46667],[-83.825,48.46667],[-83.825,48.4625],[-83.83125,48.4625]]]}},{"type":"Feature","properties":{"c":"731907","o":"","e":""},"geometry":{"type":"Polygon","coordinates":[[[-83.825,48.4625],[-83.825,48.46667],[-83.81875,48.46667],[-83.81875,48.4625],[-83.825,48.4625]]]}},{"type":"Feature","properties":{"c":"731908","o":"","e":""},"geometry":{"type":"Polygon","coordinates":[[[-83.81875,48.4625],[-83.81875,48.46667],[-83.8125,48.46667],[-83.8125,48.4625],[-83.81875,48.4625]]]}},{"type":"Feature","properties":{"c":"731909","o":"","e":""},"geometry":{"type":"Polygon","coordinates":[[[-83.8125,48.4625],[-83.8125,48.46667],[-83.80625,48.46667],[-83.80625,48.4625],[-83.8125,48.4625]]]}},{"type":"Feature","properties":{"c":"731910","o":"","e":""},"geometry":{"type":"Polygon","coordinates":[[[-83.80625,48.4625],[-83.80625,48.46667],[-83.8,48.46667],[-83.8,48.4625],[-83.80625,48.4625]]]}},{"type":"Feature","properties":{"c":"731911","o":"","e":""},"geometry":{"type":"Polygon","coordinates":[[[-83.85625,48.46667],[-83.85625,48.47083],[-83.85,48.47083],[-83.85,48.46667],[-83.85625,48.46667]]]}},{"type":"Feature","properties":{"c":"731912","o":"","e":""},"geometry":{"type":"Polygon","coordinates":[[[-83.85,48.46667],[-83.85,48.47083],[-83.84375,48.47083],[-83.84375,48.46667],[-83.85,48.46667]]]}},{"type":"Feature","properties":{"c":"731913","o":"","e":""},"geometry":{"type":"Polygon","coordinates":[[[-83.84375,48.46667],[-83.84375,48.47083],[-83.8375,48.47083],[-83.8375,48.46667],[-83.84375,48.46667]]]}},{"type":"Feature","properties":{"c":"731914","o":"","e":""},"geometry":{"type":"Polygon","coordinates":[[[-83.8375,48.46667],[-83.8375,48.47083],[-83.83125,48.47083],[-83.83125,48.46667],[-83.8375,48.46667]]]}},{"type":"Feature","properties":{"c":"731915","o":"","e":""},"geometry":{"type":"Polygon","coordinates":[[[-83.83125,48.46667],[-83.83125,48.47083],[-83.825,48.47083],[-83.825,48.46667],[-83.83125,48.46667]]]}},{"type":"Feature","properties":{"c":"731916","o":"","e":""},"geometry":{"type":"Polygon","coordinates":[[[-83.825,48.46667],[-83.825,48.47083],[-83.81875,48.47083],[-83.81875,48.46667],[-83.825,48.46667]]]}},{"type":"Feature","properties":{"c":"731917","o":"","e":""},"geometry":{"type":"Polygon","coordinates":[[[-83.81875,48.46667],[-83.81875,48.47083],[-83.8125,48.47083],[-83.8125,48.46667],[-83.81875,48.46667]]]}},{"type":"Feature","properties":{"c":"731918","o":"","e":""},"geometry":{"type":"Polygon","coordinates":[[[-83.8125,48.46667],[-83.8125,48.47083],[-83.80625,48.47083],[-83.80625,48.46667],[-83.8125,48.46667]]]}},{"type":"Feature","properties":{"c":"731919","o":"","e":""},"geometry":{"type":"Polygon","coordinates":[[[-83.84375,48.47083],[-83.84375,48.475],[-83.8375,48.475],[-83.8375,48.47083],[-83.84375,48.47083]]]}},{"type":"Feature","properties":{"c":"731920","o":"","e":""},"geometry":{"type":"Polygon","coordinates":[[[-83.8375,48.47083],[-83.8375,48.475],[-83.83125,48.475],[-83.83125,48.47083],[-83.8375,48.47083]]]}},{"type":"Feature","properties":{"c":"731921","o":"","e":""},"geometry":{"type":"Polygon","coordinates":[[[-83.83125,48.47083],[-83.83125,48.475],[-83.825,48.475],[-83.825,48.47083],[-83.83125,48.47083]]]}},{"type":"Feature","properties":{"c":"731922","o":"","e":""},"geometry":{"type":"Polygon","coordinates":[[[-83.825,48.47083],[-83.825,48.475],[-83.81875,48.475],[-83.81875,48.47083],[-83.825,48.47083]]]}},{"type":"Feature","properties":{"c":"731923","o":"","e":""},"geometry":{"type":"Polygon","coordinates":[[[-83.81875,48.47083],[-83.81875,48.475],[-83.8125,48.475],[-83.8125,48.47083],[-83.81875,48.47083]]]}},{"type":"Feature","properties":{"c":"731924","o":"","e":""},"geometry":{"type":"Polygon","coordinates":[[[-83.8125,48.47083],[-83.8125,48.475],[-83.80625,48.475],[-83.80625,48.47083],[-83.8125,48.47083]]]}},{"type":"Feature","properties":{"c":"731925","o":"","e":""},"geometry":{"type":"Polygon","coordinates":[[[-83.80625,48.47083],[-83.80625,48.475],[-83.8,48.475],[-83.8,48.47083],[-83.80625,48.47083]]]}},{"type":"Feature","properties":{"c":"731947","o":"","e":""},"geometry":{"type":"Polygon","coordinates":[[[-83.8625,48.45417],[-83.8625,48.45833],[-83.85625,48.45833],[-83.85625,48.45417],[-83.8625,48.45417]]]}},{"type":"Feature","properties":{"c":"910020","o":"","e":""},"geometry":{"type":"Polygon","coordinates":[[[-83.81875,48.39583],[-83.81875,48.4],[-83.8125,48.4],[-83.8125,48.39583],[-83.81875,48.39583]]]}},{"type":"Feature","properties":{"c":"910021","o":"","e":""},"geometry":{"type":"Polygon","coordinates":[[[-83.79375,48.4125],[-83.79375,48.41667],[-83.7875,48.41667],[-83.7875,48.4125],[-83.79375,48.4125]]]}},{"type":"Feature","properties":{"c":"909854","o":"","e":""},"geometry":{"type":"Polygon","coordinates":[[[-83.74375,48.47083],[-83.74375,48.475],[-83.7375,48.475],[-83.7375,48.47083],[-83.74375,48.47083]]]}},{"type":"Feature","properties":{"c":"909855","o":"","e":""},"geometry":{"type":"Polygon","coordinates":[[[-83.7375,48.47083],[-83.7375,48.475],[-83.73125,48.475],[-83.73125,48.47083],[-83.7375,48.47083]]]}},{"type":"Feature","properties":{"c":"909856","o":"","e":""},"geometry":{"type":"Polygon","coordinates":[[[-83.73125,48.47083],[-83.73125,48.475],[-83.725,48.475],[-83.725,48.47083],[-83.73125,48.47083]]]}},{"type":"Feature","properties":{"c":"909857","o":"","e":""},"geometry":{"type":"Polygon","coordinates":[[[-83.725,48.47083],[-83.725,48.475],[-83.71875,48.475],[-83.71875,48.47083],[-83.725,48.47083]]]}},{"type":"Feature","properties":{"c":"909858","o":"","e":""},"geometry":{"type":"Polygon","coordinates":[[[-83.71875,48.47083],[-83.71875,48.475],[-83.7125,48.475],[-83.7125,48.47083],[-83.71875,48.47083]]]}},{"type":"Feature","properties":{"c":"909859","o":"","e":""},"geometry":{"type":"Polygon","coordinates":[[[-83.7125,48.47083],[-83.7125,48.475],[-83.70625,48.475],[-83.70625,48.47083],[-83.7125,48.47083]]]}},{"type":"Feature","properties":{"c":"909860","o":"","e":""},"geometry":{"type":"Polygon","coordinates":[[[-83.70625,48.47083],[-83.70625,48.475],[-83.7,48.475],[-83.7,48.47083],[-83.70625,48.47083]]]}},{"type":"Feature","properties":{"c":"909861","o":"","e":""},"geometry":{"type":"Polygon","coordinates":[[[-83.7,48.47083],[-83.7,48.475],[-83.69375,48.475],[-83.69375,48.47083],[-83.7,48.47083]]]}},{"type":"Feature","properties":{"c":"909862","o":"","e":""},"geometry":{"type":"Polygon","coordinates":[[[-83.69375,48.47083],[-83.69375,48.475],[-83.6875,48.475],[-83.6875,48.47083],[-83.69375,48.47083]]]}},{"type":"Feature","properties":{"c":"909863","o":"","e":""},"geometry":{"type":"Polygon","coordinates":[[[-83.6875,48.47083],[-83.6875,48.475],[-83.68125,48.475],[-83.68125,48.47083],[-83.6875,48.47083]]]}},{"type":"Feature","properties":{"c":"909864","o":"","e":""},"geometry":{"type":"Polygon","coordinates":[[[-83.68125,48.47083],[-83.68125,48.475],[-83.675,48.475],[-83.675,48.47083],[-83.68125,48.47083]]]}},{"type":"Feature","properties":{"c":"909865","o":"","e":""},"geometry":{"type":"Polygon","coordinates":[[[-83.675,48.47083],[-83.675,48.475],[-83.66875,48.475],[-83.66875,48.47083],[-83.675,48.47083]]]}},{"type":"Feature","properties":{"c":"909866","o":"","e":""},"geometry":{"type":"Polygon","coordinates":[[[-83.66875,48.47083],[-83.66875,48.475],[-83.6625,48.475],[-83.6625,48.47083],[-83.66875,48.47083]]]}},{"type":"Feature","properties":{"c":"909867","o":"","e":""},"geometry":{"type":"Polygon","coordinates":[[[-83.6625,48.47083],[-83.6625,48.475],[-83.65625,48.475],[-83.65625,48.47083],[-83.6625,48.47083]]]}},{"type":"Feature","properties":{"c":"909868","o":"","e":""},"geometry":{"type":"Polygon","coordinates":[[[-83.65625,48.47083],[-83.65625,48.475],[-83.65,48.475],[-83.65,48.47083],[-83.65625,48.47083]]]}},{"type":"Feature","properties":{"c":"909869","o":"","e":""},"geometry":{"type":"Polygon","coordinates":[[[-83.65,48.47083],[-83.65,48.475],[-83.64375,48.475],[-83.64375,48.47083],[-83.65,48.47083]]]}},{"type":"Feature","properties":{"c":"909870","o":"","e":""},"geometry":{"type":"Polygon","coordinates":[[[-83.68125,48.475],[-83.68125,48.47917],[-83.675,48.47917],[-83.675,48.475],[-83.68125,48.475]]]}},{"type":"Feature","properties":{"c":"909871","o":"","e":""},"geometry":{"type":"Polygon","coordinates":[[[-83.675,48.475],[-83.675,48.47917],[-83.66875,48.47917],[-83.66875,48.475],[-83.675,48.475]]]}},{"type":"Feature","properties":{"c":"909872","o":"","e":""},"geometry":{"type":"Polygon","coordinates":[[[-83.66875,48.475],[-83.66875,48.47917],[-83.6625,48.47917],[-83.6625,48.475],[-83.66875,48.475]]]}},{"type":"Feature","properties":{"c":"909873","o":"","e":""},"geometry":{"type":"Polygon","coordinates":[[[-83.6625,48.475],[-83.6625,48.47917],[-83.65625,48.47917],[-83.65625,48.475],[-83.6625,48.475]]]}},{"type":"Feature","properties":{"c":"909874","o":"","e":""},"geometry":{"type":"Polygon","coordinates":[[[-83.65625,48.475],[-83.65625,48.47917],[-83.65,48.47917],[-83.65,48.475],[-83.65625,48.475]]]}},{"type":"Feature","properties":{"c":"909875","o":"","e":""},"geometry":{"type":"Polygon","coordinates":[[[-83.8,48.45833],[-83.8,48.4625],[-83.79375,48.4625],[-83.79375,48.45833],[-83.8,48.45833]]]}},{"type":"Feature","properties":{"c":"909876","o":"","e":""},"geometry":{"type":"Polygon","coordinates":[[[-83.79375,48.45833],[-83.79375,48.4625],[-83.7875,48.4625],[-83.7875,48.45833],[-83.79375,48.45833]]]}},{"type":"Feature","properties":{"c":"909877","o":"","e":""},"geometry":{"type":"Polygon","coordinates":[[[-83.7875,48.45833],[-83.7875,48.4625],[-83.78125,48.4625],[-83.78125,48.45833],[-83.7875,48.45833]]]}},{"type":"Feature","properties":{"c":"909878","o":"","e":""},"geometry":{"type":"Polygon","coordinates":[[[-83.78125,48.45833],[-83.78125,48.4625],[-83.775,48.4625],[-83.775,48.45833],[-83.78125,48.45833]]]}},{"type":"Feature","properties":{"c":"909879","o":"","e":""},"geometry":{"type":"Polygon","coordinates":[[[-83.775,48.45833],[-83.775,48.4625],[-83.76875,48.4625],[-83.76875,48.45833],[-83.775,48.45833]]]}},{"type":"Feature","properties":{"c":"909880","o":"","e":""},"geometry":{"type":"Polygon","coordinates":[[[-83.76875,48.45833],[-83.76875,48.4625],[-83.7625,48.4625],[-83.7625,48.45833],[-83.76875,48.45833]]]}},{"type":"Feature","properties":{"c":"909881","o":"","e":""},"geometry":{"type":"Polygon","coordinates":[[[-83.7625,48.45833],[-83.7625,48.4625],[-83.75625,48.4625],[-83.75625,48.45833],[-83.7625,48.45833]]]}},{"type":"Feature","properties":{"c":"909882","o":"","e":""},"geometry":{"type":"Polygon","coordinates":[[[-83.75625,48.45833],[-83.75625,48.4625],[-83.75,48.4625],[-83.75,48.45833],[-83.75625,48.45833]]]}},{"type":"Feature","properties":{"c":"909883","o":"","e":""},"geometry":{"type":"Polygon","coordinates":[[[-83.75,48.45833],[-83.75,48.4625],[-83.74375,48.4625],[-83.74375,48.45833],[-83.75,48.45833]]]}},{"type":"Feature","properties":{"c":"909884","o":"","e":""},"geometry":{"type":"Polygon","coordinates":[[[-83.74375,48.45833],[-83.74375,48.4625],[-83.7375,48.4625],[-83.7375,48.45833],[-83.74375,48.45833]]]}},{"type":"Feature","properties":{"c":"909885","o":"","e":""},"geometry":{"type":"Polygon","coordinates":[[[-83.7375,48.45833],[-83.7375,48.4625],[-83.73125,48.4625],[-83.73125,48.45833],[-83.7375,48.45833]]]}},{"type":"Feature","properties":{"c":"909886","o":"","e":""},"geometry":{"type":"Polygon","coordinates":[[[-83.73125,48.45833],[-83.73125,48.4625],[-83.725,48.4625],[-83.725,48.45833],[-83.73125,48.45833]]]}},{"type":"Feature","properties":{"c":"909887","o":"","e":""},"geometry":{"type":"Polygon","coordinates":[[[-83.725,48.45833],[-83.725,48.4625],[-83.71875,48.4625],[-83.71875,48.45833],[-83.725,48.45833]]]}},{"type":"Feature","properties":{"c":"909888","o":"","e":""},"geometry":{"type":"Polygon","coordinates":[[[-83.71875,48.45833],[-83.71875,48.4625],[-83.7125,48.4625],[-83.7125,48.45833],[-83.71875,48.45833]]]}},{"type":"Feature","properties":{"c":"909889","o":"","e":""},"geometry":{"type":"Polygon","coordinates":[[[-83.6875,48.45833],[-83.6875,48.4625],[-83.68125,48.4625],[-83.68125,48.45833],[-83.6875,48.45833]]]}},{"type":"Feature","properties":{"c":"909890","o":"","e":""},"geometry":{"type":"Polygon","coordinates":[[[-83.68125,48.45833],[-83.68125,48.4625],[-83.675,48.4625],[-83.675,48.45833],[-83.68125,48.45833]]]}},{"type":"Feature","properties":{"c":"909891","o":"","e":""},"geometry":{"type":"Polygon","coordinates":[[[-83.8,48.4625],[-83.8,48.46667],[-83.79375,48.46667],[-83.79375,48.4625],[-83.8,48.4625]]]}},{"type":"Feature","properties":{"c":"909892","o":"","e":""},"geometry":{"type":"Polygon","coordinates":[[[-83.79375,48.4625],[-83.79375,48.46667],[-83.7875,48.46667],[-83.7875,48.4625],[-83.79375,48.4625]]]}},{"type":"Feature","properties":{"c":"909893","o":"","e":""},"geometry":{"type":"Polygon","coordinates":[[[-83.7875,48.4625],[-83.7875,48.46667],[-83.78125,48.46667],[-83.78125,48.4625],[-83.7875,48.4625]]]}},{"type":"Feature","properties":{"c":"909947","o":"","e":""},"geometry":{"type":"Polygon","coordinates":[[[-83.74375,48.48333],[-83.74375,48.4875],[-83.7375,48.4875],[-83.7375,48.48333],[-83.74375,48.48333]]]}},{"type":"Feature","properties":{"c":"909948","o":"","e":""},"geometry":{"type":"Polygon","coordinates":[[[-83.7375,48.48333],[-83.7375,48.4875],[-83.73125,48.4875],[-83.73125,48.48333],[-83.7375,48.48333]]]}},{"type":"Feature","properties":{"c":"909949","o":"","e":""},"geometry":{"type":"Polygon","coordinates":[[[-83.74375,48.4875],[-83.74375,48.49167],[-83.7375,48.49167],[-83.7375,48.4875],[-83.74375,48.4875]]]}},{"type":"Feature","properties":{"c":"909950","o":"","e":""},"geometry":{"type":"Polygon","coordinates":[[[-83.7375,48.4875],[-83.7375,48.49167],[-83.73125,48.49167],[-83.73125,48.4875],[-83.7375,48.4875]]]}},{"type":"Feature","properties":{"c":"909951","o":"","e":""},"geometry":{"type":"Polygon","coordinates":[[[-83.73125,48.4875],[-83.73125,48.49167],[-83.725,48.49167],[-83.725,48.4875],[-83.73125,48.4875]]]}},{"type":"Feature","properties":{"c":"909952","o":"","e":""},"geometry":{"type":"Polygon","coordinates":[[[-83.74375,48.49167],[-83.74375,48.49583],[-83.7375,48.49583],[-83.7375,48.49167],[-83.74375,48.49167]]]}},{"type":"Feature","properties":{"c":"909953","o":"","e":""},"geometry":{"type":"Polygon","coordinates":[[[-83.7375,48.49167],[-83.7375,48.49583],[-83.73125,48.49583],[-83.73125,48.49167],[-83.7375,48.49167]]]}},{"type":"Feature","properties":{"c":"909954","o":"","e":""},"geometry":{"type":"Polygon","coordinates":[[[-83.73125,48.49167],[-83.73125,48.49583],[-83.725,48.49583],[-83.725,48.49167],[-83.73125,48.49167]]]}},{"type":"Feature","properties":{"c":"909955","o":"","e":""},"geometry":{"type":"Polygon","coordinates":[[[-83.725,48.49167],[-83.725,48.49583],[-83.71875,48.49583],[-83.71875,48.49167],[-83.725,48.49167]]]}},{"type":"Feature","properties":{"c":"909956","o":"","e":""},"geometry":{"type":"Polygon","coordinates":[[[-83.74375,48.49583],[-83.74375,48.5],[-83.7375,48.5],[-83.7375,48.49583],[-83.74375,48.49583]]]}},{"type":"Feature","properties":{"c":"909957","o":"","e":""},"geometry":{"type":"Polygon","coordinates":[[[-83.7375,48.49583],[-83.7375,48.5],[-83.73125,48.5],[-83.73125,48.49583],[-83.7375,48.49583]]]}},{"type":"Feature","properties":{"c":"909958","o":"","e":""},"geometry":{"type":"Polygon","coordinates":[[[-83.73125,48.49583],[-83.73125,48.5],[-83.725,48.5],[-83.725,48.49583],[-83.73125,48.49583]]]}},{"type":"Feature","properties":{"c":"909959","o":"","e":""},"geometry":{"type":"Polygon","coordinates":[[[-83.725,48.49583],[-83.725,48.5],[-83.71875,48.5],[-83.71875,48.49583],[-83.725,48.49583]]]}},{"type":"Feature","properties":{"c":"909960","o":"","e":""},"geometry":{"type":"Polygon","coordinates":[[[-83.71875,48.49583],[-83.71875,48.5],[-83.7125,48.5],[-83.7125,48.49583],[-83.71875,48.49583]]]}},{"type":"Feature","properties":{"c":"909895","o":"","e":""},"geometry":{"type":"Polygon","coordinates":[[[-83.775,48.4625],[-83.775,48.46667],[-83.76875,48.46667],[-83.76875,48.4625],[-83.775,48.4625]]]}},{"type":"Feature","properties":{"c":"909896","o":"","e":""},"geometry":{"type":"Polygon","coordinates":[[[-83.76875,48.4625],[-83.76875,48.46667],[-83.7625,48.46667],[-83.7625,48.4625],[-83.76875,48.4625]]]}},{"type":"Feature","properties":{"c":"909897","o":"","e":""},"geometry":{"type":"Polygon","coordinates":[[[-83.7625,48.4625],[-83.7625,48.46667],[-83.75625,48.46667],[-83.75625,48.4625],[-83.7625,48.4625]]]}},{"type":"Feature","properties":{"c":"909898","o":"","e":""},"geometry":{"type":"Polygon","coordinates":[[[-83.75625,48.4625],[-83.75625,48.46667],[-83.75,48.46667],[-83.75,48.4625],[-83.75625,48.4625]]]}},{"type":"Feature","properties":{"c":"909899","o":"","e":""},"geometry":{"type":"Polygon","coordinates":[[[-83.75,48.4625],[-83.75,48.46667],[-83.74375,48.46667],[-83.74375,48.4625],[-83.75,48.4625]]]}},{"type":"Feature","properties":{"c":"909900","o":"","e":""},"geometry":{"type":"Polygon","coordinates":[[[-83.74375,48.4625],[-83.74375,48.46667],[-83.7375,48.46667],[-83.7375,48.4625],[-83.74375,48.4625]]]}},{"type":"Feature","properties":{"c":"909901","o":"","e":""},"geometry":{"type":"Polygon","coordinates":[[[-83.7375,48.4625],[-83.7375,48.46667],[-83.73125,48.46667],[-83.73125,48.4625],[-83.7375,48.4625]]]}},{"type":"Feature","properties":{"c":"909902","o":"","e":""},"geometry":{"type":"Polygon","coordinates":[[[-83.73125,48.4625],[-83.73125,48.46667],[-83.725,48.46667],[-83.725,48.4625],[-83.73125,48.4625]]]}},{"type":"Feature","properties":{"c":"909903","o":"","e":""},"geometry":{"type":"Polygon","coordinates":[[[-83.725,48.4625],[-83.725,48.46667],[-83.71875,48.46667],[-83.71875,48.4625],[-83.725,48.4625]]]}},{"type":"Feature","properties":{"c":"909904","o":"","e":""},"geometry":{"type":"Polygon","coordinates":[[[-83.71875,48.4625],[-83.71875,48.46667],[-83.7125,48.46667],[-83.7125,48.4625],[-83.71875,48.4625]]]}},{"type":"Feature","properties":{"c":"909905","o":"","e":""},"geometry":{"type":"Polygon","coordinates":[[[-83.7125,48.4625],[-83.7125,48.46667],[-83.70625,48.46667],[-83.70625,48.4625],[-83.7125,48.4625]]]}},{"type":"Feature","properties":{"c":"909906","o":"","e":""},"geometry":{"type":"Polygon","coordinates":[[[-83.70625,48.4625],[-83.70625,48.46667],[-83.7,48.46667],[-83.7,48.4625],[-83.70625,48.4625]]]}},{"type":"Feature","properties":{"c":"909907","o":"","e":""},"geometry":{"type":"Polygon","coordinates":[[[-83.7,48.4625],[-83.7,48.46667],[-83.69375,48.46667],[-83.69375,48.4625],[-83.7,48.4625]]]}},{"type":"Feature","properties":{"c":"909908","o":"","e":""},"geometry":{"type":"Polygon","coordinates":[[[-83.69375,48.4625],[-83.69375,48.46667],[-83.6875,48.46667],[-83.6875,48.4625],[-83.69375,48.4625]]]}},{"type":"Feature","properties":{"c":"909909","o":"","e":""},"geometry":{"type":"Polygon","coordinates":[[[-83.6875,48.4625],[-83.6875,48.46667],[-83.68125,48.46667],[-83.68125,48.4625],[-83.6875,48.4625]]]}},{"type":"Feature","properties":{"c":"909910","o":"","e":""},"geometry":{"type":"Polygon","coordinates":[[[-83.68125,48.4625],[-83.68125,48.46667],[-83.675,48.46667],[-83.675,48.4625],[-83.68125,48.4625]]]}},{"type":"Feature","properties":{"c":"909911","o":"","e":""},"geometry":{"type":"Polygon","coordinates":[[[-83.675,48.4625],[-83.675,48.46667],[-83.66875,48.46667],[-83.66875,48.4625],[-83.675,48.4625]]]}},{"type":"Feature","properties":{"c":"909912","o":"","e":""},"geometry":{"type":"Polygon","coordinates":[[[-83.66875,48.4625],[-83.66875,48.46667],[-83.6625,48.46667],[-83.6625,48.4625],[-83.66875,48.4625]]]}},{"type":"Feature","properties":{"c":"909913","o":"","e":""},"geometry":{"type":"Polygon","coordinates":[[[-83.6625,48.4625],[-83.6625,48.46667],[-83.65625,48.46667],[-83.65625,48.4625],[-83.6625,48.4625]]]}},{"type":"Feature","properties":{"c":"909914","o":"","e":""},"geometry":{"type":"Polygon","coordinates":[[[-83.80625,48.46667],[-83.80625,48.47083],[-83.8,48.47083],[-83.8,48.46667],[-83.80625,48.46667]]]}},{"type":"Feature","properties":{"c":"909915","o":"","e":""},"geometry":{"type":"Polygon","coordinates":[[[-83.8,48.46667],[-83.8,48.47083],[-83.79375,48.47083],[-83.79375,48.46667],[-83.8,48.46667]]]}},{"type":"Feature","properties":{"c":"909916","o":"","e":""},"geometry":{"type":"Polygon","coordinates":[[[-83.79375,48.46667],[-83.79375,48.47083],[-83.7875,48.47083],[-83.7875,48.46667],[-83.79375,48.46667]]]}},{"type":"Feature","properties":{"c":"909917","o":"","e":""},"geometry":{"type":"Polygon","coordinates":[[[-83.8,48.47083],[-83.8,48.475],[-83.79375,48.475],[-83.79375,48.47083],[-83.8,48.47083]]]}},{"type":"Feature","properties":{"c":"909918","o":"","e":""},"geometry":{"type":"Polygon","coordinates":[[[-83.79375,48.47083],[-83.79375,48.475],[-83.7875,48.475],[-83.7875,48.47083],[-83.79375,48.47083]]]}},{"type":"Feature","properties":{"c":"909832","o":"","e":""},"geometry":{"type":"Polygon","coordinates":[[[-83.7625,48.46667],[-83.7625,48.47083],[-83.75625,48.47083],[-83.75625,48.46667],[-83.7625,48.46667]]]}},{"type":"Feature","properties":{"c":"909833","o":"","e":""},"geometry":{"type":"Polygon","coordinates":[[[-83.75625,48.46667],[-83.75625,48.47083],[-83.75,48.47083],[-83.75,48.46667],[-83.75625,48.46667]]]}},{"type":"Feature","properties":{"c":"909834","o":"","e":""},"geometry":{"type":"Polygon","coordinates":[[[-83.75,48.46667],[-83.75,48.47083],[-83.74375,48.47083],[-83.74375,48.46667],[-83.75,48.46667]]]}},{"type":"Feature","properties":{"c":"909835","o":"","e":""},"geometry":{"type":"Polygon","coordinates":[[[-83.74375,48.46667],[-83.74375,48.47083],[-83.7375,48.47083],[-83.7375,48.46667],[-83.74375,48.46667]]]}},{"type":"Feature","properties":{"c":"909836","o":"","e":""},"geometry":{"type":"Polygon","coordinates":[[[-83.7375,48.46667],[-83.7375,48.47083],[-83.73125,48.47083],[-83.73125,48.46667],[-83.7375,48.46667]]]}},{"type":"Feature","properties":{"c":"909837","o":"","e":""},"geometry":{"type":"Polygon","coordinates":[[[-83.73125,48.46667],[-83.73125,48.47083],[-83.725,48.47083],[-83.725,48.46667],[-83.73125,48.46667]]]}},{"type":"Feature","properties":{"c":"909838","o":"","e":""},"geometry":{"type":"Polygon","coordinates":[[[-83.725,48.46667],[-83.725,48.47083],[-83.71875,48.47083],[-83.71875,48.46667],[-83.725,48.46667]]]}},{"type":"Feature","properties":{"c":"909839","o":"","e":""},"geometry":{"type":"Polygon","coordinates":[[[-83.71875,48.46667],[-83.71875,48.47083],[-83.7125,48.47083],[-83.7125,48.46667],[-83.71875,48.46667]]]}},{"type":"Feature","properties":{"c":"909840","o":"","e":""},"geometry":{"type":"Polygon","coordinates":[[[-83.7125,48.46667],[-83.7125,48.47083],[-83.70625,48.47083],[-83.70625,48.46667],[-83.7125,48.46667]]]}},{"type":"Feature","properties":{"c":"909841","o":"","e":""},"geometry":{"type":"Polygon","coordinates":[[[-83.70625,48.46667],[-83.70625,48.47083],[-83.7,48.47083],[-83.7,48.46667],[-83.70625,48.46667]]]}},{"type":"Feature","properties":{"c":"909842","o":"","e":""},"geometry":{"type":"Polygon","coordinates":[[[-83.7,48.46667],[-83.7,48.47083],[-83.69375,48.47083],[-83.69375,48.46667],[-83.7,48.46667]]]}},{"type":"Feature","properties":{"c":"909843","o":"","e":""},"geometry":{"type":"Polygon","coordinates":[[[-83.69375,48.46667],[-83.69375,48.47083],[-83.6875,48.47083],[-83.6875,48.46667],[-83.69375,48.46667]]]}},{"type":"Feature","properties":{"c":"909844","o":"","e":""},"geometry":{"type":"Polygon","coordinates":[[[-83.6875,48.46667],[-83.6875,48.47083],[-83.68125,48.47083],[-83.68125,48.46667],[-83.6875,48.46667]]]}},{"type":"Feature","properties":{"c":"909845","o":"","e":""},"geometry":{"type":"Polygon","coordinates":[[[-83.68125,48.46667],[-83.68125,48.47083],[-83.675,48.47083],[-83.675,48.46667],[-83.68125,48.46667]]]}},{"type":"Feature","properties":{"c":"909846","o":"","e":""},"geometry":{"type":"Polygon","coordinates":[[[-83.675,48.46667],[-83.675,48.47083],[-83.66875,48.47083],[-83.66875,48.46667],[-83.675,48.46667]]]}},{"type":"Feature","properties":{"c":"909847","o":"","e":""},"geometry":{"type":"Polygon","coordinates":[[[-83.66875,48.46667],[-83.66875,48.47083],[-83.6625,48.47083],[-83.6625,48.46667],[-83.66875,48.46667]]]}},{"type":"Feature","properties":{"c":"909848","o":"","e":""},"geometry":{"type":"Polygon","coordinates":[[[-83.6625,48.46667],[-83.6625,48.47083],[-83.65625,48.47083],[-83.65625,48.46667],[-83.6625,48.46667]]]}},{"type":"Feature","properties":{"c":"909849","o":"","e":""},"geometry":{"type":"Polygon","coordinates":[[[-83.65625,48.46667],[-83.65625,48.47083],[-83.65,48.47083],[-83.65,48.46667],[-83.65625,48.46667]]]}},{"type":"Feature","properties":{"c":"909850","o":"","e":""},"geometry":{"type":"Polygon","coordinates":[[[-83.65,48.46667],[-83.65,48.47083],[-83.64375,48.47083],[-83.64375,48.46667],[-83.65,48.46667]]]}},{"type":"Feature","properties":{"c":"909851","o":"","e":""},"geometry":{"type":"Polygon","coordinates":[[[-83.7625,48.47083],[-83.7625,48.475],[-83.75625,48.475],[-83.75625,48.47083],[-83.7625,48.47083]]]}},{"type":"Feature","properties":{"c":"909852","o":"","e":""},"geometry":{"type":"Polygon","coordinates":[[[-83.75625,48.47083],[-83.75625,48.475],[-83.75,48.475],[-83.75,48.47083],[-83.75625,48.47083]]]}},{"type":"Feature","properties":{"c":"909853","o":"","e":""},"geometry":{"type":"Polygon","coordinates":[[[-83.75,48.47083],[-83.75,48.475],[-83.74375,48.475],[-83.74375,48.47083],[-83.75,48.47083]]]}},{"type":"Feature","properties":{"c":"909894","o":"","e":""},"geometry":{"type":"Polygon","coordinates":[[[-83.78125,48.4625],[-83.78125,48.46667],[-83.775,48.46667],[-83.775,48.4625],[-83.78125,48.4625]]]}},{"type":"Feature","properties":{"c":"926378","o":"","e":""},"geometry":{"type":"Polygon","coordinates":[[[-83.9875,48.4625],[-83.9875,48.46667],[-83.98125,48.46667],[-83.98125,48.4625],[-83.9875,48.4625]]]}},{"type":"Feature","properties":{"c":"926379","o":"","e":""},"geometry":{"type":"Polygon","coordinates":[[[-83.99375,48.4625],[-83.99375,48.46667],[-83.9875,48.46667],[-83.9875,48.4625],[-83.99375,48.4625]]]}},{"type":"Feature","properties":{"c":"926370","o":"","e":""},"geometry":{"type":"Polygon","coordinates":[[[-83.94375,48.4625],[-83.94375,48.46667],[-83.9375,48.46667],[-83.9375,48.4625],[-83.94375,48.4625]]]}},{"type":"Feature","properties":{"c":"926371","o":"","e":""},"geometry":{"type":"Polygon","coordinates":[[[-83.94375,48.46667],[-83.94375,48.47083],[-83.9375,48.47083],[-83.9375,48.46667],[-83.94375,48.46667]]]}},{"type":"Feature","properties":{"c":"926372","o":"","e":""},"geometry":{"type":"Polygon","coordinates":[[[-83.98125,48.4625],[-83.98125,48.46667],[-83.975,48.46667],[-83.975,48.4625],[-83.98125,48.4625]]]}},{"type":"Feature","properties":{"c":"926373","o":"","e":""},"geometry":{"type":"Polygon","coordinates":[[[-83.95625,48.46667],[-83.95625,48.47083],[-83.95,48.47083],[-83.95,48.46667],[-83.95625,48.46667]]]}},{"type":"Feature","properties":{"c":"926374","o":"","e":""},"geometry":{"type":"Polygon","coordinates":[[[-83.95,48.46667],[-83.95,48.47083],[-83.94375,48.47083],[-83.94375,48.46667],[-83.95,48.46667]]]}},{"type":"Feature","properties":{"c":"926375","o":"","e":""},"geometry":{"type":"Polygon","coordinates":[[[-83.95625,48.4625],[-83.95625,48.46667],[-83.95,48.46667],[-83.95,48.4625],[-83.95625,48.4625]]]}},{"type":"Feature","properties":{"c":"926376","o":"","e":""},"geometry":{"type":"Polygon","coordinates":[[[-83.96875,48.4625],[-83.96875,48.46667],[-83.9625,48.46667],[-83.9625,48.4625],[-83.96875,48.4625]]]}},{"type":"Feature","properties":{"c":"926377","o":"","e":""},"geometry":{"type":"Polygon","coordinates":[[[-83.9625,48.4625],[-83.9625,48.46667],[-83.95625,48.46667],[-83.95625,48.4625],[-83.9625,48.4625]]]}},{"type":"Feature","properties":{"c":"931315","o":"","e":""},"geometry":{"type":"Polygon","coordinates":[[[-83.80625,48.45417],[-83.80625,48.45833],[-83.8,48.45833],[-83.8,48.45417],[-83.80625,48.45417]]]}},{"type":"Feature","properties":{"c":"931316","o":"","e":""},"geometry":{"type":"Polygon","coordinates":[[[-83.8,48.45417],[-83.8,48.45833],[-83.79375,48.45833],[-83.79375,48.45417],[-83.8,48.45417]]]}},{"type":"Feature","properties":{"c":"910023","o":"","e":""},"geometry":{"type":"Polygon","coordinates":[[[-83.7125,48.45],[-83.7125,48.45417],[-83.70625,48.45417],[-83.70625,48.45],[-83.7125,48.45]]]}},{"type":"Feature","properties":{"c":"962399","o":"","e":""},"geometry":{"type":"Polygon","coordinates":[[[-83.8625,48.3875],[-83.8625,48.39167],[-83.85625,48.39167],[-83.85625,48.3875],[-83.8625,48.3875]]]}},{"type":"Feature","properties":{"c":"962400","o":"","e":""},"geometry":{"type":"Polygon","coordinates":[[[-83.8625,48.38333],[-83.8625,48.3875],[-83.85625,48.3875],[-83.85625,48.38333],[-83.8625,48.38333]]]}},{"type":"Feature","properties":{"c":"910038","o":"","e":""},"geometry":{"type":"Polygon","coordinates":[[[-83.69375,48.45417],[-83.69375,48.45833],[-83.6875,48.45833],[-83.6875,48.45417],[-83.69375,48.45417]]]}},{"type":"Feature","properties":{"c":"1024564","o":"","e":""},"geometry":{"type":"Polygon","coordinates":[[[-83.8625,48.325],[-83.8625,48.32917],[-83.85625,48.32917],[-83.85625,48.325],[-83.8625,48.325]]]}},{"type":"Feature","properties":{"c":"1024565","o":"","e":""},"geometry":{"type":"Polygon","coordinates":[[[-83.85625,48.325],[-83.85625,48.32917],[-83.85,48.32917],[-83.85,48.325],[-83.85625,48.325]]]}},{"type":"Feature","properties":{"c":"1024566","o":"","e":""},"geometry":{"type":"Polygon","coordinates":[[[-83.8625,48.32917],[-83.8625,48.33333],[-83.85625,48.33333],[-83.85625,48.32917],[-83.8625,48.32917]]]}},{"type":"Feature","properties":{"c":"1024567","o":"","e":""},"geometry":{"type":"Polygon","coordinates":[[[-83.8625,48.32083],[-83.8625,48.325],[-83.85625,48.325],[-83.85625,48.32083],[-83.8625,48.32083]]]}},{"type":"Feature","properties":{"c":"1024568","o":"","e":""},"geometry":{"type":"Polygon","coordinates":[[[-83.85625,48.32083],[-83.85625,48.325],[-83.85,48.325],[-83.85,48.32083],[-83.85625,48.32083]]]}},{"type":"Feature","properties":{"c":"1045008","o":"","e":""},"geometry":{"type":"Polygon","coordinates":[[[-83.825,48.25833],[-83.825,48.2625],[-83.81875,48.2625],[-83.81875,48.25833],[-83.825,48.25833]]]}},{"type":"Feature","properties":{"c":"1045009","o":"","e":""},"geometry":{"type":"Polygon","coordinates":[[[-83.81875,48.25833],[-83.81875,48.2625],[-83.8125,48.2625],[-83.8125,48.25833],[-83.81875,48.25833]]]}},{"type":"Feature","properties":{"c":"1045010","o":"","e":""},"geometry":{"type":"Polygon","coordinates":[[[-83.825,48.25417],[-83.825,48.25833],[-83.81875,48.25833],[-83.81875,48.25417],[-83.825,48.25417]]]}},{"type":"Feature","properties":{"c":"1045011","o":"","e":""},"geometry":{"type":"Polygon","coordinates":[[[-83.81875,48.25417],[-83.81875,48.25833],[-83.8125,48.25833],[-83.8125,48.25417],[-83.81875,48.25417]]]}},{"type":"Feature","properties":{"c":"1045012","o":"","e":""},"geometry":{"type":"Polygon","coordinates":[[[-83.825,48.25],[-83.825,48.25417],[-83.81875,48.25417],[-83.81875,48.25],[-83.825,48.25]]]}},{"type":"Feature","properties":{"c":"1045013","o":"","e":""},"geometry":{"type":"Polygon","coordinates":[[[-83.81875,48.25],[-83.81875,48.25417],[-83.8125,48.25417],[-83.8125,48.25],[-83.81875,48.25]]]}},{"type":"Feature","properties":{"c":"1066777","o":"","e":""},"geometry":{"type":"Polygon","coordinates":[[[-83.98125,48.44167],[-83.98125,48.44583],[-83.975,48.44583],[-83.975,48.44167],[-83.98125,48.44167]]]}},{"type":"Feature","properties":{"c":"1066778","o":"","e":""},"geometry":{"type":"Polygon","coordinates":[[[-83.98125,48.45417],[-83.98125,48.45833],[-83.975,48.45833],[-83.975,48.45417],[-83.98125,48.45417]]]}},{"type":"Feature","properties":{"c":"1066779","o":"","e":""},"geometry":{"type":"Polygon","coordinates":[[[-83.9625,48.45],[-83.9625,48.45417],[-83.95625,48.45417],[-83.95625,48.45],[-83.9625,48.45]]]}},{"type":"Feature","properties":{"c":"1066780","o":"","e":""},"geometry":{"type":"Polygon","coordinates":[[[-83.95625,48.44583],[-83.95625,48.45],[-83.95,48.45],[-83.95,48.44583],[-83.95625,48.44583]]]}},{"type":"Feature","properties":{"c":"1072235","o":"","e":""},"geometry":{"type":"Polygon","coordinates":[[[-83.80625,48.225],[-83.80625,48.22917],[-83.8,48.22917],[-83.8,48.225],[-83.80625,48.225]]]}},{"type":"Feature","properties":{"c":"1072236","o":"","e":""},"geometry":{"type":"Polygon","coordinates":[[[-83.80625,48.22917],[-83.80625,48.23333],[-83.8,48.23333],[-83.8,48.22917],[-83.80625,48.22917]]]}},{"type":"Feature","properties":{"c":"1072237","o":"","e":""},"geometry":{"type":"Polygon","coordinates":[[[-83.80625,48.25],[-83.80625,48.25417],[-83.8,48.25417],[-83.8,48.25],[-83.80625,48.25]]]}},{"type":"Feature","properties":{"c":"1072238","o":"","e":""},"geometry":{"type":"Polygon","coordinates":[[[-83.8,48.24167],[-83.8,48.24583],[-83.79375,48.24583],[-83.79375,48.24167],[-83.8,48.24167]]]}},{"type":"Feature","properties":{"c":"1072239","o":"","e":""},"geometry":{"type":"Polygon","coordinates":[[[-83.8125,48.24167],[-83.8125,48.24583],[-83.80625,48.24583],[-83.80625,48.24167],[-83.8125,48.24167]]]}},{"type":"Feature","properties":{"c":"1072240","o":"","e":""},"geometry":{"type":"Polygon","coordinates":[[[-83.80625,48.25417],[-83.80625,48.25833],[-83.8,48.25833],[-83.8,48.25417],[-83.80625,48.25417]]]}},{"type":"Feature","properties":{"c":"1072241","o":"","e":""},"geometry":{"type":"Polygon","coordinates":[[[-83.8,48.25833],[-83.8,48.2625],[-83.79375,48.2625],[-83.79375,48.25833],[-83.8,48.25833]]]}},{"type":"Feature","properties":{"c":"1072242","o":"","e":""},"geometry":{"type":"Polygon","coordinates":[[[-83.79375,48.225],[-83.79375,48.22917],[-83.7875,48.22917],[-83.7875,48.225],[-83.79375,48.225]]]}},{"type":"Feature","properties":{"c":"1072243","o":"","e":""},"geometry":{"type":"Polygon","coordinates":[[[-83.79375,48.22917],[-83.79375,48.23333],[-83.7875,48.23333],[-83.7875,48.22917],[-83.79375,48.22917]]]}},{"type":"Feature","properties":{"c":"1072244","o":"","e":""},"geometry":{"type":"Polygon","coordinates":[[[-83.79375,48.24167],[-83.79375,48.24583],[-83.7875,48.24583],[-83.7875,48.24167],[-83.79375,48.24167]]]}},{"type":"Feature","properties":{"c":"1072245","o":"","e":""},"geometry":{"type":"Polygon","coordinates":[[[-83.79375,48.25833],[-83.79375,48.2625],[-83.7875,48.2625],[-83.7875,48.25833],[-83.79375,48.25833]]]}},{"type":"Feature","properties":{"c":"1072246","o":"","e":""},"geometry":{"type":"Polygon","coordinates":[[[-83.8125,48.2375],[-83.8125,48.24167],[-83.80625,48.24167],[-83.80625,48.2375],[-83.8125,48.2375]]]}},{"type":"Feature","properties":{"c":"1072247","o":"","e":""},"geometry":{"type":"Polygon","coordinates":[[[-83.8,48.22917],[-83.8,48.23333],[-83.79375,48.23333],[-83.79375,48.22917],[-83.8,48.22917]]]}},{"type":"Feature","properties":{"c":"1072248","o":"","e":""},"geometry":{"type":"Polygon","coordinates":[[[-83.8,48.23333],[-83.8,48.2375],[-83.79375,48.2375],[-83.79375,48.23333],[-83.8,48.23333]]]}},{"type":"Feature","properties":{"c":"1072249","o":"","e":""},"geometry":{"type":"Polygon","coordinates":[[[-83.8,48.2625],[-83.8,48.26667],[-83.79375,48.26667],[-83.79375,48.2625],[-83.8,48.2625]]]}},{"type":"Feature","properties":{"c":"1072250","o":"","e":""},"geometry":{"type":"Polygon","coordinates":[[[-83.8125,48.225],[-83.8125,48.22917],[-83.80625,48.22917],[-83.80625,48.225],[-83.8125,48.225]]]}},{"type":"Feature","properties":{"c":"1072251","o":"","e":""},"geometry":{"type":"Polygon","coordinates":[[[-83.8125,48.2625],[-83.8125,48.26667],[-83.80625,48.26667],[-83.80625,48.2625],[-83.8125,48.2625]]]}},{"type":"Feature","properties":{"c":"1072252","o":"","e":""},"geometry":{"type":"Polygon","coordinates":[[[-83.80625,48.25833],[-83.80625,48.2625],[-83.8,48.2625],[-83.8,48.25833],[-83.80625,48.25833]]]}},{"type":"Feature","properties":{"c":"1072253","o":"","e":""},"geometry":{"type":"Polygon","coordinates":[[[-83.80625,48.2625],[-83.80625,48.26667],[-83.8,48.26667],[-83.8,48.2625],[-83.80625,48.2625]]]}},{"type":"Feature","properties":{"c":"1072254","o":"","e":""},"geometry":{"type":"Polygon","coordinates":[[[-83.79375,48.2625],[-83.79375,48.26667],[-83.7875,48.26667],[-83.7875,48.2625],[-83.79375,48.2625]]]}},{"type":"Feature","properties":{"c":"1072255","o":"","e":""},"geometry":{"type":"Polygon","coordinates":[[[-83.8125,48.23333],[-83.8125,48.2375],[-83.80625,48.2375],[-83.80625,48.23333],[-83.8125,48.23333]]]}},{"type":"Feature","properties":{"c":"1072256","o":"","e":""},"geometry":{"type":"Polygon","coordinates":[[[-83.8125,48.25417],[-83.8125,48.25833],[-83.80625,48.25833],[-83.80625,48.25417],[-83.8125,48.25417]]]}},{"type":"Feature","properties":{"c":"1072257","o":"","e":""},"geometry":{"type":"Polygon","coordinates":[[[-83.8125,48.25833],[-83.8125,48.2625],[-83.80625,48.2625],[-83.80625,48.25833],[-83.8125,48.25833]]]}},{"type":"Feature","properties":{"c":"1072258","o":"","e":""},"geometry":{"type":"Polygon","coordinates":[[[-83.80625,48.23333],[-83.80625,48.2375],[-83.8,48.2375],[-83.8,48.23333],[-83.80625,48.23333]]]}},{"type":"Feature","properties":{"c":"1072259","o":"","e":""},"geometry":{"type":"Polygon","coordinates":[[[-83.8,48.225],[-83.8,48.22917],[-83.79375,48.22917],[-83.79375,48.225],[-83.8,48.225]]]}},{"type":"Feature","properties":{"c":"1072260","o":"","e":""},"geometry":{"type":"Polygon","coordinates":[[[-83.79375,48.23333],[-83.79375,48.2375],[-83.7875,48.2375],[-83.7875,48.23333],[-83.79375,48.23333]]]}},{"type":"Feature","properties":{"c":"1072261","o":"","e":""},"geometry":{"type":"Polygon","coordinates":[[[-83.79375,48.25],[-83.79375,48.25417],[-83.7875,48.25417],[-83.7875,48.25],[-83.79375,48.25]]]}},{"type":"Feature","properties":{"c":"1072262","o":"","e":""},"geometry":{"type":"Polygon","coordinates":[[[-83.79375,48.25417],[-83.79375,48.25833],[-83.7875,48.25833],[-83.7875,48.25417],[-83.79375,48.25417]]]}},{"type":"Feature","properties":{"c":"1072263","o":"","e":""},"geometry":{"type":"Polygon","coordinates":[[[-83.80625,48.24167],[-83.80625,48.24583],[-83.8,48.24583],[-83.8,48.24167],[-83.80625,48.24167]]]}},{"type":"Feature","properties":{"c":"1072264","o":"","e":""},"geometry":{"type":"Polygon","coordinates":[[[-83.80625,48.24583],[-83.80625,48.25],[-83.8,48.25],[-83.8,48.24583],[-83.80625,48.24583]]]}},{"type":"Feature","properties":{"c":"1072265","o":"","e":""},"geometry":{"type":"Polygon","coordinates":[[[-83.8,48.25],[-83.8,48.25417],[-83.79375,48.25417],[-83.79375,48.25],[-83.8,48.25]]]}},{"type":"Feature","properties":{"c":"1072266","o":"","e":""},"geometry":{"type":"Polygon","coordinates":[[[-83.8125,48.22917],[-83.8125,48.23333],[-83.80625,48.23333],[-83.80625,48.22917],[-83.8125,48.22917]]]}},{"type":"Feature","properties":{"c":"1072267","o":"","e":""},"geometry":{"type":"Polygon","coordinates":[[[-83.8125,48.25],[-83.8125,48.25417],[-83.80625,48.25417],[-83.80625,48.25],[-83.8125,48.25]]]}},{"type":"Feature","properties":{"c":"1072268","o":"","e":""},"geometry":{"type":"Polygon","coordinates":[[[-83.8,48.2375],[-83.8,48.24167],[-83.79375,48.24167],[-83.79375,48.2375],[-83.8,48.2375]]]}},{"type":"Feature","properties":{"c":"1072269","o":"","e":""},"geometry":{"type":"Polygon","coordinates":[[[-83.79375,48.24583],[-83.79375,48.25],[-83.7875,48.25],[-83.7875,48.24583],[-83.79375,48.24583]]]}},{"type":"Feature","properties":{"c":"1072450","o":"","e":""},"geometry":{"type":"Polygon","coordinates":[[[-83.89375,48.2375],[-83.89375,48.24167],[-83.8875,48.24167],[-83.8875,48.2375],[-83.89375,48.2375]]]}},{"type":"Feature","properties":{"c":"1072451","o":"","e":""},"geometry":{"type":"Polygon","coordinates":[[[-83.8875,48.23333],[-83.8875,48.2375],[-83.88125,48.2375],[-83.88125,48.23333],[-83.8875,48.23333]]]}},{"type":"Feature","properties":{"c":"1072452","o":"","e":""},"geometry":{"type":"Polygon","coordinates":[[[-83.875,48.225],[-83.875,48.22917],[-83.86875,48.22917],[-83.86875,48.225],[-83.875,48.225]]]}},{"type":"Feature","properties":{"c":"1072453","o":"","e":""},"geometry":{"type":"Polygon","coordinates":[[[-83.85,48.21667],[-83.85,48.22083],[-83.84375,48.22083],[-83.84375,48.21667],[-83.85,48.21667]]]}},{"type":"Feature","properties":{"c":"1072454","o":"","e":""},"geometry":{"type":"Polygon","coordinates":[[[-83.88125,48.22083],[-83.88125,48.225],[-83.875,48.225],[-83.875,48.22083],[-83.88125,48.22083]]]}},{"type":"Feature","properties":{"c":"1072455","o":"","e":""},"geometry":{"type":"Polygon","coordinates":[[[-83.88125,48.23333],[-83.88125,48.2375],[-83.875,48.2375],[-83.875,48.23333],[-83.88125,48.23333]]]}},{"type":"Feature","properties":{"c":"1072456","o":"","e":""},"geometry":{"type":"Polygon","coordinates":[[[-83.88125,48.2375],[-83.88125,48.24167],[-83.875,48.24167],[-83.875,48.2375],[-83.88125,48.2375]]]}},{"type":"Feature","properties":{"c":"1072457","o":"","e":""},"geometry":{"type":"Polygon","coordinates":[[[-83.8625,48.22083],[-83.8625,48.225],[-83.85625,48.225],[-83.85625,48.22083],[-83.8625,48.22083]]]}},{"type":"Feature","properties":{"c":"1072458","o":"","e":""},"geometry":{"type":"Polygon","coordinates":[[[-83.85,48.22083],[-83.85,48.225],[-83.84375,48.225],[-83.84375,48.22083],[-83.85,48.22083]]]}},{"type":"Feature","properties":{"c":"1072459","o":"","e":""},"geometry":{"type":"Polygon","coordinates":[[[-83.8875,48.2375],[-83.8875,48.24167],[-83.88125,48.24167],[-83.88125,48.2375],[-83.8875,48.2375]]]}},{"type":"Feature","properties":{"c":"1072460","o":"","e":""},"geometry":{"type":"Polygon","coordinates":[[[-83.88125,48.22917],[-83.88125,48.23333],[-83.875,48.23333],[-83.875,48.22917],[-83.88125,48.22917]]]}},{"type":"Feature","properties":{"c":"1072461","o":"","e":""},"geometry":{"type":"Polygon","coordinates":[[[-83.8625,48.21667],[-83.8625,48.22083],[-83.85625,48.22083],[-83.85625,48.21667],[-83.8625,48.21667]]]}},{"type":"Feature","properties":{"c":"1072462","o":"","e":""},"geometry":{"type":"Polygon","coordinates":[[[-83.8625,48.23333],[-83.8625,48.2375],[-83.85625,48.2375],[-83.85625,48.23333],[-83.8625,48.23333]]]}},{"type":"Feature","properties":{"c":"1072463","o":"","e":""},"geometry":{"type":"Polygon","coordinates":[[[-83.85625,48.22083],[-83.85625,48.225],[-83.85,48.225],[-83.85,48.22083],[-83.85625,48.22083]]]}},{"type":"Feature","properties":{"c":"1072464","o":"","e":""},"geometry":{"type":"Polygon","coordinates":[[[-83.85625,48.2375],[-83.85625,48.24167],[-83.85,48.24167],[-83.85,48.2375],[-83.85625,48.2375]]]}},{"type":"Feature","properties":{"c":"1072465","o":"","e":""},"geometry":{"type":"Polygon","coordinates":[[[-83.86875,48.21667],[-83.86875,48.22083],[-83.8625,48.22083],[-83.8625,48.21667],[-83.86875,48.21667]]]}},{"type":"Feature","properties":{"c":"1072466","o":"","e":""},"geometry":{"type":"Polygon","coordinates":[[[-83.86875,48.23333],[-83.86875,48.2375],[-83.8625,48.2375],[-83.8625,48.23333],[-83.86875,48.23333]]]}},{"type":"Feature","properties":{"c":"1072467","o":"","e":""},"geometry":{"type":"Polygon","coordinates":[[[-83.8625,48.225],[-83.8625,48.22917],[-83.85625,48.22917],[-83.85625,48.225],[-83.8625,48.225]]]}},{"type":"Feature","properties":{"c":"1072468","o":"","e":""},"geometry":{"type":"Polygon","coordinates":[[[-83.85625,48.23333],[-83.85625,48.2375],[-83.85,48.2375],[-83.85,48.23333],[-83.85625,48.23333]]]}},{"type":"Feature","properties":{"c":"1072469","o":"","e":""},"geometry":{"type":"Polygon","coordinates":[[[-83.8375,48.21667],[-83.8375,48.22083],[-83.83125,48.22083],[-83.83125,48.21667],[-83.8375,48.21667]]]}},{"type":"Feature","properties":{"c":"1072470","o":"","e":""},"geometry":{"type":"Polygon","coordinates":[[[-83.86875,48.225],[-83.86875,48.22917],[-83.8625,48.22917],[-83.8625,48.225],[-83.86875,48.225]]]}},{"type":"Feature","properties":{"c":"1072471","o":"","e":""},"geometry":{"type":"Polygon","coordinates":[[[-83.8625,48.2375],[-83.8625,48.24167],[-83.85625,48.24167],[-83.85625,48.2375],[-83.8625,48.2375]]]}},{"type":"Feature","properties":{"c":"1072472","o":"","e":""},"geometry":{"type":"Polygon","coordinates":[[[-83.88125,48.225],[-83.88125,48.22917],[-83.875,48.22917],[-83.875,48.225],[-83.88125,48.225]]]}},{"type":"Feature","properties":{"c":"1072473","o":"","e":""},"geometry":{"type":"Polygon","coordinates":[[[-83.875,48.22083],[-83.875,48.225],[-83.86875,48.225],[-83.86875,48.22083],[-83.875,48.22083]]]}},{"type":"Feature","properties":{"c":"1072474","o":"","e":""},"geometry":{"type":"Polygon","coordinates":[[[-83.86875,48.22083],[-83.86875,48.225],[-83.8625,48.225],[-83.8625,48.22083],[-83.86875,48.22083]]]}},{"type":"Feature","properties":{"c":"1072475","o":"","e":""},"geometry":{"type":"Polygon","coordinates":[[[-83.86875,48.2375],[-83.86875,48.24167],[-83.8625,48.24167],[-83.8625,48.2375],[-83.86875,48.2375]]]}},{"type":"Feature","properties":{"c":"1072476","o":"","e":""},"geometry":{"type":"Polygon","coordinates":[[[-83.8625,48.22917],[-83.8625,48.23333],[-83.85625,48.23333],[-83.85625,48.22917],[-83.8625,48.22917]]]}},{"type":"Feature","properties":{"c":"1072477","o":"","e":""},"geometry":{"type":"Polygon","coordinates":[[[-83.85625,48.22917],[-83.85625,48.23333],[-83.85,48.23333],[-83.85,48.22917],[-83.85625,48.22917]]]}},{"type":"Feature","properties":{"c":"1072478","o":"","e":""},"geometry":{"type":"Polygon","coordinates":[[[-83.84375,48.21667],[-83.84375,48.22083],[-83.8375,48.22083],[-83.8375,48.21667],[-83.84375,48.21667]]]}},{"type":"Feature","properties":{"c":"1072479","o":"","e":""},"geometry":{"type":"Polygon","coordinates":[[[-83.8875,48.22917],[-83.8875,48.23333],[-83.88125,48.23333],[-83.88125,48.22917],[-83.8875,48.22917]]]}}]}