{"type":"FeatureCollection","features":[{"type":"Feature","properties":{"c":"566378","o":"","e":""},"geometry":{"type":"Polygon","coordinates":[[[-87.23125,48.8125],[-87.23125,48.81667],[-87.225,48.81667],[-87.21875,48.81667],[-87.2125,48.81667],[-87.2125,48.8125],[-87.2125,48.80833],[-87.2125,48.80417],[-87.21875,48.80417],[-87.225,48.80417],[-87.23125,48.80417],[-87.23125,48.80833],[-87.23125,48.8125]]]}},{"type":"Feature","properties":{"c":"566384","o":"","e":""},"geometry":{"type":"Polygon","coordinates":[[[-87.2375,48.79583],[-87.2375,48.8],[-87.23125,48.8],[-87.225,48.8],[-87.225,48.80417],[-87.21875,48.80417],[-87.21875,48.8],[-87.21875,48.79583],[-87.225,48.79583],[-87.23125,48.79583],[-87.2375,48.79583]]]}},{"type":"Feature","properties":{"c":"535117","o":"","e":""},"geometry":{"type":"Polygon","coordinates":[[[-87.31875,48.96667],[-87.31875,48.97083],[-87.31875,48.975],[-87.3125,48.975],[-87.30625,48.975],[-87.30625,48.97083],[-87.30625,48.96667],[-87.30625,48.9625],[-87.30625,48.95833],[-87.3125,48.95833],[-87.31875,48.95833],[-87.31875,48.9625],[-87.31875,48.96667]]]}},{"type":"Feature","properties":{"c":"333542","o":"","e":""},"geometry":{"type":"Polygon","coordinates":[[[-87.3,48.88333],[-87.3,48.8875],[-87.29375,48.8875],[-87.29375,48.88333],[-87.3,48.88333]]]}},{"type":"Feature","properties":{"c":"1033271","o":"","e":""},"geometry":{"type":"Polygon","coordinates":[[[-87.25625,48.94583],[-87.25625,48.95],[-87.25,48.95],[-87.25,48.94583],[-87.25625,48.94583]]]}},{"type":"Feature","properties":{"c":"1033270","o":"","e":""},"geometry":{"type":"Polygon","coordinates":[[[-87.25625,48.95],[-87.25625,48.95417],[-87.25,48.95417],[-87.25,48.95],[-87.25625,48.95]]]}},{"type":"Feature","properties":{"c":"535108","o":"","e":""},"geometry":{"type":"Polygon","coordinates":[[[-87.3625,48.97917],[-87.35625,48.97917],[-87.35625,48.98333],[-87.35625,48.9875],[-87.3625,48.9875],[-87.3625,48.99167],[-87.35625,48.99167],[-87.35,48.99167],[-87.35,48.9875],[-87.34375,48.9875],[-87.3375,48.9875],[-87.3375,48.98333],[-87.3375,48.97917],[-87.3375,48.975],[-87.3375,48.97083],[-87.34375,48.97083],[-87.35,48.97083],[-87.35625,48.97083],[-87.3625,48.97083],[-87.3625,48.975],[-87.3625,48.97917]]]}},{"type":"Feature","properties":{"c":"101307","o":"","e":""},"geometry":{"type":"Polygon","coordinates":[[[-87.375,48.98333],[-87.375,48.9875],[-87.36875,48.9875],[-87.36875,48.98333],[-87.375,48.98333]]]}},{"type":"Feature","properties":{"c":"103721","o":"","e":""},"geometry":{"type":"Polygon","coordinates":[[[-87.39375,48.98333],[-87.39375,48.9875],[-87.3875,48.9875],[-87.3875,48.98333],[-87.39375,48.98333]]]}},{"type":"Feature","properties":{"c":"940410","o":"","e":""},"geometry":{"type":"Polygon","coordinates":[[[-87.00625,48.925],[-87.00625,48.92917],[-87.0,48.92917],[-87.0,48.925],[-87.00625,48.925]]]}},{"type":"Feature","properties":{"c":"569210","o":"","e":""},"geometry":{"type":"Polygon","coordinates":[[[-87.15,48.81667],[-87.15,48.82083],[-87.14375,48.82083],[-87.14375,48.81667],[-87.15,48.81667]]]}},{"type":"Feature","properties":{"c":"566302","o":"","e":""},"geometry":{"type":"Polygon","coordinates":[[[-87.23125,48.8],[-87.23125,48.80417],[-87.225,48.80417],[-87.225,48.8],[-87.23125,48.8]]]}},{"type":"Feature","properties":{"c":"566391","o":"","e":""},"geometry":{"type":"Polygon","coordinates":[[[-87.19375,48.81667],[-87.19375,48.82083],[-87.19375,48.825],[-87.1875,48.825],[-87.18125,48.825],[-87.175,48.825],[-87.175,48.82083],[-87.175,48.81667],[-87.175,48.8125],[-87.175,48.80833],[-87.18125,48.80833],[-87.1875,48.80833],[-87.19375,48.80833],[-87.19375,48.8125],[-87.19375,48.81667]]]}},{"type":"Feature","properties":{"c":"566381","o":"","e":""},"geometry":{"type":"Polygon","coordinates":[[[-87.25,48.7875],[-87.24375,48.7875],[-87.2375,48.7875],[-87.23125,48.7875],[-87.23125,48.78333],[-87.23125,48.77917],[-87.2375,48.77917],[-87.24375,48.77917],[-87.25,48.77917],[-87.25,48.78333],[-87.25,48.7875]]]}},{"type":"Feature","properties":{"c":"110861","o":"","e":""},"geometry":{"type":"Polygon","coordinates":[[[-87.38125,48.99583],[-87.38125,49.0],[-87.375,49.0],[-87.375,48.99583],[-87.38125,48.99583]]]}},{"type":"Feature","properties":{"c":"110862","o":"","e":""},"geometry":{"type":"Polygon","coordinates":[[[-87.3875,48.99167],[-87.3875,48.99583],[-87.38125,48.99583],[-87.38125,48.99167],[-87.3875,48.99167]]]}},{"type":"Feature","properties":{"c":"112255","o":"","e":""},"geometry":{"type":"Polygon","coordinates":[[[-87.2125,48.84167],[-87.2125,48.84583],[-87.20625,48.84583],[-87.20625,48.84167],[-87.2125,48.84167]]]}},{"type":"Feature","properties":{"c":"113657","o":"","e":""},"geometry":{"type":"Polygon","coordinates":[[[-87.29375,48.76667],[-87.29375,48.77083],[-87.2875,48.77083],[-87.2875,48.76667],[-87.29375,48.76667]]]}},{"type":"Feature","properties":{"c":"113658","o":"","e":""},"geometry":{"type":"Polygon","coordinates":[[[-87.29375,48.7625],[-87.29375,48.76667],[-87.2875,48.76667],[-87.2875,48.7625],[-87.29375,48.7625]]]}},{"type":"Feature","properties":{"c":"110559","o":"","e":""},"geometry":{"type":"Polygon","coordinates":[[[-87.29375,48.99583],[-87.29375,49.0],[-87.2875,49.0],[-87.2875,48.99583],[-87.29375,48.99583]]]}},{"type":"Feature","properties":{"c":"535116","o":"","e":""},"geometry":{"type":"Polygon","coordinates":[[[-87.3375,48.96667],[-87.3375,48.97083],[-87.33125,48.97083],[-87.325,48.97083],[-87.31875,48.97083],[-87.31875,48.96667],[-87.31875,48.9625],[-87.31875,48.95833],[-87.325,48.95833],[-87.33125,48.95833],[-87.3375,48.95833],[-87.3375,48.9625],[-87.3375,48.96667]]]}},{"type":"Feature","properties":{"c":"535119","o":"","e":""},"geometry":{"type":"Polygon","coordinates":[[[-87.2875,48.96667],[-87.2875,48.97083],[-87.28125,48.97083],[-87.275,48.97083],[-87.26875,48.97083],[-87.26875,48.96667],[-87.26875,48.9625],[-87.26875,48.95833],[-87.275,48.95833],[-87.28125,48.95833],[-87.2875,48.95833],[-87.2875,48.9625],[-87.2875,48.96667]]]}},{"type":"Feature","properties":{"c":"535120","o":"","e":""},"geometry":{"type":"Polygon","coordinates":[[[-87.36875,48.95],[-87.36875,48.95417],[-87.3625,48.95417],[-87.35625,48.95417],[-87.35,48.95417],[-87.34375,48.95417],[-87.3375,48.95417],[-87.3375,48.95],[-87.34375,48.95],[-87.35,48.95],[-87.35625,48.95],[-87.3625,48.95],[-87.36875,48.95]]]}},{"type":"Feature","properties":{"c":"535121","o":"","e":""},"geometry":{"type":"Polygon","coordinates":[[[-87.3375,48.95833],[-87.33125,48.95833],[-87.325,48.95833],[-87.31875,48.95833],[-87.3125,48.95833],[-87.30625,48.95833],[-87.3,48.95833],[-87.3,48.95417],[-87.3,48.95],[-87.30625,48.95],[-87.3125,48.95],[-87.31875,48.95],[-87.325,48.95],[-87.33125,48.95],[-87.3375,48.95],[-87.3375,48.95417],[-87.3375,48.95833]]]}},{"type":"Feature","properties":{"c":"113859","o":"","e":""},"geometry":{"type":"Polygon","coordinates":[[[-87.3,48.775],[-87.3,48.77917],[-87.29375,48.77917],[-87.29375,48.775],[-87.3,48.775]]]}},{"type":"Feature","properties":{"c":"113860","o":"","e":""},"geometry":{"type":"Polygon","coordinates":[[[-87.30625,48.77083],[-87.30625,48.775],[-87.3,48.775],[-87.3,48.77083],[-87.30625,48.77083]]]}},{"type":"Feature","properties":{"c":"114077","o":"","e":""},"geometry":{"type":"Polygon","coordinates":[[[-87.30625,48.89583],[-87.30625,48.9],[-87.3,48.9],[-87.3,48.89583],[-87.30625,48.89583]]]}},{"type":"Feature","properties":{"c":"114078","o":"","e":""},"geometry":{"type":"Polygon","coordinates":[[[-87.31875,48.89167],[-87.31875,48.89583],[-87.3125,48.89583],[-87.3125,48.89167],[-87.31875,48.89167]]]}},{"type":"Feature","properties":{"c":"114079","o":"","e":""},"geometry":{"type":"Polygon","coordinates":[[[-87.3125,48.8875],[-87.3125,48.89167],[-87.30625,48.89167],[-87.30625,48.8875],[-87.3125,48.8875]]]}},{"type":"Feature","properties":{"c":"117859","o":"","e":""},"geometry":{"type":"Polygon","coordinates":[[[-87.33125,48.99583],[-87.33125,49.0],[-87.325,49.0],[-87.325,48.99583],[-87.33125,48.99583]]]}},{"type":"Feature","properties":{"c":"116128","o":"","e":""},"geometry":{"type":"Polygon","coordinates":[[[-87.36875,48.95417],[-87.36875,48.95833],[-87.3625,48.95833],[-87.3625,48.95417],[-87.36875,48.95417]]]}},{"type":"Feature","properties":{"c":"120333","o":"","e":""},"geometry":{"type":"Polygon","coordinates":[[[-87.26875,48.78333],[-87.26875,48.7875],[-87.2625,48.7875],[-87.2625,48.78333],[-87.26875,48.78333]]]}},{"type":"Feature","properties":{"c":"535109","o":"","e":""},"geometry":{"type":"Polygon","coordinates":[[[-87.3375,48.97917],[-87.3375,48.98333],[-87.3375,48.9875],[-87.33125,48.9875],[-87.325,48.9875],[-87.31875,48.9875],[-87.31875,48.98333],[-87.31875,48.97917],[-87.31875,48.975],[-87.31875,48.97083],[-87.325,48.97083],[-87.33125,48.97083],[-87.3375,48.97083],[-87.3375,48.975],[-87.3375,48.97917]]]}},{"type":"Feature","properties":{"c":"535110","o":"","e":""},"geometry":{"type":"Polygon","coordinates":[[[-87.31875,48.98333],[-87.31875,48.9875],[-87.31875,48.99167],[-87.3125,48.99167],[-87.30625,48.99167],[-87.30625,48.9875],[-87.30625,48.98333],[-87.30625,48.97917],[-87.30625,48.975],[-87.3125,48.975],[-87.31875,48.975],[-87.31875,48.97917],[-87.31875,48.98333]]]}},{"type":"Feature","properties":{"c":"535111","o":"","e":""},"geometry":{"type":"Polygon","coordinates":[[[-87.30625,48.98333],[-87.30625,48.9875],[-87.30625,48.99167],[-87.3,48.99167],[-87.29375,48.99167],[-87.2875,48.99167],[-87.2875,48.9875],[-87.2875,48.98333],[-87.2875,48.97917],[-87.2875,48.975],[-87.29375,48.975],[-87.3,48.975],[-87.30625,48.975],[-87.30625,48.97917],[-87.30625,48.98333]]]}},{"type":"Feature","properties":{"c":"554099","o":"","e":""},"geometry":{"type":"Polygon","coordinates":[[[-87.225,48.82917],[-87.225,48.83333],[-87.21875,48.83333],[-87.21875,48.82917],[-87.225,48.82917]]]}},{"type":"Feature","properties":{"c":"554100","o":"","e":""},"geometry":{"type":"Polygon","coordinates":[[[-87.225,48.825],[-87.225,48.82917],[-87.21875,48.82917],[-87.21875,48.825],[-87.225,48.825]]]}},{"type":"Feature","properties":{"c":"554101","o":"","e":""},"geometry":{"type":"Polygon","coordinates":[[[-87.23125,48.83333],[-87.23125,48.8375],[-87.225,48.8375],[-87.225,48.83333],[-87.23125,48.83333]]]}},{"type":"Feature","properties":{"c":"1035668","o":"","e":""},"geometry":{"type":"Polygon","coordinates":[[[-87.03125,48.8625],[-87.03125,48.86667],[-87.025,48.86667],[-87.025,48.8625],[-87.03125,48.8625]]]}},{"type":"Feature","properties":{"c":"1035669","o":"","e":""},"geometry":{"type":"Polygon","coordinates":[[[-87.03125,48.86667],[-87.03125,48.87083],[-87.025,48.87083],[-87.025,48.86667],[-87.03125,48.86667]]]}},{"type":"Feature","properties":{"c":"123502","o":"","e":""},"geometry":{"type":"Polygon","coordinates":[[[-87.19375,48.82917],[-87.19375,48.83333],[-87.1875,48.83333],[-87.1875,48.82917],[-87.19375,48.82917]]]}},{"type":"Feature","properties":{"c":"566382","o":"","e":""},"geometry":{"type":"Polygon","coordinates":[[[-87.25,48.79583],[-87.24375,48.79583],[-87.2375,48.79583],[-87.23125,48.79583],[-87.23125,48.79167],[-87.23125,48.7875],[-87.2375,48.7875],[-87.24375,48.7875],[-87.25,48.7875],[-87.25,48.79167],[-87.25,48.79583]]]}},{"type":"Feature","properties":{"c":"129479","o":"","e":""},"geometry":{"type":"Polygon","coordinates":[[[-87.275,48.775],[-87.275,48.77917],[-87.26875,48.77917],[-87.26875,48.775],[-87.275,48.775]]]}},{"type":"Feature","properties":{"c":"566383","o":"","e":""},"geometry":{"type":"Polygon","coordinates":[[[-87.23125,48.79583],[-87.225,48.79583],[-87.21875,48.79583],[-87.2125,48.79583],[-87.2125,48.79167],[-87.2125,48.7875],[-87.21875,48.7875],[-87.225,48.7875],[-87.23125,48.7875],[-87.23125,48.79167],[-87.23125,48.79583]]]}},{"type":"Feature","properties":{"c":"131230","o":"","e":""},"geometry":{"type":"Polygon","coordinates":[[[-87.28125,48.77917],[-87.28125,48.78333],[-87.275,48.78333],[-87.275,48.77917],[-87.28125,48.77917]]]}},{"type":"Feature","properties":{"c":"129619","o":"","e":""},"geometry":{"type":"Polygon","coordinates":[[[-87.19375,48.84583],[-87.19375,48.85],[-87.1875,48.85],[-87.1875,48.84583],[-87.19375,48.84583]]]}},{"type":"Feature","properties":{"c":"130990","o":"","e":""},"geometry":{"type":"Polygon","coordinates":[[[-87.26875,48.77083],[-87.26875,48.775],[-87.2625,48.775],[-87.2625,48.77083],[-87.26875,48.77083]]]}},{"type":"Feature","properties":{"c":"130585","o":"","e":""},"geometry":{"type":"Polygon","coordinates":[[[-87.30625,48.9],[-87.30625,48.90417],[-87.3,48.90417],[-87.3,48.9],[-87.30625,48.9]]]}},{"type":"Feature","properties":{"c":"554098","o":"","e":""},"geometry":{"type":"Polygon","coordinates":[[[-87.225,48.83333],[-87.225,48.8375],[-87.21875,48.8375],[-87.21875,48.83333],[-87.225,48.83333]]]}},{"type":"Feature","properties":{"c":"554127","o":"","e":""},"geometry":{"type":"Polygon","coordinates":[[[-87.2125,48.80417],[-87.20625,48.80417],[-87.20625,48.80833],[-87.2,48.80833],[-87.2,48.80417],[-87.2,48.8],[-87.20625,48.8],[-87.20625,48.79583],[-87.2125,48.79583],[-87.2125,48.8],[-87.2125,48.80417]]]}},{"type":"Feature","properties":{"c":"132705","o":"","e":""},"geometry":{"type":"Polygon","coordinates":[[[-87.3,48.77083],[-87.3,48.775],[-87.29375,48.775],[-87.29375,48.77083],[-87.3,48.77083]]]}},{"type":"Feature","properties":{"c":"135278","o":"","e":""},"geometry":{"type":"Polygon","coordinates":[[[-87.39375,48.9875],[-87.39375,48.99167],[-87.3875,48.99167],[-87.3875,48.9875],[-87.39375,48.9875]]]}},{"type":"Feature","properties":{"c":"135279","o":"","e":""},"geometry":{"type":"Polygon","coordinates":[[[-87.39375,48.97917],[-87.39375,48.98333],[-87.3875,48.98333],[-87.3875,48.97917],[-87.39375,48.97917]]]}},{"type":"Feature","properties":{"c":"135506","o":"","e":""},"geometry":{"type":"Polygon","coordinates":[[[-87.2125,48.82917],[-87.2125,48.83333],[-87.20625,48.83333],[-87.20625,48.82917],[-87.2125,48.82917]]]}},{"type":"Feature","properties":{"c":"566292","o":"","e":""},"geometry":{"type":"Polygon","coordinates":[[[-87.2125,48.825],[-87.2125,48.82917],[-87.20625,48.82917],[-87.2,48.82917],[-87.19375,48.82917],[-87.1875,48.82917],[-87.1875,48.825],[-87.19375,48.825],[-87.2,48.825],[-87.20625,48.825],[-87.2125,48.825]]]}},{"type":"Feature","properties":{"c":"563083","o":"","e":""},"geometry":{"type":"Polygon","coordinates":[[[-87.24375,48.82917],[-87.24375,48.83333],[-87.2375,48.83333],[-87.2375,48.82917],[-87.24375,48.82917]]]}},{"type":"Feature","properties":{"c":"563084","o":"","e":""},"geometry":{"type":"Polygon","coordinates":[[[-87.25,48.82917],[-87.25,48.83333],[-87.24375,48.83333],[-87.24375,48.82917],[-87.25,48.82917]]]}},{"type":"Feature","properties":{"c":"556514","o":"","e":""},"geometry":{"type":"Polygon","coordinates":[[[-87.2625,48.84583],[-87.2625,48.85],[-87.25625,48.85],[-87.25,48.85],[-87.24375,48.85],[-87.24375,48.84583],[-87.24375,48.84167],[-87.25,48.84167],[-87.25,48.8375],[-87.25625,48.8375],[-87.2625,48.8375],[-87.2625,48.84167],[-87.2625,48.84583]]]}},{"type":"Feature","properties":{"c":"598848","o":"","e":""},"geometry":{"type":"Polygon","coordinates":[[[-87.16875,48.83333],[-87.16875,48.8375],[-87.1625,48.8375],[-87.1625,48.83333],[-87.16875,48.83333]]]}},{"type":"Feature","properties":{"c":"598849","o":"","e":""},"geometry":{"type":"Polygon","coordinates":[[[-87.15625,48.8375],[-87.15625,48.84167],[-87.15,48.84167],[-87.15,48.8375],[-87.15625,48.8375]]]}},{"type":"Feature","properties":{"c":"598850","o":"","e":""},"geometry":{"type":"Polygon","coordinates":[[[-87.1625,48.8375],[-87.1625,48.84167],[-87.15625,48.84167],[-87.15625,48.8375],[-87.1625,48.8375]]]}},{"type":"Feature","properties":{"c":"598851","o":"","e":""},"geometry":{"type":"Polygon","coordinates":[[[-87.1625,48.83333],[-87.1625,48.8375],[-87.15625,48.8375],[-87.15625,48.83333],[-87.1625,48.83333]]]}},{"type":"Feature","properties":{"c":"598852","o":"","e":""},"geometry":{"type":"Polygon","coordinates":[[[-87.15625,48.83333],[-87.15625,48.8375],[-87.15,48.8375],[-87.15,48.83333],[-87.15625,48.83333]]]}},{"type":"Feature","properties":{"c":"598853","o":"","e":""},"geometry":{"type":"Polygon","coordinates":[[[-87.15,48.8375],[-87.15,48.84167],[-87.14375,48.84167],[-87.14375,48.8375],[-87.15,48.8375]]]}},{"type":"Feature","properties":{"c":"598854","o":"","e":""},"geometry":{"type":"Polygon","coordinates":[[[-87.15,48.83333],[-87.15,48.8375],[-87.14375,48.8375],[-87.14375,48.83333],[-87.15,48.83333]]]}},{"type":"Feature","properties":{"c":"140258","o":"","e":""},"geometry":{"type":"Polygon","coordinates":[[[-87.2375,48.8375],[-87.2375,48.84167],[-87.23125,48.84167],[-87.23125,48.8375],[-87.2375,48.8375]]]}},{"type":"Feature","properties":{"c":"140396","o":"","e":""},"geometry":{"type":"Polygon","coordinates":[[[-87.20625,48.84167],[-87.20625,48.84583],[-87.2,48.84583],[-87.2,48.84167],[-87.20625,48.84167]]]}},{"type":"Feature","properties":{"c":"141544","o":"","e":""},"geometry":{"type":"Polygon","coordinates":[[[-87.21875,48.8375],[-87.21875,48.84167],[-87.2125,48.84167],[-87.2125,48.8375],[-87.21875,48.8375]]]}},{"type":"Feature","properties":{"c":"143152","o":"","e":""},"geometry":{"type":"Polygon","coordinates":[[[-87.40625,48.99167],[-87.40625,48.99583],[-87.4,48.99583],[-87.4,48.99167],[-87.40625,48.99167]]]}},{"type":"Feature","properties":{"c":"940518","o":"","e":""},"geometry":{"type":"Polygon","coordinates":[[[-87.00625,48.875],[-87.00625,48.87917],[-87.0,48.87917],[-87.0,48.875],[-87.00625,48.875]]]}},{"type":"Feature","properties":{"c":"145842","o":"","e":""},"geometry":{"type":"Polygon","coordinates":[[[-87.2125,48.84583],[-87.2125,48.85],[-87.20625,48.85],[-87.20625,48.84583],[-87.2125,48.84583]]]}},{"type":"Feature","properties":{"c":"150613","o":"","e":""},"geometry":{"type":"Polygon","coordinates":[[[-87.3125,48.88333],[-87.3125,48.8875],[-87.30625,48.8875],[-87.30625,48.88333],[-87.3125,48.88333]]]}},{"type":"Feature","properties":{"c":"941488","o":"","e":""},"geometry":{"type":"Polygon","coordinates":[[[-87.01875,48.875],[-87.01875,48.87917],[-87.0125,48.87917],[-87.0125,48.875],[-87.01875,48.875]]]}},{"type":"Feature","properties":{"c":"941489","o":"","e":""},"geometry":{"type":"Polygon","coordinates":[[[-87.0125,48.875],[-87.0125,48.87917],[-87.00625,48.87917],[-87.00625,48.875],[-87.0125,48.875]]]}},{"type":"Feature","properties":{"c":"152325","o":"","e":""},"geometry":{"type":"Polygon","coordinates":[[[-87.325,48.99583],[-87.325,49.0],[-87.31875,49.0],[-87.31875,48.99583],[-87.325,48.99583]]]}},{"type":"Feature","properties":{"c":"151494","o":"","e":""},"geometry":{"type":"Polygon","coordinates":[[[-87.29375,48.9],[-87.29375,48.90417],[-87.2875,48.90417],[-87.2875,48.9],[-87.29375,48.9]]]}},{"type":"Feature","properties":{"c":"151375","o":"","e":""},"geometry":{"type":"Polygon","coordinates":[[[-87.0125,48.84583],[-87.0125,48.85],[-87.00625,48.85],[-87.00625,48.84583],[-87.0125,48.84583]]]}},{"type":"Feature","properties":{"c":"151376","o":"","e":""},"geometry":{"type":"Polygon","coordinates":[[[-87.00625,48.85833],[-87.00625,48.8625],[-87.0,48.8625],[-87.0,48.85833],[-87.00625,48.85833]]]}},{"type":"Feature","properties":{"c":"151377","o":"","e":""},"geometry":{"type":"Polygon","coordinates":[[[-87.00625,48.85],[-87.00625,48.85417],[-87.0,48.85417],[-87.0,48.85],[-87.00625,48.85]]]}},{"type":"Feature","properties":{"c":"154673","o":"","e":""},"geometry":{"type":"Polygon","coordinates":[[[-87.275,48.78333],[-87.275,48.7875],[-87.26875,48.7875],[-87.26875,48.78333],[-87.275,48.78333]]]}},{"type":"Feature","properties":{"c":"941281","o":"","e":""},"geometry":{"type":"Polygon","coordinates":[[[-87.13125,48.9],[-87.13125,48.90417],[-87.125,48.90417],[-87.125,48.9],[-87.13125,48.9]]]}},{"type":"Feature","properties":{"c":"941282","o":"","e":""},"geometry":{"type":"Polygon","coordinates":[[[-87.1375,48.89583],[-87.1375,48.9],[-87.13125,48.9],[-87.13125,48.89583],[-87.1375,48.89583]]]}},{"type":"Feature","properties":{"c":"941280","o":"","e":""},"geometry":{"type":"Polygon","coordinates":[[[-87.1375,48.9],[-87.1375,48.90417],[-87.13125,48.90417],[-87.13125,48.9],[-87.1375,48.9]]]}},{"type":"Feature","properties":{"c":"156534","o":"","e":""},"geometry":{"type":"Polygon","coordinates":[[[-87.2875,48.99167],[-87.2875,48.99583],[-87.28125,48.99583],[-87.28125,48.99167],[-87.2875,48.99167]]]}},{"type":"Feature","properties":{"c":"940519","o":"","e":""},"geometry":{"type":"Polygon","coordinates":[[[-87.00625,48.88333],[-87.00625,48.8875],[-87.0,48.8875],[-87.0,48.88333],[-87.00625,48.88333]]]}},{"type":"Feature","properties":{"c":"940520","o":"","e":""},"geometry":{"type":"Polygon","coordinates":[[[-87.00625,48.89167],[-87.00625,48.89583],[-87.0,48.89583],[-87.0,48.89167],[-87.00625,48.89167]]]}},{"type":"Feature","properties":{"c":"940521","o":"","e":""},"geometry":{"type":"Polygon","coordinates":[[[-87.00625,48.87917],[-87.00625,48.88333],[-87.0,48.88333],[-87.0,48.87917],[-87.00625,48.87917]]]}},{"type":"Feature","properties":{"c":"940523","o":"","e":""},"geometry":{"type":"Polygon","coordinates":[[[-87.00625,48.8875],[-87.00625,48.89167],[-87.0,48.89167],[-87.0,48.8875],[-87.00625,48.8875]]]}},{"type":"Feature","properties":{"c":"777812","o":"","e":""},"geometry":{"type":"Polygon","coordinates":[[[-87.35,48.90833],[-87.35,48.9125],[-87.34375,48.9125],[-87.34375,48.90833],[-87.35,48.90833]]]}},{"type":"Feature","properties":{"c":"777813","o":"","e":""},"geometry":{"type":"Polygon","coordinates":[[[-87.35625,48.90833],[-87.35625,48.9125],[-87.35,48.9125],[-87.35,48.90833],[-87.35625,48.90833]]]}},{"type":"Feature","properties":{"c":"777814","o":"","e":""},"geometry":{"type":"Polygon","coordinates":[[[-87.35,48.9125],[-87.35,48.91667],[-87.34375,48.91667],[-87.34375,48.9125],[-87.35,48.9125]]]}},{"type":"Feature","properties":{"c":"941283","o":"","e":""},"geometry":{"type":"Polygon","coordinates":[[[-87.13125,48.89583],[-87.13125,48.9],[-87.125,48.9],[-87.125,48.89583],[-87.13125,48.89583]]]}},{"type":"Feature","properties":{"c":"941284","o":"","e":""},"geometry":{"type":"Polygon","coordinates":[[[-87.1375,48.89167],[-87.1375,48.89583],[-87.13125,48.89583],[-87.13125,48.89167],[-87.1375,48.89167]]]}},{"type":"Feature","properties":{"c":"941288","o":"","e":""},"geometry":{"type":"Polygon","coordinates":[[[-87.125,48.89167],[-87.125,48.89583],[-87.11875,48.89583],[-87.11875,48.89167],[-87.125,48.89167]]]}},{"type":"Feature","properties":{"c":"941285","o":"","e":""},"geometry":{"type":"Polygon","coordinates":[[[-87.13125,48.89167],[-87.13125,48.89583],[-87.125,48.89583],[-87.125,48.89167],[-87.13125,48.89167]]]}},{"type":"Feature","properties":{"c":"941286","o":"","e":""},"geometry":{"type":"Polygon","coordinates":[[[-87.125,48.9],[-87.125,48.90417],[-87.11875,48.90417],[-87.11875,48.9],[-87.125,48.9]]]}},{"type":"Feature","properties":{"c":"941289","o":"","e":""},"geometry":{"type":"Polygon","coordinates":[[[-87.11875,48.8875],[-87.11875,48.89167],[-87.1125,48.89167],[-87.1125,48.8875],[-87.11875,48.8875]]]}},{"type":"Feature","properties":{"c":"941287","o":"","e":""},"geometry":{"type":"Polygon","coordinates":[[[-87.125,48.89583],[-87.125,48.9],[-87.11875,48.9],[-87.11875,48.89583],[-87.125,48.89583]]]}},{"type":"Feature","properties":{"c":"1035579","o":"","e":""},"geometry":{"type":"Polygon","coordinates":[[[-87.00625,48.86667],[-87.00625,48.87083],[-87.0,48.87083],[-87.0,48.86667],[-87.00625,48.86667]]]}},{"type":"Feature","properties":{"c":"1035580","o":"","e":""},"geometry":{"type":"Polygon","coordinates":[[[-87.01875,48.87083],[-87.01875,48.875],[-87.0125,48.875],[-87.0125,48.87083],[-87.01875,48.87083]]]}},{"type":"Feature","properties":{"c":"1035581","o":"","e":""},"geometry":{"type":"Polygon","coordinates":[[[-87.01875,48.86667],[-87.01875,48.87083],[-87.0125,48.87083],[-87.0125,48.86667],[-87.01875,48.86667]]]}},{"type":"Feature","properties":{"c":"1035582","o":"","e":""},"geometry":{"type":"Polygon","coordinates":[[[-87.0125,48.86667],[-87.0125,48.87083],[-87.00625,48.87083],[-87.00625,48.86667],[-87.0125,48.86667]]]}},{"type":"Feature","properties":{"c":"1035583","o":"","e":""},"geometry":{"type":"Polygon","coordinates":[[[-87.00625,48.87083],[-87.00625,48.875],[-87.0,48.875],[-87.0,48.87083],[-87.00625,48.87083]]]}},{"type":"Feature","properties":{"c":"1035584","o":"","e":""},"geometry":{"type":"Polygon","coordinates":[[[-87.0125,48.87083],[-87.0125,48.875],[-87.00625,48.875],[-87.00625,48.87083],[-87.0125,48.87083]]]}},{"type":"Feature","properties":{"c":"535118","o":"","e":""},"geometry":{"type":"Polygon","coordinates":[[[-87.30625,48.96667],[-87.30625,48.97083],[-87.30625,48.975],[-87.3,48.975],[-87.29375,48.975],[-87.29375,48.97083],[-87.2875,48.97083],[-87.2875,48.96667],[-87.2875,48.9625],[-87.2875,48.95833],[-87.29375,48.95833],[-87.3,48.95833],[-87.30625,48.95833],[-87.30625,48.9625],[-87.30625,48.96667]]]}},{"type":"Feature","properties":{"c":"735766","o":"","e":""},"geometry":{"type":"Polygon","coordinates":[[[-87.25625,48.78333],[-87.25625,48.7875],[-87.25,48.7875],[-87.25,48.78333],[-87.25625,48.78333]]]}},{"type":"Feature","properties":{"c":"158901","o":"","e":""},"geometry":{"type":"Polygon","coordinates":[[[-87.18125,48.84583],[-87.18125,48.85],[-87.175,48.85],[-87.175,48.84583],[-87.18125,48.84583]]]}},{"type":"Feature","properties":{"c":"158902","o":"","e":""},"geometry":{"type":"Polygon","coordinates":[[[-87.19375,48.8375],[-87.19375,48.84167],[-87.1875,48.84167],[-87.1875,48.8375],[-87.19375,48.8375]]]}},{"type":"Feature","properties":{"c":"157778","o":"","e":""},"geometry":{"type":"Polygon","coordinates":[[[-87.39375,48.99167],[-87.39375,48.99583],[-87.3875,48.99583],[-87.3875,48.99167],[-87.39375,48.99167]]]}},{"type":"Feature","properties":{"c":"546085","o":"","e":""},"geometry":{"type":"Polygon","coordinates":[[[-87.25,48.87917],[-87.25,48.88333],[-87.24375,48.88333],[-87.2375,48.88333],[-87.23125,48.88333],[-87.225,48.88333],[-87.21875,48.88333],[-87.2125,48.88333],[-87.2125,48.87917],[-87.2125,48.875],[-87.2125,48.87083],[-87.21875,48.87083],[-87.225,48.87083],[-87.23125,48.87083],[-87.2375,48.87083],[-87.24375,48.87083],[-87.25,48.87083],[-87.25,48.875],[-87.25,48.87917]]]}},{"type":"Feature","properties":{"c":"161749","o":"","e":""},"geometry":{"type":"Polygon","coordinates":[[[-87.3875,48.97917],[-87.3875,48.98333],[-87.38125,48.98333],[-87.38125,48.97917],[-87.3875,48.97917]]]}},{"type":"Feature","properties":{"c":"159937","o":"","e":""},"geometry":{"type":"Polygon","coordinates":[[[-87.2,48.85],[-87.2,48.85417],[-87.19375,48.85417],[-87.19375,48.85],[-87.2,48.85]]]}},{"type":"Feature","properties":{"c":"535113","o":"","e":""},"geometry":{"type":"Polygon","coordinates":[[[-87.29375,48.97083],[-87.29375,48.975],[-87.2875,48.975],[-87.2875,48.97917],[-87.2875,48.98333],[-87.28125,48.98333],[-87.275,48.98333],[-87.26875,48.98333],[-87.26875,48.97917],[-87.26875,48.975],[-87.26875,48.97083],[-87.275,48.97083],[-87.28125,48.97083],[-87.2875,48.97083],[-87.29375,48.97083]]]}},{"type":"Feature","properties":{"c":"535115","o":"","e":""},"geometry":{"type":"Polygon","coordinates":[[[-87.36875,48.96667],[-87.3625,48.96667],[-87.3625,48.97083],[-87.35625,48.97083],[-87.35,48.97083],[-87.34375,48.97083],[-87.3375,48.97083],[-87.3375,48.96667],[-87.3375,48.9625],[-87.3375,48.95833],[-87.3375,48.95417],[-87.34375,48.95417],[-87.35,48.95417],[-87.35625,48.95417],[-87.3625,48.95417],[-87.3625,48.95833],[-87.36875,48.95833],[-87.36875,48.9625],[-87.36875,48.96667]]]}},{"type":"Feature","properties":{"c":"565926","o":"","e":""},"geometry":{"type":"Polygon","coordinates":[[[-87.16875,48.8375],[-87.16875,48.84167],[-87.1625,48.84167],[-87.1625,48.8375],[-87.16875,48.8375]]]}},{"type":"Feature","properties":{"c":"941290","o":"","e":""},"geometry":{"type":"Polygon","coordinates":[[[-87.125,48.8875],[-87.125,48.89167],[-87.11875,48.89167],[-87.11875,48.8875],[-87.125,48.8875]]]}},{"type":"Feature","properties":{"c":"167794","o":"","e":""},"geometry":{"type":"Polygon","coordinates":[[[-87.4,48.9875],[-87.4,48.99167],[-87.39375,48.99167],[-87.39375,48.9875],[-87.4,48.9875]]]}},{"type":"Feature","properties":{"c":"168944","o":"","e":""},"geometry":{"type":"Polygon","coordinates":[[[-87.325,48.99167],[-87.325,48.99583],[-87.31875,48.99583],[-87.31875,48.99167],[-87.325,48.99167]]]}},{"type":"Feature","properties":{"c":"1017184","o":"","e":""},"geometry":{"type":"Polygon","coordinates":[[[-87.1625,48.86667],[-87.1625,48.87083],[-87.15625,48.87083],[-87.15625,48.86667],[-87.1625,48.86667]]]}},{"type":"Feature","properties":{"c":"1017185","o":"","e":""},"geometry":{"type":"Polygon","coordinates":[[[-87.15625,48.86667],[-87.15625,48.87083],[-87.15,48.87083],[-87.15,48.86667],[-87.15625,48.86667]]]}},{"type":"Feature","properties":{"c":"551846","o":"","e":""},"geometry":{"type":"Polygon","coordinates":[[[-87.225,48.82083],[-87.225,48.825],[-87.21875,48.825],[-87.21875,48.82083],[-87.225,48.82083]]]}},{"type":"Feature","properties":{"c":"551847","o":"","e":""},"geometry":{"type":"Polygon","coordinates":[[[-87.21875,48.82083],[-87.21875,48.825],[-87.2125,48.825],[-87.2125,48.82083],[-87.21875,48.82083]]]}},{"type":"Feature","properties":{"c":"551848","o":"","e":""},"geometry":{"type":"Polygon","coordinates":[[[-87.225,48.81667],[-87.225,48.82083],[-87.21875,48.82083],[-87.21875,48.81667],[-87.225,48.81667]]]}},{"type":"Feature","properties":{"c":"551849","o":"","e":""},"geometry":{"type":"Polygon","coordinates":[[[-87.21875,48.81667],[-87.21875,48.82083],[-87.2125,48.82083],[-87.2125,48.81667],[-87.21875,48.81667]]]}},{"type":"Feature","properties":{"c":"172104","o":"","e":""},"geometry":{"type":"Polygon","coordinates":[[[-87.3,48.99167],[-87.3,48.99583],[-87.29375,48.99583],[-87.29375,48.99167],[-87.3,48.99167]]]}},{"type":"Feature","properties":{"c":"1035671","o":"","e":""},"geometry":{"type":"Polygon","coordinates":[[[-87.0375,48.86667],[-87.0375,48.87083],[-87.03125,48.87083],[-87.03125,48.86667],[-87.0375,48.86667]]]}},{"type":"Feature","properties":{"c":"535107","o":"","e":""},"geometry":{"type":"Polygon","coordinates":[[[-87.35,48.99583],[-87.35,49.0],[-87.35,49.00417],[-87.35,49.00833],[-87.34375,49.00833],[-87.3375,49.00833],[-87.3375,49.00417],[-87.3375,49.0],[-87.3375,48.99583],[-87.33125,48.99583],[-87.325,48.99583],[-87.325,48.99167],[-87.31875,48.99167],[-87.31875,48.9875],[-87.325,48.9875],[-87.33125,48.9875],[-87.3375,48.9875],[-87.34375,48.9875],[-87.35,48.9875],[-87.35,48.99167],[-87.35,48.99583]]]}},{"type":"Feature","properties":{"c":"566293","o":"","e":""},"geometry":{"type":"Polygon","coordinates":[[[-87.2625,48.8375],[-87.25625,48.8375],[-87.25,48.8375],[-87.25,48.84167],[-87.24375,48.84167],[-87.24375,48.8375],[-87.24375,48.83333],[-87.25,48.83333],[-87.25,48.82917],[-87.25625,48.82917],[-87.25625,48.83333],[-87.2625,48.83333],[-87.2625,48.8375]]]}},{"type":"Feature","properties":{"c":"566390","o":"","e":""},"geometry":{"type":"Polygon","coordinates":[[[-87.2125,48.825],[-87.20625,48.825],[-87.2,48.825],[-87.19375,48.825],[-87.19375,48.82083],[-87.19375,48.81667],[-87.2,48.81667],[-87.20625,48.81667],[-87.2125,48.81667],[-87.2125,48.82083],[-87.2125,48.825]]]}},{"type":"Feature","properties":{"c":"942014","o":"","e":""},"geometry":{"type":"Polygon","coordinates":[[[-87.24375,48.95833],[-87.24375,48.9625],[-87.2375,48.9625],[-87.2375,48.95833],[-87.24375,48.95833]]]}},{"type":"Feature","properties":{"c":"942015","o":"","e":""},"geometry":{"type":"Polygon","coordinates":[[[-87.24375,48.95417],[-87.24375,48.95833],[-87.2375,48.95833],[-87.2375,48.95417],[-87.24375,48.95417]]]}},{"type":"Feature","properties":{"c":"174932","o":"","e":""},"geometry":{"type":"Polygon","coordinates":[[[-87.20625,48.85],[-87.20625,48.85417],[-87.2,48.85417],[-87.2,48.85],[-87.20625,48.85]]]}},{"type":"Feature","properties":{"c":"174933","o":"","e":""},"geometry":{"type":"Polygon","coordinates":[[[-87.2,48.84167],[-87.2,48.84583],[-87.19375,48.84583],[-87.19375,48.84167],[-87.2,48.84167]]]}},{"type":"Feature","properties":{"c":"174809","o":"","e":""},"geometry":{"type":"Polygon","coordinates":[[[-87.225,48.84167],[-87.225,48.84583],[-87.21875,48.84583],[-87.21875,48.84167],[-87.225,48.84167]]]}},{"type":"Feature","properties":{"c":"174810","o":"","e":""},"geometry":{"type":"Polygon","coordinates":[[[-87.23125,48.84167],[-87.23125,48.84583],[-87.225,48.84583],[-87.225,48.84167],[-87.23125,48.84167]]]}},{"type":"Feature","properties":{"c":"174811","o":"","e":""},"geometry":{"type":"Polygon","coordinates":[[[-87.24375,48.8375],[-87.24375,48.84167],[-87.2375,48.84167],[-87.2375,48.8375],[-87.24375,48.8375]]]}},{"type":"Feature","properties":{"c":"566392","o":"","e":""},"geometry":{"type":"Polygon","coordinates":[[[-87.175,48.81667],[-87.175,48.82083],[-87.175,48.825],[-87.16875,48.825],[-87.1625,48.825],[-87.1625,48.82083],[-87.1625,48.81667],[-87.1625,48.8125],[-87.1625,48.80833],[-87.16875,48.80833],[-87.175,48.80833],[-87.175,48.8125],[-87.175,48.81667]]]}},{"type":"Feature","properties":{"c":"177726","o":"","e":""},"geometry":{"type":"Polygon","coordinates":[[[-87.19375,48.85],[-87.19375,48.85417],[-87.1875,48.85417],[-87.1875,48.85],[-87.19375,48.85]]]}},{"type":"Feature","properties":{"c":"177727","o":"","e":""},"geometry":{"type":"Polygon","coordinates":[[[-87.1875,48.84167],[-87.1875,48.84583],[-87.18125,48.84583],[-87.18125,48.84167],[-87.1875,48.84167]]]}},{"type":"Feature","properties":{"c":"900908","o":"","e":""},"geometry":{"type":"Polygon","coordinates":[[[-87.28125,48.89167],[-87.28125,48.89583],[-87.275,48.89583],[-87.275,48.89167],[-87.28125,48.89167]]]}},{"type":"Feature","properties":{"c":"900909","o":"","e":""},"geometry":{"type":"Polygon","coordinates":[[[-87.275,48.89167],[-87.275,48.89583],[-87.26875,48.89583],[-87.26875,48.89167],[-87.275,48.89167]]]}},{"type":"Feature","properties":{"c":"900910","o":"","e":""},"geometry":{"type":"Polygon","coordinates":[[[-87.26875,48.89167],[-87.26875,48.89583],[-87.2625,48.89583],[-87.2625,48.89167],[-87.26875,48.89167]]]}},{"type":"Feature","properties":{"c":"900911","o":"","e":""},"geometry":{"type":"Polygon","coordinates":[[[-87.2625,48.89167],[-87.2625,48.89583],[-87.25625,48.89583],[-87.25625,48.89167],[-87.2625,48.89167]]]}},{"type":"Feature","properties":{"c":"900912","o":"","e":""},"geometry":{"type":"Polygon","coordinates":[[[-87.25625,48.89167],[-87.25625,48.89583],[-87.25,48.89583],[-87.25,48.89167],[-87.25625,48.89167]]]}},{"type":"Feature","properties":{"c":"900913","o":"","e":""},"geometry":{"type":"Polygon","coordinates":[[[-87.28125,48.8875],[-87.28125,48.89167],[-87.275,48.89167],[-87.275,48.8875],[-87.28125,48.8875]]]}},{"type":"Feature","properties":{"c":"900914","o":"","e":""},"geometry":{"type":"Polygon","coordinates":[[[-87.275,48.8875],[-87.275,48.89167],[-87.26875,48.89167],[-87.26875,48.8875],[-87.275,48.8875]]]}},{"type":"Feature","properties":{"c":"900915","o":"","e":""},"geometry":{"type":"Polygon","coordinates":[[[-87.26875,48.8875],[-87.26875,48.89167],[-87.2625,48.89167],[-87.2625,48.8875],[-87.26875,48.8875]]]}},{"type":"Feature","properties":{"c":"900916","o":"","e":""},"geometry":{"type":"Polygon","coordinates":[[[-87.2625,48.8875],[-87.2625,48.89167],[-87.25625,48.89167],[-87.25625,48.8875],[-87.2625,48.8875]]]}},{"type":"Feature","properties":{"c":"900917","o":"","e":""},"geometry":{"type":"Polygon","coordinates":[[[-87.25625,48.8875],[-87.25625,48.89167],[-87.25,48.89167],[-87.25,48.8875],[-87.25625,48.8875]]]}},{"type":"Feature","properties":{"c":"900918","o":"","e":""},"geometry":{"type":"Polygon","coordinates":[[[-87.28125,48.88333],[-87.28125,48.8875],[-87.275,48.8875],[-87.275,48.88333],[-87.28125,48.88333]]]}},{"type":"Feature","properties":{"c":"900919","o":"","e":""},"geometry":{"type":"Polygon","coordinates":[[[-87.275,48.88333],[-87.275,48.8875],[-87.26875,48.8875],[-87.26875,48.88333],[-87.275,48.88333]]]}},{"type":"Feature","properties":{"c":"900920","o":"","e":""},"geometry":{"type":"Polygon","coordinates":[[[-87.26875,48.88333],[-87.26875,48.8875],[-87.2625,48.8875],[-87.2625,48.88333],[-87.26875,48.88333]]]}},{"type":"Feature","properties":{"c":"900921","o":"","e":""},"geometry":{"type":"Polygon","coordinates":[[[-87.2625,48.88333],[-87.2625,48.8875],[-87.25625,48.8875],[-87.25625,48.88333],[-87.2625,48.88333]]]}},{"type":"Feature","properties":{"c":"900928","o":"","e":""},"geometry":{"type":"Polygon","coordinates":[[[-87.25625,48.875],[-87.25625,48.87917],[-87.25,48.87917],[-87.25,48.875],[-87.25625,48.875]]]}},{"type":"Feature","properties":{"c":"900922","o":"","e":""},"geometry":{"type":"Polygon","coordinates":[[[-87.25625,48.88333],[-87.25625,48.8875],[-87.25,48.8875],[-87.25,48.88333],[-87.25625,48.88333]]]}},{"type":"Feature","properties":{"c":"900923","o":"","e":""},"geometry":{"type":"Polygon","coordinates":[[[-87.28125,48.87917],[-87.28125,48.88333],[-87.275,48.88333],[-87.275,48.87917],[-87.28125,48.87917]]]}},{"type":"Feature","properties":{"c":"900924","o":"","e":""},"geometry":{"type":"Polygon","coordinates":[[[-87.275,48.87917],[-87.275,48.88333],[-87.26875,48.88333],[-87.26875,48.87917],[-87.275,48.87917]]]}},{"type":"Feature","properties":{"c":"900925","o":"","e":""},"geometry":{"type":"Polygon","coordinates":[[[-87.26875,48.87917],[-87.26875,48.88333],[-87.2625,48.88333],[-87.2625,48.87917],[-87.26875,48.87917]]]}},{"type":"Feature","properties":{"c":"900926","o":"","e":""},"geometry":{"type":"Polygon","coordinates":[[[-87.2625,48.87917],[-87.2625,48.88333],[-87.25625,48.88333],[-87.25625,48.87917],[-87.2625,48.87917]]]}},{"type":"Feature","properties":{"c":"900927","o":"","e":""},"geometry":{"type":"Polygon","coordinates":[[[-87.25625,48.87917],[-87.25625,48.88333],[-87.25,48.88333],[-87.25,48.87917],[-87.25625,48.87917]]]}},{"type":"Feature","properties":{"c":"181763","o":"","e":""},"geometry":{"type":"Polygon","coordinates":[[[-87.36875,48.97917],[-87.36875,48.98333],[-87.3625,48.98333],[-87.3625,48.97917],[-87.36875,48.97917]]]}},{"type":"Feature","properties":{"c":"181227","o":"","e":""},"geometry":{"type":"Polygon","coordinates":[[[-87.3875,48.98333],[-87.3875,48.9875],[-87.38125,48.9875],[-87.38125,48.98333],[-87.3875,48.98333]]]}},{"type":"Feature","properties":{"c":"180707","o":"","e":""},"geometry":{"type":"Polygon","coordinates":[[[-87.2125,48.83333],[-87.2125,48.8375],[-87.20625,48.8375],[-87.20625,48.83333],[-87.2125,48.83333]]]}},{"type":"Feature","properties":{"c":"612344","o":"","e":""},"geometry":{"type":"Polygon","coordinates":[[[-87.28125,48.8375],[-87.28125,48.84167],[-87.275,48.84167],[-87.275,48.8375],[-87.28125,48.8375]]]}},{"type":"Feature","properties":{"c":"612345","o":"","e":""},"geometry":{"type":"Polygon","coordinates":[[[-87.275,48.84167],[-87.275,48.84583],[-87.26875,48.84583],[-87.26875,48.84167],[-87.275,48.84167]]]}},{"type":"Feature","properties":{"c":"612346","o":"","e":""},"geometry":{"type":"Polygon","coordinates":[[[-87.275,48.85],[-87.275,48.85417],[-87.26875,48.85417],[-87.26875,48.85],[-87.275,48.85]]]}},{"type":"Feature","properties":{"c":"612347","o":"","e":""},"geometry":{"type":"Polygon","coordinates":[[[-87.26875,48.83333],[-87.26875,48.8375],[-87.2625,48.8375],[-87.2625,48.83333],[-87.26875,48.83333]]]}},{"type":"Feature","properties":{"c":"612348","o":"","e":""},"geometry":{"type":"Polygon","coordinates":[[[-87.28125,48.83333],[-87.28125,48.8375],[-87.275,48.8375],[-87.275,48.83333],[-87.28125,48.83333]]]}},{"type":"Feature","properties":{"c":"612349","o":"","e":""},"geometry":{"type":"Polygon","coordinates":[[[-87.275,48.8375],[-87.275,48.84167],[-87.26875,48.84167],[-87.26875,48.8375],[-87.275,48.8375]]]}},{"type":"Feature","properties":{"c":"612350","o":"","e":""},"geometry":{"type":"Polygon","coordinates":[[[-87.26875,48.84167],[-87.26875,48.84583],[-87.2625,48.84583],[-87.2625,48.84167],[-87.26875,48.84167]]]}},{"type":"Feature","properties":{"c":"612351","o":"","e":""},"geometry":{"type":"Polygon","coordinates":[[[-87.275,48.83333],[-87.275,48.8375],[-87.26875,48.8375],[-87.26875,48.83333],[-87.275,48.83333]]]}},{"type":"Feature","properties":{"c":"1037064","o":"","e":""},"geometry":{"type":"Polygon","coordinates":[[[-87.025,48.86667],[-87.025,48.87083],[-87.01875,48.87083],[-87.01875,48.86667],[-87.025,48.86667]]]}},{"type":"Feature","properties":{"c":"1037065","o":"","e":""},"geometry":{"type":"Polygon","coordinates":[[[-87.025,48.87083],[-87.025,48.875],[-87.01875,48.875],[-87.01875,48.87083],[-87.025,48.87083]]]}},{"type":"Feature","properties":{"c":"942013","o":"","e":""},"geometry":{"type":"Polygon","coordinates":[[[-87.25,48.95833],[-87.25,48.9625],[-87.24375,48.9625],[-87.24375,48.95833],[-87.25,48.95833]]]}},{"type":"Feature","properties":{"c":"942017","o":"","e":""},"geometry":{"type":"Polygon","coordinates":[[[-87.14375,48.96667],[-87.14375,48.97083],[-87.1375,48.97083],[-87.13125,48.97083],[-87.13125,48.96667],[-87.125,48.96667],[-87.125,48.9625],[-87.125,48.95833],[-87.13125,48.95833],[-87.1375,48.95833],[-87.14375,48.95833],[-87.14375,48.9625],[-87.14375,48.96667]]]}},{"type":"Feature","properties":{"c":"187471","o":"","e":""},"geometry":{"type":"Polygon","coordinates":[[[-87.2,48.82917],[-87.2,48.83333],[-87.19375,48.83333],[-87.19375,48.82917],[-87.2,48.82917]]]}},{"type":"Feature","properties":{"c":"942016","o":"","e":""},"geometry":{"type":"Polygon","coordinates":[[[-87.25,48.97083],[-87.24375,48.97083],[-87.24375,48.96667],[-87.2375,48.96667],[-87.23125,48.96667],[-87.23125,48.9625],[-87.2375,48.9625],[-87.24375,48.9625],[-87.25,48.9625],[-87.25,48.96667],[-87.25,48.97083]]]}},{"type":"Feature","properties":{"c":"942018","o":"","e":""},"geometry":{"type":"Polygon","coordinates":[[[-87.26875,48.97083],[-87.2625,48.97083],[-87.25625,48.97083],[-87.25,48.97083],[-87.25,48.96667],[-87.25,48.9625],[-87.25625,48.9625],[-87.2625,48.9625],[-87.26875,48.9625],[-87.26875,48.96667],[-87.26875,48.97083]]]}},{"type":"Feature","properties":{"c":"140257","o":"","e":""},"geometry":{"type":"Polygon","coordinates":[[[-87.24375,48.85417],[-87.24375,48.85833],[-87.2375,48.85833],[-87.2375,48.85417],[-87.24375,48.85417]]]}},{"type":"Feature","properties":{"c":"211020","o":"","e":""},"geometry":{"type":"Polygon","coordinates":[[[-87.2375,48.85417],[-87.2375,48.85833],[-87.23125,48.85833],[-87.23125,48.85417],[-87.2375,48.85417]]]}},{"type":"Feature","properties":{"c":"211021","o":"","e":""},"geometry":{"type":"Polygon","coordinates":[[[-87.2375,48.85],[-87.2375,48.85417],[-87.23125,48.85417],[-87.23125,48.85],[-87.2375,48.85]]]}},{"type":"Feature","properties":{"c":"211022","o":"","e":""},"geometry":{"type":"Polygon","coordinates":[[[-87.24375,48.85],[-87.24375,48.85417],[-87.2375,48.85417],[-87.2375,48.85],[-87.24375,48.85]]]}},{"type":"Feature","properties":{"c":"308267","o":"","e":""},"geometry":{"type":"Polygon","coordinates":[[[-87.2375,48.84583],[-87.2375,48.85],[-87.23125,48.85],[-87.23125,48.84583],[-87.2375,48.84583]]]}},{"type":"Feature","properties":{"c":"194261","o":"","e":""},"geometry":{"type":"Polygon","coordinates":[[[-87.2625,48.78333],[-87.2625,48.7875],[-87.25625,48.7875],[-87.25625,48.78333],[-87.2625,48.78333]]]}},{"type":"Feature","properties":{"c":"201425","o":"","e":""},"geometry":{"type":"Polygon","coordinates":[[[-87.25625,48.775],[-87.25625,48.77917],[-87.25,48.77917],[-87.25,48.775],[-87.25625,48.775]]]}},{"type":"Feature","properties":{"c":"324165","o":"","e":""},"geometry":{"type":"Polygon","coordinates":[[[-87.25625,48.77917],[-87.25625,48.78333],[-87.25,48.78333],[-87.25,48.77917],[-87.25625,48.77917]]]}},{"type":"Feature","properties":{"c":"193539","o":"","e":""},"geometry":{"type":"Polygon","coordinates":[[[-87.325,48.99583],[-87.325,49.0],[-87.31875,49.0],[-87.31875,48.99583],[-87.325,48.99583]]]}},{"type":"Feature","properties":{"c":"194262","o":"","e":""},"geometry":{"type":"Polygon","coordinates":[[[-87.26875,48.77917],[-87.26875,48.78333],[-87.2625,48.78333],[-87.2625,48.77917],[-87.26875,48.77917]]]}},{"type":"Feature","properties":{"c":"192266","o":"","e":""},"geometry":{"type":"Polygon","coordinates":[[[-87.24375,48.84583],[-87.24375,48.85],[-87.2375,48.85],[-87.2375,48.84583],[-87.24375,48.84583]]]}},{"type":"Feature","properties":{"c":"192268","o":"","e":""},"geometry":{"type":"Polygon","coordinates":[[[-87.225,48.8375],[-87.225,48.84167],[-87.21875,48.84167],[-87.21875,48.8375],[-87.225,48.8375]]]}},{"type":"Feature","properties":{"c":"194804","o":"","e":""},"geometry":{"type":"Polygon","coordinates":[[[-87.31875,48.89583],[-87.31875,48.9],[-87.3125,48.9],[-87.3125,48.89583],[-87.31875,48.89583]]]}},{"type":"Feature","properties":{"c":"196726","o":"","e":""},"geometry":{"type":"Polygon","coordinates":[[[-87.2875,48.76667],[-87.2875,48.77083],[-87.28125,48.77083],[-87.28125,48.76667],[-87.2875,48.76667]]]}},{"type":"Feature","properties":{"c":"198338","o":"","e":""},"geometry":{"type":"Polygon","coordinates":[[[-87.3625,48.98333],[-87.3625,48.9875],[-87.35625,48.9875],[-87.35625,48.98333],[-87.3625,48.98333]]]}},{"type":"Feature","properties":{"c":"196820","o":"","e":""},"geometry":{"type":"Polygon","coordinates":[[[-87.2875,48.9],[-87.2875,48.90417],[-87.28125,48.90417],[-87.28125,48.9],[-87.2875,48.9]]]}},{"type":"Feature","properties":{"c":"196821","o":"","e":""},"geometry":{"type":"Polygon","coordinates":[[[-87.30625,48.8875],[-87.30625,48.89167],[-87.3,48.89167],[-87.3,48.8875],[-87.30625,48.8875]]]}},{"type":"Feature","properties":{"c":"200679","o":"","e":""},"geometry":{"type":"Polygon","coordinates":[[[-87.28125,48.99167],[-87.28125,48.99583],[-87.275,48.99583],[-87.275,48.99167],[-87.28125,48.99167]]]}},{"type":"Feature","properties":{"c":"199691","o":"","e":""},"geometry":{"type":"Polygon","coordinates":[[[-87.2,48.8375],[-87.2,48.84167],[-87.19375,48.84167],[-87.19375,48.8375],[-87.2,48.8375]]]}},{"type":"Feature","properties":{"c":"199692","o":"","e":""},"geometry":{"type":"Polygon","coordinates":[[[-87.20625,48.8375],[-87.20625,48.84167],[-87.2,48.84167],[-87.2,48.8375],[-87.20625,48.8375]]]}},{"type":"Feature","properties":{"c":"199693","o":"","e":""},"geometry":{"type":"Polygon","coordinates":[[[-87.20625,48.82917],[-87.20625,48.83333],[-87.2,48.83333],[-87.2,48.82917],[-87.20625,48.82917]]]}},{"type":"Feature","properties":{"c":"880283","o":"","e":""},"geometry":{"type":"Polygon","coordinates":[[[-87.425,48.89583],[-87.425,48.9],[-87.41875,48.9],[-87.41875,48.89583],[-87.425,48.89583]]]}},{"type":"Feature","properties":{"c":"880284","o":"","e":""},"geometry":{"type":"Polygon","coordinates":[[[-87.41875,48.89583],[-87.41875,48.9],[-87.4125,48.9],[-87.4125,48.89583],[-87.41875,48.89583]]]}},{"type":"Feature","properties":{"c":"880285","o":"","e":""},"geometry":{"type":"Polygon","coordinates":[[[-87.4125,48.89583],[-87.4125,48.9],[-87.40625,48.9],[-87.40625,48.89583],[-87.4125,48.89583]]]}},{"type":"Feature","properties":{"c":"880286","o":"","e":""},"geometry":{"type":"Polygon","coordinates":[[[-87.40625,48.89583],[-87.40625,48.9],[-87.4,48.9],[-87.4,48.89583],[-87.40625,48.89583]]]}},{"type":"Feature","properties":{"c":"880287","o":"","e":""},"geometry":{"type":"Polygon","coordinates":[[[-87.425,48.9],[-87.425,48.90417],[-87.41875,48.90417],[-87.41875,48.9],[-87.425,48.9]]]}},{"type":"Feature","properties":{"c":"202441","o":"","e":""},"geometry":{"type":"Polygon","coordinates":[[[-87.4,48.99167],[-87.4,48.99583],[-87.39375,48.99583],[-87.39375,48.99167],[-87.4,48.99167]]]}},{"type":"Feature","properties":{"c":"566379","o":"","e":""},"geometry":{"type":"Polygon","coordinates":[[[-87.24375,48.87083],[-87.2375,48.87083],[-87.23125,48.87083],[-87.225,48.87083],[-87.21875,48.87083],[-87.2125,48.87083],[-87.2125,48.86667],[-87.2125,48.8625],[-87.2125,48.85833],[-87.21875,48.85833],[-87.225,48.85833],[-87.23125,48.85833],[-87.2375,48.85833],[-87.2375,48.8625],[-87.24375,48.8625],[-87.24375,48.86667],[-87.24375,48.87083]]]}},{"type":"Feature","properties":{"c":"557198","o":"","e":""},"geometry":{"type":"Polygon","coordinates":[[[-87.25,48.825],[-87.25,48.82917],[-87.24375,48.82917],[-87.2375,48.82917],[-87.2375,48.825],[-87.23125,48.825],[-87.225,48.825],[-87.225,48.82083],[-87.225,48.81667],[-87.23125,48.81667],[-87.2375,48.81667],[-87.2375,48.82083],[-87.24375,48.82083],[-87.24375,48.825],[-87.25,48.825]]]}},{"type":"Feature","properties":{"c":"201426","o":"","e":""},"geometry":{"type":"Polygon","coordinates":[[[-87.2625,48.775],[-87.2625,48.77917],[-87.25625,48.77917],[-87.25625,48.775],[-87.2625,48.775]]]}},{"type":"Feature","properties":{"c":"695845","o":"","e":""},"geometry":{"type":"Polygon","coordinates":[[[-87.45,48.9125],[-87.45,48.91667],[-87.44375,48.91667],[-87.44375,48.9125],[-87.45,48.9125]]]}},{"type":"Feature","properties":{"c":"695846","o":"","e":""},"geometry":{"type":"Polygon","coordinates":[[[-87.44375,48.9125],[-87.44375,48.91667],[-87.4375,48.91667],[-87.4375,48.9125],[-87.44375,48.9125]]]}},{"type":"Feature","properties":{"c":"695847","o":"","e":""},"geometry":{"type":"Polygon","coordinates":[[[-87.43125,48.9125],[-87.43125,48.91667],[-87.425,48.91667],[-87.425,48.9125],[-87.43125,48.9125]]]}},{"type":"Feature","properties":{"c":"695848","o":"","e":""},"geometry":{"type":"Polygon","coordinates":[[[-87.45,48.9],[-87.45,48.90417],[-87.44375,48.90417],[-87.44375,48.9],[-87.45,48.9]]]}},{"type":"Feature","properties":{"c":"695849","o":"","e":""},"geometry":{"type":"Polygon","coordinates":[[[-87.4375,48.90833],[-87.4375,48.9125],[-87.43125,48.9125],[-87.43125,48.90833],[-87.4375,48.90833]]]}},{"type":"Feature","properties":{"c":"695850","o":"","e":""},"geometry":{"type":"Polygon","coordinates":[[[-87.4375,48.9125],[-87.4375,48.91667],[-87.43125,48.91667],[-87.43125,48.9125],[-87.4375,48.9125]]]}},{"type":"Feature","properties":{"c":"695851","o":"","e":""},"geometry":{"type":"Polygon","coordinates":[[[-87.45,48.90417],[-87.45,48.90833],[-87.44375,48.90833],[-87.44375,48.90417],[-87.45,48.90417]]]}},{"type":"Feature","properties":{"c":"695852","o":"","e":""},"geometry":{"type":"Polygon","coordinates":[[[-87.44375,48.9],[-87.44375,48.90417],[-87.4375,48.90417],[-87.4375,48.9],[-87.44375,48.9]]]}},{"type":"Feature","properties":{"c":"695853","o":"","e":""},"geometry":{"type":"Polygon","coordinates":[[[-87.44375,48.90833],[-87.44375,48.9125],[-87.4375,48.9125],[-87.4375,48.90833],[-87.44375,48.90833]]]}},{"type":"Feature","properties":{"c":"695854","o":"","e":""},"geometry":{"type":"Polygon","coordinates":[[[-87.45,48.90833],[-87.45,48.9125],[-87.44375,48.9125],[-87.44375,48.90833],[-87.45,48.90833]]]}},{"type":"Feature","properties":{"c":"695855","o":"","e":""},"geometry":{"type":"Polygon","coordinates":[[[-87.4375,48.9],[-87.4375,48.90417],[-87.43125,48.90417],[-87.43125,48.9],[-87.4375,48.9]]]}},{"type":"Feature","properties":{"c":"695856","o":"","e":""},"geometry":{"type":"Polygon","coordinates":[[[-87.43125,48.9],[-87.43125,48.90417],[-87.425,48.90417],[-87.425,48.9],[-87.43125,48.9]]]}},{"type":"Feature","properties":{"c":"695857","o":"","e":""},"geometry":{"type":"Polygon","coordinates":[[[-87.43125,48.90833],[-87.43125,48.9125],[-87.425,48.9125],[-87.425,48.90833],[-87.43125,48.90833]]]}},{"type":"Feature","properties":{"c":"202226","o":"","e":""},"geometry":{"type":"Polygon","coordinates":[[[-87.2875,48.77083],[-87.2875,48.775],[-87.28125,48.775],[-87.28125,48.77083],[-87.2875,48.77083]]]}},{"type":"Feature","properties":{"c":"1028783","o":"","e":""},"geometry":{"type":"Polygon","coordinates":[[[-87.16875,48.99583],[-87.16875,49.0],[-87.1625,49.0],[-87.1625,48.99583],[-87.16875,48.99583]]]}},{"type":"Feature","properties":{"c":"1028789","o":"","e":""},"geometry":{"type":"Polygon","coordinates":[[[-87.1625,48.99583],[-87.1625,49.0],[-87.15625,49.0],[-87.15625,48.99583],[-87.1625,48.99583]]]}},{"type":"Feature","properties":{"c":"535112","o":"","e":""},"geometry":{"type":"Polygon","coordinates":[[[-87.2875,48.99167],[-87.28125,48.99167],[-87.275,48.99167],[-87.26875,48.99167],[-87.2625,48.99167],[-87.2625,48.9875],[-87.2625,48.98333],[-87.26875,48.98333],[-87.275,48.98333],[-87.28125,48.98333],[-87.2875,48.98333],[-87.2875,48.9875],[-87.2875,48.99167]]]}},{"type":"Feature","properties":{"c":"205438","o":"","e":""},"geometry":{"type":"Polygon","coordinates":[[[-87.29375,48.77083],[-87.29375,48.775],[-87.2875,48.775],[-87.2875,48.77083],[-87.29375,48.77083]]]}},{"type":"Feature","properties":{"c":"204188","o":"","e":""},"geometry":{"type":"Polygon","coordinates":[[[-87.18125,48.8375],[-87.18125,48.84167],[-87.175,48.84167],[-87.175,48.8375],[-87.18125,48.8375]]]}},{"type":"Feature","properties":{"c":"206145","o":"","e":""},"geometry":{"type":"Polygon","coordinates":[[[-87.29375,48.8875],[-87.29375,48.89167],[-87.2875,48.89167],[-87.2875,48.8875],[-87.29375,48.8875]]]}},{"type":"Feature","properties":{"c":"206146","o":"","e":""},"geometry":{"type":"Polygon","coordinates":[[[-87.3,48.8875],[-87.3,48.89167],[-87.29375,48.89167],[-87.29375,48.8875],[-87.3,48.8875]]]}},{"type":"Feature","properties":{"c":"207326","o":"","e":""},"geometry":{"type":"Polygon","coordinates":[[[-87.275,48.77917],[-87.275,48.78333],[-87.26875,48.78333],[-87.26875,48.77917],[-87.275,48.77917]]]}},{"type":"Feature","properties":{"c":"532836","o":"","e":""},"geometry":{"type":"Polygon","coordinates":[[[-87.26875,48.89583],[-87.26875,48.9],[-87.2625,48.9],[-87.2625,48.89583],[-87.26875,48.89583]]]}},{"type":"Feature","properties":{"c":"207415","o":"","e":""},"geometry":{"type":"Polygon","coordinates":[[[-87.0125,48.84583],[-87.0125,48.85],[-87.00625,48.85],[-87.00625,48.84583],[-87.0125,48.84583]]]}},{"type":"Feature","properties":{"c":"206270","o":"","e":""},"geometry":{"type":"Polygon","coordinates":[[[-87.36875,48.98333],[-87.36875,48.9875],[-87.3625,48.9875],[-87.3625,48.98333],[-87.36875,48.98333]]]}},{"type":"Feature","properties":{"c":"208489","o":"","e":""},"geometry":{"type":"Polygon","coordinates":[[[-87.3,48.99167],[-87.3,48.99583],[-87.29375,48.99583],[-87.29375,48.99167],[-87.3,48.99167]]]}},{"type":"Feature","properties":{"c":"209404","o":"","e":""},"geometry":{"type":"Polygon","coordinates":[[[-87.30625,48.99167],[-87.30625,48.99583],[-87.3,48.99583],[-87.3,48.99167],[-87.30625,48.99167]]]}},{"type":"Feature","properties":{"c":"209168","o":"","e":""},"geometry":{"type":"Polygon","coordinates":[[[-87.39375,48.95417],[-87.39375,48.95833],[-87.3875,48.95833],[-87.3875,48.95417],[-87.39375,48.95417]]]}},{"type":"Feature","properties":{"c":"212478","o":"","e":""},"geometry":{"type":"Polygon","coordinates":[[[-87.20625,48.84583],[-87.20625,48.85],[-87.2,48.85],[-87.2,48.84583],[-87.20625,48.84583]]]}},{"type":"Feature","properties":{"c":"212317","o":"","e":""},"geometry":{"type":"Polygon","coordinates":[[[-87.25,48.775],[-87.25,48.77917],[-87.24375,48.77917],[-87.24375,48.775],[-87.25,48.775]]]}},{"type":"Feature","properties":{"c":"880288","o":"","e":""},"geometry":{"type":"Polygon","coordinates":[[[-87.41875,48.9],[-87.41875,48.90417],[-87.4125,48.90417],[-87.4125,48.9],[-87.41875,48.9]]]}},{"type":"Feature","properties":{"c":"880289","o":"","e":""},"geometry":{"type":"Polygon","coordinates":[[[-87.4125,48.9],[-87.4125,48.90417],[-87.40625,48.90417],[-87.40625,48.9],[-87.4125,48.9]]]}},{"type":"Feature","properties":{"c":"880290","o":"","e":""},"geometry":{"type":"Polygon","coordinates":[[[-87.40625,48.9],[-87.40625,48.90417],[-87.4,48.90417],[-87.4,48.9],[-87.40625,48.9]]]}},{"type":"Feature","properties":{"c":"880291","o":"","e":""},"geometry":{"type":"Polygon","coordinates":[[[-87.425,48.90417],[-87.425,48.90833],[-87.41875,48.90833],[-87.41875,48.90417],[-87.425,48.90417]]]}},{"type":"Feature","properties":{"c":"880292","o":"","e":""},"geometry":{"type":"Polygon","coordinates":[[[-87.41875,48.90417],[-87.41875,48.90833],[-87.4125,48.90833],[-87.4125,48.90417],[-87.41875,48.90417]]]}},{"type":"Feature","properties":{"c":"880293","o":"","e":""},"geometry":{"type":"Polygon","coordinates":[[[-87.4125,48.90417],[-87.4125,48.90833],[-87.40625,48.90833],[-87.40625,48.90417],[-87.4125,48.90417]]]}},{"type":"Feature","properties":{"c":"880294","o":"","e":""},"geometry":{"type":"Polygon","coordinates":[[[-87.40625,48.90417],[-87.40625,48.90833],[-87.4,48.90833],[-87.4,48.90417],[-87.40625,48.90417]]]}},{"type":"Feature","properties":{"c":"880295","o":"","e":""},"geometry":{"type":"Polygon","coordinates":[[[-87.425,48.90833],[-87.425,48.9125],[-87.41875,48.9125],[-87.41875,48.90833],[-87.425,48.90833]]]}},{"type":"Feature","properties":{"c":"880296","o":"","e":""},"geometry":{"type":"Polygon","coordinates":[[[-87.41875,48.90833],[-87.41875,48.9125],[-87.4125,48.9125],[-87.4125,48.90833],[-87.41875,48.90833]]]}},{"type":"Feature","properties":{"c":"214845","o":"","e":""},"geometry":{"type":"Polygon","coordinates":[[[-87.375,48.95417],[-87.375,48.95833],[-87.36875,48.95833],[-87.36875,48.95417],[-87.375,48.95417]]]}},{"type":"Feature","properties":{"c":"880298","o":"","e":""},"geometry":{"type":"Polygon","coordinates":[[[-87.40625,48.90833],[-87.40625,48.9125],[-87.4,48.9125],[-87.4,48.90833],[-87.40625,48.90833]]]}},{"type":"Feature","properties":{"c":"880297","o":"","e":""},"geometry":{"type":"Polygon","coordinates":[[[-87.4125,48.90833],[-87.4125,48.9125],[-87.40625,48.9125],[-87.40625,48.90833],[-87.4125,48.90833]]]}},{"type":"Feature","properties":{"c":"880299","o":"","e":""},"geometry":{"type":"Polygon","coordinates":[[[-87.425,48.9125],[-87.425,48.91667],[-87.41875,48.91667],[-87.41875,48.9125],[-87.425,48.9125]]]}},{"type":"Feature","properties":{"c":"880300","o":"","e":""},"geometry":{"type":"Polygon","coordinates":[[[-87.41875,48.9125],[-87.41875,48.91667],[-87.4125,48.91667],[-87.4125,48.9125],[-87.41875,48.9125]]]}},{"type":"Feature","properties":{"c":"880301","o":"","e":""},"geometry":{"type":"Polygon","coordinates":[[[-87.4125,48.9125],[-87.4125,48.91667],[-87.40625,48.91667],[-87.40625,48.9125],[-87.4125,48.9125]]]}},{"type":"Feature","properties":{"c":"213995","o":"","e":""},"geometry":{"type":"Polygon","coordinates":[[[-87.28125,48.775],[-87.28125,48.77917],[-87.275,48.77917],[-87.275,48.775],[-87.28125,48.775]]]}},{"type":"Feature","properties":{"c":"612352","o":"","e":""},"geometry":{"type":"Polygon","coordinates":[[[-87.2875,48.84583],[-87.2875,48.85],[-87.28125,48.85],[-87.28125,48.84583],[-87.2875,48.84583]]]}},{"type":"Feature","properties":{"c":"571637","o":"","e":""},"geometry":{"type":"Polygon","coordinates":[[[-87.16875,48.83333],[-87.1625,48.83333],[-87.15625,48.83333],[-87.15,48.83333],[-87.14375,48.83333],[-87.14375,48.82917],[-87.14375,48.825],[-87.15,48.825],[-87.15625,48.825],[-87.1625,48.825],[-87.16875,48.825],[-87.16875,48.82917],[-87.16875,48.83333]]]}},{"type":"Feature","properties":{"c":"1028802","o":"","e":""},"geometry":{"type":"Polygon","coordinates":[[[-87.19375,48.99583],[-87.19375,49.0],[-87.1875,49.0],[-87.1875,48.99583],[-87.19375,48.99583]]]}},{"type":"Feature","properties":{"c":"1028803","o":"","e":""},"geometry":{"type":"Polygon","coordinates":[[[-87.18125,48.9875],[-87.18125,48.99167],[-87.175,48.99167],[-87.175,48.9875],[-87.18125,48.9875]]]}},{"type":"Feature","properties":{"c":"1028804","o":"","e":""},"geometry":{"type":"Polygon","coordinates":[[[-87.18125,48.99167],[-87.18125,48.99583],[-87.175,48.99583],[-87.175,48.99167],[-87.18125,48.99167]]]}},{"type":"Feature","properties":{"c":"1028806","o":"","e":""},"geometry":{"type":"Polygon","coordinates":[[[-87.175,48.99583],[-87.175,49.0],[-87.16875,49.0],[-87.16875,48.99583],[-87.175,48.99583]]]}},{"type":"Feature","properties":{"c":"216569","o":"","e":""},"geometry":{"type":"Polygon","coordinates":[[[-87.3875,48.9875],[-87.3875,48.99167],[-87.38125,48.99167],[-87.38125,48.9875],[-87.3875,48.9875]]]}},{"type":"Feature","properties":{"c":"216570","o":"","e":""},"geometry":{"type":"Polygon","coordinates":[[[-87.40625,48.9875],[-87.40625,48.99167],[-87.4,48.99167],[-87.4,48.9875],[-87.40625,48.9875]]]}},{"type":"Feature","properties":{"c":"216571","o":"","e":""},"geometry":{"type":"Polygon","coordinates":[[[-87.4,48.97917],[-87.4,48.98333],[-87.39375,48.98333],[-87.39375,48.97917],[-87.4,48.97917]]]}},{"type":"Feature","properties":{"c":"1028795","o":"","e":""},"geometry":{"type":"Polygon","coordinates":[[[-87.18125,48.99583],[-87.18125,49.0],[-87.175,49.0],[-87.175,48.99583],[-87.18125,48.99583]]]}},{"type":"Feature","properties":{"c":"1028797","o":"","e":""},"geometry":{"type":"Polygon","coordinates":[[[-87.19375,48.99167],[-87.19375,48.99583],[-87.1875,48.99583],[-87.1875,48.99167],[-87.19375,48.99167]]]}},{"type":"Feature","properties":{"c":"216676","o":"","e":""},"geometry":{"type":"Polygon","coordinates":[[[-87.19375,48.83333],[-87.19375,48.8375],[-87.1875,48.8375],[-87.1875,48.83333],[-87.19375,48.83333]]]}},{"type":"Feature","properties":{"c":"218277","o":"","e":""},"geometry":{"type":"Polygon","coordinates":[[[-87.2875,48.88333],[-87.2875,48.8875],[-87.28125,48.8875],[-87.28125,48.88333],[-87.2875,48.88333]]]}},{"type":"Feature","properties":{"c":"220728","o":"","e":""},"geometry":{"type":"Polygon","coordinates":[[[-87.25625,48.76667],[-87.25625,48.77083],[-87.25,48.77083],[-87.25,48.76667],[-87.25625,48.76667]]]}},{"type":"Feature","properties":{"c":"218278","o":"","e":""},"geometry":{"type":"Polygon","coordinates":[[[-87.29375,48.88333],[-87.29375,48.8875],[-87.2875,48.8875],[-87.2875,48.88333],[-87.29375,48.88333]]]}},{"type":"Feature","properties":{"c":"219527","o":"","e":""},"geometry":{"type":"Polygon","coordinates":[[[-87.0125,48.84167],[-87.0125,48.84583],[-87.00625,48.84583],[-87.00625,48.84167],[-87.0125,48.84167]]]}},{"type":"Feature","properties":{"c":"777804","o":"","e":""},"geometry":{"type":"Polygon","coordinates":[[[-87.3625,48.9125],[-87.3625,48.91667],[-87.35625,48.91667],[-87.35625,48.9125],[-87.3625,48.9125]]]}},{"type":"Feature","properties":{"c":"777805","o":"","e":""},"geometry":{"type":"Polygon","coordinates":[[[-87.35625,48.9125],[-87.35625,48.91667],[-87.35,48.91667],[-87.35,48.9125],[-87.35625,48.9125]]]}},{"type":"Feature","properties":{"c":"777803","o":"","e":""},"geometry":{"type":"Polygon","coordinates":[[[-87.375,48.9125],[-87.375,48.91667],[-87.36875,48.91667],[-87.36875,48.9125],[-87.375,48.9125]]]}},{"type":"Feature","properties":{"c":"777807","o":"","e":""},"geometry":{"type":"Polygon","coordinates":[[[-87.38125,48.90833],[-87.38125,48.9125],[-87.375,48.9125],[-87.375,48.90833],[-87.38125,48.90833]]]}},{"type":"Feature","properties":{"c":"777808","o":"","e":""},"geometry":{"type":"Polygon","coordinates":[[[-87.3625,48.90833],[-87.3625,48.9125],[-87.35625,48.9125],[-87.35625,48.90833],[-87.3625,48.90833]]]}},{"type":"Feature","properties":{"c":"777809","o":"","e":""},"geometry":{"type":"Polygon","coordinates":[[[-87.38125,48.9125],[-87.38125,48.91667],[-87.375,48.91667],[-87.375,48.9125],[-87.38125,48.9125]]]}},{"type":"Feature","properties":{"c":"777810","o":"","e":""},"geometry":{"type":"Polygon","coordinates":[[[-87.375,48.90833],[-87.375,48.9125],[-87.36875,48.9125],[-87.36875,48.90833],[-87.375,48.90833]]]}},{"type":"Feature","properties":{"c":"217547","o":"","e":""},"geometry":{"type":"Polygon","coordinates":[[[-87.3,48.7625],[-87.3,48.76667],[-87.29375,48.76667],[-87.29375,48.7625],[-87.3,48.7625]]]}},{"type":"Feature","properties":{"c":"537571","o":"","e":""},"geometry":{"type":"Polygon","coordinates":[[[-87.1625,48.825],[-87.15625,48.825],[-87.15,48.825],[-87.14375,48.825],[-87.14375,48.82083],[-87.15,48.82083],[-87.15,48.81667],[-87.15625,48.81667],[-87.1625,48.81667],[-87.1625,48.82083],[-87.1625,48.825]]]}},{"type":"Feature","properties":{"c":"225408","o":"","e":""},"geometry":{"type":"Polygon","coordinates":[[[-87.325,48.9],[-87.325,48.90417],[-87.31875,48.90417],[-87.31875,48.9],[-87.325,48.9]]]}},{"type":"Feature","properties":{"c":"225409","o":"","e":""},"geometry":{"type":"Polygon","coordinates":[[[-87.31875,48.8875],[-87.31875,48.89167],[-87.3125,48.89167],[-87.3125,48.8875],[-87.31875,48.8875]]]}},{"type":"Feature","properties":{"c":"735765","o":"","e":""},"geometry":{"type":"Polygon","coordinates":[[[-87.25625,48.77083],[-87.25625,48.775],[-87.25,48.775],[-87.25,48.77083],[-87.25625,48.77083]]]}},{"type":"Feature","properties":{"c":"571638","o":"","e":""},"geometry":{"type":"Polygon","coordinates":[[[-87.23125,48.85417],[-87.23125,48.85833],[-87.225,48.85833],[-87.21875,48.85833],[-87.2125,48.85833],[-87.2125,48.85417],[-87.21875,48.85417],[-87.21875,48.85],[-87.21875,48.84583],[-87.225,48.84583],[-87.23125,48.84583],[-87.23125,48.85],[-87.23125,48.85417]]]}},{"type":"Feature","properties":{"c":"226307","o":"","e":""},"geometry":{"type":"Polygon","coordinates":[[[-87.00625,48.85417],[-87.00625,48.85833],[-87.0,48.85833],[-87.0,48.85417],[-87.00625,48.85417]]]}},{"type":"Feature","properties":{"c":"226308","o":"","e":""},"geometry":{"type":"Polygon","coordinates":[[[-87.00625,48.84583],[-87.00625,48.85],[-87.0,48.85],[-87.0,48.84583],[-87.00625,48.84583]]]}},{"type":"Feature","properties":{"c":"1028810","o":"","e":""},"geometry":{"type":"Polygon","coordinates":[[[-87.1875,48.99167],[-87.1875,48.99583],[-87.18125,48.99583],[-87.18125,48.99167],[-87.1875,48.99167]]]}},{"type":"Feature","properties":{"c":"1028807","o":"","e":""},"geometry":{"type":"Polygon","coordinates":[[[-87.1875,48.99583],[-87.1875,49.0],[-87.18125,49.0],[-87.18125,48.99583],[-87.1875,48.99583]]]}},{"type":"Feature","properties":{"c":"1028808","o":"","e":""},"geometry":{"type":"Polygon","coordinates":[[[-87.1875,48.9875],[-87.1875,48.99167],[-87.18125,48.99167],[-87.18125,48.9875],[-87.1875,48.9875]]]}},{"type":"Feature","properties":{"c":"1028809","o":"","e":""},"geometry":{"type":"Polygon","coordinates":[[[-87.175,48.99167],[-87.175,48.99583],[-87.16875,48.99583],[-87.16875,48.99167],[-87.175,48.99167]]]}},{"type":"Feature","properties":{"c":"571621","o":"","e":""},"geometry":{"type":"Polygon","coordinates":[[[-87.1875,48.83333],[-87.1875,48.8375],[-87.18125,48.8375],[-87.175,48.8375],[-87.16875,48.8375],[-87.16875,48.83333],[-87.16875,48.82917],[-87.16875,48.825],[-87.175,48.825],[-87.18125,48.825],[-87.1875,48.825],[-87.1875,48.82917],[-87.1875,48.83333]]]}},{"type":"Feature","properties":{"c":"880302","o":"","e":""},"geometry":{"type":"Polygon","coordinates":[[[-87.40625,48.9125],[-87.40625,48.91667],[-87.4,48.91667],[-87.4,48.9125],[-87.40625,48.9125]]]}},{"type":"Feature","properties":{"c":"232031","o":"","e":""},"geometry":{"type":"Polygon","coordinates":[[[-87.3125,48.9],[-87.3125,48.90417],[-87.30625,48.90417],[-87.30625,48.9],[-87.3125,48.9]]]}},{"type":"Feature","properties":{"c":"231595","o":"","e":""},"geometry":{"type":"Polygon","coordinates":[[[-87.1875,48.84583],[-87.1875,48.85],[-87.18125,48.85],[-87.18125,48.84583],[-87.1875,48.84583]]]}},{"type":"Feature","properties":{"c":"231596","o":"","e":""},"geometry":{"type":"Polygon","coordinates":[[[-87.175,48.8375],[-87.175,48.84167],[-87.16875,48.84167],[-87.16875,48.8375],[-87.175,48.8375]]]}},{"type":"Feature","properties":{"c":"232672","o":"","e":""},"geometry":{"type":"Polygon","coordinates":[[[-87.3125,48.99583],[-87.3125,49.0],[-87.30625,49.0],[-87.30625,48.99583],[-87.3125,48.99583]]]}},{"type":"Feature","properties":{"c":"695858","o":"","e":""},"geometry":{"type":"Polygon","coordinates":[[[-87.45,48.89583],[-87.45,48.9],[-87.44375,48.9],[-87.44375,48.89583],[-87.45,48.89583]]]}},{"type":"Feature","properties":{"c":"695859","o":"","e":""},"geometry":{"type":"Polygon","coordinates":[[[-87.43125,48.89583],[-87.43125,48.9],[-87.425,48.9],[-87.425,48.89583],[-87.43125,48.89583]]]}},{"type":"Feature","properties":{"c":"695860","o":"","e":""},"geometry":{"type":"Polygon","coordinates":[[[-87.44375,48.89583],[-87.44375,48.9],[-87.4375,48.9],[-87.4375,48.89583],[-87.44375,48.89583]]]}},{"type":"Feature","properties":{"c":"235440","o":"","e":""},"geometry":{"type":"Polygon","coordinates":[[[-87.30625,48.88333],[-87.30625,48.8875],[-87.3,48.8875],[-87.3,48.88333],[-87.30625,48.88333]]]}},{"type":"Feature","properties":{"c":"233875","o":"","e":""},"geometry":{"type":"Polygon","coordinates":[[[-87.25,48.77083],[-87.25,48.775],[-87.24375,48.775],[-87.24375,48.77083],[-87.25,48.77083]]]}},{"type":"Feature","properties":{"c":"609726","o":"","e":""},"geometry":{"type":"Polygon","coordinates":[[[-87.25,48.99583],[-87.25,49.0],[-87.24375,49.0],[-87.24375,48.99583],[-87.25,48.99583]]]}},{"type":"Feature","properties":{"c":"609729","o":"","e":""},"geometry":{"type":"Polygon","coordinates":[[[-87.25625,48.99167],[-87.25625,48.99583],[-87.25,48.99583],[-87.25,48.99167],[-87.25625,48.99167]]]}},{"type":"Feature","properties":{"c":"609730","o":"","e":""},"geometry":{"type":"Polygon","coordinates":[[[-87.24375,48.99167],[-87.24375,48.99583],[-87.2375,48.99583],[-87.2375,48.99167],[-87.24375,48.99167]]]}},{"type":"Feature","properties":{"c":"609732","o":"","e":""},"geometry":{"type":"Polygon","coordinates":[[[-87.2375,48.99583],[-87.2375,49.0],[-87.23125,49.0],[-87.23125,48.99583],[-87.2375,48.99583]]]}},{"type":"Feature","properties":{"c":"609733","o":"","e":""},"geometry":{"type":"Polygon","coordinates":[[[-87.225,48.99583],[-87.225,49.0],[-87.21875,49.0],[-87.21875,48.99583],[-87.225,48.99583]]]}},{"type":"Feature","properties":{"c":"609738","o":"","e":""},"geometry":{"type":"Polygon","coordinates":[[[-87.25625,48.99583],[-87.25625,49.0],[-87.25,49.0],[-87.25,48.99583],[-87.25625,48.99583]]]}},{"type":"Feature","properties":{"c":"235678","o":"","e":""},"geometry":{"type":"Polygon","coordinates":[[[-87.36875,48.9875],[-87.36875,48.99167],[-87.3625,48.99167],[-87.3625,48.9875],[-87.36875,48.9875]]]}},{"type":"Feature","properties":{"c":"609718","o":"","e":""},"geometry":{"type":"Polygon","coordinates":[[[-87.2625,48.99583],[-87.2625,49.0],[-87.25625,49.0],[-87.25625,48.99583],[-87.2625,48.99583]]]}},{"type":"Feature","properties":{"c":"609720","o":"","e":""},"geometry":{"type":"Polygon","coordinates":[[[-87.25,48.99167],[-87.25,48.99583],[-87.24375,48.99583],[-87.24375,48.99167],[-87.25,48.99167]]]}},{"type":"Feature","properties":{"c":"236644","o":"","e":""},"geometry":{"type":"Polygon","coordinates":[[[-87.4,48.98333],[-87.4,48.9875],[-87.39375,48.9875],[-87.39375,48.98333],[-87.4,48.98333]]]}},{"type":"Feature","properties":{"c":"236142","o":"","e":""},"geometry":{"type":"Polygon","coordinates":[[[-87.21875,48.82917],[-87.21875,48.83333],[-87.2125,48.83333],[-87.2125,48.82917],[-87.21875,48.82917]]]}},{"type":"Feature","properties":{"c":"238387","o":"","e":""},"geometry":{"type":"Polygon","coordinates":[[[-87.3875,48.99583],[-87.3875,49.0],[-87.38125,49.0],[-87.38125,48.99583],[-87.3875,48.99583]]]}},{"type":"Feature","properties":{"c":"238292","o":"","e":""},"geometry":{"type":"Polygon","coordinates":[[[-87.3875,48.95417],[-87.3875,48.95833],[-87.38125,48.95833],[-87.38125,48.95417],[-87.3875,48.95417]]]}},{"type":"Feature","properties":{"c":"238293","o":"","e":""},"geometry":{"type":"Polygon","coordinates":[[[-87.38125,48.95],[-87.38125,48.95417],[-87.375,48.95417],[-87.375,48.95],[-87.38125,48.95]]]}},{"type":"Feature","properties":{"c":"241122","o":"","e":""},"geometry":{"type":"Polygon","coordinates":[[[-87.21875,48.84167],[-87.21875,48.84583],[-87.2125,48.84583],[-87.2125,48.84167],[-87.21875,48.84167]]]}},{"type":"Feature","properties":{"c":"242184","o":"","e":""},"geometry":{"type":"Polygon","coordinates":[[[-87.33125,48.99583],[-87.33125,49.0],[-87.325,49.0],[-87.325,48.99583],[-87.33125,48.99583]]]}},{"type":"Feature","properties":{"c":"242185","o":"","e":""},"geometry":{"type":"Polygon","coordinates":[[[-87.3375,48.99583],[-87.3375,49.0],[-87.33125,49.0],[-87.33125,48.99583],[-87.3375,48.99583]]]}},{"type":"Feature","properties":{"c":"612353","o":"","e":""},"geometry":{"type":"Polygon","coordinates":[[[-87.28125,48.85],[-87.28125,48.85417],[-87.275,48.85417],[-87.275,48.85],[-87.28125,48.85]]]}},{"type":"Feature","properties":{"c":"612354","o":"","e":""},"geometry":{"type":"Polygon","coordinates":[[[-87.28125,48.84583],[-87.28125,48.85],[-87.275,48.85],[-87.275,48.84583],[-87.28125,48.84583]]]}},{"type":"Feature","properties":{"c":"612355","o":"","e":""},"geometry":{"type":"Polygon","coordinates":[[[-87.275,48.84583],[-87.275,48.85],[-87.26875,48.85],[-87.26875,48.84583],[-87.275,48.84583]]]}},{"type":"Feature","properties":{"c":"612356","o":"","e":""},"geometry":{"type":"Polygon","coordinates":[[[-87.26875,48.8375],[-87.26875,48.84167],[-87.2625,48.84167],[-87.2625,48.8375],[-87.26875,48.8375]]]}},{"type":"Feature","properties":{"c":"612357","o":"","e":""},"geometry":{"type":"Polygon","coordinates":[[[-87.28125,48.84167],[-87.28125,48.84583],[-87.275,48.84583],[-87.275,48.84167],[-87.28125,48.84167]]]}},{"type":"Feature","properties":{"c":"612358","o":"","e":""},"geometry":{"type":"Polygon","coordinates":[[[-87.26875,48.84583],[-87.26875,48.85],[-87.2625,48.85],[-87.2625,48.84583],[-87.26875,48.84583]]]}},{"type":"Feature","properties":{"c":"612359","o":"","e":""},"geometry":{"type":"Polygon","coordinates":[[[-87.2625,48.82917],[-87.2625,48.83333],[-87.25625,48.83333],[-87.25625,48.82917],[-87.2625,48.82917]]]}},{"type":"Feature","properties":{"c":"612360","o":"","e":""},"geometry":{"type":"Polygon","coordinates":[[[-87.2875,48.82917],[-87.2875,48.83333],[-87.28125,48.83333],[-87.28125,48.82917],[-87.2875,48.82917]]]}},{"type":"Feature","properties":{"c":"777811","o":"","e":""},"geometry":{"type":"Polygon","coordinates":[[[-87.36875,48.90833],[-87.36875,48.9125],[-87.3625,48.9125],[-87.3625,48.90833],[-87.36875,48.90833]]]}},{"type":"Feature","properties":{"c":"717514","o":"","e":""},"geometry":{"type":"Polygon","coordinates":[[[-87.2875,48.81667],[-87.2875,48.82083],[-87.28125,48.82083],[-87.28125,48.81667],[-87.2875,48.81667]]]}},{"type":"Feature","properties":{"c":"717515","o":"","e":""},"geometry":{"type":"Polygon","coordinates":[[[-87.275,48.825],[-87.275,48.82917],[-87.26875,48.82917],[-87.26875,48.825],[-87.275,48.825]]]}},{"type":"Feature","properties":{"c":"717516","o":"","e":""},"geometry":{"type":"Polygon","coordinates":[[[-87.2625,48.825],[-87.2625,48.82917],[-87.25625,48.82917],[-87.25625,48.825],[-87.2625,48.825]]]}},{"type":"Feature","properties":{"c":"717517","o":"","e":""},"geometry":{"type":"Polygon","coordinates":[[[-87.2875,48.825],[-87.2875,48.82917],[-87.28125,48.82917],[-87.28125,48.825],[-87.2875,48.825]]]}},{"type":"Feature","properties":{"c":"717518","o":"","e":""},"geometry":{"type":"Polygon","coordinates":[[[-87.25625,48.825],[-87.25625,48.82917],[-87.25,48.82917],[-87.25,48.825],[-87.25625,48.825]]]}},{"type":"Feature","properties":{"c":"717519","o":"","e":""},"geometry":{"type":"Polygon","coordinates":[[[-87.2875,48.82083],[-87.2875,48.825],[-87.28125,48.825],[-87.28125,48.82083],[-87.2875,48.82083]]]}},{"type":"Feature","properties":{"c":"717520","o":"","e":""},"geometry":{"type":"Polygon","coordinates":[[[-87.28125,48.82083],[-87.28125,48.825],[-87.275,48.825],[-87.275,48.82083],[-87.28125,48.82083]]]}},{"type":"Feature","properties":{"c":"717521","o":"","e":""},"geometry":{"type":"Polygon","coordinates":[[[-87.28125,48.825],[-87.28125,48.82917],[-87.275,48.82917],[-87.275,48.825],[-87.28125,48.825]]]}},{"type":"Feature","properties":{"c":"717522","o":"","e":""},"geometry":{"type":"Polygon","coordinates":[[[-87.26875,48.825],[-87.26875,48.82917],[-87.2625,48.82917],[-87.2625,48.825],[-87.26875,48.825]]]}},{"type":"Feature","properties":{"c":"717523","o":"","e":""},"geometry":{"type":"Polygon","coordinates":[[[-87.25625,48.8125],[-87.25625,48.81667],[-87.25,48.81667],[-87.25,48.8125],[-87.25625,48.8125]]]}},{"type":"Feature","properties":{"c":"717524","o":"","e":""},"geometry":{"type":"Polygon","coordinates":[[[-87.2625,48.82083],[-87.2625,48.825],[-87.25625,48.825],[-87.25625,48.82083],[-87.2625,48.82083]]]}},{"type":"Feature","properties":{"c":"717525","o":"","e":""},"geometry":{"type":"Polygon","coordinates":[[[-87.25,48.80833],[-87.25,48.8125],[-87.24375,48.8125],[-87.24375,48.80833],[-87.25,48.80833]]]}},{"type":"Feature","properties":{"c":"717526","o":"","e":""},"geometry":{"type":"Polygon","coordinates":[[[-87.25625,48.82083],[-87.25625,48.825],[-87.25,48.825],[-87.25,48.82083],[-87.25625,48.82083]]]}},{"type":"Feature","properties":{"c":"717527","o":"","e":""},"geometry":{"type":"Polygon","coordinates":[[[-87.25,48.82083],[-87.25,48.825],[-87.24375,48.825],[-87.24375,48.82083],[-87.25,48.82083]]]}},{"type":"Feature","properties":{"c":"717528","o":"","e":""},"geometry":{"type":"Polygon","coordinates":[[[-87.2625,48.8125],[-87.2625,48.81667],[-87.25625,48.81667],[-87.25625,48.8125],[-87.2625,48.8125]]]}},{"type":"Feature","properties":{"c":"717529","o":"","e":""},"geometry":{"type":"Polygon","coordinates":[[[-87.25625,48.81667],[-87.25625,48.82083],[-87.25,48.82083],[-87.25,48.81667],[-87.25625,48.81667]]]}},{"type":"Feature","properties":{"c":"249658","o":"","e":""},"geometry":{"type":"Polygon","coordinates":[[[-87.26875,48.775],[-87.26875,48.77917],[-87.2625,48.77917],[-87.2625,48.775],[-87.26875,48.775]]]}},{"type":"Feature","properties":{"c":"717530","o":"","e":""},"geometry":{"type":"Polygon","coordinates":[[[-87.2625,48.80833],[-87.2625,48.8125],[-87.25625,48.8125],[-87.25625,48.80833],[-87.2625,48.80833]]]}},{"type":"Feature","properties":{"c":"717531","o":"","e":""},"geometry":{"type":"Polygon","coordinates":[[[-87.25625,48.80417],[-87.25625,48.80833],[-87.25,48.80833],[-87.25,48.80417],[-87.25625,48.80417]]]}},{"type":"Feature","properties":{"c":"717532","o":"","e":""},"geometry":{"type":"Polygon","coordinates":[[[-87.25,48.81667],[-87.25,48.82083],[-87.24375,48.82083],[-87.24375,48.81667],[-87.25,48.81667]]]}},{"type":"Feature","properties":{"c":"717533","o":"","e":""},"geometry":{"type":"Polygon","coordinates":[[[-87.25,48.8125],[-87.25,48.81667],[-87.24375,48.81667],[-87.24375,48.8125],[-87.25,48.8125]]]}},{"type":"Feature","properties":{"c":"717534","o":"","e":""},"geometry":{"type":"Polygon","coordinates":[[[-87.25625,48.80833],[-87.25625,48.8125],[-87.25,48.8125],[-87.25,48.80833],[-87.25625,48.80833]]]}},{"type":"Feature","properties":{"c":"717535","o":"","e":""},"geometry":{"type":"Polygon","coordinates":[[[-87.2625,48.81667],[-87.2625,48.82083],[-87.25625,48.82083],[-87.25625,48.81667],[-87.2625,48.81667]]]}},{"type":"Feature","properties":{"c":"247728","o":"","e":""},"geometry":{"type":"Polygon","coordinates":[[[-87.325,48.99167],[-87.325,48.99583],[-87.31875,48.99583],[-87.31875,48.99167],[-87.325,48.99167]]]}},{"type":"Feature","properties":{"c":"249187","o":"","e":""},"geometry":{"type":"Polygon","coordinates":[[[-87.2,48.84583],[-87.2,48.85],[-87.19375,48.85],[-87.19375,48.84583],[-87.2,48.84583]]]}},{"type":"Feature","properties":{"c":"255824","o":"","e":""},"geometry":{"type":"Polygon","coordinates":[[[-87.28125,48.99583],[-87.28125,49.0],[-87.275,49.0],[-87.275,48.99583],[-87.28125,48.99583]]]}},{"type":"Feature","properties":{"c":"256308","o":"","e":""},"geometry":{"type":"Polygon","coordinates":[[[-87.3,48.99583],[-87.3,49.0],[-87.29375,49.0],[-87.29375,48.99583],[-87.3,48.99583]]]}},{"type":"Feature","properties":{"c":"695842","o":"","e":""},"geometry":{"type":"Polygon","coordinates":[[[-87.44375,48.90417],[-87.44375,48.90833],[-87.4375,48.90833],[-87.4375,48.90417],[-87.44375,48.90417]]]}},{"type":"Feature","properties":{"c":"695843","o":"","e":""},"geometry":{"type":"Polygon","coordinates":[[[-87.4375,48.90417],[-87.4375,48.90833],[-87.43125,48.90833],[-87.43125,48.90417],[-87.4375,48.90417]]]}},{"type":"Feature","properties":{"c":"695844","o":"","e":""},"geometry":{"type":"Polygon","coordinates":[[[-87.43125,48.90417],[-87.43125,48.90833],[-87.425,48.90833],[-87.425,48.90417],[-87.43125,48.90417]]]}},{"type":"Feature","properties":{"c":"695861","o":"","e":""},"geometry":{"type":"Polygon","coordinates":[[[-87.4375,48.89583],[-87.4375,48.9],[-87.43125,48.9],[-87.43125,48.89583],[-87.4375,48.89583]]]}},{"type":"Feature","properties":{"c":"612361","o":"","e":""},"geometry":{"type":"Polygon","coordinates":[[[-87.28125,48.82917],[-87.28125,48.83333],[-87.275,48.83333],[-87.275,48.82917],[-87.28125,48.82917]]]}},{"type":"Feature","properties":{"c":"612362","o":"","e":""},"geometry":{"type":"Polygon","coordinates":[[[-87.26875,48.82917],[-87.26875,48.83333],[-87.2625,48.83333],[-87.2625,48.82917],[-87.26875,48.82917]]]}},{"type":"Feature","properties":{"c":"612363","o":"","e":""},"geometry":{"type":"Polygon","coordinates":[[[-87.275,48.82917],[-87.275,48.83333],[-87.26875,48.83333],[-87.26875,48.82917],[-87.275,48.82917]]]}},{"type":"Feature","properties":{"c":"256848","o":"","e":""},"geometry":{"type":"Polygon","coordinates":[[[-87.29375,48.77083],[-87.29375,48.775],[-87.2875,48.775],[-87.2875,48.77083],[-87.29375,48.77083]]]}},{"type":"Feature","properties":{"c":"260260","o":"","e":""},"geometry":{"type":"Polygon","coordinates":[[[-87.19375,48.84167],[-87.19375,48.84583],[-87.1875,48.84583],[-87.1875,48.84167],[-87.19375,48.84167]]]}},{"type":"Feature","properties":{"c":"262753","o":"","e":""},"geometry":{"type":"Polygon","coordinates":[[[-87.28125,48.76667],[-87.28125,48.77083],[-87.275,48.77083],[-87.275,48.76667],[-87.28125,48.76667]]]}},{"type":"Feature","properties":{"c":"261320","o":"","e":""},"geometry":{"type":"Polygon","coordinates":[[[-87.3125,48.89583],[-87.3125,48.9],[-87.30625,48.9],[-87.30625,48.89583],[-87.3125,48.89583]]]}},{"type":"Feature","properties":{"c":"261321","o":"","e":""},"geometry":{"type":"Polygon","coordinates":[[[-87.325,48.8875],[-87.325,48.89167],[-87.31875,48.89167],[-87.31875,48.8875],[-87.325,48.8875]]]}},{"type":"Feature","properties":{"c":"263763","o":"","e":""},"geometry":{"type":"Polygon","coordinates":[[[-87.40625,48.99583],[-87.40625,49.0],[-87.4,49.0],[-87.4,48.99583],[-87.40625,48.99583]]]}},{"type":"Feature","properties":{"c":"267924","o":"","e":""},"geometry":{"type":"Polygon","coordinates":[[[-87.26875,48.99167],[-87.26875,48.99583],[-87.2625,48.99583],[-87.2625,48.99167],[-87.26875,48.99167]]]}},{"type":"Feature","properties":{"c":"267925","o":"","e":""},"geometry":{"type":"Polygon","coordinates":[[[-87.275,48.99167],[-87.275,48.99583],[-87.26875,48.99583],[-87.26875,48.99167],[-87.275,48.99167]]]}},{"type":"Feature","properties":{"c":"264851","o":"","e":""},"geometry":{"type":"Polygon","coordinates":[[[-87.28125,48.99167],[-87.28125,48.99583],[-87.275,48.99583],[-87.275,48.99167],[-87.28125,48.99167]]]}},{"type":"Feature","properties":{"c":"264878","o":"","e":""},"geometry":{"type":"Polygon","coordinates":[[[-87.375,48.97917],[-87.375,48.98333],[-87.36875,48.98333],[-87.36875,48.97917],[-87.375,48.97917]]]}},{"type":"Feature","properties":{"c":"270269","o":"","e":""},"geometry":{"type":"Polygon","coordinates":[[[-87.375,48.95],[-87.375,48.95417],[-87.36875,48.95417],[-87.36875,48.95],[-87.375,48.95]]]}},{"type":"Feature","properties":{"c":"268268","o":"","e":""},"geometry":{"type":"Polygon","coordinates":[[[-87.175,48.84583],[-87.175,48.85],[-87.16875,48.85],[-87.16875,48.84583],[-87.175,48.84583]]]}},{"type":"Feature","properties":{"c":"268269","o":"","e":""},"geometry":{"type":"Polygon","coordinates":[[[-87.18125,48.84167],[-87.18125,48.84583],[-87.175,48.84583],[-87.175,48.84167],[-87.18125,48.84167]]]}},{"type":"Feature","properties":{"c":"272321","o":"","e":""},"geometry":{"type":"Polygon","coordinates":[[[-87.2875,48.99167],[-87.2875,48.99583],[-87.28125,48.99583],[-87.28125,48.99167],[-87.2875,48.99167]]]}},{"type":"Feature","properties":{"c":"270728","o":"","e":""},"geometry":{"type":"Polygon","coordinates":[[[-87.28125,48.75833],[-87.28125,48.7625],[-87.275,48.7625],[-87.275,48.75833],[-87.28125,48.75833]]]}},{"type":"Feature","properties":{"c":"274668","o":"","e":""},"geometry":{"type":"Polygon","coordinates":[[[-87.25625,48.7625],[-87.25625,48.76667],[-87.25,48.76667],[-87.25,48.7625],[-87.25625,48.7625]]]}},{"type":"Feature","properties":{"c":"275425","o":"","e":""},"geometry":{"type":"Polygon","coordinates":[[[-87.3125,48.99167],[-87.3125,48.99583],[-87.30625,48.99583],[-87.30625,48.99167],[-87.3125,48.99167]]]}},{"type":"Feature","properties":{"c":"275050","o":"","e":""},"geometry":{"type":"Polygon","coordinates":[[[-87.38125,48.95417],[-87.38125,48.95833],[-87.375,48.95833],[-87.375,48.95417],[-87.38125,48.95417]]]}},{"type":"Feature","properties":{"c":"273426","o":"","e":""},"geometry":{"type":"Polygon","coordinates":[[[-87.00625,48.8625],[-87.00625,48.86667],[-87.0,48.86667],[-87.0,48.8625],[-87.00625,48.8625]]]}},{"type":"Feature","properties":{"c":"273427","o":"","e":""},"geometry":{"type":"Polygon","coordinates":[[[-87.0125,48.85833],[-87.0125,48.8625],[-87.00625,48.8625],[-87.00625,48.85833],[-87.0125,48.85833]]]}},{"type":"Feature","properties":{"c":"1009599","o":"","e":""},"geometry":{"type":"Polygon","coordinates":[[[-87.01875,48.8625],[-87.01875,48.86667],[-87.0125,48.86667],[-87.0125,48.8625],[-87.01875,48.8625]]]}},{"type":"Feature","properties":{"c":"1009598","o":"","e":""},"geometry":{"type":"Polygon","coordinates":[[[-87.025,48.8625],[-87.025,48.86667],[-87.01875,48.86667],[-87.01875,48.8625],[-87.025,48.8625]]]}},{"type":"Feature","properties":{"c":"275518","o":"","e":""},"geometry":{"type":"Polygon","coordinates":[[[-87.2625,48.77917],[-87.2625,48.78333],[-87.25625,48.78333],[-87.25625,48.77917],[-87.2625,48.77917]]]}},{"type":"Feature","properties":{"c":"277831","o":"","e":""},"geometry":{"type":"Polygon","coordinates":[[[-87.21875,48.85],[-87.21875,48.85417],[-87.2125,48.85417],[-87.2125,48.85],[-87.21875,48.85]]]}},{"type":"Feature","properties":{"c":"277832","o":"","e":""},"geometry":{"type":"Polygon","coordinates":[[[-87.21875,48.84583],[-87.21875,48.85],[-87.2125,48.85],[-87.2125,48.84583],[-87.21875,48.84583]]]}},{"type":"Feature","properties":{"c":"532837","o":"","e":""},"geometry":{"type":"Polygon","coordinates":[[[-87.25,48.89167],[-87.25,48.89583],[-87.24375,48.89583],[-87.24375,48.89167],[-87.25,48.89167]]]}},{"type":"Feature","properties":{"c":"532841","o":"","e":""},"geometry":{"type":"Polygon","coordinates":[[[-87.28125,48.89583],[-87.28125,48.9],[-87.275,48.9],[-87.275,48.89583],[-87.28125,48.89583]]]}},{"type":"Feature","properties":{"c":"532838","o":"","e":""},"geometry":{"type":"Polygon","coordinates":[[[-87.24375,48.89583],[-87.24375,48.9],[-87.2375,48.9],[-87.2375,48.89583],[-87.24375,48.89583]]]}},{"type":"Feature","properties":{"c":"532839","o":"","e":""},"geometry":{"type":"Polygon","coordinates":[[[-87.23125,48.8875],[-87.23125,48.89167],[-87.225,48.89167],[-87.225,48.8875],[-87.23125,48.8875]]]}},{"type":"Feature","properties":{"c":"532840","o":"","e":""},"geometry":{"type":"Polygon","coordinates":[[[-87.23125,48.89583],[-87.23125,48.9],[-87.225,48.9],[-87.225,48.89583],[-87.23125,48.89583]]]}},{"type":"Feature","properties":{"c":"280674","o":"","e":""},"geometry":{"type":"Polygon","coordinates":[[[-87.30625,48.99583],[-87.30625,49.0],[-87.3,49.0],[-87.3,48.99583],[-87.30625,48.99583]]]}},{"type":"Feature","properties":{"c":"280321","o":"","e":""},"geometry":{"type":"Polygon","coordinates":[[[-87.18125,48.85],[-87.18125,48.85417],[-87.175,48.85417],[-87.175,48.85],[-87.18125,48.85]]]}},{"type":"Feature","properties":{"c":"280323","o":"","e":""},"geometry":{"type":"Polygon","coordinates":[[[-87.175,48.84167],[-87.175,48.84583],[-87.16875,48.84583],[-87.16875,48.84167],[-87.175,48.84167]]]}},{"type":"Feature","properties":{"c":"283557","o":"","e":""},"geometry":{"type":"Polygon","coordinates":[[[-87.29375,48.76667],[-87.29375,48.77083],[-87.2875,48.77083],[-87.2875,48.76667],[-87.29375,48.76667]]]}},{"type":"Feature","properties":{"c":"283558","o":"","e":""},"geometry":{"type":"Polygon","coordinates":[[[-87.3,48.76667],[-87.3,48.77083],[-87.29375,48.77083],[-87.29375,48.76667],[-87.3,48.76667]]]}},{"type":"Feature","properties":{"c":"282565","o":"","e":""},"geometry":{"type":"Polygon","coordinates":[[[-87.40625,48.98333],[-87.40625,48.9875],[-87.4,48.9875],[-87.4,48.98333],[-87.40625,48.98333]]]}},{"type":"Feature","properties":{"c":"283459","o":"","e":""},"geometry":{"type":"Polygon","coordinates":[[[-87.2875,48.89583],[-87.2875,48.9],[-87.28125,48.9],[-87.28125,48.89583],[-87.2875,48.89583]]]}},{"type":"Feature","properties":{"c":"283460","o":"","e":""},"geometry":{"type":"Polygon","coordinates":[[[-87.29375,48.89167],[-87.29375,48.89583],[-87.2875,48.89583],[-87.2875,48.89167],[-87.29375,48.89167]]]}},{"type":"Feature","properties":{"c":"283461","o":"","e":""},"geometry":{"type":"Polygon","coordinates":[[[-87.30625,48.89167],[-87.30625,48.89583],[-87.3,48.89583],[-87.3,48.89167],[-87.30625,48.89167]]]}},{"type":"Feature","properties":{"c":"283295","o":"","e":""},"geometry":{"type":"Polygon","coordinates":[[[-87.2125,48.8375],[-87.2125,48.84167],[-87.20625,48.84167],[-87.20625,48.8375],[-87.2125,48.8375]]]}},{"type":"Feature","properties":{"c":"283296","o":"","e":""},"geometry":{"type":"Polygon","coordinates":[[[-87.21875,48.83333],[-87.21875,48.8375],[-87.2125,48.8375],[-87.2125,48.83333],[-87.21875,48.83333]]]}},{"type":"Feature","properties":{"c":"285555","o":"","e":""},"geometry":{"type":"Polygon","coordinates":[[[-87.00625,48.84167],[-87.00625,48.84583],[-87.0,48.84583],[-87.0,48.84167],[-87.00625,48.84167]]]}},{"type":"Feature","properties":{"c":"284404","o":"","e":""},"geometry":{"type":"Polygon","coordinates":[[[-87.3625,48.97917],[-87.3625,48.98333],[-87.35625,48.98333],[-87.35625,48.97917],[-87.3625,48.97917]]]}},{"type":"Feature","properties":{"c":"284407","o":"","e":""},"geometry":{"type":"Polygon","coordinates":[[[-87.31875,48.99167],[-87.31875,48.99583],[-87.3125,48.99583],[-87.3125,48.99167],[-87.31875,48.99167]]]}},{"type":"Feature","properties":{"c":"284423","o":"","e":""},"geometry":{"type":"Polygon","coordinates":[[[-87.375,48.9875],[-87.375,48.99167],[-87.36875,48.99167],[-87.36875,48.9875],[-87.375,48.9875]]]}},{"type":"Feature","properties":{"c":"284424","o":"","e":""},"geometry":{"type":"Polygon","coordinates":[[[-87.38125,48.9875],[-87.38125,48.99167],[-87.375,48.99167],[-87.375,48.9875],[-87.38125,48.9875]]]}},{"type":"Feature","properties":{"c":"288061","o":"","e":""},"geometry":{"type":"Polygon","coordinates":[[[-87.23125,48.8375],[-87.23125,48.84167],[-87.225,48.84167],[-87.225,48.8375],[-87.23125,48.8375]]]}},{"type":"Feature","properties":{"c":"291726","o":"","e":""},"geometry":{"type":"Polygon","coordinates":[[[-87.275,48.99167],[-87.275,48.99583],[-87.26875,48.99583],[-87.26875,48.99167],[-87.275,48.99167]]]}},{"type":"Feature","properties":{"c":"291347","o":"","e":""},"geometry":{"type":"Polygon","coordinates":[[[-87.20625,48.83333],[-87.20625,48.8375],[-87.2,48.8375],[-87.2,48.83333],[-87.20625,48.83333]]]}},{"type":"Feature","properties":{"c":"292975","o":"","e":""},"geometry":{"type":"Polygon","coordinates":[[[-87.2875,48.99583],[-87.2875,49.0],[-87.28125,49.0],[-87.28125,48.99583],[-87.2875,48.99583]]]}},{"type":"Feature","properties":{"c":"300308","o":"","e":""},"geometry":{"type":"Polygon","coordinates":[[[-87.4,48.99583],[-87.4,49.0],[-87.39375,49.0],[-87.39375,48.99583],[-87.4,48.99583]]]}},{"type":"Feature","properties":{"c":"297632","o":"","e":""},"geometry":{"type":"Polygon","coordinates":[[[-87.175,48.85],[-87.175,48.85417],[-87.16875,48.85417],[-87.16875,48.85],[-87.175,48.85]]]}},{"type":"Feature","properties":{"c":"605792","o":"","e":""},"geometry":{"type":"Polygon","coordinates":[[[-87.29375,48.7875],[-87.29375,48.79167],[-87.2875,48.79167],[-87.2875,48.7875],[-87.29375,48.7875]]]}},{"type":"Feature","properties":{"c":"605793","o":"","e":""},"geometry":{"type":"Polygon","coordinates":[[[-87.2875,48.7875],[-87.2875,48.79167],[-87.28125,48.79167],[-87.28125,48.7875],[-87.2875,48.7875]]]}},{"type":"Feature","properties":{"c":"605794","o":"","e":""},"geometry":{"type":"Polygon","coordinates":[[[-87.28125,48.7875],[-87.28125,48.79167],[-87.275,48.79167],[-87.275,48.7875],[-87.28125,48.7875]]]}},{"type":"Feature","properties":{"c":"605795","o":"","e":""},"geometry":{"type":"Polygon","coordinates":[[[-87.275,48.7875],[-87.275,48.79167],[-87.26875,48.79167],[-87.26875,48.7875],[-87.275,48.7875]]]}},{"type":"Feature","properties":{"c":"605796","o":"","e":""},"geometry":{"type":"Polygon","coordinates":[[[-87.29375,48.78333],[-87.29375,48.7875],[-87.2875,48.7875],[-87.2875,48.78333],[-87.29375,48.78333]]]}},{"type":"Feature","properties":{"c":"605797","o":"","e":""},"geometry":{"type":"Polygon","coordinates":[[[-87.2875,48.78333],[-87.2875,48.7875],[-87.28125,48.7875],[-87.28125,48.78333],[-87.2875,48.78333]]]}},{"type":"Feature","properties":{"c":"605798","o":"","e":""},"geometry":{"type":"Polygon","coordinates":[[[-87.28125,48.78333],[-87.28125,48.7875],[-87.275,48.7875],[-87.275,48.78333],[-87.28125,48.78333]]]}},{"type":"Feature","properties":{"c":"605799","o":"","e":""},"geometry":{"type":"Polygon","coordinates":[[[-87.3,48.77917],[-87.3,48.78333],[-87.29375,48.78333],[-87.29375,48.77917],[-87.3,48.77917]]]}},{"type":"Feature","properties":{"c":"605800","o":"","e":""},"geometry":{"type":"Polygon","coordinates":[[[-87.29375,48.77917],[-87.29375,48.78333],[-87.2875,48.78333],[-87.2875,48.77917],[-87.29375,48.77917]]]}},{"type":"Feature","properties":{"c":"605801","o":"","e":""},"geometry":{"type":"Polygon","coordinates":[[[-87.2875,48.77917],[-87.2875,48.78333],[-87.28125,48.78333],[-87.28125,48.77917],[-87.2875,48.77917]]]}},{"type":"Feature","properties":{"c":"605802","o":"","e":""},"geometry":{"type":"Polygon","coordinates":[[[-87.2875,48.775],[-87.2875,48.77917],[-87.28125,48.77917],[-87.28125,48.775],[-87.2875,48.775]]]}},{"type":"Feature","properties":{"c":"609712","o":"","e":""},"geometry":{"type":"Polygon","coordinates":[[[-87.2625,48.99167],[-87.2625,48.99583],[-87.25625,48.99583],[-87.25625,48.99167],[-87.2625,48.99167]]]}},{"type":"Feature","properties":{"c":"609713","o":"","e":""},"geometry":{"type":"Polygon","coordinates":[[[-87.24375,48.99583],[-87.24375,49.0],[-87.2375,49.0],[-87.2375,48.99583],[-87.24375,48.99583]]]}},{"type":"Feature","properties":{"c":"609722","o":"","e":""},"geometry":{"type":"Polygon","coordinates":[[[-87.23125,48.99583],[-87.23125,49.0],[-87.225,49.0],[-87.225,48.99583],[-87.23125,48.99583]]]}},{"type":"Feature","properties":{"c":"302017","o":"","e":""},"geometry":{"type":"Polygon","coordinates":[[[-87.2875,48.8875],[-87.2875,48.89167],[-87.28125,48.89167],[-87.28125,48.8875],[-87.2875,48.8875]]]}},{"type":"Feature","properties":{"c":"302044","o":"","e":""},"geometry":{"type":"Polygon","coordinates":[[[-87.31875,48.88333],[-87.31875,48.8875],[-87.3125,48.8875],[-87.3125,48.88333],[-87.31875,48.88333]]]}},{"type":"Feature","properties":{"c":"605786","o":"","e":""},"geometry":{"type":"Polygon","coordinates":[[[-87.2875,48.79583],[-87.2875,48.8],[-87.28125,48.8],[-87.28125,48.79583],[-87.2875,48.79583]]]}},{"type":"Feature","properties":{"c":"605787","o":"","e":""},"geometry":{"type":"Polygon","coordinates":[[[-87.28125,48.79583],[-87.28125,48.8],[-87.275,48.8],[-87.275,48.79583],[-87.28125,48.79583]]]}},{"type":"Feature","properties":{"c":"605788","o":"","e":""},"geometry":{"type":"Polygon","coordinates":[[[-87.275,48.79583],[-87.275,48.8],[-87.26875,48.8],[-87.26875,48.79583],[-87.275,48.79583]]]}},{"type":"Feature","properties":{"c":"605789","o":"","e":""},"geometry":{"type":"Polygon","coordinates":[[[-87.2875,48.79167],[-87.2875,48.79583],[-87.28125,48.79583],[-87.28125,48.79167],[-87.2875,48.79167]]]}},{"type":"Feature","properties":{"c":"605790","o":"","e":""},"geometry":{"type":"Polygon","coordinates":[[[-87.28125,48.79167],[-87.28125,48.79583],[-87.275,48.79583],[-87.275,48.79167],[-87.28125,48.79167]]]}},{"type":"Feature","properties":{"c":"605791","o":"","e":""},"geometry":{"type":"Polygon","coordinates":[[[-87.275,48.79167],[-87.275,48.79583],[-87.26875,48.79583],[-87.26875,48.79167],[-87.275,48.79167]]]}},{"type":"Feature","properties":{"c":"300553","o":"","e":""},"geometry":{"type":"Polygon","coordinates":[[[-87.2875,48.7625],[-87.2875,48.76667],[-87.28125,48.76667],[-87.28125,48.7625],[-87.2875,48.7625]]]}},{"type":"Feature","properties":{"c":"301273","o":"","e":""},"geometry":{"type":"Polygon","coordinates":[[[-87.30625,48.76667],[-87.30625,48.77083],[-87.3,48.77083],[-87.3,48.76667],[-87.30625,48.76667]]]}},{"type":"Feature","properties":{"c":"609966","o":"","e":""},"geometry":{"type":"Polygon","coordinates":[[[-87.125,48.97083],[-87.125,48.975],[-87.11875,48.975],[-87.11875,48.97083],[-87.125,48.97083]]]}},{"type":"Feature","properties":{"c":"609967","o":"","e":""},"geometry":{"type":"Polygon","coordinates":[[[-87.11875,48.96667],[-87.11875,48.97083],[-87.1125,48.97083],[-87.1125,48.96667],[-87.11875,48.96667]]]}},{"type":"Feature","properties":{"c":"609968","o":"","e":""},"geometry":{"type":"Polygon","coordinates":[[[-87.11875,48.975],[-87.11875,48.97917],[-87.1125,48.97917],[-87.1125,48.975],[-87.11875,48.975]]]}},{"type":"Feature","properties":{"c":"609969","o":"","e":""},"geometry":{"type":"Polygon","coordinates":[[[-87.125,48.975],[-87.125,48.97917],[-87.11875,48.97917],[-87.11875,48.975],[-87.125,48.975]]]}},{"type":"Feature","properties":{"c":"609970","o":"","e":""},"geometry":{"type":"Polygon","coordinates":[[[-87.11875,48.97083],[-87.11875,48.975],[-87.1125,48.975],[-87.1125,48.97083],[-87.11875,48.97083]]]}},{"type":"Feature","properties":{"c":"609971","o":"","e":""},"geometry":{"type":"Polygon","coordinates":[[[-87.125,48.96667],[-87.125,48.97083],[-87.11875,48.97083],[-87.11875,48.96667],[-87.125,48.96667]]]}},{"type":"Feature","properties":{"c":"304383","o":"","e":""},"geometry":{"type":"Polygon","coordinates":[[[-87.30625,48.99167],[-87.30625,48.99583],[-87.3,48.99583],[-87.3,48.99167],[-87.30625,48.99167]]]}},{"type":"Feature","properties":{"c":"300668","o":"","e":""},"geometry":{"type":"Polygon","coordinates":[[[-87.29375,48.89583],[-87.29375,48.9],[-87.2875,48.9],[-87.2875,48.89583],[-87.29375,48.89583]]]}},{"type":"Feature","properties":{"c":"300669","o":"","e":""},"geometry":{"type":"Polygon","coordinates":[[[-87.3,48.89167],[-87.3,48.89583],[-87.29375,48.89583],[-87.29375,48.89167],[-87.3,48.89167]]]}},{"type":"Feature","properties":{"c":"308268","o":"","e":""},"geometry":{"type":"Polygon","coordinates":[[[-87.24375,48.84167],[-87.24375,48.84583],[-87.2375,48.84583],[-87.2375,48.84167],[-87.24375,48.84167]]]}},{"type":"Feature","properties":{"c":"612364","o":"","e":""},"geometry":{"type":"Polygon","coordinates":[[[-87.24375,48.80417],[-87.24375,48.80833],[-87.2375,48.80833],[-87.2375,48.80417],[-87.24375,48.80417]]]}},{"type":"Feature","properties":{"c":"612365","o":"","e":""},"geometry":{"type":"Polygon","coordinates":[[[-87.24375,48.80833],[-87.24375,48.8125],[-87.2375,48.8125],[-87.2375,48.80833],[-87.24375,48.80833]]]}},{"type":"Feature","properties":{"c":"612366","o":"","e":""},"geometry":{"type":"Polygon","coordinates":[[[-87.24375,48.8125],[-87.24375,48.81667],[-87.2375,48.81667],[-87.2375,48.8125],[-87.24375,48.8125]]]}},{"type":"Feature","properties":{"c":"612367","o":"","e":""},"geometry":{"type":"Polygon","coordinates":[[[-87.2375,48.80417],[-87.2375,48.80833],[-87.23125,48.80833],[-87.23125,48.80417],[-87.2375,48.80417]]]}},{"type":"Feature","properties":{"c":"612368","o":"","e":""},"geometry":{"type":"Polygon","coordinates":[[[-87.2375,48.80833],[-87.2375,48.8125],[-87.23125,48.8125],[-87.23125,48.80833],[-87.2375,48.80833]]]}},{"type":"Feature","properties":{"c":"612369","o":"","e":""},"geometry":{"type":"Polygon","coordinates":[[[-87.2375,48.8125],[-87.2375,48.81667],[-87.23125,48.81667],[-87.23125,48.8125],[-87.2375,48.8125]]]}},{"type":"Feature","properties":{"c":"612370","o":"","e":""},"geometry":{"type":"Polygon","coordinates":[[[-87.25,48.80417],[-87.25,48.80833],[-87.24375,48.80833],[-87.24375,48.80417],[-87.25,48.80417]]]}},{"type":"Feature","properties":{"c":"612371","o":"","e":""},"geometry":{"type":"Polygon","coordinates":[[[-87.24375,48.81667],[-87.24375,48.82083],[-87.2375,48.82083],[-87.2375,48.81667],[-87.24375,48.81667]]]}},{"type":"Feature","properties":{"c":"311369","o":"","e":""},"geometry":{"type":"Polygon","coordinates":[[[-87.29375,48.99167],[-87.29375,48.99583],[-87.2875,48.99583],[-87.2875,48.99167],[-87.29375,48.99167]]]}},{"type":"Feature","properties":{"c":"311281","o":"","e":""},"geometry":{"type":"Polygon","coordinates":[[[-87.26875,48.99583],[-87.26875,49.0],[-87.2625,49.0],[-87.2625,48.99583],[-87.26875,48.99583]]]}},{"type":"Feature","properties":{"c":"311690","o":"","e":""},"geometry":{"type":"Polygon","coordinates":[[[-87.29375,48.99167],[-87.29375,48.99583],[-87.2875,48.99583],[-87.2875,48.99167],[-87.29375,48.99167]]]}},{"type":"Feature","properties":{"c":"311691","o":"","e":""},"geometry":{"type":"Polygon","coordinates":[[[-87.3125,48.99167],[-87.3125,48.99583],[-87.30625,48.99583],[-87.30625,48.99167],[-87.3125,48.99167]]]}},{"type":"Feature","properties":{"c":"600807","o":"","e":""},"geometry":{"type":"Polygon","coordinates":[[[-87.14375,48.82083],[-87.14375,48.825],[-87.1375,48.825],[-87.1375,48.82083],[-87.14375,48.82083]]]}},{"type":"Feature","properties":{"c":"600813","o":"","e":""},"geometry":{"type":"Polygon","coordinates":[[[-87.1375,48.82917],[-87.1375,48.83333],[-87.13125,48.83333],[-87.13125,48.82917],[-87.1375,48.82917]]]}},{"type":"Feature","properties":{"c":"600808","o":"","e":""},"geometry":{"type":"Polygon","coordinates":[[[-87.1375,48.825],[-87.1375,48.82917],[-87.13125,48.82917],[-87.13125,48.825],[-87.1375,48.825]]]}},{"type":"Feature","properties":{"c":"600809","o":"","e":""},"geometry":{"type":"Polygon","coordinates":[[[-87.13125,48.825],[-87.13125,48.82917],[-87.125,48.82917],[-87.125,48.825],[-87.13125,48.825]]]}},{"type":"Feature","properties":{"c":"600810","o":"","e":""},"geometry":{"type":"Polygon","coordinates":[[[-87.125,48.825],[-87.125,48.82917],[-87.11875,48.82917],[-87.11875,48.825],[-87.125,48.825]]]}},{"type":"Feature","properties":{"c":"600811","o":"","e":""},"geometry":{"type":"Polygon","coordinates":[[[-87.1125,48.82917],[-87.1125,48.83333],[-87.10625,48.83333],[-87.10625,48.82917],[-87.1125,48.82917]]]}},{"type":"Feature","properties":{"c":"600812","o":"","e":""},"geometry":{"type":"Polygon","coordinates":[[[-87.1,48.8375],[-87.1,48.84167],[-87.09375,48.84167],[-87.09375,48.8375],[-87.1,48.8375]]]}},{"type":"Feature","properties":{"c":"600814","o":"","e":""},"geometry":{"type":"Polygon","coordinates":[[[-87.125,48.82917],[-87.125,48.83333],[-87.11875,48.83333],[-87.11875,48.82917],[-87.125,48.82917]]]}},{"type":"Feature","properties":{"c":"600815","o":"","e":""},"geometry":{"type":"Polygon","coordinates":[[[-87.1125,48.825],[-87.1125,48.82917],[-87.10625,48.82917],[-87.10625,48.825],[-87.1125,48.825]]]}},{"type":"Feature","properties":{"c":"600816","o":"","e":""},"geometry":{"type":"Polygon","coordinates":[[[-87.1125,48.8375],[-87.1125,48.84167],[-87.10625,48.84167],[-87.10625,48.8375],[-87.1125,48.8375]]]}},{"type":"Feature","properties":{"c":"600817","o":"","e":""},"geometry":{"type":"Polygon","coordinates":[[[-87.1,48.82917],[-87.1,48.83333],[-87.09375,48.83333],[-87.09375,48.82917],[-87.1,48.82917]]]}},{"type":"Feature","properties":{"c":"600818","o":"","e":""},"geometry":{"type":"Polygon","coordinates":[[[-87.1,48.83333],[-87.1,48.8375],[-87.09375,48.8375],[-87.09375,48.83333],[-87.1,48.83333]]]}},{"type":"Feature","properties":{"c":"600819","o":"","e":""},"geometry":{"type":"Polygon","coordinates":[[[-87.09375,48.8375],[-87.09375,48.84167],[-87.0875,48.84167],[-87.0875,48.8375],[-87.09375,48.8375]]]}},{"type":"Feature","properties":{"c":"600820","o":"","e":""},"geometry":{"type":"Polygon","coordinates":[[[-87.0875,48.8375],[-87.0875,48.84167],[-87.08125,48.84167],[-87.08125,48.8375],[-87.0875,48.8375]]]}},{"type":"Feature","properties":{"c":"600821","o":"","e":""},"geometry":{"type":"Polygon","coordinates":[[[-87.14375,48.82917],[-87.14375,48.83333],[-87.1375,48.83333],[-87.1375,48.82917],[-87.14375,48.82917]]]}},{"type":"Feature","properties":{"c":"600822","o":"","e":""},"geometry":{"type":"Polygon","coordinates":[[[-87.14375,48.8375],[-87.14375,48.84167],[-87.1375,48.84167],[-87.1375,48.8375],[-87.14375,48.8375]]]}},{"type":"Feature","properties":{"c":"600823","o":"","e":""},"geometry":{"type":"Polygon","coordinates":[[[-87.13125,48.82917],[-87.13125,48.83333],[-87.125,48.83333],[-87.125,48.82917],[-87.13125,48.82917]]]}},{"type":"Feature","properties":{"c":"600824","o":"","e":""},"geometry":{"type":"Polygon","coordinates":[[[-87.11875,48.83333],[-87.11875,48.8375],[-87.1125,48.8375],[-87.1125,48.83333],[-87.11875,48.83333]]]}},{"type":"Feature","properties":{"c":"600825","o":"","e":""},"geometry":{"type":"Polygon","coordinates":[[[-87.1125,48.83333],[-87.1125,48.8375],[-87.10625,48.8375],[-87.10625,48.83333],[-87.1125,48.83333]]]}},{"type":"Feature","properties":{"c":"600826","o":"","e":""},"geometry":{"type":"Polygon","coordinates":[[[-87.10625,48.83333],[-87.10625,48.8375],[-87.1,48.8375],[-87.1,48.83333],[-87.10625,48.83333]]]}},{"type":"Feature","properties":{"c":"600827","o":"","e":""},"geometry":{"type":"Polygon","coordinates":[[[-87.13125,48.8375],[-87.13125,48.84167],[-87.125,48.84167],[-87.125,48.8375],[-87.13125,48.8375]]]}},{"type":"Feature","properties":{"c":"600828","o":"","e":""},"geometry":{"type":"Polygon","coordinates":[[[-87.125,48.83333],[-87.125,48.8375],[-87.11875,48.8375],[-87.11875,48.83333],[-87.125,48.83333]]]}},{"type":"Feature","properties":{"c":"600829","o":"","e":""},"geometry":{"type":"Polygon","coordinates":[[[-87.10625,48.8375],[-87.10625,48.84167],[-87.1,48.84167],[-87.1,48.8375],[-87.10625,48.8375]]]}},{"type":"Feature","properties":{"c":"600830","o":"","e":""},"geometry":{"type":"Polygon","coordinates":[[[-87.13125,48.83333],[-87.13125,48.8375],[-87.125,48.8375],[-87.125,48.83333],[-87.13125,48.83333]]]}},{"type":"Feature","properties":{"c":"600831","o":"","e":""},"geometry":{"type":"Polygon","coordinates":[[[-87.125,48.8375],[-87.125,48.84167],[-87.11875,48.84167],[-87.11875,48.8375],[-87.125,48.8375]]]}},{"type":"Feature","properties":{"c":"600832","o":"","e":""},"geometry":{"type":"Polygon","coordinates":[[[-87.11875,48.825],[-87.11875,48.82917],[-87.1125,48.82917],[-87.1125,48.825],[-87.11875,48.825]]]}},{"type":"Feature","properties":{"c":"600833","o":"","e":""},"geometry":{"type":"Polygon","coordinates":[[[-87.11875,48.8375],[-87.11875,48.84167],[-87.1125,48.84167],[-87.1125,48.8375],[-87.11875,48.8375]]]}},{"type":"Feature","properties":{"c":"600834","o":"","e":""},"geometry":{"type":"Polygon","coordinates":[[[-87.10625,48.825],[-87.10625,48.82917],[-87.1,48.82917],[-87.1,48.825],[-87.10625,48.825]]]}},{"type":"Feature","properties":{"c":"600835","o":"","e":""},"geometry":{"type":"Polygon","coordinates":[[[-87.09375,48.825],[-87.09375,48.82917],[-87.0875,48.82917],[-87.0875,48.825],[-87.09375,48.825]]]}},{"type":"Feature","properties":{"c":"600836","o":"","e":""},"geometry":{"type":"Polygon","coordinates":[[[-87.0875,48.825],[-87.0875,48.82917],[-87.08125,48.82917],[-87.08125,48.825],[-87.0875,48.825]]]}},{"type":"Feature","properties":{"c":"600837","o":"","e":""},"geometry":{"type":"Polygon","coordinates":[[[-87.14375,48.83333],[-87.14375,48.8375],[-87.1375,48.8375],[-87.1375,48.83333],[-87.14375,48.83333]]]}},{"type":"Feature","properties":{"c":"600838","o":"","e":""},"geometry":{"type":"Polygon","coordinates":[[[-87.1375,48.8375],[-87.1375,48.84167],[-87.13125,48.84167],[-87.13125,48.8375],[-87.1375,48.8375]]]}},{"type":"Feature","properties":{"c":"600839","o":"","e":""},"geometry":{"type":"Polygon","coordinates":[[[-87.1,48.825],[-87.1,48.82917],[-87.09375,48.82917],[-87.09375,48.825],[-87.1,48.825]]]}},{"type":"Feature","properties":{"c":"600840","o":"","e":""},"geometry":{"type":"Polygon","coordinates":[[[-87.0875,48.83333],[-87.0875,48.8375],[-87.08125,48.8375],[-87.08125,48.83333],[-87.0875,48.83333]]]}},{"type":"Feature","properties":{"c":"600841","o":"","e":""},"geometry":{"type":"Polygon","coordinates":[[[-87.14375,48.825],[-87.14375,48.82917],[-87.1375,48.82917],[-87.1375,48.825],[-87.14375,48.825]]]}},{"type":"Feature","properties":{"c":"600842","o":"","e":""},"geometry":{"type":"Polygon","coordinates":[[[-87.11875,48.82917],[-87.11875,48.83333],[-87.1125,48.83333],[-87.1125,48.82917],[-87.11875,48.82917]]]}},{"type":"Feature","properties":{"c":"600843","o":"","e":""},"geometry":{"type":"Polygon","coordinates":[[[-87.10625,48.82917],[-87.10625,48.83333],[-87.1,48.83333],[-87.1,48.82917],[-87.10625,48.82917]]]}},{"type":"Feature","properties":{"c":"600844","o":"","e":""},"geometry":{"type":"Polygon","coordinates":[[[-87.09375,48.82917],[-87.09375,48.83333],[-87.0875,48.83333],[-87.0875,48.82917],[-87.09375,48.82917]]]}},{"type":"Feature","properties":{"c":"600845","o":"","e":""},"geometry":{"type":"Polygon","coordinates":[[[-87.09375,48.83333],[-87.09375,48.8375],[-87.0875,48.8375],[-87.0875,48.83333],[-87.09375,48.83333]]]}},{"type":"Feature","properties":{"c":"600846","o":"","e":""},"geometry":{"type":"Polygon","coordinates":[[[-87.0875,48.82917],[-87.0875,48.83333],[-87.08125,48.83333],[-87.08125,48.82917],[-87.0875,48.82917]]]}},{"type":"Feature","properties":{"c":"600847","o":"","e":""},"geometry":{"type":"Polygon","coordinates":[[[-87.1375,48.83333],[-87.1375,48.8375],[-87.13125,48.8375],[-87.13125,48.83333],[-87.1375,48.83333]]]}},{"type":"Feature","properties":{"c":"309195","o":"","e":""},"geometry":{"type":"Polygon","coordinates":[[[-87.31875,48.9],[-87.31875,48.90417],[-87.3125,48.90417],[-87.3125,48.9],[-87.31875,48.9]]]}},{"type":"Feature","properties":{"c":"309196","o":"","e":""},"geometry":{"type":"Polygon","coordinates":[[[-87.325,48.89583],[-87.325,48.9],[-87.31875,48.9],[-87.31875,48.89583],[-87.325,48.89583]]]}},{"type":"Feature","properties":{"c":"313730","o":"","e":""},"geometry":{"type":"Polygon","coordinates":[[[-87.31875,48.99583],[-87.31875,49.0],[-87.3125,49.0],[-87.3125,48.99583],[-87.31875,48.99583]]]}},{"type":"Feature","properties":{"c":"312363","o":"","e":""},"geometry":{"type":"Polygon","coordinates":[[[-87.3875,48.95],[-87.3875,48.95417],[-87.38125,48.95417],[-87.38125,48.95],[-87.3875,48.95]]]}},{"type":"Feature","properties":{"c":"312364","o":"","e":""},"geometry":{"type":"Polygon","coordinates":[[[-87.39375,48.95],[-87.39375,48.95417],[-87.3875,48.95417],[-87.3875,48.95],[-87.39375,48.95]]]}},{"type":"Feature","properties":{"c":"318298","o":"","e":""},"geometry":{"type":"Polygon","coordinates":[[[-87.39375,48.99583],[-87.39375,49.0],[-87.3875,49.0],[-87.3875,48.99583],[-87.39375,48.99583]]]}},{"type":"Feature","properties":{"c":"317006","o":"","e":""},"geometry":{"type":"Polygon","coordinates":[[[-87.275,48.77083],[-87.275,48.775],[-87.26875,48.775],[-87.26875,48.77083],[-87.275,48.77083]]]}},{"type":"Feature","properties":{"c":"315504","o":"","e":""},"geometry":{"type":"Polygon","coordinates":[[[-87.2375,48.84167],[-87.2375,48.84583],[-87.23125,48.84583],[-87.23125,48.84167],[-87.2375,48.84167]]]}},{"type":"Feature","properties":{"c":"321021","o":"","e":""},"geometry":{"type":"Polygon","coordinates":[[[-87.3375,48.99583],[-87.3375,49.0],[-87.33125,49.0],[-87.33125,48.99583],[-87.3375,48.99583]]]}},{"type":"Feature","properties":{"c":"317342","o":"","e":""},"geometry":{"type":"Polygon","coordinates":[[[-87.28125,48.7625],[-87.28125,48.76667],[-87.275,48.76667],[-87.275,48.7625],[-87.28125,48.7625]]]}},{"type":"Feature","properties":{"c":"317926","o":"","e":""},"geometry":{"type":"Polygon","coordinates":[[[-87.3,48.9],[-87.3,48.90417],[-87.29375,48.90417],[-87.29375,48.9],[-87.3,48.9]]]}},{"type":"Feature","properties":{"c":"320935","o":"","e":""},"geometry":{"type":"Polygon","coordinates":[[[-87.26875,48.99167],[-87.26875,48.99583],[-87.2625,48.99583],[-87.2625,48.99167],[-87.26875,48.99167]]]}},{"type":"Feature","properties":{"c":"320958","o":"","e":""},"geometry":{"type":"Polygon","coordinates":[[[-87.38125,48.98333],[-87.38125,48.9875],[-87.375,48.9875],[-87.375,48.98333],[-87.38125,48.98333]]]}},{"type":"Feature","properties":{"c":"320959","o":"","e":""},"geometry":{"type":"Polygon","coordinates":[[[-87.38125,48.97917],[-87.38125,48.98333],[-87.375,48.98333],[-87.375,48.97917],[-87.38125,48.97917]]]}},{"type":"Feature","properties":{"c":"319275","o":"","e":""},"geometry":{"type":"Polygon","coordinates":[[[-87.325,48.88333],[-87.325,48.8875],[-87.31875,48.8875],[-87.31875,48.88333],[-87.325,48.88333]]]}},{"type":"Feature","properties":{"c":"320170","o":"","e":""},"geometry":{"type":"Polygon","coordinates":[[[-87.2,48.83333],[-87.2,48.8375],[-87.19375,48.8375],[-87.19375,48.83333],[-87.2,48.83333]]]}},{"type":"Feature","properties":{"c":"320171","o":"","e":""},"geometry":{"type":"Polygon","coordinates":[[[-87.21875,48.825],[-87.21875,48.82917],[-87.2125,48.82917],[-87.2125,48.825],[-87.21875,48.825]]]}},{"type":"Feature","properties":{"c":"322145","o":"","e":""},"geometry":{"type":"Polygon","coordinates":[[[-87.00625,48.84583],[-87.00625,48.85],[-87.0,48.85],[-87.0,48.84583],[-87.00625,48.84583]]]}},{"type":"Feature","properties":{"c":"322147","o":"","e":""},"geometry":{"type":"Polygon","coordinates":[[[-87.0125,48.8625],[-87.0125,48.86667],[-87.00625,48.86667],[-87.00625,48.8625],[-87.0125,48.8625]]]}},{"type":"Feature","properties":{"c":"322148","o":"","e":""},"geometry":{"type":"Polygon","coordinates":[[[-87.0125,48.85417],[-87.0125,48.85833],[-87.00625,48.85833],[-87.00625,48.85417],[-87.0125,48.85417]]]}},{"type":"Feature","properties":{"c":"322149","o":"","e":""},"geometry":{"type":"Polygon","coordinates":[[[-87.0125,48.85],[-87.0125,48.85417],[-87.00625,48.85417],[-87.00625,48.85],[-87.0125,48.85]]]}},{"type":"Feature","properties":{"c":"323988","o":"","e":""},"geometry":{"type":"Polygon","coordinates":[[[-87.275,48.99583],[-87.275,49.0],[-87.26875,49.0],[-87.26875,48.99583],[-87.275,48.99583]]]}},{"type":"Feature","properties":{"c":"327866","o":"","e":""},"geometry":{"type":"Polygon","coordinates":[[[-87.2125,48.85],[-87.2125,48.85417],[-87.20625,48.85417],[-87.20625,48.85],[-87.2125,48.85]]]}},{"type":"Feature","properties":{"c":"327434","o":"","e":""},"geometry":{"type":"Polygon","coordinates":[[[-87.1875,48.8375],[-87.1875,48.84167],[-87.18125,48.84167],[-87.18125,48.8375],[-87.1875,48.8375]]]}},{"type":"Feature","properties":{"c":"326429","o":"","e":""},"geometry":{"type":"Polygon","coordinates":[[[-87.31875,48.99167],[-87.31875,48.99583],[-87.3125,48.99583],[-87.3125,48.99167],[-87.31875,48.99167]]]}},{"type":"Feature","properties":{"c":"336358","o":"","e":""},"geometry":{"type":"Polygon","coordinates":[[[-87.2375,48.83333],[-87.2375,48.8375],[-87.23125,48.8375],[-87.23125,48.83333],[-87.2375,48.83333]]]}},{"type":"Feature","properties":{"c":"336359","o":"","e":""},"geometry":{"type":"Polygon","coordinates":[[[-87.24375,48.83333],[-87.24375,48.8375],[-87.2375,48.8375],[-87.2375,48.83333],[-87.24375,48.83333]]]}},{"type":"Feature","properties":{"c":"331301","o":"","e":""},"geometry":{"type":"Polygon","coordinates":[[[-87.3,48.89583],[-87.3,48.9],[-87.29375,48.9],[-87.29375,48.89583],[-87.3,48.89583]]]}},{"type":"Feature","properties":{"c":"331302","o":"","e":""},"geometry":{"type":"Polygon","coordinates":[[[-87.2875,48.89167],[-87.2875,48.89583],[-87.28125,48.89583],[-87.28125,48.89167],[-87.2875,48.89167]]]}},{"type":"Feature","properties":{"c":"332196","o":"","e":""},"geometry":{"type":"Polygon","coordinates":[[[-87.3125,48.89167],[-87.3125,48.89583],[-87.30625,48.89583],[-87.30625,48.89167],[-87.3125,48.89167]]]}},{"type":"Feature","properties":{"c":"332197","o":"","e":""},"geometry":{"type":"Polygon","coordinates":[[[-87.325,48.89167],[-87.325,48.89583],[-87.31875,48.89583],[-87.31875,48.89167],[-87.325,48.89167]]]}},{"type":"Feature","properties":{"c":"331418","o":"","e":""},"geometry":{"type":"Polygon","coordinates":[[[-87.29375,48.7625],[-87.29375,48.76667],[-87.2875,48.76667],[-87.2875,48.7625],[-87.29375,48.7625]]]}},{"type":"Feature","properties":{"c":"344450","o":"","e":""},"geometry":{"type":"Polygon","coordinates":[[[-87.38125,48.99167],[-87.38125,48.99583],[-87.375,48.99583],[-87.375,48.99167],[-87.38125,48.99167]]]}},{"type":"Feature","properties":{"c":"983476","o":"","e":""},"geometry":{"type":"Polygon","coordinates":[[[-87.0125,48.89167],[-87.0125,48.89583],[-87.00625,48.89583],[-87.00625,48.89167],[-87.0125,48.89167]]]}},{"type":"Feature","properties":{"c":"983477","o":"","e":""},"geometry":{"type":"Polygon","coordinates":[[[-87.0125,48.89583],[-87.0125,48.9],[-87.00625,48.9],[-87.00625,48.89583],[-87.0125,48.89583]]]}},{"type":"Feature","properties":{"c":"983478","o":"","e":""},"geometry":{"type":"Polygon","coordinates":[[[-87.00625,48.9],[-87.00625,48.90417],[-87.0,48.90417],[-87.0,48.9],[-87.00625,48.9]]]}},{"type":"Feature","properties":{"c":"983480","o":"","e":""},"geometry":{"type":"Polygon","coordinates":[[[-87.01875,48.89167],[-87.01875,48.89583],[-87.0125,48.89583],[-87.0125,48.89167],[-87.01875,48.89167]]]}},{"type":"Feature","properties":{"c":"342212","o":"","e":""},"geometry":{"type":"Polygon","coordinates":[[[-87.40625,48.97917],[-87.40625,48.98333],[-87.4,48.98333],[-87.4,48.97917],[-87.40625,48.97917]]]}},{"type":"Feature","properties":{"c":"624754","o":"","e":""},"geometry":{"type":"Polygon","coordinates":[[[-87.13125,48.96667],[-87.13125,48.97083],[-87.125,48.97083],[-87.125,48.96667],[-87.13125,48.96667]]]}},{"type":"Feature","properties":{"c":"333157","o":"","e":""},"geometry":{"type":"Polygon","coordinates":[[[-87.29375,48.775],[-87.29375,48.77917],[-87.2875,48.77917],[-87.2875,48.775],[-87.29375,48.775]]]}},{"type":"Feature","properties":{"c":"332404","o":"","e":""},"geometry":{"type":"Polygon","coordinates":[[[-87.28125,48.77083],[-87.28125,48.775],[-87.275,48.775],[-87.275,48.77083],[-87.28125,48.77083]]]}},{"type":"Feature","properties":{"c":"525078","o":"","e":""},"geometry":{"type":"Polygon","coordinates":[[[-87.225,48.89167],[-87.225,48.89583],[-87.21875,48.89583],[-87.21875,48.89167],[-87.225,48.89167]]]}},{"type":"Feature","properties":{"c":"525079","o":"","e":""},"geometry":{"type":"Polygon","coordinates":[[[-87.21875,48.89167],[-87.21875,48.89583],[-87.2125,48.89583],[-87.2125,48.89167],[-87.21875,48.89167]]]}},{"type":"Feature","properties":{"c":"525080","o":"","e":""},"geometry":{"type":"Polygon","coordinates":[[[-87.2125,48.8875],[-87.2125,48.89167],[-87.20625,48.89167],[-87.20625,48.8875],[-87.2125,48.8875]]]}},{"type":"Feature","properties":{"c":"525081","o":"","e":""},"geometry":{"type":"Polygon","coordinates":[[[-87.225,48.88333],[-87.225,48.8875],[-87.21875,48.8875],[-87.21875,48.88333],[-87.225,48.88333]]]}},{"type":"Feature","properties":{"c":"1035667","o":"","e":""},"geometry":{"type":"Polygon","coordinates":[[[-87.03125,48.87083],[-87.03125,48.875],[-87.025,48.875],[-87.025,48.87083],[-87.03125,48.87083]]]}},{"type":"Feature","properties":{"c":"952028","o":"","e":""},"geometry":{"type":"Polygon","coordinates":[[[-87.0875,48.94583],[-87.0875,48.95],[-87.08125,48.95],[-87.08125,48.94583],[-87.0875,48.94583]]]}},{"type":"Feature","properties":{"c":"952029","o":"","e":""},"geometry":{"type":"Polygon","coordinates":[[[-87.08125,48.94167],[-87.08125,48.94583],[-87.075,48.94583],[-87.075,48.94167],[-87.08125,48.94167]]]}},{"type":"Feature","properties":{"c":"952030","o":"","e":""},"geometry":{"type":"Polygon","coordinates":[[[-87.0875,48.94167],[-87.0875,48.94583],[-87.08125,48.94583],[-87.08125,48.94167],[-87.0875,48.94167]]]}},{"type":"Feature","properties":{"c":"952031","o":"","e":""},"geometry":{"type":"Polygon","coordinates":[[[-87.09375,48.94583],[-87.09375,48.95],[-87.0875,48.95],[-87.0875,48.94583],[-87.09375,48.94583]]]}},{"type":"Feature","properties":{"c":"952032","o":"","e":""},"geometry":{"type":"Polygon","coordinates":[[[-87.09375,48.94167],[-87.09375,48.94583],[-87.0875,48.94583],[-87.0875,48.94167],[-87.09375,48.94167]]]}},{"type":"Feature","properties":{"c":"952033","o":"","e":""},"geometry":{"type":"Polygon","coordinates":[[[-87.1,48.94583],[-87.1,48.95],[-87.09375,48.95],[-87.09375,48.94583],[-87.1,48.94583]]]}},{"type":"Feature","properties":{"c":"952034","o":"","e":""},"geometry":{"type":"Polygon","coordinates":[[[-87.1,48.94167],[-87.1,48.94583],[-87.09375,48.94583],[-87.09375,48.94167],[-87.1,48.94167]]]}},{"type":"Feature","properties":{"c":"921153","o":"","e":""},"geometry":{"type":"Polygon","coordinates":[[[-87.2375,48.96667],[-87.2375,48.97083],[-87.23125,48.97083],[-87.23125,48.96667],[-87.2375,48.96667]]]}},{"type":"Feature","properties":{"c":"919484","o":"","e":""},"geometry":{"type":"Polygon","coordinates":[[[-87.25,48.9375],[-87.25,48.94167],[-87.24375,48.94167],[-87.2375,48.94167],[-87.2375,48.9375],[-87.24375,48.9375],[-87.25,48.9375]]]}},{"type":"Feature","properties":{"c":"777789","o":"","e":""},"geometry":{"type":"Polygon","coordinates":[[[-87.36875,48.90417],[-87.36875,48.90833],[-87.3625,48.90833],[-87.3625,48.90417],[-87.36875,48.90417]]]}},{"type":"Feature","properties":{"c":"777790","o":"","e":""},"geometry":{"type":"Polygon","coordinates":[[[-87.35,48.90417],[-87.35,48.90833],[-87.34375,48.90833],[-87.34375,48.90417],[-87.35,48.90417]]]}},{"type":"Feature","properties":{"c":"777791","o":"","e":""},"geometry":{"type":"Polygon","coordinates":[[[-87.3625,48.9],[-87.3625,48.90417],[-87.35625,48.90417],[-87.35625,48.9],[-87.3625,48.9]]]}},{"type":"Feature","properties":{"c":"777792","o":"","e":""},"geometry":{"type":"Polygon","coordinates":[[[-87.375,48.9],[-87.375,48.90417],[-87.36875,48.90417],[-87.36875,48.9],[-87.375,48.9]]]}},{"type":"Feature","properties":{"c":"777793","o":"","e":""},"geometry":{"type":"Polygon","coordinates":[[[-87.3625,48.90417],[-87.3625,48.90833],[-87.35625,48.90833],[-87.35625,48.90417],[-87.3625,48.90417]]]}},{"type":"Feature","properties":{"c":"777794","o":"","e":""},"geometry":{"type":"Polygon","coordinates":[[[-87.35,48.9],[-87.35,48.90417],[-87.34375,48.90417],[-87.34375,48.9],[-87.35,48.9]]]}},{"type":"Feature","properties":{"c":"777795","o":"","e":""},"geometry":{"type":"Polygon","coordinates":[[[-87.375,48.90417],[-87.375,48.90833],[-87.36875,48.90833],[-87.36875,48.90417],[-87.375,48.90417]]]}},{"type":"Feature","properties":{"c":"777796","o":"","e":""},"geometry":{"type":"Polygon","coordinates":[[[-87.36875,48.9],[-87.36875,48.90417],[-87.3625,48.90417],[-87.3625,48.9],[-87.36875,48.9]]]}},{"type":"Feature","properties":{"c":"777797","o":"","e":""},"geometry":{"type":"Polygon","coordinates":[[[-87.35625,48.90417],[-87.35625,48.90833],[-87.35,48.90833],[-87.35,48.90417],[-87.35625,48.90417]]]}},{"type":"Feature","properties":{"c":"777798","o":"","e":""},"geometry":{"type":"Polygon","coordinates":[[[-87.35625,48.9],[-87.35625,48.90417],[-87.35,48.90417],[-87.35,48.9],[-87.35625,48.9]]]}},{"type":"Feature","properties":{"c":"631426","o":"","e":""},"geometry":{"type":"Polygon","coordinates":[[[-87.20625,48.88333],[-87.20625,48.8875],[-87.2,48.8875],[-87.2,48.88333],[-87.20625,48.88333]]]}},{"type":"Feature","properties":{"c":"631427","o":"","e":""},"geometry":{"type":"Polygon","coordinates":[[[-87.2,48.87917],[-87.2,48.88333],[-87.19375,48.88333],[-87.19375,48.87917],[-87.2,48.87917]]]}},{"type":"Feature","properties":{"c":"631428","o":"","e":""},"geometry":{"type":"Polygon","coordinates":[[[-87.2,48.88333],[-87.2,48.8875],[-87.19375,48.8875],[-87.19375,48.88333],[-87.2,48.88333]]]}},{"type":"Feature","properties":{"c":"631429","o":"","e":""},"geometry":{"type":"Polygon","coordinates":[[[-87.19375,48.87917],[-87.19375,48.88333],[-87.1875,48.88333],[-87.1875,48.87917],[-87.19375,48.87917]]]}},{"type":"Feature","properties":{"c":"631430","o":"","e":""},"geometry":{"type":"Polygon","coordinates":[[[-87.19375,48.88333],[-87.19375,48.8875],[-87.1875,48.8875],[-87.1875,48.88333],[-87.19375,48.88333]]]}},{"type":"Feature","properties":{"c":"631431","o":"","e":""},"geometry":{"type":"Polygon","coordinates":[[[-87.20625,48.87917],[-87.20625,48.88333],[-87.2,48.88333],[-87.2,48.87917],[-87.20625,48.87917]]]}},{"type":"Feature","properties":{"c":"631432","o":"","e":""},"geometry":{"type":"Polygon","coordinates":[[[-87.2,48.875],[-87.2,48.87917],[-87.19375,48.87917],[-87.19375,48.875],[-87.2,48.875]]]}},{"type":"Feature","properties":{"c":"631433","o":"","e":""},"geometry":{"type":"Polygon","coordinates":[[[-87.2125,48.875],[-87.2125,48.87917],[-87.20625,48.87917],[-87.20625,48.875],[-87.2125,48.875]]]}},{"type":"Feature","properties":{"c":"631434","o":"","e":""},"geometry":{"type":"Polygon","coordinates":[[[-87.20625,48.875],[-87.20625,48.87917],[-87.2,48.87917],[-87.2,48.875],[-87.20625,48.875]]]}},{"type":"Feature","properties":{"c":"631435","o":"","e":""},"geometry":{"type":"Polygon","coordinates":[[[-87.2125,48.87917],[-87.2125,48.88333],[-87.20625,48.88333],[-87.20625,48.87917],[-87.2125,48.87917]]]}},{"type":"Feature","properties":{"c":"624758","o":"","e":""},"geometry":{"type":"Polygon","coordinates":[[[-87.14375,48.97083],[-87.14375,48.975],[-87.1375,48.975],[-87.1375,48.97083],[-87.14375,48.97083]]]}},{"type":"Feature","properties":{"c":"624759","o":"","e":""},"geometry":{"type":"Polygon","coordinates":[[[-87.1375,48.97083],[-87.1375,48.975],[-87.13125,48.975],[-87.13125,48.97083],[-87.1375,48.97083]]]}},{"type":"Feature","properties":{"c":"624760","o":"","e":""},"geometry":{"type":"Polygon","coordinates":[[[-87.13125,48.97083],[-87.13125,48.975],[-87.125,48.975],[-87.125,48.97083],[-87.13125,48.97083]]]}},{"type":"Feature","properties":{"c":"624762","o":"","e":""},"geometry":{"type":"Polygon","coordinates":[[[-87.15,48.975],[-87.15,48.97917],[-87.14375,48.97917],[-87.14375,48.975],[-87.15,48.975]]]}},{"type":"Feature","properties":{"c":"624763","o":"","e":""},"geometry":{"type":"Polygon","coordinates":[[[-87.14375,48.975],[-87.14375,48.97917],[-87.1375,48.97917],[-87.1375,48.975],[-87.14375,48.975]]]}},{"type":"Feature","properties":{"c":"624767","o":"","e":""},"geometry":{"type":"Polygon","coordinates":[[[-87.15,48.97917],[-87.15,48.98333],[-87.14375,48.98333],[-87.14375,48.97917],[-87.15,48.97917]]]}},{"type":"Feature","properties":{"c":"624768","o":"","e":""},"geometry":{"type":"Polygon","coordinates":[[[-87.14375,48.97917],[-87.14375,48.98333],[-87.1375,48.98333],[-87.1375,48.97917],[-87.14375,48.97917]]]}},{"type":"Feature","properties":{"c":"730657","o":"","e":""},"geometry":{"type":"Polygon","coordinates":[[[-87.2625,48.79167],[-87.2625,48.79583],[-87.25625,48.79583],[-87.25625,48.79167],[-87.2625,48.79167]]]}},{"type":"Feature","properties":{"c":"730658","o":"","e":""},"geometry":{"type":"Polygon","coordinates":[[[-87.26875,48.79583],[-87.26875,48.8],[-87.2625,48.8],[-87.2625,48.79583],[-87.26875,48.79583]]]}},{"type":"Feature","properties":{"c":"730666","o":"","e":""},"geometry":{"type":"Polygon","coordinates":[[[-87.25625,48.79583],[-87.25625,48.8],[-87.25,48.8],[-87.25,48.79583],[-87.25625,48.79583]]]}},{"type":"Feature","properties":{"c":"730659","o":"","e":""},"geometry":{"type":"Polygon","coordinates":[[[-87.25625,48.7875],[-87.25625,48.79167],[-87.25,48.79167],[-87.25,48.7875],[-87.25625,48.7875]]]}},{"type":"Feature","properties":{"c":"730660","o":"","e":""},"geometry":{"type":"Polygon","coordinates":[[[-87.26875,48.7875],[-87.26875,48.79167],[-87.2625,48.79167],[-87.2625,48.7875],[-87.26875,48.7875]]]}},{"type":"Feature","properties":{"c":"730661","o":"","e":""},"geometry":{"type":"Polygon","coordinates":[[[-87.26875,48.79167],[-87.26875,48.79583],[-87.2625,48.79583],[-87.2625,48.79167],[-87.26875,48.79167]]]}},{"type":"Feature","properties":{"c":"730662","o":"","e":""},"geometry":{"type":"Polygon","coordinates":[[[-87.2625,48.79583],[-87.2625,48.8],[-87.25625,48.8],[-87.25625,48.79583],[-87.2625,48.79583]]]}},{"type":"Feature","properties":{"c":"730663","o":"","e":""},"geometry":{"type":"Polygon","coordinates":[[[-87.25625,48.8],[-87.25625,48.80417],[-87.25,48.80417],[-87.25,48.8],[-87.25625,48.8]]]}},{"type":"Feature","properties":{"c":"730664","o":"","e":""},"geometry":{"type":"Polygon","coordinates":[[[-87.2625,48.7875],[-87.2625,48.79167],[-87.25625,48.79167],[-87.25625,48.7875],[-87.2625,48.7875]]]}},{"type":"Feature","properties":{"c":"730665","o":"","e":""},"geometry":{"type":"Polygon","coordinates":[[[-87.25625,48.79167],[-87.25625,48.79583],[-87.25,48.79583],[-87.25,48.79167],[-87.25625,48.79167]]]}},{"type":"Feature","properties":{"c":"631404","o":"","e":""},"geometry":{"type":"Polygon","coordinates":[[[-87.225,48.89583],[-87.225,48.9],[-87.21875,48.9],[-87.21875,48.89583],[-87.225,48.89583]]]}},{"type":"Feature","properties":{"c":"631405","o":"","e":""},"geometry":{"type":"Polygon","coordinates":[[[-87.21875,48.9],[-87.21875,48.90417],[-87.2125,48.90417],[-87.2125,48.9],[-87.21875,48.9]]]}},{"type":"Feature","properties":{"c":"631406","o":"","e":""},"geometry":{"type":"Polygon","coordinates":[[[-87.20625,48.89167],[-87.20625,48.89583],[-87.2,48.89583],[-87.2,48.89167],[-87.20625,48.89167]]]}},{"type":"Feature","properties":{"c":"631407","o":"","e":""},"geometry":{"type":"Polygon","coordinates":[[[-87.20625,48.89583],[-87.20625,48.9],[-87.2,48.9],[-87.2,48.89583],[-87.20625,48.89583]]]}},{"type":"Feature","properties":{"c":"631408","o":"","e":""},"geometry":{"type":"Polygon","coordinates":[[[-87.2,48.89583],[-87.2,48.9],[-87.19375,48.9],[-87.19375,48.89583],[-87.2,48.89583]]]}},{"type":"Feature","properties":{"c":"631409","o":"","e":""},"geometry":{"type":"Polygon","coordinates":[[[-87.19375,48.8875],[-87.19375,48.89167],[-87.1875,48.89167],[-87.1875,48.8875],[-87.19375,48.8875]]]}},{"type":"Feature","properties":{"c":"631410","o":"","e":""},"geometry":{"type":"Polygon","coordinates":[[[-87.1875,48.89167],[-87.1875,48.89583],[-87.18125,48.89583],[-87.18125,48.89167],[-87.1875,48.89167]]]}},{"type":"Feature","properties":{"c":"631411","o":"","e":""},"geometry":{"type":"Polygon","coordinates":[[[-87.21875,48.89583],[-87.21875,48.9],[-87.2125,48.9],[-87.2125,48.89583],[-87.21875,48.89583]]]}},{"type":"Feature","properties":{"c":"631412","o":"","e":""},"geometry":{"type":"Polygon","coordinates":[[[-87.20625,48.8875],[-87.20625,48.89167],[-87.2,48.89167],[-87.2,48.8875],[-87.20625,48.8875]]]}},{"type":"Feature","properties":{"c":"631413","o":"","e":""},"geometry":{"type":"Polygon","coordinates":[[[-87.1875,48.8875],[-87.1875,48.89167],[-87.18125,48.89167],[-87.18125,48.8875],[-87.1875,48.8875]]]}},{"type":"Feature","properties":{"c":"631414","o":"","e":""},"geometry":{"type":"Polygon","coordinates":[[[-87.20625,48.9],[-87.20625,48.90417],[-87.2,48.90417],[-87.2,48.9],[-87.20625,48.9]]]}},{"type":"Feature","properties":{"c":"631415","o":"","e":""},"geometry":{"type":"Polygon","coordinates":[[[-87.19375,48.89583],[-87.19375,48.9],[-87.1875,48.9],[-87.1875,48.89583],[-87.19375,48.89583]]]}},{"type":"Feature","properties":{"c":"631416","o":"","e":""},"geometry":{"type":"Polygon","coordinates":[[[-87.1875,48.89583],[-87.1875,48.9],[-87.18125,48.9],[-87.18125,48.89583],[-87.1875,48.89583]]]}},{"type":"Feature","properties":{"c":"631417","o":"","e":""},"geometry":{"type":"Polygon","coordinates":[[[-87.1875,48.9],[-87.1875,48.90417],[-87.18125,48.90417],[-87.18125,48.9],[-87.1875,48.9]]]}},{"type":"Feature","properties":{"c":"631418","o":"","e":""},"geometry":{"type":"Polygon","coordinates":[[[-87.225,48.9],[-87.225,48.90417],[-87.21875,48.90417],[-87.21875,48.9],[-87.225,48.9]]]}},{"type":"Feature","properties":{"c":"631419","o":"","e":""},"geometry":{"type":"Polygon","coordinates":[[[-87.2,48.9],[-87.2,48.90417],[-87.19375,48.90417],[-87.19375,48.9],[-87.2,48.9]]]}},{"type":"Feature","properties":{"c":"631420","o":"","e":""},"geometry":{"type":"Polygon","coordinates":[[[-87.2125,48.89583],[-87.2125,48.9],[-87.20625,48.9],[-87.20625,48.89583],[-87.2125,48.89583]]]}},{"type":"Feature","properties":{"c":"631421","o":"","e":""},"geometry":{"type":"Polygon","coordinates":[[[-87.2125,48.9],[-87.2125,48.90417],[-87.20625,48.90417],[-87.20625,48.9],[-87.2125,48.9]]]}},{"type":"Feature","properties":{"c":"631422","o":"","e":""},"geometry":{"type":"Polygon","coordinates":[[[-87.2,48.8875],[-87.2,48.89167],[-87.19375,48.89167],[-87.19375,48.8875],[-87.2,48.8875]]]}},{"type":"Feature","properties":{"c":"631423","o":"","e":""},"geometry":{"type":"Polygon","coordinates":[[[-87.2,48.89167],[-87.2,48.89583],[-87.19375,48.89583],[-87.19375,48.89167],[-87.2,48.89167]]]}},{"type":"Feature","properties":{"c":"631424","o":"","e":""},"geometry":{"type":"Polygon","coordinates":[[[-87.19375,48.89167],[-87.19375,48.89583],[-87.1875,48.89583],[-87.1875,48.89167],[-87.19375,48.89167]]]}},{"type":"Feature","properties":{"c":"631425","o":"","e":""},"geometry":{"type":"Polygon","coordinates":[[[-87.19375,48.9],[-87.19375,48.90417],[-87.1875,48.90417],[-87.1875,48.9],[-87.19375,48.9]]]}},{"type":"Feature","properties":{"c":"921154","o":"","e":""},"geometry":{"type":"Polygon","coordinates":[[[-87.24375,48.96667],[-87.24375,48.97083],[-87.2375,48.97083],[-87.2375,48.96667],[-87.24375,48.96667]]]}},{"type":"Feature","properties":{"c":"925907","o":"","e":""},"geometry":{"type":"Polygon","coordinates":[[[-87.36875,48.99167],[-87.36875,48.99583],[-87.3625,48.99583],[-87.3625,48.99167],[-87.36875,48.99167]]]}},{"type":"Feature","properties":{"c":"925908","o":"","e":""},"geometry":{"type":"Polygon","coordinates":[[[-87.375,48.99583],[-87.375,49.0],[-87.36875,49.0],[-87.36875,48.99583],[-87.375,48.99583]]]}},{"type":"Feature","properties":{"c":"925909","o":"","e":""},"geometry":{"type":"Polygon","coordinates":[[[-87.375,48.99167],[-87.375,48.99583],[-87.36875,48.99583],[-87.36875,48.99167],[-87.375,48.99167]]]}},{"type":"Feature","properties":{"c":"925910","o":"","e":""},"geometry":{"type":"Polygon","coordinates":[[[-87.36875,48.99583],[-87.36875,49.0],[-87.3625,49.0],[-87.3625,48.99583],[-87.36875,48.99583]]]}},{"type":"Feature","properties":{"c":"154105","o":"","e":""},"geometry":{"type":"Polygon","coordinates":[[[-87.0375,48.87083],[-87.0375,48.875],[-87.03125,48.875],[-87.03125,48.87083],[-87.0375,48.87083]]]}},{"type":"Feature","properties":{"c":"322179","o":"","e":""},"geometry":{"type":"Polygon","coordinates":[[[-87.0375,48.8625],[-87.0375,48.86667],[-87.03125,48.86667],[-87.03125,48.8625],[-87.0375,48.8625]]]}},{"type":"Feature","properties":{"c":"258582","o":"","e":""},"geometry":{"type":"Polygon","coordinates":[[[-87.2375,48.825],[-87.2375,48.82917],[-87.23125,48.82917],[-87.23125,48.825],[-87.2375,48.825]]]}},{"type":"Feature","properties":{"c":"306269","o":"","e":""},"geometry":{"type":"Polygon","coordinates":[[[-87.23125,48.825],[-87.23125,48.82917],[-87.225,48.82917],[-87.225,48.825],[-87.23125,48.825]]]}},{"type":"Feature","properties":{"c":"635613","o":"","e":""},"geometry":{"type":"Polygon","coordinates":[[[-87.31875,48.80833],[-87.31875,48.8125],[-87.3125,48.8125],[-87.3125,48.80833],[-87.31875,48.80833]]]}},{"type":"Feature","properties":{"c":"635614","o":"","e":""},"geometry":{"type":"Polygon","coordinates":[[[-87.3,48.80833],[-87.3,48.8125],[-87.29375,48.8125],[-87.29375,48.80833],[-87.3,48.80833]]]}},{"type":"Feature","properties":{"c":"635615","o":"","e":""},"geometry":{"type":"Polygon","coordinates":[[[-87.325,48.82083],[-87.325,48.825],[-87.31875,48.825],[-87.31875,48.82083],[-87.325,48.82083]]]}},{"type":"Feature","properties":{"c":"635616","o":"","e":""},"geometry":{"type":"Polygon","coordinates":[[[-87.30625,48.82083],[-87.30625,48.825],[-87.3,48.825],[-87.3,48.82083],[-87.30625,48.82083]]]}},{"type":"Feature","properties":{"c":"635617","o":"","e":""},"geometry":{"type":"Polygon","coordinates":[[[-87.325,48.81667],[-87.325,48.82083],[-87.31875,48.82083],[-87.31875,48.81667],[-87.325,48.81667]]]}},{"type":"Feature","properties":{"c":"635618","o":"","e":""},"geometry":{"type":"Polygon","coordinates":[[[-87.3125,48.80833],[-87.3125,48.8125],[-87.30625,48.8125],[-87.30625,48.80833],[-87.3125,48.80833]]]}},{"type":"Feature","properties":{"c":"635619","o":"","e":""},"geometry":{"type":"Polygon","coordinates":[[[-87.30625,48.8125],[-87.30625,48.81667],[-87.3,48.81667],[-87.3,48.8125],[-87.30625,48.8125]]]}},{"type":"Feature","properties":{"c":"635620","o":"","e":""},"geometry":{"type":"Polygon","coordinates":[[[-87.30625,48.80833],[-87.30625,48.8125],[-87.3,48.8125],[-87.3,48.80833],[-87.30625,48.80833]]]}},{"type":"Feature","properties":{"c":"635621","o":"","e":""},"geometry":{"type":"Polygon","coordinates":[[[-87.3125,48.82083],[-87.3125,48.825],[-87.30625,48.825],[-87.30625,48.82083],[-87.3125,48.82083]]]}},{"type":"Feature","properties":{"c":"635622","o":"","e":""},"geometry":{"type":"Polygon","coordinates":[[[-87.31875,48.81667],[-87.31875,48.82083],[-87.3125,48.82083],[-87.3125,48.81667],[-87.31875,48.81667]]]}},{"type":"Feature","properties":{"c":"635623","o":"","e":""},"geometry":{"type":"Polygon","coordinates":[[[-87.31875,48.82083],[-87.31875,48.825],[-87.3125,48.825],[-87.3125,48.82083],[-87.31875,48.82083]]]}},{"type":"Feature","properties":{"c":"635624","o":"","e":""},"geometry":{"type":"Polygon","coordinates":[[[-87.30625,48.81667],[-87.30625,48.82083],[-87.3,48.82083],[-87.3,48.81667],[-87.30625,48.81667]]]}},{"type":"Feature","properties":{"c":"635625","o":"","e":""},"geometry":{"type":"Polygon","coordinates":[[[-87.3125,48.81667],[-87.3125,48.82083],[-87.30625,48.82083],[-87.30625,48.81667],[-87.3125,48.81667]]]}},{"type":"Feature","properties":{"c":"635626","o":"","e":""},"geometry":{"type":"Polygon","coordinates":[[[-87.29375,48.8125],[-87.29375,48.81667],[-87.2875,48.81667],[-87.2875,48.8125],[-87.29375,48.8125]]]}},{"type":"Feature","properties":{"c":"635627","o":"","e":""},"geometry":{"type":"Polygon","coordinates":[[[-87.325,48.80833],[-87.325,48.8125],[-87.31875,48.8125],[-87.31875,48.80833],[-87.325,48.80833]]]}},{"type":"Feature","properties":{"c":"635628","o":"","e":""},"geometry":{"type":"Polygon","coordinates":[[[-87.325,48.8125],[-87.325,48.81667],[-87.31875,48.81667],[-87.31875,48.8125],[-87.325,48.8125]]]}},{"type":"Feature","properties":{"c":"635629","o":"","e":""},"geometry":{"type":"Polygon","coordinates":[[[-87.31875,48.8125],[-87.31875,48.81667],[-87.3125,48.81667],[-87.3125,48.8125],[-87.31875,48.8125]]]}},{"type":"Feature","properties":{"c":"635630","o":"","e":""},"geometry":{"type":"Polygon","coordinates":[[[-87.3125,48.8125],[-87.3125,48.81667],[-87.30625,48.81667],[-87.30625,48.8125],[-87.3125,48.8125]]]}},{"type":"Feature","properties":{"c":"635631","o":"","e":""},"geometry":{"type":"Polygon","coordinates":[[[-87.3,48.8125],[-87.3,48.81667],[-87.29375,48.81667],[-87.29375,48.8125],[-87.3,48.8125]]]}},{"type":"Feature","properties":{"c":"635632","o":"","e":""},"geometry":{"type":"Polygon","coordinates":[[[-87.2875,48.8125],[-87.2875,48.81667],[-87.28125,48.81667],[-87.28125,48.8125],[-87.2875,48.8125]]]}},{"type":"Feature","properties":{"c":"325772","o":"","e":""},"geometry":{"type":"Polygon","coordinates":[[[-87.23125,48.82917],[-87.23125,48.83333],[-87.225,48.83333],[-87.225,48.82917],[-87.23125,48.82917]]]}},{"type":"Feature","properties":{"c":"325773","o":"","e":""},"geometry":{"type":"Polygon","coordinates":[[[-87.2375,48.82917],[-87.2375,48.83333],[-87.23125,48.83333],[-87.23125,48.82917],[-87.2375,48.82917]]]}},{"type":"Feature","properties":{"c":"532842","o":"","e":""},"geometry":{"type":"Polygon","coordinates":[[[-87.275,48.89583],[-87.275,48.9],[-87.26875,48.9],[-87.26875,48.89583],[-87.275,48.89583]]]}},{"type":"Feature","properties":{"c":"532843","o":"","e":""},"geometry":{"type":"Polygon","coordinates":[[[-87.275,48.9],[-87.275,48.90417],[-87.26875,48.90417],[-87.26875,48.9],[-87.275,48.9]]]}},{"type":"Feature","properties":{"c":"532844","o":"","e":""},"geometry":{"type":"Polygon","coordinates":[[[-87.2625,48.89583],[-87.2625,48.9],[-87.25625,48.9],[-87.25625,48.89583],[-87.2625,48.89583]]]}},{"type":"Feature","properties":{"c":"532845","o":"","e":""},"geometry":{"type":"Polygon","coordinates":[[[-87.2625,48.9],[-87.2625,48.90417],[-87.25625,48.90417],[-87.25625,48.9],[-87.2625,48.9]]]}},{"type":"Feature","properties":{"c":"532846","o":"","e":""},"geometry":{"type":"Polygon","coordinates":[[[-87.25625,48.89583],[-87.25625,48.9],[-87.25,48.9],[-87.25,48.89583],[-87.25625,48.89583]]]}},{"type":"Feature","properties":{"c":"532847","o":"","e":""},"geometry":{"type":"Polygon","coordinates":[[[-87.26875,48.9],[-87.26875,48.90417],[-87.2625,48.90417],[-87.2625,48.9],[-87.26875,48.9]]]}},{"type":"Feature","properties":{"c":"532848","o":"","e":""},"geometry":{"type":"Polygon","coordinates":[[[-87.2375,48.88333],[-87.2375,48.8875],[-87.23125,48.8875],[-87.23125,48.88333],[-87.2375,48.88333]]]}},{"type":"Feature","properties":{"c":"532849","o":"","e":""},"geometry":{"type":"Polygon","coordinates":[[[-87.28125,48.9],[-87.28125,48.90417],[-87.275,48.90417],[-87.275,48.9],[-87.28125,48.9]]]}},{"type":"Feature","properties":{"c":"532850","o":"","e":""},"geometry":{"type":"Polygon","coordinates":[[[-87.25,48.88333],[-87.25,48.8875],[-87.24375,48.8875],[-87.24375,48.88333],[-87.25,48.88333]]]}},{"type":"Feature","properties":{"c":"532851","o":"","e":""},"geometry":{"type":"Polygon","coordinates":[[[-87.25,48.9],[-87.25,48.90417],[-87.24375,48.90417],[-87.24375,48.9],[-87.25,48.9]]]}},{"type":"Feature","properties":{"c":"532852","o":"","e":""},"geometry":{"type":"Polygon","coordinates":[[[-87.24375,48.8875],[-87.24375,48.89167],[-87.2375,48.89167],[-87.2375,48.8875],[-87.24375,48.8875]]]}},{"type":"Feature","properties":{"c":"532853","o":"","e":""},"geometry":{"type":"Polygon","coordinates":[[[-87.2375,48.9],[-87.2375,48.90417],[-87.23125,48.90417],[-87.23125,48.9],[-87.2375,48.9]]]}},{"type":"Feature","properties":{"c":"532854","o":"","e":""},"geometry":{"type":"Polygon","coordinates":[[[-87.25,48.8875],[-87.25,48.89167],[-87.24375,48.89167],[-87.24375,48.8875],[-87.25,48.8875]]]}},{"type":"Feature","properties":{"c":"532855","o":"","e":""},"geometry":{"type":"Polygon","coordinates":[[[-87.2375,48.89167],[-87.2375,48.89583],[-87.23125,48.89583],[-87.23125,48.89167],[-87.2375,48.89167]]]}},{"type":"Feature","properties":{"c":"532856","o":"","e":""},"geometry":{"type":"Polygon","coordinates":[[[-87.23125,48.88333],[-87.23125,48.8875],[-87.225,48.8875],[-87.225,48.88333],[-87.23125,48.88333]]]}},{"type":"Feature","properties":{"c":"532857","o":"","e":""},"geometry":{"type":"Polygon","coordinates":[[[-87.25,48.89583],[-87.25,48.9],[-87.24375,48.9],[-87.24375,48.89583],[-87.25,48.89583]]]}},{"type":"Feature","properties":{"c":"532858","o":"","e":""},"geometry":{"type":"Polygon","coordinates":[[[-87.2375,48.89583],[-87.2375,48.9],[-87.23125,48.9],[-87.23125,48.89583],[-87.2375,48.89583]]]}},{"type":"Feature","properties":{"c":"532859","o":"","e":""},"geometry":{"type":"Polygon","coordinates":[[[-87.23125,48.9],[-87.23125,48.90417],[-87.225,48.90417],[-87.225,48.9],[-87.23125,48.9]]]}},{"type":"Feature","properties":{"c":"532860","o":"","e":""},"geometry":{"type":"Polygon","coordinates":[[[-87.24375,48.88333],[-87.24375,48.8875],[-87.2375,48.8875],[-87.2375,48.88333],[-87.24375,48.88333]]]}},{"type":"Feature","properties":{"c":"532861","o":"","e":""},"geometry":{"type":"Polygon","coordinates":[[[-87.24375,48.89167],[-87.24375,48.89583],[-87.2375,48.89583],[-87.2375,48.89167],[-87.24375,48.89167]]]}},{"type":"Feature","properties":{"c":"532862","o":"","e":""},"geometry":{"type":"Polygon","coordinates":[[[-87.25625,48.9],[-87.25625,48.90417],[-87.25,48.90417],[-87.25,48.9],[-87.25625,48.9]]]}},{"type":"Feature","properties":{"c":"532863","o":"","e":""},"geometry":{"type":"Polygon","coordinates":[[[-87.24375,48.9],[-87.24375,48.90417],[-87.2375,48.90417],[-87.2375,48.9],[-87.24375,48.9]]]}},{"type":"Feature","properties":{"c":"532864","o":"","e":""},"geometry":{"type":"Polygon","coordinates":[[[-87.2375,48.8875],[-87.2375,48.89167],[-87.23125,48.89167],[-87.23125,48.8875],[-87.2375,48.8875]]]}},{"type":"Feature","properties":{"c":"532865","o":"","e":""},"geometry":{"type":"Polygon","coordinates":[[[-87.23125,48.89167],[-87.23125,48.89583],[-87.225,48.89583],[-87.225,48.89167],[-87.23125,48.89167]]]}},{"type":"Feature","properties":{"c":"525082","o":"","e":""},"geometry":{"type":"Polygon","coordinates":[[[-87.2125,48.88333],[-87.2125,48.8875],[-87.20625,48.8875],[-87.20625,48.88333],[-87.2125,48.88333]]]}},{"type":"Feature","properties":{"c":"525083","o":"","e":""},"geometry":{"type":"Polygon","coordinates":[[[-87.225,48.8875],[-87.225,48.89167],[-87.21875,48.89167],[-87.21875,48.8875],[-87.225,48.8875]]]}},{"type":"Feature","properties":{"c":"525084","o":"","e":""},"geometry":{"type":"Polygon","coordinates":[[[-87.21875,48.88333],[-87.21875,48.8875],[-87.2125,48.8875],[-87.2125,48.88333],[-87.21875,48.88333]]]}},{"type":"Feature","properties":{"c":"525085","o":"","e":""},"geometry":{"type":"Polygon","coordinates":[[[-87.21875,48.8875],[-87.21875,48.89167],[-87.2125,48.89167],[-87.2125,48.8875],[-87.21875,48.8875]]]}},{"type":"Feature","properties":{"c":"525086","o":"","e":""},"geometry":{"type":"Polygon","coordinates":[[[-87.2125,48.89167],[-87.2125,48.89583],[-87.20625,48.89583],[-87.20625,48.89167],[-87.2125,48.89167]]]}},{"type":"Feature","properties":{"c":"979297","o":"","e":""},"geometry":{"type":"Polygon","coordinates":[[[-87.00625,48.89583],[-87.00625,48.9],[-87.0,48.9],[-87.0,48.89583],[-87.00625,48.89583]]]}},{"type":"Feature","properties":{"c":"931540","o":"","e":""},"geometry":{"type":"Polygon","coordinates":[[[-87.3625,48.91667],[-87.3625,48.92083],[-87.35625,48.92083],[-87.35625,48.91667],[-87.3625,48.91667]]]}},{"type":"Feature","properties":{"c":"1035663","o":"","e":""},"geometry":{"type":"Polygon","coordinates":[[[-87.01875,48.85417],[-87.01875,48.85833],[-87.0125,48.85833],[-87.0125,48.85417],[-87.01875,48.85417]]]}},{"type":"Feature","properties":{"c":"1035664","o":"","e":""},"geometry":{"type":"Polygon","coordinates":[[[-87.01875,48.85833],[-87.01875,48.8625],[-87.0125,48.8625],[-87.0125,48.85833],[-87.01875,48.85833]]]}},{"type":"Feature","properties":{"c":"1035665","o":"","e":""},"geometry":{"type":"Polygon","coordinates":[[[-87.025,48.85833],[-87.025,48.8625],[-87.01875,48.8625],[-87.01875,48.85833],[-87.025,48.85833]]]}},{"type":"Feature","properties":{"c":"1035666","o":"","e":""},"geometry":{"type":"Polygon","coordinates":[[[-87.03125,48.85833],[-87.03125,48.8625],[-87.025,48.8625],[-87.025,48.85833],[-87.03125,48.85833]]]}},{"type":"Feature","properties":{"c":"641064","o":"","e":""},"geometry":{"type":"Polygon","coordinates":[[[-87.20625,48.775],[-87.20625,48.77917],[-87.2,48.77917],[-87.2,48.775],[-87.20625,48.775]]]}},{"type":"Feature","properties":{"c":"641065","o":"","e":""},"geometry":{"type":"Polygon","coordinates":[[[-87.2,48.78333],[-87.2,48.7875],[-87.19375,48.7875],[-87.19375,48.78333],[-87.2,48.78333]]]}},{"type":"Feature","properties":{"c":"641066","o":"","e":""},"geometry":{"type":"Polygon","coordinates":[[[-87.23125,48.78333],[-87.23125,48.7875],[-87.225,48.7875],[-87.225,48.78333],[-87.23125,48.78333]]]}},{"type":"Feature","properties":{"c":"641067","o":"","e":""},"geometry":{"type":"Polygon","coordinates":[[[-87.2125,48.77917],[-87.2125,48.78333],[-87.20625,48.78333],[-87.20625,48.77917],[-87.2125,48.77917]]]}},{"type":"Feature","properties":{"c":"641068","o":"","e":""},"geometry":{"type":"Polygon","coordinates":[[[-87.20625,48.7875],[-87.20625,48.79167],[-87.2,48.79167],[-87.2,48.7875],[-87.20625,48.7875]]]}},{"type":"Feature","properties":{"c":"641069","o":"","e":""},"geometry":{"type":"Polygon","coordinates":[[[-87.2,48.77917],[-87.2,48.78333],[-87.19375,48.78333],[-87.19375,48.77917],[-87.2,48.77917]]]}},{"type":"Feature","properties":{"c":"641070","o":"","e":""},"geometry":{"type":"Polygon","coordinates":[[[-87.20625,48.77917],[-87.20625,48.78333],[-87.2,48.78333],[-87.2,48.77917],[-87.20625,48.77917]]]}},{"type":"Feature","properties":{"c":"641071","o":"","e":""},"geometry":{"type":"Polygon","coordinates":[[[-87.21875,48.78333],[-87.21875,48.7875],[-87.2125,48.7875],[-87.2125,48.78333],[-87.21875,48.78333]]]}},{"type":"Feature","properties":{"c":"641072","o":"","e":""},"geometry":{"type":"Polygon","coordinates":[[[-87.2,48.7875],[-87.2,48.79167],[-87.19375,48.79167],[-87.19375,48.7875],[-87.2,48.7875]]]}},{"type":"Feature","properties":{"c":"641073","o":"","e":""},"geometry":{"type":"Polygon","coordinates":[[[-87.225,48.78333],[-87.225,48.7875],[-87.21875,48.7875],[-87.21875,48.78333],[-87.225,48.78333]]]}},{"type":"Feature","properties":{"c":"641074","o":"","e":""},"geometry":{"type":"Polygon","coordinates":[[[-87.2,48.775],[-87.2,48.77917],[-87.19375,48.77917],[-87.19375,48.775],[-87.2,48.775]]]}},{"type":"Feature","properties":{"c":"641075","o":"","e":""},"geometry":{"type":"Polygon","coordinates":[[[-87.21875,48.77917],[-87.21875,48.78333],[-87.2125,48.78333],[-87.2125,48.77917],[-87.21875,48.77917]]]}},{"type":"Feature","properties":{"c":"641076","o":"","e":""},"geometry":{"type":"Polygon","coordinates":[[[-87.20625,48.78333],[-87.20625,48.7875],[-87.2,48.7875],[-87.2,48.78333],[-87.20625,48.78333]]]}},{"type":"Feature","properties":{"c":"641077","o":"","e":""},"geometry":{"type":"Polygon","coordinates":[[[-87.21875,48.775],[-87.21875,48.77917],[-87.2125,48.77917],[-87.2125,48.775],[-87.21875,48.775]]]}},{"type":"Feature","properties":{"c":"641078","o":"","e":""},"geometry":{"type":"Polygon","coordinates":[[[-87.2125,48.7875],[-87.2125,48.79167],[-87.20625,48.79167],[-87.20625,48.7875],[-87.2125,48.7875]]]}},{"type":"Feature","properties":{"c":"641079","o":"","e":""},"geometry":{"type":"Polygon","coordinates":[[[-87.2125,48.775],[-87.2125,48.77917],[-87.20625,48.77917],[-87.20625,48.775],[-87.2125,48.775]]]}},{"type":"Feature","properties":{"c":"641080","o":"","e":""},"geometry":{"type":"Polygon","coordinates":[[[-87.2125,48.78333],[-87.2125,48.7875],[-87.20625,48.7875],[-87.20625,48.78333],[-87.2125,48.78333]]]}},{"type":"Feature","properties":{"c":"641081","o":"","e":""},"geometry":{"type":"Polygon","coordinates":[[[-87.2125,48.79167],[-87.2125,48.79583],[-87.20625,48.79583],[-87.20625,48.79167],[-87.2125,48.79167]]]}},{"type":"Feature","properties":{"c":"644566","o":"","e":""},"geometry":{"type":"Polygon","coordinates":[[[-87.20625,48.90417],[-87.20625,48.90833],[-87.2,48.90833],[-87.2,48.90417],[-87.20625,48.90417]]]}},{"type":"Feature","properties":{"c":"644567","o":"","e":""},"geometry":{"type":"Polygon","coordinates":[[[-87.18125,48.90417],[-87.18125,48.90833],[-87.175,48.90833],[-87.175,48.90417],[-87.18125,48.90417]]]}},{"type":"Feature","properties":{"c":"644568","o":"","e":""},"geometry":{"type":"Polygon","coordinates":[[[-87.1875,48.90417],[-87.1875,48.90833],[-87.18125,48.90833],[-87.18125,48.90417],[-87.1875,48.90417]]]}},{"type":"Feature","properties":{"c":"644569","o":"","e":""},"geometry":{"type":"Polygon","coordinates":[[[-87.18125,48.89583],[-87.18125,48.9],[-87.175,48.9],[-87.175,48.89583],[-87.18125,48.89583]]]}},{"type":"Feature","properties":{"c":"644570","o":"","e":""},"geometry":{"type":"Polygon","coordinates":[[[-87.175,48.89583],[-87.175,48.9],[-87.16875,48.9],[-87.16875,48.89583],[-87.175,48.89583]]]}},{"type":"Feature","properties":{"c":"644571","o":"","e":""},"geometry":{"type":"Polygon","coordinates":[[[-87.2,48.90833],[-87.2,48.9125],[-87.19375,48.9125],[-87.19375,48.90833],[-87.2,48.90833]]]}},{"type":"Feature","properties":{"c":"644572","o":"","e":""},"geometry":{"type":"Polygon","coordinates":[[[-87.1875,48.90833],[-87.1875,48.9125],[-87.18125,48.9125],[-87.18125,48.90833],[-87.1875,48.90833]]]}},{"type":"Feature","properties":{"c":"644573","o":"","e":""},"geometry":{"type":"Polygon","coordinates":[[[-87.18125,48.9],[-87.18125,48.90417],[-87.175,48.90417],[-87.175,48.9],[-87.18125,48.9]]]}},{"type":"Feature","properties":{"c":"644574","o":"","e":""},"geometry":{"type":"Polygon","coordinates":[[[-87.175,48.90833],[-87.175,48.9125],[-87.16875,48.9125],[-87.16875,48.90833],[-87.175,48.90833]]]}},{"type":"Feature","properties":{"c":"644575","o":"","e":""},"geometry":{"type":"Polygon","coordinates":[[[-87.2,48.90417],[-87.2,48.90833],[-87.19375,48.90833],[-87.19375,48.90417],[-87.2,48.90417]]]}},{"type":"Feature","properties":{"c":"644576","o":"","e":""},"geometry":{"type":"Polygon","coordinates":[[[-87.19375,48.90417],[-87.19375,48.90833],[-87.1875,48.90833],[-87.1875,48.90417],[-87.19375,48.90417]]]}},{"type":"Feature","properties":{"c":"644577","o":"","e":""},"geometry":{"type":"Polygon","coordinates":[[[-87.175,48.9],[-87.175,48.90417],[-87.16875,48.90417],[-87.16875,48.9],[-87.175,48.9]]]}},{"type":"Feature","properties":{"c":"644578","o":"","e":""},"geometry":{"type":"Polygon","coordinates":[[[-87.20625,48.90833],[-87.20625,48.9125],[-87.2,48.9125],[-87.2,48.90833],[-87.20625,48.90833]]]}},{"type":"Feature","properties":{"c":"644579","o":"","e":""},"geometry":{"type":"Polygon","coordinates":[[[-87.19375,48.90833],[-87.19375,48.9125],[-87.1875,48.9125],[-87.1875,48.90833],[-87.19375,48.90833]]]}},{"type":"Feature","properties":{"c":"644580","o":"","e":""},"geometry":{"type":"Polygon","coordinates":[[[-87.18125,48.90833],[-87.18125,48.9125],[-87.175,48.9125],[-87.175,48.90833],[-87.18125,48.90833]]]}},{"type":"Feature","properties":{"c":"644581","o":"","e":""},"geometry":{"type":"Polygon","coordinates":[[[-87.175,48.90417],[-87.175,48.90833],[-87.16875,48.90833],[-87.16875,48.90417],[-87.175,48.90417]]]}},{"type":"Feature","properties":{"c":"658843","o":"","e":""},"geometry":{"type":"Polygon","coordinates":[[[-87.2125,48.87083],[-87.2125,48.875],[-87.20625,48.875],[-87.20625,48.87083],[-87.2125,48.87083]]]}},{"type":"Feature","properties":{"c":"658844","o":"","e":""},"geometry":{"type":"Polygon","coordinates":[[[-87.20625,48.85833],[-87.20625,48.8625],[-87.2,48.8625],[-87.2,48.85833],[-87.20625,48.85833]]]}},{"type":"Feature","properties":{"c":"658845","o":"","e":""},"geometry":{"type":"Polygon","coordinates":[[[-87.20625,48.85417],[-87.20625,48.85833],[-87.2,48.85833],[-87.2,48.85417],[-87.20625,48.85417]]]}},{"type":"Feature","properties":{"c":"658846","o":"","e":""},"geometry":{"type":"Polygon","coordinates":[[[-87.20625,48.8625],[-87.20625,48.86667],[-87.2,48.86667],[-87.2,48.8625],[-87.20625,48.8625]]]}},{"type":"Feature","properties":{"c":"658847","o":"","e":""},"geometry":{"type":"Polygon","coordinates":[[[-87.2125,48.85833],[-87.2125,48.8625],[-87.20625,48.8625],[-87.20625,48.85833],[-87.2125,48.85833]]]}},{"type":"Feature","properties":{"c":"658848","o":"","e":""},"geometry":{"type":"Polygon","coordinates":[[[-87.2125,48.86667],[-87.2125,48.87083],[-87.20625,48.87083],[-87.20625,48.86667],[-87.2125,48.86667]]]}},{"type":"Feature","properties":{"c":"658849","o":"","e":""},"geometry":{"type":"Polygon","coordinates":[[[-87.20625,48.87083],[-87.20625,48.875],[-87.2,48.875],[-87.2,48.87083],[-87.20625,48.87083]]]}},{"type":"Feature","properties":{"c":"658850","o":"","e":""},"geometry":{"type":"Polygon","coordinates":[[[-87.2125,48.85417],[-87.2125,48.85833],[-87.20625,48.85833],[-87.20625,48.85417],[-87.2125,48.85417]]]}},{"type":"Feature","properties":{"c":"658851","o":"","e":""},"geometry":{"type":"Polygon","coordinates":[[[-87.20625,48.86667],[-87.20625,48.87083],[-87.2,48.87083],[-87.2,48.86667],[-87.20625,48.86667]]]}},{"type":"Feature","properties":{"c":"658852","o":"","e":""},"geometry":{"type":"Polygon","coordinates":[[[-87.2125,48.8625],[-87.2125,48.86667],[-87.20625,48.86667],[-87.20625,48.8625],[-87.2125,48.8625]]]}},{"type":"Feature","properties":{"c":"674591","o":"","e":""},"geometry":{"type":"Polygon","coordinates":[[[-87.2,48.80417],[-87.2,48.80833],[-87.19375,48.80833],[-87.19375,48.80417],[-87.2,48.80417]]]}},{"type":"Feature","properties":{"c":"791394","o":"","e":""},"geometry":{"type":"Polygon","coordinates":[[[-87.4,48.90417],[-87.4,48.90833],[-87.39375,48.90833],[-87.39375,48.90417],[-87.4,48.90417]]]}},{"type":"Feature","properties":{"c":"791395","o":"","e":""},"geometry":{"type":"Polygon","coordinates":[[[-87.4,48.90833],[-87.4,48.9125],[-87.39375,48.9125],[-87.39375,48.90833],[-87.4,48.90833]]]}},{"type":"Feature","properties":{"c":"791374","o":"","e":""},"geometry":{"type":"Polygon","coordinates":[[[-87.4,48.90417],[-87.39375,48.90417],[-87.39375,48.90833],[-87.39375,48.9125],[-87.4,48.9125],[-87.4,48.91667],[-87.39375,48.91667],[-87.3875,48.91667],[-87.38125,48.91667],[-87.38125,48.9125],[-87.38125,48.90833],[-87.375,48.90833],[-87.375,48.90417],[-87.375,48.9],[-87.375,48.89583],[-87.38125,48.89583],[-87.3875,48.89583],[-87.39375,48.89583],[-87.4,48.89583],[-87.4,48.9],[-87.4,48.90417]]]}},{"type":"Feature","properties":{"c":"957693","o":"","e":""},"geometry":{"type":"Polygon","coordinates":[[[-87.375,48.94583],[-87.375,48.95],[-87.36875,48.95],[-87.36875,48.94583],[-87.375,48.94583]]]}},{"type":"Feature","properties":{"c":"983483","o":"","e":""},"geometry":{"type":"Polygon","coordinates":[[[-87.01875,48.8875],[-87.01875,48.89167],[-87.0125,48.89167],[-87.0125,48.8875],[-87.01875,48.8875]]]}},{"type":"Feature","properties":{"c":"983484","o":"","e":""},"geometry":{"type":"Polygon","coordinates":[[[-87.01875,48.89583],[-87.01875,48.9],[-87.0125,48.9],[-87.0125,48.89583],[-87.01875,48.89583]]]}},{"type":"Feature","properties":{"c":"983485","o":"","e":""},"geometry":{"type":"Polygon","coordinates":[[[-87.0125,48.9],[-87.0125,48.90417],[-87.00625,48.90417],[-87.00625,48.9],[-87.0125,48.9]]]}},{"type":"Feature","properties":{"c":"983482","o":"","e":""},"geometry":{"type":"Polygon","coordinates":[[[-87.0125,48.8875],[-87.0125,48.89167],[-87.00625,48.89167],[-87.00625,48.8875],[-87.0125,48.8875]]]}},{"type":"Feature","properties":{"c":"1071614","o":"","e":""},"geometry":{"type":"Polygon","coordinates":[[[-87.1375,48.99583],[-87.13125,48.99583],[-87.13125,49.0],[-87.13125,49.00417],[-87.125,49.00417],[-87.125,49.00833],[-87.125,49.0125],[-87.11875,49.0125],[-87.11875,49.00833],[-87.11875,49.00417],[-87.11875,49.0],[-87.125,49.0],[-87.125,48.99583],[-87.125,48.99167],[-87.13125,48.99167],[-87.13125,48.9875],[-87.1375,48.9875],[-87.1375,48.99167],[-87.1375,48.99583]]]}},{"type":"Feature","properties":{"c":"535017","o":"","e":""},"geometry":{"type":"Polygon","coordinates":[[[-87.41875,49.00417],[-87.41875,49.00833],[-87.4125,49.00833],[-87.40625,49.00833],[-87.4,49.00833],[-87.4,49.0125],[-87.39375,49.0125],[-87.3875,49.0125],[-87.3875,49.00833],[-87.3875,49.00417],[-87.3875,49.0],[-87.39375,49.0],[-87.4,49.0],[-87.40625,49.0],[-87.40625,48.99583],[-87.4125,48.99583],[-87.41875,48.99583],[-87.41875,49.0],[-87.41875,49.00417]]]}}]}