{"type":"FeatureCollection","features":[{"type":"Feature","properties":{"c":"101273","o":"","e":""},"geometry":{"type":"Polygon","coordinates":[[[-93.50625,49.21667],[-93.50625,49.22083],[-93.5,49.22083],[-93.5,49.21667],[-93.50625,49.21667]]]}},{"type":"Feature","properties":{"c":"102549","o":"","e":""},"geometry":{"type":"Polygon","coordinates":[[[-93.50625,49.16667],[-93.50625,49.17083],[-93.5,49.17083],[-93.5,49.16667],[-93.50625,49.16667]]]}},{"type":"Feature","properties":{"c":"117814","o":"","e":""},"geometry":{"type":"Polygon","coordinates":[[[-93.50625,49.14583],[-93.50625,49.15],[-93.5,49.15],[-93.5,49.14583],[-93.50625,49.14583]]]}},{"type":"Feature","properties":{"c":"965259","o":"","e":""},"geometry":{"type":"Polygon","coordinates":[[[-93.50625,49.29583],[-93.50625,49.3],[-93.5,49.3],[-93.5,49.29583],[-93.50625,49.29583]]]}},{"type":"Feature","properties":{"c":"965260","o":"","e":""},"geometry":{"type":"Polygon","coordinates":[[[-93.50625,49.29167],[-93.50625,49.29583],[-93.5,49.29583],[-93.5,49.29167],[-93.50625,49.29167]]]}},{"type":"Feature","properties":{"c":"965266","o":"","e":""},"geometry":{"type":"Polygon","coordinates":[[[-93.50625,49.27917],[-93.50625,49.28333],[-93.5,49.28333],[-93.5,49.27917],[-93.50625,49.27917]]]}},{"type":"Feature","properties":{"c":"122233","o":"","e":""},"geometry":{"type":"Polygon","coordinates":[[[-93.50625,49.1625],[-93.50625,49.16667],[-93.5,49.16667],[-93.5,49.1625],[-93.50625,49.1625]]]}},{"type":"Feature","properties":{"c":"131590","o":"","e":""},"geometry":{"type":"Polygon","coordinates":[[[-93.50625,49.20417],[-93.50625,49.20833],[-93.5,49.20833],[-93.5,49.20417],[-93.50625,49.20417]]]}},{"type":"Feature","properties":{"c":"556254","o":"","e":""},"geometry":{"type":"Polygon","coordinates":[[[-93.5125,49.32083],[-93.5125,49.325],[-93.5125,49.32917],[-93.5125,49.33333],[-93.50625,49.33333],[-93.5,49.33333],[-93.5,49.32917],[-93.5,49.325],[-93.5,49.32083],[-93.5,49.31667],[-93.5,49.3125],[-93.50625,49.3125],[-93.5125,49.3125],[-93.5125,49.31667],[-93.5125,49.32083]]]}},{"type":"Feature","properties":{"c":"152300","o":"","e":""},"geometry":{"type":"Polygon","coordinates":[[[-93.50625,49.225],[-93.50625,49.22917],[-93.5,49.22917],[-93.5,49.225],[-93.50625,49.225]]]}},{"type":"Feature","properties":{"c":"950700","o":"","e":""},"geometry":{"type":"Polygon","coordinates":[[[-93.50625,49.36667],[-93.50625,49.37083],[-93.5,49.37083],[-93.5,49.36667],[-93.50625,49.36667]]]}},{"type":"Feature","properties":{"c":"168907","o":"","e":""},"geometry":{"type":"Polygon","coordinates":[[[-93.50625,49.2125],[-93.50625,49.21667],[-93.5,49.21667],[-93.5,49.2125],[-93.50625,49.2125]]]}},{"type":"Feature","properties":{"c":"168961","o":"","e":""},"geometry":{"type":"Polygon","coordinates":[[[-93.50625,49.1375],[-93.50625,49.14167],[-93.5,49.14167],[-93.5,49.1375],[-93.50625,49.1375]]]}},{"type":"Feature","properties":{"c":"182371","o":"","e":""},"geometry":{"type":"Polygon","coordinates":[[[-93.50625,49.24167],[-93.50625,49.24583],[-93.5,49.24583],[-93.5,49.24167],[-93.50625,49.24167]]]}},{"type":"Feature","properties":{"c":"181034","o":"","e":""},"geometry":{"type":"Polygon","coordinates":[[[-93.50625,49.175],[-93.50625,49.17917],[-93.5,49.17917],[-93.5,49.175],[-93.50625,49.175]]]}},{"type":"Feature","properties":{"c":"196932","o":"","e":""},"geometry":{"type":"Polygon","coordinates":[[[-93.50625,49.23333],[-93.50625,49.2375],[-93.5,49.2375],[-93.5,49.23333],[-93.50625,49.23333]]]}},{"type":"Feature","properties":{"c":"196840","o":"","e":""},"geometry":{"type":"Polygon","coordinates":[[[-93.50625,49.15],[-93.50625,49.15417],[-93.5,49.15417],[-93.5,49.15],[-93.50625,49.15]]]}},{"type":"Feature","properties":{"c":"207821","o":"","e":""},"geometry":{"type":"Polygon","coordinates":[[[-93.50625,49.1875],[-93.50625,49.19167],[-93.5,49.19167],[-93.5,49.1875],[-93.50625,49.1875]]]}},{"type":"Feature","properties":{"c":"216411","o":"","e":""},"geometry":{"type":"Polygon","coordinates":[[[-93.50625,49.17083],[-93.50625,49.175],[-93.5,49.175],[-93.5,49.17083],[-93.50625,49.17083]]]}},{"type":"Feature","properties":{"c":"217096","o":"","e":""},"geometry":{"type":"Polygon","coordinates":[[[-93.50625,49.22083],[-93.50625,49.225],[-93.5,49.225],[-93.5,49.22083],[-93.50625,49.22083]]]}},{"type":"Feature","properties":{"c":"242981","o":"","e":""},"geometry":{"type":"Polygon","coordinates":[[[-93.50625,49.20833],[-93.50625,49.2125],[-93.5,49.2125],[-93.5,49.20833],[-93.50625,49.20833]]]}},{"type":"Feature","properties":{"c":"242983","o":"","e":""},"geometry":{"type":"Polygon","coordinates":[[[-93.50625,49.2],[-93.50625,49.20417],[-93.5,49.20417],[-93.5,49.2],[-93.50625,49.2]]]}},{"type":"Feature","properties":{"c":"267094","o":"","e":""},"geometry":{"type":"Polygon","coordinates":[[[-93.50625,49.19167],[-93.50625,49.19583],[-93.5,49.19583],[-93.5,49.19167],[-93.50625,49.19167]]]}},{"type":"Feature","properties":{"c":"271585","o":"","e":""},"geometry":{"type":"Polygon","coordinates":[[[-93.50625,49.18333],[-93.50625,49.1875],[-93.5,49.1875],[-93.5,49.18333],[-93.50625,49.18333]]]}},{"type":"Feature","properties":{"c":"272365","o":"","e":""},"geometry":{"type":"Polygon","coordinates":[[[-93.50625,49.15417],[-93.50625,49.15833],[-93.5,49.15833],[-93.5,49.15417],[-93.50625,49.15417]]]}},{"type":"Feature","properties":{"c":"272291","o":"","e":""},"geometry":{"type":"Polygon","coordinates":[[[-93.50625,49.22917],[-93.50625,49.23333],[-93.5,49.23333],[-93.5,49.22917],[-93.50625,49.22917]]]}},{"type":"Feature","properties":{"c":"283698","o":"","e":""},"geometry":{"type":"Polygon","coordinates":[[[-93.50625,49.17917],[-93.50625,49.18333],[-93.5,49.18333],[-93.5,49.17917],[-93.50625,49.17917]]]}},{"type":"Feature","properties":{"c":"291755","o":"","e":""},"geometry":{"type":"Polygon","coordinates":[[[-93.50625,49.14167],[-93.50625,49.14583],[-93.5,49.14583],[-93.5,49.14167],[-93.50625,49.14167]]]}},{"type":"Feature","properties":{"c":"313053","o":"","e":""},"geometry":{"type":"Polygon","coordinates":[[[-93.50625,49.15833],[-93.50625,49.1625],[-93.5,49.1625],[-93.5,49.15833],[-93.50625,49.15833]]]}},{"type":"Feature","properties":{"c":"311034","o":"","e":""},"geometry":{"type":"Polygon","coordinates":[[[-93.50625,49.19583],[-93.50625,49.2],[-93.5,49.2],[-93.5,49.19583],[-93.50625,49.19583]]]}},{"type":"Feature","properties":{"c":"321569","o":"","e":""},"geometry":{"type":"Polygon","coordinates":[[[-93.50625,49.2375],[-93.50625,49.24167],[-93.5,49.24167],[-93.5,49.2375],[-93.50625,49.2375]]]}},{"type":"Feature","properties":{"c":"344541","o":"","e":""},"geometry":{"type":"Polygon","coordinates":[[[-93.50625,49.1625],[-93.50625,49.16667],[-93.5,49.16667],[-93.5,49.1625],[-93.50625,49.1625]]]}},{"type":"Feature","properties":{"c":"965289","o":"","e":""},"geometry":{"type":"Polygon","coordinates":[[[-93.50625,49.27083],[-93.50625,49.275],[-93.5,49.275],[-93.5,49.27083],[-93.50625,49.27083]]]}},{"type":"Feature","properties":{"c":"965290","o":"","e":""},"geometry":{"type":"Polygon","coordinates":[[[-93.50625,49.275],[-93.50625,49.27917],[-93.5,49.27917],[-93.5,49.275],[-93.50625,49.275]]]}},{"type":"Feature","properties":{"c":"965305","o":"","e":""},"geometry":{"type":"Polygon","coordinates":[[[-93.50625,49.24583],[-93.50625,49.25],[-93.5,49.25],[-93.5,49.24583],[-93.50625,49.24583]]]}},{"type":"Feature","properties":{"c":"908786","o":"","e":""},"geometry":{"type":"Polygon","coordinates":[[[-93.50625,49.2875],[-93.50625,49.29167],[-93.5,49.29167],[-93.5,49.2875],[-93.50625,49.2875]]]}},{"type":"Feature","properties":{"c":"908788","o":"","e":""},"geometry":{"type":"Polygon","coordinates":[[[-93.50625,49.28333],[-93.50625,49.2875],[-93.5,49.2875],[-93.5,49.28333],[-93.50625,49.28333]]]}},{"type":"Feature","properties":{"c":"818269","o":"","e":""},"geometry":{"type":"Polygon","coordinates":[[[-93.50625,49.09167],[-93.50625,49.09583],[-93.5,49.09583],[-93.5,49.09167],[-93.50625,49.09167]]]}},{"type":"Feature","properties":{"c":"818280","o":"","e":""},"geometry":{"type":"Polygon","coordinates":[[[-93.50625,49.09583],[-93.50625,49.1],[-93.5,49.1],[-93.5,49.09583],[-93.50625,49.09583]]]}},{"type":"Feature","properties":{"c":"818289","o":"","e":""},"geometry":{"type":"Polygon","coordinates":[[[-93.50625,49.1],[-93.50625,49.10417],[-93.5,49.10417],[-93.5,49.1],[-93.50625,49.1]]]}},{"type":"Feature","properties":{"c":"816174","o":"","e":""},"geometry":{"type":"Polygon","coordinates":[[[-93.0375,48.99583],[-93.0375,49.0],[-93.03125,49.0],[-93.03125,48.99583],[-93.0375,48.99583]]]}},{"type":"Feature","properties":{"c":"816176","o":"","e":""},"geometry":{"type":"Polygon","coordinates":[[[-93.03125,48.99583],[-93.03125,49.0],[-93.025,49.0],[-93.025,48.99583],[-93.03125,48.99583]]]}},{"type":"Feature","properties":{"c":"816178","o":"","e":""},"geometry":{"type":"Polygon","coordinates":[[[-93.025,48.99583],[-93.025,49.0],[-93.01875,49.0],[-93.01875,48.99583],[-93.025,48.99583]]]}},{"type":"Feature","properties":{"c":"816169","o":"","e":""},"geometry":{"type":"Polygon","coordinates":[[[-93.05,48.99583],[-93.05,49.0],[-93.04375,49.0],[-93.04375,48.99583],[-93.05,48.99583]]]}},{"type":"Feature","properties":{"c":"816172","o":"","e":""},"geometry":{"type":"Polygon","coordinates":[[[-93.04375,48.99583],[-93.04375,49.0],[-93.0375,49.0],[-93.0375,48.99583],[-93.04375,48.99583]]]}},{"type":"Feature","properties":{"c":"816385","o":"","e":""},"geometry":{"type":"Polygon","coordinates":[[[-93.01875,48.99583],[-93.01875,49.0],[-93.0125,49.0],[-93.0125,48.99583],[-93.01875,48.99583]]]}},{"type":"Feature","properties":{"c":"816386","o":"","e":""},"geometry":{"type":"Polygon","coordinates":[[[-93.0125,48.99583],[-93.0125,49.0],[-93.00625,49.0],[-93.00625,48.99583],[-93.0125,48.99583]]]}},{"type":"Feature","properties":{"c":"816858","o":"","e":""},"geometry":{"type":"Polygon","coordinates":[[[-93.1,48.99583],[-93.1,49.0],[-93.09375,49.0],[-93.09375,48.99583],[-93.1,48.99583]]]}},{"type":"Feature","properties":{"c":"816859","o":"","e":""},"geometry":{"type":"Polygon","coordinates":[[[-93.09375,48.99583],[-93.09375,49.0],[-93.0875,49.0],[-93.0875,48.99583],[-93.09375,48.99583]]]}},{"type":"Feature","properties":{"c":"816860","o":"","e":""},"geometry":{"type":"Polygon","coordinates":[[[-93.0875,48.99583],[-93.0875,49.0],[-93.08125,49.0],[-93.08125,48.99583],[-93.0875,48.99583]]]}},{"type":"Feature","properties":{"c":"816861","o":"","e":""},"geometry":{"type":"Polygon","coordinates":[[[-93.08125,48.99583],[-93.08125,49.0],[-93.075,49.0],[-93.075,48.99583],[-93.08125,48.99583]]]}},{"type":"Feature","properties":{"c":"816862","o":"","e":""},"geometry":{"type":"Polygon","coordinates":[[[-93.075,48.99583],[-93.075,49.0],[-93.06875,49.0],[-93.06875,48.99583],[-93.075,48.99583]]]}},{"type":"Feature","properties":{"c":"816864","o":"","e":""},"geometry":{"type":"Polygon","coordinates":[[[-93.06875,48.99583],[-93.06875,49.0],[-93.0625,49.0],[-93.0625,48.99583],[-93.06875,48.99583]]]}},{"type":"Feature","properties":{"c":"816866","o":"","e":""},"geometry":{"type":"Polygon","coordinates":[[[-93.0625,48.99583],[-93.0625,49.0],[-93.05625,49.0],[-93.05625,48.99583],[-93.0625,48.99583]]]}},{"type":"Feature","properties":{"c":"816868","o":"","e":""},"geometry":{"type":"Polygon","coordinates":[[[-93.05625,48.99583],[-93.05625,49.0],[-93.05,49.0],[-93.05,48.99583],[-93.05625,48.99583]]]}},{"type":"Feature","properties":{"c":"341361","o":"","e":""},"geometry":{"type":"Polygon","coordinates":[[[-93.38125,49.19583],[-93.38125,49.2],[-93.375,49.2],[-93.375,49.19583],[-93.38125,49.19583]]]}},{"type":"Feature","properties":{"c":"556246","o":"","e":""},"geometry":{"type":"Polygon","coordinates":[[[-93.46875,49.36667],[-93.46875,49.37083],[-93.46875,49.375],[-93.4625,49.375],[-93.45625,49.375],[-93.45,49.375],[-93.44375,49.375],[-93.44375,49.37083],[-93.44375,49.36667],[-93.44375,49.3625],[-93.44375,49.35833],[-93.45,49.35833],[-93.45625,49.35833],[-93.4625,49.35833],[-93.46875,49.35833],[-93.46875,49.3625],[-93.46875,49.36667]]]}},{"type":"Feature","properties":{"c":"552946","o":"","e":""},"geometry":{"type":"Polygon","coordinates":[[[-93.3625,49.125],[-93.3625,49.12917],[-93.35625,49.12917],[-93.35625,49.125],[-93.3625,49.125]]]}},{"type":"Feature","properties":{"c":"552947","o":"","e":""},"geometry":{"type":"Polygon","coordinates":[[[-93.35625,49.125],[-93.35625,49.12917],[-93.35,49.12917],[-93.35,49.125],[-93.35625,49.125]]]}},{"type":"Feature","properties":{"c":"552948","o":"","e":""},"geometry":{"type":"Polygon","coordinates":[[[-93.35,49.125],[-93.35,49.12917],[-93.34375,49.12917],[-93.34375,49.125],[-93.35,49.125]]]}},{"type":"Feature","properties":{"c":"552949","o":"","e":""},"geometry":{"type":"Polygon","coordinates":[[[-93.34375,49.125],[-93.34375,49.12917],[-93.3375,49.12917],[-93.3375,49.125],[-93.34375,49.125]]]}},{"type":"Feature","properties":{"c":"720325","o":"","e":""},"geometry":{"type":"Polygon","coordinates":[[[-93.1,49.21667],[-93.1,49.22083],[-93.09375,49.22083],[-93.09375,49.21667],[-93.1,49.21667]]]}},{"type":"Feature","properties":{"c":"720546","o":"","e":""},"geometry":{"type":"Polygon","coordinates":[[[-93.2,49.19167],[-93.2,49.19583],[-93.19375,49.19583],[-93.19375,49.19167],[-93.2,49.19167]]]}},{"type":"Feature","properties":{"c":"720504","o":"","e":""},"geometry":{"type":"Polygon","coordinates":[[[-93.15625,49.17917],[-93.15625,49.18333],[-93.15,49.18333],[-93.15,49.17917],[-93.15625,49.17917]]]}},{"type":"Feature","properties":{"c":"720547","o":"","e":""},"geometry":{"type":"Polygon","coordinates":[[[-93.19375,49.19167],[-93.19375,49.19583],[-93.1875,49.19583],[-93.1875,49.19167],[-93.19375,49.19167]]]}},{"type":"Feature","properties":{"c":"340377","o":"","e":""},"geometry":{"type":"Polygon","coordinates":[[[-93.00625,49.25417],[-93.00625,49.25833],[-93.0,49.25833],[-93.0,49.25417],[-93.00625,49.25417]]]}},{"type":"Feature","properties":{"c":"338394","o":"","e":""},"geometry":{"type":"Polygon","coordinates":[[[-93.4,49.14583],[-93.4,49.15],[-93.39375,49.15],[-93.39375,49.14583],[-93.4,49.14583]]]}},{"type":"Feature","properties":{"c":"338951","o":"","e":""},"geometry":{"type":"Polygon","coordinates":[[[-93.025,49.2625],[-93.025,49.26667],[-93.01875,49.26667],[-93.01875,49.2625],[-93.025,49.2625]]]}},{"type":"Feature","properties":{"c":"338952","o":"","e":""},"geometry":{"type":"Polygon","coordinates":[[[-93.0375,49.25833],[-93.0375,49.2625],[-93.03125,49.2625],[-93.03125,49.25833],[-93.0375,49.25833]]]}},{"type":"Feature","properties":{"c":"552942","o":"","e":""},"geometry":{"type":"Polygon","coordinates":[[[-93.35625,49.12917],[-93.35625,49.13333],[-93.35,49.13333],[-93.35,49.12917],[-93.35625,49.12917]]]}},{"type":"Feature","properties":{"c":"552943","o":"","e":""},"geometry":{"type":"Polygon","coordinates":[[[-93.35,49.12917],[-93.35,49.13333],[-93.34375,49.13333],[-93.34375,49.12917],[-93.35,49.12917]]]}},{"type":"Feature","properties":{"c":"552944","o":"","e":""},"geometry":{"type":"Polygon","coordinates":[[[-93.34375,49.12917],[-93.34375,49.13333],[-93.3375,49.13333],[-93.3375,49.12917],[-93.34375,49.12917]]]}},{"type":"Feature","properties":{"c":"552945","o":"","e":""},"geometry":{"type":"Polygon","coordinates":[[[-93.3375,49.12917],[-93.3375,49.13333],[-93.33125,49.13333],[-93.33125,49.12917],[-93.3375,49.12917]]]}},{"type":"Feature","properties":{"c":"552950","o":"","e":""},"geometry":{"type":"Polygon","coordinates":[[[-93.39375,49.12083],[-93.39375,49.125],[-93.3875,49.125],[-93.3875,49.12083],[-93.39375,49.12083]]]}},{"type":"Feature","properties":{"c":"552951","o":"","e":""},"geometry":{"type":"Polygon","coordinates":[[[-93.3875,49.12083],[-93.3875,49.125],[-93.38125,49.125],[-93.38125,49.12083],[-93.3875,49.12083]]]}},{"type":"Feature","properties":{"c":"552952","o":"","e":""},"geometry":{"type":"Polygon","coordinates":[[[-93.38125,49.12083],[-93.38125,49.125],[-93.375,49.125],[-93.375,49.12083],[-93.38125,49.12083]]]}},{"type":"Feature","properties":{"c":"552956","o":"","e":""},"geometry":{"type":"Polygon","coordinates":[[[-93.35625,49.12083],[-93.35625,49.125],[-93.35,49.125],[-93.35,49.12083],[-93.35625,49.12083]]]}},{"type":"Feature","properties":{"c":"552953","o":"","e":""},"geometry":{"type":"Polygon","coordinates":[[[-93.375,49.12083],[-93.375,49.125],[-93.36875,49.125],[-93.36875,49.12083],[-93.375,49.12083]]]}},{"type":"Feature","properties":{"c":"552954","o":"","e":""},"geometry":{"type":"Polygon","coordinates":[[[-93.36875,49.12083],[-93.36875,49.125],[-93.3625,49.125],[-93.3625,49.12083],[-93.36875,49.12083]]]}},{"type":"Feature","properties":{"c":"552955","o":"","e":""},"geometry":{"type":"Polygon","coordinates":[[[-93.3625,49.12083],[-93.3625,49.125],[-93.35625,49.125],[-93.35625,49.12083],[-93.3625,49.12083]]]}},{"type":"Feature","properties":{"c":"340552","o":"","e":""},"geometry":{"type":"Polygon","coordinates":[[[-93.41875,49.19583],[-93.41875,49.2],[-93.4125,49.2],[-93.4125,49.19583],[-93.41875,49.19583]]]}},{"type":"Feature","properties":{"c":"340553","o":"","e":""},"geometry":{"type":"Polygon","coordinates":[[[-93.40625,49.19167],[-93.40625,49.19583],[-93.4,49.19583],[-93.4,49.19167],[-93.40625,49.19167]]]}},{"type":"Feature","properties":{"c":"672050","o":"","e":""},"geometry":{"type":"Polygon","coordinates":[[[-93.08125,49.3125],[-93.08125,49.31667],[-93.075,49.31667],[-93.06875,49.31667],[-93.0625,49.31667],[-93.05625,49.31667],[-93.05,49.31667],[-93.05,49.3125],[-93.05,49.30833],[-93.05,49.30417],[-93.05625,49.30417],[-93.0625,49.30417],[-93.06875,49.30417],[-93.075,49.30417],[-93.08125,49.30417],[-93.08125,49.30833],[-93.08125,49.3125]]]}},{"type":"Feature","properties":{"c":"539440","o":"","e":""},"geometry":{"type":"Polygon","coordinates":[[[-93.3375,49.1375],[-93.3375,49.14167],[-93.33125,49.14167],[-93.33125,49.1375],[-93.3375,49.1375]]]}},{"type":"Feature","properties":{"c":"539441","o":"","e":""},"geometry":{"type":"Polygon","coordinates":[[[-93.33125,49.1375],[-93.33125,49.14167],[-93.325,49.14167],[-93.325,49.1375],[-93.33125,49.1375]]]}},{"type":"Feature","properties":{"c":"539442","o":"","e":""},"geometry":{"type":"Polygon","coordinates":[[[-93.35,49.13333],[-93.35,49.1375],[-93.34375,49.1375],[-93.34375,49.13333],[-93.35,49.13333]]]}},{"type":"Feature","properties":{"c":"539443","o":"","e":""},"geometry":{"type":"Polygon","coordinates":[[[-93.34375,49.13333],[-93.34375,49.1375],[-93.3375,49.1375],[-93.3375,49.13333],[-93.34375,49.13333]]]}},{"type":"Feature","properties":{"c":"539444","o":"","e":""},"geometry":{"type":"Polygon","coordinates":[[[-93.3375,49.13333],[-93.3375,49.1375],[-93.33125,49.1375],[-93.33125,49.13333],[-93.3375,49.13333]]]}},{"type":"Feature","properties":{"c":"818116","o":"","e":""},"geometry":{"type":"Polygon","coordinates":[[[-93.3625,49.09583],[-93.3625,49.1],[-93.35625,49.1],[-93.35625,49.09583],[-93.3625,49.09583]]]}},{"type":"Feature","properties":{"c":"818117","o":"","e":""},"geometry":{"type":"Polygon","coordinates":[[[-93.35625,49.09583],[-93.35625,49.1],[-93.35,49.1],[-93.35,49.09583],[-93.35625,49.09583]]]}},{"type":"Feature","properties":{"c":"818118","o":"","e":""},"geometry":{"type":"Polygon","coordinates":[[[-93.35,49.09583],[-93.35,49.1],[-93.34375,49.1],[-93.34375,49.09583],[-93.35,49.09583]]]}},{"type":"Feature","properties":{"c":"818119","o":"","e":""},"geometry":{"type":"Polygon","coordinates":[[[-93.34375,49.09583],[-93.34375,49.1],[-93.3375,49.1],[-93.3375,49.09583],[-93.34375,49.09583]]]}},{"type":"Feature","properties":{"c":"818120","o":"","e":""},"geometry":{"type":"Polygon","coordinates":[[[-93.3375,49.09583],[-93.3375,49.1],[-93.33125,49.1],[-93.33125,49.09583],[-93.3375,49.09583]]]}},{"type":"Feature","properties":{"c":"818121","o":"","e":""},"geometry":{"type":"Polygon","coordinates":[[[-93.33125,49.09583],[-93.33125,49.1],[-93.325,49.1],[-93.325,49.09583],[-93.33125,49.09583]]]}},{"type":"Feature","properties":{"c":"818122","o":"","e":""},"geometry":{"type":"Polygon","coordinates":[[[-93.325,49.09583],[-93.325,49.1],[-93.31875,49.1],[-93.31875,49.09583],[-93.325,49.09583]]]}},{"type":"Feature","properties":{"c":"101777","o":"","e":""},"geometry":{"type":"Polygon","coordinates":[[[-93.4125,49.125],[-93.4125,49.12917],[-93.40625,49.12917],[-93.40625,49.125],[-93.4125,49.125]]]}},{"type":"Feature","properties":{"c":"101778","o":"","e":""},"geometry":{"type":"Polygon","coordinates":[[[-93.41875,49.125],[-93.41875,49.12917],[-93.4125,49.12917],[-93.4125,49.125],[-93.41875,49.125]]]}},{"type":"Feature","properties":{"c":"552957","o":"","e":""},"geometry":{"type":"Polygon","coordinates":[[[-93.3625,49.12917],[-93.3625,49.13333],[-93.35625,49.13333],[-93.35625,49.12917],[-93.3625,49.12917]]]}},{"type":"Feature","properties":{"c":"720548","o":"","e":""},"geometry":{"type":"Polygon","coordinates":[[[-93.20625,49.19583],[-93.20625,49.2],[-93.2,49.2],[-93.2,49.19583],[-93.20625,49.19583]]]}},{"type":"Feature","properties":{"c":"101272","o":"","e":""},"geometry":{"type":"Polygon","coordinates":[[[-93.4875,49.225],[-93.4875,49.22917],[-93.48125,49.22917],[-93.48125,49.225],[-93.4875,49.225]]]}},{"type":"Feature","properties":{"c":"101692","o":"","e":""},"geometry":{"type":"Polygon","coordinates":[[[-93.3625,49.17917],[-93.3625,49.18333],[-93.35625,49.18333],[-93.35625,49.17917],[-93.3625,49.17917]]]}},{"type":"Feature","properties":{"c":"101712","o":"","e":""},"geometry":{"type":"Polygon","coordinates":[[[-93.3375,49.175],[-93.3375,49.17917],[-93.33125,49.17917],[-93.33125,49.175],[-93.3375,49.175]]]}},{"type":"Feature","properties":{"c":"101713","o":"","e":""},"geometry":{"type":"Polygon","coordinates":[[[-93.35625,49.16667],[-93.35625,49.17083],[-93.35,49.17083],[-93.35,49.16667],[-93.35625,49.16667]]]}},{"type":"Feature","properties":{"c":"101172","o":"","e":""},"geometry":{"type":"Polygon","coordinates":[[[-93.425,49.20417],[-93.425,49.20833],[-93.41875,49.20833],[-93.41875,49.20417],[-93.425,49.20417]]]}},{"type":"Feature","properties":{"c":"556247","o":"","e":""},"geometry":{"type":"Polygon","coordinates":[[[-93.46875,49.35],[-93.46875,49.35417],[-93.46875,49.35833],[-93.4625,49.35833],[-93.45625,49.35833],[-93.45,49.35833],[-93.44375,49.35833],[-93.44375,49.35417],[-93.44375,49.35],[-93.44375,49.34583],[-93.44375,49.34167],[-93.45,49.34167],[-93.45625,49.34167],[-93.4625,49.34167],[-93.46875,49.34167],[-93.46875,49.34583],[-93.46875,49.35]]]}},{"type":"Feature","properties":{"c":"556252","o":"","e":""},"geometry":{"type":"Polygon","coordinates":[[[-93.5125,49.34167],[-93.5125,49.34583],[-93.5125,49.35],[-93.50625,49.35],[-93.5,49.35],[-93.49375,49.35],[-93.4875,49.35],[-93.4875,49.34583],[-93.4875,49.34167],[-93.4875,49.3375],[-93.4875,49.33333],[-93.49375,49.33333],[-93.5,49.33333],[-93.50625,49.33333],[-93.5125,49.33333],[-93.5125,49.3375],[-93.5125,49.34167]]]}},{"type":"Feature","properties":{"c":"537999","o":"","e":""},"geometry":{"type":"Polygon","coordinates":[[[-93.2875,49.125],[-93.2875,49.12917],[-93.28125,49.12917],[-93.28125,49.125],[-93.2875,49.125]]]}},{"type":"Feature","properties":{"c":"538000","o":"","e":""},"geometry":{"type":"Polygon","coordinates":[[[-93.28125,49.125],[-93.28125,49.12917],[-93.275,49.12917],[-93.275,49.125],[-93.28125,49.125]]]}},{"type":"Feature","properties":{"c":"538001","o":"","e":""},"geometry":{"type":"Polygon","coordinates":[[[-93.2875,49.1625],[-93.2875,49.16667],[-93.28125,49.16667],[-93.28125,49.1625],[-93.2875,49.1625]]]}},{"type":"Feature","properties":{"c":"818233","o":"","e":""},"geometry":{"type":"Polygon","coordinates":[[[-93.425,49.10833],[-93.425,49.1125],[-93.41875,49.1125],[-93.41875,49.10833],[-93.425,49.10833]]]}},{"type":"Feature","properties":{"c":"818234","o":"","e":""},"geometry":{"type":"Polygon","coordinates":[[[-93.41875,49.10833],[-93.41875,49.1125],[-93.4125,49.1125],[-93.4125,49.10833],[-93.41875,49.10833]]]}},{"type":"Feature","properties":{"c":"818235","o":"","e":""},"geometry":{"type":"Polygon","coordinates":[[[-93.4125,49.10833],[-93.4125,49.1125],[-93.40625,49.1125],[-93.40625,49.10833],[-93.4125,49.10833]]]}},{"type":"Feature","properties":{"c":"818236","o":"","e":""},"geometry":{"type":"Polygon","coordinates":[[[-93.40625,49.10833],[-93.40625,49.1125],[-93.4,49.1125],[-93.4,49.10833],[-93.40625,49.10833]]]}},{"type":"Feature","properties":{"c":"818237","o":"","e":""},"geometry":{"type":"Polygon","coordinates":[[[-93.4,49.10833],[-93.4,49.1125],[-93.39375,49.1125],[-93.39375,49.10833],[-93.4,49.10833]]]}},{"type":"Feature","properties":{"c":"818238","o":"","e":""},"geometry":{"type":"Polygon","coordinates":[[[-93.39375,49.10833],[-93.39375,49.1125],[-93.3875,49.1125],[-93.3875,49.10833],[-93.39375,49.10833]]]}},{"type":"Feature","properties":{"c":"818239","o":"","e":""},"geometry":{"type":"Polygon","coordinates":[[[-93.3875,49.10833],[-93.3875,49.1125],[-93.38125,49.1125],[-93.38125,49.10833],[-93.3875,49.10833]]]}},{"type":"Feature","properties":{"c":"818240","o":"","e":""},"geometry":{"type":"Polygon","coordinates":[[[-93.43125,49.1125],[-93.43125,49.11667],[-93.425,49.11667],[-93.425,49.1125],[-93.43125,49.1125]]]}},{"type":"Feature","properties":{"c":"101317","o":"","e":""},"geometry":{"type":"Polygon","coordinates":[[[-93.38125,49.16667],[-93.38125,49.17083],[-93.375,49.17083],[-93.375,49.16667],[-93.38125,49.16667]]]}},{"type":"Feature","properties":{"c":"102494","o":"","e":""},"geometry":{"type":"Polygon","coordinates":[[[-93.46875,49.2],[-93.46875,49.20417],[-93.4625,49.20417],[-93.4625,49.2],[-93.46875,49.2]]]}},{"type":"Feature","properties":{"c":"104245","o":"","e":""},"geometry":{"type":"Polygon","coordinates":[[[-93.35,49.1625],[-93.35,49.16667],[-93.34375,49.16667],[-93.34375,49.1625],[-93.35,49.1625]]]}},{"type":"Feature","properties":{"c":"105046","o":"","e":""},"geometry":{"type":"Polygon","coordinates":[[[-93.01875,49.25833],[-93.01875,49.2625],[-93.0125,49.2625],[-93.0125,49.25833],[-93.01875,49.25833]]]}},{"type":"Feature","properties":{"c":"104346","o":"","e":""},"geometry":{"type":"Polygon","coordinates":[[[-93.35625,49.15833],[-93.35625,49.1625],[-93.35,49.1625],[-93.35,49.15833],[-93.35625,49.15833]]]}},{"type":"Feature","properties":{"c":"857555","o":"","e":""},"geometry":{"type":"Polygon","coordinates":[[[-93.125,49.12917],[-93.125,49.13333],[-93.11875,49.13333],[-93.11875,49.12917],[-93.125,49.12917]]]}},{"type":"Feature","properties":{"c":"857556","o":"","e":""},"geometry":{"type":"Polygon","coordinates":[[[-93.13125,49.11667],[-93.13125,49.12083],[-93.125,49.12083],[-93.125,49.11667],[-93.13125,49.11667]]]}},{"type":"Feature","properties":{"c":"857557","o":"","e":""},"geometry":{"type":"Polygon","coordinates":[[[-93.125,49.125],[-93.125,49.12917],[-93.11875,49.12917],[-93.11875,49.125],[-93.125,49.125]]]}},{"type":"Feature","properties":{"c":"857558","o":"","e":""},"geometry":{"type":"Polygon","coordinates":[[[-93.11875,49.125],[-93.11875,49.12917],[-93.1125,49.12917],[-93.1125,49.125],[-93.11875,49.125]]]}},{"type":"Feature","properties":{"c":"857559","o":"","e":""},"geometry":{"type":"Polygon","coordinates":[[[-93.13125,49.12083],[-93.13125,49.125],[-93.125,49.125],[-93.125,49.12083],[-93.13125,49.12083]]]}},{"type":"Feature","properties":{"c":"857560","o":"","e":""},"geometry":{"type":"Polygon","coordinates":[[[-93.125,49.11667],[-93.125,49.12083],[-93.11875,49.12083],[-93.11875,49.11667],[-93.125,49.11667]]]}},{"type":"Feature","properties":{"c":"857561","o":"","e":""},"geometry":{"type":"Polygon","coordinates":[[[-93.11875,49.12917],[-93.11875,49.13333],[-93.1125,49.13333],[-93.1125,49.12917],[-93.11875,49.12917]]]}},{"type":"Feature","properties":{"c":"108583","o":"","e":""},"geometry":{"type":"Polygon","coordinates":[[[-93.0125,49.24583],[-93.0125,49.25],[-93.00625,49.25],[-93.00625,49.24583],[-93.0125,49.24583]]]}},{"type":"Feature","properties":{"c":"110442","o":"","e":""},"geometry":{"type":"Polygon","coordinates":[[[-93.4125,49.15417],[-93.4125,49.15833],[-93.40625,49.15833],[-93.40625,49.15417],[-93.4125,49.15417]]]}},{"type":"Feature","properties":{"c":"110443","o":"","e":""},"geometry":{"type":"Polygon","coordinates":[[[-93.425,49.15417],[-93.425,49.15833],[-93.41875,49.15833],[-93.41875,49.15417],[-93.425,49.15417]]]}},{"type":"Feature","properties":{"c":"110324","o":"","e":""},"geometry":{"type":"Polygon","coordinates":[[[-93.39375,49.14167],[-93.39375,49.14583],[-93.3875,49.14583],[-93.3875,49.14167],[-93.39375,49.14167]]]}},{"type":"Feature","properties":{"c":"816240","o":"","e":""},"geometry":{"type":"Polygon","coordinates":[[[-93.1125,49.125],[-93.1125,49.12917],[-93.10625,49.12917],[-93.10625,49.125],[-93.1125,49.125]]]}},{"type":"Feature","properties":{"c":"816593","o":"","e":""},"geometry":{"type":"Polygon","coordinates":[[[-93.01875,49.21667],[-93.01875,49.22083],[-93.0125,49.22083],[-93.0125,49.21667],[-93.01875,49.21667]]]}},{"type":"Feature","properties":{"c":"720003","o":"","e":""},"geometry":{"type":"Polygon","coordinates":[[[-93.0375,49.12083],[-93.0375,49.125],[-93.03125,49.125],[-93.03125,49.12083],[-93.0375,49.12083]]]}},{"type":"Feature","properties":{"c":"816226","o":"","e":""},"geometry":{"type":"Polygon","coordinates":[[[-93.1125,49.13333],[-93.1125,49.1375],[-93.10625,49.1375],[-93.10625,49.13333],[-93.1125,49.13333]]]}},{"type":"Feature","properties":{"c":"816213","o":"","e":""},"geometry":{"type":"Polygon","coordinates":[[[-93.025,49.2],[-93.025,49.20417],[-93.01875,49.20417],[-93.01875,49.2],[-93.025,49.2]]]}},{"type":"Feature","properties":{"c":"816063","o":"","e":""},"geometry":{"type":"Polygon","coordinates":[[[-93.06875,49.17083],[-93.06875,49.175],[-93.0625,49.175],[-93.0625,49.17083],[-93.06875,49.17083]]]}},{"type":"Feature","properties":{"c":"816248","o":"","e":""},"geometry":{"type":"Polygon","coordinates":[[[-93.1125,49.12083],[-93.1125,49.125],[-93.10625,49.125],[-93.10625,49.12083],[-93.1125,49.12083]]]}},{"type":"Feature","properties":{"c":"857562","o":"","e":""},"geometry":{"type":"Polygon","coordinates":[[[-93.125,49.12083],[-93.125,49.125],[-93.11875,49.125],[-93.11875,49.12083],[-93.125,49.12083]]]}},{"type":"Feature","properties":{"c":"857563","o":"","e":""},"geometry":{"type":"Polygon","coordinates":[[[-93.11875,49.13333],[-93.11875,49.1375],[-93.1125,49.1375],[-93.1125,49.13333],[-93.11875,49.13333]]]}},{"type":"Feature","properties":{"c":"110811","o":"","e":""},"geometry":{"type":"Polygon","coordinates":[[[-93.41875,49.17083],[-93.41875,49.175],[-93.4125,49.175],[-93.4125,49.17083],[-93.41875,49.17083]]]}},{"type":"Feature","properties":{"c":"1047536","o":"","e":""},"geometry":{"type":"Polygon","coordinates":[[[-93.18125,49.21667],[-93.18125,49.22083],[-93.175,49.22083],[-93.175,49.21667],[-93.18125,49.21667]]]}},{"type":"Feature","properties":{"c":"1047537","o":"","e":""},"geometry":{"type":"Polygon","coordinates":[[[-93.18125,49.22083],[-93.18125,49.225],[-93.175,49.225],[-93.175,49.22083],[-93.18125,49.22083]]]}},{"type":"Feature","properties":{"c":"881345","o":"","e":""},"geometry":{"type":"Polygon","coordinates":[[[-93.14375,49.15],[-93.14375,49.15417],[-93.1375,49.15417],[-93.1375,49.15],[-93.14375,49.15]]]}},{"type":"Feature","properties":{"c":"107216","o":"","e":""},"geometry":{"type":"Polygon","coordinates":[[[-93.33125,49.1625],[-93.33125,49.16667],[-93.325,49.16667],[-93.325,49.1625],[-93.33125,49.1625]]]}},{"type":"Feature","properties":{"c":"881347","o":"","e":""},"geometry":{"type":"Polygon","coordinates":[[[-93.15625,49.14167],[-93.15625,49.14583],[-93.15,49.14583],[-93.15,49.14167],[-93.15625,49.14167]]]}},{"type":"Feature","properties":{"c":"108967","o":"","e":""},"geometry":{"type":"Polygon","coordinates":[[[-93.4875,49.20417],[-93.4875,49.20833],[-93.48125,49.20833],[-93.48125,49.20417],[-93.4875,49.20417]]]}},{"type":"Feature","properties":{"c":"110023","o":"","e":""},"geometry":{"type":"Polygon","coordinates":[[[-93.00625,49.27917],[-93.00625,49.28333],[-93.0,49.28333],[-93.0,49.27917],[-93.00625,49.27917]]]}},{"type":"Feature","properties":{"c":"733332","o":"","e":""},"geometry":{"type":"Polygon","coordinates":[[[-93.3375,49.15],[-93.3375,49.15417],[-93.33125,49.15417],[-93.33125,49.15],[-93.3375,49.15]]]}},{"type":"Feature","properties":{"c":"742240","o":"","e":""},"geometry":{"type":"Polygon","coordinates":[[[-93.34375,49.15],[-93.34375,49.15417],[-93.3375,49.15417],[-93.3375,49.15],[-93.34375,49.15]]]}},{"type":"Feature","properties":{"c":"110694","o":"","e":""},"geometry":{"type":"Polygon","coordinates":[[[-93.45625,49.1875],[-93.45625,49.19167],[-93.45,49.19167],[-93.45,49.1875],[-93.45625,49.1875]]]}},{"type":"Feature","properties":{"c":"115114","o":"","e":""},"geometry":{"type":"Polygon","coordinates":[[[-93.3625,49.15417],[-93.3625,49.15833],[-93.35625,49.15833],[-93.35625,49.15417],[-93.3625,49.15417]]]}},{"type":"Feature","properties":{"c":"1047673","o":"","e":""},"geometry":{"type":"Polygon","coordinates":[[[-93.1,49.29167],[-93.1,49.29583],[-93.09375,49.29583],[-93.09375,49.29167],[-93.1,49.29167]]]}},{"type":"Feature","properties":{"c":"1047674","o":"","e":""},"geometry":{"type":"Polygon","coordinates":[[[-93.11875,49.27917],[-93.11875,49.28333],[-93.1125,49.28333],[-93.1125,49.27917],[-93.11875,49.27917]]]}},{"type":"Feature","properties":{"c":"1047675","o":"","e":""},"geometry":{"type":"Polygon","coordinates":[[[-93.1125,49.2875],[-93.1125,49.29167],[-93.10625,49.29167],[-93.10625,49.2875],[-93.1125,49.2875]]]}},{"type":"Feature","properties":{"c":"1047676","o":"","e":""},"geometry":{"type":"Polygon","coordinates":[[[-93.1125,49.29167],[-93.1125,49.29583],[-93.10625,49.29583],[-93.10625,49.29167],[-93.1125,49.29167]]]}},{"type":"Feature","properties":{"c":"1047683","o":"","e":""},"geometry":{"type":"Polygon","coordinates":[[[-93.125,49.28333],[-93.125,49.2875],[-93.11875,49.2875],[-93.11875,49.28333],[-93.125,49.28333]]]}},{"type":"Feature","properties":{"c":"1047677","o":"","e":""},"geometry":{"type":"Polygon","coordinates":[[[-93.1,49.29583],[-93.1,49.3],[-93.09375,49.3],[-93.09375,49.29583],[-93.1,49.29583]]]}},{"type":"Feature","properties":{"c":"1047678","o":"","e":""},"geometry":{"type":"Polygon","coordinates":[[[-93.1,49.30833],[-93.1,49.3125],[-93.09375,49.3125],[-93.09375,49.30833],[-93.1,49.30833]]]}},{"type":"Feature","properties":{"c":"1047679","o":"","e":""},"geometry":{"type":"Polygon","coordinates":[[[-93.1125,49.29583],[-93.1125,49.3],[-93.10625,49.3],[-93.10625,49.29583],[-93.1125,49.29583]]]}},{"type":"Feature","properties":{"c":"1047680","o":"","e":""},"geometry":{"type":"Polygon","coordinates":[[[-93.11875,49.28333],[-93.11875,49.2875],[-93.1125,49.2875],[-93.1125,49.28333],[-93.11875,49.28333]]]}},{"type":"Feature","properties":{"c":"1047681","o":"","e":""},"geometry":{"type":"Polygon","coordinates":[[[-93.11875,49.2875],[-93.11875,49.29167],[-93.1125,49.29167],[-93.1125,49.2875],[-93.11875,49.2875]]]}},{"type":"Feature","properties":{"c":"1047682","o":"","e":""},"geometry":{"type":"Polygon","coordinates":[[[-93.1,49.30417],[-93.1,49.30833],[-93.09375,49.30833],[-93.09375,49.30417],[-93.1,49.30417]]]}},{"type":"Feature","properties":{"c":"117808","o":"","e":""},"geometry":{"type":"Polygon","coordinates":[[[-93.40625,49.16667],[-93.40625,49.17083],[-93.4,49.17083],[-93.4,49.16667],[-93.40625,49.16667]]]}},{"type":"Feature","properties":{"c":"117820","o":"","e":""},"geometry":{"type":"Polygon","coordinates":[[[-93.38125,49.17083],[-93.38125,49.175],[-93.375,49.175],[-93.375,49.17083],[-93.38125,49.17083]]]}},{"type":"Feature","properties":{"c":"1067396","o":"","e":""},"geometry":{"type":"Polygon","coordinates":[[[-93.49375,49.30833],[-93.49375,49.3125],[-93.4875,49.3125],[-93.4875,49.30833],[-93.49375,49.30833]]]}},{"type":"Feature","properties":{"c":"116727","o":"","e":""},"geometry":{"type":"Polygon","coordinates":[[[-93.40625,49.19583],[-93.40625,49.2],[-93.4,49.2],[-93.4,49.19583],[-93.40625,49.19583]]]}},{"type":"Feature","properties":{"c":"116728","o":"","e":""},"geometry":{"type":"Polygon","coordinates":[[[-93.41875,49.18333],[-93.41875,49.1875],[-93.4125,49.1875],[-93.4125,49.18333],[-93.41875,49.18333]]]}},{"type":"Feature","properties":{"c":"117760","o":"","e":""},"geometry":{"type":"Polygon","coordinates":[[[-93.5,49.21667],[-93.5,49.22083],[-93.49375,49.22083],[-93.49375,49.21667],[-93.5,49.21667]]]}},{"type":"Feature","properties":{"c":"117762","o":"","e":""},"geometry":{"type":"Polygon","coordinates":[[[-93.5,49.2125],[-93.5,49.21667],[-93.49375,49.21667],[-93.49375,49.2125],[-93.5,49.2125]]]}},{"type":"Feature","properties":{"c":"116180","o":"","e":""},"geometry":{"type":"Polygon","coordinates":[[[-93.3625,49.19167],[-93.3625,49.19583],[-93.35625,49.19583],[-93.35625,49.19167],[-93.3625,49.19167]]]}},{"type":"Feature","properties":{"c":"116181","o":"","e":""},"geometry":{"type":"Polygon","coordinates":[[[-93.38125,49.19167],[-93.38125,49.19583],[-93.375,49.19583],[-93.375,49.19167],[-93.38125,49.19167]]]}},{"type":"Feature","properties":{"c":"116195","o":"","e":""},"geometry":{"type":"Polygon","coordinates":[[[-93.38125,49.20833],[-93.38125,49.2125],[-93.375,49.2125],[-93.375,49.20833],[-93.38125,49.20833]]]}},{"type":"Feature","properties":{"c":"718227","o":"","e":""},"geometry":{"type":"Polygon","coordinates":[[[-93.1125,49.2],[-93.1125,49.20417],[-93.10625,49.20417],[-93.10625,49.2],[-93.1125,49.2]]]}},{"type":"Feature","properties":{"c":"718228","o":"","e":""},"geometry":{"type":"Polygon","coordinates":[[[-93.1125,49.19583],[-93.1125,49.2],[-93.10625,49.2],[-93.10625,49.19583],[-93.1125,49.19583]]]}},{"type":"Feature","properties":{"c":"718229","o":"","e":""},"geometry":{"type":"Polygon","coordinates":[[[-93.1125,49.20417],[-93.1125,49.20833],[-93.10625,49.20833],[-93.10625,49.20417],[-93.1125,49.20417]]]}},{"type":"Feature","properties":{"c":"120170","o":"","e":""},"geometry":{"type":"Polygon","coordinates":[[[-93.40625,49.15],[-93.40625,49.15417],[-93.4,49.15417],[-93.4,49.15],[-93.40625,49.15]]]}},{"type":"Feature","properties":{"c":"120171","o":"","e":""},"geometry":{"type":"Polygon","coordinates":[[[-93.425,49.15],[-93.425,49.15417],[-93.41875,49.15417],[-93.41875,49.15],[-93.425,49.15]]]}},{"type":"Feature","properties":{"c":"122343","o":"","e":""},"geometry":{"type":"Polygon","coordinates":[[[-93.36875,49.19167],[-93.36875,49.19583],[-93.3625,49.19583],[-93.3625,49.19167],[-93.36875,49.19167]]]}},{"type":"Feature","properties":{"c":"122344","o":"","e":""},"geometry":{"type":"Polygon","coordinates":[[[-93.36875,49.17917],[-93.36875,49.18333],[-93.3625,49.18333],[-93.3625,49.17917],[-93.36875,49.17917]]]}},{"type":"Feature","properties":{"c":"122370","o":"","e":""},"geometry":{"type":"Polygon","coordinates":[[[-93.375,49.20417],[-93.375,49.20833],[-93.36875,49.20833],[-93.36875,49.20417],[-93.375,49.20417]]]}},{"type":"Feature","properties":{"c":"122514","o":"","e":""},"geometry":{"type":"Polygon","coordinates":[[[-93.35,49.15833],[-93.35,49.1625],[-93.34375,49.1625],[-93.34375,49.15833],[-93.35,49.15833]]]}},{"type":"Feature","properties":{"c":"1038796","o":"","e":""},"geometry":{"type":"Polygon","coordinates":[[[-93.1125,49.36667],[-93.1125,49.37083],[-93.10625,49.37083],[-93.10625,49.36667],[-93.1125,49.36667]]]}},{"type":"Feature","properties":{"c":"1038797","o":"","e":""},"geometry":{"type":"Polygon","coordinates":[[[-93.125,49.36667],[-93.125,49.37083],[-93.11875,49.37083],[-93.11875,49.36667],[-93.125,49.36667]]]}},{"type":"Feature","properties":{"c":"121364","o":"","e":""},"geometry":{"type":"Polygon","coordinates":[[[-93.3375,49.2],[-93.3375,49.20417],[-93.33125,49.20417],[-93.33125,49.2],[-93.3375,49.2]]]}},{"type":"Feature","properties":{"c":"121011","o":"","e":""},"geometry":{"type":"Polygon","coordinates":[[[-93.425,49.19583],[-93.425,49.2],[-93.41875,49.2],[-93.41875,49.19583],[-93.425,49.19583]]]}},{"type":"Feature","properties":{"c":"816047","o":"","e":""},"geometry":{"type":"Polygon","coordinates":[[[-93.06875,49.1625],[-93.06875,49.16667],[-93.0625,49.16667],[-93.0625,49.1625],[-93.06875,49.1625]]]}},{"type":"Feature","properties":{"c":"815854","o":"","e":""},"geometry":{"type":"Polygon","coordinates":[[[-93.10625,49.15],[-93.10625,49.15417],[-93.1,49.15417],[-93.1,49.15],[-93.10625,49.15]]]}},{"type":"Feature","properties":{"c":"965263","o":"","e":""},"geometry":{"type":"Polygon","coordinates":[[[-93.49375,49.28333],[-93.49375,49.2875],[-93.4875,49.2875],[-93.4875,49.28333],[-93.49375,49.28333]]]}},{"type":"Feature","properties":{"c":"965262","o":"","e":""},"geometry":{"type":"Polygon","coordinates":[[[-93.49375,49.27917],[-93.49375,49.28333],[-93.4875,49.28333],[-93.4875,49.27917],[-93.49375,49.27917]]]}},{"type":"Feature","properties":{"c":"124214","o":"","e":""},"geometry":{"type":"Polygon","coordinates":[[[-93.3875,49.14167],[-93.3875,49.14583],[-93.38125,49.14583],[-93.38125,49.14167],[-93.3875,49.14167]]]}},{"type":"Feature","properties":{"c":"124340","o":"","e":""},"geometry":{"type":"Polygon","coordinates":[[[-93.425,49.15833],[-93.425,49.1625],[-93.41875,49.1625],[-93.41875,49.15833],[-93.425,49.15833]]]}},{"type":"Feature","properties":{"c":"124093","o":"","e":""},"geometry":{"type":"Polygon","coordinates":[[[-93.4,49.2],[-93.4,49.20417],[-93.39375,49.20417],[-93.39375,49.2],[-93.4,49.2]]]}},{"type":"Feature","properties":{"c":"965265","o":"","e":""},"geometry":{"type":"Polygon","coordinates":[[[-93.5,49.27917],[-93.5,49.28333],[-93.49375,49.28333],[-93.49375,49.27917],[-93.5,49.27917]]]}},{"type":"Feature","properties":{"c":"965267","o":"","e":""},"geometry":{"type":"Polygon","coordinates":[[[-93.5,49.28333],[-93.5,49.2875],[-93.49375,49.2875],[-93.49375,49.28333],[-93.5,49.28333]]]}},{"type":"Feature","properties":{"c":"965270","o":"","e":""},"geometry":{"type":"Polygon","coordinates":[[[-93.4875,49.28333],[-93.4875,49.2875],[-93.48125,49.2875],[-93.48125,49.28333],[-93.4875,49.28333]]]}},{"type":"Feature","properties":{"c":"125243","o":"","e":""},"geometry":{"type":"Polygon","coordinates":[[[-93.48125,49.17917],[-93.48125,49.18333],[-93.475,49.18333],[-93.475,49.17917],[-93.48125,49.17917]]]}},{"type":"Feature","properties":{"c":"123104","o":"","e":""},"geometry":{"type":"Polygon","coordinates":[[[-93.49375,49.175],[-93.49375,49.17917],[-93.4875,49.17917],[-93.4875,49.175],[-93.49375,49.175]]]}},{"type":"Feature","properties":{"c":"123105","o":"","e":""},"geometry":{"type":"Polygon","coordinates":[[[-93.4875,49.17083],[-93.4875,49.175],[-93.48125,49.175],[-93.48125,49.17083],[-93.4875,49.17083]]]}},{"type":"Feature","properties":{"c":"123691","o":"","e":""},"geometry":{"type":"Polygon","coordinates":[[[-93.41875,49.20833],[-93.41875,49.2125],[-93.4125,49.2125],[-93.4125,49.20833],[-93.41875,49.20833]]]}},{"type":"Feature","properties":{"c":"123843","o":"","e":""},"geometry":{"type":"Polygon","coordinates":[[[-93.3875,49.16667],[-93.3875,49.17083],[-93.38125,49.17083],[-93.38125,49.16667],[-93.3875,49.16667]]]}},{"type":"Feature","properties":{"c":"123844","o":"","e":""},"geometry":{"type":"Polygon","coordinates":[[[-93.38125,49.1625],[-93.38125,49.16667],[-93.375,49.16667],[-93.375,49.1625],[-93.38125,49.1625]]]}},{"type":"Feature","properties":{"c":"123845","o":"","e":""},"geometry":{"type":"Polygon","coordinates":[[[-93.4,49.15],[-93.4,49.15417],[-93.39375,49.15417],[-93.39375,49.15],[-93.4,49.15]]]}},{"type":"Feature","properties":{"c":"127622","o":"","e":""},"geometry":{"type":"Polygon","coordinates":[[[-93.35625,49.15417],[-93.35625,49.15833],[-93.35,49.15833],[-93.35,49.15417],[-93.35625,49.15417]]]}},{"type":"Feature","properties":{"c":"127623","o":"","e":""},"geometry":{"type":"Polygon","coordinates":[[[-93.35625,49.15],[-93.35625,49.15417],[-93.35,49.15417],[-93.35,49.15],[-93.35625,49.15]]]}},{"type":"Feature","properties":{"c":"127624","o":"","e":""},"geometry":{"type":"Polygon","coordinates":[[[-93.3625,49.15],[-93.3625,49.15417],[-93.35625,49.15417],[-93.35625,49.15],[-93.3625,49.15]]]}},{"type":"Feature","properties":{"c":"127625","o":"","e":""},"geometry":{"type":"Polygon","coordinates":[[[-93.35625,49.14167],[-93.35625,49.14583],[-93.35,49.14583],[-93.35,49.14167],[-93.35625,49.14167]]]}},{"type":"Feature","properties":{"c":"816053","o":"","e":""},"geometry":{"type":"Polygon","coordinates":[[[-93.08125,49.16667],[-93.08125,49.17083],[-93.075,49.17083],[-93.075,49.16667],[-93.08125,49.16667]]]}},{"type":"Feature","properties":{"c":"816233","o":"","e":""},"geometry":{"type":"Polygon","coordinates":[[[-93.1125,49.12917],[-93.1125,49.13333],[-93.10625,49.13333],[-93.10625,49.12917],[-93.1125,49.12917]]]}},{"type":"Feature","properties":{"c":"816168","o":"","e":""},"geometry":{"type":"Polygon","coordinates":[[[-93.05,49.175],[-93.05,49.17917],[-93.04375,49.17917],[-93.04375,49.175],[-93.05,49.175]]]}},{"type":"Feature","properties":{"c":"816186","o":"","e":""},"geometry":{"type":"Polygon","coordinates":[[[-93.05625,49.18333],[-93.05625,49.1875],[-93.05,49.1875],[-93.05,49.18333],[-93.05625,49.18333]]]}},{"type":"Feature","properties":{"c":"816044","o":"","e":""},"geometry":{"type":"Polygon","coordinates":[[[-93.0875,49.1625],[-93.0875,49.16667],[-93.08125,49.16667],[-93.08125,49.1625],[-93.0875,49.1625]]]}},{"type":"Feature","properties":{"c":"815873","o":"","e":""},"geometry":{"type":"Polygon","coordinates":[[[-93.10625,49.14167],[-93.10625,49.14583],[-93.1,49.14583],[-93.1,49.14167],[-93.10625,49.14167]]]}},{"type":"Feature","properties":{"c":"815883","o":"","e":""},"geometry":{"type":"Polygon","coordinates":[[[-93.10625,49.1375],[-93.10625,49.14167],[-93.1,49.14167],[-93.1,49.1375],[-93.10625,49.1375]]]}},{"type":"Feature","properties":{"c":"815816","o":"","e":""},"geometry":{"type":"Polygon","coordinates":[[[-93.13125,49.1125],[-93.13125,49.11667],[-93.125,49.11667],[-93.125,49.1125],[-93.13125,49.1125]]]}},{"type":"Feature","properties":{"c":"816036","o":"","e":""},"geometry":{"type":"Polygon","coordinates":[[[-93.08125,49.15833],[-93.08125,49.1625],[-93.075,49.1625],[-93.075,49.15833],[-93.08125,49.15833]]]}},{"type":"Feature","properties":{"c":"816601","o":"","e":""},"geometry":{"type":"Polygon","coordinates":[[[-93.025,49.22083],[-93.025,49.225],[-93.01875,49.225],[-93.01875,49.22083],[-93.025,49.22083]]]}},{"type":"Feature","properties":{"c":"816037","o":"","e":""},"geometry":{"type":"Polygon","coordinates":[[[-93.075,49.15833],[-93.075,49.1625],[-93.06875,49.1625],[-93.06875,49.15833],[-93.075,49.15833]]]}},{"type":"Feature","properties":{"c":"124371","o":"","e":""},"geometry":{"type":"Polygon","coordinates":[[[-93.4,49.17083],[-93.4,49.175],[-93.39375,49.175],[-93.39375,49.17083],[-93.4,49.17083]]]}},{"type":"Feature","properties":{"c":"124372","o":"","e":""},"geometry":{"type":"Polygon","coordinates":[[[-93.4875,49.2],[-93.4875,49.20417],[-93.48125,49.20417],[-93.48125,49.2],[-93.4875,49.2]]]}},{"type":"Feature","properties":{"c":"124377","o":"","e":""},"geometry":{"type":"Polygon","coordinates":[[[-93.36875,49.17083],[-93.36875,49.175],[-93.3625,49.175],[-93.3625,49.17083],[-93.36875,49.17083]]]}},{"type":"Feature","properties":{"c":"124388","o":"","e":""},"geometry":{"type":"Polygon","coordinates":[[[-93.475,49.19167],[-93.475,49.19583],[-93.46875,49.19583],[-93.46875,49.19167],[-93.475,49.19167]]]}},{"type":"Feature","properties":{"c":"129494","o":"","e":""},"geometry":{"type":"Polygon","coordinates":[[[-93.39375,49.1875],[-93.39375,49.19167],[-93.3875,49.19167],[-93.3875,49.1875],[-93.39375,49.1875]]]}},{"type":"Feature","properties":{"c":"1038798","o":"","e":""},"geometry":{"type":"Polygon","coordinates":[[[-93.09375,49.35833],[-93.09375,49.3625],[-93.0875,49.3625],[-93.0875,49.35833],[-93.09375,49.35833]]]}},{"type":"Feature","properties":{"c":"1038799","o":"","e":""},"geometry":{"type":"Polygon","coordinates":[[[-93.13125,49.37083],[-93.13125,49.375],[-93.125,49.375],[-93.125,49.37083],[-93.13125,49.37083]]]}},{"type":"Feature","properties":{"c":"1038800","o":"","e":""},"geometry":{"type":"Polygon","coordinates":[[[-93.10625,49.3625],[-93.10625,49.36667],[-93.1,49.36667],[-93.1,49.3625],[-93.10625,49.3625]]]}},{"type":"Feature","properties":{"c":"1038801","o":"","e":""},"geometry":{"type":"Polygon","coordinates":[[[-93.1,49.35833],[-93.1,49.3625],[-93.09375,49.3625],[-93.09375,49.35833],[-93.1,49.35833]]]}},{"type":"Feature","properties":{"c":"720326","o":"","e":""},"geometry":{"type":"Polygon","coordinates":[[[-93.08125,49.21667],[-93.08125,49.22083],[-93.075,49.22083],[-93.075,49.21667],[-93.08125,49.21667]]]}},{"type":"Feature","properties":{"c":"720327","o":"","e":""},"geometry":{"type":"Polygon","coordinates":[[[-93.06875,49.21667],[-93.06875,49.22083],[-93.0625,49.22083],[-93.0625,49.21667],[-93.06875,49.21667]]]}},{"type":"Feature","properties":{"c":"537936","o":"","e":""},"geometry":{"type":"Polygon","coordinates":[[[-93.2875,49.15833],[-93.2875,49.1625],[-93.28125,49.1625],[-93.28125,49.15833],[-93.2875,49.15833]]]}},{"type":"Feature","properties":{"c":"537937","o":"","e":""},"geometry":{"type":"Polygon","coordinates":[[[-93.28125,49.15833],[-93.28125,49.1625],[-93.275,49.1625],[-93.275,49.15833],[-93.28125,49.15833]]]}},{"type":"Feature","properties":{"c":"537938","o":"","e":""},"geometry":{"type":"Polygon","coordinates":[[[-93.275,49.15833],[-93.275,49.1625],[-93.26875,49.1625],[-93.26875,49.15833],[-93.275,49.15833]]]}},{"type":"Feature","properties":{"c":"537939","o":"","e":""},"geometry":{"type":"Polygon","coordinates":[[[-93.34375,49.15417],[-93.34375,49.15833],[-93.3375,49.15833],[-93.3375,49.15417],[-93.34375,49.15417]]]}},{"type":"Feature","properties":{"c":"537931","o":"","e":""},"geometry":{"type":"Polygon","coordinates":[[[-93.28125,49.1625],[-93.28125,49.16667],[-93.275,49.16667],[-93.275,49.1625],[-93.28125,49.1625]]]}},{"type":"Feature","properties":{"c":"537932","o":"","e":""},"geometry":{"type":"Polygon","coordinates":[[[-93.275,49.1625],[-93.275,49.16667],[-93.26875,49.16667],[-93.26875,49.1625],[-93.275,49.1625]]]}},{"type":"Feature","properties":{"c":"537933","o":"","e":""},"geometry":{"type":"Polygon","coordinates":[[[-93.325,49.15833],[-93.325,49.1625],[-93.31875,49.1625],[-93.31875,49.15833],[-93.325,49.15833]]]}},{"type":"Feature","properties":{"c":"537934","o":"","e":""},"geometry":{"type":"Polygon","coordinates":[[[-93.31875,49.15833],[-93.31875,49.1625],[-93.3125,49.1625],[-93.3125,49.15833],[-93.31875,49.15833]]]}},{"type":"Feature","properties":{"c":"537935","o":"","e":""},"geometry":{"type":"Polygon","coordinates":[[[-93.3125,49.15833],[-93.3125,49.1625],[-93.30625,49.1625],[-93.30625,49.15833],[-93.3125,49.15833]]]}},{"type":"Feature","properties":{"c":"916996","o":"","e":""},"geometry":{"type":"Polygon","coordinates":[[[-93.275,49.10417],[-93.275,49.10833],[-93.26875,49.10833],[-93.26875,49.10417],[-93.275,49.10417]]]}},{"type":"Feature","properties":{"c":"916997","o":"","e":""},"geometry":{"type":"Polygon","coordinates":[[[-93.275,49.10833],[-93.275,49.1125],[-93.26875,49.1125],[-93.26875,49.10833],[-93.275,49.10833]]]}},{"type":"Feature","properties":{"c":"916998","o":"","e":""},"geometry":{"type":"Polygon","coordinates":[[[-93.2625,49.1],[-93.2625,49.10417],[-93.25625,49.10417],[-93.25625,49.1],[-93.2625,49.1]]]}},{"type":"Feature","properties":{"c":"916999","o":"","e":""},"geometry":{"type":"Polygon","coordinates":[[[-93.25625,49.09583],[-93.25625,49.1],[-93.25,49.1],[-93.25,49.09583],[-93.25625,49.09583]]]}},{"type":"Feature","properties":{"c":"917000","o":"","e":""},"geometry":{"type":"Polygon","coordinates":[[[-93.25625,49.10833],[-93.25625,49.1125],[-93.25,49.1125],[-93.25,49.10833],[-93.25625,49.10833]]]}},{"type":"Feature","properties":{"c":"917001","o":"","e":""},"geometry":{"type":"Polygon","coordinates":[[[-93.24375,49.1],[-93.24375,49.10417],[-93.2375,49.10417],[-93.2375,49.1],[-93.24375,49.1]]]}},{"type":"Feature","properties":{"c":"917002","o":"","e":""},"geometry":{"type":"Polygon","coordinates":[[[-93.275,49.09583],[-93.275,49.1],[-93.26875,49.1],[-93.26875,49.09583],[-93.275,49.09583]]]}},{"type":"Feature","properties":{"c":"917007","o":"","e":""},"geometry":{"type":"Polygon","coordinates":[[[-93.2375,49.09167],[-93.2375,49.09583],[-93.23125,49.09583],[-93.23125,49.09167],[-93.2375,49.09167]]]}},{"type":"Feature","properties":{"c":"917003","o":"","e":""},"geometry":{"type":"Polygon","coordinates":[[[-93.26875,49.08333],[-93.26875,49.0875],[-93.2625,49.0875],[-93.2625,49.08333],[-93.26875,49.08333]]]}},{"type":"Feature","properties":{"c":"917004","o":"","e":""},"geometry":{"type":"Polygon","coordinates":[[[-93.26875,49.09583],[-93.26875,49.1],[-93.2625,49.1],[-93.2625,49.09583],[-93.26875,49.09583]]]}},{"type":"Feature","properties":{"c":"917005","o":"","e":""},"geometry":{"type":"Polygon","coordinates":[[[-93.2625,49.10833],[-93.2625,49.1125],[-93.25625,49.1125],[-93.25625,49.10833],[-93.2625,49.10833]]]}},{"type":"Feature","properties":{"c":"917006","o":"","e":""},"geometry":{"type":"Polygon","coordinates":[[[-93.24375,49.10417],[-93.24375,49.10833],[-93.2375,49.10833],[-93.2375,49.10417],[-93.24375,49.10417]]]}},{"type":"Feature","properties":{"c":"546060","o":"","e":""},"geometry":{"type":"Polygon","coordinates":[[[-93.3375,49.125],[-93.3375,49.12917],[-93.33125,49.12917],[-93.33125,49.125],[-93.3375,49.125]]]}},{"type":"Feature","properties":{"c":"130998","o":"","e":""},"geometry":{"type":"Polygon","coordinates":[[[-93.425,49.14583],[-93.425,49.15],[-93.41875,49.15],[-93.41875,49.14583],[-93.425,49.14583]]]}},{"type":"Feature","properties":{"c":"917036","o":"","e":""},"geometry":{"type":"Polygon","coordinates":[[[-93.26875,49.10833],[-93.26875,49.1125],[-93.2625,49.1125],[-93.2625,49.10833],[-93.26875,49.10833]]]}},{"type":"Feature","properties":{"c":"917037","o":"","e":""},"geometry":{"type":"Polygon","coordinates":[[[-93.2625,49.0875],[-93.2625,49.09167],[-93.25625,49.09167],[-93.25625,49.0875],[-93.2625,49.0875]]]}},{"type":"Feature","properties":{"c":"917038","o":"","e":""},"geometry":{"type":"Polygon","coordinates":[[[-93.25625,49.09167],[-93.25625,49.09583],[-93.25,49.09583],[-93.25,49.09167],[-93.25625,49.09167]]]}},{"type":"Feature","properties":{"c":"917039","o":"","e":""},"geometry":{"type":"Polygon","coordinates":[[[-93.25,49.09167],[-93.25,49.09583],[-93.24375,49.09583],[-93.24375,49.09167],[-93.25,49.09167]]]}},{"type":"Feature","properties":{"c":"917008","o":"","e":""},"geometry":{"type":"Polygon","coordinates":[[[-93.2375,49.09583],[-93.2375,49.1],[-93.23125,49.1],[-93.23125,49.09583],[-93.2375,49.09583]]]}},{"type":"Feature","properties":{"c":"917009","o":"","e":""},"geometry":{"type":"Polygon","coordinates":[[[-93.23125,49.09583],[-93.23125,49.1],[-93.225,49.1],[-93.225,49.09583],[-93.23125,49.09583]]]}},{"type":"Feature","properties":{"c":"917010","o":"","e":""},"geometry":{"type":"Polygon","coordinates":[[[-93.275,49.0875],[-93.275,49.09167],[-93.26875,49.09167],[-93.26875,49.0875],[-93.275,49.0875]]]}},{"type":"Feature","properties":{"c":"917011","o":"","e":""},"geometry":{"type":"Polygon","coordinates":[[[-93.2625,49.1125],[-93.2625,49.11667],[-93.25625,49.11667],[-93.25625,49.1125],[-93.2625,49.1125]]]}},{"type":"Feature","properties":{"c":"917012","o":"","e":""},"geometry":{"type":"Polygon","coordinates":[[[-93.24375,49.10833],[-93.24375,49.1125],[-93.2375,49.1125],[-93.2375,49.10833],[-93.24375,49.10833]]]}},{"type":"Feature","properties":{"c":"917013","o":"","e":""},"geometry":{"type":"Polygon","coordinates":[[[-93.2375,49.1],[-93.2375,49.10417],[-93.23125,49.10417],[-93.23125,49.1],[-93.2375,49.1]]]}},{"type":"Feature","properties":{"c":"917014","o":"","e":""},"geometry":{"type":"Polygon","coordinates":[[[-93.275,49.08333],[-93.275,49.0875],[-93.26875,49.0875],[-93.26875,49.08333],[-93.275,49.08333]]]}},{"type":"Feature","properties":{"c":"917015","o":"","e":""},"geometry":{"type":"Polygon","coordinates":[[[-93.275,49.09167],[-93.275,49.09583],[-93.26875,49.09583],[-93.26875,49.09167],[-93.275,49.09167]]]}},{"type":"Feature","properties":{"c":"917016","o":"","e":""},"geometry":{"type":"Polygon","coordinates":[[[-93.2625,49.09167],[-93.2625,49.09583],[-93.25625,49.09583],[-93.25625,49.09167],[-93.2625,49.09167]]]}},{"type":"Feature","properties":{"c":"917017","o":"","e":""},"geometry":{"type":"Polygon","coordinates":[[[-93.25,49.10417],[-93.25,49.10833],[-93.24375,49.10833],[-93.24375,49.10417],[-93.25,49.10417]]]}},{"type":"Feature","properties":{"c":"917018","o":"","e":""},"geometry":{"type":"Polygon","coordinates":[[[-93.25,49.10833],[-93.25,49.1125],[-93.24375,49.1125],[-93.24375,49.10833],[-93.25,49.10833]]]}},{"type":"Feature","properties":{"c":"917019","o":"","e":""},"geometry":{"type":"Polygon","coordinates":[[[-93.24375,49.0875],[-93.24375,49.09167],[-93.2375,49.09167],[-93.2375,49.0875],[-93.24375,49.0875]]]}},{"type":"Feature","properties":{"c":"917020","o":"","e":""},"geometry":{"type":"Polygon","coordinates":[[[-93.24375,49.09167],[-93.24375,49.09583],[-93.2375,49.09583],[-93.2375,49.09167],[-93.24375,49.09167]]]}},{"type":"Feature","properties":{"c":"917021","o":"","e":""},"geometry":{"type":"Polygon","coordinates":[[[-93.26875,49.09167],[-93.26875,49.09583],[-93.2625,49.09583],[-93.2625,49.09167],[-93.26875,49.09167]]]}},{"type":"Feature","properties":{"c":"917022","o":"","e":""},"geometry":{"type":"Polygon","coordinates":[[[-93.2625,49.08333],[-93.2625,49.0875],[-93.25625,49.0875],[-93.25625,49.08333],[-93.2625,49.08333]]]}},{"type":"Feature","properties":{"c":"917023","o":"","e":""},"geometry":{"type":"Polygon","coordinates":[[[-93.2625,49.09583],[-93.2625,49.1],[-93.25625,49.1],[-93.25625,49.09583],[-93.2625,49.09583]]]}},{"type":"Feature","properties":{"c":"917024","o":"","e":""},"geometry":{"type":"Polygon","coordinates":[[[-93.25625,49.0875],[-93.25625,49.09167],[-93.25,49.09167],[-93.25,49.0875],[-93.25625,49.0875]]]}},{"type":"Feature","properties":{"c":"917025","o":"","e":""},"geometry":{"type":"Polygon","coordinates":[[[-93.25625,49.10417],[-93.25625,49.10833],[-93.25,49.10833],[-93.25,49.10417],[-93.25625,49.10417]]]}},{"type":"Feature","properties":{"c":"917026","o":"","e":""},"geometry":{"type":"Polygon","coordinates":[[[-93.26875,49.1],[-93.26875,49.10417],[-93.2625,49.10417],[-93.2625,49.1],[-93.26875,49.1]]]}},{"type":"Feature","properties":{"c":"917027","o":"","e":""},"geometry":{"type":"Polygon","coordinates":[[[-93.26875,49.10417],[-93.26875,49.10833],[-93.2625,49.10833],[-93.2625,49.10417],[-93.26875,49.10417]]]}},{"type":"Feature","properties":{"c":"917028","o":"","e":""},"geometry":{"type":"Polygon","coordinates":[[[-93.26875,49.1125],[-93.26875,49.11667],[-93.2625,49.11667],[-93.2625,49.1125],[-93.26875,49.1125]]]}},{"type":"Feature","properties":{"c":"917029","o":"","e":""},"geometry":{"type":"Polygon","coordinates":[[[-93.2625,49.10417],[-93.2625,49.10833],[-93.25625,49.10833],[-93.25625,49.10417],[-93.2625,49.10417]]]}},{"type":"Feature","properties":{"c":"917035","o":"","e":""},"geometry":{"type":"Polygon","coordinates":[[[-93.26875,49.0875],[-93.26875,49.09167],[-93.2625,49.09167],[-93.2625,49.0875],[-93.26875,49.0875]]]}},{"type":"Feature","properties":{"c":"917030","o":"","e":""},"geometry":{"type":"Polygon","coordinates":[[[-93.25,49.0875],[-93.25,49.09167],[-93.24375,49.09167],[-93.24375,49.0875],[-93.25,49.0875]]]}},{"type":"Feature","properties":{"c":"917031","o":"","e":""},"geometry":{"type":"Polygon","coordinates":[[[-93.2375,49.10417],[-93.2375,49.10833],[-93.23125,49.10833],[-93.23125,49.10417],[-93.2375,49.10417]]]}},{"type":"Feature","properties":{"c":"917032","o":"","e":""},"geometry":{"type":"Polygon","coordinates":[[[-93.23125,49.1],[-93.23125,49.10417],[-93.225,49.10417],[-93.225,49.1],[-93.23125,49.1]]]}},{"type":"Feature","properties":{"c":"917033","o":"","e":""},"geometry":{"type":"Polygon","coordinates":[[[-93.23125,49.10417],[-93.23125,49.10833],[-93.225,49.10833],[-93.225,49.10417],[-93.23125,49.10417]]]}},{"type":"Feature","properties":{"c":"917034","o":"","e":""},"geometry":{"type":"Polygon","coordinates":[[[-93.275,49.1],[-93.275,49.10417],[-93.26875,49.10417],[-93.26875,49.1],[-93.275,49.1]]]}},{"type":"Feature","properties":{"c":"135734","o":"","e":""},"geometry":{"type":"Polygon","coordinates":[[[-93.41875,49.1625],[-93.41875,49.16667],[-93.4125,49.16667],[-93.4125,49.1625],[-93.41875,49.1625]]]}},{"type":"Feature","properties":{"c":"133035","o":"","e":""},"geometry":{"type":"Polygon","coordinates":[[[-93.00625,49.24583],[-93.00625,49.25],[-93.0,49.25],[-93.0,49.24583],[-93.00625,49.24583]]]}},{"type":"Feature","properties":{"c":"136065","o":"","e":""},"geometry":{"type":"Polygon","coordinates":[[[-93.3625,49.1375],[-93.3625,49.14167],[-93.35625,49.14167],[-93.35625,49.1375],[-93.3625,49.1375]]]}},{"type":"Feature","properties":{"c":"136095","o":"","e":""},"geometry":{"type":"Polygon","coordinates":[[[-93.4,49.20417],[-93.4,49.20833],[-93.39375,49.20833],[-93.39375,49.20417],[-93.4,49.20417]]]}},{"type":"Feature","properties":{"c":"556250","o":"","e":""},"geometry":{"type":"Polygon","coordinates":[[[-93.5125,49.35833],[-93.5125,49.3625],[-93.5125,49.36667],[-93.50625,49.36667],[-93.5,49.36667],[-93.49375,49.36667],[-93.4875,49.36667],[-93.4875,49.3625],[-93.4875,49.35833],[-93.4875,49.35417],[-93.4875,49.35],[-93.49375,49.35],[-93.5,49.35],[-93.50625,49.35],[-93.5125,49.35],[-93.5125,49.35417],[-93.5125,49.35833]]]}},{"type":"Feature","properties":{"c":"136096","o":"","e":""},"geometry":{"type":"Polygon","coordinates":[[[-93.39375,49.19583],[-93.39375,49.2],[-93.3875,49.2],[-93.3875,49.19583],[-93.39375,49.19583]]]}},{"type":"Feature","properties":{"c":"136993","o":"","e":""},"geometry":{"type":"Polygon","coordinates":[[[-93.4625,49.18333],[-93.4625,49.1875],[-93.45625,49.1875],[-93.45625,49.18333],[-93.4625,49.18333]]]}},{"type":"Feature","properties":{"c":"548699","o":"","e":""},"geometry":{"type":"Polygon","coordinates":[[[-93.3875,49.13333],[-93.3875,49.1375],[-93.38125,49.1375],[-93.38125,49.13333],[-93.3875,49.13333]]]}},{"type":"Feature","properties":{"c":"138986","o":"","e":""},"geometry":{"type":"Polygon","coordinates":[[[-93.00625,49.26667],[-93.00625,49.26796],[-93.00625,49.27083],[-93.0,49.27083],[-93.0,49.26796],[-93.0,49.26667],[-93.00625,49.26667]]]}},{"type":"Feature","properties":{"c":"138987","o":"","e":""},"geometry":{"type":"Polygon","coordinates":[[[-93.0125,49.27083],[-93.0125,49.275],[-93.00625,49.275],[-93.00625,49.27083],[-93.0125,49.27083]]]}},{"type":"Feature","properties":{"c":"1038802","o":"","e":""},"geometry":{"type":"Polygon","coordinates":[[[-93.11875,49.3625],[-93.11875,49.36667],[-93.1125,49.36667],[-93.1125,49.3625],[-93.11875,49.3625]]]}},{"type":"Feature","properties":{"c":"1038803","o":"","e":""},"geometry":{"type":"Polygon","coordinates":[[[-93.1125,49.3625],[-93.1125,49.36667],[-93.10625,49.36667],[-93.10625,49.3625],[-93.1125,49.3625]]]}},{"type":"Feature","properties":{"c":"1038804","o":"","e":""},"geometry":{"type":"Polygon","coordinates":[[[-93.10625,49.35],[-93.10625,49.35417],[-93.1,49.35417],[-93.1,49.35],[-93.10625,49.35]]]}},{"type":"Feature","properties":{"c":"1038805","o":"","e":""},"geometry":{"type":"Polygon","coordinates":[[[-93.11875,49.36667],[-93.11875,49.37083],[-93.1125,49.37083],[-93.1125,49.36667],[-93.11875,49.36667]]]}},{"type":"Feature","properties":{"c":"1038806","o":"","e":""},"geometry":{"type":"Polygon","coordinates":[[[-93.10625,49.36667],[-93.10625,49.37083],[-93.1,49.37083],[-93.1,49.36667],[-93.10625,49.36667]]]}},{"type":"Feature","properties":{"c":"733482","o":"","e":""},"geometry":{"type":"Polygon","coordinates":[[[-93.0875,49.0125],[-93.0875,49.01667],[-93.0875,49.02083],[-93.0875,49.025],[-93.08125,49.025],[-93.075,49.025],[-93.075,49.02917],[-93.075,49.03333],[-93.06875,49.03333],[-93.0625,49.03333],[-93.05625,49.03333],[-93.05,49.03333],[-93.05,49.02917],[-93.05,49.025],[-93.05,49.02083],[-93.05625,49.02083],[-93.0625,49.02083],[-93.06875,49.02083],[-93.06875,49.01667],[-93.06875,49.0125],[-93.06875,49.00833],[-93.075,49.00833],[-93.075,49.00417],[-93.08125,49.00417],[-93.0875,49.00417],[-93.0875,49.00833],[-93.0875,49.0125]]]}},{"type":"Feature","properties":{"c":"141635","o":"","e":""},"geometry":{"type":"Polygon","coordinates":[[[-93.3875,49.20417],[-93.3875,49.20833],[-93.38125,49.20833],[-93.38125,49.20417],[-93.3875,49.20417]]]}},{"type":"Feature","properties":{"c":"143032","o":"","e":""},"geometry":{"type":"Polygon","coordinates":[[[-93.4625,49.17083],[-93.4625,49.175],[-93.45625,49.175],[-93.45625,49.17083],[-93.4625,49.17083]]]}},{"type":"Feature","properties":{"c":"547854","o":"","e":""},"geometry":{"type":"Polygon","coordinates":[[[-93.3875,49.12917],[-93.3875,49.13333],[-93.38125,49.13333],[-93.38125,49.12917],[-93.3875,49.12917]]]}},{"type":"Feature","properties":{"c":"142471","o":"","e":""},"geometry":{"type":"Polygon","coordinates":[[[-93.375,49.13333],[-93.375,49.1375],[-93.36875,49.1375],[-93.36875,49.13333],[-93.375,49.13333]]]}},{"type":"Feature","properties":{"c":"754568","o":"","e":""},"geometry":{"type":"Polygon","coordinates":[[[-93.3375,49.14167],[-93.3375,49.14583],[-93.33125,49.14583],[-93.33125,49.14167],[-93.3375,49.14167]]]}},{"type":"Feature","properties":{"c":"144813","o":"","e":""},"geometry":{"type":"Polygon","coordinates":[[[-93.3625,49.14167],[-93.3625,49.14583],[-93.35625,49.14583],[-93.35625,49.14167],[-93.3625,49.14167]]]}},{"type":"Feature","properties":{"c":"144482","o":"","e":""},"geometry":{"type":"Polygon","coordinates":[[[-93.00625,49.275],[-93.00625,49.27917],[-93.0,49.27917],[-93.0,49.275],[-93.00625,49.275]]]}},{"type":"Feature","properties":{"c":"1038808","o":"","e":""},"geometry":{"type":"Polygon","coordinates":[[[-93.1,49.35],[-93.1,49.35417],[-93.09375,49.35417],[-93.09375,49.35],[-93.1,49.35]]]}},{"type":"Feature","properties":{"c":"1038807","o":"","e":""},"geometry":{"type":"Polygon","coordinates":[[[-93.1,49.34583],[-93.1,49.35],[-93.09375,49.35],[-93.09375,49.34583],[-93.1,49.34583]]]}},{"type":"Feature","properties":{"c":"1038809","o":"","e":""},"geometry":{"type":"Polygon","coordinates":[[[-93.1125,49.35],[-93.1125,49.35417],[-93.10625,49.35417],[-93.10625,49.35],[-93.1125,49.35]]]}},{"type":"Feature","properties":{"c":"1038810","o":"","e":""},"geometry":{"type":"Polygon","coordinates":[[[-93.1,49.3625],[-93.1,49.36667],[-93.09375,49.36667],[-93.09375,49.3625],[-93.1,49.3625]]]}},{"type":"Feature","properties":{"c":"1038811","o":"","e":""},"geometry":{"type":"Polygon","coordinates":[[[-93.13125,49.36667],[-93.13125,49.37083],[-93.125,49.37083],[-93.125,49.36667],[-93.13125,49.36667]]]}},{"type":"Feature","properties":{"c":"1038812","o":"","e":""},"geometry":{"type":"Polygon","coordinates":[[[-93.125,49.3625],[-93.125,49.36667],[-93.11875,49.36667],[-93.11875,49.3625],[-93.125,49.3625]]]}},{"type":"Feature","properties":{"c":"1038813","o":"","e":""},"geometry":{"type":"Polygon","coordinates":[[[-93.11875,49.37083],[-93.11875,49.375],[-93.1125,49.375],[-93.1125,49.37083],[-93.11875,49.37083]]]}},{"type":"Feature","properties":{"c":"1038814","o":"","e":""},"geometry":{"type":"Polygon","coordinates":[[[-93.1125,49.34583],[-93.1125,49.35],[-93.10625,49.35],[-93.10625,49.34583],[-93.1125,49.34583]]]}},{"type":"Feature","properties":{"c":"1038815","o":"","e":""},"geometry":{"type":"Polygon","coordinates":[[[-93.1125,49.35417],[-93.1125,49.35833],[-93.10625,49.35833],[-93.10625,49.35417],[-93.1125,49.35417]]]}},{"type":"Feature","properties":{"c":"148286","o":"","e":""},"geometry":{"type":"Polygon","coordinates":[[[-93.4875,49.20833],[-93.4875,49.2125],[-93.48125,49.2125],[-93.48125,49.20833],[-93.4875,49.20833]]]}},{"type":"Feature","properties":{"c":"815853","o":"","e":""},"geometry":{"type":"Polygon","coordinates":[[[-93.1125,49.15],[-93.1125,49.15417],[-93.10625,49.15417],[-93.10625,49.15],[-93.1125,49.15]]]}},{"type":"Feature","properties":{"c":"816263","o":"","e":""},"geometry":{"type":"Polygon","coordinates":[[[-93.1125,49.1125],[-93.1125,49.11667],[-93.10625,49.11667],[-93.10625,49.1125],[-93.1125,49.1125]]]}},{"type":"Feature","properties":{"c":"816196","o":"","e":""},"geometry":{"type":"Polygon","coordinates":[[[-93.04375,49.1875],[-93.04375,49.19167],[-93.0375,49.19167],[-93.0375,49.1875],[-93.04375,49.1875]]]}},{"type":"Feature","properties":{"c":"816218","o":"","e":""},"geometry":{"type":"Polygon","coordinates":[[[-93.01875,49.20417],[-93.01875,49.20833],[-93.0125,49.20833],[-93.0125,49.20417],[-93.01875,49.20417]]]}},{"type":"Feature","properties":{"c":"815842","o":"","e":""},"geometry":{"type":"Polygon","coordinates":[[[-93.125,49.13333],[-93.125,49.1375],[-93.11875,49.1375],[-93.11875,49.13333],[-93.125,49.13333]]]}},{"type":"Feature","properties":{"c":"815852","o":"","e":""},"geometry":{"type":"Polygon","coordinates":[[[-93.09375,49.15417],[-93.09375,49.15833],[-93.0875,49.15833],[-93.0875,49.15417],[-93.09375,49.15417]]]}},{"type":"Feature","properties":{"c":"816224","o":"","e":""},"geometry":{"type":"Polygon","coordinates":[[[-93.00625,49.20833],[-93.00625,49.2125],[-93.0,49.2125],[-93.0,49.20833],[-93.00625,49.20833]]]}},{"type":"Feature","properties":{"c":"816019","o":"","e":""},"geometry":{"type":"Polygon","coordinates":[[[-93.11875,49.10833],[-93.11875,49.1125],[-93.1125,49.1125],[-93.1125,49.10833],[-93.11875,49.10833]]]}},{"type":"Feature","properties":{"c":"816054","o":"","e":""},"geometry":{"type":"Polygon","coordinates":[[[-93.075,49.16667],[-93.075,49.17083],[-93.06875,49.17083],[-93.06875,49.16667],[-93.075,49.16667]]]}},{"type":"Feature","properties":{"c":"816256","o":"","e":""},"geometry":{"type":"Polygon","coordinates":[[[-93.1125,49.11667],[-93.1125,49.12083],[-93.10625,49.12083],[-93.10625,49.11667],[-93.1125,49.11667]]]}},{"type":"Feature","properties":{"c":"816255","o":"","e":""},"geometry":{"type":"Polygon","coordinates":[[[-93.11875,49.11667],[-93.11875,49.12083],[-93.1125,49.12083],[-93.1125,49.11667],[-93.11875,49.11667]]]}},{"type":"Feature","properties":{"c":"148125","o":"","e":""},"geometry":{"type":"Polygon","coordinates":[[[-93.01875,49.26667],[-93.01875,49.26796],[-93.01875,49.27083],[-93.0125,49.27083],[-93.0125,49.26796],[-93.0125,49.26667],[-93.01875,49.26667]]]}},{"type":"Feature","properties":{"c":"149719","o":"","e":""},"geometry":{"type":"Polygon","coordinates":[[[-93.01875,49.25],[-93.01875,49.25417],[-93.0125,49.25417],[-93.0125,49.25],[-93.01875,49.25]]]}},{"type":"Feature","properties":{"c":"148814","o":"","e":""},"geometry":{"type":"Polygon","coordinates":[[[-93.34375,49.2],[-93.34375,49.20417],[-93.3375,49.20417],[-93.3375,49.2],[-93.34375,49.2]]]}},{"type":"Feature","properties":{"c":"152352","o":"","e":""},"geometry":{"type":"Polygon","coordinates":[[[-93.39375,49.15],[-93.39375,49.15417],[-93.3875,49.15417],[-93.3875,49.15],[-93.39375,49.15]]]}},{"type":"Feature","properties":{"c":"152367","o":"","e":""},"geometry":{"type":"Polygon","coordinates":[[[-93.375,49.175],[-93.375,49.17917],[-93.36875,49.17917],[-93.36875,49.175],[-93.375,49.175]]]}},{"type":"Feature","properties":{"c":"151816","o":"","e":""},"geometry":{"type":"Polygon","coordinates":[[[-93.0125,49.2625],[-93.0125,49.26667],[-93.00625,49.26667],[-93.00625,49.2625],[-93.0125,49.2625]]]}},{"type":"Feature","properties":{"c":"152380","o":"","e":""},"geometry":{"type":"Polygon","coordinates":[[[-93.475,49.19583],[-93.475,49.2],[-93.46875,49.2],[-93.46875,49.19583],[-93.475,49.19583]]]}},{"type":"Feature","properties":{"c":"152381","o":"","e":""},"geometry":{"type":"Polygon","coordinates":[[[-93.4875,49.1875],[-93.4875,49.19167],[-93.48125,49.19167],[-93.48125,49.1875],[-93.4875,49.1875]]]}},{"type":"Feature","properties":{"c":"151701","o":"","e":""},"geometry":{"type":"Polygon","coordinates":[[[-93.4125,49.20417],[-93.4125,49.20833],[-93.40625,49.20833],[-93.40625,49.20417],[-93.4125,49.20417]]]}},{"type":"Feature","properties":{"c":"1038817","o":"","e":""},"geometry":{"type":"Polygon","coordinates":[[[-93.1125,49.37083],[-93.1125,49.375],[-93.10625,49.375],[-93.10625,49.37083],[-93.1125,49.37083]]]}},{"type":"Feature","properties":{"c":"1038818","o":"","e":""},"geometry":{"type":"Polygon","coordinates":[[[-93.10625,49.35417],[-93.10625,49.35833],[-93.1,49.35833],[-93.1,49.35417],[-93.10625,49.35417]]]}},{"type":"Feature","properties":{"c":"1038816","o":"","e":""},"geometry":{"type":"Polygon","coordinates":[[[-93.1125,49.35833],[-93.1125,49.3625],[-93.10625,49.3625],[-93.10625,49.35833],[-93.1125,49.35833]]]}},{"type":"Feature","properties":{"c":"1038819","o":"","e":""},"geometry":{"type":"Polygon","coordinates":[[[-93.125,49.37083],[-93.125,49.375],[-93.11875,49.375],[-93.11875,49.37083],[-93.125,49.37083]]]}},{"type":"Feature","properties":{"c":"1038820","o":"","e":""},"geometry":{"type":"Polygon","coordinates":[[[-93.10625,49.34583],[-93.10625,49.35],[-93.1,49.35],[-93.1,49.34583],[-93.10625,49.34583]]]}},{"type":"Feature","properties":{"c":"156912","o":"","e":""},"geometry":{"type":"Polygon","coordinates":[[[-93.35,49.1375],[-93.35,49.14167],[-93.34375,49.14167],[-93.34375,49.1375],[-93.35,49.1375]]]}},{"type":"Feature","properties":{"c":"537940","o":"","e":""},"geometry":{"type":"Polygon","coordinates":[[[-93.3375,49.15417],[-93.3375,49.15833],[-93.33125,49.15833],[-93.33125,49.15417],[-93.3375,49.15417]]]}},{"type":"Feature","properties":{"c":"537941","o":"","e":""},"geometry":{"type":"Polygon","coordinates":[[[-93.33125,49.15417],[-93.33125,49.15833],[-93.325,49.15833],[-93.325,49.15417],[-93.33125,49.15417]]]}},{"type":"Feature","properties":{"c":"537942","o":"","e":""},"geometry":{"type":"Polygon","coordinates":[[[-93.325,49.15417],[-93.325,49.15833],[-93.31875,49.15833],[-93.31875,49.15417],[-93.325,49.15417]]]}},{"type":"Feature","properties":{"c":"537943","o":"","e":""},"geometry":{"type":"Polygon","coordinates":[[[-93.31875,49.15417],[-93.31875,49.15833],[-93.3125,49.15833],[-93.3125,49.15417],[-93.31875,49.15417]]]}},{"type":"Feature","properties":{"c":"537944","o":"","e":""},"geometry":{"type":"Polygon","coordinates":[[[-93.3125,49.15417],[-93.3125,49.15833],[-93.30625,49.15833],[-93.30625,49.15417],[-93.3125,49.15417]]]}},{"type":"Feature","properties":{"c":"537945","o":"","e":""},"geometry":{"type":"Polygon","coordinates":[[[-93.2875,49.15417],[-93.2875,49.15833],[-93.28125,49.15833],[-93.28125,49.15417],[-93.2875,49.15417]]]}},{"type":"Feature","properties":{"c":"537947","o":"","e":""},"geometry":{"type":"Polygon","coordinates":[[[-93.275,49.15417],[-93.275,49.15833],[-93.26875,49.15833],[-93.26875,49.15417],[-93.275,49.15417]]]}},{"type":"Feature","properties":{"c":"537946","o":"","e":""},"geometry":{"type":"Polygon","coordinates":[[[-93.28125,49.15417],[-93.28125,49.15833],[-93.275,49.15833],[-93.275,49.15417],[-93.28125,49.15417]]]}},{"type":"Feature","properties":{"c":"916986","o":"","e":""},"geometry":{"type":"Polygon","coordinates":[[[-93.18125,49.09167],[-93.18125,49.09583],[-93.175,49.09583],[-93.175,49.09167],[-93.18125,49.09167]]]}},{"type":"Feature","properties":{"c":"916987","o":"","e":""},"geometry":{"type":"Polygon","coordinates":[[[-93.175,49.1],[-93.175,49.10417],[-93.16875,49.10417],[-93.16875,49.1],[-93.175,49.1]]]}},{"type":"Feature","properties":{"c":"916988","o":"","e":""},"geometry":{"type":"Polygon","coordinates":[[[-93.16875,49.1],[-93.16875,49.10417],[-93.1625,49.10417],[-93.1625,49.1],[-93.16875,49.1]]]}},{"type":"Feature","properties":{"c":"916990","o":"","e":""},"geometry":{"type":"Polygon","coordinates":[[[-93.175,49.09583],[-93.175,49.1],[-93.16875,49.1],[-93.16875,49.09583],[-93.175,49.09583]]]}},{"type":"Feature","properties":{"c":"916991","o":"","e":""},"geometry":{"type":"Polygon","coordinates":[[[-93.16875,49.09583],[-93.16875,49.1],[-93.1625,49.1],[-93.1625,49.09583],[-93.16875,49.09583]]]}},{"type":"Feature","properties":{"c":"916992","o":"","e":""},"geometry":{"type":"Polygon","coordinates":[[[-93.18125,49.1],[-93.18125,49.10417],[-93.175,49.10417],[-93.175,49.1],[-93.18125,49.1]]]}},{"type":"Feature","properties":{"c":"916993","o":"","e":""},"geometry":{"type":"Polygon","coordinates":[[[-93.1875,49.09167],[-93.1875,49.09583],[-93.18125,49.09583],[-93.18125,49.09167],[-93.1875,49.09167]]]}},{"type":"Feature","properties":{"c":"916994","o":"","e":""},"geometry":{"type":"Polygon","coordinates":[[[-93.1875,49.09583],[-93.1875,49.1],[-93.18125,49.1],[-93.18125,49.09583],[-93.1875,49.09583]]]}},{"type":"Feature","properties":{"c":"720328","o":"","e":""},"geometry":{"type":"Polygon","coordinates":[[[-93.1125,49.22083],[-93.1125,49.225],[-93.10625,49.225],[-93.10625,49.22083],[-93.1125,49.22083]]]}},{"type":"Feature","properties":{"c":"159470","o":"","e":""},"geometry":{"type":"Polygon","coordinates":[[[-93.4125,49.17917],[-93.4125,49.18333],[-93.40625,49.18333],[-93.40625,49.17917],[-93.4125,49.17917]]]}},{"type":"Feature","properties":{"c":"950725","o":"","e":""},"geometry":{"type":"Polygon","coordinates":[[[-93.5,49.36667],[-93.5,49.37083],[-93.49375,49.37083],[-93.49375,49.36667],[-93.5,49.36667]]]}},{"type":"Feature","properties":{"c":"556244","o":"","e":""},"geometry":{"type":"Polygon","coordinates":[[[-93.44375,49.36667],[-93.44375,49.37083],[-93.44375,49.375],[-93.44375,49.37917],[-93.4375,49.37917],[-93.43125,49.37917],[-93.425,49.37917],[-93.425,49.375],[-93.425,49.37083],[-93.425,49.36667],[-93.425,49.3625],[-93.41875,49.3625],[-93.41875,49.35833],[-93.425,49.35833],[-93.43125,49.35833],[-93.4375,49.35833],[-93.44375,49.35833],[-93.44375,49.3625],[-93.44375,49.36667]]]}},{"type":"Feature","properties":{"c":"548704","o":"","e":""},"geometry":{"type":"Polygon","coordinates":[[[-93.4125,49.12083],[-93.4125,49.125],[-93.40625,49.125],[-93.40625,49.12083],[-93.4125,49.12083]]]}},{"type":"Feature","properties":{"c":"916995","o":"","e":""},"geometry":{"type":"Polygon","coordinates":[[[-93.1875,49.1],[-93.1875,49.10417],[-93.18125,49.10417],[-93.18125,49.1],[-93.1875,49.1]]]}},{"type":"Feature","properties":{"c":"161758","o":"","e":""},"geometry":{"type":"Polygon","coordinates":[[[-93.38125,49.14583],[-93.38125,49.15],[-93.375,49.15],[-93.375,49.14583],[-93.38125,49.14583]]]}},{"type":"Feature","properties":{"c":"160167","o":"","e":""},"geometry":{"type":"Polygon","coordinates":[[[-93.4125,49.19583],[-93.4125,49.2],[-93.40625,49.2],[-93.40625,49.19583],[-93.4125,49.19583]]]}},{"type":"Feature","properties":{"c":"160168","o":"","e":""},"geometry":{"type":"Polygon","coordinates":[[[-93.41875,49.1875],[-93.41875,49.19167],[-93.4125,49.19167],[-93.4125,49.1875],[-93.41875,49.1875]]]}},{"type":"Feature","properties":{"c":"161491","o":"","e":""},"geometry":{"type":"Polygon","coordinates":[[[-93.3625,49.20417],[-93.3625,49.20833],[-93.35625,49.20833],[-93.35625,49.20417],[-93.3625,49.20417]]]}},{"type":"Feature","properties":{"c":"161492","o":"","e":""},"geometry":{"type":"Polygon","coordinates":[[[-93.34375,49.16667],[-93.34375,49.17083],[-93.3375,49.17083],[-93.3375,49.16667],[-93.34375,49.16667]]]}},{"type":"Feature","properties":{"c":"548721","o":"","e":""},"geometry":{"type":"Polygon","coordinates":[[[-93.39375,49.125],[-93.39375,49.12917],[-93.3875,49.12917],[-93.3875,49.125],[-93.39375,49.125]]]}},{"type":"Feature","properties":{"c":"161544","o":"","e":""},"geometry":{"type":"Polygon","coordinates":[[[-93.39375,49.1375],[-93.39375,49.14167],[-93.3875,49.14167],[-93.3875,49.1375],[-93.39375,49.1375]]]}},{"type":"Feature","properties":{"c":"900775","o":"","e":""},"geometry":{"type":"Polygon","coordinates":[[[-93.2125,49.12083],[-93.2125,49.125],[-93.20625,49.125],[-93.20625,49.12083],[-93.2125,49.12083]]]}},{"type":"Feature","properties":{"c":"900776","o":"","e":""},"geometry":{"type":"Polygon","coordinates":[[[-93.20625,49.12083],[-93.20625,49.125],[-93.2,49.125],[-93.2,49.12083],[-93.20625,49.12083]]]}},{"type":"Feature","properties":{"c":"556242","o":"","e":""},"geometry":{"type":"Polygon","coordinates":[[[-93.425,49.37083],[-93.425,49.375],[-93.425,49.37917],[-93.41875,49.37917],[-93.4125,49.37917],[-93.40625,49.37917],[-93.4,49.37917],[-93.39375,49.37917],[-93.39375,49.375],[-93.39375,49.37083],[-93.39375,49.36667],[-93.39375,49.3625],[-93.4,49.3625],[-93.40625,49.3625],[-93.4125,49.3625],[-93.41875,49.3625],[-93.425,49.3625],[-93.425,49.36667],[-93.425,49.37083]]]}},{"type":"Feature","properties":{"c":"556248","o":"","e":""},"geometry":{"type":"Polygon","coordinates":[[[-93.4875,49.35833],[-93.4875,49.3625],[-93.4875,49.36667],[-93.4875,49.37083],[-93.48125,49.37083],[-93.475,49.37083],[-93.46875,49.37083],[-93.46875,49.36667],[-93.46875,49.3625],[-93.46875,49.35833],[-93.46875,49.35417],[-93.46875,49.35],[-93.475,49.35],[-93.48125,49.35],[-93.4875,49.35],[-93.4875,49.35417],[-93.4875,49.35833]]]}},{"type":"Feature","properties":{"c":"165875","o":"","e":""},"geometry":{"type":"Polygon","coordinates":[[[-93.025,49.26667],[-93.025,49.26796],[-93.025,49.27083],[-93.01875,49.27083],[-93.01875,49.26796],[-93.01875,49.26667],[-93.025,49.26667]]]}},{"type":"Feature","properties":{"c":"950726","o":"","e":""},"geometry":{"type":"Polygon","coordinates":[[[-93.49375,49.36667],[-93.49375,49.37083],[-93.4875,49.37083],[-93.4875,49.36667],[-93.49375,49.36667]]]}},{"type":"Feature","properties":{"c":"166188","o":"","e":""},"geometry":{"type":"Polygon","coordinates":[[[-93.4125,49.19167],[-93.4125,49.19583],[-93.40625,49.19583],[-93.40625,49.19167],[-93.4125,49.19167]]]}},{"type":"Feature","properties":{"c":"561282","o":"","e":""},"geometry":{"type":"Polygon","coordinates":[[[-93.3,49.1625],[-93.3,49.16667],[-93.29375,49.16667],[-93.29375,49.1625],[-93.3,49.1625]]]}},{"type":"Feature","properties":{"c":"561281","o":"","e":""},"geometry":{"type":"Polygon","coordinates":[[[-93.30625,49.1625],[-93.30625,49.16667],[-93.3,49.16667],[-93.3,49.1625],[-93.30625,49.1625]]]}},{"type":"Feature","properties":{"c":"561283","o":"","e":""},"geometry":{"type":"Polygon","coordinates":[[[-93.29375,49.1625],[-93.29375,49.16667],[-93.2875,49.16667],[-93.2875,49.1625],[-93.29375,49.1625]]]}},{"type":"Feature","properties":{"c":"561284","o":"","e":""},"geometry":{"type":"Polygon","coordinates":[[[-93.30625,49.15833],[-93.30625,49.1625],[-93.3,49.1625],[-93.3,49.15833],[-93.30625,49.15833]]]}},{"type":"Feature","properties":{"c":"561285","o":"","e":""},"geometry":{"type":"Polygon","coordinates":[[[-93.3,49.15833],[-93.3,49.1625],[-93.29375,49.1625],[-93.29375,49.15833],[-93.3,49.15833]]]}},{"type":"Feature","properties":{"c":"561286","o":"","e":""},"geometry":{"type":"Polygon","coordinates":[[[-93.29375,49.15833],[-93.29375,49.1625],[-93.2875,49.1625],[-93.2875,49.15833],[-93.29375,49.15833]]]}},{"type":"Feature","properties":{"c":"561287","o":"","e":""},"geometry":{"type":"Polygon","coordinates":[[[-93.30625,49.15417],[-93.30625,49.15833],[-93.3,49.15833],[-93.3,49.15417],[-93.30625,49.15417]]]}},{"type":"Feature","properties":{"c":"561288","o":"","e":""},"geometry":{"type":"Polygon","coordinates":[[[-93.3,49.15417],[-93.3,49.15833],[-93.29375,49.15833],[-93.29375,49.15417],[-93.3,49.15417]]]}},{"type":"Feature","properties":{"c":"1067275","o":"","e":""},"geometry":{"type":"Polygon","coordinates":[[[-93.1,49.17083],[-93.1,49.175],[-93.09375,49.175],[-93.09375,49.17083],[-93.1,49.17083]]]}},{"type":"Feature","properties":{"c":"164552","o":"","e":""},"geometry":{"type":"Polygon","coordinates":[[[-93.35625,49.19583],[-93.35625,49.2],[-93.35,49.2],[-93.35,49.19583],[-93.35625,49.19583]]]}},{"type":"Feature","properties":{"c":"168906","o":"","e":""},"geometry":{"type":"Polygon","coordinates":[[[-93.49375,49.21667],[-93.49375,49.22083],[-93.4875,49.22083],[-93.4875,49.21667],[-93.49375,49.21667]]]}},{"type":"Feature","properties":{"c":"168224","o":"","e":""},"geometry":{"type":"Polygon","coordinates":[[[-93.49375,49.17917],[-93.49375,49.18333],[-93.4875,49.18333],[-93.4875,49.17917],[-93.49375,49.17917]]]}},{"type":"Feature","properties":{"c":"168958","o":"","e":""},"geometry":{"type":"Polygon","coordinates":[[[-93.39375,49.16667],[-93.39375,49.17083],[-93.3875,49.17083],[-93.3875,49.16667],[-93.39375,49.16667]]]}},{"type":"Feature","properties":{"c":"167548","o":"","e":""},"geometry":{"type":"Polygon","coordinates":[[[-93.41875,49.13333],[-93.41875,49.1375],[-93.4125,49.1375],[-93.4125,49.13333],[-93.41875,49.13333]]]}},{"type":"Feature","properties":{"c":"168980","o":"","e":""},"geometry":{"type":"Polygon","coordinates":[[[-93.36875,49.175],[-93.36875,49.17917],[-93.3625,49.17917],[-93.3625,49.175],[-93.36875,49.175]]]}},{"type":"Feature","properties":{"c":"168998","o":"","e":""},"geometry":{"type":"Polygon","coordinates":[[[-93.48125,49.19583],[-93.48125,49.2],[-93.475,49.2],[-93.475,49.19583],[-93.48125,49.19583]]]}},{"type":"Feature","properties":{"c":"168999","o":"","e":""},"geometry":{"type":"Polygon","coordinates":[[[-93.46875,49.1875],[-93.46875,49.19167],[-93.4625,49.19167],[-93.4625,49.1875],[-93.46875,49.1875]]]}},{"type":"Feature","properties":{"c":"166980","o":"","e":""},"geometry":{"type":"Polygon","coordinates":[[[-93.3375,49.17083],[-93.3375,49.175],[-93.33125,49.175],[-93.33125,49.17083],[-93.3375,49.17083]]]}},{"type":"Feature","properties":{"c":"168447","o":"","e":""},"geometry":{"type":"Polygon","coordinates":[[[-93.0125,49.25833],[-93.0125,49.2625],[-93.00625,49.2625],[-93.00625,49.25833],[-93.0125,49.25833]]]}},{"type":"Feature","properties":{"c":"169549","o":"","e":""},"geometry":{"type":"Polygon","coordinates":[[[-93.48125,49.17083],[-93.48125,49.175],[-93.475,49.175],[-93.475,49.17083],[-93.48125,49.17083]]]}},{"type":"Feature","properties":{"c":"169550","o":"","e":""},"geometry":{"type":"Polygon","coordinates":[[[-93.4875,49.16667],[-93.4875,49.17083],[-93.48125,49.17083],[-93.48125,49.16667],[-93.4875,49.16667]]]}},{"type":"Feature","properties":{"c":"556249","o":"","e":""},"geometry":{"type":"Polygon","coordinates":[[[-93.4875,49.34167],[-93.4875,49.34583],[-93.4875,49.35],[-93.48125,49.35],[-93.475,49.35],[-93.46875,49.35],[-93.46875,49.34583],[-93.46875,49.34167],[-93.4625,49.34167],[-93.4625,49.3375],[-93.46875,49.3375],[-93.475,49.3375],[-93.48125,49.3375],[-93.48125,49.33333],[-93.4875,49.33333],[-93.4875,49.3375],[-93.4875,49.34167]]]}},{"type":"Feature","properties":{"c":"168297","o":"","e":""},"geometry":{"type":"Polygon","coordinates":[[[-93.425,49.20833],[-93.425,49.2125],[-93.41875,49.2125],[-93.41875,49.20833],[-93.425,49.20833]]]}},{"type":"Feature","properties":{"c":"169749","o":"","e":""},"geometry":{"type":"Polygon","coordinates":[[[-93.475,49.17917],[-93.475,49.18333],[-93.46875,49.18333],[-93.46875,49.17917],[-93.475,49.17917]]]}},{"type":"Feature","properties":{"c":"173417","o":"","e":""},"geometry":{"type":"Polygon","coordinates":[[[-93.33125,49.16667],[-93.33125,49.17083],[-93.325,49.17083],[-93.325,49.16667],[-93.33125,49.16667]]]}},{"type":"Feature","properties":{"c":"760945","o":"","e":""},"geometry":{"type":"Polygon","coordinates":[[[-93.04375,49.12083],[-93.04375,49.125],[-93.0375,49.125],[-93.0375,49.12083],[-93.04375,49.12083]]]}},{"type":"Feature","properties":{"c":"816228","o":"","e":""},"geometry":{"type":"Polygon","coordinates":[[[-93.1,49.13333],[-93.1,49.1375],[-93.09375,49.1375],[-93.09375,49.13333],[-93.1,49.13333]]]}},{"type":"Feature","properties":{"c":"556243","o":"","e":""},"geometry":{"type":"Polygon","coordinates":[[[-93.41875,49.35833],[-93.41875,49.3625],[-93.4125,49.3625],[-93.40625,49.3625],[-93.4,49.3625],[-93.39375,49.3625],[-93.39375,49.35833],[-93.39375,49.35417],[-93.39375,49.35],[-93.4,49.35],[-93.40625,49.35],[-93.4125,49.35],[-93.41875,49.35],[-93.41875,49.35417],[-93.41875,49.35833]]]}},{"type":"Feature","properties":{"c":"556245","o":"","e":""},"geometry":{"type":"Polygon","coordinates":[[[-93.44375,49.35],[-93.44375,49.35417],[-93.44375,49.35833],[-93.4375,49.35833],[-93.43125,49.35833],[-93.425,49.35833],[-93.41875,49.35833],[-93.41875,49.35417],[-93.41875,49.35],[-93.41875,49.34583],[-93.425,49.34583],[-93.43125,49.34583],[-93.4375,49.34583],[-93.4375,49.34167],[-93.44375,49.34167],[-93.44375,49.34583],[-93.44375,49.35]]]}},{"type":"Feature","properties":{"c":"561289","o":"","e":""},"geometry":{"type":"Polygon","coordinates":[[[-93.29375,49.15417],[-93.29375,49.15833],[-93.2875,49.15833],[-93.2875,49.15417],[-93.29375,49.15417]]]}},{"type":"Feature","properties":{"c":"561290","o":"","e":""},"geometry":{"type":"Polygon","coordinates":[[[-93.30625,49.15],[-93.30625,49.15417],[-93.3,49.15417],[-93.3,49.15],[-93.30625,49.15]]]}},{"type":"Feature","properties":{"c":"561291","o":"","e":""},"geometry":{"type":"Polygon","coordinates":[[[-93.3,49.15],[-93.3,49.15417],[-93.29375,49.15417],[-93.29375,49.15],[-93.3,49.15]]]}},{"type":"Feature","properties":{"c":"561292","o":"","e":""},"geometry":{"type":"Polygon","coordinates":[[[-93.29375,49.15],[-93.29375,49.15417],[-93.2875,49.15417],[-93.2875,49.15],[-93.29375,49.15]]]}},{"type":"Feature","properties":{"c":"561293","o":"","e":""},"geometry":{"type":"Polygon","coordinates":[[[-93.275,49.125],[-93.275,49.12917],[-93.26875,49.12917],[-93.26875,49.125],[-93.275,49.125]]]}},{"type":"Feature","properties":{"c":"561294","o":"","e":""},"geometry":{"type":"Polygon","coordinates":[[[-93.2625,49.12917],[-93.2625,49.13333],[-93.25625,49.13333],[-93.25625,49.12917],[-93.2625,49.12917]]]}},{"type":"Feature","properties":{"c":"561295","o":"","e":""},"geometry":{"type":"Polygon","coordinates":[[[-93.2625,49.1375],[-93.2625,49.14167],[-93.25625,49.14167],[-93.25625,49.1375],[-93.2625,49.1375]]]}},{"type":"Feature","properties":{"c":"561296","o":"","e":""},"geometry":{"type":"Polygon","coordinates":[[[-93.2625,49.14167],[-93.2625,49.14583],[-93.25625,49.14583],[-93.25625,49.14167],[-93.2625,49.14167]]]}},{"type":"Feature","properties":{"c":"561297","o":"","e":""},"geometry":{"type":"Polygon","coordinates":[[[-93.25625,49.12917],[-93.25625,49.13333],[-93.25,49.13333],[-93.25,49.12917],[-93.25625,49.12917]]]}},{"type":"Feature","properties":{"c":"816164","o":"","e":""},"geometry":{"type":"Polygon","coordinates":[[[-93.0625,49.175],[-93.0625,49.17917],[-93.05625,49.17917],[-93.05625,49.175],[-93.0625,49.175]]]}},{"type":"Feature","properties":{"c":"816197","o":"","e":""},"geometry":{"type":"Polygon","coordinates":[[[-93.0375,49.1875],[-93.0375,49.19167],[-93.03125,49.19167],[-93.03125,49.1875],[-93.0375,49.1875]]]}},{"type":"Feature","properties":{"c":"816609","o":"","e":""},"geometry":{"type":"Polygon","coordinates":[[[-93.03125,49.225],[-93.03125,49.22917],[-93.025,49.22917],[-93.025,49.225],[-93.03125,49.225]]]}},{"type":"Feature","properties":{"c":"816029","o":"","e":""},"geometry":{"type":"Polygon","coordinates":[[[-93.08125,49.15417],[-93.08125,49.15833],[-93.075,49.15833],[-93.075,49.15417],[-93.08125,49.15417]]]}},{"type":"Feature","properties":{"c":"816179","o":"","e":""},"geometry":{"type":"Polygon","coordinates":[[[-93.04375,49.17917],[-93.04375,49.18333],[-93.0375,49.18333],[-93.0375,49.17917],[-93.04375,49.17917]]]}},{"type":"Feature","properties":{"c":"730313","o":"","e":""},"geometry":{"type":"Polygon","coordinates":[[[-93.05625,49.12917],[-93.05625,49.13333],[-93.05,49.13333],[-93.05,49.12917],[-93.05625,49.12917]]]}},{"type":"Feature","properties":{"c":"561299","o":"","e":""},"geometry":{"type":"Polygon","coordinates":[[[-93.275,49.13333],[-93.275,49.1375],[-93.26875,49.1375],[-93.26875,49.13333],[-93.275,49.13333]]]}},{"type":"Feature","properties":{"c":"561298","o":"","e":""},"geometry":{"type":"Polygon","coordinates":[[[-93.25625,49.1375],[-93.25625,49.14167],[-93.25,49.14167],[-93.25,49.1375],[-93.25625,49.1375]]]}},{"type":"Feature","properties":{"c":"816173","o":"","e":""},"geometry":{"type":"Polygon","coordinates":[[[-93.0625,49.17917],[-93.0625,49.18333],[-93.05625,49.18333],[-93.05625,49.17917],[-93.0625,49.17917]]]}},{"type":"Feature","properties":{"c":"816201","o":"","e":""},"geometry":{"type":"Polygon","coordinates":[[[-93.0375,49.19167],[-93.0375,49.19583],[-93.03125,49.19583],[-93.03125,49.19167],[-93.0375,49.19167]]]}},{"type":"Feature","properties":{"c":"816221","o":"","e":""},"geometry":{"type":"Polygon","coordinates":[[[-93.025,49.20833],[-93.025,49.2125],[-93.01875,49.2125],[-93.01875,49.20833],[-93.025,49.20833]]]}},{"type":"Feature","properties":{"c":"815848","o":"","e":""},"geometry":{"type":"Polygon","coordinates":[[[-93.1,49.15833],[-93.1,49.1625],[-93.09375,49.1625],[-93.09375,49.15833],[-93.1,49.15833]]]}},{"type":"Feature","properties":{"c":"815851","o":"","e":""},"geometry":{"type":"Polygon","coordinates":[[[-93.1,49.15417],[-93.1,49.15833],[-93.09375,49.15833],[-93.09375,49.15417],[-93.1,49.15417]]]}},{"type":"Feature","properties":{"c":"815864","o":"","e":""},"geometry":{"type":"Polygon","coordinates":[[[-93.10625,49.14583],[-93.10625,49.15],[-93.1,49.15],[-93.1,49.14583],[-93.10625,49.14583]]]}},{"type":"Feature","properties":{"c":"815872","o":"","e":""},"geometry":{"type":"Polygon","coordinates":[[[-93.1125,49.14167],[-93.1125,49.14583],[-93.10625,49.14583],[-93.10625,49.14167],[-93.1125,49.14167]]]}},{"type":"Feature","properties":{"c":"816056","o":"","e":""},"geometry":{"type":"Polygon","coordinates":[[[-93.0625,49.16667],[-93.0625,49.17083],[-93.05625,49.17083],[-93.05625,49.16667],[-93.0625,49.16667]]]}},{"type":"Feature","properties":{"c":"816192","o":"","e":""},"geometry":{"type":"Polygon","coordinates":[[[-93.0375,49.18333],[-93.0375,49.1875],[-93.03125,49.1875],[-93.03125,49.18333],[-93.0375,49.18333]]]}},{"type":"Feature","properties":{"c":"816594","o":"","e":""},"geometry":{"type":"Polygon","coordinates":[[[-93.0125,49.21667],[-93.0125,49.22083],[-93.00625,49.22083],[-93.00625,49.21667],[-93.0125,49.21667]]]}},{"type":"Feature","properties":{"c":"816207","o":"","e":""},"geometry":{"type":"Polygon","coordinates":[[[-93.03125,49.19583],[-93.03125,49.2],[-93.025,49.2],[-93.025,49.19583],[-93.03125,49.19583]]]}},{"type":"Feature","properties":{"c":"734768","o":"","e":""},"geometry":{"type":"Polygon","coordinates":[[[-93.0625,49.10833],[-93.0625,49.1125],[-93.05625,49.1125],[-93.05625,49.10833],[-93.0625,49.10833]]]}},{"type":"Feature","properties":{"c":"730332","o":"","e":""},"geometry":{"type":"Polygon","coordinates":[[[-93.0375,49.1375],[-93.0375,49.14167],[-93.03125,49.14167],[-93.03125,49.1375],[-93.0375,49.1375]]]}},{"type":"Feature","properties":{"c":"816051","o":"","e":""},"geometry":{"type":"Polygon","coordinates":[[[-93.09375,49.16667],[-93.09375,49.17083],[-93.0875,49.17083],[-93.0875,49.16667],[-93.09375,49.16667]]]}},{"type":"Feature","properties":{"c":"720267","o":"","e":""},"geometry":{"type":"Polygon","coordinates":[[[-93.01875,49.12917],[-93.01875,49.13333],[-93.0125,49.13333],[-93.0125,49.12917],[-93.01875,49.12917]]]}},{"type":"Feature","properties":{"c":"178321","o":"","e":""},"geometry":{"type":"Polygon","coordinates":[[[-93.425,49.17917],[-93.425,49.18333],[-93.41875,49.18333],[-93.41875,49.17917],[-93.425,49.17917]]]}},{"type":"Feature","properties":{"c":"176881","o":"","e":""},"geometry":{"type":"Polygon","coordinates":[[[-93.49375,49.20833],[-93.49375,49.2125],[-93.4875,49.2125],[-93.4875,49.20833],[-93.49375,49.20833]]]}},{"type":"Feature","properties":{"c":"176882","o":"","e":""},"geometry":{"type":"Polygon","coordinates":[[[-93.49375,49.20417],[-93.49375,49.20833],[-93.4875,49.20833],[-93.4875,49.20417],[-93.49375,49.20417]]]}},{"type":"Feature","properties":{"c":"177379","o":"","e":""},"geometry":{"type":"Polygon","coordinates":[[[-93.03125,49.25833],[-93.03125,49.2625],[-93.025,49.2625],[-93.025,49.25833],[-93.03125,49.25833]]]}},{"type":"Feature","properties":{"c":"176820","o":"","e":""},"geometry":{"type":"Polygon","coordinates":[[[-93.425,49.14167],[-93.425,49.14583],[-93.41875,49.14583],[-93.41875,49.14167],[-93.425,49.14167]]]}},{"type":"Feature","properties":{"c":"176821","o":"","e":""},"geometry":{"type":"Polygon","coordinates":[[[-93.425,49.1375],[-93.425,49.14167],[-93.41875,49.14167],[-93.41875,49.1375],[-93.425,49.1375]]]}},{"type":"Feature","properties":{"c":"178272","o":"","e":""},"geometry":{"type":"Polygon","coordinates":[[[-93.0125,49.25417],[-93.0125,49.25833],[-93.00625,49.25833],[-93.00625,49.25417],[-93.0125,49.25417]]]}},{"type":"Feature","properties":{"c":"178273","o":"","e":""},"geometry":{"type":"Polygon","coordinates":[[[-93.03125,49.25],[-93.03125,49.25417],[-93.025,49.25417],[-93.025,49.25],[-93.03125,49.25]]]}},{"type":"Feature","properties":{"c":"179009","o":"","e":""},"geometry":{"type":"Polygon","coordinates":[[[-93.40625,49.18333],[-93.40625,49.1875],[-93.4,49.1875],[-93.4,49.18333],[-93.40625,49.18333]]]}},{"type":"Feature","properties":{"c":"180338","o":"","e":""},"geometry":{"type":"Polygon","coordinates":[[[-93.3625,49.20833],[-93.3625,49.2125],[-93.35625,49.2125],[-93.35625,49.20833],[-93.3625,49.20833]]]}},{"type":"Feature","properties":{"c":"180339","o":"","e":""},"geometry":{"type":"Polygon","coordinates":[[[-93.38125,49.2],[-93.38125,49.20417],[-93.375,49.20417],[-93.375,49.2],[-93.38125,49.2]]]}},{"type":"Feature","properties":{"c":"718208","o":"","e":""},"geometry":{"type":"Polygon","coordinates":[[[-93.14375,49.17917],[-93.14375,49.18333],[-93.1375,49.18333],[-93.1375,49.17917],[-93.14375,49.17917]]]}},{"type":"Feature","properties":{"c":"547844","o":"","e":""},"geometry":{"type":"Polygon","coordinates":[[[-93.38125,49.125],[-93.38125,49.12917],[-93.375,49.12917],[-93.375,49.125],[-93.38125,49.125]]]}},{"type":"Feature","properties":{"c":"547845","o":"","e":""},"geometry":{"type":"Polygon","coordinates":[[[-93.375,49.12917],[-93.375,49.13333],[-93.36875,49.13333],[-93.36875,49.12917],[-93.375,49.12917]]]}},{"type":"Feature","properties":{"c":"547846","o":"","e":""},"geometry":{"type":"Polygon","coordinates":[[[-93.36875,49.125],[-93.36875,49.12917],[-93.3625,49.12917],[-93.3625,49.125],[-93.36875,49.125]]]}},{"type":"Feature","properties":{"c":"547847","o":"","e":""},"geometry":{"type":"Polygon","coordinates":[[[-93.3875,49.125],[-93.3875,49.12917],[-93.38125,49.12917],[-93.38125,49.125],[-93.3875,49.125]]]}},{"type":"Feature","properties":{"c":"547848","o":"","e":""},"geometry":{"type":"Polygon","coordinates":[[[-93.38125,49.12917],[-93.38125,49.13333],[-93.375,49.13333],[-93.375,49.12917],[-93.38125,49.12917]]]}},{"type":"Feature","properties":{"c":"547849","o":"","e":""},"geometry":{"type":"Polygon","coordinates":[[[-93.375,49.125],[-93.375,49.12917],[-93.36875,49.12917],[-93.36875,49.125],[-93.375,49.125]]]}},{"type":"Feature","properties":{"c":"547850","o":"","e":""},"geometry":{"type":"Polygon","coordinates":[[[-93.36875,49.12917],[-93.36875,49.13333],[-93.3625,49.13333],[-93.3625,49.12917],[-93.36875,49.12917]]]}},{"type":"Feature","properties":{"c":"547851","o":"","e":""},"geometry":{"type":"Polygon","coordinates":[[[-93.38125,49.13333],[-93.38125,49.1375],[-93.375,49.1375],[-93.375,49.13333],[-93.38125,49.13333]]]}},{"type":"Feature","properties":{"c":"178078","o":"","e":""},"geometry":{"type":"Polygon","coordinates":[[[-93.35625,49.2],[-93.35625,49.20417],[-93.35,49.20417],[-93.35,49.2],[-93.35625,49.2]]]}},{"type":"Feature","properties":{"c":"180268","o":"","e":""},"geometry":{"type":"Polygon","coordinates":[[[-93.39375,49.14583],[-93.39375,49.15],[-93.3875,49.15],[-93.3875,49.14583],[-93.39375,49.14583]]]}},{"type":"Feature","properties":{"c":"561300","o":"","e":""},"geometry":{"type":"Polygon","coordinates":[[[-93.275,49.14167],[-93.275,49.14583],[-93.26875,49.14583],[-93.26875,49.14167],[-93.275,49.14167]]]}},{"type":"Feature","properties":{"c":"561301","o":"","e":""},"geometry":{"type":"Polygon","coordinates":[[[-93.26875,49.1625],[-93.26875,49.16667],[-93.2625,49.16667],[-93.2625,49.1625],[-93.26875,49.1625]]]}},{"type":"Feature","properties":{"c":"561302","o":"","e":""},"geometry":{"type":"Polygon","coordinates":[[[-93.2625,49.15417],[-93.2625,49.15833],[-93.25625,49.15833],[-93.25625,49.15417],[-93.2625,49.15417]]]}},{"type":"Feature","properties":{"c":"561303","o":"","e":""},"geometry":{"type":"Polygon","coordinates":[[[-93.25625,49.14583],[-93.25625,49.15],[-93.25,49.15],[-93.25,49.14583],[-93.25625,49.14583]]]}},{"type":"Feature","properties":{"c":"561304","o":"","e":""},"geometry":{"type":"Polygon","coordinates":[[[-93.26875,49.14583],[-93.26875,49.15],[-93.2625,49.15],[-93.2625,49.14583],[-93.26875,49.14583]]]}},{"type":"Feature","properties":{"c":"561305","o":"","e":""},"geometry":{"type":"Polygon","coordinates":[[[-93.26875,49.12917],[-93.26875,49.13333],[-93.2625,49.13333],[-93.2625,49.12917],[-93.26875,49.12917]]]}},{"type":"Feature","properties":{"c":"561306","o":"","e":""},"geometry":{"type":"Polygon","coordinates":[[[-93.26875,49.13333],[-93.26875,49.1375],[-93.2625,49.1375],[-93.2625,49.13333],[-93.26875,49.13333]]]}},{"type":"Feature","properties":{"c":"561307","o":"","e":""},"geometry":{"type":"Polygon","coordinates":[[[-93.2625,49.125],[-93.2625,49.12917],[-93.25625,49.12917],[-93.25625,49.125],[-93.2625,49.125]]]}},{"type":"Feature","properties":{"c":"561308","o":"","e":""},"geometry":{"type":"Polygon","coordinates":[[[-93.2625,49.13333],[-93.2625,49.1375],[-93.25625,49.1375],[-93.25625,49.13333],[-93.2625,49.13333]]]}},{"type":"Feature","properties":{"c":"916940","o":"","e":""},"geometry":{"type":"Polygon","coordinates":[[[-93.09375,49.18333],[-93.09375,49.1875],[-93.0875,49.1875],[-93.0875,49.18333],[-93.09375,49.18333]]]}},{"type":"Feature","properties":{"c":"916942","o":"","e":""},"geometry":{"type":"Polygon","coordinates":[[[-93.0625,49.20417],[-93.0625,49.20833],[-93.05625,49.20833],[-93.05625,49.20417],[-93.0625,49.20417]]]}},{"type":"Feature","properties":{"c":"916943","o":"","e":""},"geometry":{"type":"Polygon","coordinates":[[[-93.05625,49.22917],[-93.05625,49.23333],[-93.05,49.23333],[-93.05,49.22917],[-93.05625,49.22917]]]}},{"type":"Feature","properties":{"c":"916949","o":"","e":""},"geometry":{"type":"Polygon","coordinates":[[[-93.05625,49.225],[-93.05625,49.22917],[-93.05,49.22917],[-93.05,49.225],[-93.05625,49.225]]]}},{"type":"Feature","properties":{"c":"916944","o":"","e":""},"geometry":{"type":"Polygon","coordinates":[[[-93.05,49.22083],[-93.05,49.225],[-93.04375,49.225],[-93.04375,49.22083],[-93.05,49.22083]]]}},{"type":"Feature","properties":{"c":"916947","o":"","e":""},"geometry":{"type":"Polygon","coordinates":[[[-93.0875,49.1875],[-93.0875,49.19167],[-93.08125,49.19167],[-93.08125,49.1875],[-93.0875,49.1875]]]}},{"type":"Feature","properties":{"c":"181884","o":"","e":""},"geometry":{"type":"Polygon","coordinates":[[[-93.00625,49.2625],[-93.00625,49.26667],[-93.0,49.26667],[-93.0,49.2625],[-93.00625,49.2625]]]}},{"type":"Feature","properties":{"c":"180897","o":"","e":""},"geometry":{"type":"Polygon","coordinates":[[[-93.41875,49.15417],[-93.41875,49.15833],[-93.4125,49.15833],[-93.4125,49.15417],[-93.41875,49.15417]]]}},{"type":"Feature","properties":{"c":"1038821","o":"","e":""},"geometry":{"type":"Polygon","coordinates":[[[-93.10625,49.35833],[-93.10625,49.3625],[-93.1,49.3625],[-93.1,49.35833],[-93.10625,49.35833]]]}},{"type":"Feature","properties":{"c":"1038822","o":"","e":""},"geometry":{"type":"Polygon","coordinates":[[[-93.1,49.35417],[-93.1,49.35833],[-93.09375,49.35833],[-93.09375,49.35417],[-93.1,49.35417]]]}},{"type":"Feature","properties":{"c":"1038833","o":"","e":""},"geometry":{"type":"Polygon","coordinates":[[[-93.11875,49.3375],[-93.11875,49.34167],[-93.1125,49.34167],[-93.1125,49.3375],[-93.11875,49.3375]]]}},{"type":"Feature","properties":{"c":"1038823","o":"","e":""},"geometry":{"type":"Polygon","coordinates":[[[-93.125,49.35],[-93.125,49.35417],[-93.11875,49.35417],[-93.11875,49.35],[-93.125,49.35]]]}},{"type":"Feature","properties":{"c":"1038824","o":"","e":""},"geometry":{"type":"Polygon","coordinates":[[[-93.11875,49.35],[-93.11875,49.35417],[-93.1125,49.35417],[-93.1125,49.35],[-93.11875,49.35]]]}},{"type":"Feature","properties":{"c":"1038825","o":"","e":""},"geometry":{"type":"Polygon","coordinates":[[[-93.11875,49.35833],[-93.11875,49.3625],[-93.1125,49.3625],[-93.1125,49.35833],[-93.11875,49.35833]]]}},{"type":"Feature","properties":{"c":"1038826","o":"","e":""},"geometry":{"type":"Polygon","coordinates":[[[-93.11875,49.35417],[-93.11875,49.35833],[-93.1125,49.35833],[-93.1125,49.35417],[-93.11875,49.35417]]]}},{"type":"Feature","properties":{"c":"1038827","o":"","e":""},"geometry":{"type":"Polygon","coordinates":[[[-93.125,49.35417],[-93.125,49.35833],[-93.11875,49.35833],[-93.11875,49.35417],[-93.125,49.35417]]]}},{"type":"Feature","properties":{"c":"1038828","o":"","e":""},"geometry":{"type":"Polygon","coordinates":[[[-93.125,49.35833],[-93.125,49.3625],[-93.11875,49.3625],[-93.11875,49.35833],[-93.125,49.35833]]]}},{"type":"Feature","properties":{"c":"1038829","o":"","e":""},"geometry":{"type":"Polygon","coordinates":[[[-93.10625,49.34167],[-93.10625,49.34583],[-93.1,49.34583],[-93.1,49.34167],[-93.10625,49.34167]]]}},{"type":"Feature","properties":{"c":"1038830","o":"","e":""},"geometry":{"type":"Polygon","coordinates":[[[-93.11875,49.34167],[-93.11875,49.34583],[-93.1125,49.34583],[-93.1125,49.34167],[-93.11875,49.34167]]]}},{"type":"Feature","properties":{"c":"1038831","o":"","e":""},"geometry":{"type":"Polygon","coordinates":[[[-93.10625,49.3375],[-93.10625,49.34167],[-93.1,49.34167],[-93.1,49.3375],[-93.10625,49.3375]]]}},{"type":"Feature","properties":{"c":"1038832","o":"","e":""},"geometry":{"type":"Polygon","coordinates":[[[-93.1,49.34167],[-93.1,49.34583],[-93.09375,49.34583],[-93.09375,49.34167],[-93.1,49.34167]]]}},{"type":"Feature","properties":{"c":"181771","o":"","e":""},"geometry":{"type":"Polygon","coordinates":[[[-93.4,49.1625],[-93.4,49.16667],[-93.39375,49.16667],[-93.39375,49.1625],[-93.4,49.1625]]]}},{"type":"Feature","properties":{"c":"181782","o":"","e":""},"geometry":{"type":"Polygon","coordinates":[[[-93.4,49.175],[-93.4,49.17917],[-93.39375,49.17917],[-93.39375,49.175],[-93.4,49.175]]]}},{"type":"Feature","properties":{"c":"181783","o":"","e":""},"geometry":{"type":"Polygon","coordinates":[[[-93.40625,49.175],[-93.40625,49.17917],[-93.4,49.17917],[-93.4,49.175],[-93.40625,49.175]]]}},{"type":"Feature","properties":{"c":"181784","o":"","e":""},"geometry":{"type":"Polygon","coordinates":[[[-93.3875,49.17083],[-93.3875,49.175],[-93.38125,49.175],[-93.38125,49.17083],[-93.3875,49.17083]]]}},{"type":"Feature","properties":{"c":"181804","o":"","e":""},"geometry":{"type":"Polygon","coordinates":[[[-93.48125,49.19167],[-93.48125,49.19583],[-93.475,49.19583],[-93.475,49.19167],[-93.48125,49.19167]]]}},{"type":"Feature","properties":{"c":"182372","o":"","e":""},"geometry":{"type":"Polygon","coordinates":[[[-93.49375,49.2375],[-93.49375,49.24167],[-93.4875,49.24167],[-93.4875,49.2375],[-93.49375,49.2375]]]}},{"type":"Feature","properties":{"c":"181236","o":"","e":""},"geometry":{"type":"Polygon","coordinates":[[[-93.36875,49.15],[-93.36875,49.15417],[-93.3625,49.15417],[-93.3625,49.15],[-93.36875,49.15]]]}},{"type":"Feature","properties":{"c":"180399","o":"","e":""},"geometry":{"type":"Polygon","coordinates":[[[-93.4,49.1375],[-93.4,49.14167],[-93.39375,49.14167],[-93.39375,49.1375],[-93.4,49.1375]]]}},{"type":"Feature","properties":{"c":"815865","o":"","e":""},"geometry":{"type":"Polygon","coordinates":[[[-93.1,49.14583],[-93.1,49.15],[-93.09375,49.15],[-93.09375,49.14583],[-93.1,49.14583]]]}},{"type":"Feature","properties":{"c":"815850","o":"","e":""},"geometry":{"type":"Polygon","coordinates":[[[-93.10625,49.15417],[-93.10625,49.15833],[-93.1,49.15833],[-93.1,49.15417],[-93.10625,49.15417]]]}},{"type":"Feature","properties":{"c":"816045","o":"","e":""},"geometry":{"type":"Polygon","coordinates":[[[-93.08125,49.1625],[-93.08125,49.16667],[-93.075,49.16667],[-93.075,49.1625],[-93.08125,49.1625]]]}},{"type":"Feature","properties":{"c":"730695","o":"","e":""},"geometry":{"type":"Polygon","coordinates":[[[-93.05,49.1125],[-93.05,49.11667],[-93.04375,49.11667],[-93.04375,49.1125],[-93.05,49.1125]]]}},{"type":"Feature","properties":{"c":"816227","o":"","e":""},"geometry":{"type":"Polygon","coordinates":[[[-93.10625,49.13333],[-93.10625,49.1375],[-93.1,49.1375],[-93.1,49.13333],[-93.10625,49.13333]]]}},{"type":"Feature","properties":{"c":"816243","o":"","e":""},"geometry":{"type":"Polygon","coordinates":[[[-93.09375,49.125],[-93.09375,49.12917],[-93.0875,49.12917],[-93.0875,49.125],[-93.09375,49.125]]]}},{"type":"Feature","properties":{"c":"816065","o":"","e":""},"geometry":{"type":"Polygon","coordinates":[[[-93.05625,49.17083],[-93.05625,49.175],[-93.05,49.175],[-93.05,49.17083],[-93.05625,49.17083]]]}},{"type":"Feature","properties":{"c":"816072","o":"","e":""},"geometry":{"type":"Polygon","coordinates":[[[-93.06875,49.175],[-93.06875,49.17917],[-93.0625,49.17917],[-93.0625,49.175],[-93.06875,49.175]]]}},{"type":"Feature","properties":{"c":"561309","o":"","e":""},"geometry":{"type":"Polygon","coordinates":[[[-93.25625,49.1625],[-93.25625,49.16667],[-93.25,49.16667],[-93.25,49.1625],[-93.25625,49.1625]]]}},{"type":"Feature","properties":{"c":"561310","o":"","e":""},"geometry":{"type":"Polygon","coordinates":[[[-93.275,49.15],[-93.275,49.15417],[-93.26875,49.15417],[-93.26875,49.15],[-93.275,49.15]]]}},{"type":"Feature","properties":{"c":"561311","o":"","e":""},"geometry":{"type":"Polygon","coordinates":[[[-93.2625,49.15833],[-93.2625,49.1625],[-93.25625,49.1625],[-93.25625,49.15833],[-93.2625,49.15833]]]}},{"type":"Feature","properties":{"c":"561312","o":"","e":""},"geometry":{"type":"Polygon","coordinates":[[[-93.25625,49.15417],[-93.25625,49.15833],[-93.25,49.15833],[-93.25,49.15417],[-93.25625,49.15417]]]}},{"type":"Feature","properties":{"c":"561313","o":"","e":""},"geometry":{"type":"Polygon","coordinates":[[[-93.275,49.12917],[-93.275,49.13333],[-93.26875,49.13333],[-93.26875,49.12917],[-93.275,49.12917]]]}},{"type":"Feature","properties":{"c":"561314","o":"","e":""},"geometry":{"type":"Polygon","coordinates":[[[-93.26875,49.14167],[-93.26875,49.14583],[-93.2625,49.14583],[-93.2625,49.14167],[-93.26875,49.14167]]]}},{"type":"Feature","properties":{"c":"561315","o":"","e":""},"geometry":{"type":"Polygon","coordinates":[[[-93.26875,49.15],[-93.26875,49.15417],[-93.2625,49.15417],[-93.2625,49.15],[-93.26875,49.15]]]}},{"type":"Feature","properties":{"c":"561316","o":"","e":""},"geometry":{"type":"Polygon","coordinates":[[[-93.2625,49.1625],[-93.2625,49.16667],[-93.25625,49.16667],[-93.25625,49.1625],[-93.2625,49.1625]]]}},{"type":"Feature","properties":{"c":"1047091","o":"","e":""},"geometry":{"type":"Polygon","coordinates":[[[-93.1375,49.26667],[-93.1375,49.26796],[-93.1375,49.27083],[-93.13125,49.27083],[-93.13125,49.26796],[-93.13125,49.26667],[-93.1375,49.26667]]]}},{"type":"Feature","properties":{"c":"1047092","o":"","e":""},"geometry":{"type":"Polygon","coordinates":[[[-93.13125,49.27083],[-93.13125,49.275],[-93.125,49.275],[-93.125,49.27083],[-93.13125,49.27083]]]}},{"type":"Feature","properties":{"c":"1047093","o":"","e":""},"geometry":{"type":"Polygon","coordinates":[[[-93.1125,49.25833],[-93.1125,49.2625],[-93.10625,49.2625],[-93.10625,49.25833],[-93.1125,49.25833]]]}},{"type":"Feature","properties":{"c":"183685","o":"","e":""},"geometry":{"type":"Polygon","coordinates":[[[-93.4125,49.15],[-93.4125,49.15417],[-93.40625,49.15417],[-93.40625,49.15],[-93.4125,49.15]]]}},{"type":"Feature","properties":{"c":"183686","o":"","e":""},"geometry":{"type":"Polygon","coordinates":[[[-93.41875,49.14583],[-93.41875,49.15],[-93.4125,49.15],[-93.4125,49.14583],[-93.41875,49.14583]]]}},{"type":"Feature","properties":{"c":"815817","o":"","e":""},"geometry":{"type":"Polygon","coordinates":[[[-93.125,49.1125],[-93.125,49.11667],[-93.11875,49.11667],[-93.11875,49.1125],[-93.125,49.1125]]]}},{"type":"Feature","properties":{"c":"815855","o":"","e":""},"geometry":{"type":"Polygon","coordinates":[[[-93.1,49.15],[-93.1,49.15417],[-93.09375,49.15417],[-93.09375,49.15],[-93.1,49.15]]]}},{"type":"Feature","properties":{"c":"815809","o":"","e":""},"geometry":{"type":"Polygon","coordinates":[[[-93.13125,49.10833],[-93.13125,49.1125],[-93.125,49.1125],[-93.125,49.10833],[-93.13125,49.10833]]]}},{"type":"Feature","properties":{"c":"816175","o":"","e":""},"geometry":{"type":"Polygon","coordinates":[[[-93.05625,49.17917],[-93.05625,49.18333],[-93.05,49.18333],[-93.05,49.17917],[-93.05625,49.17917]]]}},{"type":"Feature","properties":{"c":"816220","o":"","e":""},"geometry":{"type":"Polygon","coordinates":[[[-93.03125,49.20833],[-93.03125,49.2125],[-93.025,49.2125],[-93.025,49.20833],[-93.03125,49.20833]]]}},{"type":"Feature","properties":{"c":"816247","o":"","e":""},"geometry":{"type":"Polygon","coordinates":[[[-93.11875,49.12083],[-93.11875,49.125],[-93.1125,49.125],[-93.1125,49.12083],[-93.11875,49.12083]]]}},{"type":"Feature","properties":{"c":"730339","o":"","e":""},"geometry":{"type":"Polygon","coordinates":[[[-93.0125,49.14167],[-93.0125,49.14583],[-93.00625,49.14583],[-93.00625,49.14167],[-93.0125,49.14167]]]}},{"type":"Feature","properties":{"c":"816177","o":"","e":""},"geometry":{"type":"Polygon","coordinates":[[[-93.05,49.17917],[-93.05,49.18333],[-93.04375,49.18333],[-93.04375,49.17917],[-93.05,49.17917]]]}},{"type":"Feature","properties":{"c":"730354","o":"","e":""},"geometry":{"type":"Polygon","coordinates":[[[-93.025,49.13333],[-93.025,49.1375],[-93.01875,49.1375],[-93.01875,49.13333],[-93.025,49.13333]]]}},{"type":"Feature","properties":{"c":"184159","o":"","e":""},"geometry":{"type":"Polygon","coordinates":[[[-93.03125,49.26667],[-93.03125,49.26796],[-93.03125,49.27083],[-93.025,49.27083],[-93.025,49.26796],[-93.025,49.26667],[-93.03125,49.26667]]]}},{"type":"Feature","properties":{"c":"539313","o":"","e":""},"geometry":{"type":"Polygon","coordinates":[[[-93.34375,49.12083],[-93.34375,49.125],[-93.3375,49.125],[-93.3375,49.12083],[-93.34375,49.12083]]]}},{"type":"Feature","properties":{"c":"539311","o":"","e":""},"geometry":{"type":"Polygon","coordinates":[[[-93.33125,49.12083],[-93.33125,49.125],[-93.325,49.125],[-93.325,49.12083],[-93.33125,49.12083]]]}},{"type":"Feature","properties":{"c":"539312","o":"","e":""},"geometry":{"type":"Polygon","coordinates":[[[-93.35,49.12083],[-93.35,49.125],[-93.34375,49.125],[-93.34375,49.12083],[-93.35,49.12083]]]}},{"type":"Feature","properties":{"c":"539314","o":"","e":""},"geometry":{"type":"Polygon","coordinates":[[[-93.3375,49.12083],[-93.3375,49.125],[-93.33125,49.125],[-93.33125,49.12083],[-93.3375,49.12083]]]}},{"type":"Feature","properties":{"c":"916950","o":"","e":""},"geometry":{"type":"Polygon","coordinates":[[[-93.05,49.225],[-93.05,49.22917],[-93.04375,49.22917],[-93.04375,49.225],[-93.05,49.225]]]}},{"type":"Feature","properties":{"c":"916952","o":"","e":""},"geometry":{"type":"Polygon","coordinates":[[[-93.08125,49.19167],[-93.08125,49.19583],[-93.075,49.19583],[-93.075,49.19167],[-93.08125,49.19167]]]}},{"type":"Feature","properties":{"c":"185675","o":"","e":""},"geometry":{"type":"Polygon","coordinates":[[[-93.025,49.25],[-93.025,49.25417],[-93.01875,49.25417],[-93.01875,49.25],[-93.025,49.25]]]}},{"type":"Feature","properties":{"c":"539445","o":"","e":""},"geometry":{"type":"Polygon","coordinates":[[[-93.33125,49.13333],[-93.33125,49.1375],[-93.325,49.1375],[-93.325,49.13333],[-93.33125,49.13333]]]}},{"type":"Feature","properties":{"c":"539446","o":"","e":""},"geometry":{"type":"Polygon","coordinates":[[[-93.33125,49.12917],[-93.33125,49.13333],[-93.325,49.13333],[-93.325,49.12917],[-93.33125,49.12917]]]}},{"type":"Feature","properties":{"c":"187282","o":"","e":""},"geometry":{"type":"Polygon","coordinates":[[[-93.375,49.14167],[-93.375,49.14583],[-93.36875,49.14583],[-93.36875,49.14167],[-93.375,49.14167]]]}},{"type":"Feature","properties":{"c":"186023","o":"","e":""},"geometry":{"type":"Polygon","coordinates":[[[-93.36875,49.15833],[-93.36875,49.1625],[-93.3625,49.1625],[-93.3625,49.15833],[-93.36875,49.15833]]]}},{"type":"Feature","properties":{"c":"539447","o":"","e":""},"geometry":{"type":"Polygon","coordinates":[[[-93.34375,49.1375],[-93.34375,49.14167],[-93.3375,49.14167],[-93.3375,49.1375],[-93.34375,49.1375]]]}},{"type":"Feature","properties":{"c":"187560","o":"","e":""},"geometry":{"type":"Polygon","coordinates":[[[-93.3875,49.2],[-93.3875,49.20417],[-93.38125,49.20417],[-93.38125,49.2],[-93.3875,49.2]]]}},{"type":"Feature","properties":{"c":"188728","o":"","e":""},"geometry":{"type":"Polygon","coordinates":[[[-93.48125,49.175],[-93.48125,49.17917],[-93.475,49.17917],[-93.475,49.175],[-93.48125,49.175]]]}},{"type":"Feature","properties":{"c":"816064","o":"","e":""},"geometry":{"type":"Polygon","coordinates":[[[-93.0625,49.17083],[-93.0625,49.175],[-93.05625,49.175],[-93.05625,49.17083],[-93.0625,49.17083]]]}},{"type":"Feature","properties":{"c":"189613","o":"","e":""},"geometry":{"type":"Polygon","coordinates":[[[-93.4625,49.1875],[-93.4625,49.19167],[-93.45625,49.19167],[-93.45625,49.1875],[-93.4625,49.1875]]]}},{"type":"Feature","properties":{"c":"189614","o":"","e":""},"geometry":{"type":"Polygon","coordinates":[[[-93.45625,49.16667],[-93.45625,49.17083],[-93.45,49.17083],[-93.45,49.16667],[-93.45625,49.16667]]]}},{"type":"Feature","properties":{"c":"730326","o":"","e":""},"geometry":{"type":"Polygon","coordinates":[[[-93.025,49.14583],[-93.025,49.15],[-93.01875,49.15],[-93.01875,49.14583],[-93.025,49.14583]]]}},{"type":"Feature","properties":{"c":"815838","o":"","e":""},"geometry":{"type":"Polygon","coordinates":[[[-93.1375,49.12917],[-93.1375,49.13333],[-93.13125,49.13333],[-93.13125,49.12917],[-93.1375,49.12917]]]}},{"type":"Feature","properties":{"c":"916953","o":"","e":""},"geometry":{"type":"Polygon","coordinates":[[[-93.075,49.19583],[-93.075,49.2],[-93.06875,49.2],[-93.06875,49.19583],[-93.075,49.19583]]]}},{"type":"Feature","properties":{"c":"916954","o":"","e":""},"geometry":{"type":"Polygon","coordinates":[[[-93.06875,49.2],[-93.06875,49.20417],[-93.0625,49.20417],[-93.0625,49.2],[-93.06875,49.2]]]}},{"type":"Feature","properties":{"c":"916955","o":"","e":""},"geometry":{"type":"Polygon","coordinates":[[[-93.05625,49.2125],[-93.05625,49.21667],[-93.05,49.21667],[-93.05,49.2125],[-93.05625,49.2125]]]}},{"type":"Feature","properties":{"c":"815839","o":"","e":""},"geometry":{"type":"Polygon","coordinates":[[[-93.13125,49.12917],[-93.13125,49.13333],[-93.125,49.13333],[-93.125,49.12917],[-93.13125,49.12917]]]}},{"type":"Feature","properties":{"c":"916956","o":"","e":""},"geometry":{"type":"Polygon","coordinates":[[[-93.05,49.2125],[-93.05,49.21667],[-93.04375,49.21667],[-93.04375,49.2125],[-93.05,49.2125]]]}},{"type":"Feature","properties":{"c":"916957","o":"","e":""},"geometry":{"type":"Polygon","coordinates":[[[-93.05,49.22917],[-93.05,49.23333],[-93.04375,49.23333],[-93.04375,49.22917],[-93.05,49.22917]]]}},{"type":"Feature","properties":{"c":"916958","o":"","e":""},"geometry":{"type":"Polygon","coordinates":[[[-93.05,49.23333],[-93.05,49.2375],[-93.04375,49.2375],[-93.04375,49.23333],[-93.05,49.23333]]]}},{"type":"Feature","properties":{"c":"916959","o":"","e":""},"geometry":{"type":"Polygon","coordinates":[[[-93.0375,49.22917],[-93.0375,49.23333],[-93.03125,49.23333],[-93.03125,49.22917],[-93.0375,49.22917]]]}},{"type":"Feature","properties":{"c":"816604","o":"","e":""},"geometry":{"type":"Polygon","coordinates":[[[-93.00625,49.22083],[-93.00625,49.225],[-93.0,49.225],[-93.0,49.22083],[-93.00625,49.22083]]]}},{"type":"Feature","properties":{"c":"734771","o":"","e":""},"geometry":{"type":"Polygon","coordinates":[[[-93.05625,49.10833],[-93.05625,49.1125],[-93.05,49.1125],[-93.05,49.10833],[-93.05625,49.10833]]]}},{"type":"Feature","properties":{"c":"815810","o":"","e":""},"geometry":{"type":"Polygon","coordinates":[[[-93.125,49.10833],[-93.125,49.1125],[-93.11875,49.1125],[-93.11875,49.10833],[-93.125,49.10833]]]}},{"type":"Feature","properties":{"c":"916962","o":"","e":""},"geometry":{"type":"Polygon","coordinates":[[[-93.05625,49.20833],[-93.05625,49.2125],[-93.05,49.2125],[-93.05,49.20833],[-93.05625,49.20833]]]}},{"type":"Feature","properties":{"c":"730356","o":"","e":""},"geometry":{"type":"Polygon","coordinates":[[[-93.01875,49.13333],[-93.01875,49.1375],[-93.0125,49.1375],[-93.0125,49.13333],[-93.01875,49.13333]]]}},{"type":"Feature","properties":{"c":"815795","o":"","e":""},"geometry":{"type":"Polygon","coordinates":[[[-93.175,49.10417],[-93.175,49.10833],[-93.16875,49.10833],[-93.16875,49.10417],[-93.175,49.10417]]]}},{"type":"Feature","properties":{"c":"815808","o":"","e":""},"geometry":{"type":"Polygon","coordinates":[[[-93.1375,49.10833],[-93.1375,49.1125],[-93.13125,49.1125],[-93.13125,49.10833],[-93.1375,49.10833]]]}},{"type":"Feature","properties":{"c":"730330","o":"","e":""},"geometry":{"type":"Polygon","coordinates":[[[-93.05,49.13333],[-93.05,49.1375],[-93.04375,49.1375],[-93.04375,49.13333],[-93.05,49.13333]]]}},{"type":"Feature","properties":{"c":"783919","o":"","e":""},"geometry":{"type":"Polygon","coordinates":[[[-93.16875,49.1125],[-93.16875,49.11667],[-93.1625,49.11667],[-93.1625,49.1125],[-93.16875,49.1125]]]}},{"type":"Feature","properties":{"c":"816200","o":"","e":""},"geometry":{"type":"Polygon","coordinates":[[[-93.04375,49.19167],[-93.04375,49.19583],[-93.0375,49.19583],[-93.0375,49.19167],[-93.04375,49.19167]]]}},{"type":"Feature","properties":{"c":"816205","o":"","e":""},"geometry":{"type":"Polygon","coordinates":[[[-93.04375,49.19583],[-93.04375,49.2],[-93.0375,49.2],[-93.0375,49.19583],[-93.04375,49.19583]]]}},{"type":"Feature","properties":{"c":"916969","o":"","e":""},"geometry":{"type":"Polygon","coordinates":[[[-93.05625,49.21667],[-93.05625,49.22083],[-93.05,49.22083],[-93.05,49.21667],[-93.05625,49.21667]]]}},{"type":"Feature","properties":{"c":"730697","o":"","e":""},"geometry":{"type":"Polygon","coordinates":[[[-93.05625,49.11667],[-93.05625,49.12083],[-93.05,49.12083],[-93.05,49.11667],[-93.05625,49.11667]]]}},{"type":"Feature","properties":{"c":"815834","o":"","e":""},"geometry":{"type":"Polygon","coordinates":[[[-93.13125,49.125],[-93.13125,49.12917],[-93.125,49.12917],[-93.125,49.125],[-93.13125,49.125]]]}},{"type":"Feature","properties":{"c":"816055","o":"","e":""},"geometry":{"type":"Polygon","coordinates":[[[-93.06875,49.16667],[-93.06875,49.17083],[-93.0625,49.17083],[-93.0625,49.16667],[-93.06875,49.16667]]]}},{"type":"Feature","properties":{"c":"916971","o":"","e":""},"geometry":{"type":"Polygon","coordinates":[[[-93.05,49.21667],[-93.05,49.22083],[-93.04375,49.22083],[-93.04375,49.21667],[-93.05,49.21667]]]}},{"type":"Feature","properties":{"c":"816066","o":"","e":""},"geometry":{"type":"Polygon","coordinates":[[[-93.05,49.17083],[-93.05,49.175],[-93.04375,49.175],[-93.04375,49.17083],[-93.05,49.17083]]]}},{"type":"Feature","properties":{"c":"816030","o":"","e":""},"geometry":{"type":"Polygon","coordinates":[[[-93.075,49.15417],[-93.075,49.15833],[-93.06875,49.15833],[-93.06875,49.15417],[-93.075,49.15417]]]}},{"type":"Feature","properties":{"c":"816180","o":"","e":""},"geometry":{"type":"Polygon","coordinates":[[[-93.0375,49.17917],[-93.0375,49.18333],[-93.03125,49.18333],[-93.03125,49.17917],[-93.0375,49.17917]]]}},{"type":"Feature","properties":{"c":"815813","o":"","e":""},"geometry":{"type":"Polygon","coordinates":[[[-93.15,49.1125],[-93.15,49.11667],[-93.14375,49.11667],[-93.14375,49.1125],[-93.15,49.1125]]]}},{"type":"Feature","properties":{"c":"187936","o":"","e":""},"geometry":{"type":"Polygon","coordinates":[[[-93.00625,49.25833],[-93.00625,49.2625],[-93.0,49.2625],[-93.0,49.25833],[-93.00625,49.25833]]]}},{"type":"Feature","properties":{"c":"191595","o":"","e":""},"geometry":{"type":"Polygon","coordinates":[[[-93.0125,49.26667],[-93.0125,49.26796],[-93.0125,49.27083],[-93.00625,49.27083],[-93.00625,49.26796],[-93.00625,49.26667],[-93.0125,49.26667]]]}},{"type":"Feature","properties":{"c":"191596","o":"","e":""},"geometry":{"type":"Polygon","coordinates":[[[-93.0125,49.275],[-93.0125,49.27917],[-93.00625,49.27917],[-93.00625,49.275],[-93.0125,49.275]]]}},{"type":"Feature","properties":{"c":"816587","o":"","e":""},"geometry":{"type":"Polygon","coordinates":[[[-93.0125,49.2125],[-93.0125,49.21667],[-93.00625,49.21667],[-93.00625,49.2125],[-93.0125,49.2125]]]}},{"type":"Feature","properties":{"c":"816062","o":"","e":""},"geometry":{"type":"Polygon","coordinates":[[[-93.075,49.17083],[-93.075,49.175],[-93.06875,49.175],[-93.06875,49.17083],[-93.075,49.17083]]]}},{"type":"Feature","properties":{"c":"815863","o":"","e":""},"geometry":{"type":"Polygon","coordinates":[[[-93.1125,49.14583],[-93.1125,49.15],[-93.10625,49.15],[-93.10625,49.14583],[-93.1125,49.14583]]]}},{"type":"Feature","properties":{"c":"816222","o":"","e":""},"geometry":{"type":"Polygon","coordinates":[[[-93.01875,49.20833],[-93.01875,49.2125],[-93.0125,49.2125],[-93.0125,49.20833],[-93.01875,49.20833]]]}},{"type":"Feature","properties":{"c":"816190","o":"","e":""},"geometry":{"type":"Polygon","coordinates":[[[-93.04375,49.18333],[-93.04375,49.1875],[-93.0375,49.1875],[-93.0375,49.18333],[-93.04375,49.18333]]]}},{"type":"Feature","properties":{"c":"816028","o":"","e":""},"geometry":{"type":"Polygon","coordinates":[[[-93.0875,49.15417],[-93.0875,49.15833],[-93.08125,49.15833],[-93.08125,49.15417],[-93.0875,49.15417]]]}},{"type":"Feature","properties":{"c":"916982","o":"","e":""},"geometry":{"type":"Polygon","coordinates":[[[-93.04375,49.22917],[-93.04375,49.23333],[-93.0375,49.23333],[-93.0375,49.22917],[-93.04375,49.22917]]]}},{"type":"Feature","properties":{"c":"815849","o":"","e":""},"geometry":{"type":"Polygon","coordinates":[[[-93.1125,49.15417],[-93.1125,49.15833],[-93.10625,49.15833],[-93.10625,49.15417],[-93.1125,49.15417]]]}},{"type":"Feature","properties":{"c":"816035","o":"","e":""},"geometry":{"type":"Polygon","coordinates":[[[-93.0875,49.15833],[-93.0875,49.1625],[-93.08125,49.1625],[-93.08125,49.15833],[-93.0875,49.15833]]]}},{"type":"Feature","properties":{"c":"916981","o":"","e":""},"geometry":{"type":"Polygon","coordinates":[[[-93.04375,49.2125],[-93.04375,49.21667],[-93.0375,49.21667],[-93.0375,49.2125],[-93.04375,49.2125]]]}},{"type":"Feature","properties":{"c":"916972","o":"","e":""},"geometry":{"type":"Polygon","coordinates":[[[-93.04375,49.225],[-93.04375,49.22917],[-93.0375,49.22917],[-93.0375,49.225],[-93.04375,49.225]]]}},{"type":"Feature","properties":{"c":"916973","o":"","e":""},"geometry":{"type":"Polygon","coordinates":[[[-93.04375,49.23333],[-93.04375,49.2375],[-93.0375,49.2375],[-93.0375,49.23333],[-93.04375,49.23333]]]}},{"type":"Feature","properties":{"c":"916974","o":"","e":""},"geometry":{"type":"Polygon","coordinates":[[[-93.08125,49.19583],[-93.08125,49.2],[-93.075,49.2],[-93.075,49.19583],[-93.08125,49.19583]]]}},{"type":"Feature","properties":{"c":"916976","o":"","e":""},"geometry":{"type":"Polygon","coordinates":[[[-93.0375,49.23333],[-93.0375,49.2375],[-93.03125,49.2375],[-93.03125,49.23333],[-93.0375,49.23333]]]}},{"type":"Feature","properties":{"c":"916977","o":"","e":""},"geometry":{"type":"Polygon","coordinates":[[[-93.03125,49.23333],[-93.03125,49.2375],[-93.025,49.2375],[-93.025,49.23333],[-93.03125,49.23333]]]}},{"type":"Feature","properties":{"c":"916978","o":"","e":""},"geometry":{"type":"Polygon","coordinates":[[[-93.075,49.2],[-93.075,49.20417],[-93.06875,49.20417],[-93.06875,49.2],[-93.075,49.2]]]}},{"type":"Feature","properties":{"c":"916979","o":"","e":""},"geometry":{"type":"Polygon","coordinates":[[[-93.06875,49.20417],[-93.06875,49.20833],[-93.0625,49.20833],[-93.0625,49.20417],[-93.06875,49.20417]]]}},{"type":"Feature","properties":{"c":"916980","o":"","e":""},"geometry":{"type":"Polygon","coordinates":[[[-93.05625,49.22083],[-93.05625,49.225],[-93.05,49.225],[-93.05,49.22083],[-93.05625,49.22083]]]}},{"type":"Feature","properties":{"c":"816602","o":"","e":""},"geometry":{"type":"Polygon","coordinates":[[[-93.01875,49.22083],[-93.01875,49.225],[-93.0125,49.225],[-93.0125,49.22083],[-93.01875,49.22083]]]}},{"type":"Feature","properties":{"c":"816612","o":"","e":""},"geometry":{"type":"Polygon","coordinates":[[[-93.0125,49.225],[-93.0125,49.22917],[-93.00625,49.22917],[-93.00625,49.225],[-93.0125,49.225]]]}},{"type":"Feature","properties":{"c":"815857","o":"","e":""},"geometry":{"type":"Polygon","coordinates":[[[-93.0875,49.15],[-93.0875,49.15417],[-93.08125,49.15417],[-93.08125,49.15],[-93.0875,49.15]]]}},{"type":"Feature","properties":{"c":"816198","o":"","e":""},"geometry":{"type":"Polygon","coordinates":[[[-93.03125,49.1875],[-93.03125,49.19167],[-93.025,49.19167],[-93.025,49.1875],[-93.03125,49.1875]]]}},{"type":"Feature","properties":{"c":"192187","o":"","e":""},"geometry":{"type":"Polygon","coordinates":[[[-93.3375,49.1875],[-93.3375,49.19167],[-93.33125,49.19167],[-93.33125,49.1875],[-93.3375,49.1875]]]}},{"type":"Feature","properties":{"c":"192188","o":"","e":""},"geometry":{"type":"Polygon","coordinates":[[[-93.35,49.18333],[-93.35,49.1875],[-93.34375,49.1875],[-93.34375,49.18333],[-93.35,49.18333]]]}},{"type":"Feature","properties":{"c":"818447","o":"","e":""},"geometry":{"type":"Polygon","coordinates":[[[-93.0125,49.2],[-93.0125,49.20417],[-93.00625,49.20417],[-93.00625,49.2],[-93.0125,49.2]]]}},{"type":"Feature","properties":{"c":"816038","o":"","e":""},"geometry":{"type":"Polygon","coordinates":[[[-93.06875,49.15833],[-93.06875,49.1625],[-93.0625,49.1625],[-93.0625,49.15833],[-93.06875,49.15833]]]}},{"type":"Feature","properties":{"c":"816586","o":"","e":""},"geometry":{"type":"Polygon","coordinates":[[[-93.01875,49.2125],[-93.01875,49.21667],[-93.0125,49.21667],[-93.0125,49.2125],[-93.01875,49.2125]]]}},{"type":"Feature","properties":{"c":"816585","o":"","e":""},"geometry":{"type":"Polygon","coordinates":[[[-93.025,49.2125],[-93.025,49.21667],[-93.01875,49.21667],[-93.01875,49.2125],[-93.025,49.2125]]]}},{"type":"Feature","properties":{"c":"816061","o":"","e":""},"geometry":{"type":"Polygon","coordinates":[[[-93.08125,49.17083],[-93.08125,49.175],[-93.075,49.175],[-93.075,49.17083],[-93.08125,49.17083]]]}},{"type":"Feature","properties":{"c":"816071","o":"","e":""},"geometry":{"type":"Polygon","coordinates":[[[-93.075,49.175],[-93.075,49.17917],[-93.06875,49.17917],[-93.06875,49.175],[-93.075,49.175]]]}},{"type":"Feature","properties":{"c":"815856","o":"","e":""},"geometry":{"type":"Polygon","coordinates":[[[-93.09375,49.15],[-93.09375,49.15417],[-93.0875,49.15417],[-93.0875,49.15],[-93.09375,49.15]]]}},{"type":"Feature","properties":{"c":"744750","o":"","e":""},"geometry":{"type":"Polygon","coordinates":[[[-93.49375,49.30417],[-93.49375,49.30833],[-93.4875,49.30833],[-93.4875,49.30417],[-93.49375,49.30417]]]}},{"type":"Feature","properties":{"c":"194218","o":"","e":""},"geometry":{"type":"Polygon","coordinates":[[[-93.425,49.18333],[-93.425,49.1875],[-93.41875,49.1875],[-93.41875,49.18333],[-93.425,49.18333]]]}},{"type":"Feature","properties":{"c":"194947","o":"","e":""},"geometry":{"type":"Polygon","coordinates":[[[-93.4125,49.18333],[-93.4125,49.1875],[-93.40625,49.1875],[-93.40625,49.18333],[-93.4125,49.18333]]]}},{"type":"Feature","properties":{"c":"196243","o":"","e":""},"geometry":{"type":"Polygon","coordinates":[[[-93.36875,49.20417],[-93.36875,49.20833],[-93.3625,49.20833],[-93.3625,49.20417],[-93.36875,49.20417]]]}},{"type":"Feature","properties":{"c":"196244","o":"","e":""},"geometry":{"type":"Polygon","coordinates":[[[-93.38125,49.20417],[-93.38125,49.20833],[-93.375,49.20833],[-93.375,49.20417],[-93.38125,49.20417]]]}},{"type":"Feature","properties":{"c":"196245","o":"","e":""},"geometry":{"type":"Polygon","coordinates":[[[-93.36875,49.2],[-93.36875,49.20417],[-93.3625,49.20417],[-93.3625,49.2],[-93.36875,49.2]]]}},{"type":"Feature","properties":{"c":"196246","o":"","e":""},"geometry":{"type":"Polygon","coordinates":[[[-93.34375,49.175],[-93.34375,49.17917],[-93.3375,49.17917],[-93.3375,49.175],[-93.34375,49.175]]]}},{"type":"Feature","properties":{"c":"196247","o":"","e":""},"geometry":{"type":"Polygon","coordinates":[[[-93.35625,49.175],[-93.35625,49.17917],[-93.35,49.17917],[-93.35,49.175],[-93.35625,49.175]]]}},{"type":"Feature","properties":{"c":"196302","o":"","e":""},"geometry":{"type":"Polygon","coordinates":[[[-93.40625,49.1375],[-93.40625,49.14167],[-93.4,49.14167],[-93.4,49.1375],[-93.40625,49.1375]]]}},{"type":"Feature","properties":{"c":"816166","o":"","e":""},"geometry":{"type":"Polygon","coordinates":[[[-93.05625,49.175],[-93.05625,49.17917],[-93.05,49.17917],[-93.05,49.175],[-93.05625,49.175]]]}},{"type":"Feature","properties":{"c":"730333","o":"","e":""},"geometry":{"type":"Polygon","coordinates":[[[-93.03125,49.12917],[-93.03125,49.13333],[-93.025,49.13333],[-93.025,49.12917],[-93.03125,49.12917]]]}},{"type":"Feature","properties":{"c":"815820","o":"","e":""},"geometry":{"type":"Polygon","coordinates":[[[-93.15,49.11667],[-93.15,49.12083],[-93.14375,49.12083],[-93.14375,49.11667],[-93.15,49.11667]]]}},{"type":"Feature","properties":{"c":"815841","o":"","e":""},"geometry":{"type":"Polygon","coordinates":[[[-93.13125,49.13333],[-93.13125,49.1375],[-93.125,49.1375],[-93.125,49.13333],[-93.13125,49.13333]]]}},{"type":"Feature","properties":{"c":"730325","o":"","e":""},"geometry":{"type":"Polygon","coordinates":[[[-93.03125,49.1375],[-93.03125,49.14167],[-93.025,49.14167],[-93.025,49.1375],[-93.03125,49.1375]]]}},{"type":"Feature","properties":{"c":"730317","o":"","e":""},"geometry":{"type":"Polygon","coordinates":[[[-93.04375,49.13333],[-93.04375,49.1375],[-93.0375,49.1375],[-93.0375,49.13333],[-93.04375,49.13333]]]}},{"type":"Feature","properties":{"c":"730315","o":"","e":""},"geometry":{"type":"Polygon","coordinates":[[[-93.05,49.125],[-93.05,49.12917],[-93.04375,49.12917],[-93.04375,49.125],[-93.05,49.125]]]}},{"type":"Feature","properties":{"c":"196303","o":"","e":""},"geometry":{"type":"Polygon","coordinates":[[[-93.41875,49.1375],[-93.41875,49.14167],[-93.4125,49.14167],[-93.4125,49.1375],[-93.41875,49.1375]]]}},{"type":"Feature","properties":{"c":"196903","o":"","e":""},"geometry":{"type":"Polygon","coordinates":[[[-93.46875,49.17083],[-93.46875,49.175],[-93.4625,49.175],[-93.4625,49.17083],[-93.46875,49.17083]]]}},{"type":"Feature","properties":{"c":"196904","o":"","e":""},"geometry":{"type":"Polygon","coordinates":[[[-93.475,49.16667],[-93.475,49.17083],[-93.46875,49.17083],[-93.46875,49.16667],[-93.475,49.16667]]]}},{"type":"Feature","properties":{"c":"196836","o":"","e":""},"geometry":{"type":"Polygon","coordinates":[[[-93.39375,49.1625],[-93.39375,49.16667],[-93.3875,49.16667],[-93.3875,49.1625],[-93.39375,49.1625]]]}},{"type":"Feature","properties":{"c":"196837","o":"","e":""},"geometry":{"type":"Polygon","coordinates":[[[-93.3875,49.15417],[-93.3875,49.15833],[-93.38125,49.15833],[-93.38125,49.15417],[-93.3875,49.15417]]]}},{"type":"Feature","properties":{"c":"196850","o":"","e":""},"geometry":{"type":"Polygon","coordinates":[[[-93.375,49.17083],[-93.375,49.175],[-93.36875,49.175],[-93.36875,49.17083],[-93.375,49.17083]]]}},{"type":"Feature","properties":{"c":"561318","o":"","e":""},"geometry":{"type":"Polygon","coordinates":[[[-93.25625,49.15],[-93.25625,49.15417],[-93.25,49.15417],[-93.25,49.15],[-93.25625,49.15]]]}},{"type":"Feature","properties":{"c":"561319","o":"","e":""},"geometry":{"type":"Polygon","coordinates":[[[-93.26875,49.15417],[-93.26875,49.15833],[-93.2625,49.15833],[-93.2625,49.15417],[-93.26875,49.15417]]]}},{"type":"Feature","properties":{"c":"196865","o":"","e":""},"geometry":{"type":"Polygon","coordinates":[[[-93.4875,49.19167],[-93.4875,49.19583],[-93.48125,49.19583],[-93.48125,49.19167],[-93.4875,49.19167]]]}},{"type":"Feature","properties":{"c":"561317","o":"","e":""},"geometry":{"type":"Polygon","coordinates":[[[-93.25625,49.13333],[-93.25625,49.1375],[-93.25,49.1375],[-93.25,49.13333],[-93.25625,49.13333]]]}},{"type":"Feature","properties":{"c":"815827","o":"","e":""},"geometry":{"type":"Polygon","coordinates":[[[-93.14375,49.12083],[-93.14375,49.125],[-93.1375,49.125],[-93.1375,49.12083],[-93.14375,49.12083]]]}},{"type":"Feature","properties":{"c":"815811","o":"","e":""},"geometry":{"type":"Polygon","coordinates":[[[-93.1625,49.1125],[-93.1625,49.11667],[-93.15625,49.11667],[-93.15625,49.1125],[-93.1625,49.1125]]]}},{"type":"Feature","properties":{"c":"730349","o":"","e":""},"geometry":{"type":"Polygon","coordinates":[[[-93.01875,49.14583],[-93.01875,49.15],[-93.0125,49.15],[-93.0125,49.14583],[-93.01875,49.14583]]]}},{"type":"Feature","properties":{"c":"815807","o":"","e":""},"geometry":{"type":"Polygon","coordinates":[[[-93.14375,49.10833],[-93.14375,49.1125],[-93.1375,49.1125],[-93.1375,49.10833],[-93.14375,49.10833]]]}},{"type":"Feature","properties":{"c":"816074","o":"","e":""},"geometry":{"type":"Polygon","coordinates":[[[-93.075,49.17917],[-93.075,49.18333],[-93.06875,49.18333],[-93.06875,49.17917],[-93.075,49.17917]]]}},{"type":"Feature","properties":{"c":"816621","o":"","e":""},"geometry":{"type":"Polygon","coordinates":[[[-93.01875,49.22917],[-93.01875,49.23333],[-93.0125,49.23333],[-93.0125,49.22917],[-93.01875,49.22917]]]}},{"type":"Feature","properties":{"c":"730334","o":"","e":""},"geometry":{"type":"Polygon","coordinates":[[[-93.03125,49.14167],[-93.03125,49.14583],[-93.025,49.14583],[-93.025,49.14167],[-93.03125,49.14167]]]}},{"type":"Feature","properties":{"c":"561320","o":"","e":""},"geometry":{"type":"Polygon","coordinates":[[[-93.25625,49.125],[-93.25625,49.12917],[-93.25,49.12917],[-93.25,49.125],[-93.25625,49.125]]]}},{"type":"Feature","properties":{"c":"561321","o":"","e":""},"geometry":{"type":"Polygon","coordinates":[[[-93.25625,49.14167],[-93.25625,49.14583],[-93.25,49.14583],[-93.25,49.14167],[-93.25625,49.14167]]]}},{"type":"Feature","properties":{"c":"561322","o":"","e":""},"geometry":{"type":"Polygon","coordinates":[[[-93.275,49.1375],[-93.275,49.14167],[-93.26875,49.14167],[-93.26875,49.1375],[-93.275,49.1375]]]}},{"type":"Feature","properties":{"c":"561327","o":"","e":""},"geometry":{"type":"Polygon","coordinates":[[[-93.2625,49.14583],[-93.2625,49.15],[-93.25625,49.15],[-93.25625,49.14583],[-93.2625,49.14583]]]}},{"type":"Feature","properties":{"c":"561323","o":"","e":""},"geometry":{"type":"Polygon","coordinates":[[[-93.275,49.14583],[-93.275,49.15],[-93.26875,49.15],[-93.26875,49.14583],[-93.275,49.14583]]]}},{"type":"Feature","properties":{"c":"561324","o":"","e":""},"geometry":{"type":"Polygon","coordinates":[[[-93.26875,49.125],[-93.26875,49.12917],[-93.2625,49.12917],[-93.2625,49.125],[-93.26875,49.125]]]}},{"type":"Feature","properties":{"c":"561325","o":"","e":""},"geometry":{"type":"Polygon","coordinates":[[[-93.26875,49.1375],[-93.26875,49.14167],[-93.2625,49.14167],[-93.2625,49.1375],[-93.26875,49.1375]]]}},{"type":"Feature","properties":{"c":"561326","o":"","e":""},"geometry":{"type":"Polygon","coordinates":[[[-93.26875,49.15833],[-93.26875,49.1625],[-93.2625,49.1625],[-93.2625,49.15833],[-93.26875,49.15833]]]}},{"type":"Feature","properties":{"c":"816235","o":"","e":""},"geometry":{"type":"Polygon","coordinates":[[[-93.1,49.12917],[-93.1,49.13333],[-93.09375,49.13333],[-93.09375,49.12917],[-93.1,49.12917]]]}},{"type":"Feature","properties":{"c":"816241","o":"","e":""},"geometry":{"type":"Polygon","coordinates":[[[-93.10625,49.125],[-93.10625,49.12917],[-93.1,49.12917],[-93.1,49.125],[-93.10625,49.125]]]}},{"type":"Feature","properties":{"c":"816595","o":"","e":""},"geometry":{"type":"Polygon","coordinates":[[[-93.00625,49.21667],[-93.00625,49.22083],[-93.0,49.22083],[-93.0,49.21667],[-93.00625,49.21667]]]}},{"type":"Feature","properties":{"c":"816043","o":"","e":""},"geometry":{"type":"Polygon","coordinates":[[[-93.09375,49.1625],[-93.09375,49.16667],[-93.0875,49.16667],[-93.0875,49.1625],[-93.09375,49.1625]]]}},{"type":"Feature","properties":{"c":"816234","o":"","e":""},"geometry":{"type":"Polygon","coordinates":[[[-93.10625,49.12917],[-93.10625,49.13333],[-93.1,49.13333],[-93.1,49.12917],[-93.10625,49.12917]]]}},{"type":"Feature","properties":{"c":"730357","o":"","e":""},"geometry":{"type":"Polygon","coordinates":[[[-93.01875,49.1375],[-93.01875,49.14167],[-93.0125,49.14167],[-93.0125,49.1375],[-93.01875,49.1375]]]}},{"type":"Feature","properties":{"c":"760938","o":"","e":""},"geometry":{"type":"Polygon","coordinates":[[[-93.025,49.12083],[-93.025,49.125],[-93.01875,49.125],[-93.01875,49.12083],[-93.025,49.12083]]]}},{"type":"Feature","properties":{"c":"815800","o":"","e":""},"geometry":{"type":"Polygon","coordinates":[[[-93.14375,49.10417],[-93.14375,49.10833],[-93.1375,49.10833],[-93.1375,49.10417],[-93.14375,49.10417]]]}},{"type":"Feature","properties":{"c":"760936","o":"","e":""},"geometry":{"type":"Polygon","coordinates":[[[-93.03125,49.12083],[-93.03125,49.125],[-93.025,49.125],[-93.025,49.12083],[-93.03125,49.12083]]]}},{"type":"Feature","properties":{"c":"730347","o":"","e":""},"geometry":{"type":"Polygon","coordinates":[[[-93.03125,49.14583],[-93.03125,49.15],[-93.025,49.15],[-93.025,49.14583],[-93.03125,49.14583]]]}},{"type":"Feature","properties":{"c":"720264","o":"","e":""},"geometry":{"type":"Polygon","coordinates":[[[-93.0125,49.13333],[-93.0125,49.1375],[-93.00625,49.1375],[-93.00625,49.13333],[-93.0125,49.13333]]]}},{"type":"Feature","properties":{"c":"561328","o":"","e":""},"geometry":{"type":"Polygon","coordinates":[[[-93.2625,49.15],[-93.2625,49.15417],[-93.25625,49.15417],[-93.25625,49.15],[-93.2625,49.15]]]}},{"type":"Feature","properties":{"c":"561329","o":"","e":""},"geometry":{"type":"Polygon","coordinates":[[[-93.25625,49.15833],[-93.25625,49.1625],[-93.25,49.1625],[-93.25,49.15833],[-93.25625,49.15833]]]}},{"type":"Feature","properties":{"c":"760967","o":"","e":""},"geometry":{"type":"Polygon","coordinates":[[[-93.04375,49.10833],[-93.04375,49.1125],[-93.0375,49.1125],[-93.0375,49.10833],[-93.04375,49.10833]]]}},{"type":"Feature","properties":{"c":"730687","o":"","e":""},"geometry":{"type":"Polygon","coordinates":[[[-93.0625,49.11667],[-93.0625,49.12083],[-93.05625,49.12083],[-93.05625,49.11667],[-93.0625,49.11667]]]}},{"type":"Feature","properties":{"c":"815844","o":"","e":""},"geometry":{"type":"Polygon","coordinates":[[[-93.10625,49.1625],[-93.10625,49.16667],[-93.1,49.16667],[-93.1,49.1625],[-93.10625,49.1625]]]}},{"type":"Feature","properties":{"c":"730337","o":"","e":""},"geometry":{"type":"Polygon","coordinates":[[[-93.04375,49.12917],[-93.04375,49.13333],[-93.0375,49.13333],[-93.0375,49.12917],[-93.04375,49.12917]]]}},{"type":"Feature","properties":{"c":"730694","o":"","e":""},"geometry":{"type":"Polygon","coordinates":[[[-93.05625,49.1125],[-93.05625,49.11667],[-93.05,49.11667],[-93.05,49.1125],[-93.05625,49.1125]]]}},{"type":"Feature","properties":{"c":"730355","o":"","e":""},"geometry":{"type":"Polygon","coordinates":[[[-93.025,49.14167],[-93.025,49.14583],[-93.01875,49.14583],[-93.01875,49.14167],[-93.025,49.14167]]]}},{"type":"Feature","properties":{"c":"730328","o":"","e":""},"geometry":{"type":"Polygon","coordinates":[[[-93.05625,49.125],[-93.05625,49.12917],[-93.05,49.12917],[-93.05,49.125],[-93.05625,49.125]]]}},{"type":"Feature","properties":{"c":"730698","o":"","e":""},"geometry":{"type":"Polygon","coordinates":[[[-93.0625,49.12083],[-93.0625,49.125],[-93.05625,49.125],[-93.05625,49.12083],[-93.0625,49.12083]]]}},{"type":"Feature","properties":{"c":"783918","o":"","e":""},"geometry":{"type":"Polygon","coordinates":[[[-93.16875,49.10833],[-93.16875,49.1125],[-93.1625,49.1125],[-93.1625,49.10833],[-93.16875,49.10833]]]}},{"type":"Feature","properties":{"c":"760961","o":"","e":""},"geometry":{"type":"Polygon","coordinates":[[[-93.04375,49.11667],[-93.04375,49.12083],[-93.0375,49.12083],[-93.0375,49.11667],[-93.04375,49.11667]]]}},{"type":"Feature","properties":{"c":"720266","o":"","e":""},"geometry":{"type":"Polygon","coordinates":[[[-93.025,49.12917],[-93.025,49.13333],[-93.01875,49.13333],[-93.01875,49.12917],[-93.025,49.12917]]]}},{"type":"Feature","properties":{"c":"816060","o":"","e":""},"geometry":{"type":"Polygon","coordinates":[[[-93.0875,49.17083],[-93.0875,49.175],[-93.08125,49.175],[-93.08125,49.17083],[-93.0875,49.17083]]]}},{"type":"Feature","properties":{"c":"816070","o":"","e":""},"geometry":{"type":"Polygon","coordinates":[[[-93.08125,49.175],[-93.08125,49.17917],[-93.075,49.17917],[-93.075,49.175],[-93.08125,49.175]]]}},{"type":"Feature","properties":{"c":"783913","o":"","e":""},"geometry":{"type":"Polygon","coordinates":[[[-93.1875,49.10833],[-93.1875,49.1125],[-93.18125,49.1125],[-93.18125,49.10833],[-93.1875,49.10833]]]}},{"type":"Feature","properties":{"c":"730327","o":"","e":""},"geometry":{"type":"Polygon","coordinates":[[[-93.0125,49.1375],[-93.0125,49.14167],[-93.00625,49.14167],[-93.00625,49.1375],[-93.0125,49.1375]]]}},{"type":"Feature","properties":{"c":"783916","o":"","e":""},"geometry":{"type":"Polygon","coordinates":[[[-93.18125,49.1125],[-93.18125,49.11667],[-93.175,49.11667],[-93.175,49.1125],[-93.18125,49.1125]]]}},{"type":"Feature","properties":{"c":"815858","o":"","e":""},"geometry":{"type":"Polygon","coordinates":[[[-93.08125,49.15],[-93.08125,49.15417],[-93.075,49.15417],[-93.075,49.15],[-93.08125,49.15]]]}},{"type":"Feature","properties":{"c":"201029","o":"","e":""},"geometry":{"type":"Polygon","coordinates":[[[-93.425,49.16667],[-93.425,49.17083],[-93.41875,49.17083],[-93.41875,49.16667],[-93.425,49.16667]]]}},{"type":"Feature","properties":{"c":"730352","o":"","e":""},"geometry":{"type":"Polygon","coordinates":[[[-93.025,49.15],[-93.025,49.15417],[-93.01875,49.15417],[-93.01875,49.15],[-93.025,49.15]]]}},{"type":"Feature","properties":{"c":"720262","o":"","e":""},"geometry":{"type":"Polygon","coordinates":[[[-93.025,49.125],[-93.025,49.12917],[-93.01875,49.12917],[-93.01875,49.125],[-93.025,49.125]]]}},{"type":"Feature","properties":{"c":"816236","o":"","e":""},"geometry":{"type":"Polygon","coordinates":[[[-93.09375,49.12917],[-93.09375,49.13333],[-93.0875,49.13333],[-93.0875,49.12917],[-93.09375,49.12917]]]}},{"type":"Feature","properties":{"c":"816202","o":"","e":""},"geometry":{"type":"Polygon","coordinates":[[[-93.03125,49.19167],[-93.03125,49.19583],[-93.025,49.19583],[-93.025,49.19167],[-93.03125,49.19167]]]}},{"type":"Feature","properties":{"c":"816630","o":"","e":""},"geometry":{"type":"Polygon","coordinates":[[[-93.00625,49.23333],[-93.00625,49.2375],[-93.0,49.2375],[-93.0,49.23333],[-93.00625,49.23333]]]}},{"type":"Feature","properties":{"c":"730344","o":"","e":""},"geometry":{"type":"Polygon","coordinates":[[[-93.01875,49.14167],[-93.01875,49.14583],[-93.0125,49.14583],[-93.0125,49.14167],[-93.01875,49.14167]]]}},{"type":"Feature","properties":{"c":"816613","o":"","e":""},"geometry":{"type":"Polygon","coordinates":[[[-93.00625,49.225],[-93.00625,49.22917],[-93.0,49.22917],[-93.0,49.225],[-93.00625,49.225]]]}},{"type":"Feature","properties":{"c":"816622","o":"","e":""},"geometry":{"type":"Polygon","coordinates":[[[-93.0125,49.22917],[-93.0125,49.23333],[-93.00625,49.23333],[-93.00625,49.22917],[-93.0125,49.22917]]]}},{"type":"Feature","properties":{"c":"730343","o":"","e":""},"geometry":{"type":"Polygon","coordinates":[[[-93.03125,49.13333],[-93.03125,49.1375],[-93.025,49.1375],[-93.025,49.13333],[-93.03125,49.13333]]]}},{"type":"Feature","properties":{"c":"816046","o":"","e":""},"geometry":{"type":"Polygon","coordinates":[[[-93.075,49.1625],[-93.075,49.16667],[-93.06875,49.16667],[-93.06875,49.1625],[-93.075,49.1625]]]}},{"type":"Feature","properties":{"c":"818444","o":"","e":""},"geometry":{"type":"Polygon","coordinates":[[[-93.0125,49.19583],[-93.0125,49.2],[-93.00625,49.2],[-93.00625,49.19583],[-93.0125,49.19583]]]}},{"type":"Feature","properties":{"c":"816603","o":"","e":""},"geometry":{"type":"Polygon","coordinates":[[[-93.0125,49.22083],[-93.0125,49.225],[-93.00625,49.225],[-93.00625,49.22083],[-93.0125,49.22083]]]}},{"type":"Feature","properties":{"c":"816212","o":"","e":""},"geometry":{"type":"Polygon","coordinates":[[[-93.03125,49.2],[-93.03125,49.20417],[-93.025,49.20417],[-93.025,49.2],[-93.03125,49.2]]]}},{"type":"Feature","properties":{"c":"816034","o":"","e":""},"geometry":{"type":"Polygon","coordinates":[[[-93.09375,49.15833],[-93.09375,49.1625],[-93.0875,49.1625],[-93.0875,49.15833],[-93.09375,49.15833]]]}},{"type":"Feature","properties":{"c":"816188","o":"","e":""},"geometry":{"type":"Polygon","coordinates":[[[-93.05,49.18333],[-93.05,49.1875],[-93.04375,49.1875],[-93.04375,49.18333],[-93.05,49.18333]]]}},{"type":"Feature","properties":{"c":"816211","o":"","e":""},"geometry":{"type":"Polygon","coordinates":[[[-93.0375,49.2],[-93.0375,49.20417],[-93.03125,49.20417],[-93.03125,49.2],[-93.0375,49.2]]]}},{"type":"Feature","properties":{"c":"816257","o":"","e":""},"geometry":{"type":"Polygon","coordinates":[[[-93.10625,49.11667],[-93.10625,49.12083],[-93.1,49.12083],[-93.1,49.11667],[-93.10625,49.11667]]]}},{"type":"Feature","properties":{"c":"783922","o":"","e":""},"geometry":{"type":"Polygon","coordinates":[[[-93.175,49.1125],[-93.175,49.11667],[-93.16875,49.11667],[-93.16875,49.1125],[-93.175,49.1125]]]}},{"type":"Feature","properties":{"c":"816217","o":"","e":""},"geometry":{"type":"Polygon","coordinates":[[[-93.025,49.20417],[-93.025,49.20833],[-93.01875,49.20833],[-93.01875,49.20417],[-93.025,49.20417]]]}},{"type":"Feature","properties":{"c":"816206","o":"","e":""},"geometry":{"type":"Polygon","coordinates":[[[-93.0375,49.19583],[-93.0375,49.2],[-93.03125,49.2],[-93.03125,49.19583],[-93.0375,49.19583]]]}},{"type":"Feature","properties":{"c":"816223","o":"","e":""},"geometry":{"type":"Polygon","coordinates":[[[-93.0125,49.20833],[-93.0125,49.2125],[-93.00625,49.2125],[-93.00625,49.20833],[-93.0125,49.20833]]]}},{"type":"Feature","properties":{"c":"200494","o":"","e":""},"geometry":{"type":"Polygon","coordinates":[[[-93.49375,49.1875],[-93.49375,49.19167],[-93.4875,49.19167],[-93.4875,49.1875],[-93.49375,49.1875]]]}},{"type":"Feature","properties":{"c":"202982","o":"","e":""},"geometry":{"type":"Polygon","coordinates":[[[-93.3375,49.1625],[-93.3375,49.16667],[-93.33125,49.16667],[-93.33125,49.1625],[-93.3375,49.1625]]]}},{"type":"Feature","properties":{"c":"537948","o":"","e":""},"geometry":{"type":"Polygon","coordinates":[[[-93.325,49.15],[-93.325,49.15417],[-93.31875,49.15417],[-93.31875,49.15],[-93.325,49.15]]]}},{"type":"Feature","properties":{"c":"537949","o":"","e":""},"geometry":{"type":"Polygon","coordinates":[[[-93.31875,49.15],[-93.31875,49.15417],[-93.3125,49.15417],[-93.3125,49.15],[-93.31875,49.15]]]}},{"type":"Feature","properties":{"c":"537950","o":"","e":""},"geometry":{"type":"Polygon","coordinates":[[[-93.3125,49.15],[-93.3125,49.15417],[-93.30625,49.15417],[-93.30625,49.15],[-93.3125,49.15]]]}},{"type":"Feature","properties":{"c":"537951","o":"","e":""},"geometry":{"type":"Polygon","coordinates":[[[-93.2875,49.15],[-93.2875,49.15417],[-93.28125,49.15417],[-93.28125,49.15],[-93.2875,49.15]]]}},{"type":"Feature","properties":{"c":"537952","o":"","e":""},"geometry":{"type":"Polygon","coordinates":[[[-93.28125,49.15],[-93.28125,49.15417],[-93.275,49.15417],[-93.275,49.15],[-93.28125,49.15]]]}},{"type":"Feature","properties":{"c":"537953","o":"","e":""},"geometry":{"type":"Polygon","coordinates":[[[-93.325,49.14583],[-93.325,49.15],[-93.31875,49.15],[-93.31875,49.14583],[-93.325,49.14583]]]}},{"type":"Feature","properties":{"c":"205171","o":"","e":""},"geometry":{"type":"Polygon","coordinates":[[[-93.01875,49.24583],[-93.01875,49.25],[-93.0125,49.25],[-93.0125,49.24583],[-93.01875,49.24583]]]}},{"type":"Feature","properties":{"c":"202734","o":"","e":""},"geometry":{"type":"Polygon","coordinates":[[[-93.35,49.14167],[-93.35,49.14583],[-93.34375,49.14583],[-93.34375,49.14167],[-93.35,49.14167]]]}},{"type":"Feature","properties":{"c":"816588","o":"","e":""},"geometry":{"type":"Polygon","coordinates":[[[-93.00625,49.2125],[-93.00625,49.21667],[-93.0,49.21667],[-93.0,49.2125],[-93.00625,49.2125]]]}},{"type":"Feature","properties":{"c":"783920","o":"","e":""},"geometry":{"type":"Polygon","coordinates":[[[-93.175,49.10833],[-93.175,49.1125],[-93.16875,49.1125],[-93.16875,49.10833],[-93.175,49.10833]]]}},{"type":"Feature","properties":{"c":"730321","o":"","e":""},"geometry":{"type":"Polygon","coordinates":[[[-93.025,49.1375],[-93.025,49.14167],[-93.01875,49.14167],[-93.01875,49.1375],[-93.025,49.1375]]]}},{"type":"Feature","properties":{"c":"730331","o":"","e":""},"geometry":{"type":"Polygon","coordinates":[[[-93.0375,49.12917],[-93.0375,49.13333],[-93.03125,49.13333],[-93.03125,49.12917],[-93.0375,49.12917]]]}},{"type":"Feature","properties":{"c":"711223","o":"","e":""},"geometry":{"type":"Polygon","coordinates":[[[-93.1375,49.18333],[-93.1375,49.1875],[-93.13125,49.1875],[-93.13125,49.18333],[-93.1375,49.18333]]]}},{"type":"Feature","properties":{"c":"711224","o":"","e":""},"geometry":{"type":"Polygon","coordinates":[[[-93.13125,49.18333],[-93.13125,49.1875],[-93.125,49.1875],[-93.125,49.18333],[-93.13125,49.18333]]]}},{"type":"Feature","properties":{"c":"900932","o":"","e":""},"geometry":{"type":"Polygon","coordinates":[[[-93.4875,49.30833],[-93.4875,49.3125],[-93.48125,49.3125],[-93.48125,49.30833],[-93.4875,49.30833]]]}},{"type":"Feature","properties":{"c":"900933","o":"","e":""},"geometry":{"type":"Polygon","coordinates":[[[-93.48125,49.30417],[-93.48125,49.30833],[-93.475,49.30833],[-93.475,49.30417],[-93.48125,49.30417]]]}},{"type":"Feature","properties":{"c":"204291","o":"","e":""},"geometry":{"type":"Polygon","coordinates":[[[-93.34375,49.19167],[-93.34375,49.19583],[-93.3375,49.19583],[-93.3375,49.19167],[-93.34375,49.19167]]]}},{"type":"Feature","properties":{"c":"204292","o":"","e":""},"geometry":{"type":"Polygon","coordinates":[[[-93.3375,49.18333],[-93.3375,49.1875],[-93.33125,49.1875],[-93.33125,49.18333],[-93.3375,49.18333]]]}},{"type":"Feature","properties":{"c":"204870","o":"","e":""},"geometry":{"type":"Polygon","coordinates":[[[-93.3375,49.17917],[-93.3375,49.18333],[-93.33125,49.18333],[-93.33125,49.17917],[-93.3375,49.17917]]]}},{"type":"Feature","properties":{"c":"204871","o":"","e":""},"geometry":{"type":"Polygon","coordinates":[[[-93.35,49.17083],[-93.35,49.175],[-93.34375,49.175],[-93.34375,49.17083],[-93.35,49.17083]]]}},{"type":"Feature","properties":{"c":"783917","o":"","e":""},"geometry":{"type":"Polygon","coordinates":[[[-93.175,49.12083],[-93.175,49.125],[-93.16875,49.125],[-93.16875,49.12083],[-93.175,49.12083]]]}},{"type":"Feature","properties":{"c":"760939","o":"","e":""},"geometry":{"type":"Polygon","coordinates":[[[-93.01875,49.125],[-93.01875,49.12917],[-93.0125,49.12917],[-93.0125,49.125],[-93.01875,49.125]]]}},{"type":"Feature","properties":{"c":"816215","o":"","e":""},"geometry":{"type":"Polygon","coordinates":[[[-93.0375,49.20417],[-93.0375,49.20833],[-93.03125,49.20833],[-93.03125,49.20417],[-93.0375,49.20417]]]}},{"type":"Feature","properties":{"c":"815882","o":"","e":""},"geometry":{"type":"Polygon","coordinates":[[[-93.1125,49.1375],[-93.1125,49.14167],[-93.10625,49.14167],[-93.10625,49.1375],[-93.1125,49.1375]]]}},{"type":"Feature","properties":{"c":"815845","o":"","e":""},"geometry":{"type":"Polygon","coordinates":[[[-93.1,49.1625],[-93.1,49.16667],[-93.09375,49.16667],[-93.09375,49.1625],[-93.1,49.1625]]]}},{"type":"Feature","properties":{"c":"816203","o":"","e":""},"geometry":{"type":"Polygon","coordinates":[[[-93.025,49.19167],[-93.025,49.19583],[-93.01875,49.19583],[-93.01875,49.19167],[-93.025,49.19167]]]}},{"type":"Feature","properties":{"c":"816225","o":"","e":""},"geometry":{"type":"Polygon","coordinates":[[[-93.03125,49.2125],[-93.03125,49.21667],[-93.025,49.21667],[-93.025,49.2125],[-93.03125,49.2125]]]}},{"type":"Feature","properties":{"c":"816592","o":"","e":""},"geometry":{"type":"Polygon","coordinates":[[[-93.025,49.21667],[-93.025,49.22083],[-93.01875,49.22083],[-93.01875,49.21667],[-93.025,49.21667]]]}},{"type":"Feature","properties":{"c":"205640","o":"","e":""},"geometry":{"type":"Polygon","coordinates":[[[-93.4125,49.20833],[-93.4125,49.2125],[-93.40625,49.2125],[-93.40625,49.20833],[-93.4125,49.20833]]]}},{"type":"Feature","properties":{"c":"203792","o":"","e":""},"geometry":{"type":"Polygon","coordinates":[[[-93.01875,49.27083],[-93.01875,49.275],[-93.0125,49.275],[-93.0125,49.27083],[-93.01875,49.27083]]]}},{"type":"Feature","properties":{"c":"204937","o":"","e":""},"geometry":{"type":"Polygon","coordinates":[[[-93.425,49.13333],[-93.425,49.1375],[-93.41875,49.1375],[-93.41875,49.13333],[-93.425,49.13333]]]}},{"type":"Feature","properties":{"c":"207871","o":"","e":""},"geometry":{"type":"Polygon","coordinates":[[[-93.41875,49.16667],[-93.41875,49.17083],[-93.4125,49.17083],[-93.4125,49.16667],[-93.41875,49.16667]]]}},{"type":"Feature","properties":{"c":"711225","o":"","e":""},"geometry":{"type":"Polygon","coordinates":[[[-93.13125,49.17917],[-93.13125,49.18333],[-93.125,49.18333],[-93.125,49.17917],[-93.13125,49.17917]]]}},{"type":"Feature","properties":{"c":"207751","o":"","e":""},"geometry":{"type":"Polygon","coordinates":[[[-93.3875,49.14583],[-93.3875,49.15],[-93.38125,49.15],[-93.38125,49.14583],[-93.3875,49.14583]]]}},{"type":"Feature","properties":{"c":"537954","o":"","e":""},"geometry":{"type":"Polygon","coordinates":[[[-93.31875,49.14583],[-93.31875,49.15],[-93.3125,49.15],[-93.3125,49.14583],[-93.31875,49.14583]]]}},{"type":"Feature","properties":{"c":"537955","o":"","e":""},"geometry":{"type":"Polygon","coordinates":[[[-93.3125,49.14583],[-93.3125,49.15],[-93.30625,49.15],[-93.30625,49.14583],[-93.3125,49.14583]]]}},{"type":"Feature","properties":{"c":"537956","o":"","e":""},"geometry":{"type":"Polygon","coordinates":[[[-93.30625,49.14583],[-93.30625,49.15],[-93.3,49.15],[-93.3,49.14583],[-93.30625,49.14583]]]}},{"type":"Feature","properties":{"c":"537957","o":"","e":""},"geometry":{"type":"Polygon","coordinates":[[[-93.3,49.14583],[-93.3,49.15],[-93.29375,49.15],[-93.29375,49.14583],[-93.3,49.14583]]]}},{"type":"Feature","properties":{"c":"537958","o":"","e":""},"geometry":{"type":"Polygon","coordinates":[[[-93.29375,49.14583],[-93.29375,49.15],[-93.2875,49.15],[-93.2875,49.14583],[-93.29375,49.14583]]]}},{"type":"Feature","properties":{"c":"537959","o":"","e":""},"geometry":{"type":"Polygon","coordinates":[[[-93.2875,49.14583],[-93.2875,49.15],[-93.28125,49.15],[-93.28125,49.14583],[-93.2875,49.14583]]]}},{"type":"Feature","properties":{"c":"537960","o":"","e":""},"geometry":{"type":"Polygon","coordinates":[[[-93.28125,49.14583],[-93.28125,49.15],[-93.275,49.15],[-93.275,49.14583],[-93.28125,49.14583]]]}},{"type":"Feature","properties":{"c":"207818","o":"","e":""},"geometry":{"type":"Polygon","coordinates":[[[-93.49375,49.19583],[-93.49375,49.2],[-93.4875,49.2],[-93.4875,49.19583],[-93.49375,49.19583]]]}},{"type":"Feature","properties":{"c":"207820","o":"","e":""},"geometry":{"type":"Polygon","coordinates":[[[-93.5,49.1875],[-93.5,49.19167],[-93.49375,49.19167],[-93.49375,49.1875],[-93.5,49.1875]]]}},{"type":"Feature","properties":{"c":"206372","o":"","e":""},"geometry":{"type":"Polygon","coordinates":[[[-93.5,49.23333],[-93.5,49.2375],[-93.49375,49.2375],[-93.49375,49.23333],[-93.5,49.23333]]]}},{"type":"Feature","properties":{"c":"206285","o":"","e":""},"geometry":{"type":"Polygon","coordinates":[[[-93.38125,49.175],[-93.38125,49.17917],[-93.375,49.17917],[-93.375,49.175],[-93.38125,49.175]]]}},{"type":"Feature","properties":{"c":"206286","o":"","e":""},"geometry":{"type":"Polygon","coordinates":[[[-93.40625,49.17083],[-93.40625,49.175],[-93.4,49.175],[-93.4,49.17083],[-93.40625,49.17083]]]}},{"type":"Feature","properties":{"c":"715905","o":"","e":""},"geometry":{"type":"Polygon","coordinates":[[[-93.13125,49.19167],[-93.13125,49.19583],[-93.125,49.19583],[-93.125,49.19167],[-93.13125,49.19167]]]}},{"type":"Feature","properties":{"c":"210928","o":"","e":""},"geometry":{"type":"Polygon","coordinates":[[[-93.35625,49.19167],[-93.35625,49.19583],[-93.35,49.19583],[-93.35,49.19167],[-93.35625,49.19167]]]}},{"type":"Feature","properties":{"c":"211072","o":"","e":""},"geometry":{"type":"Polygon","coordinates":[[[-93.01875,49.27917],[-93.01875,49.28333],[-93.0125,49.28333],[-93.0125,49.27917],[-93.01875,49.27917]]]}},{"type":"Feature","properties":{"c":"211073","o":"","e":""},"geometry":{"type":"Polygon","coordinates":[[[-93.01875,49.275],[-93.01875,49.27917],[-93.0125,49.27917],[-93.0125,49.275],[-93.01875,49.275]]]}},{"type":"Feature","properties":{"c":"211074","o":"","e":""},"geometry":{"type":"Polygon","coordinates":[[[-93.00625,49.27083],[-93.00625,49.275],[-93.0,49.275],[-93.0,49.27083],[-93.00625,49.27083]]]}},{"type":"Feature","properties":{"c":"210795","o":"","e":""},"geometry":{"type":"Polygon","coordinates":[[[-93.35,49.15417],[-93.35,49.15833],[-93.34375,49.15833],[-93.34375,49.15417],[-93.35,49.15417]]]}},{"type":"Feature","properties":{"c":"210796","o":"","e":""},"geometry":{"type":"Polygon","coordinates":[[[-93.35625,49.14583],[-93.35625,49.15],[-93.35,49.15],[-93.35,49.14583],[-93.35625,49.14583]]]}},{"type":"Feature","properties":{"c":"212275","o":"","e":""},"geometry":{"type":"Polygon","coordinates":[[[-93.39375,49.19167],[-93.39375,49.19583],[-93.3875,49.19583],[-93.3875,49.19167],[-93.39375,49.19167]]]}},{"type":"Feature","properties":{"c":"212276","o":"","e":""},"geometry":{"type":"Polygon","coordinates":[[[-93.4,49.19167],[-93.4,49.19583],[-93.39375,49.19583],[-93.39375,49.19167],[-93.4,49.19167]]]}},{"type":"Feature","properties":{"c":"212277","o":"","e":""},"geometry":{"type":"Polygon","coordinates":[[[-93.3875,49.1875],[-93.3875,49.19167],[-93.38125,49.19167],[-93.38125,49.1875],[-93.3875,49.1875]]]}},{"type":"Feature","properties":{"c":"212278","o":"","e":""},"geometry":{"type":"Polygon","coordinates":[[[-93.4,49.1875],[-93.4,49.19167],[-93.39375,49.19167],[-93.39375,49.1875],[-93.4,49.1875]]]}},{"type":"Feature","properties":{"c":"214911","o":"","e":""},"geometry":{"type":"Polygon","coordinates":[[[-93.375,49.19583],[-93.375,49.2],[-93.36875,49.2],[-93.36875,49.19583],[-93.375,49.19583]]]}},{"type":"Feature","properties":{"c":"214912","o":"","e":""},"geometry":{"type":"Polygon","coordinates":[[[-93.35625,49.17917],[-93.35625,49.18333],[-93.35,49.18333],[-93.35,49.17917],[-93.35625,49.17917]]]}},{"type":"Feature","properties":{"c":"214913","o":"","e":""},"geometry":{"type":"Polygon","coordinates":[[[-93.375,49.17917],[-93.375,49.18333],[-93.36875,49.18333],[-93.36875,49.17917],[-93.375,49.17917]]]}},{"type":"Feature","properties":{"c":"214914","o":"","e":""},"geometry":{"type":"Polygon","coordinates":[[[-93.38125,49.17917],[-93.38125,49.18333],[-93.375,49.18333],[-93.375,49.17917],[-93.38125,49.17917]]]}},{"type":"Feature","properties":{"c":"213047","o":"","e":""},"geometry":{"type":"Polygon","coordinates":[[[-93.41875,49.15],[-93.41875,49.15417],[-93.4125,49.15417],[-93.4125,49.15],[-93.41875,49.15]]]}},{"type":"Feature","properties":{"c":"213048","o":"","e":""},"geometry":{"type":"Polygon","coordinates":[[[-93.40625,49.14583],[-93.40625,49.15],[-93.4,49.15],[-93.4,49.14583],[-93.40625,49.14583]]]}},{"type":"Feature","properties":{"c":"213604","o":"","e":""},"geometry":{"type":"Polygon","coordinates":[[[-93.5,49.2],[-93.5,49.20417],[-93.49375,49.20417],[-93.49375,49.2],[-93.5,49.2]]]}},{"type":"Feature","properties":{"c":"215671","o":"","e":""},"geometry":{"type":"Polygon","coordinates":[[[-93.3625,49.2],[-93.3625,49.20417],[-93.35625,49.20417],[-93.35625,49.2],[-93.3625,49.2]]]}},{"type":"Feature","properties":{"c":"215674","o":"","e":""},"geometry":{"type":"Polygon","coordinates":[[[-93.34375,49.17917],[-93.34375,49.18333],[-93.3375,49.18333],[-93.3375,49.17917],[-93.34375,49.17917]]]}},{"type":"Feature","properties":{"c":"215675","o":"","e":""},"geometry":{"type":"Polygon","coordinates":[[[-93.35,49.16667],[-93.35,49.17083],[-93.34375,49.17083],[-93.34375,49.16667],[-93.35,49.16667]]]}},{"type":"Feature","properties":{"c":"1038834","o":"","e":""},"geometry":{"type":"Polygon","coordinates":[[[-93.1125,49.34167],[-93.1125,49.34583],[-93.10625,49.34583],[-93.10625,49.34167],[-93.1125,49.34167]]]}},{"type":"Feature","properties":{"c":"1038835","o":"","e":""},"geometry":{"type":"Polygon","coordinates":[[[-93.1,49.3375],[-93.1,49.34167],[-93.09375,49.34167],[-93.09375,49.3375],[-93.1,49.3375]]]}},{"type":"Feature","properties":{"c":"1038836","o":"","e":""},"geometry":{"type":"Polygon","coordinates":[[[-93.1125,49.3375],[-93.1125,49.34167],[-93.10625,49.34167],[-93.10625,49.3375],[-93.1125,49.3375]]]}},{"type":"Feature","properties":{"c":"1038838","o":"","e":""},"geometry":{"type":"Polygon","coordinates":[[[-93.125,49.375],[-93.125,49.37917],[-93.11875,49.37917],[-93.11875,49.375],[-93.125,49.375]]]}},{"type":"Feature","properties":{"c":"1038839","o":"","e":""},"geometry":{"type":"Polygon","coordinates":[[[-93.13125,49.375],[-93.13125,49.37917],[-93.125,49.37917],[-93.125,49.375],[-93.13125,49.375]]]}},{"type":"Feature","properties":{"c":"216409","o":"","e":""},"geometry":{"type":"Polygon","coordinates":[[[-93.5,49.18333],[-93.5,49.1875],[-93.49375,49.1875],[-93.49375,49.18333],[-93.5,49.18333]]]}},{"type":"Feature","properties":{"c":"216410","o":"","e":""},"geometry":{"type":"Polygon","coordinates":[[[-93.5,49.17917],[-93.5,49.18333],[-93.49375,49.18333],[-93.49375,49.17917],[-93.5,49.17917]]]}},{"type":"Feature","properties":{"c":"216998","o":"","e":""},"geometry":{"type":"Polygon","coordinates":[[[-93.40625,49.20833],[-93.40625,49.2125],[-93.4,49.2125],[-93.4,49.20833],[-93.40625,49.20833]]]}},{"type":"Feature","properties":{"c":"216574","o":"","e":""},"geometry":{"type":"Polygon","coordinates":[[[-93.38125,49.14167],[-93.38125,49.14583],[-93.375,49.14583],[-93.375,49.14167],[-93.38125,49.14167]]]}},{"type":"Feature","properties":{"c":"217906","o":"","e":""},"geometry":{"type":"Polygon","coordinates":[[[-93.36875,49.13333],[-93.36875,49.1375],[-93.3625,49.1375],[-93.3625,49.13333],[-93.36875,49.13333]]]}},{"type":"Feature","properties":{"c":"215751","o":"","e":""},"geometry":{"type":"Polygon","coordinates":[[[-93.4125,49.1375],[-93.4125,49.14167],[-93.40625,49.14167],[-93.40625,49.1375],[-93.4125,49.1375]]]}},{"type":"Feature","properties":{"c":"215752","o":"","e":""},"geometry":{"type":"Polygon","coordinates":[[[-93.40625,49.13333],[-93.40625,49.1375],[-93.4,49.1375],[-93.4,49.13333],[-93.40625,49.13333]]]}},{"type":"Feature","properties":{"c":"215753","o":"","e":""},"geometry":{"type":"Polygon","coordinates":[[[-93.4125,49.13333],[-93.4125,49.1375],[-93.40625,49.1375],[-93.40625,49.13333],[-93.4125,49.13333]]]}},{"type":"Feature","properties":{"c":"215754","o":"","e":""},"geometry":{"type":"Polygon","coordinates":[[[-93.40625,49.12917],[-93.40625,49.13333],[-93.4,49.13333],[-93.4,49.12917],[-93.40625,49.12917]]]}},{"type":"Feature","properties":{"c":"1047684","o":"","e":""},"geometry":{"type":"Polygon","coordinates":[[[-93.11875,49.29167],[-93.11875,49.29583],[-93.1125,49.29583],[-93.1125,49.29167],[-93.11875,49.29167]]]}},{"type":"Feature","properties":{"c":"1047685","o":"","e":""},"geometry":{"type":"Polygon","coordinates":[[[-93.09375,49.30833],[-93.09375,49.3125],[-93.0875,49.3125],[-93.0875,49.30833],[-93.09375,49.30833]]]}},{"type":"Feature","properties":{"c":"1047686","o":"","e":""},"geometry":{"type":"Polygon","coordinates":[[[-93.09375,49.3125],[-93.09375,49.31667],[-93.0875,49.31667],[-93.0875,49.3125],[-93.09375,49.3125]]]}},{"type":"Feature","properties":{"c":"1047687","o":"","e":""},"geometry":{"type":"Polygon","coordinates":[[[-93.0875,49.30833],[-93.0875,49.3125],[-93.08125,49.3125],[-93.08125,49.30833],[-93.0875,49.30833]]]}},{"type":"Feature","properties":{"c":"1047688","o":"","e":""},"geometry":{"type":"Polygon","coordinates":[[[-93.0875,49.3125],[-93.0875,49.31667],[-93.08125,49.31667],[-93.08125,49.3125],[-93.0875,49.3125]]]}},{"type":"Feature","properties":{"c":"1047689","o":"","e":""},"geometry":{"type":"Polygon","coordinates":[[[-93.1,49.3],[-93.1,49.30417],[-93.09375,49.30417],[-93.09375,49.3],[-93.1,49.3]]]}},{"type":"Feature","properties":{"c":"1047690","o":"","e":""},"geometry":{"type":"Polygon","coordinates":[[[-93.0875,49.30417],[-93.0875,49.30833],[-93.08125,49.30833],[-93.08125,49.30417],[-93.0875,49.30417]]]}},{"type":"Feature","properties":{"c":"215194","o":"","e":""},"geometry":{"type":"Polygon","coordinates":[[[-93.35625,49.1625],[-93.35625,49.16667],[-93.35,49.16667],[-93.35,49.1625],[-93.35625,49.1625]]]}},{"type":"Feature","properties":{"c":"215643","o":"","e":""},"geometry":{"type":"Polygon","coordinates":[[[-93.375,49.1875],[-93.375,49.19167],[-93.36875,49.19167],[-93.36875,49.1875],[-93.375,49.1875]]]}},{"type":"Feature","properties":{"c":"218564","o":"","e":""},"geometry":{"type":"Polygon","coordinates":[[[-93.475,49.18333],[-93.475,49.1875],[-93.46875,49.1875],[-93.46875,49.18333],[-93.475,49.18333]]]}},{"type":"Feature","properties":{"c":"217653","o":"","e":""},"geometry":{"type":"Polygon","coordinates":[[[-93.4,49.16667],[-93.4,49.17083],[-93.39375,49.17083],[-93.39375,49.16667],[-93.4,49.16667]]]}},{"type":"Feature","properties":{"c":"217654","o":"","e":""},"geometry":{"type":"Polygon","coordinates":[[[-93.3875,49.15833],[-93.3875,49.1625],[-93.38125,49.1625],[-93.38125,49.15833],[-93.3875,49.15833]]]}},{"type":"Feature","properties":{"c":"217655","o":"","e":""},"geometry":{"type":"Polygon","coordinates":[[[-93.38125,49.15],[-93.38125,49.15417],[-93.375,49.15417],[-93.375,49.15],[-93.38125,49.15]]]}},{"type":"Feature","properties":{"c":"217684","o":"","e":""},"geometry":{"type":"Polygon","coordinates":[[[-93.475,49.1875],[-93.475,49.19167],[-93.46875,49.19167],[-93.46875,49.1875],[-93.475,49.1875]]]}},{"type":"Feature","properties":{"c":"537961","o":"","e":""},"geometry":{"type":"Polygon","coordinates":[[[-93.325,49.14167],[-93.325,49.14583],[-93.31875,49.14583],[-93.31875,49.14167],[-93.325,49.14167]]]}},{"type":"Feature","properties":{"c":"223938","o":"","e":""},"geometry":{"type":"Polygon","coordinates":[[[-93.04375,49.25833],[-93.04375,49.2625],[-93.0375,49.2625],[-93.0375,49.25833],[-93.04375,49.25833]]]}},{"type":"Feature","properties":{"c":"711227","o":"","e":""},"geometry":{"type":"Polygon","coordinates":[[[-93.1375,49.19167],[-93.1375,49.19583],[-93.13125,49.19583],[-93.13125,49.19167],[-93.1375,49.19167]]]}},{"type":"Feature","properties":{"c":"711228","o":"","e":""},"geometry":{"type":"Polygon","coordinates":[[[-93.1375,49.1875],[-93.1375,49.19167],[-93.13125,49.19167],[-93.13125,49.1875],[-93.1375,49.1875]]]}},{"type":"Feature","properties":{"c":"225694","o":"","e":""},"geometry":{"type":"Polygon","coordinates":[[[-93.48125,49.16667],[-93.48125,49.17083],[-93.475,49.17083],[-93.475,49.16667],[-93.48125,49.16667]]]}},{"type":"Feature","properties":{"c":"898535","o":"","e":""},"geometry":{"type":"Polygon","coordinates":[[[-93.01875,49.19583],[-93.01875,49.2],[-93.0125,49.2],[-93.0125,49.19583],[-93.01875,49.19583]]]}},{"type":"Feature","properties":{"c":"815806","o":"","e":""},"geometry":{"type":"Polygon","coordinates":[[[-93.15,49.10833],[-93.15,49.1125],[-93.14375,49.1125],[-93.14375,49.10833],[-93.15,49.10833]]]}},{"type":"Feature","properties":{"c":"730314","o":"","e":""},"geometry":{"type":"Polygon","coordinates":[[[-93.05625,49.13333],[-93.05625,49.1375],[-93.05,49.1375],[-93.05,49.13333],[-93.05625,49.13333]]]}},{"type":"Feature","properties":{"c":"816214","o":"","e":""},"geometry":{"type":"Polygon","coordinates":[[[-93.01875,49.2],[-93.01875,49.20417],[-93.0125,49.20417],[-93.0125,49.2],[-93.01875,49.2]]]}},{"type":"Feature","properties":{"c":"816048","o":"","e":""},"geometry":{"type":"Polygon","coordinates":[[[-93.0625,49.1625],[-93.0625,49.16667],[-93.05625,49.16667],[-93.05625,49.1625],[-93.0625,49.1625]]]}},{"type":"Feature","properties":{"c":"816075","o":"","e":""},"geometry":{"type":"Polygon","coordinates":[[[-93.06875,49.17917],[-93.06875,49.18333],[-93.0625,49.18333],[-93.0625,49.17917],[-93.06875,49.17917]]]}},{"type":"Feature","properties":{"c":"815814","o":"","e":""},"geometry":{"type":"Polygon","coordinates":[[[-93.14375,49.1125],[-93.14375,49.11667],[-93.1375,49.11667],[-93.1375,49.1125],[-93.14375,49.1125]]]}},{"type":"Feature","properties":{"c":"979784","o":"","e":""},"geometry":{"type":"Polygon","coordinates":[[[-93.4,49.09167],[-93.4,49.09583],[-93.39375,49.09583],[-93.39375,49.09167],[-93.4,49.09167]]]}},{"type":"Feature","properties":{"c":"979785","o":"","e":""},"geometry":{"type":"Polygon","coordinates":[[[-93.4,49.09583],[-93.4,49.1],[-93.39375,49.1],[-93.39375,49.09583],[-93.4,49.09583]]]}},{"type":"Feature","properties":{"c":"979786","o":"","e":""},"geometry":{"type":"Polygon","coordinates":[[[-93.39375,49.09583],[-93.39375,49.1],[-93.3875,49.1],[-93.3875,49.09583],[-93.39375,49.09583]]]}},{"type":"Feature","properties":{"c":"979783","o":"","e":""},"geometry":{"type":"Polygon","coordinates":[[[-93.40625,49.09167],[-93.40625,49.09583],[-93.4,49.09583],[-93.4,49.09167],[-93.40625,49.09167]]]}},{"type":"Feature","properties":{"c":"225864","o":"","e":""},"geometry":{"type":"Polygon","coordinates":[[[-93.36875,49.1375],[-93.36875,49.14167],[-93.3625,49.14167],[-93.3625,49.1375],[-93.36875,49.1375]]]}},{"type":"Feature","properties":{"c":"226012","o":"","e":""},"geometry":{"type":"Polygon","coordinates":[[[-93.46875,49.175],[-93.46875,49.17917],[-93.4625,49.17917],[-93.4625,49.175],[-93.46875,49.175]]]}},{"type":"Feature","properties":{"c":"229472","o":"","e":""},"geometry":{"type":"Polygon","coordinates":[[[-93.35625,49.1875],[-93.35625,49.19167],[-93.35,49.19167],[-93.35,49.1875],[-93.35625,49.1875]]]}},{"type":"Feature","properties":{"c":"783915","o":"","e":""},"geometry":{"type":"Polygon","coordinates":[[[-93.18125,49.10833],[-93.18125,49.1125],[-93.175,49.1125],[-93.175,49.10833],[-93.18125,49.10833]]]}},{"type":"Feature","properties":{"c":"730348","o":"","e":""},"geometry":{"type":"Polygon","coordinates":[[[-93.03125,49.15],[-93.03125,49.15417],[-93.025,49.15417],[-93.025,49.15],[-93.03125,49.15]]]}},{"type":"Feature","properties":{"c":"734765","o":"","e":""},"geometry":{"type":"Polygon","coordinates":[[[-93.05625,49.1],[-93.05625,49.10417],[-93.05,49.10417],[-93.05,49.1],[-93.05625,49.1]]]}},{"type":"Feature","properties":{"c":"730692","o":"","e":""},"geometry":{"type":"Polygon","coordinates":[[[-93.05625,49.12083],[-93.05625,49.125],[-93.05,49.125],[-93.05,49.12083],[-93.05625,49.12083]]]}},{"type":"Feature","properties":{"c":"734769","o":"","e":""},"geometry":{"type":"Polygon","coordinates":[[[-93.0625,49.10417],[-93.0625,49.10833],[-93.05625,49.10833],[-93.05625,49.10417],[-93.0625,49.10417]]]}},{"type":"Feature","properties":{"c":"730323","o":"","e":""},"geometry":{"type":"Polygon","coordinates":[[[-93.04375,49.14167],[-93.04375,49.14583],[-93.0375,49.14583],[-93.0375,49.14167],[-93.04375,49.14167]]]}},{"type":"Feature","properties":{"c":"815836","o":"","e":""},"geometry":{"type":"Polygon","coordinates":[[[-93.15,49.12917],[-93.15,49.13333],[-93.14375,49.13333],[-93.14375,49.12917],[-93.15,49.12917]]]}},{"type":"Feature","properties":{"c":"730696","o":"","e":""},"geometry":{"type":"Polygon","coordinates":[[[-93.05,49.11667],[-93.05,49.12083],[-93.04375,49.12083],[-93.04375,49.11667],[-93.05,49.11667]]]}},{"type":"Feature","properties":{"c":"730320","o":"","e":""},"geometry":{"type":"Polygon","coordinates":[[[-93.0375,49.14167],[-93.0375,49.14583],[-93.03125,49.14583],[-93.03125,49.14167],[-93.0375,49.14167]]]}},{"type":"Feature","properties":{"c":"734773","o":"","e":""},"geometry":{"type":"Polygon","coordinates":[[[-93.05625,49.10417],[-93.05625,49.10833],[-93.05,49.10833],[-93.05,49.10417],[-93.05625,49.10417]]]}},{"type":"Feature","properties":{"c":"815867","o":"","e":""},"geometry":{"type":"Polygon","coordinates":[[[-93.0875,49.14583],[-93.0875,49.15],[-93.08125,49.15],[-93.08125,49.14583],[-93.0875,49.14583]]]}},{"type":"Feature","properties":{"c":"816629","o":"","e":""},"geometry":{"type":"Polygon","coordinates":[[[-93.0125,49.23333],[-93.0125,49.2375],[-93.00625,49.2375],[-93.00625,49.23333],[-93.0125,49.23333]]]}},{"type":"Feature","properties":{"c":"730319","o":"","e":""},"geometry":{"type":"Polygon","coordinates":[[[-93.0375,49.13333],[-93.0375,49.1375],[-93.03125,49.1375],[-93.03125,49.13333],[-93.0375,49.13333]]]}},{"type":"Feature","properties":{"c":"815825","o":"","e":""},"geometry":{"type":"Polygon","coordinates":[[[-93.15625,49.12083],[-93.15625,49.125],[-93.15,49.125],[-93.15,49.12083],[-93.15625,49.12083]]]}},{"type":"Feature","properties":{"c":"815805","o":"","e":""},"geometry":{"type":"Polygon","coordinates":[[[-93.15625,49.10833],[-93.15625,49.1125],[-93.15,49.1125],[-93.15,49.10833],[-93.15625,49.10833]]]}},{"type":"Feature","properties":{"c":"818440","o":"","e":""},"geometry":{"type":"Polygon","coordinates":[[[-93.01875,49.19167],[-93.01875,49.19583],[-93.0125,49.19583],[-93.0125,49.19167],[-93.01875,49.19167]]]}},{"type":"Feature","properties":{"c":"730690","o":"","e":""},"geometry":{"type":"Polygon","coordinates":[[[-93.05,49.12083],[-93.05,49.125],[-93.04375,49.125],[-93.04375,49.12083],[-93.05,49.12083]]]}},{"type":"Feature","properties":{"c":"816591","o":"","e":""},"geometry":{"type":"Polygon","coordinates":[[[-93.03125,49.21667],[-93.03125,49.22083],[-93.025,49.22083],[-93.025,49.21667],[-93.03125,49.21667]]]}},{"type":"Feature","properties":{"c":"816195","o":"","e":""},"geometry":{"type":"Polygon","coordinates":[[[-93.05,49.1875],[-93.05,49.19167],[-93.04375,49.19167],[-93.04375,49.1875],[-93.05,49.1875]]]}},{"type":"Feature","properties":{"c":"815801","o":"","e":""},"geometry":{"type":"Polygon","coordinates":[[[-93.1375,49.10417],[-93.1375,49.10833],[-93.13125,49.10833],[-93.13125,49.10417],[-93.1375,49.10417]]]}},{"type":"Feature","properties":{"c":"232877","o":"","e":""},"geometry":{"type":"Polygon","coordinates":[[[-93.425,49.19167],[-93.425,49.19583],[-93.41875,49.19583],[-93.41875,49.19167],[-93.425,49.19167]]]}},{"type":"Feature","properties":{"c":"229611","o":"","e":""},"geometry":{"type":"Polygon","coordinates":[[[-93.3625,49.14583],[-93.3625,49.15],[-93.35625,49.15],[-93.35625,49.14583],[-93.3625,49.14583]]]}},{"type":"Feature","properties":{"c":"537968","o":"","e":""},"geometry":{"type":"Polygon","coordinates":[[[-93.28125,49.14167],[-93.28125,49.14583],[-93.275,49.14583],[-93.275,49.14167],[-93.28125,49.14167]]]}},{"type":"Feature","properties":{"c":"537969","o":"","e":""},"geometry":{"type":"Polygon","coordinates":[[[-93.325,49.1375],[-93.325,49.14167],[-93.31875,49.14167],[-93.31875,49.1375],[-93.325,49.1375]]]}},{"type":"Feature","properties":{"c":"537970","o":"","e":""},"geometry":{"type":"Polygon","coordinates":[[[-93.31875,49.1375],[-93.31875,49.14167],[-93.3125,49.14167],[-93.3125,49.1375],[-93.31875,49.1375]]]}},{"type":"Feature","properties":{"c":"537971","o":"","e":""},"geometry":{"type":"Polygon","coordinates":[[[-93.3125,49.1375],[-93.3125,49.14167],[-93.30625,49.14167],[-93.30625,49.1375],[-93.3125,49.1375]]]}},{"type":"Feature","properties":{"c":"537972","o":"","e":""},"geometry":{"type":"Polygon","coordinates":[[[-93.30625,49.1375],[-93.30625,49.14167],[-93.3,49.14167],[-93.3,49.1375],[-93.30625,49.1375]]]}},{"type":"Feature","properties":{"c":"537973","o":"","e":""},"geometry":{"type":"Polygon","coordinates":[[[-93.3,49.1375],[-93.3,49.14167],[-93.29375,49.14167],[-93.29375,49.1375],[-93.3,49.1375]]]}},{"type":"Feature","properties":{"c":"537974","o":"","e":""},"geometry":{"type":"Polygon","coordinates":[[[-93.2875,49.1375],[-93.2875,49.14167],[-93.28125,49.14167],[-93.28125,49.1375],[-93.2875,49.1375]]]}},{"type":"Feature","properties":{"c":"537975","o":"","e":""},"geometry":{"type":"Polygon","coordinates":[[[-93.28125,49.1375],[-93.28125,49.14167],[-93.275,49.14167],[-93.275,49.1375],[-93.28125,49.1375]]]}},{"type":"Feature","properties":{"c":"232191","o":"","e":""},"geometry":{"type":"Polygon","coordinates":[[[-93.40625,49.17917],[-93.40625,49.18333],[-93.4,49.18333],[-93.4,49.17917],[-93.40625,49.17917]]]}},{"type":"Feature","properties":{"c":"235125","o":"","e":""},"geometry":{"type":"Polygon","coordinates":[[[-93.375,49.14583],[-93.375,49.15],[-93.36875,49.15],[-93.36875,49.14583],[-93.375,49.14583]]]}},{"type":"Feature","properties":{"c":"235702","o":"","e":""},"geometry":{"type":"Polygon","coordinates":[[[-93.3625,49.17083],[-93.3625,49.175],[-93.35625,49.175],[-93.35625,49.17083],[-93.3625,49.17083]]]}},{"type":"Feature","properties":{"c":"537962","o":"","e":""},"geometry":{"type":"Polygon","coordinates":[[[-93.31875,49.14167],[-93.31875,49.14583],[-93.3125,49.14583],[-93.3125,49.14167],[-93.31875,49.14167]]]}},{"type":"Feature","properties":{"c":"537963","o":"","e":""},"geometry":{"type":"Polygon","coordinates":[[[-93.3125,49.14167],[-93.3125,49.14583],[-93.30625,49.14583],[-93.30625,49.14167],[-93.3125,49.14167]]]}},{"type":"Feature","properties":{"c":"537964","o":"","e":""},"geometry":{"type":"Polygon","coordinates":[[[-93.30625,49.14167],[-93.30625,49.14583],[-93.3,49.14583],[-93.3,49.14167],[-93.30625,49.14167]]]}},{"type":"Feature","properties":{"c":"537965","o":"","e":""},"geometry":{"type":"Polygon","coordinates":[[[-93.3,49.14167],[-93.3,49.14583],[-93.29375,49.14583],[-93.29375,49.14167],[-93.3,49.14167]]]}},{"type":"Feature","properties":{"c":"537966","o":"","e":""},"geometry":{"type":"Polygon","coordinates":[[[-93.29375,49.14167],[-93.29375,49.14583],[-93.2875,49.14583],[-93.2875,49.14167],[-93.29375,49.14167]]]}},{"type":"Feature","properties":{"c":"231980","o":"","e":""},"geometry":{"type":"Polygon","coordinates":[[[-93.04375,49.26667],[-93.04375,49.26796],[-93.04375,49.27083],[-93.0375,49.27083],[-93.0375,49.26796],[-93.0375,49.26667],[-93.04375,49.26667]]]}},{"type":"Feature","properties":{"c":"231981","o":"","e":""},"geometry":{"type":"Polygon","coordinates":[[[-93.04375,49.2625],[-93.04375,49.26667],[-93.0375,49.26667],[-93.0375,49.2625],[-93.04375,49.2625]]]}},{"type":"Feature","properties":{"c":"537967","o":"","e":""},"geometry":{"type":"Polygon","coordinates":[[[-93.2875,49.14167],[-93.2875,49.14583],[-93.28125,49.14583],[-93.28125,49.14167],[-93.2875,49.14167]]]}},{"type":"Feature","properties":{"c":"235646","o":"","e":""},"geometry":{"type":"Polygon","coordinates":[[[-93.4875,49.22917],[-93.4875,49.23333],[-93.48125,49.23333],[-93.48125,49.22917],[-93.4875,49.22917]]]}},{"type":"Feature","properties":{"c":"235647","o":"","e":""},"geometry":{"type":"Polygon","coordinates":[[[-93.5,49.22917],[-93.5,49.23333],[-93.49375,49.23333],[-93.49375,49.22917],[-93.5,49.22917]]]}},{"type":"Feature","properties":{"c":"537976","o":"","e":""},"geometry":{"type":"Polygon","coordinates":[[[-93.325,49.13333],[-93.325,49.1375],[-93.31875,49.1375],[-93.31875,49.13333],[-93.325,49.13333]]]}},{"type":"Feature","properties":{"c":"816182","o":"","e":""},"geometry":{"type":"Polygon","coordinates":[[[-93.06875,49.18333],[-93.06875,49.1875],[-93.0625,49.1875],[-93.0625,49.18333],[-93.06875,49.18333]]]}},{"type":"Feature","properties":{"c":"816067","o":"","e":""},"geometry":{"type":"Polygon","coordinates":[[[-93.04375,49.17083],[-93.04375,49.175],[-93.0375,49.175],[-93.0375,49.17083],[-93.04375,49.17083]]]}},{"type":"Feature","properties":{"c":"720004","o":"","e":""},"geometry":{"type":"Polygon","coordinates":[[[-93.0375,49.11667],[-93.0375,49.12083],[-93.03125,49.12083],[-93.03125,49.11667],[-93.0375,49.11667]]]}},{"type":"Feature","properties":{"c":"816610","o":"","e":""},"geometry":{"type":"Polygon","coordinates":[[[-93.025,49.225],[-93.025,49.22917],[-93.01875,49.22917],[-93.01875,49.225],[-93.025,49.225]]]}},{"type":"Feature","properties":{"c":"816058","o":"","e":""},"geometry":{"type":"Polygon","coordinates":[[[-93.05,49.16667],[-93.05,49.17083],[-93.04375,49.17083],[-93.04375,49.16667],[-93.05,49.16667]]]}},{"type":"Feature","properties":{"c":"815840","o":"","e":""},"geometry":{"type":"Polygon","coordinates":[[[-93.1375,49.13333],[-93.1375,49.1375],[-93.13125,49.1375],[-93.13125,49.13333],[-93.1375,49.13333]]]}},{"type":"Feature","properties":{"c":"816170","o":"","e":""},"geometry":{"type":"Polygon","coordinates":[[[-93.04375,49.175],[-93.04375,49.17917],[-93.0375,49.17917],[-93.0375,49.175],[-93.04375,49.175]]]}},{"type":"Feature","properties":{"c":"816219","o":"","e":""},"geometry":{"type":"Polygon","coordinates":[[[-93.0125,49.20417],[-93.0125,49.20833],[-93.00625,49.20833],[-93.00625,49.20417],[-93.0125,49.20417]]]}},{"type":"Feature","properties":{"c":"730335","o":"","e":""},"geometry":{"type":"Polygon","coordinates":[[[-93.05,49.12917],[-93.05,49.13333],[-93.04375,49.13333],[-93.04375,49.12917],[-93.05,49.12917]]]}},{"type":"Feature","properties":{"c":"730341","o":"","e":""},"geometry":{"type":"Polygon","coordinates":[[[-93.05,49.1375],[-93.05,49.14167],[-93.04375,49.14167],[-93.04375,49.1375],[-93.05,49.1375]]]}},{"type":"Feature","properties":{"c":"730346","o":"","e":""},"geometry":{"type":"Polygon","coordinates":[[[-93.0375,49.14583],[-93.0375,49.15],[-93.03125,49.15],[-93.03125,49.14583],[-93.0375,49.14583]]]}},{"type":"Feature","properties":{"c":"815799","o":"","e":""},"geometry":{"type":"Polygon","coordinates":[[[-93.15,49.10417],[-93.15,49.10833],[-93.14375,49.10833],[-93.14375,49.10417],[-93.15,49.10417]]]}},{"type":"Feature","properties":{"c":"783923","o":"","e":""},"geometry":{"type":"Polygon","coordinates":[[[-93.175,49.11667],[-93.175,49.12083],[-93.16875,49.12083],[-93.16875,49.11667],[-93.175,49.11667]]]}},{"type":"Feature","properties":{"c":"720265","o":"","e":""},"geometry":{"type":"Polygon","coordinates":[[[-93.03125,49.125],[-93.03125,49.12917],[-93.025,49.12917],[-93.025,49.125],[-93.03125,49.125]]]}},{"type":"Feature","properties":{"c":"720007","o":"","e":""},"geometry":{"type":"Polygon","coordinates":[[[-93.0375,49.1125],[-93.0375,49.11667],[-93.03125,49.11667],[-93.03125,49.1125],[-93.0375,49.1125]]]}},{"type":"Feature","properties":{"c":"813598","o":"","e":""},"geometry":{"type":"Polygon","coordinates":[[[-93.06875,49.1125],[-93.06875,49.11667],[-93.0625,49.11667],[-93.0625,49.1125],[-93.06875,49.1125]]]}},{"type":"Feature","properties":{"c":"815833","o":"","e":""},"geometry":{"type":"Polygon","coordinates":[[[-93.1375,49.125],[-93.1375,49.12917],[-93.13125,49.12917],[-93.13125,49.125],[-93.1375,49.125]]]}},{"type":"Feature","properties":{"c":"815889","o":"","e":""},"geometry":{"type":"Polygon","coordinates":[[[-93.1,49.16667],[-93.1,49.17083],[-93.09375,49.17083],[-93.09375,49.16667],[-93.1,49.16667]]]}},{"type":"Feature","properties":{"c":"235365","o":"","e":""},"geometry":{"type":"Polygon","coordinates":[[[-93.3875,49.19583],[-93.3875,49.2],[-93.38125,49.2],[-93.38125,49.19583],[-93.3875,49.19583]]]}},{"type":"Feature","properties":{"c":"233668","o":"","e":""},"geometry":{"type":"Polygon","coordinates":[[[-93.375,49.18333],[-93.375,49.1875],[-93.36875,49.1875],[-93.36875,49.18333],[-93.375,49.18333]]]}},{"type":"Feature","properties":{"c":"233695","o":"","e":""},"geometry":{"type":"Polygon","coordinates":[[[-93.375,49.2],[-93.375,49.20417],[-93.36875,49.20417],[-93.36875,49.2],[-93.375,49.2]]]}},{"type":"Feature","properties":{"c":"233697","o":"","e":""},"geometry":{"type":"Polygon","coordinates":[[[-93.35,49.17917],[-93.35,49.18333],[-93.34375,49.18333],[-93.34375,49.17917],[-93.35,49.17917]]]}},{"type":"Feature","properties":{"c":"233851","o":"","e":""},"geometry":{"type":"Polygon","coordinates":[[[-93.375,49.1625],[-93.375,49.16667],[-93.36875,49.16667],[-93.36875,49.1625],[-93.375,49.1625]]]}},{"type":"Feature","properties":{"c":"237753","o":"","e":""},"geometry":{"type":"Polygon","coordinates":[[[-93.4625,49.175],[-93.4625,49.17917],[-93.45625,49.17917],[-93.45625,49.175],[-93.4625,49.175]]]}},{"type":"Feature","properties":{"c":"237754","o":"","e":""},"geometry":{"type":"Polygon","coordinates":[[[-93.45625,49.17083],[-93.45625,49.175],[-93.45,49.175],[-93.45,49.17083],[-93.45625,49.17083]]]}},{"type":"Feature","properties":{"c":"237755","o":"","e":""},"geometry":{"type":"Polygon","coordinates":[[[-93.4625,49.16667],[-93.4625,49.17083],[-93.45625,49.17083],[-93.45625,49.16667],[-93.4625,49.16667]]]}},{"type":"Feature","properties":{"c":"537977","o":"","e":""},"geometry":{"type":"Polygon","coordinates":[[[-93.31875,49.13333],[-93.31875,49.1375],[-93.3125,49.1375],[-93.3125,49.13333],[-93.31875,49.13333]]]}},{"type":"Feature","properties":{"c":"1029410","o":"","e":""},"geometry":{"type":"Polygon","coordinates":[[[-93.20625,49.125],[-93.20625,49.12917],[-93.2,49.12917],[-93.2,49.125],[-93.20625,49.125]]]}},{"type":"Feature","properties":{"c":"1029411","o":"","e":""},"geometry":{"type":"Polygon","coordinates":[[[-93.2,49.125],[-93.2,49.12917],[-93.19375,49.12917],[-93.19375,49.125],[-93.2,49.125]]]}},{"type":"Feature","properties":{"c":"1029412","o":"","e":""},"geometry":{"type":"Polygon","coordinates":[[[-93.19375,49.125],[-93.19375,49.12917],[-93.1875,49.12917],[-93.1875,49.125],[-93.19375,49.125]]]}},{"type":"Feature","properties":{"c":"1029413","o":"","e":""},"geometry":{"type":"Polygon","coordinates":[[[-93.1875,49.125],[-93.1875,49.12917],[-93.18125,49.12917],[-93.18125,49.125],[-93.1875,49.125]]]}},{"type":"Feature","properties":{"c":"1029414","o":"","e":""},"geometry":{"type":"Polygon","coordinates":[[[-93.18125,49.125],[-93.18125,49.12917],[-93.175,49.12917],[-93.175,49.125],[-93.18125,49.125]]]}},{"type":"Feature","properties":{"c":"238655","o":"","e":""},"geometry":{"type":"Polygon","coordinates":[[[-93.475,49.175],[-93.475,49.17917],[-93.46875,49.17917],[-93.46875,49.175],[-93.475,49.175]]]}},{"type":"Feature","properties":{"c":"815847","o":"","e":""},"geometry":{"type":"Polygon","coordinates":[[[-93.10625,49.15833],[-93.10625,49.1625],[-93.1,49.1625],[-93.1,49.15833],[-93.10625,49.15833]]]}},{"type":"Feature","properties":{"c":"816251","o":"","e":""},"geometry":{"type":"Polygon","coordinates":[[[-93.09375,49.12083],[-93.09375,49.125],[-93.0875,49.125],[-93.0875,49.12083],[-93.09375,49.12083]]]}},{"type":"Feature","properties":{"c":"816011","o":"","e":""},"geometry":{"type":"Polygon","coordinates":[[[-93.11875,49.10417],[-93.11875,49.10833],[-93.1125,49.10833],[-93.1125,49.10417],[-93.11875,49.10417]]]}},{"type":"Feature","properties":{"c":"720263","o":"","e":""},"geometry":{"type":"Polygon","coordinates":[[[-93.0125,49.12917],[-93.0125,49.13333],[-93.00625,49.13333],[-93.00625,49.12917],[-93.0125,49.12917]]]}},{"type":"Feature","properties":{"c":"816249","o":"","e":""},"geometry":{"type":"Polygon","coordinates":[[[-93.10625,49.12083],[-93.10625,49.125],[-93.1,49.125],[-93.1,49.12083],[-93.10625,49.12083]]]}},{"type":"Feature","properties":{"c":"815874","o":"","e":""},"geometry":{"type":"Polygon","coordinates":[[[-93.1,49.14167],[-93.1,49.14583],[-93.09375,49.14583],[-93.09375,49.14167],[-93.1,49.14167]]]}},{"type":"Feature","properties":{"c":"818450","o":"","e":""},"geometry":{"type":"Polygon","coordinates":[[[-93.00625,49.20417],[-93.00625,49.20833],[-93.0,49.20833],[-93.0,49.20417],[-93.00625,49.20417]]]}},{"type":"Feature","properties":{"c":"816052","o":"","e":""},"geometry":{"type":"Polygon","coordinates":[[[-93.0875,49.16667],[-93.0875,49.17083],[-93.08125,49.17083],[-93.08125,49.16667],[-93.0875,49.16667]]]}},{"type":"Feature","properties":{"c":"730345","o":"","e":""},"geometry":{"type":"Polygon","coordinates":[[[-93.04375,49.1375],[-93.04375,49.14167],[-93.0375,49.14167],[-93.0375,49.1375],[-93.04375,49.1375]]]}},{"type":"Feature","properties":{"c":"816611","o":"","e":""},"geometry":{"type":"Polygon","coordinates":[[[-93.01875,49.225],[-93.01875,49.22917],[-93.0125,49.22917],[-93.0125,49.225],[-93.01875,49.225]]]}},{"type":"Feature","properties":{"c":"730689","o":"","e":""},"geometry":{"type":"Polygon","coordinates":[[[-93.0625,49.1125],[-93.0625,49.11667],[-93.05625,49.11667],[-93.05625,49.1125],[-93.0625,49.1125]]]}},{"type":"Feature","properties":{"c":"815843","o":"","e":""},"geometry":{"type":"Polygon","coordinates":[[[-93.13125,49.1375],[-93.13125,49.14167],[-93.125,49.14167],[-93.125,49.1375],[-93.13125,49.1375]]]}},{"type":"Feature","properties":{"c":"730693","o":"","e":""},"geometry":{"type":"Polygon","coordinates":[[[-93.0625,49.125],[-93.0625,49.12917],[-93.05625,49.12917],[-93.05625,49.125],[-93.0625,49.125]]]}},{"type":"Feature","properties":{"c":"816600","o":"","e":""},"geometry":{"type":"Polygon","coordinates":[[[-93.03125,49.22083],[-93.03125,49.225],[-93.025,49.225],[-93.025,49.22083],[-93.03125,49.22083]]]}},{"type":"Feature","properties":{"c":"734770","o":"","e":""},"geometry":{"type":"Polygon","coordinates":[[[-93.05,49.10833],[-93.05,49.1125],[-93.04375,49.1125],[-93.04375,49.10833],[-93.05,49.10833]]]}},{"type":"Feature","properties":{"c":"816039","o":"","e":""},"geometry":{"type":"Polygon","coordinates":[[[-93.0625,49.15833],[-93.0625,49.1625],[-93.05625,49.1625],[-93.05625,49.15833],[-93.0625,49.15833]]]}},{"type":"Feature","properties":{"c":"815859","o":"","e":""},"geometry":{"type":"Polygon","coordinates":[[[-93.075,49.15],[-93.075,49.15417],[-93.06875,49.15417],[-93.06875,49.15],[-93.075,49.15]]]}},{"type":"Feature","properties":{"c":"783921","o":"","e":""},"geometry":{"type":"Polygon","coordinates":[[[-93.16875,49.11667],[-93.16875,49.12083],[-93.1625,49.12083],[-93.1625,49.11667],[-93.16875,49.11667]]]}},{"type":"Feature","properties":{"c":"815880","o":"","e":""},"geometry":{"type":"Polygon","coordinates":[[[-93.125,49.1375],[-93.125,49.14167],[-93.11875,49.14167],[-93.11875,49.1375],[-93.125,49.1375]]]}},{"type":"Feature","properties":{"c":"815812","o":"","e":""},"geometry":{"type":"Polygon","coordinates":[[[-93.15625,49.1125],[-93.15625,49.11667],[-93.15,49.11667],[-93.15,49.1125],[-93.15625,49.1125]]]}},{"type":"Feature","properties":{"c":"815819","o":"","e":""},"geometry":{"type":"Polygon","coordinates":[[[-93.15625,49.11667],[-93.15625,49.12083],[-93.15,49.12083],[-93.15,49.11667],[-93.15625,49.11667]]]}},{"type":"Feature","properties":{"c":"237017","o":"","e":""},"geometry":{"type":"Polygon","coordinates":[[[-93.40625,49.15417],[-93.40625,49.15833],[-93.4,49.15833],[-93.4,49.15417],[-93.40625,49.15417]]]}},{"type":"Feature","properties":{"c":"734772","o":"","e":""},"geometry":{"type":"Polygon","coordinates":[[[-93.05,49.1],[-93.05,49.10417],[-93.04375,49.10417],[-93.04375,49.1],[-93.05,49.1]]]}},{"type":"Feature","properties":{"c":"815837","o":"","e":""},"geometry":{"type":"Polygon","coordinates":[[[-93.14375,49.12917],[-93.14375,49.13333],[-93.1375,49.13333],[-93.1375,49.12917],[-93.14375,49.12917]]]}},{"type":"Feature","properties":{"c":"816171","o":"","e":""},"geometry":{"type":"Polygon","coordinates":[[[-93.0375,49.175],[-93.0375,49.17917],[-93.03125,49.17917],[-93.03125,49.175],[-93.0375,49.175]]]}},{"type":"Feature","properties":{"c":"816216","o":"","e":""},"geometry":{"type":"Polygon","coordinates":[[[-93.03125,49.20417],[-93.03125,49.20833],[-93.025,49.20833],[-93.025,49.20417],[-93.03125,49.20417]]]}},{"type":"Feature","properties":{"c":"734766","o":"","e":""},"geometry":{"type":"Polygon","coordinates":[[[-93.0625,49.1],[-93.0625,49.10417],[-93.05625,49.10417],[-93.05625,49.1],[-93.0625,49.1]]]}},{"type":"Feature","properties":{"c":"813596","o":"","e":""},"geometry":{"type":"Polygon","coordinates":[[[-93.06875,49.10833],[-93.06875,49.1125],[-93.0625,49.1125],[-93.0625,49.10833],[-93.06875,49.10833]]]}},{"type":"Feature","properties":{"c":"813660","o":"","e":""},"geometry":{"type":"Polygon","coordinates":[[[-93.00625,49.1375],[-93.00625,49.14167],[-93.0,49.14167],[-93.0,49.1375],[-93.00625,49.1375]]]}},{"type":"Feature","properties":{"c":"818448","o":"","e":""},"geometry":{"type":"Polygon","coordinates":[[[-93.00625,49.2],[-93.00625,49.20417],[-93.0,49.20417],[-93.0,49.2],[-93.00625,49.2]]]}},{"type":"Feature","properties":{"c":"1007350","o":"","e":""},"geometry":{"type":"Polygon","coordinates":[[[-93.2375,49.32917],[-93.2375,49.33333],[-93.2375,49.3375],[-93.2375,49.34167],[-93.2375,49.34583],[-93.2375,49.35],[-93.2375,49.35417],[-93.2375,49.35833],[-93.2375,49.3625],[-93.2375,49.36667],[-93.2375,49.37083],[-93.23125,49.37083],[-93.23125,49.36667],[-93.23125,49.3625],[-93.23125,49.35833],[-93.23125,49.35417],[-93.23125,49.35],[-93.23125,49.34583],[-93.23125,49.34167],[-93.23125,49.3375],[-93.23125,49.33333],[-93.23125,49.32917],[-93.23125,49.325],[-93.225,49.325],[-93.21875,49.325],[-93.2125,49.325],[-93.20625,49.325],[-93.2,49.325],[-93.19375,49.325],[-93.1875,49.325],[-93.18125,49.325],[-93.175,49.325],[-93.16875,49.325],[-93.1625,49.325],[-93.15625,49.325],[-93.15,49.325],[-93.15,49.32083],[-93.15625,49.32083],[-93.1625,49.32083],[-93.16875,49.32083],[-93.175,49.32083],[-93.18125,49.32083],[-93.1875,49.32083],[-93.19375,49.32083],[-93.2,49.32083],[-93.20625,49.32083],[-93.2125,49.32083],[-93.21875,49.32083],[-93.225,49.32083],[-93.23125,49.32083],[-93.2375,49.32083],[-93.2375,49.325],[-93.2375,49.32917]]]}},{"type":"Feature","properties":{"c":"1007352","o":"","e":""},"geometry":{"type":"Polygon","coordinates":[[[-93.1,49.25],[-93.1,49.25417],[-93.09375,49.25417],[-93.0875,49.25417],[-93.08125,49.25417],[-93.075,49.25417],[-93.06875,49.25417],[-93.0625,49.25417],[-93.05625,49.25417],[-93.05625,49.25],[-93.05625,49.24583],[-93.05625,49.24167],[-93.05,49.24167],[-93.05,49.2375],[-93.05625,49.2375],[-93.0625,49.2375],[-93.0625,49.24167],[-93.0625,49.24583],[-93.0625,49.25],[-93.06875,49.25],[-93.075,49.25],[-93.08125,49.25],[-93.0875,49.25],[-93.09375,49.25],[-93.1,49.25]]]}},{"type":"Feature","properties":{"c":"1047672","o":"","e":""},"geometry":{"type":"Polygon","coordinates":[[[-93.10625,49.29583],[-93.10625,49.3],[-93.1,49.3],[-93.1,49.29583],[-93.10625,49.29583]]]}},{"type":"Feature","properties":{"c":"1047667","o":"","e":""},"geometry":{"type":"Polygon","coordinates":[[[-93.125,49.27917],[-93.125,49.28333],[-93.11875,49.28333],[-93.11875,49.27917],[-93.125,49.27917]]]}},{"type":"Feature","properties":{"c":"1047668","o":"","e":""},"geometry":{"type":"Polygon","coordinates":[[[-93.10625,49.2875],[-93.10625,49.29167],[-93.1,49.29167],[-93.1,49.2875],[-93.10625,49.2875]]]}},{"type":"Feature","properties":{"c":"1047669","o":"","e":""},"geometry":{"type":"Polygon","coordinates":[[[-93.10625,49.29167],[-93.10625,49.29583],[-93.1,49.29583],[-93.1,49.29167],[-93.10625,49.29167]]]}},{"type":"Feature","properties":{"c":"1047670","o":"","e":""},"geometry":{"type":"Polygon","coordinates":[[[-93.10625,49.3],[-93.10625,49.30417],[-93.1,49.30417],[-93.1,49.3],[-93.10625,49.3]]]}},{"type":"Feature","properties":{"c":"1047671","o":"","e":""},"geometry":{"type":"Polygon","coordinates":[[[-93.09375,49.30417],[-93.09375,49.30833],[-93.0875,49.30833],[-93.0875,49.30417],[-93.09375,49.30417]]]}},{"type":"Feature","properties":{"c":"242181","o":"","e":""},"geometry":{"type":"Polygon","coordinates":[[[-93.4,49.18333],[-93.4,49.1875],[-93.39375,49.1875],[-93.39375,49.18333],[-93.4,49.18333]]]}},{"type":"Feature","properties":{"c":"815831","o":"","e":""},"geometry":{"type":"Polygon","coordinates":[[[-93.15,49.125],[-93.15,49.12917],[-93.14375,49.12917],[-93.14375,49.125],[-93.15,49.125]]]}},{"type":"Feature","properties":{"c":"816193","o":"","e":""},"geometry":{"type":"Polygon","coordinates":[[[-93.03125,49.18333],[-93.03125,49.1875],[-93.025,49.1875],[-93.025,49.18333],[-93.03125,49.18333]]]}},{"type":"Feature","properties":{"c":"816264","o":"","e":""},"geometry":{"type":"Polygon","coordinates":[[[-93.10625,49.1125],[-93.10625,49.11667],[-93.1,49.11667],[-93.1,49.1125],[-93.10625,49.1125]]]}},{"type":"Feature","properties":{"c":"815798","o":"","e":""},"geometry":{"type":"Polygon","coordinates":[[[-93.15625,49.10417],[-93.15625,49.10833],[-93.15,49.10833],[-93.15,49.10417],[-93.15625,49.10417]]]}},{"type":"Feature","properties":{"c":"815824","o":"","e":""},"geometry":{"type":"Polygon","coordinates":[[[-93.1625,49.12083],[-93.1625,49.125],[-93.15625,49.125],[-93.15625,49.12083],[-93.1625,49.12083]]]}},{"type":"Feature","properties":{"c":"815832","o":"","e":""},"geometry":{"type":"Polygon","coordinates":[[[-93.14375,49.125],[-93.14375,49.12917],[-93.1375,49.12917],[-93.1375,49.125],[-93.14375,49.125]]]}},{"type":"Feature","properties":{"c":"813605","o":"","e":""},"geometry":{"type":"Polygon","coordinates":[[[-93.06875,49.11667],[-93.06875,49.12083],[-93.0625,49.12083],[-93.0625,49.11667],[-93.06875,49.11667]]]}},{"type":"Feature","properties":{"c":"815796","o":"","e":""},"geometry":{"type":"Polygon","coordinates":[[[-93.16875,49.10417],[-93.16875,49.10833],[-93.1625,49.10833],[-93.1625,49.10417],[-93.16875,49.10417]]]}},{"type":"Feature","properties":{"c":"816313","o":"","e":""},"geometry":{"type":"Polygon","coordinates":[[[-93.18125,49.11667],[-93.18125,49.12083],[-93.175,49.12083],[-93.175,49.11667],[-93.18125,49.11667]]]}},{"type":"Feature","properties":{"c":"815998","o":"","e":""},"geometry":{"type":"Polygon","coordinates":[[[-93.15,49.1],[-93.15,49.10417],[-93.14375,49.10417],[-93.14375,49.1],[-93.15,49.1]]]}},{"type":"Feature","properties":{"c":"813601","o":"","e":""},"geometry":{"type":"Polygon","coordinates":[[[-93.06875,49.12083],[-93.06875,49.125],[-93.0625,49.125],[-93.0625,49.12083],[-93.06875,49.12083]]]}},{"type":"Feature","properties":{"c":"815828","o":"","e":""},"geometry":{"type":"Polygon","coordinates":[[[-93.1375,49.12083],[-93.1375,49.125],[-93.13125,49.125],[-93.13125,49.12083],[-93.1375,49.12083]]]}},{"type":"Feature","properties":{"c":"816619","o":"","e":""},"geometry":{"type":"Polygon","coordinates":[[[-93.03125,49.22917],[-93.03125,49.23333],[-93.025,49.23333],[-93.025,49.22917],[-93.03125,49.22917]]]}},{"type":"Feature","properties":{"c":"730338","o":"","e":""},"geometry":{"type":"Polygon","coordinates":[[[-93.0375,49.125],[-93.0375,49.12917],[-93.03125,49.12917],[-93.03125,49.125],[-93.0375,49.125]]]}},{"type":"Feature","properties":{"c":"813599","o":"","e":""},"geometry":{"type":"Polygon","coordinates":[[[-93.06875,49.125],[-93.06875,49.12917],[-93.0625,49.12917],[-93.0625,49.125],[-93.06875,49.125]]]}},{"type":"Feature","properties":{"c":"720268","o":"","e":""},"geometry":{"type":"Polygon","coordinates":[[[-93.00625,49.13333],[-93.00625,49.1375],[-93.0,49.1375],[-93.0,49.13333],[-93.00625,49.13333]]]}},{"type":"Feature","properties":{"c":"916946","o":"","e":""},"geometry":{"type":"Polygon","coordinates":[[[-93.0375,49.20833],[-93.0375,49.2125],[-93.03125,49.2125],[-93.03125,49.20833],[-93.0375,49.20833]]]}},{"type":"Feature","properties":{"c":"822187","o":"","e":""},"geometry":{"type":"Polygon","coordinates":[[[-93.075,49.18333],[-93.075,49.1875],[-93.06875,49.1875],[-93.06875,49.18333],[-93.075,49.18333]]]}},{"type":"Feature","properties":{"c":"730362","o":"","e":""},"geometry":{"type":"Polygon","coordinates":[[[-93.025,49.15417],[-93.025,49.15833],[-93.01875,49.15833],[-93.01875,49.15417],[-93.025,49.15417]]]}},{"type":"Feature","properties":{"c":"730351","o":"","e":""},"geometry":{"type":"Polygon","coordinates":[[[-93.0375,49.15],[-93.0375,49.15417],[-93.03125,49.15417],[-93.03125,49.15],[-93.0375,49.15]]]}},{"type":"Feature","properties":{"c":"719999","o":"","e":""},"geometry":{"type":"Polygon","coordinates":[[[-93.0375,49.10833],[-93.0375,49.1125],[-93.03125,49.1125],[-93.03125,49.10833],[-93.0375,49.10833]]]}},{"type":"Feature","properties":{"c":"816229","o":"","e":""},"geometry":{"type":"Polygon","coordinates":[[[-93.09375,49.13333],[-93.09375,49.1375],[-93.0875,49.1375],[-93.0875,49.13333],[-93.09375,49.13333]]]}},{"type":"Feature","properties":{"c":"816244","o":"","e":""},"geometry":{"type":"Polygon","coordinates":[[[-93.0875,49.125],[-93.0875,49.12917],[-93.08125,49.12917],[-93.08125,49.125],[-93.0875,49.125]]]}},{"type":"Feature","properties":{"c":"816623","o":"","e":""},"geometry":{"type":"Polygon","coordinates":[[[-93.00625,49.22917],[-93.00625,49.23333],[-93.0,49.23333],[-93.0,49.22917],[-93.00625,49.22917]]]}},{"type":"Feature","properties":{"c":"816027","o":"","e":""},"geometry":{"type":"Polygon","coordinates":[[[-93.11875,49.1125],[-93.11875,49.11667],[-93.1125,49.11667],[-93.1125,49.1125],[-93.11875,49.1125]]]}},{"type":"Feature","properties":{"c":"730691","o":"","e":""},"geometry":{"type":"Polygon","coordinates":[[[-93.0625,49.12917],[-93.0625,49.13333],[-93.05625,49.13333],[-93.05625,49.12917],[-93.0625,49.12917]]]}},{"type":"Feature","properties":{"c":"816620","o":"","e":""},"geometry":{"type":"Polygon","coordinates":[[[-93.025,49.22917],[-93.025,49.23333],[-93.01875,49.23333],[-93.01875,49.22917],[-93.025,49.22917]]]}},{"type":"Feature","properties":{"c":"815830","o":"","e":""},"geometry":{"type":"Polygon","coordinates":[[[-93.15625,49.125],[-93.15625,49.12917],[-93.15,49.12917],[-93.15,49.125],[-93.15625,49.125]]]}},{"type":"Feature","properties":{"c":"822224","o":"","e":""},"geometry":{"type":"Polygon","coordinates":[[[-93.09375,49.17083],[-93.09375,49.175],[-93.0875,49.175],[-93.0875,49.17083],[-93.09375,49.17083]]]}},{"type":"Feature","properties":{"c":"815804","o":"","e":""},"geometry":{"type":"Polygon","coordinates":[[[-93.1625,49.10833],[-93.1625,49.1125],[-93.15625,49.1125],[-93.15625,49.10833],[-93.1625,49.10833]]]}},{"type":"Feature","properties":{"c":"813563","o":"","e":""},"geometry":{"type":"Polygon","coordinates":[[[-93.06875,49.10417],[-93.06875,49.10833],[-93.0625,49.10833],[-93.0625,49.10417],[-93.06875,49.10417]]]}},{"type":"Feature","properties":{"c":"815829","o":"","e":""},"geometry":{"type":"Polygon","coordinates":[[[-93.1625,49.125],[-93.1625,49.12917],[-93.15625,49.12917],[-93.15625,49.125],[-93.1625,49.125]]]}},{"type":"Feature","properties":{"c":"815803","o":"","e":""},"geometry":{"type":"Polygon","coordinates":[[[-93.125,49.10417],[-93.125,49.10833],[-93.11875,49.10833],[-93.11875,49.10417],[-93.125,49.10417]]]}},{"type":"Feature","properties":{"c":"815802","o":"","e":""},"geometry":{"type":"Polygon","coordinates":[[[-93.13125,49.10417],[-93.13125,49.10833],[-93.125,49.10833],[-93.125,49.10417],[-93.13125,49.10417]]]}},{"type":"Feature","properties":{"c":"816237","o":"","e":""},"geometry":{"type":"Polygon","coordinates":[[[-93.0875,49.12917],[-93.0875,49.13333],[-93.08125,49.13333],[-93.08125,49.12917],[-93.0875,49.12917]]]}},{"type":"Feature","properties":{"c":"815818","o":"","e":""},"geometry":{"type":"Polygon","coordinates":[[[-93.1625,49.11667],[-93.1625,49.12083],[-93.15625,49.12083],[-93.15625,49.11667],[-93.1625,49.11667]]]}},{"type":"Feature","properties":{"c":"760948","o":"","e":""},"geometry":{"type":"Polygon","coordinates":[[[-93.04375,49.1125],[-93.04375,49.11667],[-93.0375,49.11667],[-93.0375,49.1125],[-93.04375,49.1125]]]}},{"type":"Feature","properties":{"c":"816303","o":"","e":""},"geometry":{"type":"Polygon","coordinates":[[[-93.1875,49.1125],[-93.1875,49.11667],[-93.18125,49.11667],[-93.18125,49.1125],[-93.1875,49.1125]]]}},{"type":"Feature","properties":{"c":"816184","o":"","e":""},"geometry":{"type":"Polygon","coordinates":[[[-93.0625,49.18333],[-93.0625,49.1875],[-93.05625,49.1875],[-93.05625,49.18333],[-93.0625,49.18333]]]}},{"type":"Feature","properties":{"c":"816020","o":"","e":""},"geometry":{"type":"Polygon","coordinates":[[[-93.1125,49.10833],[-93.1125,49.1125],[-93.10625,49.1125],[-93.10625,49.10833],[-93.1125,49.10833]]]}},{"type":"Feature","properties":{"c":"815866","o":"","e":""},"geometry":{"type":"Polygon","coordinates":[[[-93.09375,49.14583],[-93.09375,49.15],[-93.0875,49.15],[-93.0875,49.14583],[-93.09375,49.14583]]]}},{"type":"Feature","properties":{"c":"815822","o":"","e":""},"geometry":{"type":"Polygon","coordinates":[[[-93.1375,49.11667],[-93.1375,49.12083],[-93.13125,49.12083],[-93.13125,49.11667],[-93.1375,49.11667]]]}},{"type":"Feature","properties":{"c":"734767","o":"","e":""},"geometry":{"type":"Polygon","coordinates":[[[-93.05,49.10417],[-93.05,49.10833],[-93.04375,49.10833],[-93.04375,49.10417],[-93.05,49.10417]]]}},{"type":"Feature","properties":{"c":"760940","o":"","e":""},"geometry":{"type":"Polygon","coordinates":[[[-93.03125,49.11667],[-93.03125,49.12083],[-93.025,49.12083],[-93.025,49.11667],[-93.03125,49.11667]]]}},{"type":"Feature","properties":{"c":"816073","o":"","e":""},"geometry":{"type":"Polygon","coordinates":[[[-93.08125,49.17917],[-93.08125,49.18333],[-93.075,49.18333],[-93.075,49.17917],[-93.08125,49.17917]]]}},{"type":"Feature","properties":{"c":"816069","o":"","e":""},"geometry":{"type":"Polygon","coordinates":[[[-93.0875,49.175],[-93.0875,49.17917],[-93.08125,49.17917],[-93.08125,49.175],[-93.0875,49.175]]]}},{"type":"Feature","properties":{"c":"730358","o":"","e":""},"geometry":{"type":"Polygon","coordinates":[[[-93.01875,49.15],[-93.01875,49.15417],[-93.0125,49.15417],[-93.0125,49.15],[-93.01875,49.15]]]}},{"type":"Feature","properties":{"c":"815881","o":"","e":""},"geometry":{"type":"Polygon","coordinates":[[[-93.11875,49.1375],[-93.11875,49.14167],[-93.1125,49.14167],[-93.1125,49.1375],[-93.11875,49.1375]]]}},{"type":"Feature","properties":{"c":"815826","o":"","e":""},"geometry":{"type":"Polygon","coordinates":[[[-93.15,49.12083],[-93.15,49.125],[-93.14375,49.125],[-93.14375,49.12083],[-93.15,49.12083]]]}},{"type":"Feature","properties":{"c":"816204","o":"","e":""},"geometry":{"type":"Polygon","coordinates":[[[-93.05,49.19583],[-93.05,49.2],[-93.04375,49.2],[-93.04375,49.19583],[-93.05,49.19583]]]}},{"type":"Feature","properties":{"c":"818436","o":"","e":""},"geometry":{"type":"Polygon","coordinates":[[[-93.01875,49.1875],[-93.01875,49.19167],[-93.0125,49.19167],[-93.0125,49.1875],[-93.01875,49.1875]]]}},{"type":"Feature","properties":{"c":"816057","o":"","e":""},"geometry":{"type":"Polygon","coordinates":[[[-93.05625,49.16667],[-93.05625,49.17083],[-93.05,49.17083],[-93.05,49.16667],[-93.05625,49.16667]]]}},{"type":"Feature","properties":{"c":"815821","o":"","e":""},"geometry":{"type":"Polygon","coordinates":[[[-93.14375,49.11667],[-93.14375,49.12083],[-93.1375,49.12083],[-93.1375,49.11667],[-93.14375,49.11667]]]}},{"type":"Feature","properties":{"c":"818435","o":"","e":""},"geometry":{"type":"Polygon","coordinates":[[[-93.025,49.1875],[-93.025,49.19167],[-93.01875,49.19167],[-93.01875,49.1875],[-93.025,49.1875]]]}},{"type":"Feature","properties":{"c":"815846","o":"","e":""},"geometry":{"type":"Polygon","coordinates":[[[-93.1125,49.15833],[-93.1125,49.1625],[-93.10625,49.1625],[-93.10625,49.15833],[-93.1125,49.15833]]]}},{"type":"Feature","properties":{"c":"730322","o":"","e":""},"geometry":{"type":"Polygon","coordinates":[[[-93.04375,49.125],[-93.04375,49.12917],[-93.0375,49.12917],[-93.0375,49.125],[-93.04375,49.125]]]}},{"type":"Feature","properties":{"c":"822223","o":"","e":""},"geometry":{"type":"Polygon","coordinates":[[[-93.11875,49.15],[-93.11875,49.15417],[-93.1125,49.15417],[-93.1125,49.15],[-93.11875,49.15]]]}},{"type":"Feature","properties":{"c":"815815","o":"","e":""},"geometry":{"type":"Polygon","coordinates":[[[-93.1375,49.1125],[-93.1375,49.11667],[-93.13125,49.11667],[-93.13125,49.1125],[-93.1375,49.1125]]]}},{"type":"Feature","properties":{"c":"242982","o":"","e":""},"geometry":{"type":"Polygon","coordinates":[[[-93.49375,49.2],[-93.49375,49.20417],[-93.4875,49.20417],[-93.4875,49.2],[-93.49375,49.2]]]}},{"type":"Feature","properties":{"c":"818424","o":"","e":""},"geometry":{"type":"Polygon","coordinates":[[[-93.03125,49.17917],[-93.03125,49.18333],[-93.025,49.18333],[-93.025,49.17917],[-93.03125,49.17917]]]}},{"type":"Feature","properties":{"c":"818445","o":"","e":""},"geometry":{"type":"Polygon","coordinates":[[[-93.00625,49.19583],[-93.00625,49.2],[-93.0,49.2],[-93.0,49.19583],[-93.00625,49.19583]]]}},{"type":"Feature","properties":{"c":"815884","o":"","e":""},"geometry":{"type":"Polygon","coordinates":[[[-93.1,49.1375],[-93.1,49.14167],[-93.09375,49.14167],[-93.09375,49.1375],[-93.1,49.1375]]]}},{"type":"Feature","properties":{"c":"815868","o":"","e":""},"geometry":{"type":"Polygon","coordinates":[[[-93.08125,49.14583],[-93.08125,49.15],[-93.075,49.15],[-93.075,49.14583],[-93.08125,49.14583]]]}},{"type":"Feature","properties":{"c":"815876","o":"","e":""},"geometry":{"type":"Polygon","coordinates":[[[-93.0875,49.14167],[-93.0875,49.14583],[-93.08125,49.14583],[-93.08125,49.14167],[-93.0875,49.14167]]]}},{"type":"Feature","properties":{"c":"816208","o":"","e":""},"geometry":{"type":"Polygon","coordinates":[[[-93.025,49.19583],[-93.025,49.2],[-93.01875,49.2],[-93.01875,49.19583],[-93.025,49.19583]]]}},{"type":"Feature","properties":{"c":"816031","o":"","e":""},"geometry":{"type":"Polygon","coordinates":[[[-93.06875,49.15417],[-93.06875,49.15833],[-93.0625,49.15833],[-93.0625,49.15417],[-93.06875,49.15417]]]}},{"type":"Feature","properties":{"c":"813558","o":"","e":""},"geometry":{"type":"Polygon","coordinates":[[[-93.05625,49.09583],[-93.05625,49.1],[-93.05,49.1],[-93.05,49.09583],[-93.05625,49.09583]]]}},{"type":"Feature","properties":{"c":"816210","o":"","e":""},"geometry":{"type":"Polygon","coordinates":[[[-93.04375,49.2],[-93.04375,49.20417],[-93.0375,49.20417],[-93.0375,49.2],[-93.04375,49.2]]]}},{"type":"Feature","properties":{"c":"818419","o":"","e":""},"geometry":{"type":"Polygon","coordinates":[[[-93.03125,49.175],[-93.03125,49.17917],[-93.025,49.17917],[-93.025,49.175],[-93.03125,49.175]]]}},{"type":"Feature","properties":{"c":"813589","o":"","e":""},"geometry":{"type":"Polygon","coordinates":[[[-93.05,49.09167],[-93.05,49.09583],[-93.04375,49.09583],[-93.04375,49.09167],[-93.05,49.09167]]]}},{"type":"Feature","properties":{"c":"900781","o":"","e":""},"geometry":{"type":"Polygon","coordinates":[[[-93.0625,49.19167],[-93.0625,49.19583],[-93.05625,49.19583],[-93.05625,49.19167],[-93.0625,49.19167]]]}},{"type":"Feature","properties":{"c":"900783","o":"","e":""},"geometry":{"type":"Polygon","coordinates":[[[-93.05625,49.19583],[-93.05625,49.2],[-93.05,49.2],[-93.05,49.19583],[-93.05625,49.19583]]]}},{"type":"Feature","properties":{"c":"815984","o":"","e":""},"geometry":{"type":"Polygon","coordinates":[[[-93.15,49.09583],[-93.15,49.1],[-93.14375,49.1],[-93.14375,49.09583],[-93.15,49.09583]]]}},{"type":"Feature","properties":{"c":"816209","o":"","e":""},"geometry":{"type":"Polygon","coordinates":[[[-93.05,49.2],[-93.05,49.20417],[-93.04375,49.20417],[-93.04375,49.2],[-93.05,49.2]]]}},{"type":"Feature","properties":{"c":"242915","o":"","e":""},"geometry":{"type":"Polygon","coordinates":[[[-93.4,49.14167],[-93.4,49.14583],[-93.39375,49.14583],[-93.39375,49.14167],[-93.4,49.14167]]]}},{"type":"Feature","properties":{"c":"242916","o":"","e":""},"geometry":{"type":"Polygon","coordinates":[[[-93.4125,49.14167],[-93.4125,49.14583],[-93.40625,49.14583],[-93.40625,49.14167],[-93.4125,49.14167]]]}},{"type":"Feature","properties":{"c":"816238","o":"","e":""},"geometry":{"type":"Polygon","coordinates":[[[-93.08125,49.12917],[-93.08125,49.13333],[-93.075,49.13333],[-93.075,49.12917],[-93.08125,49.12917]]]}},{"type":"Feature","properties":{"c":"816261","o":"","e":""},"geometry":{"type":"Polygon","coordinates":[[[-93.08125,49.11667],[-93.08125,49.12083],[-93.075,49.12083],[-93.075,49.11667],[-93.08125,49.11667]]]}},{"type":"Feature","properties":{"c":"816267","o":"","e":""},"geometry":{"type":"Polygon","coordinates":[[[-93.0875,49.1125],[-93.0875,49.11667],[-93.08125,49.11667],[-93.08125,49.1125],[-93.0875,49.1125]]]}},{"type":"Feature","properties":{"c":"822836","o":"","e":""},"geometry":{"type":"Polygon","coordinates":[[[-93.06875,49.06667],[-93.06875,49.07083],[-93.0625,49.07083],[-93.0625,49.06667],[-93.06875,49.06667]]]}},{"type":"Feature","properties":{"c":"760949","o":"","e":""},"geometry":{"type":"Polygon","coordinates":[[[-93.03125,49.10417],[-93.03125,49.10833],[-93.025,49.10833],[-93.025,49.10417],[-93.03125,49.10417]]]}},{"type":"Feature","properties":{"c":"813610","o":"","e":""},"geometry":{"type":"Polygon","coordinates":[[[-93.05625,49.075],[-93.05625,49.07917],[-93.05,49.07917],[-93.05,49.075],[-93.05625,49.075]]]}},{"type":"Feature","properties":{"c":"813606","o":"","e":""},"geometry":{"type":"Polygon","coordinates":[[[-93.06875,49.1375],[-93.06875,49.14167],[-93.0625,49.14167],[-93.0625,49.1375],[-93.06875,49.1375]]]}},{"type":"Feature","properties":{"c":"813568","o":"","e":""},"geometry":{"type":"Polygon","coordinates":[[[-93.04375,49.09583],[-93.04375,49.1],[-93.0375,49.1],[-93.0375,49.09583],[-93.04375,49.09583]]]}},{"type":"Feature","properties":{"c":"813597","o":"","e":""},"geometry":{"type":"Polygon","coordinates":[[[-93.0625,49.14167],[-93.0625,49.14583],[-93.05625,49.14583],[-93.05625,49.14167],[-93.0625,49.14167]]]}},{"type":"Feature","properties":{"c":"815877","o":"","e":""},"geometry":{"type":"Polygon","coordinates":[[[-93.08125,49.14167],[-93.08125,49.14583],[-93.075,49.14583],[-93.075,49.14167],[-93.08125,49.14167]]]}},{"type":"Feature","properties":{"c":"815886","o":"","e":""},"geometry":{"type":"Polygon","coordinates":[[[-93.0875,49.1375],[-93.0875,49.14167],[-93.08125,49.14167],[-93.08125,49.1375],[-93.0875,49.1375]]]}},{"type":"Feature","properties":{"c":"816258","o":"","e":""},"geometry":{"type":"Polygon","coordinates":[[[-93.1,49.11667],[-93.1,49.12083],[-93.09375,49.12083],[-93.09375,49.11667],[-93.1,49.11667]]]}},{"type":"Feature","properties":{"c":"760942","o":"","e":""},"geometry":{"type":"Polygon","coordinates":[[[-93.0125,49.10417],[-93.0125,49.10833],[-93.00625,49.10833],[-93.00625,49.10417],[-93.0125,49.10417]]]}},{"type":"Feature","properties":{"c":"720002","o":"","e":""},"geometry":{"type":"Polygon","coordinates":[[[-93.01875,49.1125],[-93.01875,49.11667],[-93.0125,49.11667],[-93.0125,49.1125],[-93.01875,49.1125]]]}},{"type":"Feature","properties":{"c":"813653","o":"","e":""},"geometry":{"type":"Polygon","coordinates":[[[-93.0625,49.07083],[-93.0625,49.075],[-93.05625,49.075],[-93.05625,49.07083],[-93.0625,49.07083]]]}},{"type":"Feature","properties":{"c":"244816","o":"","e":""},"geometry":{"type":"Polygon","coordinates":[[[-93.35,49.20833],[-93.35,49.2125],[-93.34375,49.2125],[-93.34375,49.20833],[-93.35,49.20833]]]}},{"type":"Feature","properties":{"c":"244817","o":"","e":""},"geometry":{"type":"Polygon","coordinates":[[[-93.35,49.20417],[-93.35,49.20833],[-93.34375,49.20833],[-93.34375,49.20417],[-93.35,49.20417]]]}},{"type":"Feature","properties":{"c":"813611","o":"","e":""},"geometry":{"type":"Polygon","coordinates":[[[-93.05,49.07917],[-93.05,49.08333],[-93.04375,49.08333],[-93.04375,49.07917],[-93.05,49.07917]]]}},{"type":"Feature","properties":{"c":"813626","o":"","e":""},"geometry":{"type":"Polygon","coordinates":[[[-93.03125,49.07917],[-93.03125,49.08333],[-93.025,49.08333],[-93.025,49.07917],[-93.03125,49.07917]]]}},{"type":"Feature","properties":{"c":"813584","o":"","e":""},"geometry":{"type":"Polygon","coordinates":[[[-93.0375,49.0875],[-93.0375,49.09167],[-93.03125,49.09167],[-93.03125,49.0875],[-93.0375,49.0875]]]}},{"type":"Feature","properties":{"c":"900787","o":"","e":""},"geometry":{"type":"Polygon","coordinates":[[[-93.04375,49.20417],[-93.04375,49.20833],[-93.0375,49.20833],[-93.0375,49.20417],[-93.04375,49.20417]]]}},{"type":"Feature","properties":{"c":"815980","o":"","e":""},"geometry":{"type":"Polygon","coordinates":[[[-93.03125,49.06667],[-93.03125,49.07083],[-93.025,49.07083],[-93.025,49.06667],[-93.03125,49.06667]]]}},{"type":"Feature","properties":{"c":"816014","o":"","e":""},"geometry":{"type":"Polygon","coordinates":[[[-93.1,49.10417],[-93.1,49.10833],[-93.09375,49.10833],[-93.09375,49.10417],[-93.1,49.10417]]]}},{"type":"Feature","properties":{"c":"816005","o":"","e":""},"geometry":{"type":"Polygon","coordinates":[[[-93.10625,49.1],[-93.10625,49.10417],[-93.1,49.10417],[-93.1,49.1],[-93.10625,49.1]]]}},{"type":"Feature","properties":{"c":"816032","o":"","e":""},"geometry":{"type":"Polygon","coordinates":[[[-93.0625,49.15417],[-93.0625,49.15833],[-93.05625,49.15833],[-93.05625,49.15417],[-93.0625,49.15417]]]}},{"type":"Feature","properties":{"c":"816040","o":"","e":""},"geometry":{"type":"Polygon","coordinates":[[[-93.05625,49.15833],[-93.05625,49.1625],[-93.05,49.1625],[-93.05,49.15833],[-93.05625,49.15833]]]}},{"type":"Feature","properties":{"c":"816076","o":"","e":""},"geometry":{"type":"Polygon","coordinates":[[[-93.025,49.07083],[-93.025,49.075],[-93.01875,49.075],[-93.01875,49.07083],[-93.025,49.07083]]]}},{"type":"Feature","properties":{"c":"760944","o":"","e":""},"geometry":{"type":"Polygon","coordinates":[[[-93.00625,49.10833],[-93.00625,49.1125],[-93.0,49.1125],[-93.0,49.10833],[-93.00625,49.10833]]]}},{"type":"Feature","properties":{"c":"720000","o":"","e":""},"geometry":{"type":"Polygon","coordinates":[[[-93.025,49.10833],[-93.025,49.1125],[-93.01875,49.1125],[-93.01875,49.10833],[-93.025,49.10833]]]}},{"type":"Feature","properties":{"c":"730361","o":"","e":""},"geometry":{"type":"Polygon","coordinates":[[[-93.03125,49.15417],[-93.03125,49.15833],[-93.025,49.15833],[-93.025,49.15417],[-93.03125,49.15417]]]}},{"type":"Feature","properties":{"c":"760954","o":"","e":""},"geometry":{"type":"Polygon","coordinates":[[[-93.04375,49.10417],[-93.04375,49.10833],[-93.0375,49.10833],[-93.0375,49.10417],[-93.04375,49.10417]]]}},{"type":"Feature","properties":{"c":"813664","o":"","e":""},"geometry":{"type":"Polygon","coordinates":[[[-93.00625,49.14167],[-93.00625,49.14583],[-93.0,49.14583],[-93.0,49.14167],[-93.00625,49.14167]]]}},{"type":"Feature","properties":{"c":"760937","o":"","e":""},"geometry":{"type":"Polygon","coordinates":[[[-93.03125,49.1125],[-93.03125,49.11667],[-93.025,49.11667],[-93.025,49.1125],[-93.03125,49.1125]]]}},{"type":"Feature","properties":{"c":"760941","o":"","e":""},"geometry":{"type":"Polygon","coordinates":[[[-93.01875,49.12083],[-93.01875,49.125],[-93.0125,49.125],[-93.0125,49.12083],[-93.01875,49.12083]]]}},{"type":"Feature","properties":{"c":"818441","o":"","e":""},"geometry":{"type":"Polygon","coordinates":[[[-93.0125,49.19167],[-93.0125,49.19583],[-93.00625,49.19583],[-93.00625,49.19167],[-93.0125,49.19167]]]}},{"type":"Feature","properties":{"c":"813642","o":"","e":""},"geometry":{"type":"Polygon","coordinates":[[[-93.04375,49.08333],[-93.04375,49.0875],[-93.0375,49.0875],[-93.0375,49.08333],[-93.04375,49.08333]]]}},{"type":"Feature","properties":{"c":"813627","o":"","e":""},"geometry":{"type":"Polygon","coordinates":[[[-93.025,49.08333],[-93.025,49.0875],[-93.01875,49.0875],[-93.01875,49.08333],[-93.025,49.08333]]]}},{"type":"Feature","properties":{"c":"813628","o":"","e":""},"geometry":{"type":"Polygon","coordinates":[[[-93.01875,49.075],[-93.01875,49.07917],[-93.0125,49.07917],[-93.0125,49.075],[-93.01875,49.075]]]}},{"type":"Feature","properties":{"c":"813632","o":"","e":""},"geometry":{"type":"Polygon","coordinates":[[[-93.0375,49.075],[-93.0375,49.07917],[-93.03125,49.07917],[-93.03125,49.075],[-93.0375,49.075]]]}},{"type":"Feature","properties":{"c":"813595","o":"","e":""},"geometry":{"type":"Polygon","coordinates":[[[-93.01875,49.0875],[-93.01875,49.09167],[-93.0125,49.09167],[-93.0125,49.0875],[-93.01875,49.0875]]]}},{"type":"Feature","properties":{"c":"815987","o":"","e":""},"geometry":{"type":"Polygon","coordinates":[[[-93.13125,49.09583],[-93.13125,49.1],[-93.125,49.1],[-93.125,49.09583],[-93.13125,49.09583]]]}},{"type":"Feature","properties":{"c":"816002","o":"","e":""},"geometry":{"type":"Polygon","coordinates":[[[-93.125,49.1],[-93.125,49.10417],[-93.11875,49.10417],[-93.11875,49.1],[-93.125,49.1]]]}},{"type":"Feature","properties":{"c":"816023","o":"","e":""},"geometry":{"type":"Polygon","coordinates":[[[-93.09375,49.10833],[-93.09375,49.1125],[-93.0875,49.1125],[-93.0875,49.10833],[-93.09375,49.10833]]]}},{"type":"Feature","properties":{"c":"816049","o":"","e":""},"geometry":{"type":"Polygon","coordinates":[[[-93.05,49.1625],[-93.05,49.16667],[-93.04375,49.16667],[-93.04375,49.1625],[-93.05,49.1625]]]}},{"type":"Feature","properties":{"c":"718774","o":"","e":""},"geometry":{"type":"Polygon","coordinates":[[[-93.00625,49.12083],[-93.00625,49.125],[-93.0,49.125],[-93.0,49.12083],[-93.00625,49.12083]]]}},{"type":"Feature","properties":{"c":"816232","o":"","e":""},"geometry":{"type":"Polygon","coordinates":[[[-93.075,49.13333],[-93.075,49.1375],[-93.06875,49.1375],[-93.06875,49.13333],[-93.075,49.13333]]]}},{"type":"Feature","properties":{"c":"818430","o":"","e":""},"geometry":{"type":"Polygon","coordinates":[[[-93.025,49.18333],[-93.025,49.1875],[-93.01875,49.1875],[-93.01875,49.18333],[-93.025,49.18333]]]}},{"type":"Feature","properties":{"c":"815862","o":"","e":""},"geometry":{"type":"Polygon","coordinates":[[[-93.11875,49.14583],[-93.11875,49.15],[-93.1125,49.15],[-93.1125,49.14583],[-93.11875,49.14583]]]}},{"type":"Feature","properties":{"c":"816194","o":"","e":""},"geometry":{"type":"Polygon","coordinates":[[[-93.05625,49.1875],[-93.05625,49.19167],[-93.05,49.19167],[-93.05,49.1875],[-93.05625,49.1875]]]}},{"type":"Feature","properties":{"c":"813662","o":"","e":""},"geometry":{"type":"Polygon","coordinates":[[[-93.0125,49.14583],[-93.0125,49.15],[-93.00625,49.15],[-93.00625,49.14583],[-93.0125,49.14583]]]}},{"type":"Feature","properties":{"c":"815885","o":"","e":""},"geometry":{"type":"Polygon","coordinates":[[[-93.09375,49.1375],[-93.09375,49.14167],[-93.0875,49.14167],[-93.0875,49.1375],[-93.09375,49.1375]]]}},{"type":"Feature","properties":{"c":"815794","o":"","e":""},"geometry":{"type":"Polygon","coordinates":[[[-93.18125,49.10417],[-93.18125,49.10833],[-93.175,49.10833],[-93.175,49.10417],[-93.18125,49.10417]]]}},{"type":"Feature","properties":{"c":"760951","o":"","e":""},"geometry":{"type":"Polygon","coordinates":[[[-93.01875,49.1],[-93.01875,49.10417],[-93.0125,49.10417],[-93.0125,49.1],[-93.01875,49.1]]]}},{"type":"Feature","properties":{"c":"813580","o":"","e":""},"geometry":{"type":"Polygon","coordinates":[[[-93.025,49.09583],[-93.025,49.1],[-93.01875,49.1],[-93.01875,49.09583],[-93.025,49.09583]]]}},{"type":"Feature","properties":{"c":"815990","o":"","e":""},"geometry":{"type":"Polygon","coordinates":[[[-93.1125,49.09583],[-93.1125,49.1],[-93.10625,49.1],[-93.10625,49.09583],[-93.1125,49.09583]]]}},{"type":"Feature","properties":{"c":"815860","o":"","e":""},"geometry":{"type":"Polygon","coordinates":[[[-93.06875,49.15],[-93.06875,49.15417],[-93.0625,49.15417],[-93.0625,49.15],[-93.06875,49.15]]]}},{"type":"Feature","properties":{"c":"816302","o":"","e":""},"geometry":{"type":"Polygon","coordinates":[[[-93.19375,49.1125],[-93.19375,49.11667],[-93.1875,49.11667],[-93.1875,49.1125],[-93.19375,49.1125]]]}},{"type":"Feature","properties":{"c":"816312","o":"","e":""},"geometry":{"type":"Polygon","coordinates":[[[-93.1875,49.11667],[-93.1875,49.12083],[-93.18125,49.12083],[-93.18125,49.11667],[-93.1875,49.11667]]]}},{"type":"Feature","properties":{"c":"816059","o":"","e":""},"geometry":{"type":"Polygon","coordinates":[[[-93.04375,49.16667],[-93.04375,49.17083],[-93.0375,49.17083],[-93.0375,49.16667],[-93.04375,49.16667]]]}},{"type":"Feature","properties":{"c":"816068","o":"","e":""},"geometry":{"type":"Polygon","coordinates":[[[-93.0375,49.17083],[-93.0375,49.175],[-93.03125,49.175],[-93.03125,49.17083],[-93.0375,49.17083]]]}},{"type":"Feature","properties":{"c":"816254","o":"","e":""},"geometry":{"type":"Polygon","coordinates":[[[-93.075,49.12083],[-93.075,49.125],[-93.06875,49.125],[-93.06875,49.12083],[-93.075,49.12083]]]}},{"type":"Feature","properties":{"c":"813649","o":"","e":""},"geometry":{"type":"Polygon","coordinates":[[[-93.04375,49.07083],[-93.04375,49.075],[-93.0375,49.075],[-93.0375,49.07083],[-93.04375,49.07083]]]}},{"type":"Feature","properties":{"c":"815869","o":"","e":""},"geometry":{"type":"Polygon","coordinates":[[[-93.075,49.14583],[-93.075,49.15],[-93.06875,49.15],[-93.06875,49.14583],[-93.075,49.14583]]]}},{"type":"Feature","properties":{"c":"813574","o":"","e":""},"geometry":{"type":"Polygon","coordinates":[[[-93.03125,49.09167],[-93.03125,49.09583],[-93.025,49.09583],[-93.025,49.09167],[-93.03125,49.09167]]]}},{"type":"Feature","properties":{"c":"815977","o":"","e":""},"geometry":{"type":"Polygon","coordinates":[[[-93.05,49.06667],[-93.05,49.07083],[-93.04375,49.07083],[-93.04375,49.06667],[-93.05,49.06667]]]}},{"type":"Feature","properties":{"c":"719629","o":"","e":""},"geometry":{"type":"Polygon","coordinates":[[[-93.0125,49.11667],[-93.0125,49.12083],[-93.00625,49.12083],[-93.00625,49.11667],[-93.0125,49.11667]]]}},{"type":"Feature","properties":{"c":"815999","o":"","e":""},"geometry":{"type":"Polygon","coordinates":[[[-93.14375,49.1],[-93.14375,49.10417],[-93.1375,49.10417],[-93.1375,49.1],[-93.14375,49.1]]]}},{"type":"Feature","properties":{"c":"816017","o":"","e":""},"geometry":{"type":"Polygon","coordinates":[[[-93.08125,49.10417],[-93.08125,49.10833],[-93.075,49.10833],[-93.075,49.10417],[-93.08125,49.10417]]]}},{"type":"Feature","properties":{"c":"816008","o":"","e":""},"geometry":{"type":"Polygon","coordinates":[[[-93.0875,49.1],[-93.0875,49.10417],[-93.08125,49.10417],[-93.08125,49.1],[-93.0875,49.1]]]}},{"type":"Feature","properties":{"c":"816628","o":"","e":""},"geometry":{"type":"Polygon","coordinates":[[[-93.01875,49.23333],[-93.01875,49.2375],[-93.0125,49.2375],[-93.0125,49.23333],[-93.01875,49.23333]]]}},{"type":"Feature","properties":{"c":"818431","o":"","e":""},"geometry":{"type":"Polygon","coordinates":[[[-93.01875,49.18333],[-93.01875,49.1875],[-93.0125,49.1875],[-93.0125,49.18333],[-93.01875,49.18333]]]}},{"type":"Feature","properties":{"c":"818442","o":"","e":""},"geometry":{"type":"Polygon","coordinates":[[[-93.00625,49.19167],[-93.00625,49.19583],[-93.0,49.19583],[-93.0,49.19167],[-93.00625,49.19167]]]}},{"type":"Feature","properties":{"c":"818422","o":"","e":""},"geometry":{"type":"Polygon","coordinates":[[[-93.0125,49.175],[-93.0125,49.17917],[-93.00625,49.17917],[-93.00625,49.175],[-93.0125,49.175]]]}},{"type":"Feature","properties":{"c":"818433","o":"","e":""},"geometry":{"type":"Polygon","coordinates":[[[-93.00625,49.18333],[-93.00625,49.1875],[-93.0,49.1875],[-93.0,49.18333],[-93.00625,49.18333]]]}},{"type":"Feature","properties":{"c":"818417","o":"","e":""},"geometry":{"type":"Polygon","coordinates":[[[-93.01875,49.17083],[-93.01875,49.175],[-93.0125,49.175],[-93.0125,49.17083],[-93.01875,49.17083]]]}},{"type":"Feature","properties":{"c":"818150","o":"","e":""},"geometry":{"type":"Polygon","coordinates":[[[-93.01875,49.15833],[-93.01875,49.1625],[-93.0125,49.1625],[-93.0125,49.15833],[-93.01875,49.15833]]]}},{"type":"Feature","properties":{"c":"813576","o":"","e":""},"geometry":{"type":"Polygon","coordinates":[[[-93.06875,49.1],[-93.06875,49.10417],[-93.0625,49.10417],[-93.0625,49.1],[-93.06875,49.1]]]}},{"type":"Feature","properties":{"c":"813669","o":"","e":""},"geometry":{"type":"Polygon","coordinates":[[[-93.0125,49.15417],[-93.0125,49.15833],[-93.00625,49.15833],[-93.00625,49.15417],[-93.0125,49.15417]]]}},{"type":"Feature","properties":{"c":"900791","o":"","e":""},"geometry":{"type":"Polygon","coordinates":[[[-93.11875,49.15417],[-93.11875,49.15833],[-93.1125,49.15833],[-93.1125,49.15417],[-93.11875,49.15417]]]}},{"type":"Feature","properties":{"c":"760959","o":"","e":""},"geometry":{"type":"Polygon","coordinates":[[[-93.0375,49.1],[-93.0375,49.10417],[-93.03125,49.10417],[-93.03125,49.1],[-93.0375,49.1]]]}},{"type":"Feature","properties":{"c":"818425","o":"","e":""},"geometry":{"type":"Polygon","coordinates":[[[-93.025,49.17917],[-93.025,49.18333],[-93.01875,49.18333],[-93.01875,49.17917],[-93.025,49.17917]]]}},{"type":"Feature","properties":{"c":"730350","o":"","e":""},"geometry":{"type":"Polygon","coordinates":[[[-93.05625,49.14583],[-93.05625,49.15],[-93.05,49.15],[-93.05,49.14583],[-93.05625,49.14583]]]}},{"type":"Feature","properties":{"c":"813645","o":"","e":""},"geometry":{"type":"Polygon","coordinates":[[[-93.0625,49.08333],[-93.0625,49.0875],[-93.05625,49.0875],[-93.05625,49.08333],[-93.0625,49.08333]]]}},{"type":"Feature","properties":{"c":"813577","o":"","e":""},"geometry":{"type":"Polygon","coordinates":[[[-93.05625,49.0875],[-93.05625,49.09167],[-93.05,49.09167],[-93.05,49.0875],[-93.05625,49.0875]]]}},{"type":"Feature","properties":{"c":"813663","o":"","e":""},"geometry":{"type":"Polygon","coordinates":[[[-93.00625,49.14583],[-93.00625,49.15],[-93.0,49.15],[-93.0,49.14583],[-93.00625,49.14583]]]}},{"type":"Feature","properties":{"c":"815993","o":"","e":""},"geometry":{"type":"Polygon","coordinates":[[[-93.09375,49.09583],[-93.09375,49.1],[-93.0875,49.1],[-93.0875,49.09583],[-93.09375,49.09583]]]}},{"type":"Feature","properties":{"c":"818152","o":"","e":""},"geometry":{"type":"Polygon","coordinates":[[[-93.00625,49.15833],[-93.00625,49.1625],[-93.0,49.1625],[-93.0,49.15833],[-93.00625,49.15833]]]}},{"type":"Feature","properties":{"c":"900788","o":"","e":""},"geometry":{"type":"Polygon","coordinates":[[[-93.14375,49.13333],[-93.14375,49.1375],[-93.1375,49.1375],[-93.1375,49.13333],[-93.14375,49.13333]]]}},{"type":"Feature","properties":{"c":"944150","o":"","e":""},"geometry":{"type":"Polygon","coordinates":[[[-93.09375,49.3],[-93.09375,49.30417],[-93.0875,49.30417],[-93.0875,49.3],[-93.09375,49.3]]]}},{"type":"Feature","properties":{"c":"944151","o":"","e":""},"geometry":{"type":"Polygon","coordinates":[[[-93.08125,49.29583],[-93.08125,49.3],[-93.075,49.3],[-93.075,49.29583],[-93.08125,49.29583]]]}},{"type":"Feature","properties":{"c":"944152","o":"","e":""},"geometry":{"type":"Polygon","coordinates":[[[-93.09375,49.29583],[-93.09375,49.3],[-93.0875,49.3],[-93.0875,49.29583],[-93.09375,49.29583]]]}},{"type":"Feature","properties":{"c":"944153","o":"","e":""},"geometry":{"type":"Polygon","coordinates":[[[-93.0875,49.29167],[-93.0875,49.29583],[-93.08125,49.29583],[-93.08125,49.29167],[-93.0875,49.29167]]]}},{"type":"Feature","properties":{"c":"944154","o":"","e":""},"geometry":{"type":"Polygon","coordinates":[[[-93.0875,49.29583],[-93.0875,49.3],[-93.08125,49.3],[-93.08125,49.29583],[-93.0875,49.29583]]]}},{"type":"Feature","properties":{"c":"944155","o":"","e":""},"geometry":{"type":"Polygon","coordinates":[[[-93.0875,49.3],[-93.0875,49.30417],[-93.08125,49.30417],[-93.08125,49.3],[-93.0875,49.3]]]}},{"type":"Feature","properties":{"c":"944156","o":"","e":""},"geometry":{"type":"Polygon","coordinates":[[[-93.09375,49.29167],[-93.09375,49.29583],[-93.0875,49.29583],[-93.0875,49.29167],[-93.09375,49.29167]]]}},{"type":"Feature","properties":{"c":"712903","o":"","e":""},"geometry":{"type":"Polygon","coordinates":[[[-93.08125,49.28333],[-93.08125,49.2875],[-93.08125,49.29167],[-93.075,49.29167],[-93.06875,49.29167],[-93.0625,49.29167],[-93.0625,49.2875],[-93.05625,49.2875],[-93.05,49.2875],[-93.05,49.28333],[-93.05,49.27917],[-93.05,49.275],[-93.05625,49.275],[-93.0625,49.275],[-93.06875,49.275],[-93.075,49.275],[-93.08125,49.275],[-93.08125,49.27917],[-93.08125,49.28333]]]}},{"type":"Feature","properties":{"c":"1007351","o":"","e":""},"geometry":{"type":"Polygon","coordinates":[[[-93.14375,49.25833],[-93.14375,49.2625],[-93.14375,49.26667],[-93.14375,49.26796],[-93.14375,49.27083],[-93.14375,49.275],[-93.14375,49.27917],[-93.14375,49.28333],[-93.14375,49.2875],[-93.14375,49.29167],[-93.14375,49.29583],[-93.14375,49.3],[-93.14375,49.30417],[-93.14375,49.30833],[-93.14375,49.3125],[-93.14375,49.31667],[-93.14375,49.32083],[-93.15,49.32083],[-93.15,49.325],[-93.14375,49.325],[-93.1375,49.325],[-93.1375,49.32083],[-93.1375,49.31667],[-93.1375,49.3125],[-93.1375,49.30833],[-93.1375,49.30417],[-93.1375,49.3],[-93.1375,49.29583],[-93.1375,49.29167],[-93.1375,49.2875],[-93.1375,49.28333],[-93.1375,49.27917],[-93.1375,49.275],[-93.1375,49.27083],[-93.1375,49.26796],[-93.1375,49.26667],[-93.1375,49.2625],[-93.1375,49.25833],[-93.1375,49.25417],[-93.13125,49.25417],[-93.125,49.25417],[-93.11875,49.25417],[-93.1125,49.25417],[-93.10625,49.25417],[-93.1,49.25417],[-93.1,49.25],[-93.10625,49.25],[-93.1125,49.25],[-93.11875,49.25],[-93.125,49.25],[-93.13125,49.25],[-93.1375,49.25],[-93.14375,49.25],[-93.14375,49.25417],[-93.14375,49.25833]]]}},{"type":"Feature","properties":{"c":"248340","o":"","e":""},"geometry":{"type":"Polygon","coordinates":[[[-93.35625,49.18333],[-93.35625,49.1875],[-93.35,49.1875],[-93.35,49.18333],[-93.35625,49.18333]]]}},{"type":"Feature","properties":{"c":"813575","o":"","e":""},"geometry":{"type":"Polygon","coordinates":[[[-93.00625,49.09167],[-93.00625,49.09583],[-93.0,49.09583],[-93.0,49.09167],[-93.00625,49.09167]]]}},{"type":"Feature","properties":{"c":"813591","o":"","e":""},"geometry":{"type":"Polygon","coordinates":[[[-93.00625,49.0875],[-93.00625,49.09167],[-93.0,49.09167],[-93.0,49.0875],[-93.00625,49.0875]]]}},{"type":"Feature","properties":{"c":"813622","o":"","e":""},"geometry":{"type":"Polygon","coordinates":[[[-93.00625,49.08333],[-93.00625,49.0875],[-93.0,49.0875],[-93.0,49.08333],[-93.00625,49.08333]]]}},{"type":"Feature","properties":{"c":"818148","o":"","e":""},"geometry":{"type":"Polygon","coordinates":[[[-93.0125,49.1625],[-93.0125,49.16667],[-93.00625,49.16667],[-93.00625,49.1625],[-93.0125,49.1625]]]}},{"type":"Feature","properties":{"c":"816599","o":"","e":""},"geometry":{"type":"Polygon","coordinates":[[[-93.0375,49.22083],[-93.0375,49.225],[-93.03125,49.225],[-93.03125,49.22083],[-93.0375,49.22083]]]}},{"type":"Feature","properties":{"c":"818405","o":"","e":""},"geometry":{"type":"Polygon","coordinates":[[[-93.0375,49.15833],[-93.0375,49.1625],[-93.03125,49.1625],[-93.03125,49.15833],[-93.0375,49.15833]]]}},{"type":"Feature","properties":{"c":"818409","o":"","e":""},"geometry":{"type":"Polygon","coordinates":[[[-93.03125,49.1625],[-93.03125,49.16667],[-93.025,49.16667],[-93.025,49.1625],[-93.03125,49.1625]]]}},{"type":"Feature","properties":{"c":"813565","o":"","e":""},"geometry":{"type":"Polygon","coordinates":[[[-93.0625,49.09583],[-93.0625,49.1],[-93.05625,49.1],[-93.05625,49.09583],[-93.0625,49.09583]]]}},{"type":"Feature","properties":{"c":"813587","o":"","e":""},"geometry":{"type":"Polygon","coordinates":[[[-93.06875,49.09167],[-93.06875,49.09583],[-93.0625,49.09583],[-93.0625,49.09167],[-93.06875,49.09167]]]}},{"type":"Feature","properties":{"c":"815925","o":"","e":""},"geometry":{"type":"Polygon","coordinates":[[[-93.075,49.0875],[-93.075,49.09167],[-93.06875,49.09167],[-93.06875,49.0875],[-93.075,49.0875]]]}},{"type":"Feature","properties":{"c":"818413","o":"","e":""},"geometry":{"type":"Polygon","coordinates":[[[-93.025,49.16667],[-93.025,49.17083],[-93.01875,49.17083],[-93.01875,49.16667],[-93.025,49.16667]]]}},{"type":"Feature","properties":{"c":"730342","o":"","e":""},"geometry":{"type":"Polygon","coordinates":[[[-93.05,49.15],[-93.05,49.15417],[-93.04375,49.15417],[-93.04375,49.15],[-93.05,49.15]]]}},{"type":"Feature","properties":{"c":"813639","o":"","e":""},"geometry":{"type":"Polygon","coordinates":[[[-93.06875,49.07917],[-93.06875,49.08333],[-93.0625,49.08333],[-93.0625,49.07917],[-93.06875,49.07917]]]}},{"type":"Feature","properties":{"c":"900779","o":"","e":""},"geometry":{"type":"Polygon","coordinates":[[[-93.06875,49.1875],[-93.06875,49.19167],[-93.0625,49.19167],[-93.0625,49.1875],[-93.06875,49.1875]]]}},{"type":"Feature","properties":{"c":"816026","o":"","e":""},"geometry":{"type":"Polygon","coordinates":[[[-93.075,49.10833],[-93.075,49.1125],[-93.06875,49.1125],[-93.06875,49.10833],[-93.075,49.10833]]]}},{"type":"Feature","properties":{"c":"815907","o":"","e":""},"geometry":{"type":"Polygon","coordinates":[[[-93.075,49.075],[-93.075,49.07917],[-93.06875,49.07917],[-93.06875,49.075],[-93.075,49.075]]]}},{"type":"Feature","properties":{"c":"730360","o":"","e":""},"geometry":{"type":"Polygon","coordinates":[[[-93.04375,49.15417],[-93.04375,49.15833],[-93.0375,49.15833],[-93.0375,49.15417],[-93.04375,49.15417]]]}},{"type":"Feature","properties":{"c":"818437","o":"","e":""},"geometry":{"type":"Polygon","coordinates":[[[-93.0125,49.1875],[-93.0125,49.19167],[-93.00625,49.19167],[-93.00625,49.1875],[-93.0125,49.1875]]]}},{"type":"Feature","properties":{"c":"1066720","o":"","e":""},"geometry":{"type":"Polygon","coordinates":[[[-93.2875,49.2375],[-93.2875,49.24167],[-93.28125,49.24167],[-93.28125,49.2375],[-93.2875,49.2375]]]}},{"type":"Feature","properties":{"c":"813636","o":"","e":""},"geometry":{"type":"Polygon","coordinates":[[[-93.00625,49.07917],[-93.00625,49.08333],[-93.0,49.08333],[-93.0,49.07917],[-93.00625,49.07917]]]}},{"type":"Feature","properties":{"c":"813646","o":"","e":""},"geometry":{"type":"Polygon","coordinates":[[[-93.00625,49.075],[-93.00625,49.07917],[-93.0,49.07917],[-93.0,49.075],[-93.00625,49.075]]]}},{"type":"Feature","properties":{"c":"815890","o":"","e":""},"geometry":{"type":"Polygon","coordinates":[[[-93.10625,49.06667],[-93.10625,49.07083],[-93.1,49.07083],[-93.1,49.06667],[-93.10625,49.06667]]]}},{"type":"Feature","properties":{"c":"815891","o":"","e":""},"geometry":{"type":"Polygon","coordinates":[[[-93.1,49.06667],[-93.1,49.07083],[-93.09375,49.07083],[-93.09375,49.06667],[-93.1,49.06667]]]}},{"type":"Feature","properties":{"c":"249680","o":"","e":""},"geometry":{"type":"Polygon","coordinates":[[[-93.3875,49.18333],[-93.3875,49.1875],[-93.38125,49.1875],[-93.38125,49.18333],[-93.3875,49.18333]]]}},{"type":"Feature","properties":{"c":"251480","o":"","e":""},"geometry":{"type":"Polygon","coordinates":[[[-93.0375,49.26667],[-93.0375,49.26796],[-93.0375,49.27083],[-93.03125,49.27083],[-93.03125,49.26796],[-93.03125,49.26667],[-93.0375,49.26667]]]}},{"type":"Feature","properties":{"c":"251481","o":"","e":""},"geometry":{"type":"Polygon","coordinates":[[[-93.025,49.25833],[-93.025,49.2625],[-93.01875,49.2625],[-93.01875,49.25833],[-93.025,49.25833]]]}},{"type":"Feature","properties":{"c":"252987","o":"","e":""},"geometry":{"type":"Polygon","coordinates":[[[-93.01875,49.25417],[-93.01875,49.25833],[-93.0125,49.25833],[-93.0125,49.25417],[-93.01875,49.25417]]]}},{"type":"Feature","properties":{"c":"815898","o":"","e":""},"geometry":{"type":"Polygon","coordinates":[[[-93.09375,49.07083],[-93.09375,49.075],[-93.0875,49.075],[-93.0875,49.07083],[-93.09375,49.07083]]]}},{"type":"Feature","properties":{"c":"815892","o":"","e":""},"geometry":{"type":"Polygon","coordinates":[[[-93.09375,49.06667],[-93.09375,49.07083],[-93.0875,49.07083],[-93.0875,49.06667],[-93.09375,49.06667]]]}},{"type":"Feature","properties":{"c":"815893","o":"","e":""},"geometry":{"type":"Polygon","coordinates":[[[-93.0875,49.06667],[-93.0875,49.07083],[-93.08125,49.07083],[-93.08125,49.06667],[-93.0875,49.06667]]]}},{"type":"Feature","properties":{"c":"815896","o":"","e":""},"geometry":{"type":"Polygon","coordinates":[[[-93.10625,49.07083],[-93.10625,49.075],[-93.1,49.075],[-93.1,49.07083],[-93.10625,49.07083]]]}},{"type":"Feature","properties":{"c":"815899","o":"","e":""},"geometry":{"type":"Polygon","coordinates":[[[-93.0875,49.07083],[-93.0875,49.075],[-93.08125,49.075],[-93.08125,49.07083],[-93.0875,49.07083]]]}},{"type":"Feature","properties":{"c":"815902","o":"","e":""},"geometry":{"type":"Polygon","coordinates":[[[-93.10625,49.075],[-93.10625,49.07917],[-93.1,49.07917],[-93.1,49.075],[-93.10625,49.075]]]}},{"type":"Feature","properties":{"c":"815903","o":"","e":""},"geometry":{"type":"Polygon","coordinates":[[[-93.1,49.075],[-93.1,49.07917],[-93.09375,49.07917],[-93.09375,49.075],[-93.1,49.075]]]}},{"type":"Feature","properties":{"c":"815904","o":"","e":""},"geometry":{"type":"Polygon","coordinates":[[[-93.09375,49.075],[-93.09375,49.07917],[-93.0875,49.07917],[-93.0875,49.075],[-93.09375,49.075]]]}},{"type":"Feature","properties":{"c":"815905","o":"","e":""},"geometry":{"type":"Polygon","coordinates":[[[-93.0875,49.075],[-93.0875,49.07917],[-93.08125,49.07917],[-93.08125,49.075],[-93.0875,49.075]]]}},{"type":"Feature","properties":{"c":"815908","o":"","e":""},"geometry":{"type":"Polygon","coordinates":[[[-93.10625,49.07917],[-93.10625,49.08333],[-93.1,49.08333],[-93.1,49.07917],[-93.10625,49.07917]]]}},{"type":"Feature","properties":{"c":"815897","o":"","e":""},"geometry":{"type":"Polygon","coordinates":[[[-93.1,49.07083],[-93.1,49.075],[-93.09375,49.075],[-93.09375,49.07083],[-93.1,49.07083]]]}},{"type":"Feature","properties":{"c":"815923","o":"","e":""},"geometry":{"type":"Polygon","coordinates":[[[-93.0875,49.0875],[-93.0875,49.09167],[-93.08125,49.09167],[-93.08125,49.0875],[-93.0875,49.0875]]]}},{"type":"Feature","properties":{"c":"815933","o":"","e":""},"geometry":{"type":"Polygon","coordinates":[[[-93.05,49.03333],[-93.05,49.0375],[-93.04375,49.0375],[-93.04375,49.03333],[-93.05,49.03333]]]}},{"type":"Feature","properties":{"c":"815932","o":"","e":""},"geometry":{"type":"Polygon","coordinates":[[[-93.05625,49.03333],[-93.05625,49.0375],[-93.05,49.0375],[-93.05,49.03333],[-93.05625,49.03333]]]}},{"type":"Feature","properties":{"c":"815934","o":"","e":""},"geometry":{"type":"Polygon","coordinates":[[[-93.04375,49.03333],[-93.04375,49.0375],[-93.0375,49.0375],[-93.0375,49.03333],[-93.04375,49.03333]]]}},{"type":"Feature","properties":{"c":"815935","o":"","e":""},"geometry":{"type":"Polygon","coordinates":[[[-93.05625,49.0375],[-93.05625,49.04167],[-93.05,49.04167],[-93.05,49.0375],[-93.05625,49.0375]]]}},{"type":"Feature","properties":{"c":"815936","o":"","e":""},"geometry":{"type":"Polygon","coordinates":[[[-93.05,49.0375],[-93.05,49.04167],[-93.04375,49.04167],[-93.04375,49.0375],[-93.05,49.0375]]]}},{"type":"Feature","properties":{"c":"815937","o":"","e":""},"geometry":{"type":"Polygon","coordinates":[[[-93.04375,49.0375],[-93.04375,49.04167],[-93.0375,49.04167],[-93.0375,49.0375],[-93.04375,49.0375]]]}},{"type":"Feature","properties":{"c":"815910","o":"","e":""},"geometry":{"type":"Polygon","coordinates":[[[-93.09375,49.07917],[-93.09375,49.08333],[-93.0875,49.08333],[-93.0875,49.07917],[-93.09375,49.07917]]]}},{"type":"Feature","properties":{"c":"815911","o":"","e":""},"geometry":{"type":"Polygon","coordinates":[[[-93.0875,49.07917],[-93.0875,49.08333],[-93.08125,49.08333],[-93.08125,49.07917],[-93.0875,49.07917]]]}},{"type":"Feature","properties":{"c":"815914","o":"","e":""},"geometry":{"type":"Polygon","coordinates":[[[-93.10625,49.08333],[-93.10625,49.0875],[-93.1,49.0875],[-93.1,49.08333],[-93.10625,49.08333]]]}},{"type":"Feature","properties":{"c":"815909","o":"","e":""},"geometry":{"type":"Polygon","coordinates":[[[-93.1,49.07917],[-93.1,49.08333],[-93.09375,49.08333],[-93.09375,49.07917],[-93.1,49.07917]]]}},{"type":"Feature","properties":{"c":"815915","o":"","e":""},"geometry":{"type":"Polygon","coordinates":[[[-93.1,49.08333],[-93.1,49.0875],[-93.09375,49.0875],[-93.09375,49.08333],[-93.1,49.08333]]]}},{"type":"Feature","properties":{"c":"815916","o":"","e":""},"geometry":{"type":"Polygon","coordinates":[[[-93.09375,49.08333],[-93.09375,49.0875],[-93.0875,49.0875],[-93.0875,49.08333],[-93.09375,49.08333]]]}},{"type":"Feature","properties":{"c":"815917","o":"","e":""},"geometry":{"type":"Polygon","coordinates":[[[-93.0875,49.08333],[-93.0875,49.0875],[-93.08125,49.0875],[-93.08125,49.08333],[-93.0875,49.08333]]]}},{"type":"Feature","properties":{"c":"815920","o":"","e":""},"geometry":{"type":"Polygon","coordinates":[[[-93.10625,49.0875],[-93.10625,49.09167],[-93.1,49.09167],[-93.1,49.0875],[-93.10625,49.0875]]]}},{"type":"Feature","properties":{"c":"815921","o":"","e":""},"geometry":{"type":"Polygon","coordinates":[[[-93.1,49.0875],[-93.1,49.09167],[-93.09375,49.09167],[-93.09375,49.0875],[-93.1,49.0875]]]}},{"type":"Feature","properties":{"c":"815922","o":"","e":""},"geometry":{"type":"Polygon","coordinates":[[[-93.09375,49.0875],[-93.09375,49.09167],[-93.0875,49.09167],[-93.0875,49.0875],[-93.09375,49.0875]]]}},{"type":"Feature","properties":{"c":"254850","o":"","e":""},"geometry":{"type":"Polygon","coordinates":[[[-93.3875,49.20833],[-93.3875,49.2125],[-93.38125,49.2125],[-93.38125,49.20833],[-93.3875,49.20833]]]}},{"type":"Feature","properties":{"c":"252679","o":"","e":""},"geometry":{"type":"Polygon","coordinates":[[[-93.36875,49.1625],[-93.36875,49.16667],[-93.3625,49.16667],[-93.3625,49.1625],[-93.36875,49.1625]]]}},{"type":"Feature","properties":{"c":"252185","o":"","e":""},"geometry":{"type":"Polygon","coordinates":[[[-93.3375,49.19583],[-93.3375,49.2],[-93.33125,49.2],[-93.33125,49.19583],[-93.3375,49.19583]]]}},{"type":"Feature","properties":{"c":"824738","o":"","e":""},"geometry":{"type":"Polygon","coordinates":[[[-93.40625,49.125],[-93.40625,49.12917],[-93.4,49.12917],[-93.4,49.125],[-93.40625,49.125]]]}},{"type":"Feature","properties":{"c":"824739","o":"","e":""},"geometry":{"type":"Polygon","coordinates":[[[-93.4,49.125],[-93.4,49.12917],[-93.39375,49.12917],[-93.39375,49.125],[-93.4,49.125]]]}},{"type":"Feature","properties":{"c":"253929","o":"","e":""},"geometry":{"type":"Polygon","coordinates":[[[-93.36875,49.14167],[-93.36875,49.14583],[-93.3625,49.14583],[-93.3625,49.14167],[-93.36875,49.14167]]]}},{"type":"Feature","properties":{"c":"818156","o":"","e":""},"geometry":{"type":"Polygon","coordinates":[[[-93.00625,49.16667],[-93.00625,49.17083],[-93.0,49.17083],[-93.0,49.16667],[-93.00625,49.16667]]]}},{"type":"Feature","properties":{"c":"815919","o":"","e":""},"geometry":{"type":"Polygon","coordinates":[[[-93.075,49.08333],[-93.075,49.0875],[-93.06875,49.0875],[-93.06875,49.08333],[-93.075,49.08333]]]}},{"type":"Feature","properties":{"c":"816081","o":"","e":""},"geometry":{"type":"Polygon","coordinates":[[[-93.09375,49.03333],[-93.09375,49.0375],[-93.0875,49.0375],[-93.0875,49.03333],[-93.09375,49.03333]]]}},{"type":"Feature","properties":{"c":"818415","o":"","e":""},"geometry":{"type":"Polygon","coordinates":[[[-93.0125,49.16667],[-93.0125,49.17083],[-93.00625,49.17083],[-93.00625,49.16667],[-93.0125,49.16667]]]}},{"type":"Feature","properties":{"c":"818421","o":"","e":""},"geometry":{"type":"Polygon","coordinates":[[[-93.01875,49.175],[-93.01875,49.17917],[-93.0125,49.17917],[-93.0125,49.175],[-93.01875,49.175]]]}},{"type":"Feature","properties":{"c":"818147","o":"","e":""},"geometry":{"type":"Polygon","coordinates":[[[-93.01875,49.1625],[-93.01875,49.16667],[-93.0125,49.16667],[-93.0125,49.1625],[-93.01875,49.1625]]]}},{"type":"Feature","properties":{"c":"255104","o":"","e":""},"geometry":{"type":"Polygon","coordinates":[[[-93.49375,49.19167],[-93.49375,49.19583],[-93.4875,49.19583],[-93.4875,49.19167],[-93.49375,49.19167]]]}},{"type":"Feature","properties":{"c":"255669","o":"","e":""},"geometry":{"type":"Polygon","coordinates":[[[-93.41875,49.15833],[-93.41875,49.1625],[-93.4125,49.1625],[-93.4125,49.15833],[-93.41875,49.15833]]]}},{"type":"Feature","properties":{"c":"815940","o":"","e":""},"geometry":{"type":"Polygon","coordinates":[[[-93.025,49.0375],[-93.025,49.04167],[-93.01875,49.04167],[-93.01875,49.0375],[-93.025,49.0375]]]}},{"type":"Feature","properties":{"c":"815941","o":"","e":""},"geometry":{"type":"Polygon","coordinates":[[[-93.05625,49.04167],[-93.05625,49.04583],[-93.05,49.04583],[-93.05,49.04167],[-93.05625,49.04167]]]}},{"type":"Feature","properties":{"c":"815938","o":"","e":""},"geometry":{"type":"Polygon","coordinates":[[[-93.0375,49.0375],[-93.0375,49.04167],[-93.03125,49.04167],[-93.03125,49.0375],[-93.0375,49.0375]]]}},{"type":"Feature","properties":{"c":"815942","o":"","e":""},"geometry":{"type":"Polygon","coordinates":[[[-93.05,49.04167],[-93.05,49.04583],[-93.04375,49.04583],[-93.04375,49.04167],[-93.05,49.04167]]]}},{"type":"Feature","properties":{"c":"815943","o":"","e":""},"geometry":{"type":"Polygon","coordinates":[[[-93.04375,49.04167],[-93.04375,49.04583],[-93.0375,49.04583],[-93.0375,49.04167],[-93.04375,49.04167]]]}},{"type":"Feature","properties":{"c":"815944","o":"","e":""},"geometry":{"type":"Polygon","coordinates":[[[-93.03125,49.04167],[-93.03125,49.04583],[-93.025,49.04583],[-93.025,49.04167],[-93.03125,49.04167]]]}},{"type":"Feature","properties":{"c":"815945","o":"","e":""},"geometry":{"type":"Polygon","coordinates":[[[-93.025,49.04167],[-93.025,49.04583],[-93.01875,49.04583],[-93.01875,49.04167],[-93.025,49.04167]]]}},{"type":"Feature","properties":{"c":"815939","o":"","e":""},"geometry":{"type":"Polygon","coordinates":[[[-93.03125,49.0375],[-93.03125,49.04167],[-93.025,49.04167],[-93.025,49.0375],[-93.03125,49.0375]]]}},{"type":"Feature","properties":{"c":"815946","o":"","e":""},"geometry":{"type":"Polygon","coordinates":[[[-93.05625,49.04583],[-93.05625,49.05],[-93.05,49.05],[-93.05,49.04583],[-93.05625,49.04583]]]}},{"type":"Feature","properties":{"c":"815947","o":"","e":""},"geometry":{"type":"Polygon","coordinates":[[[-93.05,49.04583],[-93.05,49.05],[-93.04375,49.05],[-93.04375,49.04583],[-93.05,49.04583]]]}},{"type":"Feature","properties":{"c":"815948","o":"","e":""},"geometry":{"type":"Polygon","coordinates":[[[-93.04375,49.04583],[-93.04375,49.05],[-93.0375,49.05],[-93.0375,49.04583],[-93.04375,49.04583]]]}},{"type":"Feature","properties":{"c":"815949","o":"","e":""},"geometry":{"type":"Polygon","coordinates":[[[-93.0375,49.04583],[-93.0375,49.05],[-93.03125,49.05],[-93.03125,49.04583],[-93.0375,49.04583]]]}},{"type":"Feature","properties":{"c":"815950","o":"","e":""},"geometry":{"type":"Polygon","coordinates":[[[-93.03125,49.04583],[-93.03125,49.05],[-93.025,49.05],[-93.025,49.04583],[-93.03125,49.04583]]]}},{"type":"Feature","properties":{"c":"815953","o":"","e":""},"geometry":{"type":"Polygon","coordinates":[[[-93.05,49.05],[-93.05,49.05417],[-93.04375,49.05417],[-93.04375,49.05],[-93.05,49.05]]]}},{"type":"Feature","properties":{"c":"815954","o":"","e":""},"geometry":{"type":"Polygon","coordinates":[[[-93.04375,49.05],[-93.04375,49.05417],[-93.0375,49.05417],[-93.0375,49.05],[-93.04375,49.05]]]}},{"type":"Feature","properties":{"c":"815951","o":"","e":""},"geometry":{"type":"Polygon","coordinates":[[[-93.025,49.04583],[-93.025,49.05],[-93.01875,49.05],[-93.01875,49.04583],[-93.025,49.04583]]]}},{"type":"Feature","properties":{"c":"815952","o":"","e":""},"geometry":{"type":"Polygon","coordinates":[[[-93.05625,49.05],[-93.05625,49.05417],[-93.05,49.05417],[-93.05,49.05],[-93.05625,49.05]]]}},{"type":"Feature","properties":{"c":"815955","o":"","e":""},"geometry":{"type":"Polygon","coordinates":[[[-93.0375,49.05],[-93.0375,49.05417],[-93.03125,49.05417],[-93.03125,49.05],[-93.0375,49.05]]]}},{"type":"Feature","properties":{"c":"815956","o":"","e":""},"geometry":{"type":"Polygon","coordinates":[[[-93.03125,49.05],[-93.03125,49.05417],[-93.025,49.05417],[-93.025,49.05],[-93.03125,49.05]]]}},{"type":"Feature","properties":{"c":"816082","o":"","e":""},"geometry":{"type":"Polygon","coordinates":[[[-93.0875,49.03333],[-93.0875,49.0375],[-93.08125,49.0375],[-93.08125,49.03333],[-93.0875,49.03333]]]}},{"type":"Feature","properties":{"c":"816083","o":"","e":""},"geometry":{"type":"Polygon","coordinates":[[[-93.08125,49.03333],[-93.08125,49.0375],[-93.075,49.0375],[-93.075,49.03333],[-93.08125,49.03333]]]}},{"type":"Feature","properties":{"c":"816084","o":"","e":""},"geometry":{"type":"Polygon","coordinates":[[[-93.075,49.03333],[-93.075,49.0375],[-93.06875,49.0375],[-93.06875,49.03333],[-93.075,49.03333]]]}},{"type":"Feature","properties":{"c":"816085","o":"","e":""},"geometry":{"type":"Polygon","coordinates":[[[-93.06875,49.03333],[-93.06875,49.0375],[-93.0625,49.0375],[-93.0625,49.03333],[-93.06875,49.03333]]]}},{"type":"Feature","properties":{"c":"816086","o":"","e":""},"geometry":{"type":"Polygon","coordinates":[[[-93.0625,49.03333],[-93.0625,49.0375],[-93.05625,49.0375],[-93.05625,49.03333],[-93.0625,49.03333]]]}},{"type":"Feature","properties":{"c":"816087","o":"","e":""},"geometry":{"type":"Polygon","coordinates":[[[-93.09375,49.0375],[-93.09375,49.04167],[-93.0875,49.04167],[-93.0875,49.0375],[-93.09375,49.0375]]]}},{"type":"Feature","properties":{"c":"816088","o":"","e":""},"geometry":{"type":"Polygon","coordinates":[[[-93.0875,49.0375],[-93.0875,49.04167],[-93.08125,49.04167],[-93.08125,49.0375],[-93.0875,49.0375]]]}},{"type":"Feature","properties":{"c":"816089","o":"","e":""},"geometry":{"type":"Polygon","coordinates":[[[-93.08125,49.0375],[-93.08125,49.04167],[-93.075,49.04167],[-93.075,49.0375],[-93.08125,49.0375]]]}},{"type":"Feature","properties":{"c":"816090","o":"","e":""},"geometry":{"type":"Polygon","coordinates":[[[-93.075,49.0375],[-93.075,49.04167],[-93.06875,49.04167],[-93.06875,49.0375],[-93.075,49.0375]]]}},{"type":"Feature","properties":{"c":"815964","o":"","e":""},"geometry":{"type":"Polygon","coordinates":[[[-93.05625,49.05833],[-93.05625,49.0625],[-93.05,49.0625],[-93.05,49.05833],[-93.05625,49.05833]]]}},{"type":"Feature","properties":{"c":"815965","o":"","e":""},"geometry":{"type":"Polygon","coordinates":[[[-93.05,49.05833],[-93.05,49.0625],[-93.04375,49.0625],[-93.04375,49.05833],[-93.05,49.05833]]]}},{"type":"Feature","properties":{"c":"815982","o":"","e":""},"geometry":{"type":"Polygon","coordinates":[[[-93.1625,49.09583],[-93.1625,49.1],[-93.15625,49.1],[-93.15625,49.09583],[-93.1625,49.09583]]]}},{"type":"Feature","properties":{"c":"815966","o":"","e":""},"geometry":{"type":"Polygon","coordinates":[[[-93.04375,49.05833],[-93.04375,49.0625],[-93.0375,49.0625],[-93.0375,49.05833],[-93.04375,49.05833]]]}},{"type":"Feature","properties":{"c":"815967","o":"","e":""},"geometry":{"type":"Polygon","coordinates":[[[-93.0375,49.05833],[-93.0375,49.0625],[-93.03125,49.0625],[-93.03125,49.05833],[-93.0375,49.05833]]]}},{"type":"Feature","properties":{"c":"815968","o":"","e":""},"geometry":{"type":"Polygon","coordinates":[[[-93.03125,49.05833],[-93.03125,49.0625],[-93.025,49.0625],[-93.025,49.05833],[-93.03125,49.05833]]]}},{"type":"Feature","properties":{"c":"816077","o":"","e":""},"geometry":{"type":"Polygon","coordinates":[[[-93.0875,49.025],[-93.0875,49.02917],[-93.08125,49.02917],[-93.08125,49.025],[-93.0875,49.025]]]}},{"type":"Feature","properties":{"c":"816078","o":"","e":""},"geometry":{"type":"Polygon","coordinates":[[[-93.08125,49.025],[-93.08125,49.02917],[-93.075,49.02917],[-93.075,49.025],[-93.08125,49.025]]]}},{"type":"Feature","properties":{"c":"815969","o":"","e":""},"geometry":{"type":"Polygon","coordinates":[[[-93.025,49.05833],[-93.025,49.0625],[-93.01875,49.0625],[-93.01875,49.05833],[-93.025,49.05833]]]}},{"type":"Feature","properties":{"c":"815957","o":"","e":""},"geometry":{"type":"Polygon","coordinates":[[[-93.025,49.05],[-93.025,49.05417],[-93.01875,49.05417],[-93.01875,49.05],[-93.025,49.05]]]}},{"type":"Feature","properties":{"c":"815960","o":"","e":""},"geometry":{"type":"Polygon","coordinates":[[[-93.04375,49.05417],[-93.04375,49.05833],[-93.0375,49.05833],[-93.0375,49.05417],[-93.04375,49.05417]]]}},{"type":"Feature","properties":{"c":"815961","o":"","e":""},"geometry":{"type":"Polygon","coordinates":[[[-93.0375,49.05417],[-93.0375,49.05833],[-93.03125,49.05833],[-93.03125,49.05417],[-93.0375,49.05417]]]}},{"type":"Feature","properties":{"c":"815962","o":"","e":""},"geometry":{"type":"Polygon","coordinates":[[[-93.03125,49.05417],[-93.03125,49.05833],[-93.025,49.05833],[-93.025,49.05417],[-93.03125,49.05417]]]}},{"type":"Feature","properties":{"c":"815963","o":"","e":""},"geometry":{"type":"Polygon","coordinates":[[[-93.025,49.05417],[-93.025,49.05833],[-93.01875,49.05833],[-93.01875,49.05417],[-93.025,49.05417]]]}},{"type":"Feature","properties":{"c":"815958","o":"","e":""},"geometry":{"type":"Polygon","coordinates":[[[-93.05625,49.05417],[-93.05625,49.05833],[-93.05,49.05833],[-93.05,49.05417],[-93.05625,49.05417]]]}},{"type":"Feature","properties":{"c":"815959","o":"","e":""},"geometry":{"type":"Polygon","coordinates":[[[-93.05,49.05417],[-93.05,49.05833],[-93.04375,49.05833],[-93.04375,49.05417],[-93.05,49.05417]]]}},{"type":"Feature","properties":{"c":"816010","o":"","e":""},"geometry":{"type":"Polygon","coordinates":[[[-93.075,49.1],[-93.075,49.10417],[-93.06875,49.10417],[-93.06875,49.1],[-93.075,49.1]]]}},{"type":"Feature","properties":{"c":"815995","o":"","e":""},"geometry":{"type":"Polygon","coordinates":[[[-93.08125,49.09583],[-93.08125,49.1],[-93.075,49.1],[-93.075,49.09583],[-93.08125,49.09583]]]}},{"type":"Feature","properties":{"c":"815996","o":"","e":""},"geometry":{"type":"Polygon","coordinates":[[[-93.075,49.09583],[-93.075,49.1],[-93.06875,49.1],[-93.06875,49.09583],[-93.075,49.09583]]]}},{"type":"Feature","properties":{"c":"815871","o":"","e":""},"geometry":{"type":"Polygon","coordinates":[[[-93.11875,49.14167],[-93.11875,49.14583],[-93.1125,49.14583],[-93.1125,49.14167],[-93.11875,49.14167]]]}},{"type":"Feature","properties":{"c":"818427","o":"","e":""},"geometry":{"type":"Polygon","coordinates":[[[-93.0125,49.17917],[-93.0125,49.18333],[-93.00625,49.18333],[-93.00625,49.17917],[-93.0125,49.17917]]]}},{"type":"Feature","properties":{"c":"818428","o":"","e":""},"geometry":{"type":"Polygon","coordinates":[[[-93.00625,49.17917],[-93.00625,49.18333],[-93.0,49.18333],[-93.0,49.17917],[-93.00625,49.17917]]]}},{"type":"Feature","properties":{"c":"818155","o":"","e":""},"geometry":{"type":"Polygon","coordinates":[[[-93.00625,49.17083],[-93.00625,49.175],[-93.0,49.175],[-93.0,49.17083],[-93.00625,49.17083]]]}},{"type":"Feature","properties":{"c":"816079","o":"","e":""},"geometry":{"type":"Polygon","coordinates":[[[-93.0875,49.02917],[-93.0875,49.03333],[-93.08125,49.03333],[-93.08125,49.02917],[-93.0875,49.02917]]]}},{"type":"Feature","properties":{"c":"816080","o":"","e":""},"geometry":{"type":"Polygon","coordinates":[[[-93.08125,49.02917],[-93.08125,49.03333],[-93.075,49.03333],[-93.075,49.02917],[-93.08125,49.02917]]]}},{"type":"Feature","properties":{"c":"258792","o":"","e":""},"geometry":{"type":"Polygon","coordinates":[[[-93.35,49.14583],[-93.35,49.15],[-93.34375,49.15],[-93.34375,49.14583],[-93.35,49.14583]]]}},{"type":"Feature","properties":{"c":"257051","o":"","e":""},"geometry":{"type":"Polygon","coordinates":[[[-93.4125,49.175],[-93.4125,49.17917],[-93.40625,49.17917],[-93.40625,49.175],[-93.4125,49.175]]]}},{"type":"Feature","properties":{"c":"257052","o":"","e":""},"geometry":{"type":"Polygon","coordinates":[[[-93.425,49.175],[-93.425,49.17917],[-93.41875,49.17917],[-93.41875,49.175],[-93.425,49.175]]]}},{"type":"Feature","properties":{"c":"816091","o":"","e":""},"geometry":{"type":"Polygon","coordinates":[[[-93.06875,49.0375],[-93.06875,49.04167],[-93.0625,49.04167],[-93.0625,49.0375],[-93.06875,49.0375]]]}},{"type":"Feature","properties":{"c":"816093","o":"","e":""},"geometry":{"type":"Polygon","coordinates":[[[-93.09375,49.04167],[-93.09375,49.04583],[-93.0875,49.04583],[-93.0875,49.04167],[-93.09375,49.04167]]]}},{"type":"Feature","properties":{"c":"816092","o":"","e":""},"geometry":{"type":"Polygon","coordinates":[[[-93.0625,49.0375],[-93.0625,49.04167],[-93.05625,49.04167],[-93.05625,49.0375],[-93.0625,49.0375]]]}},{"type":"Feature","properties":{"c":"816094","o":"","e":""},"geometry":{"type":"Polygon","coordinates":[[[-93.0875,49.04167],[-93.0875,49.04583],[-93.08125,49.04583],[-93.08125,49.04167],[-93.0875,49.04167]]]}},{"type":"Feature","properties":{"c":"816095","o":"","e":""},"geometry":{"type":"Polygon","coordinates":[[[-93.08125,49.04167],[-93.08125,49.04583],[-93.075,49.04583],[-93.075,49.04167],[-93.08125,49.04167]]]}},{"type":"Feature","properties":{"c":"816096","o":"","e":""},"geometry":{"type":"Polygon","coordinates":[[[-93.075,49.04167],[-93.075,49.04583],[-93.06875,49.04583],[-93.06875,49.04167],[-93.075,49.04167]]]}},{"type":"Feature","properties":{"c":"816097","o":"","e":""},"geometry":{"type":"Polygon","coordinates":[[[-93.06875,49.04167],[-93.06875,49.04583],[-93.0625,49.04583],[-93.0625,49.04167],[-93.06875,49.04167]]]}},{"type":"Feature","properties":{"c":"816098","o":"","e":""},"geometry":{"type":"Polygon","coordinates":[[[-93.0625,49.04167],[-93.0625,49.04583],[-93.05625,49.04583],[-93.05625,49.04167],[-93.0625,49.04167]]]}},{"type":"Feature","properties":{"c":"256372","o":"","e":""},"geometry":{"type":"Polygon","coordinates":[[[-93.375,49.1375],[-93.375,49.14167],[-93.36875,49.14167],[-93.36875,49.1375],[-93.375,49.1375]]]}},{"type":"Feature","properties":{"c":"257929","o":"","e":""},"geometry":{"type":"Polygon","coordinates":[[[-93.41875,49.175],[-93.41875,49.17917],[-93.4125,49.17917],[-93.4125,49.175],[-93.41875,49.175]]]}},{"type":"Feature","properties":{"c":"257930","o":"","e":""},"geometry":{"type":"Polygon","coordinates":[[[-93.425,49.17083],[-93.425,49.175],[-93.41875,49.175],[-93.41875,49.17083],[-93.425,49.17083]]]}},{"type":"Feature","properties":{"c":"262873","o":"","e":""},"geometry":{"type":"Polygon","coordinates":[[[-93.3625,49.19583],[-93.3625,49.2],[-93.35625,49.2],[-93.35625,49.19583],[-93.3625,49.19583]]]}},{"type":"Feature","properties":{"c":"262874","o":"","e":""},"geometry":{"type":"Polygon","coordinates":[[[-93.38125,49.1875],[-93.38125,49.19167],[-93.375,49.19167],[-93.375,49.1875],[-93.38125,49.1875]]]}},{"type":"Feature","properties":{"c":"262991","o":"","e":""},"geometry":{"type":"Polygon","coordinates":[[[-93.41875,49.14167],[-93.41875,49.14583],[-93.4125,49.14583],[-93.4125,49.14167],[-93.41875,49.14167]]]}},{"type":"Feature","properties":{"c":"261564","o":"","e":""},"geometry":{"type":"Polygon","coordinates":[[[-93.4125,49.1875],[-93.4125,49.19167],[-93.40625,49.19167],[-93.40625,49.1875],[-93.4125,49.1875]]]}},{"type":"Feature","properties":{"c":"264908","o":"","e":""},"geometry":{"type":"Polygon","coordinates":[[[-93.4875,49.19583],[-93.4875,49.2],[-93.48125,49.2],[-93.48125,49.19583],[-93.4875,49.19583]]]}},{"type":"Feature","properties":{"c":"263622","o":"","e":""},"geometry":{"type":"Polygon","coordinates":[[[-93.4875,49.18333],[-93.4875,49.1875],[-93.48125,49.1875],[-93.48125,49.18333],[-93.4875,49.18333]]]}},{"type":"Feature","properties":{"c":"264195","o":"","e":""},"geometry":{"type":"Polygon","coordinates":[[[-93.41875,49.2],[-93.41875,49.20417],[-93.4125,49.20417],[-93.4125,49.2],[-93.41875,49.2]]]}},{"type":"Feature","properties":{"c":"264991","o":"","e":""},"geometry":{"type":"Polygon","coordinates":[[[-93.49375,49.23333],[-93.49375,49.2375],[-93.4875,49.2375],[-93.4875,49.23333],[-93.49375,49.23333]]]}},{"type":"Feature","properties":{"c":"264887","o":"","e":""},"geometry":{"type":"Polygon","coordinates":[[[-93.40625,49.15833],[-93.40625,49.1625],[-93.4,49.1625],[-93.4,49.15833],[-93.40625,49.15833]]]}},{"type":"Feature","properties":{"c":"264898","o":"","e":""},"geometry":{"type":"Polygon","coordinates":[[[-93.39375,49.175],[-93.39375,49.17917],[-93.3875,49.17917],[-93.3875,49.175],[-93.39375,49.175]]]}},{"type":"Feature","properties":{"c":"264899","o":"","e":""},"geometry":{"type":"Polygon","coordinates":[[[-93.36875,49.16667],[-93.36875,49.17083],[-93.3625,49.17083],[-93.3625,49.16667],[-93.36875,49.16667]]]}},{"type":"Feature","properties":{"c":"267149","o":"","e":""},"geometry":{"type":"Polygon","coordinates":[[[-93.4125,49.1625],[-93.4125,49.16667],[-93.40625,49.16667],[-93.40625,49.1625],[-93.4125,49.1625]]]}},{"type":"Feature","properties":{"c":"267150","o":"","e":""},"geometry":{"type":"Polygon","coordinates":[[[-93.4125,49.15833],[-93.4125,49.1625],[-93.40625,49.1625],[-93.40625,49.15833],[-93.4125,49.15833]]]}},{"type":"Feature","properties":{"c":"270328","o":"","e":""},"geometry":{"type":"Polygon","coordinates":[[[-93.3625,49.18333],[-93.3625,49.1875],[-93.35625,49.1875],[-93.35625,49.18333],[-93.3625,49.18333]]]}},{"type":"Feature","properties":{"c":"270329","o":"","e":""},"geometry":{"type":"Polygon","coordinates":[[[-93.36875,49.18333],[-93.36875,49.1875],[-93.3625,49.1875],[-93.3625,49.18333],[-93.36875,49.18333]]]}},{"type":"Feature","properties":{"c":"270330","o":"","e":""},"geometry":{"type":"Polygon","coordinates":[[[-93.38125,49.18333],[-93.38125,49.1875],[-93.375,49.1875],[-93.375,49.18333],[-93.38125,49.18333]]]}},{"type":"Feature","properties":{"c":"267030","o":"","e":""},"geometry":{"type":"Polygon","coordinates":[[[-93.38125,49.1375],[-93.38125,49.14167],[-93.375,49.14167],[-93.375,49.1375],[-93.38125,49.1375]]]}},{"type":"Feature","properties":{"c":"270928","o":"","e":""},"geometry":{"type":"Polygon","coordinates":[[[-93.425,49.12917],[-93.425,49.13333],[-93.41875,49.13333],[-93.41875,49.12917],[-93.425,49.12917]]]}},{"type":"Feature","properties":{"c":"269538","o":"","e":""},"geometry":{"type":"Polygon","coordinates":[[[-93.40625,49.1875],[-93.40625,49.19167],[-93.4,49.19167],[-93.4,49.1875],[-93.40625,49.1875]]]}},{"type":"Feature","properties":{"c":"271586","o":"","e":""},"geometry":{"type":"Polygon","coordinates":[[[-93.5,49.175],[-93.5,49.17917],[-93.49375,49.17917],[-93.49375,49.175],[-93.5,49.175]]]}},{"type":"Feature","properties":{"c":"537979","o":"","e":""},"geometry":{"type":"Polygon","coordinates":[[[-93.30625,49.13333],[-93.30625,49.1375],[-93.3,49.1375],[-93.3,49.13333],[-93.30625,49.13333]]]}},{"type":"Feature","properties":{"c":"537980","o":"","e":""},"geometry":{"type":"Polygon","coordinates":[[[-93.3,49.13333],[-93.3,49.1375],[-93.29375,49.1375],[-93.29375,49.13333],[-93.3,49.13333]]]}},{"type":"Feature","properties":{"c":"537978","o":"","e":""},"geometry":{"type":"Polygon","coordinates":[[[-93.3125,49.13333],[-93.3125,49.1375],[-93.30625,49.1375],[-93.30625,49.13333],[-93.3125,49.13333]]]}},{"type":"Feature","properties":{"c":"537981","o":"","e":""},"geometry":{"type":"Polygon","coordinates":[[[-93.29375,49.13333],[-93.29375,49.1375],[-93.2875,49.1375],[-93.2875,49.13333],[-93.29375,49.13333]]]}},{"type":"Feature","properties":{"c":"537982","o":"","e":""},"geometry":{"type":"Polygon","coordinates":[[[-93.2875,49.13333],[-93.2875,49.1375],[-93.28125,49.1375],[-93.28125,49.13333],[-93.2875,49.13333]]]}},{"type":"Feature","properties":{"c":"537983","o":"","e":""},"geometry":{"type":"Polygon","coordinates":[[[-93.28125,49.13333],[-93.28125,49.1375],[-93.275,49.1375],[-93.275,49.13333],[-93.28125,49.13333]]]}},{"type":"Feature","properties":{"c":"537984","o":"","e":""},"geometry":{"type":"Polygon","coordinates":[[[-93.325,49.12917],[-93.325,49.13333],[-93.31875,49.13333],[-93.31875,49.12917],[-93.325,49.12917]]]}},{"type":"Feature","properties":{"c":"537985","o":"","e":""},"geometry":{"type":"Polygon","coordinates":[[[-93.31875,49.12917],[-93.31875,49.13333],[-93.3125,49.13333],[-93.3125,49.12917],[-93.31875,49.12917]]]}},{"type":"Feature","properties":{"c":"537986","o":"","e":""},"geometry":{"type":"Polygon","coordinates":[[[-93.3125,49.12917],[-93.3125,49.13333],[-93.30625,49.13333],[-93.30625,49.12917],[-93.3125,49.12917]]]}},{"type":"Feature","properties":{"c":"270864","o":"","e":""},"geometry":{"type":"Polygon","coordinates":[[[-93.35,49.175],[-93.35,49.17917],[-93.34375,49.17917],[-93.34375,49.175],[-93.35,49.175]]]}},{"type":"Feature","properties":{"c":"271678","o":"","e":""},"geometry":{"type":"Polygon","coordinates":[[[-93.40625,49.2],[-93.40625,49.20417],[-93.4,49.20417],[-93.4,49.2],[-93.40625,49.2]]]}},{"type":"Feature","properties":{"c":"271679","o":"","e":""},"geometry":{"type":"Polygon","coordinates":[[[-93.425,49.2],[-93.425,49.20417],[-93.41875,49.20417],[-93.41875,49.2],[-93.425,49.2]]]}},{"type":"Feature","properties":{"c":"271137","o":"","e":""},"geometry":{"type":"Polygon","coordinates":[[[-93.3625,49.1625],[-93.3625,49.16667],[-93.35625,49.16667],[-93.35625,49.1625],[-93.3625,49.1625]]]}},{"type":"Feature","properties":{"c":"271741","o":"","e":""},"geometry":{"type":"Polygon","coordinates":[[[-93.3625,49.15833],[-93.3625,49.1625],[-93.35625,49.1625],[-93.35625,49.15833],[-93.3625,49.15833]]]}},{"type":"Feature","properties":{"c":"271742","o":"","e":""},"geometry":{"type":"Polygon","coordinates":[[[-93.375,49.15833],[-93.375,49.1625],[-93.36875,49.1625],[-93.36875,49.15833],[-93.375,49.15833]]]}},{"type":"Feature","properties":{"c":"272290","o":"","e":""},"geometry":{"type":"Polygon","coordinates":[[[-93.49375,49.22917],[-93.49375,49.23333],[-93.4875,49.23333],[-93.4875,49.22917],[-93.49375,49.22917]]]}},{"type":"Feature","properties":{"c":"272292","o":"","e":""},"geometry":{"type":"Polygon","coordinates":[[[-93.49375,49.225],[-93.49375,49.22917],[-93.4875,49.22917],[-93.4875,49.225],[-93.49375,49.225]]]}},{"type":"Feature","properties":{"c":"272293","o":"","e":""},"geometry":{"type":"Polygon","coordinates":[[[-93.49375,49.2125],[-93.49375,49.21667],[-93.4875,49.21667],[-93.4875,49.2125],[-93.49375,49.2125]]]}},{"type":"Feature","properties":{"c":"273779","o":"","e":""},"geometry":{"type":"Polygon","coordinates":[[[-93.4125,49.16667],[-93.4125,49.17083],[-93.40625,49.17083],[-93.40625,49.16667],[-93.4125,49.16667]]]}},{"type":"Feature","properties":{"c":"272357","o":"","e":""},"geometry":{"type":"Polygon","coordinates":[[[-93.3875,49.1625],[-93.3875,49.16667],[-93.38125,49.16667],[-93.38125,49.1625],[-93.3875,49.1625]]]}},{"type":"Feature","properties":{"c":"272358","o":"","e":""},"geometry":{"type":"Polygon","coordinates":[[[-93.40625,49.1625],[-93.40625,49.16667],[-93.4,49.16667],[-93.4,49.1625],[-93.40625,49.1625]]]}},{"type":"Feature","properties":{"c":"272359","o":"","e":""},"geometry":{"type":"Polygon","coordinates":[[[-93.38125,49.15417],[-93.38125,49.15833],[-93.375,49.15833],[-93.375,49.15417],[-93.38125,49.15417]]]}},{"type":"Feature","properties":{"c":"1007349","o":"","e":""},"geometry":{"type":"Polygon","coordinates":[[[-93.2375,49.37917],[-93.2375,49.38333],[-93.2375,49.3875],[-93.2375,49.39167],[-93.2375,49.39583],[-93.2375,49.4],[-93.2375,49.40417],[-93.2375,49.40833],[-93.2375,49.4125],[-93.2375,49.41667],[-93.2375,49.42083],[-93.2375,49.425],[-93.2375,49.42917],[-93.2375,49.43333],[-93.2375,49.4375],[-93.2375,49.44167],[-93.2375,49.44583],[-93.2375,49.45],[-93.2375,49.45417],[-93.2375,49.45833],[-93.2375,49.4625],[-93.2375,49.46667],[-93.2375,49.47083],[-93.2375,49.475],[-93.23125,49.475],[-93.23125,49.47083],[-93.23125,49.46667],[-93.23125,49.4625],[-93.23125,49.45833],[-93.23125,49.45417],[-93.23125,49.45],[-93.23125,49.44583],[-93.23125,49.44167],[-93.23125,49.4375],[-93.23125,49.43333],[-93.23125,49.42917],[-93.23125,49.425],[-93.23125,49.42083],[-93.23125,49.41667],[-93.23125,49.4125],[-93.23125,49.40833],[-93.23125,49.40417],[-93.23125,49.4],[-93.23125,49.39583],[-93.23125,49.39167],[-93.23125,49.3875],[-93.23125,49.38333],[-93.23125,49.37917],[-93.23125,49.375],[-93.23125,49.37083],[-93.2375,49.37083],[-93.2375,49.375],[-93.2375,49.37917]]]}},{"type":"Feature","properties":{"c":"272963","o":"","e":""},"geometry":{"type":"Polygon","coordinates":[[[-93.49375,49.24167],[-93.49375,49.24583],[-93.4875,49.24583],[-93.4875,49.24167],[-93.49375,49.24167]]]}},{"type":"Feature","properties":{"c":"272964","o":"","e":""},"geometry":{"type":"Polygon","coordinates":[[[-93.5,49.24167],[-93.5,49.24583],[-93.49375,49.24583],[-93.49375,49.24167],[-93.5,49.24167]]]}},{"type":"Feature","properties":{"c":"272872","o":"","e":""},"geometry":{"type":"Polygon","coordinates":[[[-93.3875,49.175],[-93.3875,49.17917],[-93.38125,49.17917],[-93.38125,49.175],[-93.3875,49.175]]]}},{"type":"Feature","properties":{"c":"272930","o":"","e":""},"geometry":{"type":"Polygon","coordinates":[[[-93.475,49.17083],[-93.475,49.175],[-93.46875,49.175],[-93.46875,49.17083],[-93.475,49.17083]]]}},{"type":"Feature","properties":{"c":"272931","o":"","e":""},"geometry":{"type":"Polygon","coordinates":[[[-93.46875,49.16667],[-93.46875,49.17083],[-93.4625,49.17083],[-93.4625,49.16667],[-93.46875,49.16667]]]}},{"type":"Feature","properties":{"c":"272932","o":"","e":""},"geometry":{"type":"Polygon","coordinates":[[[-93.5,49.16667],[-93.5,49.17083],[-93.49375,49.17083],[-93.49375,49.16667],[-93.5,49.16667]]]}},{"type":"Feature","properties":{"c":"279472","o":"","e":""},"geometry":{"type":"Polygon","coordinates":[[[-93.4125,49.14583],[-93.4125,49.15],[-93.40625,49.15],[-93.40625,49.14583],[-93.4125,49.14583]]]}},{"type":"Feature","properties":{"c":"278737","o":"","e":""},"geometry":{"type":"Polygon","coordinates":[[[-93.3875,49.19167],[-93.3875,49.19583],[-93.38125,49.19583],[-93.38125,49.19167],[-93.3875,49.19167]]]}},{"type":"Feature","properties":{"c":"280683","o":"","e":""},"geometry":{"type":"Polygon","coordinates":[[[-93.34375,49.20417],[-93.34375,49.20833],[-93.3375,49.20833],[-93.3375,49.20417],[-93.34375,49.20417]]]}},{"type":"Feature","properties":{"c":"280684","o":"","e":""},"geometry":{"type":"Polygon","coordinates":[[[-93.34375,49.19583],[-93.34375,49.2],[-93.3375,49.2],[-93.3375,49.19583],[-93.34375,49.19583]]]}},{"type":"Feature","properties":{"c":"281621","o":"","e":""},"geometry":{"type":"Polygon","coordinates":[[[-93.425,49.1875],[-93.425,49.19167],[-93.41875,49.19167],[-93.41875,49.1875],[-93.425,49.1875]]]}},{"type":"Feature","properties":{"c":"282964","o":"","e":""},"geometry":{"type":"Polygon","coordinates":[[[-93.375,49.20833],[-93.375,49.2125],[-93.36875,49.2125],[-93.36875,49.20833],[-93.375,49.20833]]]}},{"type":"Feature","properties":{"c":"282965","o":"","e":""},"geometry":{"type":"Polygon","coordinates":[[[-93.35625,49.20417],[-93.35625,49.20833],[-93.35,49.20833],[-93.35,49.20417],[-93.35625,49.20417]]]}},{"type":"Feature","properties":{"c":"282966","o":"","e":""},"geometry":{"type":"Polygon","coordinates":[[[-93.34375,49.17083],[-93.34375,49.175],[-93.3375,49.175],[-93.3375,49.17083],[-93.34375,49.17083]]]}},{"type":"Feature","properties":{"c":"537987","o":"","e":""},"geometry":{"type":"Polygon","coordinates":[[[-93.30625,49.12917],[-93.30625,49.13333],[-93.3,49.13333],[-93.3,49.12917],[-93.30625,49.12917]]]}},{"type":"Feature","properties":{"c":"283697","o":"","e":""},"geometry":{"type":"Polygon","coordinates":[[[-93.49375,49.18333],[-93.49375,49.1875],[-93.4875,49.1875],[-93.4875,49.18333],[-93.49375,49.18333]]]}},{"type":"Feature","properties":{"c":"283700","o":"","e":""},"geometry":{"type":"Polygon","coordinates":[[[-93.49375,49.17083],[-93.49375,49.175],[-93.4875,49.175],[-93.4875,49.17083],[-93.49375,49.17083]]]}},{"type":"Feature","properties":{"c":"283030","o":"","e":""},"geometry":{"type":"Polygon","coordinates":[[[-93.39375,49.13333],[-93.39375,49.1375],[-93.3875,49.1375],[-93.3875,49.13333],[-93.39375,49.13333]]]}},{"type":"Feature","properties":{"c":"282172","o":"","e":""},"geometry":{"type":"Polygon","coordinates":[[[-93.00625,49.25],[-93.00625,49.25417],[-93.0,49.25417],[-93.0,49.25],[-93.00625,49.25]]]}},{"type":"Feature","properties":{"c":"284949","o":"","e":""},"geometry":{"type":"Polygon","coordinates":[[[-93.4,49.17917],[-93.4,49.18333],[-93.39375,49.18333],[-93.39375,49.17917],[-93.4,49.17917]]]}},{"type":"Feature","properties":{"c":"284381","o":"","e":""},"geometry":{"type":"Polygon","coordinates":[[[-93.5,49.225],[-93.5,49.22917],[-93.49375,49.22917],[-93.49375,49.225],[-93.5,49.225]]]}},{"type":"Feature","properties":{"c":"284382","o":"","e":""},"geometry":{"type":"Polygon","coordinates":[[[-93.49375,49.22083],[-93.49375,49.225],[-93.4875,49.225],[-93.4875,49.22083],[-93.49375,49.22083]]]}},{"type":"Feature","properties":{"c":"284950","o":"","e":""},"geometry":{"type":"Polygon","coordinates":[[[-93.39375,49.17083],[-93.39375,49.175],[-93.3875,49.175],[-93.3875,49.17083],[-93.39375,49.17083]]]}},{"type":"Feature","properties":{"c":"727929","o":"","e":""},"geometry":{"type":"Polygon","coordinates":[[[-93.33125,49.15],[-93.33125,49.15417],[-93.325,49.15417],[-93.325,49.15],[-93.325,49.14583],[-93.325,49.14167],[-93.33125,49.14167],[-93.33125,49.14583],[-93.33125,49.15]]]}},{"type":"Feature","properties":{"c":"284936","o":"","e":""},"geometry":{"type":"Polygon","coordinates":[[[-93.39375,49.15833],[-93.39375,49.1625],[-93.3875,49.1625],[-93.3875,49.15833],[-93.39375,49.15833]]]}},{"type":"Feature","properties":{"c":"284937","o":"","e":""},"geometry":{"type":"Polygon","coordinates":[[[-93.4,49.15833],[-93.4,49.1625],[-93.39375,49.1625],[-93.39375,49.15833],[-93.4,49.15833]]]}},{"type":"Feature","properties":{"c":"284938","o":"","e":""},"geometry":{"type":"Polygon","coordinates":[[[-93.39375,49.15417],[-93.39375,49.15833],[-93.3875,49.15833],[-93.3875,49.15417],[-93.39375,49.15417]]]}},{"type":"Feature","properties":{"c":"291148","o":"","e":""},"geometry":{"type":"Polygon","coordinates":[[[-93.375,49.15],[-93.375,49.15417],[-93.36875,49.15417],[-93.36875,49.15],[-93.375,49.15]]]}},{"type":"Feature","properties":{"c":"291149","o":"","e":""},"geometry":{"type":"Polygon","coordinates":[[[-93.36875,49.14583],[-93.36875,49.15],[-93.3625,49.15],[-93.3625,49.14583],[-93.36875,49.14583]]]}},{"type":"Feature","properties":{"c":"289278","o":"","e":""},"geometry":{"type":"Polygon","coordinates":[[[-93.35,49.19583],[-93.35,49.2],[-93.34375,49.2],[-93.34375,49.19583],[-93.35,49.19583]]]}},{"type":"Feature","properties":{"c":"1067276","o":"","e":""},"geometry":{"type":"Polygon","coordinates":[[[-93.09375,49.175],[-93.09375,49.17917],[-93.0875,49.17917],[-93.0875,49.175],[-93.09375,49.175]]]}},{"type":"Feature","properties":{"c":"291092","o":"","e":""},"geometry":{"type":"Polygon","coordinates":[[[-93.40625,49.20417],[-93.40625,49.20833],[-93.4,49.20833],[-93.4,49.20417],[-93.40625,49.20417]]]}},{"type":"Feature","properties":{"c":"290371","o":"","e":""},"geometry":{"type":"Polygon","coordinates":[[[-93.4,49.13333],[-93.4,49.1375],[-93.39375,49.1375],[-93.39375,49.13333],[-93.4,49.13333]]]}},{"type":"Feature","properties":{"c":"290372","o":"","e":""},"geometry":{"type":"Polygon","coordinates":[[[-93.4,49.12917],[-93.4,49.13333],[-93.39375,49.13333],[-93.39375,49.12917],[-93.4,49.12917]]]}},{"type":"Feature","properties":{"c":"290373","o":"","e":""},"geometry":{"type":"Polygon","coordinates":[[[-93.41875,49.12917],[-93.41875,49.13333],[-93.4125,49.13333],[-93.4125,49.12917],[-93.41875,49.12917]]]}},{"type":"Feature","properties":{"c":"287973","o":"","e":""},"geometry":{"type":"Polygon","coordinates":[[[-93.34375,49.1875],[-93.34375,49.19167],[-93.3375,49.19167],[-93.3375,49.1875],[-93.34375,49.1875]]]}},{"type":"Feature","properties":{"c":"292322","o":"","e":""},"geometry":{"type":"Polygon","coordinates":[[[-93.49375,49.16667],[-93.49375,49.17083],[-93.4875,49.17083],[-93.4875,49.16667],[-93.49375,49.16667]]]}},{"type":"Feature","properties":{"c":"290309","o":"","e":""},"geometry":{"type":"Polygon","coordinates":[[[-93.35625,49.20833],[-93.35625,49.2125],[-93.35,49.2125],[-93.35,49.20833],[-93.35625,49.20833]]]}},{"type":"Feature","properties":{"c":"290310","o":"","e":""},"geometry":{"type":"Polygon","coordinates":[[[-93.36875,49.20833],[-93.36875,49.2125],[-93.3625,49.2125],[-93.3625,49.20833],[-93.36875,49.20833]]]}},{"type":"Feature","properties":{"c":"290311","o":"","e":""},"geometry":{"type":"Polygon","coordinates":[[[-93.35625,49.17083],[-93.35625,49.175],[-93.35,49.175],[-93.35,49.17083],[-93.35625,49.17083]]]}},{"type":"Feature","properties":{"c":"892383","o":"","e":""},"geometry":{"type":"Polygon","coordinates":[[[-93.4875,49.30417],[-93.4875,49.30833],[-93.48125,49.30833],[-93.48125,49.30417],[-93.4875,49.30417]]]}},{"type":"Feature","properties":{"c":"291750","o":"","e":""},"geometry":{"type":"Polygon","coordinates":[[[-93.3875,49.15],[-93.3875,49.15417],[-93.38125,49.15417],[-93.38125,49.15],[-93.3875,49.15]]]}},{"type":"Feature","properties":{"c":"291761","o":"","e":""},"geometry":{"type":"Polygon","coordinates":[[[-93.475,49.2],[-93.475,49.20417],[-93.46875,49.20417],[-93.46875,49.2],[-93.475,49.2]]]}},{"type":"Feature","properties":{"c":"291766","o":"","e":""},"geometry":{"type":"Polygon","coordinates":[[[-93.3625,49.16667],[-93.3625,49.17083],[-93.35625,49.17083],[-93.35625,49.16667],[-93.3625,49.16667]]]}},{"type":"Feature","properties":{"c":"289772","o":"","e":""},"geometry":{"type":"Polygon","coordinates":[[[-93.375,49.19167],[-93.375,49.19583],[-93.36875,49.19583],[-93.36875,49.19167],[-93.375,49.19167]]]}},{"type":"Feature","properties":{"c":"289773","o":"","e":""},"geometry":{"type":"Polygon","coordinates":[[[-93.3625,49.1875],[-93.3625,49.19167],[-93.35625,49.19167],[-93.35625,49.1875],[-93.3625,49.1875]]]}},{"type":"Feature","properties":{"c":"289774","o":"","e":""},"geometry":{"type":"Polygon","coordinates":[[[-93.36875,49.1875],[-93.36875,49.19167],[-93.3625,49.19167],[-93.3625,49.1875],[-93.36875,49.1875]]]}},{"type":"Feature","properties":{"c":"292365","o":"","e":""},"geometry":{"type":"Polygon","coordinates":[[[-93.5,49.2375],[-93.5,49.24167],[-93.49375,49.24167],[-93.49375,49.2375],[-93.5,49.2375]]]}},{"type":"Feature","properties":{"c":"289492","o":"","e":""},"geometry":{"type":"Polygon","coordinates":[[[-93.025,49.25417],[-93.025,49.25833],[-93.01875,49.25833],[-93.01875,49.25417],[-93.025,49.25417]]]}},{"type":"Feature","properties":{"c":"289493","o":"","e":""},"geometry":{"type":"Polygon","coordinates":[[[-93.025,49.24583],[-93.025,49.25],[-93.01875,49.25],[-93.01875,49.24583],[-93.025,49.24583]]]}},{"type":"Feature","properties":{"c":"289494","o":"","e":""},"geometry":{"type":"Polygon","coordinates":[[[-93.03125,49.24583],[-93.03125,49.25],[-93.025,49.25],[-93.025,49.24583],[-93.03125,49.24583]]]}},{"type":"Feature","properties":{"c":"292298","o":"","e":""},"geometry":{"type":"Polygon","coordinates":[[[-93.5,49.19167],[-93.5,49.19583],[-93.49375,49.19583],[-93.49375,49.19167],[-93.5,49.19167]]]}},{"type":"Feature","properties":{"c":"291435","o":"","e":""},"geometry":{"type":"Polygon","coordinates":[[[-93.4,49.20833],[-93.4,49.2125],[-93.39375,49.2125],[-93.39375,49.20833],[-93.4,49.20833]]]}},{"type":"Feature","properties":{"c":"291436","o":"","e":""},"geometry":{"type":"Polygon","coordinates":[[[-93.39375,49.2],[-93.39375,49.20417],[-93.3875,49.20417],[-93.3875,49.2],[-93.39375,49.2]]]}},{"type":"Feature","properties":{"c":"291437","o":"","e":""},"geometry":{"type":"Polygon","coordinates":[[[-93.4,49.19583],[-93.4,49.2],[-93.39375,49.2],[-93.39375,49.19583],[-93.4,49.19583]]]}},{"type":"Feature","properties":{"c":"292621","o":"","e":""},"geometry":{"type":"Polygon","coordinates":[[[-93.46875,49.17917],[-93.46875,49.18333],[-93.4625,49.18333],[-93.4625,49.17917],[-93.46875,49.17917]]]}},{"type":"Feature","properties":{"c":"291951","o":"","e":""},"geometry":{"type":"Polygon","coordinates":[[[-93.3625,49.13333],[-93.3625,49.1375],[-93.35625,49.1375],[-93.35625,49.13333],[-93.3625,49.13333]]]}},{"type":"Feature","properties":{"c":"881341","o":"","e":""},"geometry":{"type":"Polygon","coordinates":[[[-93.2125,49.12917],[-93.2125,49.13333],[-93.20625,49.13333],[-93.20625,49.12917],[-93.2125,49.12917]]]}},{"type":"Feature","properties":{"c":"881342","o":"","e":""},"geometry":{"type":"Polygon","coordinates":[[[-93.21875,49.125],[-93.21875,49.12917],[-93.2125,49.12917],[-93.2125,49.125],[-93.21875,49.125]]]}},{"type":"Feature","properties":{"c":"881343","o":"","e":""},"geometry":{"type":"Polygon","coordinates":[[[-93.2125,49.125],[-93.2125,49.12917],[-93.20625,49.12917],[-93.20625,49.125],[-93.2125,49.125]]]}},{"type":"Feature","properties":{"c":"296827","o":"","e":""},"geometry":{"type":"Polygon","coordinates":[[[-93.39375,49.18333],[-93.39375,49.1875],[-93.3875,49.1875],[-93.3875,49.18333],[-93.39375,49.18333]]]}},{"type":"Feature","properties":{"c":"294165","o":"","e":""},"geometry":{"type":"Polygon","coordinates":[[[-93.34375,49.1625],[-93.34375,49.16667],[-93.3375,49.16667],[-93.3375,49.1625],[-93.34375,49.1625]]]}},{"type":"Feature","properties":{"c":"298664","o":"","e":""},"geometry":{"type":"Polygon","coordinates":[[[-93.03125,49.2625],[-93.03125,49.26667],[-93.025,49.26667],[-93.025,49.2625],[-93.03125,49.2625]]]}},{"type":"Feature","properties":{"c":"298665","o":"","e":""},"geometry":{"type":"Polygon","coordinates":[[[-93.0375,49.2625],[-93.0375,49.26667],[-93.03125,49.26667],[-93.03125,49.2625],[-93.0375,49.2625]]]}},{"type":"Feature","properties":{"c":"881353","o":"","e":""},"geometry":{"type":"Polygon","coordinates":[[[-93.15,49.13333],[-93.15,49.1375],[-93.14375,49.1375],[-93.14375,49.13333],[-93.15,49.13333]]]}},{"type":"Feature","properties":{"c":"813557","o":"","e":""},"geometry":{"type":"Polygon","coordinates":[[[-93.06875,49.0875],[-93.06875,49.09167],[-93.0625,49.09167],[-93.0625,49.0875],[-93.06875,49.0875]]]}},{"type":"Feature","properties":{"c":"813588","o":"","e":""},"geometry":{"type":"Polygon","coordinates":[[[-93.0625,49.09167],[-93.0625,49.09583],[-93.05625,49.09583],[-93.05625,49.09167],[-93.0625,49.09167]]]}},{"type":"Feature","properties":{"c":"900790","o":"","e":""},"geometry":{"type":"Polygon","coordinates":[[[-93.125,49.14583],[-93.125,49.15],[-93.11875,49.15],[-93.11875,49.14583],[-93.125,49.14583]]]}},{"type":"Feature","properties":{"c":"815901","o":"","e":""},"geometry":{"type":"Polygon","coordinates":[[[-93.075,49.07083],[-93.075,49.075],[-93.06875,49.075],[-93.06875,49.07083],[-93.075,49.07083]]]}},{"type":"Feature","properties":{"c":"816269","o":"","e":""},"geometry":{"type":"Polygon","coordinates":[[[-93.075,49.1125],[-93.075,49.11667],[-93.06875,49.11667],[-93.06875,49.1125],[-93.075,49.1125]]]}},{"type":"Feature","properties":{"c":"299584","o":"","e":""},"geometry":{"type":"Polygon","coordinates":[[[-93.5,49.20417],[-93.5,49.20833],[-93.49375,49.20833],[-93.49375,49.20417],[-93.5,49.20417]]]}},{"type":"Feature","properties":{"c":"298118","o":"","e":""},"geometry":{"type":"Polygon","coordinates":[[[-93.5,49.20833],[-93.5,49.2125],[-93.49375,49.2125],[-93.49375,49.20833],[-93.5,49.20833]]]}},{"type":"Feature","properties":{"c":"846408","o":"","e":""},"geometry":{"type":"Polygon","coordinates":[[[-93.11875,49.20417],[-93.11875,49.20833],[-93.1125,49.20833],[-93.1125,49.20417],[-93.11875,49.20417]]]}},{"type":"Feature","properties":{"c":"846409","o":"","e":""},"geometry":{"type":"Polygon","coordinates":[[[-93.125,49.2],[-93.125,49.20417],[-93.11875,49.20417],[-93.11875,49.2],[-93.125,49.2]]]}},{"type":"Feature","properties":{"c":"846410","o":"","e":""},"geometry":{"type":"Polygon","coordinates":[[[-93.125,49.20833],[-93.125,49.2125],[-93.11875,49.2125],[-93.11875,49.20833],[-93.125,49.20833]]]}},{"type":"Feature","properties":{"c":"846411","o":"","e":""},"geometry":{"type":"Polygon","coordinates":[[[-93.11875,49.20833],[-93.11875,49.2125],[-93.1125,49.2125],[-93.1125,49.20833],[-93.11875,49.20833]]]}},{"type":"Feature","properties":{"c":"846412","o":"","e":""},"geometry":{"type":"Polygon","coordinates":[[[-93.125,49.20417],[-93.125,49.20833],[-93.11875,49.20833],[-93.11875,49.20417],[-93.125,49.20417]]]}},{"type":"Feature","properties":{"c":"846413","o":"","e":""},"geometry":{"type":"Polygon","coordinates":[[[-93.11875,49.2],[-93.11875,49.20417],[-93.1125,49.20417],[-93.1125,49.2],[-93.11875,49.2]]]}},{"type":"Feature","properties":{"c":"301422","o":"","e":""},"geometry":{"type":"Polygon","coordinates":[[[-93.34375,49.20833],[-93.34375,49.2125],[-93.3375,49.2125],[-93.3375,49.20833],[-93.34375,49.20833]]]}},{"type":"Feature","properties":{"c":"301026","o":"","e":""},"geometry":{"type":"Polygon","coordinates":[[[-93.0125,49.25],[-93.0125,49.25417],[-93.00625,49.25417],[-93.00625,49.25],[-93.0125,49.25]]]}},{"type":"Feature","properties":{"c":"298912","o":"","e":""},"geometry":{"type":"Polygon","coordinates":[[[-93.41875,49.19167],[-93.41875,49.19583],[-93.4125,49.19583],[-93.4125,49.19167],[-93.41875,49.19167]]]}},{"type":"Feature","properties":{"c":"1047087","o":"","e":""},"geometry":{"type":"Polygon","coordinates":[[[-93.09375,49.25417],[-93.09375,49.25833],[-93.0875,49.25833],[-93.0875,49.25417],[-93.09375,49.25417]]]}},{"type":"Feature","properties":{"c":"1047088","o":"","e":""},"geometry":{"type":"Polygon","coordinates":[[[-93.09375,49.26667],[-93.09375,49.26796],[-93.09375,49.27083],[-93.0875,49.27083],[-93.0875,49.26796],[-93.0875,49.26667],[-93.09375,49.26667]]]}},{"type":"Feature","properties":{"c":"1047089","o":"","e":""},"geometry":{"type":"Polygon","coordinates":[[[-93.09375,49.27083],[-93.09375,49.275],[-93.0875,49.275],[-93.0875,49.27083],[-93.09375,49.27083]]]}},{"type":"Feature","properties":{"c":"1047090","o":"","e":""},"geometry":{"type":"Polygon","coordinates":[[[-93.1375,49.25417],[-93.1375,49.25833],[-93.13125,49.25833],[-93.13125,49.25417],[-93.1375,49.25417]]]}},{"type":"Feature","properties":{"c":"304246","o":"","e":""},"geometry":{"type":"Polygon","coordinates":[[[-93.425,49.1625],[-93.425,49.16667],[-93.41875,49.16667],[-93.41875,49.1625],[-93.425,49.1625]]]}},{"type":"Feature","properties":{"c":"944157","o":"","e":""},"geometry":{"type":"Polygon","coordinates":[[[-93.08125,49.29167],[-93.08125,49.29583],[-93.075,49.29583],[-93.075,49.29167],[-93.08125,49.29167]]]}},{"type":"Feature","properties":{"c":"944158","o":"","e":""},"geometry":{"type":"Polygon","coordinates":[[[-93.08125,49.3],[-93.08125,49.30417],[-93.075,49.30417],[-93.075,49.3],[-93.08125,49.3]]]}},{"type":"Feature","properties":{"c":"818416","o":"","e":""},"geometry":{"type":"Polygon","coordinates":[[[-93.025,49.17083],[-93.025,49.175],[-93.01875,49.175],[-93.01875,49.17083],[-93.025,49.17083]]]}},{"type":"Feature","properties":{"c":"818153","o":"","e":""},"geometry":{"type":"Polygon","coordinates":[[[-93.00625,49.15417],[-93.00625,49.15833],[-93.0,49.15833],[-93.0,49.15417],[-93.00625,49.15417]]]}},{"type":"Feature","properties":{"c":"818407","o":"","e":""},"geometry":{"type":"Polygon","coordinates":[[[-93.025,49.15833],[-93.025,49.1625],[-93.01875,49.1625],[-93.01875,49.15833],[-93.025,49.15833]]]}},{"type":"Feature","properties":{"c":"818412","o":"","e":""},"geometry":{"type":"Polygon","coordinates":[[[-93.03125,49.16667],[-93.03125,49.17083],[-93.025,49.17083],[-93.025,49.16667],[-93.03125,49.16667]]]}},{"type":"Feature","properties":{"c":"303551","o":"","e":""},"geometry":{"type":"Polygon","coordinates":[[[-93.39375,49.20833],[-93.39375,49.2125],[-93.3875,49.2125],[-93.3875,49.20833],[-93.39375,49.20833]]]}},{"type":"Feature","properties":{"c":"900796","o":"","e":""},"geometry":{"type":"Polygon","coordinates":[[[-93.11875,49.16667],[-93.11875,49.17083],[-93.1125,49.17083],[-93.1125,49.16667],[-93.11875,49.16667]]]}},{"type":"Feature","properties":{"c":"818408","o":"","e":""},"geometry":{"type":"Polygon","coordinates":[[[-93.0375,49.1625],[-93.0375,49.16667],[-93.03125,49.16667],[-93.03125,49.1625],[-93.0375,49.1625]]]}},{"type":"Feature","properties":{"c":"881351","o":"","e":""},"geometry":{"type":"Polygon","coordinates":[[[-93.14375,49.1375],[-93.14375,49.14167],[-93.1375,49.14167],[-93.1375,49.1375],[-93.14375,49.1375]]]}},{"type":"Feature","properties":{"c":"730324","o":"","e":""},"geometry":{"type":"Polygon","coordinates":[[[-93.04375,49.14583],[-93.04375,49.15],[-93.0375,49.15],[-93.0375,49.14583],[-93.04375,49.14583]]]}},{"type":"Feature","properties":{"c":"813638","o":"","e":""},"geometry":{"type":"Polygon","coordinates":[[[-93.06875,49.075],[-93.06875,49.07917],[-93.0625,49.07917],[-93.0625,49.075],[-93.06875,49.075]]]}},{"type":"Feature","properties":{"c":"813665","o":"","e":""},"geometry":{"type":"Polygon","coordinates":[[[-93.0125,49.15],[-93.0125,49.15417],[-93.00625,49.15417],[-93.00625,49.15],[-93.0125,49.15]]]}},{"type":"Feature","properties":{"c":"306845","o":"","e":""},"geometry":{"type":"Polygon","coordinates":[[[-93.34375,49.15833],[-93.34375,49.1625],[-93.3375,49.1625],[-93.3375,49.15833],[-93.34375,49.15833]]]}},{"type":"Feature","properties":{"c":"305281","o":"","e":""},"geometry":{"type":"Polygon","coordinates":[[[-93.48125,49.18333],[-93.48125,49.1875],[-93.475,49.1875],[-93.475,49.18333],[-93.48125,49.18333]]]}},{"type":"Feature","properties":{"c":"313559","o":"","e":""},"geometry":{"type":"Polygon","coordinates":[[[-93.3375,49.15833],[-93.3375,49.1625],[-93.33125,49.1625],[-93.33125,49.15833],[-93.3375,49.15833]]]}},{"type":"Feature","properties":{"c":"312426","o":"","e":""},"geometry":{"type":"Polygon","coordinates":[[[-93.4125,49.17083],[-93.4125,49.175],[-93.40625,49.175],[-93.40625,49.17083],[-93.4125,49.17083]]]}},{"type":"Feature","properties":{"c":"312329","o":"","e":""},"geometry":{"type":"Polygon","coordinates":[[[-93.4625,49.17917],[-93.4625,49.18333],[-93.45625,49.18333],[-93.45625,49.17917],[-93.4625,49.17917]]]}},{"type":"Feature","properties":{"c":"311033","o":"","e":""},"geometry":{"type":"Polygon","coordinates":[[[-93.5,49.19583],[-93.5,49.2],[-93.49375,49.2],[-93.49375,49.19583],[-93.5,49.19583]]]}},{"type":"Feature","properties":{"c":"313401","o":"","e":""},"geometry":{"type":"Polygon","coordinates":[[[-93.35625,49.1375],[-93.35625,49.14167],[-93.35,49.14167],[-93.35,49.1375],[-93.35625,49.1375]]]}},{"type":"Feature","properties":{"c":"537994","o":"","e":""},"geometry":{"type":"Polygon","coordinates":[[[-93.31875,49.125],[-93.31875,49.12917],[-93.3125,49.12917],[-93.3125,49.125],[-93.31875,49.125]]]}},{"type":"Feature","properties":{"c":"537995","o":"","e":""},"geometry":{"type":"Polygon","coordinates":[[[-93.3125,49.125],[-93.3125,49.12917],[-93.30625,49.12917],[-93.30625,49.125],[-93.3125,49.125]]]}},{"type":"Feature","properties":{"c":"537996","o":"","e":""},"geometry":{"type":"Polygon","coordinates":[[[-93.30625,49.125],[-93.30625,49.12917],[-93.3,49.12917],[-93.3,49.125],[-93.30625,49.125]]]}},{"type":"Feature","properties":{"c":"537997","o":"","e":""},"geometry":{"type":"Polygon","coordinates":[[[-93.3,49.125],[-93.3,49.12917],[-93.29375,49.12917],[-93.29375,49.125],[-93.3,49.125]]]}},{"type":"Feature","properties":{"c":"537988","o":"","e":""},"geometry":{"type":"Polygon","coordinates":[[[-93.3,49.12917],[-93.3,49.13333],[-93.29375,49.13333],[-93.29375,49.12917],[-93.3,49.12917]]]}},{"type":"Feature","properties":{"c":"537989","o":"","e":""},"geometry":{"type":"Polygon","coordinates":[[[-93.29375,49.12917],[-93.29375,49.13333],[-93.2875,49.13333],[-93.2875,49.12917],[-93.29375,49.12917]]]}},{"type":"Feature","properties":{"c":"537990","o":"","e":""},"geometry":{"type":"Polygon","coordinates":[[[-93.2875,49.12917],[-93.2875,49.13333],[-93.28125,49.13333],[-93.28125,49.12917],[-93.2875,49.12917]]]}},{"type":"Feature","properties":{"c":"537991","o":"","e":""},"geometry":{"type":"Polygon","coordinates":[[[-93.28125,49.12917],[-93.28125,49.13333],[-93.275,49.13333],[-93.275,49.12917],[-93.28125,49.12917]]]}},{"type":"Feature","properties":{"c":"537992","o":"","e":""},"geometry":{"type":"Polygon","coordinates":[[[-93.33125,49.125],[-93.33125,49.12917],[-93.325,49.12917],[-93.325,49.125],[-93.33125,49.125]]]}},{"type":"Feature","properties":{"c":"537993","o":"","e":""},"geometry":{"type":"Polygon","coordinates":[[[-93.325,49.125],[-93.325,49.12917],[-93.31875,49.12917],[-93.31875,49.125],[-93.325,49.125]]]}},{"type":"Feature","properties":{"c":"318064","o":"","e":""},"geometry":{"type":"Polygon","coordinates":[[[-93.3375,49.20833],[-93.3375,49.2125],[-93.33125,49.2125],[-93.33125,49.20833],[-93.3375,49.20833]]]}},{"type":"Feature","properties":{"c":"314904","o":"","e":""},"geometry":{"type":"Polygon","coordinates":[[[-93.3375,49.19167],[-93.3375,49.19583],[-93.33125,49.19583],[-93.33125,49.19167],[-93.3375,49.19167]]]}},{"type":"Feature","properties":{"c":"314905","o":"","e":""},"geometry":{"type":"Polygon","coordinates":[[[-93.35,49.19167],[-93.35,49.19583],[-93.34375,49.19583],[-93.34375,49.19167],[-93.35,49.19167]]]}},{"type":"Feature","properties":{"c":"314906","o":"","e":""},"geometry":{"type":"Polygon","coordinates":[[[-93.35,49.1875],[-93.35,49.19167],[-93.34375,49.19167],[-93.34375,49.1875],[-93.35,49.1875]]]}},{"type":"Feature","properties":{"c":"314907","o":"","e":""},"geometry":{"type":"Polygon","coordinates":[[[-93.34375,49.18333],[-93.34375,49.1875],[-93.3375,49.1875],[-93.3375,49.18333],[-93.34375,49.18333]]]}},{"type":"Feature","properties":{"c":"816107","o":"","e":""},"geometry":{"type":"Polygon","coordinates":[[[-93.08125,49.05],[-93.08125,49.05417],[-93.075,49.05417],[-93.075,49.05],[-93.08125,49.05]]]}},{"type":"Feature","properties":{"c":"816108","o":"","e":""},"geometry":{"type":"Polygon","coordinates":[[[-93.075,49.05],[-93.075,49.05417],[-93.06875,49.05417],[-93.06875,49.05],[-93.075,49.05]]]}},{"type":"Feature","properties":{"c":"816109","o":"","e":""},"geometry":{"type":"Polygon","coordinates":[[[-93.06875,49.05],[-93.06875,49.05417],[-93.0625,49.05417],[-93.0625,49.05],[-93.06875,49.05]]]}},{"type":"Feature","properties":{"c":"816110","o":"","e":""},"geometry":{"type":"Polygon","coordinates":[[[-93.0625,49.05],[-93.0625,49.05417],[-93.05625,49.05417],[-93.05625,49.05],[-93.0625,49.05]]]}},{"type":"Feature","properties":{"c":"816111","o":"","e":""},"geometry":{"type":"Polygon","coordinates":[[[-93.09375,49.05417],[-93.09375,49.05833],[-93.0875,49.05833],[-93.0875,49.05417],[-93.09375,49.05417]]]}},{"type":"Feature","properties":{"c":"816112","o":"","e":""},"geometry":{"type":"Polygon","coordinates":[[[-93.0875,49.05417],[-93.0875,49.05833],[-93.08125,49.05833],[-93.08125,49.05417],[-93.0875,49.05417]]]}},{"type":"Feature","properties":{"c":"816113","o":"","e":""},"geometry":{"type":"Polygon","coordinates":[[[-93.08125,49.05417],[-93.08125,49.05833],[-93.075,49.05833],[-93.075,49.05417],[-93.08125,49.05417]]]}},{"type":"Feature","properties":{"c":"317528","o":"","e":""},"geometry":{"type":"Polygon","coordinates":[[[-93.40625,49.14167],[-93.40625,49.14583],[-93.4,49.14583],[-93.4,49.14167],[-93.40625,49.14167]]]}},{"type":"Feature","properties":{"c":"960389","o":"","e":""},"geometry":{"type":"Polygon","coordinates":[[[-93.08125,49.31667],[-93.08125,49.32083],[-93.075,49.32083],[-93.06875,49.32083],[-93.0625,49.32083],[-93.05625,49.32083],[-93.05,49.32083],[-93.05,49.31667],[-93.05625,49.31667],[-93.0625,49.31667],[-93.06875,49.31667],[-93.075,49.31667],[-93.08125,49.31667]]]}},{"type":"Feature","properties":{"c":"816115","o":"","e":""},"geometry":{"type":"Polygon","coordinates":[[[-93.06875,49.05417],[-93.06875,49.05833],[-93.0625,49.05833],[-93.0625,49.05417],[-93.06875,49.05417]]]}},{"type":"Feature","properties":{"c":"816116","o":"","e":""},"geometry":{"type":"Polygon","coordinates":[[[-93.0625,49.05417],[-93.0625,49.05833],[-93.05625,49.05833],[-93.05625,49.05417],[-93.0625,49.05417]]]}},{"type":"Feature","properties":{"c":"816117","o":"","e":""},"geometry":{"type":"Polygon","coordinates":[[[-93.0875,49.05833],[-93.0875,49.0625],[-93.08125,49.0625],[-93.08125,49.05833],[-93.0875,49.05833]]]}},{"type":"Feature","properties":{"c":"816118","o":"","e":""},"geometry":{"type":"Polygon","coordinates":[[[-93.08125,49.05833],[-93.08125,49.0625],[-93.075,49.0625],[-93.075,49.05833],[-93.08125,49.05833]]]}},{"type":"Feature","properties":{"c":"816119","o":"","e":""},"geometry":{"type":"Polygon","coordinates":[[[-93.075,49.05833],[-93.075,49.0625],[-93.06875,49.0625],[-93.06875,49.05833],[-93.075,49.05833]]]}},{"type":"Feature","properties":{"c":"816120","o":"","e":""},"geometry":{"type":"Polygon","coordinates":[[[-93.06875,49.05833],[-93.06875,49.0625],[-93.0625,49.0625],[-93.0625,49.05833],[-93.06875,49.05833]]]}},{"type":"Feature","properties":{"c":"816114","o":"","e":""},"geometry":{"type":"Polygon","coordinates":[[[-93.075,49.05417],[-93.075,49.05833],[-93.06875,49.05833],[-93.06875,49.05417],[-93.075,49.05417]]]}},{"type":"Feature","properties":{"c":"816121","o":"","e":""},"geometry":{"type":"Polygon","coordinates":[[[-93.0625,49.05833],[-93.0625,49.0625],[-93.05625,49.0625],[-93.05625,49.05833],[-93.0625,49.05833]]]}},{"type":"Feature","properties":{"c":"816099","o":"","e":""},"geometry":{"type":"Polygon","coordinates":[[[-93.09375,49.04583],[-93.09375,49.05],[-93.0875,49.05],[-93.0875,49.04583],[-93.09375,49.04583]]]}},{"type":"Feature","properties":{"c":"816100","o":"","e":""},"geometry":{"type":"Polygon","coordinates":[[[-93.0875,49.04583],[-93.0875,49.05],[-93.08125,49.05],[-93.08125,49.04583],[-93.0875,49.04583]]]}},{"type":"Feature","properties":{"c":"816101","o":"","e":""},"geometry":{"type":"Polygon","coordinates":[[[-93.08125,49.04583],[-93.08125,49.05],[-93.075,49.05],[-93.075,49.04583],[-93.08125,49.04583]]]}},{"type":"Feature","properties":{"c":"816102","o":"","e":""},"geometry":{"type":"Polygon","coordinates":[[[-93.075,49.04583],[-93.075,49.05],[-93.06875,49.05],[-93.06875,49.04583],[-93.075,49.04583]]]}},{"type":"Feature","properties":{"c":"816103","o":"","e":""},"geometry":{"type":"Polygon","coordinates":[[[-93.06875,49.04583],[-93.06875,49.05],[-93.0625,49.05],[-93.0625,49.04583],[-93.06875,49.04583]]]}},{"type":"Feature","properties":{"c":"816104","o":"","e":""},"geometry":{"type":"Polygon","coordinates":[[[-93.0625,49.04583],[-93.0625,49.05],[-93.05625,49.05],[-93.05625,49.04583],[-93.0625,49.04583]]]}},{"type":"Feature","properties":{"c":"816105","o":"","e":""},"geometry":{"type":"Polygon","coordinates":[[[-93.09375,49.05],[-93.09375,49.05417],[-93.0875,49.05417],[-93.0875,49.05],[-93.09375,49.05]]]}},{"type":"Feature","properties":{"c":"816106","o":"","e":""},"geometry":{"type":"Polygon","coordinates":[[[-93.0875,49.05],[-93.0875,49.05417],[-93.08125,49.05417],[-93.08125,49.05],[-93.0875,49.05]]]}},{"type":"Feature","properties":{"c":"816122","o":"","e":""},"geometry":{"type":"Polygon","coordinates":[[[-93.0875,49.0625],[-93.0875,49.06667],[-93.08125,49.06667],[-93.08125,49.0625],[-93.0875,49.0625]]]}},{"type":"Feature","properties":{"c":"730353","o":"","e":""},"geometry":{"type":"Polygon","coordinates":[[[-93.05625,49.1375],[-93.05625,49.14167],[-93.05,49.14167],[-93.05,49.1375],[-93.05625,49.1375]]]}},{"type":"Feature","properties":{"c":"730316","o":"","e":""},"geometry":{"type":"Polygon","coordinates":[[[-93.05,49.14167],[-93.05,49.14583],[-93.04375,49.14583],[-93.04375,49.14167],[-93.05,49.14167]]]}},{"type":"Feature","properties":{"c":"813624","o":"","e":""},"geometry":{"type":"Polygon","coordinates":[[[-93.05625,49.08333],[-93.05625,49.0875],[-93.05,49.0875],[-93.05,49.08333],[-93.05625,49.08333]]]}},{"type":"Feature","properties":{"c":"815981","o":"","e":""},"geometry":{"type":"Polygon","coordinates":[[[-93.025,49.06667],[-93.025,49.07083],[-93.01875,49.07083],[-93.01875,49.06667],[-93.025,49.06667]]]}},{"type":"Feature","properties":{"c":"815985","o":"","e":""},"geometry":{"type":"Polygon","coordinates":[[[-93.14375,49.09583],[-93.14375,49.1],[-93.1375,49.1],[-93.1375,49.09583],[-93.14375,49.09583]]]}},{"type":"Feature","properties":{"c":"813659","o":"","e":""},"geometry":{"type":"Polygon","coordinates":[[[-93.05,49.15417],[-93.05,49.15833],[-93.04375,49.15833],[-93.04375,49.15417],[-93.05,49.15417]]]}},{"type":"Feature","properties":{"c":"815997","o":"","e":""},"geometry":{"type":"Polygon","coordinates":[[[-93.15625,49.1],[-93.15625,49.10417],[-93.15,49.10417],[-93.15,49.1],[-93.15625,49.1]]]}},{"type":"Feature","properties":{"c":"816025","o":"","e":""},"geometry":{"type":"Polygon","coordinates":[[[-93.08125,49.10833],[-93.08125,49.1125],[-93.075,49.1125],[-93.075,49.10833],[-93.08125,49.10833]]]}},{"type":"Feature","properties":{"c":"816042","o":"","e":""},"geometry":{"type":"Polygon","coordinates":[[[-93.04375,49.15833],[-93.04375,49.1625],[-93.0375,49.1625],[-93.0375,49.15833],[-93.04375,49.15833]]]}},{"type":"Feature","properties":{"c":"815823","o":"","e":""},"geometry":{"type":"Polygon","coordinates":[[[-93.16875,49.12083],[-93.16875,49.125],[-93.1625,49.125],[-93.1625,49.12083],[-93.16875,49.12083]]]}},{"type":"Feature","properties":{"c":"813614","o":"","e":""},"geometry":{"type":"Polygon","coordinates":[[[-93.0625,49.07917],[-93.0625,49.08333],[-93.05625,49.08333],[-93.05625,49.07917],[-93.0625,49.07917]]]}},{"type":"Feature","properties":{"c":"720001","o":"","e":""},"geometry":{"type":"Polygon","coordinates":[[[-93.01875,49.10833],[-93.01875,49.1125],[-93.0125,49.1125],[-93.0125,49.10833],[-93.01875,49.10833]]]}},{"type":"Feature","properties":{"c":"813652","o":"","e":""},"geometry":{"type":"Polygon","coordinates":[[[-93.03125,49.07083],[-93.03125,49.075],[-93.025,49.075],[-93.025,49.07083],[-93.03125,49.07083]]]}},{"type":"Feature","properties":{"c":"813572","o":"","e":""},"geometry":{"type":"Polygon","coordinates":[[[-93.04375,49.0875],[-93.04375,49.09167],[-93.0375,49.09167],[-93.0375,49.0875],[-93.04375,49.0875]]]}},{"type":"Feature","properties":{"c":"813578","o":"","e":""},"geometry":{"type":"Polygon","coordinates":[[[-93.025,49.0875],[-93.025,49.09167],[-93.01875,49.09167],[-93.01875,49.0875],[-93.025,49.0875]]]}},{"type":"Feature","properties":{"c":"816311","o":"","e":""},"geometry":{"type":"Polygon","coordinates":[[[-93.19375,49.11667],[-93.19375,49.12083],[-93.1875,49.12083],[-93.1875,49.11667],[-93.19375,49.11667]]]}},{"type":"Feature","properties":{"c":"815988","o":"","e":""},"geometry":{"type":"Polygon","coordinates":[[[-93.125,49.09583],[-93.125,49.1],[-93.11875,49.1],[-93.11875,49.09583],[-93.125,49.09583]]]}},{"type":"Feature","properties":{"c":"320911","o":"","e":""},"geometry":{"type":"Polygon","coordinates":[[[-93.5,49.22083],[-93.5,49.225],[-93.49375,49.225],[-93.49375,49.22083],[-93.5,49.22083]]]}},{"type":"Feature","properties":{"c":"813621","o":"","e":""},"geometry":{"type":"Polygon","coordinates":[[[-93.01875,49.07917],[-93.01875,49.08333],[-93.0125,49.08333],[-93.0125,49.07917],[-93.01875,49.07917]]]}},{"type":"Feature","properties":{"c":"822837","o":"","e":""},"geometry":{"type":"Polygon","coordinates":[[[-93.0625,49.06667],[-93.0625,49.07083],[-93.05625,49.07083],[-93.05625,49.06667],[-93.0625,49.06667]]]}},{"type":"Feature","properties":{"c":"813573","o":"","e":""},"geometry":{"type":"Polygon","coordinates":[[[-93.0375,49.09583],[-93.0375,49.1],[-93.03125,49.1],[-93.03125,49.09583],[-93.0375,49.09583]]]}},{"type":"Feature","properties":{"c":"813604","o":"","e":""},"geometry":{"type":"Polygon","coordinates":[[[-93.0625,49.14583],[-93.0625,49.15],[-93.05625,49.15],[-93.05625,49.14583],[-93.0625,49.14583]]]}},{"type":"Feature","properties":{"c":"900782","o":"","e":""},"geometry":{"type":"Polygon","coordinates":[[[-93.05625,49.19167],[-93.05625,49.19583],[-93.05,49.19583],[-93.05,49.19167],[-93.05625,49.19167]]]}},{"type":"Feature","properties":{"c":"815979","o":"","e":""},"geometry":{"type":"Polygon","coordinates":[[[-93.0375,49.06667],[-93.0375,49.07083],[-93.03125,49.07083],[-93.03125,49.06667],[-93.0375,49.06667]]]}},{"type":"Feature","properties":{"c":"815875","o":"","e":""},"geometry":{"type":"Polygon","coordinates":[[[-93.09375,49.14167],[-93.09375,49.14583],[-93.0875,49.14583],[-93.0875,49.14167],[-93.09375,49.14167]]]}},{"type":"Feature","properties":{"c":"760943","o":"","e":""},"geometry":{"type":"Polygon","coordinates":[[[-93.00625,49.1],[-93.00625,49.10417],[-93.0,49.10417],[-93.0,49.1],[-93.00625,49.1]]]}},{"type":"Feature","properties":{"c":"760950","o":"","e":""},"geometry":{"type":"Polygon","coordinates":[[[-93.025,49.10417],[-93.025,49.10833],[-93.01875,49.10833],[-93.01875,49.10417],[-93.025,49.10417]]]}},{"type":"Feature","properties":{"c":"816007","o":"","e":""},"geometry":{"type":"Polygon","coordinates":[[[-93.09375,49.1],[-93.09375,49.10417],[-93.0875,49.10417],[-93.0875,49.1],[-93.09375,49.1]]]}},{"type":"Feature","properties":{"c":"815835","o":"","e":""},"geometry":{"type":"Polygon","coordinates":[[[-93.15625,49.12917],[-93.15625,49.13333],[-93.15,49.13333],[-93.15,49.12917],[-93.15625,49.12917]]]}},{"type":"Feature","properties":{"c":"718775","o":"","e":""},"geometry":{"type":"Polygon","coordinates":[[[-93.00625,49.12917],[-93.00625,49.13333],[-93.0,49.13333],[-93.0,49.12917],[-93.00625,49.12917]]]}},{"type":"Feature","properties":{"c":"760932","o":"","e":""},"geometry":{"type":"Polygon","coordinates":[[[-93.0125,49.125],[-93.0125,49.12917],[-93.00625,49.12917],[-93.00625,49.125],[-93.0125,49.125]]]}},{"type":"Feature","properties":{"c":"760933","o":"","e":""},"geometry":{"type":"Polygon","coordinates":[[[-93.025,49.11667],[-93.025,49.12083],[-93.01875,49.12083],[-93.01875,49.11667],[-93.025,49.11667]]]}},{"type":"Feature","properties":{"c":"815992","o":"","e":""},"geometry":{"type":"Polygon","coordinates":[[[-93.1,49.09583],[-93.1,49.1],[-93.09375,49.1],[-93.09375,49.09583],[-93.1,49.09583]]]}},{"type":"Feature","properties":{"c":"816016","o":"","e":""},"geometry":{"type":"Polygon","coordinates":[[[-93.0875,49.10417],[-93.0875,49.10833],[-93.08125,49.10833],[-93.08125,49.10417],[-93.0875,49.10417]]]}},{"type":"Feature","properties":{"c":"320987","o":"","e":""},"geometry":{"type":"Polygon","coordinates":[[[-93.375,49.16667],[-93.375,49.17083],[-93.36875,49.17083],[-93.36875,49.16667],[-93.375,49.16667]]]}},{"type":"Feature","properties":{"c":"916985","o":"","e":""},"geometry":{"type":"Polygon","coordinates":[[[-93.1875,49.10417],[-93.1875,49.10833],[-93.18125,49.10833],[-93.18125,49.10417],[-93.1875,49.10417]]]}},{"type":"Feature","properties":{"c":"813654","o":"","e":""},"geometry":{"type":"Polygon","coordinates":[[[-93.05625,49.07083],[-93.05625,49.075],[-93.05,49.075],[-93.05,49.07083],[-93.05625,49.07083]]]}},{"type":"Feature","properties":{"c":"813633","o":"","e":""},"geometry":{"type":"Polygon","coordinates":[[[-93.025,49.075],[-93.025,49.07917],[-93.01875,49.07917],[-93.01875,49.075],[-93.025,49.075]]]}},{"type":"Feature","properties":{"c":"813559","o":"","e":""},"geometry":{"type":"Polygon","coordinates":[[[-93.04375,49.09167],[-93.04375,49.09583],[-93.0375,49.09583],[-93.0375,49.09167],[-93.04375,49.09167]]]}},{"type":"Feature","properties":{"c":"813567","o":"","e":""},"geometry":{"type":"Polygon","coordinates":[[[-93.05,49.0875],[-93.05,49.09167],[-93.04375,49.09167],[-93.04375,49.0875],[-93.05,49.0875]]]}},{"type":"Feature","properties":{"c":"813585","o":"","e":""},"geometry":{"type":"Polygon","coordinates":[[[-93.01875,49.09167],[-93.01875,49.09583],[-93.0125,49.09583],[-93.0125,49.09167],[-93.01875,49.09167]]]}},{"type":"Feature","properties":{"c":"813600","o":"","e":""},"geometry":{"type":"Polygon","coordinates":[[[-93.06875,49.12917],[-93.06875,49.13333],[-93.0625,49.13333],[-93.0625,49.12917],[-93.06875,49.12917]]]}},{"type":"Feature","properties":{"c":"816324","o":"","e":""},"geometry":{"type":"Polygon","coordinates":[[[-93.18125,49.12083],[-93.18125,49.125],[-93.175,49.125],[-93.175,49.12083],[-93.18125,49.12083]]]}},{"type":"Feature","properties":{"c":"900780","o":"","e":""},"geometry":{"type":"Polygon","coordinates":[[[-93.0625,49.1875],[-93.0625,49.19167],[-93.05625,49.19167],[-93.05625,49.1875],[-93.0625,49.1875]]]}},{"type":"Feature","properties":{"c":"816000","o":"","e":""},"geometry":{"type":"Polygon","coordinates":[[[-93.1375,49.1],[-93.1375,49.10417],[-93.13125,49.10417],[-93.13125,49.1],[-93.1375,49.1]]]}},{"type":"Feature","properties":{"c":"730688","o":"","e":""},"geometry":{"type":"Polygon","coordinates":[[[-93.0625,49.13333],[-93.0625,49.1375],[-93.05625,49.1375],[-93.05625,49.13333],[-93.0625,49.13333]]]}},{"type":"Feature","properties":{"c":"815879","o":"","e":""},"geometry":{"type":"Polygon","coordinates":[[[-93.06875,49.14167],[-93.06875,49.14583],[-93.0625,49.14583],[-93.0625,49.14167],[-93.06875,49.14167]]]}},{"type":"Feature","properties":{"c":"760955","o":"","e":""},"geometry":{"type":"Polygon","coordinates":[[[-93.03125,49.1],[-93.03125,49.10417],[-93.025,49.10417],[-93.025,49.1],[-93.03125,49.1]]]}},{"type":"Feature","properties":{"c":"813619","o":"","e":""},"geometry":{"type":"Polygon","coordinates":[[[-93.0375,49.08333],[-93.0375,49.0875],[-93.03125,49.0875],[-93.03125,49.08333],[-93.0375,49.08333]]]}},{"type":"Feature","properties":{"c":"816253","o":"","e":""},"geometry":{"type":"Polygon","coordinates":[[[-93.08125,49.12083],[-93.08125,49.125],[-93.075,49.125],[-93.075,49.12083],[-93.08125,49.12083]]]}},{"type":"Feature","properties":{"c":"730329","o":"","e":""},"geometry":{"type":"Polygon","coordinates":[[[-93.05625,49.15],[-93.05625,49.15417],[-93.05,49.15417],[-93.05,49.15],[-93.05625,49.15]]]}},{"type":"Feature","properties":{"c":"318992","o":"","e":""},"geometry":{"type":"Polygon","coordinates":[[[-93.03125,49.25417],[-93.03125,49.25833],[-93.025,49.25833],[-93.025,49.25417],[-93.03125,49.25417]]]}},{"type":"Feature","properties":{"c":"327503","o":"","e":""},"geometry":{"type":"Polygon","coordinates":[[[-93.41875,49.17917],[-93.41875,49.18333],[-93.4125,49.18333],[-93.4125,49.17917],[-93.41875,49.17917]]]}},{"type":"Feature","properties":{"c":"979452","o":"","e":""},"geometry":{"type":"Polygon","coordinates":[[[-93.00625,49.2375],[-93.00625,49.24167],[-93.0,49.24167],[-93.0,49.2375],[-93.00625,49.2375]]]}},{"type":"Feature","properties":{"c":"874208","o":"","e":""},"geometry":{"type":"Polygon","coordinates":[[[-93.0375,49.04167],[-93.0375,49.04583],[-93.03125,49.04583],[-93.03125,49.04167],[-93.0375,49.04167]]]}},{"type":"Feature","properties":{"c":"325462","o":"","e":""},"geometry":{"type":"Polygon","coordinates":[[[-93.35,49.15],[-93.35,49.15417],[-93.34375,49.15417],[-93.34375,49.15],[-93.35,49.15]]]}},{"type":"Feature","properties":{"c":"816013","o":"","e":""},"geometry":{"type":"Polygon","coordinates":[[[-93.10625,49.10417],[-93.10625,49.10833],[-93.1,49.10833],[-93.1,49.10417],[-93.10625,49.10417]]]}},{"type":"Feature","properties":{"c":"816382","o":"","e":""},"geometry":{"type":"Polygon","coordinates":[[[-93.01875,49.06667],[-93.01875,49.07083],[-93.0125,49.07083],[-93.0125,49.06667],[-93.01875,49.06667]]]}},{"type":"Feature","properties":{"c":"816246","o":"","e":""},"geometry":{"type":"Polygon","coordinates":[[[-93.075,49.125],[-93.075,49.12917],[-93.06875,49.12917],[-93.06875,49.125],[-93.075,49.125]]]}},{"type":"Feature","properties":{"c":"816259","o":"","e":""},"geometry":{"type":"Polygon","coordinates":[[[-93.09375,49.11667],[-93.09375,49.12083],[-93.0875,49.12083],[-93.0875,49.11667],[-93.09375,49.11667]]]}},{"type":"Feature","properties":{"c":"816260","o":"","e":""},"geometry":{"type":"Polygon","coordinates":[[[-93.0875,49.11667],[-93.0875,49.12083],[-93.08125,49.12083],[-93.08125,49.11667],[-93.0875,49.11667]]]}},{"type":"Feature","properties":{"c":"815888","o":"","e":""},"geometry":{"type":"Polygon","coordinates":[[[-93.075,49.1375],[-93.075,49.14167],[-93.06875,49.14167],[-93.06875,49.1375],[-93.075,49.1375]]]}},{"type":"Feature","properties":{"c":"816266","o":"","e":""},"geometry":{"type":"Polygon","coordinates":[[[-93.09375,49.1125],[-93.09375,49.11667],[-93.0875,49.11667],[-93.0875,49.1125],[-93.09375,49.1125]]]}},{"type":"Feature","properties":{"c":"816484","o":"","e":""},"geometry":{"type":"Polygon","coordinates":[[[-93.1375,49.09167],[-93.1375,49.09583],[-93.13125,49.09583],[-93.13125,49.09167],[-93.1375,49.09167]]]}},{"type":"Feature","properties":{"c":"330140","o":"","e":""},"geometry":{"type":"Polygon","coordinates":[[[-93.4125,49.12917],[-93.4125,49.13333],[-93.40625,49.13333],[-93.40625,49.12917],[-93.4125,49.12917]]]}},{"type":"Feature","properties":{"c":"330265","o":"","e":""},"geometry":{"type":"Polygon","coordinates":[[[-93.4875,49.17917],[-93.4875,49.18333],[-93.48125,49.18333],[-93.48125,49.17917],[-93.4875,49.17917]]]}},{"type":"Feature","properties":{"c":"730318","o":"","e":""},"geometry":{"type":"Polygon","coordinates":[[[-93.04375,49.15],[-93.04375,49.15417],[-93.0375,49.15417],[-93.0375,49.15],[-93.04375,49.15]]]}},{"type":"Feature","properties":{"c":"813655","o":"","e":""},"geometry":{"type":"Polygon","coordinates":[[[-93.0375,49.07083],[-93.0375,49.075],[-93.03125,49.075],[-93.03125,49.07083],[-93.0375,49.07083]]]}},{"type":"Feature","properties":{"c":"813615","o":"","e":""},"geometry":{"type":"Polygon","coordinates":[[[-93.05625,49.07917],[-93.05625,49.08333],[-93.05,49.08333],[-93.05,49.07917],[-93.05625,49.07917]]]}},{"type":"Feature","properties":{"c":"719988","o":"","e":""},"geometry":{"type":"Polygon","coordinates":[[[-93.0125,49.1125],[-93.0125,49.11667],[-93.00625,49.11667],[-93.00625,49.1125],[-93.0125,49.1125]]]}},{"type":"Feature","properties":{"c":"813616","o":"","e":""},"geometry":{"type":"Polygon","coordinates":[[[-93.03125,49.075],[-93.03125,49.07917],[-93.025,49.07917],[-93.025,49.075],[-93.03125,49.075]]]}},{"type":"Feature","properties":{"c":"813618","o":"","e":""},"geometry":{"type":"Polygon","coordinates":[[[-93.04375,49.075],[-93.04375,49.07917],[-93.0375,49.07917],[-93.0375,49.075],[-93.04375,49.075]]]}},{"type":"Feature","properties":{"c":"900275","o":"","e":""},"geometry":{"type":"Polygon","coordinates":[[[-93.05625,49.1625],[-93.05625,49.16667],[-93.05,49.16667],[-93.05,49.1625],[-93.05625,49.1625]]]}},{"type":"Feature","properties":{"c":"813564","o":"","e":""},"geometry":{"type":"Polygon","coordinates":[[[-93.0625,49.0875],[-93.0625,49.09167],[-93.05625,49.09167],[-93.05625,49.0875],[-93.0625,49.0875]]]}},{"type":"Feature","properties":{"c":"813593","o":"","e":""},"geometry":{"type":"Polygon","coordinates":[[[-93.05625,49.09167],[-93.05625,49.09583],[-93.05,49.09583],[-93.05,49.09167],[-93.05625,49.09167]]]}},{"type":"Feature","properties":{"c":"813582","o":"","e":""},"geometry":{"type":"Polygon","coordinates":[[[-93.06875,49.09583],[-93.06875,49.1],[-93.0625,49.1],[-93.0625,49.09583],[-93.06875,49.09583]]]}},{"type":"Feature","properties":{"c":"813603","o":"","e":""},"geometry":{"type":"Polygon","coordinates":[[[-93.0625,49.1375],[-93.0625,49.14167],[-93.05625,49.14167],[-93.05625,49.1375],[-93.0625,49.1375]]]}},{"type":"Feature","properties":{"c":"816012","o":"","e":""},"geometry":{"type":"Polygon","coordinates":[[[-93.1125,49.10417],[-93.1125,49.10833],[-93.10625,49.10833],[-93.10625,49.10417],[-93.1125,49.10417]]]}},{"type":"Feature","properties":{"c":"813620","o":"","e":""},"geometry":{"type":"Polygon","coordinates":[[[-93.03125,49.08333],[-93.03125,49.0875],[-93.025,49.0875],[-93.025,49.08333],[-93.03125,49.08333]]]}},{"type":"Feature","properties":{"c":"813623","o":"","e":""},"geometry":{"type":"Polygon","coordinates":[[[-93.06875,49.08333],[-93.06875,49.0875],[-93.0625,49.0875],[-93.0625,49.08333],[-93.06875,49.08333]]]}},{"type":"Feature","properties":{"c":"816021","o":"","e":""},"geometry":{"type":"Polygon","coordinates":[[[-93.10625,49.10833],[-93.10625,49.1125],[-93.1,49.1125],[-93.1,49.10833],[-93.10625,49.10833]]]}},{"type":"Feature","properties":{"c":"813625","o":"","e":""},"geometry":{"type":"Polygon","coordinates":[[[-93.05,49.075],[-93.05,49.07917],[-93.04375,49.07917],[-93.04375,49.075],[-93.05,49.075]]]}},{"type":"Feature","properties":{"c":"979442","o":"","e":""},"geometry":{"type":"Polygon","coordinates":[[[-93.0125,49.2375],[-93.0125,49.24167],[-93.00625,49.24167],[-93.00625,49.2375],[-93.0125,49.2375]]]}},{"type":"Feature","properties":{"c":"979448","o":"","e":""},"geometry":{"type":"Polygon","coordinates":[[[-93.03125,49.2375],[-93.03125,49.24167],[-93.025,49.24167],[-93.025,49.2375],[-93.03125,49.2375]]]}},{"type":"Feature","properties":{"c":"979451","o":"","e":""},"geometry":{"type":"Polygon","coordinates":[[[-93.0125,49.24167],[-93.0125,49.24583],[-93.00625,49.24583],[-93.00625,49.24167],[-93.0125,49.24167]]]}},{"type":"Feature","properties":{"c":"979449","o":"","e":""},"geometry":{"type":"Polygon","coordinates":[[[-93.025,49.2375],[-93.025,49.24167],[-93.01875,49.24167],[-93.01875,49.2375],[-93.025,49.2375]]]}},{"type":"Feature","properties":{"c":"979450","o":"","e":""},"geometry":{"type":"Polygon","coordinates":[[[-93.01875,49.2375],[-93.01875,49.24167],[-93.0125,49.24167],[-93.0125,49.2375],[-93.01875,49.2375]]]}},{"type":"Feature","properties":{"c":"817729","o":"","e":""},"geometry":{"type":"Polygon","coordinates":[[[-93.4875,49.08333],[-93.4875,49.0875],[-93.48125,49.0875],[-93.48125,49.08333],[-93.4875,49.08333]]]}},{"type":"Feature","properties":{"c":"817730","o":"","e":""},"geometry":{"type":"Polygon","coordinates":[[[-93.48125,49.08333],[-93.48125,49.0875],[-93.475,49.0875],[-93.475,49.08333],[-93.48125,49.08333]]]}},{"type":"Feature","properties":{"c":"817731","o":"","e":""},"geometry":{"type":"Polygon","coordinates":[[[-93.475,49.08333],[-93.475,49.0875],[-93.46875,49.0875],[-93.46875,49.08333],[-93.475,49.08333]]]}},{"type":"Feature","properties":{"c":"817732","o":"","e":""},"geometry":{"type":"Polygon","coordinates":[[[-93.46875,49.08333],[-93.46875,49.0875],[-93.4625,49.0875],[-93.4625,49.08333],[-93.46875,49.08333]]]}},{"type":"Feature","properties":{"c":"817733","o":"","e":""},"geometry":{"type":"Polygon","coordinates":[[[-93.4625,49.08333],[-93.4625,49.0875],[-93.45625,49.0875],[-93.45625,49.08333],[-93.4625,49.08333]]]}},{"type":"Feature","properties":{"c":"817734","o":"","e":""},"geometry":{"type":"Polygon","coordinates":[[[-93.45625,49.08333],[-93.45625,49.0875],[-93.45,49.0875],[-93.45,49.08333],[-93.45625,49.08333]]]}},{"type":"Feature","properties":{"c":"817754","o":"","e":""},"geometry":{"type":"Polygon","coordinates":[[[-93.45,49.09167],[-93.45,49.09583],[-93.44375,49.09583],[-93.44375,49.09167],[-93.45,49.09167]]]}},{"type":"Feature","properties":{"c":"817755","o":"","e":""},"geometry":{"type":"Polygon","coordinates":[[[-93.44375,49.09167],[-93.44375,49.09583],[-93.4375,49.09583],[-93.4375,49.09167],[-93.44375,49.09167]]]}},{"type":"Feature","properties":{"c":"329607","o":"","e":""},"geometry":{"type":"Polygon","coordinates":[[[-93.375,49.15417],[-93.375,49.15833],[-93.36875,49.15833],[-93.36875,49.15417],[-93.375,49.15417]]]}},{"type":"Feature","properties":{"c":"817720","o":"","e":""},"geometry":{"type":"Polygon","coordinates":[[[-93.48125,49.07917],[-93.48125,49.08333],[-93.475,49.08333],[-93.475,49.07917],[-93.48125,49.07917]]]}},{"type":"Feature","properties":{"c":"817721","o":"","e":""},"geometry":{"type":"Polygon","coordinates":[[[-93.475,49.07917],[-93.475,49.08333],[-93.46875,49.08333],[-93.46875,49.07917],[-93.475,49.07917]]]}},{"type":"Feature","properties":{"c":"817722","o":"","e":""},"geometry":{"type":"Polygon","coordinates":[[[-93.46875,49.07917],[-93.46875,49.08333],[-93.4625,49.08333],[-93.4625,49.07917],[-93.46875,49.07917]]]}},{"type":"Feature","properties":{"c":"817723","o":"","e":""},"geometry":{"type":"Polygon","coordinates":[[[-93.4625,49.07917],[-93.4625,49.08333],[-93.45625,49.08333],[-93.45625,49.07917],[-93.4625,49.07917]]]}},{"type":"Feature","properties":{"c":"817724","o":"","e":""},"geometry":{"type":"Polygon","coordinates":[[[-93.45625,49.07917],[-93.45625,49.08333],[-93.45,49.08333],[-93.45,49.07917],[-93.45625,49.07917]]]}},{"type":"Feature","properties":{"c":"817725","o":"","e":""},"geometry":{"type":"Polygon","coordinates":[[[-93.45,49.07917],[-93.45,49.08333],[-93.44375,49.08333],[-93.44375,49.07917],[-93.45,49.07917]]]}},{"type":"Feature","properties":{"c":"817726","o":"","e":""},"geometry":{"type":"Polygon","coordinates":[[[-93.44375,49.07917],[-93.44375,49.08333],[-93.4375,49.08333],[-93.4375,49.07917],[-93.44375,49.07917]]]}},{"type":"Feature","properties":{"c":"817719","o":"","e":""},"geometry":{"type":"Polygon","coordinates":[[[-93.4875,49.07917],[-93.4875,49.08333],[-93.48125,49.08333],[-93.48125,49.07917],[-93.4875,49.07917]]]}},{"type":"Feature","properties":{"c":"979461","o":"","e":""},"geometry":{"type":"Polygon","coordinates":[[[-93.025,49.24167],[-93.025,49.24583],[-93.01875,49.24583],[-93.01875,49.24167],[-93.025,49.24167]]]}},{"type":"Feature","properties":{"c":"817735","o":"","e":""},"geometry":{"type":"Polygon","coordinates":[[[-93.45,49.08333],[-93.45,49.0875],[-93.44375,49.0875],[-93.44375,49.08333],[-93.45,49.08333]]]}},{"type":"Feature","properties":{"c":"817736","o":"","e":""},"geometry":{"type":"Polygon","coordinates":[[[-93.44375,49.08333],[-93.44375,49.0875],[-93.4375,49.0875],[-93.4375,49.08333],[-93.44375,49.08333]]]}},{"type":"Feature","properties":{"c":"817744","o":"","e":""},"geometry":{"type":"Polygon","coordinates":[[[-93.45625,49.0875],[-93.45625,49.09167],[-93.45,49.09167],[-93.45,49.0875],[-93.45625,49.0875]]]}},{"type":"Feature","properties":{"c":"817745","o":"","e":""},"geometry":{"type":"Polygon","coordinates":[[[-93.45,49.0875],[-93.45,49.09167],[-93.44375,49.09167],[-93.44375,49.0875],[-93.45,49.0875]]]}},{"type":"Feature","properties":{"c":"817746","o":"","e":""},"geometry":{"type":"Polygon","coordinates":[[[-93.44375,49.0875],[-93.44375,49.09167],[-93.4375,49.09167],[-93.4375,49.0875],[-93.44375,49.0875]]]}},{"type":"Feature","properties":{"c":"979463","o":"","e":""},"geometry":{"type":"Polygon","coordinates":[[[-93.03125,49.24167],[-93.03125,49.24583],[-93.025,49.24583],[-93.025,49.24167],[-93.03125,49.24167]]]}},{"type":"Feature","properties":{"c":"979464","o":"","e":""},"geometry":{"type":"Polygon","coordinates":[[[-93.01875,49.24167],[-93.01875,49.24583],[-93.0125,49.24583],[-93.0125,49.24167],[-93.01875,49.24167]]]}},{"type":"Feature","properties":{"c":"979465","o":"","e":""},"geometry":{"type":"Polygon","coordinates":[[[-93.00625,49.24167],[-93.00625,49.24583],[-93.0,49.24583],[-93.0,49.24167],[-93.00625,49.24167]]]}},{"type":"Feature","properties":{"c":"537998","o":"","e":""},"geometry":{"type":"Polygon","coordinates":[[[-93.29375,49.125],[-93.29375,49.12917],[-93.2875,49.12917],[-93.2875,49.125],[-93.29375,49.125]]]}},{"type":"Feature","properties":{"c":"818410","o":"","e":""},"geometry":{"type":"Polygon","coordinates":[[[-93.025,49.1625],[-93.025,49.16667],[-93.01875,49.16667],[-93.01875,49.1625],[-93.025,49.1625]]]}},{"type":"Feature","properties":{"c":"816022","o":"","e":""},"geometry":{"type":"Polygon","coordinates":[[[-93.1,49.10833],[-93.1,49.1125],[-93.09375,49.1125],[-93.09375,49.10833],[-93.1,49.10833]]]}},{"type":"Feature","properties":{"c":"816003","o":"","e":""},"geometry":{"type":"Polygon","coordinates":[[[-93.11875,49.1],[-93.11875,49.10417],[-93.1125,49.10417],[-93.1125,49.1],[-93.11875,49.1]]]}},{"type":"Feature","properties":{"c":"815887","o":"","e":""},"geometry":{"type":"Polygon","coordinates":[[[-93.08125,49.1375],[-93.08125,49.14167],[-93.075,49.14167],[-93.075,49.1375],[-93.08125,49.1375]]]}},{"type":"Feature","properties":{"c":"815931","o":"","e":""},"geometry":{"type":"Polygon","coordinates":[[[-93.075,49.09167],[-93.075,49.09583],[-93.06875,49.09583],[-93.06875,49.09167],[-93.075,49.09167]]]}},{"type":"Feature","properties":{"c":"816231","o":"","e":""},"geometry":{"type":"Polygon","coordinates":[[[-93.08125,49.13333],[-93.08125,49.1375],[-93.075,49.1375],[-93.075,49.13333],[-93.08125,49.13333]]]}},{"type":"Feature","properties":{"c":"816242","o":"","e":""},"geometry":{"type":"Polygon","coordinates":[[[-93.1,49.125],[-93.1,49.12917],[-93.09375,49.12917],[-93.09375,49.125],[-93.1,49.125]]]}},{"type":"Feature","properties":{"c":"816379","o":"","e":""},"geometry":{"type":"Polygon","coordinates":[[[-93.01875,49.07083],[-93.01875,49.075],[-93.0125,49.075],[-93.0125,49.07083],[-93.01875,49.07083]]]}},{"type":"Feature","properties":{"c":"760946","o":"","e":""},"geometry":{"type":"Polygon","coordinates":[[[-93.00625,49.11667],[-93.00625,49.12083],[-93.0,49.12083],[-93.0,49.11667],[-93.00625,49.11667]]]}},{"type":"Feature","properties":{"c":"815978","o":"","e":""},"geometry":{"type":"Polygon","coordinates":[[[-93.04375,49.06667],[-93.04375,49.07083],[-93.0375,49.07083],[-93.0375,49.06667],[-93.04375,49.06667]]]}},{"type":"Feature","properties":{"c":"329528","o":"","e":""},"geometry":{"type":"Polygon","coordinates":[[[-93.36875,49.19583],[-93.36875,49.2],[-93.3625,49.2],[-93.3625,49.19583],[-93.36875,49.19583]]]}},{"type":"Feature","properties":{"c":"335187","o":"","e":""},"geometry":{"type":"Polygon","coordinates":[[[-93.0125,49.27917],[-93.0125,49.28333],[-93.00625,49.28333],[-93.00625,49.27917],[-93.0125,49.27917]]]}},{"type":"Feature","properties":{"c":"330843","o":"","e":""},"geometry":{"type":"Polygon","coordinates":[[[-93.4125,49.2],[-93.4125,49.20417],[-93.40625,49.20417],[-93.40625,49.2],[-93.4125,49.2]]]}},{"type":"Feature","properties":{"c":"331013","o":"","e":""},"geometry":{"type":"Polygon","coordinates":[[[-93.01875,49.2625],[-93.01875,49.26667],[-93.0125,49.26667],[-93.0125,49.2625],[-93.01875,49.2625]]]}},{"type":"Feature","properties":{"c":"720005","o":"","e":""},"geometry":{"type":"Polygon","coordinates":[[[-93.0125,49.10833],[-93.0125,49.1125],[-93.00625,49.1125],[-93.00625,49.10833],[-93.0125,49.10833]]]}},{"type":"Feature","properties":{"c":"813650","o":"","e":""},"geometry":{"type":"Polygon","coordinates":[[[-93.05,49.07083],[-93.05,49.075],[-93.04375,49.075],[-93.04375,49.07083],[-93.05,49.07083]]]}},{"type":"Feature","properties":{"c":"813634","o":"","e":""},"geometry":{"type":"Polygon","coordinates":[[[-93.01875,49.08333],[-93.01875,49.0875],[-93.0125,49.0875],[-93.0125,49.08333],[-93.01875,49.08333]]]}},{"type":"Feature","properties":{"c":"813640","o":"","e":""},"geometry":{"type":"Polygon","coordinates":[[[-93.0625,49.075],[-93.0625,49.07917],[-93.05625,49.07917],[-93.05625,49.075],[-93.0625,49.075]]]}},{"type":"Feature","properties":{"c":"813641","o":"","e":""},"geometry":{"type":"Polygon","coordinates":[[[-93.04375,49.07917],[-93.04375,49.08333],[-93.0375,49.08333],[-93.0375,49.07917],[-93.04375,49.07917]]]}},{"type":"Feature","properties":{"c":"813643","o":"","e":""},"geometry":{"type":"Polygon","coordinates":[[[-93.0375,49.07917],[-93.0375,49.08333],[-93.03125,49.08333],[-93.03125,49.07917],[-93.0375,49.07917]]]}},{"type":"Feature","properties":{"c":"813590","o":"","e":""},"geometry":{"type":"Polygon","coordinates":[[[-93.03125,49.0875],[-93.03125,49.09167],[-93.025,49.09167],[-93.025,49.0875],[-93.03125,49.0875]]]}},{"type":"Feature","properties":{"c":"815986","o":"","e":""},"geometry":{"type":"Polygon","coordinates":[[[-93.1375,49.09583],[-93.1375,49.1],[-93.13125,49.1],[-93.13125,49.09583],[-93.1375,49.09583]]]}},{"type":"Feature","properties":{"c":"815989","o":"","e":""},"geometry":{"type":"Polygon","coordinates":[[[-93.11875,49.09583],[-93.11875,49.1],[-93.1125,49.1],[-93.1125,49.09583],[-93.11875,49.09583]]]}},{"type":"Feature","properties":{"c":"815976","o":"","e":""},"geometry":{"type":"Polygon","coordinates":[[[-93.05625,49.06667],[-93.05625,49.07083],[-93.05,49.07083],[-93.05,49.06667],[-93.05625,49.06667]]]}},{"type":"Feature","properties":{"c":"816004","o":"","e":""},"geometry":{"type":"Polygon","coordinates":[[[-93.1125,49.1],[-93.1125,49.10417],[-93.10625,49.10417],[-93.10625,49.1],[-93.1125,49.1]]]}},{"type":"Feature","properties":{"c":"816245","o":"","e":""},"geometry":{"type":"Polygon","coordinates":[[[-93.08125,49.125],[-93.08125,49.12917],[-93.075,49.12917],[-93.075,49.125],[-93.08125,49.125]]]}},{"type":"Feature","properties":{"c":"730336","o":"","e":""},"geometry":{"type":"Polygon","coordinates":[[[-93.05,49.14583],[-93.05,49.15],[-93.04375,49.15],[-93.04375,49.14583],[-93.05,49.14583]]]}},{"type":"Feature","properties":{"c":"730359","o":"","e":""},"geometry":{"type":"Polygon","coordinates":[[[-93.0375,49.15417],[-93.0375,49.15833],[-93.03125,49.15833],[-93.03125,49.15417],[-93.0375,49.15417]]]}},{"type":"Feature","properties":{"c":"760935","o":"","e":""},"geometry":{"type":"Polygon","coordinates":[[[-93.025,49.1125],[-93.025,49.11667],[-93.01875,49.11667],[-93.01875,49.1125],[-93.025,49.1125]]]}},{"type":"Feature","properties":{"c":"813612","o":"","e":""},"geometry":{"type":"Polygon","coordinates":[[[-93.05,49.08333],[-93.05,49.0875],[-93.04375,49.0875],[-93.04375,49.08333],[-93.05,49.08333]]]}},{"type":"Feature","properties":{"c":"720006","o":"","e":""},"geometry":{"type":"Polygon","coordinates":[[[-93.03125,49.10833],[-93.03125,49.1125],[-93.025,49.1125],[-93.025,49.10833],[-93.03125,49.10833]]]}},{"type":"Feature","properties":{"c":"813651","o":"","e":""},"geometry":{"type":"Polygon","coordinates":[[[-93.06875,49.07083],[-93.06875,49.075],[-93.0625,49.075],[-93.0625,49.07083],[-93.06875,49.07083]]]}},{"type":"Feature","properties":{"c":"813617","o":"","e":""},"geometry":{"type":"Polygon","coordinates":[[[-93.025,49.07917],[-93.025,49.08333],[-93.01875,49.08333],[-93.01875,49.07917],[-93.025,49.07917]]]}},{"type":"Feature","properties":{"c":"813583","o":"","e":""},"geometry":{"type":"Polygon","coordinates":[[[-93.05,49.09583],[-93.05,49.1],[-93.04375,49.1],[-93.04375,49.09583],[-93.05,49.09583]]]}},{"type":"Feature","properties":{"c":"813594","o":"","e":""},"geometry":{"type":"Polygon","coordinates":[[[-93.0375,49.09167],[-93.0375,49.09583],[-93.03125,49.09583],[-93.03125,49.09167],[-93.0375,49.09167]]]}},{"type":"Feature","properties":{"c":"813602","o":"","e":""},"geometry":{"type":"Polygon","coordinates":[[[-93.06875,49.13333],[-93.06875,49.1375],[-93.0625,49.1375],[-93.0625,49.13333],[-93.06875,49.13333]]]}},{"type":"Feature","properties":{"c":"813667","o":"","e":""},"geometry":{"type":"Polygon","coordinates":[[[-93.01875,49.15417],[-93.01875,49.15833],[-93.0125,49.15833],[-93.0125,49.15417],[-93.01875,49.15417]]]}},{"type":"Feature","properties":{"c":"900789","o":"","e":""},"geometry":{"type":"Polygon","coordinates":[[[-93.125,49.14167],[-93.125,49.14583],[-93.11875,49.14583],[-93.11875,49.14167],[-93.125,49.14167]]]}},{"type":"Feature","properties":{"c":"815991","o":"","e":""},"geometry":{"type":"Polygon","coordinates":[[[-93.10625,49.09583],[-93.10625,49.1],[-93.1,49.1],[-93.1,49.09583],[-93.10625,49.09583]]]}},{"type":"Feature","properties":{"c":"816015","o":"","e":""},"geometry":{"type":"Polygon","coordinates":[[[-93.09375,49.10417],[-93.09375,49.10833],[-93.0875,49.10833],[-93.0875,49.10417],[-93.09375,49.10417]]]}},{"type":"Feature","properties":{"c":"815994","o":"","e":""},"geometry":{"type":"Polygon","coordinates":[[[-93.0875,49.09583],[-93.0875,49.1],[-93.08125,49.1],[-93.08125,49.09583],[-93.0875,49.09583]]]}},{"type":"Feature","properties":{"c":"816001","o":"","e":""},"geometry":{"type":"Polygon","coordinates":[[[-93.13125,49.1],[-93.13125,49.10417],[-93.125,49.10417],[-93.125,49.1],[-93.13125,49.1]]]}},{"type":"Feature","properties":{"c":"816018","o":"","e":""},"geometry":{"type":"Polygon","coordinates":[[[-93.075,49.10417],[-93.075,49.10833],[-93.06875,49.10833],[-93.06875,49.10417],[-93.075,49.10417]]]}},{"type":"Feature","properties":{"c":"816024","o":"","e":""},"geometry":{"type":"Polygon","coordinates":[[[-93.0875,49.10833],[-93.0875,49.1125],[-93.08125,49.1125],[-93.08125,49.10833],[-93.0875,49.10833]]]}},{"type":"Feature","properties":{"c":"760953","o":"","e":""},"geometry":{"type":"Polygon","coordinates":[[[-93.04375,49.1],[-93.04375,49.10417],[-93.0375,49.10417],[-93.0375,49.1],[-93.04375,49.1]]]}},{"type":"Feature","properties":{"c":"760957","o":"","e":""},"geometry":{"type":"Polygon","coordinates":[[[-93.00625,49.10417],[-93.00625,49.10833],[-93.0,49.10833],[-93.0,49.10417],[-93.00625,49.10417]]]}},{"type":"Feature","properties":{"c":"818406","o":"","e":""},"geometry":{"type":"Polygon","coordinates":[[[-93.03125,49.15833],[-93.03125,49.1625],[-93.025,49.1625],[-93.025,49.15833],[-93.03125,49.15833]]]}},{"type":"Feature","properties":{"c":"818423","o":"","e":""},"geometry":{"type":"Polygon","coordinates":[[[-93.00625,49.175],[-93.00625,49.17917],[-93.0,49.17917],[-93.0,49.175],[-93.00625,49.175]]]}},{"type":"Feature","properties":{"c":"816181","o":"","e":""},"geometry":{"type":"Polygon","coordinates":[[[-93.05,49.0],[-93.05,49.00417],[-93.04375,49.00417],[-93.04375,49.0],[-93.05,49.0]]]}},{"type":"Feature","properties":{"c":"816183","o":"","e":""},"geometry":{"type":"Polygon","coordinates":[[[-93.04375,49.0],[-93.04375,49.00417],[-93.0375,49.00417],[-93.0375,49.0],[-93.04375,49.0]]]}},{"type":"Feature","properties":{"c":"816185","o":"","e":""},"geometry":{"type":"Polygon","coordinates":[[[-93.0375,49.0],[-93.0375,49.00417],[-93.03125,49.00417],[-93.03125,49.0],[-93.0375,49.0]]]}},{"type":"Feature","properties":{"c":"816187","o":"","e":""},"geometry":{"type":"Polygon","coordinates":[[[-93.03125,49.0],[-93.03125,49.00417],[-93.025,49.00417],[-93.025,49.0],[-93.03125,49.0]]]}},{"type":"Feature","properties":{"c":"816189","o":"","e":""},"geometry":{"type":"Polygon","coordinates":[[[-93.025,49.0],[-93.025,49.00417],[-93.01875,49.00417],[-93.01875,49.0],[-93.025,49.0]]]}},{"type":"Feature","properties":{"c":"818154","o":"","e":""},"geometry":{"type":"Polygon","coordinates":[[[-93.00625,49.15],[-93.00625,49.15417],[-93.0,49.15417],[-93.0,49.15],[-93.00625,49.15]]]}},{"type":"Feature","properties":{"c":"816191","o":"","e":""},"geometry":{"type":"Polygon","coordinates":[[[-93.025,49.00417],[-93.025,49.00833],[-93.01875,49.00833],[-93.01875,49.00417],[-93.025,49.00417]]]}},{"type":"Feature","properties":{"c":"816270","o":"","e":""},"geometry":{"type":"Polygon","coordinates":[[[-93.225,49.09583],[-93.225,49.1],[-93.21875,49.1],[-93.21875,49.09583],[-93.225,49.09583]]]}},{"type":"Feature","properties":{"c":"816271","o":"","e":""},"geometry":{"type":"Polygon","coordinates":[[[-93.21875,49.09583],[-93.21875,49.1],[-93.2125,49.1],[-93.2125,49.09583],[-93.21875,49.09583]]]}},{"type":"Feature","properties":{"c":"816274","o":"","e":""},"geometry":{"type":"Polygon","coordinates":[[[-93.2,49.09583],[-93.2,49.1],[-93.19375,49.1],[-93.19375,49.09583],[-93.2,49.09583]]]}},{"type":"Feature","properties":{"c":"816275","o":"","e":""},"geometry":{"type":"Polygon","coordinates":[[[-93.19375,49.09583],[-93.19375,49.1],[-93.1875,49.1],[-93.1875,49.09583],[-93.19375,49.09583]]]}},{"type":"Feature","properties":{"c":"816276","o":"","e":""},"geometry":{"type":"Polygon","coordinates":[[[-93.225,49.1],[-93.225,49.10417],[-93.21875,49.10417],[-93.21875,49.1],[-93.225,49.1]]]}},{"type":"Feature","properties":{"c":"816277","o":"","e":""},"geometry":{"type":"Polygon","coordinates":[[[-93.21875,49.1],[-93.21875,49.10417],[-93.2125,49.10417],[-93.2125,49.1],[-93.21875,49.1]]]}},{"type":"Feature","properties":{"c":"816272","o":"","e":""},"geometry":{"type":"Polygon","coordinates":[[[-93.2125,49.09583],[-93.2125,49.1],[-93.20625,49.1],[-93.20625,49.09583],[-93.2125,49.09583]]]}},{"type":"Feature","properties":{"c":"816273","o":"","e":""},"geometry":{"type":"Polygon","coordinates":[[[-93.20625,49.09583],[-93.20625,49.1],[-93.2,49.1],[-93.2,49.09583],[-93.20625,49.09583]]]}},{"type":"Feature","properties":{"c":"344189","o":"","e":""},"geometry":{"type":"Polygon","coordinates":[[[-93.46875,49.18333],[-93.46875,49.1875],[-93.4625,49.1875],[-93.4625,49.18333],[-93.46875,49.18333]]]}},{"type":"Feature","properties":{"c":"345058","o":"","e":""},"geometry":{"type":"Polygon","coordinates":[[[-93.33125,49.15833],[-93.33125,49.1625],[-93.325,49.1625],[-93.325,49.15833],[-93.33125,49.15833]]]}},{"type":"Feature","properties":{"c":"342634","o":"","e":""},"geometry":{"type":"Polygon","coordinates":[[[-93.4875,49.175],[-93.4875,49.17917],[-93.48125,49.17917],[-93.48125,49.175],[-93.4875,49.175]]]}},{"type":"Feature","properties":{"c":"342635","o":"","e":""},"geometry":{"type":"Polygon","coordinates":[[[-93.5,49.17083],[-93.5,49.175],[-93.49375,49.175],[-93.49375,49.17083],[-93.5,49.17083]]]}},{"type":"Feature","properties":{"c":"343804","o":"","e":""},"geometry":{"type":"Polygon","coordinates":[[[-93.45625,49.18333],[-93.45625,49.1875],[-93.45,49.1875],[-93.45,49.18333],[-93.45625,49.18333]]]}},{"type":"Feature","properties":{"c":"816278","o":"","e":""},"geometry":{"type":"Polygon","coordinates":[[[-93.2125,49.1],[-93.2125,49.10417],[-93.20625,49.10417],[-93.20625,49.1],[-93.2125,49.1]]]}},{"type":"Feature","properties":{"c":"816279","o":"","e":""},"geometry":{"type":"Polygon","coordinates":[[[-93.20625,49.1],[-93.20625,49.10417],[-93.2,49.10417],[-93.2,49.1],[-93.20625,49.1]]]}},{"type":"Feature","properties":{"c":"816280","o":"","e":""},"geometry":{"type":"Polygon","coordinates":[[[-93.2,49.1],[-93.2,49.10417],[-93.19375,49.10417],[-93.19375,49.1],[-93.2,49.1]]]}},{"type":"Feature","properties":{"c":"816281","o":"","e":""},"geometry":{"type":"Polygon","coordinates":[[[-93.19375,49.1],[-93.19375,49.10417],[-93.1875,49.10417],[-93.1875,49.1],[-93.19375,49.1]]]}},{"type":"Feature","properties":{"c":"816282","o":"","e":""},"geometry":{"type":"Polygon","coordinates":[[[-93.225,49.10417],[-93.225,49.10833],[-93.21875,49.10833],[-93.21875,49.10417],[-93.225,49.10417]]]}},{"type":"Feature","properties":{"c":"341970","o":"","e":""},"geometry":{"type":"Polygon","coordinates":[[[-93.39375,49.12917],[-93.39375,49.13333],[-93.3875,49.13333],[-93.3875,49.12917],[-93.39375,49.12917]]]}},{"type":"Feature","properties":{"c":"816285","o":"","e":""},"geometry":{"type":"Polygon","coordinates":[[[-93.20625,49.10417],[-93.20625,49.10833],[-93.2,49.10833],[-93.2,49.10417],[-93.20625,49.10417]]]}},{"type":"Feature","properties":{"c":"816283","o":"","e":""},"geometry":{"type":"Polygon","coordinates":[[[-93.21875,49.10417],[-93.21875,49.10833],[-93.2125,49.10833],[-93.2125,49.10417],[-93.21875,49.10417]]]}},{"type":"Feature","properties":{"c":"816284","o":"","e":""},"geometry":{"type":"Polygon","coordinates":[[[-93.2125,49.10417],[-93.2125,49.10833],[-93.20625,49.10833],[-93.20625,49.10417],[-93.2125,49.10417]]]}},{"type":"Feature","properties":{"c":"816288","o":"","e":""},"geometry":{"type":"Polygon","coordinates":[[[-93.2375,49.10833],[-93.2375,49.1125],[-93.23125,49.1125],[-93.23125,49.10833],[-93.2375,49.10833]]]}},{"type":"Feature","properties":{"c":"816291","o":"","e":""},"geometry":{"type":"Polygon","coordinates":[[[-93.21875,49.10833],[-93.21875,49.1125],[-93.2125,49.1125],[-93.2125,49.10833],[-93.21875,49.10833]]]}},{"type":"Feature","properties":{"c":"816289","o":"","e":""},"geometry":{"type":"Polygon","coordinates":[[[-93.23125,49.10833],[-93.23125,49.1125],[-93.225,49.1125],[-93.225,49.10833],[-93.23125,49.10833]]]}},{"type":"Feature","properties":{"c":"816290","o":"","e":""},"geometry":{"type":"Polygon","coordinates":[[[-93.225,49.10833],[-93.225,49.1125],[-93.21875,49.1125],[-93.21875,49.10833],[-93.225,49.10833]]]}},{"type":"Feature","properties":{"c":"816292","o":"","e":""},"geometry":{"type":"Polygon","coordinates":[[[-93.2125,49.10833],[-93.2125,49.1125],[-93.20625,49.1125],[-93.20625,49.10833],[-93.2125,49.10833]]]}},{"type":"Feature","properties":{"c":"816293","o":"","e":""},"geometry":{"type":"Polygon","coordinates":[[[-93.20625,49.10833],[-93.20625,49.1125],[-93.2,49.1125],[-93.2,49.10833],[-93.20625,49.10833]]]}},{"type":"Feature","properties":{"c":"816295","o":"","e":""},"geometry":{"type":"Polygon","coordinates":[[[-93.2375,49.1125],[-93.2375,49.11667],[-93.23125,49.11667],[-93.23125,49.1125],[-93.2375,49.1125]]]}},{"type":"Feature","properties":{"c":"816296","o":"","e":""},"geometry":{"type":"Polygon","coordinates":[[[-93.23125,49.1125],[-93.23125,49.11667],[-93.225,49.11667],[-93.225,49.1125],[-93.23125,49.1125]]]}},{"type":"Feature","properties":{"c":"760968","o":"","e":""},"geometry":{"type":"Polygon","coordinates":[[[-93.0375,49.10417],[-93.0375,49.10833],[-93.03125,49.10833],[-93.03125,49.10417],[-93.0375,49.10417]]]}},{"type":"Feature","properties":{"c":"760969","o":"","e":""},"geometry":{"type":"Polygon","coordinates":[[[-93.01875,49.10417],[-93.01875,49.10833],[-93.0125,49.10833],[-93.0125,49.10417],[-93.01875,49.10417]]]}},{"type":"Feature","properties":{"c":"818414","o":"","e":""},"geometry":{"type":"Polygon","coordinates":[[[-93.01875,49.16667],[-93.01875,49.17083],[-93.0125,49.17083],[-93.0125,49.16667],[-93.01875,49.16667]]]}},{"type":"Feature","properties":{"c":"818418","o":"","e":""},"geometry":{"type":"Polygon","coordinates":[[[-93.0125,49.17083],[-93.0125,49.175],[-93.00625,49.175],[-93.00625,49.17083],[-93.0125,49.17083]]]}},{"type":"Feature","properties":{"c":"783914","o":"","e":""},"geometry":{"type":"Polygon","coordinates":[[[-93.19375,49.10833],[-93.19375,49.1125],[-93.1875,49.1125],[-93.1875,49.10833],[-93.19375,49.10833]]]}},{"type":"Feature","properties":{"c":"816009","o":"","e":""},"geometry":{"type":"Polygon","coordinates":[[[-93.08125,49.1],[-93.08125,49.10417],[-93.075,49.10417],[-93.075,49.1],[-93.08125,49.1]]]}},{"type":"Feature","properties":{"c":"816033","o":"","e":""},"geometry":{"type":"Polygon","coordinates":[[[-93.05625,49.15417],[-93.05625,49.15833],[-93.05,49.15833],[-93.05,49.15417],[-93.05625,49.15417]]]}},{"type":"Feature","properties":{"c":"815878","o":"","e":""},"geometry":{"type":"Polygon","coordinates":[[[-93.075,49.14167],[-93.075,49.14583],[-93.06875,49.14583],[-93.06875,49.14167],[-93.075,49.14167]]]}},{"type":"Feature","properties":{"c":"815913","o":"","e":""},"geometry":{"type":"Polygon","coordinates":[[[-93.075,49.07917],[-93.075,49.08333],[-93.06875,49.08333],[-93.06875,49.07917],[-93.075,49.07917]]]}},{"type":"Feature","properties":{"c":"718770","o":"","e":""},"geometry":{"type":"Polygon","coordinates":[[[-93.00625,49.125],[-93.00625,49.12917],[-93.0,49.12917],[-93.0,49.125],[-93.00625,49.125]]]}},{"type":"Feature","properties":{"c":"816230","o":"","e":""},"geometry":{"type":"Polygon","coordinates":[[[-93.0875,49.13333],[-93.0875,49.1375],[-93.08125,49.1375],[-93.08125,49.13333],[-93.0875,49.13333]]]}},{"type":"Feature","properties":{"c":"343904","o":"","e":""},"geometry":{"type":"Polygon","coordinates":[[[-93.48125,49.1875],[-93.48125,49.19167],[-93.475,49.19167],[-93.475,49.1875],[-93.48125,49.1875]]]}},{"type":"Feature","properties":{"c":"342317","o":"","e":""},"geometry":{"type":"Polygon","coordinates":[[[-93.39375,49.20417],[-93.39375,49.20833],[-93.3875,49.20833],[-93.3875,49.20417],[-93.39375,49.20417]]]}},{"type":"Feature","properties":{"c":"341899","o":"","e":""},"geometry":{"type":"Polygon","coordinates":[[[-93.3375,49.16667],[-93.3375,49.17083],[-93.33125,49.17083],[-93.33125,49.16667],[-93.3375,49.16667]]]}},{"type":"Feature","properties":{"c":"816239","o":"","e":""},"geometry":{"type":"Polygon","coordinates":[[[-93.075,49.12917],[-93.075,49.13333],[-93.06875,49.13333],[-93.06875,49.12917],[-93.075,49.12917]]]}},{"type":"Feature","properties":{"c":"730340","o":"","e":""},"geometry":{"type":"Polygon","coordinates":[[[-93.05625,49.14167],[-93.05625,49.14583],[-93.05,49.14583],[-93.05,49.14167],[-93.05625,49.14167]]]}},{"type":"Feature","properties":{"c":"760952","o":"","e":""},"geometry":{"type":"Polygon","coordinates":[[[-93.00625,49.1125],[-93.00625,49.11667],[-93.0,49.11667],[-93.0,49.1125],[-93.00625,49.1125]]]}},{"type":"Feature","properties":{"c":"816199","o":"","e":""},"geometry":{"type":"Polygon","coordinates":[[[-93.05,49.19167],[-93.05,49.19583],[-93.04375,49.19583],[-93.04375,49.19167],[-93.05,49.19167]]]}},{"type":"Feature","properties":{"c":"816250","o":"","e":""},"geometry":{"type":"Polygon","coordinates":[[[-93.1,49.12083],[-93.1,49.125],[-93.09375,49.125],[-93.09375,49.12083],[-93.1,49.12083]]]}},{"type":"Feature","properties":{"c":"341474","o":"","e":""},"geometry":{"type":"Polygon","coordinates":[[[-93.36875,49.15417],[-93.36875,49.15833],[-93.3625,49.15833],[-93.3625,49.15417],[-93.36875,49.15417]]]}},{"type":"Feature","properties":{"c":"343363","o":"","e":""},"geometry":{"type":"Polygon","coordinates":[[[-93.38125,49.15833],[-93.38125,49.1625],[-93.375,49.1625],[-93.375,49.15833],[-93.38125,49.15833]]]}},{"type":"Feature","properties":{"c":"343364","o":"","e":""},"geometry":{"type":"Polygon","coordinates":[[[-93.4,49.15417],[-93.4,49.15833],[-93.39375,49.15833],[-93.39375,49.15417],[-93.4,49.15417]]]}},{"type":"Feature","properties":{"c":"343380","o":"","e":""},"geometry":{"type":"Polygon","coordinates":[[[-93.3875,49.17917],[-93.3875,49.18333],[-93.38125,49.18333],[-93.38125,49.17917],[-93.3875,49.17917]]]}},{"type":"Feature","properties":{"c":"343381","o":"","e":""},"geometry":{"type":"Polygon","coordinates":[[[-93.39375,49.17917],[-93.39375,49.18333],[-93.3875,49.18333],[-93.3875,49.17917],[-93.39375,49.17917]]]}},{"type":"Feature","properties":{"c":"343382","o":"","e":""},"geometry":{"type":"Polygon","coordinates":[[[-93.48125,49.2],[-93.48125,49.20417],[-93.475,49.20417],[-93.475,49.2],[-93.48125,49.2]]]}},{"type":"Feature","properties":{"c":"343386","o":"","e":""},"geometry":{"type":"Polygon","coordinates":[[[-93.3625,49.175],[-93.3625,49.17917],[-93.35625,49.17917],[-93.35625,49.175],[-93.3625,49.175]]]}},{"type":"Feature","properties":{"c":"818151","o":"","e":""},"geometry":{"type":"Polygon","coordinates":[[[-93.0125,49.15833],[-93.0125,49.1625],[-93.00625,49.1625],[-93.00625,49.15833],[-93.0125,49.15833]]]}},{"type":"Feature","properties":{"c":"818453","o":"","e":""},"geometry":{"type":"Polygon","coordinates":[[[-93.03125,49.17083],[-93.03125,49.175],[-93.025,49.175],[-93.025,49.17083],[-93.03125,49.17083]]]}},{"type":"Feature","properties":{"c":"813560","o":"","e":""},"geometry":{"type":"Polygon","coordinates":[[[-93.03125,49.09583],[-93.03125,49.1],[-93.025,49.1],[-93.025,49.09583],[-93.03125,49.09583]]]}},{"type":"Feature","properties":{"c":"813569","o":"","e":""},"geometry":{"type":"Polygon","coordinates":[[[-93.01875,49.09583],[-93.01875,49.1],[-93.0125,49.1],[-93.0125,49.09583],[-93.01875,49.09583]]]}},{"type":"Feature","properties":{"c":"813579","o":"","e":""},"geometry":{"type":"Polygon","coordinates":[[[-93.025,49.09167],[-93.025,49.09583],[-93.01875,49.09583],[-93.01875,49.09167],[-93.025,49.09167]]]}},{"type":"Feature","properties":{"c":"339655","o":"","e":""},"geometry":{"type":"Polygon","coordinates":[[[-93.3375,49.20417],[-93.3375,49.20833],[-93.33125,49.20833],[-93.33125,49.20417],[-93.3375,49.20417]]]}},{"type":"Feature","properties":{"c":"339656","o":"","e":""},"geometry":{"type":"Polygon","coordinates":[[[-93.35,49.2],[-93.35,49.20417],[-93.34375,49.20417],[-93.34375,49.2],[-93.35,49.2]]]}},{"type":"Feature","properties":{"c":"342409","o":"","e":""},"geometry":{"type":"Polygon","coordinates":[[[-93.3875,49.1375],[-93.3875,49.14167],[-93.38125,49.14167],[-93.38125,49.1375],[-93.3875,49.1375]]]}},{"type":"Feature","properties":{"c":"342708","o":"","e":""},"geometry":{"type":"Polygon","coordinates":[[[-93.41875,49.20417],[-93.41875,49.20833],[-93.4125,49.20833],[-93.4125,49.20417],[-93.41875,49.20417]]]}},{"type":"Feature","properties":{"c":"815861","o":"","e":""},"geometry":{"type":"Polygon","coordinates":[[[-93.0625,49.15],[-93.0625,49.15417],[-93.05625,49.15417],[-93.05625,49.15],[-93.0625,49.15]]]}},{"type":"Feature","properties":{"c":"815895","o":"","e":""},"geometry":{"type":"Polygon","coordinates":[[[-93.075,49.06667],[-93.075,49.07083],[-93.06875,49.07083],[-93.06875,49.06667],[-93.075,49.06667]]]}},{"type":"Feature","properties":{"c":"815797","o":"","e":""},"geometry":{"type":"Polygon","coordinates":[[[-93.1625,49.10417],[-93.1625,49.10833],[-93.15625,49.10833],[-93.15625,49.10417],[-93.1625,49.10417]]]}},{"type":"Feature","properties":{"c":"816252","o":"","e":""},"geometry":{"type":"Polygon","coordinates":[[[-93.0875,49.12083],[-93.0875,49.125],[-93.08125,49.125],[-93.08125,49.12083],[-93.0875,49.12083]]]}},{"type":"Feature","properties":{"c":"816006","o":"","e":""},"geometry":{"type":"Polygon","coordinates":[[[-93.1,49.1],[-93.1,49.10417],[-93.09375,49.10417],[-93.09375,49.1],[-93.1,49.1]]]}},{"type":"Feature","properties":{"c":"816050","o":"","e":""},"geometry":{"type":"Polygon","coordinates":[[[-93.04375,49.1625],[-93.04375,49.16667],[-93.0375,49.16667],[-93.0375,49.1625],[-93.04375,49.1625]]]}},{"type":"Feature","properties":{"c":"816268","o":"","e":""},"geometry":{"type":"Polygon","coordinates":[[[-93.08125,49.1125],[-93.08125,49.11667],[-93.075,49.11667],[-93.075,49.1125],[-93.08125,49.1125]]]}},{"type":"Feature","properties":{"c":"816262","o":"","e":""},"geometry":{"type":"Polygon","coordinates":[[[-93.075,49.11667],[-93.075,49.12083],[-93.06875,49.12083],[-93.06875,49.11667],[-93.075,49.11667]]]}},{"type":"Feature","properties":{"c":"816041","o":"","e":""},"geometry":{"type":"Polygon","coordinates":[[[-93.05,49.15833],[-93.05,49.1625],[-93.04375,49.1625],[-93.04375,49.15833],[-93.05,49.15833]]]}},{"type":"Feature","properties":{"c":"816265","o":"","e":""},"geometry":{"type":"Polygon","coordinates":[[[-93.1,49.1125],[-93.1,49.11667],[-93.09375,49.11667],[-93.09375,49.1125],[-93.1,49.1125]]]}},{"type":"Feature","properties":{"c":"816318","o":"","e":""},"geometry":{"type":"Polygon","coordinates":[[[-93.225,49.12083],[-93.225,49.125],[-93.21875,49.125],[-93.21875,49.12083],[-93.225,49.12083]]]}},{"type":"Feature","properties":{"c":"816320","o":"","e":""},"geometry":{"type":"Polygon","coordinates":[[[-93.21875,49.12083],[-93.21875,49.125],[-93.2125,49.125],[-93.2125,49.12083],[-93.21875,49.12083]]]}},{"type":"Feature","properties":{"c":"816316","o":"","e":""},"geometry":{"type":"Polygon","coordinates":[[[-93.23125,49.12083],[-93.23125,49.125],[-93.225,49.125],[-93.225,49.12083],[-93.23125,49.12083]]]}},{"type":"Feature","properties":{"c":"816381","o":"","e":""},"geometry":{"type":"Polygon","coordinates":[[[-93.00625,49.07083],[-93.00625,49.075],[-93.0,49.075],[-93.0,49.07083],[-93.00625,49.07083]]]}},{"type":"Feature","properties":{"c":"816384","o":"","e":""},"geometry":{"type":"Polygon","coordinates":[[[-93.00625,49.06667],[-93.00625,49.07083],[-93.0,49.07083],[-93.0,49.06667],[-93.00625,49.06667]]]}},{"type":"Feature","properties":{"c":"816389","o":"","e":""},"geometry":{"type":"Polygon","coordinates":[[[-93.01875,49.0],[-93.01875,49.00417],[-93.0125,49.00417],[-93.0125,49.0],[-93.01875,49.0]]]}},{"type":"Feature","properties":{"c":"816390","o":"","e":""},"geometry":{"type":"Polygon","coordinates":[[[-93.0125,49.0],[-93.0125,49.00417],[-93.00625,49.00417],[-93.00625,49.0],[-93.0125,49.0]]]}},{"type":"Feature","properties":{"c":"816393","o":"","e":""},"geometry":{"type":"Polygon","coordinates":[[[-93.01875,49.00417],[-93.01875,49.00833],[-93.0125,49.00833],[-93.0125,49.00417],[-93.01875,49.00417]]]}},{"type":"Feature","properties":{"c":"816394","o":"","e":""},"geometry":{"type":"Polygon","coordinates":[[[-93.0125,49.00417],[-93.0125,49.00833],[-93.00625,49.00833],[-93.00625,49.00417],[-93.0125,49.00417]]]}},{"type":"Feature","properties":{"c":"816397","o":"","e":""},"geometry":{"type":"Polygon","coordinates":[[[-93.01875,49.00833],[-93.01875,49.0125],[-93.0125,49.0125],[-93.0125,49.00833],[-93.01875,49.00833]]]}},{"type":"Feature","properties":{"c":"816398","o":"","e":""},"geometry":{"type":"Polygon","coordinates":[[[-93.0125,49.00833],[-93.0125,49.0125],[-93.00625,49.0125],[-93.00625,49.00833],[-93.0125,49.00833]]]}},{"type":"Feature","properties":{"c":"816401","o":"","e":""},"geometry":{"type":"Polygon","coordinates":[[[-93.01875,49.0125],[-93.01875,49.01667],[-93.0125,49.01667],[-93.0125,49.0125],[-93.01875,49.0125]]]}},{"type":"Feature","properties":{"c":"816402","o":"","e":""},"geometry":{"type":"Polygon","coordinates":[[[-93.0125,49.0125],[-93.0125,49.01667],[-93.00625,49.01667],[-93.00625,49.0125],[-93.0125,49.0125]]]}},{"type":"Feature","properties":{"c":"816404","o":"","e":""},"geometry":{"type":"Polygon","coordinates":[[[-93.01875,49.01667],[-93.01875,49.02083],[-93.0125,49.02083],[-93.0125,49.01667],[-93.01875,49.01667]]]}},{"type":"Feature","properties":{"c":"816405","o":"","e":""},"geometry":{"type":"Polygon","coordinates":[[[-93.0125,49.01667],[-93.0125,49.02083],[-93.00625,49.02083],[-93.00625,49.01667],[-93.0125,49.01667]]]}},{"type":"Feature","properties":{"c":"816407","o":"","e":""},"geometry":{"type":"Polygon","coordinates":[[[-93.01875,49.02083],[-93.01875,49.025],[-93.0125,49.025],[-93.0125,49.02083],[-93.01875,49.02083]]]}},{"type":"Feature","properties":{"c":"816408","o":"","e":""},"geometry":{"type":"Polygon","coordinates":[[[-93.0125,49.02083],[-93.0125,49.025],[-93.00625,49.025],[-93.00625,49.02083],[-93.0125,49.02083]]]}},{"type":"Feature","properties":{"c":"816411","o":"","e":""},"geometry":{"type":"Polygon","coordinates":[[[-93.01875,49.025],[-93.01875,49.02917],[-93.0125,49.02917],[-93.0125,49.025],[-93.01875,49.025]]]}},{"type":"Feature","properties":{"c":"816412","o":"","e":""},"geometry":{"type":"Polygon","coordinates":[[[-93.0125,49.025],[-93.0125,49.02917],[-93.00625,49.02917],[-93.00625,49.025],[-93.0125,49.025]]]}},{"type":"Feature","properties":{"c":"816423","o":"","e":""},"geometry":{"type":"Polygon","coordinates":[[[-93.01875,49.0375],[-93.01875,49.04167],[-93.0125,49.04167],[-93.0125,49.0375],[-93.01875,49.0375]]]}},{"type":"Feature","properties":{"c":"816424","o":"","e":""},"geometry":{"type":"Polygon","coordinates":[[[-93.0125,49.0375],[-93.0125,49.04167],[-93.00625,49.04167],[-93.00625,49.0375],[-93.0125,49.0375]]]}},{"type":"Feature","properties":{"c":"816425","o":"","e":""},"geometry":{"type":"Polygon","coordinates":[[[-93.13125,49.05833],[-93.13125,49.0625],[-93.125,49.0625],[-93.125,49.05833],[-93.13125,49.05833]]]}},{"type":"Feature","properties":{"c":"816426","o":"","e":""},"geometry":{"type":"Polygon","coordinates":[[[-93.1375,49.0625],[-93.1375,49.06667],[-93.13125,49.06667],[-93.13125,49.0625],[-93.1375,49.0625]]]}},{"type":"Feature","properties":{"c":"816428","o":"","e":""},"geometry":{"type":"Polygon","coordinates":[[[-93.13125,49.0625],[-93.13125,49.06667],[-93.125,49.06667],[-93.125,49.0625],[-93.13125,49.0625]]]}},{"type":"Feature","properties":{"c":"816429","o":"","e":""},"geometry":{"type":"Polygon","coordinates":[[[-93.14375,49.06667],[-93.14375,49.07083],[-93.1375,49.07083],[-93.1375,49.06667],[-93.14375,49.06667]]]}},{"type":"Feature","properties":{"c":"816431","o":"","e":""},"geometry":{"type":"Polygon","coordinates":[[[-93.1375,49.06667],[-93.1375,49.07083],[-93.13125,49.07083],[-93.13125,49.06667],[-93.1375,49.06667]]]}},{"type":"Feature","properties":{"c":"816432","o":"","e":""},"geometry":{"type":"Polygon","coordinates":[[[-93.01875,49.04167],[-93.01875,49.04583],[-93.0125,49.04583],[-93.0125,49.04167],[-93.01875,49.04167]]]}},{"type":"Feature","properties":{"c":"816433","o":"","e":""},"geometry":{"type":"Polygon","coordinates":[[[-93.13125,49.06667],[-93.13125,49.07083],[-93.125,49.07083],[-93.125,49.06667],[-93.13125,49.06667]]]}},{"type":"Feature","properties":{"c":"816434","o":"","e":""},"geometry":{"type":"Polygon","coordinates":[[[-93.175,49.07083],[-93.175,49.075],[-93.16875,49.075],[-93.16875,49.07083],[-93.175,49.07083]]]}},{"type":"Feature","properties":{"c":"816415","o":"","e":""},"geometry":{"type":"Polygon","coordinates":[[[-93.01875,49.02917],[-93.01875,49.03333],[-93.0125,49.03333],[-93.0125,49.02917],[-93.01875,49.02917]]]}},{"type":"Feature","properties":{"c":"816416","o":"","e":""},"geometry":{"type":"Polygon","coordinates":[[[-93.0125,49.02917],[-93.0125,49.03333],[-93.00625,49.03333],[-93.00625,49.02917],[-93.0125,49.02917]]]}},{"type":"Feature","properties":{"c":"816419","o":"","e":""},"geometry":{"type":"Polygon","coordinates":[[[-93.01875,49.03333],[-93.01875,49.0375],[-93.0125,49.0375],[-93.0125,49.03333],[-93.01875,49.03333]]]}},{"type":"Feature","properties":{"c":"816420","o":"","e":""},"geometry":{"type":"Polygon","coordinates":[[[-93.0125,49.03333],[-93.0125,49.0375],[-93.00625,49.0375],[-93.00625,49.03333],[-93.0125,49.03333]]]}},{"type":"Feature","properties":{"c":"816304","o":"","e":""},"geometry":{"type":"Polygon","coordinates":[[[-93.2375,49.11667],[-93.2375,49.12083],[-93.23125,49.12083],[-93.23125,49.11667],[-93.2375,49.11667]]]}},{"type":"Feature","properties":{"c":"816305","o":"","e":""},"geometry":{"type":"Polygon","coordinates":[[[-93.23125,49.11667],[-93.23125,49.12083],[-93.225,49.12083],[-93.225,49.11667],[-93.23125,49.11667]]]}},{"type":"Feature","properties":{"c":"816297","o":"","e":""},"geometry":{"type":"Polygon","coordinates":[[[-93.225,49.1125],[-93.225,49.11667],[-93.21875,49.11667],[-93.21875,49.1125],[-93.225,49.1125]]]}},{"type":"Feature","properties":{"c":"816298","o":"","e":""},"geometry":{"type":"Polygon","coordinates":[[[-93.21875,49.1125],[-93.21875,49.11667],[-93.2125,49.11667],[-93.2125,49.1125],[-93.21875,49.1125]]]}},{"type":"Feature","properties":{"c":"816306","o":"","e":""},"geometry":{"type":"Polygon","coordinates":[[[-93.225,49.11667],[-93.225,49.12083],[-93.21875,49.12083],[-93.21875,49.11667],[-93.225,49.11667]]]}},{"type":"Feature","properties":{"c":"816307","o":"","e":""},"geometry":{"type":"Polygon","coordinates":[[[-93.21875,49.11667],[-93.21875,49.12083],[-93.2125,49.12083],[-93.2125,49.11667],[-93.21875,49.11667]]]}},{"type":"Feature","properties":{"c":"816308","o":"","e":""},"geometry":{"type":"Polygon","coordinates":[[[-93.2125,49.11667],[-93.2125,49.12083],[-93.20625,49.12083],[-93.20625,49.11667],[-93.2125,49.11667]]]}},{"type":"Feature","properties":{"c":"816309","o":"","e":""},"geometry":{"type":"Polygon","coordinates":[[[-93.20625,49.11667],[-93.20625,49.12083],[-93.2,49.12083],[-93.2,49.11667],[-93.20625,49.11667]]]}},{"type":"Feature","properties":{"c":"816314","o":"","e":""},"geometry":{"type":"Polygon","coordinates":[[[-93.2375,49.12083],[-93.2375,49.125],[-93.23125,49.125],[-93.23125,49.12083],[-93.2375,49.12083]]]}},{"type":"Feature","properties":{"c":"816299","o":"","e":""},"geometry":{"type":"Polygon","coordinates":[[[-93.2125,49.1125],[-93.2125,49.11667],[-93.20625,49.11667],[-93.20625,49.1125],[-93.2125,49.1125]]]}},{"type":"Feature","properties":{"c":"816300","o":"","e":""},"geometry":{"type":"Polygon","coordinates":[[[-93.20625,49.1125],[-93.20625,49.11667],[-93.2,49.11667],[-93.2,49.1125],[-93.20625,49.1125]]]}},{"type":"Feature","properties":{"c":"731426","o":"","e":""},"geometry":{"type":"Polygon","coordinates":[[[-93.125,49.19167],[-93.125,49.19583],[-93.11875,49.19583],[-93.11875,49.19167],[-93.125,49.19167]]]}},{"type":"Feature","properties":{"c":"731427","o":"","e":""},"geometry":{"type":"Polygon","coordinates":[[[-93.11875,49.19167],[-93.11875,49.19583],[-93.1125,49.19583],[-93.1125,49.19167],[-93.11875,49.19167]]]}},{"type":"Feature","properties":{"c":"816435","o":"","e":""},"geometry":{"type":"Polygon","coordinates":[[[-93.0125,49.04167],[-93.0125,49.04583],[-93.00625,49.04583],[-93.00625,49.04167],[-93.0125,49.04167]]]}},{"type":"Feature","properties":{"c":"816436","o":"","e":""},"geometry":{"type":"Polygon","coordinates":[[[-93.16875,49.07083],[-93.16875,49.075],[-93.1625,49.075],[-93.1625,49.07083],[-93.16875,49.07083]]]}},{"type":"Feature","properties":{"c":"816439","o":"","e":""},"geometry":{"type":"Polygon","coordinates":[[[-93.15625,49.07083],[-93.15625,49.075],[-93.15,49.075],[-93.15,49.07083],[-93.15625,49.07083]]]}},{"type":"Feature","properties":{"c":"816440","o":"","e":""},"geometry":{"type":"Polygon","coordinates":[[[-93.15,49.07083],[-93.15,49.075],[-93.14375,49.075],[-93.14375,49.07083],[-93.15,49.07083]]]}},{"type":"Feature","properties":{"c":"816437","o":"","e":""},"geometry":{"type":"Polygon","coordinates":[[[-93.1625,49.07083],[-93.1625,49.075],[-93.15625,49.075],[-93.15625,49.07083],[-93.1625,49.07083]]]}},{"type":"Feature","properties":{"c":"816442","o":"","e":""},"geometry":{"type":"Polygon","coordinates":[[[-93.14375,49.07083],[-93.14375,49.075],[-93.1375,49.075],[-93.1375,49.07083],[-93.14375,49.07083]]]}},{"type":"Feature","properties":{"c":"816443","o":"","e":""},"geometry":{"type":"Polygon","coordinates":[[[-93.1375,49.07083],[-93.1375,49.075],[-93.13125,49.075],[-93.13125,49.07083],[-93.1375,49.07083]]]}},{"type":"Feature","properties":{"c":"816444","o":"","e":""},"geometry":{"type":"Polygon","coordinates":[[[-93.01875,49.04583],[-93.01875,49.05],[-93.0125,49.05],[-93.0125,49.04583],[-93.01875,49.04583]]]}},{"type":"Feature","properties":{"c":"816445","o":"","e":""},"geometry":{"type":"Polygon","coordinates":[[[-93.175,49.075],[-93.175,49.07917],[-93.16875,49.07917],[-93.16875,49.075],[-93.175,49.075]]]}},{"type":"Feature","properties":{"c":"816446","o":"","e":""},"geometry":{"type":"Polygon","coordinates":[[[-93.16875,49.075],[-93.16875,49.07917],[-93.1625,49.07917],[-93.1625,49.075],[-93.16875,49.075]]]}},{"type":"Feature","properties":{"c":"816448","o":"","e":""},"geometry":{"type":"Polygon","coordinates":[[[-93.1625,49.075],[-93.1625,49.07917],[-93.15625,49.07917],[-93.15625,49.075],[-93.1625,49.075]]]}},{"type":"Feature","properties":{"c":"816449","o":"","e":""},"geometry":{"type":"Polygon","coordinates":[[[-93.15625,49.075],[-93.15625,49.07917],[-93.15,49.07917],[-93.15,49.075],[-93.15625,49.075]]]}},{"type":"Feature","properties":{"c":"816451","o":"","e":""},"geometry":{"type":"Polygon","coordinates":[[[-93.15,49.075],[-93.15,49.07917],[-93.14375,49.07917],[-93.14375,49.075],[-93.15,49.075]]]}},{"type":"Feature","properties":{"c":"816452","o":"","e":""},"geometry":{"type":"Polygon","coordinates":[[[-93.14375,49.075],[-93.14375,49.07917],[-93.1375,49.07917],[-93.1375,49.075],[-93.14375,49.075]]]}},{"type":"Feature","properties":{"c":"816454","o":"","e":""},"geometry":{"type":"Polygon","coordinates":[[[-93.1375,49.075],[-93.1375,49.07917],[-93.13125,49.07917],[-93.13125,49.075],[-93.1375,49.075]]]}},{"type":"Feature","properties":{"c":"816455","o":"","e":""},"geometry":{"type":"Polygon","coordinates":[[[-93.175,49.07917],[-93.175,49.08333],[-93.16875,49.08333],[-93.16875,49.07917],[-93.175,49.07917]]]}},{"type":"Feature","properties":{"c":"816456","o":"","e":""},"geometry":{"type":"Polygon","coordinates":[[[-93.16875,49.07917],[-93.16875,49.08333],[-93.1625,49.08333],[-93.1625,49.07917],[-93.16875,49.07917]]]}},{"type":"Feature","properties":{"c":"816457","o":"","e":""},"geometry":{"type":"Polygon","coordinates":[[[-93.1625,49.07917],[-93.1625,49.08333],[-93.15625,49.08333],[-93.15625,49.07917],[-93.1625,49.07917]]]}},{"type":"Feature","properties":{"c":"816447","o":"","e":""},"geometry":{"type":"Polygon","coordinates":[[[-93.0125,49.04583],[-93.0125,49.05],[-93.00625,49.05],[-93.00625,49.04583],[-93.0125,49.04583]]]}},{"type":"Feature","properties":{"c":"816458","o":"","e":""},"geometry":{"type":"Polygon","coordinates":[[[-93.15625,49.07917],[-93.15625,49.08333],[-93.15,49.08333],[-93.15,49.07917],[-93.15625,49.07917]]]}},{"type":"Feature","properties":{"c":"816459","o":"","e":""},"geometry":{"type":"Polygon","coordinates":[[[-93.15,49.07917],[-93.15,49.08333],[-93.14375,49.08333],[-93.14375,49.07917],[-93.15,49.07917]]]}},{"type":"Feature","properties":{"c":"816460","o":"","e":""},"geometry":{"type":"Polygon","coordinates":[[[-93.14375,49.07917],[-93.14375,49.08333],[-93.1375,49.08333],[-93.1375,49.07917],[-93.14375,49.07917]]]}},{"type":"Feature","properties":{"c":"816461","o":"","e":""},"geometry":{"type":"Polygon","coordinates":[[[-93.1375,49.07917],[-93.1375,49.08333],[-93.13125,49.08333],[-93.13125,49.07917],[-93.1375,49.07917]]]}},{"type":"Feature","properties":{"c":"816462","o":"","e":""},"geometry":{"type":"Polygon","coordinates":[[[-93.18125,49.08333],[-93.18125,49.0875],[-93.175,49.0875],[-93.175,49.08333],[-93.18125,49.08333]]]}},{"type":"Feature","properties":{"c":"816463","o":"","e":""},"geometry":{"type":"Polygon","coordinates":[[[-93.175,49.08333],[-93.175,49.0875],[-93.16875,49.0875],[-93.16875,49.08333],[-93.175,49.08333]]]}},{"type":"Feature","properties":{"c":"816464","o":"","e":""},"geometry":{"type":"Polygon","coordinates":[[[-93.16875,49.08333],[-93.16875,49.0875],[-93.1625,49.0875],[-93.1625,49.08333],[-93.16875,49.08333]]]}},{"type":"Feature","properties":{"c":"816465","o":"","e":""},"geometry":{"type":"Polygon","coordinates":[[[-93.1625,49.08333],[-93.1625,49.0875],[-93.15625,49.0875],[-93.15625,49.08333],[-93.1625,49.08333]]]}},{"type":"Feature","properties":{"c":"816466","o":"","e":""},"geometry":{"type":"Polygon","coordinates":[[[-93.15625,49.08333],[-93.15625,49.0875],[-93.15,49.0875],[-93.15,49.08333],[-93.15625,49.08333]]]}},{"type":"Feature","properties":{"c":"816467","o":"","e":""},"geometry":{"type":"Polygon","coordinates":[[[-93.15,49.08333],[-93.15,49.0875],[-93.14375,49.0875],[-93.14375,49.08333],[-93.15,49.08333]]]}},{"type":"Feature","properties":{"c":"816468","o":"","e":""},"geometry":{"type":"Polygon","coordinates":[[[-93.14375,49.08333],[-93.14375,49.0875],[-93.1375,49.0875],[-93.1375,49.08333],[-93.14375,49.08333]]]}},{"type":"Feature","properties":{"c":"760934","o":"","e":""},"geometry":{"type":"Polygon","coordinates":[[[-93.01875,49.11667],[-93.01875,49.12083],[-93.0125,49.12083],[-93.0125,49.11667],[-93.01875,49.11667]]]}},{"type":"Feature","properties":{"c":"760956","o":"","e":""},"geometry":{"type":"Polygon","coordinates":[[[-93.0125,49.1],[-93.0125,49.10417],[-93.00625,49.10417],[-93.00625,49.1],[-93.0125,49.1]]]}},{"type":"Feature","properties":{"c":"760962","o":"","e":""},"geometry":{"type":"Polygon","coordinates":[[[-93.025,49.1],[-93.025,49.10417],[-93.01875,49.10417],[-93.01875,49.1],[-93.025,49.1]]]}},{"type":"Feature","properties":{"c":"818411","o":"","e":""},"geometry":{"type":"Polygon","coordinates":[[[-93.0375,49.16667],[-93.0375,49.17083],[-93.03125,49.17083],[-93.03125,49.16667],[-93.0375,49.16667]]]}},{"type":"Feature","properties":{"c":"816469","o":"","e":""},"geometry":{"type":"Polygon","coordinates":[[[-93.1375,49.08333],[-93.1375,49.0875],[-93.13125,49.0875],[-93.13125,49.08333],[-93.1375,49.08333]]]}},{"type":"Feature","properties":{"c":"816470","o":"","e":""},"geometry":{"type":"Polygon","coordinates":[[[-93.18125,49.0875],[-93.18125,49.09167],[-93.175,49.09167],[-93.175,49.0875],[-93.18125,49.0875]]]}},{"type":"Feature","properties":{"c":"816471","o":"","e":""},"geometry":{"type":"Polygon","coordinates":[[[-93.175,49.0875],[-93.175,49.09167],[-93.16875,49.09167],[-93.16875,49.0875],[-93.175,49.0875]]]}},{"type":"Feature","properties":{"c":"816472","o":"","e":""},"geometry":{"type":"Polygon","coordinates":[[[-93.16875,49.0875],[-93.16875,49.09167],[-93.1625,49.09167],[-93.1625,49.0875],[-93.16875,49.0875]]]}},{"type":"Feature","properties":{"c":"816473","o":"","e":""},"geometry":{"type":"Polygon","coordinates":[[[-93.1625,49.0875],[-93.1625,49.09167],[-93.15625,49.09167],[-93.15625,49.0875],[-93.1625,49.0875]]]}},{"type":"Feature","properties":{"c":"816474","o":"","e":""},"geometry":{"type":"Polygon","coordinates":[[[-93.15625,49.0875],[-93.15625,49.09167],[-93.15,49.09167],[-93.15,49.0875],[-93.15625,49.0875]]]}},{"type":"Feature","properties":{"c":"816475","o":"","e":""},"geometry":{"type":"Polygon","coordinates":[[[-93.15,49.0875],[-93.15,49.09167],[-93.14375,49.09167],[-93.14375,49.0875],[-93.15,49.0875]]]}},{"type":"Feature","properties":{"c":"816476","o":"","e":""},"geometry":{"type":"Polygon","coordinates":[[[-93.14375,49.0875],[-93.14375,49.09167],[-93.1375,49.09167],[-93.1375,49.0875],[-93.14375,49.0875]]]}},{"type":"Feature","properties":{"c":"816477","o":"","e":""},"geometry":{"type":"Polygon","coordinates":[[[-93.1375,49.0875],[-93.1375,49.09167],[-93.13125,49.09167],[-93.13125,49.0875],[-93.1375,49.0875]]]}},{"type":"Feature","properties":{"c":"816478","o":"","e":""},"geometry":{"type":"Polygon","coordinates":[[[-93.175,49.09167],[-93.175,49.09583],[-93.16875,49.09583],[-93.16875,49.09167],[-93.175,49.09167]]]}},{"type":"Feature","properties":{"c":"816479","o":"","e":""},"geometry":{"type":"Polygon","coordinates":[[[-93.16875,49.09167],[-93.16875,49.09583],[-93.1625,49.09583],[-93.1625,49.09167],[-93.16875,49.09167]]]}},{"type":"Feature","properties":{"c":"816480","o":"","e":""},"geometry":{"type":"Polygon","coordinates":[[[-93.1625,49.09167],[-93.1625,49.09583],[-93.15625,49.09583],[-93.15625,49.09167],[-93.1625,49.09167]]]}},{"type":"Feature","properties":{"c":"720458","o":"","e":""},"geometry":{"type":"Polygon","coordinates":[[[-93.075,49.24583],[-93.075,49.25],[-93.06875,49.25],[-93.06875,49.24583],[-93.075,49.24583]]]}},{"type":"Feature","properties":{"c":"720459","o":"","e":""},"geometry":{"type":"Polygon","coordinates":[[[-93.15,49.24583],[-93.15,49.25],[-93.14375,49.25],[-93.14375,49.24583],[-93.15,49.24583]]]}},{"type":"Feature","properties":{"c":"720460","o":"","e":""},"geometry":{"type":"Polygon","coordinates":[[[-93.1,49.24583],[-93.1,49.25],[-93.09375,49.25],[-93.09375,49.24583],[-93.1,49.24583]]]}},{"type":"Feature","properties":{"c":"720461","o":"","e":""},"geometry":{"type":"Polygon","coordinates":[[[-93.13125,49.24583],[-93.13125,49.25],[-93.125,49.25],[-93.125,49.24583],[-93.13125,49.24583]]]}},{"type":"Feature","properties":{"c":"720462","o":"","e":""},"geometry":{"type":"Polygon","coordinates":[[[-93.125,49.24583],[-93.125,49.25],[-93.11875,49.25],[-93.11875,49.24583],[-93.125,49.24583]]]}},{"type":"Feature","properties":{"c":"720463","o":"","e":""},"geometry":{"type":"Polygon","coordinates":[[[-93.10625,49.24583],[-93.10625,49.25],[-93.1,49.25],[-93.1,49.24583],[-93.10625,49.24583]]]}},{"type":"Feature","properties":{"c":"720464","o":"","e":""},"geometry":{"type":"Polygon","coordinates":[[[-93.08125,49.24583],[-93.08125,49.25],[-93.075,49.25],[-93.075,49.24583],[-93.08125,49.24583]]]}},{"type":"Feature","properties":{"c":"720465","o":"","e":""},"geometry":{"type":"Polygon","coordinates":[[[-93.08125,49.2375],[-93.08125,49.24167],[-93.075,49.24167],[-93.075,49.2375],[-93.08125,49.2375]]]}},{"type":"Feature","properties":{"c":"720466","o":"","e":""},"geometry":{"type":"Polygon","coordinates":[[[-93.08125,49.24167],[-93.08125,49.24583],[-93.075,49.24583],[-93.075,49.24167],[-93.08125,49.24167]]]}},{"type":"Feature","properties":{"c":"720467","o":"","e":""},"geometry":{"type":"Polygon","coordinates":[[[-93.06875,49.24167],[-93.06875,49.24583],[-93.0625,49.24583],[-93.0625,49.24167],[-93.06875,49.24167]]]}},{"type":"Feature","properties":{"c":"1029406","o":"","e":""},"geometry":{"type":"Polygon","coordinates":[[[-93.13125,49.14167],[-93.13125,49.14583],[-93.125,49.14583],[-93.125,49.14167],[-93.13125,49.14167]]]}},{"type":"Feature","properties":{"c":"1029407","o":"","e":""},"geometry":{"type":"Polygon","coordinates":[[[-93.1375,49.1375],[-93.1375,49.14167],[-93.13125,49.14167],[-93.13125,49.1375],[-93.1375,49.1375]]]}},{"type":"Feature","properties":{"c":"1029408","o":"","e":""},"geometry":{"type":"Polygon","coordinates":[[[-93.125,49.15],[-93.125,49.15417],[-93.11875,49.15417],[-93.11875,49.15],[-93.125,49.15]]]}},{"type":"Feature","properties":{"c":"720437","o":"","e":""},"geometry":{"type":"Polygon","coordinates":[[[-93.15,49.2375],[-93.15,49.24167],[-93.14375,49.24167],[-93.14375,49.2375],[-93.15,49.2375]]]}},{"type":"Feature","properties":{"c":"720438","o":"","e":""},"geometry":{"type":"Polygon","coordinates":[[[-93.1125,49.2375],[-93.1125,49.24167],[-93.10625,49.24167],[-93.10625,49.2375],[-93.1125,49.2375]]]}},{"type":"Feature","properties":{"c":"720418","o":"","e":""},"geometry":{"type":"Polygon","coordinates":[[[-93.125,49.23333],[-93.125,49.2375],[-93.11875,49.2375],[-93.11875,49.23333],[-93.125,49.23333]]]}},{"type":"Feature","properties":{"c":"720419","o":"","e":""},"geometry":{"type":"Polygon","coordinates":[[[-93.075,49.2375],[-93.075,49.24167],[-93.06875,49.24167],[-93.06875,49.2375],[-93.075,49.2375]]]}},{"type":"Feature","properties":{"c":"720420","o":"","e":""},"geometry":{"type":"Polygon","coordinates":[[[-93.14375,49.2375],[-93.14375,49.24167],[-93.1375,49.24167],[-93.1375,49.2375],[-93.14375,49.2375]]]}},{"type":"Feature","properties":{"c":"720421","o":"","e":""},"geometry":{"type":"Polygon","coordinates":[[[-93.13125,49.23333],[-93.13125,49.2375],[-93.125,49.2375],[-93.125,49.23333],[-93.13125,49.23333]]]}},{"type":"Feature","properties":{"c":"720422","o":"","e":""},"geometry":{"type":"Polygon","coordinates":[[[-93.13125,49.24167],[-93.13125,49.24583],[-93.125,49.24583],[-93.125,49.24167],[-93.13125,49.24167]]]}},{"type":"Feature","properties":{"c":"720423","o":"","e":""},"geometry":{"type":"Polygon","coordinates":[[[-93.1125,49.24167],[-93.1125,49.24583],[-93.10625,49.24583],[-93.10625,49.24167],[-93.1125,49.24167]]]}},{"type":"Feature","properties":{"c":"720424","o":"","e":""},"geometry":{"type":"Polygon","coordinates":[[[-93.10625,49.2375],[-93.10625,49.24167],[-93.1,49.24167],[-93.1,49.2375],[-93.10625,49.2375]]]}},{"type":"Feature","properties":{"c":"720425","o":"","e":""},"geometry":{"type":"Polygon","coordinates":[[[-93.1,49.24167],[-93.1,49.24583],[-93.09375,49.24583],[-93.09375,49.24167],[-93.1,49.24167]]]}},{"type":"Feature","properties":{"c":"720426","o":"","e":""},"geometry":{"type":"Polygon","coordinates":[[[-93.06875,49.2375],[-93.06875,49.24167],[-93.0625,49.24167],[-93.0625,49.2375],[-93.06875,49.2375]]]}},{"type":"Feature","properties":{"c":"720427","o":"","e":""},"geometry":{"type":"Polygon","coordinates":[[[-93.15,49.23333],[-93.15,49.2375],[-93.14375,49.2375],[-93.14375,49.23333],[-93.15,49.23333]]]}},{"type":"Feature","properties":{"c":"720428","o":"","e":""},"geometry":{"type":"Polygon","coordinates":[[[-93.15,49.24167],[-93.15,49.24583],[-93.14375,49.24583],[-93.14375,49.24167],[-93.15,49.24167]]]}},{"type":"Feature","properties":{"c":"720429","o":"","e":""},"geometry":{"type":"Polygon","coordinates":[[[-93.1375,49.2375],[-93.1375,49.24167],[-93.13125,49.24167],[-93.13125,49.2375],[-93.1375,49.2375]]]}},{"type":"Feature","properties":{"c":"720430","o":"","e":""},"geometry":{"type":"Polygon","coordinates":[[[-93.125,49.24167],[-93.125,49.24583],[-93.11875,49.24583],[-93.11875,49.24167],[-93.125,49.24167]]]}},{"type":"Feature","properties":{"c":"720431","o":"","e":""},"geometry":{"type":"Polygon","coordinates":[[[-93.075,49.24167],[-93.075,49.24583],[-93.06875,49.24583],[-93.06875,49.24167],[-93.075,49.24167]]]}},{"type":"Feature","properties":{"c":"720432","o":"","e":""},"geometry":{"type":"Polygon","coordinates":[[[-93.15625,49.2375],[-93.15625,49.24167],[-93.15,49.24167],[-93.15,49.2375],[-93.15625,49.2375]]]}},{"type":"Feature","properties":{"c":"720433","o":"","e":""},"geometry":{"type":"Polygon","coordinates":[[[-93.15625,49.24167],[-93.15625,49.24583],[-93.15,49.24583],[-93.15,49.24167],[-93.15625,49.24167]]]}},{"type":"Feature","properties":{"c":"720434","o":"","e":""},"geometry":{"type":"Polygon","coordinates":[[[-93.14375,49.23333],[-93.14375,49.2375],[-93.1375,49.2375],[-93.1375,49.23333],[-93.14375,49.23333]]]}},{"type":"Feature","properties":{"c":"720435","o":"","e":""},"geometry":{"type":"Polygon","coordinates":[[[-93.09375,49.24167],[-93.09375,49.24583],[-93.0875,49.24583],[-93.0875,49.24167],[-93.09375,49.24167]]]}},{"type":"Feature","properties":{"c":"720436","o":"","e":""},"geometry":{"type":"Polygon","coordinates":[[[-93.1375,49.24167],[-93.1375,49.24583],[-93.13125,49.24583],[-93.13125,49.24167],[-93.1375,49.24167]]]}},{"type":"Feature","properties":{"c":"718214","o":"","e":""},"geometry":{"type":"Polygon","coordinates":[[[-93.125,49.1875],[-93.125,49.19167],[-93.11875,49.19167],[-93.11875,49.1875],[-93.125,49.1875]]]}},{"type":"Feature","properties":{"c":"720439","o":"","e":""},"geometry":{"type":"Polygon","coordinates":[[[-93.09375,49.2375],[-93.09375,49.24167],[-93.0875,49.24167],[-93.0875,49.2375],[-93.09375,49.2375]]]}},{"type":"Feature","properties":{"c":"720440","o":"","e":""},"geometry":{"type":"Polygon","coordinates":[[[-93.0875,49.24167],[-93.0875,49.24583],[-93.08125,49.24583],[-93.08125,49.24167],[-93.0875,49.24167]]]}},{"type":"Feature","properties":{"c":"720441","o":"","e":""},"geometry":{"type":"Polygon","coordinates":[[[-93.15625,49.23333],[-93.15625,49.2375],[-93.15,49.2375],[-93.15,49.23333],[-93.15625,49.23333]]]}},{"type":"Feature","properties":{"c":"720442","o":"","e":""},"geometry":{"type":"Polygon","coordinates":[[[-93.14375,49.24167],[-93.14375,49.24583],[-93.1375,49.24583],[-93.1375,49.24167],[-93.14375,49.24167]]]}},{"type":"Feature","properties":{"c":"720443","o":"","e":""},"geometry":{"type":"Polygon","coordinates":[[[-93.1375,49.23333],[-93.1375,49.2375],[-93.13125,49.2375],[-93.13125,49.23333],[-93.1375,49.23333]]]}},{"type":"Feature","properties":{"c":"720444","o":"","e":""},"geometry":{"type":"Polygon","coordinates":[[[-93.11875,49.2375],[-93.11875,49.24167],[-93.1125,49.24167],[-93.1125,49.2375],[-93.11875,49.2375]]]}},{"type":"Feature","properties":{"c":"720445","o":"","e":""},"geometry":{"type":"Polygon","coordinates":[[[-93.11875,49.24167],[-93.11875,49.24583],[-93.1125,49.24583],[-93.1125,49.24167],[-93.11875,49.24167]]]}},{"type":"Feature","properties":{"c":"720446","o":"","e":""},"geometry":{"type":"Polygon","coordinates":[[[-93.13125,49.2375],[-93.13125,49.24167],[-93.125,49.24167],[-93.125,49.2375],[-93.13125,49.2375]]]}},{"type":"Feature","properties":{"c":"720447","o":"","e":""},"geometry":{"type":"Polygon","coordinates":[[[-93.125,49.2375],[-93.125,49.24167],[-93.11875,49.24167],[-93.11875,49.2375],[-93.125,49.2375]]]}},{"type":"Feature","properties":{"c":"720448","o":"","e":""},"geometry":{"type":"Polygon","coordinates":[[[-93.10625,49.24167],[-93.10625,49.24583],[-93.1,49.24583],[-93.1,49.24167],[-93.10625,49.24167]]]}},{"type":"Feature","properties":{"c":"720449","o":"","e":""},"geometry":{"type":"Polygon","coordinates":[[[-93.1,49.2375],[-93.1,49.24167],[-93.09375,49.24167],[-93.09375,49.2375],[-93.1,49.2375]]]}},{"type":"Feature","properties":{"c":"720450","o":"","e":""},"geometry":{"type":"Polygon","coordinates":[[[-93.0875,49.2375],[-93.0875,49.24167],[-93.08125,49.24167],[-93.08125,49.2375],[-93.0875,49.2375]]]}},{"type":"Feature","properties":{"c":"720451","o":"","e":""},"geometry":{"type":"Polygon","coordinates":[[[-93.1125,49.24583],[-93.1125,49.25],[-93.10625,49.25],[-93.10625,49.24583],[-93.1125,49.24583]]]}},{"type":"Feature","properties":{"c":"720452","o":"","e":""},"geometry":{"type":"Polygon","coordinates":[[[-93.06875,49.24583],[-93.06875,49.25],[-93.0625,49.25],[-93.0625,49.24583],[-93.06875,49.24583]]]}},{"type":"Feature","properties":{"c":"720453","o":"","e":""},"geometry":{"type":"Polygon","coordinates":[[[-93.1375,49.24583],[-93.1375,49.25],[-93.13125,49.25],[-93.13125,49.24583],[-93.1375,49.24583]]]}},{"type":"Feature","properties":{"c":"720454","o":"","e":""},"geometry":{"type":"Polygon","coordinates":[[[-93.11875,49.24583],[-93.11875,49.25],[-93.1125,49.25],[-93.1125,49.24583],[-93.11875,49.24583]]]}},{"type":"Feature","properties":{"c":"720455","o":"","e":""},"geometry":{"type":"Polygon","coordinates":[[[-93.0875,49.24583],[-93.0875,49.25],[-93.08125,49.25],[-93.08125,49.24583],[-93.0875,49.24583]]]}},{"type":"Feature","properties":{"c":"720456","o":"","e":""},"geometry":{"type":"Polygon","coordinates":[[[-93.14375,49.24583],[-93.14375,49.25],[-93.1375,49.25],[-93.1375,49.24583],[-93.14375,49.24583]]]}},{"type":"Feature","properties":{"c":"720457","o":"","e":""},"geometry":{"type":"Polygon","coordinates":[[[-93.09375,49.24583],[-93.09375,49.25],[-93.0875,49.25],[-93.0875,49.24583],[-93.09375,49.24583]]]}},{"type":"Feature","properties":{"c":"1029399","o":"","e":""},"geometry":{"type":"Polygon","coordinates":[[[-93.1375,49.15417],[-93.1375,49.15833],[-93.13125,49.15833],[-93.13125,49.15417],[-93.1375,49.15417]]]}},{"type":"Feature","properties":{"c":"1029400","o":"","e":""},"geometry":{"type":"Polygon","coordinates":[[[-93.13125,49.15417],[-93.13125,49.15833],[-93.125,49.15833],[-93.125,49.15417],[-93.13125,49.15417]]]}},{"type":"Feature","properties":{"c":"1029401","o":"","e":""},"geometry":{"type":"Polygon","coordinates":[[[-93.1375,49.15],[-93.1375,49.15417],[-93.13125,49.15417],[-93.13125,49.15],[-93.1375,49.15]]]}},{"type":"Feature","properties":{"c":"1029405","o":"","e":""},"geometry":{"type":"Polygon","coordinates":[[[-93.1375,49.14167],[-93.1375,49.14583],[-93.13125,49.14583],[-93.13125,49.14167],[-93.1375,49.14167]]]}},{"type":"Feature","properties":{"c":"1029402","o":"","e":""},"geometry":{"type":"Polygon","coordinates":[[[-93.13125,49.15],[-93.13125,49.15417],[-93.125,49.15417],[-93.125,49.15],[-93.13125,49.15]]]}},{"type":"Feature","properties":{"c":"1029403","o":"","e":""},"geometry":{"type":"Polygon","coordinates":[[[-93.1375,49.14583],[-93.1375,49.15],[-93.13125,49.15],[-93.13125,49.14583],[-93.1375,49.14583]]]}},{"type":"Feature","properties":{"c":"1029404","o":"","e":""},"geometry":{"type":"Polygon","coordinates":[[[-93.13125,49.14583],[-93.13125,49.15],[-93.125,49.15],[-93.125,49.14583],[-93.13125,49.14583]]]}},{"type":"Feature","properties":{"c":"900792","o":"","e":""},"geometry":{"type":"Polygon","coordinates":[[[-93.11875,49.15833],[-93.11875,49.1625],[-93.1125,49.1625],[-93.1125,49.15833],[-93.11875,49.15833]]]}},{"type":"Feature","properties":{"c":"900794","o":"","e":""},"geometry":{"type":"Polygon","coordinates":[[[-93.1125,49.1625],[-93.1125,49.16667],[-93.10625,49.16667],[-93.10625,49.1625],[-93.1125,49.1625]]]}},{"type":"Feature","properties":{"c":"813561","o":"","e":""},"geometry":{"type":"Polygon","coordinates":[[[-93.0125,49.09583],[-93.0125,49.1],[-93.00625,49.1],[-93.00625,49.09583],[-93.0125,49.09583]]]}},{"type":"Feature","properties":{"c":"900798","o":"","e":""},"geometry":{"type":"Polygon","coordinates":[[[-93.10625,49.16667],[-93.10625,49.17083],[-93.1,49.17083],[-93.1,49.16667],[-93.10625,49.16667]]]}},{"type":"Feature","properties":{"c":"813570","o":"","e":""},"geometry":{"type":"Polygon","coordinates":[[[-93.0125,49.09167],[-93.0125,49.09583],[-93.00625,49.09583],[-93.00625,49.09167],[-93.0125,49.09167]]]}},{"type":"Feature","properties":{"c":"813613","o":"","e":""},"geometry":{"type":"Polygon","coordinates":[[[-93.0125,49.08333],[-93.0125,49.0875],[-93.00625,49.0875],[-93.00625,49.08333],[-93.0125,49.08333]]]}},{"type":"Feature","properties":{"c":"916941","o":"","e":""},"geometry":{"type":"Polygon","coordinates":[[[-93.0875,49.17917],[-93.0875,49.18333],[-93.08125,49.18333],[-93.08125,49.17917],[-93.0875,49.17917]]]}},{"type":"Feature","properties":{"c":"813644","o":"","e":""},"geometry":{"type":"Polygon","coordinates":[[[-93.0125,49.07917],[-93.0125,49.08333],[-93.00625,49.08333],[-93.00625,49.07917],[-93.0125,49.07917]]]}},{"type":"Feature","properties":{"c":"816380","o":"","e":""},"geometry":{"type":"Polygon","coordinates":[[[-93.0125,49.07083],[-93.0125,49.075],[-93.00625,49.075],[-93.00625,49.07083],[-93.0125,49.07083]]]}},{"type":"Feature","properties":{"c":"916951","o":"","e":""},"geometry":{"type":"Polygon","coordinates":[[[-93.08125,49.18333],[-93.08125,49.1875],[-93.075,49.1875],[-93.075,49.18333],[-93.08125,49.18333]]]}},{"type":"Feature","properties":{"c":"813586","o":"","e":""},"geometry":{"type":"Polygon","coordinates":[[[-93.0125,49.0875],[-93.0125,49.09167],[-93.00625,49.09167],[-93.00625,49.0875],[-93.0125,49.0875]]]}},{"type":"Feature","properties":{"c":"900795","o":"","e":""},"geometry":{"type":"Polygon","coordinates":[[[-93.0375,49.21667],[-93.0375,49.22083],[-93.03125,49.22083],[-93.03125,49.21667],[-93.0375,49.21667]]]}},{"type":"Feature","properties":{"c":"816383","o":"","e":""},"geometry":{"type":"Polygon","coordinates":[[[-93.0125,49.06667],[-93.0125,49.07083],[-93.00625,49.07083],[-93.00625,49.06667],[-93.0125,49.06667]]]}},{"type":"Feature","properties":{"c":"813635","o":"","e":""},"geometry":{"type":"Polygon","coordinates":[[[-93.0125,49.075],[-93.0125,49.07917],[-93.00625,49.07917],[-93.00625,49.075],[-93.0125,49.075]]]}},{"type":"Feature","properties":{"c":"916961","o":"","e":""},"geometry":{"type":"Polygon","coordinates":[[[-93.05625,49.2],[-93.05625,49.20417],[-93.05,49.20417],[-93.05,49.2],[-93.05625,49.2]]]}},{"type":"Feature","properties":{"c":"916970","o":"","e":""},"geometry":{"type":"Polygon","coordinates":[[[-93.05,49.20417],[-93.05,49.20833],[-93.04375,49.20833],[-93.04375,49.20417],[-93.05,49.20417]]]}},{"type":"Feature","properties":{"c":"916984","o":"","e":""},"geometry":{"type":"Polygon","coordinates":[[[-93.04375,49.20833],[-93.04375,49.2125],[-93.0375,49.2125],[-93.0375,49.20833],[-93.04375,49.20833]]]}},{"type":"Feature","properties":{"c":"916964","o":"","e":""},"geometry":{"type":"Polygon","coordinates":[[[-93.0375,49.2125],[-93.0375,49.21667],[-93.03125,49.21667],[-93.03125,49.2125],[-93.0375,49.2125]]]}},{"type":"Feature","properties":{"c":"720362","o":"","e":""},"geometry":{"type":"Polygon","coordinates":[[[-93.10625,49.23333],[-93.10625,49.2375],[-93.1,49.2375],[-93.1,49.23333],[-93.10625,49.23333]]]}},{"type":"Feature","properties":{"c":"720363","o":"","e":""},"geometry":{"type":"Polygon","coordinates":[[[-93.1,49.23333],[-93.1,49.2375],[-93.09375,49.2375],[-93.09375,49.23333],[-93.1,49.23333]]]}},{"type":"Feature","properties":{"c":"720364","o":"","e":""},"geometry":{"type":"Polygon","coordinates":[[[-93.075,49.23333],[-93.075,49.2375],[-93.06875,49.2375],[-93.06875,49.23333],[-93.075,49.23333]]]}},{"type":"Feature","properties":{"c":"720365","o":"","e":""},"geometry":{"type":"Polygon","coordinates":[[[-93.11875,49.23333],[-93.11875,49.2375],[-93.1125,49.2375],[-93.1125,49.23333],[-93.11875,49.23333]]]}},{"type":"Feature","properties":{"c":"720366","o":"","e":""},"geometry":{"type":"Polygon","coordinates":[[[-93.08125,49.23333],[-93.08125,49.2375],[-93.075,49.2375],[-93.075,49.23333],[-93.08125,49.23333]]]}},{"type":"Feature","properties":{"c":"720367","o":"","e":""},"geometry":{"type":"Polygon","coordinates":[[[-93.1125,49.23333],[-93.1125,49.2375],[-93.10625,49.2375],[-93.10625,49.23333],[-93.1125,49.23333]]]}},{"type":"Feature","properties":{"c":"720368","o":"","e":""},"geometry":{"type":"Polygon","coordinates":[[[-93.15625,49.19167],[-93.15625,49.19583],[-93.15,49.19583],[-93.15,49.19167],[-93.15625,49.19167]]]}},{"type":"Feature","properties":{"c":"720369","o":"","e":""},"geometry":{"type":"Polygon","coordinates":[[[-93.15625,49.225],[-93.15625,49.22917],[-93.15,49.22917],[-93.15,49.225],[-93.15625,49.225]]]}},{"type":"Feature","properties":{"c":"720370","o":"","e":""},"geometry":{"type":"Polygon","coordinates":[[[-93.15,49.20833],[-93.15,49.2125],[-93.14375,49.2125],[-93.14375,49.20833],[-93.15,49.20833]]]}},{"type":"Feature","properties":{"c":"720371","o":"","e":""},"geometry":{"type":"Polygon","coordinates":[[[-93.14375,49.225],[-93.14375,49.22917],[-93.1375,49.22917],[-93.1375,49.225],[-93.14375,49.225]]]}},{"type":"Feature","properties":{"c":"720372","o":"","e":""},"geometry":{"type":"Polygon","coordinates":[[[-93.1375,49.20417],[-93.1375,49.20833],[-93.13125,49.20833],[-93.13125,49.20417],[-93.1375,49.20417]]]}},{"type":"Feature","properties":{"c":"720373","o":"","e":""},"geometry":{"type":"Polygon","coordinates":[[[-93.1375,49.20833],[-93.1375,49.2125],[-93.13125,49.2125],[-93.13125,49.20833],[-93.1375,49.20833]]]}},{"type":"Feature","properties":{"c":"720374","o":"","e":""},"geometry":{"type":"Polygon","coordinates":[[[-93.13125,49.20417],[-93.13125,49.20833],[-93.125,49.20833],[-93.125,49.20417],[-93.13125,49.20417]]]}},{"type":"Feature","properties":{"c":"720375","o":"","e":""},"geometry":{"type":"Polygon","coordinates":[[[-93.125,49.22083],[-93.125,49.225],[-93.11875,49.225],[-93.11875,49.22083],[-93.125,49.22083]]]}},{"type":"Feature","properties":{"c":"818420","o":"","e":""},"geometry":{"type":"Polygon","coordinates":[[[-93.025,49.175],[-93.025,49.17917],[-93.01875,49.17917],[-93.01875,49.175],[-93.025,49.175]]]}},{"type":"Feature","properties":{"c":"818432","o":"","e":""},"geometry":{"type":"Polygon","coordinates":[[[-93.0125,49.18333],[-93.0125,49.1875],[-93.00625,49.1875],[-93.00625,49.18333],[-93.0125,49.18333]]]}},{"type":"Feature","properties":{"c":"818426","o":"","e":""},"geometry":{"type":"Polygon","coordinates":[[[-93.01875,49.17917],[-93.01875,49.18333],[-93.0125,49.18333],[-93.0125,49.17917],[-93.01875,49.17917]]]}},{"type":"Feature","properties":{"c":"818149","o":"","e":""},"geometry":{"type":"Polygon","coordinates":[[[-93.00625,49.1625],[-93.00625,49.16667],[-93.0,49.16667],[-93.0,49.1625],[-93.00625,49.1625]]]}},{"type":"Feature","properties":{"c":"818438","o":"","e":""},"geometry":{"type":"Polygon","coordinates":[[[-93.00625,49.1875],[-93.00625,49.19167],[-93.0,49.19167],[-93.0,49.1875],[-93.00625,49.1875]]]}},{"type":"Feature","properties":{"c":"900778","o":"","e":""},"geometry":{"type":"Polygon","coordinates":[[[-93.19375,49.12083],[-93.19375,49.125],[-93.1875,49.125],[-93.1875,49.12083],[-93.19375,49.12083]]]}},{"type":"Feature","properties":{"c":"815870","o":"","e":""},"geometry":{"type":"Polygon","coordinates":[[[-93.06875,49.14583],[-93.06875,49.15],[-93.0625,49.15],[-93.0625,49.14583],[-93.06875,49.14583]]]}},{"type":"Feature","properties":{"c":"719636","o":"","e":""},"geometry":{"type":"Polygon","coordinates":[[[-93.0125,49.12083],[-93.0125,49.125],[-93.00625,49.125],[-93.00625,49.12083],[-93.0125,49.12083]]]}},{"type":"Feature","properties":{"c":"816482","o":"","e":""},"geometry":{"type":"Polygon","coordinates":[[[-93.15,49.09167],[-93.15,49.09583],[-93.14375,49.09583],[-93.14375,49.09167],[-93.15,49.09167]]]}},{"type":"Feature","properties":{"c":"720376","o":"","e":""},"geometry":{"type":"Polygon","coordinates":[[[-93.15625,49.19583],[-93.15625,49.2],[-93.15,49.2],[-93.15,49.19583],[-93.15625,49.19583]]]}},{"type":"Feature","properties":{"c":"720377","o":"","e":""},"geometry":{"type":"Polygon","coordinates":[[[-93.15,49.1875],[-93.15,49.19167],[-93.14375,49.19167],[-93.14375,49.1875],[-93.15,49.1875]]]}},{"type":"Feature","properties":{"c":"720378","o":"","e":""},"geometry":{"type":"Polygon","coordinates":[[[-93.14375,49.22083],[-93.14375,49.225],[-93.1375,49.225],[-93.1375,49.22083],[-93.14375,49.22083]]]}},{"type":"Feature","properties":{"c":"720379","o":"","e":""},"geometry":{"type":"Polygon","coordinates":[[[-93.15625,49.20833],[-93.15625,49.2125],[-93.15,49.2125],[-93.15,49.20833],[-93.15625,49.20833]]]}},{"type":"Feature","properties":{"c":"720380","o":"","e":""},"geometry":{"type":"Polygon","coordinates":[[[-93.15,49.2125],[-93.15,49.21667],[-93.14375,49.21667],[-93.14375,49.2125],[-93.15,49.2125]]]}},{"type":"Feature","properties":{"c":"720381","o":"","e":""},"geometry":{"type":"Polygon","coordinates":[[[-93.15,49.21667],[-93.15,49.22083],[-93.14375,49.22083],[-93.14375,49.21667],[-93.15,49.21667]]]}},{"type":"Feature","properties":{"c":"720382","o":"","e":""},"geometry":{"type":"Polygon","coordinates":[[[-93.14375,49.19167],[-93.14375,49.19583],[-93.1375,49.19583],[-93.1375,49.19167],[-93.14375,49.19167]]]}},{"type":"Feature","properties":{"c":"720383","o":"","e":""},"geometry":{"type":"Polygon","coordinates":[[[-93.14375,49.19583],[-93.14375,49.2],[-93.1375,49.2],[-93.1375,49.19583],[-93.14375,49.19583]]]}},{"type":"Feature","properties":{"c":"720384","o":"","e":""},"geometry":{"type":"Polygon","coordinates":[[[-93.125,49.21667],[-93.125,49.22083],[-93.11875,49.22083],[-93.11875,49.21667],[-93.125,49.21667]]]}},{"type":"Feature","properties":{"c":"720385","o":"","e":""},"geometry":{"type":"Polygon","coordinates":[[[-93.15625,49.20417],[-93.15625,49.20833],[-93.15,49.20833],[-93.15,49.20417],[-93.15625,49.20417]]]}},{"type":"Feature","properties":{"c":"720386","o":"","e":""},"geometry":{"type":"Polygon","coordinates":[[[-93.1375,49.21667],[-93.1375,49.22083],[-93.13125,49.22083],[-93.13125,49.21667],[-93.1375,49.21667]]]}},{"type":"Feature","properties":{"c":"720387","o":"","e":""},"geometry":{"type":"Polygon","coordinates":[[[-93.13125,49.20833],[-93.13125,49.2125],[-93.125,49.2125],[-93.125,49.20833],[-93.13125,49.20833]]]}},{"type":"Feature","properties":{"c":"720388","o":"","e":""},"geometry":{"type":"Polygon","coordinates":[[[-93.13125,49.21667],[-93.13125,49.22083],[-93.125,49.22083],[-93.125,49.21667],[-93.13125,49.21667]]]}},{"type":"Feature","properties":{"c":"720389","o":"","e":""},"geometry":{"type":"Polygon","coordinates":[[[-93.15625,49.18333],[-93.15625,49.1875],[-93.15,49.1875],[-93.15,49.18333],[-93.15625,49.18333]]]}},{"type":"Feature","properties":{"c":"720390","o":"","e":""},"geometry":{"type":"Polygon","coordinates":[[[-93.15,49.20417],[-93.15,49.20833],[-93.14375,49.20833],[-93.14375,49.20417],[-93.15,49.20417]]]}},{"type":"Feature","properties":{"c":"720391","o":"","e":""},"geometry":{"type":"Polygon","coordinates":[[[-93.13125,49.2125],[-93.13125,49.21667],[-93.125,49.21667],[-93.125,49.2125],[-93.13125,49.2125]]]}},{"type":"Feature","properties":{"c":"720392","o":"","e":""},"geometry":{"type":"Polygon","coordinates":[[[-93.13125,49.225],[-93.13125,49.22917],[-93.125,49.22917],[-93.125,49.225],[-93.13125,49.225]]]}},{"type":"Feature","properties":{"c":"720393","o":"","e":""},"geometry":{"type":"Polygon","coordinates":[[[-93.15625,49.1875],[-93.15625,49.19167],[-93.15,49.19167],[-93.15,49.1875],[-93.15625,49.1875]]]}},{"type":"Feature","properties":{"c":"720394","o":"","e":""},"geometry":{"type":"Polygon","coordinates":[[[-93.15625,49.21667],[-93.15625,49.22083],[-93.15,49.22083],[-93.15,49.21667],[-93.15625,49.21667]]]}},{"type":"Feature","properties":{"c":"720279","o":"","e":""},"geometry":{"type":"Polygon","coordinates":[[[-93.10625,49.18333],[-93.10625,49.1875],[-93.1,49.1875],[-93.1,49.18333],[-93.10625,49.18333]]]}},{"type":"Feature","properties":{"c":"720280","o":"","e":""},"geometry":{"type":"Polygon","coordinates":[[[-93.1,49.19167],[-93.1,49.19583],[-93.09375,49.19583],[-93.09375,49.19167],[-93.1,49.19167]]]}},{"type":"Feature","properties":{"c":"720281","o":"","e":""},"geometry":{"type":"Polygon","coordinates":[[[-93.125,49.17917],[-93.125,49.18333],[-93.11875,49.18333],[-93.11875,49.17917],[-93.125,49.17917]]]}},{"type":"Feature","properties":{"c":"720282","o":"","e":""},"geometry":{"type":"Polygon","coordinates":[[[-93.125,49.18333],[-93.125,49.1875],[-93.11875,49.1875],[-93.11875,49.18333],[-93.125,49.18333]]]}},{"type":"Feature","properties":{"c":"720283","o":"","e":""},"geometry":{"type":"Polygon","coordinates":[[[-93.1125,49.19167],[-93.1125,49.19583],[-93.10625,49.19583],[-93.10625,49.19167],[-93.1125,49.19167]]]}},{"type":"Feature","properties":{"c":"720284","o":"","e":""},"geometry":{"type":"Polygon","coordinates":[[[-93.11875,49.18333],[-93.11875,49.1875],[-93.1125,49.1875],[-93.1125,49.18333],[-93.11875,49.18333]]]}},{"type":"Feature","properties":{"c":"720285","o":"","e":""},"geometry":{"type":"Polygon","coordinates":[[[-93.09375,49.1875],[-93.09375,49.19167],[-93.0875,49.19167],[-93.0875,49.1875],[-93.09375,49.1875]]]}},{"type":"Feature","properties":{"c":"720286","o":"","e":""},"geometry":{"type":"Polygon","coordinates":[[[-93.0875,49.19167],[-93.0875,49.19583],[-93.08125,49.19583],[-93.08125,49.19167],[-93.0875,49.19167]]]}},{"type":"Feature","properties":{"c":"720287","o":"","e":""},"geometry":{"type":"Polygon","coordinates":[[[-93.10625,49.19583],[-93.10625,49.2],[-93.1,49.2],[-93.1,49.19583],[-93.10625,49.19583]]]}},{"type":"Feature","properties":{"c":"720288","o":"","e":""},"geometry":{"type":"Polygon","coordinates":[[[-93.10625,49.20417],[-93.10625,49.20833],[-93.1,49.20833],[-93.1,49.20417],[-93.10625,49.20417]]]}},{"type":"Feature","properties":{"c":"720289","o":"","e":""},"geometry":{"type":"Polygon","coordinates":[[[-93.1,49.20417],[-93.1,49.20833],[-93.09375,49.20833],[-93.09375,49.20417],[-93.1,49.20417]]]}},{"type":"Feature","properties":{"c":"720290","o":"","e":""},"geometry":{"type":"Polygon","coordinates":[[[-93.0875,49.20417],[-93.0875,49.20833],[-93.08125,49.20833],[-93.08125,49.20417],[-93.0875,49.20417]]]}},{"type":"Feature","properties":{"c":"720291","o":"","e":""},"geometry":{"type":"Polygon","coordinates":[[[-93.08125,49.2],[-93.08125,49.20417],[-93.075,49.20417],[-93.075,49.2],[-93.08125,49.2]]]}},{"type":"Feature","properties":{"c":"720292","o":"","e":""},"geometry":{"type":"Polygon","coordinates":[[[-93.09375,49.2],[-93.09375,49.20417],[-93.0875,49.20417],[-93.0875,49.2],[-93.09375,49.2]]]}},{"type":"Feature","properties":{"c":"720293","o":"","e":""},"geometry":{"type":"Polygon","coordinates":[[[-93.1,49.2],[-93.1,49.20417],[-93.09375,49.20417],[-93.09375,49.2],[-93.1,49.2]]]}},{"type":"Feature","properties":{"c":"720294","o":"","e":""},"geometry":{"type":"Polygon","coordinates":[[[-93.0875,49.19583],[-93.0875,49.2],[-93.08125,49.2],[-93.08125,49.19583],[-93.0875,49.19583]]]}},{"type":"Feature","properties":{"c":"720295","o":"","e":""},"geometry":{"type":"Polygon","coordinates":[[[-93.0875,49.2],[-93.0875,49.20417],[-93.08125,49.20417],[-93.08125,49.2],[-93.0875,49.2]]]}},{"type":"Feature","properties":{"c":"720395","o":"","e":""},"geometry":{"type":"Polygon","coordinates":[[[-93.15,49.19167],[-93.15,49.19583],[-93.14375,49.19583],[-93.14375,49.19167],[-93.15,49.19167]]]}},{"type":"Feature","properties":{"c":"720396","o":"","e":""},"geometry":{"type":"Polygon","coordinates":[[[-93.15,49.225],[-93.15,49.22917],[-93.14375,49.22917],[-93.14375,49.225],[-93.15,49.225]]]}},{"type":"Feature","properties":{"c":"720397","o":"","e":""},"geometry":{"type":"Polygon","coordinates":[[[-93.14375,49.20833],[-93.14375,49.2125],[-93.1375,49.2125],[-93.1375,49.20833],[-93.14375,49.20833]]]}},{"type":"Feature","properties":{"c":"720398","o":"","e":""},"geometry":{"type":"Polygon","coordinates":[[[-93.1375,49.2125],[-93.1375,49.21667],[-93.13125,49.21667],[-93.13125,49.2125],[-93.1375,49.2125]]]}},{"type":"Feature","properties":{"c":"720399","o":"","e":""},"geometry":{"type":"Polygon","coordinates":[[[-93.15625,49.22083],[-93.15625,49.225],[-93.15,49.225],[-93.15,49.22083],[-93.15625,49.22083]]]}},{"type":"Feature","properties":{"c":"720400","o":"","e":""},"geometry":{"type":"Polygon","coordinates":[[[-93.15,49.18333],[-93.15,49.1875],[-93.14375,49.1875],[-93.14375,49.18333],[-93.15,49.18333]]]}},{"type":"Feature","properties":{"c":"720401","o":"","e":""},"geometry":{"type":"Polygon","coordinates":[[[-93.15,49.19583],[-93.15,49.2],[-93.14375,49.2],[-93.14375,49.19583],[-93.15,49.19583]]]}},{"type":"Feature","properties":{"c":"720402","o":"","e":""},"geometry":{"type":"Polygon","coordinates":[[[-93.14375,49.2],[-93.14375,49.20417],[-93.1375,49.20417],[-93.1375,49.2],[-93.14375,49.2]]]}},{"type":"Feature","properties":{"c":"720403","o":"","e":""},"geometry":{"type":"Polygon","coordinates":[[[-93.14375,49.20417],[-93.14375,49.20833],[-93.1375,49.20833],[-93.1375,49.20417],[-93.14375,49.20417]]]}},{"type":"Feature","properties":{"c":"720404","o":"","e":""},"geometry":{"type":"Polygon","coordinates":[[[-93.13125,49.22083],[-93.13125,49.225],[-93.125,49.225],[-93.125,49.22083],[-93.13125,49.22083]]]}},{"type":"Feature","properties":{"c":"720405","o":"","e":""},"geometry":{"type":"Polygon","coordinates":[[[-93.125,49.225],[-93.125,49.22917],[-93.11875,49.22917],[-93.11875,49.225],[-93.125,49.225]]]}},{"type":"Feature","properties":{"c":"720406","o":"","e":""},"geometry":{"type":"Polygon","coordinates":[[[-93.15625,49.2125],[-93.15625,49.21667],[-93.15,49.21667],[-93.15,49.2125],[-93.15625,49.2125]]]}},{"type":"Feature","properties":{"c":"720407","o":"","e":""},"geometry":{"type":"Polygon","coordinates":[[[-93.15,49.22083],[-93.15,49.225],[-93.14375,49.225],[-93.14375,49.22083],[-93.15,49.22083]]]}},{"type":"Feature","properties":{"c":"720408","o":"","e":""},"geometry":{"type":"Polygon","coordinates":[[[-93.14375,49.2125],[-93.14375,49.21667],[-93.1375,49.21667],[-93.1375,49.2125],[-93.14375,49.2125]]]}},{"type":"Feature","properties":{"c":"720409","o":"","e":""},"geometry":{"type":"Polygon","coordinates":[[[-93.14375,49.21667],[-93.14375,49.22083],[-93.1375,49.22083],[-93.1375,49.21667],[-93.14375,49.21667]]]}},{"type":"Feature","properties":{"c":"720410","o":"","e":""},"geometry":{"type":"Polygon","coordinates":[[[-93.1375,49.22083],[-93.1375,49.225],[-93.13125,49.225],[-93.13125,49.22083],[-93.1375,49.22083]]]}},{"type":"Feature","properties":{"c":"720411","o":"","e":""},"geometry":{"type":"Polygon","coordinates":[[[-93.1375,49.225],[-93.1375,49.22917],[-93.13125,49.22917],[-93.13125,49.225],[-93.1375,49.225]]]}},{"type":"Feature","properties":{"c":"720412","o":"","e":""},"geometry":{"type":"Polygon","coordinates":[[[-93.125,49.22917],[-93.125,49.23333],[-93.11875,49.23333],[-93.11875,49.22917],[-93.125,49.22917]]]}},{"type":"Feature","properties":{"c":"720413","o":"","e":""},"geometry":{"type":"Polygon","coordinates":[[[-93.13125,49.22917],[-93.13125,49.23333],[-93.125,49.23333],[-93.125,49.22917],[-93.13125,49.22917]]]}},{"type":"Feature","properties":{"c":"816322","o":"","e":""},"geometry":{"type":"Polygon","coordinates":[[[-93.1875,49.12083],[-93.1875,49.125],[-93.18125,49.125],[-93.18125,49.12083],[-93.1875,49.12083]]]}},{"type":"Feature","properties":{"c":"816287","o":"","e":""},"geometry":{"type":"Polygon","coordinates":[[[-93.19375,49.10417],[-93.19375,49.10833],[-93.1875,49.10833],[-93.1875,49.10417],[-93.19375,49.10417]]]}},{"type":"Feature","properties":{"c":"815930","o":"","e":""},"geometry":{"type":"Polygon","coordinates":[[[-93.08125,49.09167],[-93.08125,49.09583],[-93.075,49.09583],[-93.075,49.09167],[-93.08125,49.09167]]]}},{"type":"Feature","properties":{"c":"816481","o":"","e":""},"geometry":{"type":"Polygon","coordinates":[[[-93.15625,49.09167],[-93.15625,49.09583],[-93.15,49.09583],[-93.15,49.09167],[-93.15625,49.09167]]]}},{"type":"Feature","properties":{"c":"815983","o":"","e":""},"geometry":{"type":"Polygon","coordinates":[[[-93.15625,49.09583],[-93.15625,49.1],[-93.15,49.1],[-93.15,49.09583],[-93.15625,49.09583]]]}},{"type":"Feature","properties":{"c":"822168","o":"","e":""},"geometry":{"type":"Polygon","coordinates":[[[-93.11875,49.09167],[-93.11875,49.09583],[-93.1125,49.09583],[-93.1125,49.09167],[-93.11875,49.09167]]]}},{"type":"Feature","properties":{"c":"816483","o":"","e":""},"geometry":{"type":"Polygon","coordinates":[[[-93.14375,49.09167],[-93.14375,49.09583],[-93.1375,49.09583],[-93.1375,49.09167],[-93.14375,49.09167]]]}},{"type":"Feature","properties":{"c":"822166","o":"","e":""},"geometry":{"type":"Polygon","coordinates":[[[-93.13125,49.09167],[-93.13125,49.09583],[-93.125,49.09583],[-93.125,49.09167],[-93.13125,49.09167]]]}},{"type":"Feature","properties":{"c":"822167","o":"","e":""},"geometry":{"type":"Polygon","coordinates":[[[-93.125,49.09167],[-93.125,49.09583],[-93.11875,49.09583],[-93.11875,49.09167],[-93.125,49.09167]]]}},{"type":"Feature","properties":{"c":"815927","o":"","e":""},"geometry":{"type":"Polygon","coordinates":[[[-93.1,49.09167],[-93.1,49.09583],[-93.09375,49.09583],[-93.09375,49.09167],[-93.1,49.09167]]]}},{"type":"Feature","properties":{"c":"815926","o":"","e":""},"geometry":{"type":"Polygon","coordinates":[[[-93.10625,49.09167],[-93.10625,49.09583],[-93.1,49.09583],[-93.1,49.09167],[-93.10625,49.09167]]]}},{"type":"Feature","properties":{"c":"900785","o":"","e":""},"geometry":{"type":"Polygon","coordinates":[[[-93.16875,49.125],[-93.16875,49.12917],[-93.1625,49.12917],[-93.1625,49.125],[-93.16875,49.125]]]}},{"type":"Feature","properties":{"c":"815929","o":"","e":""},"geometry":{"type":"Polygon","coordinates":[[[-93.0875,49.09167],[-93.0875,49.09583],[-93.08125,49.09583],[-93.08125,49.09167],[-93.0875,49.09167]]]}},{"type":"Feature","properties":{"c":"822169","o":"","e":""},"geometry":{"type":"Polygon","coordinates":[[[-93.1125,49.09167],[-93.1125,49.09583],[-93.10625,49.09583],[-93.10625,49.09167],[-93.1125,49.09167]]]}},{"type":"Feature","properties":{"c":"881344","o":"","e":""},"geometry":{"type":"Polygon","coordinates":[[[-93.1625,49.12917],[-93.1625,49.13333],[-93.15625,49.13333],[-93.15625,49.12917],[-93.1625,49.12917]]]}},{"type":"Feature","properties":{"c":"881352","o":"","e":""},"geometry":{"type":"Polygon","coordinates":[[[-93.15625,49.13333],[-93.15625,49.1375],[-93.15,49.1375],[-93.15,49.13333],[-93.15625,49.13333]]]}},{"type":"Feature","properties":{"c":"881350","o":"","e":""},"geometry":{"type":"Polygon","coordinates":[[[-93.15,49.1375],[-93.15,49.14167],[-93.14375,49.14167],[-93.14375,49.1375],[-93.15,49.1375]]]}},{"type":"Feature","properties":{"c":"815928","o":"","e":""},"geometry":{"type":"Polygon","coordinates":[[[-93.09375,49.09167],[-93.09375,49.09583],[-93.0875,49.09583],[-93.0875,49.09167],[-93.09375,49.09167]]]}},{"type":"Feature","properties":{"c":"881348","o":"","e":""},"geometry":{"type":"Polygon","coordinates":[[[-93.14375,49.14167],[-93.14375,49.14583],[-93.1375,49.14583],[-93.1375,49.14167],[-93.14375,49.14167]]]}},{"type":"Feature","properties":{"c":"816648","o":"","e":""},"geometry":{"type":"Polygon","coordinates":[[[-93.28125,49.10833],[-93.28125,49.1125],[-93.275,49.1125],[-93.275,49.10833],[-93.28125,49.10833]]]}},{"type":"Feature","properties":{"c":"816649","o":"","e":""},"geometry":{"type":"Polygon","coordinates":[[[-93.31875,49.1125],[-93.31875,49.11667],[-93.3125,49.11667],[-93.3125,49.1125],[-93.31875,49.1125]]]}},{"type":"Feature","properties":{"c":"816650","o":"","e":""},"geometry":{"type":"Polygon","coordinates":[[[-93.3125,49.1125],[-93.3125,49.11667],[-93.30625,49.11667],[-93.30625,49.1125],[-93.3125,49.1125]]]}},{"type":"Feature","properties":{"c":"816651","o":"","e":""},"geometry":{"type":"Polygon","coordinates":[[[-93.30625,49.1125],[-93.30625,49.11667],[-93.3,49.11667],[-93.3,49.1125],[-93.30625,49.1125]]]}},{"type":"Feature","properties":{"c":"816652","o":"","e":""},"geometry":{"type":"Polygon","coordinates":[[[-93.3,49.1125],[-93.3,49.11667],[-93.29375,49.11667],[-93.29375,49.1125],[-93.3,49.1125]]]}},{"type":"Feature","properties":{"c":"816653","o":"","e":""},"geometry":{"type":"Polygon","coordinates":[[[-93.29375,49.1125],[-93.29375,49.11667],[-93.2875,49.11667],[-93.2875,49.1125],[-93.29375,49.1125]]]}},{"type":"Feature","properties":{"c":"816654","o":"","e":""},"geometry":{"type":"Polygon","coordinates":[[[-93.2875,49.1125],[-93.2875,49.11667],[-93.28125,49.11667],[-93.28125,49.1125],[-93.2875,49.1125]]]}},{"type":"Feature","properties":{"c":"816655","o":"","e":""},"geometry":{"type":"Polygon","coordinates":[[[-93.28125,49.1125],[-93.28125,49.11667],[-93.275,49.11667],[-93.275,49.1125],[-93.28125,49.1125]]]}},{"type":"Feature","properties":{"c":"816640","o":"","e":""},"geometry":{"type":"Polygon","coordinates":[[[-93.2875,49.10417],[-93.2875,49.10833],[-93.28125,49.10833],[-93.28125,49.10417],[-93.2875,49.10417]]]}},{"type":"Feature","properties":{"c":"816641","o":"","e":""},"geometry":{"type":"Polygon","coordinates":[[[-93.28125,49.10417],[-93.28125,49.10833],[-93.275,49.10833],[-93.275,49.10417],[-93.28125,49.10417]]]}},{"type":"Feature","properties":{"c":"816642","o":"","e":""},"geometry":{"type":"Polygon","coordinates":[[[-93.31875,49.10833],[-93.31875,49.1125],[-93.3125,49.1125],[-93.3125,49.10833],[-93.31875,49.10833]]]}},{"type":"Feature","properties":{"c":"816643","o":"","e":""},"geometry":{"type":"Polygon","coordinates":[[[-93.3125,49.10833],[-93.3125,49.1125],[-93.30625,49.1125],[-93.30625,49.10833],[-93.3125,49.10833]]]}},{"type":"Feature","properties":{"c":"816644","o":"","e":""},"geometry":{"type":"Polygon","coordinates":[[[-93.30625,49.10833],[-93.30625,49.1125],[-93.3,49.1125],[-93.3,49.10833],[-93.30625,49.10833]]]}},{"type":"Feature","properties":{"c":"816645","o":"","e":""},"geometry":{"type":"Polygon","coordinates":[[[-93.3,49.10833],[-93.3,49.1125],[-93.29375,49.1125],[-93.29375,49.10833],[-93.3,49.10833]]]}},{"type":"Feature","properties":{"c":"816646","o":"","e":""},"geometry":{"type":"Polygon","coordinates":[[[-93.29375,49.10833],[-93.29375,49.1125],[-93.2875,49.1125],[-93.2875,49.10833],[-93.29375,49.10833]]]}},{"type":"Feature","properties":{"c":"816647","o":"","e":""},"geometry":{"type":"Polygon","coordinates":[[[-93.2875,49.10833],[-93.2875,49.1125],[-93.28125,49.1125],[-93.28125,49.10833],[-93.2875,49.10833]]]}},{"type":"Feature","properties":{"c":"720269","o":"","e":""},"geometry":{"type":"Polygon","coordinates":[[[-93.1,49.18333],[-93.1,49.1875],[-93.09375,49.1875],[-93.09375,49.18333],[-93.1,49.18333]]]}},{"type":"Feature","properties":{"c":"720270","o":"","e":""},"geometry":{"type":"Polygon","coordinates":[[[-93.1,49.1875],[-93.1,49.19167],[-93.09375,49.19167],[-93.09375,49.1875],[-93.1,49.1875]]]}},{"type":"Feature","properties":{"c":"720271","o":"","e":""},"geometry":{"type":"Polygon","coordinates":[[[-93.09375,49.19167],[-93.09375,49.19583],[-93.0875,49.19583],[-93.0875,49.19167],[-93.09375,49.19167]]]}},{"type":"Feature","properties":{"c":"720272","o":"","e":""},"geometry":{"type":"Polygon","coordinates":[[[-93.11875,49.1875],[-93.11875,49.19167],[-93.1125,49.19167],[-93.1125,49.1875],[-93.11875,49.1875]]]}},{"type":"Feature","properties":{"c":"720278","o":"","e":""},"geometry":{"type":"Polygon","coordinates":[[[-93.1125,49.17917],[-93.1125,49.18333],[-93.10625,49.18333],[-93.10625,49.17917],[-93.1125,49.17917]]]}},{"type":"Feature","properties":{"c":"720273","o":"","e":""},"geometry":{"type":"Polygon","coordinates":[[[-93.1125,49.18333],[-93.1125,49.1875],[-93.10625,49.1875],[-93.10625,49.18333],[-93.1125,49.18333]]]}},{"type":"Feature","properties":{"c":"720274","o":"","e":""},"geometry":{"type":"Polygon","coordinates":[[[-93.10625,49.1875],[-93.10625,49.19167],[-93.1,49.19167],[-93.1,49.1875],[-93.10625,49.1875]]]}},{"type":"Feature","properties":{"c":"720275","o":"","e":""},"geometry":{"type":"Polygon","coordinates":[[[-93.11875,49.17917],[-93.11875,49.18333],[-93.1125,49.18333],[-93.1125,49.17917],[-93.11875,49.17917]]]}},{"type":"Feature","properties":{"c":"720276","o":"","e":""},"geometry":{"type":"Polygon","coordinates":[[[-93.1125,49.1875],[-93.1125,49.19167],[-93.10625,49.19167],[-93.10625,49.1875],[-93.1125,49.1875]]]}},{"type":"Feature","properties":{"c":"720277","o":"","e":""},"geometry":{"type":"Polygon","coordinates":[[[-93.10625,49.19167],[-93.10625,49.19583],[-93.1,49.19583],[-93.1,49.19167],[-93.10625,49.19167]]]}},{"type":"Feature","properties":{"c":"720296","o":"","e":""},"geometry":{"type":"Polygon","coordinates":[[[-93.075,49.20417],[-93.075,49.20833],[-93.06875,49.20833],[-93.06875,49.20417],[-93.075,49.20417]]]}},{"type":"Feature","properties":{"c":"720297","o":"","e":""},"geometry":{"type":"Polygon","coordinates":[[[-93.09375,49.19583],[-93.09375,49.2],[-93.0875,49.2],[-93.0875,49.19583],[-93.09375,49.19583]]]}},{"type":"Feature","properties":{"c":"816656","o":"","e":""},"geometry":{"type":"Polygon","coordinates":[[[-93.275,49.1125],[-93.275,49.11667],[-93.26875,49.11667],[-93.26875,49.1125],[-93.275,49.1125]]]}},{"type":"Feature","properties":{"c":"816657","o":"","e":""},"geometry":{"type":"Polygon","coordinates":[[[-93.25625,49.1125],[-93.25625,49.11667],[-93.25,49.11667],[-93.25,49.1125],[-93.25625,49.1125]]]}},{"type":"Feature","properties":{"c":"816658","o":"","e":""},"geometry":{"type":"Polygon","coordinates":[[[-93.25,49.1125],[-93.25,49.11667],[-93.24375,49.11667],[-93.24375,49.1125],[-93.25,49.1125]]]}},{"type":"Feature","properties":{"c":"816660","o":"","e":""},"geometry":{"type":"Polygon","coordinates":[[[-93.24375,49.1125],[-93.24375,49.11667],[-93.2375,49.11667],[-93.2375,49.1125],[-93.24375,49.1125]]]}},{"type":"Feature","properties":{"c":"816662","o":"","e":""},"geometry":{"type":"Polygon","coordinates":[[[-93.31875,49.11667],[-93.31875,49.12083],[-93.3125,49.12083],[-93.3125,49.11667],[-93.31875,49.11667]]]}},{"type":"Feature","properties":{"c":"816663","o":"","e":""},"geometry":{"type":"Polygon","coordinates":[[[-93.075,49.00417],[-93.075,49.00833],[-93.06875,49.00833],[-93.06875,49.00417],[-93.075,49.00417]]]}},{"type":"Feature","properties":{"c":"816665","o":"","e":""},"geometry":{"type":"Polygon","coordinates":[[[-93.3125,49.11667],[-93.3125,49.12083],[-93.30625,49.12083],[-93.30625,49.11667],[-93.3125,49.11667]]]}},{"type":"Feature","properties":{"c":"816666","o":"","e":""},"geometry":{"type":"Polygon","coordinates":[[[-93.06875,49.00417],[-93.06875,49.00833],[-93.0625,49.00833],[-93.0625,49.00417],[-93.06875,49.00417]]]}},{"type":"Feature","properties":{"c":"720415","o":"","e":""},"geometry":{"type":"Polygon","coordinates":[[[-93.14375,49.22917],[-93.14375,49.23333],[-93.1375,49.23333],[-93.1375,49.22917],[-93.14375,49.22917]]]}},{"type":"Feature","properties":{"c":"720414","o":"","e":""},"geometry":{"type":"Polygon","coordinates":[[[-93.15625,49.22917],[-93.15625,49.23333],[-93.15,49.23333],[-93.15,49.22917],[-93.15625,49.22917]]]}},{"type":"Feature","properties":{"c":"720416","o":"","e":""},"geometry":{"type":"Polygon","coordinates":[[[-93.15,49.22917],[-93.15,49.23333],[-93.14375,49.23333],[-93.14375,49.22917],[-93.15,49.22917]]]}},{"type":"Feature","properties":{"c":"720417","o":"","e":""},"geometry":{"type":"Polygon","coordinates":[[[-93.1375,49.22917],[-93.1375,49.23333],[-93.13125,49.23333],[-93.13125,49.22917],[-93.1375,49.22917]]]}},{"type":"Feature","properties":{"c":"720505","o":"","e":""},"geometry":{"type":"Polygon","coordinates":[[[-93.16875,49.2125],[-93.16875,49.21667],[-93.1625,49.21667],[-93.1625,49.2125],[-93.16875,49.2125]]]}},{"type":"Feature","properties":{"c":"720506","o":"","e":""},"geometry":{"type":"Polygon","coordinates":[[[-93.16875,49.21667],[-93.16875,49.22083],[-93.1625,49.22083],[-93.1625,49.21667],[-93.16875,49.21667]]]}},{"type":"Feature","properties":{"c":"720507","o":"","e":""},"geometry":{"type":"Polygon","coordinates":[[[-93.175,49.2125],[-93.175,49.21667],[-93.16875,49.21667],[-93.16875,49.2125],[-93.175,49.2125]]]}},{"type":"Feature","properties":{"c":"720508","o":"","e":""},"geometry":{"type":"Polygon","coordinates":[[[-93.1625,49.20417],[-93.1625,49.20833],[-93.15625,49.20833],[-93.15625,49.20417],[-93.1625,49.20417]]]}},{"type":"Feature","properties":{"c":"720509","o":"","e":""},"geometry":{"type":"Polygon","coordinates":[[[-93.1625,49.2125],[-93.1625,49.21667],[-93.15625,49.21667],[-93.15625,49.2125],[-93.1625,49.2125]]]}},{"type":"Feature","properties":{"c":"720510","o":"","e":""},"geometry":{"type":"Polygon","coordinates":[[[-93.16875,49.20833],[-93.16875,49.2125],[-93.1625,49.2125],[-93.1625,49.20833],[-93.16875,49.20833]]]}},{"type":"Feature","properties":{"c":"720511","o":"","e":""},"geometry":{"type":"Polygon","coordinates":[[[-93.16875,49.225],[-93.16875,49.22917],[-93.1625,49.22917],[-93.1625,49.225],[-93.16875,49.225]]]}},{"type":"Feature","properties":{"c":"720512","o":"","e":""},"geometry":{"type":"Polygon","coordinates":[[[-93.1625,49.22083],[-93.1625,49.225],[-93.15625,49.225],[-93.15625,49.22083],[-93.1625,49.22083]]]}},{"type":"Feature","properties":{"c":"720513","o":"","e":""},"geometry":{"type":"Polygon","coordinates":[[[-93.175,49.22083],[-93.175,49.225],[-93.16875,49.225],[-93.16875,49.22083],[-93.175,49.22083]]]}},{"type":"Feature","properties":{"c":"720514","o":"","e":""},"geometry":{"type":"Polygon","coordinates":[[[-93.175,49.20417],[-93.175,49.20833],[-93.16875,49.20833],[-93.16875,49.20417],[-93.175,49.20417]]]}},{"type":"Feature","properties":{"c":"720515","o":"","e":""},"geometry":{"type":"Polygon","coordinates":[[[-93.175,49.21667],[-93.175,49.22083],[-93.16875,49.22083],[-93.16875,49.21667],[-93.175,49.21667]]]}},{"type":"Feature","properties":{"c":"720516","o":"","e":""},"geometry":{"type":"Polygon","coordinates":[[[-93.175,49.225],[-93.175,49.22917],[-93.16875,49.22917],[-93.16875,49.225],[-93.175,49.225]]]}},{"type":"Feature","properties":{"c":"720517","o":"","e":""},"geometry":{"type":"Polygon","coordinates":[[[-93.1625,49.20833],[-93.1625,49.2125],[-93.15625,49.2125],[-93.15625,49.20833],[-93.1625,49.20833]]]}},{"type":"Feature","properties":{"c":"720518","o":"","e":""},"geometry":{"type":"Polygon","coordinates":[[[-93.1625,49.21667],[-93.1625,49.22083],[-93.15625,49.22083],[-93.15625,49.21667],[-93.1625,49.21667]]]}},{"type":"Feature","properties":{"c":"720519","o":"","e":""},"geometry":{"type":"Polygon","coordinates":[[[-93.16875,49.20417],[-93.16875,49.20833],[-93.1625,49.20833],[-93.1625,49.20417],[-93.16875,49.20417]]]}},{"type":"Feature","properties":{"c":"720520","o":"","e":""},"geometry":{"type":"Polygon","coordinates":[[[-93.1625,49.225],[-93.1625,49.22917],[-93.15625,49.22917],[-93.15625,49.225],[-93.1625,49.225]]]}},{"type":"Feature","properties":{"c":"720521","o":"","e":""},"geometry":{"type":"Polygon","coordinates":[[[-93.175,49.20833],[-93.175,49.2125],[-93.16875,49.2125],[-93.16875,49.20833],[-93.175,49.20833]]]}},{"type":"Feature","properties":{"c":"720522","o":"","e":""},"geometry":{"type":"Polygon","coordinates":[[[-93.16875,49.22083],[-93.16875,49.225],[-93.1625,49.225],[-93.1625,49.22083],[-93.16875,49.22083]]]}},{"type":"Feature","properties":{"c":"720523","o":"","e":""},"geometry":{"type":"Polygon","coordinates":[[[-93.175,49.22917],[-93.175,49.23333],[-93.16875,49.23333],[-93.16875,49.22917],[-93.175,49.22917]]]}},{"type":"Feature","properties":{"c":"720524","o":"","e":""},"geometry":{"type":"Polygon","coordinates":[[[-93.1625,49.23333],[-93.1625,49.2375],[-93.15625,49.2375],[-93.15625,49.23333],[-93.1625,49.23333]]]}},{"type":"Feature","properties":{"c":"720525","o":"","e":""},"geometry":{"type":"Polygon","coordinates":[[[-93.1625,49.22917],[-93.1625,49.23333],[-93.15625,49.23333],[-93.15625,49.22917],[-93.1625,49.22917]]]}},{"type":"Feature","properties":{"c":"720526","o":"","e":""},"geometry":{"type":"Polygon","coordinates":[[[-93.16875,49.22917],[-93.16875,49.23333],[-93.1625,49.23333],[-93.1625,49.22917],[-93.16875,49.22917]]]}},{"type":"Feature","properties":{"c":"720527","o":"","e":""},"geometry":{"type":"Polygon","coordinates":[[[-93.19375,49.19583],[-93.19375,49.2],[-93.1875,49.2],[-93.1875,49.19583],[-93.19375,49.19583]]]}},{"type":"Feature","properties":{"c":"720528","o":"","e":""},"geometry":{"type":"Polygon","coordinates":[[[-93.19375,49.20833],[-93.19375,49.2125],[-93.1875,49.2125],[-93.1875,49.20833],[-93.19375,49.20833]]]}},{"type":"Feature","properties":{"c":"720529","o":"","e":""},"geometry":{"type":"Polygon","coordinates":[[[-93.1875,49.2125],[-93.1875,49.21667],[-93.18125,49.21667],[-93.18125,49.2125],[-93.1875,49.2125]]]}},{"type":"Feature","properties":{"c":"720530","o":"","e":""},"geometry":{"type":"Polygon","coordinates":[[[-93.18125,49.2125],[-93.18125,49.21667],[-93.175,49.21667],[-93.175,49.2125],[-93.18125,49.2125]]]}},{"type":"Feature","properties":{"c":"720531","o":"","e":""},"geometry":{"type":"Polygon","coordinates":[[[-93.1875,49.20833],[-93.1875,49.2125],[-93.18125,49.2125],[-93.18125,49.20833],[-93.1875,49.20833]]]}},{"type":"Feature","properties":{"c":"720532","o":"","e":""},"geometry":{"type":"Polygon","coordinates":[[[-93.18125,49.2],[-93.18125,49.20417],[-93.175,49.20417],[-93.175,49.2],[-93.18125,49.2]]]}},{"type":"Feature","properties":{"c":"720533","o":"","e":""},"geometry":{"type":"Polygon","coordinates":[[[-93.19375,49.20417],[-93.19375,49.20833],[-93.1875,49.20833],[-93.1875,49.20417],[-93.19375,49.20417]]]}},{"type":"Feature","properties":{"c":"720534","o":"","e":""},"geometry":{"type":"Polygon","coordinates":[[[-93.19375,49.2125],[-93.19375,49.21667],[-93.1875,49.21667],[-93.1875,49.2125],[-93.19375,49.2125]]]}},{"type":"Feature","properties":{"c":"720535","o":"","e":""},"geometry":{"type":"Polygon","coordinates":[[[-93.1875,49.2],[-93.1875,49.20417],[-93.18125,49.20417],[-93.18125,49.2],[-93.1875,49.2]]]}},{"type":"Feature","properties":{"c":"720536","o":"","e":""},"geometry":{"type":"Polygon","coordinates":[[[-93.18125,49.20833],[-93.18125,49.2125],[-93.175,49.2125],[-93.175,49.20833],[-93.18125,49.20833]]]}},{"type":"Feature","properties":{"c":"720537","o":"","e":""},"geometry":{"type":"Polygon","coordinates":[[[-93.18125,49.20417],[-93.18125,49.20833],[-93.175,49.20833],[-93.175,49.20417],[-93.18125,49.20417]]]}},{"type":"Feature","properties":{"c":"816668","o":"","e":""},"geometry":{"type":"Polygon","coordinates":[[[-93.30625,49.11667],[-93.30625,49.12083],[-93.3,49.12083],[-93.3,49.11667],[-93.30625,49.11667]]]}},{"type":"Feature","properties":{"c":"816669","o":"","e":""},"geometry":{"type":"Polygon","coordinates":[[[-93.0625,49.00417],[-93.0625,49.00833],[-93.05625,49.00833],[-93.05625,49.00417],[-93.0625,49.00417]]]}},{"type":"Feature","properties":{"c":"816670","o":"","e":""},"geometry":{"type":"Polygon","coordinates":[[[-93.05625,49.00417],[-93.05625,49.00833],[-93.05,49.00833],[-93.05,49.00417],[-93.05625,49.00417]]]}},{"type":"Feature","properties":{"c":"816672","o":"","e":""},"geometry":{"type":"Polygon","coordinates":[[[-93.05,49.00417],[-93.05,49.00833],[-93.04375,49.00833],[-93.04375,49.00417],[-93.05,49.00417]]]}},{"type":"Feature","properties":{"c":"816673","o":"","e":""},"geometry":{"type":"Polygon","coordinates":[[[-93.3,49.11667],[-93.3,49.12083],[-93.29375,49.12083],[-93.29375,49.11667],[-93.3,49.11667]]]}},{"type":"Feature","properties":{"c":"816675","o":"","e":""},"geometry":{"type":"Polygon","coordinates":[[[-93.04375,49.00417],[-93.04375,49.00833],[-93.0375,49.00833],[-93.0375,49.00417],[-93.04375,49.00417]]]}},{"type":"Feature","properties":{"c":"816676","o":"","e":""},"geometry":{"type":"Polygon","coordinates":[[[-93.0375,49.00417],[-93.0375,49.00833],[-93.03125,49.00833],[-93.03125,49.00417],[-93.0375,49.00417]]]}},{"type":"Feature","properties":{"c":"816677","o":"","e":""},"geometry":{"type":"Polygon","coordinates":[[[-93.29375,49.11667],[-93.29375,49.12083],[-93.2875,49.12083],[-93.2875,49.11667],[-93.29375,49.11667]]]}},{"type":"Feature","properties":{"c":"816679","o":"","e":""},"geometry":{"type":"Polygon","coordinates":[[[-93.03125,49.00417],[-93.03125,49.00833],[-93.025,49.00833],[-93.025,49.00417],[-93.03125,49.00417]]]}},{"type":"Feature","properties":{"c":"816681","o":"","e":""},"geometry":{"type":"Polygon","coordinates":[[[-93.2875,49.11667],[-93.2875,49.12083],[-93.28125,49.12083],[-93.28125,49.11667],[-93.2875,49.11667]]]}},{"type":"Feature","properties":{"c":"816682","o":"","e":""},"geometry":{"type":"Polygon","coordinates":[[[-93.06875,49.00833],[-93.06875,49.0125],[-93.0625,49.0125],[-93.0625,49.00833],[-93.06875,49.00833]]]}},{"type":"Feature","properties":{"c":"816683","o":"","e":""},"geometry":{"type":"Polygon","coordinates":[[[-93.0625,49.00833],[-93.0625,49.0125],[-93.05625,49.0125],[-93.05625,49.00833],[-93.0625,49.00833]]]}},{"type":"Feature","properties":{"c":"816685","o":"","e":""},"geometry":{"type":"Polygon","coordinates":[[[-93.28125,49.11667],[-93.28125,49.12083],[-93.275,49.12083],[-93.275,49.11667],[-93.28125,49.11667]]]}},{"type":"Feature","properties":{"c":"816686","o":"","e":""},"geometry":{"type":"Polygon","coordinates":[[[-93.05625,49.00833],[-93.05625,49.0125],[-93.05,49.0125],[-93.05,49.00833],[-93.05625,49.00833]]]}},{"type":"Feature","properties":{"c":"816687","o":"","e":""},"geometry":{"type":"Polygon","coordinates":[[[-93.05,49.00833],[-93.05,49.0125],[-93.04375,49.0125],[-93.04375,49.00833],[-93.05,49.00833]]]}},{"type":"Feature","properties":{"c":"816689","o":"","e":""},"geometry":{"type":"Polygon","coordinates":[[[-93.275,49.11667],[-93.275,49.12083],[-93.26875,49.12083],[-93.26875,49.11667],[-93.275,49.11667]]]}},{"type":"Feature","properties":{"c":"816690","o":"","e":""},"geometry":{"type":"Polygon","coordinates":[[[-93.04375,49.00833],[-93.04375,49.0125],[-93.0375,49.0125],[-93.0375,49.00833],[-93.04375,49.00833]]]}},{"type":"Feature","properties":{"c":"816691","o":"","e":""},"geometry":{"type":"Polygon","coordinates":[[[-93.26875,49.11667],[-93.26875,49.12083],[-93.2625,49.12083],[-93.2625,49.11667],[-93.26875,49.11667]]]}},{"type":"Feature","properties":{"c":"816693","o":"","e":""},"geometry":{"type":"Polygon","coordinates":[[[-93.0375,49.00833],[-93.0375,49.0125],[-93.03125,49.0125],[-93.03125,49.00833],[-93.0375,49.00833]]]}},{"type":"Feature","properties":{"c":"816694","o":"","e":""},"geometry":{"type":"Polygon","coordinates":[[[-93.03125,49.00833],[-93.03125,49.0125],[-93.025,49.0125],[-93.025,49.00833],[-93.03125,49.00833]]]}},{"type":"Feature","properties":{"c":"816695","o":"","e":""},"geometry":{"type":"Polygon","coordinates":[[[-93.2625,49.11667],[-93.2625,49.12083],[-93.25625,49.12083],[-93.25625,49.11667],[-93.2625,49.11667]]]}},{"type":"Feature","properties":{"c":"720298","o":"","e":""},"geometry":{"type":"Polygon","coordinates":[[[-93.09375,49.20417],[-93.09375,49.20833],[-93.0875,49.20833],[-93.0875,49.20417],[-93.09375,49.20417]]]}},{"type":"Feature","properties":{"c":"720299","o":"","e":""},"geometry":{"type":"Polygon","coordinates":[[[-93.08125,49.20417],[-93.08125,49.20833],[-93.075,49.20833],[-93.075,49.20417],[-93.08125,49.20417]]]}},{"type":"Feature","properties":{"c":"720300","o":"","e":""},"geometry":{"type":"Polygon","coordinates":[[[-93.10625,49.2],[-93.10625,49.20417],[-93.1,49.20417],[-93.1,49.2],[-93.10625,49.2]]]}},{"type":"Feature","properties":{"c":"720301","o":"","e":""},"geometry":{"type":"Polygon","coordinates":[[[-93.1,49.19583],[-93.1,49.2],[-93.09375,49.2],[-93.09375,49.19583],[-93.1,49.19583]]]}},{"type":"Feature","properties":{"c":"720302","o":"","e":""},"geometry":{"type":"Polygon","coordinates":[[[-93.0625,49.20833],[-93.0625,49.2125],[-93.05625,49.2125],[-93.05625,49.20833],[-93.0625,49.20833]]]}},{"type":"Feature","properties":{"c":"720303","o":"","e":""},"geometry":{"type":"Polygon","coordinates":[[[-93.0875,49.20833],[-93.0875,49.2125],[-93.08125,49.2125],[-93.08125,49.20833],[-93.0875,49.20833]]]}},{"type":"Feature","properties":{"c":"720304","o":"","e":""},"geometry":{"type":"Polygon","coordinates":[[[-93.1,49.20833],[-93.1,49.2125],[-93.09375,49.2125],[-93.09375,49.20833],[-93.1,49.20833]]]}},{"type":"Feature","properties":{"c":"720305","o":"","e":""},"geometry":{"type":"Polygon","coordinates":[[[-93.10625,49.20833],[-93.10625,49.2125],[-93.1,49.2125],[-93.1,49.20833],[-93.10625,49.20833]]]}},{"type":"Feature","properties":{"c":"720306","o":"","e":""},"geometry":{"type":"Polygon","coordinates":[[[-93.09375,49.20833],[-93.09375,49.2125],[-93.0875,49.2125],[-93.0875,49.20833],[-93.09375,49.20833]]]}},{"type":"Feature","properties":{"c":"720307","o":"","e":""},"geometry":{"type":"Polygon","coordinates":[[[-93.08125,49.20833],[-93.08125,49.2125],[-93.075,49.2125],[-93.075,49.20833],[-93.08125,49.20833]]]}},{"type":"Feature","properties":{"c":"720308","o":"","e":""},"geometry":{"type":"Polygon","coordinates":[[[-93.075,49.20833],[-93.075,49.2125],[-93.06875,49.2125],[-93.06875,49.20833],[-93.075,49.20833]]]}},{"type":"Feature","properties":{"c":"720309","o":"","e":""},"geometry":{"type":"Polygon","coordinates":[[[-93.06875,49.20833],[-93.06875,49.2125],[-93.0625,49.2125],[-93.0625,49.20833],[-93.06875,49.20833]]]}},{"type":"Feature","properties":{"c":"720310","o":"","e":""},"geometry":{"type":"Polygon","coordinates":[[[-93.08125,49.2125],[-93.08125,49.21667],[-93.075,49.21667],[-93.075,49.2125],[-93.08125,49.2125]]]}},{"type":"Feature","properties":{"c":"720311","o":"","e":""},"geometry":{"type":"Polygon","coordinates":[[[-93.075,49.2125],[-93.075,49.21667],[-93.06875,49.21667],[-93.06875,49.2125],[-93.075,49.2125]]]}},{"type":"Feature","properties":{"c":"720312","o":"","e":""},"geometry":{"type":"Polygon","coordinates":[[[-93.0625,49.2125],[-93.0625,49.21667],[-93.05625,49.21667],[-93.05625,49.2125],[-93.0625,49.2125]]]}},{"type":"Feature","properties":{"c":"720313","o":"","e":""},"geometry":{"type":"Polygon","coordinates":[[[-93.09375,49.2125],[-93.09375,49.21667],[-93.0875,49.21667],[-93.0875,49.2125],[-93.09375,49.2125]]]}},{"type":"Feature","properties":{"c":"720314","o":"","e":""},"geometry":{"type":"Polygon","coordinates":[[[-93.0875,49.2125],[-93.0875,49.21667],[-93.08125,49.21667],[-93.08125,49.2125],[-93.0875,49.2125]]]}},{"type":"Feature","properties":{"c":"720315","o":"","e":""},"geometry":{"type":"Polygon","coordinates":[[[-93.1,49.2125],[-93.1,49.21667],[-93.09375,49.21667],[-93.09375,49.2125],[-93.1,49.2125]]]}},{"type":"Feature","properties":{"c":"720316","o":"","e":""},"geometry":{"type":"Polygon","coordinates":[[[-93.10625,49.2125],[-93.10625,49.21667],[-93.1,49.21667],[-93.1,49.2125],[-93.10625,49.2125]]]}},{"type":"Feature","properties":{"c":"720317","o":"","e":""},"geometry":{"type":"Polygon","coordinates":[[[-93.06875,49.2125],[-93.06875,49.21667],[-93.0625,49.21667],[-93.0625,49.2125],[-93.06875,49.2125]]]}},{"type":"Feature","properties":{"c":"720342","o":"","e":""},"geometry":{"type":"Polygon","coordinates":[[[-93.0625,49.22917],[-93.0625,49.23333],[-93.05625,49.23333],[-93.05625,49.22917],[-93.0625,49.22917]]]}},{"type":"Feature","properties":{"c":"720343","o":"","e":""},"geometry":{"type":"Polygon","coordinates":[[[-93.1125,49.225],[-93.1125,49.22917],[-93.10625,49.22917],[-93.10625,49.225],[-93.1125,49.225]]]}},{"type":"Feature","properties":{"c":"720344","o":"","e":""},"geometry":{"type":"Polygon","coordinates":[[[-93.0875,49.22083],[-93.0875,49.225],[-93.08125,49.225],[-93.08125,49.22083],[-93.0875,49.22083]]]}},{"type":"Feature","properties":{"c":"720345","o":"","e":""},"geometry":{"type":"Polygon","coordinates":[[[-93.06875,49.225],[-93.06875,49.22917],[-93.0625,49.22917],[-93.0625,49.225],[-93.06875,49.225]]]}},{"type":"Feature","properties":{"c":"720346","o":"","e":""},"geometry":{"type":"Polygon","coordinates":[[[-93.11875,49.22917],[-93.11875,49.23333],[-93.1125,49.23333],[-93.1125,49.22917],[-93.11875,49.22917]]]}},{"type":"Feature","properties":{"c":"720347","o":"","e":""},"geometry":{"type":"Polygon","coordinates":[[[-93.10625,49.22917],[-93.10625,49.23333],[-93.1,49.23333],[-93.1,49.22917],[-93.10625,49.22917]]]}},{"type":"Feature","properties":{"c":"720348","o":"","e":""},"geometry":{"type":"Polygon","coordinates":[[[-93.09375,49.225],[-93.09375,49.22917],[-93.0875,49.22917],[-93.0875,49.225],[-93.09375,49.225]]]}},{"type":"Feature","properties":{"c":"720349","o":"","e":""},"geometry":{"type":"Polygon","coordinates":[[[-93.09375,49.22917],[-93.09375,49.23333],[-93.0875,49.23333],[-93.0875,49.22917],[-93.09375,49.22917]]]}},{"type":"Feature","properties":{"c":"720350","o":"","e":""},"geometry":{"type":"Polygon","coordinates":[[[-93.0875,49.225],[-93.0875,49.22917],[-93.08125,49.22917],[-93.08125,49.225],[-93.0875,49.225]]]}},{"type":"Feature","properties":{"c":"718223","o":"","e":""},"geometry":{"type":"Polygon","coordinates":[[[-93.14375,49.18333],[-93.14375,49.1875],[-93.1375,49.1875],[-93.1375,49.18333],[-93.14375,49.18333]]]}},{"type":"Feature","properties":{"c":"718224","o":"","e":""},"geometry":{"type":"Polygon","coordinates":[[[-93.14375,49.1875],[-93.14375,49.19167],[-93.1375,49.19167],[-93.1375,49.1875],[-93.14375,49.1875]]]}},{"type":"Feature","properties":{"c":"718225","o":"","e":""},"geometry":{"type":"Polygon","coordinates":[[[-93.1125,49.2125],[-93.1125,49.21667],[-93.10625,49.21667],[-93.10625,49.2125],[-93.1125,49.2125]]]}},{"type":"Feature","properties":{"c":"718226","o":"","e":""},"geometry":{"type":"Polygon","coordinates":[[[-93.1125,49.20833],[-93.1125,49.2125],[-93.10625,49.2125],[-93.10625,49.20833],[-93.1125,49.20833]]]}},{"type":"Feature","properties":{"c":"720351","o":"","e":""},"geometry":{"type":"Polygon","coordinates":[[[-93.0875,49.22917],[-93.0875,49.23333],[-93.08125,49.23333],[-93.08125,49.22917],[-93.0875,49.22917]]]}},{"type":"Feature","properties":{"c":"720352","o":"","e":""},"geometry":{"type":"Polygon","coordinates":[[[-93.08125,49.22083],[-93.08125,49.225],[-93.075,49.225],[-93.075,49.22083],[-93.08125,49.22083]]]}},{"type":"Feature","properties":{"c":"720353","o":"","e":""},"geometry":{"type":"Polygon","coordinates":[[[-93.075,49.225],[-93.075,49.22917],[-93.06875,49.22917],[-93.06875,49.225],[-93.075,49.225]]]}},{"type":"Feature","properties":{"c":"720354","o":"","e":""},"geometry":{"type":"Polygon","coordinates":[[[-93.0625,49.22083],[-93.0625,49.225],[-93.05625,49.225],[-93.05625,49.22083],[-93.0625,49.22083]]]}},{"type":"Feature","properties":{"c":"720355","o":"","e":""},"geometry":{"type":"Polygon","coordinates":[[[-93.11875,49.225],[-93.11875,49.22917],[-93.1125,49.22917],[-93.1125,49.225],[-93.11875,49.225]]]}},{"type":"Feature","properties":{"c":"720356","o":"","e":""},"geometry":{"type":"Polygon","coordinates":[[[-93.08125,49.225],[-93.08125,49.22917],[-93.075,49.22917],[-93.075,49.225],[-93.08125,49.225]]]}},{"type":"Feature","properties":{"c":"720357","o":"","e":""},"geometry":{"type":"Polygon","coordinates":[[[-93.075,49.22083],[-93.075,49.225],[-93.06875,49.225],[-93.06875,49.22083],[-93.075,49.22083]]]}},{"type":"Feature","properties":{"c":"720358","o":"","e":""},"geometry":{"type":"Polygon","coordinates":[[[-93.09375,49.23333],[-93.09375,49.2375],[-93.0875,49.2375],[-93.0875,49.23333],[-93.09375,49.23333]]]}},{"type":"Feature","properties":{"c":"720359","o":"","e":""},"geometry":{"type":"Polygon","coordinates":[[[-93.0875,49.23333],[-93.0875,49.2375],[-93.08125,49.2375],[-93.08125,49.23333],[-93.0875,49.23333]]]}},{"type":"Feature","properties":{"c":"720360","o":"","e":""},"geometry":{"type":"Polygon","coordinates":[[[-93.06875,49.23333],[-93.06875,49.2375],[-93.0625,49.2375],[-93.0625,49.23333],[-93.06875,49.23333]]]}},{"type":"Feature","properties":{"c":"720361","o":"","e":""},"geometry":{"type":"Polygon","coordinates":[[[-93.0625,49.23333],[-93.0625,49.2375],[-93.05625,49.2375],[-93.05625,49.23333],[-93.0625,49.23333]]]}},{"type":"Feature","properties":{"c":"720538","o":"","e":""},"geometry":{"type":"Polygon","coordinates":[[[-93.19375,49.2],[-93.19375,49.20417],[-93.1875,49.20417],[-93.1875,49.2],[-93.19375,49.2]]]}},{"type":"Feature","properties":{"c":"720539","o":"","e":""},"geometry":{"type":"Polygon","coordinates":[[[-93.1875,49.20417],[-93.1875,49.20833],[-93.18125,49.20833],[-93.18125,49.20417],[-93.1875,49.20417]]]}},{"type":"Feature","properties":{"c":"720540","o":"","e":""},"geometry":{"type":"Polygon","coordinates":[[[-93.1625,49.2],[-93.1625,49.20417],[-93.15625,49.20417],[-93.15625,49.2],[-93.1625,49.2]]]}},{"type":"Feature","properties":{"c":"720541","o":"","e":""},"geometry":{"type":"Polygon","coordinates":[[[-93.15625,49.2],[-93.15625,49.20417],[-93.15,49.20417],[-93.15,49.2],[-93.15625,49.2]]]}},{"type":"Feature","properties":{"c":"720542","o":"","e":""},"geometry":{"type":"Polygon","coordinates":[[[-93.15,49.2],[-93.15,49.20417],[-93.14375,49.20417],[-93.14375,49.2],[-93.15,49.2]]]}},{"type":"Feature","properties":{"c":"720543","o":"","e":""},"geometry":{"type":"Polygon","coordinates":[[[-93.2,49.2],[-93.2,49.20417],[-93.19375,49.20417],[-93.19375,49.2],[-93.2,49.2]]]}},{"type":"Feature","properties":{"c":"720544","o":"","e":""},"geometry":{"type":"Polygon","coordinates":[[[-93.2,49.19583],[-93.2,49.2],[-93.19375,49.2],[-93.19375,49.19583],[-93.2,49.19583]]]}},{"type":"Feature","properties":{"c":"720545","o":"","e":""},"geometry":{"type":"Polygon","coordinates":[[[-93.2,49.20417],[-93.2,49.20833],[-93.19375,49.20833],[-93.19375,49.20417],[-93.2,49.20417]]]}},{"type":"Feature","properties":{"c":"720329","o":"","e":""},"geometry":{"type":"Polygon","coordinates":[[[-93.10625,49.22083],[-93.10625,49.225],[-93.1,49.225],[-93.1,49.22083],[-93.10625,49.22083]]]}},{"type":"Feature","properties":{"c":"720330","o":"","e":""},"geometry":{"type":"Polygon","coordinates":[[[-93.1,49.225],[-93.1,49.22917],[-93.09375,49.22917],[-93.09375,49.225],[-93.1,49.225]]]}},{"type":"Feature","properties":{"c":"720331","o":"","e":""},"geometry":{"type":"Polygon","coordinates":[[[-93.0625,49.225],[-93.0625,49.22917],[-93.05625,49.22917],[-93.05625,49.225],[-93.0625,49.225]]]}},{"type":"Feature","properties":{"c":"720332","o":"","e":""},"geometry":{"type":"Polygon","coordinates":[[[-93.1125,49.22917],[-93.1125,49.23333],[-93.10625,49.23333],[-93.10625,49.22917],[-93.1125,49.22917]]]}},{"type":"Feature","properties":{"c":"720333","o":"","e":""},"geometry":{"type":"Polygon","coordinates":[[[-93.06875,49.22917],[-93.06875,49.23333],[-93.0625,49.23333],[-93.0625,49.22917],[-93.06875,49.22917]]]}},{"type":"Feature","properties":{"c":"720334","o":"","e":""},"geometry":{"type":"Polygon","coordinates":[[[-93.10625,49.225],[-93.10625,49.22917],[-93.1,49.22917],[-93.1,49.225],[-93.10625,49.225]]]}},{"type":"Feature","properties":{"c":"720335","o":"","e":""},"geometry":{"type":"Polygon","coordinates":[[[-93.075,49.22917],[-93.075,49.23333],[-93.06875,49.23333],[-93.06875,49.22917],[-93.075,49.22917]]]}},{"type":"Feature","properties":{"c":"720336","o":"","e":""},"geometry":{"type":"Polygon","coordinates":[[[-93.06875,49.22083],[-93.06875,49.225],[-93.0625,49.225],[-93.0625,49.22083],[-93.06875,49.22083]]]}},{"type":"Feature","properties":{"c":"720337","o":"","e":""},"geometry":{"type":"Polygon","coordinates":[[[-93.11875,49.22083],[-93.11875,49.225],[-93.1125,49.225],[-93.1125,49.22083],[-93.11875,49.22083]]]}},{"type":"Feature","properties":{"c":"720338","o":"","e":""},"geometry":{"type":"Polygon","coordinates":[[[-93.1,49.22083],[-93.1,49.225],[-93.09375,49.225],[-93.09375,49.22083],[-93.1,49.22083]]]}},{"type":"Feature","properties":{"c":"720339","o":"","e":""},"geometry":{"type":"Polygon","coordinates":[[[-93.1,49.22917],[-93.1,49.23333],[-93.09375,49.23333],[-93.09375,49.22917],[-93.1,49.22917]]]}},{"type":"Feature","properties":{"c":"720340","o":"","e":""},"geometry":{"type":"Polygon","coordinates":[[[-93.09375,49.22083],[-93.09375,49.225],[-93.0875,49.225],[-93.0875,49.22083],[-93.09375,49.22083]]]}},{"type":"Feature","properties":{"c":"720341","o":"","e":""},"geometry":{"type":"Polygon","coordinates":[[[-93.08125,49.22917],[-93.08125,49.23333],[-93.075,49.23333],[-93.075,49.22917],[-93.08125,49.22917]]]}},{"type":"Feature","properties":{"c":"816636","o":"","e":""},"geometry":{"type":"Polygon","coordinates":[[[-93.3125,49.10417],[-93.3125,49.10833],[-93.30625,49.10833],[-93.30625,49.10417],[-93.3125,49.10417]]]}},{"type":"Feature","properties":{"c":"816637","o":"","e":""},"geometry":{"type":"Polygon","coordinates":[[[-93.30625,49.10417],[-93.30625,49.10833],[-93.3,49.10833],[-93.3,49.10417],[-93.30625,49.10417]]]}},{"type":"Feature","properties":{"c":"816638","o":"","e":""},"geometry":{"type":"Polygon","coordinates":[[[-93.3,49.10417],[-93.3,49.10833],[-93.29375,49.10833],[-93.29375,49.10417],[-93.3,49.10417]]]}},{"type":"Feature","properties":{"c":"816639","o":"","e":""},"geometry":{"type":"Polygon","coordinates":[[[-93.29375,49.10417],[-93.29375,49.10833],[-93.2875,49.10833],[-93.2875,49.10417],[-93.29375,49.10417]]]}},{"type":"Feature","properties":{"c":"816635","o":"","e":""},"geometry":{"type":"Polygon","coordinates":[[[-93.31875,49.10417],[-93.31875,49.10833],[-93.3125,49.10833],[-93.3125,49.10417],[-93.31875,49.10417]]]}},{"type":"Feature","properties":{"c":"927011","o":"","e":""},"geometry":{"type":"Polygon","coordinates":[[[-93.15625,49.24583],[-93.15625,49.25],[-93.15,49.25],[-93.15,49.24583],[-93.15625,49.24583]]]}},{"type":"Feature","properties":{"c":"927012","o":"","e":""},"geometry":{"type":"Polygon","coordinates":[[[-93.15625,49.25417],[-93.15625,49.25833],[-93.15,49.25833],[-93.15,49.25417],[-93.15625,49.25417]]]}},{"type":"Feature","properties":{"c":"816697","o":"","e":""},"geometry":{"type":"Polygon","coordinates":[[[-93.025,49.00833],[-93.025,49.0125],[-93.01875,49.0125],[-93.01875,49.00833],[-93.025,49.00833]]]}},{"type":"Feature","properties":{"c":"816721","o":"","e":""},"geometry":{"type":"Polygon","coordinates":[[[-93.05625,49.01667],[-93.05625,49.02083],[-93.05,49.02083],[-93.05,49.01667],[-93.05625,49.01667]]]}},{"type":"Feature","properties":{"c":"816722","o":"","e":""},"geometry":{"type":"Polygon","coordinates":[[[-93.3,49.12083],[-93.3,49.125],[-93.29375,49.125],[-93.29375,49.12083],[-93.3,49.12083]]]}},{"type":"Feature","properties":{"c":"816723","o":"","e":""},"geometry":{"type":"Polygon","coordinates":[[[-93.05,49.01667],[-93.05,49.02083],[-93.04375,49.02083],[-93.04375,49.01667],[-93.05,49.01667]]]}},{"type":"Feature","properties":{"c":"816725","o":"","e":""},"geometry":{"type":"Polygon","coordinates":[[[-93.04375,49.01667],[-93.04375,49.02083],[-93.0375,49.02083],[-93.0375,49.01667],[-93.04375,49.01667]]]}},{"type":"Feature","properties":{"c":"816726","o":"","e":""},"geometry":{"type":"Polygon","coordinates":[[[-93.29375,49.12083],[-93.29375,49.125],[-93.2875,49.125],[-93.2875,49.12083],[-93.29375,49.12083]]]}},{"type":"Feature","properties":{"c":"816728","o":"","e":""},"geometry":{"type":"Polygon","coordinates":[[[-93.0375,49.01667],[-93.0375,49.02083],[-93.03125,49.02083],[-93.03125,49.01667],[-93.0375,49.01667]]]}},{"type":"Feature","properties":{"c":"816729","o":"","e":""},"geometry":{"type":"Polygon","coordinates":[[[-93.03125,49.01667],[-93.03125,49.02083],[-93.025,49.02083],[-93.025,49.01667],[-93.03125,49.01667]]]}},{"type":"Feature","properties":{"c":"816730","o":"","e":""},"geometry":{"type":"Polygon","coordinates":[[[-93.2875,49.12083],[-93.2875,49.125],[-93.28125,49.125],[-93.28125,49.12083],[-93.2875,49.12083]]]}},{"type":"Feature","properties":{"c":"816732","o":"","e":""},"geometry":{"type":"Polygon","coordinates":[[[-93.025,49.01667],[-93.025,49.02083],[-93.01875,49.02083],[-93.01875,49.01667],[-93.025,49.01667]]]}},{"type":"Feature","properties":{"c":"816734","o":"","e":""},"geometry":{"type":"Polygon","coordinates":[[[-93.05,49.02083],[-93.05,49.025],[-93.04375,49.025],[-93.04375,49.02083],[-93.05,49.02083]]]}},{"type":"Feature","properties":{"c":"816735","o":"","e":""},"geometry":{"type":"Polygon","coordinates":[[[-93.28125,49.12083],[-93.28125,49.125],[-93.275,49.125],[-93.275,49.12083],[-93.28125,49.12083]]]}},{"type":"Feature","properties":{"c":"816736","o":"","e":""},"geometry":{"type":"Polygon","coordinates":[[[-93.04375,49.02083],[-93.04375,49.025],[-93.0375,49.025],[-93.0375,49.02083],[-93.04375,49.02083]]]}},{"type":"Feature","properties":{"c":"816738","o":"","e":""},"geometry":{"type":"Polygon","coordinates":[[[-93.275,49.12083],[-93.275,49.125],[-93.26875,49.125],[-93.26875,49.12083],[-93.275,49.12083]]]}},{"type":"Feature","properties":{"c":"816698","o":"","e":""},"geometry":{"type":"Polygon","coordinates":[[[-93.06875,49.0125],[-93.06875,49.01667],[-93.0625,49.01667],[-93.0625,49.0125],[-93.06875,49.0125]]]}},{"type":"Feature","properties":{"c":"816699","o":"","e":""},"geometry":{"type":"Polygon","coordinates":[[[-93.25625,49.11667],[-93.25625,49.12083],[-93.25,49.12083],[-93.25,49.11667],[-93.25625,49.11667]]]}},{"type":"Feature","properties":{"c":"816701","o":"","e":""},"geometry":{"type":"Polygon","coordinates":[[[-93.0625,49.0125],[-93.0625,49.01667],[-93.05625,49.01667],[-93.05625,49.0125],[-93.0625,49.0125]]]}},{"type":"Feature","properties":{"c":"816703","o":"","e":""},"geometry":{"type":"Polygon","coordinates":[[[-93.25,49.11667],[-93.25,49.12083],[-93.24375,49.12083],[-93.24375,49.11667],[-93.25,49.11667]]]}},{"type":"Feature","properties":{"c":"816704","o":"","e":""},"geometry":{"type":"Polygon","coordinates":[[[-93.05625,49.0125],[-93.05625,49.01667],[-93.05,49.01667],[-93.05,49.0125],[-93.05625,49.0125]]]}},{"type":"Feature","properties":{"c":"816705","o":"","e":""},"geometry":{"type":"Polygon","coordinates":[[[-93.05,49.0125],[-93.05,49.01667],[-93.04375,49.01667],[-93.04375,49.0125],[-93.05,49.0125]]]}},{"type":"Feature","properties":{"c":"816707","o":"","e":""},"geometry":{"type":"Polygon","coordinates":[[[-93.24375,49.11667],[-93.24375,49.12083],[-93.2375,49.12083],[-93.2375,49.11667],[-93.24375,49.11667]]]}},{"type":"Feature","properties":{"c":"816708","o":"","e":""},"geometry":{"type":"Polygon","coordinates":[[[-93.04375,49.0125],[-93.04375,49.01667],[-93.0375,49.01667],[-93.0375,49.0125],[-93.04375,49.0125]]]}},{"type":"Feature","properties":{"c":"816710","o":"","e":""},"geometry":{"type":"Polygon","coordinates":[[[-93.31875,49.12083],[-93.31875,49.125],[-93.3125,49.125],[-93.3125,49.12083],[-93.31875,49.12083]]]}},{"type":"Feature","properties":{"c":"816711","o":"","e":""},"geometry":{"type":"Polygon","coordinates":[[[-93.0375,49.0125],[-93.0375,49.01667],[-93.03125,49.01667],[-93.03125,49.0125],[-93.0375,49.0125]]]}},{"type":"Feature","properties":{"c":"816712","o":"","e":""},"geometry":{"type":"Polygon","coordinates":[[[-93.03125,49.0125],[-93.03125,49.01667],[-93.025,49.01667],[-93.025,49.0125],[-93.03125,49.0125]]]}},{"type":"Feature","properties":{"c":"816714","o":"","e":""},"geometry":{"type":"Polygon","coordinates":[[[-93.3125,49.12083],[-93.3125,49.125],[-93.30625,49.125],[-93.30625,49.12083],[-93.3125,49.12083]]]}},{"type":"Feature","properties":{"c":"816715","o":"","e":""},"geometry":{"type":"Polygon","coordinates":[[[-93.025,49.0125],[-93.025,49.01667],[-93.01875,49.01667],[-93.01875,49.0125],[-93.025,49.0125]]]}},{"type":"Feature","properties":{"c":"816717","o":"","e":""},"geometry":{"type":"Polygon","coordinates":[[[-93.06875,49.01667],[-93.06875,49.02083],[-93.0625,49.02083],[-93.0625,49.01667],[-93.06875,49.01667]]]}},{"type":"Feature","properties":{"c":"816718","o":"","e":""},"geometry":{"type":"Polygon","coordinates":[[[-93.30625,49.12083],[-93.30625,49.125],[-93.3,49.125],[-93.3,49.12083],[-93.30625,49.12083]]]}},{"type":"Feature","properties":{"c":"816719","o":"","e":""},"geometry":{"type":"Polygon","coordinates":[[[-93.0625,49.01667],[-93.0625,49.02083],[-93.05625,49.02083],[-93.05625,49.01667],[-93.0625,49.01667]]]}},{"type":"Feature","properties":{"c":"1030031","o":"","e":""},"geometry":{"type":"Polygon","coordinates":[[[-93.08125,49.375],[-93.08125,49.37917],[-93.075,49.37917],[-93.075,49.375],[-93.08125,49.375]]]}},{"type":"Feature","properties":{"c":"1030032","o":"","e":""},"geometry":{"type":"Polygon","coordinates":[[[-93.075,49.375],[-93.075,49.37917],[-93.06875,49.37917],[-93.06875,49.375],[-93.075,49.375]]]}},{"type":"Feature","properties":{"c":"1030033","o":"","e":""},"geometry":{"type":"Polygon","coordinates":[[[-93.06875,49.375],[-93.06875,49.37917],[-93.0625,49.37917],[-93.0625,49.375],[-93.06875,49.375]]]}},{"type":"Feature","properties":{"c":"1030034","o":"","e":""},"geometry":{"type":"Polygon","coordinates":[[[-93.0625,49.375],[-93.0625,49.37917],[-93.05625,49.37917],[-93.05625,49.375],[-93.0625,49.375]]]}},{"type":"Feature","properties":{"c":"1030035","o":"","e":""},"geometry":{"type":"Polygon","coordinates":[[[-93.05625,49.375],[-93.05625,49.37917],[-93.05,49.37917],[-93.05,49.375],[-93.05625,49.375]]]}},{"type":"Feature","properties":{"c":"1030036","o":"","e":""},"geometry":{"type":"Polygon","coordinates":[[[-93.05,49.375],[-93.05,49.37917],[-93.04375,49.37917],[-93.04375,49.375],[-93.05,49.375]]]}},{"type":"Feature","properties":{"c":"1030037","o":"","e":""},"geometry":{"type":"Polygon","coordinates":[[[-93.04375,49.375],[-93.04375,49.37917],[-93.0375,49.37917],[-93.0375,49.375],[-93.04375,49.375]]]}},{"type":"Feature","properties":{"c":"816739","o":"","e":""},"geometry":{"type":"Polygon","coordinates":[[[-93.0375,49.02083],[-93.0375,49.025],[-93.03125,49.025],[-93.03125,49.02083],[-93.0375,49.02083]]]}},{"type":"Feature","properties":{"c":"816741","o":"","e":""},"geometry":{"type":"Polygon","coordinates":[[[-93.03125,49.02083],[-93.03125,49.025],[-93.025,49.025],[-93.025,49.02083],[-93.03125,49.02083]]]}},{"type":"Feature","properties":{"c":"816742","o":"","e":""},"geometry":{"type":"Polygon","coordinates":[[[-93.26875,49.12083],[-93.26875,49.125],[-93.2625,49.125],[-93.2625,49.12083],[-93.26875,49.12083]]]}},{"type":"Feature","properties":{"c":"816743","o":"","e":""},"geometry":{"type":"Polygon","coordinates":[[[-93.025,49.02083],[-93.025,49.025],[-93.01875,49.025],[-93.01875,49.02083],[-93.025,49.02083]]]}},{"type":"Feature","properties":{"c":"816745","o":"","e":""},"geometry":{"type":"Polygon","coordinates":[[[-93.25625,49.12083],[-93.25625,49.125],[-93.25,49.125],[-93.25,49.12083],[-93.25625,49.12083]]]}},{"type":"Feature","properties":{"c":"816746","o":"","e":""},"geometry":{"type":"Polygon","coordinates":[[[-93.05,49.025],[-93.05,49.02917],[-93.04375,49.02917],[-93.04375,49.025],[-93.05,49.025]]]}},{"type":"Feature","properties":{"c":"816747","o":"","e":""},"geometry":{"type":"Polygon","coordinates":[[[-93.04375,49.025],[-93.04375,49.02917],[-93.0375,49.02917],[-93.0375,49.025],[-93.04375,49.025]]]}},{"type":"Feature","properties":{"c":"816749","o":"","e":""},"geometry":{"type":"Polygon","coordinates":[[[-93.25,49.12083],[-93.25,49.125],[-93.24375,49.125],[-93.24375,49.12083],[-93.25,49.12083]]]}},{"type":"Feature","properties":{"c":"816750","o":"","e":""},"geometry":{"type":"Polygon","coordinates":[[[-93.0375,49.025],[-93.0375,49.02917],[-93.03125,49.02917],[-93.03125,49.025],[-93.0375,49.025]]]}},{"type":"Feature","properties":{"c":"816752","o":"","e":""},"geometry":{"type":"Polygon","coordinates":[[[-93.24375,49.12083],[-93.24375,49.125],[-93.2375,49.125],[-93.2375,49.12083],[-93.24375,49.12083]]]}},{"type":"Feature","properties":{"c":"816753","o":"","e":""},"geometry":{"type":"Polygon","coordinates":[[[-93.03125,49.025],[-93.03125,49.02917],[-93.025,49.02917],[-93.025,49.025],[-93.03125,49.025]]]}},{"type":"Feature","properties":{"c":"816754","o":"","e":""},"geometry":{"type":"Polygon","coordinates":[[[-93.025,49.025],[-93.025,49.02917],[-93.01875,49.02917],[-93.01875,49.025],[-93.025,49.025]]]}},{"type":"Feature","properties":{"c":"816756","o":"","e":""},"geometry":{"type":"Polygon","coordinates":[[[-93.05,49.02917],[-93.05,49.03333],[-93.04375,49.03333],[-93.04375,49.02917],[-93.05,49.02917]]]}},{"type":"Feature","properties":{"c":"816757","o":"","e":""},"geometry":{"type":"Polygon","coordinates":[[[-93.04375,49.02917],[-93.04375,49.03333],[-93.0375,49.03333],[-93.0375,49.02917],[-93.04375,49.02917]]]}},{"type":"Feature","properties":{"c":"816759","o":"","e":""},"geometry":{"type":"Polygon","coordinates":[[[-93.0375,49.02917],[-93.0375,49.03333],[-93.03125,49.03333],[-93.03125,49.02917],[-93.0375,49.02917]]]}},{"type":"Feature","properties":{"c":"816761","o":"","e":""},"geometry":{"type":"Polygon","coordinates":[[[-93.03125,49.02917],[-93.03125,49.03333],[-93.025,49.03333],[-93.025,49.02917],[-93.03125,49.02917]]]}},{"type":"Feature","properties":{"c":"816762","o":"","e":""},"geometry":{"type":"Polygon","coordinates":[[[-93.025,49.02917],[-93.025,49.03333],[-93.01875,49.03333],[-93.01875,49.02917],[-93.025,49.02917]]]}},{"type":"Feature","properties":{"c":"816764","o":"","e":""},"geometry":{"type":"Polygon","coordinates":[[[-93.0375,49.03333],[-93.0375,49.0375],[-93.03125,49.0375],[-93.03125,49.03333],[-93.0375,49.03333]]]}},{"type":"Feature","properties":{"c":"816766","o":"","e":""},"geometry":{"type":"Polygon","coordinates":[[[-93.03125,49.03333],[-93.03125,49.0375],[-93.025,49.0375],[-93.025,49.03333],[-93.03125,49.03333]]]}},{"type":"Feature","properties":{"c":"816768","o":"","e":""},"geometry":{"type":"Polygon","coordinates":[[[-93.025,49.03333],[-93.025,49.0375],[-93.01875,49.0375],[-93.01875,49.03333],[-93.025,49.03333]]]}},{"type":"Feature","properties":{"c":"816882","o":"","e":""},"geometry":{"type":"Polygon","coordinates":[[[-93.0625,49.0],[-93.0625,49.00417],[-93.05625,49.00417],[-93.05625,49.0],[-93.0625,49.0]]]}},{"type":"Feature","properties":{"c":"816885","o":"","e":""},"geometry":{"type":"Polygon","coordinates":[[[-93.05625,49.0],[-93.05625,49.00417],[-93.05,49.00417],[-93.05,49.0],[-93.05625,49.0]]]}},{"type":"Feature","properties":{"c":"817121","o":"","e":""},"geometry":{"type":"Polygon","coordinates":[[[-93.23125,49.06667],[-93.23125,49.07083],[-93.225,49.07083],[-93.225,49.06667],[-93.23125,49.06667]]]}},{"type":"Feature","properties":{"c":"817122","o":"","e":""},"geometry":{"type":"Polygon","coordinates":[[[-93.225,49.06667],[-93.225,49.07083],[-93.21875,49.07083],[-93.21875,49.06667],[-93.225,49.06667]]]}},{"type":"Feature","properties":{"c":"817123","o":"","e":""},"geometry":{"type":"Polygon","coordinates":[[[-93.21875,49.06667],[-93.21875,49.07083],[-93.2125,49.07083],[-93.2125,49.06667],[-93.21875,49.06667]]]}},{"type":"Feature","properties":{"c":"817124","o":"","e":""},"geometry":{"type":"Polygon","coordinates":[[[-93.23125,49.07083],[-93.23125,49.075],[-93.225,49.075],[-93.225,49.07083],[-93.23125,49.07083]]]}},{"type":"Feature","properties":{"c":"817125","o":"","e":""},"geometry":{"type":"Polygon","coordinates":[[[-93.225,49.07083],[-93.225,49.075],[-93.21875,49.075],[-93.21875,49.07083],[-93.225,49.07083]]]}},{"type":"Feature","properties":{"c":"817126","o":"","e":""},"geometry":{"type":"Polygon","coordinates":[[[-93.21875,49.07083],[-93.21875,49.075],[-93.2125,49.075],[-93.2125,49.07083],[-93.21875,49.07083]]]}},{"type":"Feature","properties":{"c":"817127","o":"","e":""},"geometry":{"type":"Polygon","coordinates":[[[-93.2125,49.07083],[-93.2125,49.075],[-93.20625,49.075],[-93.20625,49.07083],[-93.2125,49.07083]]]}},{"type":"Feature","properties":{"c":"817128","o":"","e":""},"geometry":{"type":"Polygon","coordinates":[[[-93.1875,49.07083],[-93.1875,49.075],[-93.18125,49.075],[-93.18125,49.07083],[-93.1875,49.07083]]]}},{"type":"Feature","properties":{"c":"817146","o":"","e":""},"geometry":{"type":"Polygon","coordinates":[[[-93.1875,49.07917],[-93.1875,49.08333],[-93.18125,49.08333],[-93.18125,49.07917],[-93.1875,49.07917]]]}},{"type":"Feature","properties":{"c":"817147","o":"","e":""},"geometry":{"type":"Polygon","coordinates":[[[-93.18125,49.07917],[-93.18125,49.08333],[-93.175,49.08333],[-93.175,49.07917],[-93.18125,49.07917]]]}},{"type":"Feature","properties":{"c":"817148","o":"","e":""},"geometry":{"type":"Polygon","coordinates":[[[-93.23125,49.08333],[-93.23125,49.0875],[-93.225,49.0875],[-93.225,49.08333],[-93.23125,49.08333]]]}},{"type":"Feature","properties":{"c":"817149","o":"","e":""},"geometry":{"type":"Polygon","coordinates":[[[-93.225,49.08333],[-93.225,49.0875],[-93.21875,49.0875],[-93.21875,49.08333],[-93.225,49.08333]]]}},{"type":"Feature","properties":{"c":"817150","o":"","e":""},"geometry":{"type":"Polygon","coordinates":[[[-93.21875,49.08333],[-93.21875,49.0875],[-93.2125,49.0875],[-93.2125,49.08333],[-93.21875,49.08333]]]}},{"type":"Feature","properties":{"c":"817151","o":"","e":""},"geometry":{"type":"Polygon","coordinates":[[[-93.2125,49.08333],[-93.2125,49.0875],[-93.20625,49.0875],[-93.20625,49.08333],[-93.2125,49.08333]]]}},{"type":"Feature","properties":{"c":"817152","o":"","e":""},"geometry":{"type":"Polygon","coordinates":[[[-93.20625,49.08333],[-93.20625,49.0875],[-93.2,49.0875],[-93.2,49.08333],[-93.20625,49.08333]]]}},{"type":"Feature","properties":{"c":"817153","o":"","e":""},"geometry":{"type":"Polygon","coordinates":[[[-93.2,49.08333],[-93.2,49.0875],[-93.19375,49.0875],[-93.19375,49.08333],[-93.2,49.08333]]]}},{"type":"Feature","properties":{"c":"817154","o":"","e":""},"geometry":{"type":"Polygon","coordinates":[[[-93.19375,49.08333],[-93.19375,49.0875],[-93.1875,49.0875],[-93.1875,49.08333],[-93.19375,49.08333]]]}},{"type":"Feature","properties":{"c":"817155","o":"","e":""},"geometry":{"type":"Polygon","coordinates":[[[-93.1875,49.08333],[-93.1875,49.0875],[-93.18125,49.0875],[-93.18125,49.08333],[-93.1875,49.08333]]]}},{"type":"Feature","properties":{"c":"817156","o":"","e":""},"geometry":{"type":"Polygon","coordinates":[[[-93.23125,49.0875],[-93.23125,49.09167],[-93.225,49.09167],[-93.225,49.0875],[-93.23125,49.0875]]]}},{"type":"Feature","properties":{"c":"817157","o":"","e":""},"geometry":{"type":"Polygon","coordinates":[[[-93.225,49.0875],[-93.225,49.09167],[-93.21875,49.09167],[-93.21875,49.0875],[-93.225,49.0875]]]}},{"type":"Feature","properties":{"c":"817158","o":"","e":""},"geometry":{"type":"Polygon","coordinates":[[[-93.21875,49.0875],[-93.21875,49.09167],[-93.2125,49.09167],[-93.2125,49.0875],[-93.21875,49.0875]]]}},{"type":"Feature","properties":{"c":"817159","o":"","e":""},"geometry":{"type":"Polygon","coordinates":[[[-93.2125,49.0875],[-93.2125,49.09167],[-93.20625,49.09167],[-93.20625,49.0875],[-93.2125,49.0875]]]}},{"type":"Feature","properties":{"c":"817160","o":"","e":""},"geometry":{"type":"Polygon","coordinates":[[[-93.20625,49.0875],[-93.20625,49.09167],[-93.2,49.09167],[-93.2,49.0875],[-93.20625,49.0875]]]}},{"type":"Feature","properties":{"c":"817161","o":"","e":""},"geometry":{"type":"Polygon","coordinates":[[[-93.2,49.0875],[-93.2,49.09167],[-93.19375,49.09167],[-93.19375,49.0875],[-93.2,49.0875]]]}},{"type":"Feature","properties":{"c":"817162","o":"","e":""},"geometry":{"type":"Polygon","coordinates":[[[-93.19375,49.0875],[-93.19375,49.09167],[-93.1875,49.09167],[-93.1875,49.0875],[-93.19375,49.0875]]]}},{"type":"Feature","properties":{"c":"817163","o":"","e":""},"geometry":{"type":"Polygon","coordinates":[[[-93.1875,49.0875],[-93.1875,49.09167],[-93.18125,49.09167],[-93.18125,49.0875],[-93.1875,49.0875]]]}},{"type":"Feature","properties":{"c":"817164","o":"","e":""},"geometry":{"type":"Polygon","coordinates":[[[-93.23125,49.09167],[-93.23125,49.09583],[-93.225,49.09583],[-93.225,49.09167],[-93.23125,49.09167]]]}},{"type":"Feature","properties":{"c":"817165","o":"","e":""},"geometry":{"type":"Polygon","coordinates":[[[-93.225,49.09167],[-93.225,49.09583],[-93.21875,49.09583],[-93.21875,49.09167],[-93.225,49.09167]]]}},{"type":"Feature","properties":{"c":"817166","o":"","e":""},"geometry":{"type":"Polygon","coordinates":[[[-93.21875,49.09167],[-93.21875,49.09583],[-93.2125,49.09583],[-93.2125,49.09167],[-93.21875,49.09167]]]}},{"type":"Feature","properties":{"c":"817167","o":"","e":""},"geometry":{"type":"Polygon","coordinates":[[[-93.2125,49.09167],[-93.2125,49.09583],[-93.20625,49.09583],[-93.20625,49.09167],[-93.2125,49.09167]]]}},{"type":"Feature","properties":{"c":"817168","o":"","e":""},"geometry":{"type":"Polygon","coordinates":[[[-93.20625,49.09167],[-93.20625,49.09583],[-93.2,49.09583],[-93.2,49.09167],[-93.20625,49.09167]]]}},{"type":"Feature","properties":{"c":"817169","o":"","e":""},"geometry":{"type":"Polygon","coordinates":[[[-93.2,49.09167],[-93.2,49.09583],[-93.19375,49.09583],[-93.19375,49.09167],[-93.2,49.09167]]]}},{"type":"Feature","properties":{"c":"817170","o":"","e":""},"geometry":{"type":"Polygon","coordinates":[[[-93.19375,49.09167],[-93.19375,49.09583],[-93.1875,49.09583],[-93.1875,49.09167],[-93.19375,49.09167]]]}},{"type":"Feature","properties":{"c":"927008","o":"","e":""},"geometry":{"type":"Polygon","coordinates":[[[-93.15625,49.25],[-93.15625,49.25417],[-93.15,49.25417],[-93.15,49.25],[-93.15625,49.25]]]}},{"type":"Feature","properties":{"c":"927009","o":"","e":""},"geometry":{"type":"Polygon","coordinates":[[[-93.15,49.25417],[-93.15,49.25833],[-93.14375,49.25833],[-93.14375,49.25417],[-93.15,49.25417]]]}},{"type":"Feature","properties":{"c":"927010","o":"","e":""},"geometry":{"type":"Polygon","coordinates":[[[-93.15,49.25],[-93.15,49.25417],[-93.14375,49.25417],[-93.14375,49.25],[-93.15,49.25]]]}},{"type":"Feature","properties":{"c":"720496","o":"","e":""},"geometry":{"type":"Polygon","coordinates":[[[-93.15,49.17917],[-93.15,49.18333],[-93.14375,49.18333],[-93.14375,49.17917],[-93.15,49.17917]]]}},{"type":"Feature","properties":{"c":"720497","o":"","e":""},"geometry":{"type":"Polygon","coordinates":[[[-93.1625,49.1875],[-93.1625,49.19167],[-93.15625,49.19167],[-93.15625,49.1875],[-93.1625,49.1875]]]}},{"type":"Feature","properties":{"c":"720498","o":"","e":""},"geometry":{"type":"Polygon","coordinates":[[[-93.1625,49.18333],[-93.1625,49.1875],[-93.15625,49.1875],[-93.15625,49.18333],[-93.1625,49.18333]]]}},{"type":"Feature","properties":{"c":"720499","o":"","e":""},"geometry":{"type":"Polygon","coordinates":[[[-93.1625,49.17917],[-93.1625,49.18333],[-93.15625,49.18333],[-93.15625,49.17917],[-93.1625,49.17917]]]}},{"type":"Feature","properties":{"c":"720500","o":"","e":""},"geometry":{"type":"Polygon","coordinates":[[[-93.16875,49.1875],[-93.16875,49.19167],[-93.1625,49.19167],[-93.1625,49.1875],[-93.16875,49.1875]]]}},{"type":"Feature","properties":{"c":"720501","o":"","e":""},"geometry":{"type":"Polygon","coordinates":[[[-93.1625,49.19583],[-93.1625,49.2],[-93.15625,49.2],[-93.15625,49.19583],[-93.1625,49.19583]]]}},{"type":"Feature","properties":{"c":"720502","o":"","e":""},"geometry":{"type":"Polygon","coordinates":[[[-93.16875,49.18333],[-93.16875,49.1875],[-93.1625,49.1875],[-93.1625,49.18333],[-93.16875,49.18333]]]}},{"type":"Feature","properties":{"c":"720503","o":"","e":""},"geometry":{"type":"Polygon","coordinates":[[[-93.1625,49.19167],[-93.1625,49.19583],[-93.15625,49.19583],[-93.15625,49.19167],[-93.1625,49.19167]]]}},{"type":"Feature","properties":{"c":"817129","o":"","e":""},"geometry":{"type":"Polygon","coordinates":[[[-93.18125,49.07083],[-93.18125,49.075],[-93.175,49.075],[-93.175,49.07083],[-93.18125,49.07083]]]}},{"type":"Feature","properties":{"c":"817130","o":"","e":""},"geometry":{"type":"Polygon","coordinates":[[[-93.23125,49.075],[-93.23125,49.07917],[-93.225,49.07917],[-93.225,49.075],[-93.23125,49.075]]]}},{"type":"Feature","properties":{"c":"817131","o":"","e":""},"geometry":{"type":"Polygon","coordinates":[[[-93.225,49.075],[-93.225,49.07917],[-93.21875,49.07917],[-93.21875,49.075],[-93.225,49.075]]]}},{"type":"Feature","properties":{"c":"817132","o":"","e":""},"geometry":{"type":"Polygon","coordinates":[[[-93.21875,49.075],[-93.21875,49.07917],[-93.2125,49.07917],[-93.2125,49.075],[-93.21875,49.075]]]}},{"type":"Feature","properties":{"c":"817133","o":"","e":""},"geometry":{"type":"Polygon","coordinates":[[[-93.2125,49.075],[-93.2125,49.07917],[-93.20625,49.07917],[-93.20625,49.075],[-93.2125,49.075]]]}},{"type":"Feature","properties":{"c":"817134","o":"","e":""},"geometry":{"type":"Polygon","coordinates":[[[-93.20625,49.075],[-93.20625,49.07917],[-93.2,49.07917],[-93.2,49.075],[-93.20625,49.075]]]}},{"type":"Feature","properties":{"c":"817135","o":"","e":""},"geometry":{"type":"Polygon","coordinates":[[[-93.2,49.075],[-93.2,49.07917],[-93.19375,49.07917],[-93.19375,49.075],[-93.2,49.075]]]}},{"type":"Feature","properties":{"c":"817136","o":"","e":""},"geometry":{"type":"Polygon","coordinates":[[[-93.19375,49.075],[-93.19375,49.07917],[-93.1875,49.07917],[-93.1875,49.075],[-93.19375,49.075]]]}},{"type":"Feature","properties":{"c":"817137","o":"","e":""},"geometry":{"type":"Polygon","coordinates":[[[-93.1875,49.075],[-93.1875,49.07917],[-93.18125,49.07917],[-93.18125,49.075],[-93.1875,49.075]]]}},{"type":"Feature","properties":{"c":"817138","o":"","e":""},"geometry":{"type":"Polygon","coordinates":[[[-93.18125,49.075],[-93.18125,49.07917],[-93.175,49.07917],[-93.175,49.075],[-93.18125,49.075]]]}},{"type":"Feature","properties":{"c":"817139","o":"","e":""},"geometry":{"type":"Polygon","coordinates":[[[-93.23125,49.07917],[-93.23125,49.08333],[-93.225,49.08333],[-93.225,49.07917],[-93.23125,49.07917]]]}},{"type":"Feature","properties":{"c":"817140","o":"","e":""},"geometry":{"type":"Polygon","coordinates":[[[-93.225,49.07917],[-93.225,49.08333],[-93.21875,49.08333],[-93.21875,49.07917],[-93.225,49.07917]]]}},{"type":"Feature","properties":{"c":"817141","o":"","e":""},"geometry":{"type":"Polygon","coordinates":[[[-93.21875,49.07917],[-93.21875,49.08333],[-93.2125,49.08333],[-93.2125,49.07917],[-93.21875,49.07917]]]}},{"type":"Feature","properties":{"c":"817142","o":"","e":""},"geometry":{"type":"Polygon","coordinates":[[[-93.2125,49.07917],[-93.2125,49.08333],[-93.20625,49.08333],[-93.20625,49.07917],[-93.2125,49.07917]]]}},{"type":"Feature","properties":{"c":"817143","o":"","e":""},"geometry":{"type":"Polygon","coordinates":[[[-93.20625,49.07917],[-93.20625,49.08333],[-93.2,49.08333],[-93.2,49.07917],[-93.20625,49.07917]]]}},{"type":"Feature","properties":{"c":"817144","o":"","e":""},"geometry":{"type":"Polygon","coordinates":[[[-93.2,49.07917],[-93.2,49.08333],[-93.19375,49.08333],[-93.19375,49.07917],[-93.2,49.07917]]]}},{"type":"Feature","properties":{"c":"817145","o":"","e":""},"geometry":{"type":"Polygon","coordinates":[[[-93.19375,49.07917],[-93.19375,49.08333],[-93.1875,49.08333],[-93.1875,49.07917],[-93.19375,49.07917]]]}},{"type":"Feature","properties":{"c":"816870","o":"","e":""},"geometry":{"type":"Polygon","coordinates":[[[-93.09375,49.0],[-93.09375,49.00417],[-93.0875,49.00417],[-93.0875,49.0],[-93.09375,49.0]]]}},{"type":"Feature","properties":{"c":"816873","o":"","e":""},"geometry":{"type":"Polygon","coordinates":[[[-93.0875,49.0],[-93.0875,49.00417],[-93.08125,49.00417],[-93.08125,49.0],[-93.0875,49.0]]]}},{"type":"Feature","properties":{"c":"816875","o":"","e":""},"geometry":{"type":"Polygon","coordinates":[[[-93.08125,49.0],[-93.08125,49.00417],[-93.075,49.00417],[-93.075,49.0],[-93.08125,49.0]]]}},{"type":"Feature","properties":{"c":"816877","o":"","e":""},"geometry":{"type":"Polygon","coordinates":[[[-93.075,49.0],[-93.075,49.00417],[-93.06875,49.00417],[-93.06875,49.0],[-93.075,49.0]]]}},{"type":"Feature","properties":{"c":"816880","o":"","e":""},"geometry":{"type":"Polygon","coordinates":[[[-93.06875,49.0],[-93.06875,49.00417],[-93.0625,49.00417],[-93.0625,49.0],[-93.06875,49.0]]]}},{"type":"Feature","properties":{"c":"731442","o":"","e":""},"geometry":{"type":"Polygon","coordinates":[[[-93.13125,49.1875],[-93.13125,49.19167],[-93.125,49.19167],[-93.125,49.1875],[-93.13125,49.1875]]]}},{"type":"Feature","properties":{"c":"817419","o":"","e":""},"geometry":{"type":"Polygon","coordinates":[[[-93.275,49.0625],[-93.275,49.06667],[-93.26875,49.06667],[-93.26875,49.0625],[-93.275,49.0625]]]}},{"type":"Feature","properties":{"c":"817420","o":"","e":""},"geometry":{"type":"Polygon","coordinates":[[[-93.26875,49.0625],[-93.26875,49.06667],[-93.2625,49.06667],[-93.2625,49.0625],[-93.26875,49.0625]]]}},{"type":"Feature","properties":{"c":"817421","o":"","e":""},"geometry":{"type":"Polygon","coordinates":[[[-93.2625,49.0625],[-93.2625,49.06667],[-93.25625,49.06667],[-93.25625,49.0625],[-93.2625,49.0625]]]}},{"type":"Feature","properties":{"c":"817422","o":"","e":""},"geometry":{"type":"Polygon","coordinates":[[[-93.25625,49.0625],[-93.25625,49.06667],[-93.25,49.06667],[-93.25,49.0625],[-93.25625,49.0625]]]}},{"type":"Feature","properties":{"c":"817423","o":"","e":""},"geometry":{"type":"Polygon","coordinates":[[[-93.25,49.0625],[-93.25,49.06667],[-93.24375,49.06667],[-93.24375,49.0625],[-93.25,49.0625]]]}},{"type":"Feature","properties":{"c":"817424","o":"","e":""},"geometry":{"type":"Polygon","coordinates":[[[-93.275,49.06667],[-93.275,49.07083],[-93.26875,49.07083],[-93.26875,49.06667],[-93.275,49.06667]]]}},{"type":"Feature","properties":{"c":"817425","o":"","e":""},"geometry":{"type":"Polygon","coordinates":[[[-93.26875,49.06667],[-93.26875,49.07083],[-93.2625,49.07083],[-93.2625,49.06667],[-93.26875,49.06667]]]}},{"type":"Feature","properties":{"c":"817426","o":"","e":""},"geometry":{"type":"Polygon","coordinates":[[[-93.2625,49.06667],[-93.2625,49.07083],[-93.25625,49.07083],[-93.25625,49.06667],[-93.2625,49.06667]]]}},{"type":"Feature","properties":{"c":"817427","o":"","e":""},"geometry":{"type":"Polygon","coordinates":[[[-93.25625,49.06667],[-93.25625,49.07083],[-93.25,49.07083],[-93.25,49.06667],[-93.25625,49.06667]]]}},{"type":"Feature","properties":{"c":"817428","o":"","e":""},"geometry":{"type":"Polygon","coordinates":[[[-93.25,49.06667],[-93.25,49.07083],[-93.24375,49.07083],[-93.24375,49.06667],[-93.25,49.06667]]]}},{"type":"Feature","properties":{"c":"270966","o":"","e":""},"geometry":{"type":"Polygon","coordinates":[[[-93.125,49.19583],[-93.125,49.2],[-93.11875,49.2],[-93.11875,49.19583],[-93.125,49.19583]]]}},{"type":"Feature","properties":{"c":"1047070","o":"","e":""},"geometry":{"type":"Polygon","coordinates":[[[-93.1375,49.25833],[-93.1375,49.2625],[-93.13125,49.2625],[-93.13125,49.25833],[-93.1375,49.25833]]]}},{"type":"Feature","properties":{"c":"1047071","o":"","e":""},"geometry":{"type":"Polygon","coordinates":[[[-93.1375,49.27083],[-93.1375,49.275],[-93.13125,49.275],[-93.13125,49.27083],[-93.1375,49.27083]]]}},{"type":"Feature","properties":{"c":"1047072","o":"","e":""},"geometry":{"type":"Polygon","coordinates":[[[-93.1375,49.275],[-93.1375,49.27917],[-93.13125,49.27917],[-93.13125,49.275],[-93.1375,49.275]]]}},{"type":"Feature","properties":{"c":"1047073","o":"","e":""},"geometry":{"type":"Polygon","coordinates":[[[-93.13125,49.25833],[-93.13125,49.2625],[-93.125,49.2625],[-93.125,49.25833],[-93.13125,49.25833]]]}},{"type":"Feature","properties":{"c":"1047074","o":"","e":""},"geometry":{"type":"Polygon","coordinates":[[[-93.1125,49.25417],[-93.1125,49.25833],[-93.10625,49.25833],[-93.10625,49.25417],[-93.1125,49.25417]]]}},{"type":"Feature","properties":{"c":"1047075","o":"","e":""},"geometry":{"type":"Polygon","coordinates":[[[-93.1125,49.2625],[-93.1125,49.26667],[-93.10625,49.26667],[-93.10625,49.2625],[-93.1125,49.2625]]]}},{"type":"Feature","properties":{"c":"1047076","o":"","e":""},"geometry":{"type":"Polygon","coordinates":[[[-93.10625,49.25417],[-93.10625,49.25833],[-93.1,49.25833],[-93.1,49.25417],[-93.10625,49.25417]]]}},{"type":"Feature","properties":{"c":"1047050","o":"","e":""},"geometry":{"type":"Polygon","coordinates":[[[-93.11875,49.2625],[-93.11875,49.26667],[-93.1125,49.26667],[-93.1125,49.2625],[-93.11875,49.2625]]]}},{"type":"Feature","properties":{"c":"1047049","o":"","e":""},"geometry":{"type":"Polygon","coordinates":[[[-93.1375,49.2625],[-93.1375,49.26667],[-93.13125,49.26667],[-93.13125,49.2625],[-93.1375,49.2625]]]}},{"type":"Feature","properties":{"c":"1047051","o":"","e":""},"geometry":{"type":"Polygon","coordinates":[[[-93.10625,49.26667],[-93.10625,49.26796],[-93.10625,49.27083],[-93.1,49.27083],[-93.1,49.26796],[-93.1,49.26667],[-93.10625,49.26667]]]}},{"type":"Feature","properties":{"c":"1047052","o":"","e":""},"geometry":{"type":"Polygon","coordinates":[[[-93.11875,49.25417],[-93.11875,49.25833],[-93.1125,49.25833],[-93.1125,49.25417],[-93.11875,49.25417]]]}},{"type":"Feature","properties":{"c":"1047053","o":"","e":""},"geometry":{"type":"Polygon","coordinates":[[[-93.11875,49.27083],[-93.11875,49.275],[-93.1125,49.275],[-93.1125,49.27083],[-93.11875,49.27083]]]}},{"type":"Feature","properties":{"c":"1047054","o":"","e":""},"geometry":{"type":"Polygon","coordinates":[[[-93.10625,49.2625],[-93.10625,49.26667],[-93.1,49.26667],[-93.1,49.2625],[-93.10625,49.2625]]]}},{"type":"Feature","properties":{"c":"1047055","o":"","e":""},"geometry":{"type":"Polygon","coordinates":[[[-93.13125,49.25417],[-93.13125,49.25833],[-93.125,49.25833],[-93.125,49.25417],[-93.13125,49.25417]]]}},{"type":"Feature","properties":{"c":"1047056","o":"","e":""},"geometry":{"type":"Polygon","coordinates":[[[-93.13125,49.2625],[-93.13125,49.26667],[-93.125,49.26667],[-93.125,49.2625],[-93.13125,49.2625]]]}},{"type":"Feature","properties":{"c":"1047057","o":"","e":""},"geometry":{"type":"Polygon","coordinates":[[[-93.125,49.25833],[-93.125,49.2625],[-93.11875,49.2625],[-93.11875,49.25833],[-93.125,49.25833]]]}},{"type":"Feature","properties":{"c":"1047058","o":"","e":""},"geometry":{"type":"Polygon","coordinates":[[[-93.1,49.25417],[-93.1,49.25833],[-93.09375,49.25833],[-93.09375,49.25417],[-93.1,49.25417]]]}},{"type":"Feature","properties":{"c":"1047059","o":"","e":""},"geometry":{"type":"Polygon","coordinates":[[[-93.1,49.25833],[-93.1,49.2625],[-93.09375,49.2625],[-93.09375,49.25833],[-93.1,49.25833]]]}},{"type":"Feature","properties":{"c":"1047060","o":"","e":""},"geometry":{"type":"Polygon","coordinates":[[[-93.13125,49.26667],[-93.13125,49.26796],[-93.13125,49.27083],[-93.125,49.27083],[-93.125,49.26796],[-93.125,49.26667],[-93.13125,49.26667]]]}},{"type":"Feature","properties":{"c":"1047061","o":"","e":""},"geometry":{"type":"Polygon","coordinates":[[[-93.13125,49.275],[-93.13125,49.27917],[-93.125,49.27917],[-93.125,49.275],[-93.13125,49.275]]]}},{"type":"Feature","properties":{"c":"1047062","o":"","e":""},"geometry":{"type":"Polygon","coordinates":[[[-93.125,49.2625],[-93.125,49.26667],[-93.11875,49.26667],[-93.11875,49.2625],[-93.125,49.2625]]]}},{"type":"Feature","properties":{"c":"1047063","o":"","e":""},"geometry":{"type":"Polygon","coordinates":[[[-93.11875,49.25833],[-93.11875,49.2625],[-93.1125,49.2625],[-93.1125,49.25833],[-93.11875,49.25833]]]}},{"type":"Feature","properties":{"c":"1047064","o":"","e":""},"geometry":{"type":"Polygon","coordinates":[[[-93.11875,49.26667],[-93.11875,49.26796],[-93.11875,49.27083],[-93.1125,49.27083],[-93.1125,49.26796],[-93.1125,49.26667],[-93.11875,49.26667]]]}},{"type":"Feature","properties":{"c":"1047065","o":"","e":""},"geometry":{"type":"Polygon","coordinates":[[[-93.11875,49.275],[-93.11875,49.27917],[-93.1125,49.27917],[-93.1125,49.275],[-93.11875,49.275]]]}},{"type":"Feature","properties":{"c":"1047066","o":"","e":""},"geometry":{"type":"Polygon","coordinates":[[[-93.1125,49.26667],[-93.1125,49.26796],[-93.1125,49.27083],[-93.10625,49.27083],[-93.10625,49.26796],[-93.10625,49.26667],[-93.1125,49.26667]]]}},{"type":"Feature","properties":{"c":"1047067","o":"","e":""},"geometry":{"type":"Polygon","coordinates":[[[-93.1125,49.27083],[-93.1125,49.275],[-93.10625,49.275],[-93.10625,49.27083],[-93.1125,49.27083]]]}},{"type":"Feature","properties":{"c":"1047068","o":"","e":""},"geometry":{"type":"Polygon","coordinates":[[[-93.1,49.27083],[-93.1,49.275],[-93.09375,49.275],[-93.09375,49.27083],[-93.1,49.27083]]]}},{"type":"Feature","properties":{"c":"1047069","o":"","e":""},"geometry":{"type":"Polygon","coordinates":[[[-93.0875,49.2625],[-93.0875,49.26667],[-93.08125,49.26667],[-93.08125,49.2625],[-93.0875,49.2625]]]}},{"type":"Feature","properties":{"c":"1047077","o":"","e":""},"geometry":{"type":"Polygon","coordinates":[[[-93.10625,49.27083],[-93.10625,49.275],[-93.1,49.275],[-93.1,49.27083],[-93.10625,49.27083]]]}},{"type":"Feature","properties":{"c":"1047078","o":"","e":""},"geometry":{"type":"Polygon","coordinates":[[[-93.1,49.26667],[-93.1,49.26796],[-93.1,49.27083],[-93.09375,49.27083],[-93.09375,49.26796],[-93.09375,49.26667],[-93.1,49.26667]]]}},{"type":"Feature","properties":{"c":"1047079","o":"","e":""},"geometry":{"type":"Polygon","coordinates":[[[-93.09375,49.2625],[-93.09375,49.26667],[-93.0875,49.26667],[-93.0875,49.2625],[-93.09375,49.2625]]]}},{"type":"Feature","properties":{"c":"1047080","o":"","e":""},"geometry":{"type":"Polygon","coordinates":[[[-93.0875,49.25833],[-93.0875,49.2625],[-93.08125,49.2625],[-93.08125,49.25833],[-93.0875,49.25833]]]}},{"type":"Feature","properties":{"c":"1047081","o":"","e":""},"geometry":{"type":"Polygon","coordinates":[[[-93.0875,49.26667],[-93.0875,49.26796],[-93.0875,49.27083],[-93.08125,49.27083],[-93.08125,49.26796],[-93.08125,49.26667],[-93.0875,49.26667]]]}},{"type":"Feature","properties":{"c":"1047085","o":"","e":""},"geometry":{"type":"Polygon","coordinates":[[[-93.125,49.275],[-93.125,49.27917],[-93.11875,49.27917],[-93.11875,49.275],[-93.125,49.275]]]}},{"type":"Feature","properties":{"c":"1047082","o":"","e":""},"geometry":{"type":"Polygon","coordinates":[[[-93.0875,49.27083],[-93.0875,49.275],[-93.08125,49.275],[-93.08125,49.27083],[-93.0875,49.27083]]]}},{"type":"Feature","properties":{"c":"1047083","o":"","e":""},"geometry":{"type":"Polygon","coordinates":[[[-93.125,49.25417],[-93.125,49.25833],[-93.11875,49.25833],[-93.11875,49.25417],[-93.125,49.25417]]]}},{"type":"Feature","properties":{"c":"1047084","o":"","e":""},"geometry":{"type":"Polygon","coordinates":[[[-93.125,49.26667],[-93.125,49.26796],[-93.125,49.27083],[-93.11875,49.27083],[-93.11875,49.26796],[-93.11875,49.26667],[-93.125,49.26667]]]}},{"type":"Feature","properties":{"c":"1047086","o":"","e":""},"geometry":{"type":"Polygon","coordinates":[[[-93.10625,49.25833],[-93.10625,49.2625],[-93.1,49.2625],[-93.1,49.25833],[-93.10625,49.25833]]]}},{"type":"Feature","properties":{"c":"965300","o":"","e":""},"geometry":{"type":"Polygon","coordinates":[[[-93.49375,49.24583],[-93.49375,49.25],[-93.4875,49.25],[-93.4875,49.24583],[-93.49375,49.24583]]]}},{"type":"Feature","properties":{"c":"965301","o":"","e":""},"geometry":{"type":"Polygon","coordinates":[[[-93.4875,49.24583],[-93.4875,49.25],[-93.48125,49.25],[-93.48125,49.24583],[-93.4875,49.24583]]]}},{"type":"Feature","properties":{"c":"965303","o":"","e":""},"geometry":{"type":"Polygon","coordinates":[[[-93.5,49.24583],[-93.5,49.25],[-93.49375,49.25],[-93.49375,49.24583],[-93.5,49.24583]]]}},{"type":"Feature","properties":{"c":"965304","o":"","e":""},"geometry":{"type":"Polygon","coordinates":[[[-93.475,49.24583],[-93.475,49.25],[-93.46875,49.25],[-93.46875,49.24583],[-93.475,49.24583]]]}},{"type":"Feature","properties":{"c":"965306","o":"","e":""},"geometry":{"type":"Polygon","coordinates":[[[-93.48125,49.24583],[-93.48125,49.25],[-93.475,49.25],[-93.475,49.24583],[-93.48125,49.24583]]]}},{"type":"Feature","properties":{"c":"943883","o":"","e":""},"geometry":{"type":"Polygon","coordinates":[[[-93.075,49.3],[-93.075,49.30417],[-93.06875,49.30417],[-93.06875,49.3],[-93.075,49.3]]]}},{"type":"Feature","properties":{"c":"943884","o":"","e":""},"geometry":{"type":"Polygon","coordinates":[[[-93.06875,49.3],[-93.06875,49.30417],[-93.0625,49.30417],[-93.0625,49.3],[-93.06875,49.3]]]}},{"type":"Feature","properties":{"c":"943885","o":"","e":""},"geometry":{"type":"Polygon","coordinates":[[[-93.0625,49.3],[-93.0625,49.30417],[-93.05625,49.30417],[-93.05625,49.3],[-93.0625,49.3]]]}},{"type":"Feature","properties":{"c":"943886","o":"","e":""},"geometry":{"type":"Polygon","coordinates":[[[-93.05625,49.3],[-93.05625,49.30417],[-93.05,49.30417],[-93.05,49.3],[-93.05625,49.3]]]}},{"type":"Feature","properties":{"c":"943887","o":"","e":""},"geometry":{"type":"Polygon","coordinates":[[[-93.075,49.29583],[-93.075,49.3],[-93.06875,49.3],[-93.06875,49.29583],[-93.075,49.29583]]]}},{"type":"Feature","properties":{"c":"943888","o":"","e":""},"geometry":{"type":"Polygon","coordinates":[[[-93.06875,49.29583],[-93.06875,49.3],[-93.0625,49.3],[-93.0625,49.29583],[-93.06875,49.29583]]]}},{"type":"Feature","properties":{"c":"943889","o":"","e":""},"geometry":{"type":"Polygon","coordinates":[[[-93.0625,49.29583],[-93.0625,49.3],[-93.05625,49.3],[-93.05625,49.29583],[-93.0625,49.29583]]]}},{"type":"Feature","properties":{"c":"943890","o":"","e":""},"geometry":{"type":"Polygon","coordinates":[[[-93.05625,49.29583],[-93.05625,49.3],[-93.05,49.3],[-93.05,49.29583],[-93.05625,49.29583]]]}},{"type":"Feature","properties":{"c":"943891","o":"","e":""},"geometry":{"type":"Polygon","coordinates":[[[-93.075,49.29167],[-93.075,49.29583],[-93.06875,49.29583],[-93.06875,49.29167],[-93.075,49.29167]]]}},{"type":"Feature","properties":{"c":"943892","o":"","e":""},"geometry":{"type":"Polygon","coordinates":[[[-93.06875,49.29167],[-93.06875,49.29583],[-93.0625,49.29583],[-93.0625,49.29167],[-93.06875,49.29167]]]}},{"type":"Feature","properties":{"c":"943893","o":"","e":""},"geometry":{"type":"Polygon","coordinates":[[[-93.0625,49.29167],[-93.0625,49.29583],[-93.05625,49.29583],[-93.05625,49.29167],[-93.0625,49.29167]]]}},{"type":"Feature","properties":{"c":"943894","o":"","e":""},"geometry":{"type":"Polygon","coordinates":[[[-93.05625,49.29167],[-93.05625,49.29583],[-93.05,49.29583],[-93.05,49.29167],[-93.05625,49.29167]]]}},{"type":"Feature","properties":{"c":"943895","o":"","e":""},"geometry":{"type":"Polygon","coordinates":[[[-93.0625,49.2875],[-93.0625,49.29167],[-93.05625,49.29167],[-93.05625,49.2875],[-93.0625,49.2875]]]}},{"type":"Feature","properties":{"c":"943896","o":"","e":""},"geometry":{"type":"Polygon","coordinates":[[[-93.05625,49.2875],[-93.05625,49.29167],[-93.05,49.29167],[-93.05,49.2875],[-93.05625,49.2875]]]}},{"type":"Feature","properties":{"c":"962947","o":"","e":""},"geometry":{"type":"Polygon","coordinates":[[[-93.0875,49.27917],[-93.0875,49.28333],[-93.08125,49.28333],[-93.08125,49.27917],[-93.0875,49.27917]]]}},{"type":"Feature","properties":{"c":"962948","o":"","e":""},"geometry":{"type":"Polygon","coordinates":[[[-93.09375,49.27917],[-93.09375,49.28333],[-93.0875,49.28333],[-93.0875,49.27917],[-93.09375,49.27917]]]}},{"type":"Feature","properties":{"c":"962949","o":"","e":""},"geometry":{"type":"Polygon","coordinates":[[[-93.0875,49.275],[-93.0875,49.27917],[-93.08125,49.27917],[-93.08125,49.275],[-93.0875,49.275]]]}},{"type":"Feature","properties":{"c":"962950","o":"","e":""},"geometry":{"type":"Polygon","coordinates":[[[-93.0875,49.2875],[-93.0875,49.29167],[-93.08125,49.29167],[-93.08125,49.2875],[-93.0875,49.2875]]]}},{"type":"Feature","properties":{"c":"962951","o":"","e":""},"geometry":{"type":"Polygon","coordinates":[[[-93.09375,49.28333],[-93.09375,49.2875],[-93.0875,49.2875],[-93.0875,49.28333],[-93.09375,49.28333]]]}},{"type":"Feature","properties":{"c":"962952","o":"","e":""},"geometry":{"type":"Polygon","coordinates":[[[-93.09375,49.275],[-93.09375,49.27917],[-93.0875,49.27917],[-93.0875,49.275],[-93.09375,49.275]]]}},{"type":"Feature","properties":{"c":"962953","o":"","e":""},"geometry":{"type":"Polygon","coordinates":[[[-93.0875,49.28333],[-93.0875,49.2875],[-93.08125,49.2875],[-93.08125,49.28333],[-93.0875,49.28333]]]}},{"type":"Feature","properties":{"c":"962954","o":"","e":""},"geometry":{"type":"Polygon","coordinates":[[[-93.09375,49.2875],[-93.09375,49.29167],[-93.0875,49.29167],[-93.0875,49.2875],[-93.09375,49.2875]]]}},{"type":"Feature","properties":{"c":"818137","o":"","e":""},"geometry":{"type":"Polygon","coordinates":[[[-93.28125,49.1],[-93.28125,49.10417],[-93.275,49.10417],[-93.275,49.1],[-93.28125,49.1]]]}},{"type":"Feature","properties":{"c":"818209","o":"","e":""},"geometry":{"type":"Polygon","coordinates":[[[-93.4375,49.1],[-93.4375,49.10417],[-93.43125,49.10417],[-93.43125,49.1],[-93.4375,49.1]]]}},{"type":"Feature","properties":{"c":"818210","o":"","e":""},"geometry":{"type":"Polygon","coordinates":[[[-93.43125,49.1],[-93.43125,49.10417],[-93.425,49.10417],[-93.425,49.1],[-93.43125,49.1]]]}},{"type":"Feature","properties":{"c":"818211","o":"","e":""},"geometry":{"type":"Polygon","coordinates":[[[-93.425,49.1],[-93.425,49.10417],[-93.41875,49.10417],[-93.41875,49.1],[-93.425,49.1]]]}},{"type":"Feature","properties":{"c":"818212","o":"","e":""},"geometry":{"type":"Polygon","coordinates":[[[-93.41875,49.1],[-93.41875,49.10417],[-93.4125,49.10417],[-93.4125,49.1],[-93.41875,49.1]]]}},{"type":"Feature","properties":{"c":"818213","o":"","e":""},"geometry":{"type":"Polygon","coordinates":[[[-93.4125,49.1],[-93.4125,49.10417],[-93.40625,49.10417],[-93.40625,49.1],[-93.4125,49.1]]]}},{"type":"Feature","properties":{"c":"818214","o":"","e":""},"geometry":{"type":"Polygon","coordinates":[[[-93.40625,49.1],[-93.40625,49.10417],[-93.4,49.10417],[-93.4,49.1],[-93.40625,49.1]]]}},{"type":"Feature","properties":{"c":"818215","o":"","e":""},"geometry":{"type":"Polygon","coordinates":[[[-93.4,49.1],[-93.4,49.10417],[-93.39375,49.10417],[-93.39375,49.1],[-93.4,49.1]]]}},{"type":"Feature","properties":{"c":"818216","o":"","e":""},"geometry":{"type":"Polygon","coordinates":[[[-93.39375,49.1],[-93.39375,49.10417],[-93.3875,49.10417],[-93.3875,49.1],[-93.39375,49.1]]]}},{"type":"Feature","properties":{"c":"818217","o":"","e":""},"geometry":{"type":"Polygon","coordinates":[[[-93.3875,49.1],[-93.3875,49.10417],[-93.38125,49.10417],[-93.38125,49.1],[-93.3875,49.1]]]}},{"type":"Feature","properties":{"c":"818220","o":"","e":""},"geometry":{"type":"Polygon","coordinates":[[[-93.4375,49.10417],[-93.4375,49.10833],[-93.43125,49.10833],[-93.43125,49.10417],[-93.4375,49.10417]]]}},{"type":"Feature","properties":{"c":"818221","o":"","e":""},"geometry":{"type":"Polygon","coordinates":[[[-93.43125,49.10417],[-93.43125,49.10833],[-93.425,49.10833],[-93.425,49.10417],[-93.43125,49.10417]]]}},{"type":"Feature","properties":{"c":"818134","o":"","e":""},"geometry":{"type":"Polygon","coordinates":[[[-93.3,49.1],[-93.3,49.10417],[-93.29375,49.10417],[-93.29375,49.1],[-93.3,49.1]]]}},{"type":"Feature","properties":{"c":"818135","o":"","e":""},"geometry":{"type":"Polygon","coordinates":[[[-93.29375,49.1],[-93.29375,49.10417],[-93.2875,49.10417],[-93.2875,49.1],[-93.29375,49.1]]]}},{"type":"Feature","properties":{"c":"818136","o":"","e":""},"geometry":{"type":"Polygon","coordinates":[[[-93.2875,49.1],[-93.2875,49.10417],[-93.28125,49.10417],[-93.28125,49.1],[-93.2875,49.1]]]}},{"type":"Feature","properties":{"c":"818222","o":"","e":""},"geometry":{"type":"Polygon","coordinates":[[[-93.425,49.10417],[-93.425,49.10833],[-93.41875,49.10833],[-93.41875,49.10417],[-93.425,49.10417]]]}},{"type":"Feature","properties":{"c":"818223","o":"","e":""},"geometry":{"type":"Polygon","coordinates":[[[-93.41875,49.10417],[-93.41875,49.10833],[-93.4125,49.10833],[-93.4125,49.10417],[-93.41875,49.10417]]]}},{"type":"Feature","properties":{"c":"818224","o":"","e":""},"geometry":{"type":"Polygon","coordinates":[[[-93.4125,49.10417],[-93.4125,49.10833],[-93.40625,49.10833],[-93.40625,49.10417],[-93.4125,49.10417]]]}},{"type":"Feature","properties":{"c":"818225","o":"","e":""},"geometry":{"type":"Polygon","coordinates":[[[-93.40625,49.10417],[-93.40625,49.10833],[-93.4,49.10833],[-93.4,49.10417],[-93.40625,49.10417]]]}},{"type":"Feature","properties":{"c":"818226","o":"","e":""},"geometry":{"type":"Polygon","coordinates":[[[-93.4,49.10417],[-93.4,49.10833],[-93.39375,49.10833],[-93.39375,49.10417],[-93.4,49.10417]]]}},{"type":"Feature","properties":{"c":"818227","o":"","e":""},"geometry":{"type":"Polygon","coordinates":[[[-93.39375,49.10417],[-93.39375,49.10833],[-93.3875,49.10833],[-93.3875,49.10417],[-93.39375,49.10417]]]}},{"type":"Feature","properties":{"c":"818228","o":"","e":""},"geometry":{"type":"Polygon","coordinates":[[[-93.3875,49.10417],[-93.3875,49.10833],[-93.38125,49.10833],[-93.38125,49.10417],[-93.3875,49.10417]]]}},{"type":"Feature","properties":{"c":"818231","o":"","e":""},"geometry":{"type":"Polygon","coordinates":[[[-93.4375,49.10833],[-93.4375,49.1125],[-93.43125,49.1125],[-93.43125,49.10833],[-93.4375,49.10833]]]}},{"type":"Feature","properties":{"c":"818232","o":"","e":""},"geometry":{"type":"Polygon","coordinates":[[[-93.43125,49.10833],[-93.43125,49.1125],[-93.425,49.1125],[-93.425,49.10833],[-93.43125,49.10833]]]}},{"type":"Feature","properties":{"c":"818123","o":"","e":""},"geometry":{"type":"Polygon","coordinates":[[[-93.31875,49.09583],[-93.31875,49.1],[-93.3125,49.1],[-93.3125,49.09583],[-93.31875,49.09583]]]}},{"type":"Feature","properties":{"c":"818124","o":"","e":""},"geometry":{"type":"Polygon","coordinates":[[[-93.3125,49.09583],[-93.3125,49.1],[-93.30625,49.1],[-93.30625,49.09583],[-93.3125,49.09583]]]}},{"type":"Feature","properties":{"c":"818125","o":"","e":""},"geometry":{"type":"Polygon","coordinates":[[[-93.30625,49.09583],[-93.30625,49.1],[-93.3,49.1],[-93.3,49.09583],[-93.30625,49.09583]]]}},{"type":"Feature","properties":{"c":"818126","o":"","e":""},"geometry":{"type":"Polygon","coordinates":[[[-93.3,49.09583],[-93.3,49.1],[-93.29375,49.1],[-93.29375,49.09583],[-93.3,49.09583]]]}},{"type":"Feature","properties":{"c":"818127","o":"","e":""},"geometry":{"type":"Polygon","coordinates":[[[-93.29375,49.09583],[-93.29375,49.1],[-93.2875,49.1],[-93.2875,49.09583],[-93.29375,49.09583]]]}},{"type":"Feature","properties":{"c":"818128","o":"","e":""},"geometry":{"type":"Polygon","coordinates":[[[-93.2875,49.09583],[-93.2875,49.1],[-93.28125,49.1],[-93.28125,49.09583],[-93.2875,49.09583]]]}},{"type":"Feature","properties":{"c":"818129","o":"","e":""},"geometry":{"type":"Polygon","coordinates":[[[-93.28125,49.09583],[-93.28125,49.1],[-93.275,49.1],[-93.275,49.09583],[-93.28125,49.09583]]]}},{"type":"Feature","properties":{"c":"818130","o":"","e":""},"geometry":{"type":"Polygon","coordinates":[[[-93.325,49.1],[-93.325,49.10417],[-93.31875,49.10417],[-93.31875,49.1],[-93.325,49.1]]]}},{"type":"Feature","properties":{"c":"818131","o":"","e":""},"geometry":{"type":"Polygon","coordinates":[[[-93.31875,49.1],[-93.31875,49.10417],[-93.3125,49.10417],[-93.3125,49.1],[-93.31875,49.1]]]}},{"type":"Feature","properties":{"c":"818132","o":"","e":""},"geometry":{"type":"Polygon","coordinates":[[[-93.3125,49.1],[-93.3125,49.10417],[-93.30625,49.10417],[-93.30625,49.1],[-93.3125,49.1]]]}},{"type":"Feature","properties":{"c":"818133","o":"","e":""},"geometry":{"type":"Polygon","coordinates":[[[-93.30625,49.1],[-93.30625,49.10417],[-93.3,49.10417],[-93.3,49.1],[-93.30625,49.1]]]}},{"type":"Feature","properties":{"c":"983218","o":"","e":""},"geometry":{"type":"Polygon","coordinates":[[[-93.08125,49.27083],[-93.08125,49.275],[-93.075,49.275],[-93.075,49.27083],[-93.08125,49.27083]]]}},{"type":"Feature","properties":{"c":"983219","o":"","e":""},"geometry":{"type":"Polygon","coordinates":[[[-93.06875,49.27083],[-93.06875,49.275],[-93.0625,49.275],[-93.0625,49.27083],[-93.06875,49.27083]]]}},{"type":"Feature","properties":{"c":"983220","o":"","e":""},"geometry":{"type":"Polygon","coordinates":[[[-93.0625,49.26667],[-93.0625,49.26796],[-93.0625,49.27083],[-93.05625,49.27083],[-93.05625,49.26796],[-93.05625,49.26667],[-93.0625,49.26667]]]}},{"type":"Feature","properties":{"c":"940364","o":"","e":""},"geometry":{"type":"Polygon","coordinates":[[[-93.2375,49.30833],[-93.23125,49.30833],[-93.225,49.30833],[-93.225,49.30417],[-93.225,49.3],[-93.23125,49.3],[-93.2375,49.3],[-93.2375,49.30417],[-93.2375,49.30833]]]}},{"type":"Feature","properties":{"c":"911563","o":"","e":""},"geometry":{"type":"Polygon","coordinates":[[[-93.08125,49.32917],[-93.08125,49.33333],[-93.075,49.33333],[-93.075,49.32917],[-93.08125,49.32917]]]}},{"type":"Feature","properties":{"c":"911564","o":"","e":""},"geometry":{"type":"Polygon","coordinates":[[[-93.075,49.32917],[-93.075,49.33333],[-93.06875,49.33333],[-93.06875,49.32917],[-93.075,49.32917]]]}},{"type":"Feature","properties":{"c":"911565","o":"","e":""},"geometry":{"type":"Polygon","coordinates":[[[-93.06875,49.32917],[-93.06875,49.33333],[-93.0625,49.33333],[-93.0625,49.32917],[-93.06875,49.32917]]]}},{"type":"Feature","properties":{"c":"911566","o":"","e":""},"geometry":{"type":"Polygon","coordinates":[[[-93.0625,49.32917],[-93.0625,49.33333],[-93.05625,49.33333],[-93.05625,49.32917],[-93.0625,49.32917]]]}},{"type":"Feature","properties":{"c":"911567","o":"","e":""},"geometry":{"type":"Polygon","coordinates":[[[-93.05625,49.32917],[-93.05625,49.33333],[-93.05,49.33333],[-93.05,49.32917],[-93.05625,49.32917]]]}},{"type":"Feature","properties":{"c":"911568","o":"","e":""},"geometry":{"type":"Polygon","coordinates":[[[-93.05,49.32917],[-93.05,49.33333],[-93.04375,49.33333],[-93.04375,49.32917],[-93.05,49.32917]]]}},{"type":"Feature","properties":{"c":"911569","o":"","e":""},"geometry":{"type":"Polygon","coordinates":[[[-93.08125,49.325],[-93.08125,49.32917],[-93.075,49.32917],[-93.075,49.325],[-93.08125,49.325]]]}},{"type":"Feature","properties":{"c":"911570","o":"","e":""},"geometry":{"type":"Polygon","coordinates":[[[-93.075,49.325],[-93.075,49.32917],[-93.06875,49.32917],[-93.06875,49.325],[-93.075,49.325]]]}},{"type":"Feature","properties":{"c":"911571","o":"","e":""},"geometry":{"type":"Polygon","coordinates":[[[-93.06875,49.325],[-93.06875,49.32917],[-93.0625,49.32917],[-93.0625,49.325],[-93.06875,49.325]]]}},{"type":"Feature","properties":{"c":"911572","o":"","e":""},"geometry":{"type":"Polygon","coordinates":[[[-93.0625,49.325],[-93.0625,49.32917],[-93.05625,49.32917],[-93.05625,49.325],[-93.0625,49.325]]]}},{"type":"Feature","properties":{"c":"911573","o":"","e":""},"geometry":{"type":"Polygon","coordinates":[[[-93.05625,49.325],[-93.05625,49.32917],[-93.05,49.32917],[-93.05,49.325],[-93.05625,49.325]]]}},{"type":"Feature","properties":{"c":"911574","o":"","e":""},"geometry":{"type":"Polygon","coordinates":[[[-93.05,49.325],[-93.05,49.32917],[-93.04375,49.32917],[-93.04375,49.325],[-93.05,49.325]]]}},{"type":"Feature","properties":{"c":"911575","o":"","e":""},"geometry":{"type":"Polygon","coordinates":[[[-93.08125,49.32083],[-93.08125,49.325],[-93.075,49.325],[-93.075,49.32083],[-93.08125,49.32083]]]}},{"type":"Feature","properties":{"c":"911576","o":"","e":""},"geometry":{"type":"Polygon","coordinates":[[[-93.075,49.32083],[-93.075,49.325],[-93.06875,49.325],[-93.06875,49.32083],[-93.075,49.32083]]]}},{"type":"Feature","properties":{"c":"911577","o":"","e":""},"geometry":{"type":"Polygon","coordinates":[[[-93.06875,49.32083],[-93.06875,49.325],[-93.0625,49.325],[-93.0625,49.32083],[-93.06875,49.32083]]]}},{"type":"Feature","properties":{"c":"911578","o":"","e":""},"geometry":{"type":"Polygon","coordinates":[[[-93.0625,49.32083],[-93.0625,49.325],[-93.05625,49.325],[-93.05625,49.32083],[-93.0625,49.32083]]]}},{"type":"Feature","properties":{"c":"911579","o":"","e":""},"geometry":{"type":"Polygon","coordinates":[[[-93.05625,49.32083],[-93.05625,49.325],[-93.05,49.325],[-93.05,49.32083],[-93.05625,49.32083]]]}},{"type":"Feature","properties":{"c":"911580","o":"","e":""},"geometry":{"type":"Polygon","coordinates":[[[-93.05,49.32083],[-93.05,49.325],[-93.04375,49.325],[-93.04375,49.32083],[-93.05,49.32083]]]}},{"type":"Feature","properties":{"c":"720318","o":"","e":""},"geometry":{"type":"Polygon","coordinates":[[[-93.09375,49.21667],[-93.09375,49.22083],[-93.0875,49.22083],[-93.0875,49.21667],[-93.09375,49.21667]]]}},{"type":"Feature","properties":{"c":"720319","o":"","e":""},"geometry":{"type":"Polygon","coordinates":[[[-93.11875,49.21667],[-93.11875,49.22083],[-93.1125,49.22083],[-93.1125,49.21667],[-93.11875,49.21667]]]}},{"type":"Feature","properties":{"c":"720320","o":"","e":""},"geometry":{"type":"Polygon","coordinates":[[[-93.0625,49.21667],[-93.0625,49.22083],[-93.05625,49.22083],[-93.05625,49.21667],[-93.0625,49.21667]]]}},{"type":"Feature","properties":{"c":"720321","o":"","e":""},"geometry":{"type":"Polygon","coordinates":[[[-93.1125,49.21667],[-93.1125,49.22083],[-93.10625,49.22083],[-93.10625,49.21667],[-93.1125,49.21667]]]}},{"type":"Feature","properties":{"c":"718197","o":"","e":""},"geometry":{"type":"Polygon","coordinates":[[[-93.1375,49.2],[-93.1375,49.20417],[-93.13125,49.20417],[-93.13125,49.2],[-93.1375,49.2]]]}},{"type":"Feature","properties":{"c":"718198","o":"","e":""},"geometry":{"type":"Polygon","coordinates":[[[-93.13125,49.2],[-93.13125,49.20417],[-93.125,49.20417],[-93.125,49.2],[-93.13125,49.2]]]}},{"type":"Feature","properties":{"c":"718199","o":"","e":""},"geometry":{"type":"Polygon","coordinates":[[[-93.1375,49.19583],[-93.1375,49.2],[-93.13125,49.2],[-93.13125,49.19583],[-93.1375,49.19583]]]}},{"type":"Feature","properties":{"c":"720322","o":"","e":""},"geometry":{"type":"Polygon","coordinates":[[[-93.10625,49.21667],[-93.10625,49.22083],[-93.1,49.22083],[-93.1,49.21667],[-93.10625,49.21667]]]}},{"type":"Feature","properties":{"c":"720323","o":"","e":""},"geometry":{"type":"Polygon","coordinates":[[[-93.0875,49.21667],[-93.0875,49.22083],[-93.08125,49.22083],[-93.08125,49.21667],[-93.0875,49.21667]]]}},{"type":"Feature","properties":{"c":"720324","o":"","e":""},"geometry":{"type":"Polygon","coordinates":[[[-93.075,49.21667],[-93.075,49.22083],[-93.06875,49.22083],[-93.06875,49.21667],[-93.075,49.21667]]]}},{"type":"Feature","properties":{"c":"718210","o":"","e":""},"geometry":{"type":"Polygon","coordinates":[[[-93.13125,49.19583],[-93.13125,49.2],[-93.125,49.2],[-93.125,49.19583],[-93.13125,49.19583]]]}},{"type":"Feature","properties":{"c":"718215","o":"","e":""},"geometry":{"type":"Polygon","coordinates":[[[-93.125,49.2125],[-93.125,49.21667],[-93.11875,49.21667],[-93.11875,49.2125],[-93.125,49.2125]]]}},{"type":"Feature","properties":{"c":"718216","o":"","e":""},"geometry":{"type":"Polygon","coordinates":[[[-93.11875,49.2125],[-93.11875,49.21667],[-93.1125,49.21667],[-93.1125,49.2125],[-93.11875,49.2125]]]}},{"type":"Feature","properties":{"c":"718219","o":"","e":""},"geometry":{"type":"Polygon","coordinates":[[[-93.11875,49.19583],[-93.11875,49.2],[-93.1125,49.2],[-93.1125,49.19583],[-93.11875,49.19583]]]}},{"type":"Feature","properties":{"c":"817453","o":"","e":""},"geometry":{"type":"Polygon","coordinates":[[[-93.26875,49.07917],[-93.26875,49.08333],[-93.2625,49.08333],[-93.2625,49.07917],[-93.26875,49.07917]]]}},{"type":"Feature","properties":{"c":"817454","o":"","e":""},"geometry":{"type":"Polygon","coordinates":[[[-93.2625,49.07917],[-93.2625,49.08333],[-93.25625,49.08333],[-93.25625,49.07917],[-93.2625,49.07917]]]}},{"type":"Feature","properties":{"c":"817460","o":"","e":""},"geometry":{"type":"Polygon","coordinates":[[[-93.3,49.08333],[-93.3,49.0875],[-93.29375,49.0875],[-93.29375,49.08333],[-93.3,49.08333]]]}},{"type":"Feature","properties":{"c":"817461","o":"","e":""},"geometry":{"type":"Polygon","coordinates":[[[-93.29375,49.08333],[-93.29375,49.0875],[-93.2875,49.0875],[-93.2875,49.08333],[-93.29375,49.08333]]]}},{"type":"Feature","properties":{"c":"817462","o":"","e":""},"geometry":{"type":"Polygon","coordinates":[[[-93.2875,49.08333],[-93.2875,49.0875],[-93.28125,49.0875],[-93.28125,49.08333],[-93.2875,49.08333]]]}},{"type":"Feature","properties":{"c":"817463","o":"","e":""},"geometry":{"type":"Polygon","coordinates":[[[-93.28125,49.08333],[-93.28125,49.0875],[-93.275,49.0875],[-93.275,49.08333],[-93.28125,49.08333]]]}},{"type":"Feature","properties":{"c":"817464","o":"","e":""},"geometry":{"type":"Polygon","coordinates":[[[-93.25625,49.08333],[-93.25625,49.0875],[-93.25,49.0875],[-93.25,49.08333],[-93.25625,49.08333]]]}},{"type":"Feature","properties":{"c":"817465","o":"","e":""},"geometry":{"type":"Polygon","coordinates":[[[-93.25,49.08333],[-93.25,49.0875],[-93.24375,49.0875],[-93.24375,49.08333],[-93.25,49.08333]]]}},{"type":"Feature","properties":{"c":"817466","o":"","e":""},"geometry":{"type":"Polygon","coordinates":[[[-93.24375,49.08333],[-93.24375,49.0875],[-93.2375,49.0875],[-93.2375,49.08333],[-93.24375,49.08333]]]}},{"type":"Feature","properties":{"c":"817455","o":"","e":""},"geometry":{"type":"Polygon","coordinates":[[[-93.25625,49.07917],[-93.25625,49.08333],[-93.25,49.08333],[-93.25,49.07917],[-93.25625,49.07917]]]}},{"type":"Feature","properties":{"c":"817456","o":"","e":""},"geometry":{"type":"Polygon","coordinates":[[[-93.25,49.07917],[-93.25,49.08333],[-93.24375,49.08333],[-93.24375,49.07917],[-93.25,49.07917]]]}},{"type":"Feature","properties":{"c":"817457","o":"","e":""},"geometry":{"type":"Polygon","coordinates":[[[-93.24375,49.07917],[-93.24375,49.08333],[-93.2375,49.08333],[-93.2375,49.07917],[-93.24375,49.07917]]]}},{"type":"Feature","properties":{"c":"817458","o":"","e":""},"geometry":{"type":"Polygon","coordinates":[[[-93.2375,49.07917],[-93.2375,49.08333],[-93.23125,49.08333],[-93.23125,49.07917],[-93.2375,49.07917]]]}},{"type":"Feature","properties":{"c":"817459","o":"","e":""},"geometry":{"type":"Polygon","coordinates":[[[-93.30625,49.08333],[-93.30625,49.0875],[-93.3,49.0875],[-93.3,49.08333],[-93.30625,49.08333]]]}},{"type":"Feature","properties":{"c":"817472","o":"","e":""},"geometry":{"type":"Polygon","coordinates":[[[-93.3625,49.1],[-93.3625,49.10417],[-93.35625,49.10417],[-93.35625,49.1],[-93.3625,49.1]]]}},{"type":"Feature","properties":{"c":"817473","o":"","e":""},"geometry":{"type":"Polygon","coordinates":[[[-93.35625,49.1],[-93.35625,49.10417],[-93.35,49.10417],[-93.35,49.1],[-93.35625,49.1]]]}},{"type":"Feature","properties":{"c":"817474","o":"","e":""},"geometry":{"type":"Polygon","coordinates":[[[-93.35,49.1],[-93.35,49.10417],[-93.34375,49.10417],[-93.34375,49.1],[-93.35,49.1]]]}},{"type":"Feature","properties":{"c":"817475","o":"","e":""},"geometry":{"type":"Polygon","coordinates":[[[-93.34375,49.1],[-93.34375,49.10417],[-93.3375,49.10417],[-93.3375,49.1],[-93.34375,49.1]]]}},{"type":"Feature","properties":{"c":"817476","o":"","e":""},"geometry":{"type":"Polygon","coordinates":[[[-93.3375,49.1],[-93.3375,49.10417],[-93.33125,49.10417],[-93.33125,49.1],[-93.3375,49.1]]]}},{"type":"Feature","properties":{"c":"817477","o":"","e":""},"geometry":{"type":"Polygon","coordinates":[[[-93.33125,49.1],[-93.33125,49.10417],[-93.325,49.10417],[-93.325,49.1],[-93.33125,49.1]]]}},{"type":"Feature","properties":{"c":"817478","o":"","e":""},"geometry":{"type":"Polygon","coordinates":[[[-93.38125,49.10417],[-93.38125,49.10833],[-93.375,49.10833],[-93.375,49.10417],[-93.38125,49.10417]]]}},{"type":"Feature","properties":{"c":"817479","o":"","e":""},"geometry":{"type":"Polygon","coordinates":[[[-93.375,49.10417],[-93.375,49.10833],[-93.36875,49.10833],[-93.36875,49.10417],[-93.375,49.10417]]]}},{"type":"Feature","properties":{"c":"817480","o":"","e":""},"geometry":{"type":"Polygon","coordinates":[[[-93.36875,49.10417],[-93.36875,49.10833],[-93.3625,49.10833],[-93.3625,49.10417],[-93.36875,49.10417]]]}},{"type":"Feature","properties":{"c":"817481","o":"","e":""},"geometry":{"type":"Polygon","coordinates":[[[-93.3625,49.10417],[-93.3625,49.10833],[-93.35625,49.10833],[-93.35625,49.10417],[-93.3625,49.10417]]]}},{"type":"Feature","properties":{"c":"817482","o":"","e":""},"geometry":{"type":"Polygon","coordinates":[[[-93.35625,49.10417],[-93.35625,49.10833],[-93.35,49.10833],[-93.35,49.10417],[-93.35625,49.10417]]]}},{"type":"Feature","properties":{"c":"817483","o":"","e":""},"geometry":{"type":"Polygon","coordinates":[[[-93.35,49.10417],[-93.35,49.10833],[-93.34375,49.10833],[-93.34375,49.10417],[-93.35,49.10417]]]}},{"type":"Feature","properties":{"c":"817467","o":"","e":""},"geometry":{"type":"Polygon","coordinates":[[[-93.2375,49.08333],[-93.2375,49.0875],[-93.23125,49.0875],[-93.23125,49.08333],[-93.2375,49.08333]]]}},{"type":"Feature","properties":{"c":"817468","o":"","e":""},"geometry":{"type":"Polygon","coordinates":[[[-93.2375,49.0875],[-93.2375,49.09167],[-93.23125,49.09167],[-93.23125,49.0875],[-93.2375,49.0875]]]}},{"type":"Feature","properties":{"c":"817469","o":"","e":""},"geometry":{"type":"Polygon","coordinates":[[[-93.38125,49.1],[-93.38125,49.10417],[-93.375,49.10417],[-93.375,49.1],[-93.38125,49.1]]]}},{"type":"Feature","properties":{"c":"817470","o":"","e":""},"geometry":{"type":"Polygon","coordinates":[[[-93.375,49.1],[-93.375,49.10417],[-93.36875,49.10417],[-93.36875,49.1],[-93.375,49.1]]]}},{"type":"Feature","properties":{"c":"817471","o":"","e":""},"geometry":{"type":"Polygon","coordinates":[[[-93.36875,49.1],[-93.36875,49.10417],[-93.3625,49.10417],[-93.3625,49.1],[-93.36875,49.1]]]}},{"type":"Feature","properties":{"c":"818074","o":"","e":""},"geometry":{"type":"Polygon","coordinates":[[[-93.34375,49.08333],[-93.34375,49.0875],[-93.3375,49.0875],[-93.3375,49.08333],[-93.34375,49.08333]]]}},{"type":"Feature","properties":{"c":"818075","o":"","e":""},"geometry":{"type":"Polygon","coordinates":[[[-93.3375,49.08333],[-93.3375,49.0875],[-93.33125,49.0875],[-93.33125,49.08333],[-93.3375,49.08333]]]}},{"type":"Feature","properties":{"c":"818076","o":"","e":""},"geometry":{"type":"Polygon","coordinates":[[[-93.33125,49.08333],[-93.33125,49.0875],[-93.325,49.0875],[-93.325,49.08333],[-93.33125,49.08333]]]}},{"type":"Feature","properties":{"c":"818077","o":"","e":""},"geometry":{"type":"Polygon","coordinates":[[[-93.325,49.08333],[-93.325,49.0875],[-93.31875,49.0875],[-93.31875,49.08333],[-93.325,49.08333]]]}},{"type":"Feature","properties":{"c":"818078","o":"","e":""},"geometry":{"type":"Polygon","coordinates":[[[-93.31875,49.08333],[-93.31875,49.0875],[-93.3125,49.0875],[-93.3125,49.08333],[-93.31875,49.08333]]]}},{"type":"Feature","properties":{"c":"818079","o":"","e":""},"geometry":{"type":"Polygon","coordinates":[[[-93.3125,49.08333],[-93.3125,49.0875],[-93.30625,49.0875],[-93.30625,49.08333],[-93.3125,49.08333]]]}},{"type":"Feature","properties":{"c":"818080","o":"","e":""},"geometry":{"type":"Polygon","coordinates":[[[-93.35625,49.0875],[-93.35625,49.09167],[-93.35,49.09167],[-93.35,49.0875],[-93.35625,49.0875]]]}},{"type":"Feature","properties":{"c":"818081","o":"","e":""},"geometry":{"type":"Polygon","coordinates":[[[-93.35,49.0875],[-93.35,49.09167],[-93.34375,49.09167],[-93.34375,49.0875],[-93.35,49.0875]]]}},{"type":"Feature","properties":{"c":"818082","o":"","e":""},"geometry":{"type":"Polygon","coordinates":[[[-93.34375,49.0875],[-93.34375,49.09167],[-93.3375,49.09167],[-93.3375,49.0875],[-93.34375,49.0875]]]}},{"type":"Feature","properties":{"c":"818083","o":"","e":""},"geometry":{"type":"Polygon","coordinates":[[[-93.3375,49.0875],[-93.3375,49.09167],[-93.33125,49.09167],[-93.33125,49.0875],[-93.3375,49.0875]]]}},{"type":"Feature","properties":{"c":"818084","o":"","e":""},"geometry":{"type":"Polygon","coordinates":[[[-93.33125,49.0875],[-93.33125,49.09167],[-93.325,49.09167],[-93.325,49.0875],[-93.33125,49.0875]]]}},{"type":"Feature","properties":{"c":"818085","o":"","e":""},"geometry":{"type":"Polygon","coordinates":[[[-93.325,49.0875],[-93.325,49.09167],[-93.31875,49.09167],[-93.31875,49.0875],[-93.325,49.0875]]]}},{"type":"Feature","properties":{"c":"818086","o":"","e":""},"geometry":{"type":"Polygon","coordinates":[[[-93.31875,49.0875],[-93.31875,49.09167],[-93.3125,49.09167],[-93.3125,49.0875],[-93.31875,49.0875]]]}},{"type":"Feature","properties":{"c":"818087","o":"","e":""},"geometry":{"type":"Polygon","coordinates":[[[-93.3125,49.0875],[-93.3125,49.09167],[-93.30625,49.09167],[-93.30625,49.0875],[-93.3125,49.0875]]]}},{"type":"Feature","properties":{"c":"818088","o":"","e":""},"geometry":{"type":"Polygon","coordinates":[[[-93.30625,49.0875],[-93.30625,49.09167],[-93.3,49.09167],[-93.3,49.0875],[-93.30625,49.0875]]]}},{"type":"Feature","properties":{"c":"818089","o":"","e":""},"geometry":{"type":"Polygon","coordinates":[[[-93.3,49.0875],[-93.3,49.09167],[-93.29375,49.09167],[-93.29375,49.0875],[-93.3,49.0875]]]}},{"type":"Feature","properties":{"c":"818090","o":"","e":""},"geometry":{"type":"Polygon","coordinates":[[[-93.29375,49.0875],[-93.29375,49.09167],[-93.2875,49.09167],[-93.2875,49.0875],[-93.29375,49.0875]]]}},{"type":"Feature","properties":{"c":"818091","o":"","e":""},"geometry":{"type":"Polygon","coordinates":[[[-93.2875,49.0875],[-93.2875,49.09167],[-93.28125,49.09167],[-93.28125,49.0875],[-93.2875,49.0875]]]}},{"type":"Feature","properties":{"c":"818092","o":"","e":""},"geometry":{"type":"Polygon","coordinates":[[[-93.28125,49.0875],[-93.28125,49.09167],[-93.275,49.09167],[-93.275,49.0875],[-93.28125,49.0875]]]}},{"type":"Feature","properties":{"c":"818093","o":"","e":""},"geometry":{"type":"Polygon","coordinates":[[[-93.39375,49.09167],[-93.39375,49.09583],[-93.3875,49.09583],[-93.3875,49.09167],[-93.39375,49.09167]]]}},{"type":"Feature","properties":{"c":"818094","o":"","e":""},"geometry":{"type":"Polygon","coordinates":[[[-93.3875,49.09167],[-93.3875,49.09583],[-93.38125,49.09583],[-93.38125,49.09167],[-93.3875,49.09167]]]}},{"type":"Feature","properties":{"c":"818095","o":"","e":""},"geometry":{"type":"Polygon","coordinates":[[[-93.38125,49.09167],[-93.38125,49.09583],[-93.375,49.09583],[-93.375,49.09167],[-93.38125,49.09167]]]}},{"type":"Feature","properties":{"c":"818096","o":"","e":""},"geometry":{"type":"Polygon","coordinates":[[[-93.375,49.09167],[-93.375,49.09583],[-93.36875,49.09583],[-93.36875,49.09167],[-93.375,49.09167]]]}},{"type":"Feature","properties":{"c":"818097","o":"","e":""},"geometry":{"type":"Polygon","coordinates":[[[-93.36875,49.09167],[-93.36875,49.09583],[-93.3625,49.09583],[-93.3625,49.09167],[-93.36875,49.09167]]]}},{"type":"Feature","properties":{"c":"818098","o":"","e":""},"geometry":{"type":"Polygon","coordinates":[[[-93.3625,49.09167],[-93.3625,49.09583],[-93.35625,49.09583],[-93.35625,49.09167],[-93.3625,49.09167]]]}},{"type":"Feature","properties":{"c":"818099","o":"","e":""},"geometry":{"type":"Polygon","coordinates":[[[-93.35625,49.09167],[-93.35625,49.09583],[-93.35,49.09583],[-93.35,49.09167],[-93.35625,49.09167]]]}},{"type":"Feature","properties":{"c":"818100","o":"","e":""},"geometry":{"type":"Polygon","coordinates":[[[-93.35,49.09167],[-93.35,49.09583],[-93.34375,49.09583],[-93.34375,49.09167],[-93.35,49.09167]]]}},{"type":"Feature","properties":{"c":"818101","o":"","e":""},"geometry":{"type":"Polygon","coordinates":[[[-93.34375,49.09167],[-93.34375,49.09583],[-93.3375,49.09583],[-93.3375,49.09167],[-93.34375,49.09167]]]}},{"type":"Feature","properties":{"c":"818102","o":"","e":""},"geometry":{"type":"Polygon","coordinates":[[[-93.3375,49.09167],[-93.3375,49.09583],[-93.33125,49.09583],[-93.33125,49.09167],[-93.3375,49.09167]]]}},{"type":"Feature","properties":{"c":"818103","o":"","e":""},"geometry":{"type":"Polygon","coordinates":[[[-93.33125,49.09167],[-93.33125,49.09583],[-93.325,49.09583],[-93.325,49.09167],[-93.33125,49.09167]]]}},{"type":"Feature","properties":{"c":"818104","o":"","e":""},"geometry":{"type":"Polygon","coordinates":[[[-93.325,49.09167],[-93.325,49.09583],[-93.31875,49.09583],[-93.31875,49.09167],[-93.325,49.09167]]]}},{"type":"Feature","properties":{"c":"818105","o":"","e":""},"geometry":{"type":"Polygon","coordinates":[[[-93.31875,49.09167],[-93.31875,49.09583],[-93.3125,49.09583],[-93.3125,49.09167],[-93.31875,49.09167]]]}},{"type":"Feature","properties":{"c":"818106","o":"","e":""},"geometry":{"type":"Polygon","coordinates":[[[-93.3125,49.09167],[-93.3125,49.09583],[-93.30625,49.09583],[-93.30625,49.09167],[-93.3125,49.09167]]]}},{"type":"Feature","properties":{"c":"818107","o":"","e":""},"geometry":{"type":"Polygon","coordinates":[[[-93.30625,49.09167],[-93.30625,49.09583],[-93.3,49.09583],[-93.3,49.09167],[-93.30625,49.09167]]]}},{"type":"Feature","properties":{"c":"818108","o":"","e":""},"geometry":{"type":"Polygon","coordinates":[[[-93.3,49.09167],[-93.3,49.09583],[-93.29375,49.09583],[-93.29375,49.09167],[-93.3,49.09167]]]}},{"type":"Feature","properties":{"c":"818109","o":"","e":""},"geometry":{"type":"Polygon","coordinates":[[[-93.29375,49.09167],[-93.29375,49.09583],[-93.2875,49.09583],[-93.2875,49.09167],[-93.29375,49.09167]]]}},{"type":"Feature","properties":{"c":"818110","o":"","e":""},"geometry":{"type":"Polygon","coordinates":[[[-93.2875,49.09167],[-93.2875,49.09583],[-93.28125,49.09583],[-93.28125,49.09167],[-93.2875,49.09167]]]}},{"type":"Feature","properties":{"c":"818111","o":"","e":""},"geometry":{"type":"Polygon","coordinates":[[[-93.28125,49.09167],[-93.28125,49.09583],[-93.275,49.09583],[-93.275,49.09167],[-93.28125,49.09167]]]}},{"type":"Feature","properties":{"c":"818112","o":"","e":""},"geometry":{"type":"Polygon","coordinates":[[[-93.3875,49.09583],[-93.3875,49.1],[-93.38125,49.1],[-93.38125,49.09583],[-93.3875,49.09583]]]}},{"type":"Feature","properties":{"c":"818113","o":"","e":""},"geometry":{"type":"Polygon","coordinates":[[[-93.38125,49.09583],[-93.38125,49.1],[-93.375,49.1],[-93.375,49.09583],[-93.38125,49.09583]]]}},{"type":"Feature","properties":{"c":"818114","o":"","e":""},"geometry":{"type":"Polygon","coordinates":[[[-93.375,49.09583],[-93.375,49.1],[-93.36875,49.1],[-93.36875,49.09583],[-93.375,49.09583]]]}},{"type":"Feature","properties":{"c":"818115","o":"","e":""},"geometry":{"type":"Polygon","coordinates":[[[-93.36875,49.09583],[-93.36875,49.1],[-93.3625,49.1],[-93.3625,49.09583],[-93.36875,49.09583]]]}},{"type":"Feature","properties":{"c":"817429","o":"","e":""},"geometry":{"type":"Polygon","coordinates":[[[-93.24375,49.06667],[-93.24375,49.07083],[-93.2375,49.07083],[-93.2375,49.06667],[-93.24375,49.06667]]]}},{"type":"Feature","properties":{"c":"817430","o":"","e":""},"geometry":{"type":"Polygon","coordinates":[[[-93.2375,49.06667],[-93.2375,49.07083],[-93.23125,49.07083],[-93.23125,49.06667],[-93.2375,49.06667]]]}},{"type":"Feature","properties":{"c":"817431","o":"","e":""},"geometry":{"type":"Polygon","coordinates":[[[-93.275,49.07083],[-93.275,49.075],[-93.26875,49.075],[-93.26875,49.07083],[-93.275,49.07083]]]}},{"type":"Feature","properties":{"c":"817432","o":"","e":""},"geometry":{"type":"Polygon","coordinates":[[[-93.26875,49.07083],[-93.26875,49.075],[-93.2625,49.075],[-93.2625,49.07083],[-93.26875,49.07083]]]}},{"type":"Feature","properties":{"c":"817433","o":"","e":""},"geometry":{"type":"Polygon","coordinates":[[[-93.2625,49.07083],[-93.2625,49.075],[-93.25625,49.075],[-93.25625,49.07083],[-93.2625,49.07083]]]}},{"type":"Feature","properties":{"c":"817434","o":"","e":""},"geometry":{"type":"Polygon","coordinates":[[[-93.25625,49.07083],[-93.25625,49.075],[-93.25,49.075],[-93.25,49.07083],[-93.25625,49.07083]]]}},{"type":"Feature","properties":{"c":"817435","o":"","e":""},"geometry":{"type":"Polygon","coordinates":[[[-93.25,49.07083],[-93.25,49.075],[-93.24375,49.075],[-93.24375,49.07083],[-93.25,49.07083]]]}},{"type":"Feature","properties":{"c":"817436","o":"","e":""},"geometry":{"type":"Polygon","coordinates":[[[-93.24375,49.07083],[-93.24375,49.075],[-93.2375,49.075],[-93.2375,49.07083],[-93.24375,49.07083]]]}},{"type":"Feature","properties":{"c":"817437","o":"","e":""},"geometry":{"type":"Polygon","coordinates":[[[-93.2375,49.07083],[-93.2375,49.075],[-93.23125,49.075],[-93.23125,49.07083],[-93.2375,49.07083]]]}},{"type":"Feature","properties":{"c":"817438","o":"","e":""},"geometry":{"type":"Polygon","coordinates":[[[-93.2875,49.075],[-93.2875,49.07917],[-93.28125,49.07917],[-93.28125,49.075],[-93.2875,49.075]]]}},{"type":"Feature","properties":{"c":"817439","o":"","e":""},"geometry":{"type":"Polygon","coordinates":[[[-93.28125,49.075],[-93.28125,49.07917],[-93.275,49.07917],[-93.275,49.075],[-93.28125,49.075]]]}},{"type":"Feature","properties":{"c":"817440","o":"","e":""},"geometry":{"type":"Polygon","coordinates":[[[-93.275,49.075],[-93.275,49.07917],[-93.26875,49.07917],[-93.26875,49.075],[-93.275,49.075]]]}},{"type":"Feature","properties":{"c":"817441","o":"","e":""},"geometry":{"type":"Polygon","coordinates":[[[-93.26875,49.075],[-93.26875,49.07917],[-93.2625,49.07917],[-93.2625,49.075],[-93.26875,49.075]]]}},{"type":"Feature","properties":{"c":"817442","o":"","e":""},"geometry":{"type":"Polygon","coordinates":[[[-93.2625,49.075],[-93.2625,49.07917],[-93.25625,49.07917],[-93.25625,49.075],[-93.2625,49.075]]]}},{"type":"Feature","properties":{"c":"817443","o":"","e":""},"geometry":{"type":"Polygon","coordinates":[[[-93.25625,49.075],[-93.25625,49.07917],[-93.25,49.07917],[-93.25,49.075],[-93.25625,49.075]]]}},{"type":"Feature","properties":{"c":"817444","o":"","e":""},"geometry":{"type":"Polygon","coordinates":[[[-93.25,49.075],[-93.25,49.07917],[-93.24375,49.07917],[-93.24375,49.075],[-93.25,49.075]]]}},{"type":"Feature","properties":{"c":"817445","o":"","e":""},"geometry":{"type":"Polygon","coordinates":[[[-93.24375,49.075],[-93.24375,49.07917],[-93.2375,49.07917],[-93.2375,49.075],[-93.24375,49.075]]]}},{"type":"Feature","properties":{"c":"817446","o":"","e":""},"geometry":{"type":"Polygon","coordinates":[[[-93.2375,49.075],[-93.2375,49.07917],[-93.23125,49.07917],[-93.23125,49.075],[-93.2375,49.075]]]}},{"type":"Feature","properties":{"c":"817447","o":"","e":""},"geometry":{"type":"Polygon","coordinates":[[[-93.30625,49.07917],[-93.30625,49.08333],[-93.3,49.08333],[-93.3,49.07917],[-93.30625,49.07917]]]}},{"type":"Feature","properties":{"c":"817448","o":"","e":""},"geometry":{"type":"Polygon","coordinates":[[[-93.3,49.07917],[-93.3,49.08333],[-93.29375,49.08333],[-93.29375,49.07917],[-93.3,49.07917]]]}},{"type":"Feature","properties":{"c":"817449","o":"","e":""},"geometry":{"type":"Polygon","coordinates":[[[-93.29375,49.07917],[-93.29375,49.08333],[-93.2875,49.08333],[-93.2875,49.07917],[-93.29375,49.07917]]]}},{"type":"Feature","properties":{"c":"817450","o":"","e":""},"geometry":{"type":"Polygon","coordinates":[[[-93.2875,49.07917],[-93.2875,49.08333],[-93.28125,49.08333],[-93.28125,49.07917],[-93.2875,49.07917]]]}},{"type":"Feature","properties":{"c":"817451","o":"","e":""},"geometry":{"type":"Polygon","coordinates":[[[-93.28125,49.07917],[-93.28125,49.08333],[-93.275,49.08333],[-93.275,49.07917],[-93.28125,49.07917]]]}},{"type":"Feature","properties":{"c":"817452","o":"","e":""},"geometry":{"type":"Polygon","coordinates":[[[-93.275,49.07917],[-93.275,49.08333],[-93.26875,49.08333],[-93.26875,49.07917],[-93.275,49.07917]]]}},{"type":"Feature","properties":{"c":"817761","o":"","e":""},"geometry":{"type":"Polygon","coordinates":[[[-93.45,49.09583],[-93.45,49.1],[-93.44375,49.1],[-93.44375,49.09583],[-93.45,49.09583]]]}},{"type":"Feature","properties":{"c":"817762","o":"","e":""},"geometry":{"type":"Polygon","coordinates":[[[-93.44375,49.09583],[-93.44375,49.1],[-93.4375,49.1],[-93.4375,49.09583],[-93.44375,49.09583]]]}},{"type":"Feature","properties":{"c":"754569","o":"","e":""},"geometry":{"type":"Polygon","coordinates":[[[-93.34375,49.14167],[-93.34375,49.14583],[-93.3375,49.14583],[-93.3375,49.14167],[-93.34375,49.14167]]]}},{"type":"Feature","properties":{"c":"754572","o":"","e":""},"geometry":{"type":"Polygon","coordinates":[[[-93.3375,49.14583],[-93.3375,49.15],[-93.33125,49.15],[-93.33125,49.14583],[-93.3375,49.14583]]]}},{"type":"Feature","properties":{"c":"754573","o":"","e":""},"geometry":{"type":"Polygon","coordinates":[[[-93.34375,49.14583],[-93.34375,49.15],[-93.3375,49.15],[-93.3375,49.14583],[-93.34375,49.14583]]]}},{"type":"Feature","properties":{"c":"983238","o":"","e":""},"geometry":{"type":"Polygon","coordinates":[[[-93.075,49.25417],[-93.075,49.25833],[-93.06875,49.25833],[-93.06875,49.25417],[-93.075,49.25417]]]}},{"type":"Feature","properties":{"c":"983239","o":"","e":""},"geometry":{"type":"Polygon","coordinates":[[[-93.06875,49.2625],[-93.06875,49.26667],[-93.0625,49.26667],[-93.0625,49.2625],[-93.06875,49.2625]]]}},{"type":"Feature","properties":{"c":"983240","o":"","e":""},"geometry":{"type":"Polygon","coordinates":[[[-93.05625,49.25833],[-93.05625,49.2625],[-93.05,49.2625],[-93.05,49.25833],[-93.05625,49.25833]]]}},{"type":"Feature","properties":{"c":"983241","o":"","e":""},"geometry":{"type":"Polygon","coordinates":[[[-93.08125,49.25833],[-93.08125,49.2625],[-93.075,49.2625],[-93.075,49.25833],[-93.08125,49.25833]]]}},{"type":"Feature","properties":{"c":"983242","o":"","e":""},"geometry":{"type":"Polygon","coordinates":[[[-93.075,49.25833],[-93.075,49.2625],[-93.06875,49.2625],[-93.06875,49.25833],[-93.075,49.25833]]]}},{"type":"Feature","properties":{"c":"983243","o":"","e":""},"geometry":{"type":"Polygon","coordinates":[[[-93.0625,49.25417],[-93.0625,49.25833],[-93.05625,49.25833],[-93.05625,49.25417],[-93.0625,49.25417]]]}},{"type":"Feature","properties":{"c":"983244","o":"","e":""},"geometry":{"type":"Polygon","coordinates":[[[-93.0625,49.2625],[-93.0625,49.26667],[-93.05625,49.26667],[-93.05625,49.2625],[-93.0625,49.2625]]]}},{"type":"Feature","properties":{"c":"983245","o":"","e":""},"geometry":{"type":"Polygon","coordinates":[[[-93.0625,49.25833],[-93.0625,49.2625],[-93.05625,49.2625],[-93.05625,49.25833],[-93.0625,49.25833]]]}},{"type":"Feature","properties":{"c":"983246","o":"","e":""},"geometry":{"type":"Polygon","coordinates":[[[-93.06875,49.25417],[-93.06875,49.25833],[-93.0625,49.25833],[-93.0625,49.25417],[-93.06875,49.25417]]]}},{"type":"Feature","properties":{"c":"983247","o":"","e":""},"geometry":{"type":"Polygon","coordinates":[[[-93.05625,49.2625],[-93.05625,49.26667],[-93.05,49.26667],[-93.05,49.2625],[-93.05625,49.2625]]]}},{"type":"Feature","properties":{"c":"983248","o":"","e":""},"geometry":{"type":"Polygon","coordinates":[[[-93.08125,49.2625],[-93.08125,49.26667],[-93.075,49.26667],[-93.075,49.2625],[-93.08125,49.2625]]]}},{"type":"Feature","properties":{"c":"983249","o":"","e":""},"geometry":{"type":"Polygon","coordinates":[[[-93.075,49.2625],[-93.075,49.26667],[-93.06875,49.26667],[-93.06875,49.2625],[-93.075,49.2625]]]}},{"type":"Feature","properties":{"c":"983250","o":"","e":""},"geometry":{"type":"Polygon","coordinates":[[[-93.06875,49.25833],[-93.06875,49.2625],[-93.0625,49.2625],[-93.0625,49.25833],[-93.06875,49.25833]]]}},{"type":"Feature","properties":{"c":"983251","o":"","e":""},"geometry":{"type":"Polygon","coordinates":[[[-93.05625,49.25417],[-93.05625,49.25833],[-93.05,49.25833],[-93.05,49.25417],[-93.05625,49.25417]]]}},{"type":"Feature","properties":{"c":"983252","o":"","e":""},"geometry":{"type":"Polygon","coordinates":[[[-93.08125,49.25417],[-93.08125,49.25833],[-93.075,49.25833],[-93.075,49.25417],[-93.08125,49.25417]]]}},{"type":"Feature","properties":{"c":"983254","o":"","e":""},"geometry":{"type":"Polygon","coordinates":[[[-93.05,49.2875],[-93.05,49.29167],[-93.04375,49.29167],[-93.04375,49.2875],[-93.05,49.2875]]]}},{"type":"Feature","properties":{"c":"983253","o":"","e":""},"geometry":{"type":"Polygon","coordinates":[[[-93.05,49.29167],[-93.05,49.29583],[-93.04375,49.29583],[-93.04375,49.29167],[-93.05,49.29167]]]}},{"type":"Feature","properties":{"c":"983255","o":"","e":""},"geometry":{"type":"Polygon","coordinates":[[[-93.05,49.29583],[-93.05,49.3],[-93.04375,49.3],[-93.04375,49.29583],[-93.05,49.29583]]]}},{"type":"Feature","properties":{"c":"983256","o":"","e":""},"geometry":{"type":"Polygon","coordinates":[[[-93.05,49.30417],[-93.05,49.30833],[-93.04375,49.30833],[-93.04375,49.30417],[-93.05,49.30417]]]}},{"type":"Feature","properties":{"c":"983257","o":"","e":""},"geometry":{"type":"Polygon","coordinates":[[[-93.05,49.3],[-93.05,49.30417],[-93.04375,49.30417],[-93.04375,49.3],[-93.05,49.3]]]}},{"type":"Feature","properties":{"c":"983258","o":"","e":""},"geometry":{"type":"Polygon","coordinates":[[[-93.05,49.28333],[-93.05,49.2875],[-93.04375,49.2875],[-93.04375,49.28333],[-93.05,49.28333]]]}},{"type":"Feature","properties":{"c":"983259","o":"","e":""},"geometry":{"type":"Polygon","coordinates":[[[-93.05,49.27917],[-93.05,49.28333],[-93.04375,49.28333],[-93.04375,49.27917],[-93.05,49.27917]]]}},{"type":"Feature","properties":{"c":"817503","o":"","e":""},"geometry":{"type":"Polygon","coordinates":[[[-93.35,49.1125],[-93.35,49.11667],[-93.34375,49.11667],[-93.34375,49.1125],[-93.35,49.1125]]]}},{"type":"Feature","properties":{"c":"817504","o":"","e":""},"geometry":{"type":"Polygon","coordinates":[[[-93.34375,49.1125],[-93.34375,49.11667],[-93.3375,49.11667],[-93.3375,49.1125],[-93.34375,49.1125]]]}},{"type":"Feature","properties":{"c":"817505","o":"","e":""},"geometry":{"type":"Polygon","coordinates":[[[-93.3375,49.1125],[-93.3375,49.11667],[-93.33125,49.11667],[-93.33125,49.1125],[-93.3375,49.1125]]]}},{"type":"Feature","properties":{"c":"817506","o":"","e":""},"geometry":{"type":"Polygon","coordinates":[[[-93.33125,49.1125],[-93.33125,49.11667],[-93.325,49.11667],[-93.325,49.1125],[-93.33125,49.1125]]]}},{"type":"Feature","properties":{"c":"817507","o":"","e":""},"geometry":{"type":"Polygon","coordinates":[[[-93.325,49.1125],[-93.325,49.11667],[-93.31875,49.11667],[-93.31875,49.1125],[-93.325,49.1125]]]}},{"type":"Feature","properties":{"c":"817508","o":"","e":""},"geometry":{"type":"Polygon","coordinates":[[[-93.38125,49.11667],[-93.38125,49.12083],[-93.375,49.12083],[-93.375,49.11667],[-93.38125,49.11667]]]}},{"type":"Feature","properties":{"c":"817509","o":"","e":""},"geometry":{"type":"Polygon","coordinates":[[[-93.375,49.11667],[-93.375,49.12083],[-93.36875,49.12083],[-93.36875,49.11667],[-93.375,49.11667]]]}},{"type":"Feature","properties":{"c":"817510","o":"","e":""},"geometry":{"type":"Polygon","coordinates":[[[-93.36875,49.11667],[-93.36875,49.12083],[-93.3625,49.12083],[-93.3625,49.11667],[-93.36875,49.11667]]]}},{"type":"Feature","properties":{"c":"817511","o":"","e":""},"geometry":{"type":"Polygon","coordinates":[[[-93.3625,49.11667],[-93.3625,49.12083],[-93.35625,49.12083],[-93.35625,49.11667],[-93.3625,49.11667]]]}},{"type":"Feature","properties":{"c":"817512","o":"","e":""},"geometry":{"type":"Polygon","coordinates":[[[-93.35625,49.11667],[-93.35625,49.12083],[-93.35,49.12083],[-93.35,49.11667],[-93.35625,49.11667]]]}},{"type":"Feature","properties":{"c":"817513","o":"","e":""},"geometry":{"type":"Polygon","coordinates":[[[-93.35,49.11667],[-93.35,49.12083],[-93.34375,49.12083],[-93.34375,49.11667],[-93.35,49.11667]]]}},{"type":"Feature","properties":{"c":"817514","o":"","e":""},"geometry":{"type":"Polygon","coordinates":[[[-93.34375,49.11667],[-93.34375,49.12083],[-93.3375,49.12083],[-93.3375,49.11667],[-93.34375,49.11667]]]}},{"type":"Feature","properties":{"c":"817515","o":"","e":""},"geometry":{"type":"Polygon","coordinates":[[[-93.3375,49.11667],[-93.3375,49.12083],[-93.33125,49.12083],[-93.33125,49.11667],[-93.3375,49.11667]]]}},{"type":"Feature","properties":{"c":"817516","o":"","e":""},"geometry":{"type":"Polygon","coordinates":[[[-93.33125,49.11667],[-93.33125,49.12083],[-93.325,49.12083],[-93.325,49.11667],[-93.33125,49.11667]]]}},{"type":"Feature","properties":{"c":"817517","o":"","e":""},"geometry":{"type":"Polygon","coordinates":[[[-93.325,49.11667],[-93.325,49.12083],[-93.31875,49.12083],[-93.31875,49.11667],[-93.325,49.11667]]]}},{"type":"Feature","properties":{"c":"817518","o":"","e":""},"geometry":{"type":"Polygon","coordinates":[[[-93.325,49.12083],[-93.325,49.125],[-93.31875,49.125],[-93.31875,49.12083],[-93.325,49.12083]]]}},{"type":"Feature","properties":{"c":"817727","o":"","e":""},"geometry":{"type":"Polygon","coordinates":[[[-93.4375,49.07917],[-93.4375,49.08333],[-93.43125,49.08333],[-93.43125,49.07917],[-93.4375,49.07917]]]}},{"type":"Feature","properties":{"c":"817728","o":"","e":""},"geometry":{"type":"Polygon","coordinates":[[[-93.43125,49.07917],[-93.43125,49.08333],[-93.425,49.08333],[-93.425,49.07917],[-93.43125,49.07917]]]}},{"type":"Feature","properties":{"c":"817737","o":"","e":""},"geometry":{"type":"Polygon","coordinates":[[[-93.4375,49.08333],[-93.4375,49.0875],[-93.43125,49.0875],[-93.43125,49.08333],[-93.4375,49.08333]]]}},{"type":"Feature","properties":{"c":"817738","o":"","e":""},"geometry":{"type":"Polygon","coordinates":[[[-93.43125,49.08333],[-93.43125,49.0875],[-93.425,49.0875],[-93.425,49.08333],[-93.43125,49.08333]]]}},{"type":"Feature","properties":{"c":"817739","o":"","e":""},"geometry":{"type":"Polygon","coordinates":[[[-93.425,49.08333],[-93.425,49.0875],[-93.41875,49.0875],[-93.41875,49.08333],[-93.425,49.08333]]]}},{"type":"Feature","properties":{"c":"900793","o":"","e":""},"geometry":{"type":"Polygon","coordinates":[[[-93.11875,49.1625],[-93.11875,49.16667],[-93.1125,49.16667],[-93.1125,49.1625],[-93.11875,49.1625]]]}},{"type":"Feature","properties":{"c":"815974","o":"","e":""},"geometry":{"type":"Polygon","coordinates":[[[-93.03125,49.0625],[-93.03125,49.06667],[-93.025,49.06667],[-93.025,49.0625],[-93.03125,49.0625]]]}},{"type":"Feature","properties":{"c":"900797","o":"","e":""},"geometry":{"type":"Polygon","coordinates":[[[-93.1125,49.16667],[-93.1125,49.17083],[-93.10625,49.17083],[-93.10625,49.16667],[-93.1125,49.16667]]]}},{"type":"Feature","properties":{"c":"815975","o":"","e":""},"geometry":{"type":"Polygon","coordinates":[[[-93.025,49.0625],[-93.025,49.06667],[-93.01875,49.06667],[-93.01875,49.0625],[-93.025,49.0625]]]}},{"type":"Feature","properties":{"c":"813566","o":"","e":""},"geometry":{"type":"Polygon","coordinates":[[[-93.00625,49.09583],[-93.00625,49.1],[-93.0,49.1],[-93.0,49.09583],[-93.00625,49.09583]]]}},{"type":"Feature","properties":{"c":"817484","o":"","e":""},"geometry":{"type":"Polygon","coordinates":[[[-93.34375,49.10417],[-93.34375,49.10833],[-93.3375,49.10833],[-93.3375,49.10417],[-93.34375,49.10417]]]}},{"type":"Feature","properties":{"c":"817740","o":"","e":""},"geometry":{"type":"Polygon","coordinates":[[[-93.41875,49.08333],[-93.41875,49.0875],[-93.4125,49.0875],[-93.4125,49.08333],[-93.41875,49.08333]]]}},{"type":"Feature","properties":{"c":"817741","o":"","e":""},"geometry":{"type":"Polygon","coordinates":[[[-93.4125,49.08333],[-93.4125,49.0875],[-93.40625,49.0875],[-93.40625,49.08333],[-93.4125,49.08333]]]}},{"type":"Feature","properties":{"c":"818230","o":"","e":""},"geometry":{"type":"Polygon","coordinates":[[[-93.44375,49.10833],[-93.44375,49.1125],[-93.4375,49.1125],[-93.4375,49.10833],[-93.44375,49.10833]]]}},{"type":"Feature","properties":{"c":"817742","o":"","e":""},"geometry":{"type":"Polygon","coordinates":[[[-93.40625,49.08333],[-93.40625,49.0875],[-93.4,49.0875],[-93.4,49.08333],[-93.40625,49.08333]]]}},{"type":"Feature","properties":{"c":"817743","o":"","e":""},"geometry":{"type":"Polygon","coordinates":[[[-93.4,49.08333],[-93.4,49.0875],[-93.39375,49.0875],[-93.39375,49.08333],[-93.4,49.08333]]]}},{"type":"Feature","properties":{"c":"817747","o":"","e":""},"geometry":{"type":"Polygon","coordinates":[[[-93.4375,49.0875],[-93.4375,49.09167],[-93.43125,49.09167],[-93.43125,49.0875],[-93.4375,49.0875]]]}},{"type":"Feature","properties":{"c":"817748","o":"","e":""},"geometry":{"type":"Polygon","coordinates":[[[-93.43125,49.0875],[-93.43125,49.09167],[-93.425,49.09167],[-93.425,49.0875],[-93.43125,49.0875]]]}},{"type":"Feature","properties":{"c":"817749","o":"","e":""},"geometry":{"type":"Polygon","coordinates":[[[-93.425,49.0875],[-93.425,49.09167],[-93.41875,49.09167],[-93.41875,49.0875],[-93.425,49.0875]]]}},{"type":"Feature","properties":{"c":"817750","o":"","e":""},"geometry":{"type":"Polygon","coordinates":[[[-93.41875,49.0875],[-93.41875,49.09167],[-93.4125,49.09167],[-93.4125,49.0875],[-93.41875,49.0875]]]}},{"type":"Feature","properties":{"c":"817751","o":"","e":""},"geometry":{"type":"Polygon","coordinates":[[[-93.4125,49.0875],[-93.4125,49.09167],[-93.40625,49.09167],[-93.40625,49.0875],[-93.4125,49.0875]]]}},{"type":"Feature","properties":{"c":"817752","o":"","e":""},"geometry":{"type":"Polygon","coordinates":[[[-93.40625,49.0875],[-93.40625,49.09167],[-93.4,49.09167],[-93.4,49.0875],[-93.40625,49.0875]]]}},{"type":"Feature","properties":{"c":"818229","o":"","e":""},"geometry":{"type":"Polygon","coordinates":[[[-93.45,49.10833],[-93.45,49.1125],[-93.44375,49.1125],[-93.44375,49.10833],[-93.45,49.10833]]]}},{"type":"Feature","properties":{"c":"817753","o":"","e":""},"geometry":{"type":"Polygon","coordinates":[[[-93.4,49.0875],[-93.4,49.09167],[-93.39375,49.09167],[-93.39375,49.0875],[-93.4,49.0875]]]}},{"type":"Feature","properties":{"c":"817756","o":"","e":""},"geometry":{"type":"Polygon","coordinates":[[[-93.4375,49.09167],[-93.4375,49.09583],[-93.43125,49.09583],[-93.43125,49.09167],[-93.4375,49.09167]]]}},{"type":"Feature","properties":{"c":"818042","o":"","e":""},"geometry":{"type":"Polygon","coordinates":[[[-93.2875,49.06667],[-93.2875,49.07083],[-93.28125,49.07083],[-93.28125,49.06667],[-93.2875,49.06667]]]}},{"type":"Feature","properties":{"c":"818045","o":"","e":""},"geometry":{"type":"Polygon","coordinates":[[[-93.31875,49.07083],[-93.31875,49.075],[-93.3125,49.075],[-93.3125,49.07083],[-93.31875,49.07083]]]}},{"type":"Feature","properties":{"c":"818046","o":"","e":""},"geometry":{"type":"Polygon","coordinates":[[[-93.3125,49.07083],[-93.3125,49.075],[-93.30625,49.075],[-93.30625,49.07083],[-93.3125,49.07083]]]}},{"type":"Feature","properties":{"c":"818047","o":"","e":""},"geometry":{"type":"Polygon","coordinates":[[[-93.30625,49.07083],[-93.30625,49.075],[-93.3,49.075],[-93.3,49.07083],[-93.30625,49.07083]]]}},{"type":"Feature","properties":{"c":"818048","o":"","e":""},"geometry":{"type":"Polygon","coordinates":[[[-93.3,49.07083],[-93.3,49.075],[-93.29375,49.075],[-93.29375,49.07083],[-93.3,49.07083]]]}},{"type":"Feature","properties":{"c":"818049","o":"","e":""},"geometry":{"type":"Polygon","coordinates":[[[-93.29375,49.07083],[-93.29375,49.075],[-93.2875,49.075],[-93.2875,49.07083],[-93.29375,49.07083]]]}},{"type":"Feature","properties":{"c":"818050","o":"","e":""},"geometry":{"type":"Polygon","coordinates":[[[-93.2875,49.07083],[-93.2875,49.075],[-93.28125,49.075],[-93.28125,49.07083],[-93.2875,49.07083]]]}},{"type":"Feature","properties":{"c":"818051","o":"","e":""},"geometry":{"type":"Polygon","coordinates":[[[-93.28125,49.07083],[-93.28125,49.075],[-93.275,49.075],[-93.275,49.07083],[-93.28125,49.07083]]]}},{"type":"Feature","properties":{"c":"818052","o":"","e":""},"geometry":{"type":"Polygon","coordinates":[[[-93.3625,49.075],[-93.3625,49.07917],[-93.35625,49.07917],[-93.35625,49.075],[-93.3625,49.075]]]}},{"type":"Feature","properties":{"c":"818053","o":"","e":""},"geometry":{"type":"Polygon","coordinates":[[[-93.35625,49.075],[-93.35625,49.07917],[-93.35,49.07917],[-93.35,49.075],[-93.35625,49.075]]]}},{"type":"Feature","properties":{"c":"818043","o":"","e":""},"geometry":{"type":"Polygon","coordinates":[[[-93.28125,49.06667],[-93.28125,49.07083],[-93.275,49.07083],[-93.275,49.06667],[-93.28125,49.06667]]]}},{"type":"Feature","properties":{"c":"818044","o":"","e":""},"geometry":{"type":"Polygon","coordinates":[[[-93.325,49.07083],[-93.325,49.075],[-93.31875,49.075],[-93.31875,49.07083],[-93.325,49.07083]]]}},{"type":"Feature","properties":{"c":"818054","o":"","e":""},"geometry":{"type":"Polygon","coordinates":[[[-93.35,49.075],[-93.35,49.07917],[-93.34375,49.07917],[-93.34375,49.075],[-93.35,49.075]]]}},{"type":"Feature","properties":{"c":"818056","o":"","e":""},"geometry":{"type":"Polygon","coordinates":[[[-93.3375,49.075],[-93.3375,49.07917],[-93.33125,49.07917],[-93.33125,49.075],[-93.3375,49.075]]]}},{"type":"Feature","properties":{"c":"818057","o":"","e":""},"geometry":{"type":"Polygon","coordinates":[[[-93.33125,49.075],[-93.33125,49.07917],[-93.325,49.07917],[-93.325,49.075],[-93.33125,49.075]]]}},{"type":"Feature","properties":{"c":"818058","o":"","e":""},"geometry":{"type":"Polygon","coordinates":[[[-93.325,49.075],[-93.325,49.07917],[-93.31875,49.07917],[-93.31875,49.075],[-93.325,49.075]]]}},{"type":"Feature","properties":{"c":"818059","o":"","e":""},"geometry":{"type":"Polygon","coordinates":[[[-93.31875,49.075],[-93.31875,49.07917],[-93.3125,49.07917],[-93.3125,49.075],[-93.31875,49.075]]]}},{"type":"Feature","properties":{"c":"818060","o":"","e":""},"geometry":{"type":"Polygon","coordinates":[[[-93.3125,49.075],[-93.3125,49.07917],[-93.30625,49.07917],[-93.30625,49.075],[-93.3125,49.075]]]}},{"type":"Feature","properties":{"c":"818061","o":"","e":""},"geometry":{"type":"Polygon","coordinates":[[[-93.30625,49.075],[-93.30625,49.07917],[-93.3,49.07917],[-93.3,49.075],[-93.30625,49.075]]]}},{"type":"Feature","properties":{"c":"818062","o":"","e":""},"geometry":{"type":"Polygon","coordinates":[[[-93.3,49.075],[-93.3,49.07917],[-93.29375,49.07917],[-93.29375,49.075],[-93.3,49.075]]]}},{"type":"Feature","properties":{"c":"818063","o":"","e":""},"geometry":{"type":"Polygon","coordinates":[[[-93.29375,49.075],[-93.29375,49.07917],[-93.2875,49.07917],[-93.2875,49.075],[-93.29375,49.075]]]}},{"type":"Feature","properties":{"c":"818064","o":"","e":""},"geometry":{"type":"Polygon","coordinates":[[[-93.35625,49.07917],[-93.35625,49.08333],[-93.35,49.08333],[-93.35,49.07917],[-93.35625,49.07917]]]}},{"type":"Feature","properties":{"c":"818065","o":"","e":""},"geometry":{"type":"Polygon","coordinates":[[[-93.35,49.07917],[-93.35,49.08333],[-93.34375,49.08333],[-93.34375,49.07917],[-93.35,49.07917]]]}},{"type":"Feature","properties":{"c":"818066","o":"","e":""},"geometry":{"type":"Polygon","coordinates":[[[-93.34375,49.07917],[-93.34375,49.08333],[-93.3375,49.08333],[-93.3375,49.07917],[-93.34375,49.07917]]]}},{"type":"Feature","properties":{"c":"818067","o":"","e":""},"geometry":{"type":"Polygon","coordinates":[[[-93.3375,49.07917],[-93.3375,49.08333],[-93.33125,49.08333],[-93.33125,49.07917],[-93.3375,49.07917]]]}},{"type":"Feature","properties":{"c":"818068","o":"","e":""},"geometry":{"type":"Polygon","coordinates":[[[-93.33125,49.07917],[-93.33125,49.08333],[-93.325,49.08333],[-93.325,49.07917],[-93.33125,49.07917]]]}},{"type":"Feature","properties":{"c":"818069","o":"","e":""},"geometry":{"type":"Polygon","coordinates":[[[-93.325,49.07917],[-93.325,49.08333],[-93.31875,49.08333],[-93.31875,49.07917],[-93.325,49.07917]]]}},{"type":"Feature","properties":{"c":"818070","o":"","e":""},"geometry":{"type":"Polygon","coordinates":[[[-93.31875,49.07917],[-93.31875,49.08333],[-93.3125,49.08333],[-93.3125,49.07917],[-93.31875,49.07917]]]}},{"type":"Feature","properties":{"c":"818071","o":"","e":""},"geometry":{"type":"Polygon","coordinates":[[[-93.3125,49.07917],[-93.3125,49.08333],[-93.30625,49.08333],[-93.30625,49.07917],[-93.3125,49.07917]]]}},{"type":"Feature","properties":{"c":"818072","o":"","e":""},"geometry":{"type":"Polygon","coordinates":[[[-93.35625,49.08333],[-93.35625,49.0875],[-93.35,49.0875],[-93.35,49.08333],[-93.35625,49.08333]]]}},{"type":"Feature","properties":{"c":"818073","o":"","e":""},"geometry":{"type":"Polygon","coordinates":[[[-93.35,49.08333],[-93.35,49.0875],[-93.34375,49.0875],[-93.34375,49.08333],[-93.35,49.08333]]]}},{"type":"Feature","properties":{"c":"818055","o":"","e":""},"geometry":{"type":"Polygon","coordinates":[[[-93.34375,49.075],[-93.34375,49.07917],[-93.3375,49.07917],[-93.3375,49.075],[-93.34375,49.075]]]}},{"type":"Feature","properties":{"c":"818207","o":"","e":""},"geometry":{"type":"Polygon","coordinates":[[[-93.45,49.1],[-93.45,49.10417],[-93.44375,49.10417],[-93.44375,49.1],[-93.45,49.1]]]}},{"type":"Feature","properties":{"c":"818208","o":"","e":""},"geometry":{"type":"Polygon","coordinates":[[[-93.44375,49.1],[-93.44375,49.10417],[-93.4375,49.10417],[-93.4375,49.1],[-93.44375,49.1]]]}},{"type":"Feature","properties":{"c":"817757","o":"","e":""},"geometry":{"type":"Polygon","coordinates":[[[-93.43125,49.09167],[-93.43125,49.09583],[-93.425,49.09583],[-93.425,49.09167],[-93.43125,49.09167]]]}},{"type":"Feature","properties":{"c":"817758","o":"","e":""},"geometry":{"type":"Polygon","coordinates":[[[-93.425,49.09167],[-93.425,49.09583],[-93.41875,49.09583],[-93.41875,49.09167],[-93.425,49.09167]]]}},{"type":"Feature","properties":{"c":"817759","o":"","e":""},"geometry":{"type":"Polygon","coordinates":[[[-93.41875,49.09167],[-93.41875,49.09583],[-93.4125,49.09583],[-93.4125,49.09167],[-93.41875,49.09167]]]}},{"type":"Feature","properties":{"c":"817760","o":"","e":""},"geometry":{"type":"Polygon","coordinates":[[[-93.4125,49.09167],[-93.4125,49.09583],[-93.40625,49.09583],[-93.40625,49.09167],[-93.4125,49.09167]]]}},{"type":"Feature","properties":{"c":"817763","o":"","e":""},"geometry":{"type":"Polygon","coordinates":[[[-93.4375,49.09583],[-93.4375,49.1],[-93.43125,49.1],[-93.43125,49.09583],[-93.4375,49.09583]]]}},{"type":"Feature","properties":{"c":"817764","o":"","e":""},"geometry":{"type":"Polygon","coordinates":[[[-93.43125,49.09583],[-93.43125,49.1],[-93.425,49.1],[-93.425,49.09583],[-93.43125,49.09583]]]}},{"type":"Feature","properties":{"c":"817765","o":"","e":""},"geometry":{"type":"Polygon","coordinates":[[[-93.425,49.09583],[-93.425,49.1],[-93.41875,49.1],[-93.41875,49.09583],[-93.425,49.09583]]]}},{"type":"Feature","properties":{"c":"817766","o":"","e":""},"geometry":{"type":"Polygon","coordinates":[[[-93.41875,49.09583],[-93.41875,49.1],[-93.4125,49.1],[-93.4125,49.09583],[-93.41875,49.09583]]]}},{"type":"Feature","properties":{"c":"817767","o":"","e":""},"geometry":{"type":"Polygon","coordinates":[[[-93.4125,49.09583],[-93.4125,49.1],[-93.40625,49.1],[-93.40625,49.09583],[-93.4125,49.09583]]]}},{"type":"Feature","properties":{"c":"818218","o":"","e":""},"geometry":{"type":"Polygon","coordinates":[[[-93.45,49.10417],[-93.45,49.10833],[-93.44375,49.10833],[-93.44375,49.10417],[-93.45,49.10417]]]}},{"type":"Feature","properties":{"c":"818219","o":"","e":""},"geometry":{"type":"Polygon","coordinates":[[[-93.44375,49.10417],[-93.44375,49.10833],[-93.4375,49.10833],[-93.4375,49.10417],[-93.44375,49.10417]]]}},{"type":"Feature","properties":{"c":"817768","o":"","e":""},"geometry":{"type":"Polygon","coordinates":[[[-93.40625,49.09583],[-93.40625,49.1],[-93.4,49.1],[-93.4,49.09583],[-93.40625,49.09583]]]}},{"type":"Feature","properties":{"c":"818040","o":"","e":""},"geometry":{"type":"Polygon","coordinates":[[[-93.3,49.06667],[-93.3,49.07083],[-93.29375,49.07083],[-93.29375,49.06667],[-93.3,49.06667]]]}},{"type":"Feature","properties":{"c":"818041","o":"","e":""},"geometry":{"type":"Polygon","coordinates":[[[-93.29375,49.06667],[-93.29375,49.07083],[-93.2875,49.07083],[-93.2875,49.06667],[-93.29375,49.06667]]]}},{"type":"Feature","properties":{"c":"900777","o":"","e":""},"geometry":{"type":"Polygon","coordinates":[[[-93.2,49.12083],[-93.2,49.125],[-93.19375,49.125],[-93.19375,49.12083],[-93.2,49.12083]]]}},{"type":"Feature","properties":{"c":"916975","o":"","e":""},"geometry":{"type":"Polygon","coordinates":[[[-93.0375,49.225],[-93.0375,49.22917],[-93.03125,49.22917],[-93.03125,49.225],[-93.0375,49.225]]]}},{"type":"Feature","properties":{"c":"816310","o":"","e":""},"geometry":{"type":"Polygon","coordinates":[[[-93.2,49.11667],[-93.2,49.12083],[-93.19375,49.12083],[-93.19375,49.11667],[-93.2,49.11667]]]}},{"type":"Feature","properties":{"c":"916965","o":"","e":""},"geometry":{"type":"Polygon","coordinates":[[[-93.025,49.23333],[-93.025,49.2375],[-93.01875,49.2375],[-93.01875,49.23333],[-93.025,49.23333]]]}},{"type":"Feature","properties":{"c":"816294","o":"","e":""},"geometry":{"type":"Polygon","coordinates":[[[-93.2,49.10833],[-93.2,49.1125],[-93.19375,49.1125],[-93.19375,49.10833],[-93.2,49.10833]]]}},{"type":"Feature","properties":{"c":"816286","o":"","e":""},"geometry":{"type":"Polygon","coordinates":[[[-93.2,49.10417],[-93.2,49.10833],[-93.19375,49.10833],[-93.19375,49.10417],[-93.2,49.10417]]]}},{"type":"Feature","properties":{"c":"816301","o":"","e":""},"geometry":{"type":"Polygon","coordinates":[[[-93.2,49.1125],[-93.2,49.11667],[-93.19375,49.11667],[-93.19375,49.1125],[-93.2,49.1125]]]}},{"type":"Feature","properties":{"c":"815924","o":"","e":""},"geometry":{"type":"Polygon","coordinates":[[[-93.08125,49.0875],[-93.08125,49.09167],[-93.075,49.09167],[-93.075,49.0875],[-93.08125,49.0875]]]}},{"type":"Feature","properties":{"c":"916989","o":"","e":""},"geometry":{"type":"Polygon","coordinates":[[[-93.1625,49.1],[-93.1625,49.10417],[-93.15625,49.10417],[-93.15625,49.1],[-93.1625,49.1]]]}},{"type":"Feature","properties":{"c":"916963","o":"","e":""},"geometry":{"type":"Polygon","coordinates":[[[-93.04375,49.22083],[-93.04375,49.225],[-93.0375,49.225],[-93.0375,49.22083],[-93.04375,49.22083]]]}},{"type":"Feature","properties":{"c":"815912","o":"","e":""},"geometry":{"type":"Polygon","coordinates":[[[-93.08125,49.07917],[-93.08125,49.08333],[-93.075,49.08333],[-93.075,49.07917],[-93.08125,49.07917]]]}},{"type":"Feature","properties":{"c":"815906","o":"","e":""},"geometry":{"type":"Polygon","coordinates":[[[-93.08125,49.075],[-93.08125,49.07917],[-93.075,49.07917],[-93.075,49.075],[-93.08125,49.075]]]}},{"type":"Feature","properties":{"c":"815918","o":"","e":""},"geometry":{"type":"Polygon","coordinates":[[[-93.08125,49.08333],[-93.08125,49.0875],[-93.075,49.0875],[-93.075,49.08333],[-93.08125,49.08333]]]}},{"type":"Feature","properties":{"c":"815894","o":"","e":""},"geometry":{"type":"Polygon","coordinates":[[[-93.08125,49.06667],[-93.08125,49.07083],[-93.075,49.07083],[-93.075,49.06667],[-93.08125,49.06667]]]}},{"type":"Feature","properties":{"c":"815900","o":"","e":""},"geometry":{"type":"Polygon","coordinates":[[[-93.08125,49.07083],[-93.08125,49.075],[-93.075,49.075],[-93.075,49.07083],[-93.08125,49.07083]]]}},{"type":"Feature","properties":{"c":"816124","o":"","e":""},"geometry":{"type":"Polygon","coordinates":[[[-93.075,49.0625],[-93.075,49.06667],[-93.06875,49.06667],[-93.06875,49.0625],[-93.075,49.0625]]]}},{"type":"Feature","properties":{"c":"816126","o":"","e":""},"geometry":{"type":"Polygon","coordinates":[[[-93.0625,49.0625],[-93.0625,49.06667],[-93.05625,49.06667],[-93.05625,49.0625],[-93.0625,49.0625]]]}},{"type":"Feature","properties":{"c":"900784","o":"","e":""},"geometry":{"type":"Polygon","coordinates":[[[-93.175,49.125],[-93.175,49.12917],[-93.16875,49.12917],[-93.16875,49.125],[-93.175,49.125]]]}},{"type":"Feature","properties":{"c":"816125","o":"","e":""},"geometry":{"type":"Polygon","coordinates":[[[-93.06875,49.0625],[-93.06875,49.06667],[-93.0625,49.06667],[-93.0625,49.0625],[-93.06875,49.0625]]]}},{"type":"Feature","properties":{"c":"900786","o":"","e":""},"geometry":{"type":"Polygon","coordinates":[[[-93.16875,49.12917],[-93.16875,49.13333],[-93.1625,49.13333],[-93.1625,49.12917],[-93.16875,49.12917]]]}},{"type":"Feature","properties":{"c":"815970","o":"","e":""},"geometry":{"type":"Polygon","coordinates":[[[-93.05625,49.0625],[-93.05625,49.06667],[-93.05,49.06667],[-93.05,49.0625],[-93.05625,49.0625]]]}},{"type":"Feature","properties":{"c":"881349","o":"","e":""},"geometry":{"type":"Polygon","coordinates":[[[-93.15625,49.1375],[-93.15625,49.14167],[-93.15,49.14167],[-93.15,49.1375],[-93.15625,49.1375]]]}},{"type":"Feature","properties":{"c":"815971","o":"","e":""},"geometry":{"type":"Polygon","coordinates":[[[-93.05,49.0625],[-93.05,49.06667],[-93.04375,49.06667],[-93.04375,49.0625],[-93.05,49.0625]]]}},{"type":"Feature","properties":{"c":"815972","o":"","e":""},"geometry":{"type":"Polygon","coordinates":[[[-93.04375,49.0625],[-93.04375,49.06667],[-93.0375,49.06667],[-93.0375,49.0625],[-93.04375,49.0625]]]}},{"type":"Feature","properties":{"c":"881346","o":"","e":""},"geometry":{"type":"Polygon","coordinates":[[[-93.14375,49.14583],[-93.14375,49.15],[-93.1375,49.15],[-93.1375,49.14583],[-93.14375,49.14583]]]}},{"type":"Feature","properties":{"c":"815973","o":"","e":""},"geometry":{"type":"Polygon","coordinates":[[[-93.0375,49.0625],[-93.0375,49.06667],[-93.03125,49.06667],[-93.03125,49.0625],[-93.0375,49.0625]]]}},{"type":"Feature","properties":{"c":"816123","o":"","e":""},"geometry":{"type":"Polygon","coordinates":[[[-93.08125,49.0625],[-93.08125,49.06667],[-93.075,49.06667],[-93.075,49.0625],[-93.08125,49.0625]]]}},{"type":"Feature","properties":{"c":"916960","o":"","e":""},"geometry":{"type":"Polygon","coordinates":[[[-93.0875,49.18333],[-93.0875,49.1875],[-93.08125,49.1875],[-93.08125,49.18333],[-93.0875,49.18333]]]}},{"type":"Feature","properties":{"c":"916948","o":"","e":""},"geometry":{"type":"Polygon","coordinates":[[[-93.08125,49.1875],[-93.08125,49.19167],[-93.075,49.19167],[-93.075,49.1875],[-93.08125,49.1875]]]}},{"type":"Feature","properties":{"c":"916966","o":"","e":""},"geometry":{"type":"Polygon","coordinates":[[[-93.075,49.19167],[-93.075,49.19583],[-93.06875,49.19583],[-93.06875,49.19167],[-93.075,49.19167]]]}},{"type":"Feature","properties":{"c":"916945","o":"","e":""},"geometry":{"type":"Polygon","coordinates":[[[-93.04375,49.21667],[-93.04375,49.22083],[-93.0375,49.22083],[-93.0375,49.21667],[-93.04375,49.21667]]]}},{"type":"Feature","properties":{"c":"916967","o":"","e":""},"geometry":{"type":"Polygon","coordinates":[[[-93.0625,49.2],[-93.0625,49.20417],[-93.05625,49.20417],[-93.05625,49.2],[-93.0625,49.2]]]}},{"type":"Feature","properties":{"c":"916968","o":"","e":""},"geometry":{"type":"Polygon","coordinates":[[[-93.05625,49.20417],[-93.05625,49.20833],[-93.05,49.20833],[-93.05,49.20417],[-93.05625,49.20417]]]}},{"type":"Feature","properties":{"c":"916983","o":"","e":""},"geometry":{"type":"Polygon","coordinates":[[[-93.05,49.20833],[-93.05,49.2125],[-93.04375,49.2125],[-93.04375,49.20833],[-93.05,49.20833]]]}},{"type":"Feature","properties":{"c":"817485","o":"","e":""},"geometry":{"type":"Polygon","coordinates":[[[-93.3375,49.10417],[-93.3375,49.10833],[-93.33125,49.10833],[-93.33125,49.10417],[-93.3375,49.10417]]]}},{"type":"Feature","properties":{"c":"817486","o":"","e":""},"geometry":{"type":"Polygon","coordinates":[[[-93.33125,49.10417],[-93.33125,49.10833],[-93.325,49.10833],[-93.325,49.10417],[-93.33125,49.10417]]]}},{"type":"Feature","properties":{"c":"817487","o":"","e":""},"geometry":{"type":"Polygon","coordinates":[[[-93.325,49.10417],[-93.325,49.10833],[-93.31875,49.10833],[-93.31875,49.10417],[-93.325,49.10417]]]}},{"type":"Feature","properties":{"c":"817488","o":"","e":""},"geometry":{"type":"Polygon","coordinates":[[[-93.38125,49.10833],[-93.38125,49.1125],[-93.375,49.1125],[-93.375,49.10833],[-93.38125,49.10833]]]}},{"type":"Feature","properties":{"c":"817489","o":"","e":""},"geometry":{"type":"Polygon","coordinates":[[[-93.375,49.10833],[-93.375,49.1125],[-93.36875,49.1125],[-93.36875,49.10833],[-93.375,49.10833]]]}},{"type":"Feature","properties":{"c":"817490","o":"","e":""},"geometry":{"type":"Polygon","coordinates":[[[-93.36875,49.10833],[-93.36875,49.1125],[-93.3625,49.1125],[-93.3625,49.10833],[-93.36875,49.10833]]]}},{"type":"Feature","properties":{"c":"817491","o":"","e":""},"geometry":{"type":"Polygon","coordinates":[[[-93.3625,49.10833],[-93.3625,49.1125],[-93.35625,49.1125],[-93.35625,49.10833],[-93.3625,49.10833]]]}},{"type":"Feature","properties":{"c":"817492","o":"","e":""},"geometry":{"type":"Polygon","coordinates":[[[-93.35625,49.10833],[-93.35625,49.1125],[-93.35,49.1125],[-93.35,49.10833],[-93.35625,49.10833]]]}},{"type":"Feature","properties":{"c":"817493","o":"","e":""},"geometry":{"type":"Polygon","coordinates":[[[-93.35,49.10833],[-93.35,49.1125],[-93.34375,49.1125],[-93.34375,49.10833],[-93.35,49.10833]]]}},{"type":"Feature","properties":{"c":"817494","o":"","e":""},"geometry":{"type":"Polygon","coordinates":[[[-93.34375,49.10833],[-93.34375,49.1125],[-93.3375,49.1125],[-93.3375,49.10833],[-93.34375,49.10833]]]}},{"type":"Feature","properties":{"c":"817495","o":"","e":""},"geometry":{"type":"Polygon","coordinates":[[[-93.3375,49.10833],[-93.3375,49.1125],[-93.33125,49.1125],[-93.33125,49.10833],[-93.3375,49.10833]]]}},{"type":"Feature","properties":{"c":"817496","o":"","e":""},"geometry":{"type":"Polygon","coordinates":[[[-93.33125,49.10833],[-93.33125,49.1125],[-93.325,49.1125],[-93.325,49.10833],[-93.33125,49.10833]]]}},{"type":"Feature","properties":{"c":"817497","o":"","e":""},"geometry":{"type":"Polygon","coordinates":[[[-93.325,49.10833],[-93.325,49.1125],[-93.31875,49.1125],[-93.31875,49.10833],[-93.325,49.10833]]]}},{"type":"Feature","properties":{"c":"817498","o":"","e":""},"geometry":{"type":"Polygon","coordinates":[[[-93.38125,49.1125],[-93.38125,49.11667],[-93.375,49.11667],[-93.375,49.1125],[-93.38125,49.1125]]]}},{"type":"Feature","properties":{"c":"817499","o":"","e":""},"geometry":{"type":"Polygon","coordinates":[[[-93.375,49.1125],[-93.375,49.11667],[-93.36875,49.11667],[-93.36875,49.1125],[-93.375,49.1125]]]}},{"type":"Feature","properties":{"c":"817500","o":"","e":""},"geometry":{"type":"Polygon","coordinates":[[[-93.36875,49.1125],[-93.36875,49.11667],[-93.3625,49.11667],[-93.3625,49.1125],[-93.36875,49.1125]]]}},{"type":"Feature","properties":{"c":"817501","o":"","e":""},"geometry":{"type":"Polygon","coordinates":[[[-93.3625,49.1125],[-93.3625,49.11667],[-93.35625,49.11667],[-93.35625,49.1125],[-93.3625,49.1125]]]}},{"type":"Feature","properties":{"c":"817502","o":"","e":""},"geometry":{"type":"Polygon","coordinates":[[[-93.35625,49.1125],[-93.35625,49.11667],[-93.35,49.11667],[-93.35,49.1125],[-93.35625,49.1125]]]}},{"type":"Feature","properties":{"c":"818299","o":"","e":""},"geometry":{"type":"Polygon","coordinates":[[[-93.4875,49.10417],[-93.4875,49.10833],[-93.48125,49.10833],[-93.48125,49.10417],[-93.4875,49.10417]]]}},{"type":"Feature","properties":{"c":"818261","o":"","e":""},"geometry":{"type":"Polygon","coordinates":[[[-93.4875,49.0875],[-93.4875,49.09167],[-93.48125,49.09167],[-93.48125,49.0875],[-93.4875,49.0875]]]}},{"type":"Feature","properties":{"c":"818262","o":"","e":""},"geometry":{"type":"Polygon","coordinates":[[[-93.48125,49.0875],[-93.48125,49.09167],[-93.475,49.09167],[-93.475,49.0875],[-93.48125,49.0875]]]}},{"type":"Feature","properties":{"c":"818263","o":"","e":""},"geometry":{"type":"Polygon","coordinates":[[[-93.475,49.0875],[-93.475,49.09167],[-93.46875,49.09167],[-93.46875,49.0875],[-93.475,49.0875]]]}},{"type":"Feature","properties":{"c":"818264","o":"","e":""},"geometry":{"type":"Polygon","coordinates":[[[-93.46875,49.0875],[-93.46875,49.09167],[-93.4625,49.09167],[-93.4625,49.0875],[-93.46875,49.0875]]]}},{"type":"Feature","properties":{"c":"818265","o":"","e":""},"geometry":{"type":"Polygon","coordinates":[[[-93.4625,49.0875],[-93.4625,49.09167],[-93.45625,49.09167],[-93.45625,49.0875],[-93.4625,49.0875]]]}},{"type":"Feature","properties":{"c":"818300","o":"","e":""},"geometry":{"type":"Polygon","coordinates":[[[-93.48125,49.10417],[-93.48125,49.10833],[-93.475,49.10833],[-93.475,49.10417],[-93.48125,49.10417]]]}},{"type":"Feature","properties":{"c":"818301","o":"","e":""},"geometry":{"type":"Polygon","coordinates":[[[-93.4625,49.10417],[-93.4625,49.10833],[-93.45625,49.10833],[-93.45625,49.10417],[-93.4625,49.10417]]]}},{"type":"Feature","properties":{"c":"818302","o":"","e":""},"geometry":{"type":"Polygon","coordinates":[[[-93.45625,49.10417],[-93.45625,49.10833],[-93.45,49.10833],[-93.45,49.10417],[-93.45625,49.10417]]]}},{"type":"Feature","properties":{"c":"818270","o":"","e":""},"geometry":{"type":"Polygon","coordinates":[[[-93.5,49.09167],[-93.5,49.09583],[-93.49375,49.09583],[-93.49375,49.09167],[-93.5,49.09167]]]}},{"type":"Feature","properties":{"c":"818271","o":"","e":""},"geometry":{"type":"Polygon","coordinates":[[[-93.49375,49.09167],[-93.49375,49.09583],[-93.4875,49.09583],[-93.4875,49.09167],[-93.49375,49.09167]]]}},{"type":"Feature","properties":{"c":"818272","o":"","e":""},"geometry":{"type":"Polygon","coordinates":[[[-93.4875,49.09167],[-93.4875,49.09583],[-93.48125,49.09583],[-93.48125,49.09167],[-93.4875,49.09167]]]}},{"type":"Feature","properties":{"c":"818273","o":"","e":""},"geometry":{"type":"Polygon","coordinates":[[[-93.48125,49.09167],[-93.48125,49.09583],[-93.475,49.09583],[-93.475,49.09167],[-93.48125,49.09167]]]}},{"type":"Feature","properties":{"c":"818274","o":"","e":""},"geometry":{"type":"Polygon","coordinates":[[[-93.475,49.09167],[-93.475,49.09583],[-93.46875,49.09583],[-93.46875,49.09167],[-93.475,49.09167]]]}},{"type":"Feature","properties":{"c":"818275","o":"","e":""},"geometry":{"type":"Polygon","coordinates":[[[-93.46875,49.09167],[-93.46875,49.09583],[-93.4625,49.09583],[-93.4625,49.09167],[-93.46875,49.09167]]]}},{"type":"Feature","properties":{"c":"818276","o":"","e":""},"geometry":{"type":"Polygon","coordinates":[[[-93.4625,49.09167],[-93.4625,49.09583],[-93.45625,49.09583],[-93.45625,49.09167],[-93.4625,49.09167]]]}},{"type":"Feature","properties":{"c":"818277","o":"","e":""},"geometry":{"type":"Polygon","coordinates":[[[-93.45625,49.09167],[-93.45625,49.09583],[-93.45,49.09583],[-93.45,49.09167],[-93.45625,49.09167]]]}},{"type":"Feature","properties":{"c":"818281","o":"","e":""},"geometry":{"type":"Polygon","coordinates":[[[-93.5,49.09583],[-93.5,49.1],[-93.49375,49.1],[-93.49375,49.09583],[-93.5,49.09583]]]}},{"type":"Feature","properties":{"c":"818282","o":"","e":""},"geometry":{"type":"Polygon","coordinates":[[[-93.49375,49.09583],[-93.49375,49.1],[-93.4875,49.1],[-93.4875,49.09583],[-93.49375,49.09583]]]}},{"type":"Feature","properties":{"c":"818283","o":"","e":""},"geometry":{"type":"Polygon","coordinates":[[[-93.4875,49.09583],[-93.4875,49.1],[-93.48125,49.1],[-93.48125,49.09583],[-93.4875,49.09583]]]}},{"type":"Feature","properties":{"c":"818284","o":"","e":""},"geometry":{"type":"Polygon","coordinates":[[[-93.48125,49.09583],[-93.48125,49.1],[-93.475,49.1],[-93.475,49.09583],[-93.48125,49.09583]]]}},{"type":"Feature","properties":{"c":"818285","o":"","e":""},"geometry":{"type":"Polygon","coordinates":[[[-93.475,49.09583],[-93.475,49.1],[-93.46875,49.1],[-93.46875,49.09583],[-93.475,49.09583]]]}},{"type":"Feature","properties":{"c":"818286","o":"","e":""},"geometry":{"type":"Polygon","coordinates":[[[-93.46875,49.09583],[-93.46875,49.1],[-93.4625,49.1],[-93.4625,49.09583],[-93.46875,49.09583]]]}},{"type":"Feature","properties":{"c":"818287","o":"","e":""},"geometry":{"type":"Polygon","coordinates":[[[-93.4625,49.09583],[-93.4625,49.1],[-93.45625,49.1],[-93.45625,49.09583],[-93.4625,49.09583]]]}},{"type":"Feature","properties":{"c":"818288","o":"","e":""},"geometry":{"type":"Polygon","coordinates":[[[-93.45625,49.09583],[-93.45625,49.1],[-93.45,49.1],[-93.45,49.09583],[-93.45625,49.09583]]]}},{"type":"Feature","properties":{"c":"818290","o":"","e":""},"geometry":{"type":"Polygon","coordinates":[[[-93.5,49.1],[-93.5,49.10417],[-93.49375,49.10417],[-93.49375,49.1],[-93.5,49.1]]]}},{"type":"Feature","properties":{"c":"818291","o":"","e":""},"geometry":{"type":"Polygon","coordinates":[[[-93.49375,49.1],[-93.49375,49.10417],[-93.4875,49.10417],[-93.4875,49.1],[-93.49375,49.1]]]}},{"type":"Feature","properties":{"c":"818292","o":"","e":""},"geometry":{"type":"Polygon","coordinates":[[[-93.4875,49.1],[-93.4875,49.10417],[-93.48125,49.10417],[-93.48125,49.1],[-93.4875,49.1]]]}},{"type":"Feature","properties":{"c":"818293","o":"","e":""},"geometry":{"type":"Polygon","coordinates":[[[-93.48125,49.1],[-93.48125,49.10417],[-93.475,49.10417],[-93.475,49.1],[-93.48125,49.1]]]}},{"type":"Feature","properties":{"c":"818294","o":"","e":""},"geometry":{"type":"Polygon","coordinates":[[[-93.46875,49.1],[-93.46875,49.10417],[-93.4625,49.10417],[-93.4625,49.1],[-93.46875,49.1]]]}},{"type":"Feature","properties":{"c":"818295","o":"","e":""},"geometry":{"type":"Polygon","coordinates":[[[-93.4625,49.1],[-93.4625,49.10417],[-93.45625,49.10417],[-93.45625,49.1],[-93.4625,49.1]]]}},{"type":"Feature","properties":{"c":"818296","o":"","e":""},"geometry":{"type":"Polygon","coordinates":[[[-93.45625,49.1],[-93.45625,49.10417],[-93.45,49.10417],[-93.45,49.1],[-93.45625,49.1]]]}},{"type":"Feature","properties":{"c":"818297","o":"","e":""},"geometry":{"type":"Polygon","coordinates":[[[-93.5,49.10417],[-93.5,49.10833],[-93.49375,49.10833],[-93.49375,49.10417],[-93.5,49.10417]]]}},{"type":"Feature","properties":{"c":"818298","o":"","e":""},"geometry":{"type":"Polygon","coordinates":[[[-93.49375,49.10417],[-93.49375,49.10833],[-93.4875,49.10833],[-93.4875,49.10417],[-93.49375,49.10417]]]}},{"type":"Feature","properties":{"c":"818304","o":"","e":""},"geometry":{"type":"Polygon","coordinates":[[[-93.48125,49.10833],[-93.48125,49.1125],[-93.475,49.1125],[-93.475,49.10833],[-93.48125,49.10833]]]}},{"type":"Feature","properties":{"c":"818305","o":"","e":""},"geometry":{"type":"Polygon","coordinates":[[[-93.45625,49.10833],[-93.45625,49.1125],[-93.45,49.1125],[-93.45,49.10833],[-93.45625,49.10833]]]}},{"type":"Feature","properties":{"c":"818303","o":"","e":""},"geometry":{"type":"Polygon","coordinates":[[[-93.4875,49.10833],[-93.4875,49.1125],[-93.48125,49.1125],[-93.48125,49.10833],[-93.4875,49.10833]]]}},{"type":"Feature","properties":{"c":"783905","o":"","e":""},"geometry":{"type":"Polygon","coordinates":[[[-93.45625,49.11667],[-93.45625,49.12083],[-93.45,49.12083],[-93.45,49.11667],[-93.45625,49.11667]]]}},{"type":"Feature","properties":{"c":"783906","o":"","e":""},"geometry":{"type":"Polygon","coordinates":[[[-93.44375,49.11667],[-93.44375,49.12083],[-93.4375,49.12083],[-93.4375,49.11667],[-93.44375,49.11667]]]}},{"type":"Feature","properties":{"c":"783907","o":"","e":""},"geometry":{"type":"Polygon","coordinates":[[[-93.44375,49.1125],[-93.44375,49.11667],[-93.4375,49.11667],[-93.4375,49.1125],[-93.44375,49.1125]]]}},{"type":"Feature","properties":{"c":"783908","o":"","e":""},"geometry":{"type":"Polygon","coordinates":[[[-93.4375,49.11667],[-93.4375,49.12083],[-93.43125,49.12083],[-93.43125,49.11667],[-93.4375,49.11667]]]}},{"type":"Feature","properties":{"c":"783909","o":"","e":""},"geometry":{"type":"Polygon","coordinates":[[[-93.45625,49.1125],[-93.45625,49.11667],[-93.45,49.11667],[-93.45,49.1125],[-93.45625,49.1125]]]}},{"type":"Feature","properties":{"c":"783910","o":"","e":""},"geometry":{"type":"Polygon","coordinates":[[[-93.45,49.1125],[-93.45,49.11667],[-93.44375,49.11667],[-93.44375,49.1125],[-93.45,49.1125]]]}},{"type":"Feature","properties":{"c":"783911","o":"","e":""},"geometry":{"type":"Polygon","coordinates":[[[-93.45,49.11667],[-93.45,49.12083],[-93.44375,49.12083],[-93.44375,49.11667],[-93.45,49.11667]]]}},{"type":"Feature","properties":{"c":"783912","o":"","e":""},"geometry":{"type":"Polygon","coordinates":[[[-93.4375,49.1125],[-93.4375,49.11667],[-93.43125,49.11667],[-93.43125,49.1125],[-93.4375,49.1125]]]}},{"type":"Feature","properties":{"c":"926968","o":"","e":""},"geometry":{"type":"Polygon","coordinates":[[[-93.05625,49.23333],[-93.05625,49.2375],[-93.05,49.2375],[-93.05,49.23333],[-93.05625,49.23333]]]}},{"type":"Feature","properties":{"c":"822155","o":"","e":""},"geometry":{"type":"Polygon","coordinates":[[[-93.125,49.07917],[-93.125,49.08333],[-93.11875,49.08333],[-93.11875,49.07917],[-93.125,49.07917]]]}},{"type":"Feature","properties":{"c":"822156","o":"","e":""},"geometry":{"type":"Polygon","coordinates":[[[-93.11875,49.07917],[-93.11875,49.08333],[-93.1125,49.08333],[-93.1125,49.07917],[-93.11875,49.07917]]]}},{"type":"Feature","properties":{"c":"822157","o":"","e":""},"geometry":{"type":"Polygon","coordinates":[[[-93.1125,49.07917],[-93.1125,49.08333],[-93.10625,49.08333],[-93.10625,49.07917],[-93.1125,49.07917]]]}},{"type":"Feature","properties":{"c":"822158","o":"","e":""},"geometry":{"type":"Polygon","coordinates":[[[-93.13125,49.08333],[-93.13125,49.0875],[-93.125,49.0875],[-93.125,49.08333],[-93.13125,49.08333]]]}},{"type":"Feature","properties":{"c":"822159","o":"","e":""},"geometry":{"type":"Polygon","coordinates":[[[-93.125,49.08333],[-93.125,49.0875],[-93.11875,49.0875],[-93.11875,49.08333],[-93.125,49.08333]]]}},{"type":"Feature","properties":{"c":"822160","o":"","e":""},"geometry":{"type":"Polygon","coordinates":[[[-93.11875,49.08333],[-93.11875,49.0875],[-93.1125,49.0875],[-93.1125,49.08333],[-93.11875,49.08333]]]}},{"type":"Feature","properties":{"c":"822161","o":"","e":""},"geometry":{"type":"Polygon","coordinates":[[[-93.1125,49.08333],[-93.1125,49.0875],[-93.10625,49.0875],[-93.10625,49.08333],[-93.1125,49.08333]]]}},{"type":"Feature","properties":{"c":"822162","o":"","e":""},"geometry":{"type":"Polygon","coordinates":[[[-93.13125,49.0875],[-93.13125,49.09167],[-93.125,49.09167],[-93.125,49.0875],[-93.13125,49.0875]]]}},{"type":"Feature","properties":{"c":"822163","o":"","e":""},"geometry":{"type":"Polygon","coordinates":[[[-93.125,49.0875],[-93.125,49.09167],[-93.11875,49.09167],[-93.11875,49.0875],[-93.125,49.0875]]]}},{"type":"Feature","properties":{"c":"822164","o":"","e":""},"geometry":{"type":"Polygon","coordinates":[[[-93.11875,49.0875],[-93.11875,49.09167],[-93.1125,49.09167],[-93.1125,49.0875],[-93.11875,49.0875]]]}},{"type":"Feature","properties":{"c":"965111","o":"","e":""},"geometry":{"type":"Polygon","coordinates":[[[-93.45625,49.24167],[-93.45625,49.24583],[-93.45,49.24583],[-93.45,49.24167],[-93.45625,49.24167]]]}},{"type":"Feature","properties":{"c":"965112","o":"","e":""},"geometry":{"type":"Polygon","coordinates":[[[-93.45625,49.25],[-93.45625,49.25417],[-93.45,49.25417],[-93.45,49.25],[-93.45625,49.25]]]}},{"type":"Feature","properties":{"c":"965113","o":"","e":""},"geometry":{"type":"Polygon","coordinates":[[[-93.45,49.24583],[-93.45,49.25],[-93.44375,49.25],[-93.44375,49.24583],[-93.45,49.24583]]]}},{"type":"Feature","properties":{"c":"965114","o":"","e":""},"geometry":{"type":"Polygon","coordinates":[[[-93.45,49.25],[-93.45,49.25417],[-93.44375,49.25417],[-93.44375,49.25],[-93.45,49.25]]]}},{"type":"Feature","properties":{"c":"965115","o":"","e":""},"geometry":{"type":"Polygon","coordinates":[[[-93.45625,49.24583],[-93.45625,49.25],[-93.45,49.25],[-93.45,49.24583],[-93.45625,49.24583]]]}},{"type":"Feature","properties":{"c":"965116","o":"","e":""},"geometry":{"type":"Polygon","coordinates":[[[-93.43125,49.24167],[-93.43125,49.24583],[-93.425,49.24583],[-93.425,49.24167],[-93.43125,49.24167]]]}},{"type":"Feature","properties":{"c":"965117","o":"","e":""},"geometry":{"type":"Polygon","coordinates":[[[-93.44375,49.24167],[-93.44375,49.24583],[-93.4375,49.24583],[-93.4375,49.24167],[-93.44375,49.24167]]]}},{"type":"Feature","properties":{"c":"965118","o":"","e":""},"geometry":{"type":"Polygon","coordinates":[[[-93.43125,49.2375],[-93.43125,49.24167],[-93.425,49.24167],[-93.425,49.2375],[-93.43125,49.2375]]]}},{"type":"Feature","properties":{"c":"965119","o":"","e":""},"geometry":{"type":"Polygon","coordinates":[[[-93.43125,49.25],[-93.43125,49.25417],[-93.425,49.25417],[-93.425,49.25],[-93.43125,49.25]]]}},{"type":"Feature","properties":{"c":"822124","o":"","e":""},"geometry":{"type":"Polygon","coordinates":[[[-93.1125,49.05],[-93.1125,49.05417],[-93.10625,49.05417],[-93.10625,49.05],[-93.1125,49.05]]]}},{"type":"Feature","properties":{"c":"822125","o":"","e":""},"geometry":{"type":"Polygon","coordinates":[[[-93.10625,49.05],[-93.10625,49.05417],[-93.1,49.05417],[-93.1,49.05],[-93.10625,49.05]]]}},{"type":"Feature","properties":{"c":"822126","o":"","e":""},"geometry":{"type":"Polygon","coordinates":[[[-93.1,49.05],[-93.1,49.05417],[-93.09375,49.05417],[-93.09375,49.05],[-93.1,49.05]]]}},{"type":"Feature","properties":{"c":"822127","o":"","e":""},"geometry":{"type":"Polygon","coordinates":[[[-93.11875,49.05417],[-93.11875,49.05833],[-93.1125,49.05833],[-93.1125,49.05417],[-93.11875,49.05417]]]}},{"type":"Feature","properties":{"c":"822128","o":"","e":""},"geometry":{"type":"Polygon","coordinates":[[[-93.1125,49.05417],[-93.1125,49.05833],[-93.10625,49.05833],[-93.10625,49.05417],[-93.1125,49.05417]]]}},{"type":"Feature","properties":{"c":"822129","o":"","e":""},"geometry":{"type":"Polygon","coordinates":[[[-93.10625,49.05417],[-93.10625,49.05833],[-93.1,49.05833],[-93.1,49.05417],[-93.10625,49.05417]]]}},{"type":"Feature","properties":{"c":"822130","o":"","e":""},"geometry":{"type":"Polygon","coordinates":[[[-93.1,49.05417],[-93.1,49.05833],[-93.09375,49.05833],[-93.09375,49.05417],[-93.1,49.05417]]]}},{"type":"Feature","properties":{"c":"822131","o":"","e":""},"geometry":{"type":"Polygon","coordinates":[[[-93.125,49.05833],[-93.125,49.0625],[-93.11875,49.0625],[-93.11875,49.05833],[-93.125,49.05833]]]}},{"type":"Feature","properties":{"c":"822132","o":"","e":""},"geometry":{"type":"Polygon","coordinates":[[[-93.11875,49.05833],[-93.11875,49.0625],[-93.1125,49.0625],[-93.1125,49.05833],[-93.11875,49.05833]]]}},{"type":"Feature","properties":{"c":"822133","o":"","e":""},"geometry":{"type":"Polygon","coordinates":[[[-93.1125,49.05833],[-93.1125,49.0625],[-93.10625,49.0625],[-93.10625,49.05833],[-93.1125,49.05833]]]}},{"type":"Feature","properties":{"c":"822134","o":"","e":""},"geometry":{"type":"Polygon","coordinates":[[[-93.10625,49.05833],[-93.10625,49.0625],[-93.1,49.0625],[-93.1,49.05833],[-93.10625,49.05833]]]}},{"type":"Feature","properties":{"c":"822135","o":"","e":""},"geometry":{"type":"Polygon","coordinates":[[[-93.1,49.05833],[-93.1,49.0625],[-93.09375,49.0625],[-93.09375,49.05833],[-93.1,49.05833]]]}},{"type":"Feature","properties":{"c":"822136","o":"","e":""},"geometry":{"type":"Polygon","coordinates":[[[-93.09375,49.05833],[-93.09375,49.0625],[-93.0875,49.0625],[-93.0875,49.05833],[-93.09375,49.05833]]]}},{"type":"Feature","properties":{"c":"822137","o":"","e":""},"geometry":{"type":"Polygon","coordinates":[[[-93.125,49.0625],[-93.125,49.06667],[-93.11875,49.06667],[-93.11875,49.0625],[-93.125,49.0625]]]}},{"type":"Feature","properties":{"c":"822138","o":"","e":""},"geometry":{"type":"Polygon","coordinates":[[[-93.11875,49.0625],[-93.11875,49.06667],[-93.1125,49.06667],[-93.1125,49.0625],[-93.11875,49.0625]]]}},{"type":"Feature","properties":{"c":"822139","o":"","e":""},"geometry":{"type":"Polygon","coordinates":[[[-93.1125,49.0625],[-93.1125,49.06667],[-93.10625,49.06667],[-93.10625,49.0625],[-93.1125,49.0625]]]}},{"type":"Feature","properties":{"c":"1029972","o":"","e":""},"geometry":{"type":"Polygon","coordinates":[[[-93.0875,49.3375],[-93.0875,49.34167],[-93.08125,49.34167],[-93.08125,49.3375],[-93.0875,49.3375]]]}},{"type":"Feature","properties":{"c":"1029973","o":"","e":""},"geometry":{"type":"Polygon","coordinates":[[[-93.0625,49.33333],[-93.0625,49.3375],[-93.05625,49.3375],[-93.05625,49.33333],[-93.0625,49.33333]]]}},{"type":"Feature","properties":{"c":"1029974","o":"","e":""},"geometry":{"type":"Polygon","coordinates":[[[-93.09375,49.33333],[-93.09375,49.3375],[-93.0875,49.3375],[-93.0875,49.33333],[-93.09375,49.33333]]]}},{"type":"Feature","properties":{"c":"1029975","o":"","e":""},"geometry":{"type":"Polygon","coordinates":[[[-93.09375,49.34583],[-93.09375,49.35],[-93.0875,49.35],[-93.0875,49.34583],[-93.09375,49.34583]]]}},{"type":"Feature","properties":{"c":"1029976","o":"","e":""},"geometry":{"type":"Polygon","coordinates":[[[-93.06875,49.33333],[-93.06875,49.3375],[-93.0625,49.3375],[-93.0625,49.33333],[-93.06875,49.33333]]]}},{"type":"Feature","properties":{"c":"1029977","o":"","e":""},"geometry":{"type":"Polygon","coordinates":[[[-93.06875,49.3375],[-93.06875,49.34167],[-93.0625,49.34167],[-93.0625,49.3375],[-93.06875,49.3375]]]}},{"type":"Feature","properties":{"c":"1029978","o":"","e":""},"geometry":{"type":"Polygon","coordinates":[[[-93.0875,49.34167],[-93.0875,49.34583],[-93.08125,49.34583],[-93.08125,49.34167],[-93.0875,49.34167]]]}},{"type":"Feature","properties":{"c":"1029979","o":"","e":""},"geometry":{"type":"Polygon","coordinates":[[[-93.09375,49.35417],[-93.09375,49.35833],[-93.0875,49.35833],[-93.0875,49.35417],[-93.09375,49.35417]]]}},{"type":"Feature","properties":{"c":"1030051","o":"","e":""},"geometry":{"type":"Polygon","coordinates":[[[-93.05625,49.36667],[-93.05625,49.37083],[-93.05,49.37083],[-93.05,49.36667],[-93.05625,49.36667]]]}},{"type":"Feature","properties":{"c":"1030052","o":"","e":""},"geometry":{"type":"Polygon","coordinates":[[[-93.05,49.36667],[-93.05,49.37083],[-93.04375,49.37083],[-93.04375,49.36667],[-93.05,49.36667]]]}},{"type":"Feature","properties":{"c":"1030053","o":"","e":""},"geometry":{"type":"Polygon","coordinates":[[[-93.04375,49.36667],[-93.04375,49.37083],[-93.0375,49.37083],[-93.0375,49.36667],[-93.04375,49.36667]]]}},{"type":"Feature","properties":{"c":"1030054","o":"","e":""},"geometry":{"type":"Polygon","coordinates":[[[-93.0375,49.36667],[-93.0375,49.37083],[-93.03125,49.37083],[-93.03125,49.36667],[-93.0375,49.36667]]]}},{"type":"Feature","properties":{"c":"1030055","o":"","e":""},"geometry":{"type":"Polygon","coordinates":[[[-93.08125,49.3625],[-93.08125,49.36667],[-93.075,49.36667],[-93.075,49.3625],[-93.08125,49.3625]]]}},{"type":"Feature","properties":{"c":"1030056","o":"","e":""},"geometry":{"type":"Polygon","coordinates":[[[-93.075,49.3625],[-93.075,49.36667],[-93.06875,49.36667],[-93.06875,49.3625],[-93.075,49.3625]]]}},{"type":"Feature","properties":{"c":"1030057","o":"","e":""},"geometry":{"type":"Polygon","coordinates":[[[-93.06875,49.3625],[-93.06875,49.36667],[-93.0625,49.36667],[-93.0625,49.3625],[-93.06875,49.3625]]]}},{"type":"Feature","properties":{"c":"1030058","o":"","e":""},"geometry":{"type":"Polygon","coordinates":[[[-93.0625,49.3625],[-93.0625,49.36667],[-93.05625,49.36667],[-93.05625,49.3625],[-93.0625,49.3625]]]}},{"type":"Feature","properties":{"c":"1030059","o":"","e":""},"geometry":{"type":"Polygon","coordinates":[[[-93.05625,49.3625],[-93.05625,49.36667],[-93.05,49.36667],[-93.05,49.3625],[-93.05625,49.3625]]]}},{"type":"Feature","properties":{"c":"1030060","o":"","e":""},"geometry":{"type":"Polygon","coordinates":[[[-93.05,49.3625],[-93.05,49.36667],[-93.04375,49.36667],[-93.04375,49.3625],[-93.05,49.3625]]]}},{"type":"Feature","properties":{"c":"1030061","o":"","e":""},"geometry":{"type":"Polygon","coordinates":[[[-93.04375,49.3625],[-93.04375,49.36667],[-93.0375,49.36667],[-93.0375,49.3625],[-93.04375,49.3625]]]}},{"type":"Feature","properties":{"c":"1030062","o":"","e":""},"geometry":{"type":"Polygon","coordinates":[[[-93.0375,49.3625],[-93.0375,49.36667],[-93.03125,49.36667],[-93.03125,49.3625],[-93.0375,49.3625]]]}},{"type":"Feature","properties":{"c":"1030063","o":"","e":""},"geometry":{"type":"Polygon","coordinates":[[[-93.08125,49.35833],[-93.08125,49.3625],[-93.075,49.3625],[-93.075,49.35833],[-93.08125,49.35833]]]}},{"type":"Feature","properties":{"c":"1030064","o":"","e":""},"geometry":{"type":"Polygon","coordinates":[[[-93.075,49.35833],[-93.075,49.3625],[-93.06875,49.3625],[-93.06875,49.35833],[-93.075,49.35833]]]}},{"type":"Feature","properties":{"c":"1030065","o":"","e":""},"geometry":{"type":"Polygon","coordinates":[[[-93.06875,49.35833],[-93.06875,49.3625],[-93.0625,49.3625],[-93.0625,49.35833],[-93.06875,49.35833]]]}},{"type":"Feature","properties":{"c":"1030066","o":"","e":""},"geometry":{"type":"Polygon","coordinates":[[[-93.0625,49.35833],[-93.0625,49.3625],[-93.05625,49.3625],[-93.05625,49.35833],[-93.0625,49.35833]]]}},{"type":"Feature","properties":{"c":"1030067","o":"","e":""},"geometry":{"type":"Polygon","coordinates":[[[-93.05625,49.35833],[-93.05625,49.3625],[-93.05,49.3625],[-93.05,49.35833],[-93.05625,49.35833]]]}},{"type":"Feature","properties":{"c":"1030068","o":"","e":""},"geometry":{"type":"Polygon","coordinates":[[[-93.05,49.35833],[-93.05,49.3625],[-93.04375,49.3625],[-93.04375,49.35833],[-93.05,49.35833]]]}},{"type":"Feature","properties":{"c":"1030069","o":"","e":""},"geometry":{"type":"Polygon","coordinates":[[[-93.04375,49.35833],[-93.04375,49.3625],[-93.0375,49.3625],[-93.0375,49.35833],[-93.04375,49.35833]]]}},{"type":"Feature","properties":{"c":"965120","o":"","e":""},"geometry":{"type":"Polygon","coordinates":[[[-93.4625,49.24167],[-93.4625,49.24583],[-93.45625,49.24583],[-93.45625,49.24167],[-93.4625,49.24167]]]}},{"type":"Feature","properties":{"c":"965121","o":"","e":""},"geometry":{"type":"Polygon","coordinates":[[[-93.44375,49.2375],[-93.44375,49.24167],[-93.4375,49.24167],[-93.4375,49.2375],[-93.44375,49.2375]]]}},{"type":"Feature","properties":{"c":"965122","o":"","e":""},"geometry":{"type":"Polygon","coordinates":[[[-93.4375,49.2375],[-93.4375,49.24167],[-93.43125,49.24167],[-93.43125,49.2375],[-93.4375,49.2375]]]}},{"type":"Feature","properties":{"c":"965123","o":"","e":""},"geometry":{"type":"Polygon","coordinates":[[[-93.4375,49.25],[-93.4375,49.25417],[-93.43125,49.25417],[-93.43125,49.25],[-93.4375,49.25]]]}},{"type":"Feature","properties":{"c":"965124","o":"","e":""},"geometry":{"type":"Polygon","coordinates":[[[-93.46875,49.24167],[-93.46875,49.24583],[-93.4625,49.24583],[-93.4625,49.24167],[-93.46875,49.24167]]]}},{"type":"Feature","properties":{"c":"965125","o":"","e":""},"geometry":{"type":"Polygon","coordinates":[[[-93.44375,49.25],[-93.44375,49.25417],[-93.4375,49.25417],[-93.4375,49.25],[-93.44375,49.25]]]}},{"type":"Feature","properties":{"c":"965126","o":"","e":""},"geometry":{"type":"Polygon","coordinates":[[[-93.4375,49.24167],[-93.4375,49.24583],[-93.43125,49.24583],[-93.43125,49.24167],[-93.4375,49.24167]]]}},{"type":"Feature","properties":{"c":"965127","o":"","e":""},"geometry":{"type":"Polygon","coordinates":[[[-93.4375,49.24583],[-93.4375,49.25],[-93.43125,49.25],[-93.43125,49.24583],[-93.4375,49.24583]]]}},{"type":"Feature","properties":{"c":"965128","o":"","e":""},"geometry":{"type":"Polygon","coordinates":[[[-93.45,49.24167],[-93.45,49.24583],[-93.44375,49.24583],[-93.44375,49.24167],[-93.45,49.24167]]]}},{"type":"Feature","properties":{"c":"965129","o":"","e":""},"geometry":{"type":"Polygon","coordinates":[[[-93.44375,49.24583],[-93.44375,49.25],[-93.4375,49.25],[-93.4375,49.24583],[-93.44375,49.24583]]]}},{"type":"Feature","properties":{"c":"965130","o":"","e":""},"geometry":{"type":"Polygon","coordinates":[[[-93.43125,49.24583],[-93.43125,49.25],[-93.425,49.25],[-93.425,49.24583],[-93.43125,49.24583]]]}},{"type":"Feature","properties":{"c":"965131","o":"","e":""},"geometry":{"type":"Polygon","coordinates":[[[-93.4625,49.24583],[-93.4625,49.25],[-93.45625,49.25],[-93.45625,49.24583],[-93.4625,49.24583]]]}},{"type":"Feature","properties":{"c":"965132","o":"","e":""},"geometry":{"type":"Polygon","coordinates":[[[-93.4625,49.25],[-93.4625,49.25417],[-93.45625,49.25417],[-93.45625,49.25],[-93.4625,49.25]]]}},{"type":"Feature","properties":{"c":"965133","o":"","e":""},"geometry":{"type":"Polygon","coordinates":[[[-93.46875,49.24583],[-93.46875,49.25],[-93.4625,49.25],[-93.4625,49.24583],[-93.46875,49.24583]]]}},{"type":"Feature","properties":{"c":"965134","o":"","e":""},"geometry":{"type":"Polygon","coordinates":[[[-93.425,49.23333],[-93.425,49.2375],[-93.41875,49.2375],[-93.41875,49.23333],[-93.425,49.23333]]]}},{"type":"Feature","properties":{"c":"965135","o":"","e":""},"geometry":{"type":"Polygon","coordinates":[[[-93.41875,49.24583],[-93.41875,49.25],[-93.4125,49.25],[-93.4125,49.24583],[-93.41875,49.24583]]]}},{"type":"Feature","properties":{"c":"965136","o":"","e":""},"geometry":{"type":"Polygon","coordinates":[[[-93.4125,49.23333],[-93.4125,49.2375],[-93.40625,49.2375],[-93.40625,49.23333],[-93.4125,49.23333]]]}},{"type":"Feature","properties":{"c":"965137","o":"","e":""},"geometry":{"type":"Polygon","coordinates":[[[-93.4125,49.24583],[-93.4125,49.25],[-93.40625,49.25],[-93.40625,49.24583],[-93.4125,49.24583]]]}},{"type":"Feature","properties":{"c":"965138","o":"","e":""},"geometry":{"type":"Polygon","coordinates":[[[-93.41875,49.23333],[-93.41875,49.2375],[-93.4125,49.2375],[-93.4125,49.23333],[-93.41875,49.23333]]]}},{"type":"Feature","properties":{"c":"965139","o":"","e":""},"geometry":{"type":"Polygon","coordinates":[[[-93.41875,49.24167],[-93.41875,49.24583],[-93.4125,49.24583],[-93.4125,49.24167],[-93.41875,49.24167]]]}},{"type":"Feature","properties":{"c":"965140","o":"","e":""},"geometry":{"type":"Polygon","coordinates":[[[-93.43125,49.23333],[-93.43125,49.2375],[-93.425,49.2375],[-93.425,49.23333],[-93.43125,49.23333]]]}},{"type":"Feature","properties":{"c":"965141","o":"","e":""},"geometry":{"type":"Polygon","coordinates":[[[-93.4125,49.24167],[-93.4125,49.24583],[-93.40625,49.24583],[-93.40625,49.24167],[-93.4125,49.24167]]]}},{"type":"Feature","properties":{"c":"965142","o":"","e":""},"geometry":{"type":"Polygon","coordinates":[[[-93.4125,49.2375],[-93.4125,49.24167],[-93.40625,49.24167],[-93.40625,49.2375],[-93.4125,49.2375]]]}},{"type":"Feature","properties":{"c":"965143","o":"","e":""},"geometry":{"type":"Polygon","coordinates":[[[-93.425,49.2375],[-93.425,49.24167],[-93.41875,49.24167],[-93.41875,49.2375],[-93.425,49.2375]]]}},{"type":"Feature","properties":{"c":"965144","o":"","e":""},"geometry":{"type":"Polygon","coordinates":[[[-93.425,49.24167],[-93.425,49.24583],[-93.41875,49.24583],[-93.41875,49.24167],[-93.425,49.24167]]]}},{"type":"Feature","properties":{"c":"965145","o":"","e":""},"geometry":{"type":"Polygon","coordinates":[[[-93.425,49.24583],[-93.425,49.25],[-93.41875,49.25],[-93.41875,49.24583],[-93.425,49.24583]]]}},{"type":"Feature","properties":{"c":"965146","o":"","e":""},"geometry":{"type":"Polygon","coordinates":[[[-93.41875,49.2375],[-93.41875,49.24167],[-93.4125,49.24167],[-93.4125,49.2375],[-93.41875,49.2375]]]}},{"type":"Feature","properties":{"c":"965147","o":"","e":""},"geometry":{"type":"Polygon","coordinates":[[[-93.45625,49.25417],[-93.45625,49.25833],[-93.45,49.25833],[-93.45,49.25417],[-93.45625,49.25417]]]}},{"type":"Feature","properties":{"c":"965148","o":"","e":""},"geometry":{"type":"Polygon","coordinates":[[[-93.45625,49.25833],[-93.45625,49.2625],[-93.45,49.2625],[-93.45,49.25833],[-93.45625,49.25833]]]}},{"type":"Feature","properties":{"c":"1029980","o":"","e":""},"geometry":{"type":"Polygon","coordinates":[[[-93.05,49.33333],[-93.05,49.3375],[-93.04375,49.3375],[-93.04375,49.33333],[-93.05,49.33333]]]}},{"type":"Feature","properties":{"c":"1030070","o":"","e":""},"geometry":{"type":"Polygon","coordinates":[[[-93.0375,49.35833],[-93.0375,49.3625],[-93.03125,49.3625],[-93.03125,49.35833],[-93.0375,49.35833]]]}},{"type":"Feature","properties":{"c":"1029951","o":"","e":""},"geometry":{"type":"Polygon","coordinates":[[[-93.08125,49.3375],[-93.08125,49.34167],[-93.075,49.34167],[-93.075,49.3375],[-93.08125,49.3375]]]}},{"type":"Feature","properties":{"c":"1029952","o":"","e":""},"geometry":{"type":"Polygon","coordinates":[[[-93.0625,49.3375],[-93.0625,49.34167],[-93.05625,49.34167],[-93.05625,49.3375],[-93.0625,49.3375]]]}},{"type":"Feature","properties":{"c":"1029953","o":"","e":""},"geometry":{"type":"Polygon","coordinates":[[[-93.0875,49.33333],[-93.0875,49.3375],[-93.08125,49.3375],[-93.08125,49.33333],[-93.0875,49.33333]]]}},{"type":"Feature","properties":{"c":"1029954","o":"","e":""},"geometry":{"type":"Polygon","coordinates":[[[-93.0875,49.34583],[-93.0875,49.35],[-93.08125,49.35],[-93.08125,49.34583],[-93.0875,49.34583]]]}},{"type":"Feature","properties":{"c":"1029955","o":"","e":""},"geometry":{"type":"Polygon","coordinates":[[[-93.075,49.33333],[-93.075,49.3375],[-93.06875,49.3375],[-93.06875,49.33333],[-93.075,49.33333]]]}},{"type":"Feature","properties":{"c":"1029956","o":"","e":""},"geometry":{"type":"Polygon","coordinates":[[[-93.075,49.3375],[-93.075,49.34167],[-93.06875,49.34167],[-93.06875,49.3375],[-93.075,49.3375]]]}},{"type":"Feature","properties":{"c":"1029957","o":"","e":""},"geometry":{"type":"Polygon","coordinates":[[[-93.04375,49.34583],[-93.04375,49.35],[-93.0375,49.35],[-93.0375,49.34583],[-93.04375,49.34583]]]}},{"type":"Feature","properties":{"c":"1029958","o":"","e":""},"geometry":{"type":"Polygon","coordinates":[[[-93.09375,49.3375],[-93.09375,49.34167],[-93.0875,49.34167],[-93.0875,49.3375],[-93.09375,49.3375]]]}},{"type":"Feature","properties":{"c":"1029959","o":"","e":""},"geometry":{"type":"Polygon","coordinates":[[[-93.0875,49.35],[-93.0875,49.35417],[-93.08125,49.35417],[-93.08125,49.35],[-93.0875,49.35]]]}},{"type":"Feature","properties":{"c":"1029960","o":"","e":""},"geometry":{"type":"Polygon","coordinates":[[[-93.05625,49.33333],[-93.05625,49.3375],[-93.05,49.3375],[-93.05,49.33333],[-93.05625,49.33333]]]}},{"type":"Feature","properties":{"c":"1029961","o":"","e":""},"geometry":{"type":"Polygon","coordinates":[[[-93.04375,49.3375],[-93.04375,49.34167],[-93.0375,49.34167],[-93.0375,49.3375],[-93.04375,49.3375]]]}},{"type":"Feature","properties":{"c":"1029962","o":"","e":""},"geometry":{"type":"Polygon","coordinates":[[[-93.04375,49.35],[-93.04375,49.35417],[-93.0375,49.35417],[-93.0375,49.35],[-93.04375,49.35]]]}},{"type":"Feature","properties":{"c":"1029963","o":"","e":""},"geometry":{"type":"Polygon","coordinates":[[[-93.04375,49.35417],[-93.04375,49.35833],[-93.0375,49.35833],[-93.0375,49.35417],[-93.04375,49.35417]]]}},{"type":"Feature","properties":{"c":"1029964","o":"","e":""},"geometry":{"type":"Polygon","coordinates":[[[-93.09375,49.34167],[-93.09375,49.34583],[-93.0875,49.34583],[-93.0875,49.34167],[-93.09375,49.34167]]]}},{"type":"Feature","properties":{"c":"1029965","o":"","e":""},"geometry":{"type":"Polygon","coordinates":[[[-93.05,49.3375],[-93.05,49.34167],[-93.04375,49.34167],[-93.04375,49.3375],[-93.05,49.3375]]]}},{"type":"Feature","properties":{"c":"1029966","o":"","e":""},"geometry":{"type":"Polygon","coordinates":[[[-93.04375,49.33333],[-93.04375,49.3375],[-93.0375,49.3375],[-93.0375,49.33333],[-93.04375,49.33333]]]}},{"type":"Feature","properties":{"c":"1029967","o":"","e":""},"geometry":{"type":"Polygon","coordinates":[[[-93.04375,49.34167],[-93.04375,49.34583],[-93.0375,49.34583],[-93.0375,49.34167],[-93.04375,49.34167]]]}},{"type":"Feature","properties":{"c":"1029968","o":"","e":""},"geometry":{"type":"Polygon","coordinates":[[[-93.09375,49.35],[-93.09375,49.35417],[-93.0875,49.35417],[-93.0875,49.35],[-93.09375,49.35]]]}},{"type":"Feature","properties":{"c":"1029969","o":"","e":""},"geometry":{"type":"Polygon","coordinates":[[[-93.0875,49.35417],[-93.0875,49.35833],[-93.08125,49.35833],[-93.08125,49.35417],[-93.0875,49.35417]]]}},{"type":"Feature","properties":{"c":"1029970","o":"","e":""},"geometry":{"type":"Polygon","coordinates":[[[-93.08125,49.33333],[-93.08125,49.3375],[-93.075,49.3375],[-93.075,49.33333],[-93.08125,49.33333]]]}},{"type":"Feature","properties":{"c":"1029971","o":"","e":""},"geometry":{"type":"Polygon","coordinates":[[[-93.05625,49.3375],[-93.05625,49.34167],[-93.05,49.34167],[-93.05,49.3375],[-93.05625,49.3375]]]}},{"type":"Feature","properties":{"c":"1030040","o":"","e":""},"geometry":{"type":"Polygon","coordinates":[[[-93.075,49.37083],[-93.075,49.375],[-93.06875,49.375],[-93.06875,49.37083],[-93.075,49.37083]]]}},{"type":"Feature","properties":{"c":"1030041","o":"","e":""},"geometry":{"type":"Polygon","coordinates":[[[-93.06875,49.37083],[-93.06875,49.375],[-93.0625,49.375],[-93.0625,49.37083],[-93.06875,49.37083]]]}},{"type":"Feature","properties":{"c":"1030042","o":"","e":""},"geometry":{"type":"Polygon","coordinates":[[[-93.0625,49.37083],[-93.0625,49.375],[-93.05625,49.375],[-93.05625,49.37083],[-93.0625,49.37083]]]}},{"type":"Feature","properties":{"c":"1030043","o":"","e":""},"geometry":{"type":"Polygon","coordinates":[[[-93.05625,49.37083],[-93.05625,49.375],[-93.05,49.375],[-93.05,49.37083],[-93.05625,49.37083]]]}},{"type":"Feature","properties":{"c":"1030044","o":"","e":""},"geometry":{"type":"Polygon","coordinates":[[[-93.05,49.37083],[-93.05,49.375],[-93.04375,49.375],[-93.04375,49.37083],[-93.05,49.37083]]]}},{"type":"Feature","properties":{"c":"1030045","o":"","e":""},"geometry":{"type":"Polygon","coordinates":[[[-93.04375,49.37083],[-93.04375,49.375],[-93.0375,49.375],[-93.0375,49.37083],[-93.04375,49.37083]]]}},{"type":"Feature","properties":{"c":"1030046","o":"","e":""},"geometry":{"type":"Polygon","coordinates":[[[-93.0375,49.37083],[-93.0375,49.375],[-93.03125,49.375],[-93.03125,49.37083],[-93.0375,49.37083]]]}},{"type":"Feature","properties":{"c":"1030047","o":"","e":""},"geometry":{"type":"Polygon","coordinates":[[[-93.08125,49.36667],[-93.08125,49.37083],[-93.075,49.37083],[-93.075,49.36667],[-93.08125,49.36667]]]}},{"type":"Feature","properties":{"c":"1030048","o":"","e":""},"geometry":{"type":"Polygon","coordinates":[[[-93.075,49.36667],[-93.075,49.37083],[-93.06875,49.37083],[-93.06875,49.36667],[-93.075,49.36667]]]}},{"type":"Feature","properties":{"c":"1030049","o":"","e":""},"geometry":{"type":"Polygon","coordinates":[[[-93.06875,49.36667],[-93.06875,49.37083],[-93.0625,49.37083],[-93.0625,49.36667],[-93.06875,49.36667]]]}},{"type":"Feature","properties":{"c":"1030050","o":"","e":""},"geometry":{"type":"Polygon","coordinates":[[[-93.0625,49.36667],[-93.0625,49.37083],[-93.05625,49.37083],[-93.05625,49.36667],[-93.0625,49.36667]]]}},{"type":"Feature","properties":{"c":"1029877","o":"","e":""},"geometry":{"type":"Polygon","coordinates":[[[-93.06875,49.35417],[-93.06875,49.35833],[-93.0625,49.35833],[-93.0625,49.35417],[-93.06875,49.35417]]]}},{"type":"Feature","properties":{"c":"1029878","o":"","e":""},"geometry":{"type":"Polygon","coordinates":[[[-93.0625,49.34583],[-93.0625,49.35],[-93.05625,49.35],[-93.05625,49.34583],[-93.0625,49.34583]]]}},{"type":"Feature","properties":{"c":"1029879","o":"","e":""},"geometry":{"type":"Polygon","coordinates":[[[-93.05625,49.35417],[-93.05625,49.35833],[-93.05,49.35833],[-93.05,49.35417],[-93.05625,49.35417]]]}},{"type":"Feature","properties":{"c":"1029880","o":"","e":""},"geometry":{"type":"Polygon","coordinates":[[[-93.08125,49.35417],[-93.08125,49.35833],[-93.075,49.35833],[-93.075,49.35417],[-93.08125,49.35417]]]}},{"type":"Feature","properties":{"c":"1029881","o":"","e":""},"geometry":{"type":"Polygon","coordinates":[[[-93.06875,49.34167],[-93.06875,49.34583],[-93.0625,49.34583],[-93.0625,49.34167],[-93.06875,49.34167]]]}},{"type":"Feature","properties":{"c":"1029882","o":"","e":""},"geometry":{"type":"Polygon","coordinates":[[[-93.06875,49.34583],[-93.06875,49.35],[-93.0625,49.35],[-93.0625,49.34583],[-93.06875,49.34583]]]}},{"type":"Feature","properties":{"c":"1029883","o":"","e":""},"geometry":{"type":"Polygon","coordinates":[[[-93.06875,49.35],[-93.06875,49.35417],[-93.0625,49.35417],[-93.0625,49.35],[-93.06875,49.35]]]}},{"type":"Feature","properties":{"c":"1029884","o":"","e":""},"geometry":{"type":"Polygon","coordinates":[[[-93.08125,49.35],[-93.08125,49.35417],[-93.075,49.35417],[-93.075,49.35],[-93.08125,49.35]]]}},{"type":"Feature","properties":{"c":"1029885","o":"","e":""},"geometry":{"type":"Polygon","coordinates":[[[-93.075,49.34583],[-93.075,49.35],[-93.06875,49.35],[-93.06875,49.34583],[-93.075,49.34583]]]}},{"type":"Feature","properties":{"c":"1029886","o":"","e":""},"geometry":{"type":"Polygon","coordinates":[[[-93.05625,49.34583],[-93.05625,49.35],[-93.05,49.35],[-93.05,49.34583],[-93.05625,49.34583]]]}},{"type":"Feature","properties":{"c":"1029887","o":"","e":""},"geometry":{"type":"Polygon","coordinates":[[[-93.05,49.35417],[-93.05,49.35833],[-93.04375,49.35833],[-93.04375,49.35417],[-93.05,49.35417]]]}},{"type":"Feature","properties":{"c":"1029888","o":"","e":""},"geometry":{"type":"Polygon","coordinates":[[[-93.08125,49.34583],[-93.08125,49.35],[-93.075,49.35],[-93.075,49.34583],[-93.08125,49.34583]]]}},{"type":"Feature","properties":{"c":"1029889","o":"","e":""},"geometry":{"type":"Polygon","coordinates":[[[-93.075,49.34167],[-93.075,49.34583],[-93.06875,49.34583],[-93.06875,49.34167],[-93.075,49.34167]]]}},{"type":"Feature","properties":{"c":"1029890","o":"","e":""},"geometry":{"type":"Polygon","coordinates":[[[-93.05625,49.34167],[-93.05625,49.34583],[-93.05,49.34583],[-93.05,49.34167],[-93.05625,49.34167]]]}},{"type":"Feature","properties":{"c":"1029891","o":"","e":""},"geometry":{"type":"Polygon","coordinates":[[[-93.05,49.34167],[-93.05,49.34583],[-93.04375,49.34583],[-93.04375,49.34167],[-93.05,49.34167]]]}},{"type":"Feature","properties":{"c":"1029893","o":"","e":""},"geometry":{"type":"Polygon","coordinates":[[[-93.075,49.35],[-93.075,49.35417],[-93.06875,49.35417],[-93.06875,49.35],[-93.075,49.35]]]}},{"type":"Feature","properties":{"c":"1029894","o":"","e":""},"geometry":{"type":"Polygon","coordinates":[[[-93.0625,49.35],[-93.0625,49.35417],[-93.05625,49.35417],[-93.05625,49.35],[-93.0625,49.35]]]}},{"type":"Feature","properties":{"c":"1029896","o":"","e":""},"geometry":{"type":"Polygon","coordinates":[[[-93.05,49.35],[-93.05,49.35417],[-93.04375,49.35417],[-93.04375,49.35],[-93.05,49.35]]]}},{"type":"Feature","properties":{"c":"1029898","o":"","e":""},"geometry":{"type":"Polygon","coordinates":[[[-93.08125,49.34167],[-93.08125,49.34583],[-93.075,49.34583],[-93.075,49.34167],[-93.08125,49.34167]]]}},{"type":"Feature","properties":{"c":"1029900","o":"","e":""},"geometry":{"type":"Polygon","coordinates":[[[-93.075,49.35417],[-93.075,49.35833],[-93.06875,49.35833],[-93.06875,49.35417],[-93.075,49.35417]]]}},{"type":"Feature","properties":{"c":"1029902","o":"","e":""},"geometry":{"type":"Polygon","coordinates":[[[-93.05625,49.35],[-93.05625,49.35417],[-93.05,49.35417],[-93.05,49.35],[-93.05625,49.35]]]}},{"type":"Feature","properties":{"c":"1029905","o":"","e":""},"geometry":{"type":"Polygon","coordinates":[[[-93.0625,49.34167],[-93.0625,49.34583],[-93.05625,49.34583],[-93.05625,49.34167],[-93.0625,49.34167]]]}},{"type":"Feature","properties":{"c":"1029907","o":"","e":""},"geometry":{"type":"Polygon","coordinates":[[[-93.0625,49.35417],[-93.0625,49.35833],[-93.05625,49.35833],[-93.05625,49.35417],[-93.0625,49.35417]]]}},{"type":"Feature","properties":{"c":"1029909","o":"","e":""},"geometry":{"type":"Polygon","coordinates":[[[-93.05,49.34583],[-93.05,49.35],[-93.04375,49.35],[-93.04375,49.34583],[-93.05,49.34583]]]}},{"type":"Feature","properties":{"c":"818462","o":"","e":""},"geometry":{"type":"Polygon","coordinates":[[[-93.48125,49.075],[-93.48125,49.07917],[-93.475,49.07917],[-93.475,49.075],[-93.48125,49.075]]]}},{"type":"Feature","properties":{"c":"818463","o":"","e":""},"geometry":{"type":"Polygon","coordinates":[[[-93.475,49.075],[-93.475,49.07917],[-93.46875,49.07917],[-93.46875,49.075],[-93.475,49.075]]]}},{"type":"Feature","properties":{"c":"818464","o":"","e":""},"geometry":{"type":"Polygon","coordinates":[[[-93.46875,49.075],[-93.46875,49.07917],[-93.4625,49.07917],[-93.4625,49.075],[-93.46875,49.075]]]}},{"type":"Feature","properties":{"c":"818465","o":"","e":""},"geometry":{"type":"Polygon","coordinates":[[[-93.4625,49.075],[-93.4625,49.07917],[-93.45625,49.07917],[-93.45625,49.075],[-93.4625,49.075]]]}},{"type":"Feature","properties":{"c":"818466","o":"","e":""},"geometry":{"type":"Polygon","coordinates":[[[-93.45625,49.075],[-93.45625,49.07917],[-93.45,49.07917],[-93.45,49.075],[-93.45625,49.075]]]}},{"type":"Feature","properties":{"c":"818467","o":"","e":""},"geometry":{"type":"Polygon","coordinates":[[[-93.45,49.075],[-93.45,49.07917],[-93.44375,49.07917],[-93.44375,49.075],[-93.45,49.075]]]}},{"type":"Feature","properties":{"c":"818468","o":"","e":""},"geometry":{"type":"Polygon","coordinates":[[[-93.44375,49.075],[-93.44375,49.07917],[-93.4375,49.07917],[-93.4375,49.075],[-93.44375,49.075]]]}},{"type":"Feature","properties":{"c":"818476","o":"","e":""},"geometry":{"type":"Polygon","coordinates":[[[-93.39375,49.075],[-93.39375,49.07917],[-93.3875,49.07917],[-93.3875,49.075],[-93.39375,49.075]]]}},{"type":"Feature","properties":{"c":"818477","o":"","e":""},"geometry":{"type":"Polygon","coordinates":[[[-93.3875,49.075],[-93.3875,49.07917],[-93.38125,49.07917],[-93.38125,49.075],[-93.3875,49.075]]]}},{"type":"Feature","properties":{"c":"818478","o":"","e":""},"geometry":{"type":"Polygon","coordinates":[[[-93.38125,49.075],[-93.38125,49.07917],[-93.375,49.07917],[-93.375,49.075],[-93.38125,49.075]]]}},{"type":"Feature","properties":{"c":"818479","o":"","e":""},"geometry":{"type":"Polygon","coordinates":[[[-93.375,49.075],[-93.375,49.07917],[-93.36875,49.07917],[-93.36875,49.075],[-93.375,49.075]]]}},{"type":"Feature","properties":{"c":"818480","o":"","e":""},"geometry":{"type":"Polygon","coordinates":[[[-93.36875,49.075],[-93.36875,49.07917],[-93.3625,49.07917],[-93.3625,49.075],[-93.36875,49.075]]]}},{"type":"Feature","properties":{"c":"818481","o":"","e":""},"geometry":{"type":"Polygon","coordinates":[[[-93.425,49.07917],[-93.425,49.08333],[-93.41875,49.08333],[-93.41875,49.07917],[-93.425,49.07917]]]}},{"type":"Feature","properties":{"c":"818482","o":"","e":""},"geometry":{"type":"Polygon","coordinates":[[[-93.41875,49.07917],[-93.41875,49.08333],[-93.4125,49.08333],[-93.4125,49.07917],[-93.41875,49.07917]]]}},{"type":"Feature","properties":{"c":"818483","o":"","e":""},"geometry":{"type":"Polygon","coordinates":[[[-93.4125,49.07917],[-93.4125,49.08333],[-93.40625,49.08333],[-93.40625,49.07917],[-93.4125,49.07917]]]}},{"type":"Feature","properties":{"c":"818484","o":"","e":""},"geometry":{"type":"Polygon","coordinates":[[[-93.40625,49.07917],[-93.40625,49.08333],[-93.4,49.08333],[-93.4,49.07917],[-93.40625,49.07917]]]}},{"type":"Feature","properties":{"c":"818485","o":"","e":""},"geometry":{"type":"Polygon","coordinates":[[[-93.4,49.07917],[-93.4,49.08333],[-93.39375,49.08333],[-93.39375,49.07917],[-93.4,49.07917]]]}},{"type":"Feature","properties":{"c":"818486","o":"","e":""},"geometry":{"type":"Polygon","coordinates":[[[-93.39375,49.07917],[-93.39375,49.08333],[-93.3875,49.08333],[-93.3875,49.07917],[-93.39375,49.07917]]]}},{"type":"Feature","properties":{"c":"818487","o":"","e":""},"geometry":{"type":"Polygon","coordinates":[[[-93.3875,49.07917],[-93.3875,49.08333],[-93.38125,49.08333],[-93.38125,49.07917],[-93.3875,49.07917]]]}},{"type":"Feature","properties":{"c":"818488","o":"","e":""},"geometry":{"type":"Polygon","coordinates":[[[-93.38125,49.07917],[-93.38125,49.08333],[-93.375,49.08333],[-93.375,49.07917],[-93.38125,49.07917]]]}},{"type":"Feature","properties":{"c":"818489","o":"","e":""},"geometry":{"type":"Polygon","coordinates":[[[-93.375,49.07917],[-93.375,49.08333],[-93.36875,49.08333],[-93.36875,49.07917],[-93.375,49.07917]]]}},{"type":"Feature","properties":{"c":"818490","o":"","e":""},"geometry":{"type":"Polygon","coordinates":[[[-93.36875,49.07917],[-93.36875,49.08333],[-93.3625,49.08333],[-93.3625,49.07917],[-93.36875,49.07917]]]}},{"type":"Feature","properties":{"c":"818491","o":"","e":""},"geometry":{"type":"Polygon","coordinates":[[[-93.3625,49.07917],[-93.3625,49.08333],[-93.35625,49.08333],[-93.35625,49.07917],[-93.3625,49.07917]]]}},{"type":"Feature","properties":{"c":"818492","o":"","e":""},"geometry":{"type":"Polygon","coordinates":[[[-93.39375,49.08333],[-93.39375,49.0875],[-93.3875,49.0875],[-93.3875,49.08333],[-93.39375,49.08333]]]}},{"type":"Feature","properties":{"c":"818493","o":"","e":""},"geometry":{"type":"Polygon","coordinates":[[[-93.3875,49.08333],[-93.3875,49.0875],[-93.38125,49.0875],[-93.38125,49.08333],[-93.3875,49.08333]]]}},{"type":"Feature","properties":{"c":"818494","o":"","e":""},"geometry":{"type":"Polygon","coordinates":[[[-93.38125,49.08333],[-93.38125,49.0875],[-93.375,49.0875],[-93.375,49.08333],[-93.38125,49.08333]]]}},{"type":"Feature","properties":{"c":"818495","o":"","e":""},"geometry":{"type":"Polygon","coordinates":[[[-93.375,49.08333],[-93.375,49.0875],[-93.36875,49.0875],[-93.36875,49.08333],[-93.375,49.08333]]]}},{"type":"Feature","properties":{"c":"818496","o":"","e":""},"geometry":{"type":"Polygon","coordinates":[[[-93.36875,49.08333],[-93.36875,49.0875],[-93.3625,49.0875],[-93.3625,49.08333],[-93.36875,49.08333]]]}},{"type":"Feature","properties":{"c":"818497","o":"","e":""},"geometry":{"type":"Polygon","coordinates":[[[-93.3625,49.08333],[-93.3625,49.0875],[-93.35625,49.0875],[-93.35625,49.08333],[-93.3625,49.08333]]]}},{"type":"Feature","properties":{"c":"818244","o":"","e":""},"geometry":{"type":"Polygon","coordinates":[[[-93.40625,49.1125],[-93.40625,49.11667],[-93.4,49.11667],[-93.4,49.1125],[-93.40625,49.1125]]]}},{"type":"Feature","properties":{"c":"818245","o":"","e":""},"geometry":{"type":"Polygon","coordinates":[[[-93.4,49.1125],[-93.4,49.11667],[-93.39375,49.11667],[-93.39375,49.1125],[-93.4,49.1125]]]}},{"type":"Feature","properties":{"c":"818246","o":"","e":""},"geometry":{"type":"Polygon","coordinates":[[[-93.39375,49.1125],[-93.39375,49.11667],[-93.3875,49.11667],[-93.3875,49.1125],[-93.39375,49.1125]]]}},{"type":"Feature","properties":{"c":"818247","o":"","e":""},"geometry":{"type":"Polygon","coordinates":[[[-93.3875,49.1125],[-93.3875,49.11667],[-93.38125,49.11667],[-93.38125,49.1125],[-93.3875,49.1125]]]}},{"type":"Feature","properties":{"c":"818241","o":"","e":""},"geometry":{"type":"Polygon","coordinates":[[[-93.425,49.1125],[-93.425,49.11667],[-93.41875,49.11667],[-93.41875,49.1125],[-93.425,49.1125]]]}},{"type":"Feature","properties":{"c":"818242","o":"","e":""},"geometry":{"type":"Polygon","coordinates":[[[-93.41875,49.1125],[-93.41875,49.11667],[-93.4125,49.11667],[-93.4125,49.1125],[-93.41875,49.1125]]]}},{"type":"Feature","properties":{"c":"818243","o":"","e":""},"geometry":{"type":"Polygon","coordinates":[[[-93.4125,49.1125],[-93.4125,49.11667],[-93.40625,49.11667],[-93.40625,49.1125],[-93.4125,49.1125]]]}},{"type":"Feature","properties":{"c":"818248","o":"","e":""},"geometry":{"type":"Polygon","coordinates":[[[-93.43125,49.11667],[-93.43125,49.12083],[-93.425,49.12083],[-93.425,49.11667],[-93.43125,49.11667]]]}},{"type":"Feature","properties":{"c":"818249","o":"","e":""},"geometry":{"type":"Polygon","coordinates":[[[-93.425,49.11667],[-93.425,49.12083],[-93.41875,49.12083],[-93.41875,49.11667],[-93.425,49.11667]]]}},{"type":"Feature","properties":{"c":"818250","o":"","e":""},"geometry":{"type":"Polygon","coordinates":[[[-93.41875,49.11667],[-93.41875,49.12083],[-93.4125,49.12083],[-93.4125,49.11667],[-93.41875,49.11667]]]}},{"type":"Feature","properties":{"c":"818251","o":"","e":""},"geometry":{"type":"Polygon","coordinates":[[[-93.4125,49.11667],[-93.4125,49.12083],[-93.40625,49.12083],[-93.40625,49.11667],[-93.4125,49.11667]]]}},{"type":"Feature","properties":{"c":"966142","o":"","e":""},"geometry":{"type":"Polygon","coordinates":[[[-93.5,49.2875],[-93.5,49.29167],[-93.49375,49.29167],[-93.49375,49.2875],[-93.5,49.2875]]]}},{"type":"Feature","properties":{"c":"966143","o":"","e":""},"geometry":{"type":"Polygon","coordinates":[[[-93.49375,49.2875],[-93.49375,49.29167],[-93.4875,49.29167],[-93.4875,49.2875],[-93.49375,49.2875]]]}},{"type":"Feature","properties":{"c":"818502","o":"","e":""},"geometry":{"type":"Polygon","coordinates":[[[-93.36875,49.0875],[-93.36875,49.09167],[-93.3625,49.09167],[-93.3625,49.0875],[-93.36875,49.0875]]]}},{"type":"Feature","properties":{"c":"818503","o":"","e":""},"geometry":{"type":"Polygon","coordinates":[[[-93.3625,49.0875],[-93.3625,49.09167],[-93.35625,49.09167],[-93.35625,49.0875],[-93.3625,49.0875]]]}},{"type":"Feature","properties":{"c":"822120","o":"","e":""},"geometry":{"type":"Polygon","coordinates":[[[-93.1,49.0375],[-93.1,49.04167],[-93.09375,49.04167],[-93.09375,49.0375],[-93.1,49.0375]]]}},{"type":"Feature","properties":{"c":"822121","o":"","e":""},"geometry":{"type":"Polygon","coordinates":[[[-93.1,49.04167],[-93.1,49.04583],[-93.09375,49.04583],[-93.09375,49.04167],[-93.1,49.04167]]]}},{"type":"Feature","properties":{"c":"822122","o":"","e":""},"geometry":{"type":"Polygon","coordinates":[[[-93.10625,49.04583],[-93.10625,49.05],[-93.1,49.05],[-93.1,49.04583],[-93.10625,49.04583]]]}},{"type":"Feature","properties":{"c":"822123","o":"","e":""},"geometry":{"type":"Polygon","coordinates":[[[-93.1,49.04583],[-93.1,49.05],[-93.09375,49.05],[-93.09375,49.04583],[-93.1,49.04583]]]}},{"type":"Feature","properties":{"c":"818498","o":"","e":""},"geometry":{"type":"Polygon","coordinates":[[[-93.39375,49.0875],[-93.39375,49.09167],[-93.3875,49.09167],[-93.3875,49.0875],[-93.39375,49.0875]]]}},{"type":"Feature","properties":{"c":"818499","o":"","e":""},"geometry":{"type":"Polygon","coordinates":[[[-93.3875,49.0875],[-93.3875,49.09167],[-93.38125,49.09167],[-93.38125,49.0875],[-93.3875,49.0875]]]}},{"type":"Feature","properties":{"c":"818500","o":"","e":""},"geometry":{"type":"Polygon","coordinates":[[[-93.38125,49.0875],[-93.38125,49.09167],[-93.375,49.09167],[-93.375,49.0875],[-93.38125,49.0875]]]}},{"type":"Feature","properties":{"c":"818501","o":"","e":""},"geometry":{"type":"Polygon","coordinates":[[[-93.375,49.0875],[-93.375,49.09167],[-93.36875,49.09167],[-93.36875,49.0875],[-93.375,49.0875]]]}},{"type":"Feature","properties":{"c":"818252","o":"","e":""},"geometry":{"type":"Polygon","coordinates":[[[-93.40625,49.11667],[-93.40625,49.12083],[-93.4,49.12083],[-93.4,49.11667],[-93.40625,49.11667]]]}},{"type":"Feature","properties":{"c":"818253","o":"","e":""},"geometry":{"type":"Polygon","coordinates":[[[-93.4,49.11667],[-93.4,49.12083],[-93.39375,49.12083],[-93.39375,49.11667],[-93.4,49.11667]]]}},{"type":"Feature","properties":{"c":"818254","o":"","e":""},"geometry":{"type":"Polygon","coordinates":[[[-93.39375,49.11667],[-93.39375,49.12083],[-93.3875,49.12083],[-93.3875,49.11667],[-93.39375,49.11667]]]}},{"type":"Feature","properties":{"c":"818255","o":"","e":""},"geometry":{"type":"Polygon","coordinates":[[[-93.3875,49.11667],[-93.3875,49.12083],[-93.38125,49.12083],[-93.38125,49.11667],[-93.3875,49.11667]]]}},{"type":"Feature","properties":{"c":"818469","o":"","e":""},"geometry":{"type":"Polygon","coordinates":[[[-93.4375,49.075],[-93.4375,49.07917],[-93.43125,49.07917],[-93.43125,49.075],[-93.4375,49.075]]]}},{"type":"Feature","properties":{"c":"818470","o":"","e":""},"geometry":{"type":"Polygon","coordinates":[[[-93.43125,49.075],[-93.43125,49.07917],[-93.425,49.07917],[-93.425,49.075],[-93.43125,49.075]]]}},{"type":"Feature","properties":{"c":"818471","o":"","e":""},"geometry":{"type":"Polygon","coordinates":[[[-93.425,49.075],[-93.425,49.07917],[-93.41875,49.07917],[-93.41875,49.075],[-93.425,49.075]]]}},{"type":"Feature","properties":{"c":"818472","o":"","e":""},"geometry":{"type":"Polygon","coordinates":[[[-93.41875,49.075],[-93.41875,49.07917],[-93.4125,49.07917],[-93.4125,49.075],[-93.41875,49.075]]]}},{"type":"Feature","properties":{"c":"818473","o":"","e":""},"geometry":{"type":"Polygon","coordinates":[[[-93.4125,49.075],[-93.4125,49.07917],[-93.40625,49.07917],[-93.40625,49.075],[-93.4125,49.075]]]}},{"type":"Feature","properties":{"c":"818474","o":"","e":""},"geometry":{"type":"Polygon","coordinates":[[[-93.40625,49.075],[-93.40625,49.07917],[-93.4,49.07917],[-93.4,49.075],[-93.40625,49.075]]]}},{"type":"Feature","properties":{"c":"818475","o":"","e":""},"geometry":{"type":"Polygon","coordinates":[[[-93.4,49.075],[-93.4,49.07917],[-93.39375,49.07917],[-93.39375,49.075],[-93.4,49.075]]]}},{"type":"Feature","properties":{"c":"822165","o":"","e":""},"geometry":{"type":"Polygon","coordinates":[[[-93.1125,49.0875],[-93.1125,49.09167],[-93.10625,49.09167],[-93.10625,49.0875],[-93.1125,49.0875]]]}},{"type":"Feature","properties":{"c":"885578","o":"","e":""},"geometry":{"type":"Polygon","coordinates":[[[-93.40625,49.12083],[-93.40625,49.125],[-93.4,49.125],[-93.4,49.12083],[-93.40625,49.12083]]]}},{"type":"Feature","properties":{"c":"885579","o":"","e":""},"geometry":{"type":"Polygon","coordinates":[[[-93.4,49.12083],[-93.4,49.125],[-93.39375,49.125],[-93.39375,49.12083],[-93.4,49.12083]]]}},{"type":"Feature","properties":{"c":"822140","o":"","e":""},"geometry":{"type":"Polygon","coordinates":[[[-93.10625,49.0625],[-93.10625,49.06667],[-93.1,49.06667],[-93.1,49.0625],[-93.10625,49.0625]]]}},{"type":"Feature","properties":{"c":"822141","o":"","e":""},"geometry":{"type":"Polygon","coordinates":[[[-93.1,49.0625],[-93.1,49.06667],[-93.09375,49.06667],[-93.09375,49.0625],[-93.1,49.0625]]]}},{"type":"Feature","properties":{"c":"822142","o":"","e":""},"geometry":{"type":"Polygon","coordinates":[[[-93.09375,49.0625],[-93.09375,49.06667],[-93.0875,49.06667],[-93.0875,49.0625],[-93.09375,49.0625]]]}},{"type":"Feature","properties":{"c":"822143","o":"","e":""},"geometry":{"type":"Polygon","coordinates":[[[-93.125,49.06667],[-93.125,49.07083],[-93.11875,49.07083],[-93.11875,49.06667],[-93.125,49.06667]]]}},{"type":"Feature","properties":{"c":"822144","o":"","e":""},"geometry":{"type":"Polygon","coordinates":[[[-93.11875,49.06667],[-93.11875,49.07083],[-93.1125,49.07083],[-93.1125,49.06667],[-93.11875,49.06667]]]}},{"type":"Feature","properties":{"c":"822145","o":"","e":""},"geometry":{"type":"Polygon","coordinates":[[[-93.1125,49.06667],[-93.1125,49.07083],[-93.10625,49.07083],[-93.10625,49.06667],[-93.1125,49.06667]]]}},{"type":"Feature","properties":{"c":"822146","o":"","e":""},"geometry":{"type":"Polygon","coordinates":[[[-93.13125,49.07083],[-93.13125,49.075],[-93.125,49.075],[-93.125,49.07083],[-93.13125,49.07083]]]}},{"type":"Feature","properties":{"c":"822147","o":"","e":""},"geometry":{"type":"Polygon","coordinates":[[[-93.125,49.07083],[-93.125,49.075],[-93.11875,49.075],[-93.11875,49.07083],[-93.125,49.07083]]]}},{"type":"Feature","properties":{"c":"822148","o":"","e":""},"geometry":{"type":"Polygon","coordinates":[[[-93.11875,49.07083],[-93.11875,49.075],[-93.1125,49.075],[-93.1125,49.07083],[-93.11875,49.07083]]]}},{"type":"Feature","properties":{"c":"822149","o":"","e":""},"geometry":{"type":"Polygon","coordinates":[[[-93.1125,49.07083],[-93.1125,49.075],[-93.10625,49.075],[-93.10625,49.07083],[-93.1125,49.07083]]]}},{"type":"Feature","properties":{"c":"822150","o":"","e":""},"geometry":{"type":"Polygon","coordinates":[[[-93.13125,49.075],[-93.13125,49.07917],[-93.125,49.07917],[-93.125,49.075],[-93.13125,49.075]]]}},{"type":"Feature","properties":{"c":"822151","o":"","e":""},"geometry":{"type":"Polygon","coordinates":[[[-93.125,49.075],[-93.125,49.07917],[-93.11875,49.07917],[-93.11875,49.075],[-93.125,49.075]]]}},{"type":"Feature","properties":{"c":"822152","o":"","e":""},"geometry":{"type":"Polygon","coordinates":[[[-93.11875,49.075],[-93.11875,49.07917],[-93.1125,49.07917],[-93.1125,49.075],[-93.11875,49.075]]]}},{"type":"Feature","properties":{"c":"822153","o":"","e":""},"geometry":{"type":"Polygon","coordinates":[[[-93.1125,49.075],[-93.1125,49.07917],[-93.10625,49.07917],[-93.10625,49.075],[-93.1125,49.075]]]}},{"type":"Feature","properties":{"c":"822154","o":"","e":""},"geometry":{"type":"Polygon","coordinates":[[[-93.13125,49.07917],[-93.13125,49.08333],[-93.125,49.08333],[-93.125,49.07917],[-93.13125,49.07917]]]}},{"type":"Feature","properties":{"c":"965109","o":"","e":""},"geometry":{"type":"Polygon","coordinates":[[[-93.05,49.30833],[-93.05,49.3125],[-93.04375,49.3125],[-93.04375,49.30833],[-93.05,49.30833]]]}},{"type":"Feature","properties":{"c":"983228","o":"","e":""},"geometry":{"type":"Polygon","coordinates":[[[-93.1,49.27917],[-93.1,49.28333],[-93.09375,49.28333],[-93.09375,49.27917],[-93.1,49.27917]]]}},{"type":"Feature","properties":{"c":"983229","o":"","e":""},"geometry":{"type":"Polygon","coordinates":[[[-93.1125,49.28333],[-93.1125,49.2875],[-93.10625,49.2875],[-93.10625,49.28333],[-93.1125,49.28333]]]}},{"type":"Feature","properties":{"c":"983230","o":"","e":""},"geometry":{"type":"Polygon","coordinates":[[[-93.1,49.2875],[-93.1,49.29167],[-93.09375,49.29167],[-93.09375,49.2875],[-93.1,49.2875]]]}},{"type":"Feature","properties":{"c":"983231","o":"","e":""},"geometry":{"type":"Polygon","coordinates":[[[-93.10625,49.28333],[-93.10625,49.2875],[-93.1,49.2875],[-93.1,49.28333],[-93.10625,49.28333]]]}},{"type":"Feature","properties":{"c":"983232","o":"","e":""},"geometry":{"type":"Polygon","coordinates":[[[-93.1125,49.27917],[-93.1125,49.28333],[-93.10625,49.28333],[-93.10625,49.27917],[-93.1125,49.27917]]]}},{"type":"Feature","properties":{"c":"983233","o":"","e":""},"geometry":{"type":"Polygon","coordinates":[[[-93.1,49.28333],[-93.1,49.2875],[-93.09375,49.2875],[-93.09375,49.28333],[-93.1,49.28333]]]}},{"type":"Feature","properties":{"c":"983234","o":"","e":""},"geometry":{"type":"Polygon","coordinates":[[[-93.10625,49.27917],[-93.10625,49.28333],[-93.1,49.28333],[-93.1,49.27917],[-93.10625,49.27917]]]}},{"type":"Feature","properties":{"c":"983235","o":"","e":""},"geometry":{"type":"Polygon","coordinates":[[[-93.1,49.275],[-93.1,49.27917],[-93.09375,49.27917],[-93.09375,49.275],[-93.1,49.275]]]}},{"type":"Feature","properties":{"c":"983236","o":"","e":""},"geometry":{"type":"Polygon","coordinates":[[[-93.1125,49.275],[-93.1125,49.27917],[-93.10625,49.27917],[-93.10625,49.275],[-93.1125,49.275]]]}},{"type":"Feature","properties":{"c":"983237","o":"","e":""},"geometry":{"type":"Polygon","coordinates":[[[-93.10625,49.275],[-93.10625,49.27917],[-93.1,49.27917],[-93.1,49.275],[-93.10625,49.275]]]}},{"type":"Feature","properties":{"c":"983221","o":"","e":""},"geometry":{"type":"Polygon","coordinates":[[[-93.0625,49.27083],[-93.0625,49.275],[-93.05625,49.275],[-93.05625,49.27083],[-93.0625,49.27083]]]}},{"type":"Feature","properties":{"c":"983222","o":"","e":""},"geometry":{"type":"Polygon","coordinates":[[[-93.06875,49.26667],[-93.06875,49.26796],[-93.06875,49.27083],[-93.0625,49.27083],[-93.0625,49.26796],[-93.0625,49.26667],[-93.06875,49.26667]]]}},{"type":"Feature","properties":{"c":"983223","o":"","e":""},"geometry":{"type":"Polygon","coordinates":[[[-93.075,49.26667],[-93.075,49.26796],[-93.075,49.27083],[-93.06875,49.27083],[-93.06875,49.26796],[-93.06875,49.26667],[-93.075,49.26667]]]}},{"type":"Feature","properties":{"c":"983224","o":"","e":""},"geometry":{"type":"Polygon","coordinates":[[[-93.05625,49.26667],[-93.05625,49.26796],[-93.05625,49.27083],[-93.05,49.27083],[-93.05,49.26796],[-93.05,49.26667],[-93.05625,49.26667]]]}},{"type":"Feature","properties":{"c":"983225","o":"","e":""},"geometry":{"type":"Polygon","coordinates":[[[-93.075,49.27083],[-93.075,49.275],[-93.06875,49.275],[-93.06875,49.27083],[-93.075,49.27083]]]}},{"type":"Feature","properties":{"c":"983226","o":"","e":""},"geometry":{"type":"Polygon","coordinates":[[[-93.05625,49.27083],[-93.05625,49.275],[-93.05,49.275],[-93.05,49.27083],[-93.05625,49.27083]]]}},{"type":"Feature","properties":{"c":"983227","o":"","e":""},"geometry":{"type":"Polygon","coordinates":[[[-93.08125,49.26667],[-93.08125,49.26796],[-93.08125,49.27083],[-93.075,49.27083],[-93.075,49.26796],[-93.075,49.26667],[-93.08125,49.26667]]]}},{"type":"Feature","properties":{"c":"983260","o":"","e":""},"geometry":{"type":"Polygon","coordinates":[[[-93.05,49.31667],[-93.05,49.32083],[-93.04375,49.32083],[-93.04375,49.31667],[-93.05,49.31667]]]}},{"type":"Feature","properties":{"c":"983261","o":"","e":""},"geometry":{"type":"Polygon","coordinates":[[[-93.05,49.3125],[-93.05,49.31667],[-93.04375,49.31667],[-93.04375,49.3125],[-93.05,49.3125]]]}},{"type":"Feature","properties":{"c":"1027348","o":"","e":""},"geometry":{"type":"Polygon","coordinates":[[[-93.20625,49.12917],[-93.20625,49.13333],[-93.2,49.13333],[-93.2,49.12917],[-93.20625,49.12917]]]}},{"type":"Feature","properties":{"c":"1028568","o":"","e":""},"geometry":{"type":"Polygon","coordinates":[[[-93.35,49.375],[-93.35,49.37917],[-93.34375,49.37917],[-93.34375,49.375],[-93.35,49.375]]]}},{"type":"Feature","properties":{"c":"1028569","o":"","e":""},"geometry":{"type":"Polygon","coordinates":[[[-93.34375,49.375],[-93.34375,49.37917],[-93.3375,49.37917],[-93.3375,49.375],[-93.34375,49.375]]]}},{"type":"Feature","properties":{"c":"1028570","o":"","e":""},"geometry":{"type":"Polygon","coordinates":[[[-93.3375,49.375],[-93.3375,49.37917],[-93.33125,49.37917],[-93.33125,49.375],[-93.3375,49.375]]]}},{"type":"Feature","properties":{"c":"1028571","o":"","e":""},"geometry":{"type":"Polygon","coordinates":[[[-93.3375,49.37083],[-93.3375,49.375],[-93.33125,49.375],[-93.33125,49.37083],[-93.3375,49.37083]]]}},{"type":"Feature","properties":{"c":"1028105","o":"","e":""},"geometry":{"type":"Polygon","coordinates":[[[-93.0875,49.325],[-93.0875,49.32917],[-93.08125,49.32917],[-93.08125,49.325],[-93.0875,49.325]]]}},{"type":"Feature","properties":{"c":"1028106","o":"","e":""},"geometry":{"type":"Polygon","coordinates":[[[-93.09375,49.325],[-93.09375,49.32917],[-93.0875,49.32917],[-93.0875,49.325],[-93.09375,49.325]]]}},{"type":"Feature","properties":{"c":"1028107","o":"","e":""},"geometry":{"type":"Polygon","coordinates":[[[-93.0875,49.31667],[-93.0875,49.32083],[-93.08125,49.32083],[-93.08125,49.31667],[-93.0875,49.31667]]]}},{"type":"Feature","properties":{"c":"1028108","o":"","e":""},"geometry":{"type":"Polygon","coordinates":[[[-93.0875,49.32083],[-93.0875,49.325],[-93.08125,49.325],[-93.08125,49.32083],[-93.0875,49.32083]]]}},{"type":"Feature","properties":{"c":"1030038","o":"","e":""},"geometry":{"type":"Polygon","coordinates":[[[-93.0375,49.375],[-93.0375,49.37917],[-93.03125,49.37917],[-93.03125,49.375],[-93.0375,49.375]]]}},{"type":"Feature","properties":{"c":"1030039","o":"","e":""},"geometry":{"type":"Polygon","coordinates":[[[-93.08125,49.37083],[-93.08125,49.375],[-93.075,49.375],[-93.075,49.37083],[-93.08125,49.37083]]]}},{"type":"Feature","properties":{"c":"1031879","o":"","e":""},"geometry":{"type":"Polygon","coordinates":[[[-93.1625,49.1375],[-93.1625,49.14167],[-93.15625,49.14167],[-93.15625,49.1375],[-93.1625,49.1375]]]}},{"type":"Feature","properties":{"c":"1031880","o":"","e":""},"geometry":{"type":"Polygon","coordinates":[[[-93.16875,49.13333],[-93.16875,49.1375],[-93.1625,49.1375],[-93.1625,49.13333],[-93.16875,49.13333]]]}},{"type":"Feature","properties":{"c":"1031881","o":"","e":""},"geometry":{"type":"Polygon","coordinates":[[[-93.1625,49.13333],[-93.1625,49.1375],[-93.15625,49.1375],[-93.15625,49.13333],[-93.1625,49.13333]]]}},{"type":"Feature","properties":{"c":"1031895","o":"","e":""},"geometry":{"type":"Polygon","coordinates":[[[-93.175,49.12917],[-93.175,49.13333],[-93.16875,49.13333],[-93.16875,49.12917],[-93.175,49.12917]]]}},{"type":"Feature","properties":{"c":"1043273","o":"","e":""},"geometry":{"type":"Polygon","coordinates":[[[-93.49375,49.31667],[-93.49375,49.32083],[-93.4875,49.32083],[-93.4875,49.31667],[-93.49375,49.31667]]]}},{"type":"Feature","properties":{"c":"1043274","o":"","e":""},"geometry":{"type":"Polygon","coordinates":[[[-93.5,49.3125],[-93.5,49.31667],[-93.49375,49.31667],[-93.49375,49.3125],[-93.5,49.3125]]]}},{"type":"Feature","properties":{"c":"1043275","o":"","e":""},"geometry":{"type":"Polygon","coordinates":[[[-93.49375,49.3125],[-93.49375,49.31667],[-93.4875,49.31667],[-93.4875,49.3125],[-93.49375,49.3125]]]}},{"type":"Feature","properties":{"c":"1043276","o":"","e":""},"geometry":{"type":"Polygon","coordinates":[[[-93.5,49.31667],[-93.5,49.32083],[-93.49375,49.32083],[-93.49375,49.31667],[-93.5,49.31667]]]}},{"type":"Feature","properties":{"c":"1047094","o":"","e":""},"geometry":{"type":"Polygon","coordinates":[[[-93.09375,49.25833],[-93.09375,49.2625],[-93.0875,49.2625],[-93.0875,49.25833],[-93.09375,49.25833]]]}},{"type":"Feature","properties":{"c":"1047095","o":"","e":""},"geometry":{"type":"Polygon","coordinates":[[[-93.0875,49.25417],[-93.0875,49.25833],[-93.08125,49.25833],[-93.08125,49.25417],[-93.0875,49.25417]]]}},{"type":"Feature","properties":{"c":"1047096","o":"","e":""},"geometry":{"type":"Polygon","coordinates":[[[-93.125,49.27083],[-93.125,49.275],[-93.11875,49.275],[-93.11875,49.27083],[-93.125,49.27083]]]}},{"type":"Feature","properties":{"c":"1047097","o":"","e":""},"geometry":{"type":"Polygon","coordinates":[[[-93.1,49.2625],[-93.1,49.26667],[-93.09375,49.26667],[-93.09375,49.2625],[-93.1,49.2625]]]}},{"type":"Feature","properties":{"c":"1047662","o":"","e":""},"geometry":{"type":"Polygon","coordinates":[[[-93.1625,49.2375],[-93.1625,49.24167],[-93.15625,49.24167],[-93.15625,49.2375],[-93.1625,49.2375]]]}},{"type":"Feature","properties":{"c":"1047663","o":"","e":""},"geometry":{"type":"Polygon","coordinates":[[[-93.1625,49.24583],[-93.1625,49.25],[-93.15625,49.25],[-93.15625,49.24583],[-93.1625,49.24583]]]}},{"type":"Feature","properties":{"c":"1047664","o":"","e":""},"geometry":{"type":"Polygon","coordinates":[[[-93.16875,49.2375],[-93.16875,49.24167],[-93.1625,49.24167],[-93.1625,49.2375],[-93.16875,49.2375]]]}},{"type":"Feature","properties":{"c":"1047665","o":"","e":""},"geometry":{"type":"Polygon","coordinates":[[[-93.1625,49.24167],[-93.1625,49.24583],[-93.15625,49.24583],[-93.15625,49.24167],[-93.1625,49.24167]]]}},{"type":"Feature","properties":{"c":"1047666","o":"","e":""},"geometry":{"type":"Polygon","coordinates":[[[-93.16875,49.23333],[-93.16875,49.2375],[-93.1625,49.2375],[-93.1625,49.23333],[-93.16875,49.23333]]]}},{"type":"Feature","properties":{"c":"1007348","o":"","e":""},"geometry":{"type":"Polygon","coordinates":[[[-93.3,49.53333],[-93.3,49.5375],[-93.29375,49.5375],[-93.2875,49.5375],[-93.28125,49.5375],[-93.275,49.5375],[-93.26875,49.5375],[-93.2625,49.5375],[-93.25625,49.5375],[-93.25,49.5375],[-93.24375,49.5375],[-93.2375,49.5375],[-93.23125,49.5375],[-93.23125,49.53333],[-93.23125,49.52917],[-93.23125,49.525],[-93.23125,49.52083],[-93.23125,49.51667],[-93.23125,49.5125],[-93.23125,49.50833],[-93.23125,49.50417],[-93.23125,49.5],[-93.23125,49.49583],[-93.23125,49.49167],[-93.23125,49.4875],[-93.23125,49.48333],[-93.23125,49.47917],[-93.23125,49.475],[-93.2375,49.475],[-93.2375,49.47917],[-93.2375,49.48333],[-93.2375,49.4875],[-93.2375,49.49167],[-93.2375,49.49583],[-93.2375,49.5],[-93.2375,49.50417],[-93.2375,49.50833],[-93.2375,49.5125],[-93.2375,49.51667],[-93.2375,49.52083],[-93.2375,49.525],[-93.2375,49.52917],[-93.2375,49.53333],[-93.24375,49.53333],[-93.25,49.53333],[-93.25625,49.53333],[-93.2625,49.53333],[-93.26875,49.53333],[-93.275,49.53333],[-93.28125,49.53333],[-93.2875,49.53333],[-93.29375,49.53333],[-93.3,49.53333]]]}}]}