{"type":"FeatureCollection","features":[{"type":"Feature","properties":{"c":"941538","o":"","e":""},"geometry":{"type":"Polygon","coordinates":[[[-95.00625,49.74583],[-95.00625,49.75],[-95.0,49.75],[-95.0,49.74583],[-95.00625,49.74583]]]}},{"type":"Feature","properties":{"c":"941541","o":"","e":""},"geometry":{"type":"Polygon","coordinates":[[[-95.00625,49.7375],[-95.00625,49.74167],[-95.0,49.74167],[-95.0,49.7375],[-95.00625,49.7375]]]}},{"type":"Feature","properties":{"c":"321086","o":"","e":""},"geometry":{"type":"Polygon","coordinates":[[[-95.00625,49.5875],[-95.00625,49.59167],[-95.0,49.59167],[-95.0,49.5875],[-95.00625,49.5875]]]}},{"type":"Feature","properties":{"c":"320137","o":"","e":""},"geometry":{"type":"Polygon","coordinates":[[[-95.00625,49.59583],[-95.00625,49.6],[-95.0,49.6],[-95.0,49.59583],[-95.00625,49.59583]]]}},{"type":"Feature","properties":{"c":"941555","o":"","e":""},"geometry":{"type":"Polygon","coordinates":[[[-95.00625,49.74167],[-95.00625,49.74583],[-95.0,49.74583],[-95.0,49.74167],[-95.00625,49.74167]]]}},{"type":"Feature","properties":{"c":"308715","o":"","e":""},"geometry":{"type":"Polygon","coordinates":[[[-95.00625,49.61667],[-95.00625,49.62083],[-95.0,49.62083],[-95.0,49.61667],[-95.00625,49.61667]]]}},{"type":"Feature","properties":{"c":"311294","o":"","e":""},"geometry":{"type":"Polygon","coordinates":[[[-95.00625,49.575],[-95.00625,49.57917],[-95.0,49.57917],[-95.0,49.575],[-95.00625,49.575]]]}},{"type":"Feature","properties":{"c":"304619","o":"","e":""},"geometry":{"type":"Polygon","coordinates":[[[-95.00625,49.57917],[-95.00625,49.58333],[-95.0,49.58333],[-95.0,49.57917],[-95.00625,49.57917]]]}},{"type":"Feature","properties":{"c":"291421","o":"","e":""},"geometry":{"type":"Polygon","coordinates":[[[-95.00625,49.6],[-95.00625,49.60417],[-95.0,49.60417],[-95.0,49.6],[-95.00625,49.6]]]}},{"type":"Feature","properties":{"c":"247243","o":"","e":""},"geometry":{"type":"Polygon","coordinates":[[[-95.00625,49.5625],[-95.00625,49.56667],[-95.0,49.56667],[-95.0,49.5625],[-95.00625,49.5625]]]}},{"type":"Feature","properties":{"c":"224030","o":"","e":""},"geometry":{"type":"Polygon","coordinates":[[[-95.00625,49.56667],[-95.00625,49.57083],[-95.0,49.57083],[-95.0,49.56667],[-95.00625,49.56667]]]}},{"type":"Feature","properties":{"c":"235255","o":"","e":""},"geometry":{"type":"Polygon","coordinates":[[[-95.00625,49.59167],[-95.00625,49.59583],[-95.0,49.59583],[-95.0,49.59167],[-95.00625,49.59167]]]}},{"type":"Feature","properties":{"c":"941723","o":"","e":""},"geometry":{"type":"Polygon","coordinates":[[[-95.00625,49.73333],[-95.00625,49.7375],[-95.0,49.7375],[-95.0,49.73333],[-95.00625,49.73333]]]}},{"type":"Feature","properties":{"c":"926568","o":"","e":""},"geometry":{"type":"Polygon","coordinates":[[[-95.00625,49.625],[-95.00625,49.62917],[-95.0,49.62917],[-95.0,49.625],[-95.00625,49.625]]]}},{"type":"Feature","properties":{"c":"210705","o":"","e":""},"geometry":{"type":"Polygon","coordinates":[[[-95.00625,49.55833],[-95.00625,49.5625],[-95.0,49.5625],[-95.0,49.55833],[-95.00625,49.55833]]]}},{"type":"Feature","properties":{"c":"890276","o":"","e":""},"geometry":{"type":"Polygon","coordinates":[[[-95.025,49.65833],[-95.025,49.6625],[-95.025,49.66667],[-95.025,49.67083],[-95.01875,49.67083],[-95.0125,49.67083],[-95.00625,49.67083],[-95.0,49.67083],[-94.99375,49.67083],[-94.99375,49.66667],[-94.99375,49.6625],[-94.99375,49.65833],[-94.99375,49.65417],[-94.99375,49.65],[-95.0,49.65],[-95.00625,49.65],[-95.0125,49.65],[-95.01875,49.65],[-95.025,49.65],[-95.025,49.65417],[-95.025,49.65833]]]}},{"type":"Feature","properties":{"c":"208721","o":"","e":""},"geometry":{"type":"Polygon","coordinates":[[[-95.00625,49.57083],[-95.00625,49.575],[-95.0,49.575],[-95.0,49.57083],[-95.00625,49.57083]]]}},{"type":"Feature","properties":{"c":"175302","o":"","e":""},"geometry":{"type":"Polygon","coordinates":[[[-95.00625,49.62083],[-95.00625,49.625],[-95.0,49.625],[-95.0,49.62083],[-95.00625,49.62083]]]}},{"type":"Feature","properties":{"c":"152472","o":"","e":""},"geometry":{"type":"Polygon","coordinates":[[[-95.00625,49.58333],[-95.00625,49.5875],[-95.0,49.5875],[-95.0,49.58333],[-95.00625,49.58333]]]}},{"type":"Feature","properties":{"c":"146045","o":"","e":""},"geometry":{"type":"Polygon","coordinates":[[[-95.00625,49.60417],[-95.00625,49.60833],[-95.0,49.60833],[-95.0,49.60417],[-95.00625,49.60417]]]}},{"type":"Feature","properties":{"c":"140116","o":"","e":""},"geometry":{"type":"Polygon","coordinates":[[[-95.00625,49.6125],[-95.00625,49.61667],[-95.0,49.61667],[-95.0,49.6125],[-95.00625,49.6125]]]}},{"type":"Feature","properties":{"c":"104995","o":"","e":""},"geometry":{"type":"Polygon","coordinates":[[[-95.00625,49.60833],[-95.00625,49.6125],[-95.0,49.6125],[-95.0,49.60833],[-95.00625,49.60833]]]}},{"type":"Feature","properties":{"c":"890280","o":"","e":""},"geometry":{"type":"Polygon","coordinates":[[[-95.03125,49.64167],[-95.025,49.64167],[-95.025,49.64583],[-95.025,49.65],[-95.01875,49.65],[-95.0125,49.65],[-95.00625,49.65],[-95.0,49.65],[-94.99375,49.65],[-94.99375,49.64583],[-94.99375,49.64167],[-94.99375,49.6375],[-95.0,49.6375],[-95.0,49.63333],[-95.00625,49.63333],[-95.0125,49.63333],[-95.01875,49.63333],[-95.025,49.63333],[-95.03125,49.63333],[-95.03125,49.6375],[-95.03125,49.64167]]]}},{"type":"Feature","properties":{"c":"926573","o":"","e":""},"geometry":{"type":"Polygon","coordinates":[[[-95.00625,49.62917],[-95.00625,49.63333],[-95.0,49.63333],[-95.0,49.62917],[-95.00625,49.62917]]]}},{"type":"Feature","properties":{"c":"945162","o":"","e":""},"geometry":{"type":"Polygon","coordinates":[[[-95.00625,49.725],[-95.00625,49.72917],[-95.0,49.72917],[-95.0,49.725],[-95.00625,49.725]]]}},{"type":"Feature","properties":{"c":"1017687","o":"","e":""},"geometry":{"type":"Polygon","coordinates":[[[-94.53125,49.49583],[-94.53125,49.5],[-94.525,49.5],[-94.525,49.49583],[-94.53125,49.49583]]]}},{"type":"Feature","properties":{"c":"1018041","o":"","e":""},"geometry":{"type":"Polygon","coordinates":[[[-94.5375,49.49583],[-94.5375,49.5],[-94.53125,49.5],[-94.53125,49.49583],[-94.5375,49.49583]]]}},{"type":"Feature","properties":{"c":"890295","o":"","e":""},"geometry":{"type":"Polygon","coordinates":[[[-94.9125,49.59167],[-94.9125,49.59583],[-94.90625,49.59583],[-94.90625,49.6],[-94.9,49.6],[-94.9,49.60417],[-94.89375,49.60417],[-94.8875,49.60417],[-94.8875,49.60833],[-94.88125,49.60833],[-94.875,49.60833],[-94.875,49.6125],[-94.86875,49.6125],[-94.86875,49.61667],[-94.8625,49.61667],[-94.8625,49.6125],[-94.8625,49.60833],[-94.8625,49.60417],[-94.8625,49.6],[-94.86875,49.6],[-94.875,49.6],[-94.875,49.59583],[-94.88125,49.59583],[-94.8875,49.59583],[-94.89375,49.59583],[-94.89375,49.59167],[-94.9,49.59167],[-94.90625,49.59167],[-94.9125,49.59167]]]}},{"type":"Feature","properties":{"c":"1026545","o":"","e":""},"geometry":{"type":"Polygon","coordinates":[[[-94.74375,49.64583],[-94.74375,49.65],[-94.7375,49.65],[-94.7375,49.64583],[-94.74375,49.64583]]]}},{"type":"Feature","properties":{"c":"890254","o":"","e":""},"geometry":{"type":"Polygon","coordinates":[[[-94.975,49.71667],[-94.975,49.72083],[-94.975,49.725],[-94.96875,49.725],[-94.9625,49.725],[-94.9625,49.72083],[-94.95625,49.72083],[-94.95,49.72083],[-94.94375,49.72083],[-94.9375,49.72083],[-94.9375,49.71667],[-94.9375,49.7125],[-94.9375,49.70833],[-94.94375,49.70833],[-94.95,49.70833],[-94.95625,49.70833],[-94.9625,49.70833],[-94.96875,49.70833],[-94.975,49.70833],[-94.975,49.7125],[-94.975,49.71667]]]}},{"type":"Feature","properties":{"c":"941542","o":"","e":""},"geometry":{"type":"Polygon","coordinates":[[[-95.0,49.7375],[-95.0,49.74167],[-94.99375,49.74167],[-94.99375,49.7375],[-95.0,49.7375]]]}},{"type":"Feature","properties":{"c":"941543","o":"","e":""},"geometry":{"type":"Polygon","coordinates":[[[-94.99375,49.7375],[-94.99375,49.74167],[-94.9875,49.74167],[-94.9875,49.7375],[-94.99375,49.7375]]]}},{"type":"Feature","properties":{"c":"941544","o":"","e":""},"geometry":{"type":"Polygon","coordinates":[[[-94.9875,49.7375],[-94.9875,49.74167],[-94.98125,49.74167],[-94.98125,49.7375],[-94.9875,49.7375]]]}},{"type":"Feature","properties":{"c":"941545","o":"","e":""},"geometry":{"type":"Polygon","coordinates":[[[-94.98125,49.7375],[-94.98125,49.74167],[-94.975,49.74167],[-94.975,49.7375],[-94.98125,49.7375]]]}},{"type":"Feature","properties":{"c":"941546","o":"","e":""},"geometry":{"type":"Polygon","coordinates":[[[-94.975,49.7375],[-94.975,49.74167],[-94.96875,49.74167],[-94.96875,49.7375],[-94.975,49.7375]]]}},{"type":"Feature","properties":{"c":"941547","o":"","e":""},"geometry":{"type":"Polygon","coordinates":[[[-94.99375,49.73333],[-94.99375,49.7375],[-94.9875,49.7375],[-94.9875,49.73333],[-94.99375,49.73333]]]}},{"type":"Feature","properties":{"c":"941548","o":"","e":""},"geometry":{"type":"Polygon","coordinates":[[[-94.9875,49.73333],[-94.9875,49.7375],[-94.98125,49.7375],[-94.98125,49.73333],[-94.9875,49.73333]]]}},{"type":"Feature","properties":{"c":"941549","o":"","e":""},"geometry":{"type":"Polygon","coordinates":[[[-94.98125,49.73333],[-94.98125,49.7375],[-94.975,49.7375],[-94.975,49.73333],[-94.98125,49.73333]]]}},{"type":"Feature","properties":{"c":"941550","o":"","e":""},"geometry":{"type":"Polygon","coordinates":[[[-94.975,49.73333],[-94.975,49.7375],[-94.96875,49.7375],[-94.96875,49.73333],[-94.975,49.73333]]]}},{"type":"Feature","properties":{"c":"890294","o":"","e":""},"geometry":{"type":"Polygon","coordinates":[[[-94.8625,49.60833],[-94.85625,49.60833],[-94.85625,49.6125],[-94.8625,49.6125],[-94.8625,49.61667],[-94.8625,49.62083],[-94.85625,49.62083],[-94.85625,49.625],[-94.85,49.625],[-94.84375,49.625],[-94.84375,49.62083],[-94.84375,49.61667],[-94.84375,49.6125],[-94.84375,49.60833],[-94.84375,49.60417],[-94.84375,49.6],[-94.85,49.6],[-94.85625,49.6],[-94.8625,49.6],[-94.8625,49.60417],[-94.8625,49.60833]]]}},{"type":"Feature","properties":{"c":"890306","o":"","e":""},"geometry":{"type":"Polygon","coordinates":[[[-94.90625,49.575],[-94.90625,49.57917],[-94.9,49.57917],[-94.89375,49.57917],[-94.89375,49.58333],[-94.8875,49.58333],[-94.88125,49.58333],[-94.88125,49.57917],[-94.88125,49.575],[-94.88125,49.57083],[-94.8875,49.57083],[-94.89375,49.57083],[-94.89375,49.56667],[-94.9,49.56667],[-94.90625,49.56667],[-94.90625,49.57083],[-94.90625,49.575]]]}},{"type":"Feature","properties":{"c":"890308","o":"","e":""},"geometry":{"type":"Polygon","coordinates":[[[-94.85,49.59583],[-94.85,49.6],[-94.84375,49.6],[-94.84375,49.60417],[-94.8375,49.60417],[-94.83125,49.60417],[-94.825,49.60417],[-94.81875,49.60417],[-94.8125,49.60417],[-94.8125,49.6],[-94.8125,49.59583],[-94.81875,49.59583],[-94.81875,49.59167],[-94.825,49.59167],[-94.83125,49.59167],[-94.83125,49.5875],[-94.83125,49.58333],[-94.8375,49.58333],[-94.84375,49.58333],[-94.84375,49.5875],[-94.85,49.5875],[-94.85,49.59167],[-94.85,49.59583]]]}},{"type":"Feature","properties":{"c":"890309","o":"","e":""},"geometry":{"type":"Polygon","coordinates":[[[-94.8125,49.60417],[-94.8125,49.60833],[-94.8125,49.6125],[-94.80625,49.6125],[-94.8,49.6125],[-94.79375,49.6125],[-94.7875,49.6125],[-94.78125,49.6125],[-94.78125,49.60833],[-94.78125,49.60417],[-94.78125,49.6],[-94.78125,49.59583],[-94.7875,49.59583],[-94.79375,49.59583],[-94.8,49.59583],[-94.80625,49.59583],[-94.8125,49.59583],[-94.8125,49.6],[-94.8125,49.60417]]]}},{"type":"Feature","properties":{"c":"890310","o":"","e":""},"geometry":{"type":"Polygon","coordinates":[[[-94.9625,49.575],[-94.95625,49.575],[-94.95625,49.57083],[-94.95625,49.56667],[-94.9625,49.56667],[-94.9625,49.57083],[-94.9625,49.575]]]}},{"type":"Feature","properties":{"c":"890311","o":"","e":""},"geometry":{"type":"Polygon","coordinates":[[[-94.99375,49.5875],[-94.9875,49.5875],[-94.9875,49.58333],[-94.9875,49.57917],[-94.99375,49.57917],[-94.99375,49.58333],[-94.99375,49.5875]]]}},{"type":"Feature","properties":{"c":"341684","o":"","e":""},"geometry":{"type":"Polygon","coordinates":[[[-95.0,49.59167],[-95.0,49.59583],[-94.99375,49.59583],[-94.99375,49.59167],[-95.0,49.59167]]]}},{"type":"Feature","properties":{"c":"335062","o":"","e":""},"geometry":{"type":"Polygon","coordinates":[[[-95.0,49.6],[-95.0,49.60417],[-94.99375,49.60417],[-94.99375,49.6],[-95.0,49.6]]]}},{"type":"Feature","properties":{"c":"334424","o":"","e":""},"geometry":{"type":"Polygon","coordinates":[[[-95.0,49.57083],[-95.0,49.575],[-94.99375,49.575],[-94.99375,49.57083],[-95.0,49.57083]]]}},{"type":"Feature","properties":{"c":"941556","o":"","e":""},"geometry":{"type":"Polygon","coordinates":[[[-95.0,49.74167],[-95.0,49.74583],[-94.99375,49.74583],[-94.99375,49.74167],[-95.0,49.74167]]]}},{"type":"Feature","properties":{"c":"941557","o":"","e":""},"geometry":{"type":"Polygon","coordinates":[[[-94.99375,49.74167],[-94.99375,49.74583],[-94.9875,49.74583],[-94.9875,49.74167],[-94.99375,49.74167]]]}},{"type":"Feature","properties":{"c":"941558","o":"","e":""},"geometry":{"type":"Polygon","coordinates":[[[-94.9875,49.74167],[-94.9875,49.74583],[-94.98125,49.74583],[-94.98125,49.74167],[-94.9875,49.74167]]]}},{"type":"Feature","properties":{"c":"890302","o":"","e":""},"geometry":{"type":"Polygon","coordinates":[[[-94.98125,49.57083],[-94.975,49.57083],[-94.975,49.56667],[-94.96875,49.56667],[-94.9625,49.56667],[-94.95625,49.56667],[-94.95,49.56667],[-94.94375,49.56667],[-94.94375,49.5625],[-94.9375,49.5625],[-94.93125,49.5625],[-94.925,49.5625],[-94.91875,49.5625],[-94.9125,49.5625],[-94.9125,49.56667],[-94.90625,49.56667],[-94.90625,49.5625],[-94.90625,49.55833],[-94.9125,49.55833],[-94.91875,49.55833],[-94.925,49.55833],[-94.93125,49.55833],[-94.9375,49.55833],[-94.94375,49.55833],[-94.95,49.55833],[-94.95,49.5625],[-94.95625,49.5625],[-94.9625,49.5625],[-94.96875,49.5625],[-94.975,49.5625],[-94.98125,49.5625],[-94.98125,49.56667],[-94.98125,49.57083]]]}},{"type":"Feature","properties":{"c":"890303","o":"","e":""},"geometry":{"type":"Polygon","coordinates":[[[-94.975,49.575],[-94.96875,49.575],[-94.9625,49.575],[-94.9625,49.57083],[-94.9625,49.56667],[-94.96875,49.56667],[-94.975,49.56667],[-94.975,49.57083],[-94.975,49.575]]]}},{"type":"Feature","properties":{"c":"941559","o":"","e":""},"geometry":{"type":"Polygon","coordinates":[[[-94.98125,49.74167],[-94.98125,49.74583],[-94.975,49.74583],[-94.975,49.74167],[-94.98125,49.74167]]]}},{"type":"Feature","properties":{"c":"941560","o":"","e":""},"geometry":{"type":"Polygon","coordinates":[[[-94.975,49.74167],[-94.975,49.74583],[-94.96875,49.74583],[-94.96875,49.74167],[-94.975,49.74167]]]}},{"type":"Feature","properties":{"c":"960588","o":"","e":""},"geometry":{"type":"Polygon","coordinates":[[[-94.91875,49.625],[-94.91875,49.62917],[-94.9125,49.62917],[-94.9125,49.625],[-94.91875,49.625]]]}},{"type":"Feature","properties":{"c":"960589","o":"","e":""},"geometry":{"type":"Polygon","coordinates":[[[-94.90625,49.62917],[-94.90625,49.63333],[-94.9,49.63333],[-94.9,49.62917],[-94.90625,49.62917]]]}},{"type":"Feature","properties":{"c":"960590","o":"","e":""},"geometry":{"type":"Polygon","coordinates":[[[-94.90625,49.625],[-94.90625,49.62917],[-94.9,49.62917],[-94.9,49.625],[-94.90625,49.625]]]}},{"type":"Feature","properties":{"c":"960591","o":"","e":""},"geometry":{"type":"Polygon","coordinates":[[[-94.9125,49.625],[-94.9125,49.62917],[-94.90625,49.62917],[-94.90625,49.625],[-94.9125,49.625]]]}},{"type":"Feature","properties":{"c":"960592","o":"","e":""},"geometry":{"type":"Polygon","coordinates":[[[-94.91875,49.62917],[-94.91875,49.63333],[-94.9125,49.63333],[-94.9125,49.62917],[-94.91875,49.62917]]]}},{"type":"Feature","properties":{"c":"960593","o":"","e":""},"geometry":{"type":"Polygon","coordinates":[[[-94.9125,49.62917],[-94.9125,49.63333],[-94.90625,49.63333],[-94.90625,49.62917],[-94.9125,49.62917]]]}},{"type":"Feature","properties":{"c":"895829","o":"","e":""},"geometry":{"type":"Polygon","coordinates":[[[-94.94375,49.59167],[-94.94375,49.59583],[-94.9375,49.59583],[-94.9375,49.59167],[-94.94375,49.59167]]]}},{"type":"Feature","properties":{"c":"895830","o":"","e":""},"geometry":{"type":"Polygon","coordinates":[[[-94.9375,49.59167],[-94.9375,49.59583],[-94.93125,49.59583],[-94.93125,49.59167],[-94.9375,49.59167]]]}},{"type":"Feature","properties":{"c":"890268","o":"","e":""},"geometry":{"type":"Polygon","coordinates":[[[-95.00625,49.6875],[-95.00625,49.69167],[-95.00625,49.69583],[-95.0,49.69583],[-94.99375,49.69583],[-94.9875,49.69583],[-94.98125,49.69583],[-94.975,49.69583],[-94.96875,49.69583],[-94.9625,49.69583],[-94.9625,49.69167],[-94.9625,49.6875],[-94.9625,49.68333],[-94.96875,49.68333],[-94.975,49.68333],[-94.98125,49.68333],[-94.98125,49.67917],[-94.9875,49.67917],[-94.99375,49.67917],[-95.0,49.67917],[-95.00625,49.67917],[-95.00625,49.68333],[-95.00625,49.6875]]]}},{"type":"Feature","properties":{"c":"890279","o":"","e":""},"geometry":{"type":"Polygon","coordinates":[[[-94.93125,49.65833],[-94.93125,49.6625],[-94.925,49.6625],[-94.91875,49.6625],[-94.9125,49.6625],[-94.90625,49.6625],[-94.9,49.6625],[-94.89375,49.6625],[-94.8875,49.6625],[-94.88125,49.6625],[-94.875,49.6625],[-94.875,49.65833],[-94.88125,49.65833],[-94.8875,49.65833],[-94.89375,49.65833],[-94.89375,49.65417],[-94.9,49.65417],[-94.90625,49.65417],[-94.90625,49.65],[-94.9,49.65],[-94.89375,49.65],[-94.89375,49.64583],[-94.9,49.64583],[-94.90625,49.64583],[-94.9125,49.64583],[-94.91875,49.64583],[-94.925,49.64583],[-94.925,49.65],[-94.93125,49.65],[-94.93125,49.65417],[-94.93125,49.65833]]]}},{"type":"Feature","properties":{"c":"890281","o":"","e":""},"geometry":{"type":"Polygon","coordinates":[[[-94.99375,49.65],[-94.99375,49.65417],[-94.9875,49.65417],[-94.98125,49.65417],[-94.975,49.65417],[-94.96875,49.65417],[-94.9625,49.65417],[-94.95625,49.65417],[-94.95,49.65417],[-94.95,49.65],[-94.95,49.64583],[-94.95,49.64167],[-94.95625,49.64167],[-94.9625,49.64167],[-94.96875,49.64167],[-94.975,49.64167],[-94.98125,49.64167],[-94.9875,49.64167],[-94.99375,49.64167],[-94.99375,49.64583],[-94.99375,49.65]]]}},{"type":"Feature","properties":{"c":"890283","o":"","e":""},"geometry":{"type":"Polygon","coordinates":[[[-94.95625,49.63333],[-94.95625,49.6375],[-94.9625,49.6375],[-94.9625,49.64167],[-94.95625,49.64167],[-94.95,49.64167],[-94.94375,49.64167],[-94.9375,49.64167],[-94.93125,49.64167],[-94.925,49.64167],[-94.925,49.64583],[-94.91875,49.64583],[-94.9125,49.64583],[-94.90625,49.64583],[-94.9,49.64583],[-94.9,49.64167],[-94.90625,49.64167],[-94.9125,49.64167],[-94.91875,49.64167],[-94.91875,49.6375],[-94.925,49.6375],[-94.93125,49.6375],[-94.9375,49.6375],[-94.9375,49.63333],[-94.93125,49.63333],[-94.925,49.63333],[-94.925,49.62917],[-94.925,49.625],[-94.93125,49.625],[-94.9375,49.625],[-94.94375,49.625],[-94.95,49.625],[-94.95625,49.625],[-94.95625,49.62917],[-94.95625,49.63333]]]}},{"type":"Feature","properties":{"c":"890285","o":"","e":""},"geometry":{"type":"Polygon","coordinates":[[[-94.89375,49.65417],[-94.89375,49.65833],[-94.8875,49.65833],[-94.88125,49.65833],[-94.875,49.65833],[-94.86875,49.65833],[-94.86875,49.65417],[-94.875,49.65417],[-94.88125,49.65417],[-94.8875,49.65417],[-94.8875,49.65],[-94.8875,49.64583],[-94.89375,49.64583],[-94.89375,49.65],[-94.89375,49.65417]]]}},{"type":"Feature","properties":{"c":"890287","o":"","e":""},"geometry":{"type":"Polygon","coordinates":[[[-94.86875,49.65417],[-94.86875,49.65833],[-94.8625,49.65833],[-94.85625,49.65833],[-94.85625,49.65417],[-94.8625,49.65417],[-94.86875,49.65417]]]}},{"type":"Feature","properties":{"c":"890288","o":"","e":""},"geometry":{"type":"Polygon","coordinates":[[[-94.85625,49.6625],[-94.85625,49.66667],[-94.85625,49.67083],[-94.85,49.67083],[-94.84375,49.67083],[-94.8375,49.67083],[-94.83125,49.67083],[-94.825,49.67083],[-94.81875,49.67083],[-94.8125,49.67083],[-94.8125,49.66667],[-94.81875,49.66667],[-94.81875,49.6625],[-94.81875,49.65833],[-94.81875,49.65417],[-94.825,49.65417],[-94.83125,49.65417],[-94.8375,49.65417],[-94.84375,49.65417],[-94.85,49.65417],[-94.85625,49.65417],[-94.85625,49.65833],[-94.85625,49.6625]]]}},{"type":"Feature","properties":{"c":"890289","o":"","e":""},"geometry":{"type":"Polygon","coordinates":[[[-94.86875,49.65],[-94.8625,49.65],[-94.85625,49.65],[-94.85625,49.65417],[-94.85,49.65417],[-94.84375,49.65417],[-94.8375,49.65417],[-94.83125,49.65417],[-94.825,49.65417],[-94.81875,49.65417],[-94.8125,49.65417],[-94.8125,49.65],[-94.8125,49.64583],[-94.8125,49.64167],[-94.81875,49.64167],[-94.825,49.64167],[-94.83125,49.64167],[-94.8375,49.64167],[-94.84375,49.64167],[-94.85,49.64167],[-94.85625,49.64167],[-94.8625,49.64167],[-94.86875,49.64167],[-94.86875,49.64583],[-94.86875,49.65]]]}},{"type":"Feature","properties":{"c":"890290","o":"","e":""},"geometry":{"type":"Polygon","coordinates":[[[-94.8125,49.64167],[-94.8125,49.64583],[-94.8125,49.65],[-94.8125,49.65417],[-94.80625,49.65417],[-94.8,49.65417],[-94.79375,49.65417],[-94.7875,49.65417],[-94.78125,49.65417],[-94.78125,49.65],[-94.78125,49.64583],[-94.78125,49.64167],[-94.78125,49.6375],[-94.78125,49.63333],[-94.7875,49.63333],[-94.79375,49.63333],[-94.8,49.63333],[-94.80625,49.63333],[-94.8125,49.63333],[-94.8125,49.6375],[-94.8125,49.64167]]]}},{"type":"Feature","properties":{"c":"898592","o":"","e":""},"geometry":{"type":"Polygon","coordinates":[[[-94.9375,49.63333],[-94.9375,49.6375],[-94.93125,49.6375],[-94.93125,49.63333],[-94.9375,49.63333]]]}},{"type":"Feature","properties":{"c":"898593","o":"","e":""},"geometry":{"type":"Polygon","coordinates":[[[-94.93125,49.63333],[-94.93125,49.6375],[-94.925,49.6375],[-94.925,49.63333],[-94.93125,49.63333]]]}},{"type":"Feature","properties":{"c":"898594","o":"","e":""},"geometry":{"type":"Polygon","coordinates":[[[-94.925,49.63333],[-94.925,49.6375],[-94.91875,49.6375],[-94.91875,49.63333],[-94.925,49.63333]]]}},{"type":"Feature","properties":{"c":"900052","o":"","e":""},"geometry":{"type":"Polygon","coordinates":[[[-94.95625,49.62083],[-94.95625,49.625],[-94.95,49.625],[-94.95,49.62083],[-94.95625,49.62083]]]}},{"type":"Feature","properties":{"c":"900053","o":"","e":""},"geometry":{"type":"Polygon","coordinates":[[[-94.95,49.62083],[-94.95,49.625],[-94.94375,49.625],[-94.94375,49.62083],[-94.95,49.62083]]]}},{"type":"Feature","properties":{"c":"900054","o":"","e":""},"geometry":{"type":"Polygon","coordinates":[[[-94.94375,49.62083],[-94.94375,49.625],[-94.9375,49.625],[-94.9375,49.62083],[-94.94375,49.62083]]]}},{"type":"Feature","properties":{"c":"900055","o":"","e":""},"geometry":{"type":"Polygon","coordinates":[[[-94.9375,49.62083],[-94.9375,49.625],[-94.93125,49.625],[-94.93125,49.62083],[-94.9375,49.62083]]]}},{"type":"Feature","properties":{"c":"908241","o":"","e":""},"geometry":{"type":"Polygon","coordinates":[[[-94.875,49.64167],[-94.875,49.64583],[-94.86875,49.64583],[-94.86875,49.64167],[-94.875,49.64167]]]}},{"type":"Feature","properties":{"c":"908242","o":"","e":""},"geometry":{"type":"Polygon","coordinates":[[[-94.875,49.64583],[-94.875,49.65],[-94.86875,49.65],[-94.86875,49.64583],[-94.875,49.64583]]]}},{"type":"Feature","properties":{"c":"908243","o":"","e":""},"geometry":{"type":"Polygon","coordinates":[[[-94.8625,49.65],[-94.8625,49.65417],[-94.85625,49.65417],[-94.85625,49.65],[-94.8625,49.65]]]}},{"type":"Feature","properties":{"c":"908244","o":"","e":""},"geometry":{"type":"Polygon","coordinates":[[[-94.86875,49.65],[-94.86875,49.65417],[-94.8625,49.65417],[-94.8625,49.65],[-94.86875,49.65]]]}},{"type":"Feature","properties":{"c":"908245","o":"","e":""},"geometry":{"type":"Polygon","coordinates":[[[-94.875,49.65],[-94.875,49.65417],[-94.86875,49.65417],[-94.86875,49.65],[-94.875,49.65]]]}},{"type":"Feature","properties":{"c":"908246","o":"","e":""},"geometry":{"type":"Polygon","coordinates":[[[-94.88125,49.64167],[-94.88125,49.64583],[-94.875,49.64583],[-94.875,49.64167],[-94.88125,49.64167]]]}},{"type":"Feature","properties":{"c":"890259","o":"","e":""},"geometry":{"type":"Polygon","coordinates":[[[-94.9375,49.70833],[-94.93125,49.70833],[-94.93125,49.7125],[-94.925,49.7125],[-94.91875,49.7125],[-94.9125,49.7125],[-94.90625,49.7125],[-94.9,49.7125],[-94.89375,49.7125],[-94.8875,49.7125],[-94.88125,49.7125],[-94.88125,49.70833],[-94.88125,49.70417],[-94.8875,49.70417],[-94.8875,49.7],[-94.89375,49.7],[-94.9,49.7],[-94.90625,49.7],[-94.9125,49.7],[-94.91875,49.7],[-94.925,49.7],[-94.93125,49.7],[-94.9375,49.7],[-94.9375,49.70417],[-94.9375,49.70833]]]}},{"type":"Feature","properties":{"c":"890269","o":"","e":""},"geometry":{"type":"Polygon","coordinates":[[[-94.9375,49.69583],[-94.9375,49.7],[-94.93125,49.7],[-94.925,49.7],[-94.91875,49.7],[-94.9125,49.7],[-94.90625,49.7],[-94.9,49.7],[-94.89375,49.7],[-94.8875,49.7],[-94.8875,49.69583],[-94.8875,49.69167],[-94.8875,49.6875],[-94.89375,49.6875],[-94.9,49.6875],[-94.90625,49.6875],[-94.9125,49.6875],[-94.91875,49.6875],[-94.925,49.6875],[-94.93125,49.6875],[-94.9375,49.6875],[-94.9375,49.69167],[-94.9375,49.69583]]]}},{"type":"Feature","properties":{"c":"890270","o":"","e":""},"geometry":{"type":"Polygon","coordinates":[[[-94.8875,49.6875],[-94.8875,49.69167],[-94.8875,49.69583],[-94.8875,49.7],[-94.8875,49.70417],[-94.88125,49.70417],[-94.875,49.70417],[-94.875,49.7],[-94.86875,49.7],[-94.8625,49.7],[-94.85625,49.7],[-94.85,49.7],[-94.85,49.69583],[-94.85,49.69167],[-94.85625,49.69167],[-94.8625,49.69167],[-94.86875,49.69167],[-94.875,49.69167],[-94.88125,49.69167],[-94.88125,49.6875],[-94.875,49.6875],[-94.875,49.68333],[-94.86875,49.68333],[-94.8625,49.68333],[-94.85625,49.68333],[-94.85625,49.67917],[-94.8625,49.67917],[-94.86875,49.67917],[-94.875,49.67917],[-94.88125,49.67917],[-94.8875,49.67917],[-94.8875,49.68333],[-94.8875,49.6875]]]}},{"type":"Feature","properties":{"c":"890273","o":"","e":""},"geometry":{"type":"Polygon","coordinates":[[[-94.9125,49.67083],[-94.9125,49.675],[-94.9125,49.67917],[-94.9125,49.68333],[-94.9125,49.6875],[-94.90625,49.6875],[-94.9,49.6875],[-94.89375,49.6875],[-94.8875,49.6875],[-94.8875,49.68333],[-94.8875,49.67917],[-94.8875,49.675],[-94.8875,49.67083],[-94.8875,49.66667],[-94.8875,49.6625],[-94.89375,49.6625],[-94.9,49.6625],[-94.90625,49.6625],[-94.9125,49.6625],[-94.9125,49.66667],[-94.9125,49.67083]]]}},{"type":"Feature","properties":{"c":"890274","o":"","e":""},"geometry":{"type":"Polygon","coordinates":[[[-94.8875,49.67083],[-94.8875,49.675],[-94.8875,49.67917],[-94.88125,49.67917],[-94.875,49.67917],[-94.86875,49.67917],[-94.8625,49.67917],[-94.85625,49.67917],[-94.85,49.67917],[-94.85,49.675],[-94.85,49.67083],[-94.85625,49.67083],[-94.85625,49.66667],[-94.85625,49.6625],[-94.85625,49.65833],[-94.8625,49.65833],[-94.86875,49.65833],[-94.875,49.65833],[-94.875,49.6625],[-94.88125,49.6625],[-94.8875,49.6625],[-94.8875,49.66667],[-94.8875,49.67083]]]}},{"type":"Feature","properties":{"c":"890277","o":"","e":""},"geometry":{"type":"Polygon","coordinates":[[[-94.99375,49.6625],[-94.99375,49.66667],[-94.99375,49.67083],[-94.9875,49.67083],[-94.98125,49.67083],[-94.975,49.67083],[-94.96875,49.67083],[-94.9625,49.67083],[-94.95625,49.67083],[-94.95625,49.66667],[-94.95625,49.6625],[-94.95625,49.65833],[-94.95625,49.65417],[-94.9625,49.65417],[-94.96875,49.65417],[-94.975,49.65417],[-94.98125,49.65417],[-94.9875,49.65417],[-94.99375,49.65417],[-94.99375,49.65833],[-94.99375,49.6625]]]}},{"type":"Feature","properties":{"c":"890278","o":"","e":""},"geometry":{"type":"Polygon","coordinates":[[[-94.95,49.65],[-94.95,49.65417],[-94.95625,49.65417],[-94.95625,49.65833],[-94.95,49.65833],[-94.94375,49.65833],[-94.94375,49.6625],[-94.9375,49.6625],[-94.9375,49.66667],[-94.9375,49.67083],[-94.9375,49.675],[-94.93125,49.675],[-94.925,49.675],[-94.91875,49.675],[-94.9125,49.675],[-94.9125,49.67083],[-94.9125,49.66667],[-94.9125,49.6625],[-94.91875,49.6625],[-94.925,49.6625],[-94.93125,49.6625],[-94.93125,49.65833],[-94.93125,49.65417],[-94.93125,49.65],[-94.9375,49.65],[-94.9375,49.64583],[-94.9375,49.64167],[-94.94375,49.64167],[-94.95,49.64167],[-94.95,49.64583],[-94.95,49.65]]]}},{"type":"Feature","properties":{"c":"308716","o":"","e":""},"geometry":{"type":"Polygon","coordinates":[[[-94.98125,49.6125],[-94.98125,49.61667],[-94.975,49.61667],[-94.975,49.6125],[-94.98125,49.6125]]]}},{"type":"Feature","properties":{"c":"308714","o":"","e":""},"geometry":{"type":"Polygon","coordinates":[[[-95.0,49.62083],[-95.0,49.625],[-94.99375,49.625],[-94.99375,49.62083],[-95.0,49.62083]]]}},{"type":"Feature","properties":{"c":"307454","o":"","e":""},"geometry":{"type":"Polygon","coordinates":[[[-94.99375,49.59583],[-94.99375,49.6],[-94.9875,49.6],[-94.9875,49.59583],[-94.99375,49.59583]]]}},{"type":"Feature","properties":{"c":"303441","o":"","e":""},"geometry":{"type":"Polygon","coordinates":[[[-95.0,49.59583],[-95.0,49.6],[-94.99375,49.6],[-94.99375,49.59583],[-95.0,49.59583]]]}},{"type":"Feature","properties":{"c":"1026543","o":"","e":""},"geometry":{"type":"Polygon","coordinates":[[[-94.65625,49.64583],[-94.65625,49.65],[-94.65,49.65],[-94.65,49.64583],[-94.65625,49.64583]]]}},{"type":"Feature","properties":{"c":"1026544","o":"","e":""},"geometry":{"type":"Polygon","coordinates":[[[-94.61875,49.65],[-94.61875,49.65417],[-94.6125,49.65417],[-94.6125,49.65],[-94.61875,49.65]]]}},{"type":"Feature","properties":{"c":"941772","o":"","e":""},"geometry":{"type":"Polygon","coordinates":[[[-94.9875,49.72917],[-94.9875,49.73333],[-94.98125,49.73333],[-94.98125,49.72917],[-94.9875,49.72917]]]}},{"type":"Feature","properties":{"c":"908247","o":"","e":""},"geometry":{"type":"Polygon","coordinates":[[[-94.8875,49.64167],[-94.8875,49.64583],[-94.88125,49.64583],[-94.88125,49.64167],[-94.8875,49.64167]]]}},{"type":"Feature","properties":{"c":"908248","o":"","e":""},"geometry":{"type":"Polygon","coordinates":[[[-94.89375,49.64167],[-94.89375,49.64583],[-94.8875,49.64583],[-94.8875,49.64167],[-94.89375,49.64167]]]}},{"type":"Feature","properties":{"c":"908249","o":"","e":""},"geometry":{"type":"Polygon","coordinates":[[[-94.88125,49.64583],[-94.88125,49.65],[-94.875,49.65],[-94.875,49.64583],[-94.88125,49.64583]]]}},{"type":"Feature","properties":{"c":"908250","o":"","e":""},"geometry":{"type":"Polygon","coordinates":[[[-94.8875,49.64583],[-94.8875,49.65],[-94.88125,49.65],[-94.88125,49.64583],[-94.8875,49.64583]]]}},{"type":"Feature","properties":{"c":"908252","o":"","e":""},"geometry":{"type":"Polygon","coordinates":[[[-94.88125,49.65],[-94.88125,49.65417],[-94.875,49.65417],[-94.875,49.65],[-94.88125,49.65]]]}},{"type":"Feature","properties":{"c":"908254","o":"","e":""},"geometry":{"type":"Polygon","coordinates":[[[-94.8875,49.65],[-94.8875,49.65417],[-94.88125,49.65417],[-94.88125,49.65],[-94.8875,49.65]]]}},{"type":"Feature","properties":{"c":"926391","o":"","e":""},"geometry":{"type":"Polygon","coordinates":[[[-94.95625,49.65833],[-94.95625,49.6625],[-94.95,49.6625],[-94.95,49.65833],[-94.95625,49.65833]]]}},{"type":"Feature","properties":{"c":"926392","o":"","e":""},"geometry":{"type":"Polygon","coordinates":[[[-94.95,49.65833],[-94.95,49.6625],[-94.94375,49.6625],[-94.94375,49.65833],[-94.95,49.65833]]]}},{"type":"Feature","properties":{"c":"926393","o":"","e":""},"geometry":{"type":"Polygon","coordinates":[[[-94.93125,49.675],[-94.93125,49.67917],[-94.925,49.67917],[-94.925,49.675],[-94.93125,49.675]]]}},{"type":"Feature","properties":{"c":"926394","o":"","e":""},"geometry":{"type":"Polygon","coordinates":[[[-94.925,49.675],[-94.925,49.67917],[-94.91875,49.67917],[-94.91875,49.675],[-94.925,49.675]]]}},{"type":"Feature","properties":{"c":"168209","o":"","e":""},"geometry":{"type":"Polygon","coordinates":[[[-94.9625,49.58333],[-94.9625,49.5875],[-94.95625,49.5875],[-94.95625,49.58333],[-94.9625,49.58333]]]}},{"type":"Feature","properties":{"c":"941773","o":"","e":""},"geometry":{"type":"Polygon","coordinates":[[[-94.99375,49.72917],[-94.99375,49.73333],[-94.9875,49.73333],[-94.9875,49.72917],[-94.99375,49.72917]]]}},{"type":"Feature","properties":{"c":"890293","o":"","e":""},"geometry":{"type":"Polygon","coordinates":[[[-94.84375,49.6125],[-94.84375,49.61667],[-94.84375,49.62083],[-94.84375,49.625],[-94.8375,49.625],[-94.83125,49.625],[-94.825,49.625],[-94.81875,49.625],[-94.81875,49.62083],[-94.8125,49.62083],[-94.8125,49.61667],[-94.8125,49.6125],[-94.8125,49.60833],[-94.8125,49.60417],[-94.81875,49.60417],[-94.825,49.60417],[-94.83125,49.60417],[-94.8375,49.60417],[-94.84375,49.60417],[-94.84375,49.60833],[-94.84375,49.6125]]]}},{"type":"Feature","properties":{"c":"941774","o":"","e":""},"geometry":{"type":"Polygon","coordinates":[[[-94.95,49.72917],[-94.95,49.73333],[-94.94375,49.73333],[-94.94375,49.72917],[-94.95,49.72917]]]}},{"type":"Feature","properties":{"c":"941775","o":"","e":""},"geometry":{"type":"Polygon","coordinates":[[[-94.95625,49.72917],[-94.95625,49.73333],[-94.95,49.73333],[-94.95,49.72917],[-94.95625,49.72917]]]}},{"type":"Feature","properties":{"c":"941776","o":"","e":""},"geometry":{"type":"Polygon","coordinates":[[[-94.9625,49.72917],[-94.9625,49.73333],[-94.95625,49.73333],[-94.95625,49.72917],[-94.9625,49.72917]]]}},{"type":"Feature","properties":{"c":"941777","o":"","e":""},"geometry":{"type":"Polygon","coordinates":[[[-94.96875,49.72917],[-94.96875,49.73333],[-94.9625,49.73333],[-94.9625,49.72917],[-94.96875,49.72917]]]}},{"type":"Feature","properties":{"c":"941778","o":"","e":""},"geometry":{"type":"Polygon","coordinates":[[[-94.975,49.72917],[-94.975,49.73333],[-94.96875,49.73333],[-94.96875,49.72917],[-94.975,49.72917]]]}},{"type":"Feature","properties":{"c":"941779","o":"","e":""},"geometry":{"type":"Polygon","coordinates":[[[-94.98125,49.72917],[-94.98125,49.73333],[-94.975,49.73333],[-94.975,49.72917],[-94.98125,49.72917]]]}},{"type":"Feature","properties":{"c":"890258","o":"","e":""},"geometry":{"type":"Polygon","coordinates":[[[-94.9625,49.69167],[-94.9625,49.69583],[-94.9625,49.7],[-94.9625,49.70417],[-94.9625,49.70833],[-94.95625,49.70833],[-94.95,49.70833],[-94.94375,49.70833],[-94.9375,49.70833],[-94.9375,49.70417],[-94.9375,49.7],[-94.9375,49.69583],[-94.9375,49.69167],[-94.9375,49.6875],[-94.93125,49.6875],[-94.93125,49.68333],[-94.9375,49.68333],[-94.94375,49.68333],[-94.95,49.68333],[-94.95625,49.68333],[-94.9625,49.68333],[-94.9625,49.6875],[-94.9625,49.69167]]]}},{"type":"Feature","properties":{"c":"288455","o":"","e":""},"geometry":{"type":"Polygon","coordinates":[[[-94.9875,49.6125],[-94.9875,49.61667],[-94.98125,49.61667],[-94.98125,49.6125],[-94.9875,49.6125]]]}},{"type":"Feature","properties":{"c":"288454","o":"","e":""},"geometry":{"type":"Polygon","coordinates":[[[-94.99375,49.62083],[-94.99375,49.625],[-94.9875,49.625],[-94.9875,49.62083],[-94.99375,49.62083]]]}},{"type":"Feature","properties":{"c":"267942","o":"","e":""},"geometry":{"type":"Polygon","coordinates":[[[-94.99375,49.575],[-94.99375,49.57917],[-94.9875,49.57917],[-94.9875,49.575],[-94.99375,49.575]]]}},{"type":"Feature","properties":{"c":"288456","o":"","e":""},"geometry":{"type":"Polygon","coordinates":[[[-94.9875,49.60833],[-94.9875,49.6125],[-94.98125,49.6125],[-94.98125,49.60833],[-94.9875,49.60833]]]}},{"type":"Feature","properties":{"c":"248858","o":"","e":""},"geometry":{"type":"Polygon","coordinates":[[[-94.99375,49.60417],[-94.99375,49.60833],[-94.9875,49.60833],[-94.9875,49.60417],[-94.99375,49.60417]]]}},{"type":"Feature","properties":{"c":"913603","o":"","e":""},"geometry":{"type":"Polygon","coordinates":[[[-94.93125,49.58333],[-94.93125,49.5875],[-94.925,49.5875],[-94.925,49.58333],[-94.93125,49.58333]]]}},{"type":"Feature","properties":{"c":"913604","o":"","e":""},"geometry":{"type":"Polygon","coordinates":[[[-94.9375,49.58333],[-94.9375,49.5875],[-94.93125,49.5875],[-94.93125,49.58333],[-94.9375,49.58333]]]}},{"type":"Feature","properties":{"c":"913605","o":"","e":""},"geometry":{"type":"Polygon","coordinates":[[[-94.94375,49.58333],[-94.94375,49.5875],[-94.9375,49.5875],[-94.9375,49.58333],[-94.94375,49.58333]]]}},{"type":"Feature","properties":{"c":"913606","o":"","e":""},"geometry":{"type":"Polygon","coordinates":[[[-94.93125,49.5875],[-94.93125,49.59167],[-94.925,49.59167],[-94.925,49.5875],[-94.93125,49.5875]]]}},{"type":"Feature","properties":{"c":"913607","o":"","e":""},"geometry":{"type":"Polygon","coordinates":[[[-94.9375,49.5875],[-94.9375,49.59167],[-94.93125,49.59167],[-94.93125,49.5875],[-94.9375,49.5875]]]}},{"type":"Feature","properties":{"c":"913608","o":"","e":""},"geometry":{"type":"Polygon","coordinates":[[[-94.94375,49.5875],[-94.94375,49.59167],[-94.9375,49.59167],[-94.9375,49.5875],[-94.94375,49.5875]]]}},{"type":"Feature","properties":{"c":"913620","o":"","e":""},"geometry":{"type":"Polygon","coordinates":[[[-94.95625,49.575],[-94.95625,49.57917],[-94.95,49.57917],[-94.95,49.575],[-94.95625,49.575]]]}},{"type":"Feature","properties":{"c":"913621","o":"","e":""},"geometry":{"type":"Polygon","coordinates":[[[-94.9625,49.575],[-94.9625,49.57917],[-94.95625,49.57917],[-94.95625,49.575],[-94.9625,49.575]]]}},{"type":"Feature","properties":{"c":"913622","o":"","e":""},"geometry":{"type":"Polygon","coordinates":[[[-94.925,49.57917],[-94.925,49.58333],[-94.91875,49.58333],[-94.91875,49.57917],[-94.925,49.57917]]]}},{"type":"Feature","properties":{"c":"913623","o":"","e":""},"geometry":{"type":"Polygon","coordinates":[[[-94.93125,49.57917],[-94.93125,49.58333],[-94.925,49.58333],[-94.925,49.57917],[-94.93125,49.57917]]]}},{"type":"Feature","properties":{"c":"913624","o":"","e":""},"geometry":{"type":"Polygon","coordinates":[[[-94.9375,49.57917],[-94.9375,49.58333],[-94.93125,49.58333],[-94.93125,49.57917],[-94.9375,49.57917]]]}},{"type":"Feature","properties":{"c":"913625","o":"","e":""},"geometry":{"type":"Polygon","coordinates":[[[-94.94375,49.57917],[-94.94375,49.58333],[-94.9375,49.58333],[-94.9375,49.57917],[-94.94375,49.57917]]]}},{"type":"Feature","properties":{"c":"913609","o":"","e":""},"geometry":{"type":"Polygon","coordinates":[[[-94.9125,49.56667],[-94.9125,49.57083],[-94.90625,49.57083],[-94.90625,49.56667],[-94.9125,49.56667]]]}},{"type":"Feature","properties":{"c":"913616","o":"","e":""},"geometry":{"type":"Polygon","coordinates":[[[-94.93125,49.575],[-94.93125,49.57917],[-94.925,49.57917],[-94.925,49.575],[-94.93125,49.575]]]}},{"type":"Feature","properties":{"c":"913617","o":"","e":""},"geometry":{"type":"Polygon","coordinates":[[[-94.9375,49.575],[-94.9375,49.57917],[-94.93125,49.57917],[-94.93125,49.575],[-94.9375,49.575]]]}},{"type":"Feature","properties":{"c":"913610","o":"","e":""},"geometry":{"type":"Polygon","coordinates":[[[-94.9125,49.57083],[-94.9125,49.575],[-94.90625,49.575],[-94.90625,49.57083],[-94.9125,49.57083]]]}},{"type":"Feature","properties":{"c":"913618","o":"","e":""},"geometry":{"type":"Polygon","coordinates":[[[-94.94375,49.575],[-94.94375,49.57917],[-94.9375,49.57917],[-94.9375,49.575],[-94.94375,49.575]]]}},{"type":"Feature","properties":{"c":"913611","o":"","e":""},"geometry":{"type":"Polygon","coordinates":[[[-94.91875,49.57083],[-94.91875,49.575],[-94.9125,49.575],[-94.9125,49.57083],[-94.91875,49.57083]]]}},{"type":"Feature","properties":{"c":"913612","o":"","e":""},"geometry":{"type":"Polygon","coordinates":[[[-94.925,49.57083],[-94.925,49.575],[-94.91875,49.575],[-94.91875,49.57083],[-94.925,49.57083]]]}},{"type":"Feature","properties":{"c":"913613","o":"","e":""},"geometry":{"type":"Polygon","coordinates":[[[-94.93125,49.57083],[-94.93125,49.575],[-94.925,49.575],[-94.925,49.57083],[-94.93125,49.57083]]]}},{"type":"Feature","properties":{"c":"913614","o":"","e":""},"geometry":{"type":"Polygon","coordinates":[[[-94.9375,49.57083],[-94.9375,49.575],[-94.93125,49.575],[-94.93125,49.57083],[-94.9375,49.57083]]]}},{"type":"Feature","properties":{"c":"913615","o":"","e":""},"geometry":{"type":"Polygon","coordinates":[[[-94.94375,49.57083],[-94.94375,49.575],[-94.9375,49.575],[-94.9375,49.57083],[-94.94375,49.57083]]]}},{"type":"Feature","properties":{"c":"913619","o":"","e":""},"geometry":{"type":"Polygon","coordinates":[[[-94.95,49.575],[-94.95,49.57917],[-94.94375,49.57917],[-94.94375,49.575],[-94.95,49.575]]]}},{"type":"Feature","properties":{"c":"237962","o":"","e":""},"geometry":{"type":"Polygon","coordinates":[[[-95.0,49.5875],[-95.0,49.59167],[-94.99375,49.59167],[-94.99375,49.5875],[-95.0,49.5875]]]}},{"type":"Feature","properties":{"c":"237796","o":"","e":""},"geometry":{"type":"Polygon","coordinates":[[[-95.0,49.57917],[-95.0,49.58333],[-94.99375,49.58333],[-94.99375,49.57917],[-95.0,49.57917]]]}},{"type":"Feature","properties":{"c":"234040","o":"","e":""},"geometry":{"type":"Polygon","coordinates":[[[-94.9875,49.6],[-94.9875,49.60417],[-94.98125,49.60417],[-94.98125,49.6],[-94.9875,49.6]]]}},{"type":"Feature","properties":{"c":"229351","o":"","e":""},"geometry":{"type":"Polygon","coordinates":[[[-94.99375,49.60833],[-94.99375,49.6125],[-94.9875,49.6125],[-94.9875,49.60833],[-94.99375,49.60833]]]}},{"type":"Feature","properties":{"c":"926395","o":"","e":""},"geometry":{"type":"Polygon","coordinates":[[[-94.91875,49.675],[-94.91875,49.67917],[-94.9125,49.67917],[-94.9125,49.675],[-94.91875,49.675]]]}},{"type":"Feature","properties":{"c":"926396","o":"","e":""},"geometry":{"type":"Polygon","coordinates":[[[-94.95625,49.6625],[-94.95625,49.66667],[-94.95,49.66667],[-94.95,49.6625],[-94.95625,49.6625]]]}},{"type":"Feature","properties":{"c":"890271","o":"","e":""},"geometry":{"type":"Polygon","coordinates":[[[-95.00625,49.67917],[-95.0,49.67917],[-94.99375,49.67917],[-94.9875,49.67917],[-94.98125,49.67917],[-94.98125,49.68333],[-94.975,49.68333],[-94.96875,49.68333],[-94.9625,49.68333],[-94.95625,49.68333],[-94.95,49.68333],[-94.94375,49.68333],[-94.94375,49.67917],[-94.94375,49.675],[-94.95,49.675],[-94.95625,49.675],[-94.95625,49.67083],[-94.9625,49.67083],[-94.96875,49.67083],[-94.975,49.67083],[-94.98125,49.67083],[-94.9875,49.67083],[-94.99375,49.67083],[-95.0,49.67083],[-95.00625,49.67083],[-95.00625,49.675],[-95.00625,49.67917]]]}},{"type":"Feature","properties":{"c":"926397","o":"","e":""},"geometry":{"type":"Polygon","coordinates":[[[-94.95,49.6625],[-94.95,49.66667],[-94.94375,49.66667],[-94.94375,49.6625],[-94.95,49.6625]]]}},{"type":"Feature","properties":{"c":"926400","o":"","e":""},"geometry":{"type":"Polygon","coordinates":[[[-94.95,49.67083],[-94.95,49.675],[-94.94375,49.675],[-94.94375,49.67083],[-94.95,49.67083]]]}},{"type":"Feature","properties":{"c":"926401","o":"","e":""},"geometry":{"type":"Polygon","coordinates":[[[-94.94375,49.67083],[-94.94375,49.675],[-94.9375,49.675],[-94.9375,49.67083],[-94.94375,49.67083]]]}},{"type":"Feature","properties":{"c":"926398","o":"","e":""},"geometry":{"type":"Polygon","coordinates":[[[-94.94375,49.6625],[-94.94375,49.66667],[-94.9375,49.66667],[-94.9375,49.6625],[-94.94375,49.6625]]]}},{"type":"Feature","properties":{"c":"926399","o":"","e":""},"geometry":{"type":"Polygon","coordinates":[[[-94.95625,49.67083],[-94.95625,49.675],[-94.95,49.675],[-94.95,49.67083],[-94.95625,49.67083]]]}},{"type":"Feature","properties":{"c":"926402","o":"","e":""},"geometry":{"type":"Polygon","coordinates":[[[-94.91875,49.67917],[-94.91875,49.68333],[-94.9125,49.68333],[-94.9125,49.67917],[-94.91875,49.67917]]]}},{"type":"Feature","properties":{"c":"926405","o":"","e":""},"geometry":{"type":"Polygon","coordinates":[[[-94.95625,49.66667],[-94.95625,49.67083],[-94.95,49.67083],[-94.95,49.66667],[-94.95625,49.66667]]]}},{"type":"Feature","properties":{"c":"926406","o":"","e":""},"geometry":{"type":"Polygon","coordinates":[[[-94.95,49.66667],[-94.95,49.67083],[-94.94375,49.67083],[-94.94375,49.66667],[-94.95,49.66667]]]}},{"type":"Feature","properties":{"c":"926407","o":"","e":""},"geometry":{"type":"Polygon","coordinates":[[[-94.94375,49.66667],[-94.94375,49.67083],[-94.9375,49.67083],[-94.9375,49.66667],[-94.94375,49.66667]]]}},{"type":"Feature","properties":{"c":"926408","o":"","e":""},"geometry":{"type":"Polygon","coordinates":[[[-94.9375,49.67917],[-94.9375,49.68333],[-94.93125,49.68333],[-94.93125,49.67917],[-94.9375,49.67917]]]}},{"type":"Feature","properties":{"c":"926409","o":"","e":""},"geometry":{"type":"Polygon","coordinates":[[[-94.93125,49.67917],[-94.93125,49.68333],[-94.925,49.68333],[-94.925,49.67917],[-94.93125,49.67917]]]}},{"type":"Feature","properties":{"c":"926410","o":"","e":""},"geometry":{"type":"Polygon","coordinates":[[[-94.925,49.67917],[-94.925,49.68333],[-94.91875,49.68333],[-94.91875,49.67917],[-94.925,49.67917]]]}},{"type":"Feature","properties":{"c":"926411","o":"","e":""},"geometry":{"type":"Polygon","coordinates":[[[-94.94375,49.67917],[-94.94375,49.68333],[-94.9375,49.68333],[-94.9375,49.67917],[-94.94375,49.67917]]]}},{"type":"Feature","properties":{"c":"926403","o":"","e":""},"geometry":{"type":"Polygon","coordinates":[[[-94.94375,49.675],[-94.94375,49.67917],[-94.9375,49.67917],[-94.9375,49.675],[-94.94375,49.675]]]}},{"type":"Feature","properties":{"c":"926404","o":"","e":""},"geometry":{"type":"Polygon","coordinates":[[[-94.9375,49.675],[-94.9375,49.67917],[-94.93125,49.67917],[-94.93125,49.675],[-94.9375,49.675]]]}},{"type":"Feature","properties":{"c":"945025","o":"","e":""},"geometry":{"type":"Polygon","coordinates":[[[-94.93125,49.59167],[-94.93125,49.59583],[-94.925,49.59583],[-94.925,49.59167],[-94.93125,49.59167]]]}},{"type":"Feature","properties":{"c":"945026","o":"","e":""},"geometry":{"type":"Polygon","coordinates":[[[-94.925,49.59167],[-94.925,49.59583],[-94.91875,49.59583],[-94.91875,49.59167],[-94.925,49.59167]]]}},{"type":"Feature","properties":{"c":"945027","o":"","e":""},"geometry":{"type":"Polygon","coordinates":[[[-94.93125,49.59583],[-94.93125,49.6],[-94.925,49.6],[-94.925,49.59583],[-94.93125,49.59583]]]}},{"type":"Feature","properties":{"c":"945028","o":"","e":""},"geometry":{"type":"Polygon","coordinates":[[[-94.925,49.59583],[-94.925,49.6],[-94.91875,49.6],[-94.91875,49.59583],[-94.925,49.59583]]]}},{"type":"Feature","properties":{"c":"945031","o":"","e":""},"geometry":{"type":"Polygon","coordinates":[[[-94.93125,49.6],[-94.93125,49.60417],[-94.925,49.60417],[-94.925,49.6],[-94.93125,49.6]]]}},{"type":"Feature","properties":{"c":"945032","o":"","e":""},"geometry":{"type":"Polygon","coordinates":[[[-94.925,49.6],[-94.925,49.60417],[-94.91875,49.60417],[-94.91875,49.6],[-94.925,49.6]]]}},{"type":"Feature","properties":{"c":"945029","o":"","e":""},"geometry":{"type":"Polygon","coordinates":[[[-94.91875,49.59583],[-94.91875,49.6],[-94.9125,49.6],[-94.9125,49.59583],[-94.91875,49.59583]]]}},{"type":"Feature","properties":{"c":"945030","o":"","e":""},"geometry":{"type":"Polygon","coordinates":[[[-94.9125,49.59583],[-94.9125,49.6],[-94.90625,49.6],[-94.90625,49.59583],[-94.9125,49.59583]]]}},{"type":"Feature","properties":{"c":"982318","o":"","e":""},"geometry":{"type":"Polygon","coordinates":[[[-94.825,49.67917],[-94.825,49.68333],[-94.81875,49.68333],[-94.81875,49.67917],[-94.825,49.67917]]]}},{"type":"Feature","properties":{"c":"941721","o":"","e":""},"geometry":{"type":"Polygon","coordinates":[[[-95.0,49.73333],[-95.0,49.7375],[-94.99375,49.7375],[-94.99375,49.73333],[-95.0,49.73333]]]}},{"type":"Feature","properties":{"c":"926412","o":"","e":""},"geometry":{"type":"Polygon","coordinates":[[[-94.93125,49.68333],[-94.93125,49.6875],[-94.925,49.6875],[-94.925,49.68333],[-94.93125,49.68333]]]}},{"type":"Feature","properties":{"c":"926570","o":"","e":""},"geometry":{"type":"Polygon","coordinates":[[[-94.99375,49.625],[-94.99375,49.62917],[-94.9875,49.62917],[-94.9875,49.625],[-94.99375,49.625]]]}},{"type":"Feature","properties":{"c":"890307","o":"","e":""},"geometry":{"type":"Polygon","coordinates":[[[-94.88125,49.575],[-94.88125,49.57917],[-94.88125,49.58333],[-94.88125,49.5875],[-94.88125,49.59167],[-94.875,49.59167],[-94.86875,49.59167],[-94.86875,49.59583],[-94.8625,49.59583],[-94.8625,49.6],[-94.85625,49.6],[-94.85,49.6],[-94.85,49.59583],[-94.85,49.59167],[-94.85,49.5875],[-94.85,49.58333],[-94.85625,49.58333],[-94.85625,49.57917],[-94.85625,49.575],[-94.8625,49.575],[-94.86875,49.575],[-94.86875,49.57083],[-94.875,49.57083],[-94.88125,49.57083],[-94.88125,49.575]]]}},{"type":"Feature","properties":{"c":"926413","o":"","e":""},"geometry":{"type":"Polygon","coordinates":[[[-94.925,49.68333],[-94.925,49.6875],[-94.91875,49.6875],[-94.91875,49.68333],[-94.925,49.68333]]]}},{"type":"Feature","properties":{"c":"926414","o":"","e":""},"geometry":{"type":"Polygon","coordinates":[[[-94.91875,49.68333],[-94.91875,49.6875],[-94.9125,49.6875],[-94.9125,49.68333],[-94.91875,49.68333]]]}},{"type":"Feature","properties":{"c":"926569","o":"","e":""},"geometry":{"type":"Polygon","coordinates":[[[-95.0,49.625],[-95.0,49.62917],[-94.99375,49.62917],[-94.99375,49.625],[-95.0,49.625]]]}},{"type":"Feature","properties":{"c":"926571","o":"","e":""},"geometry":{"type":"Polygon","coordinates":[[[-94.96875,49.625],[-94.96875,49.62917],[-94.9625,49.62917],[-94.9625,49.625],[-94.96875,49.625]]]}},{"type":"Feature","properties":{"c":"945017","o":"","e":""},"geometry":{"type":"Polygon","coordinates":[[[-94.8875,49.6375],[-94.8875,49.64167],[-94.88125,49.64167],[-94.88125,49.6375],[-94.8875,49.6375]]]}},{"type":"Feature","properties":{"c":"945018","o":"","e":""},"geometry":{"type":"Polygon","coordinates":[[[-94.88125,49.6375],[-94.88125,49.64167],[-94.875,49.64167],[-94.875,49.6375],[-94.88125,49.6375]]]}},{"type":"Feature","properties":{"c":"945019","o":"","e":""},"geometry":{"type":"Polygon","coordinates":[[[-94.875,49.6375],[-94.875,49.64167],[-94.86875,49.64167],[-94.86875,49.6375],[-94.875,49.6375]]]}},{"type":"Feature","properties":{"c":"945020","o":"","e":""},"geometry":{"type":"Polygon","coordinates":[[[-94.86875,49.6375],[-94.86875,49.64167],[-94.8625,49.64167],[-94.8625,49.6375],[-94.86875,49.6375]]]}},{"type":"Feature","properties":{"c":"945021","o":"","e":""},"geometry":{"type":"Polygon","coordinates":[[[-94.8625,49.6375],[-94.8625,49.64167],[-94.85625,49.64167],[-94.85625,49.6375],[-94.8625,49.6375]]]}},{"type":"Feature","properties":{"c":"890301","o":"","e":""},"geometry":{"type":"Polygon","coordinates":[[[-94.9875,49.575],[-94.9875,49.57917],[-94.98125,49.57917],[-94.975,49.57917],[-94.975,49.575],[-94.975,49.57083],[-94.98125,49.57083],[-94.98125,49.575],[-94.9875,49.575]]]}},{"type":"Feature","properties":{"c":"890292","o":"","e":""},"geometry":{"type":"Polygon","coordinates":[[[-94.8125,49.62083],[-94.8125,49.625],[-94.8125,49.62917],[-94.8125,49.63333],[-94.80625,49.63333],[-94.8,49.63333],[-94.79375,49.63333],[-94.7875,49.63333],[-94.78125,49.63333],[-94.78125,49.62917],[-94.78125,49.625],[-94.78125,49.62083],[-94.78125,49.61667],[-94.78125,49.6125],[-94.7875,49.6125],[-94.79375,49.6125],[-94.8,49.6125],[-94.80625,49.6125],[-94.8125,49.6125],[-94.8125,49.61667],[-94.8125,49.62083]]]}},{"type":"Feature","properties":{"c":"890291","o":"","e":""},"geometry":{"type":"Polygon","coordinates":[[[-94.85,49.63333],[-94.84375,49.63333],[-94.84375,49.6375],[-94.84375,49.64167],[-94.8375,49.64167],[-94.83125,49.64167],[-94.825,49.64167],[-94.81875,49.64167],[-94.8125,49.64167],[-94.8125,49.6375],[-94.8125,49.63333],[-94.8125,49.62917],[-94.8125,49.625],[-94.8125,49.62083],[-94.81875,49.62083],[-94.81875,49.625],[-94.825,49.625],[-94.83125,49.625],[-94.8375,49.625],[-94.84375,49.625],[-94.85,49.625],[-94.85,49.62917],[-94.85,49.63333]]]}},{"type":"Feature","properties":{"c":"945075","o":"","e":""},"geometry":{"type":"Polygon","coordinates":[[[-94.925,49.575],[-94.925,49.57917],[-94.91875,49.57917],[-94.91875,49.575],[-94.925,49.575]]]}},{"type":"Feature","properties":{"c":"945076","o":"","e":""},"geometry":{"type":"Polygon","coordinates":[[[-94.91875,49.575],[-94.91875,49.57917],[-94.9125,49.57917],[-94.9125,49.575],[-94.91875,49.575]]]}},{"type":"Feature","properties":{"c":"945077","o":"","e":""},"geometry":{"type":"Polygon","coordinates":[[[-94.9125,49.575],[-94.9125,49.57917],[-94.90625,49.57917],[-94.90625,49.575],[-94.9125,49.575]]]}},{"type":"Feature","properties":{"c":"945078","o":"","e":""},"geometry":{"type":"Polygon","coordinates":[[[-94.91875,49.57917],[-94.91875,49.58333],[-94.9125,49.58333],[-94.9125,49.57917],[-94.91875,49.57917]]]}},{"type":"Feature","properties":{"c":"945079","o":"","e":""},"geometry":{"type":"Polygon","coordinates":[[[-94.9125,49.57917],[-94.9125,49.58333],[-94.90625,49.58333],[-94.90625,49.57917],[-94.9125,49.57917]]]}},{"type":"Feature","properties":{"c":"945080","o":"","e":""},"geometry":{"type":"Polygon","coordinates":[[[-94.90625,49.57917],[-94.90625,49.58333],[-94.9,49.58333],[-94.9,49.57917],[-94.90625,49.57917]]]}},{"type":"Feature","properties":{"c":"945081","o":"","e":""},"geometry":{"type":"Polygon","coordinates":[[[-94.9,49.57917],[-94.9,49.58333],[-94.89375,49.58333],[-94.89375,49.57917],[-94.9,49.57917]]]}},{"type":"Feature","properties":{"c":"945082","o":"","e":""},"geometry":{"type":"Polygon","coordinates":[[[-94.925,49.58333],[-94.925,49.5875],[-94.91875,49.5875],[-94.91875,49.58333],[-94.925,49.58333]]]}},{"type":"Feature","properties":{"c":"945083","o":"","e":""},"geometry":{"type":"Polygon","coordinates":[[[-94.91875,49.58333],[-94.91875,49.5875],[-94.9125,49.5875],[-94.9125,49.58333],[-94.91875,49.58333]]]}},{"type":"Feature","properties":{"c":"941780","o":"","e":""},"geometry":{"type":"Polygon","coordinates":[[[-94.9375,49.7375],[-94.9375,49.74167],[-94.93125,49.74167],[-94.93125,49.7375],[-94.9375,49.7375]]]}},{"type":"Feature","properties":{"c":"941781","o":"","e":""},"geometry":{"type":"Polygon","coordinates":[[[-94.93125,49.7375],[-94.93125,49.74167],[-94.925,49.74167],[-94.925,49.7375],[-94.93125,49.7375]]]}},{"type":"Feature","properties":{"c":"941782","o":"","e":""},"geometry":{"type":"Polygon","coordinates":[[[-94.96875,49.73333],[-94.96875,49.7375],[-94.9625,49.7375],[-94.9625,49.73333],[-94.96875,49.73333]]]}},{"type":"Feature","properties":{"c":"941783","o":"","e":""},"geometry":{"type":"Polygon","coordinates":[[[-94.9625,49.73333],[-94.9625,49.7375],[-94.95625,49.7375],[-94.95625,49.73333],[-94.9625,49.73333]]]}},{"type":"Feature","properties":{"c":"941784","o":"","e":""},"geometry":{"type":"Polygon","coordinates":[[[-94.95625,49.73333],[-94.95625,49.7375],[-94.95,49.7375],[-94.95,49.73333],[-94.95625,49.73333]]]}},{"type":"Feature","properties":{"c":"941786","o":"","e":""},"geometry":{"type":"Polygon","coordinates":[[[-94.96875,49.74167],[-94.96875,49.74583],[-94.9625,49.74583],[-94.9625,49.74167],[-94.96875,49.74167]]]}},{"type":"Feature","properties":{"c":"941785","o":"","e":""},"geometry":{"type":"Polygon","coordinates":[[[-94.95,49.73333],[-94.95,49.7375],[-94.94375,49.7375],[-94.94375,49.73333],[-94.95,49.73333]]]}},{"type":"Feature","properties":{"c":"941787","o":"","e":""},"geometry":{"type":"Polygon","coordinates":[[[-94.9625,49.74167],[-94.9625,49.74583],[-94.95625,49.74583],[-94.95625,49.74167],[-94.9625,49.74167]]]}},{"type":"Feature","properties":{"c":"941788","o":"","e":""},"geometry":{"type":"Polygon","coordinates":[[[-94.95625,49.74167],[-94.95625,49.74583],[-94.95,49.74583],[-94.95,49.74167],[-94.95625,49.74167]]]}},{"type":"Feature","properties":{"c":"941789","o":"","e":""},"geometry":{"type":"Polygon","coordinates":[[[-94.95,49.74167],[-94.95,49.74583],[-94.94375,49.74583],[-94.94375,49.74167],[-94.95,49.74167]]]}},{"type":"Feature","properties":{"c":"941790","o":"","e":""},"geometry":{"type":"Polygon","coordinates":[[[-94.9375,49.73333],[-94.9375,49.7375],[-94.93125,49.7375],[-94.93125,49.73333],[-94.9375,49.73333]]]}},{"type":"Feature","properties":{"c":"941791","o":"","e":""},"geometry":{"type":"Polygon","coordinates":[[[-94.93125,49.73333],[-94.93125,49.7375],[-94.925,49.7375],[-94.925,49.73333],[-94.93125,49.73333]]]}},{"type":"Feature","properties":{"c":"941792","o":"","e":""},"geometry":{"type":"Polygon","coordinates":[[[-94.925,49.73333],[-94.925,49.7375],[-94.91875,49.7375],[-94.91875,49.73333],[-94.925,49.73333]]]}},{"type":"Feature","properties":{"c":"941793","o":"","e":""},"geometry":{"type":"Polygon","coordinates":[[[-94.94375,49.7375],[-94.94375,49.74167],[-94.9375,49.74167],[-94.9375,49.7375],[-94.94375,49.7375]]]}},{"type":"Feature","properties":{"c":"941794","o":"","e":""},"geometry":{"type":"Polygon","coordinates":[[[-94.95,49.7375],[-94.95,49.74167],[-94.94375,49.74167],[-94.94375,49.7375],[-94.95,49.7375]]]}},{"type":"Feature","properties":{"c":"941795","o":"","e":""},"geometry":{"type":"Polygon","coordinates":[[[-94.95625,49.7375],[-94.95625,49.74167],[-94.95,49.74167],[-94.95,49.7375],[-94.95625,49.7375]]]}},{"type":"Feature","properties":{"c":"941796","o":"","e":""},"geometry":{"type":"Polygon","coordinates":[[[-94.9625,49.7375],[-94.9625,49.74167],[-94.95625,49.74167],[-94.95625,49.7375],[-94.9625,49.7375]]]}},{"type":"Feature","properties":{"c":"941797","o":"","e":""},"geometry":{"type":"Polygon","coordinates":[[[-94.96875,49.7375],[-94.96875,49.74167],[-94.9625,49.74167],[-94.9625,49.7375],[-94.96875,49.7375]]]}},{"type":"Feature","properties":{"c":"941798","o":"","e":""},"geometry":{"type":"Polygon","coordinates":[[[-94.90625,49.72917],[-94.90625,49.73333],[-94.9,49.73333],[-94.9,49.72917],[-94.90625,49.72917]]]}},{"type":"Feature","properties":{"c":"945191","o":"","e":""},"geometry":{"type":"Polygon","coordinates":[[[-94.93125,49.64167],[-94.93125,49.64583],[-94.925,49.64583],[-94.925,49.64167],[-94.93125,49.64167]]]}},{"type":"Feature","properties":{"c":"945192","o":"","e":""},"geometry":{"type":"Polygon","coordinates":[[[-94.9375,49.64583],[-94.9375,49.65],[-94.93125,49.65],[-94.93125,49.64583],[-94.9375,49.64583]]]}},{"type":"Feature","properties":{"c":"945193","o":"","e":""},"geometry":{"type":"Polygon","coordinates":[[[-94.93125,49.64583],[-94.93125,49.65],[-94.925,49.65],[-94.925,49.64583],[-94.93125,49.64583]]]}},{"type":"Feature","properties":{"c":"945189","o":"","e":""},"geometry":{"type":"Polygon","coordinates":[[[-94.89375,49.71667],[-94.89375,49.72083],[-94.8875,49.72083],[-94.8875,49.71667],[-94.89375,49.71667]]]}},{"type":"Feature","properties":{"c":"945190","o":"","e":""},"geometry":{"type":"Polygon","coordinates":[[[-94.9375,49.64167],[-94.9375,49.64583],[-94.93125,49.64583],[-94.93125,49.64167],[-94.9375,49.64167]]]}},{"type":"Feature","properties":{"c":"945194","o":"","e":""},"geometry":{"type":"Polygon","coordinates":[[[-94.90625,49.65],[-94.90625,49.65417],[-94.9,49.65417],[-94.9,49.65],[-94.90625,49.65]]]}},{"type":"Feature","properties":{"c":"941799","o":"","e":""},"geometry":{"type":"Polygon","coordinates":[[[-94.91875,49.73333],[-94.91875,49.7375],[-94.9125,49.7375],[-94.9125,49.73333],[-94.91875,49.73333]]]}},{"type":"Feature","properties":{"c":"941800","o":"","e":""},"geometry":{"type":"Polygon","coordinates":[[[-94.91875,49.72917],[-94.91875,49.73333],[-94.9125,49.73333],[-94.9125,49.72917],[-94.91875,49.72917]]]}},{"type":"Feature","properties":{"c":"941801","o":"","e":""},"geometry":{"type":"Polygon","coordinates":[[[-94.9125,49.72917],[-94.9125,49.73333],[-94.90625,49.73333],[-94.90625,49.72917],[-94.9125,49.72917]]]}},{"type":"Feature","properties":{"c":"945022","o":"","e":""},"geometry":{"type":"Polygon","coordinates":[[[-94.85625,49.6375],[-94.85625,49.64167],[-94.85,49.64167],[-94.85,49.6375],[-94.85625,49.6375]]]}},{"type":"Feature","properties":{"c":"945023","o":"","e":""},"geometry":{"type":"Polygon","coordinates":[[[-94.85,49.6375],[-94.85,49.64167],[-94.84375,49.64167],[-94.84375,49.6375],[-94.85,49.6375]]]}},{"type":"Feature","properties":{"c":"945024","o":"","e":""},"geometry":{"type":"Polygon","coordinates":[[[-94.9,49.64167],[-94.9,49.64583],[-94.89375,49.64583],[-94.89375,49.64167],[-94.9,49.64167]]]}},{"type":"Feature","properties":{"c":"945073","o":"","e":""},"geometry":{"type":"Polygon","coordinates":[[[-94.86875,49.62083],[-94.86875,49.625],[-94.8625,49.625],[-94.8625,49.62083],[-94.86875,49.62083]]]}},{"type":"Feature","properties":{"c":"945074","o":"","e":""},"geometry":{"type":"Polygon","coordinates":[[[-94.8625,49.62083],[-94.8625,49.625],[-94.85625,49.625],[-94.85625,49.62083],[-94.8625,49.62083]]]}},{"type":"Feature","properties":{"c":"945175","o":"","e":""},"geometry":{"type":"Polygon","coordinates":[[[-94.9375,49.70833],[-94.9375,49.7125],[-94.93125,49.7125],[-94.93125,49.70833],[-94.9375,49.70833]]]}},{"type":"Feature","properties":{"c":"945176","o":"","e":""},"geometry":{"type":"Polygon","coordinates":[[[-94.9375,49.7125],[-94.9375,49.71667],[-94.93125,49.71667],[-94.93125,49.7125],[-94.9375,49.7125]]]}},{"type":"Feature","properties":{"c":"175303","o":"","e":""},"geometry":{"type":"Polygon","coordinates":[[[-94.9875,49.61667],[-94.9875,49.62083],[-94.98125,49.62083],[-94.98125,49.61667],[-94.9875,49.61667]]]}},{"type":"Feature","properties":{"c":"203580","o":"","e":""},"geometry":{"type":"Polygon","coordinates":[[[-94.99375,49.6],[-94.99375,49.60417],[-94.9875,49.60417],[-94.9875,49.6],[-94.99375,49.6]]]}},{"type":"Feature","properties":{"c":"196772","o":"","e":""},"geometry":{"type":"Polygon","coordinates":[[[-94.9875,49.59583],[-94.9875,49.6],[-94.98125,49.6],[-94.98125,49.59583],[-94.9875,49.59583]]]}},{"type":"Feature","properties":{"c":"192640","o":"","e":""},"geometry":{"type":"Polygon","coordinates":[[[-94.98125,49.62083],[-94.98125,49.625],[-94.975,49.625],[-94.975,49.62083],[-94.98125,49.62083]]]}},{"type":"Feature","properties":{"c":"945195","o":"","e":""},"geometry":{"type":"Polygon","coordinates":[[[-94.9,49.65],[-94.9,49.65417],[-94.89375,49.65417],[-94.89375,49.65],[-94.9,49.65]]]}},{"type":"Feature","properties":{"c":"960687","o":"","e":""},"geometry":{"type":"Polygon","coordinates":[[[-94.9125,49.63333],[-94.9125,49.6375],[-94.90625,49.6375],[-94.90625,49.63333],[-94.9125,49.63333]]]}},{"type":"Feature","properties":{"c":"960688","o":"","e":""},"geometry":{"type":"Polygon","coordinates":[[[-94.90625,49.63333],[-94.90625,49.6375],[-94.9,49.6375],[-94.9,49.63333],[-94.90625,49.63333]]]}},{"type":"Feature","properties":{"c":"960689","o":"","e":""},"geometry":{"type":"Polygon","coordinates":[[[-94.925,49.62917],[-94.925,49.63333],[-94.91875,49.63333],[-94.91875,49.62917],[-94.925,49.62917]]]}},{"type":"Feature","properties":{"c":"539582","o":"","e":""},"geometry":{"type":"Polygon","coordinates":[[[-94.64375,49.725],[-94.6375,49.725],[-94.6375,49.72917],[-94.63125,49.72917],[-94.63125,49.73333],[-94.625,49.73333],[-94.61875,49.73333],[-94.61875,49.7375],[-94.6125,49.7375],[-94.6125,49.74167],[-94.60625,49.74167],[-94.6,49.74167],[-94.6,49.7375],[-94.59375,49.7375],[-94.59375,49.73333],[-94.6,49.73333],[-94.6,49.72917],[-94.60625,49.72917],[-94.60625,49.725],[-94.6125,49.725],[-94.6125,49.72083],[-94.61875,49.72083],[-94.61875,49.71667],[-94.625,49.71667],[-94.63125,49.71667],[-94.6375,49.71667],[-94.64375,49.71667],[-94.64375,49.72083],[-94.64375,49.725]]]}},{"type":"Feature","properties":{"c":"895962","o":"","e":""},"geometry":{"type":"Polygon","coordinates":[[[-94.8625,49.60833],[-94.8625,49.6125],[-94.85625,49.6125],[-94.85625,49.60833],[-94.8625,49.60833]]]}},{"type":"Feature","properties":{"c":"887623","o":"","e":""},"geometry":{"type":"Polygon","coordinates":[[[-94.9375,49.56667],[-94.9375,49.57083],[-94.93125,49.57083],[-94.93125,49.56667],[-94.9375,49.56667]]]}},{"type":"Feature","properties":{"c":"168016","o":"","e":""},"geometry":{"type":"Polygon","coordinates":[[[-94.98125,49.59583],[-94.98125,49.6],[-94.975,49.6],[-94.975,49.59583],[-94.98125,49.59583]]]}},{"type":"Feature","properties":{"c":"156064","o":"","e":""},"geometry":{"type":"Polygon","coordinates":[[[-94.9875,49.57083],[-94.9875,49.575],[-94.98125,49.575],[-94.98125,49.57083],[-94.9875,49.57083]]]}},{"type":"Feature","properties":{"c":"156063","o":"","e":""},"geometry":{"type":"Polygon","coordinates":[[[-95.0,49.575],[-95.0,49.57917],[-94.99375,49.57917],[-94.99375,49.575],[-95.0,49.575]]]}},{"type":"Feature","properties":{"c":"151444","o":"","e":""},"geometry":{"type":"Polygon","coordinates":[[[-94.98125,49.6],[-94.98125,49.60417],[-94.975,49.60417],[-94.975,49.6],[-94.98125,49.6]]]}},{"type":"Feature","properties":{"c":"146044","o":"","e":""},"geometry":{"type":"Polygon","coordinates":[[[-94.99375,49.6125],[-94.99375,49.61667],[-94.9875,49.61667],[-94.9875,49.6125],[-94.99375,49.6125]]]}},{"type":"Feature","properties":{"c":"146043","o":"","e":""},"geometry":{"type":"Polygon","coordinates":[[[-94.98125,49.61667],[-94.98125,49.62083],[-94.975,49.62083],[-94.975,49.61667],[-94.98125,49.61667]]]}},{"type":"Feature","properties":{"c":"141980","o":"","e":""},"geometry":{"type":"Polygon","coordinates":[[[-94.99375,49.57083],[-94.99375,49.575],[-94.9875,49.575],[-94.9875,49.57083],[-94.99375,49.57083]]]}},{"type":"Feature","properties":{"c":"140118","o":"","e":""},"geometry":{"type":"Polygon","coordinates":[[[-95.0,49.60417],[-95.0,49.60833],[-94.99375,49.60833],[-94.99375,49.60417],[-95.0,49.60417]]]}},{"type":"Feature","properties":{"c":"162589","o":"","e":""},"geometry":{"type":"Polygon","coordinates":[[[-95.0,49.60833],[-95.0,49.6125],[-94.99375,49.6125],[-94.99375,49.60833],[-95.0,49.60833]]]}},{"type":"Feature","properties":{"c":"162588","o":"","e":""},"geometry":{"type":"Polygon","coordinates":[[[-94.9875,49.62083],[-94.9875,49.625],[-94.98125,49.625],[-94.98125,49.62083],[-94.9875,49.62083]]]}},{"type":"Feature","properties":{"c":"945011","o":"","e":""},"geometry":{"type":"Polygon","coordinates":[[[-94.85,49.63333],[-94.85,49.6375],[-94.84375,49.6375],[-94.84375,49.63333],[-94.85,49.63333]]]}},{"type":"Feature","properties":{"c":"945012","o":"","e":""},"geometry":{"type":"Polygon","coordinates":[[[-94.91875,49.6375],[-94.91875,49.64167],[-94.9125,49.64167],[-94.9125,49.6375],[-94.91875,49.6375]]]}},{"type":"Feature","properties":{"c":"945013","o":"","e":""},"geometry":{"type":"Polygon","coordinates":[[[-94.9125,49.6375],[-94.9125,49.64167],[-94.90625,49.64167],[-94.90625,49.6375],[-94.9125,49.6375]]]}},{"type":"Feature","properties":{"c":"945014","o":"","e":""},"geometry":{"type":"Polygon","coordinates":[[[-94.90625,49.6375],[-94.90625,49.64167],[-94.9,49.64167],[-94.9,49.6375],[-94.90625,49.6375]]]}},{"type":"Feature","properties":{"c":"945015","o":"","e":""},"geometry":{"type":"Polygon","coordinates":[[[-94.9,49.6375],[-94.9,49.64167],[-94.89375,49.64167],[-94.89375,49.6375],[-94.9,49.6375]]]}},{"type":"Feature","properties":{"c":"945016","o":"","e":""},"geometry":{"type":"Polygon","coordinates":[[[-94.89375,49.6375],[-94.89375,49.64167],[-94.8875,49.64167],[-94.8875,49.6375],[-94.89375,49.6375]]]}},{"type":"Feature","properties":{"c":"140117","o":"","e":""},"geometry":{"type":"Polygon","coordinates":[[[-94.98125,49.60833],[-94.98125,49.6125],[-94.975,49.6125],[-94.975,49.60833],[-94.98125,49.60833]]]}},{"type":"Feature","properties":{"c":"140115","o":"","e":""},"geometry":{"type":"Polygon","coordinates":[[[-95.0,49.6125],[-95.0,49.61667],[-94.99375,49.61667],[-94.99375,49.6125],[-95.0,49.6125]]]}},{"type":"Feature","properties":{"c":"140114","o":"","e":""},"geometry":{"type":"Polygon","coordinates":[[[-95.0,49.61667],[-95.0,49.62083],[-94.99375,49.62083],[-94.99375,49.61667],[-95.0,49.61667]]]}},{"type":"Feature","properties":{"c":"140113","o":"","e":""},"geometry":{"type":"Polygon","coordinates":[[[-94.99375,49.61667],[-94.99375,49.62083],[-94.9875,49.62083],[-94.9875,49.61667],[-94.99375,49.61667]]]}},{"type":"Feature","properties":{"c":"136504","o":"","e":""},"geometry":{"type":"Polygon","coordinates":[[[-95.0,49.58333],[-95.0,49.5875],[-94.99375,49.5875],[-94.99375,49.58333],[-95.0,49.58333]]]}},{"type":"Feature","properties":{"c":"132562","o":"","e":""},"geometry":{"type":"Polygon","coordinates":[[[-94.99375,49.59167],[-94.99375,49.59583],[-94.9875,49.59583],[-94.9875,49.59167],[-94.99375,49.59167]]]}},{"type":"Feature","properties":{"c":"132561","o":"","e":""},"geometry":{"type":"Polygon","coordinates":[[[-94.9875,49.59167],[-94.9875,49.59583],[-94.98125,49.59583],[-94.98125,49.59167],[-94.9875,49.59167]]]}},{"type":"Feature","properties":{"c":"104997","o":"","e":""},"geometry":{"type":"Polygon","coordinates":[[[-94.9875,49.60417],[-94.9875,49.60833],[-94.98125,49.60833],[-94.98125,49.60417],[-94.9875,49.60417]]]}},{"type":"Feature","properties":{"c":"104996","o":"","e":""},"geometry":{"type":"Polygon","coordinates":[[[-94.98125,49.60417],[-94.98125,49.60833],[-94.975,49.60833],[-94.975,49.60417],[-94.98125,49.60417]]]}},{"type":"Feature","properties":{"c":"945198","o":"","e":""},"geometry":{"type":"Polygon","coordinates":[[[-94.95,49.58333],[-94.95,49.5875],[-94.94375,49.5875],[-94.94375,49.58333],[-94.95,49.58333]]]}},{"type":"Feature","properties":{"c":"945200","o":"","e":""},"geometry":{"type":"Polygon","coordinates":[[[-94.9,49.72917],[-94.9,49.73333],[-94.89375,49.73333],[-94.89375,49.72917],[-94.9,49.72917]]]}},{"type":"Feature","properties":{"c":"945201","o":"","e":""},"geometry":{"type":"Polygon","coordinates":[[[-94.89375,49.72917],[-94.89375,49.73333],[-94.8875,49.73333],[-94.8875,49.72917],[-94.89375,49.72917]]]}},{"type":"Feature","properties":{"c":"945202","o":"","e":""},"geometry":{"type":"Polygon","coordinates":[[[-94.9,49.725],[-94.9,49.72917],[-94.89375,49.72917],[-94.89375,49.725],[-94.9,49.725]]]}},{"type":"Feature","properties":{"c":"945203","o":"","e":""},"geometry":{"type":"Polygon","coordinates":[[[-94.89375,49.725],[-94.89375,49.72917],[-94.8875,49.72917],[-94.8875,49.725],[-94.89375,49.725]]]}},{"type":"Feature","properties":{"c":"900056","o":"","e":""},"geometry":{"type":"Polygon","coordinates":[[[-94.9625,49.61667],[-94.9625,49.62083],[-94.95625,49.62083],[-94.95625,49.61667],[-94.9625,49.61667]]]}},{"type":"Feature","properties":{"c":"900057","o":"","e":""},"geometry":{"type":"Polygon","coordinates":[[[-94.95625,49.61667],[-94.95625,49.62083],[-94.95,49.62083],[-94.95,49.61667],[-94.95625,49.61667]]]}},{"type":"Feature","properties":{"c":"900058","o":"","e":""},"geometry":{"type":"Polygon","coordinates":[[[-94.95,49.61667],[-94.95,49.62083],[-94.94375,49.62083],[-94.94375,49.61667],[-94.95,49.61667]]]}},{"type":"Feature","properties":{"c":"900059","o":"","e":""},"geometry":{"type":"Polygon","coordinates":[[[-94.94375,49.61667],[-94.94375,49.62083],[-94.9375,49.62083],[-94.9375,49.61667],[-94.94375,49.61667]]]}},{"type":"Feature","properties":{"c":"900060","o":"","e":""},"geometry":{"type":"Polygon","coordinates":[[[-94.9375,49.61667],[-94.9375,49.62083],[-94.93125,49.62083],[-94.93125,49.61667],[-94.9375,49.61667]]]}},{"type":"Feature","properties":{"c":"900061","o":"","e":""},"geometry":{"type":"Polygon","coordinates":[[[-94.96875,49.6125],[-94.96875,49.61667],[-94.9625,49.61667],[-94.9625,49.6125],[-94.96875,49.6125]]]}},{"type":"Feature","properties":{"c":"900062","o":"","e":""},"geometry":{"type":"Polygon","coordinates":[[[-94.9625,49.6125],[-94.9625,49.61667],[-94.95625,49.61667],[-94.95625,49.6125],[-94.9625,49.6125]]]}},{"type":"Feature","properties":{"c":"900063","o":"","e":""},"geometry":{"type":"Polygon","coordinates":[[[-94.95625,49.6125],[-94.95625,49.61667],[-94.95,49.61667],[-94.95,49.6125],[-94.95625,49.6125]]]}},{"type":"Feature","properties":{"c":"900064","o":"","e":""},"geometry":{"type":"Polygon","coordinates":[[[-94.95,49.6125],[-94.95,49.61667],[-94.94375,49.61667],[-94.94375,49.6125],[-94.95,49.6125]]]}},{"type":"Feature","properties":{"c":"900065","o":"","e":""},"geometry":{"type":"Polygon","coordinates":[[[-94.94375,49.6125],[-94.94375,49.61667],[-94.9375,49.61667],[-94.9375,49.6125],[-94.94375,49.6125]]]}},{"type":"Feature","properties":{"c":"900066","o":"","e":""},"geometry":{"type":"Polygon","coordinates":[[[-94.9375,49.6125],[-94.9375,49.61667],[-94.93125,49.61667],[-94.93125,49.6125],[-94.9375,49.6125]]]}},{"type":"Feature","properties":{"c":"945164","o":"","e":""},"geometry":{"type":"Polygon","coordinates":[[[-94.9375,49.725],[-94.9375,49.72917],[-94.93125,49.72917],[-94.93125,49.725],[-94.9375,49.725]]]}},{"type":"Feature","properties":{"c":"945163","o":"","e":""},"geometry":{"type":"Polygon","coordinates":[[[-94.94375,49.725],[-94.94375,49.72917],[-94.9375,49.72917],[-94.9375,49.725],[-94.94375,49.725]]]}},{"type":"Feature","properties":{"c":"945165","o":"","e":""},"geometry":{"type":"Polygon","coordinates":[[[-94.93125,49.725],[-94.93125,49.72917],[-94.925,49.72917],[-94.925,49.725],[-94.93125,49.725]]]}},{"type":"Feature","properties":{"c":"945166","o":"","e":""},"geometry":{"type":"Polygon","coordinates":[[[-94.925,49.725],[-94.925,49.72917],[-94.91875,49.72917],[-94.91875,49.725],[-94.925,49.725]]]}},{"type":"Feature","properties":{"c":"945167","o":"","e":""},"geometry":{"type":"Polygon","coordinates":[[[-94.91875,49.725],[-94.91875,49.72917],[-94.9125,49.72917],[-94.9125,49.725],[-94.91875,49.725]]]}},{"type":"Feature","properties":{"c":"945168","o":"","e":""},"geometry":{"type":"Polygon","coordinates":[[[-94.9125,49.725],[-94.9125,49.72917],[-94.90625,49.72917],[-94.90625,49.725],[-94.9125,49.725]]]}},{"type":"Feature","properties":{"c":"945169","o":"","e":""},"geometry":{"type":"Polygon","coordinates":[[[-94.90625,49.725],[-94.90625,49.72917],[-94.9,49.72917],[-94.9,49.725],[-94.90625,49.725]]]}},{"type":"Feature","properties":{"c":"945170","o":"","e":""},"geometry":{"type":"Polygon","coordinates":[[[-94.94375,49.72917],[-94.94375,49.73333],[-94.9375,49.73333],[-94.9375,49.72917],[-94.94375,49.72917]]]}},{"type":"Feature","properties":{"c":"945171","o":"","e":""},"geometry":{"type":"Polygon","coordinates":[[[-94.9375,49.72917],[-94.9375,49.73333],[-94.93125,49.73333],[-94.93125,49.72917],[-94.9375,49.72917]]]}},{"type":"Feature","properties":{"c":"945172","o":"","e":""},"geometry":{"type":"Polygon","coordinates":[[[-94.93125,49.72917],[-94.93125,49.73333],[-94.925,49.73333],[-94.925,49.72917],[-94.93125,49.72917]]]}},{"type":"Feature","properties":{"c":"945173","o":"","e":""},"geometry":{"type":"Polygon","coordinates":[[[-94.925,49.72917],[-94.925,49.73333],[-94.91875,49.73333],[-94.91875,49.72917],[-94.925,49.72917]]]}},{"type":"Feature","properties":{"c":"271559","o":"","e":""},"geometry":{"type":"Polygon","coordinates":[[[-94.96875,49.57917],[-94.96875,49.58333],[-94.9625,49.58333],[-94.9625,49.57917],[-94.96875,49.57917]]]}},{"type":"Feature","properties":{"c":"900068","o":"","e":""},"geometry":{"type":"Polygon","coordinates":[[[-94.96875,49.60833],[-94.96875,49.6125],[-94.9625,49.6125],[-94.9625,49.60833],[-94.96875,49.60833]]]}},{"type":"Feature","properties":{"c":"900073","o":"","e":""},"geometry":{"type":"Polygon","coordinates":[[[-94.9375,49.60833],[-94.9375,49.6125],[-94.93125,49.6125],[-94.93125,49.60833],[-94.9375,49.60833]]]}},{"type":"Feature","properties":{"c":"900069","o":"","e":""},"geometry":{"type":"Polygon","coordinates":[[[-94.9625,49.60833],[-94.9625,49.6125],[-94.95625,49.6125],[-94.95625,49.60833],[-94.9625,49.60833]]]}},{"type":"Feature","properties":{"c":"900070","o":"","e":""},"geometry":{"type":"Polygon","coordinates":[[[-94.95625,49.60833],[-94.95625,49.6125],[-94.95,49.6125],[-94.95,49.60833],[-94.95625,49.60833]]]}},{"type":"Feature","properties":{"c":"900071","o":"","e":""},"geometry":{"type":"Polygon","coordinates":[[[-94.95,49.60833],[-94.95,49.6125],[-94.94375,49.6125],[-94.94375,49.60833],[-94.95,49.60833]]]}},{"type":"Feature","properties":{"c":"900072","o":"","e":""},"geometry":{"type":"Polygon","coordinates":[[[-94.94375,49.60833],[-94.94375,49.6125],[-94.9375,49.6125],[-94.9375,49.60833],[-94.94375,49.60833]]]}},{"type":"Feature","properties":{"c":"910943","o":"","e":""},"geometry":{"type":"Polygon","coordinates":[[[-94.975,49.60833],[-94.975,49.6125],[-94.96875,49.6125],[-94.96875,49.60833],[-94.975,49.60833]]]}},{"type":"Feature","properties":{"c":"539595","o":"","e":""},"geometry":{"type":"Polygon","coordinates":[[[-94.6375,49.7375],[-94.6375,49.74167],[-94.6375,49.74583],[-94.63125,49.74583],[-94.625,49.74583],[-94.61875,49.74583],[-94.6125,49.74583],[-94.60625,49.74583],[-94.6,49.74583],[-94.6,49.74167],[-94.60625,49.74167],[-94.6125,49.74167],[-94.6125,49.7375],[-94.61875,49.7375],[-94.61875,49.73333],[-94.625,49.73333],[-94.63125,49.73333],[-94.63125,49.72917],[-94.6375,49.72917],[-94.6375,49.73333],[-94.6375,49.7375]]]}},{"type":"Feature","properties":{"c":"291003","o":"","e":""},"geometry":{"type":"Polygon","coordinates":[[[-94.9625,49.57917],[-94.9625,49.58333],[-94.95625,49.58333],[-94.95625,49.57917],[-94.9625,49.57917]]]}},{"type":"Feature","properties":{"c":"539594","o":"","e":""},"geometry":{"type":"Polygon","coordinates":[[[-94.6625,49.73333],[-94.6625,49.7375],[-94.65625,49.7375],[-94.65,49.7375],[-94.65,49.74167],[-94.64375,49.74167],[-94.6375,49.74167],[-94.6375,49.7375],[-94.6375,49.73333],[-94.6375,49.72917],[-94.6375,49.725],[-94.64375,49.725],[-94.65,49.725],[-94.65625,49.725],[-94.6625,49.725],[-94.6625,49.72917],[-94.6625,49.73333]]]}},{"type":"Feature","properties":{"c":"942779","o":"","e":""},"geometry":{"type":"Polygon","coordinates":[[[-94.95625,49.57083],[-94.95625,49.575],[-94.95,49.575],[-94.95,49.57083],[-94.95625,49.57083]]]}},{"type":"Feature","properties":{"c":"942780","o":"","e":""},"geometry":{"type":"Polygon","coordinates":[[[-94.95,49.57083],[-94.95,49.575],[-94.94375,49.575],[-94.94375,49.57083],[-94.95,49.57083]]]}},{"type":"Feature","properties":{"c":"942781","o":"","e":""},"geometry":{"type":"Polygon","coordinates":[[[-94.95625,49.56667],[-94.95625,49.57083],[-94.95,49.57083],[-94.95,49.56667],[-94.95625,49.56667]]]}},{"type":"Feature","properties":{"c":"942782","o":"","e":""},"geometry":{"type":"Polygon","coordinates":[[[-94.95,49.56667],[-94.95,49.57083],[-94.94375,49.57083],[-94.94375,49.56667],[-94.95,49.56667]]]}},{"type":"Feature","properties":{"c":"1018042","o":"","e":""},"geometry":{"type":"Polygon","coordinates":[[[-94.5375,49.5],[-94.5375,49.50417],[-94.53125,49.50417],[-94.53125,49.5],[-94.5375,49.5]]]}},{"type":"Feature","properties":{"c":"1018043","o":"","e":""},"geometry":{"type":"Polygon","coordinates":[[[-94.53125,49.5],[-94.53125,49.50417],[-94.525,49.50417],[-94.525,49.5],[-94.53125,49.5]]]}},{"type":"Feature","properties":{"c":"890257","o":"","e":""},"geometry":{"type":"Polygon","coordinates":[[[-95.0125,49.70417],[-95.0125,49.70833],[-95.00625,49.70833],[-95.0,49.70833],[-94.99375,49.70833],[-94.9875,49.70833],[-94.98125,49.70833],[-94.975,49.70833],[-94.96875,49.70833],[-94.9625,49.70833],[-94.9625,49.70417],[-94.9625,49.7],[-94.9625,49.69583],[-94.96875,49.69583],[-94.975,49.69583],[-94.98125,49.69583],[-94.9875,49.69583],[-94.99375,49.69583],[-95.0,49.69583],[-95.00625,49.69583],[-95.0125,49.69583],[-95.0125,49.7],[-95.0125,49.70417]]]}},{"type":"Feature","properties":{"c":"945177","o":"","e":""},"geometry":{"type":"Polygon","coordinates":[[[-94.93125,49.7125],[-94.93125,49.71667],[-94.925,49.71667],[-94.925,49.7125],[-94.93125,49.7125]]]}},{"type":"Feature","properties":{"c":"945178","o":"","e":""},"geometry":{"type":"Polygon","coordinates":[[[-94.925,49.7125],[-94.925,49.71667],[-94.91875,49.71667],[-94.91875,49.7125],[-94.925,49.7125]]]}},{"type":"Feature","properties":{"c":"945179","o":"","e":""},"geometry":{"type":"Polygon","coordinates":[[[-94.91875,49.7125],[-94.91875,49.71667],[-94.9125,49.71667],[-94.9125,49.7125],[-94.91875,49.7125]]]}},{"type":"Feature","properties":{"c":"945180","o":"","e":""},"geometry":{"type":"Polygon","coordinates":[[[-94.9125,49.7125],[-94.9125,49.71667],[-94.90625,49.71667],[-94.90625,49.7125],[-94.9125,49.7125]]]}},{"type":"Feature","properties":{"c":"945181","o":"","e":""},"geometry":{"type":"Polygon","coordinates":[[[-94.90625,49.7125],[-94.90625,49.71667],[-94.9,49.71667],[-94.9,49.7125],[-94.90625,49.7125]]]}},{"type":"Feature","properties":{"c":"945182","o":"","e":""},"geometry":{"type":"Polygon","coordinates":[[[-94.9,49.7125],[-94.9,49.71667],[-94.89375,49.71667],[-94.89375,49.7125],[-94.9,49.7125]]]}},{"type":"Feature","properties":{"c":"945183","o":"","e":""},"geometry":{"type":"Polygon","coordinates":[[[-94.89375,49.7125],[-94.89375,49.71667],[-94.8875,49.71667],[-94.8875,49.7125],[-94.89375,49.7125]]]}},{"type":"Feature","properties":{"c":"945184","o":"","e":""},"geometry":{"type":"Polygon","coordinates":[[[-94.8875,49.7125],[-94.8875,49.71667],[-94.88125,49.71667],[-94.88125,49.7125],[-94.8875,49.7125]]]}},{"type":"Feature","properties":{"c":"945185","o":"","e":""},"geometry":{"type":"Polygon","coordinates":[[[-94.9375,49.71667],[-94.9375,49.72083],[-94.93125,49.72083],[-94.93125,49.71667],[-94.9375,49.71667]]]}},{"type":"Feature","properties":{"c":"945186","o":"","e":""},"geometry":{"type":"Polygon","coordinates":[[[-94.93125,49.71667],[-94.93125,49.72083],[-94.925,49.72083],[-94.925,49.71667],[-94.93125,49.71667]]]}},{"type":"Feature","properties":{"c":"945187","o":"","e":""},"geometry":{"type":"Polygon","coordinates":[[[-94.925,49.71667],[-94.925,49.72083],[-94.91875,49.72083],[-94.91875,49.71667],[-94.925,49.71667]]]}},{"type":"Feature","properties":{"c":"945188","o":"","e":""},"geometry":{"type":"Polygon","coordinates":[[[-94.91875,49.71667],[-94.91875,49.72083],[-94.9125,49.72083],[-94.9125,49.71667],[-94.91875,49.71667]]]}},{"type":"Feature","properties":{"c":"947644","o":"","e":""},"geometry":{"type":"Polygon","coordinates":[[[-94.925,49.5625],[-94.925,49.56667],[-94.91875,49.56667],[-94.91875,49.5625],[-94.925,49.5625]]]}},{"type":"Feature","properties":{"c":"947646","o":"","e":""},"geometry":{"type":"Polygon","coordinates":[[[-94.9375,49.5625],[-94.9375,49.56667],[-94.93125,49.56667],[-94.93125,49.5625],[-94.9375,49.5625]]]}},{"type":"Feature","properties":{"c":"947645","o":"","e":""},"geometry":{"type":"Polygon","coordinates":[[[-94.93125,49.5625],[-94.93125,49.56667],[-94.925,49.56667],[-94.925,49.5625],[-94.93125,49.5625]]]}},{"type":"Feature","properties":{"c":"947647","o":"","e":""},"geometry":{"type":"Polygon","coordinates":[[[-94.925,49.56667],[-94.925,49.57083],[-94.91875,49.57083],[-94.91875,49.56667],[-94.925,49.56667]]]}},{"type":"Feature","properties":{"c":"890253","o":"","e":""},"geometry":{"type":"Polygon","coordinates":[[[-95.0125,49.71667],[-95.0125,49.72083],[-95.0125,49.725],[-95.00625,49.725],[-95.0,49.725],[-94.99375,49.725],[-94.9875,49.725],[-94.98125,49.725],[-94.975,49.725],[-94.975,49.72083],[-94.975,49.71667],[-94.975,49.7125],[-94.975,49.70833],[-94.98125,49.70833],[-94.9875,49.70833],[-94.99375,49.70833],[-95.0,49.70833],[-95.00625,49.70833],[-95.0125,49.70833],[-95.0125,49.7125],[-95.0125,49.71667]]]}},{"type":"Feature","properties":{"c":"342606","o":"","e":""},"geometry":{"type":"Polygon","coordinates":[[[-94.96875,49.58333],[-94.96875,49.5875],[-94.9625,49.5875],[-94.9625,49.58333],[-94.96875,49.58333]]]}},{"type":"Feature","properties":{"c":"947653","o":"","e":""},"geometry":{"type":"Polygon","coordinates":[[[-94.94375,49.56667],[-94.94375,49.57083],[-94.9375,49.57083],[-94.9375,49.56667],[-94.94375,49.56667]]]}},{"type":"Feature","properties":{"c":"919849","o":"","e":""},"geometry":{"type":"Polygon","coordinates":[[[-94.59375,49.90833],[-94.59375,49.9125],[-94.5875,49.9125],[-94.5875,49.90833],[-94.59375,49.90833]]]}},{"type":"Feature","properties":{"c":"919848","o":"","e":""},"geometry":{"type":"Polygon","coordinates":[[[-94.59375,49.90417],[-94.59375,49.90833],[-94.5875,49.90833],[-94.5875,49.90417],[-94.59375,49.90417]]]}},{"type":"Feature","properties":{"c":"919850","o":"","e":""},"geometry":{"type":"Polygon","coordinates":[[[-94.59375,49.9125],[-94.59375,49.91667],[-94.5875,49.91667],[-94.5875,49.9125],[-94.59375,49.9125]]]}},{"type":"Feature","properties":{"c":"919851","o":"","e":""},"geometry":{"type":"Polygon","coordinates":[[[-94.59375,49.91667],[-94.59375,49.92083],[-94.5875,49.92083],[-94.5875,49.91667],[-94.59375,49.91667]]]}},{"type":"Feature","properties":{"c":"919852","o":"","e":""},"geometry":{"type":"Polygon","coordinates":[[[-94.59375,49.92083],[-94.59375,49.925],[-94.5875,49.925],[-94.5875,49.92083],[-94.59375,49.92083]]]}},{"type":"Feature","properties":{"c":"919853","o":"","e":""},"geometry":{"type":"Polygon","coordinates":[[[-94.59375,49.925],[-94.59375,49.92917],[-94.5875,49.92917],[-94.5875,49.925],[-94.59375,49.925]]]}},{"type":"Feature","properties":{"c":"919854","o":"","e":""},"geometry":{"type":"Polygon","coordinates":[[[-94.59375,49.92917],[-94.59375,49.93333],[-94.5875,49.93333],[-94.5875,49.92917],[-94.59375,49.92917]]]}},{"type":"Feature","properties":{"c":"919855","o":"","e":""},"geometry":{"type":"Polygon","coordinates":[[[-94.59375,49.93333],[-94.59375,49.9375],[-94.5875,49.9375],[-94.5875,49.93333],[-94.59375,49.93333]]]}},{"type":"Feature","properties":{"c":"919856","o":"","e":""},"geometry":{"type":"Polygon","coordinates":[[[-94.59375,49.9375],[-94.59375,49.94167],[-94.5875,49.94167],[-94.5875,49.9375],[-94.59375,49.9375]]]}},{"type":"Feature","properties":{"c":"919857","o":"","e":""},"geometry":{"type":"Polygon","coordinates":[[[-94.59375,49.94167],[-94.59375,49.94583],[-94.5875,49.94583],[-94.5875,49.94167],[-94.59375,49.94167]]]}},{"type":"Feature","properties":{"c":"919858","o":"","e":""},"geometry":{"type":"Polygon","coordinates":[[[-94.59375,49.94583],[-94.59375,49.95],[-94.5875,49.95],[-94.5875,49.94583],[-94.59375,49.94583]]]}},{"type":"Feature","properties":{"c":"919859","o":"","e":""},"geometry":{"type":"Polygon","coordinates":[[[-94.59375,49.95],[-94.59375,49.95417],[-94.5875,49.95417],[-94.5875,49.95],[-94.59375,49.95]]]}},{"type":"Feature","properties":{"c":"919860","o":"","e":""},"geometry":{"type":"Polygon","coordinates":[[[-94.59375,49.95417],[-94.59375,49.95833],[-94.5875,49.95833],[-94.5875,49.95417],[-94.59375,49.95417]]]}},{"type":"Feature","properties":{"c":"919861","o":"","e":""},"geometry":{"type":"Polygon","coordinates":[[[-94.59375,49.95833],[-94.59375,49.9625],[-94.5875,49.9625],[-94.5875,49.95833],[-94.59375,49.95833]]]}},{"type":"Feature","properties":{"c":"919862","o":"","e":""},"geometry":{"type":"Polygon","coordinates":[[[-94.59375,49.9625],[-94.59375,49.96667],[-94.5875,49.96667],[-94.5875,49.9625],[-94.59375,49.9625]]]}},{"type":"Feature","properties":{"c":"919863","o":"","e":""},"geometry":{"type":"Polygon","coordinates":[[[-94.59375,49.96667],[-94.59375,49.97083],[-94.5875,49.97083],[-94.5875,49.96667],[-94.59375,49.96667]]]}},{"type":"Feature","properties":{"c":"919864","o":"","e":""},"geometry":{"type":"Polygon","coordinates":[[[-94.59375,49.97083],[-94.59375,49.975],[-94.5875,49.975],[-94.5875,49.97083],[-94.59375,49.97083]]]}},{"type":"Feature","properties":{"c":"919865","o":"","e":""},"geometry":{"type":"Polygon","coordinates":[[[-94.59375,49.975],[-94.59375,49.97917],[-94.5875,49.97917],[-94.5875,49.975],[-94.59375,49.975]]]}},{"type":"Feature","properties":{"c":"919866","o":"","e":""},"geometry":{"type":"Polygon","coordinates":[[[-94.59375,49.97917],[-94.59375,49.98333],[-94.5875,49.98333],[-94.5875,49.97917],[-94.59375,49.97917]]]}},{"type":"Feature","properties":{"c":"919867","o":"","e":""},"geometry":{"type":"Polygon","coordinates":[[[-94.59375,49.98333],[-94.59375,49.9875],[-94.5875,49.9875],[-94.5875,49.98333],[-94.59375,49.98333]]]}},{"type":"Feature","properties":{"c":"919868","o":"","e":""},"geometry":{"type":"Polygon","coordinates":[[[-94.59375,49.9875],[-94.59375,49.99167],[-94.5875,49.99167],[-94.5875,49.9875],[-94.59375,49.9875]]]}},{"type":"Feature","properties":{"c":"919869","o":"","e":""},"geometry":{"type":"Polygon","coordinates":[[[-94.59375,49.99167],[-94.59375,49.99583],[-94.5875,49.99583],[-94.5875,49.99167],[-94.59375,49.99167]]]}},{"type":"Feature","properties":{"c":"919870","o":"","e":""},"geometry":{"type":"Polygon","coordinates":[[[-94.59375,49.99583],[-94.59375,50.0],[-94.5875,50.0],[-94.5875,49.99583],[-94.59375,49.99583]]]}},{"type":"Feature","properties":{"c":"926601","o":"","e":""},"geometry":{"type":"Polygon","coordinates":[[[-94.9625,49.60417],[-94.9625,49.60833],[-94.95625,49.60833],[-94.95625,49.60417],[-94.9625,49.60417]]]}},{"type":"Feature","properties":{"c":"926602","o":"","e":""},"geometry":{"type":"Polygon","coordinates":[[[-94.95625,49.60417],[-94.95625,49.60833],[-94.95,49.60833],[-94.95,49.60417],[-94.95625,49.60417]]]}},{"type":"Feature","properties":{"c":"926603","o":"","e":""},"geometry":{"type":"Polygon","coordinates":[[[-94.95,49.60417],[-94.95,49.60833],[-94.94375,49.60833],[-94.94375,49.60417],[-94.95,49.60417]]]}},{"type":"Feature","properties":{"c":"926604","o":"","e":""},"geometry":{"type":"Polygon","coordinates":[[[-94.94375,49.60417],[-94.94375,49.60833],[-94.9375,49.60833],[-94.9375,49.60417],[-94.94375,49.60417]]]}},{"type":"Feature","properties":{"c":"926605","o":"","e":""},"geometry":{"type":"Polygon","coordinates":[[[-94.9375,49.60417],[-94.9375,49.60833],[-94.93125,49.60833],[-94.93125,49.60417],[-94.9375,49.60417]]]}},{"type":"Feature","properties":{"c":"926606","o":"","e":""},"geometry":{"type":"Polygon","coordinates":[[[-94.96875,49.59167],[-94.96875,49.59583],[-94.9625,49.59583],[-94.9625,49.59167],[-94.96875,49.59167]]]}},{"type":"Feature","properties":{"c":"926607","o":"","e":""},"geometry":{"type":"Polygon","coordinates":[[[-94.95625,49.59167],[-94.95625,49.59583],[-94.95,49.59583],[-94.95,49.59167],[-94.95625,49.59167]]]}},{"type":"Feature","properties":{"c":"926608","o":"","e":""},"geometry":{"type":"Polygon","coordinates":[[[-94.95,49.59167],[-94.95,49.59583],[-94.94375,49.59583],[-94.94375,49.59167],[-94.95,49.59167]]]}},{"type":"Feature","properties":{"c":"926609","o":"","e":""},"geometry":{"type":"Polygon","coordinates":[[[-94.975,49.6],[-94.975,49.60417],[-94.96875,49.60417],[-94.96875,49.6],[-94.975,49.6]]]}},{"type":"Feature","properties":{"c":"926610","o":"","e":""},"geometry":{"type":"Polygon","coordinates":[[[-94.96875,49.6],[-94.96875,49.60417],[-94.9625,49.60417],[-94.9625,49.6],[-94.96875,49.6]]]}},{"type":"Feature","properties":{"c":"926611","o":"","e":""},"geometry":{"type":"Polygon","coordinates":[[[-94.9625,49.6],[-94.9625,49.60417],[-94.95625,49.60417],[-94.95625,49.6],[-94.9625,49.6]]]}},{"type":"Feature","properties":{"c":"926612","o":"","e":""},"geometry":{"type":"Polygon","coordinates":[[[-94.95625,49.6],[-94.95625,49.60417],[-94.95,49.60417],[-94.95,49.6],[-94.95625,49.6]]]}},{"type":"Feature","properties":{"c":"926613","o":"","e":""},"geometry":{"type":"Polygon","coordinates":[[[-94.94375,49.6],[-94.94375,49.60417],[-94.9375,49.60417],[-94.9375,49.6],[-94.94375,49.6]]]}},{"type":"Feature","properties":{"c":"926614","o":"","e":""},"geometry":{"type":"Polygon","coordinates":[[[-94.9375,49.6],[-94.9375,49.60417],[-94.93125,49.60417],[-94.93125,49.6],[-94.9375,49.6]]]}},{"type":"Feature","properties":{"c":"926615","o":"","e":""},"geometry":{"type":"Polygon","coordinates":[[[-94.975,49.59167],[-94.975,49.59583],[-94.96875,49.59583],[-94.96875,49.59167],[-94.975,49.59167]]]}},{"type":"Feature","properties":{"c":"525422","o":"","e":""},"geometry":{"type":"Polygon","coordinates":[[[-94.50625,49.51667],[-94.50625,49.52083],[-94.5,49.52083],[-94.5,49.51667],[-94.50625,49.51667]]]}},{"type":"Feature","properties":{"c":"525423","o":"","e":""},"geometry":{"type":"Polygon","coordinates":[[[-94.5125,49.51667],[-94.5125,49.52083],[-94.50625,49.52083],[-94.50625,49.51667],[-94.5125,49.51667]]]}},{"type":"Feature","properties":{"c":"525424","o":"","e":""},"geometry":{"type":"Polygon","coordinates":[[[-94.50625,49.52083],[-94.50625,49.525],[-94.5,49.525],[-94.5,49.52083],[-94.50625,49.52083]]]}},{"type":"Feature","properties":{"c":"525425","o":"","e":""},"geometry":{"type":"Polygon","coordinates":[[[-94.5125,49.52083],[-94.5125,49.525],[-94.50625,49.525],[-94.50625,49.52083],[-94.5125,49.52083]]]}},{"type":"Feature","properties":{"c":"919832","o":"","e":""},"geometry":{"type":"Polygon","coordinates":[[[-94.56875,49.84583],[-94.56875,49.85],[-94.5625,49.85],[-94.5625,49.84583],[-94.56875,49.84583]]]}},{"type":"Feature","properties":{"c":"919833","o":"","e":""},"geometry":{"type":"Polygon","coordinates":[[[-94.5625,49.84583],[-94.5625,49.85],[-94.55625,49.85],[-94.55625,49.84583],[-94.5625,49.84583]]]}},{"type":"Feature","properties":{"c":"919834","o":"","e":""},"geometry":{"type":"Polygon","coordinates":[[[-94.55625,49.84583],[-94.55625,49.85],[-94.55,49.85],[-94.55,49.84583],[-94.55625,49.84583]]]}},{"type":"Feature","properties":{"c":"919835","o":"","e":""},"geometry":{"type":"Polygon","coordinates":[[[-94.59375,49.85],[-94.59375,49.85417],[-94.5875,49.85417],[-94.5875,49.85],[-94.59375,49.85]]]}},{"type":"Feature","properties":{"c":"919836","o":"","e":""},"geometry":{"type":"Polygon","coordinates":[[[-94.59375,49.85417],[-94.59375,49.85833],[-94.5875,49.85833],[-94.5875,49.85417],[-94.59375,49.85417]]]}},{"type":"Feature","properties":{"c":"919837","o":"","e":""},"geometry":{"type":"Polygon","coordinates":[[[-94.59375,49.85833],[-94.59375,49.8625],[-94.5875,49.8625],[-94.5875,49.85833],[-94.59375,49.85833]]]}},{"type":"Feature","properties":{"c":"919838","o":"","e":""},"geometry":{"type":"Polygon","coordinates":[[[-94.59375,49.8625],[-94.59375,49.86667],[-94.5875,49.86667],[-94.5875,49.8625],[-94.59375,49.8625]]]}},{"type":"Feature","properties":{"c":"919839","o":"","e":""},"geometry":{"type":"Polygon","coordinates":[[[-94.59375,49.86667],[-94.59375,49.87083],[-94.5875,49.87083],[-94.5875,49.86667],[-94.59375,49.86667]]]}},{"type":"Feature","properties":{"c":"919840","o":"","e":""},"geometry":{"type":"Polygon","coordinates":[[[-94.59375,49.87083],[-94.59375,49.875],[-94.5875,49.875],[-94.5875,49.87083],[-94.59375,49.87083]]]}},{"type":"Feature","properties":{"c":"919841","o":"","e":""},"geometry":{"type":"Polygon","coordinates":[[[-94.59375,49.875],[-94.59375,49.87917],[-94.5875,49.87917],[-94.5875,49.875],[-94.59375,49.875]]]}},{"type":"Feature","properties":{"c":"919842","o":"","e":""},"geometry":{"type":"Polygon","coordinates":[[[-94.59375,49.87917],[-94.59375,49.88333],[-94.5875,49.88333],[-94.5875,49.87917],[-94.59375,49.87917]]]}},{"type":"Feature","properties":{"c":"919843","o":"","e":""},"geometry":{"type":"Polygon","coordinates":[[[-94.59375,49.88333],[-94.59375,49.8875],[-94.5875,49.8875],[-94.5875,49.88333],[-94.59375,49.88333]]]}},{"type":"Feature","properties":{"c":"919844","o":"","e":""},"geometry":{"type":"Polygon","coordinates":[[[-94.59375,49.8875],[-94.59375,49.89167],[-94.5875,49.89167],[-94.5875,49.8875],[-94.59375,49.8875]]]}},{"type":"Feature","properties":{"c":"919845","o":"","e":""},"geometry":{"type":"Polygon","coordinates":[[[-94.59375,49.89167],[-94.59375,49.89583],[-94.5875,49.89583],[-94.5875,49.89167],[-94.59375,49.89167]]]}},{"type":"Feature","properties":{"c":"919846","o":"","e":""},"geometry":{"type":"Polygon","coordinates":[[[-94.59375,49.89583],[-94.59375,49.9],[-94.5875,49.9],[-94.5875,49.89583],[-94.59375,49.89583]]]}},{"type":"Feature","properties":{"c":"919847","o":"","e":""},"geometry":{"type":"Polygon","coordinates":[[[-94.59375,49.9],[-94.59375,49.90417],[-94.5875,49.90417],[-94.5875,49.9],[-94.59375,49.9]]]}},{"type":"Feature","properties":{"c":"539731","o":"","e":""},"geometry":{"type":"Polygon","coordinates":[[[-94.61875,49.71667],[-94.61875,49.72083],[-94.6125,49.72083],[-94.6125,49.725],[-94.60625,49.725],[-94.60625,49.72917],[-94.6,49.72917],[-94.6,49.73333],[-94.59375,49.73333],[-94.59375,49.7375],[-94.5875,49.7375],[-94.5875,49.73333],[-94.5875,49.72917],[-94.58125,49.72917],[-94.58125,49.725],[-94.58125,49.72083],[-94.5875,49.72083],[-94.5875,49.71667],[-94.59375,49.71667],[-94.6,49.71667],[-94.60625,49.71667],[-94.6125,49.71667],[-94.61875,49.71667]]]}},{"type":"Feature","properties":{"c":"944995","o":"","e":""},"geometry":{"type":"Polygon","coordinates":[[[-94.89375,49.62917],[-94.89375,49.63333],[-94.8875,49.63333],[-94.8875,49.62917],[-94.89375,49.62917]]]}},{"type":"Feature","properties":{"c":"944996","o":"","e":""},"geometry":{"type":"Polygon","coordinates":[[[-94.8875,49.62917],[-94.8875,49.63333],[-94.88125,49.63333],[-94.88125,49.62917],[-94.8875,49.62917]]]}},{"type":"Feature","properties":{"c":"944997","o":"","e":""},"geometry":{"type":"Polygon","coordinates":[[[-94.88125,49.62917],[-94.88125,49.63333],[-94.875,49.63333],[-94.875,49.62917],[-94.88125,49.62917]]]}},{"type":"Feature","properties":{"c":"944998","o":"","e":""},"geometry":{"type":"Polygon","coordinates":[[[-94.875,49.62917],[-94.875,49.63333],[-94.86875,49.63333],[-94.86875,49.62917],[-94.875,49.62917]]]}},{"type":"Feature","properties":{"c":"944999","o":"","e":""},"geometry":{"type":"Polygon","coordinates":[[[-94.86875,49.62917],[-94.86875,49.63333],[-94.8625,49.63333],[-94.8625,49.62917],[-94.86875,49.62917]]]}},{"type":"Feature","properties":{"c":"945000","o":"","e":""},"geometry":{"type":"Polygon","coordinates":[[[-94.8625,49.62917],[-94.8625,49.63333],[-94.85625,49.63333],[-94.85625,49.62917],[-94.8625,49.62917]]]}},{"type":"Feature","properties":{"c":"945001","o":"","e":""},"geometry":{"type":"Polygon","coordinates":[[[-94.85625,49.62917],[-94.85625,49.63333],[-94.85,49.63333],[-94.85,49.62917],[-94.85625,49.62917]]]}},{"type":"Feature","properties":{"c":"945002","o":"","e":""},"geometry":{"type":"Polygon","coordinates":[[[-94.91875,49.63333],[-94.91875,49.6375],[-94.9125,49.6375],[-94.9125,49.63333],[-94.91875,49.63333]]]}},{"type":"Feature","properties":{"c":"945003","o":"","e":""},"geometry":{"type":"Polygon","coordinates":[[[-94.9,49.63333],[-94.9,49.6375],[-94.89375,49.6375],[-94.89375,49.63333],[-94.9,49.63333]]]}},{"type":"Feature","properties":{"c":"945004","o":"","e":""},"geometry":{"type":"Polygon","coordinates":[[[-94.89375,49.63333],[-94.89375,49.6375],[-94.8875,49.6375],[-94.8875,49.63333],[-94.89375,49.63333]]]}},{"type":"Feature","properties":{"c":"945005","o":"","e":""},"geometry":{"type":"Polygon","coordinates":[[[-94.8875,49.63333],[-94.8875,49.6375],[-94.88125,49.6375],[-94.88125,49.63333],[-94.8875,49.63333]]]}},{"type":"Feature","properties":{"c":"945006","o":"","e":""},"geometry":{"type":"Polygon","coordinates":[[[-94.88125,49.63333],[-94.88125,49.6375],[-94.875,49.6375],[-94.875,49.63333],[-94.88125,49.63333]]]}},{"type":"Feature","properties":{"c":"945007","o":"","e":""},"geometry":{"type":"Polygon","coordinates":[[[-94.875,49.63333],[-94.875,49.6375],[-94.86875,49.6375],[-94.86875,49.63333],[-94.875,49.63333]]]}},{"type":"Feature","properties":{"c":"945008","o":"","e":""},"geometry":{"type":"Polygon","coordinates":[[[-94.86875,49.63333],[-94.86875,49.6375],[-94.8625,49.6375],[-94.8625,49.63333],[-94.86875,49.63333]]]}},{"type":"Feature","properties":{"c":"945009","o":"","e":""},"geometry":{"type":"Polygon","coordinates":[[[-94.8625,49.63333],[-94.8625,49.6375],[-94.85625,49.6375],[-94.85625,49.63333],[-94.8625,49.63333]]]}},{"type":"Feature","properties":{"c":"945010","o":"","e":""},"geometry":{"type":"Polygon","coordinates":[[[-94.85625,49.63333],[-94.85625,49.6375],[-94.85,49.6375],[-94.85,49.63333],[-94.85625,49.63333]]]}},{"type":"Feature","properties":{"c":"944986","o":"","e":""},"geometry":{"type":"Polygon","coordinates":[[[-94.9,49.625],[-94.9,49.62917],[-94.89375,49.62917],[-94.89375,49.625],[-94.9,49.625]]]}},{"type":"Feature","properties":{"c":"944987","o":"","e":""},"geometry":{"type":"Polygon","coordinates":[[[-94.89375,49.625],[-94.89375,49.62917],[-94.8875,49.62917],[-94.8875,49.625],[-94.89375,49.625]]]}},{"type":"Feature","properties":{"c":"944988","o":"","e":""},"geometry":{"type":"Polygon","coordinates":[[[-94.8875,49.625],[-94.8875,49.62917],[-94.88125,49.62917],[-94.88125,49.625],[-94.8875,49.625]]]}},{"type":"Feature","properties":{"c":"944989","o":"","e":""},"geometry":{"type":"Polygon","coordinates":[[[-94.88125,49.625],[-94.88125,49.62917],[-94.875,49.62917],[-94.875,49.625],[-94.88125,49.625]]]}},{"type":"Feature","properties":{"c":"944990","o":"","e":""},"geometry":{"type":"Polygon","coordinates":[[[-94.875,49.625],[-94.875,49.62917],[-94.86875,49.62917],[-94.86875,49.625],[-94.875,49.625]]]}},{"type":"Feature","properties":{"c":"944991","o":"","e":""},"geometry":{"type":"Polygon","coordinates":[[[-94.86875,49.625],[-94.86875,49.62917],[-94.8625,49.62917],[-94.8625,49.625],[-94.86875,49.625]]]}},{"type":"Feature","properties":{"c":"944994","o":"","e":""},"geometry":{"type":"Polygon","coordinates":[[[-94.9,49.62917],[-94.9,49.63333],[-94.89375,49.63333],[-94.89375,49.62917],[-94.9,49.62917]]]}},{"type":"Feature","properties":{"c":"944992","o":"","e":""},"geometry":{"type":"Polygon","coordinates":[[[-94.8625,49.625],[-94.8625,49.62917],[-94.85625,49.62917],[-94.85625,49.625],[-94.8625,49.625]]]}},{"type":"Feature","properties":{"c":"944993","o":"","e":""},"geometry":{"type":"Polygon","coordinates":[[[-94.85625,49.625],[-94.85625,49.62917],[-94.85,49.62917],[-94.85,49.625],[-94.85625,49.625]]]}},{"type":"Feature","properties":{"c":"926572","o":"","e":""},"geometry":{"type":"Polygon","coordinates":[[[-94.9625,49.625],[-94.9625,49.62917],[-94.95625,49.62917],[-94.95625,49.625],[-94.9625,49.625]]]}},{"type":"Feature","properties":{"c":"926574","o":"","e":""},"geometry":{"type":"Polygon","coordinates":[[[-95.0,49.62917],[-95.0,49.63333],[-94.99375,49.63333],[-94.99375,49.62917],[-95.0,49.62917]]]}},{"type":"Feature","properties":{"c":"926575","o":"","e":""},"geometry":{"type":"Polygon","coordinates":[[[-94.99375,49.62917],[-94.99375,49.63333],[-94.9875,49.63333],[-94.9875,49.62917],[-94.99375,49.62917]]]}},{"type":"Feature","properties":{"c":"926576","o":"","e":""},"geometry":{"type":"Polygon","coordinates":[[[-94.9875,49.62917],[-94.9875,49.63333],[-94.98125,49.63333],[-94.98125,49.62917],[-94.9875,49.62917]]]}},{"type":"Feature","properties":{"c":"944984","o":"","e":""},"geometry":{"type":"Polygon","coordinates":[[[-94.875,49.62083],[-94.875,49.625],[-94.86875,49.625],[-94.86875,49.62083],[-94.875,49.62083]]]}},{"type":"Feature","properties":{"c":"926591","o":"","e":""},"geometry":{"type":"Polygon","coordinates":[[[-94.96875,49.63333],[-94.96875,49.6375],[-94.9625,49.6375],[-94.9625,49.63333],[-94.96875,49.63333]]]}},{"type":"Feature","properties":{"c":"926592","o":"","e":""},"geometry":{"type":"Polygon","coordinates":[[[-94.9625,49.63333],[-94.9625,49.6375],[-94.95625,49.6375],[-94.95625,49.63333],[-94.9625,49.63333]]]}},{"type":"Feature","properties":{"c":"944975","o":"","e":""},"geometry":{"type":"Polygon","coordinates":[[[-94.93125,49.62083],[-94.93125,49.625],[-94.925,49.625],[-94.925,49.62083],[-94.93125,49.62083]]]}},{"type":"Feature","properties":{"c":"944976","o":"","e":""},"geometry":{"type":"Polygon","coordinates":[[[-94.925,49.62083],[-94.925,49.625],[-94.91875,49.625],[-94.91875,49.62083],[-94.925,49.62083]]]}},{"type":"Feature","properties":{"c":"944985","o":"","e":""},"geometry":{"type":"Polygon","coordinates":[[[-94.925,49.625],[-94.925,49.62917],[-94.91875,49.62917],[-94.91875,49.625],[-94.925,49.625]]]}},{"type":"Feature","properties":{"c":"944977","o":"","e":""},"geometry":{"type":"Polygon","coordinates":[[[-94.91875,49.62083],[-94.91875,49.625],[-94.9125,49.625],[-94.9125,49.62083],[-94.91875,49.62083]]]}},{"type":"Feature","properties":{"c":"944978","o":"","e":""},"geometry":{"type":"Polygon","coordinates":[[[-94.9125,49.62083],[-94.9125,49.625],[-94.90625,49.625],[-94.90625,49.62083],[-94.9125,49.62083]]]}},{"type":"Feature","properties":{"c":"944979","o":"","e":""},"geometry":{"type":"Polygon","coordinates":[[[-94.90625,49.62083],[-94.90625,49.625],[-94.9,49.625],[-94.9,49.62083],[-94.90625,49.62083]]]}},{"type":"Feature","properties":{"c":"944980","o":"","e":""},"geometry":{"type":"Polygon","coordinates":[[[-94.9,49.62083],[-94.9,49.625],[-94.89375,49.625],[-94.89375,49.62083],[-94.9,49.62083]]]}},{"type":"Feature","properties":{"c":"944981","o":"","e":""},"geometry":{"type":"Polygon","coordinates":[[[-94.89375,49.62083],[-94.89375,49.625],[-94.8875,49.625],[-94.8875,49.62083],[-94.89375,49.62083]]]}},{"type":"Feature","properties":{"c":"944982","o":"","e":""},"geometry":{"type":"Polygon","coordinates":[[[-94.8875,49.62083],[-94.8875,49.625],[-94.88125,49.625],[-94.88125,49.62083],[-94.8875,49.62083]]]}},{"type":"Feature","properties":{"c":"944983","o":"","e":""},"geometry":{"type":"Polygon","coordinates":[[[-94.88125,49.62083],[-94.88125,49.625],[-94.875,49.625],[-94.875,49.62083],[-94.88125,49.62083]]]}},{"type":"Feature","properties":{"c":"939311","o":"","e":""},"geometry":{"type":"Polygon","coordinates":[[[-94.95,49.6],[-94.95,49.60417],[-94.94375,49.60417],[-94.94375,49.6],[-94.95,49.6]]]}},{"type":"Feature","properties":{"c":"939312","o":"","e":""},"geometry":{"type":"Polygon","coordinates":[[[-94.95,49.59583],[-94.95,49.6],[-94.94375,49.6],[-94.94375,49.59583],[-94.95,49.59583]]]}},{"type":"Feature","properties":{"c":"1035672","o":"","e":""},"geometry":{"type":"Polygon","coordinates":[[[-94.6125,49.65417],[-94.6125,49.65833],[-94.60625,49.65833],[-94.60625,49.65417],[-94.6125,49.65417]]]}},{"type":"Feature","properties":{"c":"926577","o":"","e":""},"geometry":{"type":"Polygon","coordinates":[[[-94.98125,49.62917],[-94.98125,49.63333],[-94.975,49.63333],[-94.975,49.62917],[-94.98125,49.62917]]]}},{"type":"Feature","properties":{"c":"926578","o":"","e":""},"geometry":{"type":"Polygon","coordinates":[[[-94.975,49.62917],[-94.975,49.63333],[-94.96875,49.63333],[-94.96875,49.62917],[-94.975,49.62917]]]}},{"type":"Feature","properties":{"c":"926579","o":"","e":""},"geometry":{"type":"Polygon","coordinates":[[[-94.96875,49.62917],[-94.96875,49.63333],[-94.9625,49.63333],[-94.9625,49.62917],[-94.96875,49.62917]]]}},{"type":"Feature","properties":{"c":"926580","o":"","e":""},"geometry":{"type":"Polygon","coordinates":[[[-94.9625,49.62917],[-94.9625,49.63333],[-94.95625,49.63333],[-94.95625,49.62917],[-94.9625,49.62917]]]}},{"type":"Feature","properties":{"c":"926581","o":"","e":""},"geometry":{"type":"Polygon","coordinates":[[[-94.99375,49.6375],[-94.99375,49.64167],[-94.9875,49.64167],[-94.9875,49.6375],[-94.99375,49.6375]]]}},{"type":"Feature","properties":{"c":"926582","o":"","e":""},"geometry":{"type":"Polygon","coordinates":[[[-94.9875,49.6375],[-94.9875,49.64167],[-94.98125,49.64167],[-94.98125,49.6375],[-94.9875,49.6375]]]}},{"type":"Feature","properties":{"c":"926583","o":"","e":""},"geometry":{"type":"Polygon","coordinates":[[[-94.98125,49.6375],[-94.98125,49.64167],[-94.975,49.64167],[-94.975,49.6375],[-94.98125,49.6375]]]}},{"type":"Feature","properties":{"c":"926584","o":"","e":""},"geometry":{"type":"Polygon","coordinates":[[[-94.975,49.6375],[-94.975,49.64167],[-94.96875,49.64167],[-94.96875,49.6375],[-94.975,49.6375]]]}},{"type":"Feature","properties":{"c":"926585","o":"","e":""},"geometry":{"type":"Polygon","coordinates":[[[-94.96875,49.6375],[-94.96875,49.64167],[-94.9625,49.64167],[-94.9625,49.6375],[-94.96875,49.6375]]]}},{"type":"Feature","properties":{"c":"926586","o":"","e":""},"geometry":{"type":"Polygon","coordinates":[[[-95.0,49.63333],[-95.0,49.6375],[-94.99375,49.6375],[-94.99375,49.63333],[-95.0,49.63333]]]}},{"type":"Feature","properties":{"c":"926587","o":"","e":""},"geometry":{"type":"Polygon","coordinates":[[[-94.99375,49.63333],[-94.99375,49.6375],[-94.9875,49.6375],[-94.9875,49.63333],[-94.99375,49.63333]]]}},{"type":"Feature","properties":{"c":"926588","o":"","e":""},"geometry":{"type":"Polygon","coordinates":[[[-94.9875,49.63333],[-94.9875,49.6375],[-94.98125,49.6375],[-94.98125,49.63333],[-94.9875,49.63333]]]}},{"type":"Feature","properties":{"c":"926589","o":"","e":""},"geometry":{"type":"Polygon","coordinates":[[[-94.98125,49.63333],[-94.98125,49.6375],[-94.975,49.6375],[-94.975,49.63333],[-94.98125,49.63333]]]}},{"type":"Feature","properties":{"c":"926590","o":"","e":""},"geometry":{"type":"Polygon","coordinates":[[[-94.975,49.63333],[-94.975,49.6375],[-94.96875,49.6375],[-94.96875,49.63333],[-94.975,49.63333]]]}},{"type":"Feature","properties":{"c":"945196","o":"","e":""},"geometry":{"type":"Polygon","coordinates":[[[-94.91875,49.5625],[-94.91875,49.56667],[-94.9125,49.56667],[-94.9125,49.5625],[-94.91875,49.5625]]]}},{"type":"Feature","properties":{"c":"945197","o":"","e":""},"geometry":{"type":"Polygon","coordinates":[[[-94.91875,49.56667],[-94.91875,49.57083],[-94.9125,49.57083],[-94.9125,49.56667],[-94.91875,49.56667]]]}},{"type":"Feature","properties":{"c":"945084","o":"","e":""},"geometry":{"type":"Polygon","coordinates":[[[-94.9125,49.58333],[-94.9125,49.5875],[-94.90625,49.5875],[-94.90625,49.58333],[-94.9125,49.58333]]]}},{"type":"Feature","properties":{"c":"945085","o":"","e":""},"geometry":{"type":"Polygon","coordinates":[[[-94.90625,49.58333],[-94.90625,49.5875],[-94.9,49.5875],[-94.9,49.58333],[-94.90625,49.58333]]]}},{"type":"Feature","properties":{"c":"945086","o":"","e":""},"geometry":{"type":"Polygon","coordinates":[[[-94.9,49.58333],[-94.9,49.5875],[-94.89375,49.5875],[-94.89375,49.58333],[-94.9,49.58333]]]}},{"type":"Feature","properties":{"c":"945087","o":"","e":""},"geometry":{"type":"Polygon","coordinates":[[[-94.89375,49.58333],[-94.89375,49.5875],[-94.8875,49.5875],[-94.8875,49.58333],[-94.89375,49.58333]]]}},{"type":"Feature","properties":{"c":"945088","o":"","e":""},"geometry":{"type":"Polygon","coordinates":[[[-94.8875,49.58333],[-94.8875,49.5875],[-94.88125,49.5875],[-94.88125,49.58333],[-94.8875,49.58333]]]}},{"type":"Feature","properties":{"c":"945089","o":"","e":""},"geometry":{"type":"Polygon","coordinates":[[[-94.925,49.5875],[-94.925,49.59167],[-94.91875,49.59167],[-94.91875,49.5875],[-94.925,49.5875]]]}},{"type":"Feature","properties":{"c":"945090","o":"","e":""},"geometry":{"type":"Polygon","coordinates":[[[-94.91875,49.5875],[-94.91875,49.59167],[-94.9125,49.59167],[-94.9125,49.5875],[-94.91875,49.5875]]]}},{"type":"Feature","properties":{"c":"945091","o":"","e":""},"geometry":{"type":"Polygon","coordinates":[[[-94.9125,49.5875],[-94.9125,49.59167],[-94.90625,49.59167],[-94.90625,49.5875],[-94.9125,49.5875]]]}},{"type":"Feature","properties":{"c":"945092","o":"","e":""},"geometry":{"type":"Polygon","coordinates":[[[-94.90625,49.5875],[-94.90625,49.59167],[-94.9,49.59167],[-94.9,49.5875],[-94.90625,49.5875]]]}},{"type":"Feature","properties":{"c":"945093","o":"","e":""},"geometry":{"type":"Polygon","coordinates":[[[-94.9,49.5875],[-94.9,49.59167],[-94.89375,49.59167],[-94.89375,49.5875],[-94.9,49.5875]]]}},{"type":"Feature","properties":{"c":"945094","o":"","e":""},"geometry":{"type":"Polygon","coordinates":[[[-94.89375,49.5875],[-94.89375,49.59167],[-94.8875,49.59167],[-94.8875,49.5875],[-94.89375,49.5875]]]}},{"type":"Feature","properties":{"c":"945095","o":"","e":""},"geometry":{"type":"Polygon","coordinates":[[[-94.8875,49.5875],[-94.8875,49.59167],[-94.88125,49.59167],[-94.88125,49.5875],[-94.8875,49.5875]]]}},{"type":"Feature","properties":{"c":"945096","o":"","e":""},"geometry":{"type":"Polygon","coordinates":[[[-94.91875,49.59167],[-94.91875,49.59583],[-94.9125,49.59583],[-94.9125,49.59167],[-94.91875,49.59167]]]}},{"type":"Feature","properties":{"c":"945097","o":"","e":""},"geometry":{"type":"Polygon","coordinates":[[[-94.89375,49.59167],[-94.89375,49.59583],[-94.8875,49.59583],[-94.8875,49.59167],[-94.89375,49.59167]]]}},{"type":"Feature","properties":{"c":"945098","o":"","e":""},"geometry":{"type":"Polygon","coordinates":[[[-94.8875,49.59167],[-94.8875,49.59583],[-94.88125,49.59583],[-94.88125,49.59167],[-94.8875,49.59167]]]}},{"type":"Feature","properties":{"c":"945099","o":"","e":""},"geometry":{"type":"Polygon","coordinates":[[[-94.88125,49.59167],[-94.88125,49.59583],[-94.875,49.59583],[-94.875,49.59167],[-94.88125,49.59167]]]}},{"type":"Feature","properties":{"c":"945100","o":"","e":""},"geometry":{"type":"Polygon","coordinates":[[[-94.875,49.59167],[-94.875,49.59583],[-94.86875,49.59583],[-94.86875,49.59167],[-94.875,49.59167]]]}},{"type":"Feature","properties":{"c":"945101","o":"","e":""},"geometry":{"type":"Polygon","coordinates":[[[-94.875,49.59583],[-94.875,49.6],[-94.86875,49.6],[-94.86875,49.59583],[-94.875,49.59583]]]}},{"type":"Feature","properties":{"c":"945102","o":"","e":""},"geometry":{"type":"Polygon","coordinates":[[[-94.86875,49.59583],[-94.86875,49.6],[-94.8625,49.6],[-94.8625,49.59583],[-94.86875,49.59583]]]}},{"type":"Feature","properties":{"c":"919790","o":"","e":""},"geometry":{"type":"Polygon","coordinates":[[[-94.55,49.725],[-94.55,49.72917],[-94.54375,49.72917],[-94.54375,49.725],[-94.55,49.725]]]}},{"type":"Feature","properties":{"c":"919791","o":"","e":""},"geometry":{"type":"Polygon","coordinates":[[[-94.54375,49.725],[-94.54375,49.72917],[-94.5375,49.72917],[-94.5375,49.725],[-94.54375,49.725]]]}},{"type":"Feature","properties":{"c":"919792","o":"","e":""},"geometry":{"type":"Polygon","coordinates":[[[-94.5375,49.725],[-94.5375,49.72917],[-94.53125,49.72917],[-94.53125,49.725],[-94.5375,49.725]]]}},{"type":"Feature","properties":{"c":"919793","o":"","e":""},"geometry":{"type":"Polygon","coordinates":[[[-94.53125,49.725],[-94.53125,49.72917],[-94.525,49.72917],[-94.525,49.725],[-94.53125,49.725]]]}},{"type":"Feature","properties":{"c":"919794","o":"","e":""},"geometry":{"type":"Polygon","coordinates":[[[-94.525,49.725],[-94.525,49.72917],[-94.51875,49.72917],[-94.51875,49.725],[-94.525,49.725]]]}},{"type":"Feature","properties":{"c":"919795","o":"","e":""},"geometry":{"type":"Polygon","coordinates":[[[-94.51875,49.725],[-94.51875,49.72917],[-94.5125,49.72917],[-94.5125,49.725],[-94.51875,49.725]]]}},{"type":"Feature","properties":{"c":"919796","o":"","e":""},"geometry":{"type":"Polygon","coordinates":[[[-94.5125,49.725],[-94.5125,49.72917],[-94.50625,49.72917],[-94.50625,49.725],[-94.5125,49.725]]]}},{"type":"Feature","properties":{"c":"919797","o":"","e":""},"geometry":{"type":"Polygon","coordinates":[[[-94.50625,49.725],[-94.50625,49.72917],[-94.5,49.72917],[-94.5,49.725],[-94.50625,49.725]]]}},{"type":"Feature","properties":{"c":"919799","o":"","e":""},"geometry":{"type":"Polygon","coordinates":[[[-94.55,49.72917],[-94.55,49.73333],[-94.54375,49.73333],[-94.54375,49.72917],[-94.55,49.72917]]]}},{"type":"Feature","properties":{"c":"919800","o":"","e":""},"geometry":{"type":"Polygon","coordinates":[[[-94.55,49.73333],[-94.55,49.7375],[-94.54375,49.7375],[-94.54375,49.73333],[-94.55,49.73333]]]}},{"type":"Feature","properties":{"c":"919801","o":"","e":""},"geometry":{"type":"Polygon","coordinates":[[[-94.55,49.7375],[-94.55,49.74167],[-94.54375,49.74167],[-94.54375,49.7375],[-94.55,49.7375]]]}},{"type":"Feature","properties":{"c":"919802","o":"","e":""},"geometry":{"type":"Polygon","coordinates":[[[-94.55,49.74167],[-94.55,49.74583],[-94.54375,49.74583],[-94.54375,49.74167],[-94.55,49.74167]]]}},{"type":"Feature","properties":{"c":"919803","o":"","e":""},"geometry":{"type":"Polygon","coordinates":[[[-94.55,49.74583],[-94.55,49.75],[-94.54375,49.75],[-94.54375,49.74583],[-94.55,49.74583]]]}},{"type":"Feature","properties":{"c":"919804","o":"","e":""},"geometry":{"type":"Polygon","coordinates":[[[-94.55,49.75],[-94.55,49.75417],[-94.54375,49.75417],[-94.54375,49.75],[-94.55,49.75]]]}},{"type":"Feature","properties":{"c":"919805","o":"","e":""},"geometry":{"type":"Polygon","coordinates":[[[-94.55,49.75417],[-94.55,49.75833],[-94.54375,49.75833],[-94.54375,49.75417],[-94.55,49.75417]]]}},{"type":"Feature","properties":{"c":"919806","o":"","e":""},"geometry":{"type":"Polygon","coordinates":[[[-94.55,49.75833],[-94.55,49.7625],[-94.54375,49.7625],[-94.54375,49.75833],[-94.55,49.75833]]]}},{"type":"Feature","properties":{"c":"919807","o":"","e":""},"geometry":{"type":"Polygon","coordinates":[[[-94.55,49.7625],[-94.55,49.76667],[-94.54375,49.76667],[-94.54375,49.7625],[-94.55,49.7625]]]}},{"type":"Feature","properties":{"c":"919808","o":"","e":""},"geometry":{"type":"Polygon","coordinates":[[[-94.55,49.76667],[-94.55,49.77083],[-94.54375,49.77083],[-94.54375,49.76667],[-94.55,49.76667]]]}},{"type":"Feature","properties":{"c":"919809","o":"","e":""},"geometry":{"type":"Polygon","coordinates":[[[-94.55625,49.77083],[-94.55625,49.775],[-94.55,49.775],[-94.55,49.77083],[-94.55625,49.77083]]]}},{"type":"Feature","properties":{"c":"919810","o":"","e":""},"geometry":{"type":"Polygon","coordinates":[[[-94.55,49.77083],[-94.55,49.775],[-94.54375,49.775],[-94.54375,49.77083],[-94.55,49.77083]]]}},{"type":"Feature","properties":{"c":"919811","o":"","e":""},"geometry":{"type":"Polygon","coordinates":[[[-94.55625,49.775],[-94.55625,49.77917],[-94.55,49.77917],[-94.55,49.775],[-94.55625,49.775]]]}},{"type":"Feature","properties":{"c":"919812","o":"","e":""},"geometry":{"type":"Polygon","coordinates":[[[-94.55625,49.77917],[-94.55625,49.78333],[-94.55,49.78333],[-94.55,49.77917],[-94.55625,49.77917]]]}},{"type":"Feature","properties":{"c":"919813","o":"","e":""},"geometry":{"type":"Polygon","coordinates":[[[-94.55625,49.78333],[-94.55625,49.7875],[-94.55,49.7875],[-94.55,49.78333],[-94.55625,49.78333]]]}},{"type":"Feature","properties":{"c":"919814","o":"","e":""},"geometry":{"type":"Polygon","coordinates":[[[-94.55625,49.7875],[-94.55625,49.79167],[-94.55,49.79167],[-94.55,49.7875],[-94.55625,49.7875]]]}},{"type":"Feature","properties":{"c":"919815","o":"","e":""},"geometry":{"type":"Polygon","coordinates":[[[-94.55625,49.79167],[-94.55625,49.79583],[-94.55,49.79583],[-94.55,49.79167],[-94.55625,49.79167]]]}},{"type":"Feature","properties":{"c":"919816","o":"","e":""},"geometry":{"type":"Polygon","coordinates":[[[-94.55625,49.79583],[-94.55625,49.8],[-94.55,49.8],[-94.55,49.79583],[-94.55625,49.79583]]]}},{"type":"Feature","properties":{"c":"919817","o":"","e":""},"geometry":{"type":"Polygon","coordinates":[[[-94.55625,49.8],[-94.55625,49.80417],[-94.55,49.80417],[-94.55,49.8],[-94.55625,49.8]]]}},{"type":"Feature","properties":{"c":"919819","o":"","e":""},"geometry":{"type":"Polygon","coordinates":[[[-94.55625,49.80833],[-94.55625,49.8125],[-94.55,49.8125],[-94.55,49.80833],[-94.55625,49.80833]]]}},{"type":"Feature","properties":{"c":"919818","o":"","e":""},"geometry":{"type":"Polygon","coordinates":[[[-94.55625,49.80417],[-94.55625,49.80833],[-94.55,49.80833],[-94.55,49.80417],[-94.55625,49.80417]]]}},{"type":"Feature","properties":{"c":"919820","o":"","e":""},"geometry":{"type":"Polygon","coordinates":[[[-94.55625,49.8125],[-94.55625,49.81667],[-94.55,49.81667],[-94.55,49.8125],[-94.55625,49.8125]]]}},{"type":"Feature","properties":{"c":"919821","o":"","e":""},"geometry":{"type":"Polygon","coordinates":[[[-94.55625,49.81667],[-94.55625,49.82083],[-94.55,49.82083],[-94.55,49.81667],[-94.55625,49.81667]]]}},{"type":"Feature","properties":{"c":"919822","o":"","e":""},"geometry":{"type":"Polygon","coordinates":[[[-94.55625,49.82083],[-94.55625,49.825],[-94.55,49.825],[-94.55,49.82083],[-94.55625,49.82083]]]}},{"type":"Feature","properties":{"c":"919823","o":"","e":""},"geometry":{"type":"Polygon","coordinates":[[[-94.55625,49.825],[-94.55625,49.82917],[-94.55,49.82917],[-94.55,49.825],[-94.55625,49.825]]]}},{"type":"Feature","properties":{"c":"919824","o":"","e":""},"geometry":{"type":"Polygon","coordinates":[[[-94.55625,49.82917],[-94.55625,49.83333],[-94.55,49.83333],[-94.55,49.82917],[-94.55625,49.82917]]]}},{"type":"Feature","properties":{"c":"919825","o":"","e":""},"geometry":{"type":"Polygon","coordinates":[[[-94.55625,49.83333],[-94.55625,49.8375],[-94.55,49.8375],[-94.55,49.83333],[-94.55625,49.83333]]]}},{"type":"Feature","properties":{"c":"919826","o":"","e":""},"geometry":{"type":"Polygon","coordinates":[[[-94.55625,49.8375],[-94.55625,49.84167],[-94.55,49.84167],[-94.55,49.8375],[-94.55625,49.8375]]]}},{"type":"Feature","properties":{"c":"919827","o":"","e":""},"geometry":{"type":"Polygon","coordinates":[[[-94.55625,49.84167],[-94.55625,49.84583],[-94.55,49.84583],[-94.55,49.84167],[-94.55625,49.84167]]]}},{"type":"Feature","properties":{"c":"939310","o":"","e":""},"geometry":{"type":"Polygon","coordinates":[[[-94.95,49.5875],[-94.95,49.59167],[-94.94375,49.59167],[-94.94375,49.5875],[-94.95,49.5875]]]}},{"type":"Feature","properties":{"c":"945174","o":"","e":""},"geometry":{"type":"Polygon","coordinates":[[[-94.94375,49.73333],[-94.94375,49.7375],[-94.9375,49.7375],[-94.9375,49.73333],[-94.94375,49.73333]]]}},{"type":"Feature","properties":{"c":"945199","o":"","e":""},"geometry":{"type":"Polygon","coordinates":[[[-94.9625,49.72083],[-94.9625,49.725],[-94.95625,49.725],[-94.95625,49.72083],[-94.9625,49.72083]]]}},{"type":"Feature","properties":{"c":"945033","o":"","e":""},"geometry":{"type":"Polygon","coordinates":[[[-94.91875,49.6],[-94.91875,49.60417],[-94.9125,49.60417],[-94.9125,49.6],[-94.91875,49.6]]]}},{"type":"Feature","properties":{"c":"945034","o":"","e":""},"geometry":{"type":"Polygon","coordinates":[[[-94.9125,49.6],[-94.9125,49.60417],[-94.90625,49.60417],[-94.90625,49.6],[-94.9125,49.6]]]}},{"type":"Feature","properties":{"c":"945035","o":"","e":""},"geometry":{"type":"Polygon","coordinates":[[[-94.90625,49.6],[-94.90625,49.60417],[-94.9,49.60417],[-94.9,49.6],[-94.90625,49.6]]]}},{"type":"Feature","properties":{"c":"945036","o":"","e":""},"geometry":{"type":"Polygon","coordinates":[[[-94.93125,49.60417],[-94.93125,49.60833],[-94.925,49.60833],[-94.925,49.60417],[-94.93125,49.60417]]]}},{"type":"Feature","properties":{"c":"945037","o":"","e":""},"geometry":{"type":"Polygon","coordinates":[[[-94.925,49.60417],[-94.925,49.60833],[-94.91875,49.60833],[-94.91875,49.60417],[-94.925,49.60417]]]}},{"type":"Feature","properties":{"c":"945038","o":"","e":""},"geometry":{"type":"Polygon","coordinates":[[[-94.91875,49.60417],[-94.91875,49.60833],[-94.9125,49.60833],[-94.9125,49.60417],[-94.91875,49.60417]]]}},{"type":"Feature","properties":{"c":"945039","o":"","e":""},"geometry":{"type":"Polygon","coordinates":[[[-94.9125,49.60417],[-94.9125,49.60833],[-94.90625,49.60833],[-94.90625,49.60417],[-94.9125,49.60417]]]}},{"type":"Feature","properties":{"c":"945040","o":"","e":""},"geometry":{"type":"Polygon","coordinates":[[[-94.90625,49.60417],[-94.90625,49.60833],[-94.9,49.60833],[-94.9,49.60417],[-94.90625,49.60417]]]}},{"type":"Feature","properties":{"c":"945041","o":"","e":""},"geometry":{"type":"Polygon","coordinates":[[[-94.9,49.60417],[-94.9,49.60833],[-94.89375,49.60833],[-94.89375,49.60417],[-94.9,49.60417]]]}},{"type":"Feature","properties":{"c":"945042","o":"","e":""},"geometry":{"type":"Polygon","coordinates":[[[-94.89375,49.60417],[-94.89375,49.60833],[-94.8875,49.60833],[-94.8875,49.60417],[-94.89375,49.60417]]]}},{"type":"Feature","properties":{"c":"945043","o":"","e":""},"geometry":{"type":"Polygon","coordinates":[[[-94.93125,49.60833],[-94.93125,49.6125],[-94.925,49.6125],[-94.925,49.60833],[-94.93125,49.60833]]]}},{"type":"Feature","properties":{"c":"945044","o":"","e":""},"geometry":{"type":"Polygon","coordinates":[[[-94.925,49.60833],[-94.925,49.6125],[-94.91875,49.6125],[-94.91875,49.60833],[-94.925,49.60833]]]}},{"type":"Feature","properties":{"c":"945045","o":"","e":""},"geometry":{"type":"Polygon","coordinates":[[[-94.91875,49.60833],[-94.91875,49.6125],[-94.9125,49.6125],[-94.9125,49.60833],[-94.91875,49.60833]]]}},{"type":"Feature","properties":{"c":"945046","o":"","e":""},"geometry":{"type":"Polygon","coordinates":[[[-94.9125,49.60833],[-94.9125,49.6125],[-94.90625,49.6125],[-94.90625,49.60833],[-94.9125,49.60833]]]}},{"type":"Feature","properties":{"c":"945047","o":"","e":""},"geometry":{"type":"Polygon","coordinates":[[[-94.90625,49.60833],[-94.90625,49.6125],[-94.9,49.6125],[-94.9,49.60833],[-94.90625,49.60833]]]}},{"type":"Feature","properties":{"c":"945048","o":"","e":""},"geometry":{"type":"Polygon","coordinates":[[[-94.9,49.60833],[-94.9,49.6125],[-94.89375,49.6125],[-94.89375,49.60833],[-94.9,49.60833]]]}},{"type":"Feature","properties":{"c":"945049","o":"","e":""},"geometry":{"type":"Polygon","coordinates":[[[-94.89375,49.60833],[-94.89375,49.6125],[-94.8875,49.6125],[-94.8875,49.60833],[-94.89375,49.60833]]]}},{"type":"Feature","properties":{"c":"945050","o":"","e":""},"geometry":{"type":"Polygon","coordinates":[[[-94.8875,49.60833],[-94.8875,49.6125],[-94.88125,49.6125],[-94.88125,49.60833],[-94.8875,49.60833]]]}},{"type":"Feature","properties":{"c":"945051","o":"","e":""},"geometry":{"type":"Polygon","coordinates":[[[-94.88125,49.60833],[-94.88125,49.6125],[-94.875,49.6125],[-94.875,49.60833],[-94.88125,49.60833]]]}},{"type":"Feature","properties":{"c":"945052","o":"","e":""},"geometry":{"type":"Polygon","coordinates":[[[-94.93125,49.6125],[-94.93125,49.61667],[-94.925,49.61667],[-94.925,49.6125],[-94.93125,49.6125]]]}},{"type":"Feature","properties":{"c":"945053","o":"","e":""},"geometry":{"type":"Polygon","coordinates":[[[-94.925,49.6125],[-94.925,49.61667],[-94.91875,49.61667],[-94.91875,49.6125],[-94.925,49.6125]]]}},{"type":"Feature","properties":{"c":"945054","o":"","e":""},"geometry":{"type":"Polygon","coordinates":[[[-94.91875,49.6125],[-94.91875,49.61667],[-94.9125,49.61667],[-94.9125,49.6125],[-94.91875,49.6125]]]}},{"type":"Feature","properties":{"c":"945055","o":"","e":""},"geometry":{"type":"Polygon","coordinates":[[[-94.9125,49.6125],[-94.9125,49.61667],[-94.90625,49.61667],[-94.90625,49.6125],[-94.9125,49.6125]]]}},{"type":"Feature","properties":{"c":"945056","o":"","e":""},"geometry":{"type":"Polygon","coordinates":[[[-94.90625,49.6125],[-94.90625,49.61667],[-94.9,49.61667],[-94.9,49.6125],[-94.90625,49.6125]]]}},{"type":"Feature","properties":{"c":"945057","o":"","e":""},"geometry":{"type":"Polygon","coordinates":[[[-94.9,49.6125],[-94.9,49.61667],[-94.89375,49.61667],[-94.89375,49.6125],[-94.9,49.6125]]]}},{"type":"Feature","properties":{"c":"945058","o":"","e":""},"geometry":{"type":"Polygon","coordinates":[[[-94.89375,49.6125],[-94.89375,49.61667],[-94.8875,49.61667],[-94.8875,49.6125],[-94.89375,49.6125]]]}},{"type":"Feature","properties":{"c":"945059","o":"","e":""},"geometry":{"type":"Polygon","coordinates":[[[-94.8875,49.6125],[-94.8875,49.61667],[-94.88125,49.61667],[-94.88125,49.6125],[-94.8875,49.6125]]]}},{"type":"Feature","properties":{"c":"945060","o":"","e":""},"geometry":{"type":"Polygon","coordinates":[[[-94.88125,49.6125],[-94.88125,49.61667],[-94.875,49.61667],[-94.875,49.6125],[-94.88125,49.6125]]]}},{"type":"Feature","properties":{"c":"945061","o":"","e":""},"geometry":{"type":"Polygon","coordinates":[[[-94.875,49.6125],[-94.875,49.61667],[-94.86875,49.61667],[-94.86875,49.6125],[-94.875,49.6125]]]}},{"type":"Feature","properties":{"c":"945062","o":"","e":""},"geometry":{"type":"Polygon","coordinates":[[[-94.93125,49.61667],[-94.93125,49.62083],[-94.925,49.62083],[-94.925,49.61667],[-94.93125,49.61667]]]}},{"type":"Feature","properties":{"c":"945063","o":"","e":""},"geometry":{"type":"Polygon","coordinates":[[[-94.925,49.61667],[-94.925,49.62083],[-94.91875,49.62083],[-94.91875,49.61667],[-94.925,49.61667]]]}},{"type":"Feature","properties":{"c":"945064","o":"","e":""},"geometry":{"type":"Polygon","coordinates":[[[-94.91875,49.61667],[-94.91875,49.62083],[-94.9125,49.62083],[-94.9125,49.61667],[-94.91875,49.61667]]]}},{"type":"Feature","properties":{"c":"945065","o":"","e":""},"geometry":{"type":"Polygon","coordinates":[[[-94.9125,49.61667],[-94.9125,49.62083],[-94.90625,49.62083],[-94.90625,49.61667],[-94.9125,49.61667]]]}},{"type":"Feature","properties":{"c":"945066","o":"","e":""},"geometry":{"type":"Polygon","coordinates":[[[-94.90625,49.61667],[-94.90625,49.62083],[-94.9,49.62083],[-94.9,49.61667],[-94.90625,49.61667]]]}},{"type":"Feature","properties":{"c":"945067","o":"","e":""},"geometry":{"type":"Polygon","coordinates":[[[-94.9,49.61667],[-94.9,49.62083],[-94.89375,49.62083],[-94.89375,49.61667],[-94.9,49.61667]]]}},{"type":"Feature","properties":{"c":"945068","o":"","e":""},"geometry":{"type":"Polygon","coordinates":[[[-94.89375,49.61667],[-94.89375,49.62083],[-94.8875,49.62083],[-94.8875,49.61667],[-94.89375,49.61667]]]}},{"type":"Feature","properties":{"c":"945069","o":"","e":""},"geometry":{"type":"Polygon","coordinates":[[[-94.8875,49.61667],[-94.8875,49.62083],[-94.88125,49.62083],[-94.88125,49.61667],[-94.8875,49.61667]]]}},{"type":"Feature","properties":{"c":"945070","o":"","e":""},"geometry":{"type":"Polygon","coordinates":[[[-94.88125,49.61667],[-94.88125,49.62083],[-94.875,49.62083],[-94.875,49.61667],[-94.88125,49.61667]]]}},{"type":"Feature","properties":{"c":"945071","o":"","e":""},"geometry":{"type":"Polygon","coordinates":[[[-94.875,49.61667],[-94.875,49.62083],[-94.86875,49.62083],[-94.86875,49.61667],[-94.875,49.61667]]]}},{"type":"Feature","properties":{"c":"945072","o":"","e":""},"geometry":{"type":"Polygon","coordinates":[[[-94.86875,49.61667],[-94.86875,49.62083],[-94.8625,49.62083],[-94.8625,49.61667],[-94.86875,49.61667]]]}},{"type":"Feature","properties":{"c":"919828","o":"","e":""},"geometry":{"type":"Polygon","coordinates":[[[-94.59375,49.84583],[-94.59375,49.85],[-94.5875,49.85],[-94.5875,49.84583],[-94.59375,49.84583]]]}},{"type":"Feature","properties":{"c":"919829","o":"","e":""},"geometry":{"type":"Polygon","coordinates":[[[-94.5875,49.84583],[-94.5875,49.85],[-94.58125,49.85],[-94.58125,49.84583],[-94.5875,49.84583]]]}},{"type":"Feature","properties":{"c":"919830","o":"","e":""},"geometry":{"type":"Polygon","coordinates":[[[-94.58125,49.84583],[-94.58125,49.85],[-94.575,49.85],[-94.575,49.84583],[-94.58125,49.84583]]]}},{"type":"Feature","properties":{"c":"919831","o":"","e":""},"geometry":{"type":"Polygon","coordinates":[[[-94.575,49.84583],[-94.575,49.85],[-94.56875,49.85],[-94.56875,49.84583],[-94.575,49.84583]]]}},{"type":"Feature","properties":{"c":"926593","o":"","e":""},"geometry":{"type":"Polygon","coordinates":[[[-94.975,49.59583],[-94.975,49.6],[-94.96875,49.6],[-94.96875,49.59583],[-94.975,49.59583]]]}},{"type":"Feature","properties":{"c":"926594","o":"","e":""},"geometry":{"type":"Polygon","coordinates":[[[-94.96875,49.59583],[-94.96875,49.6],[-94.9625,49.6],[-94.9625,49.59583],[-94.96875,49.59583]]]}},{"type":"Feature","properties":{"c":"926595","o":"","e":""},"geometry":{"type":"Polygon","coordinates":[[[-94.9625,49.59583],[-94.9625,49.6],[-94.95625,49.6],[-94.95625,49.59583],[-94.9625,49.59583]]]}},{"type":"Feature","properties":{"c":"926596","o":"","e":""},"geometry":{"type":"Polygon","coordinates":[[[-94.95625,49.59583],[-94.95625,49.6],[-94.95,49.6],[-94.95,49.59583],[-94.95625,49.59583]]]}},{"type":"Feature","properties":{"c":"926597","o":"","e":""},"geometry":{"type":"Polygon","coordinates":[[[-94.94375,49.59583],[-94.94375,49.6],[-94.9375,49.6],[-94.9375,49.59583],[-94.94375,49.59583]]]}},{"type":"Feature","properties":{"c":"926598","o":"","e":""},"geometry":{"type":"Polygon","coordinates":[[[-94.9375,49.59583],[-94.9375,49.6],[-94.93125,49.6],[-94.93125,49.59583],[-94.9375,49.59583]]]}},{"type":"Feature","properties":{"c":"926599","o":"","e":""},"geometry":{"type":"Polygon","coordinates":[[[-94.975,49.60417],[-94.975,49.60833],[-94.96875,49.60833],[-94.96875,49.60417],[-94.975,49.60417]]]}},{"type":"Feature","properties":{"c":"926600","o":"","e":""},"geometry":{"type":"Polygon","coordinates":[[[-94.96875,49.60417],[-94.96875,49.60833],[-94.9625,49.60833],[-94.9625,49.60417],[-94.96875,49.60417]]]}},{"type":"Feature","properties":{"c":"1053697","o":"","e":""},"geometry":{"type":"Polygon","coordinates":[[[-94.61875,49.65417],[-94.61875,49.65833],[-94.6125,49.65833],[-94.6125,49.65417],[-94.61875,49.65417]]]}},{"type":"Feature","properties":{"c":"1054716","o":"","e":""},"geometry":{"type":"Polygon","coordinates":[[[-94.83125,49.675],[-94.83125,49.67917],[-94.825,49.67917],[-94.825,49.675],[-94.83125,49.675]]]}},{"type":"Feature","properties":{"c":"1054717","o":"","e":""},"geometry":{"type":"Polygon","coordinates":[[[-94.825,49.67083],[-94.825,49.675],[-94.81875,49.675],[-94.81875,49.67083],[-94.825,49.67083]]]}},{"type":"Feature","properties":{"c":"1054718","o":"","e":""},"geometry":{"type":"Polygon","coordinates":[[[-94.8375,49.67917],[-94.8375,49.68333],[-94.83125,49.68333],[-94.83125,49.67917],[-94.8375,49.67917]]]}},{"type":"Feature","properties":{"c":"1054719","o":"","e":""},"geometry":{"type":"Polygon","coordinates":[[[-94.84375,49.67917],[-94.84375,49.68333],[-94.8375,49.68333],[-94.8375,49.67917],[-94.84375,49.67917]]]}},{"type":"Feature","properties":{"c":"1054720","o":"","e":""},"geometry":{"type":"Polygon","coordinates":[[[-94.81875,49.675],[-94.81875,49.67917],[-94.8125,49.67917],[-94.8125,49.675],[-94.81875,49.675]]]}},{"type":"Feature","properties":{"c":"1054721","o":"","e":""},"geometry":{"type":"Polygon","coordinates":[[[-94.825,49.675],[-94.825,49.67917],[-94.81875,49.67917],[-94.81875,49.675],[-94.825,49.675]]]}},{"type":"Feature","properties":{"c":"1054722","o":"","e":""},"geometry":{"type":"Polygon","coordinates":[[[-94.83125,49.67917],[-94.83125,49.68333],[-94.825,49.68333],[-94.825,49.67917],[-94.83125,49.67917]]]}},{"type":"Feature","properties":{"c":"SV15752","o":"Critical Discoveries","e":""},"geometry":{"type":"Polygon","coordinates":[[[-95.0,49.0],[-95.0,49.0],[-95.0,50.0],[-95.0,49.0]]]}},{"type":"Feature","properties":{"c":"SV15753","o":"Critical Discoveries","e":""},"geometry":{"type":"Polygon","coordinates":[[[-95.0,49.0],[-95.0,49.0],[-95.0,50.0],[-95.0,49.0]]]}},{"type":"Feature","properties":{"c":"SV15754","o":"Critical Discoveries","e":""},"geometry":{"type":"Polygon","coordinates":[[[-95.0,49.0],[-95.0,49.0],[-95.0,50.0],[-95.0,49.0]]]}},{"type":"Feature","properties":{"c":"SV15755","o":"Critical Discoveries","e":""},"geometry":{"type":"Polygon","coordinates":[[[-95.0,49.0],[-95.0,49.0],[-95.0,50.0],[-95.0,49.0]]]}},{"type":"Feature","properties":{"c":"SV15756","o":"Critical Discoveries","e":""},"geometry":{"type":"Polygon","coordinates":[[[-95.0,49.0],[-95.0,49.0],[-95.0,50.0],[-95.0,49.0]]]}},{"type":"Feature","properties":{"c":"SV15757","o":"Critical Discoveries","e":""},"geometry":{"type":"Polygon","coordinates":[[[-95.0,49.0],[-95.0,49.0],[-95.0,50.0],[-95.0,49.0]]]}},{"type":"Feature","properties":{"c":"SV15758","o":"Critical Discoveries","e":""},"geometry":{"type":"Polygon","coordinates":[[[-95.0,49.0],[-95.0,49.0],[-95.0,50.0],[-95.0,49.0]]]}},{"type":"Feature","properties":{"c":"SV15759","o":"Critical Discoveries","e":""},"geometry":{"type":"Polygon","coordinates":[[[-95.0,49.0],[-95.0,49.0],[-95.0,50.0],[-95.0,49.0]]]}}]}