{"type":"FeatureCollection","features":[{"type":"Feature","properties":{"c":"383425","o":"RASMUSSEN, JAMES HARRY","e":"2029-01-03Z"},"geometry":{"type":"Polygon","coordinates":[[[-121.49649,52.56064],[-121.49451,52.5618],[-121.49307,52.56264],[-121.49267,52.56238],[-121.48811,52.55949],[-121.48735,52.559],[-121.48543,52.55961],[-121.48473,52.55916],[-121.49004,52.55605],[-121.49005,52.55604],[-121.49208,52.55733],[-121.49719,52.56058],[-121.50026,52.56253],[-121.49882,52.56337],[-121.49685,52.56106],[-121.49668,52.56086],[-121.49649,52.56064]]]}},{"type":"Feature","properties":{"c":"265477","o":"THOMPSON, DOUGLAS ELWOOD","e":"2032-12-15Z"},"geometry":{"type":"Polygon","coordinates":[[[-121.41202,52.98184],[-121.4149,52.9836],[-121.41426,52.98432],[-121.41369,52.98497],[-121.41296,52.9858],[-121.41463,52.98646],[-121.41031,52.98904],[-121.4065,52.99132],[-121.40633,52.99121],[-121.40608,52.99106],[-121.40613,52.99054],[-121.40518,52.9905],[-121.40505,52.99042],[-121.40433,52.98997],[-121.40327,52.98933],[-121.40307,52.9892],[-121.40256,52.98889],[-121.40351,52.98805],[-121.40419,52.98746],[-121.40401,52.98736],[-121.4036,52.98715],[-121.40595,52.98576],[-121.40726,52.98498],[-121.40859,52.98419],[-121.41107,52.98271],[-121.41169,52.98235],[-121.41144,52.98221],[-121.41141,52.9822],[-121.41147,52.98216],[-121.41202,52.98184]]]}},{"type":"Feature","properties":{"c":"386347","o":"RASMUSSEN, JAMES HARRY","e":"2028-04-28Z"},"geometry":{"type":"Polygon","coordinates":[[[-121.50375,52.56576],[-121.50387,52.56569],[-121.50467,52.56526],[-121.50753,52.56723],[-121.50806,52.5676],[-121.50828,52.56775],[-121.5087,52.56804],[-121.50884,52.56814],[-121.50884,52.56902],[-121.50836,52.56927],[-121.50827,52.56932],[-121.50675,52.57014],[-121.50556,52.57078],[-121.50454,52.57132],[-121.50402,52.57161],[-121.50362,52.57133],[-121.50282,52.57078],[-121.49997,52.56881],[-121.49967,52.5686],[-121.49914,52.56823],[-121.50293,52.5662],[-121.50375,52.56576]]]}},{"type":"Feature","properties":{"c":"337015","o":"NOBLE METAL GROUP INCORPORATED","e":"2024-06-20Z"},"geometry":{"type":"Polygon","coordinates":[[[-121.47206,52.81141],[-121.47162,52.81258],[-121.4704,52.81584],[-121.4704,52.81585],[-121.46498,52.81566],[-121.46299,52.81559],[-121.45756,52.8154],[-121.45682,52.81538],[-121.45708,52.81258],[-121.45725,52.81089],[-121.47201,52.81141],[-121.47206,52.81141]]]}},{"type":"Feature","properties":{"c":"383423","o":"RASMUSSEN, GLEN ERIC","e":"2029-01-03Z"},"geometry":{"type":"Polygon","coordinates":[[[-121.50302,52.56537],[-121.50166,52.5666],[-121.50072,52.56641],[-121.50008,52.56758],[-121.50049,52.56766],[-121.49925,52.56879],[-121.49562,52.56646],[-121.49912,52.5636],[-121.50302,52.56537]]]}},{"type":"Feature","properties":{"c":"370830","o":"PAETKAU, ADRIANNE GAIL","e":"2026-10-26Z"},"geometry":{"type":"Polygon","coordinates":[[[-121.41667,52.7556],[-121.41667,52.75618],[-121.41667,52.76009],[-121.41308,52.76009],[-121.40927,52.76009],[-121.40927,52.75981],[-121.40927,52.7556],[-121.41544,52.7556],[-121.41559,52.7556],[-121.41667,52.7556]]]}},{"type":"Feature","properties":{"c":"370831","o":"PAETKAU, ADRIANNE GAIL","e":"2026-10-26Z"},"geometry":{"type":"Polygon","coordinates":[[[-121.41667,52.76009],[-121.41667,52.76303],[-121.41667,52.76458],[-121.41583,52.76458],[-121.40926,52.76458],[-121.40926,52.76441],[-121.40926,52.7643],[-121.40927,52.76009],[-121.41308,52.76009],[-121.41667,52.76009]]]}},{"type":"Feature","properties":{"c":"367024","o":"LAVIS, STEWART JOHN","e":"2026-12-29Z"},"geometry":{"type":"Polygon","coordinates":[[[-121.48262,52.80513],[-121.48264,52.80512],[-121.48268,52.80514],[-121.48355,52.80432],[-121.48357,52.8043],[-121.48359,52.80433],[-121.48407,52.80475],[-121.48411,52.80486],[-121.48428,52.80502],[-121.48556,52.80875],[-121.48525,52.8087],[-121.47532,52.80529],[-121.47717,52.80326],[-121.47735,52.80306],[-121.48262,52.80513]]]}},{"type":"Feature","properties":{"c":"386861","o":"RASMUSSEN, JAMES HARRY","e":"2028-05-21Z"},"geometry":{"type":"Polygon","coordinates":[[[-121.5027,52.55759],[-121.50332,52.55726],[-121.50822,52.56061],[-121.50797,52.56075],[-121.50776,52.5606],[-121.50644,52.56131],[-121.50248,52.56344],[-121.50076,52.56226],[-121.50074,52.56225],[-121.49781,52.56024],[-121.5027,52.55759]]]}},{"type":"Feature","properties":{"c":"391327","o":"NYIRI, LOUIS LASZLO","e":"2026-11-11Z"},"geometry":{"type":"Polygon","coordinates":[[[-121.46638,52.64636],[-121.46567,52.64595],[-121.47079,52.64271],[-121.47461,52.64494],[-121.48144,52.64894],[-121.48122,52.64908],[-121.47457,52.64819],[-121.47369,52.65063],[-121.47034,52.64868],[-121.46638,52.64636]]]}},{"type":"Feature","properties":{"c":"391448","o":"WILDER, COTE BO","e":"2028-12-09Z"},"geometry":{"type":"Polygon","coordinates":[[[-121.46943,52.59622],[-121.46896,52.59635],[-121.47035,52.59699],[-121.47023,52.59657],[-121.47038,52.59664],[-121.47117,52.59768],[-121.46448,52.59957],[-121.46443,52.59951],[-121.46424,52.59901],[-121.4668,52.59864],[-121.46813,52.5971],[-121.46737,52.59685],[-121.46429,52.59782],[-121.46337,52.59811],[-121.45827,52.59141],[-121.46497,52.58953],[-121.46982,52.5959],[-121.46943,52.59622]]]}},{"type":"Feature","properties":{"c":"386862","o":"RASMUSSEN, JAMES HARRY","e":"2028-05-21Z"},"geometry":{"type":"Polygon","coordinates":[[[-121.50085,52.56432],[-121.50073,52.56438],[-121.50001,52.56477],[-121.49841,52.56563],[-121.49695,52.56642],[-121.49663,52.56619],[-121.4923,52.56323],[-121.49553,52.56148],[-121.49668,52.56086],[-121.49719,52.56058],[-121.49781,52.56024],[-121.50074,52.56225],[-121.50076,52.56226],[-121.50248,52.56344],[-121.50223,52.56358],[-121.50097,52.56425],[-121.50085,52.56432]]]}},{"type":"Feature","properties":{"c":"386863","o":"RASMUSSEN, JAMES HARRY","e":"2028-05-21Z"},"geometry":{"type":"Polygon","coordinates":[[[-121.49842,52.5539],[-121.50332,52.55726],[-121.5027,52.55759],[-121.49781,52.56024],[-121.49291,52.55688],[-121.49616,52.55512],[-121.49759,52.55434],[-121.49842,52.5539]]]}},{"type":"Feature","properties":{"c":"391326","o":"NYIRI, LOUIS LASZLO","e":"2026-11-11Z"},"geometry":{"type":"Polygon","coordinates":[[[-121.48125,52.65064],[-121.47965,52.65506],[-121.47908,52.65663],[-121.47889,52.65718],[-121.47867,52.65777],[-121.47687,52.6577],[-121.47666,52.65767],[-121.47523,52.65748],[-121.47533,52.65723],[-121.4717,52.65667],[-121.47151,52.65664],[-121.47369,52.65063],[-121.47457,52.64819],[-121.48122,52.64908],[-121.48144,52.64911],[-121.48144,52.64938],[-121.4817,52.64938],[-121.48125,52.65064]]]}},{"type":"Feature","properties":{"c":"265876","o":"THOMPSON, DOUGLAS ELWOOD","e":"2032-12-15Z"},"geometry":{"type":"MultiPolygon","coordinates":[[[[-121.41202,52.98184],[-121.41147,52.98216],[-121.41171,52.98183],[-121.41269,52.98048],[-121.41594,52.97599],[-121.41603,52.97587],[-121.41648,52.97525],[-121.41788,52.97562],[-121.41928,52.97599],[-121.4233,52.97704],[-121.42081,52.98048],[-121.41977,52.98192],[-121.41743,52.98516],[-121.41603,52.98479],[-121.41426,52.98432],[-121.4149,52.9836],[-121.41202,52.98184]]],[[[-121.41144,52.98221],[-121.41169,52.98235],[-121.41107,52.98271],[-121.41144,52.98221]]]]}},{"type":"Feature","properties":{"c":"365488","o":"NOBLE METAL GROUP INCORPORATED","e":"2026-10-14Z"},"geometry":{"type":"MultiPolygon","coordinates":[[[[-121.47717,52.80326],[-121.47532,52.80529],[-121.47244,52.8074],[-121.4706,52.80875],[-121.46654,52.80671],[-121.45926,52.80306],[-121.45917,52.80302],[-121.46326,52.8],[-121.46609,52.79792],[-121.46633,52.79774],[-121.4634,52.79597],[-121.46307,52.7946],[-121.46305,52.79453],[-121.46222,52.7946],[-121.46408,52.7939],[-121.46303,52.79288],[-121.46437,52.79231],[-121.46408,52.79206],[-121.46577,52.79104],[-121.47164,52.7946],[-121.47567,52.79705],[-121.48319,52.8],[-121.48665,52.80136],[-121.48446,52.80342],[-121.48383,52.80401],[-121.48359,52.80433],[-121.48357,52.8043],[-121.48355,52.80432],[-121.48268,52.80514],[-121.48264,52.80512],[-121.48262,52.80513],[-121.47735,52.80306],[-121.47717,52.80326]]],[[[-121.48525,52.8087],[-121.48556,52.80875],[-121.48558,52.80881],[-121.48586,52.80891],[-121.48611,52.80949],[-121.4859,52.80973],[-121.48323,52.81258],[-121.48281,52.81303],[-121.48151,52.81258],[-121.47944,52.81187],[-121.47268,52.80955],[-121.47225,52.8094],[-121.47163,52.80919],[-121.47532,52.80529],[-121.48525,52.8087]]]]}},{"type":"Feature","properties":{"c":"400415","o":"RASMUSSEN, GLEN ERIC","e":"2028-02-07Z"},"geometry":{"type":"Polygon","coordinates":[[[-121.48617,52.55091],[-121.49107,52.55427],[-121.49012,52.55479],[-121.48997,52.55487],[-121.48951,52.55512],[-121.48244,52.55512],[-121.48191,52.55476],[-121.48108,52.55419],[-121.48502,52.55154],[-121.48507,52.55151],[-121.48561,52.55122],[-121.486,52.551],[-121.48617,52.55091]]]}},{"type":"Feature","properties":{"c":"407758","o":"RASMUSSEN, GLEN ERIC","e":"2029-01-19Z"},"geometry":{"type":"Polygon","coordinates":[[[-121.48235,52.55222],[-121.4908,52.55527],[-121.49005,52.55604],[-121.48563,52.55863],[-121.47797,52.55586],[-121.47903,52.55498],[-121.48235,52.55222]]]}},{"type":"Feature","properties":{"c":"383729","o":"RASMUSSEN, JAMES HARRY","e":"2029-02-03Z"},"geometry":{"type":"Polygon","coordinates":[[[-121.46713,52.54967],[-121.46928,52.55063],[-121.47903,52.55498],[-121.47886,52.55512],[-121.47777,52.55602],[-121.47702,52.55665],[-121.47467,52.55861],[-121.47333,52.55801],[-121.46277,52.55329],[-121.46597,52.55063],[-121.46713,52.54967]]]}},{"type":"Feature","properties":{"c":"386864","o":"RASMUSSEN, JAMES HARRY","e":"2028-05-21Z"},"geometry":{"type":"Polygon","coordinates":[[[-121.49291,52.55688],[-121.49781,52.56024],[-121.49719,52.56058],[-121.49668,52.56086],[-121.49553,52.56148],[-121.4923,52.56323],[-121.49157,52.56273],[-121.4874,52.55987],[-121.48811,52.55949],[-121.49208,52.55733],[-121.49291,52.55688]]]}},{"type":"Feature","properties":{"c":"379531","o":"PAETKAU, ADRIANNE GAIL","e":"2026-10-26Z"},"geometry":{"type":"Polygon","coordinates":[[[-121.42412,52.75562],[-121.42411,52.75731],[-121.4241,52.75813],[-121.4241,52.75856],[-121.42408,52.7601],[-121.42132,52.76009],[-121.41667,52.76009],[-121.41671,52.75617],[-121.41672,52.7556],[-121.42143,52.75561],[-121.42412,52.75562]]]}},{"type":"Feature","properties":{"c":"383424","o":"RASMUSSEN, JAMES HARRY","e":"2029-01-03Z"},"geometry":{"type":"Polygon","coordinates":[[[-121.49537,52.55293],[-121.49759,52.55434],[-121.5027,52.55759],[-121.50558,52.55942],[-121.50413,52.56027],[-121.50084,52.56219],[-121.50074,52.56225],[-121.50026,52.56253],[-121.49719,52.56058],[-121.49208,52.55733],[-121.49005,52.55604],[-121.49111,52.55542],[-121.49163,52.55512],[-121.49537,52.55293]]]}},{"type":"Feature","properties":{"c":"383730","o":"RASMUSSEN, JAMES HARRY","e":"2029-02-03Z"},"geometry":{"type":"Polygon","coordinates":[[[-121.47149,52.54604],[-121.48054,52.55009],[-121.48205,52.55076],[-121.48338,52.55136],[-121.48054,52.55372],[-121.47954,52.55455],[-121.47903,52.55498],[-121.46928,52.55063],[-121.46713,52.54967],[-121.47149,52.54604]]]}},{"type":"Feature","properties":{"c":"386348","o":"RASMUSSEN, JAMES HARRY","e":"2028-04-28Z"},"geometry":{"type":"Polygon","coordinates":[[[-121.49914,52.56823],[-121.4967,52.56655],[-121.49695,52.56642],[-121.49841,52.56563],[-121.50001,52.56477],[-121.50073,52.56438],[-121.50085,52.56432],[-121.50097,52.56425],[-121.50223,52.56358],[-121.5038,52.56466],[-121.50467,52.56526],[-121.50387,52.56569],[-121.50375,52.56576],[-121.50293,52.5662],[-121.49914,52.56823]]]}},{"type":"Feature","properties":{"c":"337016","o":"NOBLE METAL GROUP INCORPORATED","e":"2024-06-20Z"},"geometry":{"type":"Polygon","coordinates":[[[-121.45767,52.8064],[-121.46654,52.80671],[-121.4706,52.80875],[-121.47244,52.8074],[-121.47234,52.80842],[-121.47163,52.80919],[-121.47225,52.8094],[-121.47207,52.81124],[-121.47206,52.81141],[-121.47201,52.81141],[-121.45725,52.81089],[-121.45767,52.8064]]]}},{"type":"Feature","properties":{"c":"400413","o":"RASMUSSEN, GLEN ERIC","e":"2028-02-06Z"},"geometry":{"type":"Polygon","coordinates":[[[-121.48055,52.54847],[-121.486,52.551],[-121.48561,52.55122],[-121.48507,52.55151],[-121.48502,52.55154],[-121.48108,52.55419],[-121.48191,52.55476],[-121.48054,52.55412],[-121.48054,52.55372],[-121.48054,52.55063],[-121.48054,52.55009],[-121.48055,52.54847]]]}},{"type":"Feature","properties":{"c":"374353","o":"WRIGHT, JULIA TANYA","e":"2027-03-29Z"},"geometry":{"type":"Polygon","coordinates":[[[-121.34838,52.90741],[-121.34957,52.90899],[-121.35252,52.9129],[-121.35256,52.91295],[-121.35124,52.91331],[-121.3508,52.91343],[-121.34845,52.91408],[-121.34579,52.91481],[-121.34521,52.91405],[-121.34379,52.91215],[-121.34205,52.90985],[-121.34162,52.90927],[-121.34838,52.90741]]]}},{"type":"Feature","properties":{"c":"366415","o":"MILL, RICHARD H","e":"2027-12-17Z"},"geometry":{"type":"Polygon","coordinates":[[[-121.36274,52.93982],[-121.35923,52.94056],[-121.35784,52.94082],[-121.35785,52.94085],[-121.35571,52.9413],[-121.35161,52.93417],[-121.35327,52.93382],[-121.35339,52.9343],[-121.35431,52.93421],[-121.35423,52.93394],[-121.35904,52.93341],[-121.36274,52.93982]]]}},{"type":"Feature","properties":{"c":"502726","o":"MENARD, ROLLAND JOSEPH","e":"2032-01-13Z"},"geometry":{"type":"Polygon","coordinates":[[[-121.43888,52.97912],[-121.43263,52.97912],[-121.42638,52.97912],[-121.42013,52.97913],[-121.41388,52.97913],[-121.41388,52.97496],[-121.41388,52.97079],[-121.40763,52.97079],[-121.40763,52.96662],[-121.40762,52.96246],[-121.40762,52.95829],[-121.41387,52.95829],[-121.41387,52.95412],[-121.42012,52.95412],[-121.42637,52.95412],[-121.42638,52.95829],[-121.43263,52.95829],[-121.43888,52.95829],[-121.43888,52.96246],[-121.43888,52.96662],[-121.43888,52.97079],[-121.43888,52.97496],[-121.43888,52.97912]]]}},{"type":"Feature","properties":{"c":"384456","o":"RASMUSSEN, JAMES HARRY","e":"2029-02-27Z"},"geometry":{"type":"Polygon","coordinates":[[[-121.45524,52.54435],[-121.46713,52.54967],[-121.46597,52.55063],[-121.46277,52.55329],[-121.45681,52.55063],[-121.45088,52.54798],[-121.45524,52.54435]]]}},{"type":"Feature","properties":{"c":"384457","o":"RASMUSSEN, JAMES HARRY","e":"2029-02-26Z"},"geometry":{"type":"Polygon","coordinates":[[[-121.4596,52.54073],[-121.47149,52.54604],[-121.46713,52.54967],[-121.45524,52.54435],[-121.4596,52.54073]]]}},{"type":"Feature","properties":{"c":"391449","o":"WILDER, COTE BO","e":"2028-12-09Z"},"geometry":{"type":"Polygon","coordinates":[[[-121.47699,52.6054],[-121.47028,52.60727],[-121.46447,52.59956],[-121.47117,52.59768],[-121.47699,52.6054]]]}},{"type":"Feature","properties":{"c":"383447","o":"RASMUSSEN, GLEN ERIC","e":"2029-01-01Z"},"geometry":{"type":"Polygon","coordinates":[[[-121.51364,52.57186],[-121.5114,52.57241],[-121.50452,52.57216],[-121.49925,52.56879],[-121.50049,52.56766],[-121.50796,52.56919],[-121.5139,52.57162],[-121.51364,52.57186]]]}},{"type":"Feature","properties":{"c":"400414","o":"RASMUSSEN, GLEN ERIC","e":"2028-02-06Z"},"geometry":{"type":"Polygon","coordinates":[[[-121.48191,52.55476],[-121.48149,52.55512],[-121.48054,52.55512],[-121.48054,52.55412],[-121.48191,52.55476]]]}},{"type":"Feature","properties":{"c":"400416","o":"RASMUSSEN, GLEN ERIC","e":"2028-02-23Z"},"geometry":{"type":"Polygon","coordinates":[[[-121.49058,52.54852],[-121.49548,52.55188],[-121.49107,52.55427],[-121.48617,52.55091],[-121.49058,52.54852]]]}},{"type":"Feature","properties":{"c":"400417","o":"RASMUSSEN, GLEN ERIC","e":"2028-02-23Z"},"geometry":{"type":"Polygon","coordinates":[[[-121.49548,52.55188],[-121.49842,52.5539],[-121.49759,52.55434],[-121.49616,52.55512],[-121.49163,52.55512],[-121.49064,52.55512],[-121.49034,52.55512],[-121.48997,52.55487],[-121.49012,52.55479],[-121.49107,52.55427],[-121.49548,52.55188]]]}},{"type":"Feature","properties":{"c":"521329","o":"BARKERVILLE GOLD MINES LTD.","e":"2036-04-18Z"},"geometry":{"type":"Polygon","coordinates":[[[-121.52013,52.99162],[-121.51388,52.99162],[-121.50763,52.99162],[-121.50138,52.99162],[-121.49513,52.99162],[-121.48888,52.99162],[-121.48263,52.99162],[-121.48263,52.98746],[-121.48263,52.98329],[-121.48888,52.98329],[-121.49513,52.98329],[-121.50138,52.98329],[-121.50138,52.97912],[-121.50138,52.97496],[-121.50138,52.97079],[-121.49513,52.97079],[-121.49513,52.96662],[-121.50138,52.96662],[-121.50763,52.96662],[-121.51388,52.96662],[-121.52013,52.96662],[-121.52013,52.97079],[-121.52013,52.97496],[-121.52013,52.97912],[-121.52013,52.98329],[-121.52013,52.98746],[-121.52013,52.99162]]]}},{"type":"Feature","properties":{"c":"521330","o":"BARKERVILLE GOLD MINES LTD.","e":"2036-04-18Z"},"geometry":{"type":"Polygon","coordinates":[[[-121.49513,52.97079],[-121.48888,52.97079],[-121.48888,52.97496],[-121.48263,52.97496],[-121.48263,52.97912],[-121.47638,52.97912],[-121.47013,52.97912],[-121.46388,52.97912],[-121.46388,52.97496],[-121.45763,52.97496],[-121.45763,52.97079],[-121.45138,52.97079],[-121.45138,52.96662],[-121.45138,52.96246],[-121.45138,52.95829],[-121.45138,52.95412],[-121.45763,52.95412],[-121.45763,52.95829],[-121.46388,52.95829],[-121.46388,52.96246],[-121.47013,52.96246],[-121.47638,52.96246],[-121.48263,52.96246],[-121.48888,52.96246],[-121.49513,52.96246],[-121.49513,52.96662],[-121.49513,52.97079]]]}},{"type":"Feature","properties":{"c":"521331","o":"BARKERVILLE GOLD MINES LTD.","e":"2036-04-18Z"},"geometry":{"type":"Polygon","coordinates":[[[-121.47013,52.96246],[-121.46388,52.96246],[-121.46388,52.95829],[-121.45763,52.95829],[-121.45763,52.95412],[-121.45138,52.95412],[-121.45138,52.94996],[-121.44513,52.94996],[-121.43888,52.94996],[-121.43887,52.94579],[-121.43887,52.94162],[-121.43887,52.93746],[-121.43887,52.93329],[-121.44512,52.93329],[-121.45137,52.93329],[-121.45763,52.93329],[-121.46388,52.93329],[-121.46388,52.93746],[-121.47013,52.93746],[-121.47013,52.94162],[-121.47013,52.94579],[-121.47013,52.94996],[-121.47013,52.95412],[-121.47013,52.95829],[-121.47013,52.96246]]]}},{"type":"Feature","properties":{"c":"521332","o":"BARKERVILLE GOLD MINES LTD.","e":"2036-04-18Z"},"geometry":{"type":"Polygon","coordinates":[[[-121.46388,52.93329],[-121.45763,52.93329],[-121.45137,52.93329],[-121.44512,52.93329],[-121.43887,52.93329],[-121.43887,52.92912],[-121.43887,52.92496],[-121.43887,52.92079],[-121.43262,52.92079],[-121.42637,52.92079],[-121.42637,52.91662],[-121.42637,52.91246],[-121.42637,52.90829],[-121.43262,52.90829],[-121.43262,52.91246],[-121.43887,52.91245],[-121.44512,52.91245],[-121.45137,52.91245],[-121.45763,52.91245],[-121.46388,52.91245],[-121.46388,52.91662],[-121.46388,52.92079],[-121.46388,52.92495],[-121.46388,52.92912],[-121.46388,52.93329]]]}},{"type":"Feature","properties":{"c":"521333","o":"BARKERVILLE GOLD MINES LTD.","e":"2036-04-18Z"},"geometry":{"type":"Polygon","coordinates":[[[-121.46388,52.91245],[-121.45763,52.91245],[-121.45137,52.91245],[-121.44512,52.91245],[-121.43887,52.91245],[-121.43262,52.91246],[-121.43262,52.90829],[-121.42637,52.90829],[-121.42637,52.90412],[-121.42637,52.89995],[-121.42637,52.89579],[-121.42637,52.89162],[-121.42638,52.88745],[-121.43263,52.88745],[-121.43263,52.89162],[-121.43262,52.89579],[-121.43888,52.89579],[-121.44513,52.89579],[-121.45138,52.89579],[-121.45763,52.89579],[-121.46388,52.89579],[-121.46388,52.89995],[-121.46388,52.90412],[-121.46388,52.90829],[-121.46388,52.91245]]]}},{"type":"Feature","properties":{"c":"521336","o":"BARKERVILLE GOLD MINES LTD.","e":"2036-04-18Z"},"geometry":{"type":"Polygon","coordinates":[[[-121.47638,52.89995],[-121.47013,52.89995],[-121.46388,52.89995],[-121.46388,52.89579],[-121.45763,52.89579],[-121.45763,52.89162],[-121.45763,52.88745],[-121.45138,52.88745],[-121.45138,52.89162],[-121.45138,52.89579],[-121.44513,52.89579],[-121.43888,52.89579],[-121.43262,52.89579],[-121.43263,52.89162],[-121.43263,52.88745],[-121.43888,52.88745],[-121.44513,52.88745],[-121.44513,52.88328],[-121.45138,52.88328],[-121.45763,52.88328],[-121.45763,52.87912],[-121.45763,52.87495],[-121.46388,52.87495],[-121.47013,52.87495],[-121.47638,52.87495],[-121.47638,52.87912],[-121.47638,52.88328],[-121.47638,52.88745],[-121.47638,52.89162],[-121.47638,52.89578],[-121.47638,52.89995]]]}},{"type":"Feature","properties":{"c":"521339","o":"BARKERVILLE GOLD MINES LTD.","e":"2036-04-18Z"},"geometry":{"type":"Polygon","coordinates":[[[-121.47638,52.87078],[-121.47013,52.87078],[-121.46388,52.87078],[-121.46388,52.87495],[-121.45763,52.87495],[-121.45763,52.87078],[-121.45763,52.86662],[-121.45138,52.86662],[-121.44513,52.86662],[-121.43888,52.86662],[-121.43263,52.86662],[-121.43263,52.86245],[-121.43888,52.86245],[-121.43888,52.85828],[-121.44513,52.85828],[-121.45138,52.85828],[-121.45139,52.85411],[-121.45139,52.84995],[-121.45764,52.84995],[-121.46389,52.84995],[-121.47014,52.84995],[-121.47639,52.84995],[-121.47639,52.85411],[-121.47639,52.85828],[-121.47639,52.86245],[-121.47639,52.86662],[-121.47638,52.87078]]]}},{"type":"Feature","properties":{"c":"521340","o":"BARKERVILLE GOLD MINES LTD.","e":"2036-04-18Z"},"geometry":{"type":"Polygon","coordinates":[[[-121.50139,52.88328],[-121.49513,52.88328],[-121.48888,52.88328],[-121.48263,52.88328],[-121.47638,52.88328],[-121.47638,52.87912],[-121.47638,52.87495],[-121.47013,52.87495],[-121.46388,52.87495],[-121.46388,52.87078],[-121.47013,52.87078],[-121.47638,52.87078],[-121.47639,52.86662],[-121.47639,52.86245],[-121.47639,52.85828],[-121.47639,52.85411],[-121.48264,52.85411],[-121.48889,52.85411],[-121.48889,52.85828],[-121.48889,52.86245],[-121.49514,52.86245],[-121.49514,52.86662],[-121.49514,52.87078],[-121.50139,52.87078],[-121.50139,52.87495],[-121.50139,52.87912],[-121.50764,52.87912],[-121.50764,52.88328],[-121.50139,52.88328]]]}},{"type":"Feature","properties":{"c":"521346","o":"BARKERVILLE GOLD MINES LTD.","e":"2036-04-18Z"},"geometry":{"type":"Polygon","coordinates":[[[-121.49513,52.96246],[-121.48888,52.96246],[-121.48263,52.96246],[-121.47638,52.96246],[-121.47013,52.96246],[-121.47013,52.95829],[-121.47013,52.95412],[-121.47013,52.94996],[-121.47013,52.94579],[-121.47013,52.94162],[-121.47013,52.93746],[-121.47638,52.93745],[-121.48263,52.93745],[-121.48888,52.93745],[-121.48888,52.93329],[-121.49513,52.93329],[-121.49513,52.93745],[-121.49513,52.94162],[-121.49513,52.94579],[-121.49513,52.94995],[-121.49513,52.95412],[-121.49513,52.95829],[-121.49513,52.96246]]]}},{"type":"Feature","properties":{"c":"521348","o":"BARKERVILLE GOLD MINES LTD.","e":"2036-04-18Z"},"geometry":{"type":"Polygon","coordinates":[[[-121.52013,52.96662],[-121.51388,52.96662],[-121.50763,52.96662],[-121.50138,52.96662],[-121.49513,52.96662],[-121.49513,52.96246],[-121.49513,52.95829],[-121.49513,52.95412],[-121.49513,52.94995],[-121.49513,52.94579],[-121.49513,52.94162],[-121.49513,52.93745],[-121.50138,52.93745],[-121.50138,52.94162],[-121.50763,52.94162],[-121.51388,52.94162],[-121.52013,52.94162],[-121.52013,52.94579],[-121.52013,52.94995],[-121.52013,52.95412],[-121.52013,52.95829],[-121.52013,52.96245],[-121.52013,52.96662]]]}},{"type":"Feature","properties":{"c":"521352","o":"BARKERVILLE GOLD MINES LTD.","e":"2036-04-18Z"},"geometry":{"type":"Polygon","coordinates":[[[-121.48888,52.93745],[-121.48263,52.93745],[-121.47638,52.93745],[-121.47013,52.93746],[-121.46388,52.93746],[-121.46388,52.93329],[-121.46388,52.92912],[-121.46388,52.92495],[-121.46388,52.92079],[-121.46388,52.91662],[-121.46388,52.91245],[-121.47013,52.91245],[-121.47638,52.91245],[-121.48263,52.91245],[-121.48888,52.91245],[-121.48888,52.91662],[-121.48888,52.92079],[-121.48888,52.92495],[-121.48888,52.92912],[-121.49513,52.92912],[-121.49513,52.93329],[-121.48888,52.93329],[-121.48888,52.93745]]]}},{"type":"Feature","properties":{"c":"521353","o":"BARKERVILLE GOLD MINES LTD.","e":"2036-04-18Z"},"geometry":{"type":"Polygon","coordinates":[[[-121.52013,52.94162],[-121.51388,52.94162],[-121.50763,52.94162],[-121.50138,52.94162],[-121.50138,52.93745],[-121.49513,52.93745],[-121.49513,52.93329],[-121.49513,52.92912],[-121.49513,52.92495],[-121.49513,52.92079],[-121.49513,52.91662],[-121.50138,52.91662],[-121.50138,52.91245],[-121.50763,52.91245],[-121.51388,52.91245],[-121.51388,52.91662],[-121.52013,52.91662],[-121.52013,52.92078],[-121.52013,52.92495],[-121.52013,52.92912],[-121.52013,52.93329],[-121.52013,52.93745],[-121.52013,52.94162]]]}},{"type":"Feature","properties":{"c":"510747","o":"GREEN, KEN CLARK","e":"2033-09-21Z"},"geometry":{"type":"Polygon","coordinates":[[[-121.49514,52.84995],[-121.48889,52.84995],[-121.48264,52.84995],[-121.48264,52.84578],[-121.48264,52.84161],[-121.48264,52.83745],[-121.48264,52.83328],[-121.48889,52.83328],[-121.49514,52.83328],[-121.49514,52.83745],[-121.49514,52.84161],[-121.49514,52.84578],[-121.49514,52.84995]]]}},{"type":"Feature","properties":{"c":"1044384","o":"HOPKINS, DAVID KEITH","e":"2030-06-01Z"},"geometry":{"type":"Polygon","coordinates":[[[-121.35137,52.92079],[-121.34512,52.92079],[-121.34512,52.91662],[-121.34512,52.91246],[-121.35137,52.91246],[-121.35137,52.91662],[-121.35137,52.92079]]]}},{"type":"Feature","properties":{"c":"521829","o":"BARKERVILLE GOLD MINES LTD.","e":"2036-04-18Z"},"geometry":{"type":"Polygon","coordinates":[[[-121.41388,52.86662],[-121.40763,52.86662],[-121.40138,52.86662],[-121.40138,52.87078],[-121.39513,52.87078],[-121.38888,52.87078],[-121.38262,52.87078],[-121.38263,52.86662],[-121.38263,52.86245],[-121.38263,52.85828],[-121.38263,52.85411],[-121.38263,52.84995],[-121.38263,52.84578],[-121.38888,52.84578],[-121.38888,52.84161],[-121.39513,52.84161],[-121.39513,52.84578],[-121.40138,52.84578],[-121.40138,52.84995],[-121.40138,52.85411],[-121.40763,52.85411],[-121.41388,52.85411],[-121.41388,52.85828],[-121.41388,52.86245],[-121.41388,52.86662]]]}},{"type":"Feature","properties":{"c":"521839","o":"BARKERVILLE GOLD MINES LTD.","e":"2036-04-18Z"},"geometry":{"type":"Polygon","coordinates":[[[-121.38262,52.87078],[-121.37637,52.87078],[-121.37012,52.87078],[-121.36387,52.87078],[-121.36387,52.86662],[-121.36387,52.86245],[-121.36387,52.85828],[-121.36387,52.85411],[-121.36387,52.84995],[-121.36387,52.84578],[-121.36387,52.84161],[-121.36387,52.83745],[-121.37013,52.83745],[-121.37638,52.83745],[-121.38263,52.83745],[-121.38263,52.84161],[-121.38888,52.84161],[-121.38888,52.84578],[-121.38263,52.84578],[-121.38263,52.84995],[-121.38263,52.85411],[-121.38263,52.85828],[-121.38263,52.86245],[-121.38263,52.86662],[-121.38262,52.87078]]]}},{"type":"Feature","properties":{"c":"521844","o":"BARKERVILLE GOLD MINES LTD.","e":"2036-04-18Z"},"geometry":{"type":"Polygon","coordinates":[[[-121.38888,52.84161],[-121.38263,52.84161],[-121.38263,52.83745],[-121.37638,52.83745],[-121.37013,52.83745],[-121.36387,52.83745],[-121.35762,52.83745],[-121.35137,52.83745],[-121.35137,52.83328],[-121.35137,52.82911],[-121.35137,52.82495],[-121.35137,52.82078],[-121.35762,52.82078],[-121.36387,52.82078],[-121.37013,52.82078],[-121.37638,52.82078],[-121.38263,52.82078],[-121.38888,52.82078],[-121.38888,52.82495],[-121.38888,52.82911],[-121.38888,52.83328],[-121.38888,52.83744],[-121.38888,52.84161]]]}},{"type":"Feature","properties":{"c":"521852","o":"BARKERVILLE GOLD MINES LTD.","e":"2036-04-18Z"},"geometry":{"type":"Polygon","coordinates":[[[-121.36387,52.87078],[-121.35762,52.87078],[-121.35137,52.87078],[-121.34512,52.87078],[-121.33887,52.87078],[-121.33887,52.86662],[-121.34512,52.86662],[-121.34512,52.86245],[-121.34512,52.85828],[-121.34512,52.85411],[-121.34512,52.84995],[-121.34512,52.84578],[-121.34512,52.84161],[-121.34512,52.83745],[-121.35137,52.83745],[-121.35762,52.83745],[-121.36387,52.83745],[-121.36387,52.84161],[-121.36387,52.84578],[-121.36387,52.84995],[-121.36387,52.85411],[-121.36387,52.85828],[-121.36387,52.86245],[-121.36387,52.86662],[-121.36387,52.87078]]]}},{"type":"Feature","properties":{"c":"521872","o":"BARKERVILLE GOLD MINES LTD.","e":"2036-04-18Z"},"geometry":{"type":"Polygon","coordinates":[[[-121.34512,52.86662],[-121.33887,52.86662],[-121.33887,52.87078],[-121.33262,52.87078],[-121.32637,52.87078],[-121.32012,52.87078],[-121.32012,52.86662],[-121.32012,52.86245],[-121.32637,52.86245],[-121.32637,52.85828],[-121.32637,52.85411],[-121.32637,52.84995],[-121.32637,52.84578],[-121.32637,52.84161],[-121.32637,52.83745],[-121.33262,52.83745],[-121.33887,52.83745],[-121.34512,52.83745],[-121.34512,52.84161],[-121.34512,52.84578],[-121.34512,52.84995],[-121.34512,52.85411],[-121.34512,52.85828],[-121.34512,52.86245],[-121.34512,52.86662]]]}},{"type":"Feature","properties":{"c":"521877","o":"BARKERVILLE GOLD MINES LTD.","e":"2036-04-18Z"},"geometry":{"type":"Polygon","coordinates":[[[-121.35137,52.83745],[-121.34512,52.83745],[-121.33887,52.83745],[-121.33262,52.83745],[-121.32637,52.83745],[-121.32637,52.83328],[-121.32637,52.82911],[-121.32637,52.82495],[-121.32637,52.82078],[-121.32637,52.81661],[-121.32637,52.81245],[-121.33262,52.81245],[-121.33887,52.81245],[-121.34512,52.81245],[-121.35137,52.81245],[-121.35137,52.81661],[-121.35762,52.81661],[-121.35762,52.82078],[-121.35137,52.82078],[-121.35137,52.82495],[-121.35137,52.82911],[-121.35137,52.83328],[-121.35137,52.83745]]]}},{"type":"Feature","properties":{"c":"521880","o":"BARKERVILLE GOLD MINES LTD.","e":"2036-04-18Z"},"geometry":{"type":"Polygon","coordinates":[[[-121.32637,52.84161],[-121.32012,52.84161],[-121.31387,52.84161],[-121.30762,52.84161],[-121.30137,52.84162],[-121.30137,52.83745],[-121.29512,52.83745],[-121.29512,52.83328],[-121.28887,52.83328],[-121.28262,52.83328],[-121.27636,52.83328],[-121.27011,52.83328],[-121.27011,52.82912],[-121.27636,52.82912],[-121.28261,52.82912],[-121.28261,52.82495],[-121.28887,52.82495],[-121.29512,52.82495],[-121.30137,52.82495],[-121.30762,52.82495],[-121.31387,52.82495],[-121.32012,52.82495],[-121.32637,52.82495],[-121.32637,52.82911],[-121.32637,52.83328],[-121.32637,52.83745],[-121.32637,52.84161]]]}},{"type":"Feature","properties":{"c":"521881","o":"BARKERVILLE GOLD MINES LTD.","e":"2036-04-18Z"},"geometry":{"type":"Polygon","coordinates":[[[-121.35762,52.81661],[-121.35137,52.81661],[-121.35137,52.81245],[-121.34512,52.81245],[-121.33887,52.81245],[-121.33262,52.81245],[-121.32637,52.81245],[-121.32012,52.81245],[-121.32012,52.80828],[-121.32012,52.80411],[-121.32012,52.79995],[-121.32012,52.79578],[-121.32637,52.79578],[-121.33262,52.79578],[-121.33887,52.79578],[-121.34512,52.79578],[-121.35137,52.79578],[-121.35762,52.79578],[-121.35762,52.79995],[-121.35762,52.80411],[-121.35762,52.80828],[-121.35762,52.81245],[-121.35762,52.81661]]]}},{"type":"Feature","properties":{"c":"521883","o":"BARKERVILLE GOLD MINES LTD.","e":"2036-04-18Z"},"geometry":{"type":"Polygon","coordinates":[[[-121.32637,52.82495],[-121.32012,52.82495],[-121.31387,52.82495],[-121.30762,52.82495],[-121.30137,52.82495],[-121.29512,52.82495],[-121.28887,52.82495],[-121.28886,52.82078],[-121.29512,52.82078],[-121.29512,52.81662],[-121.30137,52.81661],[-121.30137,52.81245],[-121.30762,52.81245],[-121.30762,52.80828],[-121.30762,52.80411],[-121.31387,52.80411],[-121.31387,52.79995],[-121.32012,52.79995],[-121.32012,52.80411],[-121.32012,52.80828],[-121.32012,52.81245],[-121.32637,52.81245],[-121.32637,52.81661],[-121.32637,52.82078],[-121.32637,52.82495]]]}},{"type":"Feature","properties":{"c":"504401","o":"WILDER, COTE BO","e":"2028-12-09Z"},"geometry":{"type":"Polygon","coordinates":[[[-121.47637,52.59577],[-121.47012,52.59577],[-121.46387,52.59577],[-121.46387,52.59161],[-121.46387,52.58744],[-121.47012,52.58744],[-121.47637,52.58744],[-121.47637,52.59161],[-121.47637,52.59577]]]}},{"type":"Feature","properties":{"c":"1075315","o":"HIGGINS, KEVIN LESLIE","e":"2027-03-18Z"},"geometry":{"type":"Polygon","coordinates":[[[-121.37013,53.00829],[-121.36388,53.00829],[-121.36388,53.00413],[-121.36388,52.99996],[-121.37013,52.99996],[-121.37013,53.00413],[-121.37013,53.00829]]]}},{"type":"Feature","properties":{"c":"516594","o":"BREWER, JAMES DALE","e":"2027-11-17Z"},"geometry":{"type":"Polygon","coordinates":[[[-121.47638,52.66661],[-121.47013,52.66661],[-121.47013,52.67078],[-121.46388,52.67078],[-121.45763,52.67078],[-121.45763,52.66661],[-121.45763,52.66244],[-121.46388,52.66244],[-121.46388,52.65828],[-121.46388,52.65411],[-121.47013,52.65411],[-121.47638,52.65411],[-121.47638,52.65828],[-121.47638,52.66244],[-121.47638,52.66661]]]}},{"type":"Feature","properties":{"c":"522551","o":"PEARSON, BRENDA LYNN","e":"2026-11-26Z"},"geometry":{"type":"Polygon","coordinates":[[[-121.33262,52.90829],[-121.32637,52.90829],[-121.32012,52.90829],[-121.31387,52.90829],[-121.31387,52.90412],[-121.31387,52.89995],[-121.32012,52.89995],[-121.32637,52.89995],[-121.33262,52.89995],[-121.33262,52.90412],[-121.33887,52.90412],[-121.34512,52.90412],[-121.34512,52.90829],[-121.33887,52.90829],[-121.33262,52.90829]]]}},{"type":"Feature","properties":{"c":"505939","o":"THOMPSON, DOUGLAS ELWOOD","e":"2032-12-15Z"},"geometry":{"type":"Polygon","coordinates":[[[-121.40138,52.98746],[-121.40763,52.98746],[-121.40763,52.99163],[-121.40138,52.99163],[-121.40138,52.98746]]]}},{"type":"Feature","properties":{"c":"523093","o":"MENARD, ROLLAND JOSEPH","e":"2032-12-01Z"},"geometry":{"type":"Polygon","coordinates":[[[-121.41388,52.97913],[-121.40763,52.97913],[-121.40763,52.97496],[-121.40763,52.97079],[-121.41388,52.97079],[-121.41388,52.97496],[-121.41388,52.97913]]]}},{"type":"Feature","properties":{"c":"523113","o":"MENARD, ROLLAND JOSEPH","e":"2032-12-01Z"},"geometry":{"type":"Polygon","coordinates":[[[-121.41388,52.98329],[-121.41388,52.97913],[-121.42013,52.97913],[-121.42638,52.97912],[-121.42638,52.98329],[-121.42013,52.98329],[-121.41388,52.98329]]]}},{"type":"Feature","properties":{"c":"523145","o":"MENARD, ROLLAND JOSEPH","e":"2032-12-01Z"},"geometry":{"type":"Polygon","coordinates":[[[-121.43888,52.96662],[-121.44513,52.96662],[-121.44513,52.97079],[-121.43888,52.97079],[-121.43888,52.96662]]]}},{"type":"Feature","properties":{"c":"506620","o":"BARKERVILLE GOLD MINES LTD.","e":"2036-04-18Z"},"geometry":{"type":"Polygon","coordinates":[[[-121.51388,52.99579],[-121.51388,52.99996],[-121.51388,53.00412],[-121.51388,53.00829],[-121.51388,53.01246],[-121.51388,53.01662],[-121.51389,53.02079],[-121.50763,53.02079],[-121.50138,53.02079],[-121.49513,53.02079],[-121.49513,53.02496],[-121.48888,53.02496],[-121.48263,53.02496],[-121.48263,53.02079],[-121.47638,53.02079],[-121.47638,53.01663],[-121.47638,53.01246],[-121.47638,53.00829],[-121.47013,53.00829],[-121.47013,53.00413],[-121.47013,52.99996],[-121.47013,52.99579],[-121.47638,52.99579],[-121.47638,52.99162],[-121.48263,52.99162],[-121.48888,52.99162],[-121.49513,52.99162],[-121.50138,52.99162],[-121.50763,52.99162],[-121.51388,52.99162],[-121.52013,52.99162],[-121.52013,52.99579],[-121.51388,52.99579]]]}},{"type":"Feature","properties":{"c":"523235","o":"MENARD, ROLLAND JOSEPH","e":"2032-12-01Z"},"geometry":{"type":"Polygon","coordinates":[[[-121.40763,52.97913],[-121.41388,52.97913],[-121.41388,52.98329],[-121.40763,52.98329],[-121.40763,52.97913]]]}},{"type":"Feature","properties":{"c":"519829","o":"MENARD, ROLLAND JOSEPH","e":"2032-09-12Z"},"geometry":{"type":"Polygon","coordinates":[[[-121.45138,52.97912],[-121.44513,52.97912],[-121.43888,52.97912],[-121.43888,52.97496],[-121.43888,52.97079],[-121.44513,52.97079],[-121.45138,52.97079],[-121.45138,52.97496],[-121.45138,52.97912]]]}},{"type":"Feature","properties":{"c":"542386","o":"WILDER, COTE BO","e":"2026-10-03Z"},"geometry":{"type":"Polygon","coordinates":[[[-121.48158,52.59321],[-121.47935,52.59502],[-121.47889,52.59539],[-121.47883,52.59535],[-121.47668,52.59576],[-121.4772,52.59676],[-121.47485,52.59865],[-121.47211,52.59742],[-121.47023,52.59657],[-121.47035,52.59699],[-121.46896,52.59635],[-121.46943,52.59622],[-121.47294,52.59332],[-121.47264,52.59297],[-121.47444,52.59152],[-121.47475,52.59183],[-121.47793,52.58921],[-121.48341,52.59173],[-121.48322,52.59188],[-121.48158,52.59321]]]}},{"type":"Feature","properties":{"c":"529713","o":"BARKERVILLE GOLD MINES LTD.","e":"2036-04-18Z"},"geometry":{"type":"Polygon","coordinates":[[[-121.42637,52.95412],[-121.42012,52.95412],[-121.41387,52.95412],[-121.40762,52.95412],[-121.40137,52.95412],[-121.39512,52.95412],[-121.39512,52.94996],[-121.39512,52.94579],[-121.38887,52.94579],[-121.38887,52.94162],[-121.38887,52.93746],[-121.38887,52.93329],[-121.38262,52.93329],[-121.37637,52.93329],[-121.37012,52.93329],[-121.37012,52.92912],[-121.37637,52.92912],[-121.38262,52.92912],[-121.38887,52.92912],[-121.39512,52.92912],[-121.40137,52.92912],[-121.40762,52.92912],[-121.41387,52.92912],[-121.42012,52.92912],[-121.42637,52.92912],[-121.42637,52.93329],[-121.42637,52.93746],[-121.42637,52.94162],[-121.42637,52.94579],[-121.42637,52.94996],[-121.42637,52.95412]]]}},{"type":"Feature","properties":{"c":"401922","o":"PAETKAU, ADRIANNE GAIL","e":"2026-10-26Z"},"geometry":{"type":"Polygon","coordinates":[[[-121.42408,52.7601],[-121.42408,52.7624],[-121.42408,52.76349],[-121.4232,52.76385],[-121.42137,52.76458],[-121.41667,52.76458],[-121.41667,52.76303],[-121.41667,52.76009],[-121.42132,52.76009],[-121.42408,52.7601]]]}},{"type":"Feature","properties":{"c":"402478","o":"PAETKAU, ADRIANNE GAIL","e":"2026-10-26Z"},"geometry":{"type":"Polygon","coordinates":[[[-121.40927,52.7556],[-121.40927,52.75981],[-121.40927,52.76009],[-121.40186,52.76009],[-121.40186,52.75977],[-121.40186,52.75856],[-121.40186,52.75559],[-121.40927,52.7556]]]}},{"type":"Feature","properties":{"c":"402479","o":"PAETKAU, ADRIANNE GAIL","e":"2026-10-26Z"},"geometry":{"type":"Polygon","coordinates":[[[-121.40927,52.76009],[-121.40926,52.7643],[-121.40926,52.76441],[-121.40926,52.76458],[-121.40916,52.76458],[-121.40185,52.76458],[-121.40185,52.76427],[-121.40186,52.76009],[-121.40927,52.76009]]]}},{"type":"Feature","properties":{"c":"402480","o":"PAETKAU, ADRIANNE GAIL","e":"2026-10-22Z"},"geometry":{"type":"Polygon","coordinates":[[[-121.41667,52.77349],[-121.41667,52.76908],[-121.42221,52.76908],[-121.42408,52.77079],[-121.42408,52.77211],[-121.42213,52.77211],[-121.42213,52.77349],[-121.41667,52.77349]]]}},{"type":"Feature","properties":{"c":"402481","o":"PAETKAU, ADRIANNE GAIL","e":"2026-10-26Z"},"geometry":{"type":"Polygon","coordinates":[[[-121.42137,52.76458],[-121.41854,52.76572],[-121.4189,52.76605],[-121.42202,52.76891],[-121.42221,52.76908],[-121.41667,52.76908],[-121.41667,52.76891],[-121.41667,52.766],[-121.41667,52.76458],[-121.42137,52.76458]]]}},{"type":"Feature","properties":{"c":"402604","o":"PAETKAU, ADRIANNE GAIL","e":"2026-10-26Z"},"geometry":{"type":"Polygon","coordinates":[[[-121.41667,52.76458],[-121.41667,52.766],[-121.41667,52.76891],[-121.41667,52.76908],[-121.40926,52.76908],[-121.40926,52.76891],[-121.40926,52.76458],[-121.41583,52.76458],[-121.41667,52.76458]]]}},{"type":"Feature","properties":{"c":"402605","o":"PAETKAU, ADRIANNE GAIL","e":"2026-10-26Z"},"geometry":{"type":"Polygon","coordinates":[[[-121.40926,52.7735],[-121.40926,52.76908],[-121.41667,52.76908],[-121.41667,52.77349],[-121.40926,52.7735]]]}},{"type":"Feature","properties":{"c":"404855","o":"PAETKAU, ADRIANNE GAIL","e":"2026-10-22Z"},"geometry":{"type":"Polygon","coordinates":[[[-121.40185,52.7735],[-121.40185,52.76908],[-121.40926,52.76908],[-121.40926,52.7735],[-121.40185,52.7735]]]}},{"type":"Feature","properties":{"c":"404856","o":"PAETKAU, ADRIANNE GAIL","e":"2026-10-26Z"},"geometry":{"type":"Polygon","coordinates":[[[-121.40926,52.76458],[-121.40926,52.76891],[-121.40926,52.76908],[-121.40185,52.76908],[-121.40185,52.76458],[-121.40916,52.76458],[-121.40926,52.76458]]]}},{"type":"Feature","properties":{"c":"404170","o":"PAETKAU, ADRIANNE GAIL","e":"2028-10-05Z"},"geometry":{"type":"Polygon","coordinates":[[[-121.41535,52.76292],[-121.41533,52.76433],[-121.40051,52.76426],[-121.40057,52.75977],[-121.41287,52.75983],[-121.41535,52.76292]]]}},{"type":"Feature","properties":{"c":"537354","o":"BARKERVILLE GOLD MINES LTD.","e":"2036-04-18Z"},"geometry":{"type":"Polygon","coordinates":[[[-121.33887,52.90829],[-121.34512,52.90829],[-121.34512,52.91246],[-121.33887,52.91246],[-121.33887,52.90829]]]}},{"type":"Feature","properties":{"c":"535855","o":"BARKERVILLE GOLD MINES LTD.","e":"2036-04-18Z"},"geometry":{"type":"Polygon","coordinates":[[[-121.45763,52.89579],[-121.45138,52.89579],[-121.45138,52.89162],[-121.45138,52.88745],[-121.45763,52.88745],[-121.45763,52.89162],[-121.45763,52.89579]]]}},{"type":"Feature","properties":{"c":"546306","o":"BARKERVILLE GOLD MINES LTD.","e":"2036-04-18Z"},"geometry":{"type":"Polygon","coordinates":[[[-121.50764,52.87912],[-121.50139,52.87912],[-121.50139,52.87495],[-121.50139,52.87078],[-121.49514,52.87078],[-121.49514,52.86662],[-121.49514,52.86245],[-121.48889,52.86245],[-121.48889,52.85828],[-121.48889,52.85411],[-121.48264,52.85411],[-121.47639,52.85411],[-121.47639,52.84995],[-121.48264,52.84995],[-121.48889,52.84995],[-121.49514,52.84995],[-121.50139,52.84995],[-121.50764,52.84995],[-121.50764,52.85411],[-121.50764,52.85828],[-121.50764,52.86245],[-121.50764,52.86661],[-121.50764,52.87078],[-121.50764,52.87495],[-121.50764,52.87912]]]}},{"type":"Feature","properties":{"c":"546611","o":"BARKERVILLE GOLD MINES LTD.","e":"2036-04-18Z"},"geometry":{"type":"Polygon","coordinates":[[[-121.50138,52.91662],[-121.49513,52.91662],[-121.49513,52.92079],[-121.49513,52.92495],[-121.49513,52.92912],[-121.48888,52.92912],[-121.48888,52.92495],[-121.48888,52.92079],[-121.48888,52.91662],[-121.48888,52.91245],[-121.48263,52.91245],[-121.47638,52.91245],[-121.47013,52.91245],[-121.46388,52.91245],[-121.46388,52.90829],[-121.46388,52.90412],[-121.46388,52.89995],[-121.47013,52.89995],[-121.47638,52.89995],[-121.47638,52.89578],[-121.47638,52.89162],[-121.47638,52.88745],[-121.47638,52.88328],[-121.48263,52.88328],[-121.48888,52.88328],[-121.48888,52.88745],[-121.48888,52.89162],[-121.48888,52.89578],[-121.49513,52.89578],[-121.49513,52.89995],[-121.49513,52.90412],[-121.50138,52.90412],[-121.50138,52.90828],[-121.50138,52.91245],[-121.50138,52.91662]]]}},{"type":"Feature","properties":{"c":"546613","o":"BARKERVILLE GOLD MINES LTD.","e":"2036-04-18Z"},"geometry":{"type":"Polygon","coordinates":[[[-121.52639,52.92078],[-121.52013,52.92078],[-121.52013,52.91662],[-121.51388,52.91662],[-121.51388,52.91245],[-121.50763,52.91245],[-121.50138,52.91245],[-121.50138,52.90828],[-121.50138,52.90412],[-121.49513,52.90412],[-121.49513,52.89995],[-121.49513,52.89578],[-121.48888,52.89578],[-121.48888,52.89162],[-121.48888,52.88745],[-121.48888,52.88328],[-121.49513,52.88328],[-121.50139,52.88328],[-121.50764,52.88328],[-121.51389,52.88328],[-121.51389,52.88745],[-121.51389,52.89162],[-121.52014,52.89162],[-121.52014,52.89578],[-121.52639,52.89578],[-121.52639,52.89995],[-121.52639,52.90412],[-121.52639,52.90828],[-121.52639,52.91245],[-121.52639,52.91662],[-121.52639,52.92078]]]}},{"type":"Feature","properties":{"c":"565142","o":"DINESEN, GRANT TIMOTHY","e":"2027-08-28Z"},"geometry":{"type":"Polygon","coordinates":[[[-121.41389,52.83328],[-121.42014,52.83328],[-121.42014,52.83744],[-121.41388,52.83744],[-121.41389,52.83328]]]}},{"type":"Feature","properties":{"c":"390612","o":"FITZEL, MARVIN PAUL","e":"2035-11-04Z"},"geometry":{"type":"Polygon","coordinates":[[[-121.35391,52.95395],[-121.35672,52.94967],[-121.35674,52.94964],[-121.35904,52.94613],[-121.36079,52.94655],[-121.36139,52.94772],[-121.363,52.94742],[-121.36364,52.9473],[-121.36349,52.94818],[-121.3632,52.94983],[-121.36309,52.95047],[-121.36295,52.95133],[-121.3627,52.95276],[-121.36152,52.95455],[-121.36126,52.95495],[-121.36108,52.95471],[-121.3599,52.95505],[-121.35809,52.95557],[-121.35785,52.95552],[-121.35559,52.95497],[-121.35356,52.95449],[-121.35391,52.95395]]]}},{"type":"Feature","properties":{"c":"402603","o":"PAETKAU, ADRIANNE GAIL","e":"2028-10-05Z"},"geometry":{"type":"Polygon","coordinates":[[[-121.40916,52.76458],[-121.40916,52.76441],[-121.40926,52.76441],[-121.41584,52.76441],[-121.41583,52.76458],[-121.41574,52.76598],[-121.41667,52.766],[-121.4189,52.76605],[-121.42004,52.76608],[-121.42312,52.76891],[-121.42202,52.76891],[-121.41667,52.76891],[-121.40926,52.76891],[-121.40916,52.76891],[-121.40916,52.76458]]]}},{"type":"Feature","properties":{"c":"204667","o":"SPANISH MOUNTAIN GOLD LTD.","e":"2035-09-10Z"},"geometry":{"type":"Polygon","coordinates":[[[-121.46708,52.58732],[-121.46708,52.58941],[-121.46708,52.59183],[-121.46708,52.59558],[-121.46708,52.59631],[-121.46283,52.59631],[-121.45626,52.59631],[-121.45232,52.59631],[-121.45232,52.59608],[-121.45232,52.59605],[-121.45232,52.59558],[-121.45232,52.59228],[-121.45232,52.59094],[-121.45233,52.58732],[-121.45851,52.58732],[-121.4658,52.58732],[-121.46609,52.58732],[-121.46708,52.58732]]]}},{"type":"Feature","properties":{"c":"399410","o":"SPANISH MOUNTAIN GOLD LTD.","e":"2035-09-10Z"},"geometry":{"type":"Polygon","coordinates":[[[-121.44946,52.56783],[-121.44367,52.56783],[-121.44367,52.55513],[-121.44368,52.55063],[-121.45681,52.55063],[-121.46597,52.55063],[-121.46928,52.55063],[-121.48054,52.55063],[-121.48054,52.55372],[-121.48054,52.55412],[-121.48054,52.55512],[-121.48043,52.55512],[-121.47886,52.55512],[-121.47777,52.55512],[-121.47777,52.55602],[-121.47777,52.55667],[-121.47777,52.5589],[-121.47777,52.56712],[-121.47777,52.56861],[-121.47072,52.56861],[-121.4658,52.56861],[-121.45842,52.56861],[-121.45104,52.56861],[-121.44946,52.56861],[-121.44946,52.56783]]]}},{"type":"Feature","properties":{"c":"204224","o":"SPANISH MOUNTAIN GOLD LTD.","e":"2035-09-10Z"},"geometry":{"type":"Polygon","coordinates":[[[-121.44989,52.59575],[-121.45168,52.5964],[-121.45196,52.5965],[-121.45498,52.59761],[-121.45472,52.59787],[-121.45263,52.6],[-121.45193,52.60071],[-121.44999,52.6],[-121.44919,52.59971],[-121.4491,52.59968],[-121.44683,52.59885],[-121.44895,52.5967],[-121.4491,52.59655],[-121.44989,52.59575]]]}},{"type":"Feature","properties":{"c":"204275","o":"SPANISH MOUNTAIN GOLD LTD.","e":"2035-09-10Z"},"geometry":{"type":"Polygon","coordinates":[[[-121.49338,52.59558],[-121.49339,52.59758],[-121.49339,52.59774],[-121.49339,52.59892],[-121.49339,52.5996],[-121.49339,52.59967],[-121.49339,52.6],[-121.49339,52.60057],[-121.49339,52.60457],[-121.49149,52.60457],[-121.48859,52.60457],[-121.48837,52.60457],[-121.48415,52.60457],[-121.4833,52.60457],[-121.47862,52.60457],[-121.47862,52.60013],[-121.47862,52.6],[-121.47862,52.59687],[-121.47862,52.59571],[-121.47862,52.59558],[-121.47938,52.59558],[-121.48077,52.59558],[-121.48794,52.59558],[-121.48942,52.59558],[-121.48987,52.59558],[-121.49338,52.59558]]]}},{"type":"Feature","properties":{"c":"204226","o":"SPANISH MOUNTAIN GOLD LTD.","e":"2035-09-10Z"},"geometry":{"type":"Polygon","coordinates":[[[-121.46313,52.59636],[-121.46301,52.59649],[-121.46008,52.59946],[-121.45498,52.59761],[-121.45626,52.59631],[-121.46288,52.59636],[-121.46313,52.59636]]]}},{"type":"Feature","properties":{"c":"399419","o":"SPANISH MOUNTAIN GOLD LTD.","e":"2035-09-10Z"},"geometry":{"type":"Polygon","coordinates":[[[-121.42153,52.57759],[-121.42152,52.58209],[-121.41414,52.58208],[-121.41415,52.57759],[-121.42153,52.57759]]]}},{"type":"Feature","properties":{"c":"512541","o":"SPANISH MOUNTAIN GOLD LTD.","e":"2035-09-10Z"},"geometry":{"type":"Polygon","coordinates":[[[-121.46387,52.57494],[-121.45762,52.57494],[-121.45137,52.57494],[-121.44512,52.57494],[-121.44512,52.57077],[-121.44512,52.56661],[-121.45137,52.56661],[-121.45762,52.56661],[-121.46387,52.56661],[-121.46387,52.57077],[-121.46387,52.57494]]]}},{"type":"Feature","properties":{"c":"512542","o":"SPANISH MOUNTAIN GOLD LTD.","e":"2035-09-10Z"},"geometry":{"type":"Polygon","coordinates":[[[-121.47012,52.58327],[-121.46387,52.58327],[-121.45762,52.58327],[-121.45762,52.57911],[-121.45762,52.57494],[-121.46387,52.57494],[-121.47012,52.57494],[-121.47012,52.57911],[-121.47012,52.58327]]]}},{"type":"Feature","properties":{"c":"512544","o":"SPANISH MOUNTAIN GOLD LTD.","e":"2035-09-10Z"},"geometry":{"type":"Polygon","coordinates":[[[-121.45762,52.58327],[-121.45137,52.58327],[-121.44512,52.58327],[-121.44512,52.57911],[-121.44512,52.57494],[-121.45137,52.57494],[-121.45762,52.57494],[-121.45762,52.57911],[-121.45762,52.58327]]]}},{"type":"Feature","properties":{"c":"512547","o":"SPANISH MOUNTAIN GOLD LTD.","e":"2035-09-10Z"},"geometry":{"type":"Polygon","coordinates":[[[-121.43887,52.57494],[-121.44512,52.57494],[-121.44512,52.57911],[-121.43887,52.57911],[-121.43887,52.57494]]]}},{"type":"Feature","properties":{"c":"512549","o":"SPANISH MOUNTAIN GOLD LTD.","e":"2035-09-10Z"},"geometry":{"type":"Polygon","coordinates":[[[-121.43262,52.58327],[-121.42637,52.58327],[-121.42012,52.58327],[-121.42012,52.57911],[-121.42012,52.57494],[-121.42637,52.57494],[-121.43262,52.57494],[-121.43262,52.57911],[-121.43262,52.58327]]]}},{"type":"Feature","properties":{"c":"399413","o":"SPANISH MOUNTAIN GOLD LTD.","e":"2035-09-10Z"},"geometry":{"type":"Polygon","coordinates":[[[-121.4658,52.56861],[-121.4658,52.5731],[-121.45842,52.5731],[-121.45842,52.56861],[-121.4658,52.56861]]]}},{"type":"Feature","properties":{"c":"373355","o":"SPANISH MOUNTAIN GOLD LTD.","e":"2035-09-10Z"},"geometry":{"type":"Polygon","coordinates":[[[-121.46708,52.58732],[-121.46609,52.58732],[-121.4658,52.58732],[-121.4658,52.58657],[-121.4658,52.58209],[-121.4658,52.5776],[-121.4658,52.5731],[-121.4658,52.56861],[-121.47072,52.56861],[-121.47777,52.56861],[-121.479,52.56861],[-121.48638,52.56861],[-121.48793,52.56861],[-121.48793,52.57115],[-121.48794,52.58014],[-121.48794,52.58774],[-121.48794,52.58795],[-121.48794,52.5925],[-121.48794,52.59426],[-121.48794,52.59558],[-121.48077,52.59558],[-121.47938,52.59558],[-121.47862,52.59558],[-121.47581,52.59558],[-121.47021,52.59558],[-121.46708,52.59558],[-121.46708,52.59183],[-121.46708,52.58941],[-121.46708,52.58732]]]}},{"type":"Feature","properties":{"c":"205151","o":"SPANISH MOUNTAIN GOLD LTD.","e":"2035-09-10Z"},"geometry":{"type":"Polygon","coordinates":[[[-121.39767,52.59299],[-121.4,52.59299],[-121.43457,52.59299],[-121.43457,52.59558],[-121.42696,52.59557],[-121.42696,52.6],[-121.42695,52.60906],[-121.43457,52.60906],[-121.43457,52.61097],[-121.41358,52.61097],[-121.4,52.61097],[-121.39765,52.61097],[-121.39766,52.6],[-121.39767,52.5933],[-121.39767,52.59299]]]}},{"type":"Feature","properties":{"c":"204334","o":"SPANISH MOUNTAIN GOLD LTD.","e":"2035-09-10Z"},"geometry":{"type":"Polygon","coordinates":[[[-121.4491,52.59558],[-121.4491,52.59655],[-121.44895,52.5967],[-121.44683,52.59885],[-121.4491,52.59968],[-121.4491,52.59981],[-121.4491,52.6],[-121.4491,52.60115],[-121.4491,52.60906],[-121.43457,52.60906],[-121.42695,52.60906],[-121.42696,52.6],[-121.42696,52.59557],[-121.43457,52.59558],[-121.44366,52.59558],[-121.44727,52.59558],[-121.4491,52.59558]]]}},{"type":"Feature","properties":{"c":"404303","o":"SPANISH MOUNTAIN GOLD LTD.","e":"2035-09-10Z"},"geometry":{"type":"Polygon","coordinates":[[[-121.44946,52.56783],[-121.44946,52.56861],[-121.44946,52.57232],[-121.44208,52.57232],[-121.44208,52.56783],[-121.44367,52.56783],[-121.44946,52.56783]]]}},{"type":"Feature","properties":{"c":"517446","o":"SPANISH MOUNTAIN GOLD LTD.","e":"2035-09-10Z"},"geometry":{"type":"Polygon","coordinates":[[[-121.43887,52.57077],[-121.44512,52.57077],[-121.44512,52.57494],[-121.43887,52.57494],[-121.43887,52.57077]]]}},{"type":"Feature","properties":{"c":"204274","o":"SPANISH MOUNTAIN GOLD LTD.","e":"2035-09-10Z"},"geometry":{"type":"MultiPolygon","coordinates":[[[[-121.4491,52.60115],[-121.4491,52.6],[-121.4491,52.59981],[-121.4491,52.59968],[-121.44919,52.59971],[-121.44999,52.6],[-121.45193,52.60071],[-121.45703,52.60257],[-121.45955,52.6],[-121.45998,52.59956],[-121.46008,52.59946],[-121.46301,52.59649],[-121.46313,52.59636],[-121.46708,52.59631],[-121.46708,52.59558],[-121.47021,52.59558],[-121.47581,52.59558],[-121.47862,52.59558],[-121.47862,52.59571],[-121.47862,52.59687],[-121.47862,52.6],[-121.47862,52.60013],[-121.47862,52.60457],[-121.47862,52.60615],[-121.47863,52.60731],[-121.47863,52.61124],[-121.47863,52.61397],[-121.47816,52.61397],[-121.47814,52.61397],[-121.47501,52.61397],[-121.45656,52.61397],[-121.45656,52.61805],[-121.44919,52.61805],[-121.44909,52.61805],[-121.44909,52.61574],[-121.4491,52.60906],[-121.4491,52.60115]]],[[[-121.45006,52.59558],[-121.44989,52.59575],[-121.4491,52.59655],[-121.4491,52.59558],[-121.45006,52.59558]]]]}},{"type":"Feature","properties":{"c":"399411","o":"SPANISH MOUNTAIN GOLD LTD.","e":"2035-09-10Z"},"geometry":{"type":"Polygon","coordinates":[[[-121.48054,52.53265],[-121.48055,52.54847],[-121.48054,52.55009],[-121.48054,52.55063],[-121.46928,52.55063],[-121.46597,52.55063],[-121.45681,52.55063],[-121.44368,52.55063],[-121.44369,52.53266],[-121.44422,52.53266],[-121.4737,52.53266],[-121.48054,52.53265]]]}},{"type":"Feature","properties":{"c":"204225","o":"SPANISH MOUNTAIN GOLD LTD.","e":"2035-09-10Z"},"geometry":{"type":"Polygon","coordinates":[[[-121.44989,52.59575],[-121.45006,52.59558],[-121.45024,52.59558],[-121.45227,52.59557],[-121.4523,52.59606],[-121.45231,52.5961],[-121.45232,52.59631],[-121.45626,52.59631],[-121.45498,52.59761],[-121.45196,52.5965],[-121.45168,52.5964],[-121.44989,52.59575]]]}},{"type":"Feature","properties":{"c":"204021","o":"SPANISH MOUNTAIN GOLD LTD.","e":"2035-09-10Z"},"geometry":{"type":"Polygon","coordinates":[[[-121.44366,52.59315],[-121.44366,52.59108],[-121.44366,52.5887],[-121.44366,52.58631],[-121.44366,52.58209],[-121.44946,52.58209],[-121.45684,52.58209],[-121.45842,52.58209],[-121.4658,52.58209],[-121.4658,52.58657],[-121.4658,52.58732],[-121.45851,52.58732],[-121.45233,52.58732],[-121.45232,52.59094],[-121.45232,52.59228],[-121.45232,52.59558],[-121.45227,52.59557],[-121.45024,52.59558],[-121.45006,52.59558],[-121.4491,52.59558],[-121.44727,52.59558],[-121.44366,52.59558],[-121.44366,52.59315]]]}},{"type":"Feature","properties":{"c":"399417","o":"SPANISH MOUNTAIN GOLD LTD.","e":"2035-09-10Z"},"geometry":{"type":"Polygon","coordinates":[[[-121.44396,52.5776],[-121.44946,52.5776],[-121.44946,52.58209],[-121.44396,52.58209],[-121.44396,52.5776]]]}},{"type":"Feature","properties":{"c":"399412","o":"SPANISH MOUNTAIN GOLD LTD.","e":"2035-09-10Z"},"geometry":{"type":"Polygon","coordinates":[[[-121.43122,52.57759],[-121.41415,52.57759],[-121.41418,52.55512],[-121.44368,52.55513],[-121.44368,52.56783],[-121.44208,52.56783],[-121.44208,52.57682],[-121.44368,52.57682],[-121.44366,52.5776],[-121.43122,52.57759]]]}},{"type":"Feature","properties":{"c":"204227","o":"SPANISH MOUNTAIN GOLD LTD.","e":"2035-09-10Z"},"geometry":{"type":"Polygon","coordinates":[[[-121.45498,52.59761],[-121.46008,52.59946],[-121.45998,52.59956],[-121.45955,52.6],[-121.45703,52.60257],[-121.45193,52.60071],[-121.45263,52.6],[-121.45472,52.59787],[-121.45498,52.59761]]]}},{"type":"Feature","properties":{"c":"399415","o":"SPANISH MOUNTAIN GOLD LTD.","e":"2035-09-10Z"},"geometry":{"type":"Polygon","coordinates":[[[-121.4658,52.5731],[-121.4658,52.5776],[-121.45842,52.5776],[-121.45842,52.5731],[-121.4658,52.5731]]]}},{"type":"Feature","properties":{"c":"373415","o":"SPANISH MOUNTAIN GOLD LTD.","e":"2035-09-10Z"},"geometry":{"type":"Polygon","coordinates":[[[-121.44946,52.5731],[-121.45104,52.5731],[-121.45683,52.5731],[-121.45684,52.5776],[-121.44946,52.5776],[-121.44946,52.57682],[-121.44946,52.5731]]]}},{"type":"Feature","properties":{"c":"559393","o":"NICOL, GAVIN ALEXANDER","e":"2027-04-13Z"},"geometry":{"type":"Polygon","coordinates":[[[-121.50763,52.62077],[-121.50138,52.62077],[-121.49512,52.62077],[-121.49512,52.61661],[-121.49512,52.61244],[-121.50137,52.61244],[-121.50762,52.61244],[-121.50762,52.61661],[-121.50763,52.62077]]]}},{"type":"Feature","properties":{"c":"559434","o":"NICOL, GAVIN ALEXANDER","e":"2027-04-13Z"},"geometry":{"type":"Polygon","coordinates":[[[-121.50763,52.62911],[-121.50138,52.62911],[-121.49513,52.62911],[-121.49513,52.62494],[-121.49512,52.62077],[-121.50138,52.62077],[-121.50763,52.62077],[-121.50763,52.62494],[-121.50763,52.62911]]]}},{"type":"Feature","properties":{"c":"559436","o":"NICOL, GAVIN ALEXANDER","e":"2027-04-13Z"},"geometry":{"type":"Polygon","coordinates":[[[-121.50763,52.63744],[-121.50138,52.63744],[-121.49513,52.63744],[-121.49513,52.63327],[-121.49513,52.62911],[-121.50138,52.62911],[-121.50763,52.62911],[-121.50763,52.63327],[-121.50763,52.63744]]]}},{"type":"Feature","properties":{"c":"1033915","o":"GRENIER, FLORENT ALLAIN","e":"2027-11-30Z"},"geometry":{"type":"Polygon","coordinates":[[[-121.37013,52.98329],[-121.37638,52.98329],[-121.37638,52.98746],[-121.37013,52.98746],[-121.37013,52.98329]]]}},{"type":"Feature","properties":{"c":"598793","o":"NICOL, GAVIN ALEXANDER","e":"2027-04-13Z"},"geometry":{"type":"Polygon","coordinates":[[[-121.50763,52.65411],[-121.50138,52.65411],[-121.49513,52.65411],[-121.49513,52.64994],[-121.49513,52.64578],[-121.50138,52.64577],[-121.50763,52.64577],[-121.50763,52.64994],[-121.50763,52.65411]]]}},{"type":"Feature","properties":{"c":"598860","o":"NICOL, GAVIN ALEXANDER","e":"2027-04-13Z"},"geometry":{"type":"Polygon","coordinates":[[[-121.48263,52.64578],[-121.48263,52.64161],[-121.48888,52.64161],[-121.49513,52.64161],[-121.49513,52.64578],[-121.48888,52.64578],[-121.48263,52.64578]]]}},{"type":"Feature","properties":{"c":"598975","o":"NICOL, GAVIN ALEXANDER","e":"2027-04-13Z"},"geometry":{"type":"Polygon","coordinates":[[[-121.48887,52.62494],[-121.48262,52.62494],[-121.48262,52.62077],[-121.48262,52.61661],[-121.48887,52.61661],[-121.49512,52.61661],[-121.49512,52.62077],[-121.48887,52.62077],[-121.48887,52.62494]]]}},{"type":"Feature","properties":{"c":"591139","o":"PATENAUDE, ARTHUR FREDERICK","e":"2027-04-13Z"},"geometry":{"type":"Polygon","coordinates":[[[-121.49513,52.65828],[-121.48888,52.65828],[-121.48888,52.66244],[-121.48263,52.66244],[-121.47638,52.66244],[-121.47638,52.65828],[-121.47638,52.65411],[-121.47638,52.64994],[-121.47638,52.64578],[-121.48263,52.64578],[-121.48888,52.64578],[-121.49513,52.64578],[-121.49513,52.64994],[-121.49513,52.65411],[-121.49513,52.65828]]]}},{"type":"Feature","properties":{"c":"591164","o":"NICOL, GAVIN ALEXANDER","e":"2027-04-13Z"},"geometry":{"type":"Polygon","coordinates":[[[-121.48262,52.61661],[-121.47637,52.61661],[-121.47012,52.61661],[-121.47012,52.61244],[-121.46387,52.61244],[-121.45762,52.61244],[-121.45762,52.60827],[-121.46387,52.60827],[-121.47012,52.60827],[-121.47012,52.60411],[-121.47637,52.60411],[-121.48262,52.60411],[-121.48262,52.60827],[-121.48887,52.60827],[-121.48887,52.61244],[-121.49512,52.61244],[-121.49512,52.61661],[-121.48887,52.61661],[-121.48262,52.61661]]]}},{"type":"Feature","properties":{"c":"591166","o":"NICOL, GAVIN ALEXANDER","e":"2028-07-27Z"},"geometry":{"type":"Polygon","coordinates":[[[-121.50137,52.59161],[-121.49512,52.59161],[-121.48887,52.59161],[-121.48887,52.58744],[-121.48887,52.58327],[-121.49512,52.58327],[-121.50137,52.58327],[-121.50137,52.58744],[-121.50137,52.59161]]]}},{"type":"Feature","properties":{"c":"591167","o":"NICOL, GAVIN ALEXANDER","e":"2028-07-27Z"},"geometry":{"type":"Polygon","coordinates":[[[-121.48887,52.58327],[-121.48262,52.58327],[-121.48262,52.57911],[-121.48262,52.57494],[-121.48262,52.57077],[-121.48887,52.57077],[-121.48887,52.57494],[-121.49512,52.57494],[-121.49512,52.57911],[-121.50137,52.57911],[-121.50137,52.58327],[-121.49512,52.58327],[-121.48887,52.58327]]]}},{"type":"Feature","properties":{"c":"591231","o":"WILDER, COTE BO","e":"2027-04-10Z"},"geometry":{"type":"Polygon","coordinates":[[[-121.45762,52.59994],[-121.45762,52.59577],[-121.46387,52.59577],[-121.47012,52.59577],[-121.47012,52.59994],[-121.46387,52.59994],[-121.45762,52.59994]]]}},{"type":"Feature","properties":{"c":"514562","o":"SPANISH MOUNTAIN GOLD LTD.","e":"2031-11-29Z"},"geometry":{"type":"Polygon","coordinates":[[[-121.46387,52.59577],[-121.45762,52.59577],[-121.45137,52.59577],[-121.45137,52.59161],[-121.44512,52.59161],[-121.44512,52.58744],[-121.44512,52.58327],[-121.45137,52.58327],[-121.45762,52.58327],[-121.46387,52.58327],[-121.47012,52.58327],[-121.47012,52.58744],[-121.46387,52.58744],[-121.46387,52.59161],[-121.46387,52.59577]]]}},{"type":"Feature","properties":{"c":"1077370","o":"WEST MINING CORP.","e":"2031-11-25Z"},"geometry":{"type":"Polygon","coordinates":[[[-121.45762,52.61661],[-121.45137,52.61661],[-121.45137,52.61244],[-121.45762,52.61244],[-121.46387,52.61244],[-121.47012,52.61244],[-121.47012,52.61661],[-121.46387,52.61661],[-121.45762,52.61661]]]}},{"type":"Feature","properties":{"c":"1077373","o":"WEST MINING CORP.","e":"2027-11-25Z"},"geometry":{"type":"Polygon","coordinates":[[[-121.50136,52.52911],[-121.49511,52.52911],[-121.48886,52.52911],[-121.48886,52.52494],[-121.48886,52.52077],[-121.48886,52.51661],[-121.48886,52.51244],[-121.49511,52.51244],[-121.50136,52.51244],[-121.50136,52.51661],[-121.50136,52.52077],[-121.50136,52.52494],[-121.50136,52.52911]]]}},{"type":"Feature","properties":{"c":"1077382","o":"WEST MINING CORP.","e":"2031-11-25Z"},"geometry":{"type":"Polygon","coordinates":[[[-121.43262,52.59577],[-121.42637,52.59577],[-121.42012,52.59577],[-121.42012,52.59161],[-121.42012,52.58744],[-121.42637,52.58744],[-121.43262,52.58744],[-121.43262,52.59161],[-121.43262,52.59577]]]}},{"type":"Feature","properties":{"c":"1079841","o":"WEST MINING CORP.","e":"2027-11-25Z"},"geometry":{"type":"Polygon","coordinates":[[[-121.48886,52.52911],[-121.48261,52.52911],[-121.47636,52.52911],[-121.47011,52.52911],[-121.46386,52.52911],[-121.45761,52.52911],[-121.45136,52.52911],[-121.45136,52.52494],[-121.45136,52.52077],[-121.45135,52.51661],[-121.45135,52.51244],[-121.45135,52.50827],[-121.4576,52.50827],[-121.46385,52.50827],[-121.46385,52.50411],[-121.4576,52.50411],[-121.4576,52.49994],[-121.4576,52.49577],[-121.46385,52.49577],[-121.46385,52.49994],[-121.4701,52.49994],[-121.47635,52.49994],[-121.47635,52.50411],[-121.4826,52.50411],[-121.48885,52.50411],[-121.48886,52.50827],[-121.49511,52.50827],[-121.49511,52.51244],[-121.48886,52.51244],[-121.48886,52.51661],[-121.48886,52.52077],[-121.48886,52.52494],[-121.48886,52.52911]]]}},{"type":"Feature","properties":{"c":"595225","o":"MARTINICH, TERRENCE GORDON","e":"2027-09-30Z"},"geometry":{"type":"Polygon","coordinates":[[[-121.44514,52.77495],[-121.45139,52.77495],[-121.45139,52.77912],[-121.44514,52.77912],[-121.44514,52.77495]]]}},{"type":"Feature","properties":{"c":"595227","o":"MARTINICH, TERRENCE GORDON","e":"2027-09-30Z"},"geometry":{"type":"Polygon","coordinates":[[[-121.43889,52.77912],[-121.44514,52.77912],[-121.44514,52.78328],[-121.43889,52.78328],[-121.43889,52.77912]]]}},{"type":"Feature","properties":{"c":"594878","o":"MARTINICH, TERRENCE GORDON","e":"2027-09-30Z"},"geometry":{"type":"Polygon","coordinates":[[[-121.44514,52.77912],[-121.45139,52.77912],[-121.45139,52.78328],[-121.44514,52.78328],[-121.44514,52.77912]]]}},{"type":"Feature","properties":{"c":"383422","o":"RASMUSSEN, GLEN ERIC","e":"2029-01-03Z"},"geometry":{"type":"Polygon","coordinates":[[[-121.51253,52.56421],[-121.51136,52.56517],[-121.50577,52.56288],[-121.50302,52.56537],[-121.49912,52.5636],[-121.50084,52.56219],[-121.50413,52.56027],[-121.51235,52.564],[-121.51253,52.56421]]]}},{"type":"Feature","properties":{"c":"582448","o":"PAETKAU, ADRIANNE GAIL","e":"2026-10-21Z"},"geometry":{"type":"Polygon","coordinates":[[[-121.41388,52.76245],[-121.42013,52.76245],[-121.42013,52.76662],[-121.41388,52.76662],[-121.41388,52.76245]]]}},{"type":"Feature","properties":{"c":"521262","o":"MARTINICH, TERRENCE GORDON","e":"2027-09-30Z"},"geometry":{"type":"Polygon","coordinates":[[[-121.43264,52.77495],[-121.42639,52.77495],[-121.42013,52.77495],[-121.42013,52.77078],[-121.42013,52.76662],[-121.41388,52.76662],[-121.41388,52.76245],[-121.42013,52.76245],[-121.42638,52.76245],[-121.43263,52.76245],[-121.43264,52.76662],[-121.43264,52.77078],[-121.43264,52.77495]]]}},{"type":"Feature","properties":{"c":"542577","o":"MARTINICH, TERRENCE GORDON","e":"2027-09-30Z"},"geometry":{"type":"Polygon","coordinates":[[[-121.43264,52.77078],[-121.43889,52.77078],[-121.43889,52.77495],[-121.43264,52.77495],[-121.43264,52.77078]]]}},{"type":"Feature","properties":{"c":"413206","o":"MARTINICH, TERRENCE GORDON","e":"2027-09-30Z"},"geometry":{"type":"Polygon","coordinates":[[[-121.4305,52.7754],[-121.43381,52.77138],[-121.44707,52.7754],[-121.44376,52.77942],[-121.4305,52.7754]]]}},{"type":"Feature","properties":{"c":"396319","o":"MARTINICH, TERRENCE GORDON","e":"2027-09-30Z"},"geometry":{"type":"Polygon","coordinates":[[[-121.44411,52.78003],[-121.44506,52.78057],[-121.44459,52.78108],[-121.44453,52.78111],[-121.4441,52.78136],[-121.44215,52.78248],[-121.44288,52.78295],[-121.4421,52.7838],[-121.43669,52.78197],[-121.43412,52.78111],[-121.43207,52.78042],[-121.42928,52.77948],[-121.42914,52.77943],[-121.42928,52.77928],[-121.43173,52.77661],[-121.43175,52.77659],[-121.43212,52.77619],[-121.43233,52.77596],[-121.43289,52.77613],[-121.43453,52.77662],[-121.4367,52.77727],[-121.44314,52.77919],[-121.4431,52.77922],[-121.44294,52.77937],[-121.44411,52.78003]]]}},{"type":"Feature","properties":{"c":"398654","o":"MARTINICH, TERRENCE GORDON","e":"2027-09-30Z"},"geometry":{"type":"Polygon","coordinates":[[[-121.44294,52.77937],[-121.44314,52.77924],[-121.44376,52.77942],[-121.44411,52.779],[-121.44479,52.77817],[-121.44717,52.77662],[-121.448,52.77609],[-121.44895,52.77663],[-121.45152,52.77808],[-121.45687,52.78112],[-121.45883,52.78223],[-121.45542,52.78444],[-121.45376,52.78551],[-121.45151,52.78423],[-121.44601,52.78111],[-121.44527,52.78069],[-121.44506,52.78057],[-121.44411,52.78003],[-121.44294,52.77937]]]}},{"type":"Feature","properties":{"c":"596144","o":"BARKERVILLE GOLD MINES LTD.","e":"2036-04-18Z"},"geometry":{"type":"Polygon","coordinates":[[[-121.45138,52.96246],[-121.44513,52.96246],[-121.43888,52.96246],[-121.43263,52.96246],[-121.42638,52.96246],[-121.42013,52.96246],[-121.41387,52.96246],[-121.40762,52.96246],[-121.40137,52.96246],[-121.40137,52.95829],[-121.40137,52.95412],[-121.40762,52.95412],[-121.41387,52.95412],[-121.42012,52.95412],[-121.42637,52.95412],[-121.43263,52.95412],[-121.43888,52.95412],[-121.43888,52.94996],[-121.44513,52.94996],[-121.45138,52.94996],[-121.45138,52.95412],[-121.45138,52.95829],[-121.45138,52.96246]]]}},{"type":"Feature","properties":{"c":"517485","o":"SPANISH MOUNTAIN GOLD LTD.","e":"2035-09-10Z"},"geometry":{"type":"Polygon","coordinates":[[[-121.53887,52.59994],[-121.53262,52.59994],[-121.52637,52.59994],[-121.52012,52.59994],[-121.51387,52.59994],[-121.50762,52.59994],[-121.50137,52.59994],[-121.49512,52.59994],[-121.48887,52.59994],[-121.48887,52.59577],[-121.48887,52.59161],[-121.48887,52.58744],[-121.48887,52.58327],[-121.48887,52.57911],[-121.48887,52.57494],[-121.48887,52.57077],[-121.48262,52.57077],[-121.47637,52.57077],[-121.47637,52.56661],[-121.47637,52.56244],[-121.47637,52.55827],[-121.47637,52.55411],[-121.48262,52.55411],[-121.48887,52.55411],[-121.49512,52.55411],[-121.49512,52.55827],[-121.48887,52.55827],[-121.48887,52.56244],[-121.49512,52.56244],[-121.49512,52.56661],[-121.50137,52.56661],[-121.50137,52.57077],[-121.50762,52.57077],[-121.51387,52.57077],[-121.52012,52.57077],[-121.52637,52.57077],[-121.53262,52.57077],[-121.53887,52.57077],[-121.53887,52.57494],[-121.53887,52.57911],[-121.53887,52.58327],[-121.53887,52.58744],[-121.53887,52.59161],[-121.53887,52.59577],[-121.53887,52.59994]]]}},{"type":"Feature","properties":{"c":"538658","o":"SPANISH MOUNTAIN GOLD LTD.","e":"2035-09-10Z"},"geometry":{"type":"Polygon","coordinates":[[[-121.48887,52.59577],[-121.48262,52.59577],[-121.48262,52.59161],[-121.48262,52.58744],[-121.48262,52.58327],[-121.48262,52.57911],[-121.48262,52.57494],[-121.48262,52.57077],[-121.48887,52.57077],[-121.48887,52.57494],[-121.48887,52.57911],[-121.48887,52.58327],[-121.48887,52.58744],[-121.48887,52.59161],[-121.48887,52.59577]]]}},{"type":"Feature","properties":{"c":"626583","o":"WILDER, COTE BO","e":"2027-04-10Z"},"geometry":{"type":"Polygon","coordinates":[[[-121.45762,52.55827],[-121.45137,52.55827],[-121.45136,52.55411],[-121.44511,52.55411],[-121.44511,52.54994],[-121.45136,52.54994],[-121.45761,52.54994],[-121.45761,52.55411],[-121.46386,52.55411],[-121.47011,52.55411],[-121.47012,52.55827],[-121.46387,52.55827],[-121.45762,52.55827]]]}},{"type":"Feature","properties":{"c":"626584","o":"WILDER, COTE BO","e":"2027-04-10Z"},"geometry":{"type":"Polygon","coordinates":[[[-121.45762,52.55827],[-121.46387,52.55827],[-121.46387,52.56244],[-121.45762,52.56244],[-121.45762,52.55827]]]}},{"type":"Feature","properties":{"c":"626585","o":"WILDER, COTE BO","e":"2027-04-10Z"},"geometry":{"type":"Polygon","coordinates":[[[-121.45761,52.54994],[-121.46386,52.54994],[-121.46386,52.55411],[-121.45761,52.55411],[-121.45761,52.54994]]]}},{"type":"Feature","properties":{"c":"626586","o":"WILDER, COTE BO","e":"2027-04-10Z"},"geometry":{"type":"Polygon","coordinates":[[[-121.44511,52.54994],[-121.43886,52.54994],[-121.43886,52.54577],[-121.44511,52.54577],[-121.45136,52.54577],[-121.45761,52.54577],[-121.45761,52.54994],[-121.45136,52.54994],[-121.44511,52.54994]]]}},{"type":"Feature","properties":{"c":"755362","o":"BARKERVILLE GOLD MINES LTD.","e":"2036-04-18Z"},"geometry":{"type":"Polygon","coordinates":[[[-121.25762,52.97079],[-121.25137,52.97079],[-121.24512,52.97079],[-121.23887,52.97079],[-121.23262,52.97079],[-121.23262,52.96663],[-121.23262,52.96246],[-121.23262,52.95829],[-121.23262,52.95412],[-121.23262,52.94996],[-121.23887,52.94996],[-121.24512,52.94996],[-121.25137,52.94996],[-121.25762,52.94996],[-121.25762,52.95412],[-121.25762,52.95829],[-121.25762,52.96246],[-121.25762,52.96663],[-121.25762,52.97079]]]}},{"type":"Feature","properties":{"c":"755342","o":"BARKERVILLE GOLD MINES LTD.","e":"2036-04-18Z"},"geometry":{"type":"Polygon","coordinates":[[[-121.25762,52.99163],[-121.25137,52.99163],[-121.24512,52.99163],[-121.23887,52.99163],[-121.23262,52.99163],[-121.23262,52.98746],[-121.23262,52.98329],[-121.23262,52.97913],[-121.23262,52.97496],[-121.23262,52.97079],[-121.23887,52.97079],[-121.24512,52.97079],[-121.25137,52.97079],[-121.25762,52.97079],[-121.25762,52.97496],[-121.25762,52.97913],[-121.25762,52.98329],[-121.25762,52.98746],[-121.25762,52.99163]]]}},{"type":"Feature","properties":{"c":"755382","o":"BARKERVILLE GOLD MINES LTD.","e":"2036-04-18Z"},"geometry":{"type":"Polygon","coordinates":[[[-121.25762,52.94996],[-121.25137,52.94996],[-121.24512,52.94996],[-121.23887,52.94996],[-121.23262,52.94996],[-121.22637,52.94996],[-121.22012,52.94996],[-121.22012,52.94579],[-121.22012,52.94162],[-121.22012,52.93746],[-121.21387,52.93746],[-121.21387,52.93329],[-121.21387,52.92912],[-121.22012,52.92912],[-121.22637,52.92912],[-121.22637,52.93329],[-121.23262,52.93329],[-121.23887,52.93329],[-121.23887,52.93746],[-121.24512,52.93746],[-121.25137,52.93746],[-121.25762,52.93746],[-121.25762,52.94162],[-121.25762,52.94579],[-121.25762,52.94996]]]}},{"type":"Feature","properties":{"c":"755402","o":"BARKERVILLE GOLD MINES LTD.","e":"2036-04-18Z"},"geometry":{"type":"Polygon","coordinates":[[[-121.23262,52.98746],[-121.22637,52.98746],[-121.22012,52.98746],[-121.21387,52.98746],[-121.20762,52.98746],[-121.20137,52.98746],[-121.20137,52.98329],[-121.20137,52.97913],[-121.20137,52.97496],[-121.20137,52.97079],[-121.20137,52.96663],[-121.20762,52.96663],[-121.21387,52.96663],[-121.22012,52.96663],[-121.22637,52.96663],[-121.23262,52.96663],[-121.23262,52.97079],[-121.23262,52.97496],[-121.23262,52.97913],[-121.23262,52.98329],[-121.23262,52.98746]]]}},{"type":"Feature","properties":{"c":"755422","o":"BARKERVILLE GOLD MINES LTD.","e":"2036-04-18Z"},"geometry":{"type":"Polygon","coordinates":[[[-121.23262,52.96663],[-121.22637,52.96663],[-121.22012,52.96663],[-121.21387,52.96663],[-121.20762,52.96663],[-121.20137,52.96663],[-121.20137,52.96246],[-121.20137,52.95829],[-121.20137,52.95413],[-121.20137,52.94996],[-121.20137,52.94579],[-121.20762,52.94579],[-121.21387,52.94579],[-121.21387,52.94162],[-121.21387,52.93746],[-121.22012,52.93746],[-121.22012,52.94162],[-121.22012,52.94579],[-121.22012,52.94996],[-121.22637,52.94996],[-121.23262,52.94996],[-121.23262,52.95412],[-121.23262,52.95829],[-121.23262,52.96246],[-121.23262,52.96663]]]}},{"type":"Feature","properties":{"c":"755442","o":"BARKERVILLE GOLD MINES LTD.","e":"2036-04-18Z"},"geometry":{"type":"Polygon","coordinates":[[[-121.21387,52.94579],[-121.20762,52.94579],[-121.20137,52.94579],[-121.20137,52.94996],[-121.20137,52.95413],[-121.20137,52.95829],[-121.20137,52.96246],[-121.20137,52.96663],[-121.20137,52.97079],[-121.20137,52.97496],[-121.20137,52.97913],[-121.20137,52.98329],[-121.20137,52.98746],[-121.19512,52.98746],[-121.18887,52.98746],[-121.18887,52.98329],[-121.18887,52.97913],[-121.18887,52.97496],[-121.18887,52.97079],[-121.18887,52.96663],[-121.18887,52.96246],[-121.18887,52.95829],[-121.19512,52.95829],[-121.19512,52.95413],[-121.19512,52.94996],[-121.19512,52.94579],[-121.19512,52.94163],[-121.19512,52.93746],[-121.20137,52.93746],[-121.20137,52.93329],[-121.20762,52.93329],[-121.21387,52.93329],[-121.21387,52.93746],[-121.21387,52.94162],[-121.21387,52.94579]]]}},{"type":"Feature","properties":{"c":"755462","o":"BARKERVILLE GOLD MINES LTD.","e":"2036-04-18Z"},"geometry":{"type":"Polygon","coordinates":[[[-121.19512,52.95829],[-121.18887,52.95829],[-121.18887,52.96246],[-121.18887,52.96663],[-121.18887,52.97079],[-121.18887,52.97496],[-121.18887,52.97913],[-121.18887,52.98329],[-121.18262,52.98329],[-121.18262,52.97913],[-121.18262,52.97496],[-121.17637,52.97496],[-121.17637,52.97079],[-121.17637,52.96663],[-121.17637,52.96246],[-121.17637,52.95829],[-121.17637,52.95413],[-121.17637,52.94996],[-121.17637,52.94579],[-121.17637,52.94163],[-121.18262,52.94163],[-121.18262,52.93746],[-121.18887,52.93746],[-121.19512,52.93746],[-121.19512,52.94163],[-121.19512,52.94579],[-121.19512,52.94996],[-121.19512,52.95413],[-121.19512,52.95829]]]}},{"type":"Feature","properties":{"c":"774002","o":"NICOL, GAVIN ALEXANDER","e":"2027-04-13Z"},"geometry":{"type":"Polygon","coordinates":[[[-121.47013,52.65411],[-121.46388,52.65411],[-121.46388,52.64994],[-121.46388,52.64578],[-121.47013,52.64578],[-121.47013,52.64994],[-121.47013,52.65411]]]}},{"type":"Feature","properties":{"c":"658663","o":"NICOL, GAVIN ALEXANDER","e":"2027-04-13Z"},"geometry":{"type":"Polygon","coordinates":[[[-121.45137,52.64161],[-121.45762,52.64161],[-121.45762,52.64578],[-121.45137,52.64578],[-121.45137,52.64161]]]}},{"type":"Feature","properties":{"c":"662952","o":"NICOL, GAVIN ALEXANDER","e":"2027-04-13Z"},"geometry":{"type":"Polygon","coordinates":[[[-121.49513,52.64578],[-121.49513,52.64161],[-121.50138,52.64161],[-121.50763,52.64161],[-121.50763,52.64577],[-121.50138,52.64577],[-121.49513,52.64578]]]}},{"type":"Feature","properties":{"c":"203991","o":"BARKERVILLE GOLD MINES LTD.","e":"2035-11-13Z"},"geometry":{"type":"Polygon","coordinates":[[[-121.33973,52.88466],[-121.34716,52.88466],[-121.34716,52.89082],[-121.34692,52.89081],[-121.34627,52.894],[-121.3438,52.89478],[-121.34368,52.89483],[-121.34208,52.89545],[-121.34118,52.89468],[-121.33973,52.89346],[-121.33973,52.8918],[-121.33973,52.89137],[-121.33973,52.88466]]]}},{"type":"Feature","properties":{"c":"204176","o":"BARKERVILLE GOLD MINES LTD.","e":"2035-11-13Z"},"geometry":{"type":"Polygon","coordinates":[[[-121.34071,52.89948],[-121.34126,52.9],[-121.34288,52.90143],[-121.34342,52.90191],[-121.34369,52.9022],[-121.34437,52.90295],[-121.34369,52.90306],[-121.3399,52.90367],[-121.33978,52.90369],[-121.33796,52.90398],[-121.33785,52.90372],[-121.33782,52.90367],[-121.33774,52.90348],[-121.33693,52.90164],[-121.3365,52.90068],[-121.3364,52.90053],[-121.33857,52.9],[-121.34071,52.89948]]]}},{"type":"Feature","properties":{"c":"204177","o":"BARKERVILLE GOLD MINES LTD.","e":"2035-11-13Z"},"geometry":{"type":"Polygon","coordinates":[[[-121.33391,52.89677],[-121.33206,52.89441],[-121.33175,52.89402],[-121.33205,52.89387],[-121.33415,52.89288],[-121.33495,52.89489],[-121.33567,52.89669],[-121.33625,52.8966],[-121.3374,52.89642],[-121.33625,52.89673],[-121.33551,52.89693],[-121.33576,52.89715],[-121.33625,52.89702],[-121.34055,52.89593],[-121.34061,52.89602],[-121.33808,52.897],[-121.34071,52.89948],[-121.33857,52.9],[-121.3364,52.90053],[-121.33625,52.90031],[-121.33605,52.9],[-121.33565,52.8994],[-121.33412,52.89709],[-121.33391,52.89677]]]}},{"type":"Feature","properties":{"c":"204753","o":"BARKERVILLE GOLD MINES LTD.","e":"2035-11-13Z"},"geometry":{"type":"Polygon","coordinates":[[[-121.35504,52.9],[-121.35556,52.90132],[-121.35481,52.90143],[-121.3536,52.90035],[-121.3508,52.9015],[-121.34943,52.9],[-121.34753,52.89825],[-121.35399,52.89732],[-121.35504,52.9]]]}},{"type":"Feature","properties":{"c":"204754","o":"BARKERVILLE GOLD MINES LTD.","e":"2035-11-13Z"},"geometry":{"type":"Polygon","coordinates":[[[-121.35301,52.89451],[-121.35313,52.89395],[-121.35391,52.89718],[-121.34719,52.89778],[-121.34627,52.894],[-121.35301,52.89451]]]}},{"type":"Feature","properties":{"c":"204755","o":"BARKERVILLE GOLD MINES LTD.","e":"2035-11-13Z"},"geometry":{"type":"Polygon","coordinates":[[[-121.34692,52.89081],[-121.34716,52.89082],[-121.35367,52.89131],[-121.35313,52.89395],[-121.35301,52.89451],[-121.34627,52.894],[-121.34692,52.89081]]]}},{"type":"Feature","properties":{"c":"205247","o":"BARKERVILLE GOLD MINES LTD.","e":"2035-11-13Z"},"geometry":{"type":"Polygon","coordinates":[[[-121.3488,52.90662],[-121.35129,52.9056],[-121.35687,52.90326],[-121.35481,52.90143],[-121.35556,52.90132],[-121.35504,52.9],[-121.35399,52.89732],[-121.35391,52.89718],[-121.35313,52.89395],[-121.35367,52.89131],[-121.34716,52.89082],[-121.34716,52.88466],[-121.33973,52.88466],[-121.33973,52.89137],[-121.33973,52.8918],[-121.33973,52.89346],[-121.33886,52.89272],[-121.33876,52.89264],[-121.33877,52.89142],[-121.33877,52.89103],[-121.33879,52.88801],[-121.33879,52.88444],[-121.36365,52.88444],[-121.36365,52.88666],[-121.36365,52.887],[-121.36365,52.8915],[-121.36365,52.89599],[-121.36365,52.9],[-121.36366,52.90048],[-121.36366,52.90337],[-121.36366,52.90691],[-121.35734,52.90679],[-121.3488,52.90662]]]}},{"type":"Feature","properties":{"c":"205267","o":"BARKERVILLE GOLD MINES LTD.","e":"2035-11-13Z"},"geometry":{"type":"Polygon","coordinates":[[[-121.33879,52.87902],[-121.33879,52.87453],[-121.334,52.87453],[-121.334,52.87096],[-121.36371,52.87095],[-121.36371,52.87241],[-121.36371,52.87352],[-121.36365,52.88444],[-121.33879,52.88444],[-121.33879,52.88351],[-121.33879,52.87902]]]}},{"type":"Feature","properties":{"c":"369917","o":"BARKERVILLE GOLD MINES LTD.","e":"2036-04-18Z"},"geometry":{"type":"Polygon","coordinates":[[[-121.33452,52.90485],[-121.33452,52.90828],[-121.33452,52.90935],[-121.32784,52.90935],[-121.32781,52.9073],[-121.32778,52.90521],[-121.32761,52.90518],[-121.32708,52.90509],[-121.32708,52.90485],[-121.32761,52.90485],[-121.33005,52.90485],[-121.33071,52.90485],[-121.33386,52.90485],[-121.33452,52.90485]]]}},{"type":"Feature","properties":{"c":"369918","o":"BARKERVILLE GOLD MINES LTD.","e":"2036-04-18Z"},"geometry":{"type":"Polygon","coordinates":[[[-121.33452,52.90485],[-121.33528,52.90485],[-121.33845,52.90485],[-121.33869,52.90525],[-121.34116,52.90485],[-121.34195,52.90485],[-121.34196,52.9071],[-121.33997,52.90818],[-121.33974,52.9083],[-121.3413,52.90935],[-121.33452,52.90935],[-121.33452,52.90828],[-121.33452,52.90485]]]}},{"type":"Feature","properties":{"c":"370010","o":"BARKERVILLE GOLD MINES LTD.","e":"2036-04-18Z"},"geometry":{"type":"Polygon","coordinates":[[[-121.35787,52.93948],[-121.35466,52.93939],[-121.3531,52.93934],[-121.35323,52.93771],[-121.35328,52.937],[-121.35338,52.93573],[-121.35253,52.93571],[-121.3474,52.93556],[-121.34739,52.93563],[-121.34702,52.93917],[-121.3416,52.93902],[-121.34114,52.939],[-121.33828,52.93892],[-121.33516,52.93883],[-121.33545,52.93508],[-121.33553,52.93407],[-121.33579,52.93058],[-121.33677,52.91795],[-121.34455,52.91793],[-121.34521,52.91794],[-121.34521,52.92242],[-121.35265,52.92242],[-121.35265,52.91972],[-121.35265,52.91794],[-121.35476,52.91795],[-121.35451,52.92116],[-121.3545,52.92128],[-121.35441,52.92246],[-121.3544,52.92263],[-121.35422,52.92489],[-121.35691,52.92497],[-121.35846,52.92501],[-121.3602,52.92506],[-121.3602,52.92501],[-121.36048,52.92145],[-121.36049,52.92132],[-121.36058,52.92014],[-121.36061,52.91978],[-121.36063,52.91949],[-121.36075,52.91795],[-121.36246,52.91795],[-121.36371,52.91795],[-121.36371,52.92244],[-121.36371,52.92694],[-121.36371,52.93143],[-121.36371,52.9325],[-121.36232,52.93249],[-121.36064,52.9332],[-121.36019,52.93339],[-121.3599,52.93351],[-121.35982,52.93469],[-121.35967,52.93698],[-121.35964,52.93741],[-121.35946,52.94],[-121.35943,52.94042],[-121.35847,52.94042],[-121.35836,52.94024],[-121.35787,52.93948]]]}},{"type":"Feature","properties":{"c":"370011","o":"BARKERVILLE GOLD MINES LTD.","e":"2036-04-18Z"},"geometry":{"type":"Polygon","coordinates":[[[-121.35142,52.91343],[-121.35143,52.91793],[-121.35131,52.91793],[-121.34521,52.91794],[-121.34521,52.91598],[-121.34521,52.91405],[-121.34521,52.91343],[-121.3508,52.91343],[-121.35142,52.91343]]]}},{"type":"Feature","properties":{"c":"370012","o":"BARKERVILLE GOLD MINES LTD.","e":"2036-04-18Z"},"geometry":{"type":"Polygon","coordinates":[[[-121.35265,52.91794],[-121.35265,52.91972],[-121.35265,52.92242],[-121.34521,52.92242],[-121.34521,52.91794],[-121.35131,52.91793],[-121.35143,52.91793],[-121.35265,52.91794]]]}},{"type":"Feature","properties":{"c":"370013","o":"BARKERVILLE GOLD MINES LTD.","e":"2036-04-18Z"},"geometry":{"type":"Polygon","coordinates":[[[-121.3699,52.91795],[-121.37115,52.91795],[-121.37115,52.92136],[-121.37115,52.92244],[-121.36371,52.92244],[-121.36371,52.91795],[-121.3699,52.91795]]]}},{"type":"Feature","properties":{"c":"370014","o":"BARKERVILLE GOLD MINES LTD.","e":"2036-04-18Z"},"geometry":{"type":"Polygon","coordinates":[[[-121.37115,52.92244],[-121.37115,52.92586],[-121.37115,52.92694],[-121.36371,52.92694],[-121.36371,52.92244],[-121.37115,52.92244]]]}},{"type":"Feature","properties":{"c":"370015","o":"BARKERVILLE GOLD MINES LTD.","e":"2036-04-18Z"},"geometry":{"type":"Polygon","coordinates":[[[-121.37115,52.92694],[-121.37115,52.93035],[-121.37116,52.93143],[-121.37064,52.93143],[-121.36371,52.93143],[-121.36371,52.92694],[-121.37115,52.92694]]]}},{"type":"Feature","properties":{"c":"370016","o":"BARKERVILLE GOLD MINES LTD.","e":"2036-04-18Z"},"geometry":{"type":"Polygon","coordinates":[[[-121.33713,52.91354],[-121.33711,52.91343],[-121.34195,52.91343],[-121.34455,52.91343],[-121.34455,52.91554],[-121.34455,52.91793],[-121.33711,52.91792],[-121.33711,52.91384],[-121.33713,52.91354]]]}},{"type":"Feature","properties":{"c":"370028","o":"BARKERVILLE GOLD MINES LTD.","e":"2036-04-18Z"},"geometry":{"type":"Polygon","coordinates":[[[-121.32708,52.90174],[-121.32708,52.90247],[-121.32708,52.90248],[-121.32708,52.90485],[-121.32708,52.90509],[-121.32708,52.90624],[-121.322,52.90624],[-121.31965,52.90624],[-121.31965,52.90581],[-121.31965,52.9049],[-121.31965,52.90174],[-121.32017,52.90174],[-121.3231,52.90174],[-121.32596,52.90174],[-121.32708,52.90174]]]}},{"type":"Feature","properties":{"c":"370029","o":"BARKERVILLE GOLD MINES LTD.","e":"2036-04-18Z"},"geometry":{"type":"Polygon","coordinates":[[[-121.32708,52.90624],[-121.32708,52.90717],[-121.32708,52.90926],[-121.32708,52.90935],[-121.32708,52.9094],[-121.32708,52.91073],[-121.32386,52.91073],[-121.31965,52.91073],[-121.31965,52.9094],[-121.31965,52.90624],[-121.322,52.90624],[-121.32708,52.90624]]]}},{"type":"Feature","properties":{"c":"370030","o":"BARKERVILLE GOLD MINES LTD.","e":"2036-04-18Z"},"geometry":{"type":"Polygon","coordinates":[[[-121.33452,52.90935],[-121.33452,52.91348],[-121.33134,52.9134],[-121.32708,52.91327],[-121.32708,52.91073],[-121.32708,52.9094],[-121.32708,52.90935],[-121.32761,52.90935],[-121.32784,52.90935],[-121.33452,52.90935]]]}},{"type":"Feature","properties":{"c":"370230","o":"BARKERVILLE GOLD MINES LTD.","e":"2036-04-18Z"},"geometry":{"type":"Polygon","coordinates":[[[-121.3413,52.90935],[-121.34195,52.90978],[-121.34195,52.91315],[-121.34195,52.91343],[-121.33711,52.91343],[-121.33713,52.91354],[-121.33452,52.91348],[-121.33452,52.90935],[-121.3413,52.90935]]]}},{"type":"Feature","properties":{"c":"370234","o":"BARKERVILLE GOLD MINES LTD.","e":"2036-04-18Z"},"geometry":{"type":"Polygon","coordinates":[[[-121.32708,52.91073],[-121.32708,52.91327],[-121.32663,52.91325],[-121.32703,52.91233],[-121.32398,52.91225],[-121.32386,52.91378],[-121.32386,52.91073],[-121.32708,52.91073]]]}},{"type":"Feature","properties":{"c":"375260","o":"BARKERVILLE GOLD MINES LTD.","e":"2035-11-13Z"},"geometry":{"type":"MultiPolygon","coordinates":[[[[-121.35245,52.90742],[-121.35024,52.90862],[-121.34784,52.90702],[-121.34567,52.90791],[-121.34504,52.90735],[-121.3437,52.90616],[-121.34196,52.9071],[-121.34195,52.90485],[-121.34116,52.90485],[-121.33869,52.90525],[-121.33845,52.90485],[-121.33528,52.90485],[-121.33728,52.90373],[-121.33739,52.90367],[-121.33774,52.90348],[-121.33782,52.90367],[-121.33785,52.90372],[-121.33796,52.90398],[-121.33978,52.90369],[-121.3399,52.90367],[-121.34369,52.90306],[-121.34437,52.90295],[-121.34369,52.9022],[-121.34342,52.90191],[-121.34288,52.90143],[-121.34126,52.9],[-121.34071,52.89948],[-121.33808,52.897],[-121.34061,52.89602],[-121.34055,52.89593],[-121.33625,52.89702],[-121.33576,52.89715],[-121.33551,52.89693],[-121.33625,52.89673],[-121.3374,52.89642],[-121.33625,52.8966],[-121.33567,52.89669],[-121.3349,52.89487],[-121.33446,52.89383],[-121.33415,52.89288],[-121.33205,52.89387],[-121.33175,52.89402],[-121.33206,52.89441],[-121.32761,52.8969],[-121.32761,52.89591],[-121.32761,52.89409],[-121.32761,52.89232],[-121.32761,52.89142],[-121.33087,52.89142],[-121.33756,52.89142],[-121.33877,52.89142],[-121.33876,52.89264],[-121.33886,52.89272],[-121.33973,52.89346],[-121.34118,52.89468],[-121.34208,52.89545],[-121.34368,52.89483],[-121.3438,52.89478],[-121.34627,52.894],[-121.34719,52.89778],[-121.35391,52.89718],[-121.35399,52.89732],[-121.34753,52.89825],[-121.34943,52.9],[-121.3508,52.9015],[-121.3536,52.90035],[-121.35481,52.90143],[-121.35687,52.90326],[-121.35129,52.9056],[-121.34866,52.90662],[-121.35734,52.90679],[-121.35734,52.90685],[-121.35734,52.90787],[-121.35734,52.90939],[-121.3554,52.90939],[-121.35245,52.90742]]],[[[-121.32761,52.90282],[-121.33003,52.90441],[-121.33071,52.90485],[-121.33005,52.90485],[-121.32761,52.90485],[-121.32761,52.90282]]]]}},{"type":"Feature","properties":{"c":"505905","o":"BARKERVILLE GOLD MINES LTD.","e":"2036-04-18Z"},"geometry":{"type":"Polygon","coordinates":[[[-121.37013,53.01663],[-121.36388,53.01663],[-121.35763,53.01663],[-121.35138,53.01663],[-121.34513,53.01663],[-121.33888,53.01663],[-121.33263,53.01663],[-121.32638,53.01663],[-121.32013,53.01663],[-121.31388,53.01663],[-121.30763,53.01663],[-121.30763,53.01246],[-121.30763,53.00829],[-121.30763,53.00413],[-121.30763,52.99996],[-121.30763,52.99579],[-121.31388,52.99579],[-121.32013,52.99579],[-121.32638,52.99579],[-121.33263,52.99579],[-121.33888,52.99579],[-121.34513,52.99579],[-121.35138,52.99579],[-121.35763,52.99579],[-121.36388,52.99579],[-121.37013,52.99579],[-121.37013,52.99996],[-121.37013,53.00413],[-121.37013,53.00829],[-121.37013,53.01246],[-121.37013,53.01663]]]}},{"type":"Feature","properties":{"c":"505910","o":"BARKERVILLE GOLD MINES LTD.","e":"2036-04-18Z"},"geometry":{"type":"Polygon","coordinates":[[[-121.34513,52.98329],[-121.33888,52.98329],[-121.33263,52.98329],[-121.32638,52.98329],[-121.32013,52.98329],[-121.31388,52.98329],[-121.30763,52.98329],[-121.30137,52.98329],[-121.30137,52.97913],[-121.30137,52.97496],[-121.29512,52.97496],[-121.28887,52.97496],[-121.28262,52.97496],[-121.28262,52.97079],[-121.28262,52.96662],[-121.28262,52.96246],[-121.28262,52.95829],[-121.28262,52.95412],[-121.28262,52.94996],[-121.28887,52.94996],[-121.29512,52.94996],[-121.30137,52.94996],[-121.30762,52.94996],[-121.31387,52.94996],[-121.32012,52.94996],[-121.32637,52.94996],[-121.32637,52.95412],[-121.32637,52.95829],[-121.32637,52.96246],[-121.33262,52.96246],[-121.33887,52.96246],[-121.34512,52.96246],[-121.34513,52.96662],[-121.34513,52.97079],[-121.34513,52.97496],[-121.34513,52.97912],[-121.34513,52.98329]]]}},{"type":"Feature","properties":{"c":"505921","o":"BARKERVILLE GOLD MINES LTD.","e":"2036-04-18Z"},"geometry":{"type":"Polygon","coordinates":[[[-121.34513,52.99579],[-121.33888,52.99579],[-121.33263,52.99579],[-121.32638,52.99579],[-121.32013,52.99579],[-121.31388,52.99579],[-121.30763,52.99579],[-121.30763,52.99996],[-121.30138,52.99996],[-121.29513,52.99996],[-121.28888,52.99996],[-121.28262,52.99996],[-121.27637,52.99996],[-121.27012,52.99996],[-121.27012,52.99579],[-121.27012,52.99163],[-121.27012,52.98746],[-121.27012,52.98329],[-121.27012,52.97913],[-121.27637,52.97913],[-121.28262,52.97913],[-121.28887,52.97913],[-121.29512,52.97913],[-121.30137,52.97913],[-121.30137,52.98329],[-121.30763,52.98329],[-121.31388,52.98329],[-121.32013,52.98329],[-121.32638,52.98329],[-121.33263,52.98329],[-121.33888,52.98329],[-121.34513,52.98329],[-121.34513,52.98746],[-121.34513,52.99163],[-121.34513,52.99579]]]}},{"type":"Feature","properties":{"c":"506630","o":"BARKERVILLE GOLD MINES LTD.","e":"2036-04-18Z"},"geometry":{"type":"Polygon","coordinates":[[[-121.43888,52.95412],[-121.43263,52.95412],[-121.42637,52.95412],[-121.42637,52.94996],[-121.42637,52.94579],[-121.42637,52.94162],[-121.42637,52.93746],[-121.42637,52.93329],[-121.42637,52.92912],[-121.42012,52.92912],[-121.42012,52.92496],[-121.42012,52.92079],[-121.42637,52.92079],[-121.43262,52.92079],[-121.43887,52.92079],[-121.43887,52.92496],[-121.43887,52.92912],[-121.43887,52.93329],[-121.43887,52.93746],[-121.43887,52.94162],[-121.43887,52.94579],[-121.43888,52.94996],[-121.43888,52.95412]]]}},{"type":"Feature","properties":{"c":"506637","o":"BARKERVILLE GOLD MINES LTD.","e":"2035-11-13Z"},"geometry":{"type":"Polygon","coordinates":[[[-121.38887,52.89162],[-121.38262,52.89162],[-121.38262,52.89579],[-121.38262,52.89995],[-121.38262,52.90412],[-121.38262,52.90829],[-121.38262,52.91246],[-121.38262,52.91662],[-121.38262,52.92079],[-121.38262,52.92496],[-121.37637,52.92496],[-121.37012,52.92496],[-121.37012,52.92079],[-121.36387,52.92079],[-121.35762,52.92079],[-121.35137,52.92079],[-121.35137,52.91662],[-121.35137,52.91246],[-121.35137,52.90829],[-121.35137,52.90412],[-121.35762,52.90412],[-121.35762,52.89995],[-121.35762,52.89579],[-121.35762,52.89162],[-121.35762,52.88745],[-121.35762,52.88329],[-121.35762,52.87912],[-121.35762,52.87495],[-121.35762,52.87078],[-121.36387,52.87078],[-121.37012,52.87078],[-121.37637,52.87078],[-121.38262,52.87078],[-121.38262,52.87495],[-121.38887,52.87495],[-121.38887,52.87912],[-121.38887,52.88328],[-121.38887,52.88745],[-121.38887,52.89162]]]}},{"type":"Feature","properties":{"c":"506658","o":"BARKERVILLE GOLD MINES LTD.","e":"2036-04-18Z"},"geometry":{"type":"Polygon","coordinates":[[[-121.40138,52.97079],[-121.39513,52.97079],[-121.38888,52.97079],[-121.38263,52.97079],[-121.37638,52.97079],[-121.37013,52.97079],[-121.37013,52.96662],[-121.37012,52.96246],[-121.37012,52.95829],[-121.36387,52.95829],[-121.36387,52.95412],[-121.36387,52.94996],[-121.37012,52.94996],[-121.37637,52.94996],[-121.38262,52.94996],[-121.38887,52.94996],[-121.39512,52.94996],[-121.39512,52.95412],[-121.40137,52.95412],[-121.40137,52.95829],[-121.40137,52.96246],[-121.40138,52.96662],[-121.40138,52.97079]]]}},{"type":"Feature","properties":{"c":"506721","o":"BARKERVILLE GOLD MINES LTD.","e":"2036-04-18Z"},"geometry":{"type":"Polygon","coordinates":[[[-121.42013,53.02913],[-121.41388,53.02913],[-121.40763,53.02913],[-121.40763,53.02496],[-121.40138,53.02496],[-121.39513,53.02496],[-121.38888,53.02496],[-121.38263,53.02496],[-121.38263,53.02079],[-121.38263,53.01663],[-121.38263,53.01246],[-121.38263,53.00829],[-121.38263,53.00413],[-121.37638,53.00413],[-121.37638,52.99996],[-121.37638,52.99579],[-121.37638,52.99163],[-121.37638,52.98746],[-121.38263,52.98746],[-121.38888,52.98746],[-121.39513,52.98746],[-121.40138,52.98746],[-121.40763,52.98746],[-121.40763,52.99163],[-121.41388,52.99163],[-121.41388,52.99579],[-121.41388,52.99996],[-121.41388,53.00413],[-121.42013,53.00413],[-121.42013,53.00829],[-121.42013,53.01246],[-121.42013,53.01663],[-121.42013,53.02079],[-121.42013,53.02496],[-121.42013,53.02913]]]}},{"type":"Feature","properties":{"c":"506956","o":"BARKERVILLE GOLD MINES LTD.","e":"2036-04-18Z"},"geometry":{"type":"Polygon","coordinates":[[[-121.42637,52.92079],[-121.42012,52.92079],[-121.42012,52.92496],[-121.42012,52.92912],[-121.41387,52.92912],[-121.40762,52.92912],[-121.40137,52.92912],[-121.39512,52.92912],[-121.38887,52.92912],[-121.38262,52.92912],[-121.37637,52.92912],[-121.37012,52.92912],[-121.37012,52.92496],[-121.37637,52.92496],[-121.38262,52.92496],[-121.38262,52.92079],[-121.38262,52.91662],[-121.38262,52.91246],[-121.38262,52.90829],[-121.38262,52.90412],[-121.38262,52.89995],[-121.38262,52.89579],[-121.38262,52.89162],[-121.38887,52.89162],[-121.38887,52.88745],[-121.39512,52.88745],[-121.39512,52.89162],[-121.40137,52.89162],[-121.40762,52.89162],[-121.41387,52.89162],[-121.42012,52.89162],[-121.42637,52.89162],[-121.42637,52.89579],[-121.42637,52.89995],[-121.42637,52.90412],[-121.42637,52.90829],[-121.42637,52.91246],[-121.42637,52.91662],[-121.42637,52.92079]]]}},{"type":"Feature","properties":{"c":"512739","o":"BARKERVILLE GOLD MINES LTD.","e":"2036-04-18Z"},"geometry":{"type":"Polygon","coordinates":[[[-121.33887,52.90829],[-121.33262,52.90829],[-121.33262,52.91246],[-121.32637,52.91246],[-121.32637,52.90829],[-121.32637,52.90412],[-121.32012,52.90412],[-121.32012,52.90829],[-121.32012,52.91246],[-121.31387,52.91245],[-121.30762,52.91245],[-121.30137,52.91245],[-121.29512,52.91245],[-121.29512,52.90829],[-121.29512,52.90412],[-121.29512,52.89995],[-121.28887,52.89995],[-121.28887,52.89579],[-121.28887,52.89162],[-121.28887,52.88745],[-121.28887,52.88329],[-121.29512,52.88329],[-121.30137,52.88329],[-121.30762,52.88329],[-121.31387,52.88329],[-121.32012,52.88329],[-121.32637,52.88329],[-121.32637,52.88745],[-121.32637,52.89162],[-121.33262,52.89162],[-121.33262,52.89579],[-121.33887,52.89579],[-121.33887,52.89995],[-121.33887,52.90412],[-121.33887,52.90829]]]}},{"type":"Feature","properties":{"c":"514442","o":"BARKERVILLE GOLD MINES LTD.","e":"2036-04-18Z"},"geometry":{"type":"Polygon","coordinates":[[[-121.50138,52.98329],[-121.49513,52.98329],[-121.48888,52.98329],[-121.48263,52.98329],[-121.48263,52.97912],[-121.48263,52.97496],[-121.48888,52.97496],[-121.48888,52.97079],[-121.49513,52.97079],[-121.50138,52.97079],[-121.50138,52.97496],[-121.50138,52.97912],[-121.50138,52.98329]]]}},{"type":"Feature","properties":{"c":"514446","o":"BARKERVILLE GOLD MINES LTD.","e":"2036-04-18Z"},"geometry":{"type":"Polygon","coordinates":[[[-121.38263,53.01663],[-121.37638,53.01663],[-121.37013,53.01663],[-121.37013,53.01246],[-121.37013,53.00829],[-121.37013,53.00413],[-121.37013,52.99996],[-121.37013,52.99579],[-121.36388,52.99579],[-121.35763,52.99579],[-121.35138,52.99579],[-121.34513,52.99579],[-121.34513,52.99163],[-121.35138,52.99163],[-121.35763,52.99163],[-121.36388,52.99163],[-121.36388,52.98746],[-121.37013,52.98746],[-121.37638,52.98746],[-121.37638,52.99163],[-121.37638,52.99579],[-121.37638,52.99996],[-121.37638,53.00413],[-121.38263,53.00413],[-121.38263,53.00829],[-121.38263,53.01246],[-121.38263,53.01663]]]}},{"type":"Feature","properties":{"c":"529717","o":"BARKERVILLE GOLD MINES LTD.","e":"2036-04-18Z"},"geometry":{"type":"Polygon","coordinates":[[[-121.35762,52.94579],[-121.35137,52.94579],[-121.34512,52.94579],[-121.34512,52.94162],[-121.33887,52.94162],[-121.33887,52.94579],[-121.33262,52.94579],[-121.32637,52.94579],[-121.32637,52.94162],[-121.32637,52.93746],[-121.32637,52.93329],[-121.32012,52.93329],[-121.32012,52.92912],[-121.32012,52.92496],[-121.32012,52.92079],[-121.32012,52.91662],[-121.32012,52.91246],[-121.32637,52.91246],[-121.33262,52.91246],[-121.33887,52.91246],[-121.33887,52.91662],[-121.33887,52.92079],[-121.33887,52.92496],[-121.33887,52.92912],[-121.33887,52.93329],[-121.33887,52.93746],[-121.34512,52.93746],[-121.34512,52.93329],[-121.35137,52.93329],[-121.35762,52.93329],[-121.35762,52.93746],[-121.35762,52.94162],[-121.35762,52.94579]]]}},{"type":"Feature","properties":{"c":"529720","o":"BARKERVILLE GOLD MINES LTD.","e":"2036-04-18Z"},"geometry":{"type":"Polygon","coordinates":[[[-121.37013,52.96662],[-121.36388,52.96662],[-121.35763,52.96662],[-121.35138,52.96662],[-121.34513,52.96662],[-121.34512,52.96246],[-121.33887,52.96246],[-121.33262,52.96246],[-121.32637,52.96246],[-121.32637,52.95829],[-121.32637,52.95412],[-121.32637,52.94996],[-121.32012,52.94996],[-121.32012,52.94579],[-121.32637,52.94579],[-121.33262,52.94579],[-121.33887,52.94579],[-121.33887,52.94162],[-121.34512,52.94162],[-121.34512,52.94579],[-121.35137,52.94579],[-121.35762,52.94579],[-121.36387,52.94579],[-121.36387,52.94996],[-121.36387,52.95412],[-121.36387,52.95829],[-121.37012,52.95829],[-121.37012,52.96246],[-121.37013,52.96662]]]}},{"type":"Feature","properties":{"c":"529721","o":"BARKERVILLE GOLD MINES LTD.","e":"2035-11-13Z"},"geometry":{"type":"Polygon","coordinates":[[[-121.48263,52.99162],[-121.47638,52.99162],[-121.47638,52.99579],[-121.47013,52.99579],[-121.47013,52.99996],[-121.47013,53.00413],[-121.46388,53.00413],[-121.45763,53.00413],[-121.45138,53.00413],[-121.44513,53.00413],[-121.43888,53.00413],[-121.43263,53.00413],[-121.42638,53.00413],[-121.42013,53.00413],[-121.41388,53.00413],[-121.41388,52.99996],[-121.41388,52.99579],[-121.41388,52.99163],[-121.40763,52.99163],[-121.40763,52.98746],[-121.40138,52.98746],[-121.40138,52.98329],[-121.40763,52.98329],[-121.41388,52.98329],[-121.41388,52.97913],[-121.42013,52.97913],[-121.42638,52.97912],[-121.42638,52.97496],[-121.42638,52.97079],[-121.42638,52.96662],[-121.42638,52.96246],[-121.43263,52.96246],[-121.43888,52.96246],[-121.44513,52.96246],[-121.45138,52.96246],[-121.45138,52.96662],[-121.45138,52.97079],[-121.45763,52.97079],[-121.45763,52.97496],[-121.46388,52.97496],[-121.46388,52.97912],[-121.47013,52.97912],[-121.47638,52.97912],[-121.48263,52.97912],[-121.48263,52.98329],[-121.48263,52.98746],[-121.48263,52.99162]]]}},{"type":"Feature","properties":{"c":"529722","o":"BARKERVILLE GOLD MINES LTD.","e":"2036-04-18Z"},"geometry":{"type":"Polygon","coordinates":[[[-121.41387,52.89162],[-121.40762,52.89162],[-121.40137,52.89162],[-121.39512,52.89162],[-121.39512,52.88745],[-121.38887,52.88745],[-121.38887,52.88328],[-121.38887,52.87912],[-121.38887,52.87495],[-121.38888,52.87078],[-121.39513,52.87078],[-121.40138,52.87078],[-121.40138,52.86662],[-121.40763,52.86662],[-121.41388,52.86662],[-121.41388,52.87078],[-121.41388,52.87495],[-121.42013,52.87495],[-121.42013,52.87912],[-121.42013,52.88328],[-121.42013,52.88745],[-121.42638,52.88745],[-121.42637,52.89162],[-121.42012,52.89162],[-121.41387,52.89162]]]}},{"type":"Feature","properties":{"c":"546617","o":"BARKERVILLE GOLD MINES LTD.","e":"2036-04-18Z"},"geometry":{"type":"Polygon","coordinates":[[[-121.28887,52.92079],[-121.28262,52.92079],[-121.27637,52.92079],[-121.27637,52.92495],[-121.27637,52.92912],[-121.27012,52.92912],[-121.26387,52.92912],[-121.26387,52.93329],[-121.25762,52.93329],[-121.25762,52.92912],[-121.25762,52.92495],[-121.25762,52.92079],[-121.25762,52.91662],[-121.25762,52.91245],[-121.25762,52.90829],[-121.25762,52.90412],[-121.25762,52.89995],[-121.25762,52.89579],[-121.26387,52.89579],[-121.26387,52.89162],[-121.26387,52.88745],[-121.26387,52.88329],[-121.27012,52.88329],[-121.27637,52.88329],[-121.28262,52.88329],[-121.28887,52.88329],[-121.28887,52.88745],[-121.28887,52.89162],[-121.28887,52.89579],[-121.28887,52.89995],[-121.28887,52.90412],[-121.28887,52.90829],[-121.28887,52.91245],[-121.28887,52.91662],[-121.28887,52.92079]]]}},{"type":"Feature","properties":{"c":"546620","o":"BARKERVILLE GOLD MINES LTD.","e":"2036-04-18Z"},"geometry":{"type":"Polygon","coordinates":[[[-121.30762,52.94996],[-121.30137,52.94996],[-121.29512,52.94996],[-121.28887,52.94996],[-121.28262,52.94996],[-121.28262,52.95412],[-121.28262,52.95829],[-121.27637,52.95829],[-121.27012,52.95829],[-121.27012,52.96246],[-121.27012,52.96663],[-121.27012,52.97079],[-121.27012,52.97496],[-121.26387,52.97496],[-121.25762,52.97496],[-121.25762,52.97079],[-121.25762,52.96663],[-121.25762,52.96246],[-121.25762,52.95829],[-121.25762,52.95412],[-121.25762,52.94996],[-121.25762,52.94579],[-121.25762,52.94162],[-121.25762,52.93746],[-121.25762,52.93329],[-121.26387,52.93329],[-121.26387,52.92912],[-121.27012,52.92912],[-121.27637,52.92912],[-121.27637,52.92495],[-121.27637,52.92079],[-121.28262,52.92079],[-121.28887,52.92079],[-121.28887,52.92495],[-121.28887,52.92912],[-121.28887,52.93329],[-121.28887,52.93746],[-121.28887,52.94162],[-121.28887,52.94579],[-121.29512,52.94579],[-121.30137,52.94579],[-121.30762,52.94579],[-121.31387,52.94579],[-121.32012,52.94579],[-121.32012,52.94996],[-121.31387,52.94996],[-121.30762,52.94996]]]}},{"type":"Feature","properties":{"c":"546723","o":"BARKERVILLE GOLD MINES LTD.","e":"2036-04-18Z"},"geometry":{"type":"Polygon","coordinates":[[[-121.33887,52.89162],[-121.33262,52.89162],[-121.33262,52.88745],[-121.33262,52.88329],[-121.32637,52.88329],[-121.32012,52.88329],[-121.31387,52.88329],[-121.30762,52.88329],[-121.30137,52.88329],[-121.29512,52.88329],[-121.28887,52.88329],[-121.28887,52.87912],[-121.28887,52.87495],[-121.28887,52.87078],[-121.28887,52.86662],[-121.28887,52.86245],[-121.29512,52.86245],[-121.30137,52.86245],[-121.30762,52.86245],[-121.31387,52.86245],[-121.32012,52.86245],[-121.32012,52.86662],[-121.32012,52.87078],[-121.32637,52.87078],[-121.33262,52.87078],[-121.33887,52.87078],[-121.33887,52.87495],[-121.33887,52.87912],[-121.33887,52.88328],[-121.33887,52.88745],[-121.33887,52.89162]]]}},{"type":"Feature","properties":{"c":"546724","o":"BARKERVILLE GOLD MINES LTD.","e":"2036-04-18Z"},"geometry":{"type":"Polygon","coordinates":[[[-121.40138,52.98746],[-121.39513,52.98746],[-121.38888,52.98746],[-121.38263,52.98746],[-121.37638,52.98746],[-121.37013,52.98746],[-121.36388,52.98746],[-121.36388,52.99163],[-121.35763,52.99163],[-121.35138,52.99163],[-121.34513,52.99163],[-121.34513,52.98746],[-121.34513,52.98329],[-121.34513,52.97912],[-121.34513,52.97496],[-121.34513,52.97079],[-121.34513,52.96662],[-121.35138,52.96662],[-121.35763,52.96662],[-121.36388,52.96662],[-121.37013,52.96662],[-121.37013,52.97079],[-121.37638,52.97079],[-121.38263,52.97079],[-121.38888,52.97079],[-121.39513,52.97079],[-121.40138,52.97079],[-121.40138,52.97496],[-121.40138,52.97912],[-121.40138,52.98329],[-121.40138,52.98746]]]}},{"type":"Feature","properties":{"c":"546725","o":"BARKERVILLE GOLD MINES LTD.","e":"2036-04-18Z"},"geometry":{"type":"Polygon","coordinates":[[[-121.30763,53.02496],[-121.30138,53.02496],[-121.29513,53.02496],[-121.29513,53.02079],[-121.29513,53.01663],[-121.29513,53.01246],[-121.29513,53.00829],[-121.28888,53.00829],[-121.28263,53.00829],[-121.27638,53.00829],[-121.27013,53.00829],[-121.26388,53.00829],[-121.25763,53.0083],[-121.25762,53.00413],[-121.25762,52.99996],[-121.25762,52.9958],[-121.25762,52.99163],[-121.25762,52.98746],[-121.25762,52.98329],[-121.25762,52.97913],[-121.25762,52.97496],[-121.26387,52.97496],[-121.27012,52.97496],[-121.27012,52.97079],[-121.27012,52.96663],[-121.27012,52.96246],[-121.27012,52.95829],[-121.27637,52.95829],[-121.28262,52.95829],[-121.28262,52.96246],[-121.28262,52.96662],[-121.28262,52.97079],[-121.28262,52.97496],[-121.28887,52.97496],[-121.29512,52.97496],[-121.30137,52.97496],[-121.30137,52.97913],[-121.29512,52.97913],[-121.28887,52.97913],[-121.28262,52.97913],[-121.27637,52.97913],[-121.27012,52.97913],[-121.27012,52.98329],[-121.27012,52.98746],[-121.27012,52.99163],[-121.27012,52.99579],[-121.27012,52.99996],[-121.27637,52.99996],[-121.28262,52.99996],[-121.28888,52.99996],[-121.29513,52.99996],[-121.30138,52.99996],[-121.30763,52.99996],[-121.30763,53.00413],[-121.30763,53.00829],[-121.30763,53.01246],[-121.30763,53.01663],[-121.30763,53.02079],[-121.30763,53.02496]]]}},{"type":"Feature","properties":{"c":"564597","o":"BARKERVILLE GOLD MINES LTD.","e":"2036-04-18Z"},"geometry":{"type":"Polygon","coordinates":[[[-121.38262,52.87078],[-121.38888,52.87078],[-121.38887,52.87495],[-121.38262,52.87495],[-121.38262,52.87078]]]}},{"type":"Feature","properties":{"c":"564598","o":"BARKERVILLE GOLD MINES LTD.","e":"2036-04-18Z"},"geometry":{"type":"Polygon","coordinates":[[[-121.28887,52.89995],[-121.29512,52.89995],[-121.29512,52.90412],[-121.28887,52.90412],[-121.28887,52.89995]]]}},{"type":"Feature","properties":{"c":"567677","o":"BARKERVILLE GOLD MINES LTD.","e":"2036-04-18Z"},"geometry":{"type":"Polygon","coordinates":[[[-121.35137,52.91662],[-121.34512,52.91662],[-121.34512,52.91246],[-121.34512,52.90829],[-121.35137,52.90829],[-121.35137,52.91246],[-121.35137,52.91662]]]}},{"type":"Feature","properties":{"c":"567678","o":"BARKERVILLE GOLD MINES LTD.","e":"2036-04-18Z"},"geometry":{"type":"Polygon","coordinates":[[[-121.33887,52.91246],[-121.34512,52.91246],[-121.34512,52.91662],[-121.33887,52.91662],[-121.33887,52.91246]]]}},{"type":"Feature","properties":{"c":"572001","o":"BARKERVILLE GOLD MINES LTD.","e":"2036-04-18Z"},"geometry":{"type":"Polygon","coordinates":[[[-121.32637,52.88745],[-121.33262,52.88745],[-121.33262,52.89162],[-121.32637,52.89162],[-121.32637,52.88745]]]}},{"type":"Feature","properties":{"c":"572011","o":"BARKERVILLE GOLD MINES LTD.","e":"2036-04-18Z"},"geometry":{"type":"Polygon","coordinates":[[[-121.32637,52.88329],[-121.33262,52.88329],[-121.33262,52.88745],[-121.32637,52.88745],[-121.32637,52.88329]]]}},{"type":"Feature","properties":{"c":"572348","o":"BARKERVILLE GOLD MINES LTD.","e":"2036-04-18Z"},"geometry":{"type":"Polygon","coordinates":[[[-121.33262,52.89162],[-121.33887,52.89162],[-121.33887,52.89579],[-121.33262,52.89579],[-121.33262,52.89162]]]}},{"type":"Feature","properties":{"c":"572437","o":"BARKERVILLE GOLD MINES LTD.","e":"2036-04-18Z"},"geometry":{"type":"Polygon","coordinates":[[[-121.34512,52.90412],[-121.35137,52.90412],[-121.35137,52.90829],[-121.34512,52.90829],[-121.34512,52.90412]]]}},{"type":"Feature","properties":{"c":"592159","o":"BARKERVILLE GOLD MINES LTD.","e":"2036-04-18Z"},"geometry":{"type":"Polygon","coordinates":[[[-121.32637,52.94579],[-121.32012,52.94579],[-121.31387,52.94579],[-121.30762,52.94579],[-121.30137,52.94579],[-121.29512,52.94579],[-121.28887,52.94579],[-121.28887,52.94162],[-121.28887,52.93746],[-121.28887,52.93329],[-121.29512,52.93329],[-121.30137,52.93329],[-121.30762,52.93329],[-121.31387,52.93329],[-121.32012,52.93329],[-121.32637,52.93329],[-121.32637,52.93746],[-121.32637,52.94162],[-121.32637,52.94579]]]}},{"type":"Feature","properties":{"c":"659464","o":"WILDER, COTE BO","e":"2027-04-10Z"},"geometry":{"type":"Polygon","coordinates":[[[-121.47637,52.58744],[-121.48262,52.58744],[-121.48262,52.59161],[-121.47637,52.59161],[-121.47637,52.58744]]]}},{"type":"Feature","properties":{"c":"659465","o":"WILDER, COTE BO","e":"2027-04-10Z"},"geometry":{"type":"Polygon","coordinates":[[[-121.47012,52.59577],[-121.47637,52.59577],[-121.47637,52.59994],[-121.47012,52.59994],[-121.47012,52.59577]]]}},{"type":"Feature","properties":{"c":"581059","o":"BARKERVILLE GOLD MINES LTD.","e":"2036-04-18Z"},"geometry":{"type":"Polygon","coordinates":[[[-121.45763,52.88328],[-121.45138,52.88328],[-121.44513,52.88328],[-121.44513,52.88745],[-121.43888,52.88745],[-121.43263,52.88745],[-121.42638,52.88745],[-121.42013,52.88745],[-121.42013,52.88328],[-121.42013,52.87912],[-121.42013,52.87495],[-121.42638,52.87495],[-121.43263,52.87495],[-121.43263,52.87078],[-121.43263,52.86662],[-121.43888,52.86662],[-121.44513,52.86662],[-121.45138,52.86662],[-121.45763,52.86662],[-121.45763,52.87078],[-121.45763,52.87495],[-121.45763,52.87912],[-121.45763,52.88328]]]}},{"type":"Feature","properties":{"c":"722262","o":"JENNEX, GEORGE WILLIAM","e":"2027-03-11Z"},"geometry":{"type":"MultiPolygon","coordinates":[[[[-121.48414,52.59145],[-121.48482,52.59256],[-121.48529,52.59235],[-121.49258,52.5983],[-121.49171,52.5987],[-121.49204,52.5989],[-121.49332,52.59963],[-121.49396,52.6],[-121.49986,52.60339],[-121.4991,52.60389],[-121.49955,52.60414],[-121.50021,52.60413],[-121.49993,52.60434],[-121.50007,52.60442],[-121.49835,52.60542],[-121.49768,52.6048],[-121.49579,52.60603],[-121.49253,52.60415],[-121.49224,52.60427],[-121.48887,52.60213],[-121.48887,52.60411],[-121.48262,52.60411],[-121.48062,52.60411],[-121.47939,52.6009],[-121.47932,52.60092],[-121.47882,52.59994],[-121.47801,52.59836],[-121.47742,52.5972],[-121.47537,52.59889],[-121.47485,52.59865],[-121.4772,52.59676],[-121.47668,52.59576],[-121.47883,52.59535],[-121.47889,52.59539],[-121.47935,52.59502],[-121.48158,52.59321],[-121.48322,52.59188],[-121.48414,52.59145]],[[-121.48905,52.59964],[-121.48833,52.59994],[-121.48854,52.59994],[-121.48905,52.59964]],[[-121.48129,52.60032],[-121.47942,52.6005],[-121.47943,52.60066],[-121.48134,52.60039],[-121.48129,52.60032]]]]}},{"type":"Feature","properties":{"c":"792742","o":"ROWLEY, FRANK NORMAN","e":"2028-01-29Z"},"geometry":{"type":"Polygon","coordinates":[[[-121.46388,52.73328],[-121.45763,52.73328],[-121.45763,52.72912],[-121.46388,52.72912],[-121.47013,52.72912],[-121.47638,52.72911],[-121.47638,52.73328],[-121.47013,52.73328],[-121.46388,52.73328]]]}},{"type":"Feature","properties":{"c":"658067","o":"WILDER, COTE BO","e":"2027-04-10Z"},"geometry":{"type":"Polygon","coordinates":[[[-121.48262,52.58744],[-121.48887,52.58744],[-121.48887,52.59161],[-121.48262,52.59161],[-121.48262,52.58744]]]}},{"type":"Feature","properties":{"c":"658127","o":"WILDER, COTE BO","e":"2027-04-10Z"},"geometry":{"type":"Polygon","coordinates":[[[-121.46387,52.59994],[-121.47012,52.59994],[-121.47012,52.60411],[-121.46387,52.60411],[-121.46387,52.59994]]]}},{"type":"Feature","properties":{"c":"658128","o":"WILDER, COTE BO","e":"2027-04-10Z"},"geometry":{"type":"Polygon","coordinates":[[[-121.47637,52.57911],[-121.48262,52.57911],[-121.48262,52.58327],[-121.47637,52.58327],[-121.47637,52.57911]]]}},{"type":"Feature","properties":{"c":"658131","o":"WILDER, COTE BO","e":"2027-04-10Z"},"geometry":{"type":"Polygon","coordinates":[[[-121.45762,52.60827],[-121.45762,52.60411],[-121.46387,52.60411],[-121.47012,52.60411],[-121.47012,52.60827],[-121.46387,52.60827],[-121.45762,52.60827]]]}},{"type":"Feature","properties":{"c":"658134","o":"WILDER, COTE BO","e":"2027-04-10Z"},"geometry":{"type":"Polygon","coordinates":[[[-121.51387,52.59994],[-121.50762,52.59994],[-121.50137,52.59994],[-121.49512,52.59994],[-121.49512,52.59577],[-121.49512,52.59161],[-121.50137,52.59161],[-121.50762,52.59161],[-121.51387,52.59161],[-121.51387,52.59577],[-121.51387,52.59994]]]}},{"type":"Feature","properties":{"c":"658137","o":"WILDER, COTE BO","e":"2027-04-10Z"},"geometry":{"type":"Polygon","coordinates":[[[-121.49512,52.59994],[-121.48887,52.59994],[-121.48887,52.59577],[-121.48887,52.59161],[-121.49512,52.59161],[-121.49512,52.59577],[-121.49512,52.59994]]]}},{"type":"Feature","properties":{"c":"658140","o":"WILDER, COTE BO","e":"2027-04-10Z"},"geometry":{"type":"Polygon","coordinates":[[[-121.48887,52.56244],[-121.49512,52.56244],[-121.49512,52.56661],[-121.48887,52.56661],[-121.48887,52.56244]]]}},{"type":"Feature","properties":{"c":"658142","o":"WILDER, COTE BO","e":"2027-04-10Z"},"geometry":{"type":"Polygon","coordinates":[[[-121.49512,52.60411],[-121.49512,52.59994],[-121.50137,52.59994],[-121.50762,52.59994],[-121.50762,52.60411],[-121.50137,52.60411],[-121.49512,52.60411]]]}},{"type":"Feature","properties":{"c":"658147","o":"WILDER, COTE BO","e":"2027-04-10Z"},"geometry":{"type":"Polygon","coordinates":[[[-121.48887,52.61244],[-121.48887,52.60827],[-121.49512,52.60827],[-121.50137,52.60827],[-121.50137,52.61244],[-121.49512,52.61244],[-121.48887,52.61244]]]}},{"type":"Feature","properties":{"c":"658155","o":"WILDER, COTE BO","e":"2027-04-10Z"},"geometry":{"type":"Polygon","coordinates":[[[-121.48887,52.59994],[-121.49512,52.59994],[-121.49512,52.60411],[-121.48887,52.60411],[-121.48887,52.59994]]]}},{"type":"Feature","properties":{"c":"658163","o":"WILDER, COTE BO","e":"2027-04-10Z"},"geometry":{"type":"Polygon","coordinates":[[[-121.49512,52.60411],[-121.50137,52.60411],[-121.50137,52.60827],[-121.49512,52.60827],[-121.49512,52.60411]]]}},{"type":"Feature","properties":{"c":"658165","o":"WILDER, COTE BO","e":"2027-04-10Z"},"geometry":{"type":"Polygon","coordinates":[[[-121.48262,52.59161],[-121.48887,52.59161],[-121.48887,52.59577],[-121.48262,52.59577],[-121.48262,52.59161]]]}},{"type":"Feature","properties":{"c":"658169","o":"WILDER, COTE BO","e":"2027-04-10Z"},"geometry":{"type":"Polygon","coordinates":[[[-121.47638,52.64161],[-121.47013,52.64161],[-121.47012,52.63744],[-121.47012,52.63328],[-121.47637,52.63327],[-121.47638,52.63744],[-121.47638,52.64161]]]}},{"type":"Feature","properties":{"c":"658171","o":"WILDER, COTE BO","e":"2027-04-10Z"},"geometry":{"type":"Polygon","coordinates":[[[-121.46387,52.63328],[-121.47012,52.63328],[-121.47012,52.63744],[-121.46387,52.63744],[-121.46387,52.63328]]]}},{"type":"Feature","properties":{"c":"658172","o":"WILDER, COTE BO","e":"2027-04-10Z"},"geometry":{"type":"Polygon","coordinates":[[[-121.45762,52.59994],[-121.46387,52.59994],[-121.46387,52.60411],[-121.45762,52.60411],[-121.45762,52.59994]]]}},{"type":"Feature","properties":{"c":"810602","o":"SPANISH MOUNTAIN GOLD LTD.","e":"2035-09-10Z"},"geometry":{"type":"Polygon","coordinates":[[[-121.47012,52.61244],[-121.47637,52.61244],[-121.47637,52.61661],[-121.47012,52.61661],[-121.47012,52.61244]]]}},{"type":"Feature","properties":{"c":"822682","o":"SPANISH MOUNTAIN GOLD LTD.","e":"2035-09-10Z"},"geometry":{"type":"Polygon","coordinates":[[[-121.44512,52.59577],[-121.43887,52.59577],[-121.43262,52.59577],[-121.43262,52.59161],[-121.43262,52.58744],[-121.43887,52.58744],[-121.44512,52.58744],[-121.44512,52.59161],[-121.44512,52.59577]]]}},{"type":"Feature","properties":{"c":"1037200","o":"HEBRON MINERAL HOLDINGS LTD.","e":"2027-07-09Z"},"geometry":{"type":"Polygon","coordinates":[[[-121.33262,52.78745],[-121.33887,52.78745],[-121.33887,52.79161],[-121.33262,52.79161],[-121.33262,52.78745]]]}},{"type":"Feature","properties":{"c":"591142","o":"BLACK BEAR GOLD LTD.","e":"2031-02-01Z"},"geometry":{"type":"Polygon","coordinates":[[[-121.42637,52.63328],[-121.42637,52.62911],[-121.42637,52.62494],[-121.43262,52.62494],[-121.43262,52.62911],[-121.43887,52.62911],[-121.43887,52.63328],[-121.43262,52.63328],[-121.42637,52.63328]]]}},{"type":"Feature","properties":{"c":"591143","o":"BLACK BEAR GOLD LTD.","e":"2031-02-01Z"},"geometry":{"type":"Polygon","coordinates":[[[-121.42637,52.63328],[-121.42012,52.63328],[-121.42012,52.62911],[-121.41387,52.62911],[-121.41387,52.62494],[-121.42012,52.62494],[-121.42637,52.62494],[-121.42637,52.62911],[-121.42637,52.63328]]]}},{"type":"Feature","properties":{"c":"591144","o":"BLACK BEAR GOLD LTD.","e":"2031-02-01Z"},"geometry":{"type":"Polygon","coordinates":[[[-121.42637,52.63744],[-121.42637,52.63328],[-121.43262,52.63328],[-121.43887,52.63328],[-121.43887,52.63744],[-121.43262,52.63744],[-121.42637,52.63744]]]}},{"type":"Feature","properties":{"c":"604635","o":"BLACK BEAR GOLD LTD.","e":"2031-02-01Z"},"geometry":{"type":"Polygon","coordinates":[[[-121.42012,52.63328],[-121.42637,52.63328],[-121.42637,52.63744],[-121.42012,52.63744],[-121.42012,52.63328]]]}},{"type":"Feature","properties":{"c":"658263","o":"BLACK BEAR GOLD LTD.","e":"2031-02-01Z"},"geometry":{"type":"Polygon","coordinates":[[[-121.45137,52.63744],[-121.44512,52.63744],[-121.43887,52.63744],[-121.43887,52.63328],[-121.43887,52.62911],[-121.43262,52.62911],[-121.43262,52.62494],[-121.43887,52.62494],[-121.44512,52.62494],[-121.44512,52.62911],[-121.45137,52.62911],[-121.45762,52.62911],[-121.45762,52.63328],[-121.46387,52.63328],[-121.46387,52.63744],[-121.45762,52.63744],[-121.45137,52.63744]]]}},{"type":"Feature","properties":{"c":"658384","o":"BLACK BEAR GOLD LTD.","e":"2031-02-01Z"},"geometry":{"type":"Polygon","coordinates":[[[-121.42012,52.62494],[-121.42012,52.62078],[-121.42637,52.62078],[-121.43262,52.62078],[-121.43262,52.62494],[-121.42637,52.62494],[-121.42012,52.62494]]]}},{"type":"Feature","properties":{"c":"849064","o":"SPANISH MOUNTAIN GOLD LTD.","e":"2035-09-10Z"},"geometry":{"type":"Polygon","coordinates":[[[-121.41386,52.53327],[-121.40761,52.53327],[-121.40136,52.53327],[-121.39511,52.53327],[-121.38886,52.53327],[-121.38886,52.52911],[-121.38886,52.52494],[-121.38885,52.52077],[-121.38885,52.51661],[-121.38885,52.51244],[-121.38885,52.50827],[-121.3951,52.50827],[-121.40135,52.50827],[-121.4076,52.50827],[-121.41385,52.50827],[-121.41385,52.51244],[-121.41385,52.51661],[-121.41385,52.52077],[-121.41385,52.52494],[-121.41386,52.52911],[-121.41386,52.53327]]]}},{"type":"Feature","properties":{"c":"849066","o":"SPANISH MOUNTAIN GOLD LTD.","e":"2035-09-10Z"},"geometry":{"type":"Polygon","coordinates":[[[-121.38886,52.53327],[-121.38261,52.53327],[-121.37636,52.53327],[-121.37011,52.53327],[-121.36386,52.53327],[-121.36386,52.52911],[-121.36386,52.52494],[-121.36386,52.52077],[-121.36386,52.51661],[-121.36386,52.51244],[-121.36386,52.50827],[-121.37011,52.50827],[-121.37635,52.50827],[-121.3826,52.50827],[-121.38885,52.50827],[-121.38885,52.51244],[-121.38885,52.51661],[-121.38885,52.52077],[-121.38886,52.52494],[-121.38886,52.52911],[-121.38886,52.53327]]]}},{"type":"Feature","properties":{"c":"849069","o":"SPANISH MOUNTAIN GOLD LTD.","e":"2035-09-10Z"},"geometry":{"type":"Polygon","coordinates":[[[-121.36386,52.53327],[-121.35761,52.53327],[-121.35136,52.53327],[-121.34511,52.53327],[-121.33886,52.53327],[-121.33261,52.53327],[-121.32636,52.53327],[-121.32011,52.53327],[-121.32011,52.52911],[-121.32011,52.52494],[-121.32011,52.52077],[-121.32636,52.52077],[-121.33261,52.52077],[-121.33886,52.52077],[-121.33886,52.51661],[-121.34511,52.51661],[-121.35136,52.51661],[-121.35761,52.51661],[-121.36386,52.51661],[-121.36386,52.52077],[-121.36386,52.52494],[-121.36386,52.52911],[-121.36386,52.53327]]]}},{"type":"Feature","properties":{"c":"516413","o":"BANDET, NOEL PETER","e":"2029-12-01Z"},"geometry":{"type":"Polygon","coordinates":[[[-121.47639,52.84995],[-121.47014,52.84995],[-121.47014,52.85411],[-121.46389,52.85411],[-121.45764,52.85411],[-121.45764,52.84995],[-121.45764,52.84578],[-121.46389,52.84578],[-121.46389,52.84161],[-121.47014,52.84161],[-121.47639,52.84161],[-121.47639,52.84578],[-121.47639,52.84995]]]}},{"type":"Feature","properties":{"c":"835729","o":"BARKERVILLE GOLD MINES LTD.","e":"2036-04-18Z"},"geometry":{"type":"Polygon","coordinates":[[[-121.25762,52.93746],[-121.25137,52.93746],[-121.24512,52.93746],[-121.23887,52.93746],[-121.23887,52.93329],[-121.23262,52.93329],[-121.22637,52.93329],[-121.22637,52.92912],[-121.22637,52.92496],[-121.22637,52.92079],[-121.22637,52.91662],[-121.23262,52.91662],[-121.23887,52.91662],[-121.24512,52.91662],[-121.25137,52.91662],[-121.25762,52.91662],[-121.25762,52.92079],[-121.25762,52.92495],[-121.25762,52.92912],[-121.25762,52.93329],[-121.25762,52.93746]]]}},{"type":"Feature","properties":{"c":"835730","o":"BARKERVILLE GOLD MINES LTD.","e":"2036-04-18Z"},"geometry":{"type":"Polygon","coordinates":[[[-121.25762,52.91662],[-121.25137,52.91662],[-121.24512,52.91662],[-121.23887,52.91662],[-121.23262,52.91662],[-121.22637,52.91662],[-121.22637,52.91245],[-121.22637,52.90829],[-121.22637,52.90412],[-121.22637,52.89995],[-121.22637,52.89579],[-121.23262,52.89579],[-121.23887,52.89579],[-121.24512,52.89579],[-121.25137,52.89579],[-121.25762,52.89579],[-121.25762,52.89995],[-121.25762,52.90412],[-121.25762,52.90829],[-121.25762,52.91245],[-121.25762,52.91662]]]}},{"type":"Feature","properties":{"c":"835731","o":"BARKERVILLE GOLD MINES LTD.","e":"2036-04-18Z"},"geometry":{"type":"Polygon","coordinates":[[[-121.22637,52.92912],[-121.22012,52.92912],[-121.21387,52.92912],[-121.21387,52.92496],[-121.21387,52.92079],[-121.20762,52.92079],[-121.20762,52.91662],[-121.20762,52.91246],[-121.20762,52.90829],[-121.20762,52.90412],[-121.20762,52.89996],[-121.20762,52.89579],[-121.20762,52.89162],[-121.21387,52.89162],[-121.22012,52.89162],[-121.22637,52.89162],[-121.22637,52.89579],[-121.22637,52.89995],[-121.22637,52.90412],[-121.22637,52.90829],[-121.22637,52.91245],[-121.22637,52.91662],[-121.22637,52.92079],[-121.22637,52.92496],[-121.22637,52.92912]]]}},{"type":"Feature","properties":{"c":"835733","o":"BARKERVILLE GOLD MINES LTD.","e":"2036-04-18Z"},"geometry":{"type":"Polygon","coordinates":[[[-121.23887,52.87495],[-121.23262,52.87495],[-121.23262,52.87912],[-121.23262,52.88329],[-121.23262,52.88745],[-121.23262,52.89162],[-121.23262,52.89579],[-121.22637,52.89579],[-121.22637,52.89162],[-121.22012,52.89162],[-121.21387,52.89162],[-121.20762,52.89162],[-121.20762,52.88746],[-121.20762,52.88329],[-121.20762,52.87912],[-121.21387,52.87912],[-121.21387,52.87495],[-121.22012,52.87495],[-121.22637,52.87495],[-121.22637,52.87079],[-121.22637,52.86662],[-121.23262,52.86662],[-121.23887,52.86662],[-121.23887,52.87079],[-121.23887,52.87495]]]}},{"type":"Feature","properties":{"c":"835734","o":"BARKERVILLE GOLD MINES LTD.","e":"2036-04-18Z"},"geometry":{"type":"Polygon","coordinates":[[[-121.26387,52.89579],[-121.25762,52.89579],[-121.25137,52.89579],[-121.24512,52.89579],[-121.23887,52.89579],[-121.23262,52.89579],[-121.23262,52.89162],[-121.23262,52.88745],[-121.23262,52.88329],[-121.23262,52.87912],[-121.23262,52.87495],[-121.23887,52.87495],[-121.24512,52.87495],[-121.25137,52.87495],[-121.25762,52.87495],[-121.26387,52.87495],[-121.26387,52.87912],[-121.26387,52.88329],[-121.26387,52.88745],[-121.26387,52.89162],[-121.26387,52.89579]]]}},{"type":"Feature","properties":{"c":"573880","o":"BARKERVILLE GOLD MINES LTD.","e":"2036-04-18Z"},"geometry":{"type":"Polygon","coordinates":[[[-121.35137,52.92496],[-121.35137,52.92079],[-121.35762,52.92079],[-121.36387,52.92079],[-121.36387,52.92496],[-121.35762,52.92496],[-121.35137,52.92496]]]}},{"type":"Feature","properties":{"c":"857531","o":"MCINTOSH, FREDERICK MITCHELL","e":"2027-06-22Z"},"geometry":{"type":"Polygon","coordinates":[[[-121.48264,52.82911],[-121.47639,52.82911],[-121.47014,52.82911],[-121.47014,52.82495],[-121.46389,52.82495],[-121.46389,52.82078],[-121.47014,52.82078],[-121.47014,52.81661],[-121.47639,52.81661],[-121.48264,52.81661],[-121.48264,52.82078],[-121.48264,52.82495],[-121.48264,52.82911]]]}},{"type":"Feature","properties":{"c":"510748","o":"TOMEK, VLASTISLAV","e":"2027-09-21Z"},"geometry":{"type":"Polygon","coordinates":[[[-121.49514,52.87495],[-121.48889,52.87495],[-121.48263,52.87495],[-121.47638,52.87495],[-121.47638,52.87078],[-121.47639,52.86662],[-121.47639,52.86245],[-121.47639,52.85828],[-121.47639,52.85411],[-121.47639,52.84995],[-121.48264,52.84995],[-121.48889,52.84995],[-121.48889,52.85411],[-121.48889,52.85828],[-121.48889,52.86245],[-121.48889,52.86661],[-121.49514,52.86662],[-121.49514,52.87078],[-121.49514,52.87495]]]}},{"type":"Feature","properties":{"c":"842053","o":"NICOL, GAVIN ALEXANDER","e":"2027-04-13Z"},"geometry":{"type":"Polygon","coordinates":[[[-121.43887,52.64161],[-121.43887,52.63744],[-121.44512,52.63744],[-121.45137,52.63744],[-121.45137,52.64161],[-121.44512,52.64161],[-121.43887,52.64161]]]}},{"type":"Feature","properties":{"c":"842054","o":"NICOL, GAVIN ALEXANDER","e":"2027-04-13Z"},"geometry":{"type":"Polygon","coordinates":[[[-121.45762,52.64578],[-121.46388,52.64578],[-121.46388,52.64994],[-121.45763,52.64994],[-121.45762,52.64578]]]}},{"type":"Feature","properties":{"c":"842061","o":"NICOL, GAVIN ALEXANDER","e":"2027-04-13Z"},"geometry":{"type":"Polygon","coordinates":[[[-121.44512,52.64161],[-121.45137,52.64161],[-121.45137,52.64578],[-121.44512,52.64578],[-121.44512,52.64161]]]}},{"type":"Feature","properties":{"c":"837891","o":"SPANISH MOUNTAIN GOLD LTD.","e":"2031-11-22Z"},"geometry":{"type":"Polygon","coordinates":[[[-121.43262,52.57911],[-121.42637,52.57911],[-121.42012,52.57911],[-121.42012,52.58327],[-121.42637,52.58327],[-121.43262,52.58327],[-121.43262,52.58744],[-121.42637,52.58744],[-121.42012,52.58744],[-121.41387,52.58744],[-121.41387,52.58327],[-121.41387,52.57911],[-121.41387,52.57494],[-121.41387,52.57077],[-121.41387,52.56661],[-121.41386,52.56244],[-121.41386,52.55827],[-121.41386,52.55411],[-121.42011,52.55411],[-121.42636,52.55411],[-121.43261,52.55411],[-121.43261,52.55827],[-121.43262,52.56244],[-121.43262,52.56661],[-121.43262,52.57077],[-121.43262,52.57494],[-121.43262,52.57911]]]}},{"type":"Feature","properties":{"c":"842306","o":"WILDER, COTE BO","e":"2036-07-30Z"},"geometry":{"type":"Polygon","coordinates":[[[-121.50138,52.66244],[-121.49513,52.66244],[-121.48888,52.66244],[-121.48888,52.65828],[-121.49513,52.65828],[-121.49513,52.65411],[-121.50138,52.65411],[-121.50763,52.65411],[-121.50763,52.65828],[-121.50138,52.65828],[-121.50138,52.66244]]]}},{"type":"Feature","properties":{"c":"839884","o":"SPANISH MOUNTAIN GOLD LTD.","e":"2031-11-22Z"},"geometry":{"type":"Polygon","coordinates":[[[-121.45762,52.57494],[-121.45762,52.57911],[-121.45762,52.58327],[-121.45137,52.58327],[-121.45137,52.57911],[-121.45137,52.57494],[-121.45137,52.57077],[-121.45762,52.57077],[-121.46387,52.57077],[-121.47012,52.57077],[-121.47012,52.57494],[-121.46387,52.57494],[-121.45762,52.57494]]]}},{"type":"Feature","properties":{"c":"591140","o":"NICOL, GAVIN ALEXANDER","e":"2027-04-13Z"},"geometry":{"type":"Polygon","coordinates":[[[-121.47638,52.65411],[-121.47013,52.65411],[-121.47013,52.64994],[-121.47013,52.64578],[-121.46388,52.64578],[-121.45762,52.64578],[-121.45762,52.64161],[-121.45762,52.63744],[-121.46387,52.63744],[-121.47012,52.63744],[-121.47013,52.64161],[-121.47638,52.64161],[-121.47638,52.64578],[-121.47638,52.64994],[-121.47638,52.65411]]]}},{"type":"Feature","properties":{"c":"412065","o":"BARKERVILLE GOLD MINES LTD.","e":"2036-04-18Z"},"geometry":{"type":"Polygon","coordinates":[[[-121.32259,52.9302],[-121.32224,52.93469],[-121.32326,52.93472],[-121.32382,52.93559],[-121.28746,52.93558],[-121.28747,52.91761],[-121.32357,52.91761],[-121.32329,52.92123],[-121.32294,52.92572],[-121.32259,52.9302]]]}},{"type":"Feature","properties":{"c":"412066","o":"BARKERVILLE GOLD MINES LTD.","e":"2036-04-18Z"},"geometry":{"type":"Polygon","coordinates":[[[-121.32364,52.91674],[-121.32357,52.91761],[-121.28747,52.91761],[-121.28748,52.90412],[-121.29788,52.90413],[-121.29788,52.9049],[-121.29787,52.90939],[-121.30531,52.9094],[-121.30909,52.9094],[-121.30909,52.91076],[-121.31652,52.91076],[-121.31652,52.9094],[-121.31965,52.9094],[-121.31965,52.91073],[-121.32386,52.91073],[-121.32386,52.91378],[-121.32364,52.91674]]]}},{"type":"Feature","properties":{"c":"928311","o":"BARKERVILLE GOLD MINES LTD.","e":"2036-04-18Z"},"geometry":{"type":"Polygon","coordinates":[[[-121.21387,52.93329],[-121.20762,52.93329],[-121.20137,52.93329],[-121.20137,52.93746],[-121.19512,52.93746],[-121.18887,52.93746],[-121.18887,52.93329],[-121.18887,52.92912],[-121.18887,52.92496],[-121.18887,52.92079],[-121.18887,52.91662],[-121.18887,52.91246],[-121.19512,52.91246],[-121.19512,52.90829],[-121.19512,52.90412],[-121.20137,52.90412],[-121.20137,52.89996],[-121.20762,52.89996],[-121.20762,52.90412],[-121.20762,52.90829],[-121.20762,52.91246],[-121.20762,52.91662],[-121.20762,52.92079],[-121.21387,52.92079],[-121.21387,52.92496],[-121.21387,52.92912],[-121.21387,52.93329]]]}},{"type":"Feature","properties":{"c":"849070","o":"SPANISH MOUNTAIN GOLD LTD.","e":"2035-09-10Z"},"geometry":{"type":"Polygon","coordinates":[[[-121.45135,52.50827],[-121.4451,52.50827],[-121.43885,52.50827],[-121.4326,52.50827],[-121.42635,52.50827],[-121.4201,52.50827],[-121.41385,52.50827],[-121.4076,52.50827],[-121.40135,52.50827],[-121.3951,52.50827],[-121.38885,52.50827],[-121.3826,52.50827],[-121.37635,52.50827],[-121.37635,52.50411],[-121.3826,52.50411],[-121.38885,52.50411],[-121.3951,52.50411],[-121.40135,52.50411],[-121.4076,52.50411],[-121.41385,52.50411],[-121.41385,52.49994],[-121.4201,52.49994],[-121.42635,52.49994],[-121.4326,52.49994],[-121.4326,52.49577],[-121.43885,52.49577],[-121.4451,52.49577],[-121.45135,52.49577],[-121.4576,52.49577],[-121.4576,52.49994],[-121.4576,52.50411],[-121.46385,52.50411],[-121.46385,52.50827],[-121.4576,52.50827],[-121.45135,52.50827]]]}},{"type":"Feature","properties":{"c":"1029935","o":"BARKERVILLE GOLD MINES LTD.","e":"2036-04-18Z"},"geometry":{"type":"Polygon","coordinates":[[[-121.35762,52.92912],[-121.36387,52.92912],[-121.36387,52.93329],[-121.35762,52.93329],[-121.35762,52.92912]]]}},{"type":"Feature","properties":{"c":"529826","o":"PARKER, SHELLEY FLORENCE","e":"2027-10-15Z"},"geometry":{"type":"Polygon","coordinates":[[[-121.35137,52.77911],[-121.35137,52.77495],[-121.35762,52.77495],[-121.36387,52.77495],[-121.36387,52.77911],[-121.35762,52.77911],[-121.35137,52.77911]]]}},{"type":"Feature","properties":{"c":"837888","o":"SPANISH MOUNTAIN GOLD LTD.","e":"2031-11-22Z"},"geometry":{"type":"Polygon","coordinates":[[[-121.45137,52.61244],[-121.44512,52.61244],[-121.43887,52.61244],[-121.43262,52.61244],[-121.42637,52.61244],[-121.42012,52.61244],[-121.41387,52.61244],[-121.40762,52.61244],[-121.40137,52.61244],[-121.40137,52.60828],[-121.40137,52.60411],[-121.40137,52.59994],[-121.40762,52.59994],[-121.41387,52.59994],[-121.42012,52.59994],[-121.42637,52.59994],[-121.43262,52.59994],[-121.43887,52.59994],[-121.44512,52.59994],[-121.45137,52.59994],[-121.45762,52.59994],[-121.45762,52.60411],[-121.45137,52.60411],[-121.45137,52.60827],[-121.45137,52.61244]]]}},{"type":"Feature","properties":{"c":"837889","o":"SPANISH MOUNTAIN GOLD LTD.","e":"2031-11-22Z"},"geometry":{"type":"Polygon","coordinates":[[[-121.45137,52.59994],[-121.44512,52.59994],[-121.44512,52.59577],[-121.43887,52.59577],[-121.43887,52.59994],[-121.43262,52.59994],[-121.42637,52.59994],[-121.42012,52.59994],[-121.41387,52.59994],[-121.40762,52.59994],[-121.40137,52.59994],[-121.40137,52.59577],[-121.40137,52.59161],[-121.40762,52.59161],[-121.41387,52.59161],[-121.42012,52.59161],[-121.42637,52.59161],[-121.42637,52.58744],[-121.43262,52.58744],[-121.43887,52.58744],[-121.43887,52.59161],[-121.44512,52.59161],[-121.45137,52.59161],[-121.45137,52.59577],[-121.45137,52.59994]]]}},{"type":"Feature","properties":{"c":"837890","o":"SPANISH MOUNTAIN GOLD LTD.","e":"2031-11-22Z"},"geometry":{"type":"Polygon","coordinates":[[[-121.45137,52.57077],[-121.45137,52.57494],[-121.45137,52.57911],[-121.45137,52.58327],[-121.44512,52.58327],[-121.44512,52.58744],[-121.43887,52.58744],[-121.43262,52.58744],[-121.43262,52.58327],[-121.43262,52.57911],[-121.43262,52.57494],[-121.43262,52.57077],[-121.43262,52.56661],[-121.43262,52.56244],[-121.43261,52.55827],[-121.43261,52.55411],[-121.43886,52.55411],[-121.43886,52.55827],[-121.44511,52.55827],[-121.44512,52.56244],[-121.45137,52.56244],[-121.45137,52.56661],[-121.45762,52.56661],[-121.46387,52.56661],[-121.46387,52.57077],[-121.45762,52.57077],[-121.45137,52.57077]]]}},{"type":"Feature","properties":{"c":"502372","o":"SPANISH MOUNTAIN GOLD LTD.","e":"2035-09-10Z"},"geometry":{"type":"Polygon","coordinates":[[[-121.40762,52.57494],[-121.40137,52.57494],[-121.39511,52.57494],[-121.38886,52.57494],[-121.38261,52.57494],[-121.37636,52.57494],[-121.37636,52.57077],[-121.37011,52.57078],[-121.37011,52.56661],[-121.37636,52.56661],[-121.37636,52.56244],[-121.37636,52.55827],[-121.37636,52.55411],[-121.37636,52.54994],[-121.37636,52.54577],[-121.38261,52.54577],[-121.38261,52.54994],[-121.38261,52.55411],[-121.38886,52.55411],[-121.38886,52.55827],[-121.39511,52.55827],[-121.40136,52.55827],[-121.40761,52.55827],[-121.40761,52.56244],[-121.40761,52.56661],[-121.40762,52.57077],[-121.40762,52.57494]]]}},{"type":"Feature","properties":{"c":"502608","o":"SPANISH MOUNTAIN GOLD LTD.","e":"2035-09-10Z"},"geometry":{"type":"Polygon","coordinates":[[[-121.41387,52.57494],[-121.40762,52.57494],[-121.40762,52.57077],[-121.40761,52.56661],[-121.40761,52.56244],[-121.40761,52.55827],[-121.40136,52.55827],[-121.39511,52.55827],[-121.38886,52.55827],[-121.38886,52.55411],[-121.39511,52.55411],[-121.40136,52.55411],[-121.40761,52.55411],[-121.41386,52.55411],[-121.41386,52.55827],[-121.41386,52.56244],[-121.41387,52.56661],[-121.41387,52.57077],[-121.41387,52.57494]]]}},{"type":"Feature","properties":{"c":"503338","o":"SPANISH MOUNTAIN GOLD LTD.","e":"2035-09-10Z"},"geometry":{"type":"Polygon","coordinates":[[[-121.41386,52.55411],[-121.40761,52.55411],[-121.40136,52.55411],[-121.39511,52.55411],[-121.38886,52.55411],[-121.38261,52.55411],[-121.38261,52.54994],[-121.38261,52.54577],[-121.38886,52.54577],[-121.39511,52.54577],[-121.40136,52.54577],[-121.40761,52.54577],[-121.41386,52.54577],[-121.41386,52.54994],[-121.41386,52.55411]]]}},{"type":"Feature","properties":{"c":"510115","o":"SPANISH MOUNTAIN GOLD LTD.","e":"2035-09-10Z"},"geometry":{"type":"Polygon","coordinates":[[[-121.50763,52.62077],[-121.50138,52.62077],[-121.49512,52.62077],[-121.48887,52.62077],[-121.48262,52.62077],[-121.48262,52.61661],[-121.48262,52.61244],[-121.48262,52.60827],[-121.48887,52.60827],[-121.49512,52.60827],[-121.49512,52.60411],[-121.50137,52.60411],[-121.50762,52.60411],[-121.50762,52.60827],[-121.50762,52.61244],[-121.50762,52.61661],[-121.50763,52.62077]]]}},{"type":"Feature","properties":{"c":"517007","o":"SPANISH MOUNTAIN GOLD LTD.","e":"2035-09-10Z"},"geometry":{"type":"Polygon","coordinates":[[[-121.48887,52.59994],[-121.49512,52.59994],[-121.49512,52.60411],[-121.48887,52.60411],[-121.48887,52.59994]]]}},{"type":"Feature","properties":{"c":"517056","o":"SPANISH MOUNTAIN GOLD LTD.","e":"2035-09-10Z"},"geometry":{"type":"Polygon","coordinates":[[[-121.48262,52.60827],[-121.47637,52.60827],[-121.47637,52.60411],[-121.48262,52.60411],[-121.48887,52.60411],[-121.49512,52.60411],[-121.49512,52.60827],[-121.48887,52.60827],[-121.48262,52.60827]]]}},{"type":"Feature","properties":{"c":"517098","o":"SPANISH MOUNTAIN GOLD LTD.","e":"2035-09-10Z"},"geometry":{"type":"Polygon","coordinates":[[[-121.48262,52.61661],[-121.47637,52.61661],[-121.47637,52.61244],[-121.47637,52.60827],[-121.48262,52.60827],[-121.48262,52.61244],[-121.48262,52.61661]]]}},{"type":"Feature","properties":{"c":"521302","o":"SPANISH MOUNTAIN GOLD LTD.","e":"2035-09-10Z"},"geometry":{"type":"Polygon","coordinates":[[[-121.40762,52.58327],[-121.40762,52.57911],[-121.40762,52.57494],[-121.41387,52.57494],[-121.41387,52.57911],[-121.42012,52.57911],[-121.42012,52.58327],[-121.41387,52.58327],[-121.40762,52.58327]]]}},{"type":"Feature","properties":{"c":"537372","o":"SPANISH MOUNTAIN GOLD LTD.","e":"2035-09-10Z"},"geometry":{"type":"Polygon","coordinates":[[[-121.49512,52.60411],[-121.49512,52.59994],[-121.50137,52.59994],[-121.50762,52.59994],[-121.50762,52.60411],[-121.50137,52.60411],[-121.49512,52.60411]]]}},{"type":"Feature","properties":{"c":"1035383","o":"MILL, RICHARD H","e":"2027-03-03Z"},"geometry":{"type":"Polygon","coordinates":[[[-121.50764,52.81245],[-121.50139,52.81245],[-121.50139,52.80828],[-121.49514,52.80828],[-121.49514,52.80411],[-121.50139,52.80411],[-121.50764,52.80411],[-121.51389,52.80411],[-121.51389,52.80828],[-121.50764,52.80828],[-121.50764,52.81245]]]}},{"type":"Feature","properties":{"c":"1035490","o":"FITZEL, MARVIN PAUL","e":"2034-11-04Z"},"geometry":{"type":"Polygon","coordinates":[[[-121.35762,52.95412],[-121.36387,52.95412],[-121.36387,52.95829],[-121.35762,52.95829],[-121.35762,52.95412]]]}},{"type":"Feature","properties":{"c":"1036448","o":"GILLESPIE, GEORGE LEONARD","e":"2031-06-01Z"},"geometry":{"type":"Polygon","coordinates":[[[-121.47013,52.70411],[-121.46388,52.70411],[-121.45763,52.70411],[-121.45763,52.69995],[-121.45763,52.69578],[-121.45763,52.69161],[-121.45763,52.68745],[-121.45138,52.68745],[-121.45138,52.69161],[-121.44513,52.69161],[-121.44513,52.68745],[-121.44513,52.68328],[-121.45138,52.68328],[-121.45138,52.67911],[-121.45763,52.67911],[-121.46388,52.67911],[-121.46388,52.67494],[-121.47013,52.67494],[-121.47013,52.67911],[-121.47013,52.68328],[-121.47013,52.68744],[-121.47013,52.69161],[-121.47013,52.69578],[-121.47013,52.69995],[-121.47013,52.70411]]]}},{"type":"Feature","properties":{"c":"1037347","o":"WILDER, COTE BO","e":"2025-07-16Z"},"geometry":{"type":"MultiPolygon","coordinates":[[[[-121.47117,52.59768],[-121.47211,52.59742],[-121.47485,52.59865],[-121.47537,52.59889],[-121.47742,52.5972],[-121.47801,52.59836],[-121.47882,52.59994],[-121.47932,52.60092],[-121.47939,52.6009],[-121.48062,52.60411],[-121.48071,52.60436],[-121.47699,52.6054],[-121.47117,52.59768]]],[[[-121.48129,52.60032],[-121.48134,52.60039],[-121.47943,52.60066],[-121.47942,52.6005],[-121.48129,52.60032]]]]}},{"type":"Feature","properties":{"c":"507321","o":"SLUCHINSKI, EVAN REX","e":"2028-08-31Z"},"geometry":{"type":"Polygon","coordinates":[[[-121.43888,52.69578],[-121.43888,52.69161],[-121.44513,52.69161],[-121.45138,52.69161],[-121.45138,52.69578],[-121.44513,52.69578],[-121.43888,52.69578]]]}},{"type":"Feature","properties":{"c":"518547","o":"SLUCHINSKI, EVAN REX","e":"2027-08-31Z"},"geometry":{"type":"Polygon","coordinates":[[[-121.43263,52.69161],[-121.43888,52.69161],[-121.43888,52.69578],[-121.43263,52.69578],[-121.43263,52.69161]]]}},{"type":"Feature","properties":{"c":"677868","o":"SLUCHINSKI, EVAN REX","e":"2028-08-31Z"},"geometry":{"type":"Polygon","coordinates":[[[-121.42638,52.69161],[-121.43263,52.69161],[-121.43263,52.69578],[-121.42638,52.69578],[-121.42638,52.69161]]]}},{"type":"Feature","properties":{"c":"507320","o":"SLUCHINSKI, EVAN REX","e":"2028-08-31Z"},"geometry":{"type":"Polygon","coordinates":[[[-121.43263,52.69161],[-121.42638,52.69161],[-121.42638,52.68745],[-121.43263,52.68745],[-121.43888,52.68745],[-121.44513,52.68745],[-121.44513,52.69161],[-121.43888,52.69161],[-121.43263,52.69161]]]}},{"type":"Feature","properties":{"c":"508428","o":"SLUCHINSKI, EVAN REX","e":"2028-08-31Z"},"geometry":{"type":"Polygon","coordinates":[[[-121.43263,52.68745],[-121.43263,52.68328],[-121.43263,52.67911],[-121.43888,52.67911],[-121.43888,52.68328],[-121.44513,52.68328],[-121.44513,52.68745],[-121.43888,52.68745],[-121.43263,52.68745]]]}},{"type":"Feature","properties":{"c":"508431","o":"SLUCHINSKI, EVAN REX","e":"2028-08-31Z"},"geometry":{"type":"Polygon","coordinates":[[[-121.42013,52.68745],[-121.41388,52.68745],[-121.41388,52.68328],[-121.42013,52.68328],[-121.42638,52.68328],[-121.43263,52.68328],[-121.43263,52.68745],[-121.42638,52.68745],[-121.42013,52.68745]]]}},{"type":"Feature","properties":{"c":"1028464","o":"BARKERVILLE GOLD MINES LTD.","e":"2036-04-18Z"},"geometry":{"type":"Polygon","coordinates":[[[-121.38262,52.94996],[-121.37637,52.94996],[-121.37012,52.94996],[-121.36387,52.94996],[-121.36387,52.94579],[-121.36387,52.94162],[-121.37012,52.94162],[-121.37637,52.94162],[-121.38262,52.94162],[-121.38887,52.94162],[-121.38887,52.94579],[-121.39512,52.94579],[-121.39512,52.94996],[-121.38887,52.94996],[-121.38262,52.94996]]]}},{"type":"Feature","properties":{"c":"372719","o":"JENSEN, IAN FLEMING","e":"2026-11-10Z"},"geometry":{"type":"Polygon","coordinates":[[[-121.36356,52.93974],[-121.36446,52.94149],[-121.36679,52.94604],[-121.36685,52.94615],[-121.36711,52.94665],[-121.36685,52.9467],[-121.36364,52.9473],[-121.363,52.94742],[-121.36139,52.94772],[-121.36079,52.94655],[-121.36034,52.94568],[-121.35813,52.94138],[-121.35784,52.94082],[-121.35863,52.94067],[-121.35943,52.94052],[-121.36356,52.93974]]]}},{"type":"Feature","properties":{"c":"1034236","o":"GRENIER, FLORENT ALLAIN","e":"2027-11-30Z"},"geometry":{"type":"Polygon","coordinates":[[[-121.36388,52.97912],[-121.37013,52.97912],[-121.37013,52.98329],[-121.36388,52.98329],[-121.36388,52.97912]]]}},{"type":"Feature","properties":{"c":"1033117","o":"HOPKINS, DAVID KEITH","e":"2027-09-01Z"},"geometry":{"type":"Polygon","coordinates":[[[-121.35137,52.91246],[-121.35762,52.91246],[-121.35762,52.91662],[-121.35137,52.91662],[-121.35137,52.91246]]]}},{"type":"Feature","properties":{"c":"1031059","o":"CHERNESKI, TREVOR EDWARD","e":"2027-01-15Z"},"geometry":{"type":"Polygon","coordinates":[[[-121.45136,52.54161],[-121.45761,52.54161],[-121.45761,52.54577],[-121.45136,52.54577],[-121.45136,52.54161]]]}},{"type":"Feature","properties":{"c":"402406","o":"LAMOTHE, GALE-ANN MARIE","e":"2027-08-18Z"},"geometry":{"type":"Polygon","coordinates":[[[-121.47429,52.65919],[-121.47343,52.65839],[-121.47296,52.65795],[-121.47435,52.6576],[-121.47516,52.65763],[-121.47659,52.65769],[-121.47687,52.6577],[-121.47867,52.65777],[-121.47922,52.65779],[-121.47929,52.65709],[-121.47931,52.65693],[-121.47941,52.65706],[-121.48043,52.65842],[-121.47971,52.65825],[-121.47702,52.66237],[-121.47699,52.66242],[-121.477,52.66242],[-121.48134,52.66347],[-121.48246,52.66512],[-121.47976,52.6658],[-121.47971,52.66656],[-121.47924,52.67443],[-121.47185,52.67426],[-121.47222,52.66822],[-121.47238,52.66547],[-121.47474,52.66553],[-121.47317,52.66323],[-121.47286,52.66278],[-121.47226,52.6619],[-121.4736,52.66138],[-121.47361,52.66137],[-121.47442,52.65941],[-121.47445,52.65934],[-121.47429,52.65919]]]}},{"type":"Feature","properties":{"c":"391565","o":"THOMPSON, DOUGLAS ELWOOD","e":"2032-12-15Z"},"geometry":{"type":"Polygon","coordinates":[[[-121.40411,52.99914],[-121.40059,52.99898],[-121.39805,52.99818],[-121.39843,52.99263],[-121.39846,52.99242],[-121.39941,52.99159],[-121.39984,52.99034],[-121.40612,52.9906],[-121.40531,52.99772],[-121.40411,52.99914]]]}},{"type":"Feature","properties":{"c":"315387","o":"THOMPSON, DOUGLAS ELWOOD","e":"2032-12-15Z"},"geometry":{"type":"Polygon","coordinates":[[[-121.407,52.97896],[-121.40794,52.9795],[-121.40741,52.98048],[-121.40717,52.98093],[-121.40859,52.98122],[-121.41171,52.98183],[-121.41147,52.98216],[-121.41141,52.9822],[-121.41144,52.98221],[-121.41107,52.98271],[-121.40859,52.98419],[-121.40726,52.98498],[-121.40595,52.98576],[-121.4036,52.98715],[-121.40401,52.98736],[-121.404,52.98737],[-121.4021,52.98857],[-121.40114,52.98802],[-121.4,52.98736],[-121.39846,52.98647],[-121.39821,52.98632],[-121.39672,52.98546],[-121.4,52.98339],[-121.40114,52.98267],[-121.4046,52.98048],[-121.407,52.97896]]]}},{"type":"Feature","properties":{"c":"1020505","o":"CHERNESKI, TREVOR EDWARD","e":"2027-01-15Z"},"geometry":{"type":"Polygon","coordinates":[[[-121.40136,52.53327],[-121.40761,52.53327],[-121.40761,52.53744],[-121.40136,52.53744],[-121.40136,52.53327]]]}},{"type":"Feature","properties":{"c":"554686","o":"HALL, CAMILLE ANNE","e":"2027-03-19Z"},"geometry":{"type":"Polygon","coordinates":[[[-121.35618,52.98082],[-121.35334,52.97957],[-121.34914,52.98305],[-121.34061,52.97968],[-121.34183,52.97855],[-121.33158,52.97278],[-121.33665,52.96949],[-121.34755,52.97562],[-121.34617,52.97651],[-121.35646,52.98056],[-121.35618,52.98082]]]}},{"type":"Feature","properties":{"c":"1038459","o":"BOT, JOHN CHRISOSTOM","e":"2026-10-28Z"},"geometry":{"type":"Polygon","coordinates":[[[-121.38888,52.99579],[-121.39513,52.99579],[-121.39513,52.99996],[-121.38888,52.99996],[-121.38888,52.99579]]]}},{"type":"Feature","properties":{"c":"1038460","o":"BOT, JOHN CHRISOSTOM","e":"2026-10-28Z"},"geometry":{"type":"Polygon","coordinates":[[[-121.38888,52.99996],[-121.39513,52.99996],[-121.39513,53.00413],[-121.38888,53.00413],[-121.38888,52.99996]]]}},{"type":"Feature","properties":{"c":"1038461","o":"BOT, JOHN CHRISOSTOM","e":"2026-10-28Z"},"geometry":{"type":"Polygon","coordinates":[[[-121.38888,52.99163],[-121.39513,52.99163],[-121.39513,52.99579],[-121.38888,52.99579],[-121.38888,52.99163]]]}},{"type":"Feature","properties":{"c":"1038464","o":"BOT, JOHN CHRISOSTOM","e":"2026-10-28Z"},"geometry":{"type":"Polygon","coordinates":[[[-121.39513,52.99579],[-121.40138,52.99579],[-121.40138,52.99996],[-121.39513,52.99996],[-121.39513,52.99579]]]}},{"type":"Feature","properties":{"c":"1038471","o":"BOT, JOHN CHRISOSTOM","e":"2026-10-28Z"},"geometry":{"type":"Polygon","coordinates":[[[-121.39513,52.99996],[-121.40138,52.99996],[-121.40138,53.00413],[-121.39513,53.00413],[-121.39513,52.99996]]]}},{"type":"Feature","properties":{"c":"1038473","o":"BOT, JOHN CHRISOSTOM","e":"2026-10-28Z"},"geometry":{"type":"Polygon","coordinates":[[[-121.39513,52.99163],[-121.40138,52.99163],[-121.40138,52.99579],[-121.39513,52.99579],[-121.39513,52.99163]]]}},{"type":"Feature","properties":{"c":"1095908","o":"SORENSEN, GRACIE-JAE NICOLE","e":"2033-12-01Z"},"geometry":{"type":"Polygon","coordinates":[[[-121.37012,52.95412],[-121.36387,52.95412],[-121.36387,52.94996],[-121.36387,52.94579],[-121.36387,52.94162],[-121.37012,52.94162],[-121.37012,52.94579],[-121.37012,52.94996],[-121.37012,52.95412]]]}},{"type":"Feature","properties":{"c":"1033917","o":"GRENIER, FLORENT ALLAIN","e":"2027-11-30Z"},"geometry":{"type":"Polygon","coordinates":[[[-121.37013,52.98746],[-121.37638,52.98746],[-121.37638,52.99163],[-121.37013,52.99163],[-121.37013,52.98746]]]}},{"type":"Feature","properties":{"c":"1033918","o":"GRENIER, FLORENT ALLAIN","e":"2027-11-30Z"},"geometry":{"type":"Polygon","coordinates":[[[-121.37013,52.97912],[-121.37638,52.97912],[-121.37638,52.98329],[-121.37013,52.98329],[-121.37013,52.97912]]]}},{"type":"Feature","properties":{"c":"1034238","o":"GRENIER, FLORENT ALLAIN","e":"2027-11-30Z"},"geometry":{"type":"Polygon","coordinates":[[[-121.37013,52.99163],[-121.37638,52.99163],[-121.37638,52.99579],[-121.37013,52.99579],[-121.37013,52.99163]]]}},{"type":"Feature","properties":{"c":"1025674","o":"NOBLE METAL GROUP INCORPORATED","e":"2024-06-20Z"},"geometry":{"type":"Polygon","coordinates":[[[-121.47014,52.80411],[-121.47639,52.80411],[-121.47639,52.80828],[-121.47014,52.80828],[-121.47014,52.80411]]]}},{"type":"Feature","properties":{"c":"1021789","o":"FITZEL, MARVIN PAUL","e":"2035-11-04Z"},"geometry":{"type":"Polygon","coordinates":[[[-121.36387,52.95412],[-121.35762,52.95412],[-121.35137,52.95412],[-121.35137,52.94996],[-121.35137,52.94579],[-121.35137,52.94162],[-121.35762,52.94162],[-121.36387,52.94162],[-121.36387,52.94579],[-121.36387,52.94996],[-121.36387,52.95412]]]}},{"type":"Feature","properties":{"c":"1028350","o":"WILDER, COTE BO","e":"2027-04-10Z"},"geometry":{"type":"Polygon","coordinates":[[[-121.48888,52.64161],[-121.48263,52.64161],[-121.48263,52.63744],[-121.48263,52.63327],[-121.48262,52.62911],[-121.48262,52.62494],[-121.48887,52.62494],[-121.48888,52.62911],[-121.48888,52.63327],[-121.48888,52.63744],[-121.48888,52.64161]]]}},{"type":"Feature","properties":{"c":"1042954","o":"SLUCHINSKI, EVAN REX","e":"2028-08-31Z"},"geometry":{"type":"Polygon","coordinates":[[[-121.42638,52.67911],[-121.43263,52.67911],[-121.43263,52.68328],[-121.42638,52.68328],[-121.42638,52.67911]]]}},{"type":"Feature","properties":{"c":"1013112","o":"CHERNESKI, TREVOR EDWARD","e":"2027-01-15Z"},"geometry":{"type":"Polygon","coordinates":[[[-121.43886,52.54161],[-121.43261,52.54161],[-121.43261,52.53744],[-121.42636,52.53744],[-121.42011,52.53744],[-121.41386,52.53744],[-121.41386,52.53327],[-121.40761,52.53327],[-121.40136,52.53327],[-121.40136,52.52911],[-121.40761,52.52911],[-121.41386,52.52911],[-121.42011,52.52911],[-121.42636,52.52911],[-121.42636,52.53327],[-121.43261,52.53327],[-121.43886,52.53327],[-121.43886,52.53744],[-121.43886,52.54161]]]}},{"type":"Feature","properties":{"c":"1040439","o":"NUTTER, ROGER PETER","e":"2027-03-31Z"},"geometry":{"type":"Polygon","coordinates":[[[-121.27012,52.84162],[-121.26386,52.84162],[-121.25761,52.84162],[-121.25761,52.83745],[-121.25761,52.83328],[-121.26386,52.83328],[-121.27011,52.83328],[-121.27011,52.83745],[-121.27012,52.84162]]]}},{"type":"Feature","properties":{"c":"264430","o":"CADSAND, DAVID CAMERON","e":"2029-08-31Z"},"geometry":{"type":"Polygon","coordinates":[[[-121.48815,52.802],[-121.48815,52.80201],[-121.4905,52.80338],[-121.49256,52.80943],[-121.48893,52.80988],[-121.48532,52.8104],[-121.4853,52.81036],[-121.4859,52.80973],[-121.48611,52.80949],[-121.48586,52.80891],[-121.48558,52.80881],[-121.48556,52.80875],[-121.48428,52.80502],[-121.48411,52.80486],[-121.48407,52.80475],[-121.48359,52.80433],[-121.48383,52.80401],[-121.48446,52.80342],[-121.48449,52.80338],[-121.48564,52.80296],[-121.48815,52.802]]]}},{"type":"Feature","properties":{"c":"1044329","o":"STANDARD DRILLING & ENGINEERING LTD.","e":"2028-01-15Z"},"geometry":{"type":"Polygon","coordinates":[[[-121.38887,52.94162],[-121.38262,52.94162],[-121.37637,52.94162],[-121.37012,52.94162],[-121.36387,52.94162],[-121.36387,52.94579],[-121.35762,52.94579],[-121.35762,52.94162],[-121.35762,52.93746],[-121.35762,52.93329],[-121.36387,52.93329],[-121.36387,52.92912],[-121.37012,52.92912],[-121.37012,52.93329],[-121.37637,52.93329],[-121.38262,52.93329],[-121.38887,52.93329],[-121.38887,52.93746],[-121.38887,52.94162]]]}},{"type":"Feature","properties":{"c":"1076302","o":"RASMUSSEN, JAMES HARRY","e":"2027-05-23Z"},"geometry":{"type":"Polygon","coordinates":[[[-121.45136,52.54161],[-121.45136,52.53744],[-121.44511,52.53744],[-121.43886,52.53744],[-121.43886,52.53327],[-121.43261,52.53327],[-121.42636,52.53327],[-121.42636,52.52911],[-121.42011,52.52911],[-121.4201,52.52494],[-121.4201,52.52077],[-121.42635,52.52077],[-121.42635,52.52494],[-121.4326,52.52494],[-121.43886,52.52494],[-121.43886,52.52911],[-121.44511,52.52911],[-121.44511,52.53327],[-121.45136,52.53327],[-121.45761,52.53327],[-121.45761,52.53744],[-121.46386,52.53744],[-121.46386,52.54161],[-121.45761,52.54161],[-121.45136,52.54161]]]}},{"type":"Feature","properties":{"c":"1044351","o":"MILL, RICHARD H","e":"2026-11-16Z"},"geometry":{"type":"Polygon","coordinates":[[[-121.49514,52.79995],[-121.50139,52.79995],[-121.50139,52.80411],[-121.49514,52.80411],[-121.49514,52.79995]]]}},{"type":"Feature","properties":{"c":"1035649","o":"TEERINK, HARRY WILLIAM","e":"2027-01-16Z"},"geometry":{"type":"Polygon","coordinates":[[[-121.36388,52.96662],[-121.35763,52.96662],[-121.35762,52.96246],[-121.35137,52.96246],[-121.35137,52.95829],[-121.35137,52.95412],[-121.35762,52.95412],[-121.35762,52.95829],[-121.36387,52.95829],[-121.36387,52.96246],[-121.36388,52.96662]]]}},{"type":"Feature","properties":{"c":"1013880","o":"SLUCHINSKI, EVAN REX","e":"2028-08-31Z"},"geometry":{"type":"Polygon","coordinates":[[[-121.43263,52.67494],[-121.43888,52.67494],[-121.43888,52.67911],[-121.43263,52.67911],[-121.43263,52.67494]]]}},{"type":"Feature","properties":{"c":"1022193","o":"NOBLE METAL GROUP INCORPORATED","e":"2024-06-20Z"},"geometry":{"type":"Polygon","coordinates":[[[-121.46389,52.80411],[-121.47014,52.80411],[-121.47014,52.80828],[-121.46389,52.80828],[-121.46389,52.80411]]]}},{"type":"Feature","properties":{"c":"1047506","o":"MACIBORSKI, THOMAS GEORGE","e":"2029-04-23Z"},"geometry":{"type":"Polygon","coordinates":[[[-121.34513,52.96662],[-121.34512,52.96246],[-121.34512,52.95829],[-121.34512,52.95412],[-121.35137,52.95412],[-121.35137,52.95829],[-121.35137,52.96246],[-121.35762,52.96246],[-121.35763,52.96662],[-121.35138,52.96662],[-121.34513,52.96662]]]}},{"type":"Feature","properties":{"c":"1071029","o":"SPANISH MOUNTAIN GOLD LTD.","e":"2035-09-10Z"},"geometry":{"type":"Polygon","coordinates":[[[-121.48887,52.55827],[-121.49512,52.55827],[-121.49512,52.56244],[-121.48887,52.56244],[-121.48887,52.55827]]]}},{"type":"Feature","properties":{"c":"842065","o":"WILDER, COTE BO","e":"2027-04-10Z"},"geometry":{"type":"Polygon","coordinates":[[[-121.47012,52.62911],[-121.47637,52.62911],[-121.47637,52.63327],[-121.47012,52.63328],[-121.47012,52.62911]]]}},{"type":"Feature","properties":{"c":"658064","o":"WILDER, COTE BO","e":"2027-04-10Z"},"geometry":{"type":"Polygon","coordinates":[[[-121.50137,52.57911],[-121.49512,52.57911],[-121.49512,52.57494],[-121.48887,52.57494],[-121.48887,52.57077],[-121.48262,52.57077],[-121.48262,52.56661],[-121.47637,52.56661],[-121.47637,52.56244],[-121.48262,52.56244],[-121.48887,52.56244],[-121.48887,52.56661],[-121.49512,52.56661],[-121.49512,52.57077],[-121.50137,52.57077],[-121.50137,52.57494],[-121.50137,52.57911]]]}},{"type":"Feature","properties":{"c":"658126","o":"WILDER, COTE BO","e":"2027-04-10Z"},"geometry":{"type":"Polygon","coordinates":[[[-121.47012,52.56244],[-121.47637,52.56244],[-121.47637,52.56661],[-121.47012,52.56661],[-121.47012,52.56244]]]}},{"type":"Feature","properties":{"c":"1023494","o":"WILDER, COTE BO","e":"2027-04-10Z"},"geometry":{"type":"Polygon","coordinates":[[[-121.45137,52.60411],[-121.45762,52.60411],[-121.45762,52.60827],[-121.45137,52.60827],[-121.45137,52.60411]]]}},{"type":"Feature","properties":{"c":"1030385","o":"WILDER, COTE BO","e":"2027-04-10Z"},"geometry":{"type":"Polygon","coordinates":[[[-121.45762,52.62911],[-121.45137,52.62911],[-121.45137,52.62494],[-121.45137,52.62077],[-121.45137,52.61661],[-121.45137,52.61244],[-121.45137,52.60827],[-121.45762,52.60827],[-121.45762,52.61244],[-121.45762,52.61661],[-121.45762,52.62077],[-121.45762,52.62494],[-121.45762,52.62911]]]}},{"type":"Feature","properties":{"c":"1030386","o":"WILDER, COTE BO","e":"2027-04-10Z"},"geometry":{"type":"Polygon","coordinates":[[[-121.45762,52.63328],[-121.45762,52.62911],[-121.45762,52.62494],[-121.46387,52.62494],[-121.46387,52.62911],[-121.47012,52.62911],[-121.47012,52.63328],[-121.46387,52.63328],[-121.45762,52.63328]]]}},{"type":"Feature","properties":{"c":"658154","o":"WILDER, COTE BO","e":"2027-04-10Z"},"geometry":{"type":"Polygon","coordinates":[[[-121.47637,52.56661],[-121.48262,52.56661],[-121.48262,52.57077],[-121.47637,52.57077],[-121.47637,52.56661]]]}},{"type":"Feature","properties":{"c":"658143","o":"WILDER, COTE BO","e":"2027-04-10Z"},"geometry":{"type":"Polygon","coordinates":[[[-121.47637,52.56244],[-121.47012,52.56244],[-121.47012,52.55827],[-121.47637,52.55827],[-121.48262,52.55827],[-121.48887,52.55827],[-121.48887,52.56244],[-121.48262,52.56244],[-121.47637,52.56244]]]}},{"type":"Feature","properties":{"c":"1037392","o":"CHERNESKI, TREVOR EDWARD","e":"2027-01-15Z"},"geometry":{"type":"Polygon","coordinates":[[[-121.45136,52.54577],[-121.44511,52.54577],[-121.43886,52.54577],[-121.43886,52.54161],[-121.43886,52.53744],[-121.44511,52.53744],[-121.45136,52.53744],[-121.45136,52.54161],[-121.45136,52.54577]]]}},{"type":"Feature","properties":{"c":"1073951","o":"MACIBORSKI, THOMAS GEORGE","e":"2028-12-31Z"},"geometry":{"type":"Polygon","coordinates":[[[-121.47638,52.89995],[-121.47013,52.89995],[-121.46388,52.89995],[-121.46388,52.89579],[-121.46388,52.89162],[-121.47013,52.89162],[-121.47638,52.89162],[-121.47638,52.89578],[-121.47638,52.89995]]]}},{"type":"Feature","properties":{"c":"1067308","o":"REYNOLDS, TODD PATRICK","e":"2028-05-12Z"},"geometry":{"type":"Polygon","coordinates":[[[-121.33263,52.97079],[-121.33888,52.97079],[-121.33888,52.97496],[-121.33263,52.97496],[-121.33263,52.97079]]]}},{"type":"Feature","properties":{"c":"929239","o":"BAINES, MIKE RICHARD","e":"2030-03-21Z"},"geometry":{"type":"Polygon","coordinates":[[[-121.32637,52.79578],[-121.33262,52.79578],[-121.33262,52.79995],[-121.32637,52.79995],[-121.32637,52.79578]]]}},{"type":"Feature","properties":{"c":"1062098","o":"SPANISH MOUNTAIN GOLD LTD.","e":"2035-09-10Z"},"geometry":{"type":"Polygon","coordinates":[[[-121.44511,52.55827],[-121.43886,52.55827],[-121.43261,52.55827],[-121.42636,52.55827],[-121.42011,52.55827],[-121.41386,52.55827],[-121.41386,52.55411],[-121.41386,52.54994],[-121.41386,52.54577],[-121.41386,52.54161],[-121.41386,52.53744],[-121.41386,52.53327],[-121.41386,52.52911],[-121.41385,52.52494],[-121.4201,52.52494],[-121.42635,52.52494],[-121.4326,52.52494],[-121.43886,52.52494],[-121.44511,52.52494],[-121.44511,52.52911],[-121.44511,52.53327],[-121.44511,52.53744],[-121.44511,52.54161],[-121.44511,52.54577],[-121.44511,52.54994],[-121.44511,52.55411],[-121.44511,52.55827]]]}},{"type":"Feature","properties":{"c":"1073442","o":"RYBAK, JUSTIN BRADLEY","e":"2029-10-17Z"},"geometry":{"type":"Polygon","coordinates":[[[-121.42012,52.57911],[-121.42637,52.57911],[-121.42637,52.58327],[-121.42012,52.58327],[-121.42012,52.57911]]]}},{"type":"Feature","properties":{"c":"1071409","o":"SPANISH MOUNTAIN GOLD LTD.","e":"2026-11-24Z"},"geometry":{"type":"Polygon","coordinates":[[[-121.43887,52.58744],[-121.44512,52.58744],[-121.44512,52.59161],[-121.43887,52.59161],[-121.43887,52.58744]]]}},{"type":"Feature","properties":{"c":"522933","o":"VIGNAL, LISA MAY","e":"2030-01-01Z"},"geometry":{"type":"Polygon","coordinates":[[[-121.48264,52.81661],[-121.47639,52.81661],[-121.47014,52.81661],[-121.47014,52.81245],[-121.47014,52.80828],[-121.47639,52.80828],[-121.48264,52.80828],[-121.48264,52.81245],[-121.48264,52.81661]]]}},{"type":"Feature","properties":{"c":"1046231","o":"AGAFONTSEV, SERGEI ANATOLIEVICH","e":"2030-11-25Z"},"geometry":{"type":"Polygon","coordinates":[[[-121.43264,52.81245],[-121.43889,52.81245],[-121.43889,52.81661],[-121.43264,52.81661],[-121.43264,52.81245]]]}},{"type":"Feature","properties":{"c":"1060157","o":"BARKERVILLE GOLD MINES LTD.","e":"2036-04-18Z"},"geometry":{"type":"Polygon","coordinates":[[[-121.39513,52.84161],[-121.38888,52.84161],[-121.38888,52.83744],[-121.39513,52.83745],[-121.40138,52.83744],[-121.40763,52.83744],[-121.40763,52.84161],[-121.40138,52.84161],[-121.39513,52.84161]]]}},{"type":"Feature","properties":{"c":"1029611","o":"DRIEDGER, ABRAHAM","e":"2027-11-11Z"},"geometry":{"type":"Polygon","coordinates":[[[-121.35763,52.98746],[-121.36388,52.98746],[-121.36388,52.99163],[-121.35763,52.99163],[-121.35763,52.98746]]]}},{"type":"Feature","properties":{"c":"1067911","o":"PAETKAU, ADRIANNE GAIL","e":"2028-10-02Z"},"geometry":{"type":"Polygon","coordinates":[[[-121.40763,52.75828],[-121.41388,52.75829],[-121.41388,52.76245],[-121.40763,52.76245],[-121.40763,52.75828]]]}},{"type":"Feature","properties":{"c":"1023111","o":"TITOSKY, DOUGLAS BRENT","e":"2028-10-17Z"},"geometry":{"type":"Polygon","coordinates":[[[-121.43888,52.67494],[-121.44513,52.67494],[-121.44513,52.67911],[-121.43888,52.67911],[-121.43888,52.67494]]]}},{"type":"Feature","properties":{"c":"388553","o":"CONN, SHERRIELYNNE","e":"2027-11-30Z"},"geometry":{"type":"Polygon","coordinates":[[[-121.45674,52.82103],[-121.45674,52.82138],[-121.45675,52.82552],[-121.44817,52.82552],[-121.44796,52.82552],[-121.44745,52.82552],[-121.4454,52.82552],[-121.44191,52.82552],[-121.44191,52.82103],[-121.44536,52.82103],[-121.45674,52.82103]]]}},{"type":"Feature","properties":{"c":"533585","o":"CONN, SHERRIELYNNE","e":"2027-11-30Z"},"geometry":{"type":"Polygon","coordinates":[[[-121.44514,52.82495],[-121.43889,52.82495],[-121.43889,52.82078],[-121.43889,52.81661],[-121.44514,52.81661],[-121.44514,52.82078],[-121.44514,52.82495]]]}},{"type":"Feature","properties":{"c":"533586","o":"CONN, SHERRIELYNNE","e":"2027-11-30Z"},"geometry":{"type":"Polygon","coordinates":[[[-121.45764,52.82078],[-121.46389,52.82078],[-121.46389,52.82495],[-121.45764,52.82495],[-121.45764,52.82078]]]}},{"type":"Feature","properties":{"c":"533818","o":"CONN, SHERRIELYNNE","e":"2027-11-30Z"},"geometry":{"type":"Polygon","coordinates":[[[-121.45764,52.81661],[-121.46389,52.81661],[-121.46389,52.82078],[-121.45764,52.82078],[-121.45764,52.81661]]]}},{"type":"Feature","properties":{"c":"535274","o":"CONN, SHERRIELYNNE","e":"2027-11-30Z"},"geometry":{"type":"Polygon","coordinates":[[[-121.45764,52.82911],[-121.45764,52.82495],[-121.46389,52.82495],[-121.47014,52.82495],[-121.47014,52.82911],[-121.46389,52.82911],[-121.45764,52.82911]]]}},{"type":"Feature","properties":{"c":"537680","o":"CONN, SHERRIELYNNE","e":"2027-11-30Z"},"geometry":{"type":"Polygon","coordinates":[[[-121.45764,52.82495],[-121.45139,52.82495],[-121.44514,52.82495],[-121.44514,52.82078],[-121.44514,52.81661],[-121.44514,52.81245],[-121.45139,52.81245],[-121.45764,52.81245],[-121.45764,52.81661],[-121.45764,52.82078],[-121.45764,52.82495]]]}},{"type":"Feature","properties":{"c":"537876","o":"CONN, SHERRIELYNNE","e":"2027-11-30Z"},"geometry":{"type":"Polygon","coordinates":[[[-121.45764,52.81661],[-121.45764,52.81245],[-121.46389,52.81245],[-121.47014,52.81245],[-121.47014,52.81661],[-121.46389,52.81661],[-121.45764,52.81661]]]}},{"type":"Feature","properties":{"c":"537878","o":"CONN, SHERRIELYNNE","e":"2027-11-30Z"},"geometry":{"type":"Polygon","coordinates":[[[-121.45764,52.81245],[-121.45139,52.81245],[-121.45139,52.80828],[-121.45139,52.80411],[-121.45764,52.80411],[-121.46389,52.80411],[-121.46389,52.80828],[-121.45764,52.80828],[-121.45764,52.81245]]]}},{"type":"Feature","properties":{"c":"540799","o":"CONN, SHERRIELYNNE","e":"2027-11-30Z"},"geometry":{"type":"Polygon","coordinates":[[[-121.45139,52.81245],[-121.44514,52.81245],[-121.44514,52.80828],[-121.44514,52.80411],[-121.45139,52.80411],[-121.45139,52.80828],[-121.45139,52.81245]]]}},{"type":"Feature","properties":{"c":"543069","o":"CONN, SHERRIELYNNE","e":"2027-11-30Z"},"geometry":{"type":"Polygon","coordinates":[[[-121.46389,52.81661],[-121.47014,52.81661],[-121.47014,52.82078],[-121.46389,52.82078],[-121.46389,52.81661]]]}},{"type":"Feature","properties":{"c":"597745","o":"CONN, SHERRIELYNNE","e":"2027-11-30Z"},"geometry":{"type":"Polygon","coordinates":[[[-121.45139,52.83328],[-121.45139,52.82911],[-121.45139,52.82495],[-121.45764,52.82495],[-121.45764,52.82911],[-121.46389,52.82911],[-121.46389,52.83328],[-121.45764,52.83328],[-121.45139,52.83328]]]}},{"type":"Feature","properties":{"c":"597857","o":"CONN, SHERRIELYNNE","e":"2027-11-30Z"},"geometry":{"type":"Polygon","coordinates":[[[-121.43889,52.81245],[-121.44514,52.81245],[-121.44514,52.81661],[-121.43889,52.81661],[-121.43889,52.81245]]]}},{"type":"Feature","properties":{"c":"1104566","o":"REYNOLDS, TODD PATRICK","e":"2027-03-07Z"},"geometry":{"type":"Polygon","coordinates":[[[-121.23887,52.96246],[-121.23262,52.96246],[-121.23262,52.95829],[-121.22637,52.95829],[-121.22637,52.95412],[-121.23262,52.95412],[-121.23887,52.95412],[-121.23887,52.95829],[-121.23887,52.96246]]]}},{"type":"Feature","properties":{"c":"1060183","o":"BARKERVILLE GOLD MINES LTD.","e":"2036-04-18Z"},"geometry":{"type":"Polygon","coordinates":[[[-121.49514,52.84995],[-121.48889,52.84995],[-121.48264,52.84995],[-121.47639,52.84995],[-121.47014,52.84995],[-121.46389,52.84995],[-121.45764,52.84995],[-121.45139,52.84995],[-121.45139,52.84578],[-121.45764,52.84578],[-121.46389,52.84578],[-121.47014,52.84578],[-121.47639,52.84578],[-121.48264,52.84578],[-121.48889,52.84578],[-121.49514,52.84578],[-121.50139,52.84578],[-121.50764,52.84578],[-121.50764,52.84995],[-121.50139,52.84995],[-121.49514,52.84995]]]}},{"type":"Feature","properties":{"c":"537801","o":"ROSK, PETER ROY","e":"2027-09-30Z"},"geometry":{"type":"Polygon","coordinates":[[[-121.47014,52.79995],[-121.46389,52.79995],[-121.46389,52.80411],[-121.45764,52.80411],[-121.45139,52.80411],[-121.45139,52.79995],[-121.44514,52.79995],[-121.44514,52.79578],[-121.43889,52.79578],[-121.43264,52.79578],[-121.43264,52.79161],[-121.43264,52.78745],[-121.43889,52.78745],[-121.43889,52.78328],[-121.44514,52.78328],[-121.45139,52.78328],[-121.45764,52.78328],[-121.46389,52.78328],[-121.46389,52.78745],[-121.47014,52.78745],[-121.47014,52.79161],[-121.47014,52.79578],[-121.47014,52.79995]]]}},{"type":"Feature","properties":{"c":"882269","o":"GIESBRECHT, ISAAC","e":"2030-09-29Z"},"geometry":{"type":"Polygon","coordinates":[[[-121.35763,52.99579],[-121.35138,52.99579],[-121.35138,52.99163],[-121.35138,52.98746],[-121.35763,52.98746],[-121.35763,52.99163],[-121.35763,52.99579]]]}},{"type":"Feature","properties":{"c":"882289","o":"GIESBRECHT, ISAAC","e":"2030-09-29Z"},"geometry":{"type":"Polygon","coordinates":[[[-121.35763,52.99163],[-121.36388,52.99163],[-121.36388,52.99579],[-121.35763,52.99579],[-121.35763,52.99163]]]}},{"type":"Feature","properties":{"c":"1008002","o":"GIESBRECHT, ISAAC","e":"2030-09-29Z"},"geometry":{"type":"Polygon","coordinates":[[[-121.36388,52.98746],[-121.37013,52.98746],[-121.37013,52.99163],[-121.36388,52.99163],[-121.36388,52.98746]]]}},{"type":"Feature","properties":{"c":"1053312","o":"GIESBRECHT, ISAAC","e":"2030-09-29Z"},"geometry":{"type":"Polygon","coordinates":[[[-121.34513,52.98746],[-121.34513,52.98329],[-121.35138,52.98329],[-121.35763,52.98329],[-121.35763,52.98746],[-121.35138,52.98746],[-121.34513,52.98746]]]}},{"type":"Feature","properties":{"c":"677804","o":"HOWARD, KENNETH JAMES","e":"2029-06-30Z"},"geometry":{"type":"Polygon","coordinates":[[[-121.43888,52.70411],[-121.44513,52.70411],[-121.44513,52.70828],[-121.43888,52.70828],[-121.43888,52.70411]]]}},{"type":"Feature","properties":{"c":"1037413","o":"HOWARD, KENNETH JAMES","e":"2029-06-30Z"},"geometry":{"type":"Polygon","coordinates":[[[-121.45138,52.70828],[-121.44513,52.70828],[-121.44513,52.70411],[-121.44513,52.69995],[-121.45138,52.69995],[-121.45138,52.70411],[-121.45138,52.70828]]]}},{"type":"Feature","properties":{"c":"1037415","o":"HOWARD, KENNETH JAMES","e":"2029-06-30Z"},"geometry":{"type":"Polygon","coordinates":[[[-121.44513,52.70411],[-121.43888,52.70411],[-121.43888,52.69995],[-121.43888,52.69578],[-121.44513,52.69578],[-121.44513,52.69995],[-121.44513,52.70411]]]}},{"type":"Feature","properties":{"c":"1046851","o":"HIGGINS, KEVIN LESLIE","e":"2026-11-22Z"},"geometry":{"type":"Polygon","coordinates":[[[-121.37638,52.99996],[-121.38263,52.99996],[-121.38263,53.00413],[-121.37638,53.00413],[-121.37638,52.99996]]]}},{"type":"Feature","properties":{"c":"1013898","o":"GIESBRECHT, ISAAC","e":"2030-09-29Z"},"geometry":{"type":"Polygon","coordinates":[[[-121.36388,52.99996],[-121.36388,52.99579],[-121.36388,52.99163],[-121.37013,52.99163],[-121.37013,52.99579],[-121.37638,52.99579],[-121.37638,52.99996],[-121.37013,52.99996],[-121.36388,52.99996]]]}},{"type":"Feature","properties":{"c":"374225","o":"BARKERVILLE GOLD MINES LTD.","e":"2036-04-18Z"},"geometry":{"type":"Polygon","coordinates":[[[-121.41603,52.98048],[-121.41603,52.98219],[-121.41603,52.98479],[-121.41603,52.98497],[-121.41445,52.98497],[-121.41369,52.98497],[-121.40988,52.98498],[-121.40859,52.98498],[-121.40859,52.98419],[-121.40859,52.98122],[-121.40859,52.98048],[-121.41269,52.98048],[-121.41603,52.98048]]]}},{"type":"Feature","properties":{"c":"374226","o":"BARKERVILLE GOLD MINES LTD.","e":"2036-04-18Z"},"geometry":{"type":"Polygon","coordinates":[[[-121.40859,52.98048],[-121.40859,52.98122],[-121.40859,52.98419],[-121.40859,52.98498],[-121.40726,52.98498],[-121.40491,52.98498],[-121.40114,52.98498],[-121.40114,52.98267],[-121.40114,52.98197],[-121.40116,52.98048],[-121.4046,52.98048],[-121.40741,52.98048],[-121.40859,52.98048]]]}},{"type":"Feature","properties":{"c":"374227","o":"BARKERVILLE GOLD MINES LTD.","e":"2036-04-18Z"},"geometry":{"type":"Polygon","coordinates":[[[-121.41603,52.97599],[-121.41603,52.98048],[-121.41269,52.98048],[-121.40859,52.98048],[-121.40858,52.97831],[-121.40858,52.97599],[-121.40984,52.97599],[-121.41594,52.97599],[-121.41603,52.97599]]]}},{"type":"Feature","properties":{"c":"374228","o":"BARKERVILLE GOLD MINES LTD.","e":"2036-04-18Z"},"geometry":{"type":"Polygon","coordinates":[[[-121.40858,52.97599],[-121.40858,52.97831],[-121.40859,52.98048],[-121.40741,52.98048],[-121.4046,52.98048],[-121.40116,52.98048],[-121.40117,52.97748],[-121.40117,52.97599],[-121.40858,52.97599]]]}},{"type":"Feature","properties":{"c":"374229","o":"BARKERVILLE GOLD MINES LTD.","e":"2036-04-18Z"},"geometry":{"type":"Polygon","coordinates":[[[-121.41602,52.97149],[-121.41603,52.97323],[-121.41603,52.97587],[-121.41603,52.97599],[-121.41594,52.97599],[-121.40984,52.97599],[-121.40858,52.97599],[-121.40858,52.97149],[-121.41204,52.97149],[-121.41602,52.97149]]]}},{"type":"Feature","properties":{"c":"374230","o":"BARKERVILLE GOLD MINES LTD.","e":"2036-04-18Z"},"geometry":{"type":"Polygon","coordinates":[[[-121.40117,52.97149],[-121.40858,52.97149],[-121.40858,52.97599],[-121.40117,52.97599],[-121.40117,52.97298],[-121.40117,52.97149]]]}},{"type":"Feature","properties":{"c":"374231","o":"BARKERVILLE GOLD MINES LTD.","e":"2036-04-18Z"},"geometry":{"type":"Polygon","coordinates":[[[-121.41602,52.967],[-121.41602,52.96716],[-121.41602,52.97149],[-121.41204,52.97149],[-121.40858,52.97149],[-121.40858,52.967],[-121.40923,52.967],[-121.41602,52.967]]]}},{"type":"Feature","properties":{"c":"374232","o":"BARKERVILLE GOLD MINES LTD.","e":"2036-04-18Z"},"geometry":{"type":"Polygon","coordinates":[[[-121.40116,52.967],[-121.40858,52.967],[-121.40858,52.97149],[-121.40117,52.97149],[-121.40115,52.96846],[-121.40116,52.967]]]}},{"type":"Feature","properties":{"c":"374233","o":"BARKERVILLE GOLD MINES LTD.","e":"2036-04-18Z"},"geometry":{"type":"Polygon","coordinates":[[[-121.41602,52.9625],[-121.41602,52.96446],[-121.41602,52.967],[-121.40923,52.967],[-121.40858,52.967],[-121.40858,52.9667],[-121.40858,52.9661],[-121.40858,52.9625],[-121.40996,52.9625],[-121.41307,52.9625],[-121.41602,52.9625]]]}},{"type":"Feature","properties":{"c":"374234","o":"BARKERVILLE GOLD MINES LTD.","e":"2036-04-18Z"},"geometry":{"type":"Polygon","coordinates":[[[-121.40858,52.9625],[-121.40858,52.9661],[-121.40858,52.9667],[-121.40858,52.967],[-121.40116,52.967],[-121.40115,52.96394],[-121.40115,52.9625],[-121.40252,52.9625],[-121.40858,52.9625]]]}},{"type":"Feature","properties":{"c":"374706","o":"BARKERVILLE GOLD MINES LTD.","e":"2036-04-18Z"},"geometry":{"type":"Polygon","coordinates":[[[-121.43091,52.967],[-121.43091,52.9671],[-121.43091,52.96962],[-121.43091,52.96964],[-121.43091,52.9704],[-121.43091,52.97086],[-121.43091,52.97114],[-121.43091,52.97149],[-121.42347,52.97149],[-121.42347,52.96892],[-121.42347,52.96832],[-121.42347,52.96723],[-121.42347,52.9672],[-121.42347,52.967],[-121.42467,52.967],[-121.43002,52.967],[-121.43067,52.967],[-121.43091,52.967]]]}},{"type":"Feature","properties":{"c":"374707","o":"BARKERVILLE GOLD MINES LTD.","e":"2036-04-18Z"},"geometry":{"type":"Polygon","coordinates":[[[-121.42347,52.967],[-121.42347,52.9672],[-121.42347,52.96723],[-121.42347,52.96832],[-121.42347,52.96892],[-121.42347,52.97149],[-121.42185,52.97149],[-121.42055,52.97149],[-121.41602,52.97149],[-121.41602,52.96716],[-121.41602,52.967],[-121.41617,52.967],[-121.42277,52.967],[-121.42347,52.967]]]}},{"type":"Feature","properties":{"c":"374708","o":"BARKERVILLE GOLD MINES LTD.","e":"2036-04-18Z"},"geometry":{"type":"Polygon","coordinates":[[[-121.43091,52.9625],[-121.43091,52.96462],[-121.43091,52.96629],[-121.43091,52.967],[-121.43067,52.967],[-121.43002,52.967],[-121.42467,52.967],[-121.42347,52.967],[-121.42347,52.9625],[-121.42375,52.9625],[-121.42484,52.9625],[-121.43088,52.9625],[-121.43091,52.9625]]]}},{"type":"Feature","properties":{"c":"374709","o":"BARKERVILLE GOLD MINES LTD.","e":"2036-04-18Z"},"geometry":{"type":"Polygon","coordinates":[[[-121.42347,52.9625],[-121.42347,52.967],[-121.42277,52.967],[-121.41617,52.967],[-121.41602,52.967],[-121.41602,52.96446],[-121.41602,52.9625],[-121.4174,52.9625],[-121.42347,52.9625]]]}},{"type":"Feature","properties":{"c":"374710","o":"BARKERVILLE GOLD MINES LTD.","e":"2036-04-18Z"},"geometry":{"type":"Polygon","coordinates":[[[-121.42347,52.97149],[-121.42347,52.97275],[-121.42347,52.97599],[-121.41954,52.97599],[-121.41928,52.97599],[-121.41603,52.97599],[-121.41603,52.97587],[-121.41603,52.97323],[-121.41602,52.97149],[-121.42055,52.97149],[-121.42185,52.97149],[-121.42347,52.97149]]]}},{"type":"Feature","properties":{"c":"374711","o":"BARKERVILLE GOLD MINES LTD.","e":"2036-04-18Z"},"geometry":{"type":"Polygon","coordinates":[[[-121.43091,52.97149],[-121.43091,52.97445],[-121.43091,52.97592],[-121.43091,52.97598],[-121.42496,52.97599],[-121.42347,52.97599],[-121.42347,52.97275],[-121.42347,52.97149],[-121.43091,52.97149]]]}},{"type":"Feature","properties":{"c":"374712","o":"BARKERVILLE GOLD MINES LTD.","e":"2036-04-18Z"},"geometry":{"type":"Polygon","coordinates":[[[-121.42347,52.97599],[-121.42347,52.97704],[-121.42347,52.97905],[-121.42347,52.98048],[-121.42157,52.98048],[-121.42081,52.98048],[-121.41978,52.98048],[-121.41796,52.98048],[-121.41603,52.98048],[-121.41603,52.97599],[-121.41928,52.97599],[-121.41954,52.97599],[-121.42347,52.97599]]]}},{"type":"Feature","properties":{"c":"374713","o":"BARKERVILLE GOLD MINES LTD.","e":"2036-04-18Z"},"geometry":{"type":"Polygon","coordinates":[[[-121.43091,52.97598],[-121.43091,52.97897],[-121.43091,52.98048],[-121.42892,52.98048],[-121.42729,52.98048],[-121.42347,52.98048],[-121.42347,52.97905],[-121.42347,52.97704],[-121.42347,52.97599],[-121.42496,52.97599],[-121.43091,52.97598]]]}},{"type":"Feature","properties":{"c":"1060925","o":"REYNOLDS, TODD PATRICK","e":"2027-05-15Z"},"geometry":{"type":"Polygon","coordinates":[[[-121.25762,52.97913],[-121.25762,52.97496],[-121.25762,52.97079],[-121.26387,52.97079],[-121.26387,52.97496],[-121.27012,52.97496],[-121.27012,52.97913],[-121.26387,52.97913],[-121.25762,52.97913]]]}},{"type":"Feature","properties":{"c":"1014607","o":"BARKERVILLE GOLD MINES LTD.","e":"2036-04-18Z"},"geometry":{"type":"Polygon","coordinates":[[[-121.42638,52.85828],[-121.43263,52.85828],[-121.43263,52.86245],[-121.42638,52.86245],[-121.42638,52.85828]]]}},{"type":"Feature","properties":{"c":"1028446","o":"BARKERVILLE GOLD MINES LTD.","e":"2036-04-18Z"},"geometry":{"type":"Polygon","coordinates":[[[-121.41388,52.86245],[-121.42013,52.86245],[-121.42013,52.86662],[-121.41388,52.86662],[-121.41388,52.86245]]]}},{"type":"Feature","properties":{"c":"1028453","o":"BARKERVILLE GOLD MINES LTD.","e":"2036-04-18Z"},"geometry":{"type":"Polygon","coordinates":[[[-121.42638,52.86245],[-121.43263,52.86245],[-121.43263,52.86662],[-121.42638,52.86662],[-121.42638,52.86245]]]}},{"type":"Feature","properties":{"c":"1028454","o":"BARKERVILLE GOLD MINES LTD.","e":"2036-04-18Z"},"geometry":{"type":"Polygon","coordinates":[[[-121.43263,52.87495],[-121.42638,52.87495],[-121.42013,52.87495],[-121.41388,52.87495],[-121.41388,52.87078],[-121.42013,52.87078],[-121.42638,52.87078],[-121.42638,52.86662],[-121.43263,52.86662],[-121.43263,52.87078],[-121.43263,52.87495]]]}},{"type":"Feature","properties":{"c":"1033303","o":"BARKERVILLE GOLD MINES LTD.","e":"2036-04-18Z"},"geometry":{"type":"Polygon","coordinates":[[[-121.42013,52.86245],[-121.42638,52.86245],[-121.42638,52.86662],[-121.42013,52.86662],[-121.42013,52.86245]]]}},{"type":"Feature","properties":{"c":"1033403","o":"BARKERVILLE GOLD MINES LTD.","e":"2036-04-18Z"},"geometry":{"type":"Polygon","coordinates":[[[-121.43888,52.85411],[-121.43263,52.85411],[-121.42638,52.85411],[-121.42013,52.85411],[-121.42013,52.84995],[-121.42638,52.84995],[-121.42638,52.84578],[-121.43264,52.84578],[-121.43889,52.84578],[-121.43888,52.84995],[-121.43888,52.85411]]]}},{"type":"Feature","properties":{"c":"1033404","o":"BARKERVILLE GOLD MINES LTD.","e":"2036-04-18Z"},"geometry":{"type":"Polygon","coordinates":[[[-121.43888,52.86245],[-121.43263,52.86245],[-121.43263,52.85828],[-121.42638,52.85828],[-121.42638,52.86245],[-121.42013,52.86245],[-121.41388,52.86245],[-121.41388,52.85828],[-121.42013,52.85828],[-121.42013,52.85411],[-121.42638,52.85411],[-121.43263,52.85411],[-121.43888,52.85411],[-121.44513,52.85411],[-121.44513,52.85828],[-121.43888,52.85828],[-121.43888,52.86245]]]}},{"type":"Feature","properties":{"c":"1039381","o":"BARKERVILLE GOLD MINES LTD.","e":"2036-04-18Z"},"geometry":{"type":"Polygon","coordinates":[[[-121.41388,52.86662],[-121.42013,52.86662],[-121.42013,52.87078],[-121.41388,52.87078],[-121.41388,52.86662]]]}},{"type":"Feature","properties":{"c":"1045698","o":"BARKERVILLE GOLD MINES LTD.","e":"2036-04-18Z"},"geometry":{"type":"Polygon","coordinates":[[[-121.42013,52.86662],[-121.42638,52.86662],[-121.42638,52.87078],[-121.42013,52.87078],[-121.42013,52.86662]]]}},{"type":"Feature","properties":{"c":"1045814","o":"BARKERVILLE GOLD MINES LTD.","e":"2036-04-18Z"},"geometry":{"type":"Polygon","coordinates":[[[-121.45138,52.85828],[-121.44513,52.85828],[-121.44513,52.85411],[-121.43888,52.85411],[-121.43888,52.84995],[-121.44514,52.84995],[-121.44514,52.84578],[-121.45139,52.84578],[-121.45139,52.84995],[-121.45139,52.85411],[-121.45138,52.85828]]]}},{"type":"Feature","properties":{"c":"1056835","o":"SPANISH MOUNTAIN GOLD LTD.","e":"2026-11-22Z"},"geometry":{"type":"Polygon","coordinates":[[[-121.46387,52.57911],[-121.47012,52.57911],[-121.47012,52.58327],[-121.46387,52.58327],[-121.46387,52.57911]]]}},{"type":"Feature","properties":{"c":"1039455","o":"AGAFONTSEV, SERGEI ANATOLIEVICH","e":"2030-11-25Z"},"geometry":{"type":"Polygon","coordinates":[[[-121.44514,52.80828],[-121.43889,52.80828],[-121.43264,52.80828],[-121.43264,52.80411],[-121.43264,52.79995],[-121.43264,52.79578],[-121.43889,52.79578],[-121.44514,52.79578],[-121.44514,52.79995],[-121.45139,52.79995],[-121.45139,52.80411],[-121.44514,52.80411],[-121.44514,52.80828]]]}},{"type":"Feature","properties":{"c":"1099756","o":"LACKIE, FRED","e":"2027-11-15Z"},"geometry":{"type":"Polygon","coordinates":[[[-121.43888,52.95412],[-121.44513,52.95412],[-121.44513,52.95829],[-121.43888,52.95829],[-121.43888,52.95412]]]}},{"type":"Feature","properties":{"c":"1040746","o":"YOUNG, CAMERON DWIGHT","e":"2027-03-01Z"},"geometry":{"type":"Polygon","coordinates":[[[-121.40762,52.95412],[-121.41387,52.95412],[-121.41387,52.95829],[-121.40762,52.95829],[-121.40762,52.95412]]]}},{"type":"Feature","properties":{"c":"862513","o":"CLANCY, MATTHEW RYAN","e":"2027-07-07Z"},"geometry":{"type":"Polygon","coordinates":[[[-121.47639,52.84161],[-121.47014,52.84161],[-121.47014,52.83745],[-121.47014,52.83328],[-121.47639,52.83328],[-121.48264,52.83328],[-121.48264,52.83745],[-121.47639,52.83745],[-121.47639,52.84161]]]}},{"type":"Feature","properties":{"c":"1048136","o":"YOUNG, CAMERON DWIGHT","e":"2027-03-01Z"},"geometry":{"type":"Polygon","coordinates":[[[-121.42012,52.95412],[-121.41387,52.95412],[-121.40762,52.95412],[-121.40762,52.95829],[-121.40137,52.95829],[-121.39512,52.95829],[-121.38887,52.95829],[-121.38887,52.95412],[-121.38887,52.94996],[-121.38887,52.94579],[-121.39512,52.94579],[-121.39512,52.94162],[-121.39512,52.93746],[-121.40137,52.93746],[-121.40762,52.93746],[-121.40762,52.94162],[-121.40137,52.94162],[-121.40137,52.94579],[-121.40137,52.94996],[-121.40762,52.94996],[-121.41387,52.94996],[-121.42012,52.94996],[-121.42637,52.94996],[-121.43262,52.94996],[-121.43263,52.95412],[-121.42637,52.95412],[-121.42012,52.95412]]]}},{"type":"Feature","properties":{"c":"1052290","o":"BARKERVILLE GOLD MINES LTD.","e":"2036-04-18Z"},"geometry":{"type":"Polygon","coordinates":[[[-121.40763,52.85411],[-121.40138,52.85411],[-121.40138,52.84995],[-121.40138,52.84578],[-121.39513,52.84578],[-121.39513,52.84161],[-121.40138,52.84161],[-121.40763,52.84161],[-121.40763,52.84578],[-121.40763,52.84995],[-121.40763,52.85411]]]}},{"type":"Feature","properties":{"c":"1055004","o":"BARKERVILLE GOLD MINES LTD.","e":"2036-04-18Z"},"geometry":{"type":"Polygon","coordinates":[[[-121.43264,52.83328],[-121.43889,52.83328],[-121.43889,52.83744],[-121.43264,52.83745],[-121.43264,52.83328]]]}},{"type":"Feature","properties":{"c":"1055005","o":"BARKERVILLE GOLD MINES LTD.","e":"2036-04-18Z"},"geometry":{"type":"Polygon","coordinates":[[[-121.45139,52.84578],[-121.44514,52.84578],[-121.44514,52.84161],[-121.43889,52.84161],[-121.43889,52.83744],[-121.44514,52.83745],[-121.45139,52.83745],[-121.45139,52.84161],[-121.45139,52.84578]]]}},{"type":"Feature","properties":{"c":"1055083","o":"BARKERVILLE GOLD MINES LTD.","e":"2036-04-18Z"},"geometry":{"type":"Polygon","coordinates":[[[-121.44514,52.84995],[-121.43888,52.84995],[-121.43889,52.84578],[-121.43264,52.84578],[-121.42638,52.84578],[-121.42638,52.84995],[-121.42013,52.84995],[-121.42013,52.85411],[-121.42013,52.85828],[-121.41388,52.85828],[-121.41388,52.85411],[-121.41388,52.84995],[-121.41388,52.84578],[-121.41388,52.84161],[-121.42013,52.84161],[-121.42639,52.84161],[-121.43264,52.84161],[-121.43889,52.84161],[-121.44514,52.84161],[-121.44514,52.84578],[-121.44514,52.84995]]]}},{"type":"Feature","properties":{"c":"1055084","o":"BARKERVILLE GOLD MINES LTD.","e":"2036-04-18Z"},"geometry":{"type":"Polygon","coordinates":[[[-121.42639,52.84161],[-121.42013,52.84161],[-121.41388,52.84161],[-121.41388,52.84578],[-121.41388,52.84995],[-121.41388,52.85411],[-121.40763,52.85411],[-121.40763,52.84995],[-121.40763,52.84578],[-121.40763,52.84161],[-121.40763,52.83744],[-121.41388,52.83744],[-121.41389,52.83328],[-121.42014,52.83328],[-121.42639,52.83328],[-121.43264,52.83328],[-121.43264,52.83745],[-121.43889,52.83744],[-121.43889,52.84161],[-121.43264,52.84161],[-121.42639,52.84161]]]}},{"type":"Feature","properties":{"c":"658129","o":"WILDER, COTE BO","e":"2027-04-10Z"},"geometry":{"type":"Polygon","coordinates":[[[-121.47012,52.58327],[-121.47637,52.58327],[-121.47637,52.58744],[-121.47012,52.58744],[-121.47012,52.58327]]]}},{"type":"Feature","properties":{"c":"658125","o":"WILDER, COTE BO","e":"2027-04-10Z"},"geometry":{"type":"Polygon","coordinates":[[[-121.47637,52.58327],[-121.48262,52.58327],[-121.48262,52.58744],[-121.47637,52.58744],[-121.47637,52.58327]]]}},{"type":"Feature","properties":{"c":"658132","o":"WILDER, COTE BO","e":"2027-04-10Z"},"geometry":{"type":"Polygon","coordinates":[[[-121.48262,52.58327],[-121.48887,52.58327],[-121.48887,52.58744],[-121.48262,52.58744],[-121.48262,52.58327]]]}},{"type":"Feature","properties":{"c":"658136","o":"WILDER, COTE BO","e":"2027-04-10Z"},"geometry":{"type":"Polygon","coordinates":[[[-121.47012,52.57911],[-121.47637,52.57911],[-121.47637,52.58327],[-121.47012,52.58327],[-121.47012,52.57911]]]}},{"type":"Feature","properties":{"c":"658139","o":"WILDER, COTE BO","e":"2027-04-10Z"},"geometry":{"type":"Polygon","coordinates":[[[-121.47637,52.57494],[-121.48262,52.57494],[-121.48262,52.57911],[-121.47637,52.57911],[-121.47637,52.57494]]]}},{"type":"Feature","properties":{"c":"658141","o":"WILDER, COTE BO","e":"2027-04-10Z"},"geometry":{"type":"Polygon","coordinates":[[[-121.47637,52.57077],[-121.48262,52.57077],[-121.48262,52.57494],[-121.47637,52.57494],[-121.47637,52.57077]]]}},{"type":"Feature","properties":{"c":"658145","o":"WILDER, COTE BO","e":"2027-04-10Z"},"geometry":{"type":"Polygon","coordinates":[[[-121.48262,52.60827],[-121.48262,52.60411],[-121.48887,52.60411],[-121.49512,52.60411],[-121.49512,52.60827],[-121.48887,52.60827],[-121.48262,52.60827]]]}},{"type":"Feature","properties":{"c":"658164","o":"WILDER, COTE BO","e":"2027-04-10Z"},"geometry":{"type":"Polygon","coordinates":[[[-121.47012,52.56661],[-121.47637,52.56661],[-121.47637,52.57077],[-121.47012,52.57077],[-121.47012,52.56661]]]}},{"type":"Feature","properties":{"c":"658166","o":"WILDER, COTE BO","e":"2027-04-10Z"},"geometry":{"type":"Polygon","coordinates":[[[-121.46387,52.55827],[-121.47012,52.55827],[-121.47012,52.56244],[-121.46387,52.56244],[-121.46387,52.55827]]]}},{"type":"Feature","properties":{"c":"658167","o":"WILDER, COTE BO","e":"2027-04-10Z"},"geometry":{"type":"Polygon","coordinates":[[[-121.48263,52.64578],[-121.47638,52.64578],[-121.47638,52.64161],[-121.47638,52.63744],[-121.47637,52.63327],[-121.47637,52.62911],[-121.47637,52.62494],[-121.47637,52.62077],[-121.47637,52.61661],[-121.48262,52.61661],[-121.48262,52.62077],[-121.48262,52.62494],[-121.48262,52.62911],[-121.48263,52.63327],[-121.48263,52.63744],[-121.48263,52.64161],[-121.48263,52.64578]]]}},{"type":"Feature","properties":{"c":"658170","o":"WILDER, COTE BO","e":"2027-04-10Z"},"geometry":{"type":"Polygon","coordinates":[[[-121.47637,52.55411],[-121.48262,52.55411],[-121.48262,52.55827],[-121.47637,52.55827],[-121.47637,52.55411]]]}},{"type":"Feature","properties":{"c":"658173","o":"WILDER, COTE BO","e":"2027-04-10Z"},"geometry":{"type":"Polygon","coordinates":[[[-121.47011,52.55411],[-121.47637,52.55411],[-121.47637,52.55827],[-121.47012,52.55827],[-121.47011,52.55411]]]}},{"type":"Feature","properties":{"c":"658184","o":"WILDER, COTE BO","e":"2027-04-10Z"},"geometry":{"type":"Polygon","coordinates":[[[-121.49513,52.64161],[-121.48888,52.64161],[-121.48888,52.63744],[-121.49513,52.63744],[-121.50138,52.63744],[-121.50763,52.63744],[-121.50763,52.64161],[-121.50138,52.64161],[-121.49513,52.64161]]]}},{"type":"Feature","properties":{"c":"658203","o":"WILDER, COTE BO","e":"2027-04-10Z"},"geometry":{"type":"Polygon","coordinates":[[[-121.49513,52.63744],[-121.48888,52.63744],[-121.48888,52.63327],[-121.48888,52.62911],[-121.48887,52.62494],[-121.48887,52.62077],[-121.49512,52.62077],[-121.49513,52.62494],[-121.49513,52.62911],[-121.49513,52.63327],[-121.49513,52.63744]]]}},{"type":"Feature","properties":{"c":"658207","o":"WILDER, COTE BO","e":"2027-04-10Z"},"geometry":{"type":"Polygon","coordinates":[[[-121.48887,52.55827],[-121.49512,52.55827],[-121.49512,52.56244],[-121.48887,52.56244],[-121.48887,52.55827]]]}},{"type":"Feature","properties":{"c":"658209","o":"WILDER, COTE BO","e":"2027-04-10Z"},"geometry":{"type":"Polygon","coordinates":[[[-121.46387,52.56244],[-121.47012,52.56244],[-121.47012,52.56661],[-121.46387,52.56661],[-121.46387,52.56244]]]}},{"type":"Feature","properties":{"c":"658210","o":"WILDER, COTE BO","e":"2027-04-10Z"},"geometry":{"type":"Polygon","coordinates":[[[-121.47012,52.57494],[-121.47637,52.57494],[-121.47637,52.57911],[-121.47012,52.57911],[-121.47012,52.57494]]]}},{"type":"Feature","properties":{"c":"842310","o":"WILDER, COTE BO","e":"2027-04-10Z"},"geometry":{"type":"Polygon","coordinates":[[[-121.50137,52.57077],[-121.49512,52.57077],[-121.49512,52.56661],[-121.49512,52.56244],[-121.49512,52.55827],[-121.50137,52.55827],[-121.50137,52.56244],[-121.50137,52.56661],[-121.50137,52.57077]]]}},{"type":"Feature","properties":{"c":"1054895","o":"WHYTOCK, ANDREW DALGARNO","e":"2027-08-19Z"},"geometry":{"type":"Polygon","coordinates":[[[-121.40138,52.99163],[-121.39513,52.99163],[-121.39513,52.98746],[-121.39513,52.98329],[-121.40138,52.98329],[-121.40138,52.98746],[-121.40138,52.99163]]]}},{"type":"Feature","properties":{"c":"1066887","o":"MACIBORSKI, LYNNETTE LILLY","e":"2028-12-30Z"},"geometry":{"type":"Polygon","coordinates":[[[-121.46388,52.89995],[-121.47013,52.89995],[-121.47013,52.90412],[-121.46388,52.90412],[-121.46388,52.89995]]]}},{"type":"Feature","properties":{"c":"1069588","o":"BARKERVILLE GOLD MINES LTD.","e":"2036-04-18Z"},"geometry":{"type":"Polygon","coordinates":[[[-121.33887,52.90412],[-121.34512,52.90412],[-121.34512,52.90829],[-121.33887,52.90829],[-121.33887,52.90412]]]}},{"type":"Feature","properties":{"c":"1091506","o":"AGAFONTSEV, SERGEI ANATOLIEVICH","e":"2031-10-15Z"},"geometry":{"type":"Polygon","coordinates":[[[-121.41388,52.84578],[-121.40763,52.84578],[-121.40763,52.84161],[-121.40763,52.83744],[-121.40763,52.83328],[-121.41389,52.83328],[-121.41388,52.83744],[-121.41388,52.84161],[-121.41388,52.84578]]]}},{"type":"Feature","properties":{"c":"519042","o":"KARUS GOLD CORP.","e":"2026-12-31Z"},"geometry":{"type":"Polygon","coordinates":[[[-121.50763,52.67078],[-121.50138,52.67078],[-121.49513,52.67078],[-121.48888,52.67078],[-121.48263,52.67078],[-121.47638,52.67078],[-121.47013,52.67078],[-121.46388,52.67078],[-121.45763,52.67078],[-121.45138,52.67078],[-121.45138,52.66661],[-121.45138,52.66244],[-121.45763,52.66244],[-121.46388,52.66244],[-121.47013,52.66244],[-121.47013,52.66661],[-121.47638,52.66661],[-121.48263,52.66661],[-121.48263,52.66244],[-121.48888,52.66244],[-121.48888,52.66661],[-121.49513,52.66661],[-121.50138,52.66661],[-121.50763,52.66661],[-121.51388,52.66661],[-121.52013,52.66661],[-121.52013,52.67078],[-121.51388,52.67078],[-121.50763,52.67078]]]}},{"type":"Feature","properties":{"c":"519043","o":"KARUS GOLD CORP.","e":"2026-12-31Z"},"geometry":{"type":"Polygon","coordinates":[[[-121.52638,52.68744],[-121.52013,52.68744],[-121.51388,52.68744],[-121.50763,52.68744],[-121.50138,52.68744],[-121.49513,52.68744],[-121.48888,52.68744],[-121.48888,52.68328],[-121.48888,52.67911],[-121.48888,52.67494],[-121.48888,52.67078],[-121.49513,52.67078],[-121.50138,52.67078],[-121.50763,52.67078],[-121.51388,52.67078],[-121.52013,52.67078],[-121.52638,52.67078],[-121.52638,52.67494],[-121.52638,52.67911],[-121.52638,52.68328],[-121.52638,52.68744]]]}},{"type":"Feature","properties":{"c":"519044","o":"KARUS GOLD CORP.","e":"2026-12-31Z"},"geometry":{"type":"Polygon","coordinates":[[[-121.48888,52.68744],[-121.48263,52.68744],[-121.47638,52.68744],[-121.47013,52.68744],[-121.46388,52.68744],[-121.45763,52.68745],[-121.45138,52.68745],[-121.45138,52.68328],[-121.45138,52.67911],[-121.45138,52.67494],[-121.45138,52.67078],[-121.45763,52.67078],[-121.46388,52.67078],[-121.47013,52.67078],[-121.47638,52.67078],[-121.48263,52.67078],[-121.48888,52.67078],[-121.48888,52.67494],[-121.48888,52.67911],[-121.48888,52.68328],[-121.48888,52.68744]]]}},{"type":"Feature","properties":{"c":"519576","o":"KARUS GOLD CORP.","e":"2026-12-31Z"},"geometry":{"type":"Polygon","coordinates":[[[-121.52013,52.69578],[-121.51388,52.69578],[-121.50763,52.69578],[-121.50138,52.69578],[-121.49513,52.69578],[-121.48888,52.69578],[-121.48263,52.69578],[-121.47638,52.69578],[-121.47013,52.69578],[-121.46388,52.69578],[-121.45763,52.69578],[-121.45138,52.69578],[-121.45138,52.69161],[-121.45138,52.68745],[-121.45763,52.68745],[-121.46388,52.68744],[-121.47013,52.68744],[-121.47638,52.68744],[-121.48263,52.68744],[-121.48888,52.68744],[-121.49513,52.68744],[-121.50138,52.68744],[-121.50763,52.68744],[-121.51388,52.68744],[-121.52013,52.68744],[-121.52638,52.68744],[-121.52638,52.69161],[-121.52013,52.69161],[-121.52013,52.69578]]]}},{"type":"Feature","properties":{"c":"586636","o":"KARUS GOLD CORP.","e":"2027-03-10Z"},"geometry":{"type":"Polygon","coordinates":[[[-121.50138,52.66661],[-121.49513,52.66661],[-121.48888,52.66661],[-121.48888,52.66244],[-121.48888,52.65828],[-121.49513,52.65828],[-121.50138,52.65828],[-121.50138,52.66244],[-121.50138,52.66661]]]}},{"type":"Feature","properties":{"c":"586750","o":"KARUS GOLD CORP.","e":"2027-03-10Z"},"geometry":{"type":"Polygon","coordinates":[[[-121.49513,52.65828],[-121.48888,52.65828],[-121.48888,52.65411],[-121.48888,52.64994],[-121.48888,52.64578],[-121.49513,52.64578],[-121.49513,52.64994],[-121.49513,52.65411],[-121.49513,52.65828]]]}},{"type":"Feature","properties":{"c":"1069738","o":"SORENSON, LESTER THOMAS","e":"2033-11-10Z"},"geometry":{"type":"Polygon","coordinates":[[[-121.43888,52.71662],[-121.43888,52.71245],[-121.44513,52.71245],[-121.45138,52.71245],[-121.45138,52.71661],[-121.44513,52.71662],[-121.43888,52.71662]]]}},{"type":"Feature","properties":{"c":"1073980","o":"SORENSON, LESTER THOMAS","e":"2033-11-10Z"},"geometry":{"type":"Polygon","coordinates":[[[-121.44513,52.71245],[-121.44513,52.70828],[-121.45138,52.70828],[-121.45763,52.70828],[-121.45763,52.71245],[-121.45138,52.71245],[-121.44513,52.71245]]]}},{"type":"Feature","properties":{"c":"401809","o":"0245898 B.C. LTD.","e":"2027-04-30Z"},"geometry":{"type":"Polygon","coordinates":[[[-121.00172,52.57935],[-120.97222,52.57935],[-120.97223,52.56137],[-121.00172,52.56138],[-121.00172,52.57935]]]}},{"type":"Feature","properties":{"c":"345884","o":"0245898 B.C. LTD.","e":"2026-11-05Z"},"geometry":{"type":"Polygon","coordinates":[[[-121.44366,52.58209],[-121.44366,52.59108],[-121.4292,52.59108],[-121.4292,52.57759],[-121.44396,52.5776],[-121.44396,52.58209],[-121.44366,52.58209]]]}},{"type":"Feature","properties":{"c":"1088506","o":"MUNROE, NIGEL","e":"2035-09-21Z"},"geometry":{"type":"Polygon","coordinates":[[[-121.38263,52.96662],[-121.37638,52.96662],[-121.37013,52.96662],[-121.37012,52.96246],[-121.37637,52.96246],[-121.37637,52.95829],[-121.37637,52.95412],[-121.37637,52.94996],[-121.38262,52.94996],[-121.38262,52.95412],[-121.38887,52.95412],[-121.38887,52.95829],[-121.38262,52.95829],[-121.38262,52.96246],[-121.38263,52.96662]]]}},{"type":"Feature","properties":{"c":"1084963","o":"DUCSHARM, HUGH DAVID","e":"2027-10-29Z"},"geometry":{"type":"Polygon","coordinates":[[[-121.32637,52.85411],[-121.32012,52.85412],[-121.31387,52.85412],[-121.31387,52.84995],[-121.30762,52.84995],[-121.30762,52.84578],[-121.31387,52.84578],[-121.32012,52.84578],[-121.32637,52.84578],[-121.32637,52.84995],[-121.32637,52.85411]]]}},{"type":"Feature","properties":{"c":"1048097","o":"SPANISH MOUNTAIN GOLD LTD.","e":"2029-06-30Z"},"geometry":{"type":"Polygon","coordinates":[[[-121.45137,52.56661],[-121.45137,52.56244],[-121.45762,52.56244],[-121.46387,52.56244],[-121.46387,52.56661],[-121.45762,52.56661],[-121.45137,52.56661]]]}},{"type":"Feature","properties":{"c":"1048099","o":"SPANISH MOUNTAIN GOLD LTD.","e":"2026-11-22Z"},"geometry":{"type":"Polygon","coordinates":[[[-121.46387,52.56661],[-121.47012,52.56661],[-121.47012,52.57077],[-121.46387,52.57077],[-121.46387,52.56661]]]}},{"type":"Feature","properties":{"c":"1048100","o":"SPANISH MOUNTAIN GOLD LTD.","e":"2026-11-22Z"},"geometry":{"type":"Polygon","coordinates":[[[-121.47012,52.57077],[-121.47637,52.57077],[-121.47637,52.57494],[-121.47012,52.57494],[-121.47012,52.57077]]]}},{"type":"Feature","properties":{"c":"1048114","o":"SPANISH MOUNTAIN GOLD LTD.","e":"2029-06-30Z"},"geometry":{"type":"Polygon","coordinates":[[[-121.45137,52.55827],[-121.45762,52.55827],[-121.45762,52.56244],[-121.45137,52.56244],[-121.45137,52.55827]]]}},{"type":"Feature","properties":{"c":"1049297","o":"SPANISH MOUNTAIN GOLD LTD.","e":"2029-06-01Z"},"geometry":{"type":"Polygon","coordinates":[[[-121.45137,52.56244],[-121.44512,52.56244],[-121.44511,52.55827],[-121.43886,52.55827],[-121.43886,52.55411],[-121.43261,52.55411],[-121.43261,52.54994],[-121.43886,52.54994],[-121.44511,52.54994],[-121.44511,52.55411],[-121.45136,52.55411],[-121.45137,52.55827],[-121.45137,52.56244]]]}},{"type":"Feature","properties":{"c":"1037760","o":"DOLAN, BRADLEY WAYNE","e":"2032-01-19Z"},"geometry":{"type":"Polygon","coordinates":[[[-121.37638,52.75828],[-121.38263,52.75828],[-121.38263,52.76245],[-121.37638,52.76245],[-121.37638,52.75828]]]}},{"type":"Feature","properties":{"c":"1091701","o":"HOPKINS, DAVID KEITH","e":"2028-07-01Z"},"geometry":{"type":"Polygon","coordinates":[[[-121.33262,52.89162],[-121.33887,52.89162],[-121.33887,52.89579],[-121.33262,52.89579],[-121.33262,52.89162]]]}},{"type":"Feature","properties":{"c":"1091552","o":"ADAM, DYLAN","e":"2029-08-05Z"},"geometry":{"type":"Polygon","coordinates":[[[-121.42014,52.82911],[-121.42639,52.82911],[-121.42639,52.83328],[-121.42014,52.83328],[-121.42014,52.82911]]]}},{"type":"Feature","properties":{"c":"1093790","o":"LACKIE, FRED","e":"2027-11-15Z"},"geometry":{"type":"Polygon","coordinates":[[[-121.43262,52.94996],[-121.43888,52.94996],[-121.43888,52.95412],[-121.43263,52.95412],[-121.43262,52.94996]]]}},{"type":"Feature","properties":{"c":"403851","o":"HAMILTON, BRUCE CAMERON","e":"2026-10-31Z"},"geometry":{"type":"MultiPolygon","coordinates":[[[[-121.47483,52.58419],[-121.47047,52.58601],[-121.47002,52.58478],[-121.47511,52.58408],[-121.47483,52.58419]]],[[[-121.4825,52.58306],[-121.48413,52.58284],[-121.48506,52.58534],[-121.4825,52.58306]]]]}},{"type":"Feature","properties":{"c":"1099787","o":"LACKIE, FRED","e":"2027-11-15Z"},"geometry":{"type":"Polygon","coordinates":[[[-121.45138,52.93746],[-121.44512,52.93746],[-121.43887,52.93746],[-121.43887,52.93329],[-121.43887,52.92912],[-121.43887,52.92496],[-121.43887,52.92079],[-121.43887,52.91662],[-121.43887,52.91245],[-121.44512,52.91245],[-121.45137,52.91245],[-121.45137,52.91662],[-121.44512,52.91662],[-121.44512,52.92079],[-121.44512,52.92496],[-121.44512,52.92912],[-121.45137,52.92912],[-121.45137,52.93329],[-121.45138,52.93746]]]}},{"type":"Feature","properties":{"c":"1099902","o":"GRIFFITH, LLOYD VERNON","e":"2027-01-27Z"},"geometry":{"type":"Polygon","coordinates":[[[-121.41388,52.75829],[-121.42013,52.75829],[-121.42013,52.76245],[-121.41388,52.76245],[-121.41388,52.75829]]]}},{"type":"Feature","properties":{"c":"1093234","o":"HOPKINS, DAVID KEITH","e":"2027-08-01Z"},"geometry":{"type":"Polygon","coordinates":[[[-121.32637,52.89162],[-121.32637,52.88745],[-121.33262,52.88745],[-121.33887,52.88745],[-121.33887,52.89162],[-121.33262,52.89162],[-121.32637,52.89162]]]}},{"type":"Feature","properties":{"c":"1094548","o":"ADAM, DYLAN","e":"2029-08-04Z"},"geometry":{"type":"Polygon","coordinates":[[[-121.42639,52.82911],[-121.43264,52.82911],[-121.43264,52.83328],[-121.42639,52.83328],[-121.42639,52.82911]]]}},{"type":"Feature","properties":{"c":"806924","o":"KARUS GOLD CORP.","e":"2026-11-15Z"},"geometry":{"type":"Polygon","coordinates":[[[-121.42012,52.58744],[-121.41387,52.58744],[-121.41387,52.58327],[-121.42012,52.58327],[-121.42637,52.58327],[-121.43262,52.58327],[-121.43262,52.58744],[-121.42637,52.58744],[-121.42012,52.58744]]]}},{"type":"Feature","properties":{"c":"806963","o":"KARUS GOLD CORP.","e":"2026-11-15Z"},"geometry":{"type":"Polygon","coordinates":[[[-121.42012,52.59577],[-121.41387,52.59577],[-121.40762,52.59577],[-121.40137,52.59577],[-121.40137,52.59161],[-121.40137,52.58744],[-121.39512,52.58744],[-121.39512,52.58327],[-121.38887,52.58327],[-121.38261,52.58328],[-121.37636,52.58328],[-121.37011,52.58328],[-121.37011,52.57911],[-121.36386,52.57911],[-121.36386,52.57494],[-121.36386,52.57078],[-121.36386,52.56661],[-121.37011,52.56661],[-121.37011,52.57078],[-121.37636,52.57077],[-121.37636,52.57494],[-121.38261,52.57494],[-121.38886,52.57494],[-121.39511,52.57494],[-121.40137,52.57494],[-121.40762,52.57494],[-121.40762,52.57911],[-121.40762,52.58327],[-121.41387,52.58327],[-121.41387,52.58744],[-121.42012,52.58744],[-121.42012,52.59161],[-121.42012,52.59577]]]}},{"type":"Feature","properties":{"c":"807002","o":"KARUS GOLD CORP.","e":"2026-11-15Z"},"geometry":{"type":"Polygon","coordinates":[[[-121.36386,52.57911],[-121.35761,52.57911],[-121.35136,52.57911],[-121.35136,52.57494],[-121.34511,52.57494],[-121.34511,52.57078],[-121.34511,52.56661],[-121.33886,52.56661],[-121.33261,52.56661],[-121.33261,52.56244],[-121.33886,52.56244],[-121.34511,52.56244],[-121.35136,52.56244],[-121.35136,52.56661],[-121.35761,52.56661],[-121.36386,52.56661],[-121.36386,52.57078],[-121.36386,52.57494],[-121.36386,52.57911]]]}},{"type":"Feature","properties":{"c":"1077464","o":"KARUS GOLD CORP.","e":"2026-12-31Z"},"geometry":{"type":"MultiPolygon","coordinates":[[[[-121.33261,52.57078],[-121.32636,52.57078],[-121.3201,52.57078],[-121.31385,52.57078],[-121.3076,52.57078],[-121.30135,52.57078],[-121.2951,52.57078],[-121.28885,52.57078],[-121.2826,52.57078],[-121.27635,52.57078],[-121.2701,52.57078],[-121.26385,52.57078],[-121.2576,52.57078],[-121.25135,52.57078],[-121.2451,52.57078],[-121.23885,52.57078],[-121.23885,52.56661],[-121.23885,52.56244],[-121.2326,52.56245],[-121.22635,52.56245],[-121.2201,52.56245],[-121.21385,52.56245],[-121.21385,52.55828],[-121.21385,52.55411],[-121.21385,52.54995],[-121.2201,52.54995],[-121.2201,52.54578],[-121.2201,52.54161],[-121.22635,52.54161],[-121.2326,52.54161],[-121.23885,52.54161],[-121.2451,52.54161],[-121.2451,52.53744],[-121.25135,52.53744],[-121.2576,52.53744],[-121.26385,52.53744],[-121.26385,52.53328],[-121.2701,52.53328],[-121.27635,52.53328],[-121.2826,52.53328],[-121.2826,52.53744],[-121.2826,52.54161],[-121.2826,52.54578],[-121.28885,52.54578],[-121.28885,52.54994],[-121.28885,52.55411],[-121.2951,52.55411],[-121.2951,52.55828],[-121.2951,52.56244],[-121.30135,52.56244],[-121.3076,52.56244],[-121.31385,52.56244],[-121.31385,52.55828],[-121.32011,52.55828],[-121.32011,52.56244],[-121.32636,52.56244],[-121.33261,52.56244],[-121.33261,52.56661],[-121.33886,52.56661],[-121.34511,52.56661],[-121.34511,52.57078],[-121.33886,52.57078],[-121.33261,52.57078]],[[-121.26385,52.54161],[-121.2576,52.54161],[-121.2576,52.54578],[-121.26385,52.54578],[-121.26385,52.54161]]]]}},{"type":"Feature","properties":{"c":"1077466","o":"KARUS GOLD CORP.","e":"2026-12-31Z"},"geometry":{"type":"Polygon","coordinates":[[[-121.2326,52.54161],[-121.22635,52.54161],[-121.2201,52.54161],[-121.2201,52.54578],[-121.2201,52.54995],[-121.21385,52.54995],[-121.21385,52.55411],[-121.21385,52.55828],[-121.21385,52.56245],[-121.2076,52.56245],[-121.20135,52.56245],[-121.20135,52.55828],[-121.1951,52.55828],[-121.1951,52.55411],[-121.18885,52.55411],[-121.18885,52.54995],[-121.1826,52.54995],[-121.17635,52.54995],[-121.17635,52.54578],[-121.17635,52.54162],[-121.1701,52.54162],[-121.17009,52.53745],[-121.17009,52.53328],[-121.17634,52.53328],[-121.17634,52.52912],[-121.18259,52.52912],[-121.18885,52.52911],[-121.1951,52.52911],[-121.20135,52.52911],[-121.20135,52.52495],[-121.20135,52.52078],[-121.20135,52.51661],[-121.20135,52.51245],[-121.20135,52.50828],[-121.20135,52.50411],[-121.20135,52.49995],[-121.19509,52.49995],[-121.18884,52.49995],[-121.18884,52.50411],[-121.18259,52.50412],[-121.17634,52.50412],[-121.17009,52.50412],[-121.17009,52.50828],[-121.16384,52.50828],[-121.15759,52.50828],[-121.15759,52.51245],[-121.15134,52.51245],[-121.15134,52.51662],[-121.14509,52.51662],[-121.14509,52.51245],[-121.14509,52.50828],[-121.13884,52.50828],[-121.13259,52.50828],[-121.12635,52.50828],[-121.1201,52.50828],[-121.11385,52.50828],[-121.11385,52.50412],[-121.11385,52.49995],[-121.1201,52.49995],[-121.12634,52.49995],[-121.12634,52.49578],[-121.13259,52.49578],[-121.13884,52.49578],[-121.14509,52.49578],[-121.15134,52.49578],[-121.15759,52.49578],[-121.16384,52.49578],[-121.17009,52.49578],[-121.17634,52.49578],[-121.18259,52.49578],[-121.18884,52.49578],[-121.19509,52.49578],[-121.20134,52.49578],[-121.2076,52.49578],[-121.2076,52.49995],[-121.2076,52.50411],[-121.2076,52.50828],[-121.2076,52.51245],[-121.2076,52.51661],[-121.2076,52.52078],[-121.2076,52.52495],[-121.21385,52.52495],[-121.2201,52.52495],[-121.22635,52.52494],[-121.2326,52.52494],[-121.2326,52.52911],[-121.2326,52.53328],[-121.2326,52.53744],[-121.2326,52.54161]]]}},{"type":"Feature","properties":{"c":"1077467","o":"KARUS GOLD CORP.","e":"2026-12-31Z"},"geometry":{"type":"Polygon","coordinates":[[[-121.12634,52.49995],[-121.1201,52.49995],[-121.11385,52.49995],[-121.11385,52.50412],[-121.11385,52.50828],[-121.1076,52.50828],[-121.1076,52.51245],[-121.1076,52.51662],[-121.1076,52.52078],[-121.10135,52.52078],[-121.0951,52.52078],[-121.0951,52.51662],[-121.08885,52.51662],[-121.0826,52.51662],[-121.07635,52.51662],[-121.0701,52.51662],[-121.06385,52.51662],[-121.0576,52.51662],[-121.05135,52.51662],[-121.05135,52.51245],[-121.05135,52.50828],[-121.05135,52.50412],[-121.05135,52.49995],[-121.05135,52.49578],[-121.0451,52.49578],[-121.0451,52.49162],[-121.04509,52.48745],[-121.05135,52.48745],[-121.0576,52.48745],[-121.0576,52.48328],[-121.05759,52.47911],[-121.06385,52.47911],[-121.0701,52.47911],[-121.07635,52.47911],[-121.0826,52.47911],[-121.08885,52.47911],[-121.0951,52.47911],[-121.10135,52.47911],[-121.1076,52.47911],[-121.11384,52.47911],[-121.12009,52.47911],[-121.12634,52.47911],[-121.12634,52.48328],[-121.12634,52.48745],[-121.12634,52.49162],[-121.12634,52.49578],[-121.12634,52.49995]]]}},{"type":"Feature","properties":{"c":"1077474","o":"KARUS GOLD CORP.","e":"2026-12-31Z"},"geometry":{"type":"Polygon","coordinates":[[[-121.05135,52.51662],[-121.0451,52.51662],[-121.03885,52.51662],[-121.03885,52.51245],[-121.03259,52.51245],[-121.02634,52.51245],[-121.02009,52.51245],[-121.02009,52.50828],[-121.01384,52.50828],[-121.00759,52.50828],[-121.00134,52.50828],[-121.00134,52.50412],[-120.99509,52.50412],[-120.98884,52.50412],[-120.98259,52.50412],[-120.97634,52.50412],[-120.97634,52.49995],[-120.97009,52.49995],[-120.96384,52.49995],[-120.96384,52.49578],[-120.96384,52.49162],[-120.96384,52.48745],[-120.96384,52.48328],[-120.97009,52.48328],[-120.97634,52.48328],[-120.98259,52.48328],[-120.98259,52.47911],[-120.98259,52.47495],[-120.98259,52.47078],[-120.98259,52.46661],[-120.98884,52.46661],[-120.98884,52.46245],[-120.99509,52.46245],[-121.00134,52.46245],[-121.00134,52.46661],[-121.00759,52.46661],[-121.00759,52.47078],[-121.01384,52.47078],[-121.02009,52.47078],[-121.02009,52.47495],[-121.02009,52.47911],[-121.02009,52.48328],[-121.02009,52.48745],[-121.02634,52.48745],[-121.03259,52.48745],[-121.03884,52.48745],[-121.04509,52.48745],[-121.0451,52.49162],[-121.0451,52.49578],[-121.05135,52.49578],[-121.05135,52.49995],[-121.05135,52.50412],[-121.05135,52.50828],[-121.05135,52.51245],[-121.05135,52.51662]]]}},{"type":"Feature","properties":{"c":"1047004","o":"BELOSEVIC, ILIYA STEVAN","e":"2031-12-15Z"},"geometry":{"type":"Polygon","coordinates":[[[-121.38263,52.99996],[-121.38888,52.99996],[-121.38888,53.00413],[-121.38263,53.00413],[-121.38263,52.99996]]]}},{"type":"Feature","properties":{"c":"1091441","o":"DOUGLAS, IAN JAMES","e":"2032-11-01Z"},"geometry":{"type":"Polygon","coordinates":[[[-121.45138,52.97496],[-121.45763,52.97496],[-121.45763,52.97912],[-121.45138,52.97912],[-121.45138,52.97496]]]}},{"type":"Feature","properties":{"c":"1091459","o":"MACIBORSKI, LYNNETTE LILLY","e":"2036-09-28Z"},"geometry":{"type":"Polygon","coordinates":[[[-121.49513,52.89995],[-121.48888,52.89995],[-121.48888,52.89578],[-121.48888,52.89162],[-121.49513,52.89162],[-121.49513,52.89578],[-121.49513,52.89995]]]}},{"type":"Feature","properties":{"c":"1091625","o":"ADDIE, LLOYD JOHN","e":"2027-10-30Z"},"geometry":{"type":"Polygon","coordinates":[[[-121.45137,52.62077],[-121.44512,52.62078],[-121.44512,52.61661],[-121.44512,52.61244],[-121.43887,52.61244],[-121.43262,52.61244],[-121.43262,52.60827],[-121.43887,52.60827],[-121.44512,52.60827],[-121.45137,52.60827],[-121.45137,52.61244],[-121.45137,52.61661],[-121.45137,52.62077]]]}},{"type":"Feature","properties":{"c":"1097935","o":"ADAM, DYLAN","e":"2027-10-27Z"},"geometry":{"type":"Polygon","coordinates":[[[-121.37638,52.99579],[-121.38263,52.99579],[-121.38263,52.99996],[-121.37638,52.99996],[-121.37638,52.99579]]]}},{"type":"Feature","properties":{"c":"1101225","o":"REID, JAMES ANTHONY","e":"2028-07-14Z"},"geometry":{"type":"Polygon","coordinates":[[[-121.25137,52.97496],[-121.25762,52.97496],[-121.25762,52.97913],[-121.25137,52.97913],[-121.25137,52.97496]]]}},{"type":"Feature","properties":{"c":"1102433","o":"DOUGLAS, IAN JAMES","e":"2031-10-18Z"},"geometry":{"type":"Polygon","coordinates":[[[-121.45138,52.97912],[-121.45763,52.97912],[-121.45763,52.98329],[-121.45138,52.98329],[-121.45138,52.97912]]]}},{"type":"Feature","properties":{"c":"1095149","o":"LACKIE, FRED","e":"2027-11-15Z"},"geometry":{"type":"Polygon","coordinates":[[[-121.43887,52.94162],[-121.44513,52.94162],[-121.44513,52.94579],[-121.43887,52.94579],[-121.43887,52.94162]]]}},{"type":"Feature","properties":{"c":"1098371","o":"GULLACHER, D'ARCY RAYMOND","e":"2031-10-20Z"},"geometry":{"type":"Polygon","coordinates":[[[-121.35137,52.93329],[-121.35762,52.93329],[-121.35762,52.93746],[-121.35137,52.93746],[-121.35137,52.93329]]]}},{"type":"Feature","properties":{"c":"1093536","o":"BINICHAKIS, MITCH LEIGHTON","e":"2033-02-28Z"},"geometry":{"type":"Polygon","coordinates":[[[-121.41388,52.85828],[-121.42013,52.85828],[-121.42013,52.86245],[-121.41388,52.86245],[-121.41388,52.85828]]]}},{"type":"Feature","properties":{"c":"619723","o":"SCOTT, SANTANA LEE","e":"2026-10-31Z"},"geometry":{"type":"Polygon","coordinates":[[[-121.41388,52.75412],[-121.40763,52.75412],[-121.40763,52.75828],[-121.40138,52.75828],[-121.40138,52.75412],[-121.40138,52.74995],[-121.40138,52.74578],[-121.40763,52.74579],[-121.41388,52.74579],[-121.41388,52.74995],[-121.41388,52.75412]]]}},{"type":"Feature","properties":{"c":"831441","o":"SCOTT, SANTANA LEE","e":"2026-10-31Z"},"geometry":{"type":"Polygon","coordinates":[[[-121.40763,52.75412],[-121.41388,52.75412],[-121.41388,52.75829],[-121.40763,52.75828],[-121.40763,52.75412]]]}},{"type":"Feature","properties":{"c":"1037578","o":"SCOTT, SANTANA LEE","e":"2026-10-31Z"},"geometry":{"type":"Polygon","coordinates":[[[-121.40138,52.75828],[-121.39513,52.75828],[-121.39513,52.75412],[-121.39513,52.74995],[-121.40138,52.74995],[-121.40138,52.75412],[-121.40138,52.75828]]]}},{"type":"Feature","properties":{"c":"1037713","o":"SCOTT, SANTANA LEE","e":"2026-10-31Z"},"geometry":{"type":"Polygon","coordinates":[[[-121.39513,52.75828],[-121.40138,52.75828],[-121.40138,52.76245],[-121.39513,52.76245],[-121.39513,52.75828]]]}},{"type":"Feature","properties":{"c":"333638","o":"BOT, JOHN CHRISOSTOM","e":"2026-10-28Z"},"geometry":{"type":"Polygon","coordinates":[[[-121.39883,52.9892],[-121.39736,52.98834],[-121.39737,52.98824],[-121.39755,52.98691],[-121.39805,52.98647],[-121.39821,52.98632],[-121.39846,52.98647],[-121.4,52.98736],[-121.40114,52.98802],[-121.4021,52.98857],[-121.404,52.98737],[-121.40419,52.98746],[-121.40351,52.98805],[-121.40256,52.98889],[-121.40308,52.9892],[-121.40328,52.98932],[-121.40327,52.98933],[-121.40223,52.98997],[-121.40162,52.99035],[-121.40072,52.99032],[-121.40014,52.98997],[-121.4,52.98989],[-121.39883,52.9892]]]}},{"type":"Feature","properties":{"c":"350112","o":"BOT, JOHN CHRISOSTOM","e":"2026-10-28Z"},"geometry":{"type":"Polygon","coordinates":[[[-121.39236,52.98998],[-121.39358,52.99041],[-121.39407,52.98997],[-121.39495,52.9892],[-121.39604,52.98824],[-121.39737,52.98824],[-121.39736,52.98834],[-121.39883,52.9892],[-121.4,52.98989],[-121.39997,52.98997],[-121.39986,52.99028],[-121.39941,52.99159],[-121.39846,52.99242],[-121.39843,52.99263],[-121.39799,52.99307],[-121.39345,52.99144],[-121.39197,52.99639],[-121.3902,52.99617],[-121.39236,52.98998]]]}},{"type":"Feature","properties":{"c":"1094595","o":"AGAFONTSEV, SERGEI ANATOLIEVICH","e":"2029-08-02Z"},"geometry":{"type":"Polygon","coordinates":[[[-121.44514,52.83328],[-121.45139,52.83328],[-121.45139,52.83745],[-121.44514,52.83745],[-121.44514,52.83328]]]}},{"type":"Feature","properties":{"c":"1103462","o":"ADDIE, LLOYD JOHN","e":"2027-10-01Z"},"geometry":{"type":"Polygon","coordinates":[[[-121.48263,52.63744],[-121.47638,52.63744],[-121.47637,52.63327],[-121.48263,52.63327],[-121.48888,52.63327],[-121.49513,52.63327],[-121.49513,52.63744],[-121.48888,52.63744],[-121.48263,52.63744]]]}},{"type":"Feature","properties":{"c":"1100601","o":"LACKIE, FRED","e":"2027-11-15Z"},"geometry":{"type":"Polygon","coordinates":[[[-121.45138,52.94579],[-121.44513,52.94579],[-121.44513,52.94162],[-121.44512,52.93746],[-121.45138,52.93746],[-121.45138,52.94162],[-121.45138,52.94579]]]}},{"type":"Feature","properties":{"c":"1091521","o":"SORENSON, LESTER THOMAS","e":"2033-01-27Z"},"geometry":{"type":"Polygon","coordinates":[[[-121.45138,52.72495],[-121.44513,52.72495],[-121.44513,52.72078],[-121.44513,52.71662],[-121.45138,52.71661],[-121.45138,52.72078],[-121.45138,52.72495]]]}},{"type":"Feature","properties":{"c":"1096467","o":"SLUCHINSKI, EVAN REX","e":"2031-07-02Z"},"geometry":{"type":"Polygon","coordinates":[[[-121.36387,52.77078],[-121.37012,52.77078],[-121.37012,52.77495],[-121.36387,52.77495],[-121.36387,52.77078]]]}},{"type":"Feature","properties":{"c":"1098730","o":"ADDIE, LLOYD JOHN","e":"2027-11-21Z"},"geometry":{"type":"Polygon","coordinates":[[[-121.35136,52.56244],[-121.34511,52.56244],[-121.33886,52.56244],[-121.33261,52.56244],[-121.32636,52.56244],[-121.32636,52.55828],[-121.32636,52.55411],[-121.32636,52.54994],[-121.33261,52.54994],[-121.33886,52.54994],[-121.34511,52.54994],[-121.35136,52.54994],[-121.35136,52.55411],[-121.35136,52.55828],[-121.35136,52.56244]]]}},{"type":"Feature","properties":{"c":"1091438","o":"ADDIE, LLOYD JOHN","e":"2027-10-30Z"},"geometry":{"type":"Polygon","coordinates":[[[-121.48263,52.63327],[-121.47637,52.63327],[-121.47012,52.63328],[-121.46387,52.63328],[-121.45762,52.63328],[-121.45137,52.63328],[-121.45137,52.62911],[-121.45137,52.62494],[-121.45137,52.62077],[-121.45137,52.61661],[-121.45762,52.61661],[-121.46387,52.61661],[-121.47012,52.61661],[-121.47637,52.61661],[-121.48262,52.61661],[-121.48262,52.62077],[-121.48262,52.62494],[-121.48262,52.62911],[-121.48263,52.63327]]]}},{"type":"Feature","properties":{"c":"1054347","o":"ADAM, DYLAN","e":"2029-08-05Z"},"geometry":{"type":"Polygon","coordinates":[[[-121.43264,52.82911],[-121.43889,52.82911],[-121.43889,52.83328],[-121.43264,52.83328],[-121.43264,52.82911]]]}},{"type":"Feature","properties":{"c":"1098728","o":"ADDIE, LLOYD JOHN","e":"2027-11-20Z"},"geometry":{"type":"Polygon","coordinates":[[[-121.37636,52.56661],[-121.37011,52.56661],[-121.36386,52.56661],[-121.35761,52.56661],[-121.35136,52.56661],[-121.35136,52.56244],[-121.35136,52.55828],[-121.35136,52.55411],[-121.35136,52.54994],[-121.35761,52.54994],[-121.36386,52.54994],[-121.37011,52.54994],[-121.37636,52.54994],[-121.37636,52.55411],[-121.37636,52.55827],[-121.37636,52.56244],[-121.37636,52.56661]]]}},{"type":"Feature","properties":{"c":"1103267","o":"PAETKAU, ADRIANNE GAIL","e":"2028-10-05Z"},"geometry":{"type":"Polygon","coordinates":[[[-121.39513,52.76245],[-121.40138,52.76245],[-121.40138,52.76662],[-121.39513,52.76662],[-121.39513,52.76245]]]}},{"type":"Feature","properties":{"c":"1101481","o":"SORENSON, LESTER THOMAS","e":"2033-01-28Z"},"geometry":{"type":"Polygon","coordinates":[[[-121.45763,52.72495],[-121.45138,52.72495],[-121.45138,52.72078],[-121.45138,52.71661],[-121.45138,52.71245],[-121.45763,52.71245],[-121.45763,52.71661],[-121.45763,52.72078],[-121.45763,52.72495]]]}},{"type":"Feature","properties":{"c":"1070844","o":"VIGNAL, LISA MAY","e":"2027-02-28Z"},"geometry":{"type":"Polygon","coordinates":[[[-121.46389,52.83328],[-121.47014,52.83328],[-121.47014,52.83745],[-121.46389,52.83745],[-121.46389,52.83328]]]}},{"type":"Feature","properties":{"c":"1057319","o":"VIGNAL, LISA MAY","e":"2027-02-28Z"},"geometry":{"type":"Polygon","coordinates":[[[-121.46389,52.84161],[-121.45764,52.84161],[-121.45764,52.83745],[-121.45139,52.83745],[-121.45139,52.83328],[-121.45764,52.83328],[-121.46389,52.83328],[-121.46389,52.83745],[-121.46389,52.84161]]]}},{"type":"Feature","properties":{"c":"381319","o":"BARRY, ANTHONY JOSEPH","e":"2026-12-12Z"},"geometry":{"type":"Polygon","coordinates":[[[-121.1505,52.94373],[-121.14851,52.94563],[-121.14582,52.9446],[-121.14193,52.9431],[-121.14193,52.94231],[-121.14193,52.938],[-121.14209,52.93784],[-121.14422,52.93866],[-121.14828,52.94022],[-121.15153,52.94146],[-121.15168,52.94152],[-121.15217,52.94154],[-121.1539,52.9416],[-121.15838,52.94176],[-121.16265,52.94191],[-121.16222,52.94639],[-121.15322,52.94608],[-121.15028,52.94597],[-121.1505,52.94373]]]}},{"type":"Feature","properties":{"c":"1091511","o":"ADDIE, LLOYD JOHN","e":"2027-10-01Z"},"geometry":{"type":"Polygon","coordinates":[[[-121.50763,52.63327],[-121.50138,52.63327],[-121.49513,52.63327],[-121.48888,52.63327],[-121.48263,52.63327],[-121.48262,52.62911],[-121.48262,52.62494],[-121.48262,52.62077],[-121.48887,52.62077],[-121.49512,52.62077],[-121.50138,52.62077],[-121.50763,52.62077],[-121.50763,52.62494],[-121.50763,52.62911],[-121.50763,52.63327]]]}},{"type":"Feature","properties":{"c":"1091658","o":"KARPETZ, CURTIS LEE","e":"2031-09-24Z"},"geometry":{"type":"Polygon","coordinates":[[[-121.48263,52.67494],[-121.47638,52.67494],[-121.47013,52.67494],[-121.46388,52.67494],[-121.46388,52.67078],[-121.47013,52.67078],[-121.47013,52.66661],[-121.47638,52.66661],[-121.48263,52.66661],[-121.48263,52.67078],[-121.48263,52.67494]]]}},{"type":"Feature","properties":{"c":"1101418","o":"ADAM, DYLAN","e":"2029-08-04Z"},"geometry":{"type":"Polygon","coordinates":[[[-121.41389,52.82911],[-121.42014,52.82911],[-121.42014,52.83328],[-121.41389,52.83328],[-121.41389,52.82911]]]}},{"type":"Feature","properties":{"c":"1061876","o":"MAYER, ROGER","e":"2030-12-20Z"},"geometry":{"type":"Polygon","coordinates":[[[-121.44513,52.69578],[-121.45138,52.69578],[-121.45138,52.69995],[-121.44513,52.69995],[-121.44513,52.69578]]]}},{"type":"Feature","properties":{"c":"1095732","o":"LACKIE, FRED","e":"2027-11-15Z"},"geometry":{"type":"Polygon","coordinates":[[[-121.44513,52.95412],[-121.43888,52.95412],[-121.43888,52.94996],[-121.43262,52.94996],[-121.43262,52.94579],[-121.43887,52.94579],[-121.44513,52.94579],[-121.44513,52.94996],[-121.44513,52.95412]]]}},{"type":"Feature","properties":{"c":"1095735","o":"LACKIE, FRED","e":"2027-11-15Z"},"geometry":{"type":"Polygon","coordinates":[[[-121.43262,52.94162],[-121.43887,52.94162],[-121.43887,52.94579],[-121.43262,52.94579],[-121.43262,52.94162]]]}},{"type":"Feature","properties":{"c":"264431","o":"MILL, RICHARD H","e":"2027-03-10Z"},"geometry":{"type":"Polygon","coordinates":[[[-121.49749,52.80231],[-121.50111,52.81097],[-121.49392,52.81207],[-121.49391,52.81207],[-121.49145,52.80616],[-121.4905,52.80338],[-121.49749,52.80231]]]}},{"type":"Feature","properties":{"c":"1103459","o":"DOUGLAS, IAN JAMES","e":"2029-01-06Z"},"geometry":{"type":"Polygon","coordinates":[[[-121.20762,52.94162],[-121.20762,52.93746],[-121.21387,52.93746],[-121.22012,52.93746],[-121.22012,52.94162],[-121.21387,52.94162],[-121.20762,52.94162]]]}},{"type":"Feature","properties":{"c":"370108","o":"WOLD, NOLA ALLANA","e":"2027-02-28Z"},"geometry":{"type":"Polygon","coordinates":[[[-121.45398,52.59251],[-121.4491,52.59589],[-121.43929,52.59061],[-121.44417,52.58724],[-121.45398,52.59251]]]}},{"type":"Feature","properties":{"c":"1103307","o":"ZAHACY, DARCY PETER","e":"2027-09-24Z"},"geometry":{"type":"Polygon","coordinates":[[[-121.44513,52.72912],[-121.45138,52.72912],[-121.45138,52.73328],[-121.44513,52.73328],[-121.44513,52.72912]]]}},{"type":"Feature","properties":{"c":"1103301","o":"ZAHACY, DARCY PETER","e":"2027-09-24Z"},"geometry":{"type":"Polygon","coordinates":[[[-121.43888,52.72912],[-121.44513,52.72912],[-121.44513,52.73328],[-121.43888,52.73328],[-121.43888,52.72912]]]}},{"type":"Feature","properties":{"c":"1104884","o":"WILDER, COTE BO","e":"2027-04-10Z"},"geometry":{"type":"Polygon","coordinates":[[[-121.47637,52.62911],[-121.47012,52.62911],[-121.47012,52.62494],[-121.47012,52.62077],[-121.47637,52.62077],[-121.47637,52.62494],[-121.47637,52.62911]]]}},{"type":"Feature","properties":{"c":"1091737","o":"AGAFONTSEV, SERGEI ANATOLIEVICH","e":"2029-08-02Z"},"geometry":{"type":"Polygon","coordinates":[[[-121.44514,52.82495],[-121.45139,52.82495],[-121.45139,52.82911],[-121.44514,52.82911],[-121.44514,52.82495]]]}},{"type":"Feature","properties":{"c":"1094498","o":"AGAFONTSEV, SERGEI ANATOLIEVICH","e":"2029-08-02Z"},"geometry":{"type":"Polygon","coordinates":[[[-121.43889,52.83328],[-121.43889,52.82911],[-121.43889,52.82495],[-121.44514,52.82495],[-121.44514,52.82911],[-121.45139,52.82911],[-121.45139,52.83328],[-121.44514,52.83328],[-121.43889,52.83328]]]}},{"type":"Feature","properties":{"c":"1096472","o":"SLUCHINSKI, EVAN REX","e":"2031-07-02Z"},"geometry":{"type":"Polygon","coordinates":[[[-121.36387,52.76662],[-121.37012,52.76662],[-121.37012,52.77078],[-121.36387,52.77078],[-121.36387,52.76662]]]}},{"type":"Feature","properties":{"c":"1103480","o":"ADDIE, LLOYD JOHN","e":"2027-10-01Z"},"geometry":{"type":"Polygon","coordinates":[[[-121.49513,52.64578],[-121.48888,52.64578],[-121.48888,52.64161],[-121.48888,52.63744],[-121.49513,52.63744],[-121.50138,52.63744],[-121.50138,52.64161],[-121.49513,52.64161],[-121.49513,52.64578]]]}},{"type":"Feature","properties":{"c":"514280","o":"WINGER, GLENDA KAREN","e":"2026-12-31Z"},"geometry":{"type":"Polygon","coordinates":[[[-121.41388,52.75829],[-121.41388,52.75412],[-121.42013,52.75412],[-121.42638,52.75412],[-121.42638,52.75828],[-121.42013,52.75829],[-121.41388,52.75829]]]}},{"type":"Feature","properties":{"c":"1103983","o":"BARRY, ANTHONY JOSEPH","e":"2028-06-01Z"},"geometry":{"type":"Polygon","coordinates":[[[-121.15137,52.94579],[-121.14512,52.94579],[-121.13887,52.94579],[-121.13887,52.94162],[-121.13262,52.94162],[-121.13262,52.93746],[-121.13887,52.93746],[-121.14512,52.93746],[-121.15137,52.93746],[-121.15137,52.94162],[-121.15762,52.94163],[-121.16387,52.94163],[-121.16387,52.94579],[-121.15762,52.94579],[-121.15137,52.94579]]]}},{"type":"Feature","properties":{"c":"1126458","o":"BROOKS, RAYMOND EVAN","e":"2027-09-26Z"},"geometry":{"type":"Polygon","coordinates":[[[-121.45137,52.64578],[-121.45762,52.64578],[-121.45763,52.64994],[-121.45137,52.64994],[-121.45137,52.64578]]]}},{"type":"Feature","properties":{"c":"1099069","o":"PLATINUM BELT RESOURCES INC","e":"2027-08-01Z"},"geometry":{"type":"Polygon","coordinates":[[[-121.32637,52.79995],[-121.33262,52.79995],[-121.33262,52.80411],[-121.32637,52.80411],[-121.32637,52.79995]]]}},{"type":"Feature","properties":{"c":"1099114","o":"HALL, BRIAN JOHN","e":"2027-09-20Z"},"geometry":{"type":"Polygon","coordinates":[[[-121.51389,52.75411],[-121.50764,52.75411],[-121.50764,52.75828],[-121.50139,52.75828],[-121.49514,52.75828],[-121.48889,52.75828],[-121.48264,52.75828],[-121.47639,52.75828],[-121.47014,52.75828],[-121.46389,52.75828],[-121.45764,52.75828],[-121.45139,52.75828],[-121.44514,52.75828],[-121.44514,52.75412],[-121.44513,52.74995],[-121.44513,52.74578],[-121.44513,52.74162],[-121.44513,52.73745],[-121.44513,52.73328],[-121.44513,52.72912],[-121.44513,52.72495],[-121.45138,52.72495],[-121.45763,52.72495],[-121.45763,52.72078],[-121.46388,52.72078],[-121.47013,52.72078],[-121.47638,52.72078],[-121.48263,52.72078],[-121.48888,52.72078],[-121.49513,52.72078],[-121.50138,52.72078],[-121.50763,52.72078],[-121.51388,52.72078],[-121.51389,52.72495],[-121.51389,52.72911],[-121.51389,52.73328],[-121.51389,52.73745],[-121.51389,52.74161],[-121.51389,52.74578],[-121.51389,52.74995],[-121.51389,52.75411]]]}},{"type":"Feature","properties":{"c":"534890","o":"1244338 B.C. LTD.","e":"2027-05-05Z"},"geometry":{"type":"Polygon","coordinates":[[[-121.30762,52.85412],[-121.30137,52.85412],[-121.30137,52.84995],[-121.29512,52.84995],[-121.28887,52.84995],[-121.28887,52.84578],[-121.28262,52.84578],[-121.27637,52.84578],[-121.27012,52.84578],[-121.27012,52.84162],[-121.27637,52.84162],[-121.28262,52.84162],[-121.28887,52.84162],[-121.29512,52.84162],[-121.29512,52.84578],[-121.30137,52.84578],[-121.30762,52.84578],[-121.30762,52.84995],[-121.30762,52.85412]]]}},{"type":"Feature","properties":{"c":"558530","o":"1244338 B.C. LTD.","e":"2027-06-22Z"},"geometry":{"type":"Polygon","coordinates":[[[-121.40763,52.96662],[-121.40138,52.96662],[-121.40137,52.96246],[-121.39512,52.96246],[-121.38887,52.96246],[-121.38887,52.95829],[-121.39512,52.95829],[-121.40137,52.95829],[-121.40762,52.95829],[-121.40762,52.96246],[-121.40763,52.96662]]]}},{"type":"Feature","properties":{"c":"1068629","o":"PLATZER, TREVOR JAMES","e":"2027-09-20Z"},"geometry":{"type":"Polygon","coordinates":[[[-121.30762,52.97079],[-121.31387,52.97079],[-121.31387,52.97496],[-121.30762,52.97496],[-121.30762,52.97079]]]}},{"type":"Feature","properties":{"c":"1102441","o":"LACKIE, FRED","e":"2027-11-15Z"},"geometry":{"type":"Polygon","coordinates":[[[-121.43263,52.95412],[-121.43888,52.95412],[-121.43888,52.95829],[-121.43263,52.95829],[-121.43263,52.95412]]]}},{"type":"Feature","properties":{"c":"536484","o":"1244338 B.C. LTD.","e":"2027-10-30Z"},"geometry":{"type":"Polygon","coordinates":[[[-121.47639,52.83328],[-121.47014,52.83328],[-121.47014,52.82911],[-121.47639,52.82911],[-121.48264,52.82911],[-121.48889,52.82911],[-121.48889,52.83328],[-121.48264,52.83328],[-121.47639,52.83328]]]}},{"type":"Feature","properties":{"c":"1114494","o":"MARSHALL, DAVID EDWARD","e":"2028-05-30Z"},"geometry":{"type":"Polygon","coordinates":[[[-121.35763,52.99996],[-121.36388,52.99996],[-121.36388,53.00413],[-121.35763,53.00413],[-121.35763,52.99996]]]}},{"type":"Feature","properties":{"c":"1104090","o":"SPANISH MOUNTAIN GOLD LTD.","e":"2027-05-03Z"},"geometry":{"type":"Polygon","coordinates":[[[-121.42637,52.57911],[-121.43262,52.57911],[-121.43262,52.58327],[-121.42637,52.58327],[-121.42637,52.57911]]]}},{"type":"Feature","properties":{"c":"1104091","o":"SPANISH MOUNTAIN GOLD LTD.","e":"2027-05-03Z"},"geometry":{"type":"Polygon","coordinates":[[[-121.43887,52.59577],[-121.44512,52.59577],[-121.44512,52.59994],[-121.43887,52.59994],[-121.43887,52.59577]]]}},{"type":"Feature","properties":{"c":"1108388","o":"GORSKI, MATTHEW JOSEPH","e":"2030-08-11Z"},"geometry":{"type":"Polygon","coordinates":[[[-121.33887,52.81245],[-121.33262,52.81245],[-121.33262,52.80828],[-121.33887,52.80828],[-121.34512,52.80828],[-121.35137,52.80828],[-121.35137,52.81245],[-121.34512,52.81245],[-121.33887,52.81245]]]}},{"type":"Feature","properties":{"c":"1022153","o":"MUNROE, NIGEL","e":"2035-12-18Z"},"geometry":{"type":"Polygon","coordinates":[[[-121.35762,52.92496],[-121.35137,52.92496],[-121.35137,52.92079],[-121.35137,52.91662],[-121.35762,52.91662],[-121.35762,52.92079],[-121.35762,52.92496]]]}},{"type":"Feature","properties":{"c":"1107015","o":"PAETKAU, ADRIANNE GAIL","e":"2028-10-04Z"},"geometry":{"type":"Polygon","coordinates":[[[-121.40138,52.76245],[-121.40763,52.76245],[-121.40763,52.76662],[-121.40138,52.76662],[-121.40138,52.76245]]]}},{"type":"Feature","properties":{"c":"1107024","o":"PAETKAU, ADRIANNE GAIL","e":"2027-08-07Z"},"geometry":{"type":"Polygon","coordinates":[[[-121.40138,52.77078],[-121.40763,52.77078],[-121.40763,52.77495],[-121.40138,52.77495],[-121.40138,52.77078]]]}},{"type":"Feature","properties":{"c":"1107025","o":"PAETKAU, ADRIANNE GAIL","e":"2027-08-07Z"},"geometry":{"type":"Polygon","coordinates":[[[-121.41388,52.77078],[-121.42013,52.77078],[-121.42013,52.77495],[-121.41388,52.77495],[-121.41388,52.77078]]]}},{"type":"Feature","properties":{"c":"1107026","o":"PAETKAU, ADRIANNE GAIL","e":"2027-08-07Z"},"geometry":{"type":"Polygon","coordinates":[[[-121.40763,52.77078],[-121.41388,52.77078],[-121.41388,52.77495],[-121.40763,52.77495],[-121.40763,52.77078]]]}},{"type":"Feature","properties":{"c":"1107565","o":"HALL, BRIAN JOHN","e":"2027-09-20Z"},"geometry":{"type":"Polygon","coordinates":[[[-121.46389,52.76662],[-121.45764,52.76662],[-121.45764,52.77078],[-121.45764,52.77495],[-121.45764,52.77912],[-121.45764,52.78328],[-121.45139,52.78328],[-121.44514,52.78328],[-121.43889,52.78328],[-121.43264,52.78328],[-121.42639,52.78328],[-121.42639,52.77912],[-121.42639,52.77495],[-121.42638,52.77078],[-121.42638,52.76662],[-121.42638,52.76245],[-121.43263,52.76245],[-121.43889,52.76245],[-121.44514,52.76245],[-121.45139,52.76245],[-121.45139,52.75828],[-121.45764,52.75828],[-121.46389,52.75828],[-121.47014,52.75828],[-121.47014,52.76245],[-121.46389,52.76245],[-121.46389,52.76662]]]}},{"type":"Feature","properties":{"c":"1109344","o":"ROBERTS, ANDREW","e":"2029-06-18Z"},"geometry":{"type":"Polygon","coordinates":[[[-121.34512,52.89579],[-121.33887,52.89579],[-121.33887,52.89162],[-121.33887,52.88745],[-121.34512,52.88745],[-121.34512,52.89162],[-121.34512,52.89579]]]}},{"type":"Feature","properties":{"c":"1099129","o":"BOTTOLFS, CHRIS NEAL","e":"2034-08-28Z"},"geometry":{"type":"Polygon","coordinates":[[[-121.34512,52.79995],[-121.33887,52.79995],[-121.33262,52.79995],[-121.33262,52.79578],[-121.33887,52.79578],[-121.33887,52.79161],[-121.33887,52.78745],[-121.34512,52.78745],[-121.34512,52.79161],[-121.34512,52.79578],[-121.34512,52.79995]]]}},{"type":"Feature","properties":{"c":"1133068","o":"ADAM, DYLAN","e":"2027-05-17Z"},"geometry":{"type":"Polygon","coordinates":[[[-121.32012,52.79995],[-121.32637,52.79995],[-121.32637,52.80411],[-121.32012,52.80411],[-121.32012,52.79995]]]}},{"type":"Feature","properties":{"c":"1111719","o":"NOBLE METAL GROUP INCORPORATED","e":"2025-08-04Z"},"geometry":{"type":"Polygon","coordinates":[[[-121.48889,52.84578],[-121.48264,52.84578],[-121.47639,52.84578],[-121.47014,52.84578],[-121.46389,52.84578],[-121.45764,52.84578],[-121.45139,52.84578],[-121.45139,52.84161],[-121.45139,52.83745],[-121.44514,52.83745],[-121.43889,52.83744],[-121.43889,52.83328],[-121.44514,52.83328],[-121.45139,52.83328],[-121.45764,52.83328],[-121.46389,52.83328],[-121.47014,52.83328],[-121.47639,52.83328],[-121.48264,52.83328],[-121.48889,52.83328],[-121.48889,52.83745],[-121.48889,52.84161],[-121.48889,52.84578]]]}},{"type":"Feature","properties":{"c":"1119667","o":"ZION MINERALS LTD","e":"2027-01-30Z"},"geometry":{"type":"Polygon","coordinates":[[[-121.46387,52.63744],[-121.45762,52.63744],[-121.45137,52.63744],[-121.45137,52.63328],[-121.45762,52.63328],[-121.46387,52.63328],[-121.47012,52.63328],[-121.47637,52.63327],[-121.47638,52.63744],[-121.47012,52.63744],[-121.46387,52.63744]]]}},{"type":"Feature","properties":{"c":"1072930","o":"BARRY, ANTHONY JOSEPH","e":"2026-11-15Z"},"geometry":{"type":"Polygon","coordinates":[[[-121.16387,52.93746],[-121.17012,52.93746],[-121.17012,52.94163],[-121.16387,52.94163],[-121.16387,52.93746]]]}},{"type":"Feature","properties":{"c":"1072931","o":"BARRY, ANTHONY JOSEPH","e":"2026-11-15Z"},"geometry":{"type":"Polygon","coordinates":[[[-121.16387,52.94579],[-121.17012,52.94579],[-121.17012,52.94996],[-121.16387,52.94996],[-121.16387,52.94579]]]}},{"type":"Feature","properties":{"c":"1072932","o":"BARRY, ANTHONY JOSEPH","e":"2026-11-15Z"},"geometry":{"type":"Polygon","coordinates":[[[-121.16387,52.95829],[-121.15762,52.95829],[-121.15137,52.95829],[-121.15137,52.95412],[-121.15137,52.94996],[-121.15762,52.94996],[-121.16387,52.94996],[-121.16387,52.95413],[-121.16387,52.95829]]]}},{"type":"Feature","properties":{"c":"1072954","o":"BARRY, ANTHONY JOSEPH","e":"2026-11-15Z"},"geometry":{"type":"Polygon","coordinates":[[[-121.16387,52.94579],[-121.16387,52.94996],[-121.15762,52.94996],[-121.15137,52.94996],[-121.15137,52.94579],[-121.15762,52.94579],[-121.15762,52.94163],[-121.15762,52.93746],[-121.16387,52.93746],[-121.16387,52.94163],[-121.17012,52.94163],[-121.17637,52.94163],[-121.17637,52.94579],[-121.17012,52.94579],[-121.16387,52.94579]]]}},{"type":"Feature","properties":{"c":"1072955","o":"BARRY, ANTHONY JOSEPH","e":"2026-11-15Z"},"geometry":{"type":"Polygon","coordinates":[[[-121.17637,52.94163],[-121.18262,52.94163],[-121.18262,52.94579],[-121.17637,52.94579],[-121.17637,52.94163]]]}},{"type":"Feature","properties":{"c":"1072957","o":"BARRY, ANTHONY JOSEPH","e":"2026-11-15Z"},"geometry":{"type":"Polygon","coordinates":[[[-121.15137,52.94996],[-121.14512,52.94996],[-121.13887,52.94996],[-121.13887,52.94579],[-121.14512,52.94579],[-121.14512,52.94162],[-121.14512,52.93746],[-121.15137,52.93746],[-121.15762,52.93746],[-121.15762,52.94163],[-121.15137,52.94162],[-121.15137,52.94579],[-121.15137,52.94996]]]}},{"type":"Feature","properties":{"c":"1072959","o":"BARRY, ANTHONY JOSEPH","e":"2026-11-15Z"},"geometry":{"type":"Polygon","coordinates":[[[-121.12637,52.93746],[-121.12637,52.93329],[-121.13262,52.93329],[-121.13887,52.93329],[-121.13887,52.93746],[-121.13262,52.93746],[-121.12637,52.93746]]]}},{"type":"Feature","properties":{"c":"1072960","o":"BARRY, ANTHONY JOSEPH","e":"2026-11-15Z"},"geometry":{"type":"Polygon","coordinates":[[[-121.14512,52.94579],[-121.13887,52.94579],[-121.13887,52.94162],[-121.13262,52.94162],[-121.12637,52.94162],[-121.12637,52.94579],[-121.12012,52.94579],[-121.11387,52.94579],[-121.10762,52.94579],[-121.10762,52.94995],[-121.10762,52.95412],[-121.10137,52.95412],[-121.10137,52.94995],[-121.10137,52.94579],[-121.10137,52.94162],[-121.10762,52.94162],[-121.11387,52.94162],[-121.12012,52.94162],[-121.12012,52.93745],[-121.12637,52.93746],[-121.13262,52.93746],[-121.13887,52.93746],[-121.14512,52.93746],[-121.14512,52.94162],[-121.14512,52.94579]]]}},{"type":"Feature","properties":{"c":"1072961","o":"BARRY, ANTHONY JOSEPH","e":"2026-11-15Z"},"geometry":{"type":"Polygon","coordinates":[[[-121.10762,52.94162],[-121.10762,52.93745],[-121.11387,52.93745],[-121.12012,52.93745],[-121.12012,52.94162],[-121.11387,52.94162],[-121.10762,52.94162]]]}},{"type":"Feature","properties":{"c":"1106125","o":"GORSKI, MATTHEW JOSEPH","e":"2032-08-11Z"},"geometry":{"type":"Polygon","coordinates":[[[-121.35137,52.79161],[-121.34512,52.79161],[-121.34512,52.78745],[-121.33887,52.78745],[-121.33887,52.78328],[-121.34512,52.78328],[-121.35137,52.78328],[-121.35762,52.78328],[-121.35762,52.78745],[-121.35137,52.78745],[-121.35137,52.79161]]]}},{"type":"Feature","properties":{"c":"1108902","o":"ADDIE, LLOYD JOHN","e":"2027-11-05Z"},"geometry":{"type":"Polygon","coordinates":[[[-121.37011,52.54994],[-121.36386,52.54994],[-121.35761,52.54994],[-121.35136,52.54994],[-121.34511,52.54994],[-121.33886,52.54994],[-121.33261,52.54994],[-121.32636,52.54994],[-121.32636,52.54578],[-121.32636,52.54161],[-121.33261,52.54161],[-121.33886,52.54161],[-121.34511,52.54161],[-121.35136,52.54161],[-121.35761,52.54161],[-121.36386,52.54161],[-121.37011,52.54161],[-121.37011,52.54577],[-121.37011,52.54994]]]}},{"type":"Feature","properties":{"c":"1109816","o":"LACKIE, FRED","e":"2027-01-01Z"},"geometry":{"type":"Polygon","coordinates":[[[-121.43887,52.93746],[-121.44512,52.93746],[-121.44513,52.94162],[-121.43887,52.94162],[-121.43887,52.93746]]]}},{"type":"Feature","properties":{"c":"1108492","o":"ADDIE, LLOYD JOHN","e":"2026-10-22Z"},"geometry":{"type":"Polygon","coordinates":[[[-121.40136,52.54577],[-121.39511,52.54577],[-121.38886,52.54577],[-121.38261,52.54577],[-121.37636,52.54577],[-121.37636,52.54161],[-121.37636,52.53744],[-121.37636,52.53327],[-121.38261,52.53327],[-121.38886,52.53327],[-121.39511,52.53327],[-121.40136,52.53327],[-121.40136,52.53744],[-121.40136,52.54161],[-121.40136,52.54577]]]}},{"type":"Feature","properties":{"c":"1108493","o":"ADDIE, LLOYD JOHN","e":"2026-10-22Z"},"geometry":{"type":"Polygon","coordinates":[[[-121.37636,52.54994],[-121.37011,52.54994],[-121.37011,52.54577],[-121.37011,52.54161],[-121.37636,52.54161],[-121.37636,52.54577],[-121.37636,52.54994]]]}},{"type":"Feature","properties":{"c":"1108494","o":"ADDIE, LLOYD JOHN","e":"2026-10-22Z"},"geometry":{"type":"Polygon","coordinates":[[[-121.37636,52.54161],[-121.37011,52.54161],[-121.37011,52.53744],[-121.37011,52.53327],[-121.37636,52.53327],[-121.37636,52.53744],[-121.37636,52.54161]]]}},{"type":"Feature","properties":{"c":"1109772","o":"GORSKI, MATTHEW JOSEPH","e":"2030-08-11Z"},"geometry":{"type":"Polygon","coordinates":[[[-121.34512,52.78328],[-121.34512,52.77911],[-121.35137,52.77911],[-121.35762,52.77911],[-121.35762,52.78328],[-121.35137,52.78328],[-121.34512,52.78328]]]}},{"type":"Feature","properties":{"c":"1110930","o":"SPANISH MOUNTAIN GOLD LTD.","e":"2035-04-25Z"},"geometry":{"type":"Polygon","coordinates":[[[-121.48261,52.54577],[-121.47636,52.54577],[-121.47636,52.54161],[-121.47636,52.53744],[-121.47636,52.53327],[-121.48261,52.53327],[-121.48261,52.53744],[-121.48261,52.54161],[-121.48261,52.54577]]]}},{"type":"Feature","properties":{"c":"1112003","o":"GORSKI, MATTHEW JOSEPH","e":"2030-08-11Z"},"geometry":{"type":"Polygon","coordinates":[[[-121.37638,52.79995],[-121.37012,52.79995],[-121.36387,52.79995],[-121.36387,52.79578],[-121.35762,52.79578],[-121.35137,52.79578],[-121.35137,52.79995],[-121.34512,52.79995],[-121.34512,52.79578],[-121.34512,52.79161],[-121.35137,52.79161],[-121.35762,52.79161],[-121.36387,52.79161],[-121.36387,52.78745],[-121.37012,52.78745],[-121.37638,52.78745],[-121.37638,52.79161],[-121.37638,52.79578],[-121.37638,52.79995]]]}},{"type":"Feature","properties":{"c":"1112004","o":"GORSKI, MATTHEW JOSEPH","e":"2030-08-11Z"},"geometry":{"type":"Polygon","coordinates":[[[-121.35137,52.80828],[-121.34512,52.80828],[-121.34512,52.80411],[-121.33887,52.80411],[-121.33887,52.79995],[-121.34512,52.79995],[-121.35137,52.79995],[-121.35137,52.80411],[-121.35137,52.80828]]]}},{"type":"Feature","properties":{"c":"1112005","o":"GORSKI, MATTHEW JOSEPH","e":"2030-08-11Z"},"geometry":{"type":"Polygon","coordinates":[[[-121.35137,52.79995],[-121.35137,52.79578],[-121.35762,52.79578],[-121.36387,52.79578],[-121.36387,52.79995],[-121.35762,52.79995],[-121.35137,52.79995]]]}},{"type":"Feature","properties":{"c":"1110986","o":"ADDIE, LLOYD JOHN","e":"2027-08-03Z"},"geometry":{"type":"Polygon","coordinates":[[[-121.37011,52.54161],[-121.36386,52.54161],[-121.35761,52.54161],[-121.35136,52.54161],[-121.34511,52.54161],[-121.33886,52.54161],[-121.33261,52.54161],[-121.33261,52.53744],[-121.33261,52.53327],[-121.33886,52.53327],[-121.34511,52.53327],[-121.35136,52.53327],[-121.35761,52.53327],[-121.36386,52.53327],[-121.37011,52.53327],[-121.37011,52.53744],[-121.37011,52.54161]]]}},{"type":"Feature","properties":{"c":"1105674","o":"LACKIE, FRED","e":"2027-09-28Z"},"geometry":{"type":"Polygon","coordinates":[[[-121.32637,52.96246],[-121.32012,52.96246],[-121.32012,52.95829],[-121.32012,52.95412],[-121.32012,52.94996],[-121.31387,52.94996],[-121.31387,52.94579],[-121.31387,52.94162],[-121.32012,52.94162],[-121.32637,52.94162],[-121.32637,52.94579],[-121.32637,52.94996],[-121.32637,52.95412],[-121.32637,52.95829],[-121.32637,52.96246]]]}},{"type":"Feature","properties":{"c":"1107790","o":"RIZZI, PETER CAMERON","e":"2029-02-04Z"},"geometry":{"type":"Polygon","coordinates":[[[-121.42639,52.77912],[-121.43264,52.77912],[-121.43264,52.78328],[-121.42639,52.78328],[-121.42639,52.77912]]]}},{"type":"Feature","properties":{"c":"1109134","o":"MUNROE, NIGEL","e":"2034-11-06Z"},"geometry":{"type":"Polygon","coordinates":[[[-121.38887,52.90412],[-121.38887,52.90829],[-121.38262,52.90829],[-121.37637,52.90829],[-121.37637,52.91246],[-121.37637,52.91662],[-121.37012,52.91662],[-121.36387,52.91662],[-121.35762,52.91662],[-121.35762,52.91246],[-121.35137,52.91246],[-121.35137,52.90829],[-121.35762,52.90829],[-121.36387,52.90829],[-121.36387,52.90412],[-121.37012,52.90412],[-121.37637,52.90412],[-121.38262,52.90412],[-121.38262,52.89995],[-121.38887,52.89995],[-121.39512,52.89995],[-121.40137,52.89995],[-121.40137,52.90412],[-121.39512,52.90412],[-121.38887,52.90412]]]}},{"type":"Feature","properties":{"c":"1112700","o":"NOBLE METAL GROUP INCORPORATED","e":"2025-08-04Z"},"geometry":{"type":"Polygon","coordinates":[[[-121.53264,52.83745],[-121.52639,52.83745],[-121.52014,52.83745],[-121.51389,52.83745],[-121.50764,52.83745],[-121.50764,52.83328],[-121.50764,52.82911],[-121.50139,52.82911],[-121.49514,52.82911],[-121.49514,52.83328],[-121.48889,52.83328],[-121.48264,52.83328],[-121.47639,52.83328],[-121.47014,52.83328],[-121.46389,52.83328],[-121.45764,52.83328],[-121.45139,52.83328],[-121.44514,52.83328],[-121.44514,52.82911],[-121.44514,52.82495],[-121.44514,52.82078],[-121.44514,52.81661],[-121.45139,52.81661],[-121.45764,52.81661],[-121.46389,52.81661],[-121.47014,52.81661],[-121.47639,52.81661],[-121.48264,52.81661],[-121.48264,52.81245],[-121.48889,52.81245],[-121.48889,52.80828],[-121.48889,52.80411],[-121.48889,52.79995],[-121.48889,52.79578],[-121.49514,52.79578],[-121.50139,52.79578],[-121.50764,52.79578],[-121.51389,52.79578],[-121.52014,52.79578],[-121.52639,52.79578],[-121.53264,52.79578],[-121.53264,52.79995],[-121.53264,52.80411],[-121.53264,52.80828],[-121.53264,52.81245],[-121.53264,52.81661],[-121.53264,52.82078],[-121.53264,52.82495],[-121.53264,52.82911],[-121.53264,52.83328],[-121.53264,52.83745]]]}},{"type":"Feature","properties":{"c":"1112701","o":"NOBLE METAL GROUP INCORPORATED","e":"2025-08-04Z"},"geometry":{"type":"Polygon","coordinates":[[[-121.53264,52.79578],[-121.52639,52.79578],[-121.52014,52.79578],[-121.51389,52.79578],[-121.50764,52.79578],[-121.50139,52.79578],[-121.49514,52.79578],[-121.48889,52.79578],[-121.48264,52.79578],[-121.47639,52.79578],[-121.47014,52.79578],[-121.46389,52.79578],[-121.45764,52.79578],[-121.45139,52.79578],[-121.45139,52.79995],[-121.45139,52.80411],[-121.45139,52.80828],[-121.45139,52.81245],[-121.44514,52.81245],[-121.43889,52.81245],[-121.43264,52.81245],[-121.42639,52.81245],[-121.42639,52.80828],[-121.42639,52.80411],[-121.42639,52.79995],[-121.42639,52.79578],[-121.42639,52.79161],[-121.42639,52.78745],[-121.42639,52.78328],[-121.43264,52.78328],[-121.43889,52.78328],[-121.44514,52.78328],[-121.45139,52.78328],[-121.45764,52.78328],[-121.46389,52.78328],[-121.47014,52.78328],[-121.47639,52.78328],[-121.48264,52.78328],[-121.48889,52.78328],[-121.49514,52.78328],[-121.50139,52.78328],[-121.50764,52.78328],[-121.51389,52.78328],[-121.52014,52.78328],[-121.52639,52.78328],[-121.53264,52.78328],[-121.53264,52.78745],[-121.53264,52.79161],[-121.53264,52.79578]]]}},{"type":"Feature","properties":{"c":"1112702","o":"NOBLE METAL GROUP INCORPORATED","e":"2025-08-04Z"},"geometry":{"type":"Polygon","coordinates":[[[-121.48889,52.81245],[-121.48264,52.81245],[-121.47639,52.81245],[-121.47639,52.81661],[-121.47014,52.81661],[-121.46389,52.81661],[-121.45764,52.81661],[-121.45139,52.81661],[-121.44514,52.81661],[-121.44514,52.82078],[-121.44514,52.82495],[-121.44514,52.82911],[-121.44514,52.83328],[-121.43889,52.83328],[-121.43264,52.83328],[-121.42639,52.83328],[-121.42014,52.83328],[-121.41389,52.83328],[-121.41388,52.83744],[-121.40763,52.83744],[-121.40138,52.83744],[-121.39513,52.83745],[-121.38888,52.83744],[-121.38888,52.83328],[-121.38888,52.82911],[-121.38888,52.82495],[-121.38888,52.82078],[-121.39513,52.82078],[-121.40138,52.82078],[-121.40763,52.82078],[-121.41389,52.82078],[-121.42014,52.82078],[-121.42014,52.81661],[-121.42639,52.81661],[-121.42639,52.81245],[-121.43264,52.81245],[-121.43889,52.81245],[-121.44514,52.81245],[-121.45139,52.81245],[-121.45139,52.80828],[-121.45139,52.80411],[-121.45139,52.79995],[-121.45139,52.79578],[-121.45764,52.79578],[-121.46389,52.79578],[-121.47014,52.79578],[-121.47639,52.79578],[-121.48264,52.79578],[-121.48889,52.79578],[-121.48889,52.79995],[-121.48889,52.80411],[-121.48889,52.80828],[-121.48889,52.81245]]]}},{"type":"Feature","properties":{"c":"1108602","o":"BEATTIE, IAN ROBERT","e":"2033-02-05Z"},"geometry":{"type":"Polygon","coordinates":[[[-121.36387,52.76245],[-121.36387,52.75828],[-121.37012,52.75828],[-121.37638,52.75828],[-121.37638,52.76245],[-121.37012,52.76245],[-121.36387,52.76245]]]}},{"type":"Feature","properties":{"c":"1106840","o":"GORSKI, MATTHEW JOSEPH","e":"2030-08-11Z"},"geometry":{"type":"Polygon","coordinates":[[[-121.38263,52.77495],[-121.37638,52.77495],[-121.37638,52.77912],[-121.37012,52.77912],[-121.37012,52.78328],[-121.36387,52.78328],[-121.36387,52.78745],[-121.36387,52.79161],[-121.35762,52.79161],[-121.35137,52.79161],[-121.35137,52.78745],[-121.35762,52.78745],[-121.35762,52.78328],[-121.35762,52.77911],[-121.36387,52.77911],[-121.36387,52.77495],[-121.37012,52.77495],[-121.37012,52.77078],[-121.37638,52.77078],[-121.37638,52.76662],[-121.38263,52.76662],[-121.38263,52.77078],[-121.38263,52.77495]]]}},{"type":"Feature","properties":{"c":"1110213","o":"AGAFONTSEV, SERGEI ANATOLIEVICH","e":"2029-05-15Z"},"geometry":{"type":"Polygon","coordinates":[[[-121.43889,52.80828],[-121.44514,52.80828],[-121.44514,52.81245],[-121.43889,52.81245],[-121.43889,52.80828]]]}},{"type":"Feature","properties":{"c":"1099067","o":"GORSKI, MATTHEW JOSEPH","e":"2032-11-01Z"},"geometry":{"type":"Polygon","coordinates":[[[-121.33887,52.80828],[-121.33262,52.80828],[-121.33262,52.80411],[-121.33262,52.79995],[-121.33887,52.79995],[-121.33887,52.80411],[-121.33887,52.80828]]]}},{"type":"Feature","properties":{"c":"1107763","o":"CARPENTER, ROBERT REX","e":"2027-01-31Z"},"geometry":{"type":"Polygon","coordinates":[[[-121.37638,52.82911],[-121.37013,52.82911],[-121.37013,52.82495],[-121.37013,52.82078],[-121.37013,52.81661],[-121.36387,52.81661],[-121.35762,52.81661],[-121.35762,52.81245],[-121.35137,52.81245],[-121.35137,52.80828],[-121.35762,52.80828],[-121.36387,52.80828],[-121.36387,52.81245],[-121.37013,52.81245],[-121.37638,52.81245],[-121.37638,52.81661],[-121.37638,52.82078],[-121.37638,52.82495],[-121.37638,52.82911]]]}},{"type":"Feature","properties":{"c":"1112031","o":"KURK, BRADLEY RONALD","e":"2032-09-27Z"},"geometry":{"type":"Polygon","coordinates":[[[-121.22012,52.94996],[-121.22637,52.94996],[-121.22637,52.95412],[-121.22012,52.95412],[-121.22012,52.94996]]]}},{"type":"Feature","properties":{"c":"1107017","o":"PAETKAU, ADRIANNE GAIL","e":"2028-10-04Z"},"geometry":{"type":"Polygon","coordinates":[[[-121.40138,52.76662],[-121.40763,52.76662],[-121.40763,52.77078],[-121.40138,52.77078],[-121.40138,52.76662]]]}},{"type":"Feature","properties":{"c":"1107020","o":"PAETKAU, ADRIANNE GAIL","e":"2028-10-04Z"},"geometry":{"type":"Polygon","coordinates":[[[-121.41388,52.76662],[-121.42013,52.76662],[-121.42013,52.77078],[-121.41388,52.77078],[-121.41388,52.76662]]]}},{"type":"Feature","properties":{"c":"1107021","o":"PAETKAU, ADRIANNE GAIL","e":"2028-10-05Z"},"geometry":{"type":"Polygon","coordinates":[[[-121.40763,52.76245],[-121.41388,52.76245],[-121.41388,52.76662],[-121.40763,52.76662],[-121.40763,52.76245]]]}},{"type":"Feature","properties":{"c":"1107022","o":"PAETKAU, ADRIANNE GAIL","e":"2028-10-04Z"},"geometry":{"type":"Polygon","coordinates":[[[-121.40763,52.76662],[-121.41388,52.76662],[-121.41388,52.77078],[-121.40763,52.77078],[-121.40763,52.76662]]]}},{"type":"Feature","properties":{"c":"1105956","o":"KURK, BRADLEY RONALD","e":"2032-09-27Z"},"geometry":{"type":"Polygon","coordinates":[[[-121.22637,52.94996],[-121.22012,52.94996],[-121.22012,52.94579],[-121.22012,52.94162],[-121.22637,52.94162],[-121.22637,52.94579],[-121.22637,52.94996]]]}},{"type":"Feature","properties":{"c":"1110943","o":"SPANISH MOUNTAIN GOLD LTD.","e":"2035-04-25Z"},"geometry":{"type":"Polygon","coordinates":[[[-121.42012,52.61244],[-121.41387,52.61244],[-121.40762,52.61244],[-121.40137,52.61244],[-121.39512,52.61244],[-121.39512,52.60828],[-121.39512,52.60411],[-121.39512,52.59994],[-121.39512,52.59578],[-121.40137,52.59577],[-121.40137,52.59994],[-121.40137,52.60411],[-121.40137,52.60828],[-121.40762,52.60828],[-121.41387,52.60827],[-121.42012,52.60827],[-121.42637,52.60827],[-121.43262,52.60827],[-121.43262,52.61244],[-121.42637,52.61244],[-121.42012,52.61244]]]}},{"type":"Feature","properties":{"c":"1139871","o":"MORRISON, CLINTON JAMES","e":"2027-10-01Z"},"geometry":{"type":"Polygon","coordinates":[[[-121.44513,52.85828],[-121.45138,52.85828],[-121.45138,52.86245],[-121.44513,52.86245],[-121.44513,52.85828]]]}},{"type":"Feature","properties":{"c":"1114770","o":"GRABER, CODY QUIN","e":"2031-07-14Z"},"geometry":{"type":"Polygon","coordinates":[[[-121.35137,52.93746],[-121.35762,52.93746],[-121.35762,52.94162],[-121.35137,52.94162],[-121.35137,52.93746]]]}},{"type":"Feature","properties":{"c":"349365","o":"HUMPHREYS, ESTATE OF DAVID JOHN","e":"2026-11-01Z"},"geometry":{"type":"Polygon","coordinates":[[[-121.45799,52.85155],[-121.4583,52.85182],[-121.46126,52.85449],[-121.46214,52.85528],[-121.4532,52.85892],[-121.44981,52.8603],[-121.44628,52.85712],[-121.44632,52.85678],[-121.44634,52.85654],[-121.44637,52.85628],[-121.44924,52.85512],[-121.45133,52.85426],[-121.45732,52.85183],[-121.45799,52.85155]]]}},{"type":"Feature","properties":{"c":"358479","o":"HUMPHREYS, ESTATE OF DAVID JOHN","e":"2026-11-01Z"},"geometry":{"type":"Polygon","coordinates":[[[-121.46271,52.84842],[-121.46315,52.8488],[-121.46316,52.84881],[-121.4625,52.84966],[-121.46511,52.8511],[-121.46609,52.85137],[-121.46611,52.85139],[-121.46659,52.85181],[-121.46694,52.85211],[-121.46126,52.85449],[-121.4583,52.85182],[-121.45799,52.85155],[-121.45732,52.85183],[-121.45133,52.85426],[-121.45051,52.85354],[-121.45458,52.85183],[-121.46271,52.84842]]]}},{"type":"Feature","properties":{"c":"1131585","o":"WHYTOCK, ANDREW DALGARNO","e":"2027-03-25Z"},"geometry":{"type":"Polygon","coordinates":[[[-121.48264,52.79995],[-121.48889,52.79995],[-121.48889,52.80411],[-121.48264,52.80411],[-121.48264,52.79995]]]}},{"type":"Feature","properties":{"c":"1132789","o":"BINICHAKIS, MITCH LEIGHTON","e":"2027-05-05Z"},"geometry":{"type":"Polygon","coordinates":[[[-121.42013,52.73745],[-121.42013,52.73328],[-121.42013,52.72912],[-121.42638,52.72912],[-121.42638,52.73328],[-121.43263,52.73328],[-121.43263,52.73745],[-121.42638,52.73745],[-121.42013,52.73745]]]}},{"type":"Feature","properties":{"c":"1132791","o":"1244338 B.C. LTD.","e":"2027-05-05Z"},"geometry":{"type":"Polygon","coordinates":[[[-121.31387,52.86662],[-121.30762,52.86662],[-121.30762,52.86245],[-121.30137,52.86245],[-121.30137,52.85828],[-121.30137,52.85412],[-121.30762,52.85412],[-121.30762,52.85828],[-121.31387,52.85828],[-121.31387,52.86245],[-121.31387,52.86662]]]}},{"type":"Feature","properties":{"c":"1132802","o":"MILLHAM, STUART DAVID","e":"2027-05-05Z"},"geometry":{"type":"Polygon","coordinates":[[[-121.43889,52.78745],[-121.43264,52.78745],[-121.42639,52.78745],[-121.42639,52.78328],[-121.43264,52.78328],[-121.43264,52.77912],[-121.43889,52.77912],[-121.43889,52.78328],[-121.43889,52.78745]]]}},{"type":"Feature","properties":{"c":"1132804","o":"FRANCK, KEVIN GARY","e":"2027-05-05Z"},"geometry":{"type":"Polygon","coordinates":[[[-121.36387,52.76662],[-121.35762,52.76662],[-121.35762,52.76245],[-121.36387,52.76245],[-121.37012,52.76245],[-121.37638,52.76245],[-121.37638,52.76662],[-121.37012,52.76662],[-121.36387,52.76662]]]}},{"type":"Feature","properties":{"c":"1132808","o":"FALLIS, GLENN","e":"2027-05-05Z"},"geometry":{"type":"Polygon","coordinates":[[[-121.32012,52.96246],[-121.32637,52.96246],[-121.32637,52.96662],[-121.32012,52.96662],[-121.32012,52.96246]]]}},{"type":"Feature","properties":{"c":"1125739","o":"ZION MINERALS LTD","e":"2027-09-17Z"},"geometry":{"type":"Polygon","coordinates":[[[-121.47013,52.64161],[-121.46387,52.64161],[-121.45762,52.64161],[-121.45137,52.64161],[-121.45137,52.63744],[-121.45762,52.63744],[-121.46387,52.63744],[-121.47012,52.63744],[-121.47638,52.63744],[-121.48263,52.63744],[-121.48263,52.64161],[-121.47638,52.64161],[-121.47013,52.64161]]]}},{"type":"Feature","properties":{"c":"1057945","o":"BEWS, PAUL GRAEME","e":"2027-08-01Z"},"geometry":{"type":"Polygon","coordinates":[[[-121.20137,52.92912],[-121.20762,52.92912],[-121.20762,52.93329],[-121.20137,52.93329],[-121.20137,52.92912]]]}},{"type":"Feature","properties":{"c":"1066171","o":"MCDERMOTT, TOM HAROLD","e":"2028-05-20Z"},"geometry":{"type":"Polygon","coordinates":[[[-121.45137,52.63744],[-121.45762,52.63744],[-121.45762,52.64161],[-121.45137,52.64161],[-121.45137,52.63744]]]}},{"type":"Feature","properties":{"c":"1132826","o":"STRANDBERG, CORY","e":"2027-05-05Z"},"geometry":{"type":"Polygon","coordinates":[[[-121.23262,52.87495],[-121.22637,52.87495],[-121.22637,52.87079],[-121.22637,52.86662],[-121.22637,52.86245],[-121.23262,52.86245],[-121.23887,52.86245],[-121.23887,52.86662],[-121.23262,52.86662],[-121.23262,52.87079],[-121.23262,52.87495]]]}},{"type":"Feature","properties":{"c":"1132838","o":"JESSEN, AUSTIN LORENZ","e":"2027-05-05Z"},"geometry":{"type":"Polygon","coordinates":[[[-121.45763,52.85828],[-121.45138,52.85828],[-121.45139,52.85411],[-121.45139,52.84995],[-121.45764,52.84995],[-121.45764,52.85411],[-121.45763,52.85828]]]}},{"type":"Feature","properties":{"c":"1132841","o":"JESSEN, AUSTIN LORENZ","e":"2027-05-05Z"},"geometry":{"type":"Polygon","coordinates":[[[-121.44512,52.90829],[-121.43887,52.90829],[-121.43887,52.90412],[-121.43887,52.89995],[-121.43888,52.89579],[-121.43888,52.89162],[-121.44513,52.89162],[-121.44513,52.89579],[-121.44513,52.89995],[-121.44512,52.90412],[-121.44512,52.90829]]]}},{"type":"Feature","properties":{"c":"1117836","o":"SPANISH MOUNTAIN GOLD LTD.","e":"2035-12-02Z"},"geometry":{"type":"Polygon","coordinates":[[[-121.35137,52.61244],[-121.34511,52.61244],[-121.33886,52.61244],[-121.33261,52.61245],[-121.33261,52.60828],[-121.33261,52.60411],[-121.33261,52.59994],[-121.33886,52.59994],[-121.34511,52.59994],[-121.35136,52.59994],[-121.35136,52.60411],[-121.35136,52.60828],[-121.35137,52.61244]]]}},{"type":"Feature","properties":{"c":"1117842","o":"SPANISH MOUNTAIN GOLD LTD.","e":"2035-12-02Z"},"geometry":{"type":"Polygon","coordinates":[[[-121.37637,52.62078],[-121.37012,52.62078],[-121.36387,52.62078],[-121.36387,52.61661],[-121.36387,52.61244],[-121.37012,52.61244],[-121.37637,52.61244],[-121.37637,52.61661],[-121.37637,52.62078]]]}},{"type":"Feature","properties":{"c":"1117844","o":"SPANISH MOUNTAIN GOLD LTD.","e":"2035-12-02Z"},"geometry":{"type":"Polygon","coordinates":[[[-121.37637,52.61244],[-121.37012,52.61244],[-121.36387,52.61244],[-121.36387,52.60828],[-121.36386,52.60411],[-121.37012,52.60411],[-121.37637,52.60411],[-121.37637,52.60828],[-121.37637,52.61244]]]}},{"type":"Feature","properties":{"c":"1117849","o":"SPANISH MOUNTAIN GOLD LTD.","e":"2035-12-02Z"},"geometry":{"type":"Polygon","coordinates":[[[-121.36387,52.62078],[-121.35762,52.62078],[-121.35137,52.62078],[-121.34512,52.62078],[-121.33887,52.62078],[-121.33262,52.62078],[-121.33262,52.61661],[-121.33261,52.61245],[-121.33886,52.61244],[-121.34511,52.61244],[-121.35137,52.61244],[-121.35136,52.60828],[-121.35136,52.60411],[-121.35761,52.60411],[-121.36386,52.60411],[-121.36387,52.60828],[-121.36387,52.61244],[-121.36387,52.61661],[-121.36387,52.62078]]]}},{"type":"Feature","properties":{"c":"1117851","o":"SPANISH MOUNTAIN GOLD LTD.","e":"2035-12-02Z"},"geometry":{"type":"Polygon","coordinates":[[[-121.32011,52.60411],[-121.31386,52.60411],[-121.31386,52.59994],[-121.31386,52.59578],[-121.31386,52.59161],[-121.32011,52.59161],[-121.32636,52.59161],[-121.32636,52.59578],[-121.32636,52.59994],[-121.33261,52.59994],[-121.33261,52.60411],[-121.32636,52.60411],[-121.32011,52.60411]]]}},{"type":"Feature","properties":{"c":"1115339","o":"ZION MINERALS LTD","e":"2026-12-02Z"},"geometry":{"type":"Polygon","coordinates":[[[-121.29512,52.61245],[-121.28887,52.61245],[-121.28262,52.61245],[-121.27637,52.61245],[-121.27636,52.60828],[-121.27636,52.60411],[-121.28261,52.60411],[-121.28261,52.60828],[-121.28886,52.60828],[-121.29511,52.60828],[-121.30136,52.60828],[-121.30761,52.60828],[-121.30761,52.61245],[-121.30136,52.61245],[-121.29512,52.61245]]]}},{"type":"Feature","properties":{"c":"1115340","o":"ZION MINERALS LTD","e":"2026-12-01Z"},"geometry":{"type":"Polygon","coordinates":[[[-121.47013,52.66244],[-121.46388,52.66244],[-121.45763,52.66244],[-121.45138,52.66244],[-121.44513,52.66244],[-121.44512,52.65828],[-121.45138,52.65828],[-121.45763,52.65828],[-121.46388,52.65828],[-121.46388,52.65411],[-121.47013,52.65411],[-121.47638,52.65411],[-121.47638,52.65828],[-121.47013,52.65828],[-121.47013,52.66244]]]}},{"type":"Feature","properties":{"c":"1115341","o":"ZION MINERALS LTD","e":"2026-12-01Z"},"geometry":{"type":"Polygon","coordinates":[[[-121.47013,52.65411],[-121.46388,52.65411],[-121.46388,52.65828],[-121.45763,52.65828],[-121.45138,52.65828],[-121.45137,52.65411],[-121.45137,52.64994],[-121.45137,52.64578],[-121.45137,52.64161],[-121.45762,52.64161],[-121.45762,52.64578],[-121.46388,52.64578],[-121.47013,52.64578],[-121.47013,52.64994],[-121.47013,52.65411]]]}},{"type":"Feature","properties":{"c":"1091501","o":"ANDERSON, JEFFREY DAVID","e":"2028-03-08Z"},"geometry":{"type":"Polygon","coordinates":[[[-121.25762,52.97496],[-121.25137,52.97496],[-121.25137,52.97079],[-121.24512,52.97079],[-121.24512,52.96663],[-121.25137,52.96663],[-121.25762,52.96663],[-121.25762,52.97079],[-121.25762,52.97496]]]}},{"type":"Feature","properties":{"c":"1114114","o":"ANDERSON, JEFFREY DAVID","e":"2028-03-08Z"},"geometry":{"type":"Polygon","coordinates":[[[-121.24512,52.97079],[-121.25137,52.97079],[-121.25137,52.97496],[-121.24512,52.97496],[-121.24512,52.97079]]]}},{"type":"Feature","properties":{"c":"1130742","o":"ADDIE, LLOYD JOHN","e":"2027-02-27Z"},"geometry":{"type":"Polygon","coordinates":[[[-121.36386,52.59161],[-121.37011,52.59161],[-121.37011,52.59578],[-121.36386,52.59578],[-121.36386,52.59161]]]}},{"type":"Feature","properties":{"c":"1132366","o":"SPANISH MOUNTAIN GOLD LTD.","e":"2027-04-20Z"},"geometry":{"type":"Polygon","coordinates":[[[-121.40137,52.59577],[-121.39512,52.59578],[-121.39512,52.59994],[-121.39512,52.60411],[-121.39512,52.60828],[-121.38887,52.60828],[-121.38887,52.60411],[-121.38887,52.59994],[-121.38887,52.59578],[-121.38887,52.59161],[-121.38887,52.58744],[-121.38887,52.58327],[-121.39512,52.58327],[-121.39512,52.58744],[-121.40137,52.58744],[-121.40137,52.59161],[-121.40137,52.59577]]]}},{"type":"Feature","properties":{"c":"1137871","o":"COSTER, BLAIR EDWARD","e":"2027-08-28Z"},"geometry":{"type":"Polygon","coordinates":[[[-121.19512,52.98746],[-121.18887,52.98746],[-121.18887,52.98329],[-121.18887,52.97913],[-121.18887,52.97496],[-121.19512,52.97496],[-121.19512,52.97913],[-121.20137,52.97913],[-121.20137,52.98329],[-121.19512,52.98329],[-121.19512,52.98746]]]}},{"type":"Feature","properties":{"c":"1137872","o":"COSTER, BLAIR EDWARD","e":"2027-08-28Z"},"geometry":{"type":"Polygon","coordinates":[[[-121.23262,52.98329],[-121.22637,52.98329],[-121.22637,52.97913],[-121.23262,52.97913],[-121.23887,52.97913],[-121.24512,52.97913],[-121.24512,52.98329],[-121.23887,52.98329],[-121.23262,52.98329]]]}},{"type":"Feature","properties":{"c":"1137873","o":"COSTER, BLAIR EDWARD","e":"2027-08-28Z"},"geometry":{"type":"Polygon","coordinates":[[[-121.22637,52.98329],[-121.23262,52.98329],[-121.23262,52.98746],[-121.22637,52.98746],[-121.22637,52.98329]]]}},{"type":"Feature","properties":{"c":"1137874","o":"COSTER, BLAIR EDWARD","e":"2027-08-28Z"},"geometry":{"type":"Polygon","coordinates":[[[-121.21387,52.98746],[-121.21387,52.98329],[-121.22012,52.98329],[-121.22637,52.98329],[-121.22637,52.98746],[-121.22012,52.98746],[-121.21387,52.98746]]]}},{"type":"Feature","properties":{"c":"1137876","o":"COSTER, BLAIR EDWARD","e":"2027-08-28Z"},"geometry":{"type":"Polygon","coordinates":[[[-121.23262,52.98329],[-121.23887,52.98329],[-121.23887,52.98746],[-121.23262,52.98746],[-121.23262,52.98329]]]}},{"type":"Feature","properties":{"c":"1129255","o":"ZION MINERALS LTD","e":"2027-01-30Z"},"geometry":{"type":"Polygon","coordinates":[[[-121.30135,52.57911],[-121.2951,52.57911],[-121.28885,52.57911],[-121.2826,52.57911],[-121.27635,52.57911],[-121.2701,52.57911],[-121.2701,52.57494],[-121.2701,52.57078],[-121.27635,52.57078],[-121.2826,52.57078],[-121.28885,52.57078],[-121.2951,52.57078],[-121.30135,52.57078],[-121.30135,52.57494],[-121.30135,52.57911]]]}},{"type":"Feature","properties":{"c":"1114171","o":"HALL, BRIAN JOHN","e":"2027-09-20Z"},"geometry":{"type":"Polygon","coordinates":[[[-121.45763,52.71661],[-121.46388,52.71661],[-121.46388,52.72078],[-121.45763,52.72078],[-121.45763,52.71661]]]}},{"type":"Feature","properties":{"c":"1132381","o":"SCOTT, STEVEN JEFFREY","e":"2027-04-20Z"},"geometry":{"type":"Polygon","coordinates":[[[-121.42638,52.77078],[-121.42013,52.77078],[-121.42013,52.76662],[-121.42013,52.76245],[-121.42638,52.76245],[-121.42638,52.76662],[-121.42638,52.77078]]]}},{"type":"Feature","properties":{"c":"1132189","o":"DOYLE, LOUIS ERIC","e":"2027-04-13Z"},"geometry":{"type":"Polygon","coordinates":[[[-121.42012,52.66661],[-121.41387,52.66661],[-121.41387,52.66244],[-121.42012,52.66244],[-121.42637,52.66244],[-121.43262,52.66244],[-121.43262,52.66661],[-121.42637,52.66661],[-121.42012,52.66661]]]}},{"type":"Feature","properties":{"c":"1132693","o":"EAGLE PLAINS RESOURCES LTD.","e":"2027-05-01Z"},"geometry":{"type":"Polygon","coordinates":[[[-121.47013,52.65411],[-121.47013,52.64994],[-121.47013,52.64578],[-121.47638,52.64578],[-121.47638,52.64994],[-121.48263,52.64994],[-121.48263,52.65411],[-121.47638,52.65411],[-121.47013,52.65411]]]}},{"type":"Feature","properties":{"c":"1133066","o":"ADAM, ANDREA LYNN","e":"2027-05-17Z"},"geometry":{"type":"Polygon","coordinates":[[[-121.32012,52.79578],[-121.32637,52.79578],[-121.32637,52.79995],[-121.32012,52.79995],[-121.32012,52.79578]]]}},{"type":"Feature","properties":{"c":"1133069","o":"LUS, ROBERT","e":"2027-05-17Z"},"geometry":{"type":"Polygon","coordinates":[[[-121.31387,52.79578],[-121.32012,52.79578],[-121.32012,52.79995],[-121.31387,52.79995],[-121.31387,52.79578]]]}},{"type":"Feature","properties":{"c":"1045437","o":"TATTRIE, DAVID CHRIS","e":"2030-12-20Z"},"geometry":{"type":"Polygon","coordinates":[[[-121.45763,52.70411],[-121.45138,52.70411],[-121.45138,52.69995],[-121.45138,52.69578],[-121.45763,52.69578],[-121.45763,52.69995],[-121.45763,52.70411]]]}},{"type":"Feature","properties":{"c":"1108559","o":"SPANISH MOUNTAIN GOLD LTD.","e":"2035-04-25Z"},"geometry":{"type":"Polygon","coordinates":[[[-121.41386,52.54577],[-121.40761,52.54577],[-121.40136,52.54577],[-121.40136,52.54161],[-121.40136,52.53744],[-121.40136,52.53327],[-121.40761,52.53327],[-121.41386,52.53327],[-121.41386,52.53744],[-121.41386,52.54161],[-121.41386,52.54577]]]}},{"type":"Feature","properties":{"c":"1136674","o":"CLEARY, PATRICK","e":"2027-07-25Z"},"geometry":{"type":"Polygon","coordinates":[[[-121.17012,52.92496],[-121.16387,52.92496],[-121.16387,52.92079],[-121.16387,52.91663],[-121.16387,52.91246],[-121.17012,52.91246],[-121.17012,52.91663],[-121.17012,52.92079],[-121.17012,52.92496]]]}},{"type":"Feature","properties":{"c":"1133651","o":"SEVEN5SEVEN HOLDINGS LTD","e":"2027-06-02Z"},"geometry":{"type":"Polygon","coordinates":[[[-121.29512,52.97913],[-121.29512,52.97496],[-121.30137,52.97496],[-121.30762,52.97496],[-121.30762,52.97913],[-121.30137,52.97913],[-121.29512,52.97913]]]}},{"type":"Feature","properties":{"c":"1133834","o":"KOVALEVICH, ALLEN BRUCE","e":"2027-06-04Z"},"geometry":{"type":"Polygon","coordinates":[[[-121.43888,52.72078],[-121.43263,52.72078],[-121.43263,52.71662],[-121.43263,52.71245],[-121.43263,52.70828],[-121.43888,52.70828],[-121.44513,52.70828],[-121.44513,52.71245],[-121.43888,52.71245],[-121.43888,52.71662],[-121.43888,52.72078]]]}},{"type":"Feature","properties":{"c":"402613","o":"DAUL, JOSEPH WAYNE","e":"2035-01-26Z"},"geometry":{"type":"Polygon","coordinates":[[[-121.48441,52.66421],[-121.4853,52.66443],[-121.48592,52.66458],[-121.48774,52.66147],[-121.48835,52.66147],[-121.48858,52.66219],[-121.48917,52.66147],[-121.49103,52.66147],[-121.49127,52.66224],[-121.49265,52.6622],[-121.49314,52.66232],[-121.49325,52.66218],[-121.49676,52.66207],[-121.49919,52.66177],[-121.4992,52.66177],[-121.4992,52.66506],[-121.4992,52.66596],[-121.48441,52.66596],[-121.48441,52.66552],[-121.48441,52.66421]]]}},{"type":"Feature","properties":{"c":"1014501","o":"DAUL, JOSEPH WAYNE","e":"2035-01-26Z"},"geometry":{"type":"Polygon","coordinates":[[[-121.49513,52.66244],[-121.50138,52.66244],[-121.50138,52.66661],[-121.49513,52.66661],[-121.49513,52.66244]]]}},{"type":"Feature","properties":{"c":"1112558","o":"DAUL, JOSEPH WAYNE","e":"2035-01-26Z"},"geometry":{"type":"Polygon","coordinates":[[[-121.48263,52.66661],[-121.47638,52.66661],[-121.47638,52.66244],[-121.48263,52.66244],[-121.48888,52.66244],[-121.49513,52.66244],[-121.49513,52.66661],[-121.48888,52.66661],[-121.48263,52.66661]]]}},{"type":"Feature","properties":{"c":"1020371","o":"SCHEEPERS, BRADLEY KEVIN","e":"2032-01-15Z"},"geometry":{"type":"Polygon","coordinates":[[[-121.35138,52.98329],[-121.35138,52.97912],[-121.35763,52.97912],[-121.36388,52.97912],[-121.36388,52.98329],[-121.35763,52.98329],[-121.35138,52.98329]]]}},{"type":"Feature","properties":{"c":"389005","o":"SCHEEPERS, BRADLEY KEVIN","e":"2032-01-15Z"},"geometry":{"type":"Polygon","coordinates":[[[-121.36238,52.98601],[-121.36171,52.98483],[-121.35934,52.98713],[-121.35819,52.98671],[-121.35744,52.98693],[-121.34896,52.9832],[-121.35334,52.97957],[-121.36435,52.9844],[-121.36238,52.98601]]]}},{"type":"Feature","properties":{"c":"1034203","o":"SCHEEPERS, BRADLEY KEVIN","e":"2032-06-01Z"},"geometry":{"type":"Polygon","coordinates":[[[-121.35763,52.98746],[-121.35763,52.98329],[-121.36388,52.98329],[-121.37013,52.98329],[-121.37013,52.98746],[-121.36388,52.98746],[-121.35763,52.98746]]]}},{"type":"Feature","properties":{"c":"1085254","o":"SCHEEPERS, BRADLEY KEVIN","e":"2030-01-15Z"},"geometry":{"type":"Polygon","coordinates":[[[-121.34513,52.97912],[-121.35138,52.97912],[-121.35138,52.98329],[-121.34513,52.98329],[-121.34513,52.97912]]]}},{"type":"Feature","properties":{"c":"1085253","o":"SCHEEPERS, BRADLEY KEVIN","e":"2030-01-15Z"},"geometry":{"type":"Polygon","coordinates":[[[-121.35138,52.97496],[-121.35763,52.97496],[-121.35763,52.97912],[-121.35138,52.97912],[-121.35138,52.97496]]]}},{"type":"Feature","properties":{"c":"1134603","o":"1244338 B.C. LTD.","e":"2027-06-25Z"},"geometry":{"type":"Polygon","coordinates":[[[-121.32637,52.96246],[-121.33262,52.96246],[-121.33263,52.96662],[-121.32637,52.96662],[-121.32637,52.96246]]]}},{"type":"Feature","properties":{"c":"1133862","o":"SEVEN5SEVEN HOLDINGS LTD","e":"2027-06-07Z"},"geometry":{"type":"Polygon","coordinates":[[[-121.31387,52.79578],[-121.31387,52.79161],[-121.32012,52.79161],[-121.32637,52.79161],[-121.32637,52.79578],[-121.32012,52.79578],[-121.31387,52.79578]]]}},{"type":"Feature","properties":{"c":"395680","o":"TEERINK, HARRY WILLIAM","e":"2027-03-10Z"},"geometry":{"type":"Polygon","coordinates":[[[-121.35758,52.96962],[-121.35744,52.96893],[-121.3568,52.96584],[-121.35744,52.96567],[-121.35866,52.96535],[-121.3594,52.96515],[-121.35929,52.96459],[-121.35917,52.96393],[-121.36393,52.96361],[-121.36394,52.96368],[-121.36399,52.96395],[-121.36412,52.96459],[-121.36488,52.96847],[-121.365,52.96908],[-121.36563,52.9723],[-121.36488,52.97226],[-121.35866,52.97197],[-121.3582,52.97194],[-121.35819,52.9722],[-121.35811,52.97219],[-121.35758,52.96962]]]}},{"type":"Feature","properties":{"c":"1115425","o":"AGAFONTSEV, SERGEI ANATOLIEVICH","e":"2027-08-30Z"},"geometry":{"type":"Polygon","coordinates":[[[-121.42014,52.81661],[-121.42014,52.81245],[-121.42639,52.81245],[-121.43264,52.81245],[-121.43264,52.81661],[-121.42639,52.81661],[-121.42014,52.81661]]]}},{"type":"Feature","properties":{"c":"1120305","o":"YOUNG, CAMERON DWIGHT","e":"2027-03-01Z"},"geometry":{"type":"Polygon","coordinates":[[[-121.42637,52.95412],[-121.43263,52.95412],[-121.43263,52.95829],[-121.42638,52.95829],[-121.42637,52.95412]]]}},{"type":"Feature","properties":{"c":"1120991","o":"REYNOLDS, TODD PATRICK","e":"2030-01-24Z"},"geometry":{"type":"Polygon","coordinates":[[[-121.22637,52.95829],[-121.23262,52.95829],[-121.23262,52.96246],[-121.22637,52.96246],[-121.22637,52.95829]]]}},{"type":"Feature","properties":{"c":"409274","o":"579826 BC LTD","e":"2024-06-15Z"},"geometry":{"type":"Polygon","coordinates":[[[-121.36394,52.96361],[-121.37124,52.96308],[-121.37138,52.96378],[-121.37142,52.96395],[-121.37155,52.96459],[-121.37233,52.96835],[-121.37235,52.96844],[-121.37235,52.96849],[-121.37303,52.97174],[-121.37233,52.97181],[-121.36677,52.97235],[-121.37233,52.97261],[-121.37306,52.97264],[-121.37302,52.97298],[-121.37245,52.97748],[-121.37233,52.97844],[-121.37208,52.98037],[-121.36614,52.98012],[-121.36569,52.98256],[-121.36501,52.98633],[-121.36488,52.98632],[-121.36248,52.98619],[-121.36218,52.98617],[-121.36238,52.98601],[-121.3642,52.98453],[-121.36436,52.98441],[-121.36435,52.9844],[-121.36014,52.98256],[-121.35867,52.98191],[-121.35833,52.98177],[-121.35833,52.98176],[-121.35866,52.98005],[-121.35872,52.97977],[-121.35866,52.97977],[-121.35745,52.97971],[-121.35722,52.9797],[-121.3573,52.97922],[-121.35566,52.97909],[-121.35193,52.97877],[-121.35135,52.97855],[-121.35132,52.97854],[-121.35206,52.97523],[-121.35212,52.97494],[-121.3523,52.97411],[-121.35282,52.97177],[-121.3532,52.9718],[-121.35744,52.97214],[-121.35811,52.97219],[-121.35819,52.9722],[-121.3582,52.97194],[-121.35866,52.97197],[-121.36488,52.97226],[-121.36563,52.9723],[-121.36564,52.9723],[-121.365,52.96908],[-121.36488,52.96846],[-121.36412,52.96459],[-121.36399,52.96395],[-121.36394,52.96368],[-121.36393,52.96361],[-121.36394,52.96361]]]}},{"type":"Feature","properties":{"c":"1138467","o":"WILDER, DARA MAXWELL","e":"2027-09-03Z"},"geometry":{"type":"Polygon","coordinates":[[[-121.45762,52.62077],[-121.45762,52.61661],[-121.46387,52.61661],[-121.47012,52.61661],[-121.47012,52.62077],[-121.46387,52.62077],[-121.45762,52.62077]]]}},{"type":"Feature","properties":{"c":"1138468","o":"WILDER, DARA MAXWELL","e":"2027-09-03Z"},"geometry":{"type":"Polygon","coordinates":[[[-121.45762,52.61661],[-121.45762,52.61244],[-121.46387,52.61244],[-121.47012,52.61244],[-121.47012,52.61661],[-121.46387,52.61661],[-121.45762,52.61661]]]}},{"type":"Feature","properties":{"c":"1138469","o":"KARPETZ, CURTIS LEE","e":"2027-09-03Z"},"geometry":{"type":"Polygon","coordinates":[[[-121.12012,52.96662],[-121.11387,52.96662],[-121.10763,52.96662],[-121.10138,52.96662],[-121.09513,52.96662],[-121.08888,52.96662],[-121.08263,52.96662],[-121.07638,52.96662],[-121.07637,52.96245],[-121.07637,52.95828],[-121.07637,52.95412],[-121.07012,52.95412],[-121.06387,52.95412],[-121.06387,52.94995],[-121.07012,52.94995],[-121.07637,52.94995],[-121.08262,52.94995],[-121.08887,52.94995],[-121.09512,52.94995],[-121.09512,52.94579],[-121.10137,52.94579],[-121.10137,52.94995],[-121.10137,52.95412],[-121.10762,52.95412],[-121.11387,52.95412],[-121.12012,52.95412],[-121.12012,52.95829],[-121.12012,52.96245],[-121.12012,52.96662]]]}},{"type":"Feature","properties":{"c":"1138472","o":"AGAFONTSEV, SERGEI ANATOLIEVICH","e":"2027-09-03Z"},"geometry":{"type":"Polygon","coordinates":[[[-121.43264,52.79578],[-121.42639,52.79578],[-121.42639,52.79161],[-121.42639,52.78745],[-121.43264,52.78745],[-121.43264,52.79161],[-121.43264,52.79578]]]}},{"type":"Feature","properties":{"c":"1138490","o":"ANDERSON, JEFFREY DAVID","e":"2027-09-03Z"},"geometry":{"type":"Polygon","coordinates":[[[-121.46387,52.58327],[-121.45762,52.58327],[-121.45762,52.57911],[-121.45762,52.57494],[-121.46387,52.57494],[-121.46387,52.57911],[-121.46387,52.58327]]]}},{"type":"Feature","properties":{"c":"1138544","o":"EAGLE PLAINS RESOURCES LTD.","e":"2027-09-03Z"},"geometry":{"type":"Polygon","coordinates":[[[-121.47638,52.65411],[-121.48263,52.65411],[-121.48263,52.65828],[-121.47638,52.65828],[-121.47638,52.65411]]]}},{"type":"Feature","properties":{"c":"1138545","o":"EAGLE PLAINS RESOURCES LTD.","e":"2027-09-03Z"},"geometry":{"type":"Polygon","coordinates":[[[-121.48888,52.65828],[-121.48263,52.65828],[-121.48263,52.65411],[-121.48263,52.64994],[-121.48263,52.64578],[-121.47638,52.64578],[-121.47013,52.64578],[-121.46388,52.64578],[-121.45762,52.64578],[-121.45762,52.64161],[-121.46387,52.64161],[-121.47013,52.64161],[-121.47638,52.64161],[-121.48263,52.64161],[-121.48263,52.63744],[-121.48888,52.63744],[-121.48888,52.64161],[-121.48888,52.64578],[-121.48888,52.64994],[-121.48888,52.65411],[-121.48888,52.65828]]]}},{"type":"Feature","properties":{"c":"1138548","o":"ZION MINERALS LTD","e":"2027-09-03Z"},"geometry":{"type":"Polygon","coordinates":[[[-121.27012,52.62078],[-121.26387,52.62078],[-121.25762,52.62078],[-121.25762,52.61661],[-121.25762,52.61245],[-121.25761,52.60828],[-121.25761,52.60411],[-121.25761,52.59995],[-121.25761,52.59578],[-121.2576,52.59161],[-121.2576,52.58744],[-121.2576,52.58328],[-121.2576,52.57911],[-121.2576,52.57494],[-121.2576,52.57078],[-121.26385,52.57078],[-121.2701,52.57078],[-121.2701,52.57494],[-121.2701,52.57911],[-121.2701,52.58328],[-121.2701,52.58744],[-121.2701,52.59161],[-121.27011,52.59578],[-121.27011,52.59995],[-121.27011,52.60411],[-121.27011,52.60828],[-121.27012,52.61245],[-121.27012,52.61661],[-121.27012,52.62078]]]}},{"type":"Feature","properties":{"c":"1138551","o":"EAGLE PLAINS RESOURCES LTD.","e":"2027-09-03Z"},"geometry":{"type":"Polygon","coordinates":[[[-121.48263,52.66661],[-121.47638,52.66661],[-121.47013,52.66661],[-121.47013,52.66244],[-121.47013,52.65828],[-121.47638,52.65828],[-121.48263,52.65828],[-121.48888,52.65828],[-121.48888,52.66244],[-121.48263,52.66244],[-121.48263,52.66661]]]}},{"type":"Feature","properties":{"c":"1134861","o":"RUSSELL, DAVID ALEXANDER","e":"2027-07-02Z"},"geometry":{"type":"Polygon","coordinates":[[[-121.06384,52.64162],[-121.06384,52.63745],[-121.07009,52.63745],[-121.07634,52.63745],[-121.07634,52.64162],[-121.07009,52.64162],[-121.06384,52.64162]]]}},{"type":"Feature","properties":{"c":"1131592","o":"TAIPALE, ARVO OSKARI","e":"2027-03-25Z"},"geometry":{"type":"Polygon","coordinates":[[[-121.34513,52.98746],[-121.35138,52.98746],[-121.35138,52.99163],[-121.34513,52.99163],[-121.34513,52.98746]]]}},{"type":"Feature","properties":{"c":"1137936","o":"ROY, BRYAN RAYMOND","e":"2027-08-28Z"},"geometry":{"type":"Polygon","coordinates":[[[-121.43887,52.90829],[-121.44512,52.90829],[-121.44512,52.91245],[-121.43887,52.91245],[-121.43887,52.90829]]]}},{"type":"Feature","properties":{"c":"1134793","o":"LODDER, CHRIS ANDREA","e":"2027-06-30Z"},"geometry":{"type":"Polygon","coordinates":[[[-121.26387,52.84995],[-121.25762,52.84995],[-121.25137,52.84995],[-121.25136,52.84579],[-121.25136,52.84162],[-121.25761,52.84162],[-121.25761,52.83745],[-121.26386,52.83745],[-121.26386,52.84162],[-121.26387,52.84578],[-121.26387,52.84995]]]}},{"type":"Feature","properties":{"c":"1134863","o":"RUSSELL, DAVID ALEXANDER","e":"2027-07-02Z"},"geometry":{"type":"Polygon","coordinates":[[[-121.05134,52.64162],[-121.05134,52.63745],[-121.05759,52.63745],[-121.06384,52.63745],[-121.06384,52.64162],[-121.05759,52.64162],[-121.05134,52.64162]]]}},{"type":"Feature","properties":{"c":"1070574","o":"EARL, AARON DOUGLAS","e":"2035-01-26Z"},"geometry":{"type":"Polygon","coordinates":[[[-121.48888,52.67078],[-121.48263,52.67078],[-121.48263,52.66661],[-121.48888,52.66661],[-121.49513,52.66661],[-121.50138,52.66661],[-121.50138,52.67078],[-121.49513,52.67078],[-121.48888,52.67078]]]}},{"type":"Feature","properties":{"c":"394975","o":"BONDARCHUK, DEVON COLE","e":"2035-08-27Z"},"geometry":{"type":"Polygon","coordinates":[[[-121.35917,52.96393],[-121.35999,52.96385],[-121.35819,52.96154],[-121.35592,52.95864],[-121.35504,52.95752],[-121.35436,52.95665],[-121.35318,52.957],[-121.35316,52.95697],[-121.3553,52.95631],[-121.35785,52.95552],[-121.35809,52.95557],[-121.3599,52.95505],[-121.36243,52.95804],[-121.36295,52.95864],[-121.36364,52.95946],[-121.36375,52.95959],[-121.36394,52.95981],[-121.3665,52.96282],[-121.36394,52.96361],[-121.36393,52.96361],[-121.35917,52.96393]]]}},{"type":"Feature","properties":{"c":"1073730","o":"BONDARCHUK, DEVON COLE","e":"2035-01-15Z"},"geometry":{"type":"Polygon","coordinates":[[[-121.36387,52.96246],[-121.37012,52.96246],[-121.37013,52.96662],[-121.36388,52.96662],[-121.36387,52.96246]]]}},{"type":"Feature","properties":{"c":"1100609","o":"BONDARCHUK, DEVON COLE","e":"2035-08-27Z"},"geometry":{"type":"Polygon","coordinates":[[[-121.37637,52.96246],[-121.37012,52.96246],[-121.36387,52.96246],[-121.36387,52.95829],[-121.36387,52.95412],[-121.37012,52.95412],[-121.37012,52.94996],[-121.37637,52.94996],[-121.37637,52.95412],[-121.37637,52.95829],[-121.37637,52.96246]]]}},{"type":"Feature","properties":{"c":"1137014","o":"HUBNER, DARREN PAUL","e":"2027-08-11Z"},"geometry":{"type":"Polygon","coordinates":[[[-121.44513,52.72495],[-121.45138,52.72495],[-121.45138,52.72912],[-121.44513,52.72912],[-121.44513,52.72495]]]}},{"type":"Feature","properties":{"c":"1104605","o":"EPP, ISAAC CORNELIUS","e":"2026-11-15Z"},"geometry":{"type":"Polygon","coordinates":[[[-121.42013,52.75412],[-121.41388,52.75412],[-121.41388,52.74995],[-121.41388,52.74579],[-121.42013,52.74579],[-121.42638,52.74579],[-121.42638,52.74995],[-121.42013,52.74995],[-121.42013,52.75412]]]}},{"type":"Feature","properties":{"c":"1137977","o":"JESSEN, AUSTIN LORENZ","e":"2027-08-28Z"},"geometry":{"type":"Polygon","coordinates":[[[-121.43262,52.90412],[-121.43887,52.90412],[-121.43887,52.90829],[-121.43262,52.90829],[-121.43262,52.90412]]]}},{"type":"Feature","properties":{"c":"1115446","o":"BOT, JOHN CHRISOSTOM","e":"2027-02-28Z"},"geometry":{"type":"Polygon","coordinates":[[[-121.02634,52.78329],[-121.0326,52.78329],[-121.0326,52.78746],[-121.02634,52.78746],[-121.02634,52.78329]]]}},{"type":"Feature","properties":{"c":"1104909","o":"ADAM, DAKOTA LYNDON MATTHEW","e":"2029-01-21Z"},"geometry":{"type":"Polygon","coordinates":[[[-121.42638,52.85828],[-121.42638,52.85411],[-121.43263,52.85411],[-121.43888,52.85411],[-121.43888,52.85828],[-121.43263,52.85828],[-121.42638,52.85828]]]}},{"type":"Feature","properties":{"c":"1104910","o":"ADAM, DAKOTA LYNDON MATTHEW","e":"2029-01-21Z"},"geometry":{"type":"Polygon","coordinates":[[[-121.44513,52.86245],[-121.43888,52.86245],[-121.43888,52.85828],[-121.43888,52.85411],[-121.44513,52.85411],[-121.44513,52.85828],[-121.44513,52.86245]]]}},{"type":"Feature","properties":{"c":"1128957","o":"DERRIEN, ANTHONY CHARLS","e":"2034-11-30Z"},"geometry":{"type":"Polygon","coordinates":[[[-121.48263,53.02079],[-121.47638,53.02079],[-121.47638,53.01663],[-121.47638,53.01246],[-121.47638,53.00829],[-121.47013,53.00829],[-121.47013,53.01246],[-121.47013,53.01663],[-121.46388,53.01663],[-121.46388,53.02079],[-121.46388,53.02496],[-121.46388,53.02913],[-121.45763,53.02913],[-121.45138,53.02913],[-121.45138,53.03329],[-121.44513,53.03329],[-121.43888,53.03329],[-121.43888,53.02913],[-121.43888,53.02496],[-121.43888,53.02079],[-121.44513,53.02079],[-121.44513,53.01663],[-121.44513,53.01246],[-121.44513,53.00829],[-121.44513,53.00413],[-121.44513,52.99996],[-121.43888,52.99996],[-121.43888,52.99579],[-121.44513,52.99579],[-121.45138,52.99579],[-121.45763,52.99579],[-121.46388,52.99579],[-121.47013,52.99579],[-121.47638,52.99579],[-121.48263,52.99579],[-121.48263,52.99996],[-121.48263,53.00412],[-121.48263,53.00829],[-121.48888,53.00829],[-121.48888,53.01246],[-121.48263,53.01246],[-121.48263,53.01663],[-121.48263,53.02079]]]}},{"type":"Feature","properties":{"c":"1066061","o":"ROUTLEDGE, MORGAN MATTHEW","e":"2029-12-29Z"},"geometry":{"type":"Polygon","coordinates":[[[-121.21387,52.94162],[-121.22012,52.94162],[-121.22012,52.94579],[-121.21387,52.94579],[-121.21387,52.94162]]]}},{"type":"Feature","properties":{"c":"1138364","o":"BOT, JOHN CHRISOSTOM","e":"2027-09-01Z"},"geometry":{"type":"Polygon","coordinates":[[[-121.02009,52.77912],[-121.01384,52.77912],[-121.01384,52.77496],[-121.02009,52.77496],[-121.02634,52.77496],[-121.03259,52.77496],[-121.03259,52.77912],[-121.02634,52.77912],[-121.02009,52.77912]]]}},{"type":"Feature","properties":{"c":"1138369","o":"ADAMSON, CHRISTOPHER","e":"2027-09-01Z"},"geometry":{"type":"Polygon","coordinates":[[[-121.50764,52.83745],[-121.50139,52.83745],[-121.50139,52.83328],[-121.49514,52.83328],[-121.49514,52.82911],[-121.50139,52.82911],[-121.50764,52.82911],[-121.50764,52.83328],[-121.50764,52.83745]]]}},{"type":"Feature","properties":{"c":"1138371","o":"INGENUITY EXPLORATION","e":"2027-09-01Z"},"geometry":{"type":"Polygon","coordinates":[[[-121.51387,52.55827],[-121.50762,52.55827],[-121.50762,52.55411],[-121.50137,52.55411],[-121.49512,52.55411],[-121.49512,52.54994],[-121.48886,52.54994],[-121.48261,52.54994],[-121.48261,52.54577],[-121.48886,52.54577],[-121.49511,52.54577],[-121.50136,52.54577],[-121.50762,52.54577],[-121.51387,52.54577],[-121.51387,52.54994],[-121.51387,52.55411],[-121.51387,52.55827]]]}},{"type":"Feature","properties":{"c":"1138372","o":"EAGLE PLAINS RESOURCES LTD.","e":"2027-09-01Z"},"geometry":{"type":"Polygon","coordinates":[[[-121.50762,52.56244],[-121.50137,52.56244],[-121.50137,52.55827],[-121.49512,52.55827],[-121.49512,52.55411],[-121.50137,52.55411],[-121.50762,52.55411],[-121.50762,52.55827],[-121.50762,52.56244]]]}},{"type":"Feature","properties":{"c":"1138373","o":"RAWLINSON, WALTER WILLIAM","e":"2027-09-01Z"},"geometry":{"type":"Polygon","coordinates":[[[-121.41387,52.62911],[-121.40762,52.62911],[-121.40137,52.62911],[-121.40137,52.62494],[-121.40137,52.62078],[-121.40762,52.62078],[-121.41387,52.62078],[-121.41387,52.62494],[-121.41387,52.62911]]]}},{"type":"Feature","properties":{"c":"1114097","o":"MILL, RICHARD H","e":"2026-12-28Z"},"geometry":{"type":"Polygon","coordinates":[[[-121.48889,52.79995],[-121.49514,52.79995],[-121.49514,52.80411],[-121.48889,52.80411],[-121.48889,52.79995]]]}},{"type":"Feature","properties":{"c":"1139137","o":"MORONI, LOUIS MICHAEL","e":"2027-09-18Z"},"geometry":{"type":"Polygon","coordinates":[[[-121.00762,52.96662],[-121.01387,52.96662],[-121.01387,52.97079],[-121.00762,52.97079],[-121.00762,52.96662]]]}},{"type":"Feature","properties":{"c":"1139148","o":"BONDARCHUK, DEVON COLE","e":"2027-09-18Z"},"geometry":{"type":"Polygon","coordinates":[[[-121.19512,52.92496],[-121.20137,52.92496],[-121.20137,52.92912],[-121.19512,52.92912],[-121.19512,52.92496]]]}},{"type":"Feature","properties":{"c":"1139159","o":"PARFITT, CHRIS ALAN","e":"2027-09-18Z"},"geometry":{"type":"Polygon","coordinates":[[[-121.52639,52.82911],[-121.52014,52.82911],[-121.51389,52.82911],[-121.50764,52.82911],[-121.50764,52.82495],[-121.50139,52.82495],[-121.49514,52.82495],[-121.48889,52.82495],[-121.48264,52.82495],[-121.48264,52.82078],[-121.48264,52.81661],[-121.48264,52.81245],[-121.48264,52.80828],[-121.48889,52.80828],[-121.49514,52.80828],[-121.50139,52.80828],[-121.50139,52.81245],[-121.50764,52.81245],[-121.51389,52.81245],[-121.52014,52.81245],[-121.52639,52.81245],[-121.52639,52.81661],[-121.53264,52.81661],[-121.53264,52.82078],[-121.53264,52.82495],[-121.53889,52.82494],[-121.53889,52.82911],[-121.53264,52.82911],[-121.52639,52.82911]]]}},{"type":"Feature","properties":{"c":"1139169","o":"DUBE, SETH","e":"2027-09-18Z"},"geometry":{"type":"Polygon","coordinates":[[[-121.45138,52.72495],[-121.45763,52.72495],[-121.45763,52.72912],[-121.45138,52.72912],[-121.45138,52.72495]]]}},{"type":"Feature","properties":{"c":"1139171","o":"COSTER, BLAIR EDWARD","e":"2027-09-18Z"},"geometry":{"type":"Polygon","coordinates":[[[-121.12013,52.97912],[-121.11388,52.97912],[-121.11388,52.97495],[-121.11388,52.97079],[-121.12013,52.97079],[-121.12638,52.97079],[-121.12638,52.97495],[-121.12013,52.97495],[-121.12013,52.97912]]]}},{"type":"Feature","properties":{"c":"1128025","o":"MELLUM, NICOLAS ROBERT","e":"2034-12-30Z"},"geometry":{"type":"MultiPolygon","coordinates":[[[[-121.49513,52.99162],[-121.48888,52.99162],[-121.48888,52.99579],[-121.48263,52.99579],[-121.47638,52.99579],[-121.47013,52.99579],[-121.46388,52.99579],[-121.45763,52.99579],[-121.45138,52.99579],[-121.44513,52.99579],[-121.43888,52.99579],[-121.43888,52.99163],[-121.43888,52.98746],[-121.43888,52.98329],[-121.43888,52.97912],[-121.44513,52.97912],[-121.45138,52.97912],[-121.45138,52.98329],[-121.45763,52.98329],[-121.45763,52.97912],[-121.45763,52.97496],[-121.45138,52.97496],[-121.45138,52.97079],[-121.44513,52.97079],[-121.44513,52.96662],[-121.43888,52.96662],[-121.43888,52.96246],[-121.43888,52.95829],[-121.44513,52.95829],[-121.44513,52.96246],[-121.45138,52.96246],[-121.45138,52.96662],[-121.45763,52.96662],[-121.45763,52.97079],[-121.46388,52.97079],[-121.46388,52.97496],[-121.47013,52.97496],[-121.47013,52.97912],[-121.47013,52.98329],[-121.47013,52.98746],[-121.47638,52.98746],[-121.48263,52.98746],[-121.48888,52.98746],[-121.48888,52.98329],[-121.49513,52.98329],[-121.49513,52.98746],[-121.49513,52.99162]],[[-121.46388,52.98746],[-121.45763,52.98746],[-121.45763,52.99162],[-121.46388,52.99162],[-121.46388,52.98746]]]]}},{"type":"Feature","properties":{"c":"1102436","o":"MELLUM, NICOLAS ROBERT","e":"2034-12-30Z"},"geometry":{"type":"Polygon","coordinates":[[[-121.45763,52.98746],[-121.46388,52.98746],[-121.46388,52.99162],[-121.45763,52.99162],[-121.45763,52.98746]]]}},{"type":"Feature","properties":{"c":"1138701","o":"POTYOK, GREGORY JAMES","e":"2027-09-11Z"},"geometry":{"type":"Polygon","coordinates":[[[-121.23887,52.98329],[-121.24512,52.98329],[-121.24512,52.98746],[-121.23887,52.98746],[-121.23887,52.98329]]]}},{"type":"Feature","properties":{"c":"1138704","o":"MACKAY, GRAEME STUART","e":"2027-09-11Z"},"geometry":{"type":"Polygon","coordinates":[[[-121.14513,52.97496],[-121.14512,52.97079],[-121.15137,52.97079],[-121.15762,52.97079],[-121.15762,52.97496],[-121.15137,52.97496],[-121.14513,52.97496]]]}},{"type":"Feature","properties":{"c":"1138752","o":"BARRY, ANTHONY JOSEPH","e":"2027-09-11Z"},"geometry":{"type":"Polygon","coordinates":[[[-121.13262,52.94162],[-121.12637,52.94162],[-121.12637,52.93746],[-121.12637,52.93329],[-121.13262,52.93329],[-121.13887,52.93329],[-121.13887,52.93746],[-121.13262,52.93746],[-121.13262,52.94162]]]}},{"type":"Feature","properties":{"c":"1138721","o":"KURK, BRADLEY RONALD","e":"2027-09-11Z"},"geometry":{"type":"Polygon","coordinates":[[[-121.28262,52.97913],[-121.27637,52.97913],[-121.27637,52.97496],[-121.28262,52.97496],[-121.28887,52.97496],[-121.29512,52.97496],[-121.29512,52.97913],[-121.28887,52.97913],[-121.28262,52.97913]]]}},{"type":"Feature","properties":{"c":"1139123","o":"BARRY, ANTHONY JOSEPH","e":"2027-03-17Z"},"geometry":{"type":"Polygon","coordinates":[[[-121.00762,52.97079],[-121.01387,52.97079],[-121.01388,52.97495],[-121.00762,52.97495],[-121.00762,52.97079]]]}},{"type":"Feature","properties":{"c":"1139127","o":"BARRY, ANTHONY JOSEPH","e":"2027-03-17Z"},"geometry":{"type":"Polygon","coordinates":[[[-120.99512,52.97079],[-120.99512,52.96662],[-121.00137,52.96662],[-121.00762,52.96662],[-121.00762,52.97079],[-121.00137,52.97079],[-120.99512,52.97079]]]}},{"type":"Feature","properties":{"c":"1139355","o":"DUBE, SETH","e":"2027-09-20Z"},"geometry":{"type":"Polygon","coordinates":[[[-121.36387,52.75828],[-121.36387,52.75412],[-121.37012,52.75412],[-121.37638,52.75412],[-121.37638,52.75828],[-121.37012,52.75828],[-121.36387,52.75828]]]}},{"type":"Feature","properties":{"c":"1139357","o":"GUST, NICHOLAS","e":"2027-09-20Z"},"geometry":{"type":"Polygon","coordinates":[[[-121.37638,52.75412],[-121.38263,52.75412],[-121.38263,52.75828],[-121.37638,52.75828],[-121.37638,52.75412]]]}},{"type":"Feature","properties":{"c":"1114395","o":"WILDER, COTE BO","e":"2027-04-10Z"},"geometry":{"type":"Polygon","coordinates":[[[-121.46387,52.62494],[-121.47012,52.62494],[-121.47012,52.62911],[-121.46387,52.62911],[-121.46387,52.62494]]]}},{"type":"Feature","properties":{"c":"1126019","o":"GORSKI, MATTHEW JOSEPH","e":"2027-09-17Z"},"geometry":{"type":"Polygon","coordinates":[[[-121.33887,52.77911],[-121.34512,52.77911],[-121.34512,52.78328],[-121.33887,52.78328],[-121.33887,52.77911]]]}},{"type":"Feature","properties":{"c":"1126020","o":"SEVEN5SEVEN HOLDINGS LTD","e":"2027-12-01Z"},"geometry":{"type":"Polygon","coordinates":[[[-121.44513,52.72495],[-121.43888,52.72495],[-121.43888,52.72078],[-121.43888,52.71662],[-121.44513,52.71662],[-121.44513,52.72078],[-121.44513,52.72495]]]}},{"type":"Feature","properties":{"c":"1091458","o":"CREAMER, WARREN COREY","e":"2029-02-27Z"},"geometry":{"type":"Polygon","coordinates":[[[-121.45138,52.68328],[-121.44513,52.68328],[-121.44513,52.67911],[-121.44513,52.67494],[-121.45138,52.67494],[-121.45138,52.67911],[-121.45138,52.68328]]]}},{"type":"Feature","properties":{"c":"1045439","o":"ZAHACY, DARCY PETER","e":"2030-12-20Z"},"geometry":{"type":"Polygon","coordinates":[[[-121.45138,52.70411],[-121.45763,52.70411],[-121.45763,52.70828],[-121.45138,52.70828],[-121.45138,52.70411]]]}},{"type":"Feature","properties":{"c":"1050648","o":"TURNER, TERRY LEROY","e":"2026-10-09Z"},"geometry":{"type":"Polygon","coordinates":[[[-121.45763,52.67494],[-121.46388,52.67494],[-121.46388,52.67911],[-121.45763,52.67911],[-121.45763,52.67494]]]}},{"type":"Feature","properties":{"c":"1025579","o":"FUNK, BRUCE LEO","e":"2026-12-07Z"},"geometry":{"type":"Polygon","coordinates":[[[-121.31387,52.80828],[-121.30762,52.80828],[-121.30762,52.80411],[-121.31387,52.80411],[-121.32012,52.80411],[-121.32637,52.80411],[-121.32637,52.80828],[-121.32012,52.80828],[-121.31387,52.80828]]]}},{"type":"Feature","properties":{"c":"1049305","o":"FUNK, BRUCE LEO","e":"2030-01-18Z"},"geometry":{"type":"Polygon","coordinates":[[[-121.30762,52.79995],[-121.31387,52.79995],[-121.31387,52.80411],[-121.30762,52.80411],[-121.30762,52.79995]]]}},{"type":"Feature","properties":{"c":"1019541","o":"GRAFE, THOMAS MICHAEL","e":"2035-12-01Z"},"geometry":{"type":"Polygon","coordinates":[[[-121.35137,52.90829],[-121.34512,52.90829],[-121.34512,52.90412],[-121.35137,52.90412],[-121.35762,52.90412],[-121.36387,52.90412],[-121.36387,52.90829],[-121.35762,52.90829],[-121.35137,52.90829]]]}},{"type":"Feature","properties":{"c":"1121217","o":"ADDIE, LLOYD JOHN","e":"2027-02-27Z"},"geometry":{"type":"Polygon","coordinates":[[[-121.38887,52.60411],[-121.38262,52.60411],[-121.37637,52.60411],[-121.37637,52.59994],[-121.37637,52.59578],[-121.38262,52.59578],[-121.38887,52.59578],[-121.38887,52.59994],[-121.38887,52.60411]]]}},{"type":"Feature","properties":{"c":"1122373","o":"HALL, BRIAN JOHN","e":"2027-09-20Z"},"geometry":{"type":"Polygon","coordinates":[[[-121.44513,52.66244],[-121.45138,52.66244],[-121.45138,52.66661],[-121.44513,52.66661],[-121.44513,52.66244]]]}},{"type":"Feature","properties":{"c":"1122374","o":"HALL, BRIAN JOHN","e":"2027-09-20Z"},"geometry":{"type":"Polygon","coordinates":[[[-121.44513,52.66661],[-121.45138,52.66661],[-121.45138,52.67078],[-121.44513,52.67078],[-121.44513,52.66661]]]}},{"type":"Feature","properties":{"c":"1122375","o":"HALL, BRIAN JOHN","e":"2027-09-20Z"},"geometry":{"type":"Polygon","coordinates":[[[-121.44513,52.68745],[-121.45138,52.68745],[-121.45138,52.69161],[-121.44513,52.69161],[-121.44513,52.68745]]]}},{"type":"Feature","properties":{"c":"1122376","o":"HALL, BRIAN JOHN","e":"2027-09-20Z"},"geometry":{"type":"Polygon","coordinates":[[[-121.44513,52.68328],[-121.45138,52.68328],[-121.45138,52.68745],[-121.44513,52.68745],[-121.44513,52.68328]]]}},{"type":"Feature","properties":{"c":"1122483","o":"BINICHAKIS, MITCH LEIGHTON","e":"2036-03-23Z"},"geometry":{"type":"Polygon","coordinates":[[[-121.41388,52.86245],[-121.42013,52.86245],[-121.42013,52.86662],[-121.41388,52.86662],[-121.41388,52.86245]]]}},{"type":"Feature","properties":{"c":"1124815","o":"HALL, BRIAN JOHN","e":"2027-09-20Z"},"geometry":{"type":"Polygon","coordinates":[[[-121.48888,52.72078],[-121.48263,52.72078],[-121.47638,52.72078],[-121.47013,52.72078],[-121.46388,52.72078],[-121.46388,52.71661],[-121.46388,52.71245],[-121.46388,52.70828],[-121.46388,52.70411],[-121.46388,52.69995],[-121.45763,52.69995],[-121.45138,52.69995],[-121.44513,52.69995],[-121.43888,52.69995],[-121.43888,52.69578],[-121.43888,52.69161],[-121.43888,52.68745],[-121.43888,52.68328],[-121.43888,52.67911],[-121.43888,52.67494],[-121.43888,52.67078],[-121.43887,52.66661],[-121.43887,52.66244],[-121.43887,52.65828],[-121.43262,52.65828],[-121.42637,52.65828],[-121.42012,52.65828],[-121.41387,52.65828],[-121.40762,52.65828],[-121.40137,52.65828],[-121.40137,52.65411],[-121.40137,52.64994],[-121.40137,52.64578],[-121.39512,52.64578],[-121.38887,52.64578],[-121.38262,52.64578],[-121.37637,52.64578],[-121.37012,52.64578],[-121.36387,52.64578],[-121.35762,52.64578],[-121.35137,52.64578],[-121.35138,52.64995],[-121.35138,52.65411],[-121.35138,52.65828],[-121.35763,52.65828],[-121.35763,52.66245],[-121.35763,52.66661],[-121.35763,52.67078],[-121.35763,52.67495],[-121.36388,52.67495],[-121.37013,52.67495],[-121.37013,52.67911],[-121.37013,52.68328],[-121.37013,52.68745],[-121.36388,52.68745],[-121.35763,52.68745],[-121.35138,52.68745],[-121.35138,52.68328],[-121.34513,52.68328],[-121.33888,52.68328],[-121.33888,52.67911],[-121.33888,52.67495],[-121.33888,52.67078],[-121.33888,52.66661],[-121.33888,52.66245],[-121.33888,52.65828],[-121.34513,52.65828],[-121.34513,52.65411],[-121.34513,52.64995],[-121.34512,52.64578],[-121.34512,52.64161],[-121.34512,52.63745],[-121.34512,52.63328],[-121.34512,52.62911],[-121.34512,52.62495],[-121.35137,52.62494],[-121.35762,52.62494],[-121.36387,52.62494],[-121.37012,52.62494],[-121.37637,52.62494],[-121.38262,52.62494],[-121.38887,52.62494],[-121.39512,52.62494],[-121.40137,52.62494],[-121.40137,52.62911],[-121.40137,52.63328],[-121.40762,52.63328],[-121.40762,52.63744],[-121.41387,52.63744],[-121.41387,52.64161],[-121.42012,52.64161],[-121.42637,52.64161],[-121.43262,52.64161],[-121.43262,52.64578],[-121.43887,52.64578],[-121.44512,52.64578],[-121.45137,52.64578],[-121.45137,52.64994],[-121.45137,52.65411],[-121.45138,52.65828],[-121.44512,52.65828],[-121.44513,52.66244],[-121.44513,52.66661],[-121.44513,52.67078],[-121.44513,52.67494],[-121.44513,52.67911],[-121.44513,52.68328],[-121.44513,52.68745],[-121.44513,52.69161],[-121.44513,52.69578],[-121.45138,52.69578],[-121.45763,52.69578],[-121.46388,52.69578],[-121.47013,52.69578],[-121.47013,52.69995],[-121.47013,52.70411],[-121.47013,52.70828],[-121.47013,52.71245],[-121.47013,52.71661],[-121.47638,52.71661],[-121.48263,52.71661],[-121.48888,52.71661],[-121.49513,52.71661],[-121.50138,52.71661],[-121.50138,52.72078],[-121.49513,52.72078],[-121.48888,52.72078]]]}},{"type":"Feature","properties":{"c":"1118785","o":"DOLAN, BRADLEY WAYNE","e":"2029-10-14Z"},"geometry":{"type":"Polygon","coordinates":[[[-121.36387,52.76245],[-121.35762,52.76245],[-121.35762,52.75828],[-121.35762,52.75412],[-121.35762,52.74995],[-121.36387,52.74995],[-121.37012,52.74995],[-121.37012,52.75412],[-121.36387,52.75412],[-121.36387,52.75828],[-121.36387,52.76245]]]}},{"type":"Feature","properties":{"c":"1109135","o":"MUNROE, NIGEL","e":"2035-12-01Z"},"geometry":{"type":"Polygon","coordinates":[[[-121.38262,52.90412],[-121.37637,52.90412],[-121.37637,52.89995],[-121.37637,52.89579],[-121.38262,52.89579],[-121.38262,52.89995],[-121.38262,52.90412]]]}},{"type":"Feature","properties":{"c":"1117470","o":"MUNROE, NIGEL","e":"2035-11-18Z"},"geometry":{"type":"Polygon","coordinates":[[[-121.34512,52.90829],[-121.35137,52.90829],[-121.35137,52.91246],[-121.34512,52.91246],[-121.34512,52.90829]]]}},{"type":"Feature","properties":{"c":"1118370","o":"MUNROE, NIGEL","e":"2035-12-31Z"},"geometry":{"type":"Polygon","coordinates":[[[-121.36387,52.92496],[-121.35762,52.92496],[-121.35762,52.92079],[-121.35762,52.91662],[-121.36387,52.91662],[-121.36387,52.92079],[-121.36387,52.92496]]]}},{"type":"Feature","properties":{"c":"1081242","o":"BONDARCHUK, DEVON COLE","e":"2035-08-27Z"},"geometry":{"type":"Polygon","coordinates":[[[-121.37012,52.94162],[-121.36387,52.94162],[-121.36387,52.93746],[-121.35762,52.93746],[-121.35762,52.93329],[-121.35762,52.92912],[-121.35762,52.92496],[-121.36387,52.92496],[-121.37012,52.92496],[-121.37012,52.92912],[-121.37012,52.93329],[-121.37012,52.93746],[-121.37012,52.94162]]]}},{"type":"Feature","properties":{"c":"1100610","o":"BONDARCHUK, DEVON COLE","e":"2035-08-27Z"},"geometry":{"type":"Polygon","coordinates":[[[-121.38887,52.94996],[-121.38262,52.94996],[-121.37637,52.94996],[-121.37012,52.94996],[-121.37012,52.94579],[-121.37012,52.94162],[-121.37012,52.93746],[-121.37637,52.93746],[-121.37637,52.94162],[-121.38262,52.94162],[-121.38887,52.94162],[-121.38887,52.94579],[-121.38887,52.94996]]]}},{"type":"Feature","properties":{"c":"1114113","o":"BONDARCHUK, DEVON COLE","e":"2035-01-15Z"},"geometry":{"type":"Polygon","coordinates":[[[-121.35762,52.93746],[-121.36387,52.93746],[-121.36387,52.94162],[-121.35762,52.94162],[-121.35762,52.93746]]]}},{"type":"Feature","properties":{"c":"357536","o":"MILL, RICHARD H","e":"2027-03-01Z"},"geometry":{"type":"Polygon","coordinates":[[[-121.35104,52.92542],[-121.35313,52.92522],[-121.3531,52.92699],[-121.35327,52.92699],[-121.35341,52.92519],[-121.35588,52.92495],[-121.35691,52.92497],[-121.35845,52.92499],[-121.35846,52.92501],[-121.36064,52.9332],[-121.36074,52.93359],[-121.36036,52.93362],[-121.36019,52.93339],[-121.36011,52.93329],[-121.35908,52.9334],[-121.35423,52.93394],[-121.35431,52.93421],[-121.35339,52.9343],[-121.35324,52.9337],[-121.35104,52.92542]]]}},{"type":"Feature","properties":{"c":"1069589","o":"MARSHALL, DAVID EDWARD","e":"2030-11-01Z"},"geometry":{"type":"Polygon","coordinates":[[[-121.33263,52.96662],[-121.33888,52.96662],[-121.33888,52.97079],[-121.33263,52.97079],[-121.33263,52.96662]]]}},{"type":"Feature","properties":{"c":"1028929","o":"OLEKSYN ENTERPRISES LTD","e":"2033-07-12Z"},"geometry":{"type":"Polygon","coordinates":[[[-121.45763,52.67911],[-121.45138,52.67911],[-121.45138,52.67494],[-121.44513,52.67494],[-121.44513,52.67078],[-121.45138,52.67078],[-121.45138,52.66661],[-121.45763,52.66661],[-121.45763,52.67078],[-121.46388,52.67078],[-121.46388,52.67494],[-121.45763,52.67494],[-121.45763,52.67911]]]}},{"type":"Feature","properties":{"c":"1095555","o":"OLEKSYN ENTERPRISES LTD","e":"2033-07-12Z"},"geometry":{"type":"Polygon","coordinates":[[[-121.43888,52.67078],[-121.44513,52.67078],[-121.44513,52.67494],[-121.43888,52.67494],[-121.43888,52.67078]]]}},{"type":"Feature","properties":{"c":"1095554","o":"OLEKSYN ENTERPRISES LTD","e":"2033-07-12Z"},"geometry":{"type":"Polygon","coordinates":[[[-121.45138,52.67078],[-121.44513,52.67078],[-121.44513,52.66661],[-121.44513,52.66244],[-121.45138,52.66244],[-121.45138,52.66661],[-121.45138,52.67078]]]}},{"type":"Feature","properties":{"c":"1076540","o":"OLEKSYN ENTERPRISES LTD","e":"2033-07-12Z"},"geometry":{"type":"Polygon","coordinates":[[[-121.45763,52.66661],[-121.45138,52.66661],[-121.45138,52.66244],[-121.45138,52.65828],[-121.45763,52.65828],[-121.45763,52.66244],[-121.45763,52.66661]]]}},{"type":"Feature","properties":{"c":"1051159","o":"OLEKSYN ENTERPRISES LTD","e":"2033-07-12Z"},"geometry":{"type":"Polygon","coordinates":[[[-121.45763,52.65828],[-121.46388,52.65828],[-121.46388,52.66244],[-121.45763,52.66244],[-121.45763,52.65828]]]}},{"type":"Feature","properties":{"c":"1082322","o":"OLEKSYN ENTERPRISES LTD","e":"2033-07-12Z"},"geometry":{"type":"Polygon","coordinates":[[[-121.45763,52.65411],[-121.46388,52.65411],[-121.46388,52.65828],[-121.45763,52.65828],[-121.45763,52.65411]]]}},{"type":"Feature","properties":{"c":"1091651","o":"OLEKSYN ENTERPRISES LTD","e":"2033-07-12Z"},"geometry":{"type":"Polygon","coordinates":[[[-121.45763,52.64994],[-121.46388,52.64994],[-121.46388,52.65411],[-121.45763,52.65411],[-121.45763,52.64994]]]}},{"type":"Feature","properties":{"c":"1083110","o":"OLEKSYN ENTERPRISES LTD","e":"2033-07-12Z"},"geometry":{"type":"Polygon","coordinates":[[[-121.45763,52.65828],[-121.45138,52.65828],[-121.45138,52.66244],[-121.44513,52.66244],[-121.44512,52.65828],[-121.44512,52.65411],[-121.45137,52.65411],[-121.45137,52.64994],[-121.45763,52.64994],[-121.45763,52.65411],[-121.45763,52.65828]]]}},{"type":"Feature","properties":{"c":"1083112","o":"OLEKSYN ENTERPRISES LTD","e":"2033-07-12Z"},"geometry":{"type":"Polygon","coordinates":[[[-121.44513,52.66244],[-121.43887,52.66244],[-121.43887,52.65828],[-121.43262,52.65828],[-121.43262,52.65411],[-121.43262,52.64994],[-121.43887,52.64994],[-121.44512,52.64994],[-121.45137,52.64994],[-121.45137,52.65411],[-121.44512,52.65411],[-121.44512,52.65828],[-121.44513,52.66244]]]}},{"type":"Feature","properties":{"c":"1105963","o":"OLEKSYN ENTERPRISES LTD","e":"2033-07-12Z"},"geometry":{"type":"Polygon","coordinates":[[[-121.43262,52.65828],[-121.43887,52.65828],[-121.43887,52.66244],[-121.43262,52.66244],[-121.43262,52.65828]]]}},{"type":"Feature","properties":{"c":"1105964","o":"OLEKSYN ENTERPRISES LTD","e":"2033-07-12Z"},"geometry":{"type":"Polygon","coordinates":[[[-121.41387,52.64994],[-121.40762,52.64994],[-121.40762,52.64578],[-121.40762,52.64161],[-121.41387,52.64161],[-121.42012,52.64161],[-121.42012,52.64578],[-121.42637,52.64578],[-121.42637,52.64994],[-121.42012,52.64994],[-121.41387,52.64994]]]}},{"type":"Feature","properties":{"c":"1105962","o":"OLEKSYN ENTERPRISES LTD","e":"2033-07-12Z"},"geometry":{"type":"Polygon","coordinates":[[[-121.43262,52.65828],[-121.42637,52.65828],[-121.42637,52.65411],[-121.42012,52.65411],[-121.42012,52.64994],[-121.42637,52.64994],[-121.43262,52.64994],[-121.43262,52.65411],[-121.43262,52.65828]]]}},{"type":"Feature","properties":{"c":"1111256","o":"OLEKSYN ENTERPRISES LTD","e":"2028-10-01Z"},"geometry":{"type":"Polygon","coordinates":[[[-121.43887,52.64994],[-121.43887,52.64578],[-121.43262,52.64578],[-121.43262,52.64161],[-121.42637,52.64161],[-121.42012,52.64161],[-121.41387,52.64161],[-121.41387,52.63744],[-121.41387,52.63328],[-121.41387,52.62911],[-121.42012,52.62911],[-121.42012,52.63328],[-121.42012,52.63744],[-121.42637,52.63744],[-121.43262,52.63744],[-121.43887,52.63744],[-121.43887,52.64161],[-121.44512,52.64161],[-121.44512,52.64578],[-121.45137,52.64578],[-121.45137,52.64994],[-121.44512,52.64994],[-121.43887,52.64994]]]}},{"type":"Feature","properties":{"c":"1122071","o":"OLEKSYN ENTERPRISES LTD","e":"2028-10-01Z"},"geometry":{"type":"Polygon","coordinates":[[[-121.42637,52.64994],[-121.42637,52.64578],[-121.42012,52.64578],[-121.42012,52.64161],[-121.42637,52.64161],[-121.43262,52.64161],[-121.43262,52.64578],[-121.43887,52.64578],[-121.43887,52.64994],[-121.43262,52.64994],[-121.42637,52.64994]]]}},{"type":"Feature","properties":{"c":"1121452","o":"SCHEEPERS, BRADLEY KEVIN","e":"2026-10-25Z"},"geometry":{"type":"Polygon","coordinates":[[[-121.00137,52.96662],[-120.99512,52.96662],[-120.99512,52.96245],[-120.99512,52.95829],[-121.00137,52.95829],[-121.00137,52.95412],[-121.00137,52.94995],[-121.00762,52.94995],[-121.01387,52.94995],[-121.01387,52.95412],[-121.00762,52.95412],[-121.00762,52.95829],[-121.00762,52.96245],[-121.01387,52.96245],[-121.01387,52.96662],[-121.00762,52.96662],[-121.00137,52.96662]]]}},{"type":"Feature","properties":{"c":"1118607","o":"FALLIS, GLENN","e":"2027-01-15Z"},"geometry":{"type":"Polygon","coordinates":[[[-121.32637,52.96662],[-121.33263,52.96662],[-121.33263,52.97079],[-121.32638,52.97079],[-121.32637,52.96662]]]}},{"type":"Feature","properties":{"c":"1118609","o":"FALLIS, GLENN","e":"2027-01-15Z"},"geometry":{"type":"Polygon","coordinates":[[[-121.31387,52.97079],[-121.31387,52.96662],[-121.32012,52.96662],[-121.32637,52.96662],[-121.32638,52.97079],[-121.32012,52.97079],[-121.31387,52.97079]]]}},{"type":"Feature","properties":{"c":"1121939","o":"RODRICKS, CORNELIUS","e":"2027-10-15Z"},"geometry":{"type":"Polygon","coordinates":[[[-121.32637,52.86245],[-121.32012,52.86245],[-121.31387,52.86245],[-121.30762,52.86245],[-121.30137,52.86245],[-121.29512,52.86245],[-121.28887,52.86245],[-121.28887,52.86662],[-121.28887,52.87078],[-121.28887,52.87495],[-121.28887,52.87912],[-121.28887,52.88329],[-121.28262,52.88329],[-121.27637,52.88329],[-121.27012,52.88329],[-121.26387,52.88329],[-121.26387,52.87912],[-121.26387,52.87495],[-121.25762,52.87495],[-121.25137,52.87495],[-121.24512,52.87495],[-121.23887,52.87495],[-121.23887,52.87079],[-121.23887,52.86662],[-121.23262,52.86662],[-121.23262,52.86245],[-121.23887,52.86245],[-121.23887,52.85829],[-121.23886,52.85412],[-121.23886,52.84995],[-121.24511,52.84995],[-121.25137,52.84995],[-121.25762,52.84995],[-121.26387,52.84995],[-121.26387,52.84578],[-121.26386,52.84162],[-121.26386,52.83745],[-121.26386,52.83328],[-121.27011,52.83328],[-121.27636,52.83328],[-121.28262,52.83328],[-121.28887,52.83328],[-121.29512,52.83328],[-121.29512,52.83745],[-121.30137,52.83745],[-121.30137,52.84162],[-121.30762,52.84161],[-121.31387,52.84161],[-121.32012,52.84161],[-121.32637,52.84161],[-121.32637,52.84578],[-121.32637,52.84995],[-121.32637,52.85411],[-121.32637,52.85828],[-121.32637,52.86245]]]}},{"type":"Feature","properties":{"c":"1125845","o":"POTYOK, GREGORY JAMES","e":"2028-07-30Z"},"geometry":{"type":"Polygon","coordinates":[[[-121.27012,52.98746],[-121.27637,52.98746],[-121.27637,52.99163],[-121.27012,52.99163],[-121.27012,52.98746]]]}},{"type":"Feature","properties":{"c":"383184","o":"TURNER, TERRY LEROY","e":"2028-03-03Z"},"geometry":{"type":"Polygon","coordinates":[[[-121.477,52.66242],[-121.47703,52.66237],[-121.47931,52.65888],[-121.48237,52.65954],[-121.48511,52.66013],[-121.48814,52.66079],[-121.48774,52.66147],[-121.48592,52.66458],[-121.4853,52.66443],[-121.48441,52.66421],[-121.48219,52.66368],[-121.48219,52.66427],[-121.48184,52.6642],[-121.48134,52.66347],[-121.477,52.66242]]]}},{"type":"Feature","properties":{"c":"1132179","o":"SPANISH MOUNTAIN GOLD LTD.","e":"2027-04-13Z"},"geometry":{"type":"Polygon","coordinates":[[[-121.52637,52.55827],[-121.52012,52.55827],[-121.51387,52.55827],[-121.51387,52.55411],[-121.51387,52.54994],[-121.51387,52.54577],[-121.50762,52.54577],[-121.50136,52.54577],[-121.49511,52.54577],[-121.49511,52.54161],[-121.49511,52.53744],[-121.49511,52.53327],[-121.49511,52.52911],[-121.50136,52.52911],[-121.50136,52.52494],[-121.50136,52.52077],[-121.50761,52.52077],[-121.50761,52.52494],[-121.50761,52.52911],[-121.51386,52.52911],[-121.51386,52.53327],[-121.51386,52.53744],[-121.52011,52.53744],[-121.52012,52.54161],[-121.52012,52.54577],[-121.52012,52.54994],[-121.52637,52.54994],[-121.52637,52.55411],[-121.52637,52.55827]]]}},{"type":"Feature","properties":{"c":"1132190","o":"EAGLE PLAINS RESOURCES LTD.","e":"2027-04-13Z"},"geometry":{"type":"Polygon","coordinates":[[[-121.50762,52.57077],[-121.50137,52.57077],[-121.50137,52.56661],[-121.49512,52.56661],[-121.49512,52.56244],[-121.50137,52.56244],[-121.50762,52.56244],[-121.50762,52.56661],[-121.50762,52.57077]]]}},{"type":"Feature","properties":{"c":"1133172","o":"HALL, BRIAN JOHN","e":"2027-09-20Z"},"geometry":{"type":"Polygon","coordinates":[[[-121.44513,52.71662],[-121.45138,52.71661],[-121.45138,52.72078],[-121.44513,52.72078],[-121.44513,52.71662]]]}},{"type":"Feature","properties":{"c":"1133173","o":"HALL, BRIAN JOHN","e":"2027-09-20Z"},"geometry":{"type":"Polygon","coordinates":[[[-121.44513,52.72495],[-121.44513,52.72078],[-121.45138,52.72078],[-121.45763,52.72078],[-121.45763,52.72495],[-121.45138,52.72495],[-121.44513,52.72495]]]}},{"type":"Feature","properties":{"c":"1121205","o":"SPANISH MOUNTAIN GOLD LTD.","e":"2035-04-25Z"},"geometry":{"type":"Polygon","coordinates":[[[-121.40137,52.62078],[-121.39512,52.62078],[-121.38887,52.62078],[-121.38262,52.62078],[-121.37637,52.62078],[-121.37637,52.61661],[-121.37637,52.61244],[-121.38262,52.61244],[-121.38887,52.61244],[-121.39512,52.61244],[-121.40137,52.61244],[-121.40137,52.61661],[-121.40137,52.62078]]]}},{"type":"Feature","properties":{"c":"1130473","o":"ADDIE, LLOYD JOHN","e":"2028-02-24Z"},"geometry":{"type":"Polygon","coordinates":[[[-121.32011,52.55828],[-121.32636,52.55828],[-121.32636,52.56244],[-121.32011,52.56244],[-121.32011,52.55828]]]}},{"type":"Feature","properties":{"c":"1130475","o":"ADDIE, LLOYD JOHN","e":"2027-02-24Z"},"geometry":{"type":"Polygon","coordinates":[[[-121.37011,52.59994],[-121.37637,52.59994],[-121.37637,52.60411],[-121.37012,52.60411],[-121.37011,52.59994]]]}},{"type":"Feature","properties":{"c":"1130476","o":"ADDIE, LLOYD JOHN","e":"2027-02-24Z"},"geometry":{"type":"Polygon","coordinates":[[[-121.36386,52.59994],[-121.37011,52.59994],[-121.37012,52.60411],[-121.36386,52.60411],[-121.36386,52.59994]]]}},{"type":"Feature","properties":{"c":"1130477","o":"ADDIE, LLOYD JOHN","e":"2027-02-24Z"},"geometry":{"type":"Polygon","coordinates":[[[-121.35761,52.59994],[-121.36386,52.59994],[-121.36386,52.60411],[-121.35761,52.60411],[-121.35761,52.59994]]]}},{"type":"Feature","properties":{"c":"1130478","o":"ADDIE, LLOYD JOHN","e":"2027-02-24Z"},"geometry":{"type":"Polygon","coordinates":[[[-121.35136,52.59994],[-121.35761,52.59994],[-121.35761,52.60411],[-121.35136,52.60411],[-121.35136,52.59994]]]}},{"type":"Feature","properties":{"c":"1130479","o":"ADDIE, LLOYD JOHN","e":"2027-02-24Z"},"geometry":{"type":"Polygon","coordinates":[[[-121.37011,52.59578],[-121.37637,52.59578],[-121.37637,52.59994],[-121.37011,52.59994],[-121.37011,52.59578]]]}},{"type":"Feature","properties":{"c":"1130480","o":"ADDIE, LLOYD JOHN","e":"2027-02-24Z"},"geometry":{"type":"Polygon","coordinates":[[[-121.36386,52.59578],[-121.37011,52.59578],[-121.37011,52.59994],[-121.36386,52.59994],[-121.36386,52.59578]]]}},{"type":"Feature","properties":{"c":"1130481","o":"ADDIE, LLOYD JOHN","e":"2027-02-24Z"},"geometry":{"type":"Polygon","coordinates":[[[-121.35761,52.59578],[-121.36386,52.59578],[-121.36386,52.59994],[-121.35761,52.59994],[-121.35761,52.59578]]]}},{"type":"Feature","properties":{"c":"1130482","o":"ADDIE, LLOYD JOHN","e":"2027-02-24Z"},"geometry":{"type":"Polygon","coordinates":[[[-121.35136,52.59578],[-121.35761,52.59578],[-121.35761,52.59994],[-121.35136,52.59994],[-121.35136,52.59578]]]}},{"type":"Feature","properties":{"c":"1130487","o":"ADDIE, LLOYD JOHN","e":"2027-02-24Z"},"geometry":{"type":"Polygon","coordinates":[[[-121.37011,52.59161],[-121.37636,52.59161],[-121.37637,52.59578],[-121.37011,52.59578],[-121.37011,52.59161]]]}},{"type":"Feature","properties":{"c":"1130488","o":"ADDIE, LLOYD JOHN","e":"2027-02-24Z"},"geometry":{"type":"Polygon","coordinates":[[[-121.35136,52.59161],[-121.35761,52.59161],[-121.35761,52.59578],[-121.35136,52.59578],[-121.35136,52.59161]]]}},{"type":"Feature","properties":{"c":"1131908","o":"ADDIE, LLOYD JOHN","e":"2027-03-31Z"},"geometry":{"type":"Polygon","coordinates":[[[-121.47012,52.61661],[-121.47637,52.61661],[-121.47637,52.62077],[-121.47012,52.62077],[-121.47012,52.61661]]]}},{"type":"Feature","properties":{"c":"1132035","o":"WEDENIG, CHRISTIAN","e":"2027-04-07Z"},"geometry":{"type":"Polygon","coordinates":[[[-121.32637,52.79578],[-121.32637,52.79161],[-121.33262,52.79161],[-121.33887,52.79161],[-121.33887,52.79578],[-121.33262,52.79578],[-121.32637,52.79578]]]}},{"type":"Feature","properties":{"c":"1132039","o":"LAMBERT, MITCHEL JAMES","e":"2028-04-07Z"},"geometry":{"type":"Polygon","coordinates":[[[-121.35761,52.55411],[-121.36386,52.55411],[-121.36386,52.55827],[-121.35761,52.55828],[-121.35761,52.55411]]]}},{"type":"Feature","properties":{"c":"1132051","o":"ADAM, DYLAN","e":"2027-04-07Z"},"geometry":{"type":"Polygon","coordinates":[[[-121.41389,52.82494],[-121.42014,52.82495],[-121.42014,52.82911],[-121.41389,52.82911],[-121.41389,52.82494]]]}},{"type":"Feature","properties":{"c":"1132519","o":"MILLHAM, STUART DAVID","e":"2027-04-24Z"},"geometry":{"type":"Polygon","coordinates":[[[-121.47013,52.87078],[-121.47638,52.87078],[-121.47638,52.87495],[-121.47013,52.87495],[-121.47013,52.87078]]]}},{"type":"Feature","properties":{"c":"1115083","o":"AGAFONTSEV, SERGEI ANATOLIEVICH","e":"2027-08-13Z"},"geometry":{"type":"Polygon","coordinates":[[[-121.43264,52.81661],[-121.43889,52.81661],[-121.43889,52.82078],[-121.43264,52.82078],[-121.43264,52.81661]]]}},{"type":"Feature","properties":{"c":"1132568","o":"JESSEN, AUSTIN LORENZ","e":"2027-04-24Z"},"geometry":{"type":"Polygon","coordinates":[[[-121.33887,52.93329],[-121.33887,52.92912],[-121.34512,52.92912],[-121.35137,52.92912],[-121.35137,52.93329],[-121.34512,52.93329],[-121.33887,52.93329]]]}},{"type":"Feature","properties":{"c":"1132569","o":"JESSEN, AUSTIN LORENZ","e":"2027-04-24Z"},"geometry":{"type":"Polygon","coordinates":[[[-121.34513,52.97496],[-121.35138,52.97496],[-121.35138,52.97912],[-121.34513,52.97912],[-121.34513,52.97496]]]}},{"type":"Feature","properties":{"c":"1134517","o":"SMITH, BRUCE TWEEDELL","e":"2027-06-22Z"},"geometry":{"type":"Polygon","coordinates":[[[-121.48888,52.67494],[-121.48263,52.67494],[-121.48263,52.67078],[-121.48888,52.67078],[-121.49513,52.67078],[-121.50138,52.67078],[-121.50138,52.67494],[-121.49513,52.67494],[-121.48888,52.67494]]]}},{"type":"Feature","properties":{"c":"1134712","o":"HALL, BRIAN JOHN","e":"2027-09-20Z"},"geometry":{"type":"Polygon","coordinates":[[[-121.38887,52.62494],[-121.38262,52.62494],[-121.37637,52.62494],[-121.37012,52.62494],[-121.36387,52.62494],[-121.35762,52.62494],[-121.35137,52.62494],[-121.34512,52.62495],[-121.33887,52.62495],[-121.33262,52.62495],[-121.32637,52.62495],[-121.32012,52.62495],[-121.31387,52.62495],[-121.30762,52.62495],[-121.30762,52.62078],[-121.30137,52.62078],[-121.29512,52.62078],[-121.28887,52.62078],[-121.28262,52.62078],[-121.28262,52.62495],[-121.28262,52.62911],[-121.28263,52.63328],[-121.28263,52.63745],[-121.27638,52.63745],[-121.27013,52.63745],[-121.26388,52.63745],[-121.26388,52.63328],[-121.26388,52.62911],[-121.26387,52.62495],[-121.27012,52.62495],[-121.27012,52.62078],[-121.27012,52.61661],[-121.27012,52.61245],[-121.27011,52.60828],[-121.27011,52.60411],[-121.27011,52.59995],[-121.27011,52.59578],[-121.27636,52.59578],[-121.28261,52.59578],[-121.28261,52.59995],[-121.28261,52.60411],[-121.27636,52.60411],[-121.27636,52.60828],[-121.27637,52.61245],[-121.28262,52.61245],[-121.28887,52.61245],[-121.29512,52.61245],[-121.30136,52.61245],[-121.30761,52.61245],[-121.30761,52.60828],[-121.31386,52.60828],[-121.31386,52.61245],[-121.31387,52.61661],[-121.31387,52.62078],[-121.32012,52.62078],[-121.32637,52.62078],[-121.33262,52.62078],[-121.33887,52.62078],[-121.34512,52.62078],[-121.35137,52.62078],[-121.35762,52.62078],[-121.36387,52.62078],[-121.37012,52.62078],[-121.37637,52.62078],[-121.38262,52.62078],[-121.38887,52.62078],[-121.39512,52.62078],[-121.40137,52.62078],[-121.40137,52.62494],[-121.39512,52.62494],[-121.38887,52.62494]]]}},{"type":"Feature","properties":{"c":"1131584","o":"BALL, DWAYNE TREVOR","e":"2027-03-25Z"},"geometry":{"type":"Polygon","coordinates":[[[-121.06387,52.96662],[-121.05762,52.96662],[-121.05762,52.96245],[-121.05762,52.95829],[-121.06387,52.95829],[-121.06387,52.96245],[-121.06387,52.96662]]]}},{"type":"Feature","properties":{"c":"1136986","o":"DELORME, GUY RICHARD","e":"2027-08-09Z"},"geometry":{"type":"Polygon","coordinates":[[[-121.47636,52.54577],[-121.48261,52.54577],[-121.48261,52.54994],[-121.47636,52.54994],[-121.47636,52.54577]]]}},{"type":"Feature","properties":{"c":"1136987","o":"DELORME, GUY RICHARD","e":"2027-08-09Z"},"geometry":{"type":"Polygon","coordinates":[[[-121.48261,52.54994],[-121.48886,52.54994],[-121.48887,52.55411],[-121.48262,52.55411],[-121.48261,52.54994]]]}},{"type":"Feature","properties":{"c":"1136988","o":"DELORME, GUY RICHARD","e":"2027-08-09Z"},"geometry":{"type":"Polygon","coordinates":[[[-121.48886,52.54994],[-121.49512,52.54994],[-121.49512,52.55411],[-121.48887,52.55411],[-121.48886,52.54994]]]}},{"type":"Feature","properties":{"c":"1137060","o":"ZION MINERALS LTD","e":"2027-09-01Z"},"geometry":{"type":"Polygon","coordinates":[[[-121.45137,52.64578],[-121.44512,52.64578],[-121.43887,52.64578],[-121.43262,52.64578],[-121.43262,52.64161],[-121.42637,52.64161],[-121.42012,52.64161],[-121.41387,52.64161],[-121.41387,52.63744],[-121.40762,52.63744],[-121.40762,52.63328],[-121.41387,52.63328],[-121.42012,52.63328],[-121.42637,52.63328],[-121.42637,52.62911],[-121.43262,52.62911],[-121.43887,52.62911],[-121.44512,52.62911],[-121.45137,52.62911],[-121.45137,52.63328],[-121.45137,52.63744],[-121.45137,52.64161],[-121.45137,52.64578]]]}},{"type":"Feature","properties":{"c":"1137061","o":"ZION MINERALS LTD","e":"2027-09-11Z"},"geometry":{"type":"Polygon","coordinates":[[[-121.30136,52.60828],[-121.29511,52.60828],[-121.28886,52.60828],[-121.28261,52.60828],[-121.28261,52.60411],[-121.28261,52.59995],[-121.28261,52.59578],[-121.27636,52.59578],[-121.27011,52.59578],[-121.2701,52.59161],[-121.2701,52.58744],[-121.2701,52.58328],[-121.2701,52.57911],[-121.27635,52.57911],[-121.2826,52.57911],[-121.28885,52.57911],[-121.2951,52.57911],[-121.30135,52.57911],[-121.30135,52.58328],[-121.30135,52.58744],[-121.30136,52.59161],[-121.30136,52.59578],[-121.30136,52.59994],[-121.30136,52.60411],[-121.30136,52.60828]]]}},{"type":"Feature","properties":{"c":"1132545","o":"1244338 B.C. LTD.","e":"2027-04-24Z"},"geometry":{"type":"Polygon","coordinates":[[[-121.49513,52.89162],[-121.50138,52.89162],[-121.50138,52.89578],[-121.49513,52.89578],[-121.49513,52.89162]]]}},{"type":"Feature","properties":{"c":"1134547","o":"MUNCH, KENNETH ARTHUR","e":"2027-06-25Z"},"geometry":{"type":"Polygon","coordinates":[[[-121.37013,52.96662],[-121.37638,52.96662],[-121.37638,52.97079],[-121.37013,52.97079],[-121.37013,52.96662]]]}},{"type":"Feature","properties":{"c":"1134549","o":"MILL, RICHARD H","e":"2027-06-25Z"},"geometry":{"type":"Polygon","coordinates":[[[-121.48264,52.84995],[-121.47639,52.84995],[-121.47639,52.84578],[-121.47639,52.84161],[-121.47639,52.83745],[-121.48264,52.83745],[-121.48264,52.84161],[-121.48264,52.84578],[-121.48264,52.84995]]]}},{"type":"Feature","properties":{"c":"1134551","o":"1244338 B.C. LTD.","e":"2027-06-25Z"},"geometry":{"type":"Polygon","coordinates":[[[-121.46389,52.82911],[-121.47014,52.82911],[-121.47014,52.83328],[-121.46389,52.83328],[-121.46389,52.82911]]]}},{"type":"Feature","properties":{"c":"1134553","o":"WILDER, DARA MAXWELL","e":"2027-06-25Z"},"geometry":{"type":"Polygon","coordinates":[[[-121.45762,52.62494],[-121.45762,52.62077],[-121.46387,52.62077],[-121.47012,52.62077],[-121.47012,52.62494],[-121.46387,52.62494],[-121.45762,52.62494]]]}},{"type":"Feature","properties":{"c":"1134556","o":"ADAM, ANDREA LYNN","e":"2027-06-25Z"},"geometry":{"type":"Polygon","coordinates":[[[-121.44513,52.85411],[-121.45139,52.85411],[-121.45138,52.85828],[-121.44513,52.85828],[-121.44513,52.85411]]]}},{"type":"Feature","properties":{"c":"1134557","o":"ADAM, ANDREA LYNN","e":"2027-06-25Z"},"geometry":{"type":"Polygon","coordinates":[[[-121.33887,52.80411],[-121.34512,52.80411],[-121.34512,52.80828],[-121.33887,52.80828],[-121.33887,52.80411]]]}},{"type":"Feature","properties":{"c":"1134558","o":"WILDER, COTE BO","e":"2027-06-25Z"},"geometry":{"type":"Polygon","coordinates":[[[-121.46387,52.57494],[-121.47012,52.57494],[-121.47012,52.57911],[-121.46387,52.57911],[-121.46387,52.57494]]]}},{"type":"Feature","properties":{"c":"1134565","o":"DERRIEN, ANTHONY CHARLS","e":"2027-06-25Z"},"geometry":{"type":"Polygon","coordinates":[[[-121.50138,53.01662],[-121.49513,53.01663],[-121.48888,53.01663],[-121.48263,53.01663],[-121.48263,53.01246],[-121.48888,53.01246],[-121.48888,53.00829],[-121.48263,53.00829],[-121.48263,53.00412],[-121.48263,52.99996],[-121.48263,52.99579],[-121.48888,52.99579],[-121.48888,52.99162],[-121.49513,52.99162],[-121.49513,52.99579],[-121.49513,52.99996],[-121.49513,53.00412],[-121.50138,53.00412],[-121.50138,53.00829],[-121.50138,53.01246],[-121.50138,53.01662]]]}},{"type":"Feature","properties":{"c":"1134571","o":"MILLHAM, STUART DAVID","e":"2027-06-25Z"},"geometry":{"type":"Polygon","coordinates":[[[-121.47014,52.79578],[-121.47639,52.79578],[-121.47639,52.79995],[-121.47014,52.79995],[-121.47014,52.79578]]]}},{"type":"Feature","properties":{"c":"1134577","o":"1244338 B.C. LTD.","e":"2027-06-25Z"},"geometry":{"type":"Polygon","coordinates":[[[-121.33262,52.96246],[-121.33887,52.96246],[-121.33888,52.96662],[-121.33263,52.96662],[-121.33262,52.96246]]]}},{"type":"Feature","properties":{"c":"1134579","o":"GORSKI, MATTHEW JOSEPH","e":"2027-06-25Z"},"geometry":{"type":"Polygon","coordinates":[[[-121.32637,52.80411],[-121.33262,52.80411],[-121.33262,52.80828],[-121.32637,52.80828],[-121.32637,52.80411]]]}},{"type":"Feature","properties":{"c":"1134580","o":"RAWLINSON, WALTER WILLIAM","e":"2027-06-25Z"},"geometry":{"type":"Polygon","coordinates":[[[-121.25762,52.98746],[-121.25762,52.98329],[-121.26387,52.98329],[-121.27012,52.98329],[-121.27012,52.98746],[-121.26387,52.98746],[-121.25762,52.98746]]]}},{"type":"Feature","properties":{"c":"1134595","o":"MUNRO, LANCE WILLIAM","e":"2027-06-25Z"},"geometry":{"type":"Polygon","coordinates":[[[-121.43264,52.80828],[-121.43889,52.80828],[-121.43889,52.81245],[-121.43264,52.81245],[-121.43264,52.80828]]]}},{"type":"Feature","properties":{"c":"1134596","o":"MORRISON, CLINTON JAMES","e":"2027-06-25Z"},"geometry":{"type":"Polygon","coordinates":[[[-121.43888,52.86245],[-121.44513,52.86245],[-121.44513,52.86662],[-121.43888,52.86662],[-121.43888,52.86245]]]}},{"type":"Feature","properties":{"c":"1134597","o":"LEE, DAVID SAMUEL","e":"2027-06-25Z"},"geometry":{"type":"Polygon","coordinates":[[[-121.37013,52.97496],[-121.37638,52.97496],[-121.37638,52.97912],[-121.37013,52.97912],[-121.37013,52.97496]]]}},{"type":"Feature","properties":{"c":"1134607","o":"DIWAG, JANELLE SABADO","e":"2027-06-25Z"},"geometry":{"type":"Polygon","coordinates":[[[-121.46389,52.83745],[-121.47014,52.83745],[-121.47014,52.84161],[-121.46389,52.84161],[-121.46389,52.83745]]]}},{"type":"Feature","properties":{"c":"1134608","o":"DIWAG, JANELLE SABADO","e":"2027-06-25Z"},"geometry":{"type":"Polygon","coordinates":[[[-121.37013,52.99996],[-121.37638,52.99996],[-121.37638,53.00413],[-121.37013,53.00413],[-121.37013,52.99996]]]}},{"type":"Feature","properties":{"c":"1134611","o":"BOSWORTH, BRENT JAMES","e":"2027-06-25Z"},"geometry":{"type":"Polygon","coordinates":[[[-121.00137,52.94579],[-120.99512,52.94579],[-120.99512,52.94996],[-120.99512,52.95412],[-120.98887,52.95412],[-120.98887,52.94996],[-120.98886,52.94579],[-120.98886,52.94162],[-120.98886,52.93746],[-120.99511,52.93746],[-121.00136,52.93746],[-121.00137,52.94162],[-121.00137,52.94579]]]}},{"type":"Feature","properties":{"c":"1134612","o":"BOSWORTH, BRENT JAMES","e":"2027-06-25Z"},"geometry":{"type":"Polygon","coordinates":[[[-120.99512,52.95412],[-121.00137,52.95412],[-121.00137,52.95829],[-120.99512,52.95829],[-120.99512,52.95412]]]}},{"type":"Feature","properties":{"c":"1134614","o":"VYE, JASON","e":"2027-06-25Z"},"geometry":{"type":"Polygon","coordinates":[[[-121.30762,52.97496],[-121.30137,52.97496],[-121.30137,52.97079],[-121.30137,52.96662],[-121.30762,52.96662],[-121.31387,52.96662],[-121.31387,52.97079],[-121.30762,52.97079],[-121.30762,52.97496]]]}},{"type":"Feature","properties":{"c":"1134621","o":"KITSIN, MIKHAIL","e":"2027-06-25Z"},"geometry":{"type":"Polygon","coordinates":[[[-121.15137,52.95829],[-121.15762,52.95829],[-121.15762,52.96246],[-121.15137,52.96246],[-121.15137,52.95829]]]}},{"type":"Feature","properties":{"c":"1134622","o":"PIETI, MATTHEW","e":"2027-06-25Z"},"geometry":{"type":"Polygon","coordinates":[[[-121.07013,52.99162],[-121.06388,52.99162],[-121.05763,52.99162],[-121.05138,52.99162],[-121.05138,52.98745],[-121.04513,52.98745],[-121.04513,52.98329],[-121.04513,52.97912],[-121.05138,52.97912],[-121.05763,52.97912],[-121.05763,52.98329],[-121.06388,52.98329],[-121.07013,52.98329],[-121.07013,52.98745],[-121.07013,52.99162]]]}},{"type":"Feature","properties":{"c":"1134623","o":"PIETI, MATTHEW","e":"2027-06-25Z"},"geometry":{"type":"Polygon","coordinates":[[[-121.08888,52.99162],[-121.08263,52.99162],[-121.07638,52.99162],[-121.07013,52.99162],[-121.07013,52.98745],[-121.07013,52.98329],[-121.07638,52.98328],[-121.08263,52.98328],[-121.08888,52.98328],[-121.08888,52.98745],[-121.08888,52.99162]]]}},{"type":"Feature","properties":{"c":"1134624","o":"JESSEN, AUSTIN LORENZ","e":"2027-06-25Z"},"geometry":{"type":"Polygon","coordinates":[[[-121.43263,52.89162],[-121.43888,52.89162],[-121.43888,52.89579],[-121.43262,52.89579],[-121.43263,52.89162]]]}},{"type":"Feature","properties":{"c":"1134632","o":"ADDIE, LLOYD JOHN","e":"2027-06-25Z"},"geometry":{"type":"Polygon","coordinates":[[[-121.35136,52.58744],[-121.35761,52.58744],[-121.35761,52.59161],[-121.35136,52.59161],[-121.35136,52.58744]]]}},{"type":"Feature","properties":{"c":"1134633","o":"ADDIE, LLOYD JOHN","e":"2027-06-25Z"},"geometry":{"type":"Polygon","coordinates":[[[-121.34511,52.58744],[-121.35136,52.58744],[-121.35136,52.59161],[-121.34511,52.59161],[-121.34511,52.58744]]]}},{"type":"Feature","properties":{"c":"1134634","o":"ADDIE, LLOYD JOHN","e":"2027-06-25Z"},"geometry":{"type":"Polygon","coordinates":[[[-121.34511,52.59161],[-121.35136,52.59161],[-121.35136,52.59578],[-121.34511,52.59578],[-121.34511,52.59161]]]}},{"type":"Feature","properties":{"c":"1134635","o":"ADDIE, LLOYD JOHN","e":"2027-06-25Z"},"geometry":{"type":"Polygon","coordinates":[[[-121.34511,52.59578],[-121.35136,52.59578],[-121.35136,52.59994],[-121.34511,52.59994],[-121.34511,52.59578]]]}},{"type":"Feature","properties":{"c":"1134648","o":"FUNK, KELLY BRENT","e":"2027-06-25Z"},"geometry":{"type":"Polygon","coordinates":[[[-121.47639,52.81245],[-121.48264,52.81245],[-121.48264,52.81661],[-121.47639,52.81661],[-121.47639,52.81245]]]}},{"type":"Feature","properties":{"c":"1134659","o":"SCOTT, STEVEN JEFFREY","e":"2027-06-25Z"},"geometry":{"type":"Polygon","coordinates":[[[-121.31386,52.59161],[-121.31385,52.58744],[-121.32011,52.58744],[-121.32636,52.58744],[-121.32636,52.59161],[-121.32011,52.59161],[-121.31386,52.59161]]]}},{"type":"Feature","properties":{"c":"1134660","o":"SPANISH MOUNTAIN GOLD LTD.","e":"2027-06-25Z"},"geometry":{"type":"Polygon","coordinates":[[[-121.31386,52.60828],[-121.30761,52.60828],[-121.30136,52.60828],[-121.30136,52.60411],[-121.30136,52.59994],[-121.30136,52.59578],[-121.30136,52.59161],[-121.30135,52.58744],[-121.30135,52.58328],[-121.30135,52.57911],[-121.30135,52.57494],[-121.30135,52.57078],[-121.3076,52.57078],[-121.31385,52.57078],[-121.31385,52.57494],[-121.31385,52.57911],[-121.31385,52.58328],[-121.31385,52.58744],[-121.31386,52.59161],[-121.31386,52.59578],[-121.31386,52.59994],[-121.31386,52.60411],[-121.31386,52.60828]]]}},{"type":"Feature","properties":{"c":"1134676","o":"YOUNG, RICHARD KEVIN","e":"2027-06-25Z"},"geometry":{"type":"Polygon","coordinates":[[[-121.50764,52.84578],[-121.50139,52.84578],[-121.49514,52.84578],[-121.48889,52.84578],[-121.48889,52.84161],[-121.48889,52.83745],[-121.48889,52.83328],[-121.49514,52.83328],[-121.50139,52.83328],[-121.50139,52.83745],[-121.50764,52.83745],[-121.50764,52.84161],[-121.50764,52.84578]]]}},{"type":"Feature","properties":{"c":"1134688","o":"PIETI, MATTHEW","e":"2027-06-25Z"},"geometry":{"type":"Polygon","coordinates":[[[-121.07013,52.99162],[-121.06388,52.99162],[-121.05763,52.99162],[-121.05138,52.99162],[-121.05138,52.98745],[-121.04513,52.98745],[-121.04513,52.98329],[-121.04513,52.97912],[-121.05138,52.97912],[-121.05763,52.97912],[-121.05763,52.98329],[-121.06388,52.98329],[-121.07013,52.98329],[-121.07013,52.98745],[-121.07013,52.99162]]]}},{"type":"Feature","properties":{"c":"1134689","o":"PIETI, MATTHEW","e":"2027-06-25Z"},"geometry":{"type":"Polygon","coordinates":[[[-121.08263,52.99162],[-121.07638,52.99162],[-121.07013,52.99162],[-121.07013,52.98745],[-121.07013,52.98329],[-121.07638,52.98328],[-121.08263,52.98328],[-121.08263,52.98745],[-121.08263,52.99162]]]}},{"type":"Feature","properties":{"c":"1139081","o":"COSTER, BLAIR EDWARD","e":"2027-09-16Z"},"geometry":{"type":"Polygon","coordinates":[[[-121.21387,52.99163],[-121.21387,52.98746],[-121.22012,52.98746],[-121.22637,52.98746],[-121.22637,52.99163],[-121.22012,52.99163],[-121.21387,52.99163]]]}},{"type":"Feature","properties":{"c":"1139082","o":"BATE, TYLER ALEXANDER","e":"2027-09-16Z"},"geometry":{"type":"Polygon","coordinates":[[[-121.20136,52.81662],[-121.20761,52.81662],[-121.20761,52.82079],[-121.20136,52.82079],[-121.20136,52.81662]]]}},{"type":"Feature","properties":{"c":"1139083","o":"COSTER, BLAIR EDWARD","e":"2027-09-16Z"},"geometry":{"type":"Polygon","coordinates":[[[-121.21387,52.98329],[-121.20762,52.98329],[-121.20137,52.98329],[-121.20137,52.97913],[-121.20762,52.97913],[-121.21387,52.97913],[-121.22012,52.97913],[-121.22637,52.97913],[-121.22637,52.98329],[-121.22012,52.98329],[-121.21387,52.98329]]]}},{"type":"Feature","properties":{"c":"1139324","o":"PERRIN, WESLEY","e":"2027-09-20Z"},"geometry":{"type":"Polygon","coordinates":[[[-121.47638,52.89162],[-121.48263,52.89162],[-121.48263,52.89578],[-121.47638,52.89578],[-121.47638,52.89162]]]}},{"type":"Feature","properties":{"c":"1139326","o":"PERRIN, WESLEY","e":"2027-09-20Z"},"geometry":{"type":"Polygon","coordinates":[[[-121.48263,52.89162],[-121.48888,52.89162],[-121.48888,52.89578],[-121.48263,52.89578],[-121.48263,52.89162]]]}},{"type":"Feature","properties":{"c":"1139585","o":"JESSEN, AUSTIN LORENZ","e":"2027-09-26Z"},"geometry":{"type":"Polygon","coordinates":[[[-121.35762,52.93329],[-121.35137,52.93329],[-121.35137,52.92912],[-121.35137,52.92496],[-121.35762,52.92496],[-121.35762,52.92912],[-121.35762,52.93329]]]}},{"type":"Feature","properties":{"c":"1139606","o":"VAN DER VALK, SIMON FRANKLIN","e":"2027-09-27Z"},"geometry":{"type":"Polygon","coordinates":[[[-121.43888,52.67911],[-121.44513,52.67911],[-121.44513,52.68328],[-121.43888,52.68328],[-121.43888,52.67911]]]}},{"type":"Feature","properties":{"c":"1116577","o":"STERKENBURG, JAIME","e":"2028-06-07Z"},"geometry":{"type":"Polygon","coordinates":[[[-121.47638,52.89995],[-121.47638,52.89578],[-121.48263,52.89578],[-121.48888,52.89578],[-121.48888,52.89995],[-121.48263,52.89995],[-121.47638,52.89995]]]}},{"type":"Feature","properties":{"c":"1139467","o":"SKARBO, BENJAMIN PRESTON","e":"2027-09-22Z"},"geometry":{"type":"Polygon","coordinates":[[[-121.30761,52.77912],[-121.31387,52.77912],[-121.31387,52.78328],[-121.30761,52.78328],[-121.30761,52.77912]]]}},{"type":"Feature","properties":{"c":"1139475","o":"REYNOLDS, TODD PATRICK","e":"2027-08-31Z"},"geometry":{"type":"Polygon","coordinates":[[[-121.23887,52.96663],[-121.23887,52.96246],[-121.23887,52.95829],[-121.24512,52.95829],[-121.24512,52.96246],[-121.25137,52.96246],[-121.25137,52.96663],[-121.24512,52.96663],[-121.23887,52.96663]]]}},{"type":"Feature","properties":{"c":"1133070","o":"ADAM, DYLAN","e":"2027-05-17Z"},"geometry":{"type":"Polygon","coordinates":[[[-121.31387,52.79995],[-121.32012,52.79995],[-121.32012,52.80411],[-121.31387,52.80411],[-121.31387,52.79995]]]}},{"type":"Feature","properties":{"c":"1131069","o":"ADDIE, LLOYD JOHN","e":"2027-03-11Z"},"geometry":{"type":"Polygon","coordinates":[[[-121.35761,52.59161],[-121.36386,52.59161],[-121.36386,52.59578],[-121.35761,52.59578],[-121.35761,52.59161]]]}},{"type":"Feature","properties":{"c":"522858","o":"CHRISTENSON, BRADLEY WAYNE","e":"2030-10-10Z"},"geometry":{"type":"Polygon","coordinates":[[[-121.42013,53.00413],[-121.41388,53.00413],[-121.40763,53.00413],[-121.40138,53.00413],[-121.40138,52.99996],[-121.40138,52.99579],[-121.40138,52.99163],[-121.40763,52.99163],[-121.41388,52.99163],[-121.41388,52.99579],[-121.42013,52.99579],[-121.42013,52.99996],[-121.42013,53.00413]]]}},{"type":"Feature","properties":{"c":"522864","o":"CHRISTENSON, BRADLEY WAYNE","e":"2030-10-10Z"},"geometry":{"type":"Polygon","coordinates":[[[-121.42638,52.99579],[-121.42013,52.99579],[-121.41388,52.99579],[-121.41388,52.99163],[-121.40763,52.99163],[-121.40763,52.98746],[-121.40763,52.98329],[-121.41388,52.98329],[-121.42013,52.98329],[-121.42638,52.98329],[-121.42638,52.98746],[-121.42638,52.99163],[-121.42638,52.99579]]]}},{"type":"Feature","properties":{"c":"1024726","o":"CHRISTENSON, BRADLEY WAYNE","e":"2030-10-10Z"},"geometry":{"type":"Polygon","coordinates":[[[-121.44513,53.01663],[-121.43888,53.01663],[-121.43888,53.01246],[-121.43263,53.01246],[-121.43263,53.00829],[-121.43888,53.00829],[-121.43888,53.00413],[-121.43263,53.00413],[-121.42638,53.00413],[-121.42638,52.99996],[-121.42013,52.99996],[-121.42013,52.99579],[-121.42638,52.99579],[-121.43263,52.99579],[-121.43888,52.99579],[-121.43888,52.99996],[-121.44513,52.99996],[-121.44513,53.00413],[-121.44513,53.00829],[-121.44513,53.01246],[-121.44513,53.01663]]]}},{"type":"Feature","properties":{"c":"1024934","o":"CHRISTENSON, BRADLEY WAYNE","e":"2030-10-10Z"},"geometry":{"type":"Polygon","coordinates":[[[-121.43888,52.99579],[-121.43263,52.99579],[-121.43263,52.99163],[-121.42638,52.99163],[-121.42638,52.98746],[-121.42638,52.98329],[-121.42638,52.97912],[-121.43263,52.97912],[-121.43888,52.97912],[-121.43888,52.98329],[-121.43888,52.98746],[-121.43888,52.99163],[-121.43888,52.99579]]]}},{"type":"Feature","properties":{"c":"1028299","o":"CHRISTENSON, BRADLEY WAYNE","e":"2030-10-10Z"},"geometry":{"type":"Polygon","coordinates":[[[-121.40763,52.98329],[-121.40138,52.98329],[-121.39513,52.98329],[-121.39513,52.98746],[-121.39513,52.99163],[-121.38888,52.99163],[-121.38888,52.98746],[-121.38888,52.98329],[-121.38888,52.97912],[-121.38888,52.97496],[-121.38888,52.97079],[-121.38888,52.96662],[-121.39513,52.96662],[-121.39513,52.97079],[-121.39513,52.97496],[-121.39513,52.97913],[-121.40138,52.97912],[-121.40138,52.97496],[-121.40138,52.97079],[-121.40138,52.96662],[-121.40763,52.96662],[-121.40763,52.97079],[-121.40763,52.97496],[-121.40763,52.97913],[-121.40763,52.98329]]]}},{"type":"Feature","properties":{"c":"1031271","o":"CHRISTENSON, BRADLEY WAYNE","e":"2030-10-10Z"},"geometry":{"type":"Polygon","coordinates":[[[-121.40138,52.97912],[-121.39513,52.97913],[-121.39513,52.97496],[-121.39513,52.97079],[-121.39513,52.96662],[-121.39512,52.96246],[-121.40137,52.96246],[-121.40138,52.96662],[-121.40138,52.97079],[-121.40138,52.97496],[-121.40138,52.97912]]]}},{"type":"Feature","properties":{"c":"1039987","o":"CHRISTENSON, BRADLEY WAYNE","e":"2030-10-10Z"},"geometry":{"type":"Polygon","coordinates":[[[-121.42638,52.99163],[-121.43263,52.99163],[-121.43263,52.99579],[-121.42638,52.99579],[-121.42638,52.99163]]]}},{"type":"Feature","properties":{"c":"1040247","o":"CHRISTENSON, BRADLEY WAYNE","e":"2030-09-22Z"},"geometry":{"type":"Polygon","coordinates":[[[-121.42638,53.00829],[-121.42013,53.00829],[-121.42013,53.00413],[-121.42013,52.99996],[-121.42638,52.99996],[-121.42638,53.00413],[-121.42638,53.00829]]]}},{"type":"Feature","properties":{"c":"1041705","o":"CHRISTENSON, BRADLEY WAYNE","e":"2030-10-10Z"},"geometry":{"type":"Polygon","coordinates":[[[-121.38263,52.96662],[-121.38262,52.96246],[-121.38262,52.95829],[-121.38887,52.95829],[-121.38887,52.96246],[-121.39512,52.96246],[-121.39513,52.96662],[-121.38888,52.96662],[-121.38263,52.96662]]]}},{"type":"Feature","properties":{"c":"365479","o":"MELLUM, NICOLAS ROBERT","e":"2034-12-30Z"},"geometry":{"type":"Polygon","coordinates":[[[-121.46239,52.98575],[-121.46551,52.98849],[-121.46413,52.98907],[-121.45939,52.99105],[-121.45642,52.98847],[-121.45218,52.98477],[-121.4515,52.98418],[-121.45204,52.98396],[-121.45456,52.9829],[-121.45596,52.98256],[-121.45599,52.98255],[-121.45815,52.98202],[-121.45817,52.98204],[-121.45888,52.98267],[-121.46239,52.98575]]]}},{"type":"Feature","properties":{"c":"405022","o":"MELLUM, NICOLAS ROBERT","e":"2034-12-30Z"},"geometry":{"type":"MultiPolygon","coordinates":[[[[-121.44912,52.98053],[-121.44869,52.98002],[-121.44924,52.98048],[-121.4498,52.98094],[-121.45246,52.97977],[-121.45274,52.97965],[-121.45565,52.97836],[-121.45861,52.98184],[-121.45922,52.98256],[-121.45888,52.98267],[-121.45817,52.98204],[-121.45815,52.98202],[-121.45599,52.98255],[-121.45596,52.98256],[-121.45456,52.9829],[-121.45204,52.98396],[-121.44912,52.98053]]],[[[-121.45242,52.97457],[-121.45505,52.97766],[-121.45161,52.97482],[-121.45242,52.97457]]]]}},{"type":"Feature","properties":{"c":"1128943","o":"KING, DEAN WAYNE","e":"2027-07-01Z"},"geometry":{"type":"Polygon","coordinates":[[[-121.47013,52.72912],[-121.46388,52.72912],[-121.45763,52.72912],[-121.45763,52.72495],[-121.46388,52.72495],[-121.47013,52.72495],[-121.47638,52.72495],[-121.48263,52.72495],[-121.48263,52.72911],[-121.47638,52.72911],[-121.47013,52.72912]]]}},{"type":"Feature","properties":{"c":"1127090","o":"SCOTT, STEVEN JEFFREY","e":"2026-10-26Z"},"geometry":{"type":"Polygon","coordinates":[[[-121.47638,52.64578],[-121.48263,52.64578],[-121.48263,52.64994],[-121.47638,52.64994],[-121.47638,52.64578]]]}},{"type":"Feature","properties":{"c":"1122671","o":"BINICHAKIS, MITCH LEIGHTON","e":"2029-03-24Z"},"geometry":{"type":"Polygon","coordinates":[[[-121.43888,52.73328],[-121.43263,52.73328],[-121.43263,52.72912],[-121.43263,52.72495],[-121.43263,52.72078],[-121.43888,52.72078],[-121.43888,52.72495],[-121.43888,52.72912],[-121.43888,52.73328]]]}},{"type":"Feature","properties":{"c":"1122672","o":"BINICHAKIS, MITCH LEIGHTON","e":"2030-03-24Z"},"geometry":{"type":"Polygon","coordinates":[[[-121.43263,52.73328],[-121.43888,52.73328],[-121.43888,52.73745],[-121.43263,52.73745],[-121.43263,52.73328]]]}},{"type":"Feature","properties":{"c":"1122677","o":"BINICHAKIS, MITCH LEIGHTON","e":"2030-03-24Z"},"geometry":{"type":"Polygon","coordinates":[[[-121.42638,52.72912],[-121.43263,52.72912],[-121.43263,52.73328],[-121.42638,52.73328],[-121.42638,52.72912]]]}},{"type":"Feature","properties":{"c":"1122711","o":"BARKER MINERALS LTD","e":"2026-11-30Z"},"geometry":{"type":"Polygon","coordinates":[[[-120.99509,52.73745],[-121.00134,52.73745],[-121.00134,52.74162],[-120.99509,52.74162],[-120.99509,52.73745]]]}},{"type":"Feature","properties":{"c":"1122721","o":"BINICHAKIS, MITCH LEIGHTON","e":"2035-09-24Z"},"geometry":{"type":"Polygon","coordinates":[[[-121.45139,52.84578],[-121.45139,52.84161],[-121.45764,52.84161],[-121.46389,52.84161],[-121.46389,52.84578],[-121.45764,52.84578],[-121.45139,52.84578]]]}},{"type":"Feature","properties":{"c":"1122751","o":"BARKER MINERALS LTD","e":"2026-11-30Z"},"geometry":{"type":"Polygon","coordinates":[[[-120.99509,52.74579],[-121.00134,52.74579],[-121.00134,52.74996],[-120.99509,52.74996],[-120.99509,52.74579]]]}},{"type":"Feature","properties":{"c":"1122758","o":"BARKER MINERALS LTD","e":"2026-11-30Z"},"geometry":{"type":"Polygon","coordinates":[[[-120.99509,52.74996],[-121.00134,52.74996],[-121.00134,52.75412],[-120.99509,52.75412],[-120.99509,52.74996]]]}},{"type":"Feature","properties":{"c":"1122771","o":"BARKER MINERALS LTD","e":"2026-11-30Z"},"geometry":{"type":"Polygon","coordinates":[[[-121.23886,52.82912],[-121.23261,52.82912],[-121.22636,52.82912],[-121.22636,52.83329],[-121.22636,52.83745],[-121.22636,52.84162],[-121.22011,52.84162],[-121.22011,52.84579],[-121.21386,52.84579],[-121.21386,52.84162],[-121.21386,52.83745],[-121.21386,52.83329],[-121.21386,52.82912],[-121.21386,52.82495],[-121.21386,52.82079],[-121.22011,52.82079],[-121.22636,52.82079],[-121.23261,52.82079],[-121.23886,52.82079],[-121.24511,52.82079],[-121.24511,52.82495],[-121.23886,52.82495],[-121.23886,52.82912]]]}},{"type":"Feature","properties":{"c":"1122778","o":"BARKER MINERALS LTD","e":"2026-11-30Z"},"geometry":{"type":"Polygon","coordinates":[[[-121.20761,52.82079],[-121.21386,52.82079],[-121.21386,52.82495],[-121.20761,52.82495],[-121.20761,52.82079]]]}},{"type":"Feature","properties":{"c":"1122783","o":"BARKER MINERALS LTD","e":"2026-11-30Z"},"geometry":{"type":"Polygon","coordinates":[[[-121.20761,52.82495],[-121.21386,52.82495],[-121.21386,52.82912],[-121.20761,52.82912],[-121.20761,52.82495]]]}},{"type":"Feature","properties":{"c":"1122789","o":"BARKER MINERALS LTD","e":"2026-11-30Z"},"geometry":{"type":"Polygon","coordinates":[[[-121.20761,52.82912],[-121.21386,52.82912],[-121.21386,52.83329],[-121.20761,52.83329],[-121.20761,52.82912]]]}},{"type":"Feature","properties":{"c":"1136133","o":"LUS, CHARLOTTE ANN","e":"2027-07-21Z"},"geometry":{"type":"Polygon","coordinates":[[[-121.43888,52.72495],[-121.44513,52.72495],[-121.44513,52.72912],[-121.43888,52.72912],[-121.43888,52.72495]]]}},{"type":"Feature","properties":{"c":"1119050","o":"SMITH, BRUCE TWEEDELL","e":"2028-07-31Z"},"geometry":{"type":"Polygon","coordinates":[[[-121.18887,52.93329],[-121.18887,52.92912],[-121.18887,52.92496],[-121.19512,52.92496],[-121.19512,52.92912],[-121.20137,52.92912],[-121.20137,52.93329],[-121.19512,52.93329],[-121.18887,52.93329]]]}},{"type":"Feature","properties":{"c":"1118401","o":"DOYLE, LOUIS ERIC","e":"2026-11-20Z"},"geometry":{"type":"Polygon","coordinates":[[[-121.0451,52.79579],[-121.03885,52.79579],[-121.0326,52.79579],[-121.02635,52.79579],[-121.0201,52.79579],[-121.02009,52.79162],[-121.02009,52.78746],[-121.02634,52.78746],[-121.0326,52.78746],[-121.0326,52.78329],[-121.03259,52.77912],[-121.03259,52.77496],[-121.02634,52.77496],[-121.02634,52.77079],[-121.03259,52.77079],[-121.03884,52.77079],[-121.03884,52.77496],[-121.03885,52.77912],[-121.03885,52.78329],[-121.03885,52.78746],[-121.0451,52.78746],[-121.05135,52.78746],[-121.05135,52.79162],[-121.0576,52.79162],[-121.0576,52.79579],[-121.05135,52.79579],[-121.0451,52.79579]]]}},{"type":"Feature","properties":{"c":"1118403","o":"DOYLE, LOUIS ERIC","e":"2026-11-20Z"},"geometry":{"type":"Polygon","coordinates":[[[-121.01384,52.79162],[-121.02009,52.79162],[-121.0201,52.79579],[-121.01384,52.79579],[-121.01384,52.79162]]]}},{"type":"Feature","properties":{"c":"1118405","o":"DOYLE, LOUIS ERIC","e":"2026-11-20Z"},"geometry":{"type":"Polygon","coordinates":[[[-121.01384,52.78746],[-121.02009,52.78746],[-121.02009,52.79162],[-121.01384,52.79162],[-121.01384,52.78746]]]}},{"type":"Feature","properties":{"c":"1118407","o":"DOYLE, LOUIS ERIC","e":"2026-11-20Z"},"geometry":{"type":"Polygon","coordinates":[[[-121.01384,52.77496],[-121.01384,52.77079],[-121.02009,52.77079],[-121.02634,52.77079],[-121.02634,52.77496],[-121.02009,52.77496],[-121.01384,52.77496]]]}},{"type":"Feature","properties":{"c":"1118409","o":"DOYLE, LOUIS ERIC","e":"2026-11-20Z"},"geometry":{"type":"Polygon","coordinates":[[[-121.00759,52.77079],[-121.01384,52.77079],[-121.01384,52.77496],[-121.00759,52.77496],[-121.00759,52.77079]]]}},{"type":"Feature","properties":{"c":"1118410","o":"DOYLE, LOUIS ERIC","e":"2026-11-20Z"},"geometry":{"type":"Polygon","coordinates":[[[-121.00759,52.77912],[-121.00134,52.77912],[-121.00134,52.77496],[-121.00134,52.77079],[-121.00759,52.77079],[-121.00759,52.77496],[-121.00759,52.77912]]]}},{"type":"Feature","properties":{"c":"1118411","o":"HALL, BRIAN JOHN","e":"2027-09-20Z"},"geometry":{"type":"Polygon","coordinates":[[[-121.47013,52.69578],[-121.47638,52.69578],[-121.47638,52.69995],[-121.47013,52.69995],[-121.47013,52.69578]]]}},{"type":"Feature","properties":{"c":"1118412","o":"DOYLE, LOUIS ERIC","e":"2026-11-20Z"},"geometry":{"type":"Polygon","coordinates":[[[-121.00134,52.78329],[-120.99509,52.78329],[-120.99509,52.77912],[-120.99509,52.77496],[-120.99509,52.77079],[-121.00134,52.77079],[-121.00134,52.77496],[-121.00134,52.77912],[-121.00134,52.78329]]]}},{"type":"Feature","properties":{"c":"1118413","o":"HALL, BRIAN JOHN","e":"2027-09-20Z"},"geometry":{"type":"Polygon","coordinates":[[[-121.47638,52.69578],[-121.48263,52.69578],[-121.48263,52.69995],[-121.47638,52.69995],[-121.47638,52.69578]]]}},{"type":"Feature","properties":{"c":"1118414","o":"HALL, BRIAN JOHN","e":"2027-09-20Z"},"geometry":{"type":"Polygon","coordinates":[[[-121.48263,52.69578],[-121.48888,52.69578],[-121.48888,52.69994],[-121.48263,52.69995],[-121.48263,52.69578]]]}},{"type":"Feature","properties":{"c":"1118415","o":"HALL, BRIAN JOHN","e":"2027-09-20Z"},"geometry":{"type":"Polygon","coordinates":[[[-121.48888,52.69578],[-121.49513,52.69578],[-121.49513,52.69994],[-121.48888,52.69994],[-121.48888,52.69578]]]}},{"type":"Feature","properties":{"c":"1118416","o":"HALL, BRIAN JOHN","e":"2027-09-20Z"},"geometry":{"type":"Polygon","coordinates":[[[-121.49513,52.69578],[-121.50138,52.69578],[-121.50138,52.69994],[-121.49513,52.69994],[-121.49513,52.69578]]]}},{"type":"Feature","properties":{"c":"1118417","o":"HALL, BRIAN JOHN","e":"2027-09-20Z"},"geometry":{"type":"Polygon","coordinates":[[[-121.49513,52.69994],[-121.50138,52.69994],[-121.50138,52.70411],[-121.49513,52.70411],[-121.49513,52.69994]]]}},{"type":"Feature","properties":{"c":"1118418","o":"HALL, BRIAN JOHN","e":"2027-09-20Z"},"geometry":{"type":"Polygon","coordinates":[[[-121.49513,52.70411],[-121.50138,52.70411],[-121.50138,52.70828],[-121.49513,52.70828],[-121.49513,52.70411]]]}},{"type":"Feature","properties":{"c":"1118419","o":"HALL, BRIAN JOHN","e":"2027-09-20Z"},"geometry":{"type":"Polygon","coordinates":[[[-121.49513,52.70828],[-121.50138,52.70828],[-121.50138,52.71245],[-121.49513,52.71245],[-121.49513,52.70828]]]}},{"type":"Feature","properties":{"c":"1118420","o":"HALL, BRIAN JOHN","e":"2027-09-20Z"},"geometry":{"type":"Polygon","coordinates":[[[-121.49513,52.71245],[-121.50138,52.71245],[-121.50138,52.71661],[-121.49513,52.71661],[-121.49513,52.71245]]]}},{"type":"Feature","properties":{"c":"1118421","o":"HALL, BRIAN JOHN","e":"2027-09-20Z"},"geometry":{"type":"Polygon","coordinates":[[[-121.48888,52.71245],[-121.49513,52.71245],[-121.49513,52.71661],[-121.48888,52.71661],[-121.48888,52.71245]]]}},{"type":"Feature","properties":{"c":"1118422","o":"HALL, BRIAN JOHN","e":"2027-09-20Z"},"geometry":{"type":"Polygon","coordinates":[[[-121.48263,52.71245],[-121.48888,52.71245],[-121.48888,52.71661],[-121.48263,52.71661],[-121.48263,52.71245]]]}},{"type":"Feature","properties":{"c":"1118423","o":"HALL, BRIAN JOHN","e":"2027-09-20Z"},"geometry":{"type":"Polygon","coordinates":[[[-121.47638,52.71245],[-121.48263,52.71245],[-121.48263,52.71661],[-121.47638,52.71661],[-121.47638,52.71245]]]}},{"type":"Feature","properties":{"c":"1118424","o":"HALL, BRIAN JOHN","e":"2027-09-20Z"},"geometry":{"type":"Polygon","coordinates":[[[-121.47013,52.71245],[-121.47638,52.71245],[-121.47638,52.71661],[-121.47013,52.71661],[-121.47013,52.71245]]]}},{"type":"Feature","properties":{"c":"1118425","o":"HALL, BRIAN JOHN","e":"2027-09-20Z"},"geometry":{"type":"Polygon","coordinates":[[[-121.47013,52.70828],[-121.47638,52.70828],[-121.47638,52.71245],[-121.47013,52.71245],[-121.47013,52.70828]]]}},{"type":"Feature","properties":{"c":"1118428","o":"HALL, BRIAN JOHN","e":"2027-09-20Z"},"geometry":{"type":"Polygon","coordinates":[[[-121.47013,52.70411],[-121.47638,52.70411],[-121.47638,52.70828],[-121.47013,52.70828],[-121.47013,52.70411]]]}},{"type":"Feature","properties":{"c":"1118429","o":"HALL, BRIAN JOHN","e":"2027-09-20Z"},"geometry":{"type":"Polygon","coordinates":[[[-121.47013,52.69995],[-121.47638,52.69995],[-121.47638,52.70411],[-121.47013,52.70411],[-121.47013,52.69995]]]}},{"type":"Feature","properties":{"c":"1118432","o":"HALL, BRIAN JOHN","e":"2027-09-20Z"},"geometry":{"type":"Polygon","coordinates":[[[-121.47638,52.69995],[-121.48263,52.69995],[-121.48263,52.70411],[-121.47638,52.70411],[-121.47638,52.69995]]]}},{"type":"Feature","properties":{"c":"1118433","o":"HALL, BRIAN JOHN","e":"2027-09-20Z"},"geometry":{"type":"Polygon","coordinates":[[[-121.48263,52.69995],[-121.48888,52.69994],[-121.48888,52.70411],[-121.48263,52.70411],[-121.48263,52.69995]]]}},{"type":"Feature","properties":{"c":"1118436","o":"HALL, BRIAN JOHN","e":"2027-09-20Z"},"geometry":{"type":"Polygon","coordinates":[[[-121.48888,52.69994],[-121.49513,52.69994],[-121.49513,52.70411],[-121.48888,52.70411],[-121.48888,52.69994]]]}},{"type":"Feature","properties":{"c":"1118437","o":"HALL, BRIAN JOHN","e":"2027-09-20Z"},"geometry":{"type":"Polygon","coordinates":[[[-121.48888,52.70411],[-121.49513,52.70411],[-121.49513,52.70828],[-121.48888,52.70828],[-121.48888,52.70411]]]}},{"type":"Feature","properties":{"c":"1118438","o":"HALL, BRIAN JOHN","e":"2027-09-20Z"},"geometry":{"type":"Polygon","coordinates":[[[-121.48888,52.70828],[-121.49513,52.70828],[-121.49513,52.71245],[-121.48888,52.71245],[-121.48888,52.70828]]]}},{"type":"Feature","properties":{"c":"1118439","o":"HALL, BRIAN JOHN","e":"2027-09-20Z"},"geometry":{"type":"Polygon","coordinates":[[[-121.48263,52.70828],[-121.48888,52.70828],[-121.48888,52.71245],[-121.48263,52.71245],[-121.48263,52.70828]]]}},{"type":"Feature","properties":{"c":"1118440","o":"HALL, BRIAN JOHN","e":"2027-09-20Z"},"geometry":{"type":"Polygon","coordinates":[[[-121.47638,52.70828],[-121.48263,52.70828],[-121.48263,52.71245],[-121.47638,52.71245],[-121.47638,52.70828]]]}},{"type":"Feature","properties":{"c":"1118441","o":"HALL, BRIAN JOHN","e":"2027-09-20Z"},"geometry":{"type":"Polygon","coordinates":[[[-121.47638,52.70411],[-121.48263,52.70411],[-121.48263,52.70828],[-121.47638,52.70828],[-121.47638,52.70411]]]}},{"type":"Feature","properties":{"c":"1118442","o":"HALL, BRIAN JOHN","e":"2027-09-20Z"},"geometry":{"type":"Polygon","coordinates":[[[-121.48263,52.70411],[-121.48888,52.70411],[-121.48888,52.70828],[-121.48263,52.70828],[-121.48263,52.70411]]]}},{"type":"Feature","properties":{"c":"1118443","o":"BARKER MINERALS LTD","e":"2026-11-30Z"},"geometry":{"type":"Polygon","coordinates":[[[-121.15136,52.82495],[-121.14511,52.82495],[-121.13886,52.82495],[-121.13261,52.82495],[-121.13261,52.82079],[-121.13261,52.81662],[-121.13886,52.81662],[-121.14511,52.81662],[-121.15136,52.81662],[-121.15136,52.82079],[-121.15136,52.82495]]]}},{"type":"Feature","properties":{"c":"1118444","o":"BARKER MINERALS LTD","e":"2026-11-30Z"},"geometry":{"type":"Polygon","coordinates":[[[-121.13261,52.82495],[-121.12636,52.82495],[-121.1201,52.82495],[-121.11385,52.82495],[-121.11385,52.82079],[-121.11385,52.81662],[-121.1201,52.81662],[-121.12635,52.81662],[-121.13261,52.81662],[-121.13261,52.82079],[-121.13261,52.82495]]]}},{"type":"Feature","properties":{"c":"1118445","o":"BARKER MINERALS LTD","e":"2026-11-30Z"},"geometry":{"type":"Polygon","coordinates":[[[-121.1076,52.81246],[-121.11385,52.81245],[-121.11385,52.81662],[-121.1076,52.81662],[-121.1076,52.81246]]]}},{"type":"Feature","properties":{"c":"1118446","o":"BARKER MINERALS LTD","e":"2026-11-30Z"},"geometry":{"type":"Polygon","coordinates":[[[-121.10135,52.81246],[-121.1076,52.81246],[-121.1076,52.81662],[-121.10135,52.81662],[-121.10135,52.81246]]]}},{"type":"Feature","properties":{"c":"1133653","o":"PUT, JARED GUSTAF","e":"2027-06-02Z"},"geometry":{"type":"Polygon","coordinates":[[[-121.20762,52.93329],[-121.21387,52.93329],[-121.21387,52.93746],[-121.20762,52.93746],[-121.20762,52.93329]]]}},{"type":"Feature","properties":{"c":"1121028","o":"BALL, DWAYNE TREVOR","e":"2027-02-21Z"},"geometry":{"type":"Polygon","coordinates":[[[-121.03262,52.94579],[-121.03887,52.94579],[-121.03887,52.94995],[-121.03262,52.94995],[-121.03262,52.94579]]]}},{"type":"Feature","properties":{"c":"1113000","o":"RIZZI, PETER CAMERON","e":"2029-02-04Z"},"geometry":{"type":"Polygon","coordinates":[[[-121.42013,52.77912],[-121.42639,52.77912],[-121.42639,52.78328],[-121.42013,52.78328],[-121.42013,52.77912]]]}},{"type":"Feature","properties":{"c":"1115958","o":"WHYTOCK, ANDREW DALGARNO","e":"2026-12-28Z"},"geometry":{"type":"Polygon","coordinates":[[[-121.34512,52.90412],[-121.33887,52.90412],[-121.33887,52.89995],[-121.33887,52.89579],[-121.34512,52.89579],[-121.34512,52.89995],[-121.34512,52.90412]]]}},{"type":"Feature","properties":{"c":"1126760","o":"BARKER MINERALS LTD","e":"2026-11-30Z"},"geometry":{"type":"Polygon","coordinates":[[[-121.21386,52.85412],[-121.20761,52.85412],[-121.20761,52.85829],[-121.20761,52.86245],[-121.20136,52.86245],[-121.19511,52.86245],[-121.18886,52.86245],[-121.18261,52.86245],[-121.17636,52.86245],[-121.17636,52.85829],[-121.17636,52.85412],[-121.17636,52.84995],[-121.17636,52.84579],[-121.17636,52.84162],[-121.17011,52.84162],[-121.16386,52.84162],[-121.16386,52.83745],[-121.15761,52.83745],[-121.15136,52.83745],[-121.15136,52.83329],[-121.15136,52.82912],[-121.15136,52.82495],[-121.15136,52.82079],[-121.15136,52.81662],[-121.14511,52.81662],[-121.13886,52.81662],[-121.13261,52.81662],[-121.12635,52.81662],[-121.1201,52.81662],[-121.11385,52.81662],[-121.11385,52.81245],[-121.1076,52.81246],[-121.10135,52.81246],[-121.0951,52.81246],[-121.08885,52.81246],[-121.08885,52.81662],[-121.08885,52.82079],[-121.0826,52.82079],[-121.07635,52.82079],[-121.0701,52.82079],[-121.06385,52.82079],[-121.0576,52.82079],[-121.05135,52.82079],[-121.05135,52.81662],[-121.05135,52.81246],[-121.05135,52.80829],[-121.05135,52.80412],[-121.0576,52.80412],[-121.0576,52.79996],[-121.0576,52.79579],[-121.0576,52.79162],[-121.05135,52.79162],[-121.05135,52.78746],[-121.0451,52.78746],[-121.03885,52.78746],[-121.03885,52.78329],[-121.03885,52.77912],[-121.03884,52.77496],[-121.03884,52.77079],[-121.03884,52.76662],[-121.03884,52.76245],[-121.03884,52.75829],[-121.03884,52.75412],[-121.03259,52.75412],[-121.02634,52.75412],[-121.02009,52.75412],[-121.01384,52.75412],[-121.00759,52.75412],[-121.00134,52.75412],[-121.00134,52.74996],[-121.00134,52.74579],[-121.00134,52.74162],[-121.00134,52.73745],[-121.00759,52.73745],[-121.01384,52.73745],[-121.02009,52.73745],[-121.02634,52.73745],[-121.03259,52.73745],[-121.03259,52.73329],[-121.03259,52.72912],[-121.03259,52.72495],[-121.03259,52.72079],[-121.03259,52.71662],[-121.03884,52.71662],[-121.04509,52.71662],[-121.05134,52.71662],[-121.05759,52.71662],[-121.06384,52.71662],[-121.07009,52.71662],[-121.07634,52.71662],[-121.07634,52.72079],[-121.07634,52.72495],[-121.07634,52.72912],[-121.07634,52.73329],[-121.07634,52.73745],[-121.0826,52.73745],[-121.08885,52.73745],[-121.0951,52.73745],[-121.10135,52.73745],[-121.1076,52.73745],[-121.11385,52.73745],[-121.1201,52.73745],[-121.12635,52.73745],[-121.1326,52.73745],[-121.13885,52.73745],[-121.1451,52.73745],[-121.15135,52.73745],[-121.1576,52.73745],[-121.16385,52.73745],[-121.1701,52.73745],[-121.1701,52.73329],[-121.1701,52.72912],[-121.1701,52.72495],[-121.1701,52.72079],[-121.1701,52.71662],[-121.1701,52.71245],[-121.1701,52.70829],[-121.1701,52.70412],[-121.1701,52.69995],[-121.1701,52.69578],[-121.1701,52.69162],[-121.1701,52.68745],[-121.1701,52.68328],[-121.1701,52.67912],[-121.1701,52.67495],[-121.1701,52.67078],[-121.1701,52.66662],[-121.1701,52.66245],[-121.1701,52.65828],[-121.1701,52.65412],[-121.1701,52.64995],[-121.17635,52.64995],[-121.17635,52.65412],[-121.17635,52.65828],[-121.17635,52.66245],[-121.17635,52.66662],[-121.17635,52.67078],[-121.17635,52.67495],[-121.17635,52.67912],[-121.17635,52.68328],[-121.17635,52.68745],[-121.17635,52.69162],[-121.17635,52.69578],[-121.17635,52.69995],[-121.17635,52.70412],[-121.17635,52.70829],[-121.17635,52.71245],[-121.17635,52.71662],[-121.17635,52.72079],[-121.17635,52.72495],[-121.17635,52.72912],[-121.17636,52.73329],[-121.17636,52.73745],[-121.17636,52.74162],[-121.17636,52.74579],[-121.17636,52.74995],[-121.17636,52.75412],[-121.17636,52.75829],[-121.17636,52.76245],[-121.17011,52.76245],[-121.16386,52.76245],[-121.15761,52.76245],[-121.15761,52.76662],[-121.16386,52.76662],[-121.17011,52.76662],[-121.17636,52.76662],[-121.17636,52.77079],[-121.17636,52.77495],[-121.17636,52.77912],[-121.18261,52.77912],[-121.18886,52.77912],[-121.19511,52.77912],[-121.20136,52.77912],[-121.20136,52.78329],[-121.20136,52.78745],[-121.20136,52.79162],[-121.20136,52.79579],[-121.19511,52.79579],[-121.19511,52.79995],[-121.19511,52.80412],[-121.19511,52.80829],[-121.19511,52.81245],[-121.19511,52.81662],[-121.20136,52.81662],[-121.20761,52.81662],[-121.20761,52.82079],[-121.20761,52.82495],[-121.20761,52.82912],[-121.20761,52.83329],[-121.21386,52.83329],[-121.21386,52.83745],[-121.21386,52.84162],[-121.21386,52.84579],[-121.21386,52.84995],[-121.21386,52.85412]]]}},{"type":"Feature","properties":{"c":"1126608","o":"WARREN, ROBERT LEIGH","e":"2029-12-12Z"},"geometry":{"type":"Polygon","coordinates":[[[-121.27012,52.97496],[-121.27637,52.97496],[-121.27637,52.97913],[-121.27012,52.97913],[-121.27012,52.97496]]]}},{"type":"Feature","properties":{"c":"1126759","o":"BARKER MINERALS LTD","e":"2026-11-30Z"},"geometry":{"type":"Polygon","coordinates":[[[-120.98884,52.74579],[-120.98259,52.74579],[-120.97634,52.74579],[-120.97008,52.74579],[-120.96383,52.74579],[-120.95758,52.74579],[-120.95133,52.74579],[-120.94508,52.74579],[-120.93883,52.74579],[-120.93258,52.74579],[-120.93258,52.74996],[-120.92633,52.74996],[-120.92008,52.74996],[-120.91383,52.74996],[-120.90758,52.74996],[-120.90133,52.74996],[-120.90133,52.74579],[-120.89508,52.74579],[-120.89508,52.74162],[-120.89508,52.73746],[-120.90133,52.73746],[-120.90758,52.73746],[-120.91383,52.73746],[-120.92008,52.73746],[-120.92633,52.73746],[-120.93258,52.73746],[-120.93258,52.74162],[-120.93883,52.74162],[-120.94508,52.74162],[-120.95133,52.74162],[-120.95758,52.74162],[-120.96383,52.74162],[-120.97008,52.74162],[-120.97634,52.74162],[-120.98259,52.74162],[-120.98884,52.74162],[-120.99509,52.74162],[-121.00134,52.74162],[-121.00134,52.74579],[-120.99509,52.74579],[-120.98884,52.74579]]]}},{"type":"Feature","properties":{"c":"1117195","o":"BARKER MINERALS LTD","e":"2027-07-15Z"},"geometry":{"type":"Polygon","coordinates":[[[-121.35137,52.70828],[-121.34512,52.70828],[-121.33887,52.70828],[-121.33262,52.70828],[-121.32637,52.70828],[-121.32012,52.70828],[-121.31388,52.70828],[-121.30763,52.70828],[-121.30763,52.70412],[-121.31388,52.70412],[-121.32013,52.70412],[-121.32637,52.70412],[-121.33262,52.70412],[-121.33887,52.70411],[-121.34512,52.70411],[-121.35137,52.70411],[-121.35763,52.70411],[-121.36388,52.70411],[-121.36388,52.70828],[-121.35762,52.70828],[-121.35137,52.70828]]]}},{"type":"Feature","properties":{"c":"1126761","o":"BARKER MINERALS LTD","e":"2027-07-15Z"},"geometry":{"type":"MultiPolygon","coordinates":[[[[-121.45763,52.71245],[-121.45138,52.71245],[-121.44513,52.71245],[-121.44513,52.71662],[-121.44513,52.72078],[-121.44513,52.72495],[-121.44513,52.72912],[-121.44513,52.73328],[-121.44513,52.73745],[-121.44513,52.74162],[-121.44513,52.74578],[-121.44513,52.74995],[-121.44514,52.75412],[-121.44514,52.75828],[-121.45139,52.75828],[-121.45139,52.76245],[-121.44514,52.76245],[-121.43889,52.76245],[-121.43263,52.76245],[-121.42638,52.76245],[-121.42013,52.76245],[-121.42013,52.75829],[-121.41388,52.75829],[-121.40763,52.75828],[-121.40763,52.76245],[-121.40763,52.76662],[-121.40763,52.77078],[-121.41388,52.77078],[-121.42013,52.77078],[-121.42638,52.77078],[-121.42639,52.77495],[-121.42639,52.77912],[-121.42639,52.78328],[-121.42639,52.78745],[-121.42639,52.79161],[-121.42639,52.79578],[-121.42639,52.79995],[-121.42639,52.80411],[-121.42639,52.80828],[-121.42639,52.81245],[-121.42639,52.81661],[-121.42014,52.81661],[-121.42014,52.82078],[-121.41389,52.82078],[-121.40763,52.82078],[-121.40138,52.82078],[-121.39513,52.82078],[-121.38888,52.82078],[-121.38263,52.82078],[-121.37638,52.82078],[-121.37013,52.82078],[-121.36387,52.82078],[-121.35762,52.82078],[-121.35762,52.81661],[-121.35762,52.81245],[-121.35762,52.80828],[-121.35762,52.80411],[-121.35762,52.79995],[-121.35762,52.79578],[-121.35137,52.79578],[-121.34512,52.79578],[-121.33887,52.79578],[-121.33887,52.79161],[-121.33887,52.78745],[-121.33887,52.78328],[-121.33887,52.77911],[-121.33887,52.77495],[-121.33262,52.77495],[-121.32637,52.77495],[-121.32012,52.77495],[-121.31387,52.77495],[-121.30761,52.77495],[-121.30761,52.77078],[-121.30761,52.76662],[-121.30761,52.76245],[-121.30761,52.75828],[-121.30761,52.75412],[-121.30761,52.74995],[-121.30762,52.74578],[-121.31387,52.74578],[-121.32012,52.74578],[-121.32637,52.74578],[-121.33262,52.74578],[-121.33262,52.74162],[-121.33262,52.73745],[-121.33262,52.73328],[-121.32637,52.73328],[-121.32637,52.72912],[-121.32637,52.72495],[-121.32637,52.72078],[-121.32637,52.71662],[-121.32637,52.71245],[-121.32637,52.70828],[-121.33262,52.70828],[-121.33887,52.70828],[-121.34512,52.70828],[-121.35137,52.70828],[-121.35762,52.70828],[-121.36388,52.70828],[-121.36388,52.70411],[-121.37013,52.70411],[-121.37638,52.70411],[-121.38263,52.70411],[-121.38888,52.70411],[-121.39513,52.70411],[-121.40138,52.70411],[-121.40763,52.70411],[-121.41388,52.70411],[-121.42013,52.70411],[-121.42638,52.70411],[-121.43263,52.70411],[-121.43888,52.70411],[-121.44513,52.70411],[-121.45138,52.70411],[-121.45763,52.70411],[-121.45763,52.70828],[-121.45763,52.71245]],[[-121.43263,52.74162],[-121.43263,52.73745],[-121.42638,52.73745],[-121.42638,52.74162],[-121.42638,52.74579],[-121.43263,52.74579],[-121.43263,52.74162]]]]}},{"type":"Feature","properties":{"c":"1139546","o":"SKARBO, BENJAMIN PRESTON","e":"2027-09-25Z"},"geometry":{"type":"Polygon","coordinates":[[[-121.31387,52.77912],[-121.32012,52.77912],[-121.32012,52.78328],[-121.31387,52.78328],[-121.31387,52.77912]]]}},{"type":"Feature","properties":{"c":"1139554","o":"DERRIEN, ANTHONY CHARLS","e":"2027-09-25Z"},"geometry":{"type":"MultiPolygon","coordinates":[[[[-121.04512,52.95412],[-121.03887,52.95412],[-121.03262,52.95412],[-121.02637,52.95412],[-121.02637,52.94995],[-121.02637,52.94579],[-121.02637,52.94162],[-121.03262,52.94162],[-121.03887,52.94162],[-121.04512,52.94162],[-121.04512,52.94579],[-121.04512,52.94995],[-121.04512,52.95412]],[[-121.03887,52.94579],[-121.03262,52.94579],[-121.03262,52.94995],[-121.03887,52.94995],[-121.03887,52.94579]]]]}},{"type":"Feature","properties":{"c":"1139556","o":"DERRIEN, ANTHONY CHARLS","e":"2027-09-25Z"},"geometry":{"type":"Polygon","coordinates":[[[-121.06386,52.88329],[-121.07011,52.88329],[-121.07011,52.88745],[-121.06386,52.88745],[-121.06386,52.88329]]]}},{"type":"Feature","properties":{"c":"1117980","o":"ZION MINERALS LTD","e":"2027-01-27Z"},"geometry":{"type":"Polygon","coordinates":[[[-121.45137,52.62911],[-121.44512,52.62911],[-121.43887,52.62911],[-121.43887,52.62494],[-121.43887,52.62077],[-121.44512,52.62078],[-121.45137,52.62077],[-121.45137,52.62494],[-121.45137,52.62911]]]}},{"type":"Feature","properties":{"c":"1117981","o":"ZION MINERALS LTD","e":"2027-01-27Z"},"geometry":{"type":"Polygon","coordinates":[[[-121.43887,52.62911],[-121.43262,52.62911],[-121.42637,52.62911],[-121.42637,52.62494],[-121.42637,52.62078],[-121.43262,52.62078],[-121.43887,52.62077],[-121.43887,52.62494],[-121.43887,52.62911]]]}},{"type":"Feature","properties":{"c":"1117982","o":"ZION MINERALS LTD","e":"2027-01-27Z"},"geometry":{"type":"Polygon","coordinates":[[[-121.44512,52.62078],[-121.43887,52.62077],[-121.43262,52.62078],[-121.43262,52.61661],[-121.43262,52.61244],[-121.43887,52.61244],[-121.44512,52.61244],[-121.44512,52.61661],[-121.44512,52.62078]]]}},{"type":"Feature","properties":{"c":"1117983","o":"ZION MINERALS LTD","e":"2027-01-27Z"},"geometry":{"type":"Polygon","coordinates":[[[-121.43262,52.62078],[-121.42637,52.62078],[-121.42637,52.61661],[-121.42012,52.61661],[-121.41387,52.61661],[-121.41387,52.61244],[-121.42012,52.61244],[-121.42637,52.61244],[-121.43262,52.61244],[-121.43262,52.61661],[-121.43262,52.62078]]]}},{"type":"Feature","properties":{"c":"1117984","o":"ZION MINERALS LTD","e":"2027-01-27Z"},"geometry":{"type":"Polygon","coordinates":[[[-121.42637,52.62494],[-121.42012,52.62494],[-121.41387,52.62494],[-121.41387,52.62078],[-121.41387,52.61661],[-121.42012,52.61661],[-121.42637,52.61661],[-121.42637,52.62078],[-121.42637,52.62494]]]}},{"type":"Feature","properties":{"c":"1117985","o":"ZION MINERALS LTD","e":"2027-01-27Z"},"geometry":{"type":"Polygon","coordinates":[[[-121.42637,52.63328],[-121.42012,52.63328],[-121.41387,52.63328],[-121.41387,52.62911],[-121.41387,52.62494],[-121.42012,52.62494],[-121.42637,52.62494],[-121.42637,52.62911],[-121.42637,52.63328]]]}},{"type":"Feature","properties":{"c":"1117986","o":"ZION MINERALS LTD","e":"2027-01-27Z"},"geometry":{"type":"Polygon","coordinates":[[[-121.41387,52.63328],[-121.40762,52.63328],[-121.40137,52.63328],[-121.40137,52.62911],[-121.40137,52.62494],[-121.40762,52.62494],[-121.41387,52.62494],[-121.41387,52.62911],[-121.41387,52.63328]]]}},{"type":"Feature","properties":{"c":"1117987","o":"ZION MINERALS LTD","e":"2027-01-27Z"},"geometry":{"type":"Polygon","coordinates":[[[-121.41387,52.62494],[-121.40762,52.62494],[-121.40137,52.62494],[-121.40137,52.62078],[-121.40137,52.61661],[-121.40762,52.61661],[-121.41387,52.61661],[-121.41387,52.62078],[-121.41387,52.62494]]]}},{"type":"Feature","properties":{"c":"1117988","o":"ZION MINERALS LTD","e":"2027-01-27Z"},"geometry":{"type":"Polygon","coordinates":[[[-121.40137,52.61661],[-121.40137,52.61244],[-121.40762,52.61244],[-121.41387,52.61244],[-121.41387,52.61661],[-121.40762,52.61661],[-121.40137,52.61661]]]}},{"type":"Feature","properties":{"c":"1127698","o":"EAGLE PLAINS RESOURCES LTD.","e":"2026-11-17Z"},"geometry":{"type":"Polygon","coordinates":[[[-121.52013,52.65411],[-121.51388,52.65411],[-121.50763,52.65411],[-121.50138,52.65411],[-121.50138,52.65828],[-121.49513,52.65828],[-121.49513,52.65411],[-121.49513,52.64994],[-121.49513,52.64578],[-121.49513,52.64161],[-121.50138,52.64161],[-121.50138,52.63744],[-121.49513,52.63744],[-121.49513,52.63327],[-121.50138,52.63327],[-121.50763,52.63327],[-121.50763,52.63744],[-121.50763,52.64161],[-121.50763,52.64577],[-121.51388,52.64577],[-121.52013,52.64577],[-121.52013,52.64994],[-121.52013,52.65411]]]}},{"type":"Feature","properties":{"c":"1037529","o":"REID, SPENCER ISAAC","e":"2030-12-20Z"},"geometry":{"type":"Polygon","coordinates":[[[-121.45763,52.69578],[-121.45138,52.69578],[-121.45138,52.69161],[-121.45138,52.68745],[-121.45763,52.68745],[-121.45763,52.69161],[-121.45763,52.69578]]]}},{"type":"Feature","properties":{"c":"1121206","o":"ADDIE, LLOYD JOHN","e":"2027-02-27Z"},"geometry":{"type":"Polygon","coordinates":[[[-121.38262,52.61244],[-121.38262,52.60828],[-121.38262,52.60411],[-121.38887,52.60411],[-121.38887,52.60828],[-121.39512,52.60828],[-121.39512,52.61244],[-121.38887,52.61244],[-121.38262,52.61244]]]}},{"type":"Feature","properties":{"c":"1121207","o":"ADDIE, LLOYD JOHN","e":"2027-02-27Z"},"geometry":{"type":"Polygon","coordinates":[[[-121.38262,52.61244],[-121.37637,52.61244],[-121.37637,52.60828],[-121.37637,52.60411],[-121.38262,52.60411],[-121.38262,52.60828],[-121.38262,52.61244]]]}},{"type":"Feature","properties":{"c":"1114259","o":"SPANISH MOUNTAIN GOLD LTD.","e":"2035-04-25Z"},"geometry":{"type":"Polygon","coordinates":[[[-121.49511,52.54577],[-121.48886,52.54577],[-121.48261,52.54577],[-121.48261,52.54161],[-121.48261,52.53744],[-121.48261,52.53327],[-121.47636,52.53327],[-121.47011,52.53327],[-121.46386,52.53327],[-121.45761,52.53327],[-121.45136,52.53327],[-121.44511,52.53327],[-121.44511,52.52911],[-121.44511,52.52494],[-121.43886,52.52494],[-121.4326,52.52494],[-121.42635,52.52494],[-121.4201,52.52494],[-121.41385,52.52494],[-121.41385,52.52077],[-121.41385,52.51661],[-121.41385,52.51244],[-121.41385,52.50827],[-121.4201,52.50827],[-121.42635,52.50827],[-121.4326,52.50827],[-121.43885,52.50827],[-121.4451,52.50827],[-121.45135,52.50827],[-121.45135,52.51244],[-121.45135,52.51661],[-121.45136,52.52077],[-121.45136,52.52494],[-121.45136,52.52911],[-121.45761,52.52911],[-121.46386,52.52911],[-121.47011,52.52911],[-121.47636,52.52911],[-121.48261,52.52911],[-121.48886,52.52911],[-121.49511,52.52911],[-121.49511,52.53327],[-121.49511,52.53744],[-121.49511,52.54161],[-121.49511,52.54577]]]}},{"type":"Feature","properties":{"c":"1119401","o":"OLIVER, JESSE JOELL","e":"2027-01-24Z"},"geometry":{"type":"Polygon","coordinates":[[[-121.37013,52.82911],[-121.37638,52.82911],[-121.37638,52.83328],[-121.37013,52.83328],[-121.37013,52.82911]]]}},{"type":"Feature","properties":{"c":"1117178","o":"DOYLE, LOUIS ERIC","e":"2026-11-20Z"},"geometry":{"type":"Polygon","coordinates":[[[-121.03884,52.77079],[-121.03259,52.77079],[-121.02634,52.77079],[-121.02009,52.77079],[-121.01384,52.77079],[-121.00759,52.77079],[-121.00134,52.77079],[-120.99509,52.77079],[-120.99509,52.76662],[-120.99509,52.76246],[-120.99509,52.75829],[-120.99509,52.75412],[-121.00134,52.75412],[-121.00759,52.75412],[-121.01384,52.75412],[-121.02009,52.75412],[-121.02634,52.75412],[-121.03259,52.75412],[-121.03884,52.75412],[-121.03884,52.75829],[-121.03884,52.76245],[-121.03884,52.76662],[-121.03884,52.77079]]]}},{"type":"Feature","properties":{"c":"1121458","o":"ADDIE, LLOYD JOHN","e":"2027-03-07Z"},"geometry":{"type":"Polygon","coordinates":[[[-121.38887,52.59578],[-121.38262,52.59578],[-121.37637,52.59578],[-121.37636,52.59161],[-121.37636,52.58744],[-121.37636,52.58328],[-121.38261,52.58328],[-121.38887,52.58327],[-121.38887,52.58744],[-121.38887,52.59161],[-121.38887,52.59578]]]}},{"type":"Feature","properties":{"c":"1119018","o":"KURK, BRADLEY RONALD","e":"2032-09-28Z"},"geometry":{"type":"Polygon","coordinates":[[[-121.22637,52.94996],[-121.23262,52.94996],[-121.23262,52.95412],[-121.22637,52.95412],[-121.22637,52.94996]]]}},{"type":"Feature","properties":{"c":"1115266","o":"SEAGRIS, CORY MICHAEL","e":"2027-08-22Z"},"geometry":{"type":"Polygon","coordinates":[[[-121.42013,52.76245],[-121.42013,52.75829],[-121.42638,52.75828],[-121.43263,52.75828],[-121.43263,52.76245],[-121.42638,52.76245],[-121.42013,52.76245]]]}},{"type":"Feature","properties":{"c":"1120685","o":"DIELEMAN, MARTIN JAMES","e":"2027-07-27Z"},"geometry":{"type":"Polygon","coordinates":[[[-121.20137,52.93329],[-121.20762,52.93329],[-121.20762,52.93746],[-121.20137,52.93746],[-121.20137,52.93329]]]}}]}