{"type":"FeatureCollection","features":[{"type":"Feature","properties":{"c":"245946","o":"LEPINSKI, JOHN BRENT","e":"2027-05-30Z"},"geometry":{"type":"Polygon","coordinates":[[[-125.41352,55.56686],[-125.41219,55.56634],[-125.41374,55.56509],[-125.41911,55.56724],[-125.41756,55.56848],[-125.41532,55.56758],[-125.41352,55.56686]]]}},{"type":"Feature","properties":{"c":"540084","o":"HOFFMAN, TIM EDWARD","e":"2035-11-01Z"},"geometry":{"type":"Polygon","coordinates":[[[-125.13289,55.64992],[-125.12664,55.64992],[-125.12664,55.65409],[-125.12039,55.65409],[-125.11414,55.65409],[-125.11414,55.64992],[-125.10789,55.64992],[-125.10789,55.64576],[-125.11414,55.64576],[-125.12039,55.64576],[-125.12039,55.64159],[-125.12664,55.64159],[-125.12664,55.64576],[-125.13289,55.64576],[-125.13289,55.64992]]]}},{"type":"Feature","properties":{"c":"1031390","o":"HOFFMAN, TIM EDWARD","e":"2035-10-15Z"},"geometry":{"type":"Polygon","coordinates":[[[-125.08914,55.67076],[-125.08914,55.67492],[-125.08289,55.67492],[-125.08289,55.67076],[-125.08914,55.67076]]]}},{"type":"Feature","properties":{"c":"1031369","o":"HOFFMAN, TIM EDWARD","e":"2035-10-15Z"},"geometry":{"type":"Polygon","coordinates":[[[-125.09539,55.66659],[-125.09539,55.67076],[-125.08914,55.67076],[-125.08914,55.66659],[-125.09539,55.66659]]]}},{"type":"Feature","properties":{"c":"518862","o":"HOFFMAN, TIM EDWARD","e":"2035-11-01Z"},"geometry":{"type":"Polygon","coordinates":[[[-125.14539,55.64159],[-125.13914,55.64159],[-125.13914,55.64576],[-125.13289,55.64576],[-125.12664,55.64576],[-125.12664,55.64159],[-125.12664,55.63742],[-125.13289,55.63742],[-125.13289,55.63326],[-125.13914,55.63326],[-125.14539,55.63326],[-125.14539,55.63742],[-125.14539,55.64159]]]}},{"type":"Feature","properties":{"c":"558734","o":"SWARE, KENT ALFRED","e":"2026-11-15Z"},"geometry":{"type":"Polygon","coordinates":[[[-125.10164,55.66659],[-125.09539,55.66659],[-125.08914,55.66659],[-125.08914,55.66242],[-125.08914,55.65826],[-125.09539,55.65826],[-125.10164,55.65826],[-125.10164,55.66242],[-125.10164,55.66659]]]}},{"type":"Feature","properties":{"c":"585414","o":"SWARE, KENT ALFRED","e":"2026-11-15Z"},"geometry":{"type":"Polygon","coordinates":[[[-125.10789,55.65826],[-125.10789,55.66242],[-125.10164,55.66242],[-125.10164,55.65826],[-125.10789,55.65826]]]}},{"type":"Feature","properties":{"c":"268595","o":"AUBICHON, VICTOR GARY","e":"2027-01-07Z"},"geometry":{"type":"Polygon","coordinates":[[[-125.09586,55.66345],[-125.09588,55.66345],[-125.09588,55.66457],[-125.09588,55.66619],[-125.09588,55.66659],[-125.09552,55.66659],[-125.09382,55.66659],[-125.08948,55.66532],[-125.08831,55.66659],[-125.08794,55.66659],[-125.08794,55.66345],[-125.09056,55.66345],[-125.09586,55.66345]]]}},{"type":"Feature","properties":{"c":"663163","o":"SCAMMELL, COLIN JAMES","e":"2027-05-01Z"},"geometry":{"type":"Polygon","coordinates":[[[-125.08914,55.68742],[-125.08914,55.69159],[-125.08289,55.69159],[-125.08289,55.68743],[-125.08914,55.68742]]]}},{"type":"Feature","properties":{"c":"705914","o":"SCAMMELL, COLIN JAMES","e":"2027-03-01Z"},"geometry":{"type":"Polygon","coordinates":[[[-125.09539,55.68326],[-125.09539,55.68742],[-125.08914,55.68742],[-125.08914,55.68326],[-125.09539,55.68326]]]}},{"type":"Feature","properties":{"c":"663123","o":"SCAMMELL, COLIN JAMES","e":"2027-04-01Z"},"geometry":{"type":"Polygon","coordinates":[[[-125.08914,55.68742],[-125.08289,55.68743],[-125.08289,55.68326],[-125.08289,55.67909],[-125.08914,55.67909],[-125.09539,55.67909],[-125.09539,55.68326],[-125.08914,55.68326],[-125.08914,55.68742]]]}},{"type":"Feature","properties":{"c":"953210","o":"SATHER, TRAVIS","e":"2034-06-18Z"},"geometry":{"type":"Polygon","coordinates":[[[-125.08914,55.71659],[-125.08289,55.71659],[-125.08289,55.71243],[-125.08289,55.70826],[-125.08289,55.70409],[-125.08914,55.70409],[-125.08914,55.70826],[-125.08914,55.71243],[-125.08914,55.71659]]]}},{"type":"Feature","properties":{"c":"1027386","o":"SATHER, TRAVIS","e":"2034-06-18Z"},"geometry":{"type":"Polygon","coordinates":[[[-125.08289,55.72076],[-125.07664,55.72076],[-125.07664,55.71659],[-125.07664,55.71243],[-125.08289,55.71243],[-125.08289,55.71659],[-125.08289,55.72076]]]}},{"type":"Feature","properties":{"c":"1013464","o":"HOFFMAN, TIM EDWARD","e":"2035-10-15Z"},"geometry":{"type":"Polygon","coordinates":[[[-125.10164,55.67492],[-125.09539,55.67492],[-125.08914,55.67492],[-125.08914,55.67076],[-125.09539,55.67076],[-125.09539,55.66659],[-125.10164,55.66659],[-125.10164,55.67076],[-125.10164,55.67492]]]}},{"type":"Feature","properties":{"c":"1041163","o":"FORSMAN, NILS AIDAN","e":"2027-01-10Z"},"geometry":{"type":"Polygon","coordinates":[[[-125.00164,55.67492],[-124.99539,55.67492],[-124.98914,55.67492],[-124.98914,55.67909],[-124.98289,55.67909],[-124.98289,55.67492],[-124.97664,55.67492],[-124.97664,55.67076],[-124.97039,55.67076],[-124.97039,55.67492],[-124.97039,55.67909],[-124.96414,55.67909],[-124.95789,55.67909],[-124.95789,55.67492],[-124.95164,55.67492],[-124.95164,55.67076],[-124.95164,55.66659],[-124.95164,55.66242],[-124.95164,55.65826],[-124.94539,55.65826],[-124.94539,55.65409],[-124.94539,55.64992],[-124.93914,55.64992],[-124.93289,55.64992],[-124.93289,55.65409],[-124.92664,55.65409],[-124.92664,55.64992],[-124.92664,55.64576],[-124.93289,55.64576],[-124.93914,55.64576],[-124.94539,55.64576],[-124.95164,55.64576],[-124.95789,55.64576],[-124.95789,55.64992],[-124.95789,55.65409],[-124.95789,55.65826],[-124.96414,55.65826],[-124.97039,55.65826],[-124.97664,55.65826],[-124.98289,55.65826],[-124.98914,55.65826],[-124.99539,55.65826],[-124.99539,55.66242],[-125.00164,55.66242],[-125.00164,55.66659],[-125.00164,55.67076],[-125.00164,55.67492]]]}},{"type":"Feature","properties":{"c":"1039922","o":"MANN, VERN WALTER","e":"2026-11-13Z"},"geometry":{"type":"Polygon","coordinates":[[[-125.46416,55.65825],[-125.45791,55.65825],[-125.45791,55.65408],[-125.46416,55.65408],[-125.47041,55.65408],[-125.47666,55.65408],[-125.47666,55.65825],[-125.47041,55.65825],[-125.46416,55.65825]]]}},{"type":"Feature","properties":{"c":"1095790","o":"WILKS, CASEY","e":"2027-05-26Z"},"geometry":{"type":"Polygon","coordinates":[[[-125.46416,55.66242],[-125.46416,55.66658],[-125.45791,55.66658],[-125.45791,55.66242],[-125.46416,55.66242]]]}},{"type":"Feature","properties":{"c":"1040043","o":"NOFZIGER, LEE DANIEL","e":"2027-10-28Z"},"geometry":{"type":"Polygon","coordinates":[[[-125.50166,55.69575],[-125.50166,55.69992],[-125.49541,55.69992],[-125.49541,55.69575],[-125.50166,55.69575]]]}},{"type":"Feature","properties":{"c":"1040044","o":"NOFZIGER, LEE DANIEL","e":"2027-09-01Z"},"geometry":{"type":"Polygon","coordinates":[[[-125.48916,55.69575],[-125.48916,55.69992],[-125.48291,55.69992],[-125.48291,55.69575],[-125.48916,55.69575]]]}},{"type":"Feature","properties":{"c":"1040046","o":"NOFZIGER, LEE DANIEL","e":"2027-07-23Z"},"geometry":{"type":"Polygon","coordinates":[[[-125.45791,55.71242],[-125.45791,55.70825],[-125.46416,55.70825],[-125.47041,55.70825],[-125.47041,55.71242],[-125.46416,55.71242],[-125.45791,55.71242]]]}},{"type":"Feature","properties":{"c":"1065783","o":"SCAMMELL, COLIN JAMES","e":"2027-03-01Z"},"geometry":{"type":"Polygon","coordinates":[[[-125.09539,55.68742],[-125.09539,55.69159],[-125.08914,55.69159],[-125.08914,55.68742],[-125.09539,55.68742]]]}},{"type":"Feature","properties":{"c":"1066601","o":"SATHER, TRAVIS","e":"2034-06-18Z"},"geometry":{"type":"Polygon","coordinates":[[[-125.09539,55.71659],[-125.08914,55.71659],[-125.08914,55.71243],[-125.08914,55.70826],[-125.09539,55.70826],[-125.09539,55.71243],[-125.09539,55.71659]]]}},{"type":"Feature","properties":{"c":"1076192","o":"NOFZIGER, LEE DANIEL","e":"2035-07-15Z"},"geometry":{"type":"Polygon","coordinates":[[[-125.08914,55.67076],[-125.08289,55.67076],[-125.08289,55.66659],[-125.08289,55.66242],[-125.08289,55.65826],[-125.08914,55.65826],[-125.08914,55.66242],[-125.08914,55.66659],[-125.08914,55.67076]]]}},{"type":"Feature","properties":{"c":"1068835","o":"NOFZIGER, LEE DANIEL","e":"2035-07-15Z"},"geometry":{"type":"Polygon","coordinates":[[[-125.08289,55.67492],[-125.07664,55.67492],[-125.07039,55.67492],[-125.07039,55.67076],[-125.07039,55.66659],[-125.07664,55.66659],[-125.07664,55.66242],[-125.08289,55.66242],[-125.08289,55.66659],[-125.08289,55.67076],[-125.08289,55.67492]]]}},{"type":"Feature","properties":{"c":"1051634","o":"SATHER, TRAVIS","e":"2034-06-18Z"},"geometry":{"type":"Polygon","coordinates":[[[-125.08914,55.72493],[-125.08289,55.72493],[-125.07664,55.72493],[-125.07664,55.72076],[-125.08289,55.72076],[-125.08289,55.71659],[-125.08914,55.71659],[-125.09539,55.71659],[-125.09539,55.72076],[-125.08914,55.72076],[-125.08914,55.72493]]]}},{"type":"Feature","properties":{"c":"1091947","o":"NOFZIGER, LEE DANIEL","e":"2028-01-02Z"},"geometry":{"type":"Polygon","coordinates":[[[-125.49541,55.69575],[-125.49541,55.69992],[-125.48916,55.69992],[-125.48916,55.69575],[-125.49541,55.69575]]]}},{"type":"Feature","properties":{"c":"1092055","o":"ROMINE, BENJAMIN FRANK","e":"2030-01-28Z"},"geometry":{"type":"Polygon","coordinates":[[[-125.47666,55.73742],[-125.47666,55.74158],[-125.47041,55.74158],[-125.47041,55.73742],[-125.47666,55.73742]]]}},{"type":"Feature","properties":{"c":"1098395","o":"PUT, JARED GUSTAF","e":"2026-11-01Z"},"geometry":{"type":"Polygon","coordinates":[[[-125.45791,55.66658],[-125.45166,55.66658],[-125.45166,55.66242],[-125.45166,55.65825],[-125.45791,55.65825],[-125.46416,55.65825],[-125.46416,55.66242],[-125.45791,55.66242],[-125.45791,55.66658]]]}},{"type":"Feature","properties":{"c":"1037233","o":"NOFZIGER, LEE DANIEL","e":"2035-07-15Z"},"geometry":{"type":"Polygon","coordinates":[[[-125.07039,55.67909],[-125.06414,55.67909],[-125.06414,55.67492],[-125.06414,55.67076],[-125.07039,55.67076],[-125.07039,55.67492],[-125.07039,55.67909]]]}},{"type":"Feature","properties":{"c":"1031743","o":"NOFZIGER, LEE DANIEL","e":"2035-07-15Z"},"geometry":{"type":"Polygon","coordinates":[[[-125.06414,55.67076],[-125.06414,55.67492],[-125.05789,55.67492],[-125.05789,55.67076],[-125.06414,55.67076]]]}},{"type":"Feature","properties":{"c":"1095479","o":"ROMINE, BENJAMIN FRANK","e":"2030-05-04Z"},"geometry":{"type":"Polygon","coordinates":[[[-125.47666,55.73325],[-125.47666,55.73742],[-125.47041,55.73742],[-125.47041,55.73325],[-125.47666,55.73325]]]}},{"type":"Feature","properties":{"c":"1096819","o":"TEICHROEB, DANIEL PHILLIP","e":"2035-03-05Z"},"geometry":{"type":"Polygon","coordinates":[[[-125.12664,55.67909],[-125.12039,55.67909],[-125.11414,55.67909],[-125.10789,55.67909],[-125.10164,55.67909],[-125.10164,55.67492],[-125.10164,55.67076],[-125.10789,55.67076],[-125.11414,55.67076],[-125.11414,55.66659],[-125.11414,55.66242],[-125.12039,55.66242],[-125.12664,55.66242],[-125.12664,55.66659],[-125.12664,55.67076],[-125.12664,55.67492],[-125.12664,55.67909]]]}},{"type":"Feature","properties":{"c":"1096821","o":"TEICHROEB, DANIEL PHILLIP","e":"2035-03-05Z"},"geometry":{"type":"Polygon","coordinates":[[[-125.12664,55.66242],[-125.12039,55.66242],[-125.11414,55.66242],[-125.11414,55.65826],[-125.11414,55.65409],[-125.12039,55.65409],[-125.12664,55.65409],[-125.12664,55.65826],[-125.12664,55.66242]]]}},{"type":"Feature","properties":{"c":"1091937","o":"TEICHROEB, DANIEL PHILLIP","e":"2035-03-05Z"},"geometry":{"type":"Polygon","coordinates":[[[-125.11414,55.67076],[-125.10789,55.67076],[-125.10164,55.67076],[-125.10164,55.66659],[-125.10164,55.66242],[-125.10789,55.66242],[-125.10789,55.65826],[-125.11414,55.65826],[-125.11414,55.66242],[-125.11414,55.66659],[-125.11414,55.67076]]]}},{"type":"Feature","properties":{"c":"514450","o":"NORTHWEST COPPER CORPORATION","e":"2037-01-26Z"},"geometry":{"type":"Polygon","coordinates":[[[-125.05164,55.51242],[-125.04539,55.51242],[-125.03914,55.51242],[-125.03289,55.51242],[-125.02664,55.51242],[-125.02039,55.51242],[-125.02039,55.50826],[-125.02039,55.50409],[-125.02039,55.49992],[-125.02039,55.49576],[-125.02039,55.49159],[-125.02664,55.49159],[-125.03289,55.49159],[-125.03914,55.49159],[-125.04539,55.49159],[-125.05164,55.49159],[-125.05164,55.49575],[-125.05164,55.49992],[-125.05164,55.50409],[-125.05164,55.50825],[-125.05164,55.51242]]]}},{"type":"Feature","properties":{"c":"514451","o":"NORTHWEST COPPER CORPORATION","e":"2037-01-26Z"},"geometry":{"type":"Polygon","coordinates":[[[-125.08289,55.51242],[-125.07664,55.51242],[-125.07039,55.51242],[-125.06414,55.51242],[-125.05789,55.51242],[-125.05164,55.51242],[-125.05164,55.50825],[-125.05164,55.50409],[-125.05164,55.49992],[-125.05164,55.49575],[-125.05164,55.49159],[-125.05789,55.49159],[-125.06414,55.49159],[-125.06414,55.48742],[-125.07039,55.48742],[-125.07664,55.48742],[-125.08289,55.48742],[-125.08289,55.49159],[-125.08289,55.49575],[-125.08289,55.49992],[-125.08289,55.50409],[-125.08289,55.50825],[-125.08289,55.51242]]]}},{"type":"Feature","properties":{"c":"514455","o":"NORTHWEST COPPER CORPORATION","e":"2036-06-13Z"},"geometry":{"type":"Polygon","coordinates":[[[-125.3204,55.51658],[-125.3204,55.52074],[-125.31415,55.52074],[-125.31415,55.51658],[-125.3204,55.51658]]]}},{"type":"Feature","properties":{"c":"517540","o":"NORTHWEST COPPER CORPORATION","e":"2031-10-02Z"},"geometry":{"type":"Polygon","coordinates":[[[-125.2954,55.80826],[-125.28915,55.80826],[-125.2829,55.80826],[-125.27665,55.80826],[-125.27665,55.81243],[-125.27665,55.81659],[-125.27665,55.82076],[-125.27665,55.82493],[-125.2704,55.82493],[-125.26414,55.82493],[-125.25789,55.82493],[-125.25164,55.82493],[-125.24539,55.82493],[-125.23914,55.82493],[-125.23914,55.82076],[-125.24539,55.82076],[-125.25164,55.82076],[-125.2579,55.82076],[-125.26415,55.82076],[-125.2704,55.82076],[-125.2704,55.81659],[-125.2704,55.81243],[-125.2704,55.80826],[-125.26415,55.80826],[-125.2579,55.80826],[-125.25165,55.80826],[-125.2454,55.80826],[-125.23915,55.80826],[-125.23915,55.80409],[-125.2454,55.80409],[-125.25165,55.80409],[-125.2579,55.80409],[-125.26415,55.80409],[-125.2704,55.80409],[-125.27665,55.80409],[-125.2829,55.80409],[-125.28915,55.80409],[-125.2954,55.80409],[-125.30165,55.80409],[-125.3079,55.80409],[-125.3079,55.80826],[-125.30165,55.80826],[-125.2954,55.80826]]]}},{"type":"Feature","properties":{"c":"517548","o":"NORTHWEST COPPER CORPORATION","e":"2031-10-02Z"},"geometry":{"type":"Polygon","coordinates":[[[-125.32664,55.99156],[-125.32039,55.99156],[-125.32039,55.9874],[-125.32039,55.98323],[-125.32039,55.97907],[-125.32039,55.9749],[-125.32039,55.97074],[-125.31414,55.97074],[-125.30789,55.97074],[-125.30164,55.97074],[-125.29539,55.97074],[-125.28914,55.97074],[-125.28289,55.97074],[-125.28289,55.96657],[-125.28914,55.96657],[-125.29539,55.96657],[-125.30164,55.96657],[-125.30789,55.96657],[-125.31414,55.96657],[-125.32039,55.96657],[-125.32664,55.96657],[-125.32664,55.97074],[-125.32664,55.9749],[-125.32664,55.97907],[-125.32664,55.98323],[-125.32664,55.9874],[-125.32664,55.99156]]]}},{"type":"Feature","properties":{"c":"517553","o":"NORTHWEST COPPER CORPORATION","e":"2031-10-02Z"},"geometry":{"type":"Polygon","coordinates":[[[-125.28914,55.95407],[-125.28289,55.95407],[-125.27664,55.95407],[-125.27039,55.95407],[-125.26414,55.95407],[-125.25788,55.95407],[-125.25788,55.94991],[-125.25789,55.94574],[-125.25789,55.94158],[-125.25789,55.93741],[-125.26414,55.93741],[-125.27039,55.93741],[-125.27664,55.93741],[-125.28289,55.93741],[-125.28914,55.93741],[-125.28914,55.94158],[-125.28914,55.94574],[-125.28914,55.94991],[-125.28914,55.95407]]]}},{"type":"Feature","properties":{"c":"517561","o":"NORTHWEST COPPER CORPORATION","e":"2031-10-02Z"},"geometry":{"type":"Polygon","coordinates":[[[-125.49541,55.95823],[-125.48916,55.95823],[-125.48916,55.95406],[-125.48916,55.9499],[-125.48916,55.94573],[-125.48916,55.94157],[-125.49541,55.94157],[-125.49541,55.94573],[-125.49541,55.9499],[-125.49541,55.95406],[-125.49541,55.95823]]]}},{"type":"Feature","properties":{"c":"518909","o":"NORTHWEST COPPER CORPORATION","e":"2031-10-02Z"},"geometry":{"type":"Polygon","coordinates":[[[-125.52041,56.01655],[-125.51416,56.01655],[-125.50791,56.01655],[-125.50166,56.01655],[-125.49541,56.01655],[-125.48916,56.01655],[-125.48916,56.01238],[-125.48916,56.00822],[-125.48916,56.00405],[-125.49541,56.00405],[-125.50166,56.00405],[-125.50791,56.00405],[-125.50791,55.99988],[-125.50791,55.99572],[-125.51416,55.99572],[-125.51416,55.99988],[-125.52041,55.99988],[-125.52041,56.00405],[-125.52041,56.00821],[-125.52041,56.01238],[-125.52041,56.01655]]]}},{"type":"Feature","properties":{"c":"519786","o":"NORTHWEST COPPER CORPORATION","e":"2031-10-02Z"},"geometry":{"type":"Polygon","coordinates":[[[-125.50166,55.90824],[-125.49541,55.90824],[-125.49541,55.90408],[-125.49541,55.89991],[-125.49541,55.89574],[-125.49541,55.89158],[-125.49541,55.88741],[-125.48916,55.88741],[-125.48291,55.88741],[-125.47666,55.88741],[-125.47041,55.88741],[-125.47041,55.88325],[-125.47041,55.87908],[-125.47041,55.87492],[-125.47041,55.87075],[-125.47666,55.87075],[-125.48291,55.87075],[-125.48916,55.87075],[-125.49541,55.87075],[-125.50166,55.87075],[-125.50166,55.87492],[-125.50166,55.87908],[-125.50166,55.88325],[-125.50166,55.88741],[-125.50166,55.89158],[-125.50166,55.89574],[-125.50166,55.89991],[-125.50166,55.90408],[-125.50166,55.90824]]]}},{"type":"Feature","properties":{"c":"533018","o":"NORTHWEST COPPER CORPORATION","e":"2033-12-15Z"},"geometry":{"type":"Polygon","coordinates":[[[-125.39541,55.54992],[-125.38916,55.54991],[-125.38291,55.54991],[-125.37666,55.54991],[-125.37041,55.54991],[-125.37041,55.54575],[-125.37041,55.54158],[-125.37041,55.53741],[-125.37666,55.53741],[-125.38291,55.53741],[-125.38916,55.53741],[-125.39541,55.53741],[-125.39541,55.54158],[-125.39541,55.54575],[-125.39541,55.54992]]]}},{"type":"Feature","properties":{"c":"545320","o":"NORTHWEST COPPER CORPORATION","e":"2033-12-15Z"},"geometry":{"type":"Polygon","coordinates":[[[-125.42041,55.54992],[-125.41416,55.54992],[-125.40791,55.54992],[-125.40166,55.54992],[-125.39541,55.54992],[-125.39541,55.54575],[-125.39541,55.54158],[-125.39541,55.53741],[-125.39541,55.53325],[-125.39541,55.52908],[-125.39541,55.52491],[-125.40166,55.52491],[-125.40791,55.52492],[-125.41416,55.52492],[-125.42041,55.52492],[-125.42041,55.52908],[-125.42041,55.53325],[-125.42041,55.53742],[-125.42041,55.54158],[-125.42041,55.54575],[-125.42041,55.54992]]]}},{"type":"Feature","properties":{"c":"545321","o":"NORTHWEST COPPER CORPORATION","e":"2033-12-15Z"},"geometry":{"type":"Polygon","coordinates":[[[-125.42041,55.52492],[-125.41416,55.52492],[-125.40791,55.52492],[-125.40166,55.52491],[-125.39541,55.52491],[-125.39541,55.52075],[-125.39541,55.51658],[-125.39541,55.51241],[-125.39541,55.50825],[-125.39541,55.50408],[-125.39541,55.49991],[-125.40166,55.49991],[-125.40791,55.49991],[-125.41416,55.49992],[-125.42041,55.49992],[-125.42041,55.50408],[-125.42041,55.50825],[-125.42041,55.51242],[-125.42041,55.51658],[-125.42041,55.52075],[-125.42041,55.52492]]]}},{"type":"Feature","properties":{"c":"545682","o":"NORTHWEST COPPER CORPORATION","e":"2033-12-15Z"},"geometry":{"type":"Polygon","coordinates":[[[-125.39541,55.53741],[-125.38916,55.53741],[-125.38291,55.53741],[-125.37666,55.53741],[-125.37041,55.53741],[-125.36416,55.53741],[-125.36416,55.53325],[-125.36416,55.52908],[-125.36416,55.52491],[-125.36416,55.52075],[-125.36416,55.51658],[-125.37041,55.51658],[-125.37666,55.51658],[-125.38291,55.51658],[-125.38916,55.51658],[-125.39541,55.51658],[-125.39541,55.52075],[-125.39541,55.52491],[-125.39541,55.52908],[-125.39541,55.53325],[-125.39541,55.53741]]]}},{"type":"Feature","properties":{"c":"545684","o":"NORTHWEST COPPER CORPORATION","e":"2033-12-15Z"},"geometry":{"type":"Polygon","coordinates":[[[-125.39541,55.51658],[-125.38916,55.51658],[-125.38291,55.51658],[-125.37666,55.51658],[-125.37041,55.51658],[-125.36416,55.51658],[-125.35791,55.51658],[-125.35791,55.51241],[-125.35791,55.50824],[-125.35791,55.50408],[-125.35791,55.49991],[-125.36416,55.49991],[-125.37041,55.49991],[-125.37666,55.49991],[-125.38291,55.49991],[-125.38916,55.49991],[-125.39541,55.49991],[-125.39541,55.50408],[-125.39541,55.50825],[-125.39541,55.51241],[-125.39541,55.51658]]]}},{"type":"Feature","properties":{"c":"545688","o":"NORTHWEST COPPER CORPORATION","e":"2033-12-15Z"},"geometry":{"type":"Polygon","coordinates":[[[-125.36416,55.49991],[-125.35791,55.49991],[-125.35791,55.50408],[-125.35166,55.50408],[-125.3454,55.50408],[-125.3454,55.49991],[-125.3454,55.49574],[-125.33915,55.49574],[-125.33915,55.49158],[-125.33915,55.48741],[-125.3454,55.48741],[-125.3454,55.49158],[-125.35166,55.49158],[-125.35791,55.49158],[-125.35791,55.49574],[-125.36416,55.49574],[-125.36416,55.49991]]]}},{"type":"Feature","properties":{"c":"692403","o":"NORTHWEST COPPER CORPORATION","e":"2033-12-15Z"},"geometry":{"type":"Polygon","coordinates":[[[-125.51416,55.64992],[-125.50791,55.64992],[-125.50166,55.64992],[-125.49541,55.64992],[-125.48916,55.64992],[-125.48291,55.64992],[-125.48291,55.64575],[-125.48291,55.64158],[-125.48291,55.63742],[-125.48291,55.63325],[-125.48291,55.62908],[-125.48916,55.62908],[-125.49541,55.62909],[-125.50166,55.62909],[-125.50792,55.62909],[-125.51417,55.62909],[-125.51417,55.63325],[-125.51417,55.63742],[-125.51417,55.64158],[-125.51416,55.64575],[-125.51416,55.64992]]]}},{"type":"Feature","properties":{"c":"692424","o":"NORTHWEST COPPER CORPORATION","e":"2033-12-15Z"},"geometry":{"type":"Polygon","coordinates":[[[-125.48291,55.64992],[-125.47666,55.64992],[-125.47041,55.64992],[-125.46416,55.64992],[-125.45791,55.64992],[-125.45166,55.64992],[-125.45166,55.64575],[-125.45166,55.64158],[-125.45166,55.63742],[-125.45166,55.63325],[-125.45166,55.62908],[-125.45791,55.62908],[-125.46416,55.62908],[-125.47041,55.62908],[-125.47666,55.62908],[-125.48291,55.62908],[-125.48291,55.63325],[-125.48291,55.63742],[-125.48291,55.64158],[-125.48291,55.64575],[-125.48291,55.64992]]]}},{"type":"Feature","properties":{"c":"692443","o":"NORTHWEST COPPER CORPORATION","e":"2033-12-15Z"},"geometry":{"type":"Polygon","coordinates":[[[-125.45166,55.64158],[-125.44541,55.64158],[-125.43916,55.64158],[-125.43916,55.63742],[-125.43916,55.63325],[-125.43916,55.62908],[-125.44541,55.62908],[-125.45166,55.62908],[-125.45166,55.63325],[-125.45166,55.63742],[-125.45166,55.64158]]]}},{"type":"Feature","properties":{"c":"997183","o":"NORTHWEST COPPER CORPORATION","e":"2037-01-26Z"},"geometry":{"type":"Polygon","coordinates":[[[-125.2329,55.59992],[-125.22665,55.59992],[-125.2204,55.59992],[-125.21415,55.59992],[-125.2079,55.59992],[-125.20165,55.59992],[-125.20165,55.59575],[-125.20165,55.59158],[-125.20165,55.58742],[-125.20165,55.58325],[-125.20165,55.57908],[-125.2079,55.57908],[-125.21415,55.57908],[-125.2204,55.57908],[-125.22665,55.57908],[-125.2329,55.57908],[-125.2329,55.58325],[-125.2329,55.58742],[-125.2329,55.59158],[-125.2329,55.59575],[-125.2329,55.59992]]]}},{"type":"Feature","properties":{"c":"997222","o":"NORTHWEST COPPER CORPORATION","e":"2037-01-26Z"},"geometry":{"type":"Polygon","coordinates":[[[-125.25165,55.60408],[-125.2454,55.60408],[-125.23915,55.60408],[-125.2329,55.60408],[-125.2329,55.59992],[-125.2329,55.59575],[-125.2329,55.59158],[-125.2329,55.58742],[-125.2329,55.58325],[-125.2329,55.57908],[-125.2329,55.57492],[-125.2329,55.57075],[-125.23915,55.57075],[-125.2454,55.57075],[-125.25165,55.57075],[-125.25165,55.57491],[-125.25165,55.57908],[-125.25165,55.58325],[-125.25165,55.58742],[-125.25165,55.59158],[-125.25165,55.59575],[-125.25165,55.59992],[-125.25165,55.60408]]]}},{"type":"Feature","properties":{"c":"997242","o":"NORTHWEST COPPER CORPORATION","e":"2037-01-26Z"},"geometry":{"type":"Polygon","coordinates":[[[-125.25165,55.57075],[-125.2454,55.57075],[-125.23915,55.57075],[-125.2329,55.57075],[-125.2329,55.57492],[-125.2329,55.57908],[-125.22665,55.57908],[-125.2204,55.57908],[-125.21415,55.57908],[-125.2079,55.57908],[-125.20165,55.57908],[-125.20165,55.57492],[-125.20165,55.57075],[-125.20165,55.56658],[-125.2079,55.56658],[-125.2079,55.56242],[-125.21415,55.56242],[-125.2204,55.56241],[-125.22665,55.56241],[-125.2329,55.56241],[-125.23915,55.56241],[-125.2454,55.56241],[-125.25165,55.56241],[-125.25165,55.56658],[-125.25165,55.57075]]]}},{"type":"Feature","properties":{"c":"997247","o":"NORTHWEST COPPER CORPORATION","e":"2037-01-26Z"},"geometry":{"type":"Polygon","coordinates":[[[-125.20165,55.57908],[-125.1954,55.57908],[-125.18915,55.57908],[-125.1829,55.57909],[-125.17665,55.57909],[-125.1704,55.57909],[-125.1704,55.57492],[-125.1704,55.57075],[-125.1704,55.56658],[-125.1704,55.56242],[-125.17665,55.56242],[-125.1829,55.56242],[-125.18915,55.56242],[-125.1954,55.56242],[-125.20165,55.56242],[-125.2079,55.56242],[-125.2079,55.56658],[-125.20165,55.56658],[-125.20165,55.57075],[-125.20165,55.57492],[-125.20165,55.57908]]]}},{"type":"Feature","properties":{"c":"997262","o":"NORTHWEST COPPER CORPORATION","e":"2037-01-26Z"},"geometry":{"type":"Polygon","coordinates":[[[-125.20165,55.59992],[-125.1954,55.59992],[-125.18915,55.59992],[-125.1829,55.59992],[-125.17665,55.59992],[-125.1704,55.59992],[-125.1704,55.59575],[-125.1704,55.59159],[-125.1704,55.58742],[-125.1704,55.58325],[-125.1704,55.57909],[-125.17665,55.57909],[-125.1829,55.57909],[-125.18915,55.57908],[-125.1954,55.57908],[-125.20165,55.57908],[-125.20165,55.58325],[-125.20165,55.58742],[-125.20165,55.59158],[-125.20165,55.59575],[-125.20165,55.59992]]]}},{"type":"Feature","properties":{"c":"997322","o":"NORTHWEST COPPER CORPORATION","e":"2037-01-26Z"},"geometry":{"type":"Polygon","coordinates":[[[-125.18915,55.60409],[-125.1829,55.60409],[-125.17665,55.60409],[-125.1704,55.60409],[-125.16415,55.60409],[-125.16415,55.59992],[-125.16415,55.59575],[-125.16415,55.59159],[-125.16415,55.58742],[-125.16415,55.58325],[-125.16415,55.57909],[-125.16415,55.57492],[-125.16415,55.57075],[-125.16415,55.56658],[-125.16415,55.56242],[-125.1704,55.56242],[-125.1704,55.56658],[-125.1704,55.57075],[-125.1704,55.57492],[-125.1704,55.57909],[-125.1704,55.58325],[-125.1704,55.58742],[-125.1704,55.59159],[-125.1704,55.59575],[-125.1704,55.59992],[-125.17665,55.59992],[-125.1829,55.59992],[-125.18915,55.59992],[-125.1954,55.59992],[-125.20165,55.59992],[-125.20165,55.60409],[-125.1954,55.60409],[-125.18915,55.60409]]]}},{"type":"Feature","properties":{"c":"997342","o":"NORTHWEST COPPER CORPORATION","e":"2037-01-26Z"},"geometry":{"type":"Polygon","coordinates":[[[-125.2579,55.60408],[-125.25165,55.60408],[-125.25165,55.59992],[-125.25165,55.59575],[-125.25165,55.59158],[-125.25165,55.58742],[-125.25165,55.58325],[-125.25165,55.57908],[-125.25165,55.57491],[-125.25165,55.57075],[-125.25165,55.56658],[-125.25165,55.56241],[-125.2454,55.56241],[-125.23915,55.56241],[-125.2329,55.56241],[-125.22665,55.56241],[-125.2204,55.56241],[-125.21415,55.56242],[-125.2079,55.56242],[-125.20165,55.56242],[-125.1954,55.56242],[-125.1954,55.55825],[-125.20165,55.55825],[-125.2079,55.55825],[-125.21415,55.55825],[-125.2204,55.55825],[-125.22665,55.55825],[-125.2329,55.55825],[-125.23915,55.55825],[-125.2454,55.55825],[-125.25165,55.55825],[-125.2579,55.55825],[-125.2579,55.56241],[-125.2579,55.56658],[-125.2579,55.57075],[-125.2579,55.57491],[-125.2579,55.57908],[-125.2579,55.58325],[-125.2579,55.58742],[-125.2579,55.59158],[-125.2579,55.59575],[-125.2579,55.59992],[-125.2579,55.60408]]]}},{"type":"Feature","properties":{"c":"1091954","o":"PUT, JARED GUSTAF","e":"2026-11-01Z"},"geometry":{"type":"Polygon","coordinates":[[[-125.47041,55.65825],[-125.47041,55.66242],[-125.46416,55.66242],[-125.46416,55.65825],[-125.47041,55.65825]]]}},{"type":"Feature","properties":{"c":"647064","o":"RANTA, SHANE ARVO","e":"2035-12-31Z"},"geometry":{"type":"Polygon","coordinates":[[[-125.12664,55.64159],[-125.12039,55.64159],[-125.12039,55.64576],[-125.11414,55.64576],[-125.10789,55.64576],[-125.10789,55.64159],[-125.10789,55.63742],[-125.10789,55.63326],[-125.11414,55.63326],[-125.12039,55.63326],[-125.12039,55.63742],[-125.12664,55.63742],[-125.12664,55.64159]]]}},{"type":"Feature","properties":{"c":"502179","o":"PACIFIC RIDGE EXPLORATION LTD.","e":"2027-03-01Z"},"geometry":{"type":"Polygon","coordinates":[[[-125.36415,55.57908],[-125.3579,55.57908],[-125.3579,55.57491],[-125.3579,55.57075],[-125.3579,55.56658],[-125.3579,55.56241],[-125.3579,55.55825],[-125.35165,55.55825],[-125.3454,55.55825],[-125.33915,55.55825],[-125.3329,55.55825],[-125.32665,55.55825],[-125.3204,55.55825],[-125.31415,55.55825],[-125.31415,55.55408],[-125.31415,55.54991],[-125.3204,55.54991],[-125.3204,55.54575],[-125.3204,55.54158],[-125.32665,55.54158],[-125.3329,55.54158],[-125.3329,55.54575],[-125.3329,55.54991],[-125.33915,55.54991],[-125.3454,55.54991],[-125.35165,55.54991],[-125.3579,55.54991],[-125.36416,55.54991],[-125.36416,55.55408],[-125.36416,55.55825],[-125.36416,55.56241],[-125.36416,55.56658],[-125.36416,55.57075],[-125.36416,55.57491],[-125.36415,55.57908]]]}},{"type":"Feature","properties":{"c":"502205","o":"PACIFIC RIDGE EXPLORATION LTD.","e":"2027-03-01Z"},"geometry":{"type":"Polygon","coordinates":[[[-125.32665,55.54158],[-125.3204,55.54158],[-125.3204,55.54575],[-125.3204,55.54991],[-125.31415,55.54991],[-125.31415,55.55408],[-125.31415,55.55825],[-125.3079,55.55825],[-125.30165,55.55825],[-125.2954,55.55825],[-125.2954,55.55408],[-125.2954,55.54991],[-125.2954,55.54575],[-125.2954,55.54158],[-125.2954,55.53741],[-125.2954,55.53324],[-125.30165,55.53324],[-125.3079,55.53324],[-125.31415,55.53324],[-125.3204,55.53324],[-125.32665,55.53324],[-125.32665,55.53741],[-125.32665,55.54158]]]}},{"type":"Feature","properties":{"c":"502260","o":"PACIFIC RIDGE EXPLORATION LTD.","e":"2027-03-01Z"},"geometry":{"type":"Polygon","coordinates":[[[-125.32665,55.53324],[-125.3204,55.53324],[-125.31415,55.53324],[-125.3079,55.53324],[-125.30165,55.53324],[-125.2954,55.53324],[-125.2954,55.52908],[-125.2954,55.52491],[-125.2954,55.52074],[-125.2954,55.51658],[-125.2954,55.51241],[-125.2954,55.50824],[-125.30165,55.50824],[-125.3079,55.50824],[-125.3079,55.50408],[-125.31415,55.50408],[-125.31415,55.50824],[-125.31415,55.51241],[-125.31415,55.51658],[-125.31415,55.52074],[-125.3204,55.52074],[-125.32665,55.52074],[-125.32665,55.52491],[-125.32665,55.52908],[-125.32665,55.53324]]]}},{"type":"Feature","properties":{"c":"502419","o":"PACIFIC RIDGE EXPLORATION LTD.","e":"2027-03-01Z"},"geometry":{"type":"Polygon","coordinates":[[[-125.2954,55.55825],[-125.28915,55.55825],[-125.2829,55.55825],[-125.27665,55.55825],[-125.2704,55.55825],[-125.26415,55.55825],[-125.26415,55.55408],[-125.26415,55.54991],[-125.26415,55.54575],[-125.26415,55.54158],[-125.26415,55.53741],[-125.2704,55.53741],[-125.27665,55.53741],[-125.2829,55.53741],[-125.28915,55.53741],[-125.2954,55.53741],[-125.2954,55.54158],[-125.2954,55.54575],[-125.2954,55.54991],[-125.2954,55.55408],[-125.2954,55.55825]]]}},{"type":"Feature","properties":{"c":"502431","o":"PACIFIC RIDGE EXPLORATION LTD.","e":"2027-03-01Z"},"geometry":{"type":"Polygon","coordinates":[[[-125.2954,55.53741],[-125.28915,55.53741],[-125.2829,55.53741],[-125.27665,55.53741],[-125.2704,55.53741],[-125.26415,55.53741],[-125.26415,55.53324],[-125.26415,55.52908],[-125.26415,55.52491],[-125.26415,55.52074],[-125.26415,55.51658],[-125.2704,55.51658],[-125.27665,55.51658],[-125.2829,55.51658],[-125.28915,55.51658],[-125.2954,55.51658],[-125.2954,55.52074],[-125.2954,55.52491],[-125.2954,55.52908],[-125.2954,55.53324],[-125.2954,55.53741]]]}},{"type":"Feature","properties":{"c":"502440","o":"PACIFIC RIDGE EXPLORATION LTD.","e":"2027-03-01Z"},"geometry":{"type":"Polygon","coordinates":[[[-125.2954,55.51658],[-125.28915,55.51658],[-125.2829,55.51658],[-125.27665,55.51658],[-125.2704,55.51658],[-125.26415,55.51658],[-125.26415,55.51241],[-125.26415,55.50824],[-125.26415,55.50407],[-125.26415,55.49991],[-125.26415,55.49574],[-125.2704,55.49574],[-125.27665,55.49574],[-125.2829,55.49574],[-125.28915,55.49574],[-125.2954,55.49574],[-125.2954,55.49991],[-125.2954,55.50408],[-125.2954,55.50824],[-125.2954,55.51241],[-125.2954,55.51658]]]}},{"type":"Feature","properties":{"c":"502571","o":"PACIFIC RIDGE EXPLORATION LTD.","e":"2027-03-01Z"},"geometry":{"type":"Polygon","coordinates":[[[-125.3079,55.50408],[-125.3079,55.50824],[-125.30165,55.50824],[-125.2954,55.50824],[-125.2954,55.50408],[-125.2954,55.49991],[-125.2954,55.49574],[-125.2954,55.49158],[-125.2954,55.48741],[-125.2954,55.48324],[-125.2954,55.47908],[-125.30165,55.47908],[-125.30165,55.48324],[-125.30165,55.48741],[-125.3079,55.48741],[-125.3079,55.49158],[-125.3079,55.49574],[-125.31415,55.49574],[-125.31415,55.49991],[-125.3204,55.49991],[-125.3204,55.50408],[-125.31415,55.50408],[-125.3079,55.50408]]]}},{"type":"Feature","properties":{"c":"1122532","o":"TWENTY MILE METALS INC.","e":"2029-09-18Z"},"geometry":{"type":"Polygon","coordinates":[[[-125.2579,55.52491],[-125.25165,55.52491],[-125.25165,55.52074],[-125.25165,55.51658],[-125.2454,55.51658],[-125.2454,55.51241],[-125.2454,55.50824],[-125.23915,55.50824],[-125.2329,55.50824],[-125.2329,55.50408],[-125.2329,55.49991],[-125.22665,55.49991],[-125.22665,55.49574],[-125.22665,55.49158],[-125.22665,55.48741],[-125.22665,55.48324],[-125.22665,55.47908],[-125.2204,55.47908],[-125.21415,55.47908],[-125.2079,55.47908],[-125.2079,55.48324],[-125.20165,55.48324],[-125.1954,55.48324],[-125.18915,55.48324],[-125.18915,55.47908],[-125.1954,55.47908],[-125.1954,55.47491],[-125.1954,55.47075],[-125.20165,55.47074],[-125.2079,55.47074],[-125.21415,55.47074],[-125.21415,55.46658],[-125.2204,55.46658],[-125.2204,55.47074],[-125.22665,55.47074],[-125.2329,55.47074],[-125.2329,55.47491],[-125.23915,55.47491],[-125.2454,55.47491],[-125.25165,55.47491],[-125.2579,55.47491],[-125.2579,55.47908],[-125.2579,55.48324],[-125.2579,55.48741],[-125.2579,55.49158],[-125.2579,55.49574],[-125.2579,55.49991],[-125.2579,55.50407],[-125.2579,55.50824],[-125.2579,55.51241],[-125.2579,55.51658],[-125.2579,55.52074],[-125.2579,55.52491]]]}},{"type":"Feature","properties":{"c":"1122533","o":"TWENTY MILE METALS INC.","e":"2029-09-18Z"},"geometry":{"type":"Polygon","coordinates":[[[-125.2579,55.53324],[-125.25165,55.53324],[-125.2454,55.53324],[-125.2454,55.52908],[-125.2454,55.52491],[-125.23915,55.52491],[-125.23915,55.52074],[-125.2329,55.52074],[-125.22665,55.52074],[-125.2204,55.52074],[-125.21415,55.52074],[-125.2079,55.52074],[-125.2079,55.51658],[-125.2079,55.51241],[-125.2079,55.50824],[-125.2079,55.50408],[-125.20165,55.50408],[-125.1954,55.50408],[-125.1954,55.49991],[-125.1954,55.49574],[-125.1954,55.49158],[-125.1954,55.48741],[-125.18915,55.48741],[-125.18915,55.48324],[-125.1954,55.48324],[-125.20165,55.48324],[-125.2079,55.48324],[-125.21415,55.48324],[-125.2204,55.48324],[-125.22665,55.48324],[-125.22665,55.48741],[-125.22665,55.49158],[-125.22665,55.49574],[-125.22665,55.49991],[-125.2329,55.49991],[-125.2329,55.50408],[-125.2329,55.50824],[-125.23915,55.50824],[-125.2454,55.50824],[-125.2454,55.51241],[-125.2454,55.51658],[-125.25165,55.51658],[-125.25165,55.52074],[-125.25165,55.52491],[-125.2579,55.52491],[-125.2579,55.52908],[-125.2579,55.53324]]]}},{"type":"Feature","properties":{"c":"1091960","o":"RANTA, SHANE ARVO","e":"2029-05-30Z"},"geometry":{"type":"Polygon","coordinates":[[[-125.06414,55.72076],[-125.05789,55.72076],[-125.05789,55.71659],[-125.06414,55.71659],[-125.07039,55.71659],[-125.07664,55.71659],[-125.07664,55.72076],[-125.07039,55.72076],[-125.06414,55.72076]]]}},{"type":"Feature","properties":{"c":"1092015","o":"NOFZIGER, LEE DANIEL","e":"2030-08-18Z"},"geometry":{"type":"Polygon","coordinates":[[[-125.1704,55.60409],[-125.1704,55.60825],[-125.16415,55.60825],[-125.16415,55.60409],[-125.1704,55.60409]]]}},{"type":"Feature","properties":{"c":"1111154","o":"GENEREUX, BRIAN PAUL","e":"2027-02-09Z"},"geometry":{"type":"Polygon","coordinates":[[[-125.47666,55.72075],[-125.47666,55.72492],[-125.47041,55.72492],[-125.47041,55.72075],[-125.47666,55.72075]]]}},{"type":"Feature","properties":{"c":"1111893","o":"TEICHROEB, DANIEL PHILLIP","e":"2035-03-05Z"},"geometry":{"type":"Polygon","coordinates":[[[-125.13914,55.69159],[-125.13289,55.69159],[-125.12664,55.69159],[-125.12039,55.69159],[-125.11414,55.69159],[-125.10789,55.69159],[-125.10164,55.69159],[-125.10164,55.68742],[-125.10164,55.68326],[-125.10164,55.67909],[-125.10789,55.67909],[-125.11414,55.67909],[-125.12039,55.67909],[-125.12664,55.67909],[-125.12664,55.67492],[-125.12664,55.67076],[-125.12664,55.66659],[-125.12664,55.66242],[-125.12664,55.65826],[-125.12664,55.65409],[-125.12664,55.64992],[-125.13289,55.64992],[-125.13914,55.64992],[-125.13914,55.65409],[-125.13914,55.65826],[-125.13914,55.66242],[-125.13914,55.66659],[-125.13914,55.67076],[-125.13914,55.67492],[-125.13914,55.67909],[-125.13914,55.68326],[-125.13914,55.68742],[-125.13914,55.69159]]]}},{"type":"Feature","properties":{"c":"504257","o":"PUT, JARED GUSTAF","e":"2027-08-01Z"},"geometry":{"type":"Polygon","coordinates":[[[-125.33915,55.68325],[-125.3329,55.68325],[-125.32665,55.68325],[-125.3204,55.68325],[-125.31415,55.68325],[-125.3079,55.68325],[-125.30165,55.68325],[-125.2954,55.68325],[-125.28915,55.68325],[-125.2829,55.68325],[-125.27665,55.68325],[-125.2704,55.68325],[-125.26415,55.68325],[-125.2579,55.68325],[-125.25165,55.68325],[-125.2454,55.68325],[-125.2454,55.67909],[-125.2454,55.67492],[-125.2454,55.67075],[-125.2454,55.66659],[-125.2454,55.66242],[-125.2454,55.65825],[-125.2454,55.65409],[-125.2454,55.64992],[-125.2454,55.64575],[-125.25165,55.64575],[-125.25165,55.64992],[-125.25165,55.65408],[-125.25165,55.65825],[-125.25165,55.66242],[-125.25165,55.66659],[-125.25165,55.67075],[-125.25165,55.67492],[-125.25165,55.67909],[-125.2579,55.67909],[-125.26415,55.67909],[-125.2704,55.67909],[-125.27665,55.67909],[-125.2829,55.67909],[-125.28915,55.67908],[-125.2954,55.67908],[-125.30165,55.67908],[-125.3079,55.67908],[-125.31415,55.67908],[-125.3204,55.67908],[-125.32665,55.67908],[-125.3329,55.67908],[-125.3329,55.67492],[-125.3329,55.67075],[-125.33915,55.67075],[-125.33915,55.67492],[-125.33915,55.67908],[-125.33915,55.68325]]]}},{"type":"Feature","properties":{"c":"504261","o":"PUT, JARED GUSTAF","e":"2027-08-01Z"},"geometry":{"type":"Polygon","coordinates":[[[-125.32665,55.67075],[-125.32665,55.66658],[-125.32665,55.66242],[-125.32665,55.65825],[-125.32665,55.65408],[-125.32665,55.64992],[-125.3204,55.64992],[-125.31415,55.64992],[-125.3079,55.64992],[-125.30165,55.64992],[-125.2954,55.64992],[-125.28915,55.64992],[-125.2829,55.64992],[-125.27665,55.64992],[-125.2704,55.64992],[-125.26415,55.64992],[-125.2579,55.64992],[-125.25165,55.64992],[-125.25165,55.64575],[-125.2579,55.64575],[-125.26415,55.64575],[-125.2704,55.64575],[-125.27665,55.64575],[-125.2829,55.64575],[-125.28915,55.64575],[-125.2954,55.64575],[-125.30165,55.64575],[-125.3079,55.64575],[-125.31415,55.64575],[-125.3204,55.64575],[-125.32665,55.64575],[-125.3329,55.64575],[-125.3329,55.64992],[-125.3329,55.65408],[-125.3329,55.65825],[-125.3329,55.66242],[-125.3329,55.66658],[-125.33915,55.66658],[-125.33915,55.67075],[-125.3329,55.67075],[-125.32665,55.67075]]]}},{"type":"Feature","properties":{"c":"506567","o":"PUT, JARED GUSTAF","e":"2027-08-01Z"},"geometry":{"type":"Polygon","coordinates":[[[-125.3329,55.67908],[-125.32665,55.67908],[-125.3204,55.67908],[-125.31415,55.67908],[-125.3079,55.67908],[-125.30165,55.67908],[-125.2954,55.67908],[-125.28915,55.67908],[-125.28915,55.67492],[-125.28915,55.67075],[-125.28915,55.66658],[-125.28915,55.66242],[-125.28915,55.65825],[-125.28915,55.65408],[-125.28915,55.64992],[-125.2954,55.64992],[-125.30165,55.64992],[-125.3079,55.64992],[-125.31415,55.64992],[-125.3204,55.64992],[-125.32665,55.64992],[-125.32665,55.65408],[-125.32665,55.65825],[-125.32665,55.66242],[-125.32665,55.66658],[-125.32665,55.67075],[-125.3329,55.67075],[-125.3329,55.67492],[-125.3329,55.67908]]]}},{"type":"Feature","properties":{"c":"506568","o":"PUT, JARED GUSTAF","e":"2027-08-01Z"},"geometry":{"type":"Polygon","coordinates":[[[-125.28915,55.67908],[-125.2829,55.67909],[-125.27665,55.67909],[-125.2704,55.67909],[-125.26415,55.67909],[-125.2579,55.67909],[-125.25165,55.67909],[-125.25165,55.67492],[-125.25165,55.67075],[-125.25165,55.66659],[-125.25165,55.66242],[-125.25165,55.65825],[-125.25165,55.65408],[-125.25165,55.64992],[-125.2579,55.64992],[-125.26415,55.64992],[-125.2704,55.64992],[-125.27665,55.64992],[-125.2829,55.64992],[-125.28915,55.64992],[-125.28915,55.65408],[-125.28915,55.65825],[-125.28915,55.66242],[-125.28915,55.66658],[-125.28915,55.67075],[-125.28915,55.67492],[-125.28915,55.67908]]]}},{"type":"Feature","properties":{"c":"1111704","o":"PUT, JARED GUSTAF","e":"2028-03-01Z"},"geometry":{"type":"Polygon","coordinates":[[[-125.47666,55.70408],[-125.47666,55.69992],[-125.48291,55.69992],[-125.48916,55.69992],[-125.48916,55.70408],[-125.48291,55.70408],[-125.47666,55.70408]]]}},{"type":"Feature","properties":{"c":"547751","o":"RANTA, SHANE ARVO","e":"2027-06-30Z"},"geometry":{"type":"Polygon","coordinates":[[[-125.10789,55.65826],[-125.10164,55.65826],[-125.09539,55.65826],[-125.08914,55.65826],[-125.08914,55.65409],[-125.09539,55.65409],[-125.09539,55.64992],[-125.10164,55.64992],[-125.10789,55.64992],[-125.10789,55.65409],[-125.10789,55.65826]]]}},{"type":"Feature","properties":{"c":"585413","o":"RANTA, SHANE ARVO","e":"2027-06-30Z"},"geometry":{"type":"Polygon","coordinates":[[[-125.11414,55.65826],[-125.10789,55.65826],[-125.10789,55.65409],[-125.10789,55.64992],[-125.11414,55.64992],[-125.11414,55.65409],[-125.11414,55.65826]]]}},{"type":"Feature","properties":{"c":"1105314","o":"TORR RESOURCES CORP.","e":"2028-12-07Z"},"geometry":{"type":"Polygon","coordinates":[[[-125.52666,55.82909],[-125.52041,55.82909],[-125.51416,55.82909],[-125.50791,55.82909],[-125.50166,55.82909],[-125.49541,55.82909],[-125.49541,55.82492],[-125.48916,55.82492],[-125.48291,55.82492],[-125.48291,55.82076],[-125.48291,55.81659],[-125.47666,55.81659],[-125.47041,55.81659],[-125.47041,55.81242],[-125.47041,55.80826],[-125.47666,55.80826],[-125.48291,55.80826],[-125.48916,55.80826],[-125.49541,55.80826],[-125.50166,55.80826],[-125.50166,55.81242],[-125.50166,55.81659],[-125.50791,55.81659],[-125.51416,55.81659],[-125.51416,55.82076],[-125.52041,55.82076],[-125.52666,55.82076],[-125.52666,55.82492],[-125.52666,55.82909]]]}},{"type":"Feature","properties":{"c":"1108351","o":"PUT, JARED GUSTAF","e":"2027-03-01Z"},"geometry":{"type":"Polygon","coordinates":[[[-125.25165,55.70825],[-125.2454,55.70825],[-125.23915,55.70825],[-125.23915,55.70409],[-125.23915,55.69992],[-125.2454,55.69992],[-125.25165,55.69992],[-125.25165,55.70409],[-125.25165,55.70825]]]}},{"type":"Feature","properties":{"c":"346838","o":"NORTHWEST COPPER CORPORATION","e":"2031-10-02Z"},"geometry":{"type":"Polygon","coordinates":[[[-125.38184,55.99397],[-125.38986,55.99397],[-125.4,55.99397],[-125.41391,55.99397],[-125.4139,55.99999],[-125.4139,56.01193],[-125.4139,56.01641],[-125.4,56.01642],[-125.38182,56.01642],[-125.38182,56.0],[-125.38184,55.99397]]]}},{"type":"Feature","properties":{"c":"346839","o":"NORTHWEST COPPER CORPORATION","e":"2031-10-02Z"},"geometry":{"type":"Polygon","coordinates":[[[-125.45399,56.01192],[-125.4139,56.01193],[-125.4139,55.99999],[-125.41391,55.99397],[-125.42192,55.99397],[-125.45398,55.99396],[-125.45399,56.0],[-125.45399,56.01192]]]}},{"type":"Feature","properties":{"c":"349774","o":"NORTHWEST COPPER CORPORATION","e":"2031-10-02Z"},"geometry":{"type":"Polygon","coordinates":[[[-125.44028,55.88811],[-125.46893,55.8881],[-125.46895,55.9],[-125.46895,55.90607],[-125.46709,55.90607],[-125.42898,55.90608],[-125.42897,55.9],[-125.42897,55.88811],[-125.44028,55.88811]]]}},{"type":"Feature","properties":{"c":"349775","o":"NORTHWEST COPPER CORPORATION","e":"2031-10-02Z"},"geometry":{"type":"Polygon","coordinates":[[[-125.34179,55.97601],[-125.3498,55.97601],[-125.34979,55.99397],[-125.34974,55.99397],[-125.32576,55.99396],[-125.32577,55.97601],[-125.34179,55.97601]]]}},{"type":"Feature","properties":{"c":"349776","o":"NORTHWEST COPPER CORPORATION","e":"2031-10-02Z"},"geometry":{"type":"Polygon","coordinates":[[[-125.34179,55.95994],[-125.34179,55.97601],[-125.32577,55.97601],[-125.3258,55.96891],[-125.32586,55.95994],[-125.34179,55.95994]]]}},{"type":"Feature","properties":{"c":"349779","o":"NORTHWEST COPPER CORPORATION","e":"2031-10-02Z"},"geometry":{"type":"Polygon","coordinates":[[[-125.32586,55.95096],[-125.32586,55.95994],[-125.32588,55.96891],[-125.3258,55.96891],[-125.28584,55.96891],[-125.28585,55.9541],[-125.28585,55.95095],[-125.32586,55.95096]]]}},{"type":"Feature","properties":{"c":"349783","o":"NORTHWEST COPPER CORPORATION","e":"2031-10-02Z"},"geometry":{"type":"Polygon","coordinates":[[[-125.26984,55.91583],[-125.26984,55.93748],[-125.24583,55.93747],[-125.24583,55.91583],[-125.26984,55.91583]]]}},{"type":"Feature","properties":{"c":"349784","o":"NORTHWEST COPPER CORPORATION","e":"2031-10-02Z"},"geometry":{"type":"Polygon","coordinates":[[[-125.27698,55.90685],[-125.27698,55.91504],[-125.26986,55.91503],[-125.26984,55.91583],[-125.24583,55.91583],[-125.22899,55.91582],[-125.229,55.90684],[-125.26452,55.90685],[-125.27698,55.90685]]]}},{"type":"Feature","properties":{"c":"349786","o":"NORTHWEST COPPER CORPORATION","e":"2031-10-02Z"},"geometry":{"type":"Polygon","coordinates":[[[-125.24849,55.86644],[-125.24849,55.88889],[-125.21653,55.88888],[-125.21654,55.86643],[-125.2406,55.86644],[-125.24849,55.86644]]]}},{"type":"Feature","properties":{"c":"350016","o":"NORTHWEST COPPER CORPORATION","e":"2031-10-02Z"},"geometry":{"type":"Polygon","coordinates":[[[-125.4,55.98112],[-125.42191,55.98112],[-125.42192,55.99397],[-125.41391,55.99397],[-125.4,55.99397],[-125.38986,55.99397],[-125.38987,55.98112],[-125.4,55.98112]]]}},{"type":"Feature","properties":{"c":"350425","o":"NORTHWEST COPPER CORPORATION","e":"2031-10-02Z"},"geometry":{"type":"Polygon","coordinates":[[[-125.3899,55.95994],[-125.38989,55.94968],[-125.4,55.94968],[-125.4219,55.94969],[-125.42191,55.95805],[-125.42191,55.96316],[-125.4,55.96316],[-125.38987,55.96316],[-125.38185,55.96316],[-125.38184,55.95994],[-125.3899,55.95994]]]}},{"type":"Feature","properties":{"c":"352235","o":"NORTHWEST COPPER CORPORATION","e":"2031-10-02Z"},"geometry":{"type":"Polygon","coordinates":[[[-125.38185,55.97214],[-125.38987,55.97214],[-125.38986,55.97601],[-125.38185,55.976],[-125.38185,55.97214]]]}},{"type":"Feature","properties":{"c":"352236","o":"NORTHWEST COPPER CORPORATION","e":"2031-10-02Z"},"geometry":{"type":"Polygon","coordinates":[[[-125.38186,55.96765],[-125.38987,55.96765],[-125.38987,55.97214],[-125.38185,55.97214],[-125.38186,55.96765]]]}},{"type":"Feature","properties":{"c":"1107848","o":"SEXTON, BRADLEY CHARLES","e":"2033-10-02Z"},"geometry":{"type":"Polygon","coordinates":[[[-125.47041,55.71242],[-125.47041,55.71658],[-125.46416,55.71658],[-125.46416,55.71242],[-125.47041,55.71242]]]}},{"type":"Feature","properties":{"c":"352237","o":"NORTHWEST COPPER CORPORATION","e":"2031-10-02Z"},"geometry":{"type":"Polygon","coordinates":[[[-125.38185,55.96316],[-125.38987,55.96316],[-125.38987,55.96765],[-125.38186,55.96765],[-125.38185,55.96316]]]}},{"type":"Feature","properties":{"c":"372404","o":"NORTHWEST COPPER CORPORATION","e":"2031-10-02Z"},"geometry":{"type":"Polygon","coordinates":[[[-125.3045,55.81255],[-125.33641,55.81256],[-125.33641,55.82154],[-125.33641,55.83501],[-125.30449,55.83501],[-125.30449,55.82154],[-125.3045,55.81255]]]}},{"type":"Feature","properties":{"c":"372405","o":"NORTHWEST COPPER CORPORATION","e":"2031-10-02Z"},"geometry":{"type":"Polygon","coordinates":[[[-125.33641,55.82154],[-125.3763,55.82153],[-125.37632,55.8395],[-125.33641,55.8395],[-125.33641,55.83501],[-125.33641,55.82154]]]}},{"type":"Feature","properties":{"c":"372406","o":"NORTHWEST COPPER CORPORATION","e":"2031-10-02Z"},"geometry":{"type":"Polygon","coordinates":[[[-125.30449,55.82154],[-125.30449,55.83501],[-125.30448,55.84399],[-125.27256,55.84399],[-125.27257,55.82153],[-125.30449,55.82154]]]}},{"type":"Feature","properties":{"c":"372407","o":"NORTHWEST COPPER CORPORATION","e":"2031-10-02Z"},"geometry":{"type":"Polygon","coordinates":[[[-125.33641,55.80357],[-125.37628,55.80357],[-125.3763,55.82153],[-125.33641,55.82154],[-125.33641,55.81256],[-125.33641,55.80357]]]}},{"type":"Feature","properties":{"c":"372408","o":"NORTHWEST COPPER CORPORATION","e":"2031-10-02Z"},"geometry":{"type":"Polygon","coordinates":[[[-125.33641,55.81256],[-125.3045,55.81255],[-125.30451,55.80357],[-125.33641,55.80357],[-125.33641,55.81256]]]}},{"type":"Feature","properties":{"c":"384003","o":"NORTHWEST COPPER CORPORATION","e":"2031-10-02Z"},"geometry":{"type":"Polygon","coordinates":[[[-125.46193,55.94199],[-125.46899,55.94199],[-125.49092,55.94199],[-125.49094,55.95573],[-125.48982,55.95573],[-125.48982,55.96022],[-125.48982,55.96444],[-125.46195,55.96445],[-125.46195,55.95804],[-125.46193,55.94199]]]}},{"type":"Feature","properties":{"c":"384004","o":"NORTHWEST COPPER CORPORATION","e":"2031-10-02Z"},"geometry":{"type":"Polygon","coordinates":[[[-125.46703,55.91953],[-125.47492,55.91953],[-125.48291,55.91953],[-125.49091,55.91953],[-125.49891,55.91953],[-125.49892,55.92879],[-125.49892,55.92908],[-125.49892,55.94199],[-125.49092,55.94199],[-125.46899,55.94199],[-125.46897,55.92403],[-125.46701,55.92403],[-125.46692,55.92403],[-125.46703,55.91953]]]}},{"type":"Feature","properties":{"c":"388797","o":"NORTHWEST COPPER CORPORATION","e":"2031-10-02Z"},"geometry":{"type":"Polygon","coordinates":[[[-125.28584,55.96891],[-125.28585,55.97206],[-125.26182,55.97206],[-125.26183,55.95409],[-125.28585,55.9541],[-125.28584,55.96891]]]}},{"type":"Feature","properties":{"c":"408796","o":"NORTHWEST COPPER CORPORATION","e":"2031-10-02Z"},"geometry":{"type":"Polygon","coordinates":[[[-125.40831,55.88811],[-125.40833,55.86565],[-125.44028,55.86565],[-125.44028,55.88811],[-125.42897,55.88811],[-125.40831,55.88811]]]}},{"type":"Feature","properties":{"c":"408797","o":"NORTHWEST COPPER CORPORATION","e":"2031-10-02Z"},"geometry":{"type":"Polygon","coordinates":[[[-125.47223,55.86565],[-125.47224,55.8881],[-125.46893,55.8881],[-125.44028,55.88811],[-125.44028,55.86565],[-125.47223,55.86565]]]}},{"type":"Feature","properties":{"c":"408798","o":"NORTHWEST COPPER CORPORATION","e":"2031-10-02Z"},"geometry":{"type":"Polygon","coordinates":[[[-125.46895,55.90607],[-125.46895,55.9],[-125.46893,55.8881],[-125.47224,55.8881],[-125.49906,55.88809],[-125.49907,55.9],[-125.49908,55.91054],[-125.49891,55.91055],[-125.49091,55.91055],[-125.48292,55.91055],[-125.48256,55.91055],[-125.47492,55.91055],[-125.46708,55.91055],[-125.46709,55.90607],[-125.46895,55.90607]]]}},{"type":"Feature","properties":{"c":"411414","o":"NORTHWEST COPPER CORPORATION","e":"2031-10-02Z"},"geometry":{"type":"Polygon","coordinates":[[[-125.27258,55.82153],[-125.27259,55.80806],[-125.3045,55.80806],[-125.30449,55.82123],[-125.30449,55.82154],[-125.27258,55.82153]]]}},{"type":"Feature","properties":{"c":"501033","o":"NORTHWEST COPPER CORPORATION","e":"2031-10-02Z"},"geometry":{"type":"Polygon","coordinates":[[[-125.50166,55.95406],[-125.50166,55.95823],[-125.49541,55.95823],[-125.49541,55.95406],[-125.50166,55.95406]]]}},{"type":"Feature","properties":{"c":"501129","o":"NORTHWEST COPPER CORPORATION","e":"2037-01-26Z"},"geometry":{"type":"Polygon","coordinates":[[[-125.14539,55.51658],[-125.13914,55.51658],[-125.13289,55.51658],[-125.12664,55.51658],[-125.12664,55.52075],[-125.12039,55.52075],[-125.12039,55.51658],[-125.11414,55.51658],[-125.10789,55.51658],[-125.10789,55.51242],[-125.10789,55.50825],[-125.10789,55.50408],[-125.10789,55.49992],[-125.11414,55.49992],[-125.12039,55.49992],[-125.12664,55.49991],[-125.13289,55.49991],[-125.13914,55.49991],[-125.1454,55.49991],[-125.1454,55.50408],[-125.1454,55.50825],[-125.1454,55.51241],[-125.14539,55.51658]]]}},{"type":"Feature","properties":{"c":"501190","o":"NORTHWEST COPPER CORPORATION","e":"2037-01-26Z"},"geometry":{"type":"Polygon","coordinates":[[[-125.1579,55.53325],[-125.15165,55.53325],[-125.15165,55.53742],[-125.14539,55.53742],[-125.13914,55.53742],[-125.13914,55.53325],[-125.13289,55.53325],[-125.12664,55.53325],[-125.12039,55.53325],[-125.12039,55.52908],[-125.12039,55.52492],[-125.12039,55.52075],[-125.12664,55.52075],[-125.12664,55.51658],[-125.13289,55.51658],[-125.13914,55.51658],[-125.14539,55.51658],[-125.15165,55.51658],[-125.1579,55.51658],[-125.1579,55.52075],[-125.1579,55.52491],[-125.1579,55.52908],[-125.1579,55.53325]]]}},{"type":"Feature","properties":{"c":"501733","o":"NORTHWEST COPPER CORPORATION","e":"2036-12-04Z"},"geometry":{"type":"Polygon","coordinates":[[[-125.37041,55.54991],[-125.36416,55.54991],[-125.3579,55.54991],[-125.35165,55.54991],[-125.3454,55.54991],[-125.33915,55.54991],[-125.3329,55.54991],[-125.3329,55.54575],[-125.3329,55.54158],[-125.32665,55.54158],[-125.32665,55.53741],[-125.32665,55.53324],[-125.3329,55.53324],[-125.33915,55.53324],[-125.3454,55.53324],[-125.35165,55.53325],[-125.35791,55.53325],[-125.36416,55.53325],[-125.36416,55.53741],[-125.37041,55.53741],[-125.37041,55.54158],[-125.37041,55.54575],[-125.37041,55.54991]]]}},{"type":"Feature","properties":{"c":"502953","o":"NORTHWEST COPPER CORPORATION","e":"2036-12-04Z"},"geometry":{"type":"Polygon","coordinates":[[[-125.3329,55.50408],[-125.32665,55.50408],[-125.3204,55.50408],[-125.3204,55.49991],[-125.32665,55.49991],[-125.3329,55.49991],[-125.33915,55.49991],[-125.3454,55.49991],[-125.3454,55.50408],[-125.33915,55.50408],[-125.3329,55.50408]]]}},{"type":"Feature","properties":{"c":"504157","o":"NORTHWEST COPPER CORPORATION","e":"2031-10-02Z"},"geometry":{"type":"Polygon","coordinates":[[[-125.2704,55.82076],[-125.26415,55.82076],[-125.2579,55.82076],[-125.25164,55.82076],[-125.24539,55.82076],[-125.23914,55.82076],[-125.23914,55.81659],[-125.23914,55.81243],[-125.23915,55.80826],[-125.2454,55.80826],[-125.25165,55.80826],[-125.2579,55.80826],[-125.26415,55.80826],[-125.2704,55.80826],[-125.2704,55.81243],[-125.2704,55.81659],[-125.2704,55.82076]]]}},{"type":"Feature","properties":{"c":"504264","o":"NORTHWEST COPPER CORPORATION","e":"2031-10-02Z"},"geometry":{"type":"Polygon","coordinates":[[[-125.50791,56.00405],[-125.50166,56.00405],[-125.49541,56.00405],[-125.48916,56.00405],[-125.48291,56.00405],[-125.47666,56.00405],[-125.47041,56.00405],[-125.46415,56.00405],[-125.4579,56.00405],[-125.4579,55.99989],[-125.4579,55.99572],[-125.46415,55.99572],[-125.46415,55.99156],[-125.46415,55.98739],[-125.46415,55.98322],[-125.47041,55.98322],[-125.47041,55.98739],[-125.47041,55.99155],[-125.47666,55.99155],[-125.48291,55.99155],[-125.48916,55.99155],[-125.49541,55.99155],[-125.50166,55.99155],[-125.50791,55.99155],[-125.50791,55.99572],[-125.50791,55.99988],[-125.50791,56.00405]]]}},{"type":"Feature","properties":{"c":"504265","o":"NORTHWEST COPPER CORPORATION","e":"2031-10-02Z"},"geometry":{"type":"Polygon","coordinates":[[[-125.50791,55.99155],[-125.50166,55.99155],[-125.49541,55.99155],[-125.48916,55.99155],[-125.48291,55.99155],[-125.47666,55.99155],[-125.47041,55.99155],[-125.47041,55.98739],[-125.47041,55.98322],[-125.47666,55.98322],[-125.48291,55.98322],[-125.48916,55.98322],[-125.49541,55.98322],[-125.50166,55.98322],[-125.50166,55.98739],[-125.50791,55.98739],[-125.50791,55.99155]]]}},{"type":"Feature","properties":{"c":"504591","o":"NORTHWEST COPPER CORPORATION","e":"2031-10-02Z"},"geometry":{"type":"Polygon","coordinates":[[[-125.32039,55.99156],[-125.31414,55.99156],[-125.30789,55.99156],[-125.30164,55.99156],[-125.29538,55.99156],[-125.28913,55.99156],[-125.28913,55.9874],[-125.28914,55.98323],[-125.28914,55.97907],[-125.28914,55.9749],[-125.28914,55.97074],[-125.29539,55.97074],[-125.30164,55.97074],[-125.30789,55.97074],[-125.31414,55.97074],[-125.32039,55.97074],[-125.32039,55.9749],[-125.32039,55.97907],[-125.32039,55.98323],[-125.32039,55.9874],[-125.32039,55.99156]]]}},{"type":"Feature","properties":{"c":"505166","o":"NORTHWEST COPPER CORPORATION","e":"2033-12-15Z"},"geometry":{"type":"Polygon","coordinates":[[[-125.43291,55.62492],[-125.42666,55.62492],[-125.42041,55.62492],[-125.41416,55.62492],[-125.41416,55.62075],[-125.41416,55.61658],[-125.41416,55.61242],[-125.40791,55.61242],[-125.40166,55.61242],[-125.40166,55.60825],[-125.40166,55.60408],[-125.40791,55.60408],[-125.41416,55.60408],[-125.42041,55.60408],[-125.42666,55.60408],[-125.43291,55.60408],[-125.43291,55.60825],[-125.43291,55.61242],[-125.43291,55.61658],[-125.43291,55.62075],[-125.43291,55.62492]]]}},{"type":"Feature","properties":{"c":"505696","o":"NORTHWEST COPPER CORPORATION","e":"2031-10-02Z"},"geometry":{"type":"Polygon","coordinates":[[[-125.50166,55.92074],[-125.49541,55.92074],[-125.48916,55.92074],[-125.48291,55.92074],[-125.47666,55.92074],[-125.47041,55.92074],[-125.46416,55.92074],[-125.46416,55.91658],[-125.46416,55.91241],[-125.46416,55.90824],[-125.47041,55.90824],[-125.47666,55.90824],[-125.48291,55.90824],[-125.48916,55.90824],[-125.49541,55.90824],[-125.50166,55.90824],[-125.50166,55.91241],[-125.50166,55.91657],[-125.50166,55.92074]]]}},{"type":"Feature","properties":{"c":"505701","o":"NORTHWEST COPPER CORPORATION","e":"2031-10-02Z"},"geometry":{"type":"Polygon","coordinates":[[[-125.53916,55.9499],[-125.53291,55.9499],[-125.52666,55.9499],[-125.52041,55.9499],[-125.51416,55.9499],[-125.50791,55.9499],[-125.50166,55.9499],[-125.49541,55.9499],[-125.49541,55.94573],[-125.49541,55.94157],[-125.49541,55.9374],[-125.49541,55.93324],[-125.49541,55.92907],[-125.49541,55.9249],[-125.49541,55.92074],[-125.50166,55.92074],[-125.50791,55.92074],[-125.50791,55.9249],[-125.51416,55.9249],[-125.52041,55.9249],[-125.52041,55.92907],[-125.52666,55.92907],[-125.53291,55.92907],[-125.53291,55.93323],[-125.53916,55.93323],[-125.53916,55.9374],[-125.53916,55.94157],[-125.53916,55.94573],[-125.53916,55.9499]]]}},{"type":"Feature","properties":{"c":"506519","o":"NORTHWEST COPPER CORPORATION","e":"2031-10-02Z"},"geometry":{"type":"Polygon","coordinates":[[[-125.54542,55.98322],[-125.53916,55.98322],[-125.53291,55.98322],[-125.52666,55.98322],[-125.52041,55.98322],[-125.52041,55.98738],[-125.51416,55.98739],[-125.50791,55.98739],[-125.50166,55.98739],[-125.50166,55.98322],[-125.50166,55.97906],[-125.50791,55.97905],[-125.50791,55.97489],[-125.50791,55.97072],[-125.50166,55.97072],[-125.49541,55.97072],[-125.49541,55.97489],[-125.49541,55.97906],[-125.49541,55.98322],[-125.48916,55.98322],[-125.48291,55.98322],[-125.47666,55.98322],[-125.47041,55.98322],[-125.46415,55.98322],[-125.4579,55.98323],[-125.4579,55.97906],[-125.4579,55.97489],[-125.4579,55.97073],[-125.4579,55.96656],[-125.4579,55.9624],[-125.46416,55.9624],[-125.47041,55.9624],[-125.47666,55.9624],[-125.48291,55.9624],[-125.48916,55.96239],[-125.48916,55.95823],[-125.49541,55.95823],[-125.50166,55.95823],[-125.50791,55.95823],[-125.50791,55.95406],[-125.51416,55.95406],[-125.52041,55.95406],[-125.52666,55.95406],[-125.52666,55.95823],[-125.52666,55.96239],[-125.53291,55.96239],[-125.53916,55.96239],[-125.54541,55.96239],[-125.54541,55.96656],[-125.54541,55.97072],[-125.54541,55.97489],[-125.54541,55.97905],[-125.54542,55.98322]]]}},{"type":"Feature","properties":{"c":"506520","o":"NORTHWEST COPPER CORPORATION","e":"2031-10-02Z"},"geometry":{"type":"Polygon","coordinates":[[[-125.50791,55.97905],[-125.50166,55.97906],[-125.50166,55.98322],[-125.49541,55.98322],[-125.49541,55.97906],[-125.49541,55.97489],[-125.49541,55.97072],[-125.50166,55.97072],[-125.50791,55.97072],[-125.50791,55.97489],[-125.50791,55.97905]]]}},{"type":"Feature","properties":{"c":"512038","o":"NORTHWEST COPPER CORPORATION","e":"2031-10-02Z"},"geometry":{"type":"Polygon","coordinates":[[[-125.53916,55.96239],[-125.53291,55.96239],[-125.52666,55.96239],[-125.52666,55.95823],[-125.52666,55.95406],[-125.52041,55.95406],[-125.51416,55.95406],[-125.50791,55.95406],[-125.50791,55.95823],[-125.50166,55.95823],[-125.50166,55.95406],[-125.49541,55.95406],[-125.49541,55.9499],[-125.50166,55.9499],[-125.50791,55.9499],[-125.51416,55.9499],[-125.52041,55.9499],[-125.52666,55.9499],[-125.53291,55.9499],[-125.53916,55.9499],[-125.53916,55.95406],[-125.53916,55.95823],[-125.53916,55.96239]]]}},{"type":"Feature","properties":{"c":"513887","o":"NORTHWEST COPPER CORPORATION","e":"2031-10-02Z"},"geometry":{"type":"Polygon","coordinates":[[[-125.35164,56.01239],[-125.34539,56.01239],[-125.33914,56.01239],[-125.33289,56.01239],[-125.32664,56.01239],[-125.32039,56.01239],[-125.31414,56.01239],[-125.31414,56.00823],[-125.31414,56.00406],[-125.31414,55.99989],[-125.31414,55.99573],[-125.31414,55.99156],[-125.32039,55.99156],[-125.32664,55.99156],[-125.33289,55.99156],[-125.33914,55.99156],[-125.34539,55.99156],[-125.35164,55.99156],[-125.35164,55.99573],[-125.35164,55.99989],[-125.35164,56.00406],[-125.35164,56.00823],[-125.35164,56.01239]]]}},{"type":"Feature","properties":{"c":"514104","o":"NORTHWEST COPPER CORPORATION","e":"2033-12-15Z"},"geometry":{"type":"Polygon","coordinates":[[[-125.42666,55.58325],[-125.42041,55.58325],[-125.41416,55.58325],[-125.40791,55.58325],[-125.40166,55.58325],[-125.39541,55.58325],[-125.38916,55.58325],[-125.38916,55.57908],[-125.38916,55.57492],[-125.39541,55.57492],[-125.39541,55.57075],[-125.39541,55.56658],[-125.39541,55.56242],[-125.38916,55.56242],[-125.38916,55.55825],[-125.39541,55.55825],[-125.40166,55.55825],[-125.40791,55.55825],[-125.41416,55.55825],[-125.42041,55.55825],[-125.42666,55.55825],[-125.42666,55.56242],[-125.42666,55.56658],[-125.42666,55.57075],[-125.42666,55.57492],[-125.42666,55.57908],[-125.42666,55.58325]]]}},{"type":"Feature","properties":{"c":"514105","o":"NORTHWEST COPPER CORPORATION","e":"2033-12-15Z"},"geometry":{"type":"Polygon","coordinates":[[[-125.39541,55.57492],[-125.38916,55.57492],[-125.38916,55.57908],[-125.38916,55.58325],[-125.38291,55.58325],[-125.37666,55.58325],[-125.37041,55.58325],[-125.36415,55.58325],[-125.36415,55.57908],[-125.36416,55.57491],[-125.36416,55.57075],[-125.36416,55.56658],[-125.36416,55.56241],[-125.36416,55.55825],[-125.37041,55.55825],[-125.37666,55.55825],[-125.38291,55.55825],[-125.38916,55.55825],[-125.38916,55.56242],[-125.39541,55.56242],[-125.39541,55.56658],[-125.39541,55.57075],[-125.39541,55.57492]]]}},{"type":"Feature","properties":{"c":"514106","o":"NORTHWEST COPPER CORPORATION","e":"2033-12-15Z"},"geometry":{"type":"Polygon","coordinates":[[[-125.42666,55.55825],[-125.42041,55.55825],[-125.41416,55.55825],[-125.40791,55.55825],[-125.40166,55.55825],[-125.39541,55.55825],[-125.38916,55.55825],[-125.38291,55.55825],[-125.37666,55.55825],[-125.37041,55.55825],[-125.36416,55.55825],[-125.36416,55.55408],[-125.36416,55.54991],[-125.37041,55.54991],[-125.37666,55.54991],[-125.38291,55.54991],[-125.38916,55.54991],[-125.39541,55.54992],[-125.40166,55.54992],[-125.40791,55.54992],[-125.41416,55.54992],[-125.42041,55.54992],[-125.42666,55.54992],[-125.42666,55.55408],[-125.42666,55.55825]]]}},{"type":"Feature","properties":{"c":"514109","o":"NORTHWEST COPPER CORPORATION","e":"2033-12-15Z"},"geometry":{"type":"Polygon","coordinates":[[[-125.42666,55.60408],[-125.42041,55.60408],[-125.41416,55.60408],[-125.40791,55.60408],[-125.40166,55.60408],[-125.39541,55.60408],[-125.38916,55.60408],[-125.38291,55.60408],[-125.38291,55.59992],[-125.38291,55.59575],[-125.37666,55.59575],[-125.37666,55.59158],[-125.37666,55.58742],[-125.37666,55.58325],[-125.38291,55.58325],[-125.38916,55.58325],[-125.39541,55.58325],[-125.40166,55.58325],[-125.40791,55.58325],[-125.41416,55.58325],[-125.42041,55.58325],[-125.42666,55.58325],[-125.42666,55.58742],[-125.42666,55.59158],[-125.42666,55.59575],[-125.42666,55.59992],[-125.42666,55.60408]]]}},{"type":"Feature","properties":{"c":"514111","o":"NORTHWEST COPPER CORPORATION","e":"2033-12-15Z"},"geometry":{"type":"Polygon","coordinates":[[[-125.50166,55.62909],[-125.49541,55.62909],[-125.48916,55.62908],[-125.48291,55.62908],[-125.47666,55.62908],[-125.47041,55.62908],[-125.46416,55.62908],[-125.45791,55.62908],[-125.45166,55.62908],[-125.44541,55.62908],[-125.43916,55.62908],[-125.43291,55.62908],[-125.43291,55.62492],[-125.43291,55.62075],[-125.43291,55.61658],[-125.43291,55.61242],[-125.43291,55.60825],[-125.43291,55.60408],[-125.43916,55.60408],[-125.44541,55.60408],[-125.45166,55.60408],[-125.45791,55.60408],[-125.46416,55.60409],[-125.47041,55.60409],[-125.47666,55.60409],[-125.48292,55.60409],[-125.48917,55.60409],[-125.49542,55.60409],[-125.50167,55.60409],[-125.50167,55.60825],[-125.50167,55.61242],[-125.50167,55.61659],[-125.50167,55.62075],[-125.50167,55.62492],[-125.50166,55.62909]]]}},{"type":"Feature","properties":{"c":"514114","o":"NORTHWEST COPPER CORPORATION","e":"2033-12-15Z"},"geometry":{"type":"Polygon","coordinates":[[[-125.45791,55.58325],[-125.45166,55.58325],[-125.44541,55.58325],[-125.43916,55.58325],[-125.43916,55.57908],[-125.43916,55.57492],[-125.43916,55.57075],[-125.43291,55.57075],[-125.42666,55.57075],[-125.42666,55.56658],[-125.42666,55.56242],[-125.42666,55.55825],[-125.42666,55.55408],[-125.42666,55.54992],[-125.42041,55.54992],[-125.42041,55.54575],[-125.42666,55.54575],[-125.43291,55.54575],[-125.43916,55.54575],[-125.44541,55.54575],[-125.44541,55.54992],[-125.45166,55.54992],[-125.45792,55.54992],[-125.45792,55.55409],[-125.45791,55.55825],[-125.45791,55.56242],[-125.45791,55.56659],[-125.45791,55.57075],[-125.45791,55.57492],[-125.45791,55.57909],[-125.45791,55.58325]]]}},{"type":"Feature","properties":{"c":"514115","o":"NORTHWEST COPPER CORPORATION","e":"2033-12-15Z"},"geometry":{"type":"Polygon","coordinates":[[[-125.49542,55.57075],[-125.48917,55.57075],[-125.48292,55.57075],[-125.47667,55.57075],[-125.47042,55.57075],[-125.46417,55.57075],[-125.45791,55.57075],[-125.45791,55.56659],[-125.45791,55.56242],[-125.45791,55.55825],[-125.45792,55.55409],[-125.45792,55.54992],[-125.46417,55.54992],[-125.47042,55.54992],[-125.47667,55.54992],[-125.48292,55.54992],[-125.48917,55.54992],[-125.49542,55.54992],[-125.49542,55.55409],[-125.49542,55.55825],[-125.49542,55.56242],[-125.49542,55.56659],[-125.49542,55.57075]]]}},{"type":"Feature","properties":{"c":"514117","o":"NORTHWEST COPPER CORPORATION","e":"2033-12-15Z"},"geometry":{"type":"Polygon","coordinates":[[[-125.44541,55.59575],[-125.43916,55.59575],[-125.43291,55.59575],[-125.42666,55.59575],[-125.42666,55.59158],[-125.42666,55.58742],[-125.42666,55.58325],[-125.42666,55.57908],[-125.42666,55.57492],[-125.42666,55.57075],[-125.43291,55.57075],[-125.43916,55.57075],[-125.43916,55.57492],[-125.43916,55.57908],[-125.43916,55.58325],[-125.44541,55.58325],[-125.44541,55.58742],[-125.44541,55.59158],[-125.44541,55.59575]]]}},{"type":"Feature","properties":{"c":"514119","o":"NORTHWEST COPPER CORPORATION","e":"2033-12-15Z"},"geometry":{"type":"Polygon","coordinates":[[[-125.49542,55.58742],[-125.48917,55.58742],[-125.48292,55.58742],[-125.47667,55.58742],[-125.47041,55.58742],[-125.46416,55.58742],[-125.45791,55.58742],[-125.45166,55.58742],[-125.45166,55.58325],[-125.45791,55.58325],[-125.45791,55.57909],[-125.45791,55.57492],[-125.45791,55.57075],[-125.46417,55.57075],[-125.47042,55.57075],[-125.47667,55.57075],[-125.48292,55.57075],[-125.48917,55.57075],[-125.49542,55.57075],[-125.49542,55.57492],[-125.49542,55.57909],[-125.49542,55.58325],[-125.49542,55.58742]]]}},{"type":"Feature","properties":{"c":"514120","o":"NORTHWEST COPPER CORPORATION","e":"2033-12-15Z"},"geometry":{"type":"Polygon","coordinates":[[[-125.49542,55.60409],[-125.48917,55.60409],[-125.48292,55.60409],[-125.47666,55.60409],[-125.47041,55.60409],[-125.46416,55.60409],[-125.45791,55.60408],[-125.45166,55.60408],[-125.44541,55.60408],[-125.43916,55.60408],[-125.43291,55.60408],[-125.42666,55.60408],[-125.42666,55.59992],[-125.42666,55.59575],[-125.43291,55.59575],[-125.43916,55.59575],[-125.44541,55.59575],[-125.44541,55.59158],[-125.44541,55.58742],[-125.44541,55.58325],[-125.45166,55.58325],[-125.45166,55.58742],[-125.45791,55.58742],[-125.46416,55.58742],[-125.47041,55.58742],[-125.47667,55.58742],[-125.48292,55.58742],[-125.48917,55.58742],[-125.49542,55.58742],[-125.49542,55.59159],[-125.49542,55.59575],[-125.49542,55.59992],[-125.49542,55.60409]]]}},{"type":"Feature","properties":{"c":"514432","o":"NORTHWEST COPPER CORPORATION","e":"2036-11-19Z"},"geometry":{"type":"Polygon","coordinates":[[[-125.36416,55.53325],[-125.35791,55.53325],[-125.35165,55.53325],[-125.3454,55.53324],[-125.33915,55.53324],[-125.3329,55.53324],[-125.32665,55.53324],[-125.32665,55.52908],[-125.32665,55.52491],[-125.32665,55.52074],[-125.32665,55.51658],[-125.3329,55.51658],[-125.33915,55.51658],[-125.3454,55.51658],[-125.35165,55.51658],[-125.35791,55.51658],[-125.36416,55.51658],[-125.36416,55.52075],[-125.36416,55.52491],[-125.36416,55.52908],[-125.36416,55.53325]]]}},{"type":"Feature","properties":{"c":"514433","o":"NORTHWEST COPPER CORPORATION","e":"2036-11-19Z"},"geometry":{"type":"Polygon","coordinates":[[[-125.35791,55.51658],[-125.35165,55.51658],[-125.3454,55.51658],[-125.33915,55.51658],[-125.3329,55.51658],[-125.32665,55.51658],[-125.32665,55.52074],[-125.3204,55.52074],[-125.3204,55.51658],[-125.31415,55.51658],[-125.31415,55.51241],[-125.31415,55.50824],[-125.31415,55.50408],[-125.3204,55.50408],[-125.32665,55.50408],[-125.3329,55.50408],[-125.33915,55.50408],[-125.3454,55.50408],[-125.35166,55.50408],[-125.35791,55.50408],[-125.35791,55.50824],[-125.35791,55.51241],[-125.35791,55.51658]]]}},{"type":"Feature","properties":{"c":"1018213","o":"NORTHWEST COPPER CORPORATION","e":"2037-01-26Z"},"geometry":{"type":"Polygon","coordinates":[[[-125.37666,55.59158],[-125.37041,55.59158],[-125.36415,55.59158],[-125.3579,55.59158],[-125.35165,55.59158],[-125.3454,55.59158],[-125.33915,55.59158],[-125.3329,55.59158],[-125.32665,55.59158],[-125.3204,55.59158],[-125.31415,55.59158],[-125.31415,55.58741],[-125.31415,55.58325],[-125.31415,55.57908],[-125.31415,55.57491],[-125.3079,55.57491],[-125.30165,55.57491],[-125.2954,55.57491],[-125.28915,55.57491],[-125.2829,55.57491],[-125.27665,55.57491],[-125.2704,55.57491],[-125.26415,55.57491],[-125.2579,55.57491],[-125.2579,55.57075],[-125.2579,55.56658],[-125.2579,55.56241],[-125.2579,55.55825],[-125.26415,55.55825],[-125.2704,55.55825],[-125.27665,55.55825],[-125.2829,55.55825],[-125.28915,55.55825],[-125.2954,55.55825],[-125.30165,55.55825],[-125.3079,55.55825],[-125.31415,55.55825],[-125.3204,55.55825],[-125.32665,55.55825],[-125.3329,55.55825],[-125.33915,55.55825],[-125.3454,55.55825],[-125.35165,55.55825],[-125.3579,55.55825],[-125.3579,55.56241],[-125.3579,55.56658],[-125.3579,55.57075],[-125.3579,55.57491],[-125.3579,55.57908],[-125.36415,55.57908],[-125.36415,55.58325],[-125.37041,55.58325],[-125.37666,55.58325],[-125.37666,55.58742],[-125.37666,55.59158]]]}},{"type":"Feature","properties":{"c":"1124428","o":"SATHER, TRAVIS","e":"2034-06-18Z"},"geometry":{"type":"Polygon","coordinates":[[[-125.08289,55.71243],[-125.07664,55.71243],[-125.07664,55.70826],[-125.07664,55.70409],[-125.08289,55.70409],[-125.08289,55.70826],[-125.08289,55.71243]]]}},{"type":"Feature","properties":{"c":"1134061","o":"SCOTT, STEVEN JEFFREY","e":"2027-06-08Z"},"geometry":{"type":"Polygon","coordinates":[[[-125.38291,55.73325],[-125.38291,55.73742],[-125.37666,55.73742],[-125.37666,55.73325],[-125.38291,55.73325]]]}},{"type":"Feature","properties":{"c":"1136087","o":"LANGILLE, MICHEAL SCOTT","e":"2027-07-17Z"},"geometry":{"type":"Polygon","coordinates":[[[-125.03914,55.51242],[-125.03914,55.51659],[-125.03289,55.51659],[-125.03289,55.51242],[-125.03914,55.51242]]]}},{"type":"Feature","properties":{"c":"1136089","o":"LANGILLE, MICHEAL SCOTT","e":"2027-07-17Z"},"geometry":{"type":"Polygon","coordinates":[[[-125.22665,55.60825],[-125.22665,55.61242],[-125.2204,55.61242],[-125.2204,55.60825],[-125.22665,55.60825]]]}},{"type":"Feature","properties":{"c":"1136090","o":"LANGILLE, MICHEAL SCOTT","e":"2027-07-17Z"},"geometry":{"type":"Polygon","coordinates":[[[-125.30165,55.61658],[-125.30165,55.62075],[-125.2954,55.62075],[-125.2954,55.61658],[-125.30165,55.61658]]]}},{"type":"Feature","properties":{"c":"1137026","o":"DAUL, JOSEPH WAYNE","e":"2027-08-12Z"},"geometry":{"type":"Polygon","coordinates":[[[-125.00789,55.66659],[-125.00789,55.66242],[-125.01414,55.66242],[-125.02039,55.66242],[-125.02039,55.66659],[-125.01414,55.66659],[-125.00789,55.66659]]]}},{"type":"Feature","properties":{"c":"364789","o":"SATHER, TRAVIS","e":"2029-08-14Z"},"geometry":{"type":"Polygon","coordinates":[[[-125.07308,55.71591],[-125.07267,55.71579],[-125.07976,55.70803],[-125.07997,55.70781],[-125.08144,55.70824],[-125.08704,55.70987],[-125.07997,55.71759],[-125.07308,55.71591]]]}},{"type":"Feature","properties":{"c":"1067014","o":"JARDINE, GARY JEWEL","e":"2029-03-05Z"},"geometry":{"type":"Polygon","coordinates":[[[-125.05789,55.73326],[-125.05789,55.72909],[-125.05789,55.72492],[-125.05789,55.72076],[-125.06414,55.72076],[-125.06414,55.72492],[-125.06414,55.72909],[-125.07039,55.72909],[-125.07039,55.73326],[-125.06414,55.73326],[-125.05789,55.73326]]]}},{"type":"Feature","properties":{"c":"1065911","o":"JARDINE, GARY JEWEL","e":"2029-01-21Z"},"geometry":{"type":"Polygon","coordinates":[[[-125.10164,55.74576],[-125.09539,55.74576],[-125.08914,55.74576],[-125.08289,55.74576],[-125.07664,55.74576],[-125.07039,55.74576],[-125.07039,55.74159],[-125.07039,55.73743],[-125.07039,55.73326],[-125.07039,55.72909],[-125.07664,55.72909],[-125.07664,55.72493],[-125.08289,55.72493],[-125.08914,55.72493],[-125.09539,55.72493],[-125.10164,55.72493],[-125.10164,55.72909],[-125.10164,55.73326],[-125.10164,55.73743],[-125.10164,55.74159],[-125.10164,55.74576]]]}},{"type":"Feature","properties":{"c":"1037947","o":"JARDINE, GARY JEWEL","e":"2029-08-14Z"},"geometry":{"type":"Polygon","coordinates":[[[-125.06414,55.72492],[-125.06414,55.72076],[-125.07039,55.72076],[-125.07664,55.72076],[-125.07664,55.72493],[-125.07039,55.72493],[-125.06414,55.72492]]]}},{"type":"Feature","properties":{"c":"305762","o":"SATHER, TRAVIS","e":"2029-08-14Z"},"geometry":{"type":"Polygon","coordinates":[[[-125.07308,55.71591],[-125.07997,55.71759],[-125.0768,55.72172],[-125.0695,55.71993],[-125.07267,55.71581],[-125.07308,55.71591]]]}},{"type":"Feature","properties":{"c":"1118612","o":"SATHER, TRAVIS","e":"2027-03-10Z"},"geometry":{"type":"Polygon","coordinates":[[[-125.47666,55.70825],[-125.47041,55.70825],[-125.46416,55.70825],[-125.45791,55.70825],[-125.45791,55.70408],[-125.45791,55.69992],[-125.46416,55.69992],[-125.47041,55.69992],[-125.47041,55.70408],[-125.47666,55.70408],[-125.47666,55.70825]]]}},{"type":"Feature","properties":{"c":"1118615","o":"PUT, JARED GUSTAF","e":"2028-03-01Z"},"geometry":{"type":"Polygon","coordinates":[[[-125.47666,55.69992],[-125.47666,55.70408],[-125.47041,55.70408],[-125.47041,55.69992],[-125.47666,55.69992]]]}},{"type":"Feature","properties":{"c":"1118617","o":"NOFZIGER, LEE DANIEL","e":"2028-11-10Z"},"geometry":{"type":"Polygon","coordinates":[[[-125.47666,55.70825],[-125.47666,55.71242],[-125.47041,55.71242],[-125.47041,55.70825],[-125.47666,55.70825]]]}},{"type":"Feature","properties":{"c":"1122480","o":"SEXTON, BRADLEY CHARLES","e":"2029-09-23Z"},"geometry":{"type":"Polygon","coordinates":[[[-125.07664,55.72493],[-125.07664,55.72909],[-125.07039,55.72909],[-125.07039,55.72493],[-125.07664,55.72493]]]}},{"type":"Feature","properties":{"c":"1115052","o":"SALA, JOHN ALFRED","e":"2026-11-11Z"},"geometry":{"type":"Polygon","coordinates":[[[-125.17665,55.61242],[-125.1704,55.61242],[-125.1704,55.60825],[-125.1704,55.60409],[-125.17665,55.60409],[-125.17665,55.60825],[-125.17665,55.61242]]]}},{"type":"Feature","properties":{"c":"1116743","o":"PERREAULT, RAY G","e":"2029-10-16Z"},"geometry":{"type":"Polygon","coordinates":[[[-125.28915,55.79159],[-125.28915,55.79576],[-125.2829,55.79576],[-125.2829,55.79159],[-125.28915,55.79159]]]}},{"type":"Feature","properties":{"c":"1117097","o":"RANTA, SHANE ARVO","e":"2035-10-29Z"},"geometry":{"type":"Polygon","coordinates":[[[-125.10789,55.64159],[-125.10789,55.64576],[-125.10164,55.64576],[-125.10164,55.64159],[-125.10789,55.64159]]]}},{"type":"Feature","properties":{"c":"344840","o":"ROSS, JACK ROBERT","e":"2030-02-10Z"},"geometry":{"type":"Polygon","coordinates":[[[-125.0829,55.69799],[-125.09075,55.69874],[-125.08815,55.70737],[-125.08031,55.70662],[-125.0829,55.69799]]]}},{"type":"Feature","properties":{"c":"344841","o":"ROSS, JACK ROBERT","e":"2030-02-10Z"},"geometry":{"type":"Polygon","coordinates":[[[-125.0829,55.69799],[-125.08286,55.69815],[-125.08274,55.68969],[-125.08304,55.68969],[-125.0829,55.69043],[-125.09071,55.69092],[-125.09081,55.69827],[-125.08604,55.69829],[-125.0829,55.69799]]]}},{"type":"Feature","properties":{"c":"351265","o":"ROSS, JACK ROBERT","e":"2030-02-10Z"},"geometry":{"type":"Polygon","coordinates":[[[-125.08927,55.6734],[-125.09045,55.67212],[-125.09187,55.67203],[-125.09357,55.68067],[-125.08567,55.68117],[-125.08397,55.67253],[-125.08587,55.67241],[-125.08927,55.6734]]]}},{"type":"Feature","properties":{"c":"1049369","o":"ROSS, JACK ROBERT","e":"2030-02-10Z"},"geometry":{"type":"Polygon","coordinates":[[[-125.09539,55.70826],[-125.08914,55.70826],[-125.08914,55.70409],[-125.08914,55.69993],[-125.08914,55.69576],[-125.09539,55.69576],[-125.09539,55.69993],[-125.09539,55.70409],[-125.09539,55.70826]]]}},{"type":"Feature","properties":{"c":"1049691","o":"ROSS, JACK ROBERT","e":"2030-02-10Z"},"geometry":{"type":"Polygon","coordinates":[[[-125.08914,55.69576],[-125.08914,55.69993],[-125.08289,55.69993],[-125.08289,55.69576],[-125.08914,55.69576]]]}},{"type":"Feature","properties":{"c":"1070077","o":"ROSS, JACK ROBERT","e":"2030-02-10Z"},"geometry":{"type":"Polygon","coordinates":[[[-125.10164,55.69576],[-125.09539,55.69576],[-125.08914,55.69576],[-125.08914,55.69159],[-125.09539,55.69159],[-125.09539,55.68742],[-125.09539,55.68326],[-125.09539,55.67909],[-125.08914,55.67909],[-125.08914,55.67492],[-125.09539,55.67492],[-125.10164,55.67492],[-125.10164,55.67909],[-125.10164,55.68326],[-125.10164,55.68742],[-125.10164,55.69159],[-125.10164,55.69576]]]}},{"type":"Feature","properties":{"c":"1092110","o":"SEXTON, BRADLEY CHARLES","e":"2028-12-20Z"},"geometry":{"type":"Polygon","coordinates":[[[-125.47666,55.72492],[-125.47666,55.72908],[-125.47041,55.72908],[-125.47041,55.72492],[-125.47666,55.72492]]]}},{"type":"Feature","properties":{"c":"1018949","o":"NORTHWEST COPPER CORPORATION","e":"2037-01-26Z"},"geometry":{"type":"Polygon","coordinates":[[[-125.31415,55.59158],[-125.3079,55.59158],[-125.30165,55.59158],[-125.2954,55.59158],[-125.28915,55.59158],[-125.2829,55.59158],[-125.27665,55.59158],[-125.2704,55.59158],[-125.26415,55.59158],[-125.2579,55.59158],[-125.2579,55.58742],[-125.2579,55.58325],[-125.2579,55.57908],[-125.2579,55.57491],[-125.26415,55.57491],[-125.2704,55.57491],[-125.27665,55.57491],[-125.2829,55.57491],[-125.28915,55.57491],[-125.2954,55.57491],[-125.30165,55.57491],[-125.3079,55.57491],[-125.31415,55.57491],[-125.31415,55.57908],[-125.31415,55.58325],[-125.31415,55.58741],[-125.31415,55.59158]]]}},{"type":"Feature","properties":{"c":"1031342","o":"NORTHWEST COPPER CORPORATION","e":"2037-01-26Z"},"geometry":{"type":"Polygon","coordinates":[[[-125.1704,55.56242],[-125.16415,55.56242],[-125.16415,55.55825],[-125.16415,55.55408],[-125.16415,55.54992],[-125.16415,55.54575],[-125.16415,55.54158],[-125.1579,55.54158],[-125.15164,55.54158],[-125.14539,55.54158],[-125.13914,55.54158],[-125.13289,55.54158],[-125.12664,55.54158],[-125.12039,55.54159],[-125.11414,55.54159],[-125.10789,55.54159],[-125.10164,55.54159],[-125.09539,55.54159],[-125.08914,55.54159],[-125.08289,55.54159],[-125.08289,55.53742],[-125.08289,55.53325],[-125.08289,55.52909],[-125.08289,55.52492],[-125.08289,55.52075],[-125.08289,55.51659],[-125.07664,55.51659],[-125.07664,55.51242],[-125.08289,55.51242],[-125.08914,55.51242],[-125.08914,55.51659],[-125.08914,55.52075],[-125.08914,55.52492],[-125.08914,55.52909],[-125.08914,55.53325],[-125.08914,55.53742],[-125.09539,55.53742],[-125.10164,55.53742],[-125.10789,55.53742],[-125.11414,55.53742],[-125.12039,55.53742],[-125.12039,55.53325],[-125.12664,55.53325],[-125.13289,55.53325],[-125.13914,55.53325],[-125.13914,55.53742],[-125.14539,55.53742],[-125.15165,55.53742],[-125.1579,55.53742],[-125.16415,55.53742],[-125.1704,55.53741],[-125.1704,55.54158],[-125.1704,55.54575],[-125.1704,55.54992],[-125.1704,55.55408],[-125.1704,55.55825],[-125.1704,55.56242]]]}},{"type":"Feature","properties":{"c":"1044440","o":"NORTHWEST COPPER CORPORATION","e":"2037-01-26Z"},"geometry":{"type":"Polygon","coordinates":[[[-125.27665,55.47491],[-125.2704,55.47491],[-125.26415,55.47491],[-125.26415,55.47908],[-125.26415,55.48324],[-125.26415,55.48741],[-125.26415,55.49158],[-125.26415,55.49574],[-125.26415,55.49991],[-125.26415,55.50407],[-125.26415,55.50824],[-125.26415,55.51241],[-125.26415,55.51658],[-125.26415,55.52074],[-125.26415,55.52491],[-125.26415,55.52908],[-125.26415,55.53324],[-125.26415,55.53741],[-125.26415,55.54158],[-125.26415,55.54575],[-125.26415,55.54991],[-125.26415,55.55408],[-125.26415,55.55825],[-125.2579,55.55825],[-125.2579,55.55408],[-125.2579,55.54991],[-125.2579,55.54575],[-125.2579,55.54158],[-125.2579,55.53741],[-125.2579,55.53324],[-125.2579,55.52908],[-125.2579,55.52491],[-125.2579,55.52074],[-125.2579,55.51658],[-125.2579,55.51241],[-125.2579,55.50824],[-125.2579,55.50407],[-125.2579,55.49991],[-125.2579,55.49574],[-125.2579,55.49158],[-125.2579,55.48741],[-125.2579,55.48324],[-125.2579,55.47908],[-125.2579,55.47491],[-125.2579,55.47074],[-125.26415,55.47074],[-125.2704,55.47074],[-125.27665,55.47074],[-125.2829,55.47074],[-125.28915,55.47074],[-125.28915,55.47491],[-125.2829,55.47491],[-125.27665,55.47491]]]}},{"type":"Feature","properties":{"c":"1052796","o":"NORTHWEST COPPER CORPORATION","e":"2033-12-15Z"},"geometry":{"type":"Polygon","coordinates":[[[-125.41416,55.62492],[-125.40791,55.62492],[-125.40166,55.62492],[-125.39541,55.62492],[-125.38916,55.62492],[-125.38916,55.62075],[-125.38916,55.61658],[-125.38291,55.61658],[-125.38291,55.61242],[-125.38291,55.60825],[-125.38291,55.60408],[-125.38916,55.60408],[-125.39541,55.60408],[-125.40166,55.60408],[-125.40166,55.60825],[-125.40166,55.61242],[-125.40791,55.61242],[-125.41416,55.61242],[-125.41416,55.61658],[-125.41416,55.62075],[-125.41416,55.62492]]]}},{"type":"Feature","properties":{"c":"1052797","o":"NORTHWEST COPPER CORPORATION","e":"2033-12-15Z"},"geometry":{"type":"Polygon","coordinates":[[[-125.43916,55.64158],[-125.43291,55.64158],[-125.42666,55.64158],[-125.42041,55.64158],[-125.41416,55.64158],[-125.40791,55.64158],[-125.40166,55.64158],[-125.40166,55.63742],[-125.40166,55.63325],[-125.40166,55.62908],[-125.40166,55.62492],[-125.40791,55.62492],[-125.41416,55.62492],[-125.42041,55.62492],[-125.42666,55.62492],[-125.43291,55.62492],[-125.43291,55.62908],[-125.43916,55.62908],[-125.43916,55.63325],[-125.43916,55.63742],[-125.43916,55.64158]]]}},{"type":"Feature","properties":{"c":"1052799","o":"NORTHWEST COPPER CORPORATION","e":"2033-12-15Z"},"geometry":{"type":"Polygon","coordinates":[[[-125.43291,55.54575],[-125.42666,55.54575],[-125.42041,55.54575],[-125.42041,55.54158],[-125.42041,55.53742],[-125.42041,55.53325],[-125.42041,55.52908],[-125.42041,55.52492],[-125.42041,55.52075],[-125.42041,55.51658],[-125.42041,55.51242],[-125.42041,55.50825],[-125.42041,55.50408],[-125.42041,55.49992],[-125.42666,55.49992],[-125.43291,55.49992],[-125.43291,55.50408],[-125.43291,55.50825],[-125.43291,55.51242],[-125.43291,55.51658],[-125.43291,55.52075],[-125.43291,55.52492],[-125.43291,55.52908],[-125.43291,55.53325],[-125.43291,55.53742],[-125.43291,55.54158],[-125.43291,55.54575]]]}},{"type":"Feature","properties":{"c":"1052800","o":"NORTHWEST COPPER CORPORATION","e":"2033-12-15Z"},"geometry":{"type":"Polygon","coordinates":[[[-125.44541,55.54575],[-125.43916,55.54575],[-125.43291,55.54575],[-125.43291,55.54158],[-125.43291,55.53742],[-125.43291,55.53325],[-125.43291,55.52908],[-125.43291,55.52492],[-125.43291,55.52075],[-125.43291,55.51658],[-125.43291,55.51242],[-125.43291,55.50825],[-125.43291,55.50408],[-125.43291,55.49992],[-125.43916,55.49992],[-125.44542,55.49992],[-125.44542,55.50408],[-125.44542,55.50825],[-125.44542,55.51242],[-125.44542,55.51658],[-125.44541,55.52075],[-125.44541,55.52492],[-125.44541,55.52908],[-125.44541,55.53325],[-125.44541,55.53742],[-125.44541,55.54158],[-125.44541,55.54575]]]}},{"type":"Feature","properties":{"c":"1082206","o":"NORTHWEST COPPER CORPORATION","e":"2031-10-02Z"},"geometry":{"type":"Polygon","coordinates":[[[-125.46415,55.99572],[-125.4579,55.99572],[-125.4579,55.99989],[-125.4579,56.00405],[-125.45165,56.00405],[-125.45165,55.99989],[-125.45165,55.99572],[-125.45165,55.99156],[-125.4579,55.99156],[-125.4579,55.98739],[-125.4579,55.98323],[-125.46415,55.98322],[-125.46415,55.98739],[-125.46415,55.99156],[-125.46415,55.99572]]]}},{"type":"Feature","properties":{"c":"1082209","o":"NORTHWEST COPPER CORPORATION","e":"2031-10-02Z"},"geometry":{"type":"Polygon","coordinates":[[[-125.48291,55.89158],[-125.47666,55.89158],[-125.47041,55.89158],[-125.47041,55.88741],[-125.47666,55.88741],[-125.48291,55.88741],[-125.48916,55.88741],[-125.49541,55.88741],[-125.49541,55.89158],[-125.48916,55.89158],[-125.48291,55.89158]]]}},{"type":"Feature","properties":{"c":"1100586","o":"NORTHWEST COPPER CORPORATION","e":"2033-07-27Z"},"geometry":{"type":"Polygon","coordinates":[[[-125.40166,55.64158],[-125.39541,55.64158],[-125.39541,55.63742],[-125.39541,55.63325],[-125.39541,55.62908],[-125.38916,55.62908],[-125.38291,55.62908],[-125.38291,55.62492],[-125.38291,55.62075],[-125.37666,55.62075],[-125.37666,55.61658],[-125.37666,55.61242],[-125.37666,55.60825],[-125.37041,55.60825],[-125.37041,55.60408],[-125.36416,55.60408],[-125.36415,55.59992],[-125.3579,55.59992],[-125.3579,55.59575],[-125.35165,55.59575],[-125.35165,55.59158],[-125.3579,55.59158],[-125.36415,55.59158],[-125.37041,55.59158],[-125.37666,55.59158],[-125.37666,55.59575],[-125.38291,55.59575],[-125.38291,55.59992],[-125.38291,55.60408],[-125.38291,55.60825],[-125.38291,55.61242],[-125.38291,55.61658],[-125.38916,55.61658],[-125.38916,55.62075],[-125.38916,55.62492],[-125.39541,55.62492],[-125.40166,55.62492],[-125.40166,55.62908],[-125.40166,55.63325],[-125.40166,55.63742],[-125.40166,55.64158]]]}},{"type":"Feature","properties":{"c":"240496","o":"NORTHWEST COPPER CORPORATION","e":"2031-10-02Z"},"geometry":{"type":"MultiPolygon","coordinates":[[[[-125.46897,55.92403],[-125.46899,55.94199],[-125.46193,55.94199],[-125.4472,55.942],[-125.45024,55.94014],[-125.45448,55.93734],[-125.45917,55.93415],[-125.46422,55.93113],[-125.45841,55.92839],[-125.45742,55.92796],[-125.46198,55.92569],[-125.45935,55.92403],[-125.46692,55.92403],[-125.46701,55.92403],[-125.46897,55.92403]]],[[[-125.42897,55.93531],[-125.4338,55.93782],[-125.43992,55.94065],[-125.44293,55.942],[-125.42897,55.942],[-125.42897,55.93531]]]]}},{"type":"Feature","properties":{"c":"240497","o":"NORTHWEST COPPER CORPORATION","e":"2031-10-02Z"},"geometry":{"type":"Polygon","coordinates":[[[-125.38898,55.92403],[-125.4,55.92404],[-125.41616,55.92404],[-125.41477,55.92598],[-125.41185,55.92976],[-125.41905,55.93111],[-125.42478,55.93339],[-125.42878,55.93521],[-125.42897,55.93531],[-125.42897,55.942],[-125.42191,55.942],[-125.4,55.942],[-125.38988,55.942],[-125.38896,55.942],[-125.38896,55.93749],[-125.38898,55.92403]]]}},{"type":"Feature","properties":{"c":"240498","o":"NORTHWEST COPPER CORPORATION","e":"2031-10-02Z"},"geometry":{"type":"Polygon","coordinates":[[[-125.389,55.90607],[-125.4,55.90608],[-125.42898,55.90608],[-125.42897,55.91594],[-125.41758,55.92206],[-125.41616,55.92404],[-125.4,55.92404],[-125.38898,55.92403],[-125.38899,55.91599],[-125.389,55.90607]]]}},{"type":"Feature","properties":{"c":"240499","o":"NORTHWEST COPPER CORPORATION","e":"2031-10-02Z"},"geometry":{"type":"Polygon","coordinates":[[[-125.4371,55.91117],[-125.43207,55.91418],[-125.42993,55.91542],[-125.42897,55.91594],[-125.42898,55.90608],[-125.46709,55.90607],[-125.46708,55.91055],[-125.46705,55.91504],[-125.46703,55.91953],[-125.46701,55.92403],[-125.46692,55.92403],[-125.45935,55.92403],[-125.45726,55.92272],[-125.45266,55.92019],[-125.44749,55.91727],[-125.44256,55.91412],[-125.4371,55.91117]]]}},{"type":"Feature","properties":{"c":"241431","o":"NORTHWEST COPPER CORPORATION","e":"2031-10-02Z"},"geometry":{"type":"Polygon","coordinates":[[[-125.33244,55.8889],[-125.33253,55.8889],[-125.33253,55.89111],[-125.33896,55.89112],[-125.33895,55.88895],[-125.35238,55.88889],[-125.35238,55.9],[-125.35238,55.90686],[-125.34901,55.90686],[-125.3284,55.90686],[-125.3284,55.9],[-125.3284,55.8889],[-125.33244,55.8889]]]}},{"type":"Feature","properties":{"c":"241432","o":"NORTHWEST COPPER CORPORATION","e":"2031-10-02Z"},"geometry":{"type":"Polygon","coordinates":[[[-125.3284,55.8889],[-125.3284,55.9],[-125.3284,55.90686],[-125.31697,55.90686],[-125.31688,55.90686],[-125.3045,55.90685],[-125.30441,55.90685],[-125.30442,55.9],[-125.3045,55.88889],[-125.3284,55.8889]]]}},{"type":"Feature","properties":{"c":"241433","o":"NORTHWEST COPPER CORPORATION","e":"2031-10-02Z"},"geometry":{"type":"Polygon","coordinates":[[[-125.35238,55.87094],[-125.35238,55.88889],[-125.33895,55.88895],[-125.33896,55.8875],[-125.33896,55.88389],[-125.33897,55.88028],[-125.33254,55.88028],[-125.33244,55.8889],[-125.3284,55.8889],[-125.3284,55.87093],[-125.35238,55.87094]]]}},{"type":"Feature","properties":{"c":"241434","o":"NORTHWEST COPPER CORPORATION","e":"2031-10-02Z"},"geometry":{"type":"Polygon","coordinates":[[[-125.3284,55.87093],[-125.3284,55.8889],[-125.3045,55.88889],[-125.30442,55.88889],[-125.30444,55.87093],[-125.3284,55.87093]]]}},{"type":"Feature","properties":{"c":"241961","o":"NORTHWEST COPPER CORPORATION","e":"2031-10-02Z"},"geometry":{"type":"Polygon","coordinates":[[[-125.37635,55.88889],[-125.37636,55.9],[-125.37636,55.90607],[-125.37637,55.90685],[-125.35238,55.90686],[-125.35238,55.9],[-125.35238,55.88889],[-125.37635,55.88889]]]}},{"type":"Feature","properties":{"c":"241962","o":"NORTHWEST COPPER CORPORATION","e":"2031-10-02Z"},"geometry":{"type":"Polygon","coordinates":[[[-125.35238,55.86644],[-125.37634,55.86644],[-125.37635,55.88889],[-125.35238,55.88889],[-125.35238,55.87094],[-125.35238,55.86644]]]}},{"type":"Feature","properties":{"c":"241963","o":"NORTHWEST COPPER CORPORATION","e":"2031-10-02Z"},"geometry":{"type":"Polygon","coordinates":[[[-125.35238,55.85746],[-125.35238,55.86644],[-125.35238,55.87094],[-125.3284,55.87093],[-125.30444,55.87093],[-125.30443,55.86644],[-125.30448,55.85746],[-125.33641,55.85746],[-125.3416,55.85746],[-125.35238,55.85746]]]}},{"type":"Feature","properties":{"c":"242900","o":"NORTHWEST COPPER CORPORATION","e":"2031-10-02Z"},"geometry":{"type":"Polygon","coordinates":[[[-125.35344,55.91579],[-125.35341,55.90724],[-125.349,55.90724],[-125.34901,55.90686],[-125.35238,55.90686],[-125.37637,55.90685],[-125.37636,55.90607],[-125.389,55.90607],[-125.38899,55.91599],[-125.35787,55.91582],[-125.35344,55.91579]]]}},{"type":"Feature","properties":{"c":"243499","o":"NORTHWEST COPPER CORPORATION","e":"2031-10-02Z"},"geometry":{"type":"Polygon","coordinates":[[[-125.43803,55.92899],[-125.44364,55.9317],[-125.44334,55.93192],[-125.439,55.93499],[-125.43327,55.93226],[-125.43803,55.92899]]]}},{"type":"Feature","properties":{"c":"243500","o":"NORTHWEST COPPER CORPORATION","e":"2031-10-02Z"},"geometry":{"type":"Polygon","coordinates":[[[-125.44287,55.92617],[-125.44802,55.92878],[-125.44364,55.9317],[-125.43803,55.92899],[-125.44287,55.92617]]]}},{"type":"Feature","properties":{"c":"243501","o":"NORTHWEST COPPER CORPORATION","e":"2031-10-02Z"},"geometry":{"type":"Polygon","coordinates":[[[-125.4335,55.92689],[-125.4375,55.92848],[-125.43727,55.92866],[-125.43296,55.93178],[-125.42918,55.93029],[-125.4335,55.92689]]]}},{"type":"Feature","properties":{"c":"243502","o":"NORTHWEST COPPER CORPORATION","e":"2031-10-02Z"},"geometry":{"type":"Polygon","coordinates":[[[-125.4375,55.92848],[-125.4335,55.92689],[-125.43204,55.92632],[-125.43657,55.92307],[-125.44263,55.92574],[-125.43785,55.92869],[-125.43759,55.92881],[-125.43727,55.92866],[-125.4375,55.92848]]]}},{"type":"Feature","properties":{"c":"243503","o":"NORTHWEST COPPER CORPORATION","e":"2031-10-02Z"},"geometry":{"type":"Polygon","coordinates":[[[-125.42784,55.9245],[-125.43204,55.92632],[-125.4335,55.92689],[-125.42918,55.93029],[-125.42314,55.92796],[-125.42784,55.9245]]]}},{"type":"Feature","properties":{"c":"243504","o":"NORTHWEST COPPER CORPORATION","e":"2031-10-02Z"},"geometry":{"type":"Polygon","coordinates":[[[-125.42723,55.92427],[-125.4261,55.92381],[-125.43019,55.92098],[-125.43063,55.92076],[-125.43187,55.92125],[-125.43631,55.9229],[-125.43204,55.92632],[-125.42784,55.9245],[-125.42723,55.92427]]]}},{"type":"Feature","properties":{"c":"243505","o":"NORTHWEST COPPER CORPORATION","e":"2031-10-02Z"},"geometry":{"type":"Polygon","coordinates":[[[-125.42918,55.93029],[-125.43296,55.93178],[-125.42878,55.93521],[-125.42478,55.93339],[-125.42918,55.93029]]]}},{"type":"Feature","properties":{"c":"243506","o":"NORTHWEST COPPER CORPORATION","e":"2031-10-02Z"},"geometry":{"type":"Polygon","coordinates":[[[-125.44065,55.92046],[-125.44118,55.92002],[-125.44644,55.92272],[-125.44263,55.92574],[-125.43657,55.92307],[-125.44065,55.92046]]]}},{"type":"Feature","properties":{"c":"243507","o":"NORTHWEST COPPER CORPORATION","e":"2031-10-02Z"},"geometry":{"type":"Polygon","coordinates":[[[-125.44754,55.92296],[-125.45249,55.92551],[-125.45311,55.92593],[-125.44802,55.92878],[-125.44287,55.92617],[-125.44754,55.92296]]]}},{"type":"Feature","properties":{"c":"243508","o":"NORTHWEST COPPER CORPORATION","e":"2031-10-02Z"},"geometry":{"type":"Polygon","coordinates":[[[-125.45311,55.92593],[-125.45742,55.92796],[-125.45841,55.92839],[-125.45409,55.93147],[-125.44802,55.92878],[-125.45311,55.92593]]]}},{"type":"Feature","properties":{"c":"243509","o":"NORTHWEST COPPER CORPORATION","e":"2031-10-02Z"},"geometry":{"type":"Polygon","coordinates":[[[-125.44364,55.9317],[-125.44802,55.92878],[-125.45409,55.93147],[-125.44882,55.93458],[-125.44334,55.93192],[-125.44364,55.9317]]]}},{"type":"Feature","properties":{"c":"243510","o":"NORTHWEST COPPER CORPORATION","e":"2031-10-02Z"},"geometry":{"type":"Polygon","coordinates":[[[-125.44334,55.93192],[-125.44882,55.93458],[-125.44467,55.9373],[-125.439,55.93499],[-125.44334,55.93192]]]}},{"type":"Feature","properties":{"c":"243511","o":"NORTHWEST COPPER CORPORATION","e":"2031-10-02Z"},"geometry":{"type":"Polygon","coordinates":[[[-125.33253,55.8875],[-125.33896,55.8875],[-125.33895,55.88895],[-125.33896,55.89112],[-125.33253,55.89111],[-125.33253,55.8889],[-125.33253,55.8875]]]}},{"type":"Feature","properties":{"c":"243512","o":"NORTHWEST COPPER CORPORATION","e":"2031-10-02Z"},"geometry":{"type":"Polygon","coordinates":[[[-125.33896,55.88389],[-125.33896,55.8875],[-125.33253,55.8875],[-125.33253,55.88389],[-125.33896,55.88389]]]}},{"type":"Feature","properties":{"c":"243513","o":"NORTHWEST COPPER CORPORATION","e":"2031-10-02Z"},"geometry":{"type":"Polygon","coordinates":[[[-125.33897,55.88028],[-125.33896,55.88389],[-125.33253,55.88389],[-125.33254,55.88028],[-125.33897,55.88028]]]}},{"type":"Feature","properties":{"c":"243646","o":"NORTHWEST COPPER CORPORATION","e":"2031-10-02Z"},"geometry":{"type":"Polygon","coordinates":[[[-125.45841,55.92839],[-125.46422,55.93113],[-125.45917,55.93415],[-125.45409,55.93147],[-125.45841,55.92839]]]}},{"type":"Feature","properties":{"c":"243647","o":"NORTHWEST COPPER CORPORATION","e":"2031-10-02Z"},"geometry":{"type":"Polygon","coordinates":[[[-125.45409,55.93147],[-125.45917,55.93415],[-125.45448,55.93734],[-125.44882,55.93458],[-125.45409,55.93147]]]}},{"type":"Feature","properties":{"c":"245043","o":"NORTHWEST COPPER CORPORATION","e":"2031-10-02Z"},"geometry":{"type":"Polygon","coordinates":[[[-125.45249,55.92551],[-125.45726,55.92272],[-125.45935,55.92403],[-125.46198,55.92569],[-125.45742,55.92796],[-125.45311,55.92593],[-125.45249,55.92551]]]}},{"type":"Feature","properties":{"c":"245044","o":"NORTHWEST COPPER CORPORATION","e":"2031-10-02Z"},"geometry":{"type":"Polygon","coordinates":[[[-125.44731,55.92281],[-125.45266,55.92019],[-125.45726,55.92272],[-125.45249,55.92551],[-125.44754,55.92296],[-125.44731,55.92281]]]}},{"type":"Feature","properties":{"c":"245045","o":"NORTHWEST COPPER CORPORATION","e":"2031-10-02Z"},"geometry":{"type":"Polygon","coordinates":[[[-125.44252,55.92008],[-125.44749,55.91727],[-125.45266,55.92019],[-125.44731,55.92281],[-125.44677,55.92252],[-125.44252,55.92008]]]}},{"type":"Feature","properties":{"c":"245046","o":"NORTHWEST COPPER CORPORATION","e":"2031-10-02Z"},"geometry":{"type":"Polygon","coordinates":[[[-125.43703,55.91712],[-125.44256,55.91412],[-125.44749,55.91727],[-125.44252,55.92008],[-125.43703,55.91712]]]}},{"type":"Feature","properties":{"c":"245047","o":"NORTHWEST COPPER CORPORATION","e":"2031-10-02Z"},"geometry":{"type":"Polygon","coordinates":[[[-125.4371,55.91117],[-125.44256,55.91412],[-125.43703,55.91712],[-125.43207,55.91418],[-125.4371,55.91117]]]}},{"type":"Feature","properties":{"c":"245048","o":"NORTHWEST COPPER CORPORATION","e":"2031-10-02Z"},"geometry":{"type":"Polygon","coordinates":[[[-125.4256,55.91892],[-125.43064,55.91576],[-125.43602,55.91832],[-125.43187,55.92125],[-125.43063,55.92076],[-125.43019,55.92098],[-125.4256,55.91892]]]}},{"type":"Feature","properties":{"c":"245049","o":"NORTHWEST COPPER CORPORATION","e":"2031-10-02Z"},"geometry":{"type":"Polygon","coordinates":[[[-125.42104,55.92197],[-125.4256,55.91892],[-125.43019,55.92098],[-125.4261,55.92381],[-125.42723,55.92427],[-125.42658,55.92455],[-125.42409,55.92331],[-125.42104,55.92197]]]}},{"type":"Feature","properties":{"c":"245050","o":"NORTHWEST COPPER CORPORATION","e":"2031-10-02Z"},"geometry":{"type":"Polygon","coordinates":[[[-125.43187,55.92125],[-125.43602,55.91832],[-125.44065,55.92046],[-125.43657,55.92307],[-125.43631,55.9229],[-125.43187,55.92125]]]}},{"type":"Feature","properties":{"c":"245051","o":"NORTHWEST COPPER CORPORATION","e":"2031-10-02Z"},"geometry":{"type":"Polygon","coordinates":[[[-125.41616,55.92404],[-125.41758,55.92206],[-125.42409,55.92331],[-125.42138,55.92738],[-125.41477,55.92598],[-125.41616,55.92404]]]}},{"type":"Feature","properties":{"c":"245052","o":"NORTHWEST COPPER CORPORATION","e":"2031-10-02Z"},"geometry":{"type":"Polygon","coordinates":[[[-125.42138,55.92738],[-125.41905,55.93111],[-125.41185,55.92976],[-125.41477,55.92598],[-125.42138,55.92738]]]}},{"type":"Feature","properties":{"c":"245053","o":"NORTHWEST COPPER CORPORATION","e":"2031-10-02Z"},"geometry":{"type":"Polygon","coordinates":[[[-125.42314,55.92796],[-125.42918,55.93029],[-125.42478,55.93339],[-125.41905,55.93111],[-125.42314,55.92796]]]}},{"type":"Feature","properties":{"c":"245054","o":"NORTHWEST COPPER CORPORATION","e":"2031-10-02Z"},"geometry":{"type":"Polygon","coordinates":[[[-125.42878,55.93521],[-125.43327,55.93226],[-125.439,55.93499],[-125.4338,55.93782],[-125.42897,55.93531],[-125.42878,55.93521]]]}},{"type":"Feature","properties":{"c":"245055","o":"NORTHWEST COPPER CORPORATION","e":"2031-10-02Z"},"geometry":{"type":"Polygon","coordinates":[[[-125.439,55.93499],[-125.44467,55.9373],[-125.43992,55.94065],[-125.4338,55.93782],[-125.439,55.93499]]]}},{"type":"Feature","properties":{"c":"245056","o":"NORTHWEST COPPER CORPORATION","e":"2031-10-02Z"},"geometry":{"type":"Polygon","coordinates":[[[-125.43992,55.94065],[-125.44467,55.9373],[-125.45024,55.94014],[-125.4472,55.942],[-125.44539,55.9431],[-125.44293,55.942],[-125.43992,55.94065]]]}},{"type":"Feature","properties":{"c":"245057","o":"NORTHWEST COPPER CORPORATION","e":"2031-10-02Z"},"geometry":{"type":"Polygon","coordinates":[[[-125.44882,55.93458],[-125.45448,55.93734],[-125.45024,55.94014],[-125.44467,55.9373],[-125.44882,55.93458]]]}},{"type":"Feature","properties":{"c":"245449","o":"NORTHWEST COPPER CORPORATION","e":"2031-10-02Z"},"geometry":{"type":"Polygon","coordinates":[[[-125.44263,55.92574],[-125.44644,55.92272],[-125.44677,55.92252],[-125.44731,55.92281],[-125.44754,55.92296],[-125.44287,55.92617],[-125.43803,55.92899],[-125.43785,55.92869],[-125.44263,55.92574]]]}},{"type":"Feature","properties":{"c":"245450","o":"NORTHWEST COPPER CORPORATION","e":"2031-10-02Z"},"geometry":{"type":"Polygon","coordinates":[[[-125.43727,55.92866],[-125.43759,55.92881],[-125.43785,55.92869],[-125.43803,55.92899],[-125.43327,55.93226],[-125.42878,55.93521],[-125.43296,55.93178],[-125.43727,55.92866]]]}},{"type":"Feature","properties":{"c":"245451","o":"NORTHWEST COPPER CORPORATION","e":"2031-10-02Z"},"geometry":{"type":"Polygon","coordinates":[[[-125.43657,55.92307],[-125.43204,55.92632],[-125.43631,55.9229],[-125.43657,55.92307]]]}},{"type":"Feature","properties":{"c":"245452","o":"NORTHWEST COPPER CORPORATION","e":"2031-10-02Z"},"geometry":{"type":"Polygon","coordinates":[[[-125.43602,55.91832],[-125.43064,55.91576],[-125.42993,55.91542],[-125.43207,55.91418],[-125.43703,55.91712],[-125.44252,55.92008],[-125.44677,55.92252],[-125.44644,55.92272],[-125.44118,55.92002],[-125.44065,55.92046],[-125.43602,55.91832]]]}},{"type":"Feature","properties":{"c":"245453","o":"NORTHWEST COPPER CORPORATION","e":"2031-10-02Z"},"geometry":{"type":"Polygon","coordinates":[[[-125.42897,55.91594],[-125.42993,55.91542],[-125.43064,55.91576],[-125.4256,55.91892],[-125.42104,55.92197],[-125.42409,55.92331],[-125.41758,55.92206],[-125.42897,55.91594]]]}},{"type":"Feature","properties":{"c":"245530","o":"NORTHWEST COPPER CORPORATION","e":"2031-10-02Z"},"geometry":{"type":"Polygon","coordinates":[[[-125.42138,55.92738],[-125.42409,55.92331],[-125.42658,55.92455],[-125.42723,55.92427],[-125.42784,55.9245],[-125.42314,55.92796],[-125.42138,55.92738]]]}},{"type":"Feature","properties":{"c":"245531","o":"NORTHWEST COPPER CORPORATION","e":"2031-10-02Z"},"geometry":{"type":"Polygon","coordinates":[[[-125.41905,55.93111],[-125.42138,55.92738],[-125.42314,55.92796],[-125.41905,55.93111]]]}},{"type":"Feature","properties":{"c":"303913","o":"NORTHWEST COPPER CORPORATION","e":"2031-10-02Z"},"geometry":{"type":"Polygon","coordinates":[[[-125.38901,55.88811],[-125.4,55.88811],[-125.40831,55.88811],[-125.42897,55.88811],[-125.42897,55.9],[-125.42898,55.90608],[-125.4,55.90608],[-125.389,55.90607],[-125.389,55.9],[-125.38901,55.88889],[-125.38901,55.88811]]]}},{"type":"Feature","properties":{"c":"334766","o":"NORTHWEST COPPER CORPORATION","e":"2031-10-02Z"},"geometry":{"type":"Polygon","coordinates":[[[-125.38986,55.97601],[-125.38987,55.97214],[-125.4,55.97214],[-125.42191,55.97214],[-125.42192,55.97663],[-125.42191,55.98112],[-125.4,55.98112],[-125.38987,55.98112],[-125.38986,55.97601]]]}},{"type":"Feature","properties":{"c":"334767","o":"NORTHWEST COPPER CORPORATION","e":"2031-10-02Z"},"geometry":{"type":"Polygon","coordinates":[[[-125.38987,55.96316],[-125.4,55.96316],[-125.42191,55.96316],[-125.42191,55.96765],[-125.42191,55.97214],[-125.4,55.97214],[-125.38987,55.97214],[-125.38987,55.96765],[-125.38987,55.96316]]]}},{"type":"Feature","properties":{"c":"334773","o":"NORTHWEST COPPER CORPORATION","e":"2031-10-02Z"},"geometry":{"type":"Polygon","coordinates":[[[-125.42993,55.97662],[-125.42993,55.98111],[-125.42191,55.98112],[-125.42192,55.97663],[-125.42993,55.97662]]]}},{"type":"Feature","properties":{"c":"334774","o":"NORTHWEST COPPER CORPORATION","e":"2031-10-02Z"},"geometry":{"type":"Polygon","coordinates":[[[-125.42191,55.97214],[-125.42992,55.97213],[-125.42993,55.97601],[-125.42993,55.97662],[-125.42192,55.97663],[-125.42191,55.97214]]]}},{"type":"Feature","properties":{"c":"334775","o":"NORTHWEST COPPER CORPORATION","e":"2031-10-02Z"},"geometry":{"type":"Polygon","coordinates":[[[-125.42191,55.96765],[-125.42992,55.96764],[-125.42992,55.97213],[-125.42191,55.97214],[-125.42191,55.96765]]]}},{"type":"Feature","properties":{"c":"346808","o":"NORTHWEST COPPER CORPORATION","e":"2031-10-02Z"},"geometry":{"type":"Polygon","coordinates":[[[-125.3284,55.90686],[-125.34901,55.90686],[-125.349,55.90724],[-125.35341,55.90724],[-125.35344,55.91579],[-125.32588,55.91583],[-125.32573,55.91583],[-125.31697,55.91583],[-125.31697,55.90686],[-125.3284,55.90686]]]}},{"type":"Feature","properties":{"c":"346809","o":"NORTHWEST COPPER CORPORATION","e":"2031-10-02Z"},"geometry":{"type":"Polygon","coordinates":[[[-125.27698,55.90685],[-125.30441,55.90685],[-125.3045,55.90685],[-125.31688,55.90686],[-125.31697,55.90686],[-125.31697,55.91583],[-125.29386,55.91584],[-125.27698,55.91583],[-125.27698,55.91504],[-125.27698,55.90685]]]}},{"type":"Feature","properties":{"c":"346810","o":"NORTHWEST COPPER CORPORATION","e":"2031-10-02Z"},"geometry":{"type":"Polygon","coordinates":[[[-125.35238,55.85746],[-125.35965,55.85746],[-125.37634,55.85746],[-125.37634,55.86644],[-125.35238,55.86644],[-125.35238,55.85746]]]}},{"type":"Feature","properties":{"c":"346811","o":"NORTHWEST COPPER CORPORATION","e":"2031-10-02Z"},"geometry":{"type":"Polygon","coordinates":[[[-125.37632,55.8395],[-125.37634,55.85746],[-125.35965,55.85746],[-125.35238,55.85746],[-125.3416,55.85746],[-125.33641,55.85746],[-125.33641,55.8395],[-125.37632,55.8395]]]}},{"type":"Feature","properties":{"c":"346812","o":"NORTHWEST COPPER CORPORATION","e":"2031-10-02Z"},"geometry":{"type":"Polygon","coordinates":[[[-125.30449,55.83501],[-125.33641,55.83501],[-125.33641,55.8395],[-125.33641,55.85746],[-125.30448,55.85746],[-125.30448,55.84399],[-125.30449,55.83501]]]}},{"type":"Feature","properties":{"c":"346813","o":"NORTHWEST COPPER CORPORATION","e":"2031-10-02Z"},"geometry":{"type":"Polygon","coordinates":[[[-125.30448,55.84399],[-125.30448,55.85746],[-125.3045,55.86643],[-125.30443,55.86644],[-125.27288,55.86644],[-125.27254,55.86644],[-125.27256,55.84399],[-125.30448,55.84399]]]}},{"type":"Feature","properties":{"c":"346815","o":"NORTHWEST COPPER CORPORATION","e":"2031-10-02Z"},"geometry":{"type":"Polygon","coordinates":[[[-125.27256,55.84399],[-125.25781,55.84399],[-125.25164,55.84398],[-125.2513,55.84398],[-125.24062,55.84398],[-125.24064,55.82152],[-125.25164,55.82153],[-125.27257,55.82153],[-125.27256,55.84399]]]}},{"type":"Feature","properties":{"c":"346816","o":"NORTHWEST COPPER CORPORATION","e":"2031-10-02Z"},"geometry":{"type":"Polygon","coordinates":[[[-125.2513,55.84398],[-125.25164,55.84398],[-125.25781,55.84399],[-125.27256,55.84399],[-125.27254,55.86644],[-125.27248,55.86644],[-125.24857,55.86643],[-125.24849,55.86644],[-125.2406,55.86644],[-125.24062,55.84398],[-125.2513,55.84398]]]}},{"type":"Feature","properties":{"c":"346817","o":"NORTHWEST COPPER CORPORATION","e":"2031-10-02Z"},"geometry":{"type":"Polygon","coordinates":[[[-125.27254,55.86644],[-125.27253,55.88888],[-125.27246,55.88888],[-125.26454,55.88888],[-125.24856,55.88888],[-125.24857,55.86643],[-125.27248,55.86644],[-125.27254,55.86644]]]}},{"type":"Feature","properties":{"c":"346818","o":"NORTHWEST COPPER CORPORATION","e":"2031-10-02Z"},"geometry":{"type":"Polygon","coordinates":[[[-125.27254,55.86644],[-125.27288,55.86644],[-125.30443,55.86644],[-125.30444,55.87093],[-125.30442,55.88889],[-125.27253,55.88888],[-125.27246,55.88888],[-125.27248,55.86644],[-125.27254,55.86644]]]}},{"type":"Feature","properties":{"c":"346819","o":"NORTHWEST COPPER CORPORATION","e":"2031-10-02Z"},"geometry":{"type":"Polygon","coordinates":[[[-125.3045,55.88889],[-125.30442,55.9],[-125.3045,55.90685],[-125.30441,55.90685],[-125.27698,55.90685],[-125.26452,55.90685],[-125.26453,55.9],[-125.26454,55.88888],[-125.27246,55.88888],[-125.27253,55.88888],[-125.30442,55.88889],[-125.3045,55.88889]]]}},{"type":"Feature","properties":{"c":"346820","o":"NORTHWEST COPPER CORPORATION","e":"2031-10-02Z"},"geometry":{"type":"Polygon","coordinates":[[[-125.26986,55.91503],[-125.27698,55.91504],[-125.27698,55.91583],[-125.29386,55.91584],[-125.29385,55.93749],[-125.28585,55.93749],[-125.26984,55.93748],[-125.26984,55.91583],[-125.26986,55.91503]]]}},{"type":"Feature","properties":{"c":"346821","o":"NORTHWEST COPPER CORPORATION","e":"2031-10-02Z"},"geometry":{"type":"Polygon","coordinates":[[[-125.31697,55.91583],[-125.32573,55.91583],[-125.32588,55.91583],[-125.32586,55.93749],[-125.29385,55.93749],[-125.29386,55.91584],[-125.31697,55.91583]]]}},{"type":"Feature","properties":{"c":"346822","o":"NORTHWEST COPPER CORPORATION","e":"2031-10-02Z"},"geometry":{"type":"Polygon","coordinates":[[[-125.29385,55.93749],[-125.32586,55.93749],[-125.32586,55.95096],[-125.28585,55.95095],[-125.28585,55.93749],[-125.29385,55.93749]]]}},{"type":"Feature","properties":{"c":"346823","o":"NORTHWEST COPPER CORPORATION","e":"2031-10-02Z"},"geometry":{"type":"Polygon","coordinates":[[[-125.32586,55.93749],[-125.35787,55.93749],[-125.35787,55.95804],[-125.34179,55.95805],[-125.34179,55.95994],[-125.32586,55.95994],[-125.32586,55.95096],[-125.32586,55.93749]]]}},{"type":"Feature","properties":{"c":"346824","o":"NORTHWEST COPPER CORPORATION","e":"2031-10-02Z"},"geometry":{"type":"Polygon","coordinates":[[[-125.35787,55.91582],[-125.35787,55.93749],[-125.32586,55.93749],[-125.32588,55.91583],[-125.35787,55.91582]]]}},{"type":"Feature","properties":{"c":"346825","o":"NORTHWEST COPPER CORPORATION","e":"2031-10-02Z"},"geometry":{"type":"Polygon","coordinates":[[[-125.38899,55.91599],[-125.38898,55.92403],[-125.38896,55.93749],[-125.35787,55.93749],[-125.35787,55.91582],[-125.38899,55.91599]]]}},{"type":"Feature","properties":{"c":"346826","o":"NORTHWEST COPPER CORPORATION","e":"2031-10-02Z"},"geometry":{"type":"Polygon","coordinates":[[[-125.38183,55.95804],[-125.35787,55.95804],[-125.35787,55.93749],[-125.38896,55.93749],[-125.38896,55.942],[-125.38988,55.942],[-125.38989,55.94968],[-125.3899,55.95994],[-125.38184,55.95994],[-125.38183,55.95804]]]}},{"type":"Feature","properties":{"c":"346827","o":"NORTHWEST COPPER CORPORATION","e":"2031-10-02Z"},"geometry":{"type":"Polygon","coordinates":[[[-125.34179,55.97601],[-125.34179,55.95994],[-125.34179,55.95805],[-125.35787,55.95804],[-125.38183,55.95804],[-125.38184,55.95994],[-125.38185,55.96316],[-125.38186,55.96765],[-125.38185,55.97214],[-125.38185,55.976],[-125.3498,55.97601],[-125.34179,55.97601]]]}},{"type":"Feature","properties":{"c":"346828","o":"NORTHWEST COPPER CORPORATION","e":"2031-10-02Z"},"geometry":{"type":"Polygon","coordinates":[[[-125.38901,55.88889],[-125.389,55.9],[-125.389,55.90607],[-125.37636,55.90607],[-125.37636,55.9],[-125.37635,55.88889],[-125.38901,55.88889]]]}},{"type":"Feature","properties":{"c":"346829","o":"NORTHWEST COPPER CORPORATION","e":"2031-10-02Z"},"geometry":{"type":"Polygon","coordinates":[[[-125.4,55.86644],[-125.40829,55.86643],[-125.40831,55.88811],[-125.4,55.88811],[-125.38901,55.88811],[-125.38901,55.88889],[-125.37635,55.88889],[-125.37634,55.86644],[-125.4,55.86644]]]}},{"type":"Feature","properties":{"c":"346830","o":"NORTHWEST COPPER CORPORATION","e":"2031-10-02Z"},"geometry":{"type":"Polygon","coordinates":[[[-125.4,55.942],[-125.42191,55.942],[-125.4219,55.94969],[-125.4,55.94968],[-125.38989,55.94968],[-125.38988,55.942],[-125.4,55.942]]]}},{"type":"Feature","properties":{"c":"346831","o":"NORTHWEST COPPER CORPORATION","e":"2031-10-02Z"},"geometry":{"type":"Polygon","coordinates":[[[-125.42191,55.942],[-125.42897,55.942],[-125.44293,55.942],[-125.44539,55.9431],[-125.4472,55.942],[-125.46193,55.94199],[-125.46195,55.95804],[-125.42191,55.95805],[-125.4219,55.94969],[-125.42191,55.942]]]}},{"type":"Feature","properties":{"c":"346832","o":"NORTHWEST COPPER CORPORATION","e":"2031-10-02Z"},"geometry":{"type":"Polygon","coordinates":[[[-125.42992,55.97213],[-125.42992,55.96764],[-125.42191,55.96765],[-125.42191,55.96316],[-125.42191,55.95805],[-125.46195,55.95804],[-125.46195,55.96445],[-125.46195,55.96471],[-125.46197,55.976],[-125.42993,55.97601],[-125.42992,55.97213]]]}},{"type":"Feature","properties":{"c":"346833","o":"NORTHWEST COPPER CORPORATION","e":"2031-10-02Z"},"geometry":{"type":"Polygon","coordinates":[[[-125.42993,55.98111],[-125.42993,55.97662],[-125.42993,55.97601],[-125.46197,55.976],[-125.46197,55.98267],[-125.46199,55.99396],[-125.45398,55.99396],[-125.42192,55.99397],[-125.42191,55.98112],[-125.42993,55.98111]]]}},{"type":"Feature","properties":{"c":"1135386","o":"HALLERAN, ARTHUR ALVIN DOUGLAS","e":"2028-07-16Z"},"geometry":{"type":"Polygon","coordinates":[[[-125.45166,55.67908],[-125.44541,55.67908],[-125.44541,55.67492],[-125.44541,55.67075],[-125.45166,55.67075],[-125.45166,55.67492],[-125.45166,55.67908]]]}},{"type":"Feature","properties":{"c":"1135522","o":"ANDERSON, CHAD WILLIAM","e":"2027-07-16Z"},"geometry":{"type":"Polygon","coordinates":[[[-125.2829,55.65825],[-125.27665,55.65825],[-125.2704,55.65825],[-125.2704,55.65408],[-125.26415,55.65408],[-125.2579,55.65408],[-125.2579,55.64992],[-125.2579,55.64575],[-125.26415,55.64575],[-125.2704,55.64575],[-125.2704,55.64158],[-125.27665,55.64158],[-125.27665,55.64575],[-125.2829,55.64575],[-125.28915,55.64575],[-125.28915,55.64992],[-125.2829,55.64992],[-125.2829,55.65408],[-125.28915,55.65408],[-125.2954,55.65408],[-125.2954,55.65825],[-125.28915,55.65825],[-125.2829,55.65825]]]}},{"type":"Feature","properties":{"c":"346834","o":"NORTHWEST COPPER CORPORATION","e":"2031-10-02Z"},"geometry":{"type":"Polygon","coordinates":[[[-125.38986,55.97601],[-125.38987,55.98112],[-125.38986,55.99397],[-125.38184,55.99397],[-125.34979,55.99397],[-125.3498,55.97601],[-125.38986,55.97601]]]}},{"type":"Feature","properties":{"c":"346835","o":"NORTHWEST COPPER CORPORATION","e":"2031-10-02Z"},"geometry":{"type":"Polygon","coordinates":[[[-125.34974,56.01641],[-125.34977,56.0],[-125.34976,56.0],[-125.34979,55.99397],[-125.38184,55.99397],[-125.38182,56.0],[-125.38182,56.01642],[-125.34974,56.01641]]]}},{"type":"Feature","properties":{"c":"1139443","o":"DAUL, JOSEPH WAYNE","e":"2027-09-21Z"},"geometry":{"type":"Polygon","coordinates":[[[-125.05789,55.67492],[-125.05164,55.67492],[-125.04539,55.67492],[-125.03914,55.67492],[-125.03914,55.67076],[-125.03289,55.67076],[-125.02664,55.67076],[-125.02039,55.67076],[-125.01414,55.67076],[-125.00789,55.67076],[-125.00164,55.67076],[-125.00164,55.66659],[-125.00164,55.66242],[-125.00789,55.66242],[-125.00789,55.66659],[-125.01414,55.66659],[-125.02039,55.66659],[-125.02664,55.66659],[-125.03289,55.66659],[-125.03914,55.66659],[-125.04539,55.66659],[-125.05164,55.66659],[-125.05789,55.66659],[-125.05789,55.67076],[-125.05789,55.67492]]]}},{"type":"Feature","properties":{"c":"1118134","o":"PUT, JARED GUSTAF","e":"2026-10-15Z"},"geometry":{"type":"Polygon","coordinates":[[[-125.45791,55.66658],[-125.45791,55.67075],[-125.45166,55.67075],[-125.45166,55.66658],[-125.45791,55.66658]]]}},{"type":"Feature","properties":{"c":"1114541","o":"GRID BATTERY METALS INC.","e":"2026-12-11Z"},"geometry":{"type":"Polygon","coordinates":[[[-125.46416,55.86659],[-125.45791,55.86659],[-125.45165,55.86659],[-125.4454,55.86659],[-125.43915,55.86659],[-125.4329,55.86659],[-125.42665,55.86659],[-125.4204,55.86659],[-125.4204,55.86242],[-125.4204,55.85825],[-125.4204,55.85409],[-125.4204,55.84992],[-125.4204,55.84576],[-125.4204,55.84159],[-125.4204,55.83742],[-125.4204,55.83326],[-125.4204,55.82909],[-125.4204,55.82492],[-125.41415,55.82492],[-125.41415,55.82076],[-125.4204,55.82076],[-125.4204,55.81659],[-125.4204,55.81242],[-125.4204,55.80826],[-125.42665,55.80826],[-125.43291,55.80826],[-125.43916,55.80826],[-125.44541,55.80826],[-125.45166,55.80826],[-125.45791,55.80826],[-125.46416,55.80826],[-125.46416,55.81242],[-125.46416,55.81659],[-125.46416,55.82076],[-125.46416,55.82492],[-125.46416,55.82909],[-125.46416,55.83326],[-125.46416,55.83742],[-125.46416,55.84159],[-125.46416,55.84576],[-125.46416,55.84992],[-125.46416,55.85409],[-125.46416,55.85825],[-125.46416,55.86242],[-125.46416,55.86659]]]}},{"type":"Feature","properties":{"c":"1114542","o":"GRID BATTERY METALS INC.","e":"2026-12-11Z"},"geometry":{"type":"Polygon","coordinates":[[[-125.50791,55.87075],[-125.50166,55.87075],[-125.49541,55.87075],[-125.48916,55.87075],[-125.48291,55.87075],[-125.47666,55.87075],[-125.47041,55.87075],[-125.47041,55.86659],[-125.46416,55.86659],[-125.46416,55.86242],[-125.46416,55.85825],[-125.46416,55.85409],[-125.46416,55.84992],[-125.46416,55.84576],[-125.46416,55.84159],[-125.46416,55.83742],[-125.46416,55.83326],[-125.46416,55.82909],[-125.46416,55.82492],[-125.46416,55.82076],[-125.46416,55.81659],[-125.46416,55.81242],[-125.46416,55.80826],[-125.45791,55.80826],[-125.45166,55.80826],[-125.44541,55.80826],[-125.43916,55.80826],[-125.43291,55.80826],[-125.42665,55.80826],[-125.4204,55.80826],[-125.4204,55.81242],[-125.4204,55.81659],[-125.4204,55.82076],[-125.41415,55.82076],[-125.41415,55.81659],[-125.41415,55.81242],[-125.41415,55.80826],[-125.41415,55.80409],[-125.4204,55.80409],[-125.42665,55.80409],[-125.43291,55.80409],[-125.43916,55.80409],[-125.44541,55.80409],[-125.45166,55.80409],[-125.45791,55.80409],[-125.46416,55.80409],[-125.47041,55.80409],[-125.47666,55.80409],[-125.48291,55.80409],[-125.48916,55.80409],[-125.49541,55.80409],[-125.50166,55.80409],[-125.50166,55.80826],[-125.49541,55.80826],[-125.48916,55.80826],[-125.48291,55.80826],[-125.47666,55.80826],[-125.47041,55.80826],[-125.47041,55.81242],[-125.47041,55.81659],[-125.47666,55.81659],[-125.48291,55.81659],[-125.48291,55.82076],[-125.48291,55.82492],[-125.48916,55.82492],[-125.49541,55.82492],[-125.49541,55.82909],[-125.50166,55.82909],[-125.50791,55.82909],[-125.50791,55.83326],[-125.50791,55.83742],[-125.50791,55.84159],[-125.50791,55.84576],[-125.50791,55.84992],[-125.50791,55.85409],[-125.50791,55.85825],[-125.50791,55.86242],[-125.50791,55.86658],[-125.50791,55.87075]]]}},{"type":"Feature","properties":{"c":"1114545","o":"GRID BATTERY METALS INC.","e":"2026-12-11Z"},"geometry":{"type":"Polygon","coordinates":[[[-125.60793,55.87075],[-125.60168,55.87075],[-125.60168,55.86658],[-125.60168,55.86242],[-125.60168,55.85825],[-125.60168,55.85409],[-125.60168,55.84992],[-125.60168,55.84575],[-125.60168,55.84159],[-125.60168,55.83742],[-125.60169,55.83326],[-125.60168,55.82909],[-125.60168,55.82492],[-125.60168,55.82076],[-125.60168,55.81659],[-125.59543,55.81659],[-125.58918,55.81659],[-125.58293,55.81659],[-125.58293,55.81242],[-125.57668,55.81242],[-125.57042,55.81242],[-125.56417,55.81242],[-125.55792,55.81242],[-125.55167,55.81242],[-125.54542,55.81242],[-125.53917,55.81242],[-125.53292,55.81242],[-125.52666,55.81242],[-125.52041,55.81242],[-125.51416,55.81242],[-125.50791,55.81242],[-125.50166,55.81242],[-125.50166,55.80826],[-125.50166,55.80409],[-125.49541,55.80409],[-125.48916,55.80409],[-125.48291,55.80409],[-125.47666,55.80409],[-125.47041,55.80409],[-125.46416,55.80409],[-125.45791,55.80409],[-125.45166,55.80409],[-125.44541,55.80409],[-125.43916,55.80409],[-125.43291,55.80409],[-125.42665,55.80409],[-125.4204,55.80409],[-125.41415,55.80409],[-125.4079,55.80409],[-125.40165,55.80409],[-125.3954,55.80409],[-125.38915,55.80409],[-125.3829,55.80409],[-125.37665,55.80409],[-125.37665,55.79992],[-125.3829,55.79992],[-125.38915,55.79992],[-125.3954,55.79992],[-125.40165,55.79992],[-125.4079,55.79992],[-125.41415,55.79992],[-125.4204,55.79992],[-125.42666,55.79992],[-125.43291,55.79992],[-125.43916,55.79992],[-125.44541,55.79992],[-125.45166,55.79992],[-125.45791,55.79992],[-125.46416,55.79992],[-125.47041,55.79992],[-125.47666,55.79992],[-125.48291,55.79992],[-125.48916,55.79992],[-125.49541,55.79992],[-125.50166,55.79992],[-125.50791,55.79992],[-125.51416,55.79992],[-125.52041,55.79992],[-125.52667,55.79992],[-125.53292,55.79992],[-125.53917,55.79992],[-125.54542,55.79992],[-125.55167,55.79992],[-125.55792,55.79992],[-125.56417,55.79992],[-125.57042,55.79992],[-125.57667,55.79992],[-125.58293,55.79992],[-125.58918,55.79992],[-125.59543,55.79992],[-125.60168,55.79992],[-125.60793,55.79992],[-125.60793,55.80409],[-125.60793,55.80825],[-125.60793,55.81242],[-125.60794,55.81659],[-125.60794,55.82076],[-125.60794,55.82492],[-125.60794,55.82909],[-125.60794,55.83326],[-125.60794,55.83742],[-125.60794,55.84159],[-125.60793,55.84575],[-125.60793,55.84992],[-125.60793,55.85409],[-125.60793,55.85825],[-125.60793,55.86242],[-125.60793,55.86658],[-125.60793,55.87075]]]}},{"type":"Feature","properties":{"c":"1115293","o":"PUT, JARED GUSTAF","e":"2027-03-01Z"},"geometry":{"type":"Polygon","coordinates":[[[-125.2204,55.65825],[-125.21415,55.65825],[-125.2079,55.65825],[-125.20165,55.65825],[-125.1954,55.65825],[-125.18915,55.65825],[-125.1829,55.65826],[-125.1829,55.65409],[-125.1829,55.64992],[-125.1829,55.64575],[-125.1829,55.64159],[-125.1829,55.63742],[-125.18915,55.63742],[-125.18915,55.64159],[-125.1954,55.64159],[-125.1954,55.64575],[-125.20165,55.64575],[-125.2079,55.64575],[-125.21415,55.64575],[-125.21415,55.64992],[-125.2204,55.64992],[-125.2204,55.65409],[-125.2204,55.65825]]]}},{"type":"Feature","properties":{"c":"1115300","o":"PUT, JARED GUSTAF","e":"2027-03-01Z"},"geometry":{"type":"Polygon","coordinates":[[[-125.2454,55.68325],[-125.23915,55.68325],[-125.23915,55.68742],[-125.2329,55.68742],[-125.2329,55.69159],[-125.22665,55.69159],[-125.2204,55.69159],[-125.2204,55.69575],[-125.21415,55.69575],[-125.21415,55.69992],[-125.2079,55.69992],[-125.20165,55.69992],[-125.1954,55.69992],[-125.1954,55.69576],[-125.1954,55.69159],[-125.1954,55.68742],[-125.1954,55.68326],[-125.1954,55.67909],[-125.1954,55.67492],[-125.1954,55.67075],[-125.1954,55.66659],[-125.1954,55.66242],[-125.1954,55.65825],[-125.20165,55.65825],[-125.2079,55.65825],[-125.21415,55.65825],[-125.2204,55.65825],[-125.2204,55.65409],[-125.2204,55.64992],[-125.22665,55.64992],[-125.2329,55.64992],[-125.23915,55.64992],[-125.23915,55.65409],[-125.2454,55.65409],[-125.2454,55.65825],[-125.2454,55.66242],[-125.2454,55.66659],[-125.2454,55.67075],[-125.2454,55.67492],[-125.2454,55.67909],[-125.2454,55.68325]]]}},{"type":"Feature","properties":{"c":"1115302","o":"PUT, JARED GUSTAF","e":"2027-03-01Z"},"geometry":{"type":"Polygon","coordinates":[[[-125.40166,55.72075],[-125.39541,55.72075],[-125.39541,55.71658],[-125.39541,55.71242],[-125.39541,55.70825],[-125.38916,55.70825],[-125.38916,55.70408],[-125.38916,55.69992],[-125.38916,55.69575],[-125.38916,55.69158],[-125.38916,55.68742],[-125.39541,55.68742],[-125.40166,55.68742],[-125.40166,55.69158],[-125.40166,55.69575],[-125.40166,55.69992],[-125.40166,55.70408],[-125.40166,55.70825],[-125.40166,55.71242],[-125.40166,55.71658],[-125.40166,55.72075]]]}},{"type":"Feature","properties":{"c":"1115303","o":"PUT, JARED GUSTAF","e":"2027-03-01Z"},"geometry":{"type":"MultiPolygon","coordinates":[[[[-125.2704,55.71659],[-125.26415,55.71659],[-125.2579,55.71659],[-125.25165,55.71659],[-125.2454,55.71659],[-125.23915,55.71659],[-125.2329,55.71659],[-125.22665,55.71659],[-125.2204,55.71659],[-125.21415,55.71659],[-125.2079,55.71659],[-125.2079,55.71242],[-125.2079,55.70826],[-125.2079,55.70409],[-125.2079,55.69992],[-125.21415,55.69992],[-125.21415,55.69575],[-125.2204,55.69575],[-125.2204,55.69159],[-125.22665,55.69159],[-125.2329,55.69159],[-125.2329,55.68742],[-125.23915,55.68742],[-125.23915,55.68325],[-125.2454,55.68325],[-125.25165,55.68325],[-125.2579,55.68325],[-125.26415,55.68325],[-125.2704,55.68325],[-125.2704,55.68742],[-125.2704,55.69159],[-125.2704,55.69575],[-125.2704,55.69992],[-125.2704,55.70409],[-125.2704,55.70825],[-125.2704,55.71242],[-125.2704,55.71659]],[[-125.25165,55.70409],[-125.25165,55.69992],[-125.2454,55.69992],[-125.23915,55.69992],[-125.23915,55.70409],[-125.23915,55.70825],[-125.2454,55.70825],[-125.25165,55.70825],[-125.25165,55.70409]]]]}},{"type":"Feature","properties":{"c":"1115306","o":"PUT, JARED GUSTAF","e":"2027-03-01Z"},"geometry":{"type":"Polygon","coordinates":[[[-125.2454,55.65409],[-125.23915,55.65409],[-125.23915,55.64992],[-125.2329,55.64992],[-125.22665,55.64992],[-125.2204,55.64992],[-125.21415,55.64992],[-125.21415,55.64575],[-125.2079,55.64575],[-125.20165,55.64575],[-125.1954,55.64575],[-125.1954,55.64159],[-125.18915,55.64159],[-125.18915,55.63742],[-125.18915,55.63325],[-125.18915,55.62909],[-125.1829,55.62909],[-125.1829,55.62492],[-125.1829,55.62075],[-125.1829,55.61659],[-125.17665,55.61659],[-125.17665,55.61242],[-125.1704,55.61242],[-125.16415,55.61242],[-125.15789,55.61242],[-125.15789,55.60825],[-125.16415,55.60825],[-125.1704,55.60825],[-125.17665,55.60825],[-125.1829,55.60825],[-125.1829,55.61242],[-125.18915,55.61242],[-125.18915,55.61659],[-125.18915,55.62075],[-125.18915,55.62492],[-125.1954,55.62492],[-125.1954,55.62909],[-125.1954,55.63325],[-125.1954,55.63742],[-125.20165,55.63742],[-125.20165,55.64159],[-125.2079,55.64159],[-125.21415,55.64159],[-125.2204,55.64159],[-125.2204,55.64575],[-125.22665,55.64575],[-125.2329,55.64575],[-125.23915,55.64575],[-125.2454,55.64575],[-125.2454,55.64992],[-125.2454,55.65409]]]}},{"type":"Feature","properties":{"c":"1115309","o":"PUT, JARED GUSTAF","e":"2027-03-01Z"},"geometry":{"type":"Polygon","coordinates":[[[-125.37041,55.70825],[-125.36416,55.70825],[-125.35791,55.70825],[-125.35791,55.70408],[-125.35165,55.70408],[-125.3454,55.70408],[-125.33915,55.70408],[-125.33915,55.69992],[-125.33915,55.69575],[-125.33915,55.69158],[-125.33915,55.68742],[-125.3454,55.68742],[-125.35165,55.68742],[-125.35791,55.68742],[-125.35791,55.69158],[-125.36416,55.69158],[-125.37041,55.69158],[-125.37041,55.69575],[-125.37041,55.69992],[-125.37041,55.70408],[-125.37041,55.70825]]]}},{"type":"Feature","properties":{"c":"1115310","o":"PUT, JARED GUSTAF","e":"2027-03-01Z"},"geometry":{"type":"MultiPolygon","coordinates":[[[[-125.40166,55.74575],[-125.39541,55.74575],[-125.38916,55.74575],[-125.38291,55.74575],[-125.37666,55.74575],[-125.37041,55.74575],[-125.36416,55.74575],[-125.35791,55.74575],[-125.35165,55.74575],[-125.35165,55.74159],[-125.35165,55.73742],[-125.35165,55.73325],[-125.35165,55.72909],[-125.35165,55.72492],[-125.35165,55.72075],[-125.3454,55.72075],[-125.3454,55.71659],[-125.35165,55.71658],[-125.35791,55.71658],[-125.35791,55.71242],[-125.35791,55.70825],[-125.36416,55.70825],[-125.37041,55.70825],[-125.37041,55.70408],[-125.37041,55.69992],[-125.37041,55.69575],[-125.37041,55.69158],[-125.37666,55.69158],[-125.38291,55.69158],[-125.38916,55.69158],[-125.38916,55.69575],[-125.38916,55.69992],[-125.38916,55.70408],[-125.38916,55.70825],[-125.39541,55.70825],[-125.39541,55.71242],[-125.39541,55.71658],[-125.39541,55.72075],[-125.40166,55.72075],[-125.40166,55.72492],[-125.40166,55.72908],[-125.40166,55.73325],[-125.40166,55.73742],[-125.40166,55.74158],[-125.40166,55.74575]],[[-125.38291,55.73325],[-125.37666,55.73325],[-125.37666,55.73742],[-125.38291,55.73742],[-125.38291,55.73325]]]]}},{"type":"Feature","properties":{"c":"1115313","o":"PUT, JARED GUSTAF","e":"2027-03-01Z"},"geometry":{"type":"Polygon","coordinates":[[[-125.35791,55.68742],[-125.35165,55.68742],[-125.3454,55.68742],[-125.33915,55.68742],[-125.33915,55.68325],[-125.33915,55.67908],[-125.33915,55.67492],[-125.33915,55.67075],[-125.33915,55.66658],[-125.3329,55.66658],[-125.3329,55.66242],[-125.3329,55.65825],[-125.3329,55.65408],[-125.3329,55.64992],[-125.3329,55.64575],[-125.33915,55.64575],[-125.3454,55.64575],[-125.3454,55.64992],[-125.35165,55.64992],[-125.35791,55.64992],[-125.35791,55.65408],[-125.35791,55.65825],[-125.35791,55.66242],[-125.35791,55.66658],[-125.35791,55.67075],[-125.35791,55.67492],[-125.35791,55.67908],[-125.35791,55.68325],[-125.35791,55.68742]]]}},{"type":"Feature","properties":{"c":"1115316","o":"PUT, JARED GUSTAF","e":"2027-03-01Z"},"geometry":{"type":"Polygon","coordinates":[[[-125.33915,55.70408],[-125.3329,55.70409],[-125.32665,55.70408],[-125.3204,55.70409],[-125.31415,55.70409],[-125.3079,55.70409],[-125.30165,55.70409],[-125.2954,55.70409],[-125.28915,55.70409],[-125.2829,55.70409],[-125.27665,55.70409],[-125.2704,55.70409],[-125.2704,55.69992],[-125.2704,55.69575],[-125.2704,55.69159],[-125.2704,55.68742],[-125.2704,55.68325],[-125.27665,55.68325],[-125.2829,55.68325],[-125.28915,55.68325],[-125.2954,55.68325],[-125.30165,55.68325],[-125.3079,55.68325],[-125.31415,55.68325],[-125.3204,55.68325],[-125.32665,55.68325],[-125.3329,55.68325],[-125.33915,55.68325],[-125.33915,55.68742],[-125.33915,55.69158],[-125.33915,55.69575],[-125.33915,55.69992],[-125.33915,55.70408]]]}},{"type":"Feature","properties":{"c":"1115318","o":"PUT, JARED GUSTAF","e":"2027-08-01Z"},"geometry":{"type":"Polygon","coordinates":[[[-125.30165,55.64575],[-125.2954,55.64575],[-125.28915,55.64575],[-125.2829,55.64575],[-125.27665,55.64575],[-125.2704,55.64575],[-125.26415,55.64575],[-125.2579,55.64575],[-125.2579,55.64158],[-125.2579,55.63742],[-125.26415,55.63742],[-125.26415,55.63325],[-125.2704,55.63325],[-125.27665,55.63325],[-125.2829,55.63325],[-125.28915,55.63325],[-125.2954,55.63325],[-125.2954,55.63742],[-125.30165,55.63742],[-125.3079,55.63742],[-125.3079,55.64158],[-125.31415,55.64158],[-125.31415,55.64575],[-125.3079,55.64575],[-125.30165,55.64575]]]}},{"type":"Feature","properties":{"c":"1115319","o":"PUT, JARED GUSTAF","e":"2027-03-01Z"},"geometry":{"type":"Polygon","coordinates":[[[-125.3329,55.64575],[-125.32665,55.64575],[-125.3204,55.64575],[-125.31415,55.64575],[-125.31415,55.64158],[-125.3079,55.64158],[-125.3079,55.63742],[-125.30165,55.63742],[-125.2954,55.63742],[-125.2954,55.63325],[-125.28915,55.63325],[-125.2829,55.63325],[-125.27665,55.63325],[-125.2704,55.63325],[-125.26415,55.63325],[-125.26415,55.63742],[-125.2579,55.63742],[-125.2579,55.64158],[-125.2579,55.64575],[-125.25165,55.64575],[-125.2454,55.64575],[-125.23915,55.64575],[-125.2329,55.64575],[-125.22665,55.64575],[-125.2204,55.64575],[-125.2204,55.64159],[-125.2204,55.63742],[-125.2204,55.63325],[-125.2204,55.62909],[-125.22665,55.62909],[-125.22665,55.62492],[-125.22665,55.62075],[-125.2329,55.62075],[-125.23915,55.62075],[-125.2454,55.62075],[-125.25165,55.62075],[-125.2579,55.62075],[-125.26415,55.62075],[-125.2704,55.62075],[-125.27665,55.62075],[-125.2829,55.62075],[-125.2829,55.62492],[-125.28915,55.62492],[-125.2954,55.62492],[-125.2954,55.62908],[-125.30165,55.62908],[-125.3079,55.62908],[-125.31415,55.62908],[-125.3204,55.62908],[-125.32665,55.62908],[-125.3329,55.62908],[-125.3329,55.63325],[-125.3329,55.63742],[-125.3329,55.64158],[-125.3329,55.64575]]]}},{"type":"Feature","properties":{"c":"1115904","o":"MYERS, BRODY CAMERON","e":"2031-10-10Z"},"geometry":{"type":"Polygon","coordinates":[[[-125.47041,55.73325],[-125.47041,55.72908],[-125.47666,55.72908],[-125.48291,55.72908],[-125.48291,55.73325],[-125.47666,55.73325],[-125.47041,55.73325]]]}},{"type":"Feature","properties":{"c":"1122674","o":"SALA, JOHN ALFRED","e":"2027-03-24Z"},"geometry":{"type":"Polygon","coordinates":[[[-125.1704,55.62075],[-125.16415,55.62075],[-125.1579,55.62075],[-125.15789,55.61659],[-125.15164,55.61659],[-125.15164,55.61242],[-125.15789,55.61242],[-125.15789,55.60825],[-125.16415,55.60825],[-125.1704,55.60825],[-125.1704,55.61242],[-125.1704,55.61659],[-125.1704,55.62075]]]}},{"type":"Feature","properties":{"c":"1118376","o":"PUT, JARED GUSTAF","e":"2026-11-01Z"},"geometry":{"type":"Polygon","coordinates":[[[-125.48916,55.65825],[-125.48291,55.65825],[-125.48291,55.66242],[-125.47666,55.66242],[-125.47666,55.65825],[-125.47666,55.65408],[-125.48291,55.65408],[-125.48916,55.65408],[-125.49541,55.65408],[-125.50166,55.65408],[-125.50166,55.65825],[-125.49541,55.65825],[-125.48916,55.65825]]]}},{"type":"Feature","properties":{"c":"1135378","o":"DE COTEAU, DALE ARTHER","e":"2027-07-16Z"},"geometry":{"type":"Polygon","coordinates":[[[-125.47666,55.71658],[-125.47666,55.72075],[-125.47041,55.72075],[-125.47041,55.71658],[-125.47666,55.71658]]]}},{"type":"Feature","properties":{"c":"1139563","o":"LEANDER, STEVEN ALEXANDER","e":"2027-09-25Z"},"geometry":{"type":"Polygon","coordinates":[[[-125.47666,55.71242],[-125.47666,55.71658],[-125.47041,55.71658],[-125.47041,55.71242],[-125.47666,55.71242]]]}},{"type":"Feature","properties":{"c":"1114128","o":"RANTA, SHANE ARVO","e":"2035-06-30Z"},"geometry":{"type":"Polygon","coordinates":[[[-125.12664,55.63742],[-125.12039,55.63742],[-125.12039,55.63326],[-125.12039,55.62909],[-125.12664,55.62909],[-125.12664,55.63326],[-125.12664,55.63742]]]}},{"type":"Feature","properties":{"c":"1120739","o":"PUT, JARED GUSTAF","e":"2027-08-01Z"},"geometry":{"type":"Polygon","coordinates":[[[-125.28915,55.72492],[-125.2829,55.72492],[-125.27665,55.72492],[-125.27665,55.72909],[-125.27665,55.73325],[-125.27665,55.73742],[-125.2704,55.73742],[-125.26415,55.73742],[-125.2579,55.73742],[-125.25165,55.73742],[-125.2454,55.73742],[-125.23915,55.73742],[-125.2329,55.73742],[-125.22665,55.73742],[-125.22665,55.73326],[-125.22665,55.72909],[-125.22665,55.72492],[-125.2204,55.72492],[-125.2204,55.72076],[-125.2204,55.71659],[-125.22665,55.71659],[-125.2329,55.71659],[-125.23915,55.71659],[-125.2454,55.71659],[-125.25165,55.71659],[-125.2579,55.71659],[-125.26415,55.71659],[-125.2704,55.71659],[-125.2704,55.71242],[-125.2704,55.70825],[-125.2704,55.70409],[-125.27665,55.70409],[-125.2829,55.70409],[-125.28915,55.70409],[-125.28915,55.70825],[-125.28915,55.71242],[-125.28915,55.71659],[-125.28915,55.72075],[-125.28915,55.72492]]]}},{"type":"Feature","properties":{"c":"1122594","o":"PUT, JARED GUSTAF","e":"2027-08-01Z"},"geometry":{"type":"Polygon","coordinates":[[[-125.28915,55.74159],[-125.2829,55.74159],[-125.27665,55.74159],[-125.2704,55.74159],[-125.2704,55.74575],[-125.26415,55.74576],[-125.2579,55.74576],[-125.25165,55.74576],[-125.2454,55.74576],[-125.23915,55.74576],[-125.23915,55.74159],[-125.2329,55.74159],[-125.22665,55.74159],[-125.2204,55.74159],[-125.2204,55.73742],[-125.2204,55.73326],[-125.2204,55.72909],[-125.21415,55.72909],[-125.21415,55.72492],[-125.21415,55.72076],[-125.21415,55.71659],[-125.2204,55.71659],[-125.2204,55.72076],[-125.2204,55.72492],[-125.22665,55.72492],[-125.22665,55.72909],[-125.22665,55.73326],[-125.22665,55.73742],[-125.2329,55.73742],[-125.23915,55.73742],[-125.2454,55.73742],[-125.25165,55.73742],[-125.2579,55.73742],[-125.26415,55.73742],[-125.2704,55.73742],[-125.27665,55.73742],[-125.27665,55.73325],[-125.27665,55.72909],[-125.27665,55.72492],[-125.2829,55.72492],[-125.28915,55.72492],[-125.28915,55.72909],[-125.28915,55.73325],[-125.28915,55.73742],[-125.28915,55.74159]]]}},{"type":"Feature","properties":{"c":"1122601","o":"PUT, JARED GUSTAF","e":"2027-08-01Z"},"geometry":{"type":"Polygon","coordinates":[[[-125.1954,55.70409],[-125.18915,55.70409],[-125.1829,55.70409],[-125.17665,55.70409],[-125.17665,55.69992],[-125.17665,55.69576],[-125.17665,55.69159],[-125.17665,55.68742],[-125.17665,55.68326],[-125.17665,55.67909],[-125.1829,55.67909],[-125.18915,55.67909],[-125.1954,55.67909],[-125.1954,55.68326],[-125.1954,55.68742],[-125.1954,55.69159],[-125.1954,55.69576],[-125.1954,55.69992],[-125.20165,55.69992],[-125.2079,55.69992],[-125.2079,55.70409],[-125.20165,55.70409],[-125.1954,55.70409]]]}},{"type":"Feature","properties":{"c":"1122602","o":"PUT, JARED GUSTAF","e":"2027-08-01Z"},"geometry":{"type":"Polygon","coordinates":[[[-125.21415,55.72909],[-125.2079,55.72909],[-125.2079,55.72492],[-125.20165,55.72492],[-125.1954,55.72492],[-125.1954,55.72076],[-125.1954,55.71659],[-125.1954,55.71242],[-125.18915,55.71242],[-125.1829,55.71242],[-125.17665,55.71242],[-125.17665,55.70826],[-125.17665,55.70409],[-125.1829,55.70409],[-125.18915,55.70409],[-125.1954,55.70409],[-125.20165,55.70409],[-125.2079,55.70409],[-125.2079,55.70826],[-125.2079,55.71242],[-125.2079,55.71659],[-125.21415,55.71659],[-125.21415,55.72076],[-125.21415,55.72492],[-125.21415,55.72909]]]}},{"type":"Feature","properties":{"c":"1113258","o":"NOFZIGER, LEE DANIEL","e":"2027-10-21Z"},"geometry":{"type":"Polygon","coordinates":[[[-125.50791,55.65825],[-125.50166,55.65825],[-125.50166,55.65408],[-125.49541,55.65408],[-125.49541,55.64992],[-125.50166,55.64992],[-125.50791,55.64992],[-125.51416,55.64992],[-125.51416,55.65408],[-125.50791,55.65408],[-125.50791,55.65825]]]}},{"type":"Feature","properties":{"c":"1113262","o":"PUT, JARED GUSTAF","e":"2026-10-15Z"},"geometry":{"type":"Polygon","coordinates":[[[-125.47666,55.65825],[-125.47666,55.66242],[-125.47041,55.66242],[-125.47041,55.65825],[-125.47666,55.65825]]]}},{"type":"Feature","properties":{"c":"1064971","o":"RANTA, SHANE ARVO","e":"2027-06-30Z"},"geometry":{"type":"Polygon","coordinates":[[[-125.10789,55.64576],[-125.10789,55.64992],[-125.10164,55.64992],[-125.10164,55.64576],[-125.10789,55.64576]]]}},{"type":"Feature","properties":{"c":"1073511","o":"RANTA, SHANE ARVO","e":"2027-06-30Z"},"geometry":{"type":"Polygon","coordinates":[[[-125.10164,55.64576],[-125.10164,55.64992],[-125.09539,55.64992],[-125.09539,55.64576],[-125.10164,55.64576]]]}},{"type":"Feature","properties":{"c":"1120876","o":"SALA, JOHN ALFRED","e":"2028-08-18Z"},"geometry":{"type":"Polygon","coordinates":[[[-125.07664,55.67909],[-125.07664,55.67492],[-125.08289,55.67492],[-125.08914,55.67492],[-125.08914,55.67909],[-125.08289,55.67909],[-125.07664,55.67909]]]}}]}