{"type":"FeatureCollection","features":[{"type":"Feature","properties":{"c":"YC27953","o":"YUKON ZINC CORPORATION - 100%","e":"2030-03-17"},"geometry":{"type":"Polygon","coordinates":[[[-130.66462,61.19917],[-130.6604,61.1956],[-130.66778,61.19357],[-130.672,61.19713],[-130.66462,61.19917]]]}},{"type":"Feature","properties":{"c":"YB47690","o":"BMC Minerals Ltd. - 100%","e":"2044-04-02"},"geometry":{"type":"Polygon","coordinates":[[[-130.56443,61.46077],[-130.55973,61.46078],[-130.5597,61.45677],[-130.56443,61.45676],[-130.56443,61.46077]]]}},{"type":"Feature","properties":{"c":"YB60662","o":"YUKON ZINC CORPORATION - 100%","e":"2029-03-17"},"geometry":{"type":"Polygon","coordinates":[[[-130.57978,61.28956],[-130.58784,61.2883],[-130.59045,61.29215],[-130.58238,61.2934],[-130.57978,61.28956]]]}},{"type":"Feature","properties":{"c":"YB47670","o":"BMC Minerals Ltd. - 100%","e":"2044-04-02"},"geometry":{"type":"Polygon","coordinates":[[[-130.59944,61.4885],[-130.59176,61.4885],[-130.59181,61.48444],[-130.59934,61.48445],[-130.59944,61.4885]]]}},{"type":"Feature","properties":{"c":"YB76833","o":"BMC Minerals Ltd. - 100%","e":"2045-03-17"},"geometry":{"type":"Polygon","coordinates":[[[-130.57766,61.27326],[-130.58568,61.27196],[-130.58813,61.27558],[-130.58007,61.27683],[-130.57766,61.27326]]]}},{"type":"Feature","properties":{"c":"YB70505","o":"YUKON ZINC CORPORATION - 100%","e":"2029-03-17"},"geometry":{"type":"Polygon","coordinates":[[[-130.52586,61.3022],[-130.53401,61.30093],[-130.53654,61.3047],[-130.52841,61.30597],[-130.52586,61.3022]]]}},{"type":"Feature","properties":{"c":"YB77182","o":"BMC Minerals Ltd. - 100%","e":"2045-03-17"},"geometry":{"type":"Polygon","coordinates":[[[-130.6202,61.28325],[-130.61202,61.28453],[-130.6094,61.28069],[-130.61755,61.27941],[-130.6202,61.28325]]]}},{"type":"Feature","properties":{"c":"YB47508","o":"BMC Minerals Ltd. - 100%","e":"2044-04-02"},"geometry":{"type":"Polygon","coordinates":[[[-130.6406,61.44854],[-130.64067,61.45249],[-130.63226,61.45251],[-130.63223,61.44857],[-130.6406,61.44854]]]}},{"type":"Feature","properties":{"c":"YE36921","o":"Blake Macdonald - 100%","e":"2031-06-23"},"geometry":{"type":"Polygon","coordinates":[[[-130.73949,61.27394],[-130.74338,61.2776],[-130.7358,61.27947],[-130.73191,61.27582],[-130.73949,61.27394]]]}},{"type":"Feature","properties":{"c":"YB47515","o":"BMC Minerals Ltd. - 100%","e":"2044-04-02"},"geometry":{"type":"Polygon","coordinates":[[[-130.64096,61.46829],[-130.64089,61.46432],[-130.64937,61.46429],[-130.64943,61.46826],[-130.64096,61.46829]]]}},{"type":"Feature","properties":{"c":"YB47546","o":"BMC Minerals Ltd. - 100%","e":"2044-04-02"},"geometry":{"type":"Polygon","coordinates":[[[-130.55132,61.45679],[-130.55135,61.4608],[-130.54298,61.46081],[-130.54295,61.4568],[-130.55132,61.45679]]]}},{"type":"Feature","properties":{"c":"YB47568","o":"BMC Minerals Ltd. - 100%","e":"2044-04-02"},"geometry":{"type":"Polygon","coordinates":[[[-130.53454,61.45281],[-130.53457,61.45682],[-130.5262,61.45683],[-130.52617,61.45282],[-130.53454,61.45281]]]}},{"type":"Feature","properties":{"c":"YB33807","o":"FInlayson Copper Ltd. - 100%","e":"2038-12-31"},"geometry":{"type":"Polygon","coordinates":[[[-130.50125,61.23852],[-130.50137,61.2423],[-130.49286,61.24237],[-130.49274,61.23859],[-130.50125,61.23852]]]}},{"type":"Feature","properties":{"c":"YB48417","o":"BMC Minerals Ltd. - 100%","e":"2046-04-02"},"geometry":{"type":"Polygon","coordinates":[[[-130.52406,61.43372],[-130.53174,61.43206],[-130.53521,61.43574],[-130.52753,61.4374],[-130.52694,61.43678],[-130.52406,61.43372]]]}},{"type":"Feature","properties":{"c":"YB76832","o":"BMC Minerals Ltd. - 100%","e":"2045-03-17"},"geometry":{"type":"Polygon","coordinates":[[[-130.58813,61.27558],[-130.59618,61.27433],[-130.59873,61.2781],[-130.59068,61.27936],[-130.58813,61.27558]]]}},{"type":"Feature","properties":{"c":"YB48425","o":"BMC Minerals Ltd. - 100%","e":"2044-04-02"},"geometry":{"type":"Polygon","coordinates":[[[-130.63302,61.49661],[-130.64145,61.49662],[-130.64133,61.50092],[-130.63314,61.50094],[-130.63302,61.49661]]]}},{"type":"Feature","properties":{"c":"YB48423","o":"BMC Minerals Ltd. - 100%","e":"2044-04-02"},"geometry":{"type":"Polygon","coordinates":[[[-130.62476,61.49661],[-130.63302,61.49661],[-130.63314,61.50094],[-130.62489,61.50096],[-130.62476,61.49661]]]}},{"type":"Feature","properties":{"c":"YB63916","o":"YUKON ZINC CORPORATION - 100%","e":"2030-03-17"},"geometry":{"type":"Polygon","coordinates":[[[-130.7193,61.24562],[-130.71496,61.24213],[-130.72272,61.24008],[-130.72693,61.24365],[-130.7193,61.24562]]]}},{"type":"Feature","properties":{"c":"YE36919","o":"Blake Macdonald - 100%","e":"2031-06-23"},"geometry":{"type":"Polygon","coordinates":[[[-130.74688,61.26289],[-130.75077,61.26655],[-130.74319,61.26842],[-130.7393,61.26477],[-130.74688,61.26289]]]}},{"type":"Feature","properties":{"c":"YB48979","o":"BMC Minerals Ltd. - 100%","e":"2044-04-02"},"geometry":{"type":"Polygon","coordinates":[[[-130.70864,61.47591],[-130.71707,61.47587],[-130.71718,61.47994],[-130.70875,61.47997],[-130.70864,61.47591]]]}},{"type":"Feature","properties":{"c":"YB60587","o":"YUKON ZINC CORPORATION - 100%","e":"2034-03-17"},"geometry":{"type":"Polygon","coordinates":[[[-130.53096,61.30974],[-130.53907,61.30847],[-130.54161,61.31224],[-130.53352,61.31351],[-130.53096,61.30974]]]}},{"type":"Feature","properties":{"c":"YB93696","o":"FInlayson Copper Ltd. - 100%","e":"2039-01-08"},"geometry":{"type":"Polygon","coordinates":[[[-130.51891,61.25727],[-130.51897,61.25882],[-130.51303,61.26109],[-130.51053,61.26111],[-130.5104,61.25734],[-130.51891,61.25727]]]}},{"type":"Feature","properties":{"c":"YB51264","o":"BMC Minerals Ltd. - 100%","e":"2046-04-02"},"geometry":{"type":"Polygon","coordinates":[[[-130.52605,61.43679],[-130.52694,61.43678],[-130.52753,61.4374],[-130.53041,61.43678],[-130.53442,61.43677],[-130.53445,61.44078],[-130.52608,61.44079],[-130.52606,61.43772],[-130.52605,61.43679]]]}},{"type":"Feature","properties":{"c":"YC27972","o":"YUKON ZINC CORPORATION - 100%","e":"2030-03-17"},"geometry":{"type":"Polygon","coordinates":[[[-130.62562,61.19101],[-130.62142,61.18745],[-130.6288,61.18541],[-130.63301,61.18898],[-130.62562,61.19101]]]}},{"type":"Feature","properties":{"c":"YB58649","o":"YUKON ZINC CORPORATION - 100%","e":"2028-12-31"},"geometry":{"type":"Polygon","coordinates":[[[-130.63854,61.34997],[-130.64507,61.35247],[-130.63988,61.35562],[-130.63323,61.35308],[-130.63854,61.34997]]]}},{"type":"Feature","properties":{"c":"YB76871","o":"BMC Minerals Ltd. - 100%","e":"2045-03-17"},"geometry":{"type":"Polygon","coordinates":[[[-130.62934,61.27116],[-130.632,61.27505],[-130.62416,61.2763],[-130.6215,61.27241],[-130.62934,61.27116]]]}},{"type":"Feature","properties":{"c":"YC27942","o":"YUKON ZINC CORPORATION - 100%","e":"2030-03-17"},"geometry":{"type":"Polygon","coordinates":[[[-130.64564,61.19967],[-130.64143,61.19611],[-130.64881,61.19407],[-130.65302,61.19764],[-130.64564,61.19967]]]}},{"type":"Feature","properties":{"c":"YB70482","o":"YUKON ZINC CORPORATION - 100%","e":"2029-03-17"},"geometry":{"type":"Polygon","coordinates":[[[-130.60625,61.30229],[-130.61433,61.30105],[-130.61691,61.30484],[-130.60883,61.30609],[-130.60625,61.30229]]]}},{"type":"Feature","properties":{"c":"YB63537","o":"YUKON ZINC CORPORATION - 100%","e":"2029-03-17"},"geometry":{"type":"Polygon","coordinates":[[[-130.50724,61.27364],[-130.50236,61.27084],[-130.50913,61.26824],[-130.51388,61.27099],[-130.50724,61.27364]]]}},{"type":"Feature","properties":{"c":"YB47701","o":"BMC Minerals Ltd. - 100%","e":"2044-04-02"},"geometry":{"type":"Polygon","coordinates":[[[-130.55987,61.47682],[-130.5599,61.48083],[-130.55152,61.48084],[-130.55149,61.47683],[-130.55987,61.47682]]]}},{"type":"Feature","properties":{"c":"YB51880","o":"BMC Minerals Ltd. - 100%","e":"2034-11-30"},"geometry":{"type":"Polygon","coordinates":[[[-130.88241,61.36146],[-130.88241,61.35743],[-130.89073,61.35739],[-130.89073,61.36141],[-130.88241,61.36146]]]}},{"type":"Feature","properties":{"c":"YB76843","o":"BMC Minerals Ltd. - 100%","e":"2045-03-17"},"geometry":{"type":"Polygon","coordinates":[[[-130.57254,61.25287],[-130.57521,61.25669],[-130.56717,61.25797],[-130.56451,61.25415],[-130.57254,61.25287]]]}},{"type":"Feature","properties":{"c":"YB70492","o":"YUKON ZINC CORPORATION - 100%","e":"2029-03-17"},"geometry":{"type":"Polygon","coordinates":[[[-130.54252,61.2869],[-130.55056,61.28564],[-130.55312,61.28948],[-130.54508,61.29073],[-130.54252,61.2869]]]}},{"type":"Feature","properties":{"c":"YB47534","o":"BMC Minerals Ltd. - 100%","e":"2044-04-02"},"geometry":{"type":"Polygon","coordinates":[[[-130.62451,61.48817],[-130.63273,61.48815],[-130.63288,61.49242],[-130.62464,61.49246],[-130.62451,61.48817]]]}},{"type":"Feature","properties":{"c":"YB76872","o":"BMC Minerals Ltd. - 100%","e":"2045-03-17"},"geometry":{"type":"Polygon","coordinates":[[[-130.62416,61.2763],[-130.62682,61.28019],[-130.61895,61.28144],[-130.61628,61.27756],[-130.62416,61.2763]]]}},{"type":"Feature","properties":{"c":"YB77178","o":"BMC Minerals Ltd. - 100%","e":"2045-03-17"},"geometry":{"type":"Polygon","coordinates":[[[-130.61234,61.27182],[-130.61492,61.27557],[-130.60677,61.27684],[-130.60424,61.27308],[-130.61234,61.27182]]]}},{"type":"Feature","properties":{"c":"YB48955","o":"BMC Minerals Ltd. - 100%","e":"2044-04-02"},"geometry":{"type":"Polygon","coordinates":[[[-130.69149,61.46433],[-130.69994,61.46429],[-130.70002,61.46819],[-130.69158,61.46823],[-130.69149,61.46433]]]}},{"type":"Feature","properties":{"c":"YB76764","o":"YUKON ZINC CORPORATION - 100%","e":"2029-03-17"},"geometry":{"type":"Polygon","coordinates":[[[-130.56765,61.36658],[-130.57564,61.36527],[-130.57829,61.36901],[-130.57031,61.37037],[-130.56765,61.36658]]]}},{"type":"Feature","properties":{"c":"YC27955","o":"YUKON ZINC CORPORATION - 100%","e":"2030-03-17"},"geometry":{"type":"Polygon","coordinates":[[[-130.65724,61.2012],[-130.65302,61.19764],[-130.6604,61.1956],[-130.66462,61.19917],[-130.65724,61.2012]]]}},{"type":"Feature","properties":{"c":"YB56074","o":"YUKON ZINC CORPORATION - 100%","e":"2030-03-17"},"geometry":{"type":"Polygon","coordinates":[[[-130.90458,61.41617],[-130.90451,61.41217],[-130.91289,61.41215],[-130.91295,61.41615],[-130.90458,61.41617]]]}},{"type":"Feature","properties":{"c":"YF24878","o":"YUKON ZINC CORPORATION - 100%","e":"2028-06-27"},"geometry":{"type":"Polygon","coordinates":[[[-130.57295,61.34892],[-130.57564,61.35271],[-130.56763,61.35401],[-130.56496,61.35023],[-130.57295,61.34892]]]}},{"type":"Feature","properties":{"c":"YB56139","o":"YUKON ZINC CORPORATION - 100%","e":"2029-03-17"},"geometry":{"type":"Polygon","coordinates":[[[-130.58163,61.31874],[-130.58972,61.31748],[-130.59161,61.32032],[-130.58929,61.32174],[-130.58415,61.32253],[-130.58163,61.31874]]]}},{"type":"Feature","properties":{"c":"YB48414","o":"BMC Minerals Ltd. - 100%","e":"2044-04-02"},"geometry":{"type":"Polygon","coordinates":[[[-130.54363,61.42505],[-130.54478,61.42626],[-130.5392,61.42794],[-130.54175,61.42989],[-130.53942,61.4304],[-130.53595,61.42671],[-130.54363,61.42505]]]}},{"type":"Feature","properties":{"c":"YC27409","o":"YUKON ZINC CORPORATION - 100%","e":"2028-11-22"},"geometry":{"type":"Polygon","coordinates":[[[-130.59794,61.42172],[-130.598,61.42582],[-130.58944,61.42585],[-130.58937,61.42174],[-130.59794,61.42172]]]}},{"type":"Feature","properties":{"c":"YB55907","o":"BMC Minerals Ltd. - 100%","e":"2044-04-02"},"geometry":{"type":"Polygon","coordinates":[[[-130.49221,61.46119],[-130.49216,61.45709],[-130.50074,61.45706],[-130.50078,61.46117],[-130.49221,61.46119]]]}},{"type":"Feature","properties":{"c":"YB63533","o":"YUKON ZINC CORPORATION - 100%","e":"2029-03-17"},"geometry":{"type":"Polygon","coordinates":[[[-130.49559,61.27344],[-130.50054,61.27627],[-130.49352,61.27903],[-130.4885,61.27616],[-130.49559,61.27344]]]}},{"type":"Feature","properties":{"c":"YB47528","o":"BMC Minerals Ltd. - 100%","e":"2044-04-02"},"geometry":{"type":"Polygon","coordinates":[[[-130.63273,61.48815],[-130.64131,61.48813],[-130.64132,61.49239],[-130.63288,61.49242],[-130.63273,61.48815]]]}},{"type":"Feature","properties":{"c":"YB60592","o":"YUKON ZINC CORPORATION - 100%","e":"2029-03-17"},"geometry":{"type":"Polygon","coordinates":[[[-130.54947,61.32375],[-130.54696,61.31994],[-130.55498,61.3187],[-130.55749,61.3225],[-130.54947,61.32375]]]}},{"type":"Feature","properties":{"c":"YB93503","o":"BMC Minerals Ltd. - 100%","e":"2034-03-12"},"geometry":{"type":"Polygon","coordinates":[[[-130.62489,61.29519],[-130.61681,61.29644],[-130.61423,61.29264],[-130.6223,61.29139],[-130.62366,61.29339],[-130.62489,61.29519]]]}},{"type":"Feature","properties":{"c":"YB60675","o":"YUKON ZINC CORPORATION - 100%","e":"2029-03-17"},"geometry":{"type":"Polygon","coordinates":[[[-130.58972,61.31748],[-130.58719,61.31369],[-130.59525,61.31244],[-130.59781,61.31623],[-130.58972,61.31748]]]}},{"type":"Feature","properties":{"c":"YB56077","o":"YUKON ZINC CORPORATION - 100%","e":"2030-03-17"},"geometry":{"type":"Polygon","coordinates":[[[-130.88792,61.42022],[-130.88784,61.4162],[-130.89621,61.41619],[-130.89628,61.4202],[-130.88792,61.42022]]]}},{"type":"Feature","properties":{"c":"YB64000","o":"YUKON ZINC CORPORATION - 100%","e":"2029-03-17"},"geometry":{"type":"Polygon","coordinates":[[[-130.5652,61.33386],[-130.56255,61.33016],[-130.57058,61.32891],[-130.57266,61.33182],[-130.57065,61.33304],[-130.5652,61.33386]]]}},{"type":"Feature","properties":{"c":"YB76899","o":"YUKON ZINC CORPORATION - 100%","e":"2029-03-17"},"geometry":{"type":"Polygon","coordinates":[[[-130.58061,61.37494],[-130.58052,61.37091],[-130.5889,61.37089],[-130.58899,61.37491],[-130.58061,61.37494]]]}},{"type":"Feature","properties":{"c":"YB49575","o":"BMC Minerals Ltd. - 100%","e":"2044-04-02"},"geometry":{"type":"Polygon","coordinates":[[[-130.69131,61.45668],[-130.68283,61.45665],[-130.68273,61.45236],[-130.69121,61.45233],[-130.69131,61.45668]]]}},{"type":"Feature","properties":{"c":"YB46235","o":"BMC Minerals Ltd. - 100%","e":"2046-04-02"},"geometry":{"type":"Polygon","coordinates":[[[-130.61524,61.46597],[-130.61519,61.46199],[-130.62361,61.4619],[-130.62381,61.46592],[-130.61524,61.46597]]]}},{"type":"Feature","properties":{"c":"YB46349","o":"BMC Minerals Ltd. - 100%","e":"2046-04-02"},"geometry":{"type":"Polygon","coordinates":[[[-130.58133,61.47815],[-130.58134,61.48221],[-130.57288,61.48221],[-130.57288,61.47815],[-130.58133,61.47815]]]}},{"type":"Feature","properties":{"c":"YB58640","o":"YUKON ZINC CORPORATION - 100%","e":"2028-12-31"},"geometry":{"type":"Polygon","coordinates":[[[-130.6476,61.33798],[-130.65411,61.34046],[-130.64892,61.34363],[-130.64241,61.34115],[-130.6476,61.33798]]]}},{"type":"Feature","properties":{"c":"YE36930","o":"Blake Macdonald - 100%","e":"2031-06-23"},"geometry":{"type":"Polygon","coordinates":[[[-130.70896,61.27226],[-130.71284,61.27591],[-130.70526,61.27778],[-130.70137,61.27413],[-130.70896,61.27226]]]}},{"type":"Feature","properties":{"c":"YB93489","o":"BMC Minerals Ltd. - 100%","e":"2034-03-12"},"geometry":{"type":"Polygon","coordinates":[[[-130.6398,61.29088],[-130.63173,61.29213],[-130.62915,61.28833],[-130.63722,61.28708],[-130.6398,61.29088]]]}},{"type":"Feature","properties":{"c":"YB48432","o":"BMC Minerals Ltd. - 100%","e":"2044-04-02"},"geometry":{"type":"Polygon","coordinates":[[[-130.65831,61.49662],[-130.65824,61.49232],[-130.66662,61.49229],[-130.66674,61.49662],[-130.65831,61.49662]]]}},{"type":"Feature","properties":{"c":"YB47516","o":"BMC Minerals Ltd. - 100%","e":"2044-04-02"},"geometry":{"type":"Polygon","coordinates":[[[-130.6324,61.46832],[-130.63236,61.46435],[-130.64089,61.46432],[-130.64096,61.46829],[-130.6324,61.46832]]]}},{"type":"Feature","properties":{"c":"YB47624","o":"BMC Minerals Ltd. - 100%","e":"2044-04-02"},"geometry":{"type":"Polygon","coordinates":[[[-130.55985,61.42868],[-130.56687,61.42653],[-130.57126,61.42987],[-130.56423,61.43202],[-130.56228,61.43053],[-130.55985,61.42868]]]}},{"type":"Feature","properties":{"c":"YB49568","o":"BMC Minerals Ltd. - 100%","e":"2044-04-02"},"geometry":{"type":"Polygon","coordinates":[[[-130.6743,61.45239],[-130.68273,61.45236],[-130.68283,61.45665],[-130.6744,61.45653],[-130.6743,61.45239]]]}},{"type":"Feature","properties":{"c":"YB93678","o":"FInlayson Copper Ltd. - 100%","e":"2039-01-08"},"geometry":{"type":"Polygon","coordinates":[[[-130.53515,61.23447],[-130.53528,61.23825],[-130.52677,61.23832],[-130.52664,61.23454],[-130.53515,61.23447]]]}},{"type":"Feature","properties":{"c":"YB93285","o":"BMC Minerals Ltd. - 100%","e":"2033-07-18"},"geometry":{"type":"Polygon","coordinates":[[[-130.63627,61.32856],[-130.64035,61.32793],[-130.64227,61.33084],[-130.63977,61.32989],[-130.63627,61.32856]]]}},{"type":"Feature","properties":{"c":"YB48947","o":"BMC Minerals Ltd. - 100%","e":"2044-04-02"},"geometry":{"type":"Polygon","coordinates":[[[-130.68353,61.48415],[-130.68367,61.4882],[-130.67512,61.48805],[-130.67503,61.48407],[-130.68353,61.48415]]]}},{"type":"Feature","properties":{"c":"YC27980","o":"YUKON ZINC CORPORATION - 100%","e":"2030-03-17"},"geometry":{"type":"Polygon","coordinates":[[[-130.59609,61.19914],[-130.59189,61.19558],[-130.59927,61.19354],[-130.60348,61.19711],[-130.59609,61.19914]]]}},{"type":"Feature","properties":{"c":"YB93231","o":"BMC Minerals Ltd. - 100%","e":"2034-08-30"},"geometry":{"type":"Polygon","coordinates":[[[-130.72471,61.29604],[-130.7286,61.29969],[-130.72101,61.30157],[-130.71712,61.29791],[-130.72471,61.29604]]]}},{"type":"Feature","properties":{"c":"YB47700","o":"BMC Minerals Ltd. - 100%","e":"2044-04-02"},"geometry":{"type":"Polygon","coordinates":[[[-130.56442,61.47681],[-130.56442,61.48082],[-130.5599,61.48083],[-130.55987,61.47682],[-130.56442,61.47681]]]}},{"type":"Feature","properties":{"c":"YB76880","o":"YUKON ZINC CORPORATION - 100%","e":"2029-03-17"},"geometry":{"type":"Polygon","coordinates":[[[-130.58127,61.40713],[-130.58135,61.41115],[-130.5729,61.41123],[-130.57282,61.40717],[-130.58127,61.40713]]]}},{"type":"Feature","properties":{"c":"YB51884","o":"BMC Minerals Ltd. - 100%","e":"2034-11-30"},"geometry":{"type":"Polygon","coordinates":[[[-130.8824,61.36548],[-130.89074,61.36543],[-130.89075,61.36948],[-130.8824,61.36952],[-130.8824,61.36548]]]}},{"type":"Feature","properties":{"c":"YB51516","o":"YUKON ZINC CORPORATION - 100%","e":"2028-12-31"},"geometry":{"type":"Polygon","coordinates":[[[-130.58764,61.33563],[-130.59415,61.33812],[-130.58889,61.34127],[-130.58238,61.33878],[-130.58764,61.33563]]]}},{"type":"Feature","properties":{"c":"YB51523","o":"YUKON ZINC CORPORATION - 100%","e":"2028-12-31"},"geometry":{"type":"Polygon","coordinates":[[[-130.59539,61.34375],[-130.60189,61.34624],[-130.59676,61.34945],[-130.59024,61.34696],[-130.59539,61.34375]]]}},{"type":"Feature","properties":{"c":"YB93485","o":"BMC Minerals Ltd. - 100%","e":"2034-03-12"},"geometry":{"type":"Polygon","coordinates":[[[-130.63431,61.29593],[-130.64239,61.29469],[-130.64498,61.29849],[-130.63691,61.29975],[-130.63431,61.29593]]]}},{"type":"Feature","properties":{"c":"YB70467","o":"YUKON ZINC CORPORATION - 100%","e":"2032-03-17"},"geometry":{"type":"Polygon","coordinates":[[[-130.51137,61.28248],[-130.5167,61.28554],[-130.51196,61.28742],[-130.509,61.28789],[-130.50451,61.28532],[-130.51137,61.28248]]]}},{"type":"Feature","properties":{"c":"YB49590","o":"BMC Minerals Ltd. - 100%","e":"2044-04-02"},"geometry":{"type":"Polygon","coordinates":[[[-130.72513,61.45229],[-130.72502,61.44838],[-130.7334,61.44834],[-130.73349,61.45227],[-130.72513,61.45229]]]}},{"type":"Feature","properties":{"c":"YD57286","o":"YUKON ZINC CORPORATION - 100%","e":"2030-03-17"},"geometry":{"type":"Polygon","coordinates":[[[-130.67832,61.21902],[-130.68254,61.22259],[-130.67516,61.22462],[-130.67094,61.22106],[-130.67832,61.21902]]]}},{"type":"Feature","properties":{"c":"YB93694","o":"FInlayson Copper Ltd. - 100%","e":"2039-01-08"},"geometry":{"type":"Polygon","coordinates":[[[-130.51878,61.25349],[-130.51891,61.25727],[-130.5104,61.25734],[-130.51027,61.25356],[-130.51878,61.25349]]]}},{"type":"Feature","properties":{"c":"YB47628","o":"BMC Minerals Ltd. - 100%","e":"2044-04-02"},"geometry":{"type":"Polygon","coordinates":[[[-130.56862,61.43536],[-130.57565,61.43321],[-130.58006,61.43657],[-130.57304,61.43872],[-130.57039,61.4367],[-130.56862,61.43536]]]}},{"type":"Feature","properties":{"c":"YB88883","o":"FInlayson Copper Ltd. - 100%","e":"2038-12-03"},"geometry":{"type":"Polygon","coordinates":[[[-130.58172,61.2372],[-130.57939,61.23788],[-130.57783,61.2379],[-130.57769,61.23412],[-130.58172,61.2372]]]}},{"type":"Feature","properties":{"c":"YB77168","o":"BMC Minerals Ltd. - 100%","e":"2045-03-17"},"geometry":{"type":"Polygon","coordinates":[[[-130.59702,61.25426],[-130.60038,61.25696],[-130.59398,61.25798],[-130.59198,61.25512],[-130.59702,61.25426]]]}},{"type":"Feature","properties":{"c":"YB51883","o":"BMC Minerals Ltd. - 100%","e":"2034-11-30"},"geometry":{"type":"Polygon","coordinates":[[[-130.87408,61.3615],[-130.88241,61.36146],[-130.8824,61.36548],[-130.87407,61.36553],[-130.87408,61.3615]]]}},{"type":"Feature","properties":{"c":"YB70493","o":"YUKON ZINC CORPORATION - 100%","e":"2029-03-17"},"geometry":{"type":"Polygon","coordinates":[[[-130.53448,61.28815],[-130.54252,61.2869],[-130.54508,61.29073],[-130.53704,61.29199],[-130.53448,61.28815]]]}},{"type":"Feature","properties":{"c":"YB51256","o":"BMC Minerals Ltd. - 100%","e":"2044-04-02"},"geometry":{"type":"Polygon","coordinates":[[[-130.55119,61.44075],[-130.55122,61.44476],[-130.54285,61.44478],[-130.54282,61.44077],[-130.55119,61.44075]]]}},{"type":"Feature","properties":{"c":"YB48427","o":"BMC Minerals Ltd. - 100%","e":"2044-04-02"},"geometry":{"type":"Polygon","coordinates":[[[-130.64988,61.49662],[-130.64981,61.50091],[-130.64133,61.50092],[-130.64145,61.49662],[-130.64988,61.49662]]]}},{"type":"Feature","properties":{"c":"YB51263","o":"BMC Minerals Ltd. - 100%","e":"2046-04-02"},"geometry":{"type":"Polygon","coordinates":[[[-130.52604,61.43583],[-130.52605,61.43679],[-130.51782,61.4368],[-130.51772,61.43279],[-130.52317,61.43278],[-130.52604,61.43583]]]}},{"type":"Feature","properties":{"c":"YB48420","o":"BMC Minerals Ltd. - 100%","e":"2044-04-02"},"geometry":{"type":"Polygon","coordinates":[[[-130.60824,61.4966],[-130.60816,61.49255],[-130.6164,61.49251],[-130.6165,61.49661],[-130.60824,61.4966]]]}},{"type":"Feature","properties":{"c":"YB49585","o":"BMC Minerals Ltd. - 100%","e":"2044-04-02"},"geometry":{"type":"Polygon","coordinates":[[[-130.71634,61.44018],[-130.72482,61.44014],[-130.72489,61.4443],[-130.71642,61.44432],[-130.71634,61.44018]]]}},{"type":"Feature","properties":{"c":"YB70471","o":"YUKON ZINC CORPORATION - 100%","e":"2029-03-17"},"geometry":{"type":"Polygon","coordinates":[[[-130.53081,61.28084],[-130.52725,61.28137],[-130.52991,61.28032],[-130.53081,61.28084]]]}},{"type":"Feature","properties":{"c":"YB46234","o":"BMC Minerals Ltd. - 100%","e":"2046-04-02"},"geometry":{"type":"Polygon","coordinates":[[[-130.61514,61.45803],[-130.62364,61.45802],[-130.62362,61.46156],[-130.61519,61.46156],[-130.61514,61.45803]]]}},{"type":"Feature","properties":{"c":"YB46332","o":"BMC Minerals Ltd. - 100%","e":"2046-04-02"},"geometry":{"type":"Polygon","coordinates":[[[-130.58132,61.44568],[-130.58132,61.44973],[-130.57284,61.44974],[-130.57283,61.44569],[-130.5756,61.44568],[-130.58132,61.44568]]]}},{"type":"Feature","properties":{"c":"YB76789","o":"BMC Minerals Ltd. - 100%","e":"2045-03-17"},"geometry":{"type":"Polygon","coordinates":[[[-130.55312,61.28948],[-130.55056,61.28564],[-130.55848,61.2844],[-130.56107,61.28824],[-130.55312,61.28948]]]}},{"type":"Feature","properties":{"c":"YB47538","o":"BMC Minerals Ltd. - 100%","e":"2044-04-02"},"geometry":{"type":"Polygon","coordinates":[[[-130.60807,61.4882],[-130.608,61.48445],[-130.6162,61.48445],[-130.61629,61.48818],[-130.60807,61.4882]]]}},{"type":"Feature","properties":{"c":"YC27427","o":"YUKON ZINC CORPORATION - 100%","e":"2028-11-22"},"geometry":{"type":"Polygon","coordinates":[[[-130.58069,61.41356],[-130.58924,61.41354],[-130.58931,61.41764],[-130.58075,61.41766],[-130.58071,61.4152],[-130.58069,61.41356]]]}},{"type":"Feature","properties":{"c":"YB48418","o":"BMC Minerals Ltd. - 100%","e":"2046-04-02"},"geometry":{"type":"Polygon","coordinates":[[[-130.52059,61.43004],[-130.52827,61.42838],[-130.53174,61.43206],[-130.52406,61.43372],[-130.52317,61.43278],[-130.52059,61.43004]]]}},{"type":"Feature","properties":{"c":"YB93505","o":"BMC Minerals Ltd. - 100%","e":"2034-03-12"},"geometry":{"type":"Polygon","coordinates":[[[-130.61972,61.28758],[-130.6223,61.29139],[-130.61423,61.29264],[-130.61165,61.28884],[-130.61465,61.28837],[-130.61972,61.28758]]]}},{"type":"Feature","properties":{"c":"YB51249","o":"BMC Minerals Ltd. - 100%","e":"2044-04-02"},"geometry":{"type":"Polygon","coordinates":[[[-130.57039,61.4367],[-130.57559,61.4407],[-130.56716,61.44072],[-130.567,61.43671],[-130.57039,61.4367]]]}},{"type":"Feature","properties":{"c":"YB63903","o":"YUKON ZINC CORPORATION - 100%","e":"2029-03-17"},"geometry":{"type":"Polygon","coordinates":[[[-130.76723,61.22778],[-130.76298,61.22419],[-130.7704,61.22214],[-130.77467,61.22572],[-130.76723,61.22778]]]}},{"type":"Feature","properties":{"c":"YB47672","o":"BMC Minerals Ltd. - 100%","e":"2044-04-02"},"geometry":{"type":"Polygon","coordinates":[[[-130.59171,61.49206],[-130.59176,61.4885],[-130.59944,61.4885],[-130.59953,61.49208],[-130.59171,61.49206]]]}},{"type":"Feature","properties":{"c":"YB47563","o":"BMC Minerals Ltd. - 100%","e":"2044-04-02"},"geometry":{"type":"Polygon","coordinates":[[[-130.5432,61.48888],[-130.54323,61.49289],[-130.53485,61.4929],[-130.53482,61.48889],[-130.5432,61.48888]]]}},{"type":"Feature","properties":{"c":"YB94288","o":"FInlayson Copper Ltd. - 100%","e":"2038-11-12"},"geometry":{"type":"Polygon","coordinates":[[[-130.5001,61.20453],[-130.50023,61.20831],[-130.49173,61.20838],[-130.4916,61.2046],[-130.5001,61.20453]]]}},{"type":"Feature","properties":{"c":"YC27413","o":"YUKON ZINC CORPORATION - 100%","e":"2028-11-22"},"geometry":{"type":"Polygon","coordinates":[[[-130.61506,61.42167],[-130.61513,61.42577],[-130.60656,61.4258],[-130.6065,61.42169],[-130.61506,61.42167]]]}},{"type":"Feature","properties":{"c":"YC27931","o":"YUKON ZINC CORPORATION - 100%","e":"2030-03-17"},"geometry":{"type":"Polygon","coordinates":[[[-130.60983,61.18591],[-130.60562,61.18235],[-130.613,61.18031],[-130.61721,61.18388],[-130.60983,61.18591]]]}},{"type":"Feature","properties":{"c":"YB60612","o":"YUKON ZINC CORPORATION - 100%","e":"2038-03-17"},"geometry":{"type":"Polygon","coordinates":[[[-130.51733,61.32894],[-130.51458,61.32501],[-130.52262,61.32372],[-130.5255,61.32763],[-130.51733,61.32894]]]}},{"type":"Feature","properties":{"c":"YB60719","o":"YUKON ZINC CORPORATION - 100%","e":"2029-03-17"},"geometry":{"type":"Polygon","coordinates":[[[-130.50169,61.34843],[-130.50408,61.35185],[-130.49625,61.35329],[-130.49377,61.3497],[-130.50169,61.34843]]]}},{"type":"Feature","properties":{"c":"YB77176","o":"BMC Minerals Ltd. - 100%","e":"2045-03-17"},"geometry":{"type":"Polygon","coordinates":[[[-130.60976,61.26806],[-130.61234,61.27182],[-130.60424,61.27308],[-130.60174,61.26936],[-130.60976,61.26806]]]}},{"type":"Feature","properties":{"c":"YB49572","o":"BMC Minerals Ltd. - 100%","e":"2044-04-02"},"geometry":{"type":"Polygon","coordinates":[[[-130.69114,61.44851],[-130.69106,61.44441],[-130.6995,61.44437],[-130.69961,61.44848],[-130.69114,61.44851]]]}},{"type":"Feature","properties":{"c":"YB61476","o":"YUKON ZINC CORPORATION - 100%","e":"2030-03-17"},"geometry":{"type":"Polygon","coordinates":[[[-130.88175,61.34142],[-130.88161,61.33742],[-130.89001,61.33736],[-130.89019,61.34136],[-130.88175,61.34142]]]}},{"type":"Feature","properties":{"c":"YC27442","o":"YUKON ZINC CORPORATION - 100%","e":"2028-11-22"},"geometry":{"type":"Polygon","coordinates":[[[-130.65779,61.41743],[-130.65787,61.42153],[-130.6493,61.42156],[-130.64923,61.41746],[-130.65779,61.41743]]]}},{"type":"Feature","properties":{"c":"YB61474","o":"YUKON ZINC CORPORATION - 100%","e":"2030-03-17"},"geometry":{"type":"Polygon","coordinates":[[[-130.91571,61.35554],[-130.9241,61.35548],[-130.9241,61.35767],[-130.91571,61.35773],[-130.91571,61.35554]]]}},{"type":"Feature","properties":{"c":"YE36940","o":"Blake Macdonald - 100%","e":"2031-06-23"},"geometry":{"type":"Polygon","coordinates":[[[-130.70582,61.30531],[-130.70971,61.30896],[-130.70212,61.31083],[-130.69822,61.30718],[-130.70582,61.30531]]]}},{"type":"Feature","properties":{"c":"YB77172","o":"BMC Minerals Ltd. - 100%","e":"2045-03-17"},"geometry":{"type":"Polygon","coordinates":[[[-130.60461,61.26055],[-130.60719,61.26431],[-130.59919,61.26557],[-130.59666,61.26181],[-130.60461,61.26055]]]}},{"type":"Feature","properties":{"c":"YB63751","o":"YUKON ZINC CORPORATION - 100%","e":"2029-03-17"},"geometry":{"type":"Polygon","coordinates":[[[-130.76088,61.23903],[-130.75663,61.23546],[-130.76406,61.23341],[-130.7683,61.23699],[-130.76088,61.23903]]]}},{"type":"Feature","properties":{"c":"YB48968","o":"BMC Minerals Ltd. - 100%","e":"2044-04-02"},"geometry":{"type":"Polygon","coordinates":[[[-130.69985,61.46039],[-130.69976,61.45664],[-130.70822,61.45659],[-130.7083,61.46035],[-130.69985,61.46039]]]}},{"type":"Feature","properties":{"c":"YB76781","o":"YUKON ZINC CORPORATION - 100%","e":"2029-03-17"},"geometry":{"type":"Polygon","coordinates":[[[-130.58899,61.37491],[-130.59743,61.37488],[-130.59753,61.3789],[-130.58909,61.37893],[-130.58899,61.37491]]]}},{"type":"Feature","properties":{"c":"YB76777","o":"YUKON ZINC CORPORATION - 100%","e":"2029-03-17"},"geometry":{"type":"Polygon","coordinates":[[[-130.58919,61.38295],[-130.59762,61.38292],[-130.59771,61.38693],[-130.58929,61.38697],[-130.58919,61.38295]]]}},{"type":"Feature","properties":{"c":"YB88875","o":"FInlayson Copper Ltd. - 100%","e":"2038-12-03"},"geometry":{"type":"Polygon","coordinates":[[[-130.56918,61.23419],[-130.56932,61.23797],[-130.56081,61.23804],[-130.56068,61.23426],[-130.56918,61.23419]]]}},{"type":"Feature","properties":{"c":"YB60522","o":"YUKON ZINC CORPORATION - 100%","e":"2030-03-17"},"geometry":{"type":"Polygon","coordinates":[[[-130.89856,61.3413],[-130.89841,61.3373],[-130.90681,61.33724],[-130.90694,61.34125],[-130.89856,61.3413]]]}},{"type":"Feature","properties":{"c":"YB58626","o":"YUKON ZINC CORPORATION - 100%","e":"2028-12-31"},"geometry":{"type":"Polygon","coordinates":[[[-130.59667,61.32371],[-130.60182,61.32057],[-130.60834,61.32306],[-130.60319,61.3262],[-130.59667,61.32371]]]}},{"type":"Feature","properties":{"c":"YE36946","o":"Blake Macdonald - 100%","e":"2031-06-23"},"geometry":{"type":"Polygon","coordinates":[[[-130.69415,61.29435],[-130.69804,61.29801],[-130.69044,61.29988],[-130.68655,61.29622],[-130.69415,61.29435]]]}},{"type":"Feature","properties":{"c":"YB76904","o":"YUKON ZINC CORPORATION - 100%","e":"2029-03-17"},"geometry":{"type":"Polygon","coordinates":[[[-130.57405,61.36302],[-130.57127,61.3591],[-130.58035,61.35901],[-130.58039,61.36298],[-130.57405,61.36302]]]}},{"type":"Feature","properties":{"c":"YB68802","o":"YUKON ZINC CORPORATION - 100%","e":"2029-03-17"},"geometry":{"type":"Polygon","coordinates":[[[-130.57861,61.32765],[-130.57888,61.32806],[-130.57266,61.33182],[-130.57058,61.32891],[-130.57861,61.32765]]]}},{"type":"Feature","properties":{"c":"YB76853","o":"YUKON ZINC CORPORATION - 100%","e":"2029-03-17"},"geometry":{"type":"Polygon","coordinates":[[[-130.52574,61.27164],[-130.5204,61.2685],[-130.52706,61.26596],[-130.53227,61.26908],[-130.52574,61.27164]]]}},{"type":"Feature","properties":{"c":"YB93502","o":"BMC Minerals Ltd. - 100%","e":"2034-03-12"},"geometry":{"type":"Polygon","coordinates":[[[-130.61175,61.29724],[-130.61681,61.29644],[-130.61939,61.30024],[-130.61433,61.30105],[-130.61175,61.29724]]]}},{"type":"Feature","properties":{"c":"YB63538","o":"YUKON ZINC CORPORATION - 100%","e":"2029-03-17"},"geometry":{"type":"Polygon","coordinates":[[[-130.50985,61.2623],[-130.51544,61.26559],[-130.50913,61.26824],[-130.50323,61.26495],[-130.50985,61.2623]]]}},{"type":"Feature","properties":{"c":"YB47520","o":"BMC Minerals Ltd. - 100%","e":"2044-04-02"},"geometry":{"type":"Polygon","coordinates":[[[-130.63247,61.47625],[-130.63243,61.47229],[-130.64103,61.47226],[-130.6411,61.47622],[-130.63247,61.47625]]]}},{"type":"Feature","properties":{"c":"YB48982","o":"BMC Minerals Ltd. - 100%","e":"2044-04-02"},"geometry":{"type":"Polygon","coordinates":[[[-130.70055,61.48814],[-130.70043,61.48408],[-130.70887,61.48405],[-130.70898,61.48811],[-130.70055,61.48814]]]}},{"type":"Feature","properties":{"c":"YB47586","o":"BMC Minerals Ltd. - 100%","e":"2044-04-02"},"geometry":{"type":"Polygon","coordinates":[[[-130.53482,61.48889],[-130.53485,61.4929],[-130.52646,61.49292],[-130.52643,61.48891],[-130.53482,61.48889]]]}},{"type":"Feature","properties":{"c":"YD57292","o":"YUKON ZINC CORPORATION - 100%","e":"2030-03-17"},"geometry":{"type":"Polygon","coordinates":[[[-130.66567,61.20833],[-130.66989,61.2119],[-130.6625,61.21393],[-130.65829,61.21037],[-130.66567,61.20833]]]}},{"type":"Feature","properties":{"c":"YD57284","o":"YUKON ZINC CORPORATION - 100%","e":"2030-03-17"},"geometry":{"type":"Polygon","coordinates":[[[-130.67621,61.20069],[-130.68043,61.20426],[-130.67305,61.2063],[-130.66883,61.20273],[-130.67621,61.20069]]]}},{"type":"Feature","properties":{"c":"YB93680","o":"FInlayson Copper Ltd. - 100%","e":"2039-01-08"},"geometry":{"type":"Polygon","coordinates":[[[-130.53528,61.23825],[-130.53542,61.24203],[-130.52691,61.2421],[-130.52677,61.23832],[-130.53528,61.23825]]]}},{"type":"Feature","properties":{"c":"YB76807","o":"YUKON ZINC CORPORATION - 100%","e":"2029-03-17"},"geometry":{"type":"Polygon","coordinates":[[[-130.56913,61.28698],[-130.57718,61.28573],[-130.57978,61.28956],[-130.57172,61.29082],[-130.56913,61.28698]]]}},{"type":"Feature","properties":{"c":"YB93220","o":"BMC Minerals Ltd. - 100%","e":"2034-08-30"},"geometry":{"type":"Polygon","coordinates":[[[-130.72452,61.28687],[-130.72841,61.29052],[-130.72082,61.29239],[-130.71693,61.28874],[-130.72452,61.28687]]]}},{"type":"Feature","properties":{"c":"YB56148","o":"YUKON ZINC CORPORATION - 100%","e":"2035-03-17"},"geometry":{"type":"Polygon","coordinates":[[[-130.56035,61.3135],[-130.56301,61.31745],[-130.55498,61.3187],[-130.55221,61.31474],[-130.56035,61.3135]]]}},{"type":"Feature","properties":{"c":"YB60658","o":"YUKON ZINC CORPORATION - 100%","e":"2029-03-17"},"geometry":{"type":"Polygon","coordinates":[[[-130.56365,61.29207],[-130.57172,61.29082],[-130.57431,61.29466],[-130.56625,61.29592],[-130.56365,61.29207]]]}},{"type":"Feature","properties":{"c":"YB60661","o":"YUKON ZINC CORPORATION - 100%","e":"2032-03-17"},"geometry":{"type":"Polygon","coordinates":[[[-130.55825,61.29716],[-130.56625,61.29592],[-130.5688,61.2997],[-130.56077,61.30094],[-130.55825,61.29716]]]}},{"type":"Feature","properties":{"c":"YB47580","o":"BMC Minerals Ltd. - 100%","e":"2044-04-02"},"geometry":{"type":"Polygon","coordinates":[[[-130.53472,61.47686],[-130.53476,61.48087],[-130.52637,61.48089],[-130.52634,61.47688],[-130.53472,61.47686]]]}},{"type":"Feature","properties":{"c":"YB60751","o":"YUKON ZINC CORPORATION - 100%","e":"2029-03-17"},"geometry":{"type":"Polygon","coordinates":[[[-130.50473,61.37818],[-130.50735,61.38186],[-130.49939,61.38315],[-130.49676,61.37944],[-130.50473,61.37818]]]}},{"type":"Feature","properties":{"c":"YC27946","o":"YUKON ZINC CORPORATION - 100%","e":"2030-03-17"},"geometry":{"type":"Polygon","coordinates":[[[-130.63088,61.20374],[-130.62666,61.20018],[-130.63405,61.19814],[-130.63826,61.20171],[-130.63088,61.20374]]]}},{"type":"Feature","properties":{"c":"YC27952","o":"YUKON ZINC CORPORATION - 100%","e":"2030-03-17"},"geometry":{"type":"Polygon","coordinates":[[[-130.66883,61.20273],[-130.66462,61.19917],[-130.672,61.19713],[-130.67621,61.20069],[-130.66883,61.20273]]]}},{"type":"Feature","properties":{"c":"YB93673","o":"FInlayson Copper Ltd. - 100%","e":"2039-01-08"},"geometry":{"type":"Polygon","coordinates":[[[-130.54326,61.22308],[-130.54339,61.22685],[-130.53489,61.22692],[-130.53476,61.22314],[-130.54326,61.22308]]]}},{"type":"Feature","properties":{"c":"YB47677","o":"BMC Minerals Ltd. - 100%","e":"2044-04-02"},"geometry":{"type":"Polygon","coordinates":[[[-130.5834,61.50098],[-130.58348,61.4966],[-130.59164,61.4966],[-130.59158,61.50098],[-130.5834,61.50098]]]}},{"type":"Feature","properties":{"c":"YB51527","o":"YUKON ZINC CORPORATION - 100%","e":"2028-12-31"},"geometry":{"type":"Polygon","coordinates":[[[-130.57721,61.34199],[-130.58238,61.33878],[-130.58889,61.34127],[-130.58373,61.34448],[-130.57721,61.34199]]]}},{"type":"Feature","properties":{"c":"YB70486","o":"YUKON ZINC CORPORATION - 100%","e":"2029-03-17"},"geometry":{"type":"Polygon","coordinates":[[[-130.6195,61.30866],[-130.62199,61.31249],[-130.61394,61.31374],[-130.61142,61.30992],[-130.6195,61.30866]]]}},{"type":"Feature","properties":{"c":"YB47500","o":"BMC Minerals Ltd. - 100%","e":"2044-04-02"},"geometry":{"type":"Polygon","coordinates":[[[-130.63201,61.43227],[-130.6403,61.43226],[-130.64037,61.43637],[-130.63207,61.43639],[-130.63203,61.43376],[-130.63201,61.43227]]]}},{"type":"Feature","properties":{"c":"YB93497","o":"BMC Minerals Ltd. - 100%","e":"2034-03-12"},"geometry":{"type":"Polygon","coordinates":[[[-130.63006,61.3028],[-130.63264,61.30661],[-130.62457,61.30787],[-130.62197,61.30404],[-130.63006,61.3028]]]}},{"type":"Feature","properties":{"c":"YC27420","o":"YUKON ZINC CORPORATION - 100%","e":"2028-11-22"},"geometry":{"type":"Polygon","coordinates":[[[-130.64938,61.42566],[-130.64942,61.42814],[-130.64086,61.42815],[-130.64081,61.42569],[-130.64938,61.42566]]]}},{"type":"Feature","properties":{"c":"YB76782","o":"YUKON ZINC CORPORATION - 100%","e":"2029-03-17"},"geometry":{"type":"Polygon","coordinates":[[[-130.59753,61.3789],[-130.59743,61.37488],[-130.60587,61.37485],[-130.60596,61.37887],[-130.59753,61.3789]]]}},{"type":"Feature","properties":{"c":"YB47649","o":"BMC Minerals Ltd. - 100%","e":"2044-04-02"},"geometry":{"type":"Polygon","coordinates":[[[-130.64937,61.46429],[-130.65785,61.46426],[-130.6579,61.46823],[-130.64943,61.46826],[-130.64937,61.46429]]]}},{"type":"Feature","properties":{"c":"YB45985","o":"YUKON ZINC CORPORATION - 100%","e":"2028-12-31"},"geometry":{"type":"Polygon","coordinates":[[[-130.59415,61.33812],[-130.60066,61.34061],[-130.59539,61.34375],[-130.58889,61.34127],[-130.59415,61.33812]]]}},{"type":"Feature","properties":{"c":"YB85282","o":"BMC Minerals Ltd. - 100%","e":"2044-04-02"},"geometry":{"type":"Polygon","coordinates":[[[-130.60651,61.47451],[-130.6065,61.47409],[-130.61527,61.47409],[-130.61528,61.47479],[-130.60651,61.47451]]]}},{"type":"Feature","properties":{"c":"YB94282","o":"FInlayson Copper Ltd. - 100%","e":"2038-11-12"},"geometry":{"type":"Polygon","coordinates":[[[-130.50898,61.2158],[-130.50911,61.21957],[-130.50061,61.21964],[-130.50048,61.21586],[-130.50898,61.2158]]]}},{"type":"Feature","properties":{"c":"YB33880","o":"FInlayson Copper Ltd. - 100%","e":"2038-12-31"},"geometry":{"type":"Polygon","coordinates":[[[-130.51697,61.20062],[-130.5171,61.2044],[-130.5086,61.20447],[-130.50847,61.20069],[-130.51697,61.20062]]]}},{"type":"Feature","properties":{"c":"YB60529","o":"YUKON ZINC CORPORATION - 100%","e":"2030-03-17"},"geometry":{"type":"Polygon","coordinates":[[[-130.89887,61.34932],[-130.89902,61.35332],[-130.89072,61.35336],[-130.89054,61.34936],[-130.89887,61.34932]]]}},{"type":"Feature","properties":{"c":"YB68823","o":"YUKON ZINC CORPORATION - 100%","e":"2029-03-17"},"geometry":{"type":"Polygon","coordinates":[[[-130.52772,61.33147],[-130.53592,61.33008],[-130.53844,61.33392],[-130.53042,61.3352],[-130.52772,61.33147]]]}},{"type":"Feature","properties":{"c":"YB47694","o":"BMC Minerals Ltd. - 100%","e":"2044-04-02"},"geometry":{"type":"Polygon","coordinates":[[[-130.56443,61.46879],[-130.5598,61.4688],[-130.55976,61.46479],[-130.56443,61.46478],[-130.56443,61.46879]]]}},{"type":"Feature","properties":{"c":"YB33803","o":"FInlayson Copper Ltd. - 100%","e":"2038-12-31"},"geometry":{"type":"Polygon","coordinates":[[[-130.50099,61.23097],[-130.50112,61.23475],[-130.49261,61.23481],[-130.49248,61.23104],[-130.49384,61.23103],[-130.50099,61.23097]]]}},{"type":"Feature","properties":{"c":"YD57290","o":"YUKON ZINC CORPORATION - 100%","e":"2030-03-17"},"geometry":{"type":"Polygon","coordinates":[[[-130.66989,61.2119],[-130.6741,61.21546],[-130.66672,61.2175],[-130.6625,61.21393],[-130.66989,61.2119]]]}},{"type":"Feature","properties":{"c":"YB88889","o":"FInlayson Copper Ltd. - 100%","e":"2038-12-03"},"geometry":{"type":"Polygon","coordinates":[[[-130.55203,61.23056],[-130.55217,61.23433],[-130.54366,61.2344],[-130.54353,61.23063],[-130.55203,61.23056]]]}},{"type":"Feature","properties":{"c":"YB47711","o":"BMC Minerals Ltd. - 100%","e":"2044-04-02"},"geometry":{"type":"Polygon","coordinates":[[[-130.56004,61.49686],[-130.56007,61.50097],[-130.55168,61.50097],[-130.55165,61.49688],[-130.56004,61.49686]]]}},{"type":"Feature","properties":{"c":"YB49577","o":"BMC Minerals Ltd. - 100%","e":"2044-04-02"},"geometry":{"type":"Polygon","coordinates":[[[-130.69939,61.44026],[-130.70786,61.44022],[-130.70795,61.44435],[-130.6995,61.44437],[-130.69939,61.44026]]]}},{"type":"Feature","properties":{"c":"YB56130","o":"YUKON ZINC CORPORATION - 100%","e":"2035-03-17"},"geometry":{"type":"Polygon","coordinates":[[[-130.56077,61.30094],[-130.5688,61.2997],[-130.57135,61.30348],[-130.5633,61.30472],[-130.56077,61.30094]]]}},{"type":"Feature","properties":{"c":"YB76804","o":"BMC Minerals Ltd. - 100%","e":"2045-03-17"},"geometry":{"type":"Polygon","coordinates":[[[-130.54843,61.2567],[-130.55108,61.26052],[-130.54303,61.26179],[-130.54039,61.25798],[-130.54843,61.2567]]]}},{"type":"Feature","properties":{"c":"YB61472","o":"YUKON ZINC CORPORATION - 100%","e":"2030-03-17"},"geometry":{"type":"Polygon","coordinates":[[[-130.91571,61.35554],[-130.91572,61.35324],[-130.9241,61.35319],[-130.9241,61.35548],[-130.91571,61.35554]]]}},{"type":"Feature","properties":{"c":"YB85286","o":"BMC Minerals Ltd. - 100%","e":"2044-04-02"},"geometry":{"type":"Polygon","coordinates":[[[-130.62362,61.46156],[-130.63234,61.46156],[-130.63234,61.4618],[-130.62361,61.4619],[-130.62362,61.46156]]]}},{"type":"Feature","properties":{"c":"YB60734","o":"YUKON ZINC CORPORATION - 100%","e":"2032-03-17"},"geometry":{"type":"Polygon","coordinates":[[[-130.51177,61.37572],[-130.51439,61.3795],[-130.5066,61.38081],[-130.50391,61.37702],[-130.51177,61.37572]]]}},{"type":"Feature","properties":{"c":"YC27956","o":"YUKON ZINC CORPORATION - 100%","e":"2030-03-17"},"geometry":{"type":"Polygon","coordinates":[[[-130.65407,61.2068],[-130.64985,61.20324],[-130.65724,61.2012],[-130.66145,61.20477],[-130.65407,61.2068]]]}},{"type":"Feature","properties":{"c":"YB47526","o":"BMC Minerals Ltd. - 100%","e":"2044-04-02"},"geometry":{"type":"Polygon","coordinates":[[[-130.64131,61.48813],[-130.63273,61.48815],[-130.63259,61.48419],[-130.64124,61.48416],[-130.64131,61.48813]]]}},{"type":"Feature","properties":{"c":"YB61482","o":"YUKON ZINC CORPORATION - 100%","e":"2030-03-17"},"geometry":{"type":"Polygon","coordinates":[[[-130.89054,61.34936],[-130.89072,61.35336],[-130.88217,61.35341],[-130.88203,61.34941],[-130.89054,61.34936]]]}},{"type":"Feature","properties":{"c":"YC27930","o":"YUKON ZINC CORPORATION - 100%","e":"2030-03-17"},"geometry":{"type":"Polygon","coordinates":[[[-130.61403,61.18948],[-130.60983,61.18591],[-130.61721,61.18388],[-130.62142,61.18745],[-130.61403,61.18948]]]}},{"type":"Feature","properties":{"c":"YB76828","o":"BMC Minerals Ltd. - 100%","e":"2045-03-17"},"geometry":{"type":"Polygon","coordinates":[[[-130.60396,61.28579],[-130.5959,61.28705],[-130.59329,61.28321],[-130.60134,61.28195],[-130.60396,61.28579]]]}},{"type":"Feature","properties":{"c":"YD57301","o":"YUKON ZINC CORPORATION - 100%","e":"2030-03-17"},"geometry":{"type":"Polygon","coordinates":[[[-130.64352,61.21444],[-130.64773,61.218],[-130.64022,61.22007],[-130.63611,61.21648],[-130.64352,61.21444]]]}},{"type":"Feature","properties":{"c":"YB76827","o":"YUKON ZINC CORPORATION - 100%","e":"2029-03-17"},"geometry":{"type":"Polygon","coordinates":[[[-130.58524,61.28447],[-130.59329,61.28321],[-130.5959,61.28705],[-130.58784,61.2883],[-130.58524,61.28447]]]}},{"type":"Feature","properties":{"c":"YB76719","o":"YUKON ZINC CORPORATION - 100%","e":"2029-03-17"},"geometry":{"type":"Polygon","coordinates":[[[-130.53594,61.38449],[-130.53322,61.38069],[-130.54117,61.37939],[-130.54388,61.38318],[-130.53594,61.38449]]]}},{"type":"Feature","properties":{"c":"YB76745","o":"YUKON ZINC CORPORATION - 100%","e":"2029-03-17"},"geometry":{"type":"Polygon","coordinates":[[[-130.5707,61.39588],[-130.56275,61.39718],[-130.56001,61.39334],[-130.56789,61.39203],[-130.5707,61.39588]]]}},{"type":"Feature","properties":{"c":"YB70513","o":"YUKON ZINC CORPORATION - 100%","e":"2034-03-17"},"geometry":{"type":"Polygon","coordinates":[[[-130.51803,61.30341],[-130.52053,61.30719],[-130.51215,61.3085],[-130.50964,61.30485],[-130.51803,61.30341]]]}},{"type":"Feature","properties":{"c":"YB47521","o":"BMC Minerals Ltd. - 100%","e":"2044-04-02"},"geometry":{"type":"Polygon","coordinates":[[[-130.64117,61.4802],[-130.6411,61.47622],[-130.64956,61.47618],[-130.64963,61.48017],[-130.64117,61.4802]]]}},{"type":"Feature","properties":{"c":"YB70502","o":"YUKON ZINC CORPORATION - 100%","e":"2029-03-17"},"geometry":{"type":"Polygon","coordinates":[[[-130.53143,61.29709],[-130.52886,61.29326],[-130.53704,61.29199],[-130.53959,61.29582],[-130.53143,61.29709]]]}},{"type":"Feature","properties":{"c":"YB60613","o":"YUKON ZINC CORPORATION - 100%","e":"2038-03-17"},"geometry":{"type":"Polygon","coordinates":[[[-130.50923,61.33023],[-130.5064,61.32632],[-130.51458,61.32501],[-130.51733,61.32894],[-130.50923,61.33023]]]}},{"type":"Feature","properties":{"c":"YB60716","o":"YUKON ZINC CORPORATION - 100%","e":"2029-03-17"},"geometry":{"type":"Polygon","coordinates":[[[-130.51194,61.36307],[-130.5199,61.36177],[-130.52255,61.36554],[-130.51467,61.36686],[-130.51227,61.36353],[-130.51194,61.36307]]]}},{"type":"Feature","properties":{"c":"YB48943","o":"BMC Minerals Ltd. - 100%","e":"2044-04-02"},"geometry":{"type":"Polygon","coordinates":[[[-130.67449,61.46045],[-130.68293,61.46045],[-130.68302,61.46424],[-130.67457,61.46419],[-130.67449,61.46045]]]}},{"type":"Feature","properties":{"c":"YB51230","o":"BMC Minerals Ltd. - 100%","e":"2044-04-02"},"geometry":{"type":"Polygon","coordinates":[[[-130.61515,61.44168],[-130.61527,61.44561],[-130.6068,61.44564],[-130.60669,61.44171],[-130.61515,61.44168]]]}},{"type":"Feature","properties":{"c":"YB48989","o":"BMC Minerals Ltd. - 100%","e":"2044-04-02"},"geometry":{"type":"Polygon","coordinates":[[[-130.7252,61.46028],[-130.73365,61.46025],[-130.73372,61.46413],[-130.72528,61.46417],[-130.7252,61.46028]]]}},{"type":"Feature","properties":{"c":"YB76816","o":"BMC Minerals Ltd. - 100%","e":"2045-03-17"},"geometry":{"type":"Polygon","coordinates":[[[-130.56963,61.27456],[-130.56697,61.27063],[-130.57503,61.26937],[-130.57766,61.27326],[-130.56963,61.27456]]]}},{"type":"Feature","properties":{"c":"YB47497","o":"BMC Minerals Ltd. - 100%","e":"2044-04-02"},"geometry":{"type":"Polygon","coordinates":[[[-130.65818,61.48809],[-130.66666,61.48807],[-130.66662,61.49229],[-130.65824,61.49232],[-130.65818,61.48809]]]}},{"type":"Feature","properties":{"c":"YB47492","o":"BMC Minerals Ltd. - 100%","e":"2044-04-02"},"geometry":{"type":"Polygon","coordinates":[[[-130.64956,61.47618],[-130.65801,61.47614],[-130.65807,61.48015],[-130.64963,61.48017],[-130.64956,61.47618]]]}},{"type":"Feature","properties":{"c":"YC27940","o":"YUKON ZINC CORPORATION - 100%","e":"2030-03-17"},"geometry":{"type":"Polygon","coordinates":[[[-130.65302,61.19764],[-130.64881,61.19407],[-130.65619,61.19204],[-130.6604,61.1956],[-130.65302,61.19764]]]}},{"type":"Feature","properties":{"c":"YB76796","o":"BMC Minerals Ltd. - 100%","e":"2045-03-17"},"geometry":{"type":"Polygon","coordinates":[[[-130.55356,61.27715],[-130.55086,61.27316],[-130.55892,61.2719],[-130.5616,61.27585],[-130.55356,61.27715]]]}},{"type":"Feature","properties":{"c":"YC27465","o":"YUKON ZINC CORPORATION - 100%","e":"2028-11-22"},"geometry":{"type":"Polygon","coordinates":[[[-130.57284,61.40808],[-130.57295,61.41219],[-130.56869,61.41214],[-130.56862,61.40804],[-130.57284,61.40808]]]}},{"type":"Feature","properties":{"c":"YB93686","o":"FInlayson Copper Ltd. - 100%","e":"2039-01-08"},"geometry":{"type":"Polygon","coordinates":[[[-130.51814,61.23461],[-130.51827,61.23839],[-130.50976,61.23845],[-130.50963,61.23468],[-130.51814,61.23461]]]}},{"type":"Feature","properties":{"c":"YB47577","o":"BMC Minerals Ltd. - 100%","e":"2044-04-02"},"geometry":{"type":"Polygon","coordinates":[[[-130.51784,61.46887],[-130.52629,61.46886],[-130.52631,61.47287],[-130.51788,61.47288],[-130.51788,61.47245],[-130.51784,61.46887]]]}},{"type":"Feature","properties":{"c":"YB70499","o":"YUKON ZINC CORPORATION - 100%","e":"2029-03-17"},"geometry":{"type":"Polygon","coordinates":[[[-130.5184,61.29065],[-130.52629,61.28943],[-130.52886,61.29326],[-130.52095,61.29449],[-130.5184,61.29065]]]}},{"type":"Feature","properties":{"c":"YB60593","o":"YUKON ZINC CORPORATION - 100%","e":"2029-03-17"},"geometry":{"type":"Polygon","coordinates":[[[-130.53874,61.32122],[-130.54696,61.31994],[-130.54947,61.32375],[-130.54144,61.325],[-130.53874,61.32122]]]}},{"type":"Feature","properties":{"c":"YB46335","o":"BMC Minerals Ltd. - 100%","e":"2046-04-02"},"geometry":{"type":"Polygon","coordinates":[[[-130.56443,61.4538],[-130.56443,61.44974],[-130.57284,61.44974],[-130.57285,61.4538],[-130.56443,61.4538]]]}},{"type":"Feature","properties":{"c":"YB48431","o":"BMC Minerals Ltd. - 100%","e":"2044-04-02"},"geometry":{"type":"Polygon","coordinates":[[[-130.66674,61.49662],[-130.66685,61.50034],[-130.65829,61.50035],[-130.65831,61.49662],[-130.66674,61.49662]]]}},{"type":"Feature","properties":{"c":"YF24892","o":"YUKON ZINC CORPORATION - 100%","e":"2028-06-27"},"geometry":{"type":"Polygon","coordinates":[[[-130.54404,61.33305],[-130.54639,61.33639],[-130.53845,61.33771],[-130.53606,61.33429],[-130.54404,61.33305]]]}},{"type":"Feature","properties":{"c":"YB51528","o":"YUKON ZINC CORPORATION - 100%","e":"2028-12-31"},"geometry":{"type":"Polygon","coordinates":[[[-130.57721,61.34199],[-130.57204,61.34521],[-130.56552,61.34272],[-130.5707,61.33951],[-130.57721,61.34199]]]}},{"type":"Feature","properties":{"c":"YB63727","o":"YUKON ZINC CORPORATION - 100%","e":"2029-03-17"},"geometry":{"type":"Polygon","coordinates":[[[-130.72904,61.22884],[-130.72475,61.22524],[-130.73218,61.22319],[-130.73646,61.22678],[-130.72904,61.22884]]]}},{"type":"Feature","properties":{"c":"YC91772","o":"FInlayson Copper Ltd. - 100%","e":"2038-12-14"},"geometry":{"type":"Polygon","coordinates":[[[-130.56002,61.21594],[-130.56014,61.21916],[-130.55163,61.21923],[-130.55152,61.21608],[-130.56002,61.21594]]]}},{"type":"Feature","properties":{"c":"YB46327","o":"BMC Minerals Ltd. - 100%","e":"2046-04-02"},"geometry":{"type":"Polygon","coordinates":[[[-130.60672,61.4538],[-130.59903,61.4538],[-130.59895,61.44972],[-130.60675,61.44971],[-130.60672,61.4538]]]}},{"type":"Feature","properties":{"c":"YB76700","o":"YUKON ZINC CORPORATION - 100%","e":"2029-03-17"},"geometry":{"type":"Polygon","coordinates":[[[-130.50059,61.39755],[-130.49949,61.39599],[-130.50758,61.39471],[-130.50969,61.39769],[-130.50059,61.39755]]]}},{"type":"Feature","properties":{"c":"YB76769","o":"YUKON ZINC CORPORATION - 100%","e":"2029-03-17"},"geometry":{"type":"Polygon","coordinates":[[[-130.58955,61.39904],[-130.59799,61.399],[-130.59808,61.40302],[-130.58964,61.40306],[-130.58955,61.39904]]]}},{"type":"Feature","properties":{"c":"YB47545","o":"BMC Minerals Ltd. - 100%","e":"2044-04-02"},"geometry":{"type":"Polygon","coordinates":[[[-130.54292,61.45279],[-130.54295,61.4568],[-130.53457,61.45682],[-130.53454,61.45281],[-130.54292,61.45279]]]}},{"type":"Feature","properties":{"c":"YB51218","o":"BMC Minerals Ltd. - 100%","e":"2044-04-02"},"geometry":{"type":"Polygon","coordinates":[[[-130.63203,61.43376],[-130.63209,61.43769],[-130.62361,61.43772],[-130.62354,61.43378],[-130.63203,61.43376]]]}},{"type":"Feature","properties":{"c":"YB58639","o":"YUKON ZINC CORPORATION - 100%","e":"2028-12-31"},"geometry":{"type":"Polygon","coordinates":[[[-130.65278,61.33482],[-130.65929,61.33729],[-130.65411,61.34046],[-130.6476,61.33798],[-130.65278,61.33482]]]}},{"type":"Feature","properties":{"c":"YB47707","o":"BMC Minerals Ltd. - 100%","e":"2044-04-02"},"geometry":{"type":"Polygon","coordinates":[[[-130.55997,61.48885],[-130.56,61.49286],[-130.55162,61.49287],[-130.55158,61.48886],[-130.55997,61.48885]]]}},{"type":"Feature","properties":{"c":"YB93192","o":"BMC Minerals Ltd. - 100%","e":"2034-08-30"},"geometry":{"type":"Polygon","coordinates":[[[-130.73619,61.29782],[-130.74009,61.30147],[-130.7325,61.30335],[-130.7286,61.29969],[-130.73619,61.29782]]]}},{"type":"Feature","properties":{"c":"YB60668","o":"YUKON ZINC CORPORATION - 100%","e":"2029-03-17"},"geometry":{"type":"Polygon","coordinates":[[[-130.59007,61.30478],[-130.5875,61.30099],[-130.59559,61.29974],[-130.59816,61.30353],[-130.59007,61.30478]]]}},{"type":"Feature","properties":{"c":"YB93690","o":"FInlayson Copper Ltd. - 100%","e":"2039-01-08"},"geometry":{"type":"Polygon","coordinates":[[[-130.51839,61.24216],[-130.51852,61.24594],[-130.51001,61.24601],[-130.50988,61.24223],[-130.51839,61.24216]]]}},{"type":"Feature","properties":{"c":"YB85280","o":"BMC Minerals Ltd. - 100%","e":"2044-04-02"},"geometry":{"type":"Polygon","coordinates":[[[-130.60644,61.47038],[-130.60644,61.47014],[-130.61526,61.4704],[-130.60644,61.47038]]]}},{"type":"Feature","properties":{"c":"YB47687","o":"BMC Minerals Ltd. - 100%","e":"2044-04-02"},"geometry":{"type":"Polygon","coordinates":[[[-130.5757,61.4966],[-130.57575,61.50098],[-130.5676,61.50097],[-130.56758,61.4966],[-130.5757,61.4966]]]}},{"type":"Feature","properties":{"c":"YB33767","o":"FInlayson Copper Ltd. - 100%","e":"2038-12-31"},"geometry":{"type":"Polygon","coordinates":[[[-130.51723,61.20818],[-130.51736,61.21195],[-130.50886,61.21202],[-130.50873,61.20824],[-130.51723,61.20818]]]}},{"type":"Feature","properties":{"c":"YB85285","o":"BMC Minerals Ltd. - 100%","e":"2044-04-02"},"geometry":{"type":"Polygon","coordinates":[[[-130.62361,61.4619],[-130.61519,61.46199],[-130.61519,61.46156],[-130.62362,61.46156],[-130.62361,61.4619]]]}},{"type":"Feature","properties":{"c":"YB76823","o":"BMC Minerals Ltd. - 100%","e":"2045-03-17"},"geometry":{"type":"Polygon","coordinates":[[[-130.55652,61.25541],[-130.55915,61.25924],[-130.55108,61.26052],[-130.54843,61.2567],[-130.55652,61.25541]]]}},{"type":"Feature","properties":{"c":"YC27428","o":"YUKON ZINC CORPORATION - 100%","e":"2028-11-22"},"geometry":{"type":"Polygon","coordinates":[[[-130.59787,61.41762],[-130.59794,61.42172],[-130.58937,61.42174],[-130.58931,61.41764],[-130.59787,61.41762]]]}},{"type":"Feature","properties":{"c":"YB60585","o":"YUKON ZINC CORPORATION - 100%","e":"2029-03-17"},"geometry":{"type":"Polygon","coordinates":[[[-130.52841,61.30597],[-130.53654,61.3047],[-130.53907,61.30847],[-130.53096,61.30974],[-130.52841,61.30597]]]}},{"type":"Feature","properties":{"c":"YB55326","o":"BMC Minerals Ltd. - 100%","e":"2044-04-02"},"geometry":{"type":"Polygon","coordinates":[[[-130.5042,61.44064],[-130.50909,61.43836],[-130.50911,61.44063],[-130.5042,61.44064]]]}},{"type":"Feature","properties":{"c":"YB76835","o":"BMC Minerals Ltd. - 100%","e":"2045-03-17"},"geometry":{"type":"Polygon","coordinates":[[[-130.57503,61.26937],[-130.58308,61.2681],[-130.58568,61.27196],[-130.57766,61.27326],[-130.57503,61.26937]]]}},{"type":"Feature","properties":{"c":"YB58625","o":"YUKON ZINC CORPORATION - 100%","e":"2028-12-31"},"geometry":{"type":"Polygon","coordinates":[[[-130.60182,61.32057],[-130.60696,61.31744],[-130.61349,61.31992],[-130.60834,61.32306],[-130.60182,61.32057]]]}},{"type":"Feature","properties":{"c":"YB48480","o":"BMC Minerals Ltd. - 100%","e":"2044-04-02"},"geometry":{"type":"Polygon","coordinates":[[[-130.51026,61.47245],[-130.5102,61.47583],[-130.50161,61.47583],[-130.50156,61.47246],[-130.51026,61.47245]]]}},{"type":"Feature","properties":{"c":"YC27968","o":"YUKON ZINC CORPORATION - 100%","e":"2030-03-17"},"geometry":{"type":"Polygon","coordinates":[[[-130.64038,61.18694],[-130.63617,61.18338],[-130.64355,61.18134],[-130.64776,61.18491],[-130.64038,61.18694]]]}},{"type":"Feature","properties":{"c":"YB47489","o":"BMC Minerals Ltd. - 100%","e":"2044-04-02"},"geometry":{"type":"Polygon","coordinates":[[[-130.65801,61.47614],[-130.65796,61.4722],[-130.66644,61.47217],[-130.66649,61.47611],[-130.65801,61.47614]]]}},{"type":"Feature","properties":{"c":"YB63753","o":"YUKON ZINC CORPORATION - 100%","e":"2029-03-17"},"geometry":{"type":"Polygon","coordinates":[[[-130.74921,61.23751],[-130.75663,61.23546],[-130.76088,61.23903],[-130.75345,61.24108],[-130.74921,61.23751]]]}},{"type":"Feature","properties":{"c":"YB47473","o":"BMC Minerals Ltd. - 100%","e":"2044-04-02"},"geometry":{"type":"Polygon","coordinates":[[[-130.67484,61.47607],[-130.68332,61.47603],[-130.68342,61.48007],[-130.67494,61.4801],[-130.67484,61.47607]]]}},{"type":"Feature","properties":{"c":"YB46329","o":"BMC Minerals Ltd. - 100%","e":"2046-04-02"},"geometry":{"type":"Polygon","coordinates":[[[-130.58978,61.4538],[-130.58979,61.44973],[-130.59806,61.44972],[-130.59811,61.4538],[-130.58978,61.4538]]]}},{"type":"Feature","properties":{"c":"YB56070","o":"YUKON ZINC CORPORATION - 100%","e":"2030-03-17"},"geometry":{"type":"Polygon","coordinates":[[[-130.86284,61.42028],[-130.8712,61.42026],[-130.8713,61.42429],[-130.86295,61.42431],[-130.86284,61.42028]]]}},{"type":"Feature","properties":{"c":"YB48957","o":"BMC Minerals Ltd. - 100%","e":"2044-04-02"},"geometry":{"type":"Polygon","coordinates":[[[-130.69158,61.46823],[-130.70002,61.46819],[-130.70011,61.47209],[-130.69167,61.47214],[-130.69158,61.46823]]]}},{"type":"Feature","properties":{"c":"YC27937","o":"YUKON ZINC CORPORATION - 100%","e":"2030-03-17"},"geometry":{"type":"Polygon","coordinates":[[[-130.5845,61.19761],[-130.5803,61.19404],[-130.58768,61.19201],[-130.59189,61.19558],[-130.5845,61.19761]]]}},{"type":"Feature","properties":{"c":"YF24888","o":"YUKON ZINC CORPORATION - 100%","e":"2028-06-27"},"geometry":{"type":"Polygon","coordinates":[[[-130.56001,61.33056],[-130.56225,61.33375],[-130.55432,61.33507],[-130.55202,61.3318],[-130.56001,61.33056]]]}},{"type":"Feature","properties":{"c":"YB33806","o":"FInlayson Copper Ltd. - 100%","e":"2038-12-31"},"geometry":{"type":"Polygon","coordinates":[[[-130.50976,61.23845],[-130.50988,61.24223],[-130.50137,61.2423],[-130.50125,61.23852],[-130.50282,61.23851],[-130.50976,61.23845]]]}},{"type":"Feature","properties":{"c":"YB70500","o":"YUKON ZINC CORPORATION - 100%","e":"2029-03-17"},"geometry":{"type":"Polygon","coordinates":[[[-130.52886,61.29326],[-130.52629,61.28943],[-130.53448,61.28815],[-130.53704,61.29199],[-130.52886,61.29326]]]}},{"type":"Feature","properties":{"c":"YB94287","o":"FInlayson Copper Ltd. - 100%","e":"2038-11-12"},"geometry":{"type":"Polygon","coordinates":[[[-130.50873,61.20824],[-130.50886,61.21202],[-130.50035,61.21209],[-130.50023,61.20831],[-130.50873,61.20824]]]}},{"type":"Feature","properties":{"c":"YB47683","o":"BMC Minerals Ltd. - 100%","e":"2044-04-02"},"geometry":{"type":"Polygon","coordinates":[[[-130.5675,61.48849],[-130.57562,61.4885],[-130.57566,61.4925],[-130.56756,61.4925],[-130.5675,61.48883],[-130.5675,61.48849]]]}},{"type":"Feature","properties":{"c":"YB51219","o":"BMC Minerals Ltd. - 100%","e":"2044-04-02"},"geometry":{"type":"Polygon","coordinates":[[[-130.62354,61.43378],[-130.62361,61.43772],[-130.61504,61.43775],[-130.61492,61.43381],[-130.62354,61.43378]]]}},{"type":"Feature","properties":{"c":"YB76892","o":"YUKON ZINC CORPORATION - 100%","e":"2029-03-17"},"geometry":{"type":"Polygon","coordinates":[[[-130.58078,61.38298],[-130.58086,61.38701],[-130.57243,61.38698],[-130.57326,61.38683],[-130.57239,61.38562],[-130.57233,61.38302],[-130.58078,61.38298]]]}},{"type":"Feature","properties":{"c":"YC22654","o":"FInlayson Copper Ltd. - 100%","e":"2038-12-09"},"geometry":{"type":"Polygon","coordinates":[[[-130.5341,61.20426],[-130.53397,61.20049],[-130.54247,61.20042],[-130.5426,61.20419],[-130.5341,61.20426]]]}},{"type":"Feature","properties":{"c":"YB85295","o":"BMC Minerals Ltd. - 100%","e":"2044-04-02"},"geometry":{"type":"Polygon","coordinates":[[[-130.59821,61.46196],[-130.58977,61.46195],[-130.59821,61.46156],[-130.59821,61.46196]]]}},{"type":"Feature","properties":{"c":"YB45990","o":"YUKON ZINC CORPORATION - 100%","e":"2028-12-31"},"geometry":{"type":"Polygon","coordinates":[[[-130.61897,61.34247],[-130.62549,61.34497],[-130.6202,61.3481],[-130.61374,61.34562],[-130.61897,61.34247]]]}},{"type":"Feature","properties":{"c":"YB47630","o":"BMC Minerals Ltd. - 100%","e":"2044-04-02"},"geometry":{"type":"Polygon","coordinates":[[[-130.58459,61.44001],[-130.57754,61.44214],[-130.57304,61.43872],[-130.58006,61.43657],[-130.58459,61.44001]]]}},{"type":"Feature","properties":{"c":"YB76768","o":"YUKON ZINC CORPORATION - 100%","e":"2029-03-17"},"geometry":{"type":"Polygon","coordinates":[[[-130.59808,61.40302],[-130.60653,61.40297],[-130.60663,61.40699],[-130.59818,61.40704],[-130.59808,61.40302]]]}},{"type":"Feature","properties":{"c":"YB76810","o":"BMC Minerals Ltd. - 100%","e":"2045-03-17"},"geometry":{"type":"Polygon","coordinates":[[[-130.57718,61.28573],[-130.57458,61.28188],[-130.58263,61.28062],[-130.58524,61.28447],[-130.57718,61.28573]]]}},{"type":"Feature","properties":{"c":"YB46333","o":"BMC Minerals Ltd. - 100%","e":"2046-04-02"},"geometry":{"type":"Polygon","coordinates":[[[-130.57285,61.4538],[-130.57284,61.44974],[-130.58132,61.44973],[-130.58132,61.4538],[-130.57285,61.4538]]]}},{"type":"Feature","properties":{"c":"YF24887","o":"YUKON ZINC CORPORATION - 100%","e":"2028-06-27"},"geometry":{"type":"Polygon","coordinates":[[[-130.56225,61.33375],[-130.56443,61.33687],[-130.56276,61.33791],[-130.55697,61.33886],[-130.55432,61.33507],[-130.56225,61.33375]]]}},{"type":"Feature","properties":{"c":"YB46247","o":"BMC Minerals Ltd. - 100%","e":"2046-04-02"},"geometry":{"type":"Polygon","coordinates":[[[-130.59816,61.45788],[-130.58977,61.45787],[-130.58978,61.4538],[-130.59811,61.4538],[-130.59816,61.45788]]]}},{"type":"Feature","properties":{"c":"YB46347","o":"BMC Minerals Ltd. - 100%","e":"2046-04-02"},"geometry":{"type":"Polygon","coordinates":[[[-130.57288,61.47409],[-130.58133,61.47409],[-130.58133,61.47815],[-130.57288,61.47815],[-130.57288,61.47409]]]}},{"type":"Feature","properties":{"c":"YB76701","o":"YUKON ZINC CORPORATION - 100%","e":"2029-03-17"},"geometry":{"type":"Polygon","coordinates":[[[-130.52525,61.382],[-130.51716,61.38333],[-130.51439,61.3795],[-130.52249,61.37814],[-130.52525,61.382]]]}},{"type":"Feature","properties":{"c":"YB63723","o":"YUKON ZINC CORPORATION - 100%","e":"2029-03-17"},"geometry":{"type":"Polygon","coordinates":[[[-130.74388,61.22472],[-130.73962,61.22113],[-130.74705,61.21907],[-130.75129,61.22266],[-130.74388,61.22472]]]}},{"type":"Feature","properties":{"c":"YB47518","o":"BMC Minerals Ltd. - 100%","e":"2044-04-02"},"geometry":{"type":"Polygon","coordinates":[[[-130.63243,61.47229],[-130.6324,61.46832],[-130.64096,61.46829],[-130.64103,61.47226],[-130.63243,61.47229]]]}},{"type":"Feature","properties":{"c":"YE36910","o":"Blake Macdonald - 100%","e":"2031-06-23"},"geometry":{"type":"Polygon","coordinates":[[[-130.75485,61.27938],[-130.75874,61.28303],[-130.75117,61.2849],[-130.74727,61.28125],[-130.75485,61.27938]]]}},{"type":"Feature","properties":{"c":"YB51879","o":"BMC Minerals Ltd. - 100%","e":"2034-11-30"},"geometry":{"type":"Polygon","coordinates":[[[-130.87411,61.35345],[-130.88241,61.35341],[-130.88241,61.35743],[-130.87409,61.35747],[-130.87411,61.35345]]]}},{"type":"Feature","properties":{"c":"YB63943","o":"YUKON ZINC CORPORATION - 100%","e":"2029-03-17"},"geometry":{"type":"Polygon","coordinates":[[[-130.51932,61.27415],[-130.52461,61.27723],[-130.51798,61.27986],[-130.51268,61.27675],[-130.51932,61.27415]]]}},{"type":"Feature","properties":{"c":"YB60595","o":"YUKON ZINC CORPORATION - 100%","e":"2034-03-17"},"geometry":{"type":"Polygon","coordinates":[[[-130.51215,61.3085],[-130.52053,61.30719],[-130.52305,61.31098],[-130.51474,61.31227],[-130.51215,61.3085]]]}},{"type":"Feature","properties":{"c":"YB60712","o":"YUKON ZINC CORPORATION - 100%","e":"2029-03-17"},"geometry":{"type":"Polygon","coordinates":[[[-130.50664,61.3555],[-130.5146,61.35421],[-130.51725,61.35799],[-130.50929,61.35929],[-130.50664,61.3555]]]}},{"type":"Feature","properties":{"c":"YB47465","o":"BMC Minerals Ltd. - 100%","e":"2044-04-02"},"geometry":{"type":"Polygon","coordinates":[[[-130.67405,61.44447],[-130.67392,61.44038],[-130.68241,61.44034],[-130.68253,61.44444],[-130.67405,61.44447]]]}},{"type":"Feature","properties":{"c":"YA56604","o":"FInlayson Copper Ltd. - 100%","e":"2037-09-09"},"geometry":{"type":"Polygon","coordinates":[[[-130.50972,61.22941],[-130.51687,61.22718],[-130.52149,61.23063],[-130.51434,61.23286],[-130.5117,61.23088],[-130.50972,61.22941]]]}},{"type":"Feature","properties":{"c":"YB76751","o":"YUKON ZINC CORPORATION - 100%","e":"2029-03-17"},"geometry":{"type":"Polygon","coordinates":[[[-130.55702,61.36413],[-130.56502,61.36283],[-130.56765,61.36658],[-130.55964,61.36789],[-130.55702,61.36413]]]}},{"type":"Feature","properties":{"c":"YB60749","o":"YUKON ZINC CORPORATION - 100%","e":"2029-03-17"},"geometry":{"type":"Polygon","coordinates":[[[-130.50199,61.37423],[-130.50473,61.37818],[-130.49676,61.37944],[-130.49398,61.37551],[-130.50199,61.37423]]]}},{"type":"Feature","properties":{"c":"YB45982","o":"YUKON ZINC CORPORATION - 100%","e":"2028-12-31"},"geometry":{"type":"Polygon","coordinates":[[[-130.63069,61.34182],[-130.63589,61.33866],[-130.64241,61.34115],[-130.63721,61.34431],[-130.63069,61.34182]]]}},{"type":"Feature","properties":{"c":"YB63917","o":"YUKON ZINC CORPORATION - 100%","e":"2030-03-17"},"geometry":{"type":"Polygon","coordinates":[[[-130.71082,61.23857],[-130.71851,61.23651],[-130.72272,61.24008],[-130.71496,61.24213],[-130.71082,61.23857]]]}},{"type":"Feature","properties":{"c":"YB47703","o":"BMC Minerals Ltd. - 100%","e":"2044-04-02"},"geometry":{"type":"Polygon","coordinates":[[[-130.5599,61.48083],[-130.55993,61.48484],[-130.55155,61.48485],[-130.55152,61.48084],[-130.5599,61.48083]]]}},{"type":"Feature","properties":{"c":"YF24883","o":"YUKON ZINC CORPORATION - 100%","e":"2028-06-27"},"geometry":{"type":"Polygon","coordinates":[[[-130.52784,61.34784],[-130.53051,61.35162],[-130.52255,61.35292],[-130.51989,61.34913],[-130.52784,61.34784]]]}},{"type":"Feature","properties":{"c":"YC27935","o":"YUKON ZINC CORPORATION - 100%","e":"2030-03-17"},"geometry":{"type":"Polygon","coordinates":[[[-130.59506,61.18998],[-130.59086,61.18641],[-130.59824,61.18438],[-130.60245,61.18795],[-130.59506,61.18998]]]}},{"type":"Feature","properties":{"c":"YB88880","o":"FInlayson Copper Ltd. - 100%","e":"2038-12-03"},"geometry":{"type":"Polygon","coordinates":[[[-130.57254,61.2455],[-130.56959,61.24552],[-130.5695,61.24304],[-130.57254,61.2455]]]}},{"type":"Feature","properties":{"c":"YB77164","o":"BMC Minerals Ltd. - 100%","e":"2045-03-17"},"geometry":{"type":"Polygon","coordinates":[[[-130.58498,61.25243],[-130.5858,61.2531],[-130.58224,61.25404],[-130.58175,61.25336],[-130.58498,61.25243]]]}},{"type":"Feature","properties":{"c":"YB76718","o":"YUKON ZINC CORPORATION - 100%","e":"2029-03-17"},"geometry":{"type":"Polygon","coordinates":[[[-130.52249,61.37814],[-130.53046,61.37685],[-130.53322,61.38069],[-130.52525,61.382],[-130.52249,61.37814]]]}},{"type":"Feature","properties":{"c":"YB70464","o":"YUKON ZINC CORPORATION - 100%","e":"2032-03-17"},"geometry":{"type":"Polygon","coordinates":[[[-130.49682,61.29407],[-130.49631,61.29372],[-130.50281,61.29109],[-130.50527,61.29268],[-130.49682,61.29407]]]}},{"type":"Feature","properties":{"c":"YB51216","o":"BMC Minerals Ltd. - 100%","e":"2044-04-02"},"geometry":{"type":"Polygon","coordinates":[[[-130.63198,61.42982],[-130.63203,61.43376],[-130.62354,61.43378],[-130.62348,61.42985],[-130.63198,61.42982]]]}},{"type":"Feature","properties":{"c":"YB47513","o":"BMC Minerals Ltd. - 100%","e":"2044-04-02"},"geometry":{"type":"Polygon","coordinates":[[[-130.64089,61.46432],[-130.64082,61.46042],[-130.64927,61.46042],[-130.64937,61.46429],[-130.64089,61.46432]]]}},{"type":"Feature","properties":{"c":"YB63534","o":"YUKON ZINC CORPORATION - 100%","e":"2029-03-17"},"geometry":{"type":"Polygon","coordinates":[[[-130.48988,61.27017],[-130.4966,61.26755],[-130.50236,61.27084],[-130.49559,61.27344],[-130.48988,61.27017]]]}},{"type":"Feature","properties":{"c":"YB56730","o":"BMC Minerals Ltd. - 100%","e":"2044-04-02"},"geometry":{"type":"Polygon","coordinates":[[[-130.69053,61.42437],[-130.69056,61.42804],[-130.68205,61.42807],[-130.68203,61.42441],[-130.69053,61.42437]]]}},{"type":"Feature","properties":{"c":"YB63940","o":"YUKON ZINC CORPORATION - 100%","e":"2029-03-17"},"geometry":{"type":"Polygon","coordinates":[[[-130.50054,61.27627],[-130.50724,61.27364],[-130.51268,61.27675],[-130.50599,61.27939],[-130.50054,61.27627]]]}},{"type":"Feature","properties":{"c":"YB93677","o":"FInlayson Copper Ltd. - 100%","e":"2039-01-08"},"geometry":{"type":"Polygon","coordinates":[[[-130.54366,61.2344],[-130.54379,61.23818],[-130.53528,61.23825],[-130.53515,61.23447],[-130.54366,61.2344]]]}},{"type":"Feature","properties":{"c":"YB60733","o":"YUKON ZINC CORPORATION - 100%","e":"2032-03-17"},"geometry":{"type":"Polygon","coordinates":[[[-130.51991,61.37436],[-130.52249,61.37814],[-130.51439,61.3795],[-130.51177,61.37572],[-130.51991,61.37436]]]}},{"type":"Feature","properties":{"c":"YB48944","o":"BMC Minerals Ltd. - 100%","e":"2044-04-02"},"geometry":{"type":"Polygon","coordinates":[[[-130.66632,61.46423],[-130.67457,61.46419],[-130.67466,61.46817],[-130.66638,61.4682],[-130.66632,61.46423]]]}},{"type":"Feature","properties":{"c":"YB93208","o":"BMC Minerals Ltd. - 100%","e":"2034-08-30"},"geometry":{"type":"Polygon","coordinates":[[[-130.74748,61.29042],[-130.75138,61.29407],[-130.74379,61.29595],[-130.73989,61.2923],[-130.74748,61.29042]]]}},{"type":"Feature","properties":{"c":"YB93672","o":"FInlayson Copper Ltd. - 100%","e":"2039-01-08"},"geometry":{"type":"Polygon","coordinates":[[[-130.53463,61.21937],[-130.53476,61.22314],[-130.52625,61.22321],[-130.52612,61.21944],[-130.53463,61.21937]]]}},{"type":"Feature","properties":{"c":"YB63539","o":"YUKON ZINC CORPORATION - 100%","e":"2029-03-17"},"geometry":{"type":"Polygon","coordinates":[[[-130.51544,61.26559],[-130.5204,61.2685],[-130.51388,61.27099],[-130.50913,61.26824],[-130.51544,61.26559]]]}},{"type":"Feature","properties":{"c":"YB70473","o":"YUKON ZINC CORPORATION - 100%","e":"2029-03-17"},"geometry":{"type":"Polygon","coordinates":[[[-130.53624,61.27781],[-130.53927,61.27959],[-130.53081,61.28084],[-130.52991,61.28032],[-130.53624,61.27781]]]}},{"type":"Feature","properties":{"c":"YB46362","o":"BMC Minerals Ltd. - 100%","e":"2046-04-02"},"geometry":{"type":"Polygon","coordinates":[[[-130.60661,61.47815],[-130.60671,61.48221],[-130.59825,61.48221],[-130.59824,61.47815],[-130.60661,61.47815]]]}},{"type":"Feature","properties":{"c":"YB48948","o":"BMC Minerals Ltd. - 100%","e":"2044-04-02"},"geometry":{"type":"Polygon","coordinates":[[[-130.67518,61.49229],[-130.66662,61.49229],[-130.66666,61.48807],[-130.67512,61.48805],[-130.67518,61.49229]]]}},{"type":"Feature","properties":{"c":"YB55901","o":"BMC Minerals Ltd. - 100%","e":"2044-04-02"},"geometry":{"type":"Polygon","coordinates":[[[-130.49207,61.44888],[-130.49204,61.4463],[-130.49534,61.44477],[-130.50059,61.44475],[-130.50064,61.44886],[-130.49207,61.44888]]]}},{"type":"Feature","properties":{"c":"YB60689","o":"YUKON ZINC CORPORATION - 100%","e":"2029-03-17"},"geometry":{"type":"Polygon","coordinates":[[[-130.54641,61.34903],[-130.54374,61.34525],[-130.55169,61.34395],[-130.55436,61.34773],[-130.54641,61.34903]]]}},{"type":"Feature","properties":{"c":"YB47695","o":"BMC Minerals Ltd. - 100%","e":"2044-04-02"},"geometry":{"type":"Polygon","coordinates":[[[-130.55976,61.46479],[-130.5598,61.4688],[-130.55142,61.46882],[-130.55139,61.46481],[-130.55976,61.46479]]]}},{"type":"Feature","properties":{"c":"YB51906","o":"BMC Minerals Ltd. - 100%","e":"2034-11-30"},"geometry":{"type":"Polygon","coordinates":[[[-130.84905,61.36568],[-130.8491,61.36164],[-130.85743,61.36159],[-130.85739,61.36563],[-130.84905,61.36568]]]}},{"type":"Feature","properties":{"c":"YB93676","o":"FInlayson Copper Ltd. - 100%","e":"2039-01-08"},"geometry":{"type":"Polygon","coordinates":[[[-130.54353,61.23063],[-130.54366,61.2344],[-130.53515,61.23447],[-130.53502,61.2307],[-130.54353,61.23063]]]}},{"type":"Feature","properties":{"c":"YB93699","o":"FInlayson Copper Ltd. - 100%","e":"2039-01-08"},"geometry":{"type":"Polygon","coordinates":[[[-130.50988,61.24223],[-130.51001,61.24601],[-130.5015,61.24607],[-130.50137,61.2423],[-130.50988,61.24223]]]}},{"type":"Feature","properties":{"c":"YB76814","o":"BMC Minerals Ltd. - 100%","e":"2045-03-17"},"geometry":{"type":"Polygon","coordinates":[[[-130.57201,61.27808],[-130.56963,61.27456],[-130.57766,61.27326],[-130.58007,61.27683],[-130.57201,61.27808]]]}},{"type":"Feature","properties":{"c":"YB76805","o":"BMC Minerals Ltd. - 100%","e":"2045-03-17"},"geometry":{"type":"Polygon","coordinates":[[[-130.53779,61.2541],[-130.54039,61.25798],[-130.53281,61.25918],[-130.53032,61.25534],[-130.53585,61.25442],[-130.53779,61.2541]]]}},{"type":"Feature","properties":{"c":"YB61483","o":"YUKON ZINC CORPORATION - 100%","e":"2030-03-17"},"geometry":{"type":"Polygon","coordinates":[[[-130.88217,61.35341],[-130.87379,61.35345],[-130.87364,61.34946],[-130.88203,61.34941],[-130.88217,61.35341]]]}},{"type":"Feature","properties":{"c":"YB76889","o":"YUKON ZINC CORPORATION - 100%","e":"2029-03-17"},"geometry":{"type":"Polygon","coordinates":[[[-130.58103,61.39506],[-130.58094,61.39103],[-130.58938,61.39099],[-130.58946,61.39502],[-130.58103,61.39506]]]}},{"type":"Feature","properties":{"c":"YC27435","o":"YUKON ZINC CORPORATION - 100%","e":"2028-11-22"},"geometry":{"type":"Polygon","coordinates":[[[-130.62348,61.41344],[-130.62355,61.41754],[-130.61499,61.41757],[-130.61492,61.41346],[-130.62348,61.41344]]]}},{"type":"Feature","properties":{"c":"YB47621","o":"BMC Minerals Ltd. - 100%","e":"2044-04-02"},"geometry":{"type":"Polygon","coordinates":[[[-130.56937,61.42106],[-130.57378,61.42441],[-130.56687,61.42653],[-130.56248,61.42318],[-130.56937,61.42106]]]}},{"type":"Feature","properties":{"c":"YB70496","o":"YUKON ZINC CORPORATION - 100%","e":"2029-03-17"},"geometry":{"type":"Polygon","coordinates":[[[-130.5237,61.28556],[-130.52146,61.28223],[-130.52975,61.281],[-130.5319,61.28429],[-130.5237,61.28556]]]}},{"type":"Feature","properties":{"c":"YB76792","o":"BMC Minerals Ltd. - 100%","e":"2045-03-17"},"geometry":{"type":"Polygon","coordinates":[[[-130.55601,61.28056],[-130.56405,61.27931],[-130.56653,61.28314],[-130.55848,61.2844],[-130.55601,61.28056]]]}},{"type":"Feature","properties":{"c":"YB77167","o":"BMC Minerals Ltd. - 100%","e":"2045-03-17"},"geometry":{"type":"Polygon","coordinates":[[[-130.58325,61.25542],[-130.5913,61.25414],[-130.59398,61.25798],[-130.58593,61.25925],[-130.58325,61.25542]]]}},{"type":"Feature","properties":{"c":"YB48977","o":"BMC Minerals Ltd. - 100%","e":"2044-04-02"},"geometry":{"type":"Polygon","coordinates":[[[-130.71699,61.472],[-130.71707,61.47587],[-130.70864,61.47591],[-130.70855,61.47204],[-130.71699,61.472]]]}},{"type":"Feature","properties":{"c":"YB76829","o":"BMC Minerals Ltd. - 100%","e":"2045-03-17"},"geometry":{"type":"Polygon","coordinates":[[[-130.58263,61.28062],[-130.59068,61.27936],[-130.59329,61.28321],[-130.58524,61.28447],[-130.58263,61.28062]]]}},{"type":"Feature","properties":{"c":"YB51529","o":"YUKON ZINC CORPORATION - 100%","e":"2028-12-31"},"geometry":{"type":"Polygon","coordinates":[[[-130.57589,61.33629],[-130.58238,61.33878],[-130.57721,61.34199],[-130.5707,61.33951],[-130.57589,61.33629]]]}},{"type":"Feature","properties":{"c":"YB93234","o":"BMC Minerals Ltd. - 100%","e":"2034-08-30"},"geometry":{"type":"Polygon","coordinates":[[[-130.70933,61.29061],[-130.71322,61.29426],[-130.70563,61.29613],[-130.70174,61.29248],[-130.70933,61.29061]]]}},{"type":"Feature","properties":{"c":"YB49588","o":"BMC Minerals Ltd. - 100%","e":"2044-04-02"},"geometry":{"type":"Polygon","coordinates":[[[-130.72502,61.44838],[-130.72489,61.4443],[-130.73331,61.44427],[-130.7334,61.44834],[-130.72502,61.44838]]]}},{"type":"Feature","properties":{"c":"YC27468","o":"YUKON ZINC CORPORATION - 100%","e":"2028-11-22"},"geometry":{"type":"Polygon","coordinates":[[[-130.56293,61.4175],[-130.56282,61.41709],[-130.56334,61.41671],[-130.56506,61.4162],[-130.56883,61.41624],[-130.56894,61.42035],[-130.56842,61.42034],[-130.56492,61.41771],[-130.56244,61.41848],[-130.56293,61.4175]]]}},{"type":"Feature","properties":{"c":"YB76815","o":"BMC Minerals Ltd. - 100%","e":"2045-03-17"},"geometry":{"type":"Polygon","coordinates":[[[-130.55892,61.2719],[-130.56697,61.27063],[-130.56963,61.27456],[-130.5616,61.27585],[-130.55892,61.2719]]]}},{"type":"Feature","properties":{"c":"YB93284","o":"BMC Minerals Ltd. - 100%","e":"2033-07-18"},"geometry":{"type":"Polygon","coordinates":[[[-130.63039,61.32633],[-130.62978,61.32536],[-130.63783,61.32411],[-130.64035,61.32793],[-130.63627,61.32856],[-130.63039,61.32633]]]}},{"type":"Feature","properties":{"c":"YB45981","o":"YUKON ZINC CORPORATION - 100%","e":"2028-12-31"},"geometry":{"type":"Polygon","coordinates":[[[-130.62417,61.33933],[-130.63069,61.34182],[-130.62549,61.34497],[-130.61897,61.34247],[-130.62417,61.33933]]]}},{"type":"Feature","properties":{"c":"YB51903","o":"BMC Minerals Ltd. - 100%","e":"2034-11-30"},"geometry":{"type":"Polygon","coordinates":[[[-130.84088,61.35361],[-130.84919,61.35357],[-130.84914,61.3576],[-130.84083,61.35764],[-130.84088,61.35361]]]}},{"type":"Feature","properties":{"c":"YA56603","o":"FInlayson Copper Ltd. - 100%","e":"2037-09-09"},"geometry":{"type":"Polygon","coordinates":[[[-130.5194,61.22151],[-130.52402,61.22496],[-130.51687,61.22718],[-130.51226,61.22374],[-130.5194,61.22151]]]}},{"type":"Feature","properties":{"c":"YB60604","o":"YUKON ZINC CORPORATION - 100%","e":"2036-03-17"},"geometry":{"type":"Polygon","coordinates":[[[-130.51474,61.31227],[-130.50677,61.31352],[-130.50413,61.30987],[-130.51222,61.3086],[-130.51474,61.31227]]]}},{"type":"Feature","properties":{"c":"YB93701","o":"FInlayson Copper Ltd. - 100%","e":"2039-01-08"},"geometry":{"type":"Polygon","coordinates":[[[-130.51001,61.24601],[-130.51014,61.24978],[-130.50163,61.24985],[-130.5015,61.24607],[-130.51001,61.24601]]]}},{"type":"Feature","properties":{"c":"YB51242","o":"BMC Minerals Ltd. - 100%","e":"2044-04-02"},"geometry":{"type":"Polygon","coordinates":[[[-130.567,61.43671],[-130.56716,61.44072],[-130.55956,61.44073],[-130.55953,61.43672],[-130.567,61.43671]]]}},{"type":"Feature","properties":{"c":"YB76697","o":"YUKON ZINC CORPORATION - 100%","e":"2029-03-17"},"geometry":{"type":"Polygon","coordinates":[[[-130.51567,61.39343],[-130.50758,61.39471],[-130.50487,61.39089],[-130.51289,61.38961],[-130.51567,61.39343]]]}},{"type":"Feature","properties":{"c":"YB47673","o":"BMC Minerals Ltd. - 100%","e":"2044-04-02"},"geometry":{"type":"Polygon","coordinates":[[[-130.58362,61.4885],[-130.59176,61.4885],[-130.59171,61.49206],[-130.58356,61.49204],[-130.58362,61.4885]]]}},{"type":"Feature","properties":{"c":"YB93499","o":"BMC Minerals Ltd. - 100%","e":"2034-03-12"},"geometry":{"type":"Polygon","coordinates":[[[-130.61939,61.30024],[-130.62747,61.299],[-130.63006,61.3028],[-130.62197,61.30404],[-130.61939,61.30024]]]}},{"type":"Feature","properties":{"c":"YB49573","o":"BMC Minerals Ltd. - 100%","e":"2044-04-02"},"geometry":{"type":"Polygon","coordinates":[[[-130.68263,61.44854],[-130.69114,61.44851],[-130.69121,61.45233],[-130.68273,61.45236],[-130.68263,61.44854]]]}},{"type":"Feature","properties":{"c":"YB60688","o":"YUKON ZINC CORPORATION - 100%","e":"2029-03-17"},"geometry":{"type":"Polygon","coordinates":[[[-130.53314,61.34276],[-130.54109,61.34146],[-130.54374,61.34525],[-130.53579,61.34654],[-130.53314,61.34276]]]}},{"type":"Feature","properties":{"c":"YB46243","o":"BMC Minerals Ltd. - 100%","e":"2046-04-02"},"geometry":{"type":"Polygon","coordinates":[[[-130.59816,61.45788],[-130.60669,61.45789],[-130.60666,61.46156],[-130.59821,61.46156],[-130.59816,61.45788]]]}},{"type":"Feature","properties":{"c":"YC27410","o":"YUKON ZINC CORPORATION - 100%","e":"2028-11-22"},"geometry":{"type":"Polygon","coordinates":[[[-130.60656,61.4258],[-130.60663,61.4299],[-130.59807,61.42993],[-130.598,61.42582],[-130.60656,61.4258]]]}},{"type":"Feature","properties":{"c":"YC27925","o":"YUKON ZINC CORPORATION - 100%","e":"2030-03-17"},"geometry":{"type":"Polygon","coordinates":[[[-130.63196,61.17981],[-130.62776,61.17625],[-130.63513,61.17421],[-130.63934,61.17778],[-130.63196,61.17981]]]}},{"type":"Feature","properties":{"c":"YB45989","o":"YUKON ZINC CORPORATION - 100%","e":"2028-12-31"},"geometry":{"type":"Polygon","coordinates":[[[-130.60189,61.34624],[-130.60717,61.34311],[-130.61374,61.34562],[-130.6085,61.34878],[-130.60189,61.34624]]]}},{"type":"Feature","properties":{"c":"YB47696","o":"BMC Minerals Ltd. - 100%","e":"2044-04-02"},"geometry":{"type":"Polygon","coordinates":[[[-130.56443,61.4728],[-130.55983,61.47281],[-130.5598,61.4688],[-130.56443,61.46879],[-130.56443,61.4728]]]}},{"type":"Feature","properties":{"c":"YB47484","o":"BMC Minerals Ltd. - 100%","e":"2044-04-02"},"geometry":{"type":"Polygon","coordinates":[[[-130.64878,61.44046],[-130.65717,61.44044],[-130.65731,61.44453],[-130.64887,61.44456],[-130.64878,61.44046]]]}},{"type":"Feature","properties":{"c":"YB55332","o":"BMC Minerals Ltd. - 100%","e":"2044-04-02"},"geometry":{"type":"Polygon","coordinates":[[[-130.50069,61.45296],[-130.50064,61.44886],[-130.50921,61.44883],[-130.50926,61.45294],[-130.50069,61.45296]]]}},{"type":"Feature","properties":{"c":"YB60714","o":"YUKON ZINC CORPORATION - 100%","e":"2029-03-17"},"geometry":{"type":"Polygon","coordinates":[[[-130.50929,61.35929],[-130.51725,61.35799],[-130.5199,61.36177],[-130.51194,61.36307],[-130.50929,61.35929]]]}},{"type":"Feature","properties":{"c":"YB56143","o":"YUKON ZINC CORPORATION - 100%","e":"2035-03-17"},"geometry":{"type":"Polygon","coordinates":[[[-130.55781,61.30972],[-130.55527,61.30595],[-130.5633,61.30472],[-130.56582,61.3085],[-130.55781,61.30972]]]}},{"type":"Feature","properties":{"c":"YB76803","o":"BMC Minerals Ltd. - 100%","e":"2045-03-17"},"geometry":{"type":"Polygon","coordinates":[[[-130.54039,61.25798],[-130.54303,61.26179],[-130.53529,61.26302],[-130.53281,61.25918],[-130.54039,61.25798]]]}},{"type":"Feature","properties":{"c":"YB33804","o":"FInlayson Copper Ltd. - 100%","e":"2038-12-31"},"geometry":{"type":"Polygon","coordinates":[[[-130.50963,61.23468],[-130.50976,61.23845],[-130.50125,61.23852],[-130.50112,61.23475],[-130.50963,61.23468]]]}},{"type":"Feature","properties":{"c":"YB88890","o":"FInlayson Copper Ltd. - 100%","e":"2038-12-03"},"geometry":{"type":"Polygon","coordinates":[[[-130.56068,61.23426],[-130.56081,61.23804],[-130.5523,61.23811],[-130.55217,61.23433],[-130.56068,61.23426]]]}},{"type":"Feature","properties":{"c":"YB68808","o":"YUKON ZINC CORPORATION - 100%","e":"2032-03-17"},"geometry":{"type":"Polygon","coordinates":[[[-130.50103,61.33154],[-130.50923,61.33023],[-130.51222,61.33431],[-130.50405,61.33561],[-130.50103,61.33154]]]}},{"type":"Feature","properties":{"c":"YB60709","o":"YUKON ZINC CORPORATION - 100%","e":"2029-03-17"},"geometry":{"type":"Polygon","coordinates":[[[-130.51989,61.34913],[-130.52255,61.35292],[-130.5146,61.35421],[-130.51194,61.35043],[-130.51989,61.34913]]]}},{"type":"Feature","properties":{"c":"YB56140","o":"YUKON ZINC CORPORATION - 100%","e":"2035-03-17"},"geometry":{"type":"Polygon","coordinates":[[[-130.58163,61.31874],[-130.58415,61.32253],[-130.57605,61.32378],[-130.57351,61.32],[-130.58163,61.31874]]]}},{"type":"Feature","properties":{"c":"YB47576","o":"BMC Minerals Ltd. - 100%","e":"2044-04-02"},"geometry":{"type":"Polygon","coordinates":[[[-130.53466,61.46885],[-130.53469,61.47286],[-130.52631,61.47287],[-130.52629,61.46886],[-130.53466,61.46885]]]}},{"type":"Feature","properties":{"c":"YB58618","o":"YUKON ZINC CORPORATION - 100%","e":"2028-12-31"},"geometry":{"type":"Polygon","coordinates":[[[-130.60319,61.3262],[-130.60974,61.32869],[-130.60457,61.33183],[-130.59804,61.32933],[-130.60319,61.3262]]]}},{"type":"Feature","properties":{"c":"YC27431","o":"YUKON ZINC CORPORATION - 100%","e":"2028-11-22"},"geometry":{"type":"Polygon","coordinates":[[[-130.60636,61.41349],[-130.60643,61.41759],[-130.59787,61.41762],[-130.5978,61.41351],[-130.60636,61.41349]]]}},{"type":"Feature","properties":{"c":"YB60602","o":"YUKON ZINC CORPORATION - 100%","e":"2029-03-17"},"geometry":{"type":"Polygon","coordinates":[[[-130.53348,61.32635],[-130.5308,61.32245],[-130.53874,61.32122],[-130.54144,61.325],[-130.53348,61.32635]]]}},{"type":"Feature","properties":{"c":"YB47674","o":"BMC Minerals Ltd. - 100%","e":"2044-04-02"},"geometry":{"type":"Polygon","coordinates":[[[-130.59949,61.4966],[-130.59164,61.4966],[-130.5917,61.49249],[-130.59947,61.49248],[-130.59949,61.4966]]]}},{"type":"Feature","properties":{"c":"YB77181","o":"BMC Minerals Ltd. - 100%","e":"2045-03-17"},"geometry":{"type":"Polygon","coordinates":[[[-130.6094,61.28069],[-130.61202,61.28453],[-130.60396,61.28579],[-130.60134,61.28195],[-130.6094,61.28069]]]}},{"type":"Feature","properties":{"c":"YB56089","o":"YUKON ZINC CORPORATION - 100%","e":"2030-03-17"},"geometry":{"type":"Polygon","coordinates":[[[-130.86257,61.40416],[-130.86247,61.40011],[-130.87089,61.4001],[-130.871,61.40416],[-130.86257,61.40416]]]}},{"type":"Feature","properties":{"c":"YB56718","o":"BMC Minerals Ltd. - 100%","e":"2044-04-02"},"geometry":{"type":"Polygon","coordinates":[[[-130.66504,61.41632],[-130.67352,61.41628],[-130.67352,61.42036],[-130.66503,61.4204],[-130.66504,61.4174],[-130.66504,61.41632]]]}},{"type":"Feature","properties":{"c":"YB76863","o":"BMC Minerals Ltd. - 100%","e":"2045-03-17"},"geometry":{"type":"Polygon","coordinates":[[[-130.61893,61.25589],[-130.62153,61.2597],[-130.61362,61.2609],[-130.611,61.25707],[-130.61865,61.25593],[-130.61893,61.25589]]]}},{"type":"Feature","properties":{"c":"YB56091","o":"YUKON ZINC CORPORATION - 100%","e":"2030-03-17"},"geometry":{"type":"Polygon","coordinates":[[[-130.87106,61.40821],[-130.8626,61.4082],[-130.86257,61.40416],[-130.871,61.40416],[-130.87106,61.40821]]]}},{"type":"Feature","properties":{"c":"YC27466","o":"YUKON ZINC CORPORATION - 100%","e":"2028-11-22"},"geometry":{"type":"Polygon","coordinates":[[[-130.56883,61.41624],[-130.56506,61.4162],[-130.56561,61.41596],[-130.56541,61.41562],[-130.56573,61.41489],[-130.56499,61.41364],[-130.56501,61.41209],[-130.56869,61.41214],[-130.56883,61.41624]]]}},{"type":"Feature","properties":{"c":"YB77183","o":"BMC Minerals Ltd. - 100%","e":"2045-03-17"},"geometry":{"type":"Polygon","coordinates":[[[-130.61202,61.28453],[-130.61465,61.28837],[-130.60658,61.28963],[-130.60396,61.28579],[-130.61202,61.28453]]]}},{"type":"Feature","properties":{"c":"YB63752","o":"YUKON ZINC CORPORATION - 100%","e":"2029-03-17"},"geometry":{"type":"Polygon","coordinates":[[[-130.75764,61.24459],[-130.75345,61.24108],[-130.76088,61.23903],[-130.76506,61.24255],[-130.75764,61.24459]]]}},{"type":"Feature","properties":{"c":"YF24900","o":"YUKON ZINC CORPORATION - 100%","e":"2028-06-27"},"geometry":{"type":"Polygon","coordinates":[[[-130.5122,61.33815],[-130.5148,61.34177],[-130.50705,61.3431],[-130.50437,61.33948],[-130.5122,61.33815]]]}},{"type":"Feature","properties":{"c":"YB46256","o":"BMC Minerals Ltd. - 100%","e":"2046-04-02"},"geometry":{"type":"Polygon","coordinates":[[[-130.58133,61.47409],[-130.58133,61.4702],[-130.58978,61.47028],[-130.58978,61.47409],[-130.58133,61.47409]]]}},{"type":"Feature","properties":{"c":"YB47549","o":"BMC Minerals Ltd. - 100%","e":"2044-04-02"},"geometry":{"type":"Polygon","coordinates":[[[-130.54298,61.46081],[-130.54301,61.46482],[-130.53463,61.46484],[-130.5346,61.46083],[-130.54298,61.46081]]]}},{"type":"Feature","properties":{"c":"YB51517","o":"YUKON ZINC CORPORATION - 100%","e":"2028-12-31"},"geometry":{"type":"Polygon","coordinates":[[[-130.59289,61.33247],[-130.59941,61.33497],[-130.59415,61.33812],[-130.58764,61.33563],[-130.59289,61.33247]]]}},{"type":"Feature","properties":{"c":"YB63749","o":"YUKON ZINC CORPORATION - 100%","e":"2029-03-17"},"geometry":{"type":"Polygon","coordinates":[[[-130.76406,61.23341],[-130.77148,61.23136],[-130.77573,61.23494],[-130.7683,61.23699],[-130.76406,61.23341]]]}},{"type":"Feature","properties":{"c":"YB46244","o":"BMC Minerals Ltd. - 100%","e":"2046-04-02"},"geometry":{"type":"Polygon","coordinates":[[[-130.59822,61.46574],[-130.59821,61.46196],[-130.6063,61.46198],[-130.60637,61.46573],[-130.59822,61.46574]]]}},{"type":"Feature","properties":{"c":"YB46346","o":"BMC Minerals Ltd. - 100%","e":"2046-04-02"},"geometry":{"type":"Polygon","coordinates":[[[-130.57288,61.47409],[-130.57288,61.47815],[-130.56442,61.47815],[-130.56442,61.47409],[-130.57288,61.47409]]]}},{"type":"Feature","properties":{"c":"YB76875","o":"BMC Minerals Ltd. - 100%","e":"2045-03-17"},"geometry":{"type":"Polygon","coordinates":[[[-130.63467,61.27894],[-130.63734,61.28282],[-130.62948,61.28407],[-130.62682,61.28019],[-130.63467,61.27894]]]}},{"type":"Feature","properties":{"c":"YE36913","o":"Blake Macdonald - 100%","e":"2031-06-23"},"geometry":{"type":"Polygon","coordinates":[[[-130.75854,61.27385],[-130.76243,61.2775],[-130.75485,61.27938],[-130.75096,61.27572],[-130.75854,61.27385]]]}},{"type":"Feature","properties":{"c":"YB93498","o":"BMC Minerals Ltd. - 100%","e":"2034-03-12"},"geometry":{"type":"Polygon","coordinates":[[[-130.62457,61.30787],[-130.6195,61.30866],[-130.61691,61.30484],[-130.62197,61.30404],[-130.62457,61.30787]]]}},{"type":"Feature","properties":{"c":"YB76861","o":"BMC Minerals Ltd. - 100%","e":"2045-03-17"},"geometry":{"type":"Polygon","coordinates":[[[-130.61668,61.25271],[-130.61893,61.25589],[-130.611,61.25707],[-130.60944,61.2548],[-130.61456,61.25351],[-130.61668,61.25271]]]}},{"type":"Feature","properties":{"c":"YB51868","o":"BMC Minerals Ltd. - 100%","e":"2034-11-30"},"geometry":{"type":"Polygon","coordinates":[[[-130.89908,61.36538],[-130.90741,61.36533],[-130.90752,61.36939],[-130.8991,61.36943],[-130.89908,61.36538]]]}},{"type":"Feature","properties":{"c":"YB77174","o":"BMC Minerals Ltd. - 100%","e":"2045-03-17"},"geometry":{"type":"Polygon","coordinates":[[[-130.60719,61.26431],[-130.60976,61.26806],[-130.60174,61.26936],[-130.59919,61.26557],[-130.60719,61.26431]]]}},{"type":"Feature","properties":{"c":"YB63910","o":"YUKON ZINC CORPORATION - 100%","e":"2029-03-17"},"geometry":{"type":"Polygon","coordinates":[[[-130.74178,61.23956],[-130.73753,61.23599],[-130.74496,61.23394],[-130.74921,61.23751],[-130.74178,61.23956]]]}},{"type":"Feature","properties":{"c":"YB47623","o":"BMC Minerals Ltd. - 100%","e":"2044-04-02"},"geometry":{"type":"Polygon","coordinates":[[[-130.57815,61.42776],[-130.57126,61.42987],[-130.56687,61.42653],[-130.57378,61.42441],[-130.57767,61.42739],[-130.57815,61.42776]]]}},{"type":"Feature","properties":{"c":"YC27424","o":"YUKON ZINC CORPORATION - 100%","e":"2028-11-22"},"geometry":{"type":"Polygon","coordinates":[[[-130.66503,61.42561],[-130.66502,61.42812],[-130.65798,61.42813],[-130.65794,61.42564],[-130.66503,61.42561]]]}},{"type":"Feature","properties":{"c":"YB47501","o":"BMC Minerals Ltd. - 100%","e":"2044-04-02"},"geometry":{"type":"Polygon","coordinates":[[[-130.64045,61.44048],[-130.64037,61.43637],[-130.64868,61.43635],[-130.64878,61.44046],[-130.64045,61.44048]]]}},{"type":"Feature","properties":{"c":"YB51520","o":"YUKON ZINC CORPORATION - 100%","e":"2028-12-31"},"geometry":{"type":"Polygon","coordinates":[[[-130.57589,61.33629],[-130.56939,61.3338],[-130.57462,61.33063],[-130.58113,61.33313],[-130.57589,61.33629]]]}},{"type":"Feature","properties":{"c":"YB76884","o":"YUKON ZINC CORPORATION - 100%","e":"2029-03-17"},"geometry":{"type":"Polygon","coordinates":[[[-130.57268,61.39987],[-130.57348,61.39975],[-130.57302,61.39912],[-130.58111,61.39908],[-130.58119,61.4031],[-130.57274,61.40315],[-130.57268,61.39987]]]}},{"type":"Feature","properties":{"c":"YB47469","o":"BMC Minerals Ltd. - 100%","e":"2044-04-02"},"geometry":{"type":"Polygon","coordinates":[[[-130.67466,61.46817],[-130.68312,61.46819],[-130.68322,61.47211],[-130.67476,61.47214],[-130.67466,61.46817]]]}},{"type":"Feature","properties":{"c":"YB46345","o":"BMC Minerals Ltd. - 100%","e":"2046-04-02"},"geometry":{"type":"Polygon","coordinates":[[[-130.57288,61.47011],[-130.58133,61.4702],[-130.58133,61.47409],[-130.57288,61.47409],[-130.57288,61.47011]]]}},{"type":"Feature","properties":{"c":"YC27441","o":"YUKON ZINC CORPORATION - 100%","e":"2028-11-22"},"geometry":{"type":"Polygon","coordinates":[[[-130.64916,61.41335],[-130.64923,61.41746],[-130.64067,61.41748],[-130.6406,61.41338],[-130.64916,61.41335]]]}},{"type":"Feature","properties":{"c":"YB70494","o":"YUKON ZINC CORPORATION - 100%","e":"2029-03-17"},"geometry":{"type":"Polygon","coordinates":[[[-130.54508,61.29073],[-130.55312,61.28948],[-130.55568,61.29332],[-130.54764,61.29457],[-130.54508,61.29073]]]}},{"type":"Feature","properties":{"c":"YB60728","o":"YUKON ZINC CORPORATION - 100%","e":"2029-03-17"},"geometry":{"type":"Polygon","coordinates":[[[-130.49635,61.36602],[-130.50421,61.3648],[-130.50662,61.36828],[-130.4988,61.36955],[-130.49635,61.36602]]]}},{"type":"Feature","properties":{"c":"YB47636","o":"BMC Minerals Ltd. - 100%","e":"2044-04-02"},"geometry":{"type":"Polygon","coordinates":[[[-130.55329,61.4237],[-130.55779,61.42711],[-130.55082,61.42921],[-130.54633,61.42579],[-130.55329,61.4237]]]}},{"type":"Feature","properties":{"c":"YD57285","o":"YUKON ZINC CORPORATION - 100%","e":"2030-03-17"},"geometry":{"type":"Polygon","coordinates":[[[-130.67094,61.22106],[-130.67516,61.22462],[-130.66777,61.22666],[-130.66355,61.2231],[-130.67094,61.22106]]]}},{"type":"Feature","properties":{"c":"YB48970","o":"BMC Minerals Ltd. - 100%","e":"2044-04-02"},"geometry":{"type":"Polygon","coordinates":[[[-130.69994,61.46429],[-130.69985,61.46039],[-130.7083,61.46035],[-130.70838,61.46425],[-130.69994,61.46429]]]}},{"type":"Feature","properties":{"c":"YB56079","o":"YUKON ZINC CORPORATION - 100%","e":"2030-03-17"},"geometry":{"type":"Polygon","coordinates":[[[-130.87947,61.41622],[-130.88784,61.4162],[-130.88792,61.42022],[-130.87956,61.42024],[-130.87947,61.41622]]]}},{"type":"Feature","properties":{"c":"YB63721","o":"YUKON ZINC CORPORATION - 100%","e":"2029-03-17"},"geometry":{"type":"Polygon","coordinates":[[[-130.74705,61.21907],[-130.75448,61.21702],[-130.75871,61.22059],[-130.75129,61.22266],[-130.74705,61.21907]]]}},{"type":"Feature","properties":{"c":"YB63942","o":"YUKON ZINC CORPORATION - 100%","e":"2029-03-17"},"geometry":{"type":"Polygon","coordinates":[[[-130.51388,61.27099],[-130.51932,61.27415],[-130.51268,61.27675],[-130.50724,61.27364],[-130.51388,61.27099]]]}},{"type":"Feature","properties":{"c":"YE36927","o":"Blake Macdonald - 100%","e":"2031-06-23"},"geometry":{"type":"Polygon","coordinates":[[[-130.72432,61.27769],[-130.72821,61.28134],[-130.72062,61.28321],[-130.71673,61.27956],[-130.72432,61.27769]]]}},{"type":"Feature","properties":{"c":"YB70487","o":"YUKON ZINC CORPORATION - 100%","e":"2029-03-17"},"geometry":{"type":"Polygon","coordinates":[[[-130.60335,61.31118],[-130.61142,61.30992],[-130.61394,61.31374],[-130.60589,61.31499],[-130.60335,61.31118]]]}},{"type":"Feature","properties":{"c":"YB76757","o":"YUKON ZINC CORPORATION - 100%","e":"2029-03-17"},"geometry":{"type":"Polygon","coordinates":[[[-130.56505,61.37546],[-130.57306,61.37414],[-130.5758,61.37791],[-130.5678,61.37923],[-130.56505,61.37546]]]}},{"type":"Feature","properties":{"c":"YB76763","o":"YUKON ZINC CORPORATION - 100%","e":"2029-03-17"},"geometry":{"type":"Polygon","coordinates":[[[-130.56502,61.36283],[-130.573,61.36153],[-130.57564,61.36527],[-130.56765,61.36658],[-130.56502,61.36283]]]}},{"type":"Feature","properties":{"c":"YB58643","o":"YUKON ZINC CORPORATION - 100%","e":"2028-12-31"},"geometry":{"type":"Polygon","coordinates":[[[-130.64241,61.34115],[-130.64892,61.34363],[-130.64373,61.3468],[-130.63721,61.34431],[-130.64241,61.34115]]]}},{"type":"Feature","properties":{"c":"YB76755","o":"YUKON ZINC CORPORATION - 100%","e":"2029-03-17"},"geometry":{"type":"Polygon","coordinates":[[[-130.56229,61.37167],[-130.57031,61.37037],[-130.57306,61.37414],[-130.56505,61.37546],[-130.56229,61.37167]]]}},{"type":"Feature","properties":{"c":"YB70484","o":"YUKON ZINC CORPORATION - 100%","e":"2029-03-17"},"geometry":{"type":"Polygon","coordinates":[[[-130.61691,61.30484],[-130.6195,61.30866],[-130.61142,61.30992],[-130.60883,61.30609],[-130.61691,61.30484]]]}},{"type":"Feature","properties":{"c":"YB56138","o":"YUKON ZINC CORPORATION - 100%","e":"2035-03-17"},"geometry":{"type":"Polygon","coordinates":[[[-130.57351,61.32],[-130.57098,61.31621],[-130.57911,61.31495],[-130.58163,61.31874],[-130.57351,61.32]]]}},{"type":"Feature","properties":{"c":"YB56084","o":"YUKON ZINC CORPORATION - 100%","e":"2030-03-17"},"geometry":{"type":"Polygon","coordinates":[[[-130.86262,61.41224],[-130.871,61.41226],[-130.8711,61.41623],[-130.86273,61.41625],[-130.86262,61.41224]]]}},{"type":"Feature","properties":{"c":"YB47647","o":"BMC Minerals Ltd. - 100%","e":"2044-04-02"},"geometry":{"type":"Polygon","coordinates":[[[-130.64937,61.46429],[-130.64927,61.46042],[-130.65774,61.46043],[-130.65785,61.46426],[-130.64937,61.46429]]]}},{"type":"Feature","properties":{"c":"YB70490","o":"YUKON ZINC CORPORATION - 100%","e":"2029-03-17"},"geometry":{"type":"Polygon","coordinates":[[[-130.53995,61.28305],[-130.548,61.2818],[-130.55056,61.28564],[-130.54252,61.2869],[-130.53995,61.28305]]]}},{"type":"Feature","properties":{"c":"YC91767","o":"FInlayson Copper Ltd. - 100%","e":"2038-12-14"},"geometry":{"type":"Polygon","coordinates":[[[-130.52519,61.19235],[-130.52533,61.19645],[-130.51683,61.19652],[-130.51669,61.19241],[-130.52519,61.19235]]]}},{"type":"Feature","properties":{"c":"YB56736","o":"BMC Minerals Ltd. - 100%","e":"2044-04-02"},"geometry":{"type":"Polygon","coordinates":[[[-130.69048,61.41212],[-130.6905,61.41618],[-130.68201,61.41623],[-130.682,61.41216],[-130.69048,61.41212]]]}},{"type":"Feature","properties":{"c":"YC27451","o":"YUKON ZINC CORPORATION - 100%","e":"2028-11-22"},"geometry":{"type":"Polygon","coordinates":[[[-130.632,61.41102],[-130.63204,61.41341],[-130.62348,61.41344],[-130.62344,61.41104],[-130.632,61.41102]]]}},{"type":"Feature","properties":{"c":"YB70478","o":"YUKON ZINC CORPORATION - 100%","e":"2029-03-17"},"geometry":{"type":"Polygon","coordinates":[[[-130.61175,61.29724],[-130.60367,61.29849],[-130.60109,61.29469],[-130.60916,61.29344],[-130.61175,61.29724]]]}},{"type":"Feature","properties":{"c":"YB60671","o":"YUKON ZINC CORPORATION - 100%","e":"2029-03-17"},"geometry":{"type":"Polygon","coordinates":[[[-130.58199,61.30602],[-130.59007,61.30478],[-130.59263,61.30857],[-130.58456,61.3098],[-130.58199,61.30602]]]}},{"type":"Feature","properties":{"c":"YB47506","o":"BMC Minerals Ltd. - 100%","e":"2044-04-02"},"geometry":{"type":"Polygon","coordinates":[[[-130.63219,61.44462],[-130.64053,61.44459],[-130.6406,61.44854],[-130.63223,61.44857],[-130.63219,61.44462]]]}},{"type":"Feature","properties":{"c":"YB76840","o":"BMC Minerals Ltd. - 100%","e":"2045-03-17"},"geometry":{"type":"Polygon","coordinates":[[[-130.58593,61.25925],[-130.5886,61.26308],[-130.58055,61.26435],[-130.57788,61.26052],[-130.58593,61.25925]]]}},{"type":"Feature","properties":{"c":"YB76848","o":"YUKON ZINC CORPORATION - 100%","e":"2029-03-17"},"geometry":{"type":"Polygon","coordinates":[[[-130.52706,61.26596],[-130.5204,61.2685],[-130.51544,61.26559],[-130.52185,61.26284],[-130.52706,61.26596]]]}},{"type":"Feature","properties":{"c":"YB45993","o":"YUKON ZINC CORPORATION - 100%","e":"2028-12-31"},"geometry":{"type":"Polygon","coordinates":[[[-130.61487,61.35123],[-130.6202,61.3481],[-130.62689,61.35066],[-130.62171,61.35387],[-130.61487,61.35123]]]}},{"type":"Feature","properties":{"c":"YB76860","o":"BMC Minerals Ltd. - 100%","e":"2045-03-17"},"geometry":{"type":"Polygon","coordinates":[[[-130.60944,61.2548],[-130.611,61.25707],[-130.60304,61.25827],[-130.60211,61.25691],[-130.60917,61.25488],[-130.60944,61.2548]]]}},{"type":"Feature","properties":{"c":"YF24879","o":"YUKON ZINC CORPORATION - 100%","e":"2028-06-27"},"geometry":{"type":"Polygon","coordinates":[[[-130.57564,61.35271],[-130.57832,61.3565],[-130.57029,61.3578],[-130.56763,61.35401],[-130.57564,61.35271]]]}},{"type":"Feature","properties":{"c":"YB47462","o":"BMC Minerals Ltd. - 100%","e":"2044-04-02"},"geometry":{"type":"Polygon","coordinates":[[[-130.66519,61.43221],[-130.67367,61.43218],[-130.6738,61.4363],[-130.66535,61.43632],[-130.66519,61.43221]]]}},{"type":"Feature","properties":{"c":"YB47569","o":"BMC Minerals Ltd. - 100%","e":"2044-04-02"},"geometry":{"type":"Polygon","coordinates":[[[-130.52617,61.45282],[-130.5262,61.45683],[-130.51775,61.45685],[-130.51774,61.45291],[-130.52617,61.45282]]]}},{"type":"Feature","properties":{"c":"YB46331","o":"BMC Minerals Ltd. - 100%","e":"2046-04-02"},"geometry":{"type":"Polygon","coordinates":[[[-130.58132,61.44973],[-130.58979,61.44973],[-130.58978,61.4538],[-130.58132,61.4538],[-130.58132,61.44973]]]}},{"type":"Feature","properties":{"c":"YB51521","o":"YUKON ZINC CORPORATION - 100%","e":"2028-12-31"},"geometry":{"type":"Polygon","coordinates":[[[-130.57462,61.33063],[-130.57985,61.32747],[-130.58637,61.32997],[-130.58113,61.33313],[-130.57462,61.33063]]]}},{"type":"Feature","properties":{"c":"YB93187","o":"BMC Minerals Ltd. - 100%","e":"2034-08-30"},"geometry":{"type":"Polygon","coordinates":[[[-130.76285,61.29585],[-130.76674,61.2995],[-130.75917,61.30138],[-130.75527,61.29773],[-130.76285,61.29585]]]}},{"type":"Feature","properties":{"c":"YC27929","o":"YUKON ZINC CORPORATION - 100%","e":"2030-03-17"},"geometry":{"type":"Polygon","coordinates":[[[-130.61721,61.18388],[-130.613,61.18031],[-130.62038,61.17828],[-130.62459,61.18185],[-130.61721,61.18388]]]}},{"type":"Feature","properties":{"c":"YB88873","o":"FInlayson Copper Ltd. - 100%","e":"2038-12-03"},"geometry":{"type":"Polygon","coordinates":[[[-130.56905,61.23042],[-130.56918,61.23419],[-130.56068,61.23426],[-130.56054,61.23049],[-130.56905,61.23042]]]}},{"type":"Feature","properties":{"c":"YB47697","o":"BMC Minerals Ltd. - 100%","e":"2044-04-02"},"geometry":{"type":"Polygon","coordinates":[[[-130.5598,61.4688],[-130.55983,61.47281],[-130.55145,61.47283],[-130.55142,61.46882],[-130.5598,61.4688]]]}},{"type":"Feature","properties":{"c":"YB76699","o":"YUKON ZINC CORPORATION - 100%","e":"2029-03-17"},"geometry":{"type":"Polygon","coordinates":[[[-130.51846,61.39731],[-130.51552,61.39778],[-130.50969,61.39769],[-130.50758,61.39471],[-130.51567,61.39343],[-130.51846,61.39731]]]}},{"type":"Feature","properties":{"c":"YB93223","o":"BMC Minerals Ltd. - 100%","e":"2034-08-30"},"geometry":{"type":"Polygon","coordinates":[[[-130.72821,61.28134],[-130.7321,61.28499],[-130.72452,61.28687],[-130.72062,61.28321],[-130.72821,61.28134]]]}},{"type":"Feature","properties":{"c":"YC27411","o":"YUKON ZINC CORPORATION - 100%","e":"2028-11-22"},"geometry":{"type":"Polygon","coordinates":[[[-130.6065,61.42169],[-130.60656,61.4258],[-130.598,61.42582],[-130.59794,61.42172],[-130.6065,61.42169]]]}},{"type":"Feature","properties":{"c":"YB47587","o":"BMC Minerals Ltd. - 100%","e":"2044-04-02"},"geometry":{"type":"Polygon","coordinates":[[[-130.51808,61.48892],[-130.52643,61.48891],[-130.52646,61.49292],[-130.51818,61.49293],[-130.51809,61.48969],[-130.51808,61.48892]]]}},{"type":"Feature","properties":{"c":"YB70489","o":"YUKON ZINC CORPORATION - 100%","e":"2029-03-17"},"geometry":{"type":"Polygon","coordinates":[[[-130.52975,61.281],[-130.5378,61.2798],[-130.53995,61.28305],[-130.5319,61.28429],[-130.52975,61.281]]]}},{"type":"Feature","properties":{"c":"YB76767","o":"YUKON ZINC CORPORATION - 100%","e":"2029-03-17"},"geometry":{"type":"Polygon","coordinates":[[[-130.58964,61.40306],[-130.59808,61.40302],[-130.59818,61.40704],[-130.58972,61.40708],[-130.58964,61.40306]]]}},{"type":"Feature","properties":{"c":"YB60669","o":"YUKON ZINC CORPORATION - 100%","e":"2029-03-17"},"geometry":{"type":"Polygon","coordinates":[[[-130.57943,61.30223],[-130.5875,61.30099],[-130.59007,61.30478],[-130.58199,61.30602],[-130.57943,61.30223]]]}},{"type":"Feature","properties":{"c":"YB47706","o":"BMC Minerals Ltd. - 100%","e":"2044-04-02"},"geometry":{"type":"Polygon","coordinates":[[[-130.5675,61.48883],[-130.56757,61.49284],[-130.56,61.49286],[-130.55997,61.48885],[-130.5675,61.48883]]]}},{"type":"Feature","properties":{"c":"YB46255","o":"BMC Minerals Ltd. - 100%","e":"2046-04-02"},"geometry":{"type":"Polygon","coordinates":[[[-130.58133,61.4702],[-130.58132,61.46599],[-130.58977,61.466],[-130.58978,61.47028],[-130.58133,61.4702]]]}},{"type":"Feature","properties":{"c":"YB47698","o":"BMC Minerals Ltd. - 100%","e":"2044-04-02"},"geometry":{"type":"Polygon","coordinates":[[[-130.56443,61.4728],[-130.56442,61.47681],[-130.55987,61.47682],[-130.55983,61.47281],[-130.56443,61.4728]]]}},{"type":"Feature","properties":{"c":"YC27456","o":"YUKON ZINC CORPORATION - 100%","e":"2028-11-22"},"geometry":{"type":"Polygon","coordinates":[[[-130.65675,61.40819],[-130.66502,61.40816],[-130.66504,61.41224],[-130.65675,61.41224],[-130.65675,61.40819]]]}},{"type":"Feature","properties":{"c":"YB88876","o":"FInlayson Copper Ltd. - 100%","e":"2038-12-03"},"geometry":{"type":"Polygon","coordinates":[[[-130.57769,61.23412],[-130.57783,61.2379],[-130.56932,61.23797],[-130.56918,61.23419],[-130.57769,61.23412]]]}},{"type":"Feature","properties":{"c":"YB48991","o":"BMC Minerals Ltd. - 100%","e":"2044-04-02"},"geometry":{"type":"Polygon","coordinates":[[[-130.72528,61.46417],[-130.73372,61.46413],[-130.7338,61.46802],[-130.72535,61.46807],[-130.72528,61.46417]]]}},{"type":"Feature","properties":{"c":"YB60616","o":"YUKON ZINC CORPORATION - 100%","e":"2032-03-17"},"geometry":{"type":"Polygon","coordinates":[[[-130.49823,61.31489],[-130.50104,61.3188],[-130.49266,61.32013],[-130.49001,61.31633],[-130.49823,61.31489]]]}},{"type":"Feature","properties":{"c":"YB76845","o":"BMC Minerals Ltd. - 100%","e":"2045-03-17"},"geometry":{"type":"Polygon","coordinates":[[[-130.57254,61.25287],[-130.56451,61.25415],[-130.56204,61.25031],[-130.56986,61.24907],[-130.57254,61.25287]]]}},{"type":"Feature","properties":{"c":"YB63914","o":"YUKON ZINC CORPORATION - 100%","e":"2030-03-17"},"geometry":{"type":"Polygon","coordinates":[[[-130.73011,61.23804],[-130.73435,61.2416],[-130.72693,61.24365],[-130.72272,61.24008],[-130.73011,61.23804]]]}},{"type":"Feature","properties":{"c":"YB33766","o":"FInlayson Copper Ltd. - 100%","e":"2038-12-31"},"geometry":{"type":"Polygon","coordinates":[[[-130.52573,61.20811],[-130.52586,61.21188],[-130.51736,61.21195],[-130.51723,61.20818],[-130.52573,61.20811]]]}},{"type":"Feature","properties":{"c":"YB46351","o":"BMC Minerals Ltd. - 100%","e":"2046-04-02"},"geometry":{"type":"Polygon","coordinates":[[[-130.62381,61.46592],[-130.63238,61.46587],[-130.63241,61.47011],[-130.62383,61.47017],[-130.62381,61.46592]]]}},{"type":"Feature","properties":{"c":"YB76882","o":"YUKON ZINC CORPORATION - 100%","e":"2029-03-17"},"geometry":{"type":"Polygon","coordinates":[[[-130.58119,61.4031],[-130.58127,61.40713],[-130.57282,61.40717],[-130.57274,61.40315],[-130.58119,61.4031]]]}},{"type":"Feature","properties":{"c":"YB56069","o":"YUKON ZINC CORPORATION - 100%","e":"2030-03-17"},"geometry":{"type":"Polygon","coordinates":[[[-130.86295,61.42431],[-130.8713,61.42429],[-130.8714,61.42832],[-130.86306,61.42835],[-130.86295,61.42431]]]}},{"type":"Feature","properties":{"c":"YB60660","o":"YUKON ZINC CORPORATION - 100%","e":"2029-03-17"},"geometry":{"type":"Polygon","coordinates":[[[-130.5688,61.2997],[-130.56625,61.29592],[-130.57431,61.29466],[-130.57687,61.29844],[-130.5688,61.2997]]]}},{"type":"Feature","properties":{"c":"YB60521","o":"YUKON ZINC CORPORATION - 100%","e":"2030-03-17"},"geometry":{"type":"Polygon","coordinates":[[[-130.91559,61.34922],[-130.91572,61.35324],[-130.90733,61.35328],[-130.9072,61.34927],[-130.91559,61.34922]]]}},{"type":"Feature","properties":{"c":"YB33775","o":"FInlayson Copper Ltd. - 100%","e":"2038-12-31"},"geometry":{"type":"Polygon","coordinates":[[[-130.51361,61.22331],[-130.50929,61.22466],[-130.50924,61.22335],[-130.51361,61.22331]]]}},{"type":"Feature","properties":{"c":"YB70475","o":"YUKON ZINC CORPORATION - 100%","e":"2029-03-17"},"geometry":{"type":"Polygon","coordinates":[[[-130.58784,61.2883],[-130.5959,61.28705],[-130.59852,61.29089],[-130.59045,61.29215],[-130.58784,61.2883]]]}},{"type":"Feature","properties":{"c":"YB46231","o":"BMC Minerals Ltd. - 100%","e":"2046-04-02"},"geometry":{"type":"Polygon","coordinates":[[[-130.61499,61.44986],[-130.61495,61.44561],[-130.62373,61.44558],[-130.6237,61.44954],[-130.62029,61.44933],[-130.6202,61.44985],[-130.61499,61.44986]]]}},{"type":"Feature","properties":{"c":"YB51254","o":"BMC Minerals Ltd. - 100%","e":"2044-04-02"},"geometry":{"type":"Polygon","coordinates":[[[-130.55116,61.43674],[-130.55119,61.44075],[-130.54282,61.44077],[-130.54279,61.43676],[-130.55116,61.43674]]]}},{"type":"Feature","properties":{"c":"YB47539","o":"BMC Minerals Ltd. - 100%","e":"2044-04-02"},"geometry":{"type":"Polygon","coordinates":[[[-130.608,61.48445],[-130.60807,61.4882],[-130.59999,61.48821],[-130.59993,61.48445],[-130.608,61.48445]]]}},{"type":"Feature","properties":{"c":"YB51869","o":"BMC Minerals Ltd. - 100%","e":"2034-11-30"},"geometry":{"type":"Polygon","coordinates":[[[-130.89074,61.36543],[-130.89908,61.36538],[-130.8991,61.36943],[-130.89075,61.36948],[-130.89074,61.36543]]]}},{"type":"Feature","properties":{"c":"YB58650","o":"YUKON ZINC CORPORATION - 100%","e":"2028-12-31"},"geometry":{"type":"Polygon","coordinates":[[[-130.63988,61.35562],[-130.63468,61.35878],[-130.62788,61.35621],[-130.63323,61.35308],[-130.63988,61.35562]]]}},{"type":"Feature","properties":{"c":"YB77138","o":"YUKON ZINC CORPORATION - 100%","e":"2030-02-20"},"geometry":{"type":"Polygon","coordinates":[[[-130.98603,61.35667],[-130.98601,61.35257],[-130.99455,61.35256],[-130.99458,61.35666],[-130.98603,61.35667]]]}},{"type":"Feature","properties":{"c":"YB76905","o":"YUKON ZINC CORPORATION - 100%","e":"2029-03-17"},"geometry":{"type":"Polygon","coordinates":[[[-130.58035,61.35901],[-130.58123,61.35901],[-130.58887,61.36195],[-130.58887,61.36293],[-130.58039,61.36298],[-130.58035,61.35901]]]}},{"type":"Feature","properties":{"c":"YB48953","o":"BMC Minerals Ltd. - 100%","e":"2044-04-02"},"geometry":{"type":"Polygon","coordinates":[[[-130.6914,61.46042],[-130.69985,61.46039],[-130.69994,61.46429],[-130.69149,61.46433],[-130.6914,61.46042]]]}},{"type":"Feature","properties":{"c":"YB45991","o":"YUKON ZINC CORPORATION - 100%","e":"2028-12-31"},"geometry":{"type":"Polygon","coordinates":[[[-130.6085,61.34878],[-130.61374,61.34562],[-130.6202,61.3481],[-130.61487,61.35123],[-130.6085,61.34878]]]}},{"type":"Feature","properties":{"c":"YE36924","o":"Blake Macdonald - 100%","e":"2031-06-23"},"geometry":{"type":"Polygon","coordinates":[[[-130.72414,61.26851],[-130.72802,61.27216],[-130.72044,61.27404],[-130.71655,61.27038],[-130.72414,61.26851]]]}},{"type":"Feature","properties":{"c":"YB46352","o":"BMC Minerals Ltd. - 100%","e":"2046-04-02"},"geometry":{"type":"Polygon","coordinates":[[[-130.62381,61.46592],[-130.62383,61.47017],[-130.61526,61.4704],[-130.61524,61.46597],[-130.62381,61.46592]]]}},{"type":"Feature","properties":{"c":"YB56076","o":"YUKON ZINC CORPORATION - 100%","e":"2030-03-17"},"geometry":{"type":"Polygon","coordinates":[[[-130.89613,61.41219],[-130.90451,61.41217],[-130.90458,61.41617],[-130.89621,61.41619],[-130.89613,61.41219]]]}},{"type":"Feature","properties":{"c":"YB58617","o":"YUKON ZINC CORPORATION - 100%","e":"2028-12-31"},"geometry":{"type":"Polygon","coordinates":[[[-130.59804,61.32933],[-130.60457,61.33183],[-130.59941,61.33497],[-130.59289,61.33247],[-130.59804,61.32933]]]}},{"type":"Feature","properties":{"c":"YB47575","o":"BMC Minerals Ltd. - 100%","e":"2044-04-02"},"geometry":{"type":"Polygon","coordinates":[[[-130.51781,61.46486],[-130.52626,61.46485],[-130.52629,61.46886],[-130.51784,61.46887],[-130.51784,61.4686],[-130.51781,61.46486]]]}},{"type":"Feature","properties":{"c":"YB56073","o":"YUKON ZINC CORPORATION - 100%","e":"2030-03-17"},"geometry":{"type":"Polygon","coordinates":[[[-130.90464,61.42018],[-130.90458,61.41617],[-130.91295,61.41615],[-130.913,61.42016],[-130.90464,61.42018]]]}},{"type":"Feature","properties":{"c":"YB51260","o":"BMC Minerals Ltd. - 100%","e":"2044-04-02"},"geometry":{"type":"Polygon","coordinates":[[[-130.55126,61.44877],[-130.55129,61.45278],[-130.54292,61.45279],[-130.54288,61.44878],[-130.55126,61.44877]]]}},{"type":"Feature","properties":{"c":"YE36920","o":"Blake Macdonald - 100%","e":"2031-06-23"},"geometry":{"type":"Polygon","coordinates":[[[-130.73191,61.27582],[-130.7358,61.27947],[-130.72821,61.28134],[-130.72432,61.27769],[-130.73191,61.27582]]]}},{"type":"Feature","properties":{"c":"YB60515","o":"YUKON ZINC CORPORATION - 100%","e":"2030-03-17"},"geometry":{"type":"Polygon","coordinates":[[[-130.90681,61.33724],[-130.91521,61.33717],[-130.91534,61.34119],[-130.90694,61.34125],[-130.90681,61.33724]]]}},{"type":"Feature","properties":{"c":"YB76802","o":"BMC Minerals Ltd. - 100%","e":"2045-03-17"},"geometry":{"type":"Polygon","coordinates":[[[-130.54568,61.26561],[-130.54303,61.26179],[-130.55108,61.26052],[-130.55373,61.26434],[-130.54568,61.26561]]]}},{"type":"Feature","properties":{"c":"YC27944","o":"YUKON ZINC CORPORATION - 100%","e":"2030-03-17"},"geometry":{"type":"Polygon","coordinates":[[[-130.63826,61.20171],[-130.63405,61.19814],[-130.64143,61.19611],[-130.64564,61.19967],[-130.63826,61.20171]]]}},{"type":"Feature","properties":{"c":"YB51882","o":"BMC Minerals Ltd. - 100%","e":"2034-11-30"},"geometry":{"type":"Polygon","coordinates":[[[-130.8824,61.36548],[-130.88241,61.36146],[-130.89073,61.36141],[-130.89074,61.36543],[-130.8824,61.36548]]]}},{"type":"Feature","properties":{"c":"YD57281","o":"YUKON ZINC CORPORATION - 100%","e":"2030-03-17"},"geometry":{"type":"Polygon","coordinates":[[[-130.67305,61.2063],[-130.67727,61.20986],[-130.66989,61.2119],[-130.66567,61.20833],[-130.67305,61.2063]]]}},{"type":"Feature","properties":{"c":"YB85276","o":"BMC Minerals Ltd. - 100%","e":"2044-04-02"},"geometry":{"type":"Polygon","coordinates":[[[-130.60666,61.46156],[-130.61519,61.46156],[-130.61519,61.46199],[-130.60666,61.46198],[-130.60666,61.46156]]]}},{"type":"Feature","properties":{"c":"YB76747","o":"YUKON ZINC CORPORATION - 100%","e":"2029-03-17"},"geometry":{"type":"Polygon","coordinates":[[[-130.57069,61.39588],[-130.57348,61.39975],[-130.56553,61.40097],[-130.56275,61.39718],[-130.57069,61.39588]]]}},{"type":"Feature","properties":{"c":"YB77184","o":"BMC Minerals Ltd. - 100%","e":"2045-03-17"},"geometry":{"type":"Polygon","coordinates":[[[-130.61202,61.28453],[-130.6202,61.28325],[-130.62271,61.28711],[-130.61465,61.28837],[-130.61202,61.28453]]]}},{"type":"Feature","properties":{"c":"YB47643","o":"BMC Minerals Ltd. - 100%","e":"2044-04-02"},"geometry":{"type":"Polygon","coordinates":[[[-130.64917,61.45649],[-130.64907,61.45246],[-130.65752,61.45244],[-130.65763,61.4565],[-130.64917,61.45649]]]}},{"type":"Feature","properties":{"c":"YB76695","o":"YUKON ZINC CORPORATION - 100%","e":"2036-03-17"},"geometry":{"type":"Polygon","coordinates":[[[-130.51289,61.38961],[-130.50487,61.39089],[-130.50216,61.38706],[-130.51015,61.38579],[-130.51289,61.38961]]]}},{"type":"Feature","properties":{"c":"YB85293","o":"BMC Minerals Ltd. - 100%","e":"2044-04-02"},"geometry":{"type":"Polygon","coordinates":[[[-130.59806,61.44972],[-130.59895,61.44972],[-130.59903,61.4538],[-130.59811,61.4538],[-130.59806,61.44972]]]}},{"type":"Feature","properties":{"c":"YB63730","o":"YUKON ZINC CORPORATION - 100%","e":"2029-03-17"},"geometry":{"type":"Polygon","coordinates":[[[-130.71851,61.23651],[-130.7143,61.23294],[-130.72161,61.23091],[-130.72586,61.23447],[-130.71851,61.23651]]]}},{"type":"Feature","properties":{"c":"YB56735","o":"BMC Minerals Ltd. - 100%","e":"2044-04-02"},"geometry":{"type":"Polygon","coordinates":[[[-130.6905,61.41618],[-130.69048,61.41212],[-130.69897,61.41208],[-130.69899,61.41613],[-130.6905,61.41618]]]}},{"type":"Feature","properties":{"c":"YB48415","o":"BMC Minerals Ltd. - 100%","e":"2046-04-02"},"geometry":{"type":"Polygon","coordinates":[[[-130.53942,61.4304],[-130.54289,61.43408],[-130.53521,61.43574],[-130.53174,61.43206],[-130.53942,61.4304]]]}},{"type":"Feature","properties":{"c":"YB76742","o":"YUKON ZINC CORPORATION - 100%","e":"2029-03-17"},"geometry":{"type":"Polygon","coordinates":[[[-130.5466,61.38697],[-130.55453,61.38566],[-130.55729,61.38953],[-130.54935,61.39084],[-130.5466,61.38697]]]}},{"type":"Feature","properties":{"c":"YB48951","o":"BMC Minerals Ltd. - 100%","e":"2044-04-02"},"geometry":{"type":"Polygon","coordinates":[[[-130.69131,61.45668],[-130.69976,61.45664],[-130.69985,61.46039],[-130.6914,61.46042],[-130.69131,61.45668]]]}},{"type":"Feature","properties":{"c":"YB47684","o":"BMC Minerals Ltd. - 100%","e":"2044-04-02"},"geometry":{"type":"Polygon","coordinates":[[[-130.58348,61.4966],[-130.5757,61.4966],[-130.57566,61.4925],[-130.58355,61.49249],[-130.58348,61.4966]]]}},{"type":"Feature","properties":{"c":"YB49570","o":"BMC Minerals Ltd. - 100%","e":"2044-04-02"},"geometry":{"type":"Polygon","coordinates":[[[-130.69094,61.4403],[-130.69939,61.44026],[-130.6995,61.44437],[-130.69106,61.44441],[-130.69094,61.4403]]]}},{"type":"Feature","properties":{"c":"YB47525","o":"BMC Minerals Ltd. - 100%","e":"2044-04-02"},"geometry":{"type":"Polygon","coordinates":[[[-130.64131,61.48813],[-130.64124,61.48416],[-130.64969,61.48414],[-130.64976,61.48811],[-130.64131,61.48813]]]}},{"type":"Feature","properties":{"c":"YB47631","o":"BMC Minerals Ltd. - 100%","e":"2044-04-02"},"geometry":{"type":"Polygon","coordinates":[[[-130.58459,61.44001],[-130.59149,61.43793],[-130.59578,61.44117],[-130.58884,61.44325],[-130.58459,61.44001]]]}},{"type":"Feature","properties":{"c":"YB46251","o":"BMC Minerals Ltd. - 100%","e":"2046-04-02"},"geometry":{"type":"Polygon","coordinates":[[[-130.58978,61.47028],[-130.59823,61.47036],[-130.59823,61.47409],[-130.58978,61.47409],[-130.58978,61.47028]]]}},{"type":"Feature","properties":{"c":"YB56093","o":"YUKON ZINC CORPORATION - 100%","e":"2030-03-17"},"geometry":{"type":"Polygon","coordinates":[[[-130.87106,61.40821],[-130.871,61.41226],[-130.86262,61.41224],[-130.8626,61.4082],[-130.87106,61.40821]]]}},{"type":"Feature","properties":{"c":"YC27425","o":"YUKON ZINC CORPORATION - 100%","e":"2028-11-22"},"geometry":{"type":"Polygon","coordinates":[[[-130.66503,61.42151],[-130.66503,61.42561],[-130.65794,61.42564],[-130.65787,61.42153],[-130.66503,61.42151]]]}},{"type":"Feature","properties":{"c":"YB51267","o":"BMC Minerals Ltd. - 100%","e":"2046-04-02"},"geometry":{"type":"Polygon","coordinates":[[[-130.52608,61.44079],[-130.52611,61.4448],[-130.51773,61.44482],[-130.51781,61.44081],[-130.52608,61.44079]]]}},{"type":"Feature","properties":{"c":"YB47498","o":"BMC Minerals Ltd. - 100%","e":"2044-04-02"},"geometry":{"type":"Polygon","coordinates":[[[-130.64978,61.49235],[-130.64976,61.48811],[-130.65818,61.48809],[-130.65824,61.49232],[-130.64978,61.49235]]]}},{"type":"Feature","properties":{"c":"YB76903","o":"YUKON ZINC CORPORATION - 100%","e":"2029-03-17"},"geometry":{"type":"Polygon","coordinates":[[[-130.58887,61.36293],[-130.58888,61.3669],[-130.58044,61.36694],[-130.58039,61.36298],[-130.58887,61.36293]]]}},{"type":"Feature","properties":{"c":"YB60655","o":"YUKON ZINC CORPORATION - 100%","e":"2029-03-17"},"geometry":{"type":"Polygon","coordinates":[[[-130.54764,61.29457],[-130.55021,61.29841],[-130.54216,61.29966],[-130.53959,61.29582],[-130.54764,61.29457]]]}},{"type":"Feature","properties":{"c":"YB47642","o":"BMC Minerals Ltd. - 100%","e":"2044-04-02"},"geometry":{"type":"Polygon","coordinates":[[[-130.65752,61.45244],[-130.66594,61.45241],[-130.66607,61.45652],[-130.65763,61.4565],[-130.65752,61.45244]]]}},{"type":"Feature","properties":{"c":"YB47596","o":"BMC Minerals Ltd. - 100%","e":"2044-04-02"},"geometry":{"type":"Polygon","coordinates":[[[-130.51804,61.48612],[-130.51809,61.48969],[-130.5105,61.48969],[-130.51036,61.48612],[-130.51804,61.48612]]]}},{"type":"Feature","properties":{"c":"YB47592","o":"BMC Minerals Ltd. - 100%","e":"2044-04-02"},"geometry":{"type":"Polygon","coordinates":[[[-130.51795,61.47913],[-130.51799,61.48241],[-130.5104,61.4824],[-130.51028,61.47912],[-130.51795,61.47913]]]}},{"type":"Feature","properties":{"c":"YB47467","o":"BMC Minerals Ltd. - 100%","e":"2044-04-02"},"geometry":{"type":"Polygon","coordinates":[[[-130.67418,61.44857],[-130.67405,61.44447],[-130.68253,61.44444],[-130.68263,61.44854],[-130.67418,61.44857]]]}},{"type":"Feature","properties":{"c":"YB46240","o":"BMC Minerals Ltd. - 100%","e":"2046-04-02"},"geometry":{"type":"Polygon","coordinates":[[[-130.60644,61.47014],[-130.60637,61.46612],[-130.61524,61.46619],[-130.61526,61.4704],[-130.60644,61.47014]]]}},{"type":"Feature","properties":{"c":"YB51252","o":"BMC Minerals Ltd. - 100%","e":"2044-04-02"},"geometry":{"type":"Polygon","coordinates":[[[-130.54628,61.43334],[-130.54817,61.43478],[-130.55114,61.43389],[-130.55116,61.43674],[-130.54279,61.43676],[-130.54277,61.4341],[-130.54628,61.43334]]]}},{"type":"Feature","properties":{"c":"YB93671","o":"FInlayson Copper Ltd. - 100%","e":"2039-01-08"},"geometry":{"type":"Polygon","coordinates":[[[-130.54313,61.2193],[-130.54326,61.22308],[-130.53476,61.22314],[-130.53463,61.21937],[-130.54313,61.2193]]]}},{"type":"Feature","properties":{"c":"YB47531","o":"BMC Minerals Ltd. - 100%","e":"2044-04-02"},"geometry":{"type":"Polygon","coordinates":[[[-130.61614,61.48221],[-130.62433,61.48221],[-130.6244,61.48445],[-130.6162,61.48445],[-130.61614,61.48221]]]}},{"type":"Feature","properties":{"c":"YF24881","o":"YUKON ZINC CORPORATION - 100%","e":"2028-06-27"},"geometry":{"type":"Polygon","coordinates":[[[-130.52529,61.34405],[-130.52784,61.34784],[-130.51989,61.34913],[-130.51737,61.34535],[-130.52529,61.34405]]]}},{"type":"Feature","properties":{"c":"YB68826","o":"YUKON ZINC CORPORATION - 100%","e":"2029-03-17"},"geometry":{"type":"Polygon","coordinates":[[[-130.53348,61.32635],[-130.54144,61.325],[-130.54395,61.32882],[-130.53592,61.33008],[-130.53348,61.32635]]]}},{"type":"Feature","properties":{"c":"YB47496","o":"BMC Minerals Ltd. - 100%","e":"2044-04-02"},"geometry":{"type":"Polygon","coordinates":[[[-130.64969,61.48414],[-130.65813,61.48412],[-130.65818,61.48809],[-130.64976,61.48811],[-130.64969,61.48414]]]}},{"type":"Feature","properties":{"c":"YB55329","o":"BMC Minerals Ltd. - 100%","e":"2044-04-02"},"geometry":{"type":"Polygon","coordinates":[[[-130.51781,61.4406],[-130.51773,61.44471],[-130.50916,61.44473],[-130.50911,61.44063],[-130.51781,61.4406]]]}},{"type":"Feature","properties":{"c":"YB70497","o":"YUKON ZINC CORPORATION - 100%","e":"2029-03-17"},"geometry":{"type":"Polygon","coordinates":[[[-130.51583,61.28681],[-130.5237,61.28556],[-130.52629,61.28943],[-130.5184,61.29065],[-130.51583,61.28681]]]}},{"type":"Feature","properties":{"c":"YB60665","o":"YUKON ZINC CORPORATION - 100%","e":"2029-03-17"},"geometry":{"type":"Polygon","coordinates":[[[-130.57431,61.29466],[-130.58238,61.2934],[-130.58494,61.29719],[-130.57687,61.29844],[-130.57431,61.29466]]]}},{"type":"Feature","properties":{"c":"YB60694","o":"YUKON ZINC CORPORATION - 100%","e":"2029-03-17"},"geometry":{"type":"Polygon","coordinates":[[[-130.54113,61.35411],[-130.54907,61.35282],[-130.55174,61.3566],[-130.54379,61.35789],[-130.54113,61.35411]]]}},{"type":"Feature","properties":{"c":"YB51522","o":"YUKON ZINC CORPORATION - 100%","e":"2028-12-31"},"geometry":{"type":"Polygon","coordinates":[[[-130.59676,61.34945],[-130.59163,61.35265],[-130.58509,61.35017],[-130.59024,61.34696],[-130.59676,61.34945]]]}},{"type":"Feature","properties":{"c":"YB85294","o":"BMC Minerals Ltd. - 100%","e":"2044-04-02"},"geometry":{"type":"Polygon","coordinates":[[[-130.59895,61.44972],[-130.59806,61.44972],[-130.59801,61.44566],[-130.59886,61.44566],[-130.59895,61.44972]]]}},{"type":"Feature","properties":{"c":"YB68828","o":"YUKON ZINC CORPORATION - 100%","e":"2029-03-17"},"geometry":{"type":"Polygon","coordinates":[[[-130.54395,61.32882],[-130.54144,61.325],[-130.54947,61.32375],[-130.55197,61.32756],[-130.54395,61.32882]]]}},{"type":"Feature","properties":{"c":"YC27959","o":"YUKON ZINC CORPORATION - 100%","e":"2030-03-17"},"geometry":{"type":"Polygon","coordinates":[[[-130.64247,61.20527],[-130.63826,61.20171],[-130.64564,61.19967],[-130.64985,61.20324],[-130.64247,61.20527]]]}},{"type":"Feature","properties":{"c":"YB76752","o":"YUKON ZINC CORPORATION - 100%","e":"2029-03-17"},"geometry":{"type":"Polygon","coordinates":[[[-130.55165,61.36919],[-130.54905,61.36543],[-130.55702,61.36413],[-130.55964,61.36789],[-130.55165,61.36919]]]}},{"type":"Feature","properties":{"c":"YB47553","o":"BMC Minerals Ltd. - 100%","e":"2044-04-02"},"geometry":{"type":"Polygon","coordinates":[[[-130.54304,61.46883],[-130.54307,61.47284],[-130.53469,61.47286],[-130.53466,61.46885],[-130.54304,61.46883]]]}},{"type":"Feature","properties":{"c":"YB76797","o":"BMC Minerals Ltd. - 100%","e":"2045-03-17"},"geometry":{"type":"Polygon","coordinates":[[[-130.54027,61.27069],[-130.54833,61.26942],[-130.55086,61.27316],[-130.5428,61.27443],[-130.54027,61.27069]]]}},{"type":"Feature","properties":{"c":"YB47685","o":"BMC Minerals Ltd. - 100%","e":"2044-04-02"},"geometry":{"type":"Polygon","coordinates":[[[-130.56756,61.4925],[-130.57566,61.4925],[-130.5757,61.4966],[-130.56758,61.4966],[-130.56757,61.49284],[-130.56756,61.4925]]]}},{"type":"Feature","properties":{"c":"YE36905","o":"Blake Macdonald - 100%","e":"2031-06-23"},"geometry":{"type":"Polygon","coordinates":[[[-130.77411,61.28846],[-130.778,61.29211],[-130.77042,61.29398],[-130.76652,61.29033],[-130.77411,61.28846]]]}},{"type":"Feature","properties":{"c":"YB76846","o":"BMC Minerals Ltd. - 100%","e":"2045-03-17"},"geometry":{"type":"Polygon","coordinates":[[[-130.57716,61.24924],[-130.58016,61.25166],[-130.57254,61.25287],[-130.56986,61.24907],[-130.57716,61.24924]]]}},{"type":"Feature","properties":{"c":"YB47517","o":"BMC Minerals Ltd. - 100%","e":"2044-04-02"},"geometry":{"type":"Polygon","coordinates":[[[-130.64103,61.47226],[-130.64096,61.46829],[-130.64943,61.46826],[-130.6495,61.47223],[-130.64103,61.47226]]]}},{"type":"Feature","properties":{"c":"YB76817","o":"BMC Minerals Ltd. - 100%","e":"2045-03-17"},"geometry":{"type":"Polygon","coordinates":[[[-130.55638,61.26815],[-130.56444,61.26689],[-130.56697,61.27063],[-130.55892,61.2719],[-130.55638,61.26815]]]}},{"type":"Feature","properties":{"c":"YB60696","o":"YUKON ZINC CORPORATION - 100%","e":"2029-03-17"},"geometry":{"type":"Polygon","coordinates":[[[-130.55174,61.3566],[-130.5544,61.36038],[-130.54646,61.36167],[-130.54379,61.35789],[-130.55174,61.3566]]]}},{"type":"Feature","properties":{"c":"YB76703","o":"YUKON ZINC CORPORATION - 100%","e":"2029-03-17"},"geometry":{"type":"Polygon","coordinates":[[[-130.5199,61.38713],[-130.51716,61.38333],[-130.52525,61.382],[-130.52797,61.3858],[-130.5199,61.38713]]]}},{"type":"Feature","properties":{"c":"YB93232","o":"BMC Minerals Ltd. - 100%","e":"2034-08-30"},"geometry":{"type":"Polygon","coordinates":[[[-130.71322,61.29426],[-130.71712,61.29791],[-130.70952,61.29979],[-130.70563,61.29613],[-130.71322,61.29426]]]}},{"type":"Feature","properties":{"c":"YB85281","o":"BMC Minerals Ltd. - 100%","e":"2044-04-02"},"geometry":{"type":"Polygon","coordinates":[[[-130.59823,61.4699],[-130.60644,61.47014],[-130.60644,61.47038],[-130.59823,61.47036],[-130.59823,61.4699]]]}},{"type":"Feature","properties":{"c":"YB58636","o":"YUKON ZINC CORPORATION - 100%","e":"2028-12-31"},"geometry":{"type":"Polygon","coordinates":[[[-130.63457,61.33303],[-130.64109,61.33551],[-130.63589,61.33866],[-130.62937,61.33618],[-130.63457,61.33303]]]}},{"type":"Feature","properties":{"c":"YE36912","o":"Blake Macdonald - 100%","e":"2031-06-23"},"geometry":{"type":"Polygon","coordinates":[[[-130.75096,61.27572],[-130.75485,61.27938],[-130.74727,61.28125],[-130.74338,61.2776],[-130.75096,61.27572]]]}},{"type":"Feature","properties":{"c":"YB60713","o":"YUKON ZINC CORPORATION - 100%","e":"2029-03-17"},"geometry":{"type":"Polygon","coordinates":[[[-130.5199,61.36177],[-130.51725,61.35799],[-130.52521,61.3567],[-130.52787,61.36048],[-130.5199,61.36177]]]}},{"type":"Feature","properties":{"c":"YB56059","o":"YUKON ZINC CORPORATION - 100%","e":"2030-03-17"},"geometry":{"type":"Polygon","coordinates":[[[-130.91306,61.42416],[-130.91311,61.42817],[-130.90477,61.4282],[-130.90471,61.42419],[-130.91306,61.42416]]]}},{"type":"Feature","properties":{"c":"YD57279","o":"YUKON ZINC CORPORATION - 100%","e":"2030-03-17"},"geometry":{"type":"Polygon","coordinates":[[[-130.67727,61.20986],[-130.68149,61.21342],[-130.6741,61.21546],[-130.66989,61.2119],[-130.67727,61.20986]]]}},{"type":"Feature","properties":{"c":"YB46357","o":"BMC Minerals Ltd. - 100%","e":"2046-04-02"},"geometry":{"type":"Polygon","coordinates":[[[-130.62391,61.48221],[-130.62389,61.47812],[-130.63248,61.4781],[-130.63252,61.48221],[-130.62391,61.48221]]]}},{"type":"Feature","properties":{"c":"YC27430","o":"YUKON ZINC CORPORATION - 100%","e":"2028-11-22"},"geometry":{"type":"Polygon","coordinates":[[[-130.60643,61.41759],[-130.6065,61.42169],[-130.59794,61.42172],[-130.59787,61.41762],[-130.60643,61.41759]]]}},{"type":"Feature","properties":{"c":"YC27933","o":"YUKON ZINC CORPORATION - 100%","e":"2030-03-17"},"geometry":{"type":"Polygon","coordinates":[[[-130.60245,61.18795],[-130.59824,61.18438],[-130.60562,61.18235],[-130.60983,61.18591],[-130.60245,61.18795]]]}},{"type":"Feature","properties":{"c":"YE36928","o":"Blake Macdonald - 100%","e":"2031-06-23"},"geometry":{"type":"Polygon","coordinates":[[[-130.71284,61.27591],[-130.71673,61.27956],[-130.70914,61.28143],[-130.70526,61.27778],[-130.71284,61.27591]]]}},{"type":"Feature","properties":{"c":"YB76812","o":"BMC Minerals Ltd. - 100%","e":"2045-03-17"},"geometry":{"type":"Polygon","coordinates":[[[-130.57201,61.27808],[-130.58007,61.27683],[-130.58263,61.28062],[-130.57458,61.28188],[-130.57201,61.27808]]]}},{"type":"Feature","properties":{"c":"YB51525","o":"YUKON ZINC CORPORATION - 100%","e":"2028-12-31"},"geometry":{"type":"Polygon","coordinates":[[[-130.58889,61.34127],[-130.59539,61.34375],[-130.59024,61.34696],[-130.58373,61.34448],[-130.58889,61.34127]]]}},{"type":"Feature","properties":{"c":"YC27443","o":"YUKON ZINC CORPORATION - 100%","e":"2028-11-22"},"geometry":{"type":"Polygon","coordinates":[[[-130.65772,61.41333],[-130.65779,61.41743],[-130.64923,61.41746],[-130.64916,61.41335],[-130.65772,61.41333]]]}},{"type":"Feature","properties":{"c":"YB88881","o":"FInlayson Copper Ltd. - 100%","e":"2038-12-03"},"geometry":{"type":"Polygon","coordinates":[[[-130.56959,61.24552],[-130.56972,61.2491],[-130.56122,61.24937],[-130.56108,61.24559],[-130.56959,61.24552]]]}},{"type":"Feature","properties":{"c":"YB49582","o":"BMC Minerals Ltd. - 100%","e":"2044-04-02"},"geometry":{"type":"Polygon","coordinates":[[[-130.70819,61.45231],[-130.70807,61.44845],[-130.71654,61.44841],[-130.71666,61.4523],[-130.70819,61.45231]]]}},{"type":"Feature","properties":{"c":"YB88899","o":"FInlayson Copper Ltd. - 100%","e":"2038-12-03"},"geometry":{"type":"Polygon","coordinates":[[[-130.5527,61.24944],[-130.5528,61.25175],[-130.54432,61.25308],[-130.54419,61.24951],[-130.5527,61.24944]]]}},{"type":"Feature","properties":{"c":"YB47691","o":"BMC Minerals Ltd. - 100%","e":"2044-04-02"},"geometry":{"type":"Polygon","coordinates":[[[-130.5597,61.45677],[-130.55973,61.46078],[-130.55135,61.4608],[-130.55132,61.45679],[-130.5597,61.45677]]]}},{"type":"Feature","properties":{"c":"YC27949","o":"YUKON ZINC CORPORATION - 100%","e":"2030-03-17"},"geometry":{"type":"Polygon","coordinates":[[[-130.61928,61.20221],[-130.61507,61.19864],[-130.62245,61.19661],[-130.62666,61.20018],[-130.61928,61.20221]]]}},{"type":"Feature","properties":{"c":"YB47537","o":"BMC Minerals Ltd. - 100%","e":"2044-04-02"},"geometry":{"type":"Polygon","coordinates":[[[-130.5999,61.48221],[-130.60795,61.48221],[-130.608,61.48445],[-130.59993,61.48445],[-130.5999,61.48221]]]}},{"type":"Feature","properties":{"c":"YB51229","o":"BMC Minerals Ltd. - 100%","e":"2044-04-02"},"geometry":{"type":"Polygon","coordinates":[[[-130.6068,61.44564],[-130.6017,61.44565],[-130.59828,61.44307],[-130.59825,61.44173],[-130.60669,61.44171],[-130.6068,61.44564]]]}},{"type":"Feature","properties":{"c":"YB51530","o":"YUKON ZINC CORPORATION - 100%","e":"2028-12-31"},"geometry":{"type":"Polygon","coordinates":[[[-130.56552,61.34272],[-130.559,61.34024],[-130.56419,61.33702],[-130.5707,61.33951],[-130.56552,61.34272]]]}},{"type":"Feature","properties":{"c":"YB60611","o":"YUKON ZINC CORPORATION - 100%","e":"2038-03-17"},"geometry":{"type":"Polygon","coordinates":[[[-130.51458,61.32501],[-130.5064,61.32632],[-130.50359,61.32242],[-130.51186,61.32109],[-130.51458,61.32501]]]}},{"type":"Feature","properties":{"c":"YC27438","o":"YUKON ZINC CORPORATION - 100%","e":"2028-11-22"},"geometry":{"type":"Polygon","coordinates":[[[-130.64067,61.41748],[-130.64074,61.42159],[-130.63218,61.42162],[-130.63211,61.41751],[-130.64067,61.41748]]]}},{"type":"Feature","properties":{"c":"YB70509","o":"YUKON ZINC CORPORATION - 100%","e":"2029-03-17"},"geometry":{"type":"Polygon","coordinates":[[[-130.50425,61.29706],[-130.51291,61.29574],[-130.51546,61.29956],[-130.50689,61.30089],[-130.50425,61.29706]]]}},{"type":"Feature","properties":{"c":"YB56141","o":"YUKON ZINC CORPORATION - 100%","e":"2035-03-17"},"geometry":{"type":"Polygon","coordinates":[[[-130.55527,61.30595],[-130.55274,61.30218],[-130.56077,61.30094],[-130.5633,61.30472],[-130.55527,61.30595]]]}},{"type":"Feature","properties":{"c":"YB46250","o":"BMC Minerals Ltd. - 100%","e":"2046-04-02"},"geometry":{"type":"Polygon","coordinates":[[[-130.59823,61.47036],[-130.58978,61.47028],[-130.58977,61.466],[-130.59822,61.46606],[-130.59823,61.4699],[-130.59823,61.47036]]]}},{"type":"Feature","properties":{"c":"YB68801","o":"YUKON ZINC CORPORATION - 100%","e":"2029-03-17"},"geometry":{"type":"Polygon","coordinates":[[[-130.57058,61.32891],[-130.56802,61.32504],[-130.57605,61.32378],[-130.57861,61.32765],[-130.57058,61.32891]]]}},{"type":"Feature","properties":{"c":"YB51215","o":"BMC Minerals Ltd. - 100%","e":"2044-04-02"},"geometry":{"type":"Polygon","coordinates":[[[-130.63195,61.42816],[-130.64022,61.42815],[-130.6403,61.43226],[-130.63201,61.43227],[-130.63198,61.42982],[-130.63195,61.42816]]]}},{"type":"Feature","properties":{"c":"YB58621","o":"YUKON ZINC CORPORATION - 100%","e":"2028-12-31"},"geometry":{"type":"Polygon","coordinates":[[[-130.58637,61.32997],[-130.57985,61.32747],[-130.585,61.32434],[-130.59152,61.32684],[-130.58637,61.32997]]]}},{"type":"Feature","properties":{"c":"YB48960","o":"BMC Minerals Ltd. - 100%","e":"2044-04-02"},"geometry":{"type":"Polygon","coordinates":[[[-130.68342,61.48007],[-130.68332,61.47603],[-130.69176,61.47599],[-130.69188,61.48004],[-130.68342,61.48007]]]}},{"type":"Feature","properties":{"c":"YC27954","o":"YUKON ZINC CORPORATION - 100%","e":"2030-03-17"},"geometry":{"type":"Polygon","coordinates":[[[-130.66145,61.20477],[-130.65724,61.2012],[-130.66462,61.19917],[-130.66883,61.20273],[-130.66145,61.20477]]]}},{"type":"Feature","properties":{"c":"YB76786","o":"YUKON ZINC CORPORATION - 100%","e":"2029-03-17"},"geometry":{"type":"Polygon","coordinates":[[[-130.59725,61.36687],[-130.6057,61.36683],[-130.60578,61.37084],[-130.59734,61.37087],[-130.59725,61.36687]]]}},{"type":"Feature","properties":{"c":"YB60532","o":"YUKON ZINC CORPORATION - 100%","e":"2030-03-17"},"geometry":{"type":"Polygon","coordinates":[[[-130.89904,61.35734],[-130.90732,61.3573],[-130.90732,61.36131],[-130.89906,61.36136],[-130.89904,61.35734]]]}},{"type":"Feature","properties":{"c":"YC27934","o":"YUKON ZINC CORPORATION - 100%","e":"2030-03-17"},"geometry":{"type":"Polygon","coordinates":[[[-130.59927,61.19354],[-130.59506,61.18998],[-130.60245,61.18795],[-130.60665,61.19151],[-130.59927,61.19354]]]}},{"type":"Feature","properties":{"c":"YB60607","o":"YUKON ZINC CORPORATION - 100%","e":"2038-03-17"},"geometry":{"type":"Polygon","coordinates":[[[-130.50095,61.31866],[-130.49823,61.31489],[-130.50677,61.31352],[-130.50935,61.3173],[-130.50095,61.31866]]]}},{"type":"Feature","properties":{"c":"YB63720","o":"YUKON ZINC CORPORATION - 100%","e":"2029-03-17"},"geometry":{"type":"Polygon","coordinates":[[[-130.75129,61.22266],[-130.75871,61.22059],[-130.76298,61.22419],[-130.75556,61.22625],[-130.75129,61.22266]]]}},{"type":"Feature","properties":{"c":"YB85289","o":"BMC Minerals Ltd. - 100%","e":"2044-04-02"},"geometry":{"type":"Polygon","coordinates":[[[-130.61506,61.45332],[-130.62367,61.4536],[-130.62367,61.45384],[-130.61506,61.4538],[-130.61506,61.45332]]]}},{"type":"Feature","properties":{"c":"YB56083","o":"YUKON ZINC CORPORATION - 100%","e":"2030-03-17"},"geometry":{"type":"Polygon","coordinates":[[[-130.86273,61.41625],[-130.8711,61.41623],[-130.8712,61.42026],[-130.86284,61.42028],[-130.86273,61.41625]]]}},{"type":"Feature","properties":{"c":"YC27434","o":"YUKON ZINC CORPORATION - 100%","e":"2028-11-22"},"geometry":{"type":"Polygon","coordinates":[[[-130.62355,61.41754],[-130.62362,61.42164],[-130.61506,61.42167],[-130.61499,61.41757],[-130.62355,61.41754]]]}},{"type":"Feature","properties":{"c":"YF24890","o":"YUKON ZINC CORPORATION - 100%","e":"2028-06-27"},"geometry":{"type":"Polygon","coordinates":[[[-130.55202,61.3318],[-130.55432,61.33507],[-130.54639,61.33639],[-130.54404,61.33305],[-130.55202,61.3318]]]}},{"type":"Feature","properties":{"c":"YB46358","o":"BMC Minerals Ltd. - 100%","e":"2046-04-02"},"geometry":{"type":"Polygon","coordinates":[[[-130.62391,61.48221],[-130.61531,61.48221],[-130.61529,61.47814],[-130.62389,61.47812],[-130.62391,61.48221]]]}},{"type":"Feature","properties":{"c":"YB48975","o":"BMC Minerals Ltd. - 100%","e":"2044-04-02"},"geometry":{"type":"Polygon","coordinates":[[[-130.70847,61.46815],[-130.71691,61.46811],[-130.71699,61.472],[-130.70855,61.47204],[-130.70847,61.46815]]]}},{"type":"Feature","properties":{"c":"YB93707","o":"FInlayson Copper Ltd. - 100%","e":"2039-01-08"},"geometry":{"type":"Polygon","coordinates":[[[-130.5104,61.25734],[-130.51053,61.26111],[-130.50201,61.26118],[-130.50188,61.2574],[-130.5104,61.25734]]]}},{"type":"Feature","properties":{"c":"YB51214","o":"BMC Minerals Ltd. - 100%","e":"2044-04-02"},"geometry":{"type":"Polygon","coordinates":[[[-130.64849,61.42814],[-130.64858,61.43224],[-130.6403,61.43226],[-130.64022,61.42815],[-130.64849,61.42814]]]}},{"type":"Feature","properties":{"c":"YB47709","o":"BMC Minerals Ltd. - 100%","e":"2044-04-02"},"geometry":{"type":"Polygon","coordinates":[[[-130.56,61.49286],[-130.56004,61.49686],[-130.55165,61.49688],[-130.55162,61.49287],[-130.56,61.49286]]]}},{"type":"Feature","properties":{"c":"YB63718","o":"YUKON ZINC CORPORATION - 100%","e":"2029-03-17"},"geometry":{"type":"Polygon","coordinates":[[[-130.76298,61.22419],[-130.75871,61.22059],[-130.7661,61.21854],[-130.7704,61.22214],[-130.76298,61.22419]]]}},{"type":"Feature","properties":{"c":"YC27414","o":"YUKON ZINC CORPORATION - 100%","e":"2028-11-22"},"geometry":{"type":"Polygon","coordinates":[[[-130.62369,61.42575],[-130.62376,61.42985],[-130.61519,61.42988],[-130.61513,61.42577],[-130.62369,61.42575]]]}},{"type":"Feature","properties":{"c":"YC91768","o":"FInlayson Copper Ltd. - 100%","e":"2038-12-14"},"geometry":{"type":"Polygon","coordinates":[[[-130.52533,61.19645],[-130.52547,61.20055],[-130.51697,61.20062],[-130.51683,61.19652],[-130.52533,61.19645]]]}},{"type":"Feature","properties":{"c":"YB76839","o":"BMC Minerals Ltd. - 100%","e":"2045-03-17"},"geometry":{"type":"Polygon","coordinates":[[[-130.57788,61.26052],[-130.58055,61.26435],[-130.57249,61.26562],[-130.56983,61.26179],[-130.57788,61.26052]]]}},{"type":"Feature","properties":{"c":"YB48965","o":"BMC Minerals Ltd. - 100%","e":"2044-04-02"},"geometry":{"type":"Polygon","coordinates":[[[-130.692,61.48411],[-130.70043,61.48408],[-130.70055,61.48814],[-130.69212,61.48817],[-130.692,61.48411]]]}},{"type":"Feature","properties":{"c":"YE36936","o":"Blake Macdonald - 100%","e":"2031-06-23"},"geometry":{"type":"Polygon","coordinates":[[[-130.69378,61.276],[-130.69767,61.27965],[-130.69008,61.28152],[-130.68619,61.27787],[-130.69378,61.276]]]}},{"type":"Feature","properties":{"c":"YB51259","o":"BMC Minerals Ltd. - 100%","e":"2046-04-02"},"geometry":{"type":"Polygon","coordinates":[[[-130.54285,61.44478],[-130.54288,61.44878],[-130.53451,61.4488],[-130.53448,61.44479],[-130.54285,61.44478]]]}},{"type":"Feature","properties":{"c":"YB93487","o":"BMC Minerals Ltd. - 100%","e":"2034-03-12"},"geometry":{"type":"Polygon","coordinates":[[[-130.63173,61.29213],[-130.6398,61.29088],[-130.64239,61.29469],[-130.63431,61.29593],[-130.63173,61.29213]]]}},{"type":"Feature","properties":{"c":"YB60715","o":"YUKON ZINC CORPORATION - 100%","e":"2029-03-17"},"geometry":{"type":"Polygon","coordinates":[[[-130.52787,61.36048],[-130.53052,61.36425],[-130.52255,61.36554],[-130.5199,61.36177],[-130.52787,61.36048]]]}},{"type":"Feature","properties":{"c":"YB46350","o":"BMC Minerals Ltd. - 100%","e":"2046-04-02"},"geometry":{"type":"Polygon","coordinates":[[[-130.62361,61.4619],[-130.63234,61.4618],[-130.63238,61.46587],[-130.62381,61.46592],[-130.62361,61.4619]]]}},{"type":"Feature","properties":{"c":"YB60589","o":"YUKON ZINC CORPORATION - 100%","e":"2029-03-17"},"geometry":{"type":"Polygon","coordinates":[[[-130.53352,61.31351],[-130.54161,61.31224],[-130.54414,61.31601],[-130.53607,61.31728],[-130.53352,61.31351]]]}},{"type":"Feature","properties":{"c":"YB48962","o":"BMC Minerals Ltd. - 100%","e":"2044-04-02"},"geometry":{"type":"Polygon","coordinates":[[[-130.69188,61.48004],[-130.692,61.48411],[-130.68353,61.48415],[-130.68342,61.48007],[-130.69188,61.48004]]]}},{"type":"Feature","properties":{"c":"YB93216","o":"BMC Minerals Ltd. - 100%","e":"2034-08-30"},"geometry":{"type":"Polygon","coordinates":[[[-130.7323,61.29417],[-130.73619,61.29782],[-130.7286,61.29969],[-130.72471,61.29604],[-130.7323,61.29417]]]}},{"type":"Feature","properties":{"c":"YB63536","o":"YUKON ZINC CORPORATION - 100%","e":"2029-03-17"},"geometry":{"type":"Polygon","coordinates":[[[-130.50913,61.26824],[-130.50236,61.27084],[-130.4966,61.26755],[-130.50323,61.26495],[-130.50913,61.26824]]]}},{"type":"Feature","properties":{"c":"YB70508","o":"YUKON ZINC CORPORATION - 100%","e":"2029-03-17"},"geometry":{"type":"Polygon","coordinates":[[[-130.51583,61.28681],[-130.5184,61.29065],[-130.51035,61.2919],[-130.5078,61.28808],[-130.51196,61.28742],[-130.51583,61.28681]]]}},{"type":"Feature","properties":{"c":"YC27926","o":"YUKON ZINC CORPORATION - 100%","e":"2030-03-17"},"geometry":{"type":"Polygon","coordinates":[[[-130.6288,61.18541],[-130.62459,61.18185],[-130.63196,61.17981],[-130.63617,61.18338],[-130.6288,61.18541]]]}},{"type":"Feature","properties":{"c":"YB47486","o":"BMC Minerals Ltd. - 100%","e":"2044-04-02"},"geometry":{"type":"Polygon","coordinates":[[[-130.64897,61.44851],[-130.64887,61.44456],[-130.65731,61.44453],[-130.65741,61.44848],[-130.64897,61.44851]]]}},{"type":"Feature","properties":{"c":"YB76886","o":"YUKON ZINC CORPORATION - 100%","e":"2029-03-17"},"geometry":{"type":"Polygon","coordinates":[[[-130.58103,61.39506],[-130.58111,61.39908],[-130.57302,61.39912],[-130.57266,61.39861],[-130.57261,61.3951],[-130.58103,61.39506]]]}},{"type":"Feature","properties":{"c":"YB46343","o":"BMC Minerals Ltd. - 100%","e":"2046-04-02"},"geometry":{"type":"Polygon","coordinates":[[[-130.57288,61.46598],[-130.58132,61.46599],[-130.58133,61.4702],[-130.57288,61.47011],[-130.57288,61.46598]]]}},{"type":"Feature","properties":{"c":"YB70514","o":"YUKON ZINC CORPORATION - 100%","e":"2029-03-17"},"geometry":{"type":"Polygon","coordinates":[[[-130.52351,61.29832],[-130.52607,61.30216],[-130.51803,61.30341],[-130.51546,61.29956],[-130.52351,61.29832]]]}},{"type":"Feature","properties":{"c":"YB60678","o":"YUKON ZINC CORPORATION - 100%","e":"2029-03-17"},"geometry":{"type":"Polygon","coordinates":[[[-130.54903,61.34016],[-130.55697,61.33886],[-130.55963,61.34265],[-130.55169,61.34395],[-130.54903,61.34016]]]}},{"type":"Feature","properties":{"c":"YB70517","o":"YUKON ZINC CORPORATION - 100%","e":"2029-03-17"},"geometry":{"type":"Polygon","coordinates":[[[-130.4936,61.29462],[-130.50169,61.29323],[-130.50425,61.29706],[-130.49613,61.29828],[-130.49373,61.2948],[-130.4936,61.29462]]]}},{"type":"Feature","properties":{"c":"YB60721","o":"YUKON ZINC CORPORATION - 100%","e":"2029-03-17"},"geometry":{"type":"Polygon","coordinates":[[[-130.50408,61.35185],[-130.50702,61.35605],[-130.49913,61.35745],[-130.49625,61.35329],[-130.50408,61.35185]]]}},{"type":"Feature","properties":{"c":"YB76746","o":"YUKON ZINC CORPORATION - 100%","e":"2029-03-17"},"geometry":{"type":"Polygon","coordinates":[[[-130.55207,61.39466],[-130.56001,61.39334],[-130.56275,61.39718],[-130.55481,61.39849],[-130.55207,61.39466]]]}},{"type":"Feature","properties":{"c":"YB76759","o":"YUKON ZINC CORPORATION - 100%","e":"2029-03-17"},"geometry":{"type":"Polygon","coordinates":[[[-130.5678,61.37923],[-130.5758,61.37791],[-130.57853,61.38169],[-130.57056,61.38301],[-130.5678,61.37923]]]}},{"type":"Feature","properties":{"c":"YB60724","o":"YUKON ZINC CORPORATION - 100%","e":"2029-03-17"},"geometry":{"type":"Polygon","coordinates":[[[-130.49131,61.35873],[-130.49913,61.35745],[-130.50182,61.36134],[-130.494,61.36262],[-130.49131,61.35873]]]}},{"type":"Feature","properties":{"c":"YB47510","o":"BMC Minerals Ltd. - 100%","e":"2044-04-02"},"geometry":{"type":"Polygon","coordinates":[[[-130.63226,61.45251],[-130.64067,61.45249],[-130.64074,61.45648],[-130.63229,61.45646],[-130.63226,61.45251]]]}},{"type":"Feature","properties":{"c":"YB70476","o":"YUKON ZINC CORPORATION - 100%","e":"2029-03-17"},"geometry":{"type":"Polygon","coordinates":[[[-130.60916,61.29344],[-130.60109,61.29469],[-130.59852,61.29089],[-130.60658,61.28963],[-130.60916,61.29344]]]}},{"type":"Feature","properties":{"c":"YB47493","o":"BMC Minerals Ltd. - 100%","e":"2044-04-02"},"geometry":{"type":"Polygon","coordinates":[[[-130.65813,61.48412],[-130.65807,61.48015],[-130.66655,61.48012],[-130.66661,61.4841],[-130.65813,61.48412]]]}},{"type":"Feature","properties":{"c":"YB76756","o":"YUKON ZINC CORPORATION - 100%","e":"2029-03-17"},"geometry":{"type":"Polygon","coordinates":[[[-130.55427,61.37298],[-130.56229,61.37167],[-130.56505,61.37546],[-130.557,61.37678],[-130.55427,61.37298]]]}},{"type":"Feature","properties":{"c":"YB56134","o":"YUKON ZINC CORPORATION - 100%","e":"2035-03-17"},"geometry":{"type":"Polygon","coordinates":[[[-130.56582,61.3085],[-130.57391,61.30726],[-130.57646,61.31104],[-130.56835,61.31228],[-130.56582,61.3085]]]}},{"type":"Feature","properties":{"c":"YB48952","o":"BMC Minerals Ltd. - 100%","e":"2044-04-02"},"geometry":{"type":"Polygon","coordinates":[[[-130.68302,61.46424],[-130.68293,61.46045],[-130.6914,61.46042],[-130.69149,61.46433],[-130.68302,61.46424]]]}},{"type":"Feature","properties":{"c":"YC27470","o":"YUKON ZINC CORPORATION - 100%","e":"2028-11-22"},"geometry":{"type":"Polygon","coordinates":[[[-130.57321,61.4204],[-130.57331,61.42405],[-130.56842,61.42034],[-130.56894,61.42035],[-130.57321,61.4204]]]}},{"type":"Feature","properties":{"c":"YB51909","o":"BMC Minerals Ltd. - 100%","e":"2034-11-30"},"geometry":{"type":"Polygon","coordinates":[[[-130.84901,61.36971],[-130.84066,61.36976],[-130.84071,61.36572],[-130.84905,61.36568],[-130.84901,61.36971]]]}},{"type":"Feature","properties":{"c":"YB48946","o":"BMC Minerals Ltd. - 100%","e":"2044-04-02"},"geometry":{"type":"Polygon","coordinates":[[[-130.66666,61.48807],[-130.66661,61.4841],[-130.67503,61.48407],[-130.67512,61.48805],[-130.66666,61.48807]]]}},{"type":"Feature","properties":{"c":"YE36907","o":"Blake Macdonald - 100%","e":"2031-06-23"},"geometry":{"type":"Polygon","coordinates":[[[-130.77022,61.28481],[-130.77411,61.28846],[-130.76652,61.29033],[-130.76263,61.28668],[-130.77022,61.28481]]]}},{"type":"Feature","properties":{"c":"YB68830","o":"YUKON ZINC CORPORATION - 100%","e":"2032-03-17"},"geometry":{"type":"Polygon","coordinates":[[[-130.54947,61.32375],[-130.55749,61.3225],[-130.56,61.3263],[-130.55197,61.32756],[-130.54947,61.32375]]]}},{"type":"Feature","properties":{"c":"YB49566","o":"BMC Minerals Ltd. - 100%","e":"2044-04-02"},"geometry":{"type":"Polygon","coordinates":[[[-130.6743,61.45239],[-130.67418,61.44857],[-130.68263,61.44854],[-130.68273,61.45236],[-130.6743,61.45239]]]}},{"type":"Feature","properties":{"c":"YC27446","o":"YUKON ZINC CORPORATION - 100%","e":"2028-11-22"},"geometry":{"type":"Polygon","coordinates":[[[-130.58921,61.41113],[-130.58924,61.41354],[-130.58069,61.41356],[-130.58065,61.41115],[-130.58921,61.41113]]]}},{"type":"Feature","properties":{"c":"YB68805","o":"YUKON ZINC CORPORATION - 100%","e":"2032-03-17"},"geometry":{"type":"Polygon","coordinates":[[[-130.52035,61.333],[-130.52282,61.33642],[-130.51466,61.33775],[-130.51222,61.33431],[-130.52035,61.333]]]}},{"type":"Feature","properties":{"c":"YB63747","o":"YUKON ZINC CORPORATION - 100%","e":"2029-03-17"},"geometry":{"type":"Polygon","coordinates":[[[-130.77148,61.23136],[-130.77893,61.2293],[-130.78319,61.23288],[-130.77573,61.23494],[-130.77148,61.23136]]]}},{"type":"Feature","properties":{"c":"YB47490","o":"BMC Minerals Ltd. - 100%","e":"2044-04-02"},"geometry":{"type":"Polygon","coordinates":[[[-130.6495,61.47223],[-130.65796,61.4722],[-130.65801,61.47614],[-130.64956,61.47618],[-130.6495,61.47223]]]}},{"type":"Feature","properties":{"c":"YB47504","o":"BMC Minerals Ltd. - 100%","e":"2044-04-02"},"geometry":{"type":"Polygon","coordinates":[[[-130.64053,61.44459],[-130.63219,61.44462],[-130.63213,61.4405],[-130.64045,61.44048],[-130.64053,61.44459]]]}},{"type":"Feature","properties":{"c":"YC27945","o":"YUKON ZINC CORPORATION - 100%","e":"2030-03-17"},"geometry":{"type":"Polygon","coordinates":[[[-130.63405,61.19814],[-130.62983,61.19458],[-130.63722,61.19254],[-130.64143,61.19611],[-130.63405,61.19814]]]}},{"type":"Feature","properties":{"c":"YB70477","o":"YUKON ZINC CORPORATION - 100%","e":"2029-03-17"},"geometry":{"type":"Polygon","coordinates":[[[-130.59045,61.29215],[-130.59852,61.29089],[-130.60109,61.29469],[-130.59302,61.29594],[-130.59045,61.29215]]]}},{"type":"Feature","properties":{"c":"YB56072","o":"YUKON ZINC CORPORATION - 100%","e":"2030-03-17"},"geometry":{"type":"Polygon","coordinates":[[[-130.85448,61.4203],[-130.86284,61.42028],[-130.86295,61.42431],[-130.85459,61.42433],[-130.85448,61.4203]]]}},{"type":"Feature","properties":{"c":"YB48985","o":"BMC Minerals Ltd. - 100%","e":"2044-04-02"},"geometry":{"type":"Polygon","coordinates":[[[-130.71741,61.48808],[-130.71752,61.49215],[-130.70909,61.49218],[-130.70898,61.48811],[-130.71741,61.48808]]]}},{"type":"Feature","properties":{"c":"YB61479","o":"YUKON ZINC CORPORATION - 100%","e":"2030-03-17"},"geometry":{"type":"Polygon","coordinates":[[[-130.87335,61.34147],[-130.88175,61.34142],[-130.88189,61.34541],[-130.8735,61.34546],[-130.87335,61.34147]]]}},{"type":"Feature","properties":{"c":"YB56133","o":"YUKON ZINC CORPORATION - 100%","e":"2031-03-17"},"geometry":{"type":"Polygon","coordinates":[[[-130.57646,61.31104],[-130.57391,61.30726],[-130.58199,61.30602],[-130.58456,61.3098],[-130.57646,61.31104]]]}},{"type":"Feature","properties":{"c":"YC27407","o":"YUKON ZINC CORPORATION - 100%","e":"2028-11-22"},"geometry":{"type":"Polygon","coordinates":[[[-130.58081,61.42177],[-130.58937,61.42174],[-130.58944,61.42585],[-130.58088,61.42587],[-130.58084,61.4233],[-130.58081,61.42177]]]}},{"type":"Feature","properties":{"c":"YB48972","o":"BMC Minerals Ltd. - 100%","e":"2044-04-02"},"geometry":{"type":"Polygon","coordinates":[[[-130.70002,61.46819],[-130.69994,61.46429],[-130.70838,61.46425],[-130.70847,61.46815],[-130.70002,61.46819]]]}},{"type":"Feature","properties":{"c":"YE36951","o":"Blake Macdonald - 100%","e":"2031-06-23"},"geometry":{"type":"Polygon","coordinates":[[[-130.69396,61.28518],[-130.69785,61.28883],[-130.69026,61.2907],[-130.68637,61.28705],[-130.69396,61.28518]]]}},{"type":"Feature","properties":{"c":"YC27961","o":"YUKON ZINC CORPORATION - 100%","e":"2030-03-17"},"geometry":{"type":"Polygon","coordinates":[[[-130.63509,61.20731],[-130.63088,61.20374],[-130.63826,61.20171],[-130.64247,61.20527],[-130.63509,61.20731]]]}},{"type":"Feature","properties":{"c":"YB93215","o":"BMC Minerals Ltd. - 100%","e":"2034-08-30"},"geometry":{"type":"Polygon","coordinates":[[[-130.74338,61.2776],[-130.74727,61.28125],[-130.73969,61.28312],[-130.7358,61.27947],[-130.74338,61.2776]]]}},{"type":"Feature","properties":{"c":"YB47548","o":"BMC Minerals Ltd. - 100%","e":"2044-04-02"},"geometry":{"type":"Polygon","coordinates":[[[-130.55135,61.4608],[-130.55139,61.46481],[-130.54301,61.46482],[-130.54298,61.46081],[-130.55135,61.4608]]]}},{"type":"Feature","properties":{"c":"YC27938","o":"YUKON ZINC CORPORATION - 100%","e":"2030-03-17"},"geometry":{"type":"Polygon","coordinates":[[[-130.6604,61.1956],[-130.65619,61.19204],[-130.66357,61.19],[-130.66778,61.19357],[-130.6604,61.1956]]]}},{"type":"Feature","properties":{"c":"YB60588","o":"YUKON ZINC CORPORATION - 100%","e":"2029-03-17"},"geometry":{"type":"Polygon","coordinates":[[[-130.54161,61.31224],[-130.5497,61.31097],[-130.55221,61.31474],[-130.54414,61.31601],[-130.54161,61.31224]]]}},{"type":"Feature","properties":{"c":"YB76707","o":"YUKON ZINC CORPORATION - 100%","e":"2029-03-17"},"geometry":{"type":"Polygon","coordinates":[[[-130.52543,61.39477],[-130.52265,61.39093],[-130.53069,61.3896],[-130.53345,61.39345],[-130.52543,61.39477]]]}},{"type":"Feature","properties":{"c":"YB48978","o":"BMC Minerals Ltd. - 100%","e":"2044-04-02"},"geometry":{"type":"Polygon","coordinates":[[[-130.70032,61.48001],[-130.7002,61.47595],[-130.70864,61.47591],[-130.70875,61.47997],[-130.70032,61.48001]]]}},{"type":"Feature","properties":{"c":"YD17713","o":"Cynthia MacDonald - 50%, Wendy Donnithorne - 50%","e":"2028-09-24"},"geometry":{"type":"Polygon","coordinates":[[[-130.9559,61.39048],[-130.96305,61.39262],[-130.95857,61.39611],[-130.95142,61.39398],[-130.9559,61.39048]]]}},{"type":"Feature","properties":{"c":"YB76857","o":"YUKON ZINC CORPORATION - 100%","e":"2029-03-17"},"geometry":{"type":"Polygon","coordinates":[[[-130.53624,61.27781],[-130.53097,61.27471],[-130.5374,61.27216],[-130.54278,61.27522],[-130.53624,61.27781]]]}},{"type":"Feature","properties":{"c":"YB51221","o":"BMC Minerals Ltd. - 100%","e":"2044-04-02"},"geometry":{"type":"Polygon","coordinates":[[[-130.61504,61.43775],[-130.62361,61.43772],[-130.62367,61.44165],[-130.61515,61.44168],[-130.61504,61.43775]]]}},{"type":"Feature","properties":{"c":"YC27457","o":"YUKON ZINC CORPORATION - 100%","e":"2028-11-22"},"geometry":{"type":"Polygon","coordinates":[[[-130.56668,61.39027],[-130.5725,61.39036],[-130.57258,61.39447],[-130.56966,61.39442],[-130.56789,61.39203],[-130.56668,61.39027]]]}},{"type":"Feature","properties":{"c":"YB51235","o":"BMC Minerals Ltd. - 100%","e":"2044-04-02"},"geometry":{"type":"Polygon","coordinates":[[[-130.59816,61.4378],[-130.59825,61.44173],[-130.59652,61.44174],[-130.59134,61.43782],[-130.59816,61.4378]]]}},{"type":"Feature","properties":{"c":"YB76785","o":"YUKON ZINC CORPORATION - 100%","e":"2029-03-17"},"geometry":{"type":"Polygon","coordinates":[[[-130.59725,61.36687],[-130.59734,61.37087],[-130.5889,61.37089],[-130.58888,61.3669],[-130.59725,61.36687]]]}},{"type":"Feature","properties":{"c":"YB47582","o":"BMC Minerals Ltd. - 100%","e":"2044-04-02"},"geometry":{"type":"Polygon","coordinates":[[[-130.53476,61.48087],[-130.53479,61.48488],[-130.5264,61.4849],[-130.52637,61.48089],[-130.53476,61.48087]]]}},{"type":"Feature","properties":{"c":"YB49591","o":"BMC Minerals Ltd. - 100%","e":"2044-04-02"},"geometry":{"type":"Polygon","coordinates":[[[-130.72513,61.45649],[-130.71667,61.45654],[-130.71666,61.4523],[-130.72513,61.45229],[-130.72513,61.45649]]]}},{"type":"Feature","properties":{"c":"YB60666","o":"YUKON ZINC CORPORATION - 100%","e":"2029-03-17"},"geometry":{"type":"Polygon","coordinates":[[[-130.5875,61.30099],[-130.58494,61.29719],[-130.59302,61.29594],[-130.59559,61.29974],[-130.5875,61.30099]]]}},{"type":"Feature","properties":{"c":"YB93280","o":"BMC Minerals Ltd. - 100%","e":"2033-07-18"},"geometry":{"type":"Polygon","coordinates":[[[-130.61622,61.31484],[-130.61532,61.31352],[-130.6234,61.31227],[-130.62427,61.31359],[-130.62024,61.31422],[-130.61622,61.31484]]]}},{"type":"Feature","properties":{"c":"YD57297","o":"YUKON ZINC CORPORATION - 100%","e":"2030-03-17"},"geometry":{"type":"Polygon","coordinates":[[[-130.65195,61.22157],[-130.65617,61.22513],[-130.64855,61.22723],[-130.64455,61.22361],[-130.65195,61.22157]]]}},{"type":"Feature","properties":{"c":"YB51232","o":"BMC Minerals Ltd. - 100%","e":"2044-04-02"},"geometry":{"type":"Polygon","coordinates":[[[-130.59799,61.42993],[-130.59807,61.43386],[-130.58959,61.43389],[-130.58949,61.42996],[-130.59799,61.42993]]]}},{"type":"Feature","properties":{"c":"YB76739","o":"YUKON ZINC CORPORATION - 100%","e":"2029-03-17"},"geometry":{"type":"Polygon","coordinates":[[[-130.55177,61.38188],[-130.55971,61.38057],[-130.56243,61.38435],[-130.55453,61.38566],[-130.55177,61.38188]]]}},{"type":"Feature","properties":{"c":"YB47564","o":"BMC Minerals Ltd. - 100%","e":"2044-04-02"},"geometry":{"type":"Polygon","coordinates":[[[-130.55162,61.49287],[-130.55165,61.49688],[-130.54326,61.4969],[-130.54323,61.49289],[-130.55162,61.49287]]]}},{"type":"Feature","properties":{"c":"YB47626","o":"BMC Minerals Ltd. - 100%","e":"2044-04-02"},"geometry":{"type":"Polygon","coordinates":[[[-130.56423,61.43202],[-130.57126,61.42987],[-130.57565,61.43321],[-130.56862,61.43536],[-130.5669,61.43405],[-130.56423,61.43202]]]}},{"type":"Feature","properties":{"c":"YB70520","o":"YUKON ZINC CORPORATION - 100%","e":"2034-03-17"},"geometry":{"type":"Polygon","coordinates":[[[-130.50413,61.30987],[-130.4956,61.31122],[-130.49299,61.30744],[-130.50154,61.30612],[-130.50413,61.30987]]]}},{"type":"Feature","properties":{"c":"YB60527","o":"YUKON ZINC CORPORATION - 100%","e":"2030-03-17"},"geometry":{"type":"Polygon","coordinates":[[[-130.89036,61.34536],[-130.89872,61.34531],[-130.89887,61.34932],[-130.89054,61.34936],[-130.89036,61.34536]]]}},{"type":"Feature","properties":{"c":"YB68810","o":"YUKON ZINC CORPORATION - 100%","e":"2029-03-17"},"geometry":{"type":"Polygon","coordinates":[[[-130.50405,61.33561],[-130.49532,61.33697],[-130.49253,61.33292],[-130.50103,61.33154],[-130.50405,61.33561]]]}},{"type":"Feature","properties":{"c":"YB48987","o":"BMC Minerals Ltd. - 100%","e":"2044-04-02"},"geometry":{"type":"Polygon","coordinates":[[[-130.72513,61.45649],[-130.73358,61.45644],[-130.73365,61.46025],[-130.7252,61.46028],[-130.72513,61.45649]]]}},{"type":"Feature","properties":{"c":"YF24897","o":"YUKON ZINC CORPORATION - 100%","e":"2028-06-27"},"geometry":{"type":"Polygon","coordinates":[[[-130.52263,61.34033],[-130.52529,61.34405],[-130.51737,61.34535],[-130.5148,61.34177],[-130.52263,61.34033]]]}},{"type":"Feature","properties":{"c":"YB76811","o":"BMC Minerals Ltd. - 100%","e":"2045-03-17"},"geometry":{"type":"Polygon","coordinates":[[[-130.57201,61.27808],[-130.57458,61.28188],[-130.56653,61.28314],[-130.56405,61.27931],[-130.57201,61.27808]]]}},{"type":"Feature","properties":{"c":"YE36939","o":"Blake Macdonald - 100%","e":"2031-06-23"},"geometry":{"type":"Polygon","coordinates":[[[-130.71731,61.30709],[-130.7212,61.31074],[-130.71361,61.31262],[-130.70971,61.30896],[-130.71731,61.30709]]]}},{"type":"Feature","properties":{"c":"YB76780","o":"YUKON ZINC CORPORATION - 100%","e":"2029-03-17"},"geometry":{"type":"Polygon","coordinates":[[[-130.59762,61.38292],[-130.59753,61.3789],[-130.60596,61.37887],[-130.60605,61.38288],[-130.59762,61.38292]]]}},{"type":"Feature","properties":{"c":"YB60663","o":"YUKON ZINC CORPORATION - 100%","e":"2029-03-17"},"geometry":{"type":"Polygon","coordinates":[[[-130.57172,61.29082],[-130.57978,61.28956],[-130.58238,61.2934],[-130.57431,61.29466],[-130.57172,61.29082]]]}},{"type":"Feature","properties":{"c":"YB49589","o":"BMC Minerals Ltd. - 100%","e":"2044-04-02"},"geometry":{"type":"Polygon","coordinates":[[[-130.71654,61.44841],[-130.72502,61.44838],[-130.72513,61.45229],[-130.71666,61.4523],[-130.71654,61.44841]]]}},{"type":"Feature","properties":{"c":"YB76888","o":"YUKON ZINC CORPORATION - 100%","e":"2029-03-17"},"geometry":{"type":"Polygon","coordinates":[[[-130.58094,61.39103],[-130.58103,61.39506],[-130.57259,61.3951],[-130.57257,61.39107],[-130.58094,61.39103]]]}},{"type":"Feature","properties":{"c":"YB47502","o":"BMC Minerals Ltd. - 100%","e":"2044-04-02"},"geometry":{"type":"Polygon","coordinates":[[[-130.63207,61.43639],[-130.64037,61.43637],[-130.64045,61.44048],[-130.63213,61.4405],[-130.63207,61.43639]]]}},{"type":"Feature","properties":{"c":"YB55343","o":"BMC Minerals Ltd. - 100%","e":"2044-04-02"},"geometry":{"type":"Polygon","coordinates":[[[-130.51784,61.4686],[-130.51787,61.47189],[-130.50952,61.47192],[-130.50944,61.46861],[-130.51784,61.4686]]]}},{"type":"Feature","properties":{"c":"YB68837","o":"YUKON ZINC CORPORATION - 100%","e":"2029-03-17"},"geometry":{"type":"Polygon","coordinates":[[[-130.50944,61.34664],[-130.50136,61.34796],[-130.49906,61.34453],[-130.50705,61.3431],[-130.50944,61.34664]]]}},{"type":"Feature","properties":{"c":"YB48988","o":"BMC Minerals Ltd. - 100%","e":"2044-04-02"},"geometry":{"type":"Polygon","coordinates":[[[-130.71683,61.46421],[-130.71675,61.46032],[-130.7252,61.46028],[-130.72528,61.46417],[-130.71683,61.46421]]]}},{"type":"Feature","properties":{"c":"YB93491","o":"BMC Minerals Ltd. - 100%","e":"2034-03-12"},"geometry":{"type":"Polygon","coordinates":[[[-130.63462,61.28326],[-130.63722,61.28708],[-130.62915,61.28833],[-130.62657,61.28453],[-130.62948,61.28407],[-130.63462,61.28326]]]}},{"type":"Feature","properties":{"c":"YB46237","o":"BMC Minerals Ltd. - 100%","e":"2046-04-02"},"geometry":{"type":"Polygon","coordinates":[[[-130.60669,61.45789],[-130.60672,61.4538],[-130.61506,61.4538],[-130.61514,61.4577],[-130.60669,61.45789]]]}},{"type":"Feature","properties":{"c":"YB49586","o":"BMC Minerals Ltd. - 100%","e":"2044-04-02"},"geometry":{"type":"Polygon","coordinates":[[[-130.72489,61.4443],[-130.72482,61.44014],[-130.73347,61.4401],[-130.73358,61.44427],[-130.72489,61.4443]]]}},{"type":"Feature","properties":{"c":"YB51885","o":"BMC Minerals Ltd. - 100%","e":"2034-11-30"},"geometry":{"type":"Polygon","coordinates":[[[-130.87407,61.36553],[-130.8824,61.36548],[-130.8824,61.36952],[-130.87405,61.36956],[-130.87407,61.36553]]]}},{"type":"Feature","properties":{"c":"YB63907","o":"YUKON ZINC CORPORATION - 100%","e":"2029-03-17"},"geometry":{"type":"Polygon","coordinates":[[[-130.75238,61.23188],[-130.74814,61.22831],[-130.75556,61.22625],[-130.75981,61.22983],[-130.75238,61.23188]]]}},{"type":"Feature","properties":{"c":"YB93702","o":"FInlayson Copper Ltd. - 100%","e":"2039-01-08"},"geometry":{"type":"Polygon","coordinates":[[[-130.49299,61.24614],[-130.5015,61.24607],[-130.50163,61.24985],[-130.49312,61.24992],[-130.49299,61.24614]]]}},{"type":"Feature","properties":{"c":"YC27951","o":"YUKON ZINC CORPORATION - 100%","e":"2030-03-17"},"geometry":{"type":"Polygon","coordinates":[[[-130.6119,61.20424],[-130.60769,61.20068],[-130.61507,61.19864],[-130.61928,61.20221],[-130.6119,61.20424]]]}},{"type":"Feature","properties":{"c":"YB56090","o":"YUKON ZINC CORPORATION - 100%","e":"2030-03-17"},"geometry":{"type":"Polygon","coordinates":[[[-130.86247,61.40011],[-130.86257,61.40416],[-130.85413,61.40415],[-130.85405,61.40012],[-130.86247,61.40011]]]}},{"type":"Feature","properties":{"c":"YB93691","o":"FInlayson Copper Ltd. - 100%","e":"2039-01-08"},"geometry":{"type":"Polygon","coordinates":[[[-130.52691,61.2421],[-130.52704,61.24587],[-130.51852,61.24594],[-130.51839,61.24216],[-130.52691,61.2421]]]}},{"type":"Feature","properties":{"c":"YE36929","o":"Blake Macdonald - 100%","e":"2031-06-23"},"geometry":{"type":"Polygon","coordinates":[[[-130.72044,61.27404],[-130.72432,61.27769],[-130.71673,61.27956],[-130.71284,61.27591],[-130.72044,61.27404]]]}},{"type":"Feature","properties":{"c":"YB76775","o":"YUKON ZINC CORPORATION - 100%","e":"2029-03-17"},"geometry":{"type":"Polygon","coordinates":[[[-130.58929,61.38697],[-130.59771,61.38693],[-130.59781,61.39095],[-130.58938,61.39099],[-130.58929,61.38697]]]}},{"type":"Feature","properties":{"c":"YB51899","o":"BMC Minerals Ltd. - 100%","e":"2034-11-30"},"geometry":{"type":"Polygon","coordinates":[[[-130.85743,61.36159],[-130.86575,61.36155],[-130.86573,61.36558],[-130.85739,61.36563],[-130.85743,61.36159]]]}},{"type":"Feature","properties":{"c":"YB60701","o":"YUKON ZINC CORPORATION - 100%","e":"2029-03-17"},"geometry":{"type":"Polygon","coordinates":[[[-130.53317,61.3554],[-130.53051,61.35162],[-130.53846,61.35033],[-130.54113,61.35411],[-130.53317,61.3554]]]}},{"type":"Feature","properties":{"c":"YC27978","o":"YUKON ZINC CORPORATION - 100%","e":"2030-03-17"},"geometry":{"type":"Polygon","coordinates":[[[-130.60348,61.19711],[-130.59927,61.19354],[-130.60665,61.19151],[-130.61086,61.19508],[-130.60348,61.19711]]]}},{"type":"Feature","properties":{"c":"YB49003","o":"BMC Minerals Ltd. - 100%","e":"2044-04-02"},"geometry":{"type":"Polygon","coordinates":[[[-130.73427,61.48802],[-130.73438,61.49209],[-130.72595,61.49212],[-130.72584,61.48805],[-130.73427,61.48802]]]}},{"type":"Feature","properties":{"c":"YB49571","o":"BMC Minerals Ltd. - 100%","e":"2044-04-02"},"geometry":{"type":"Polygon","coordinates":[[[-130.68253,61.44444],[-130.69106,61.44441],[-130.69114,61.44851],[-130.68263,61.44854],[-130.68253,61.44444]]]}},{"type":"Feature","properties":{"c":"YC27932","o":"YUKON ZINC CORPORATION - 100%","e":"2030-03-17"},"geometry":{"type":"Polygon","coordinates":[[[-130.60665,61.19151],[-130.60245,61.18795],[-130.60983,61.18591],[-130.61403,61.18948],[-130.60665,61.19151]]]}},{"type":"Feature","properties":{"c":"YB48419","o":"BMC Minerals Ltd. - 100%","e":"2044-04-02"},"geometry":{"type":"Polygon","coordinates":[[[-130.6165,61.49661],[-130.61661,61.50097],[-130.60833,61.50098],[-130.60824,61.4966],[-130.6165,61.49661]]]}},{"type":"Feature","properties":{"c":"YB70474","o":"BMC Minerals Ltd. - 100%","e":"2045-03-17"},"geometry":{"type":"Polygon","coordinates":[[[-130.5959,61.28705],[-130.60396,61.28579],[-130.60658,61.28963],[-130.59852,61.29089],[-130.5959,61.28705]]]}},{"type":"Feature","properties":{"c":"YC27405","o":"YUKON ZINC CORPORATION - 100%","e":"2028-11-22"},"geometry":{"type":"Polygon","coordinates":[[[-130.58099,61.42998],[-130.57767,61.42739],[-130.58092,61.42735],[-130.58099,61.42998]]]}},{"type":"Feature","properties":{"c":"YB55903","o":"BMC Minerals Ltd. - 100%","e":"2044-04-02"},"geometry":{"type":"Polygon","coordinates":[[[-130.49212,61.45298],[-130.49207,61.44888],[-130.50064,61.44886],[-130.50069,61.45296],[-130.49212,61.45298]]]}},{"type":"Feature","properties":{"c":"YB33749","o":"FInlayson Copper Ltd. - 100%","e":"2038-12-31"},"geometry":{"type":"Polygon","coordinates":[[[-130.53423,61.20804],[-130.53436,61.21182],[-130.52586,61.21188],[-130.52573,61.20811],[-130.53423,61.20804]]]}},{"type":"Feature","properties":{"c":"YB77169","o":"BMC Minerals Ltd. - 100%","e":"2045-03-17"},"geometry":{"type":"Polygon","coordinates":[[[-130.59398,61.25798],[-130.59666,61.26181],[-130.5886,61.26308],[-130.58593,61.25925],[-130.59398,61.25798]]]}},{"type":"Feature","properties":{"c":"YB47488","o":"BMC Minerals Ltd. - 100%","e":"2044-04-02"},"geometry":{"type":"Polygon","coordinates":[[[-130.64943,61.46826],[-130.6579,61.46823],[-130.65796,61.4722],[-130.6495,61.47223],[-130.64943,61.46826]]]}},{"type":"Feature","properties":{"c":"YB63912","o":"YUKON ZINC CORPORATION - 100%","e":"2030-03-17"},"geometry":{"type":"Polygon","coordinates":[[[-130.73011,61.23804],[-130.73753,61.23599],[-130.74178,61.23956],[-130.73435,61.2416],[-130.73011,61.23804]]]}},{"type":"Feature","properties":{"c":"YB93189","o":"BMC Minerals Ltd. - 100%","e":"2034-08-30"},"geometry":{"type":"Polygon","coordinates":[[[-130.75895,61.2922],[-130.76285,61.29585],[-130.75527,61.29773],[-130.75138,61.29407],[-130.75895,61.2922]]]}},{"type":"Feature","properties":{"c":"YB85303","o":"BMC Minerals Ltd. - 100%","e":"2044-04-02"},"geometry":{"type":"Polygon","coordinates":[[[-130.60824,61.4966],[-130.60833,61.50098],[-130.60776,61.50098],[-130.6077,61.4966],[-130.60824,61.4966]]]}},{"type":"Feature","properties":{"c":"YB60517","o":"YUKON ZINC CORPORATION - 100%","e":"2030-03-17"},"geometry":{"type":"Polygon","coordinates":[[[-130.90694,61.34125],[-130.91534,61.34119],[-130.91546,61.34521],[-130.90707,61.34526],[-130.90694,61.34125]]]}},{"type":"Feature","properties":{"c":"YB63535","o":"YUKON ZINC CORPORATION - 100%","e":"2029-03-17"},"geometry":{"type":"Polygon","coordinates":[[[-130.50236,61.27084],[-130.50724,61.27364],[-130.50054,61.27627],[-130.49559,61.27344],[-130.50236,61.27084]]]}},{"type":"Feature","properties":{"c":"YB55334","o":"BMC Minerals Ltd. - 100%","e":"2044-04-02"},"geometry":{"type":"Polygon","coordinates":[[[-130.50074,61.45706],[-130.50069,61.45296],[-130.50926,61.45294],[-130.50931,61.45704],[-130.50074,61.45706]]]}},{"type":"Feature","properties":{"c":"YB56087","o":"YUKON ZINC CORPORATION - 100%","e":"2030-03-17"},"geometry":{"type":"Polygon","coordinates":[[[-130.86237,61.39607],[-130.87078,61.39604],[-130.87089,61.4001],[-130.86247,61.40011],[-130.86237,61.39607]]]}},{"type":"Feature","properties":{"c":"YC27967","o":"YUKON ZINC CORPORATION - 100%","e":"2030-03-17"},"geometry":{"type":"Polygon","coordinates":[[[-130.6446,61.19051],[-130.64038,61.18694],[-130.64776,61.18491],[-130.65198,61.18847],[-130.6446,61.19051]]]}},{"type":"Feature","properties":{"c":"YE36947","o":"Blake Macdonald - 100%","e":"2031-06-23"},"geometry":{"type":"Polygon","coordinates":[[[-130.70174,61.29248],[-130.70563,61.29613],[-130.69804,61.29801],[-130.69415,61.29435],[-130.70174,61.29248]]]}},{"type":"Feature","properties":{"c":"YB63937","o":"YUKON ZINC CORPORATION - 100%","e":"2029-03-17"},"geometry":{"type":"Polygon","coordinates":[[[-130.49194,61.28488],[-130.49888,61.28209],[-130.50451,61.28532],[-130.49745,61.28802],[-130.49194,61.28488]]]}},{"type":"Feature","properties":{"c":"YB60657","o":"YUKON ZINC CORPORATION - 100%","e":"2029-03-17"},"geometry":{"type":"Polygon","coordinates":[[[-130.54216,61.29966],[-130.55021,61.29841],[-130.55274,61.30218],[-130.54467,61.30343],[-130.54216,61.29966]]]}},{"type":"Feature","properties":{"c":"YB55931","o":"BMC Minerals Ltd. - 100%","e":"2044-04-02"},"geometry":{"type":"Polygon","coordinates":[[[-130.4936,61.50099],[-130.49352,61.49736],[-130.50188,61.49733],[-130.50193,61.50093],[-130.4936,61.50099]]]}},{"type":"Feature","properties":{"c":"YB70469","o":"YUKON ZINC CORPORATION - 100%","e":"2032-03-17"},"geometry":{"type":"Polygon","coordinates":[[[-130.51137,61.28248],[-130.51798,61.27986],[-130.5219,61.28216],[-130.52146,61.28223],[-130.52221,61.28336],[-130.5167,61.28554],[-130.51137,61.28248]]]}},{"type":"Feature","properties":{"c":"YB47671","o":"BMC Minerals Ltd. - 100%","e":"2044-04-02"},"geometry":{"type":"Polygon","coordinates":[[[-130.58362,61.4885],[-130.5837,61.48444],[-130.59181,61.48444],[-130.59176,61.4885],[-130.58362,61.4885]]]}},{"type":"Feature","properties":{"c":"YB46230","o":"BMC Minerals Ltd. - 100%","e":"2046-04-02"},"geometry":{"type":"Polygon","coordinates":[[[-130.62362,61.46156],[-130.62364,61.45802],[-130.63231,61.45802],[-130.63234,61.46156],[-130.62362,61.46156]]]}},{"type":"Feature","properties":{"c":"YB76902","o":"YUKON ZINC CORPORATION - 100%","e":"2029-03-17"},"geometry":{"type":"Polygon","coordinates":[[[-130.57685,61.36698],[-130.57405,61.36302],[-130.58039,61.36298],[-130.58044,61.36694],[-130.57685,61.36698]]]}},{"type":"Feature","properties":{"c":"YB48976","o":"BMC Minerals Ltd. - 100%","e":"2044-04-02"},"geometry":{"type":"Polygon","coordinates":[[[-130.70855,61.47204],[-130.70864,61.47591],[-130.7002,61.47595],[-130.70011,61.47209],[-130.70855,61.47204]]]}},{"type":"Feature","properties":{"c":"YE36903","o":"Blake Macdonald - 100%","e":"2031-06-23"},"geometry":{"type":"Polygon","coordinates":[[[-130.778,61.29211],[-130.7819,61.29576],[-130.77431,61.29763],[-130.77042,61.29398],[-130.778,61.29211]]]}},{"type":"Feature","properties":{"c":"YB93235","o":"BMC Minerals Ltd. - 100%","e":"2034-08-30"},"geometry":{"type":"Polygon","coordinates":[[[-130.71693,61.28874],[-130.72082,61.29239],[-130.71322,61.29426],[-130.70933,61.29061],[-130.71693,61.28874]]]}},{"type":"Feature","properties":{"c":"YB47542","o":"BMC Minerals Ltd. - 100%","e":"2044-04-02"},"geometry":{"type":"Polygon","coordinates":[[[-130.60005,61.49249],[-130.60764,61.49255],[-130.6077,61.4966],[-130.60011,61.4966],[-130.60005,61.49249]]]}},{"type":"Feature","properties":{"c":"YB58633","o":"YUKON ZINC CORPORATION - 100%","e":"2028-12-31"},"geometry":{"type":"Polygon","coordinates":[[[-130.62794,61.33051],[-130.6331,61.32736],[-130.63977,61.32989],[-130.63457,61.33303],[-130.62794,61.33051]]]}},{"type":"Feature","properties":{"c":"YB48964","o":"BMC Minerals Ltd. - 100%","e":"2044-04-02"},"geometry":{"type":"Polygon","coordinates":[[[-130.68367,61.4882],[-130.68353,61.48415],[-130.692,61.48411],[-130.69212,61.48817],[-130.68367,61.4882]]]}},{"type":"Feature","properties":{"c":"YB47567","o":"BMC Minerals Ltd. - 100%","e":"2044-04-02"},"geometry":{"type":"Polygon","coordinates":[[[-130.54326,61.4969],[-130.5433,61.50096],[-130.53491,61.50096],[-130.53488,61.49691],[-130.54326,61.4969]]]}},{"type":"Feature","properties":{"c":"YB47511","o":"BMC Minerals Ltd. - 100%","e":"2044-04-02"},"geometry":{"type":"Polygon","coordinates":[[[-130.64074,61.45648],[-130.64917,61.45649],[-130.64927,61.46042],[-130.64082,61.46042],[-130.64074,61.45648]]]}},{"type":"Feature","properties":{"c":"YB76867","o":"BMC Minerals Ltd. - 100%","e":"2045-03-17"},"geometry":{"type":"Polygon","coordinates":[[[-130.62413,61.26352],[-130.62673,61.26734],[-130.61886,61.26856],[-130.61624,61.26473],[-130.62413,61.26352]]]}},{"type":"Feature","properties":{"c":"YF24875","o":"YUKON ZINC CORPORATION - 100%","e":"2028-06-27"},"geometry":{"type":"Polygon","coordinates":[[[-130.56276,61.33791],[-130.559,61.34024],[-130.56362,61.342],[-130.55963,61.34265],[-130.55697,61.33886],[-130.56276,61.33791]]]}},{"type":"Feature","properties":{"c":"YB47524","o":"BMC Minerals Ltd. - 100%","e":"2044-04-02"},"geometry":{"type":"Polygon","coordinates":[[[-130.64117,61.4802],[-130.64124,61.48416],[-130.63259,61.48419],[-130.6325,61.48022],[-130.64117,61.4802]]]}},{"type":"Feature","properties":{"c":"YB46239","o":"BMC Minerals Ltd. - 100%","e":"2046-04-02"},"geometry":{"type":"Polygon","coordinates":[[[-130.61523,61.46571],[-130.60637,61.46573],[-130.6063,61.46198],[-130.61519,61.46199],[-130.61523,61.46571]]]}},{"type":"Feature","properties":{"c":"YB47633","o":"BMC Minerals Ltd. - 100%","e":"2044-04-02"},"geometry":{"type":"Polygon","coordinates":[[[-130.59578,61.44117],[-130.5999,61.4443],[-130.59541,61.44566],[-130.59202,61.44567],[-130.58884,61.44325],[-130.59578,61.44117]]]}},{"type":"Feature","properties":{"c":"YB55335","o":"BMC Minerals Ltd. - 100%","e":"2044-04-02"},"geometry":{"type":"Polygon","coordinates":[[[-130.50931,61.45704],[-130.50926,61.45294],[-130.51774,61.45291],[-130.51775,61.45702],[-130.50931,61.45704]]]}},{"type":"Feature","properties":{"c":"YB48945","o":"BMC Minerals Ltd. - 100%","e":"2044-04-02"},"geometry":{"type":"Polygon","coordinates":[[[-130.67457,61.46419],[-130.68302,61.46424],[-130.68312,61.46819],[-130.67466,61.46817],[-130.67457,61.46419]]]}},{"type":"Feature","properties":{"c":"YB55927","o":"BMC Minerals Ltd. - 100%","e":"2044-04-02"},"geometry":{"type":"Polygon","coordinates":[[[-130.50179,61.4905],[-130.50184,61.49391],[-130.49348,61.49396],[-130.49344,61.49054],[-130.50179,61.4905]]]}},{"type":"Feature","properties":{"c":"YB93703","o":"FInlayson Copper Ltd. - 100%","e":"2039-01-08"},"geometry":{"type":"Polygon","coordinates":[[[-130.51014,61.24978],[-130.51027,61.25356],[-130.50176,61.25363],[-130.50163,61.24985],[-130.51014,61.24978]]]}},{"type":"Feature","properties":{"c":"YB56738","o":"BMC Minerals Ltd. - 100%","e":"2044-04-02"},"geometry":{"type":"Polygon","coordinates":[[[-130.69047,61.40807],[-130.69048,61.41212],[-130.682,61.41216],[-130.68199,61.4081],[-130.68804,61.40808],[-130.69047,61.40807]]]}},{"type":"Feature","properties":{"c":"YB51251","o":"BMC Minerals Ltd. - 100%","e":"2044-04-02"},"geometry":{"type":"Polygon","coordinates":[[[-130.57559,61.4407],[-130.57574,61.44471],[-130.56731,61.44473],[-130.56716,61.44072],[-130.57559,61.4407]]]}},{"type":"Feature","properties":{"c":"YC27461","o":"YUKON ZINC CORPORATION - 100%","e":"2028-11-22"},"geometry":{"type":"Polygon","coordinates":[[[-130.57268,61.39987],[-130.57276,61.40398],[-130.56849,61.40393],[-130.56842,61.40053],[-130.57268,61.39987]]]}},{"type":"Feature","properties":{"c":"YB48969","o":"BMC Minerals Ltd. - 100%","e":"2044-04-02"},"geometry":{"type":"Polygon","coordinates":[[[-130.70822,61.45659],[-130.71667,61.45654],[-130.71675,61.46032],[-130.7083,61.46035],[-130.70822,61.45659]]]}},{"type":"Feature","properties":{"c":"YB60596","o":"YUKON ZINC CORPORATION - 100%","e":"2034-03-17"},"geometry":{"type":"Polygon","coordinates":[[[-130.52556,61.31476],[-130.52305,61.31098],[-130.53096,61.30974],[-130.53352,61.31351],[-130.52556,61.31476]]]}},{"type":"Feature","properties":{"c":"YB76740","o":"YUKON ZINC CORPORATION - 100%","e":"2029-03-17"},"geometry":{"type":"Polygon","coordinates":[[[-130.54388,61.38318],[-130.55177,61.38188],[-130.55453,61.38566],[-130.5466,61.38697],[-130.54388,61.38318]]]}},{"type":"Feature","properties":{"c":"YC27939","o":"YUKON ZINC CORPORATION - 100%","e":"2030-03-17"},"geometry":{"type":"Polygon","coordinates":[[[-130.65619,61.19204],[-130.65198,61.18847],[-130.65935,61.18644],[-130.66357,61.19],[-130.65619,61.19204]]]}},{"type":"Feature","properties":{"c":"YB48974","o":"BMC Minerals Ltd. - 100%","e":"2044-04-02"},"geometry":{"type":"Polygon","coordinates":[[[-130.70011,61.47209],[-130.70002,61.46819],[-130.70847,61.46815],[-130.70855,61.47204],[-130.70011,61.47209]]]}},{"type":"Feature","properties":{"c":"YB47619","o":"BMC Minerals Ltd. - 100%","e":"2044-04-02"},"geometry":{"type":"Polygon","coordinates":[[[-130.56492,61.41771],[-130.56937,61.42106],[-130.56248,61.42318],[-130.55807,61.41982],[-130.56492,61.41771]]]}},{"type":"Feature","properties":{"c":"YB47676","o":"BMC Minerals Ltd. - 100%","e":"2044-04-02"},"geometry":{"type":"Polygon","coordinates":[[[-130.59949,61.4966],[-130.59964,61.50098],[-130.59158,61.50098],[-130.59164,61.4966],[-130.59949,61.4966]]]}},{"type":"Feature","properties":{"c":"YB76831","o":"BMC Minerals Ltd. - 100%","e":"2045-03-17"},"geometry":{"type":"Polygon","coordinates":[[[-130.58007,61.27683],[-130.58813,61.27558],[-130.59068,61.27936],[-130.58263,61.28062],[-130.58007,61.27683]]]}},{"type":"Feature","properties":{"c":"YB45974","o":"YUKON ZINC CORPORATION - 100%","e":"2028-12-31"},"geometry":{"type":"Polygon","coordinates":[[[-130.60457,61.33183],[-130.60974,61.32869],[-130.61625,61.33118],[-130.61109,61.33433],[-130.60457,61.33183]]]}},{"type":"Feature","properties":{"c":"YB63913","o":"YUKON ZINC CORPORATION - 100%","e":"2030-03-17"},"geometry":{"type":"Polygon","coordinates":[[[-130.72586,61.23447],[-130.73329,61.23242],[-130.73753,61.23599],[-130.73011,61.23804],[-130.72586,61.23447]]]}},{"type":"Feature","properties":{"c":"YB47478","o":"BMC Minerals Ltd. - 100%","e":"2044-04-02"},"geometry":{"type":"Polygon","coordinates":[[[-130.65675,61.42813],[-130.65689,61.43223],[-130.64858,61.43224],[-130.64849,61.42814],[-130.65675,61.42813]]]}},{"type":"Feature","properties":{"c":"YB60659","o":"YUKON ZINC CORPORATION - 100%","e":"2029-03-17"},"geometry":{"type":"Polygon","coordinates":[[[-130.56365,61.29207],[-130.56625,61.29592],[-130.55825,61.29716],[-130.55568,61.29332],[-130.56365,61.29207]]]}},{"type":"Feature","properties":{"c":"YB51258","o":"BMC Minerals Ltd. - 100%","e":"2044-04-02"},"geometry":{"type":"Polygon","coordinates":[[[-130.55122,61.44476],[-130.55126,61.44877],[-130.54288,61.44878],[-130.54285,61.44478],[-130.55122,61.44476]]]}},{"type":"Feature","properties":{"c":"YB60695","o":"YUKON ZINC CORPORATION - 100%","e":"2029-03-17"},"geometry":{"type":"Polygon","coordinates":[[[-130.55972,61.3553],[-130.56239,61.35908],[-130.5544,61.36038],[-130.55174,61.3566],[-130.55972,61.3553]]]}},{"type":"Feature","properties":{"c":"YB70465","o":"YUKON ZINC CORPORATION - 100%","e":"2032-03-17"},"geometry":{"type":"Polygon","coordinates":[[[-130.509,61.28789],[-130.5078,61.28808],[-130.50833,61.28887],[-130.50281,61.29109],[-130.49745,61.28802],[-130.50451,61.28532],[-130.509,61.28789]]]}},{"type":"Feature","properties":{"c":"YB47679","o":"BMC Minerals Ltd. - 100%","e":"2044-04-02"},"geometry":{"type":"Polygon","coordinates":[[[-130.57556,61.48221],[-130.57558,61.48443],[-130.56746,61.48443],[-130.56744,61.48221],[-130.57288,61.48221],[-130.57556,61.48221]]]}},{"type":"Feature","properties":{"c":"YB88871","o":"FInlayson Copper Ltd. - 100%","e":"2038-12-03"},"geometry":{"type":"Polygon","coordinates":[[[-130.56892,61.22688],[-130.56905,61.23042],[-130.56054,61.23049],[-130.56041,61.22671],[-130.56862,61.22664],[-130.56892,61.22688]]]}},{"type":"Feature","properties":{"c":"YB93493","o":"BMC Minerals Ltd. - 100%","e":"2034-03-12"},"geometry":{"type":"Polygon","coordinates":[[[-130.62831,61.31296],[-130.62796,61.31302],[-130.62706,61.31168],[-130.63514,61.31044],[-130.63773,61.31424],[-130.62995,61.31543],[-130.62831,61.31296]]]}},{"type":"Feature","properties":{"c":"YB60684","o":"YUKON ZINC CORPORATION - 100%","e":"2029-03-17"},"geometry":{"type":"Polygon","coordinates":[[[-130.55704,61.35152],[-130.56496,61.35023],[-130.56763,61.35401],[-130.55972,61.3553],[-130.55704,61.35152]]]}},{"type":"Feature","properties":{"c":"YB94276","o":"FInlayson Copper Ltd. - 100%","e":"2038-11-12"},"geometry":{"type":"Polygon","coordinates":[[[-130.5515,61.21545],[-130.55163,61.21923],[-130.54313,61.2193],[-130.543,61.21552],[-130.5515,61.21545]]]}},{"type":"Feature","properties":{"c":"YD57291","o":"YUKON ZINC CORPORATION - 100%","e":"2030-03-17"},"geometry":{"type":"Polygon","coordinates":[[[-130.65829,61.21037],[-130.6625,61.21393],[-130.65512,61.21597],[-130.6509,61.2124],[-130.65829,61.21037]]]}},{"type":"Feature","properties":{"c":"YC27449","o":"YUKON ZINC CORPORATION - 100%","e":"2028-11-22"},"geometry":{"type":"Polygon","coordinates":[[[-130.61488,61.41107],[-130.61492,61.41346],[-130.60636,61.41349],[-130.60632,61.41109],[-130.61488,61.41107]]]}},{"type":"Feature","properties":{"c":"YB47620","o":"BMC Minerals Ltd. - 100%","e":"2044-04-02"},"geometry":{"type":"Polygon","coordinates":[[[-130.55102,61.42199],[-130.55807,61.41982],[-130.56248,61.42318],[-130.55547,61.42534],[-130.55329,61.4237],[-130.55102,61.42199]]]}},{"type":"Feature","properties":{"c":"YB93675","o":"FInlayson Copper Ltd. - 100%","e":"2039-01-08"},"geometry":{"type":"Polygon","coordinates":[[[-130.54339,61.22685],[-130.54353,61.23063],[-130.53502,61.2307],[-130.53489,61.22692],[-130.54339,61.22685]]]}},{"type":"Feature","properties":{"c":"YE36953","o":"Blake Macdonald - 100%","e":"2031-06-23"},"geometry":{"type":"Polygon","coordinates":[[[-130.69008,61.28152],[-130.69396,61.28518],[-130.68637,61.28705],[-130.68249,61.28339],[-130.69008,61.28152]]]}},{"type":"Feature","properties":{"c":"YE36914","o":"Blake Macdonald - 100%","e":"2031-06-23"},"geometry":{"type":"Polygon","coordinates":[[[-130.74707,61.27207],[-130.75096,61.27572],[-130.74338,61.2776],[-130.73949,61.27394],[-130.74707,61.27207]]]}},{"type":"Feature","properties":{"c":"YB49578","o":"BMC Minerals Ltd. - 100%","e":"2044-04-02"},"geometry":{"type":"Polygon","coordinates":[[[-130.70786,61.44022],[-130.71634,61.44018],[-130.71642,61.44432],[-130.70795,61.44435],[-130.70786,61.44022]]]}},{"type":"Feature","properties":{"c":"YB93700","o":"FInlayson Copper Ltd. - 100%","e":"2039-01-08"},"geometry":{"type":"Polygon","coordinates":[[[-130.50137,61.2423],[-130.5015,61.24607],[-130.49299,61.24614],[-130.49286,61.24237],[-130.49333,61.24236],[-130.50137,61.2423]]]}},{"type":"Feature","properties":{"c":"YE36943","o":"Blake Macdonald - 100%","e":"2031-06-23"},"geometry":{"type":"Polygon","coordinates":[[[-130.71341,61.30344],[-130.70582,61.30531],[-130.70193,61.30166],[-130.70952,61.29979],[-130.71341,61.30344]]]}},{"type":"Feature","properties":{"c":"YD17711","o":"Cynthia MacDonald - 50%, Wendy Donnithorne - 50%","e":"2028-09-24"},"geometry":{"type":"Polygon","coordinates":[[[-130.9559,61.39048],[-130.95142,61.39398],[-130.94419,61.39182],[-130.9486,61.38837],[-130.9559,61.39048]]]}},{"type":"Feature","properties":{"c":"YB47578","o":"BMC Minerals Ltd. - 100%","e":"2044-04-02"},"geometry":{"type":"Polygon","coordinates":[[[-130.53469,61.47286],[-130.53472,61.47686],[-130.52634,61.47688],[-130.52631,61.47287],[-130.53469,61.47286]]]}},{"type":"Feature","properties":{"c":"YB55328","o":"BMC Minerals Ltd. - 100%","e":"2044-04-02"},"geometry":{"type":"Polygon","coordinates":[[[-130.50059,61.44475],[-130.50057,61.44233],[-130.5042,61.44064],[-130.50911,61.44063],[-130.50916,61.44473],[-130.50059,61.44475]]]}},{"type":"Feature","properties":{"c":"YB46365","o":"BMC Minerals Ltd. - 100%","e":"2046-04-02"},"geometry":{"type":"Polygon","coordinates":[[[-130.58979,61.47815],[-130.58133,61.47815],[-130.58133,61.47409],[-130.58978,61.47409],[-130.58979,61.47815]]]}},{"type":"Feature","properties":{"c":"YB33798","o":"FInlayson Copper Ltd. - 100%","e":"2038-12-31"},"geometry":{"type":"Polygon","coordinates":[[[-130.50924,61.22335],[-130.50929,61.22466],[-130.50511,61.22596],[-130.5067,61.22715],[-130.50086,61.22719],[-130.50074,61.22342],[-130.50924,61.22335]]]}},{"type":"Feature","properties":{"c":"YE36935","o":"Blake Macdonald - 100%","e":"2031-06-23"},"geometry":{"type":"Polygon","coordinates":[[[-130.70526,61.27778],[-130.70914,61.28143],[-130.70155,61.2833],[-130.69767,61.27965],[-130.70526,61.27778]]]}},{"type":"Feature","properties":{"c":"YC27469","o":"YUKON ZINC CORPORATION - 100%","e":"2028-11-22"},"geometry":{"type":"Polygon","coordinates":[[[-130.57313,61.4163],[-130.57321,61.4204],[-130.56894,61.42035],[-130.56883,61.41624],[-130.57313,61.4163]]]}},{"type":"Feature","properties":{"c":"YB51243","o":"BMC Minerals Ltd. - 100%","e":"2044-04-02"},"geometry":{"type":"Polygon","coordinates":[[[-130.55956,61.44073],[-130.5596,61.44474],[-130.55122,61.44476],[-130.55119,61.44075],[-130.55956,61.44073]]]}},{"type":"Feature","properties":{"c":"YB33795","o":"FInlayson Copper Ltd. - 100%","e":"2038-12-31"},"geometry":{"type":"Polygon","coordinates":[[[-130.50048,61.21586],[-130.50061,61.21964],[-130.49211,61.21971],[-130.49198,61.21593],[-130.50048,61.21586]]]}},{"type":"Feature","properties":{"c":"YB76836","o":"BMC Minerals Ltd. - 100%","e":"2045-03-17"},"geometry":{"type":"Polygon","coordinates":[[[-130.59371,61.27066],[-130.58568,61.27196],[-130.58308,61.2681],[-130.59113,61.26683],[-130.59371,61.27066]]]}},{"type":"Feature","properties":{"c":"YB93486","o":"BMC Minerals Ltd. - 100%","e":"2034-03-12"},"geometry":{"type":"Polygon","coordinates":[[[-130.62624,61.29719],[-130.63431,61.29593],[-130.63691,61.29975],[-130.62883,61.30099],[-130.62624,61.29719]]]}},{"type":"Feature","properties":{"c":"YD57275","o":"YUKON ZINC CORPORATION - 100%","e":"2030-03-17"},"geometry":{"type":"Polygon","coordinates":[[[-130.68571,61.21699],[-130.68993,61.22055],[-130.68254,61.22259],[-130.67832,61.21902],[-130.68571,61.21699]]]}},{"type":"Feature","properties":{"c":"YB46348","o":"BMC Minerals Ltd. - 100%","e":"2046-04-02"},"geometry":{"type":"Polygon","coordinates":[[[-130.57288,61.47815],[-130.57288,61.48221],[-130.56442,61.48221],[-130.56442,61.47815],[-130.57288,61.47815]]]}},{"type":"Feature","properties":{"c":"YB58620","o":"YUKON ZINC CORPORATION - 100%","e":"2028-12-31"},"geometry":{"type":"Polygon","coordinates":[[[-130.59152,61.32684],[-130.59667,61.32371],[-130.60319,61.3262],[-130.59804,61.32933],[-130.59152,61.32684]]]}},{"type":"Feature","properties":{"c":"YB76826","o":"BMC Minerals Ltd. - 100%","e":"2045-03-17"},"geometry":{"type":"Polygon","coordinates":[[[-130.56204,61.25031],[-130.56451,61.25415],[-130.55652,61.25541],[-130.55389,61.25158],[-130.56125,61.25043],[-130.56204,61.25031]]]}},{"type":"Feature","properties":{"c":"YB60690","o":"YUKON ZINC CORPORATION - 100%","e":"2029-03-17"},"geometry":{"type":"Polygon","coordinates":[[[-130.53579,61.34654],[-130.54374,61.34525],[-130.54641,61.34903],[-130.53846,61.35033],[-130.53579,61.34654]]]}},{"type":"Feature","properties":{"c":"YB47551","o":"BMC Minerals Ltd. - 100%","e":"2044-04-02"},"geometry":{"type":"Polygon","coordinates":[[[-130.54301,61.46482],[-130.54304,61.46883],[-130.53466,61.46885],[-130.53463,61.46484],[-130.54301,61.46482]]]}},{"type":"Feature","properties":{"c":"YC27962","o":"YUKON ZINC CORPORATION - 100%","e":"2030-03-17"},"geometry":{"type":"Polygon","coordinates":[[[-130.63189,61.21291],[-130.6277,61.20934],[-130.63509,61.20731],[-130.6393,61.21087],[-130.63189,61.21291]]]}},{"type":"Feature","properties":{"c":"YB46334","o":"BMC Minerals Ltd. - 100%","e":"2046-04-02"},"geometry":{"type":"Polygon","coordinates":[[[-130.57283,61.44569],[-130.57284,61.44974],[-130.56443,61.44974],[-130.56434,61.44569],[-130.57283,61.44569]]]}},{"type":"Feature","properties":{"c":"YB58619","o":"YUKON ZINC CORPORATION - 100%","e":"2028-12-31"},"geometry":{"type":"Polygon","coordinates":[[[-130.59152,61.32684],[-130.59804,61.32933],[-130.59289,61.33247],[-130.58637,61.32997],[-130.59152,61.32684]]]}},{"type":"Feature","properties":{"c":"YB88901","o":"FInlayson Copper Ltd. - 100%","e":"2038-12-03"},"geometry":{"type":"Polygon","coordinates":[[[-130.53542,61.24203],[-130.53555,61.2458],[-130.52704,61.24587],[-130.52691,61.2421],[-130.53542,61.24203]]]}},{"type":"Feature","properties":{"c":"YB93495","o":"BMC Minerals Ltd. - 100%","e":"2034-03-12"},"geometry":{"type":"Polygon","coordinates":[[[-130.63264,61.30661],[-130.63514,61.31044],[-130.62706,61.31168],[-130.62457,61.30787],[-130.63264,61.30661]]]}},{"type":"Feature","properties":{"c":"YB47499","o":"BMC Minerals Ltd. - 100%","e":"2044-04-02"},"geometry":{"type":"Polygon","coordinates":[[[-130.64858,61.43224],[-130.64868,61.43635],[-130.64037,61.43637],[-130.6403,61.43226],[-130.64858,61.43224]]]}},{"type":"Feature","properties":{"c":"YE36954","o":"Blake Macdonald - 100%","e":"2031-06-23"},"geometry":{"type":"Polygon","coordinates":[[[-130.6786,61.27974],[-130.68249,61.28339],[-130.67489,61.28526],[-130.67101,61.28161],[-130.6786,61.27974]]]}},{"type":"Feature","properties":{"c":"YB33799","o":"FInlayson Copper Ltd. - 100%","e":"2038-12-31"},"geometry":{"type":"Polygon","coordinates":[[[-130.50086,61.22719],[-130.49236,61.22726],[-130.49223,61.22348],[-130.50074,61.22342],[-130.50086,61.22719]]]}},{"type":"Feature","properties":{"c":"YB60727","o":"YUKON ZINC CORPORATION - 100%","e":"2029-03-17"},"geometry":{"type":"Polygon","coordinates":[[[-130.51227,61.36353],[-130.51473,61.36695],[-130.50662,61.36828],[-130.50421,61.3648],[-130.51227,61.36353]]]}},{"type":"Feature","properties":{"c":"YC27970","o":"YUKON ZINC CORPORATION - 100%","e":"2030-03-17"},"geometry":{"type":"Polygon","coordinates":[[[-130.63301,61.18898],[-130.6288,61.18541],[-130.63617,61.18338],[-130.64038,61.18694],[-130.63301,61.18898]]]}},{"type":"Feature","properties":{"c":"YB56135","o":"YUKON ZINC CORPORATION - 100%","e":"2031-03-17"},"geometry":{"type":"Polygon","coordinates":[[[-130.58456,61.3098],[-130.58719,61.31369],[-130.57911,61.31495],[-130.57646,61.31104],[-130.58456,61.3098]]]}},{"type":"Feature","properties":{"c":"YB60732","o":"YUKON ZINC CORPORATION - 100%","e":"2032-03-17"},"geometry":{"type":"Polygon","coordinates":[[[-130.51177,61.37572],[-130.50391,61.37702],[-130.5013,61.37322],[-130.50915,61.37193],[-130.51177,61.37572]]]}},{"type":"Feature","properties":{"c":"YB85297","o":"BMC Minerals Ltd. - 100%","e":"2044-04-02"},"geometry":{"type":"Polygon","coordinates":[[[-130.58356,61.49204],[-130.59171,61.49206],[-130.5917,61.49249],[-130.58355,61.49249],[-130.58356,61.49204]]]}},{"type":"Feature","properties":{"c":"YB93695","o":"FInlayson Copper Ltd. - 100%","e":"2039-01-08"},"geometry":{"type":"Polygon","coordinates":[[[-130.5273,61.25342],[-130.52737,61.25554],[-130.52302,61.25724],[-130.51891,61.25727],[-130.51878,61.25349],[-130.5273,61.25342]]]}},{"type":"Feature","properties":{"c":"YB56717","o":"BMC Minerals Ltd. - 100%","e":"2044-04-02"},"geometry":{"type":"Polygon","coordinates":[[[-130.67352,61.42036],[-130.67352,61.41628],[-130.68201,61.41623],[-130.68202,61.42032],[-130.67352,61.42036]]]}},{"type":"Feature","properties":{"c":"YB51237","o":"BMC Minerals Ltd. - 100%","e":"2044-04-02"},"geometry":{"type":"Polygon","coordinates":[[[-130.55948,61.43137],[-130.55949,61.43272],[-130.5553,61.43263],[-130.55948,61.43137]]]}},{"type":"Feature","properties":{"c":"YB45987","o":"YUKON ZINC CORPORATION - 100%","e":"2028-12-31"},"geometry":{"type":"Polygon","coordinates":[[[-130.60066,61.34061],[-130.60717,61.34311],[-130.60189,61.34624],[-130.59539,61.34375],[-130.60066,61.34061]]]}},{"type":"Feature","properties":{"c":"YB51866","o":"BMC Minerals Ltd. - 100%","e":"2034-11-30"},"geometry":{"type":"Polygon","coordinates":[[[-130.89908,61.36538],[-130.89906,61.36136],[-130.90732,61.36131],[-130.90741,61.36533],[-130.89908,61.36538]]]}},{"type":"Feature","properties":{"c":"YB63750","o":"YUKON ZINC CORPORATION - 100%","e":"2029-03-17"},"geometry":{"type":"Polygon","coordinates":[[[-130.76506,61.24255],[-130.76088,61.23903],[-130.7683,61.23699],[-130.77249,61.24051],[-130.76506,61.24255]]]}},{"type":"Feature","properties":{"c":"YC27422","o":"YUKON ZINC CORPORATION - 100%","e":"2028-11-22"},"geometry":{"type":"Polygon","coordinates":[[[-130.65794,61.42564],[-130.65798,61.42813],[-130.64942,61.42814],[-130.64938,61.42566],[-130.65794,61.42564]]]}},{"type":"Feature","properties":{"c":"YB60523","o":"YUKON ZINC CORPORATION - 100%","e":"2030-03-17"},"geometry":{"type":"Polygon","coordinates":[[[-130.89001,61.33736],[-130.89841,61.3373],[-130.89856,61.3413],[-130.89019,61.34136],[-130.89001,61.33736]]]}},{"type":"Feature","properties":{"c":"YB94285","o":"FInlayson Copper Ltd. - 100%","e":"2038-11-12"},"geometry":{"type":"Polygon","coordinates":[[[-130.50035,61.21209],[-130.50048,61.21586],[-130.49198,61.21593],[-130.49185,61.21215],[-130.50035,61.21209]]]}},{"type":"Feature","properties":{"c":"YB88893","o":"FInlayson Copper Ltd. - 100%","e":"2038-12-03"},"geometry":{"type":"Polygon","coordinates":[[[-130.5523,61.23811],[-130.55244,61.24189],[-130.54393,61.24196],[-130.54379,61.23818],[-130.5523,61.23811]]]}},{"type":"Feature","properties":{"c":"YB47573","o":"BMC Minerals Ltd. - 100%","e":"2044-04-02"},"geometry":{"type":"Polygon","coordinates":[[[-130.51777,61.46086],[-130.52623,61.46084],[-130.52626,61.46485],[-130.51781,61.46486],[-130.51778,61.46112],[-130.51777,61.46086]]]}},{"type":"Feature","properties":{"c":"YB76864","o":"BMC Minerals Ltd. - 100%","e":"2045-03-17"},"geometry":{"type":"Polygon","coordinates":[[[-130.60567,61.2621],[-130.61362,61.2609],[-130.61624,61.26473],[-130.60831,61.26594],[-130.60719,61.26431],[-130.60567,61.2621]]]}},{"type":"Feature","properties":{"c":"YB60526","o":"YUKON ZINC CORPORATION - 100%","e":"2030-03-17"},"geometry":{"type":"Polygon","coordinates":[[[-130.89887,61.34932],[-130.89872,61.34531],[-130.90707,61.34526],[-130.9072,61.34927],[-130.89887,61.34932]]]}},{"type":"Feature","properties":{"c":"YB55330","o":"BMC Minerals Ltd. - 100%","e":"2044-04-02"},"geometry":{"type":"Polygon","coordinates":[[[-130.50064,61.44886],[-130.50059,61.44475],[-130.50916,61.44473],[-130.50921,61.44883],[-130.50064,61.44886]]]}},{"type":"Feature","properties":{"c":"YB76794","o":"BMC Minerals Ltd. - 100%","e":"2045-03-17"},"geometry":{"type":"Polygon","coordinates":[[[-130.55601,61.28056],[-130.55356,61.27715],[-130.5616,61.27585],[-130.56405,61.27931],[-130.55601,61.28056]]]}},{"type":"Feature","properties":{"c":"YB51878","o":"BMC Minerals Ltd. - 100%","e":"2034-11-30"},"geometry":{"type":"Polygon","coordinates":[[[-130.88241,61.35743],[-130.88241,61.35341],[-130.89072,61.35336],[-130.89073,61.35739],[-130.88241,61.35743]]]}},{"type":"Feature","properties":{"c":"YC27982","o":"YUKON ZINC CORPORATION - 100%","e":"2030-03-17"},"geometry":{"type":"Polygon","coordinates":[[[-130.58871,61.20117],[-130.5845,61.19761],[-130.59189,61.19558],[-130.59609,61.19914],[-130.58871,61.20117]]]}},{"type":"Feature","properties":{"c":"YB46340","o":"BMC Minerals Ltd. - 100%","e":"2046-04-02"},"geometry":{"type":"Polygon","coordinates":[[[-130.57287,61.46192],[-130.57288,61.46598],[-130.56443,61.46597],[-130.56443,61.4619],[-130.57287,61.46192]]]}},{"type":"Feature","properties":{"c":"YB47675","o":"BMC Minerals Ltd. - 100%","e":"2044-04-02"},"geometry":{"type":"Polygon","coordinates":[[[-130.5917,61.49249],[-130.59164,61.4966],[-130.58348,61.4966],[-130.58355,61.49249],[-130.5917,61.49249]]]}},{"type":"Feature","properties":{"c":"YB76887","o":"YUKON ZINC CORPORATION - 100%","e":"2029-03-17"},"geometry":{"type":"Polygon","coordinates":[[[-130.58111,61.39908],[-130.58103,61.39506],[-130.58946,61.39502],[-130.58955,61.39904],[-130.58111,61.39908]]]}},{"type":"Feature","properties":{"c":"YB63906","o":"YUKON ZINC CORPORATION - 100%","e":"2029-03-17"},"geometry":{"type":"Polygon","coordinates":[[[-130.75663,61.23546],[-130.75238,61.23188],[-130.75981,61.22983],[-130.76406,61.23341],[-130.75663,61.23546]]]}},{"type":"Feature","properties":{"c":"YB76893","o":"YUKON ZINC CORPORATION - 100%","e":"2029-03-17"},"geometry":{"type":"Polygon","coordinates":[[[-130.58078,61.38298],[-130.58919,61.38295],[-130.58929,61.38697],[-130.58086,61.38701],[-130.58078,61.38298]]]}},{"type":"Feature","properties":{"c":"YB47527","o":"BMC Minerals Ltd. - 100%","e":"2044-04-02"},"geometry":{"type":"Polygon","coordinates":[[[-130.64132,61.49239],[-130.64131,61.48813],[-130.64976,61.48811],[-130.64978,61.49235],[-130.64132,61.49239]]]}},{"type":"Feature","properties":{"c":"YB76733","o":"YUKON ZINC CORPORATION - 100%","e":"2029-03-17"},"geometry":{"type":"Polygon","coordinates":[[[-130.54365,61.37049],[-130.55165,61.36919],[-130.55427,61.37298],[-130.54625,61.37428],[-130.54365,61.37049]]]}},{"type":"Feature","properties":{"c":"YB93186","o":"BMC Minerals Ltd. - 100%","e":"2034-08-30"},"geometry":{"type":"Polygon","coordinates":[[[-130.75917,61.30138],[-130.75158,61.30325],[-130.74768,61.2996],[-130.75527,61.29773],[-130.75917,61.30138]]]}},{"type":"Feature","properties":{"c":"YB93236","o":"BMC Minerals Ltd. - 100%","e":"2034-08-30"},"geometry":{"type":"Polygon","coordinates":[[[-130.70544,61.28696],[-130.70933,61.29061],[-130.70174,61.29248],[-130.69785,61.28883],[-130.70544,61.28696]]]}},{"type":"Feature","properties":{"c":"YB51270","o":"BMC Minerals Ltd. - 100%","e":"2044-04-02"},"geometry":{"type":"Polygon","coordinates":[[[-130.53451,61.4488],[-130.53454,61.45281],[-130.52617,61.45282],[-130.52614,61.44881],[-130.53451,61.4488]]]}},{"type":"Feature","properties":{"c":"YB76730","o":"YUKON ZINC CORPORATION - 100%","e":"2029-03-17"},"geometry":{"type":"Polygon","coordinates":[[[-130.53308,61.36803],[-130.53052,61.36425],[-130.53849,61.36296],[-130.54107,61.36673],[-130.53308,61.36803]]]}},{"type":"Feature","properties":{"c":"YB76834","o":"BMC Minerals Ltd. - 100%","e":"2045-03-17"},"geometry":{"type":"Polygon","coordinates":[[[-130.58813,61.27558],[-130.58568,61.27196],[-130.59371,61.27066],[-130.59618,61.27433],[-130.58813,61.27558]]]}},{"type":"Feature","properties":{"c":"YB33805","o":"FInlayson Copper Ltd. - 100%","e":"2038-12-31"},"geometry":{"type":"Polygon","coordinates":[[[-130.50112,61.23475],[-130.50125,61.23852],[-130.49274,61.23859],[-130.49261,61.23481],[-130.49757,61.23477],[-130.50112,61.23475]]]}},{"type":"Feature","properties":{"c":"YB63945","o":"YUKON ZINC CORPORATION - 100%","e":"2029-03-17"},"geometry":{"type":"Polygon","coordinates":[[[-130.51932,61.27415],[-130.52574,61.27164],[-130.53097,61.27471],[-130.52461,61.27723],[-130.51932,61.27415]]]}},{"type":"Feature","properties":{"c":"YB76736","o":"YUKON ZINC CORPORATION - 100%","e":"2029-03-17"},"geometry":{"type":"Polygon","coordinates":[[[-130.53843,61.37555],[-130.54625,61.37428],[-130.54902,61.3781],[-130.54117,61.37939],[-130.53843,61.37555]]]}},{"type":"Feature","properties":{"c":"YB93196","o":"BMC Minerals Ltd. - 100%","e":"2034-08-30"},"geometry":{"type":"Polygon","coordinates":[[[-130.72101,61.30157],[-130.7249,61.30522],[-130.71731,61.30709],[-130.71341,61.30344],[-130.72101,61.30157]]]}},{"type":"Feature","properties":{"c":"YB47487","o":"BMC Minerals Ltd. - 100%","e":"2044-04-02"},"geometry":{"type":"Polygon","coordinates":[[[-130.65796,61.4722],[-130.6579,61.46823],[-130.66638,61.4682],[-130.66644,61.47217],[-130.65796,61.4722]]]}},{"type":"Feature","properties":{"c":"YC27947","o":"YUKON ZINC CORPORATION - 100%","e":"2030-03-17"},"geometry":{"type":"Polygon","coordinates":[[[-130.62666,61.20018],[-130.62245,61.19661],[-130.62983,61.19458],[-130.63405,61.19814],[-130.62666,61.20018]]]}},{"type":"Feature","properties":{"c":"YB56733","o":"BMC Minerals Ltd. - 100%","e":"2044-04-02"},"geometry":{"type":"Polygon","coordinates":[[[-130.69051,61.42027],[-130.6905,61.41618],[-130.69899,61.41613],[-130.69901,61.42023],[-130.69051,61.42027]]]}},{"type":"Feature","properties":{"c":"YB55913","o":"BMC Minerals Ltd. - 100%","e":"2044-04-02"},"geometry":{"type":"Polygon","coordinates":[[[-130.50087,61.46862],[-130.50092,61.47246],[-130.4924,61.47247],[-130.49229,61.46864],[-130.50087,61.46862]]]}},{"type":"Feature","properties":{"c":"YB47638","o":"BMC Minerals Ltd. - 100%","e":"2044-04-02"},"geometry":{"type":"Polygon","coordinates":[[[-130.55779,61.42711],[-130.56228,61.43053],[-130.5553,61.43263],[-130.55082,61.42921],[-130.55779,61.42711]]]}},{"type":"Feature","properties":{"c":"YB88892","o":"FInlayson Copper Ltd. - 100%","e":"2038-12-03"},"geometry":{"type":"Polygon","coordinates":[[[-130.56081,61.23804],[-130.56095,61.24182],[-130.55244,61.24189],[-130.5523,61.23811],[-130.56081,61.23804]]]}},{"type":"Feature","properties":{"c":"YB88877","o":"FInlayson Copper Ltd. - 100%","e":"2038-12-03"},"geometry":{"type":"Polygon","coordinates":[[[-130.56932,61.23797],[-130.56942,61.24081],[-130.56746,61.24139],[-130.56792,61.24176],[-130.56095,61.24182],[-130.56081,61.23804],[-130.56932,61.23797]]]}},{"type":"Feature","properties":{"c":"YB76716","o":"YUKON ZINC CORPORATION - 100%","e":"2029-03-17"},"geometry":{"type":"Polygon","coordinates":[[[-130.53046,61.37685],[-130.52249,61.37814],[-130.51991,61.37436],[-130.52784,61.37307],[-130.53046,61.37685]]]}},{"type":"Feature","properties":{"c":"YB70472","o":"YUKON ZINC CORPORATION - 100%","e":"2029-03-17"},"geometry":{"type":"Polygon","coordinates":[[[-130.52461,61.27723],[-130.53097,61.27471],[-130.53624,61.27781],[-130.52991,61.28032],[-130.52461,61.27723]]]}},{"type":"Feature","properties":{"c":"YB76883","o":"YUKON ZINC CORPORATION - 100%","e":"2029-03-17"},"geometry":{"type":"Polygon","coordinates":[[[-130.58127,61.40713],[-130.58119,61.4031],[-130.58964,61.40306],[-130.58972,61.40708],[-130.58127,61.40713]]]}},{"type":"Feature","properties":{"c":"YB51223","o":"BMC Minerals Ltd. - 100%","e":"2044-04-02"},"geometry":{"type":"Polygon","coordinates":[[[-130.60636,61.42991],[-130.60647,61.43384],[-130.59807,61.43386],[-130.59799,61.42993],[-130.60636,61.42991]]]}},{"type":"Feature","properties":{"c":"YB33802","o":"FInlayson Copper Ltd. - 100%","e":"2038-12-31"},"geometry":{"type":"Polygon","coordinates":[[[-130.50099,61.23097],[-130.5095,61.2309],[-130.50963,61.23468],[-130.50112,61.23475],[-130.50099,61.23097]]]}},{"type":"Feature","properties":{"c":"YB70479","o":"YUKON ZINC CORPORATION - 100%","e":"2029-03-17"},"geometry":{"type":"Polygon","coordinates":[[[-130.59302,61.29594],[-130.60109,61.29469],[-130.60367,61.29849],[-130.59559,61.29974],[-130.59302,61.29594]]]}},{"type":"Feature","properties":{"c":"YB56081","o":"YUKON ZINC CORPORATION - 100%","e":"2030-03-17"},"geometry":{"type":"Polygon","coordinates":[[[-130.8712,61.42026],[-130.8711,61.41623],[-130.87947,61.41622],[-130.87956,61.42024],[-130.8712,61.42026]]]}},{"type":"Feature","properties":{"c":"YB94286","o":"FInlayson Copper Ltd. - 100%","e":"2038-11-12"},"geometry":{"type":"Polygon","coordinates":[[[-130.50023,61.20831],[-130.50035,61.21209],[-130.49185,61.21215],[-130.49173,61.20838],[-130.50023,61.20831]]]}},{"type":"Feature","properties":{"c":"YB46330","o":"BMC Minerals Ltd. - 100%","e":"2046-04-02"},"geometry":{"type":"Polygon","coordinates":[[[-130.5898,61.44567],[-130.58979,61.44973],[-130.58132,61.44973],[-130.58132,61.44568],[-130.58219,61.44568],[-130.5898,61.44567]]]}},{"type":"Feature","properties":{"c":"YC27462","o":"YUKON ZINC CORPORATION - 100%","e":"2028-11-22"},"geometry":{"type":"Polygon","coordinates":[[[-130.56849,61.40393],[-130.56862,61.40804],[-130.56378,61.40797],[-130.5645,61.40761],[-130.56493,61.40691],[-130.56455,61.40573],[-130.56488,61.40475],[-130.56604,61.4039],[-130.56849,61.40393]]]}},{"type":"Feature","properties":{"c":"YB76854","o":"YUKON ZINC CORPORATION - 100%","e":"2029-03-17"},"geometry":{"type":"Polygon","coordinates":[[[-130.53097,61.27471],[-130.52574,61.27164],[-130.53227,61.26908],[-130.5374,61.27216],[-130.53097,61.27471]]]}},{"type":"Feature","properties":{"c":"YB47594","o":"BMC Minerals Ltd. - 100%","e":"2044-04-02"},"geometry":{"type":"Polygon","coordinates":[[[-130.51799,61.48241],[-130.51804,61.48612],[-130.51036,61.48612],[-130.5104,61.4824],[-130.51799,61.48241]]]}},{"type":"Feature","properties":{"c":"YB60605","o":"YUKON ZINC CORPORATION - 100%","e":"2036-03-17"},"geometry":{"type":"Polygon","coordinates":[[[-130.49823,61.31489],[-130.4956,61.31122],[-130.50413,61.30987],[-130.50677,61.31352],[-130.49823,61.31489]]]}},{"type":"Feature","properties":{"c":"YB55341","o":"BMC Minerals Ltd. - 100%","e":"2044-04-02"},"geometry":{"type":"Polygon","coordinates":[[[-130.50944,61.46861],[-130.5094,61.46525],[-130.51781,61.46522],[-130.51784,61.4686],[-130.50944,61.46861]]]}},{"type":"Feature","properties":{"c":"YB76735","o":"YUKON ZINC CORPORATION - 100%","e":"2029-03-17"},"geometry":{"type":"Polygon","coordinates":[[[-130.54902,61.3781],[-130.54625,61.37428],[-130.55427,61.37298],[-130.557,61.37678],[-130.54902,61.3781]]]}},{"type":"Feature","properties":{"c":"YB63902","o":"YUKON ZINC CORPORATION - 100%","e":"2029-03-17"},"geometry":{"type":"Polygon","coordinates":[[[-130.76723,61.22778],[-130.77467,61.22572],[-130.77893,61.2293],[-130.77148,61.23136],[-130.76723,61.22778]]]}},{"type":"Feature","properties":{"c":"YB46328","o":"BMC Minerals Ltd. - 100%","e":"2046-04-02"},"geometry":{"type":"Polygon","coordinates":[[[-130.59801,61.44566],[-130.59806,61.44972],[-130.58979,61.44973],[-130.5898,61.44567],[-130.59202,61.44567],[-130.59801,61.44566]]]}},{"type":"Feature","properties":{"c":"YB63728","o":"YUKON ZINC CORPORATION - 100%","e":"2029-03-17"},"geometry":{"type":"Polygon","coordinates":[[[-130.72161,61.23091],[-130.72904,61.22884],[-130.73329,61.23242],[-130.72586,61.23447],[-130.72161,61.23091]]]}},{"type":"Feature","properties":{"c":"YB63731","o":"YUKON ZINC CORPORATION - 100%","e":"2029-03-17"},"geometry":{"type":"Polygon","coordinates":[[[-130.7143,61.23294],[-130.71003,61.22931],[-130.71732,61.2273],[-130.72161,61.23091],[-130.7143,61.23294]]]}},{"type":"Feature","properties":{"c":"YC27965","o":"YUKON ZINC CORPORATION - 100%","e":"2030-03-17"},"geometry":{"type":"Polygon","coordinates":[[[-130.59824,61.18438],[-130.59403,61.18081],[-130.60141,61.17878],[-130.60562,61.18235],[-130.59824,61.18438]]]}},{"type":"Feature","properties":{"c":"YB63904","o":"YUKON ZINC CORPORATION - 100%","e":"2029-03-17"},"geometry":{"type":"Polygon","coordinates":[[[-130.75981,61.22983],[-130.76723,61.22778],[-130.77148,61.23136],[-130.76406,61.23341],[-130.75981,61.22983]]]}},{"type":"Feature","properties":{"c":"YC90699","o":"YUKON ZINC CORPORATION - 100%","e":"2028-06-27"},"geometry":{"type":"Polygon","coordinates":[[[-130.5544,61.36038],[-130.55702,61.36413],[-130.54905,61.36543],[-130.54646,61.36167],[-130.5544,61.36038]]]}},{"type":"Feature","properties":{"c":"YB55342","o":"BMC Minerals Ltd. - 100%","e":"2044-04-02"},"geometry":{"type":"Polygon","coordinates":[[[-130.50944,61.46861],[-130.50953,61.47245],[-130.50092,61.47246],[-130.50087,61.46862],[-130.50944,61.46861]]]}},{"type":"Feature","properties":{"c":"YC22651","o":"FInlayson Copper Ltd. - 100%","e":"2038-12-09"},"geometry":{"type":"Polygon","coordinates":[[[-130.52573,61.20811],[-130.5256,61.20433],[-130.5341,61.20426],[-130.53423,61.20804],[-130.52573,61.20811]]]}},{"type":"Feature","properties":{"c":"YB47574","o":"BMC Minerals Ltd. - 100%","e":"2044-04-02"},"geometry":{"type":"Polygon","coordinates":[[[-130.53463,61.46484],[-130.53466,61.46885],[-130.52629,61.46886],[-130.52626,61.46485],[-130.53463,61.46484]]]}},{"type":"Feature","properties":{"c":"YB88895","o":"FInlayson Copper Ltd. - 100%","e":"2038-12-03"},"geometry":{"type":"Polygon","coordinates":[[[-130.55244,61.24189],[-130.55257,61.24566],[-130.54406,61.24573],[-130.54393,61.24196],[-130.55244,61.24189]]]}},{"type":"Feature","properties":{"c":"YB51233","o":"BMC Minerals Ltd. - 100%","e":"2044-04-02"},"geometry":{"type":"Polygon","coordinates":[[[-130.58965,61.43654],[-130.58617,61.4339],[-130.58959,61.43389],[-130.58965,61.43654]]]}},{"type":"Feature","properties":{"c":"YB47668","o":"BMC Minerals Ltd. - 100%","e":"2044-04-02"},"geometry":{"type":"Polygon","coordinates":[[[-130.59181,61.48444],[-130.59184,61.48221],[-130.5999,61.48221],[-130.59993,61.48445],[-130.59181,61.48444]]]}},{"type":"Feature","properties":{"c":"YB47600","o":"BMC Minerals Ltd. - 100%","e":"2044-04-02"},"geometry":{"type":"Polygon","coordinates":[[[-130.5183,61.49734],[-130.51839,61.50095],[-130.51066,61.50094],[-130.51047,61.49734],[-130.5183,61.49734]]]}},{"type":"Feature","properties":{"c":"YB48954","o":"BMC Minerals Ltd. - 100%","e":"2044-04-02"},"geometry":{"type":"Polygon","coordinates":[[[-130.68312,61.46819],[-130.68302,61.46424],[-130.69149,61.46433],[-130.69158,61.46823],[-130.68312,61.46819]]]}},{"type":"Feature","properties":{"c":"YB88869","o":"FInlayson Copper Ltd. - 100%","e":"2038-12-03"},"geometry":{"type":"Polygon","coordinates":[[[-130.56398,61.2229],[-130.56027,61.22294],[-130.56022,61.21987],[-130.56398,61.2229]]]}},{"type":"Feature","properties":{"c":"YB93687","o":"FInlayson Copper Ltd. - 100%","e":"2039-01-08"},"geometry":{"type":"Polygon","coordinates":[[[-130.52664,61.23454],[-130.52677,61.23832],[-130.51827,61.23839],[-130.51814,61.23461],[-130.52664,61.23454]]]}},{"type":"Feature","properties":{"c":"YB58632","o":"YUKON ZINC CORPORATION - 100%","e":"2028-12-31"},"geometry":{"type":"Polygon","coordinates":[[[-130.62141,61.32803],[-130.62794,61.33051],[-130.62278,61.33367],[-130.61625,61.33118],[-130.62141,61.32803]]]}},{"type":"Feature","properties":{"c":"YB93692","o":"FInlayson Copper Ltd. - 100%","e":"2039-01-08"},"geometry":{"type":"Polygon","coordinates":[[[-130.51001,61.24601],[-130.51852,61.24594],[-130.51865,61.24972],[-130.51014,61.24978],[-130.51001,61.24601]]]}},{"type":"Feature","properties":{"c":"YB56086","o":"YUKON ZINC CORPORATION - 100%","e":"2030-03-17"},"geometry":{"type":"Polygon","coordinates":[[[-130.85425,61.41222],[-130.86262,61.41224],[-130.86273,61.41625],[-130.85436,61.41626],[-130.85425,61.41222]]]}},{"type":"Feature","properties":{"c":"YA56602","o":"FInlayson Copper Ltd. - 100%","e":"2037-09-09"},"geometry":{"type":"Polygon","coordinates":[[[-130.52402,61.22496],[-130.52863,61.2284],[-130.52149,61.23063],[-130.51687,61.22718],[-130.52402,61.22496]]]}},{"type":"Feature","properties":{"c":"YB63905","o":"YUKON ZINC CORPORATION - 100%","e":"2029-03-17"},"geometry":{"type":"Polygon","coordinates":[[[-130.75556,61.22625],[-130.76298,61.22419],[-130.76723,61.22778],[-130.75981,61.22983],[-130.75556,61.22625]]]}},{"type":"Feature","properties":{"c":"YB46342","o":"BMC Minerals Ltd. - 100%","e":"2046-04-02"},"geometry":{"type":"Polygon","coordinates":[[[-130.57288,61.46598],[-130.57288,61.47011],[-130.56443,61.47003],[-130.56443,61.46597],[-130.57288,61.46598]]]}},{"type":"Feature","properties":{"c":"YB76729","o":"YUKON ZINC CORPORATION - 100%","e":"2029-03-17"},"geometry":{"type":"Polygon","coordinates":[[[-130.53849,61.36296],[-130.54646,61.36167],[-130.54905,61.36543],[-130.54107,61.36673],[-130.53849,61.36296]]]}},{"type":"Feature","properties":{"c":"YB60664","o":"YUKON ZINC CORPORATION - 100%","e":"2029-03-17"},"geometry":{"type":"Polygon","coordinates":[[[-130.58494,61.29719],[-130.58238,61.2934],[-130.59045,61.29215],[-130.59302,61.29594],[-130.58494,61.29719]]]}},{"type":"Feature","properties":{"c":"YB88896","o":"FInlayson Copper Ltd. - 100%","e":"2038-12-03"},"geometry":{"type":"Polygon","coordinates":[[[-130.56108,61.24559],[-130.56122,61.24937],[-130.5527,61.24944],[-130.55257,61.24566],[-130.56108,61.24559]]]}},{"type":"Feature","properties":{"c":"YC22652","o":"FInlayson Copper Ltd. - 100%","e":"2038-12-09"},"geometry":{"type":"Polygon","coordinates":[[[-130.53423,61.20804],[-130.5341,61.20426],[-130.5426,61.20419],[-130.54273,61.20797],[-130.53423,61.20804]]]}},{"type":"Feature","properties":{"c":"YB56715","o":"BMC Minerals Ltd. - 100%","e":"2044-04-02"},"geometry":{"type":"Polygon","coordinates":[[[-130.68202,61.42032],[-130.68203,61.42441],[-130.67353,61.42445],[-130.67352,61.42036],[-130.68202,61.42032]]]}},{"type":"Feature","properties":{"c":"YB93679","o":"FInlayson Copper Ltd. - 100%","e":"2039-01-08"},"geometry":{"type":"Polygon","coordinates":[[[-130.54379,61.23818],[-130.54393,61.24196],[-130.53542,61.24203],[-130.53528,61.23825],[-130.54379,61.23818]]]}},{"type":"Feature","properties":{"c":"YB51905","o":"BMC Minerals Ltd. - 100%","e":"2034-11-30"},"geometry":{"type":"Polygon","coordinates":[[[-130.84083,61.35764],[-130.84914,61.3576],[-130.8491,61.36164],[-130.84077,61.36168],[-130.84083,61.35764]]]}},{"type":"Feature","properties":{"c":"YB49567","o":"BMC Minerals Ltd. - 100%","e":"2044-04-02"},"geometry":{"type":"Polygon","coordinates":[[[-130.6744,61.45653],[-130.66607,61.45652],[-130.66594,61.45241],[-130.6743,61.45239],[-130.6744,61.45653]]]}},{"type":"Feature","properties":{"c":"YB77175","o":"BMC Minerals Ltd. - 100%","e":"2045-03-17"},"geometry":{"type":"Polygon","coordinates":[[[-130.60174,61.26936],[-130.60424,61.27308],[-130.59618,61.27433],[-130.59371,61.27066],[-130.60174,61.26936]]]}},{"type":"Feature","properties":{"c":"YB51269","o":"BMC Minerals Ltd. - 100%","e":"2046-04-02"},"geometry":{"type":"Polygon","coordinates":[[[-130.51773,61.44482],[-130.52611,61.4448],[-130.52614,61.44881],[-130.51773,61.44881],[-130.51773,61.44482]]]}},{"type":"Feature","properties":{"c":"YB51226","o":"BMC Minerals Ltd. - 100%","e":"2044-04-02"},"geometry":{"type":"Polygon","coordinates":[[[-130.61492,61.43381],[-130.61504,61.43775],[-130.60658,61.43777],[-130.60647,61.43384],[-130.61492,61.43381]]]}},{"type":"Feature","properties":{"c":"YB93685","o":"FInlayson Copper Ltd. - 100%","e":"2039-01-08"},"geometry":{"type":"Polygon","coordinates":[[[-130.51434,61.23286],[-130.51804,61.23171],[-130.51814,61.23461],[-130.50963,61.23468],[-130.5095,61.2309],[-130.5117,61.23088],[-130.51434,61.23286]]]}},{"type":"Feature","properties":{"c":"YB55934","o":"BMC Minerals Ltd. - 100%","e":"2044-04-02"},"geometry":{"type":"Polygon","coordinates":[[[-130.49343,61.48973],[-130.50178,61.48968],[-130.50179,61.4905],[-130.49344,61.49054],[-130.49343,61.48973]]]}},{"type":"Feature","properties":{"c":"YB45984","o":"YUKON ZINC CORPORATION - 100%","e":"2028-12-31"},"geometry":{"type":"Polygon","coordinates":[[[-130.59415,61.33812],[-130.59941,61.33497],[-130.60593,61.33747],[-130.60066,61.34061],[-130.59415,61.33812]]]}},{"type":"Feature","properties":{"c":"YB60747","o":"YUKON ZINC CORPORATION - 100%","e":"2029-03-17"},"geometry":{"type":"Polygon","coordinates":[[[-130.50199,61.37423],[-130.49398,61.37551],[-130.49125,61.37166],[-130.49935,61.37036],[-130.50199,61.37423]]]}},{"type":"Feature","properties":{"c":"YB93233","o":"BMC Minerals Ltd. - 100%","e":"2034-08-30"},"geometry":{"type":"Polygon","coordinates":[[[-130.72082,61.29239],[-130.72471,61.29604],[-130.71712,61.29791],[-130.71322,61.29426],[-130.72082,61.29239]]]}},{"type":"Feature","properties":{"c":"YB88904","o":"FInlayson Copper Ltd. - 100%","e":"2038-12-03"},"geometry":{"type":"Polygon","coordinates":[[[-130.54419,61.24951],[-130.54432,61.25308],[-130.53581,61.25336],[-130.53568,61.24958],[-130.54419,61.24951]]]}},{"type":"Feature","properties":{"c":"YF24898","o":"YUKON ZINC CORPORATION - 100%","e":"2028-06-27"},"geometry":{"type":"Polygon","coordinates":[[[-130.52015,61.33685],[-130.52263,61.34033],[-130.5148,61.34177],[-130.5122,61.33815],[-130.52015,61.33685]]]}},{"type":"Feature","properties":{"c":"YB93494","o":"BMC Minerals Ltd. - 100%","e":"2034-03-12"},"geometry":{"type":"Polygon","coordinates":[[[-130.62706,61.31168],[-130.62796,61.31302],[-130.62427,61.31359],[-130.6234,61.31227],[-130.62706,61.31168]]]}},{"type":"Feature","properties":{"c":"YB60710","o":"YUKON ZINC CORPORATION - 100%","e":"2029-03-17"},"geometry":{"type":"Polygon","coordinates":[[[-130.50399,61.35172],[-130.51194,61.35043],[-130.5146,61.35421],[-130.50664,61.3555],[-130.50399,61.35172]]]}},{"type":"Feature","properties":{"c":"YB85292","o":"BMC Minerals Ltd. - 100%","e":"2044-04-02"},"geometry":{"type":"Polygon","coordinates":[[[-130.60649,61.44564],[-130.60732,61.44564],[-130.60745,61.44973],[-130.60644,61.44971],[-130.60649,61.44564]]]}},{"type":"Feature","properties":{"c":"YB93209","o":"BMC Minerals Ltd. - 100%","e":"2034-08-30"},"geometry":{"type":"Polygon","coordinates":[[[-130.75506,61.28855],[-130.75895,61.2922],[-130.75138,61.29407],[-130.74748,61.29042],[-130.75506,61.28855]]]}},{"type":"Feature","properties":{"c":"YB56151","o":"YUKON ZINC CORPORATION - 100%","e":"2035-03-17"},"geometry":{"type":"Polygon","coordinates":[[[-130.56802,61.32504],[-130.56551,61.32125],[-130.57351,61.32],[-130.57605,61.32378],[-130.56802,61.32504]]]}},{"type":"Feature","properties":{"c":"YB94280","o":"FInlayson Copper Ltd. - 100%","e":"2038-11-12"},"geometry":{"type":"Polygon","coordinates":[[[-130.55137,61.21168],[-130.54286,61.21175],[-130.54273,61.20797],[-130.55109,61.2079],[-130.55137,61.21168]]]}},{"type":"Feature","properties":{"c":"YB60597","o":"YUKON ZINC CORPORATION - 100%","e":"2034-03-17"},"geometry":{"type":"Polygon","coordinates":[[[-130.51474,61.31227],[-130.52305,61.31098],[-130.52556,61.31476],[-130.51734,61.31605],[-130.51474,61.31227]]]}},{"type":"Feature","properties":{"c":"YB47579","o":"BMC Minerals Ltd. - 100%","e":"2044-04-02"},"geometry":{"type":"Polygon","coordinates":[[[-130.51788,61.47288],[-130.52631,61.47287],[-130.52634,61.47688],[-130.51793,61.47689],[-130.51792,61.47584],[-130.51788,61.47288]]]}},{"type":"Feature","properties":{"c":"YB47634","o":"BMC Minerals Ltd. - 100%","e":"2044-04-02"},"geometry":{"type":"Polygon","coordinates":[[[-130.58884,61.44325],[-130.59202,61.44567],[-130.58219,61.44568],[-130.58178,61.44537],[-130.58884,61.44325]]]}},{"type":"Feature","properties":{"c":"YB85284","o":"BMC Minerals Ltd. - 100%","e":"2044-04-02"},"geometry":{"type":"Polygon","coordinates":[[[-130.60451,61.47409],[-130.60452,61.47444],[-130.59364,61.47409],[-130.59823,61.47409],[-130.60451,61.47409]]]}},{"type":"Feature","properties":{"c":"YB76737","o":"YUKON ZINC CORPORATION - 100%","e":"2029-03-17"},"geometry":{"type":"Polygon","coordinates":[[[-130.55177,61.38188],[-130.54902,61.3781],[-130.557,61.37678],[-130.55971,61.38057],[-130.55177,61.38188]]]}},{"type":"Feature","properties":{"c":"YB76778","o":"YUKON ZINC CORPORATION - 100%","e":"2029-03-17"},"geometry":{"type":"Polygon","coordinates":[[[-130.59762,61.38292],[-130.60605,61.38288],[-130.60614,61.38689],[-130.59771,61.38693],[-130.59762,61.38292]]]}},{"type":"Feature","properties":{"c":"YB85291","o":"BMC Minerals Ltd. - 100%","e":"2044-04-02"},"geometry":{"type":"Polygon","coordinates":[[[-130.62029,61.44933],[-130.62802,61.4498],[-130.6202,61.44985],[-130.62029,61.44933]]]}},{"type":"Feature","properties":{"c":"YB70463","o":"YUKON ZINC CORPORATION - 100%","e":"2032-03-17"},"geometry":{"type":"Polygon","coordinates":[[[-130.49092,61.29063],[-130.49745,61.28802],[-130.50281,61.29109],[-130.49631,61.29372],[-130.49092,61.29063]]]}},{"type":"Feature","properties":{"c":"YB76813","o":"BMC Minerals Ltd. - 100%","e":"2045-03-17"},"geometry":{"type":"Polygon","coordinates":[[[-130.5616,61.27585],[-130.56963,61.27456],[-130.57201,61.27808],[-130.56405,61.27931],[-130.5616,61.27585]]]}},{"type":"Feature","properties":{"c":"YB47645","o":"BMC Minerals Ltd. - 100%","e":"2044-04-02"},"geometry":{"type":"Polygon","coordinates":[[[-130.64927,61.46042],[-130.64917,61.45649],[-130.65763,61.4565],[-130.65774,61.46043],[-130.64927,61.46042]]]}},{"type":"Feature","properties":{"c":"YB93194","o":"BMC Minerals Ltd. - 100%","e":"2034-08-30"},"geometry":{"type":"Polygon","coordinates":[[[-130.7249,61.30522],[-130.7288,61.30887],[-130.7212,61.31074],[-130.71731,61.30709],[-130.7249,61.30522]]]}},{"type":"Feature","properties":{"c":"YB51217","o":"BMC Minerals Ltd. - 100%","e":"2044-04-02"},"geometry":{"type":"Polygon","coordinates":[[[-130.62348,61.42985],[-130.62354,61.43378],[-130.61492,61.43381],[-130.61481,61.42988],[-130.62348,61.42985]]]}},{"type":"Feature","properties":{"c":"YB56082","o":"YUKON ZINC CORPORATION - 100%","e":"2030-03-17"},"geometry":{"type":"Polygon","coordinates":[[[-130.8711,61.41623],[-130.871,61.41226],[-130.87938,61.41224],[-130.87947,61.41622],[-130.8711,61.41623]]]}},{"type":"Feature","properties":{"c":"YB93697","o":"FInlayson Copper Ltd. - 100%","e":"2039-01-08"},"geometry":{"type":"Polygon","coordinates":[[[-130.51891,61.25727],[-130.52302,61.25724],[-130.51897,61.25882],[-130.51891,61.25727]]]}},{"type":"Feature","properties":{"c":"YB60717","o":"YUKON ZINC CORPORATION - 100%","e":"2029-03-17"},"geometry":{"type":"Polygon","coordinates":[[[-130.49377,61.3497],[-130.49109,61.34582],[-130.49906,61.34453],[-130.50169,61.34843],[-130.49377,61.3497]]]}},{"type":"Feature","properties":{"c":"YB60516","o":"YUKON ZINC CORPORATION - 100%","e":"2030-03-17"},"geometry":{"type":"Polygon","coordinates":[[[-130.91534,61.34119],[-130.92374,61.34113],[-130.92386,61.34515],[-130.91546,61.34521],[-130.91534,61.34119]]]}},{"type":"Feature","properties":{"c":"YB56131","o":"YUKON ZINC CORPORATION - 100%","e":"2031-03-17"},"geometry":{"type":"Polygon","coordinates":[[[-130.57391,61.30726],[-130.57135,61.30348],[-130.57943,61.30223],[-130.58199,61.30602],[-130.57391,61.30726]]]}},{"type":"Feature","properties":{"c":"YB51526","o":"YUKON ZINC CORPORATION - 100%","e":"2028-12-31"},"geometry":{"type":"Polygon","coordinates":[[[-130.58373,61.34448],[-130.57857,61.34769],[-130.57204,61.34521],[-130.57721,61.34199],[-130.58373,61.34448]]]}},{"type":"Feature","properties":{"c":"YB56149","o":"YUKON ZINC CORPORATION - 100%","e":"2035-03-17"},"geometry":{"type":"Polygon","coordinates":[[[-130.56301,61.31745],[-130.57098,61.31621],[-130.57351,61.32],[-130.56551,61.32125],[-130.56301,61.31745]]]}},{"type":"Feature","properties":{"c":"YB63759","o":"YUKON ZINC CORPORATION - 100%","e":"2029-03-17"},"geometry":{"type":"Polygon","coordinates":[[[-130.73435,61.2416],[-130.7386,61.24517],[-130.73119,61.24721],[-130.72693,61.24365],[-130.73435,61.2416]]]}},{"type":"Feature","properties":{"c":"YC27948","o":"YUKON ZINC CORPORATION - 100%","e":"2030-03-17"},"geometry":{"type":"Polygon","coordinates":[[[-130.62349,61.20578],[-130.61928,61.20221],[-130.62666,61.20018],[-130.63088,61.20374],[-130.62349,61.20578]]]}},{"type":"Feature","properties":{"c":"YB85296","o":"BMC Minerals Ltd. - 100%","e":"2044-04-02"},"geometry":{"type":"Polygon","coordinates":[[[-130.59822,61.46574],[-130.59822,61.46606],[-130.58977,61.466],[-130.59822,61.46574]]]}},{"type":"Feature","properties":{"c":"YB76774","o":"YUKON ZINC CORPORATION - 100%","e":"2029-03-17"},"geometry":{"type":"Polygon","coordinates":[[[-130.5979,61.39498],[-130.59781,61.39095],[-130.60624,61.39091],[-130.60633,61.39493],[-130.5979,61.39498]]]}},{"type":"Feature","properties":{"c":"YC27974","o":"YUKON ZINC CORPORATION - 100%","e":"2030-03-17"},"geometry":{"type":"Polygon","coordinates":[[[-130.61824,61.19304],[-130.61403,61.18948],[-130.62142,61.18745],[-130.62562,61.19101],[-130.61824,61.19304]]]}},{"type":"Feature","properties":{"c":"YB56080","o":"YUKON ZINC CORPORATION - 100%","e":"2030-03-17"},"geometry":{"type":"Polygon","coordinates":[[[-130.87938,61.41224],[-130.88776,61.41222],[-130.88784,61.4162],[-130.87947,61.41622],[-130.87938,61.41224]]]}},{"type":"Feature","properties":{"c":"YB47639","o":"BMC Minerals Ltd. - 100%","e":"2044-04-02"},"geometry":{"type":"Polygon","coordinates":[[[-130.54368,61.43136],[-130.55082,61.42921],[-130.5553,61.43263],[-130.54817,61.43478],[-130.54628,61.43334],[-130.54368,61.43136]]]}},{"type":"Feature","properties":{"c":"YB58629","o":"YUKON ZINC CORPORATION - 100%","e":"2028-12-31"},"geometry":{"type":"Polygon","coordinates":[[[-130.6149,61.32555],[-130.62007,61.32242],[-130.62657,61.32488],[-130.62141,61.32803],[-130.6149,61.32555]]]}},{"type":"Feature","properties":{"c":"YB33776","o":"FInlayson Copper Ltd. - 100%","e":"2038-12-31"},"geometry":{"type":"Polygon","coordinates":[[[-130.52645,61.22908],[-130.52651,61.23077],[-130.52091,61.23081],[-130.52149,61.23063],[-130.52645,61.22908]]]}},{"type":"Feature","properties":{"c":"YB76779","o":"YUKON ZINC CORPORATION - 100%","e":"2029-03-17"},"geometry":{"type":"Polygon","coordinates":[[[-130.58909,61.37893],[-130.59753,61.3789],[-130.59762,61.38292],[-130.58919,61.38295],[-130.58909,61.37893]]]}},{"type":"Feature","properties":{"c":"YB48959","o":"BMC Minerals Ltd. - 100%","e":"2044-04-02"},"geometry":{"type":"Polygon","coordinates":[[[-130.70011,61.47209],[-130.7002,61.47595],[-130.69176,61.47599],[-130.69167,61.47214],[-130.70011,61.47209]]]}},{"type":"Feature","properties":{"c":"YB56734","o":"BMC Minerals Ltd. - 100%","e":"2044-04-02"},"geometry":{"type":"Polygon","coordinates":[[[-130.68201,61.41623],[-130.6905,61.41618],[-130.69051,61.42027],[-130.68202,61.42032],[-130.68201,61.41623]]]}},{"type":"Feature","properties":{"c":"YB47507","o":"BMC Minerals Ltd. - 100%","e":"2044-04-02"},"geometry":{"type":"Polygon","coordinates":[[[-130.6406,61.44854],[-130.64897,61.44851],[-130.64907,61.45246],[-130.64067,61.45249],[-130.6406,61.44854]]]}},{"type":"Feature","properties":{"c":"YD57295","o":"YUKON ZINC CORPORATION - 100%","e":"2030-03-17"},"geometry":{"type":"Polygon","coordinates":[[[-130.65617,61.22513],[-130.66039,61.2287],[-130.65272,61.23081],[-130.64855,61.22723],[-130.64877,61.22717],[-130.65617,61.22513]]]}},{"type":"Feature","properties":{"c":"YB55911","o":"BMC Minerals Ltd. - 100%","e":"2044-04-02"},"geometry":{"type":"Polygon","coordinates":[[[-130.49229,61.46864],[-130.49226,61.46529],[-130.50083,61.46527],[-130.50087,61.46862],[-130.49229,61.46864]]]}},{"type":"Feature","properties":{"c":"YE36944","o":"Blake Macdonald - 100%","e":"2031-06-23"},"geometry":{"type":"Polygon","coordinates":[[[-130.69804,61.29801],[-130.70193,61.30166],[-130.69433,61.30353],[-130.69044,61.29988],[-130.69804,61.29801]]]}},{"type":"Feature","properties":{"c":"YB70519","o":"YUKON ZINC CORPORATION - 100%","e":"2034-03-17"},"geometry":{"type":"Polygon","coordinates":[[[-130.50693,61.30095],[-130.4988,61.30216],[-130.49613,61.29828],[-130.50425,61.29706],[-130.50693,61.30095]]]}},{"type":"Feature","properties":{"c":"YB85298","o":"BMC Minerals Ltd. - 100%","e":"2044-04-02"},"geometry":{"type":"Polygon","coordinates":[[[-130.59947,61.49248],[-130.5917,61.49249],[-130.59171,61.49206],[-130.59953,61.49208],[-130.59947,61.49248]]]}},{"type":"Feature","properties":{"c":"YB60590","o":"YUKON ZINC CORPORATION - 100%","e":"2029-03-17"},"geometry":{"type":"Polygon","coordinates":[[[-130.54696,61.31994],[-130.54414,61.31601],[-130.55221,61.31474],[-130.55498,61.3187],[-130.54696,61.31994]]]}},{"type":"Feature","properties":{"c":"YB60711","o":"YUKON ZINC CORPORATION - 100%","e":"2029-03-17"},"geometry":{"type":"Polygon","coordinates":[[[-130.51725,61.35799],[-130.5146,61.35421],[-130.52255,61.35292],[-130.52521,61.3567],[-130.51725,61.35799]]]}},{"type":"Feature","properties":{"c":"YB70491","o":"YUKON ZINC CORPORATION - 100%","e":"2029-03-17"},"geometry":{"type":"Polygon","coordinates":[[[-130.5319,61.28429],[-130.53995,61.28305],[-130.54252,61.2869],[-130.53448,61.28815],[-130.5319,61.28429]]]}},{"type":"Feature","properties":{"c":"YB47601","o":"BMC Minerals Ltd. - 100%","e":"2044-04-02"},"geometry":{"type":"Polygon","coordinates":[[[-130.4933,61.47917],[-130.50165,61.47912],[-130.50169,61.48248],[-130.49334,61.48253],[-130.4933,61.47917]]]}},{"type":"Feature","properties":{"c":"YB76788","o":"YUKON ZINC CORPORATION - 100%","e":"2029-03-17"},"geometry":{"type":"Polygon","coordinates":[[[-130.56365,61.29207],[-130.56107,61.28824],[-130.56913,61.28698],[-130.57172,61.29082],[-130.56365,61.29207]]]}},{"type":"Feature","properties":{"c":"YB76709","o":"YUKON ZINC CORPORATION - 100%","e":"2029-03-17"},"geometry":{"type":"Polygon","coordinates":[[[-130.52809,61.39844],[-130.52543,61.39477],[-130.53345,61.39345],[-130.53619,61.39728],[-130.52809,61.39844]]]}},{"type":"Feature","properties":{"c":"YB60693","o":"YUKON ZINC CORPORATION - 100%","e":"2029-03-17"},"geometry":{"type":"Polygon","coordinates":[[[-130.55174,61.3566],[-130.54907,61.35282],[-130.55704,61.35152],[-130.55972,61.3553],[-130.55174,61.3566]]]}},{"type":"Feature","properties":{"c":"YB51245","o":"BMC Minerals Ltd. - 100%","e":"2044-04-02"},"geometry":{"type":"Polygon","coordinates":[[[-130.5596,61.44474],[-130.55963,61.44875],[-130.55126,61.44877],[-130.55122,61.44476],[-130.5596,61.44474]]]}},{"type":"Feature","properties":{"c":"YB76706","o":"YUKON ZINC CORPORATION - 100%","e":"2029-03-17"},"geometry":{"type":"Polygon","coordinates":[[[-130.5199,61.38713],[-130.52265,61.39093],[-130.51481,61.39222],[-130.51202,61.38843],[-130.5199,61.38713]]]}},{"type":"Feature","properties":{"c":"YB63754","o":"YUKON ZINC CORPORATION - 100%","e":"2029-03-17"},"geometry":{"type":"Polygon","coordinates":[[[-130.75345,61.24108],[-130.75764,61.24459],[-130.75021,61.24664],[-130.74603,61.24312],[-130.75345,61.24108]]]}},{"type":"Feature","properties":{"c":"YB48429","o":"BMC Minerals Ltd. - 100%","e":"2044-04-02"},"geometry":{"type":"Polygon","coordinates":[[[-130.64988,61.49662],[-130.65831,61.49662],[-130.65829,61.50035],[-130.65308,61.50035],[-130.65309,61.5009],[-130.64981,61.50091],[-130.64988,61.49662]]]}},{"type":"Feature","properties":{"c":"YB47637","o":"BMC Minerals Ltd. - 100%","e":"2044-04-02"},"geometry":{"type":"Polygon","coordinates":[[[-130.5392,61.42794],[-130.54633,61.42579],[-130.55082,61.42921],[-130.54368,61.43136],[-130.54175,61.42989],[-130.5392,61.42794]]]}},{"type":"Feature","properties":{"c":"YB48413","o":"BMC Minerals Ltd. - 100%","e":"2044-04-02"},"geometry":{"type":"Polygon","coordinates":[[[-130.53942,61.4304],[-130.54175,61.42989],[-130.54628,61.43334],[-130.54277,61.43394],[-130.53942,61.4304]]]}},{"type":"Feature","properties":{"c":"YB60599","o":"YUKON ZINC CORPORATION - 100%","e":"2034-03-17"},"geometry":{"type":"Polygon","coordinates":[[[-130.51734,61.31605],[-130.52556,61.31476],[-130.52807,61.31854],[-130.51993,61.31982],[-130.51734,61.31605]]]}},{"type":"Feature","properties":{"c":"YB88872","o":"FInlayson Copper Ltd. - 100%","e":"2038-12-03"},"geometry":{"type":"Polygon","coordinates":[[[-130.57326,61.23038],[-130.56905,61.23042],[-130.56892,61.22688],[-130.57326,61.23038]]]}},{"type":"Feature","properties":{"c":"YB47560","o":"BMC Minerals Ltd. - 100%","e":"2044-04-02"},"geometry":{"type":"Polygon","coordinates":[[[-130.55155,61.48485],[-130.55158,61.48886],[-130.5432,61.48888],[-130.54317,61.48487],[-130.55155,61.48485]]]}},{"type":"Feature","properties":{"c":"YB76870","o":"BMC Minerals Ltd. - 100%","e":"2045-03-17"},"geometry":{"type":"Polygon","coordinates":[[[-130.61362,61.27367],[-130.6215,61.27241],[-130.62416,61.2763],[-130.61628,61.27756],[-130.61492,61.27557],[-130.61362,61.27367]]]}},{"type":"Feature","properties":{"c":"YB47648","o":"BMC Minerals Ltd. - 100%","e":"2044-04-02"},"geometry":{"type":"Polygon","coordinates":[[[-130.6579,61.46823],[-130.65785,61.46426],[-130.66632,61.46423],[-130.66638,61.4682],[-130.6579,61.46823]]]}},{"type":"Feature","properties":{"c":"YB58630","o":"YUKON ZINC CORPORATION - 100%","e":"2028-12-31"},"geometry":{"type":"Polygon","coordinates":[[[-130.60974,61.32869],[-130.6149,61.32555],[-130.62141,61.32803],[-130.61625,61.33118],[-130.60974,61.32869]]]}},{"type":"Feature","properties":{"c":"YB47644","o":"BMC Minerals Ltd. - 100%","e":"2044-04-02"},"geometry":{"type":"Polygon","coordinates":[[[-130.65763,61.4565],[-130.66607,61.45652],[-130.6662,61.46044],[-130.65774,61.46043],[-130.65763,61.4565]]]}},{"type":"Feature","properties":{"c":"YB85279","o":"BMC Minerals Ltd. - 100%","e":"2044-04-02"},"geometry":{"type":"Polygon","coordinates":[[[-130.59822,61.46606],[-130.59822,61.46574],[-130.60637,61.46573],[-130.60637,61.46612],[-130.59822,61.46606]]]}},{"type":"Feature","properties":{"c":"YB47464","o":"BMC Minerals Ltd. - 100%","e":"2044-04-02"},"geometry":{"type":"Polygon","coordinates":[[[-130.66535,61.43632],[-130.6738,61.4363],[-130.67392,61.44038],[-130.66552,61.44041],[-130.66535,61.43632]]]}},{"type":"Feature","properties":{"c":"YB46229","o":"BMC Minerals Ltd. - 100%","e":"2046-04-02"},"geometry":{"type":"Polygon","coordinates":[[[-130.6323,61.45727],[-130.62365,61.45749],[-130.62367,61.45384],[-130.63227,61.45388],[-130.6323,61.45727]]]}},{"type":"Feature","properties":{"c":"YB76760","o":"YUKON ZINC CORPORATION - 100%","e":"2029-03-17"},"geometry":{"type":"Polygon","coordinates":[[[-130.56243,61.38435],[-130.55971,61.38057],[-130.5678,61.37923],[-130.57056,61.38301],[-130.56243,61.38435]]]}},{"type":"Feature","properties":{"c":"YB48424","o":"BMC Minerals Ltd. - 100%","e":"2044-04-02"},"geometry":{"type":"Polygon","coordinates":[[[-130.63288,61.49242],[-130.63302,61.49661],[-130.62476,61.49661],[-130.62464,61.49246],[-130.63288,61.49242]]]}},{"type":"Feature","properties":{"c":"YB60691","o":"YUKON ZINC CORPORATION - 100%","e":"2029-03-17"},"geometry":{"type":"Polygon","coordinates":[[[-130.54907,61.35282],[-130.54641,61.34903],[-130.55436,61.34773],[-130.55704,61.35152],[-130.54907,61.35282]]]}},{"type":"Feature","properties":{"c":"YB76705","o":"YUKON ZINC CORPORATION - 100%","e":"2029-03-17"},"geometry":{"type":"Polygon","coordinates":[[[-130.52265,61.39093],[-130.5199,61.38713],[-130.52797,61.3858],[-130.53069,61.3896],[-130.52265,61.39093]]]}},{"type":"Feature","properties":{"c":"YB47557","o":"BMC Minerals Ltd. - 100%","e":"2044-04-02"},"geometry":{"type":"Polygon","coordinates":[[[-130.54311,61.47685],[-130.54314,61.48086],[-130.53476,61.48087],[-130.53472,61.47686],[-130.54311,61.47685]]]}},{"type":"Feature","properties":{"c":"YB76842","o":"BMC Minerals Ltd. - 100%","e":"2045-03-17"},"geometry":{"type":"Polygon","coordinates":[[[-130.58325,61.25542],[-130.58593,61.25925],[-130.57788,61.26052],[-130.57521,61.25669],[-130.58325,61.25542]]]}},{"type":"Feature","properties":{"c":"YF24889","o":"YUKON ZINC CORPORATION - 100%","e":"2028-06-27"},"geometry":{"type":"Polygon","coordinates":[[[-130.55432,61.33507],[-130.55697,61.33886],[-130.54903,61.34016],[-130.54639,61.33639],[-130.55432,61.33507]]]}},{"type":"Feature","properties":{"c":"YB93190","o":"BMC Minerals Ltd. - 100%","e":"2034-08-30"},"geometry":{"type":"Polygon","coordinates":[[[-130.74009,61.30147],[-130.74398,61.30512],[-130.73639,61.307],[-130.7325,61.30335],[-130.74009,61.30147]]]}},{"type":"Feature","properties":{"c":"YB76874","o":"BMC Minerals Ltd. - 100%","e":"2045-03-17"},"geometry":{"type":"Polygon","coordinates":[[[-130.62948,61.28407],[-130.62162,61.28532],[-130.61895,61.28144],[-130.62682,61.28019],[-130.62948,61.28407]]]}},{"type":"Feature","properties":{"c":"YD57293","o":"YUKON ZINC CORPORATION - 100%","e":"2030-03-17"},"geometry":{"type":"Polygon","coordinates":[[[-130.65407,61.2068],[-130.65829,61.21037],[-130.6509,61.2124],[-130.64669,61.20884],[-130.65407,61.2068]]]}},{"type":"Feature","properties":{"c":"YC27426","o":"YUKON ZINC CORPORATION - 100%","e":"2028-11-22"},"geometry":{"type":"Polygon","coordinates":[[[-130.58075,61.41766],[-130.58931,61.41764],[-130.58937,61.42174],[-130.58081,61.42177],[-130.58077,61.41925],[-130.58075,61.41766]]]}},{"type":"Feature","properties":{"c":"YB94290","o":"FInlayson Copper Ltd. - 100%","e":"2038-11-12"},"geometry":{"type":"Polygon","coordinates":[[[-130.49997,61.20076],[-130.5001,61.20453],[-130.4916,61.2046],[-130.49147,61.20082],[-130.49997,61.20076]]]}},{"type":"Feature","properties":{"c":"YB76725","o":"YUKON ZINC CORPORATION - 100%","e":"2029-03-17"},"geometry":{"type":"Polygon","coordinates":[[[-130.54418,61.39596],[-130.54143,61.39214],[-130.54935,61.39084],[-130.55207,61.39466],[-130.54418,61.39596]]]}},{"type":"Feature","properties":{"c":"YB48941","o":"BMC Minerals Ltd. - 100%","e":"2044-04-02"},"geometry":{"type":"Polygon","coordinates":[[[-130.6744,61.45653],[-130.68283,61.45665],[-130.68293,61.46045],[-130.67449,61.46045],[-130.6744,61.45653]]]}},{"type":"Feature","properties":{"c":"YB85290","o":"BMC Minerals Ltd. - 100%","e":"2044-04-02"},"geometry":{"type":"Polygon","coordinates":[[[-130.62367,61.45384],[-130.62367,61.4536],[-130.63227,61.45388],[-130.62367,61.45384]]]}},{"type":"Feature","properties":{"c":"YB76820","o":"BMC Minerals Ltd. - 100%","e":"2045-03-17"},"geometry":{"type":"Polygon","coordinates":[[[-130.56983,61.26179],[-130.57249,61.26562],[-130.56444,61.26689],[-130.56178,61.26306],[-130.56983,61.26179]]]}},{"type":"Feature","properties":{"c":"YB51240","o":"BMC Minerals Ltd. - 100%","e":"2044-04-02"},"geometry":{"type":"Polygon","coordinates":[[[-130.56514,61.4327],[-130.5669,61.43405],[-130.567,61.43671],[-130.55953,61.43672],[-130.55949,61.43272],[-130.56514,61.4327]]]}},{"type":"Feature","properties":{"c":"YB48426","o":"BMC Minerals Ltd. - 100%","e":"2044-04-02"},"geometry":{"type":"Polygon","coordinates":[[[-130.64132,61.49239],[-130.64145,61.49662],[-130.63302,61.49661],[-130.63288,61.49242],[-130.64132,61.49239]]]}},{"type":"Feature","properties":{"c":"YB51519","o":"YUKON ZINC CORPORATION - 100%","e":"2028-12-31"},"geometry":{"type":"Polygon","coordinates":[[[-130.58113,61.33313],[-130.58637,61.32997],[-130.59289,61.33247],[-130.58764,61.33563],[-130.58113,61.33313]]]}},{"type":"Feature","properties":{"c":"YE36931","o":"Blake Macdonald - 100%","e":"2031-06-23"},"geometry":{"type":"Polygon","coordinates":[[[-130.71655,61.27038],[-130.72044,61.27404],[-130.71284,61.27591],[-130.70896,61.27226],[-130.71655,61.27038]]]}},{"type":"Feature","properties":{"c":"YB60705","o":"YUKON ZINC CORPORATION - 100%","e":"2029-03-17"},"geometry":{"type":"Polygon","coordinates":[[[-130.54379,61.35789],[-130.54646,61.36167],[-130.53849,61.36296],[-130.53583,61.35919],[-130.54379,61.35789]]]}},{"type":"Feature","properties":{"c":"YB51246","o":"BMC Minerals Ltd. - 100%","e":"2044-04-02"},"geometry":{"type":"Polygon","coordinates":[[[-130.56731,61.44473],[-130.56735,61.44569],[-130.56434,61.44569],[-130.5644,61.44874],[-130.55963,61.44875],[-130.5596,61.44474],[-130.56731,61.44473]]]}},{"type":"Feature","properties":{"c":"YB88885","o":"FInlayson Copper Ltd. - 100%","e":"2038-12-03"},"geometry":{"type":"Polygon","coordinates":[[[-130.55177,61.22301],[-130.5519,61.22678],[-130.54339,61.22685],[-130.54326,61.22308],[-130.55177,61.22301]]]}},{"type":"Feature","properties":{"c":"YB93193","o":"BMC Minerals Ltd. - 100%","e":"2034-08-30"},"geometry":{"type":"Polygon","coordinates":[[[-130.74379,61.29595],[-130.74768,61.2996],[-130.74009,61.30147],[-130.73619,61.29782],[-130.74379,61.29595]]]}},{"type":"Feature","properties":{"c":"YD17712","o":"Cynthia MacDonald - 50%, Wendy Donnithorne - 50%","e":"2028-09-24"},"geometry":{"type":"Polygon","coordinates":[[[-130.93966,61.3953],[-130.94419,61.39182],[-130.95142,61.39398],[-130.94699,61.39739],[-130.93966,61.3953]]]}},{"type":"Feature","properties":{"c":"YE36950","o":"Blake Macdonald - 100%","e":"2031-06-23"},"geometry":{"type":"Polygon","coordinates":[[[-130.68637,61.28705],[-130.69026,61.2907],[-130.68267,61.29257],[-130.67878,61.28892],[-130.68637,61.28705]]]}},{"type":"Feature","properties":{"c":"YB77179","o":"BMC Minerals Ltd. - 100%","e":"2045-03-17"},"geometry":{"type":"Polygon","coordinates":[[[-130.60677,61.27684],[-130.6094,61.28069],[-130.60134,61.28195],[-130.59873,61.2781],[-130.60677,61.27684]]]}},{"type":"Feature","properties":{"c":"YB47572","o":"BMC Minerals Ltd. - 100%","e":"2044-04-02"},"geometry":{"type":"Polygon","coordinates":[[[-130.5346,61.46083],[-130.53463,61.46484],[-130.52626,61.46485],[-130.52623,61.46084],[-130.5346,61.46083]]]}},{"type":"Feature","properties":{"c":"YE36917","o":"Blake Macdonald - 100%","e":"2031-06-23"},"geometry":{"type":"Polygon","coordinates":[[[-130.75077,61.26655],[-130.75465,61.2702],[-130.74707,61.27207],[-130.74319,61.26842],[-130.75077,61.26655]]]}},{"type":"Feature","properties":{"c":"YB56732","o":"BMC Minerals Ltd. - 100%","e":"2044-04-02"},"geometry":{"type":"Polygon","coordinates":[[[-130.68202,61.42032],[-130.69051,61.42027],[-130.69053,61.42437],[-130.68203,61.42441],[-130.68202,61.42032]]]}},{"type":"Feature","properties":{"c":"YB68807","o":"YUKON ZINC CORPORATION - 100%","e":"2032-03-17"},"geometry":{"type":"Polygon","coordinates":[[[-130.50405,61.33561],[-130.51222,61.33431],[-130.51466,61.33775],[-130.5068,61.33906],[-130.50405,61.33561]]]}},{"type":"Feature","properties":{"c":"YB47550","o":"BMC Minerals Ltd. - 100%","e":"2044-04-02"},"geometry":{"type":"Polygon","coordinates":[[[-130.55139,61.46481],[-130.55142,61.46882],[-130.54304,61.46883],[-130.54301,61.46482],[-130.55139,61.46481]]]}},{"type":"Feature","properties":{"c":"YB46353","o":"BMC Minerals Ltd. - 100%","e":"2046-04-02"},"geometry":{"type":"Polygon","coordinates":[[[-130.62383,61.47017],[-130.63241,61.47011],[-130.63245,61.47402],[-130.62386,61.47405],[-130.62383,61.47017]]]}},{"type":"Feature","properties":{"c":"YB47699","o":"BMC Minerals Ltd. - 100%","e":"2044-04-02"},"geometry":{"type":"Polygon","coordinates":[[[-130.55983,61.47281],[-130.55987,61.47682],[-130.55149,61.47683],[-130.55145,61.47283],[-130.55983,61.47281]]]}},{"type":"Feature","properties":{"c":"YB70516","o":"YUKON ZINC CORPORATION - 100%","e":"2034-03-17"},"geometry":{"type":"Polygon","coordinates":[[[-130.52053,61.30719],[-130.51803,61.30341],[-130.52586,61.3022],[-130.52841,61.30597],[-130.52053,61.30719]]]}},{"type":"Feature","properties":{"c":"YB58624","o":"YUKON ZINC CORPORATION - 100%","e":"2028-12-31"},"geometry":{"type":"Polygon","coordinates":[[[-130.59014,61.32122],[-130.59529,61.31809],[-130.60182,61.32057],[-130.59667,61.32371],[-130.59014,61.32122]]]}},{"type":"Feature","properties":{"c":"YB63724","o":"YUKON ZINC CORPORATION - 100%","e":"2029-03-17"},"geometry":{"type":"Polygon","coordinates":[[[-130.73646,61.22678],[-130.74388,61.22472],[-130.74814,61.22831],[-130.74071,61.23036],[-130.73646,61.22678]]]}},{"type":"Feature","properties":{"c":"YB88884","o":"FInlayson Copper Ltd. - 100%","e":"2038-12-03"},"geometry":{"type":"Polygon","coordinates":[[[-130.56027,61.22294],[-130.56041,61.22671],[-130.5519,61.22678],[-130.55177,61.22301],[-130.56027,61.22294]]]}},{"type":"Feature","properties":{"c":"YB94283","o":"FInlayson Copper Ltd. - 100%","e":"2038-11-12"},"geometry":{"type":"Polygon","coordinates":[[[-130.51736,61.21195],[-130.51749,61.21573],[-130.50898,61.2158],[-130.50886,61.21202],[-130.51736,61.21195]]]}},{"type":"Feature","properties":{"c":"YB49002","o":"BMC Minerals Ltd. - 100%","e":"2044-04-02"},"geometry":{"type":"Polygon","coordinates":[[[-130.72584,61.48805],[-130.72595,61.49212],[-130.71752,61.49215],[-130.71741,61.48808],[-130.72584,61.48805]]]}},{"type":"Feature","properties":{"c":"YB48482","o":"BMC Minerals Ltd. - 100%","e":"2044-04-02"},"geometry":{"type":"Polygon","coordinates":[[[-130.50156,61.47246],[-130.50161,61.47583],[-130.49325,61.47582],[-130.49321,61.47247],[-130.50156,61.47246]]]}},{"type":"Feature","properties":{"c":"YB60670","o":"YUKON ZINC CORPORATION - 100%","e":"2029-03-17"},"geometry":{"type":"Polygon","coordinates":[[[-130.59263,61.30857],[-130.59007,61.30478],[-130.59816,61.30353],[-130.60074,61.30733],[-130.59263,61.30857]]]}},{"type":"Feature","properties":{"c":"YB93282","o":"BMC Minerals Ltd. - 100%","e":"2033-07-18"},"geometry":{"type":"Polygon","coordinates":[[[-130.63236,61.31654],[-130.63488,61.32036],[-130.62682,61.32161],[-130.62428,61.3178],[-130.63083,61.31678],[-130.63236,61.31654]]]}},{"type":"Feature","properties":{"c":"YB76698","o":"YUKON ZINC CORPORATION - 100%","e":"2029-03-17"},"geometry":{"type":"Polygon","coordinates":[[[-130.49678,61.39217],[-130.50487,61.39089],[-130.50758,61.39471],[-130.49949,61.39599],[-130.49678,61.39217]]]}},{"type":"Feature","properties":{"c":"YC27975","o":"YUKON ZINC CORPORATION - 100%","e":"2030-03-17"},"geometry":{"type":"Polygon","coordinates":[[[-130.61507,61.19864],[-130.61086,61.19508],[-130.61824,61.19304],[-130.62245,61.19661],[-130.61507,61.19864]]]}},{"type":"Feature","properties":{"c":"YB33759","o":"FInlayson Copper Ltd. - 100%","e":"2038-12-31"},"geometry":{"type":"Polygon","coordinates":[[[-130.52863,61.2284],[-130.52674,61.22699],[-130.53489,61.22692],[-130.53502,61.2307],[-130.52651,61.23077],[-130.52645,61.22908],[-130.52863,61.2284]]]}},{"type":"Feature","properties":{"c":"YC27941","o":"YUKON ZINC CORPORATION - 100%","e":"2030-03-17"},"geometry":{"type":"Polygon","coordinates":[[[-130.64881,61.19407],[-130.6446,61.19051],[-130.65198,61.18847],[-130.65619,61.19204],[-130.64881,61.19407]]]}},{"type":"Feature","properties":{"c":"YB60514","o":"YUKON ZINC CORPORATION - 100%","e":"2030-03-17"},"geometry":{"type":"Polygon","coordinates":[[[-130.91521,61.33717],[-130.92361,61.33711],[-130.92374,61.34113],[-130.91534,61.34119],[-130.91521,61.33717]]]}},{"type":"Feature","properties":{"c":"YB88902","o":"FInlayson Copper Ltd. - 100%","e":"2038-12-03"},"geometry":{"type":"Polygon","coordinates":[[[-130.54406,61.24573],[-130.54419,61.24951],[-130.53568,61.24958],[-130.53555,61.2458],[-130.54406,61.24573]]]}},{"type":"Feature","properties":{"c":"YB48967","o":"BMC Minerals Ltd. - 100%","e":"2044-04-02"},"geometry":{"type":"Polygon","coordinates":[[[-130.70055,61.48814],[-130.70067,61.49221],[-130.69224,61.49224],[-130.69212,61.48817],[-130.70055,61.48814]]]}},{"type":"Feature","properties":{"c":"YB47543","o":"BMC Minerals Ltd. - 100%","e":"2044-04-02"},"geometry":{"type":"Polygon","coordinates":[[[-130.6077,61.4966],[-130.60776,61.50098],[-130.60018,61.50098],[-130.60011,61.4966],[-130.6077,61.4966]]]}},{"type":"Feature","properties":{"c":"YC27467","o":"YUKON ZINC CORPORATION - 100%","e":"2028-11-22"},"geometry":{"type":"Polygon","coordinates":[[[-130.56883,61.41624],[-130.56869,61.41214],[-130.57295,61.41219],[-130.57313,61.4163],[-130.56883,61.41624]]]}},{"type":"Feature","properties":{"c":"YB47541","o":"BMC Minerals Ltd. - 100%","e":"2044-04-02"},"geometry":{"type":"Polygon","coordinates":[[[-130.59999,61.48821],[-130.60807,61.4882],[-130.60816,61.49255],[-130.60005,61.49249],[-130.59999,61.48821]]]}},{"type":"Feature","properties":{"c":"YB48422","o":"BMC Minerals Ltd. - 100%","e":"2044-04-02"},"geometry":{"type":"Polygon","coordinates":[[[-130.62476,61.49661],[-130.6165,61.49661],[-130.6164,61.49251],[-130.62464,61.49246],[-130.62476,61.49661]]]}},{"type":"Feature","properties":{"c":"YB68803","o":"YUKON ZINC CORPORATION - 100%","e":"2029-03-17"},"geometry":{"type":"Polygon","coordinates":[[[-130.52035,61.333],[-130.52795,61.33179],[-130.53042,61.3352],[-130.52282,61.33642],[-130.52035,61.333]]]}},{"type":"Feature","properties":{"c":"YB58623","o":"YUKON ZINC CORPORATION - 100%","e":"2028-12-31"},"geometry":{"type":"Polygon","coordinates":[[[-130.59529,61.31809],[-130.60043,61.31496],[-130.60696,61.31744],[-130.60182,61.32057],[-130.59529,61.31809]]]}},{"type":"Feature","properties":{"c":"YD17714","o":"Cynthia MacDonald - 50%, Wendy Donnithorne - 50%","e":"2028-09-24"},"geometry":{"type":"Polygon","coordinates":[[[-130.95142,61.39398],[-130.95857,61.39611],[-130.95413,61.39962],[-130.94709,61.39736],[-130.95142,61.39398]]]}},{"type":"Feature","properties":{"c":"YB94278","o":"FInlayson Copper Ltd. - 100%","e":"2038-11-12"},"geometry":{"type":"Polygon","coordinates":[[[-130.5515,61.21545],[-130.543,61.21552],[-130.54286,61.21175],[-130.5513,61.21168],[-130.5515,61.21545]]]}},{"type":"Feature","properties":{"c":"YB47494","o":"BMC Minerals Ltd. - 100%","e":"2044-04-02"},"geometry":{"type":"Polygon","coordinates":[[[-130.64963,61.48017],[-130.65807,61.48015],[-130.65813,61.48412],[-130.64969,61.48414],[-130.64963,61.48017]]]}},{"type":"Feature","properties":{"c":"YB76694","o":"YUKON ZINC CORPORATION - 100%","e":"2036-03-17"},"geometry":{"type":"Polygon","coordinates":[[[-130.49939,61.38315],[-130.50216,61.38706],[-130.49407,61.38834],[-130.49128,61.38446],[-130.49939,61.38315]]]}},{"type":"Feature","properties":{"c":"YB46326","o":"BMC Minerals Ltd. - 100%","e":"2046-04-02"},"geometry":{"type":"Polygon","coordinates":[[[-130.60649,61.44564],[-130.60644,61.44971],[-130.59895,61.44972],[-130.59886,61.44566],[-130.60649,61.44564]]]}},{"type":"Feature","properties":{"c":"YE36922","o":"Blake Macdonald - 100%","e":"2031-06-23"},"geometry":{"type":"Polygon","coordinates":[[[-130.72802,61.27216],[-130.73191,61.27582],[-130.72432,61.27769],[-130.72044,61.27404],[-130.72802,61.27216]]]}},{"type":"Feature","properties":{"c":"YB48986","o":"BMC Minerals Ltd. - 100%","e":"2044-04-02"},"geometry":{"type":"Polygon","coordinates":[[[-130.71675,61.46032],[-130.71667,61.45654],[-130.72513,61.45649],[-130.7252,61.46028],[-130.71675,61.46032]]]}},{"type":"Feature","properties":{"c":"YB70510","o":"YUKON ZINC CORPORATION - 100%","e":"2034-03-17"},"geometry":{"type":"Polygon","coordinates":[[[-130.51291,61.29574],[-130.51035,61.2919],[-130.5184,61.29065],[-130.52095,61.29449],[-130.51291,61.29574]]]}},{"type":"Feature","properties":{"c":"YC27437","o":"YUKON ZINC CORPORATION - 100%","e":"2028-11-22"},"geometry":{"type":"Polygon","coordinates":[[[-130.63204,61.41341],[-130.63211,61.41751],[-130.62355,61.41754],[-130.62348,61.41344],[-130.63204,61.41341]]]}},{"type":"Feature","properties":{"c":"YB60618","o":"YUKON ZINC CORPORATION - 100%","e":"2032-03-17"},"geometry":{"type":"Polygon","coordinates":[[[-130.50104,61.3188],[-130.50381,61.32273],[-130.49541,61.32407],[-130.49266,61.32013],[-130.50104,61.3188]]]}},{"type":"Feature","properties":{"c":"YC27417","o":"YUKON ZINC CORPORATION - 100%","e":"2028-11-22"},"geometry":{"type":"Polygon","coordinates":[[[-130.63218,61.42162],[-130.63225,61.42572],[-130.62369,61.42575],[-130.62362,61.42164],[-130.63218,61.42162]]]}},{"type":"Feature","properties":{"c":"YB56067","o":"YUKON ZINC CORPORATION - 100%","e":"2030-03-17"},"geometry":{"type":"Polygon","coordinates":[[[-130.8713,61.42429],[-130.87965,61.42426],[-130.87974,61.42829],[-130.8714,61.42832],[-130.8713,61.42429]]]}},{"type":"Feature","properties":{"c":"YB47512","o":"BMC Minerals Ltd. - 100%","e":"2044-04-02"},"geometry":{"type":"Polygon","coordinates":[[[-130.63233,61.46041],[-130.63229,61.45646],[-130.64074,61.45648],[-130.64082,61.46042],[-130.63233,61.46041]]]}},{"type":"Feature","properties":{"c":"YB47480","o":"BMC Minerals Ltd. - 100%","e":"2044-04-02"},"geometry":{"type":"Polygon","coordinates":[[[-130.65689,61.43223],[-130.65703,61.43634],[-130.64868,61.43635],[-130.64858,61.43224],[-130.65689,61.43223]]]}},{"type":"Feature","properties":{"c":"YB76824","o":"BMC Minerals Ltd. - 100%","e":"2045-03-17"},"geometry":{"type":"Polygon","coordinates":[[[-130.56451,61.25415],[-130.56717,61.25797],[-130.55915,61.25924],[-130.55652,61.25541],[-130.56451,61.25415]]]}},{"type":"Feature","properties":{"c":"YB76770","o":"YUKON ZINC CORPORATION - 100%","e":"2029-03-17"},"geometry":{"type":"Polygon","coordinates":[[[-130.59799,61.399],[-130.60643,61.39895],[-130.60653,61.40297],[-130.59808,61.40302],[-130.59799,61.399]]]}},{"type":"Feature","properties":{"c":"YC27453","o":"YUKON ZINC CORPORATION - 100%","e":"2028-11-22"},"geometry":{"type":"Polygon","coordinates":[[[-130.64914,61.41224],[-130.64916,61.41335],[-130.6406,61.41338],[-130.64058,61.41224],[-130.64914,61.41224]]]}},{"type":"Feature","properties":{"c":"YB47686","o":"BMC Minerals Ltd. - 100%","e":"2044-04-02"},"geometry":{"type":"Polygon","coordinates":[[[-130.57575,61.50098],[-130.5757,61.4966],[-130.58348,61.4966],[-130.5834,61.50098],[-130.57575,61.50098]]]}},{"type":"Feature","properties":{"c":"YC27950","o":"YUKON ZINC CORPORATION - 100%","e":"2030-03-17"},"geometry":{"type":"Polygon","coordinates":[[[-130.61611,61.20781],[-130.6119,61.20424],[-130.61928,61.20221],[-130.62349,61.20578],[-130.61611,61.20781]]]}},{"type":"Feature","properties":{"c":"YB76891","o":"YUKON ZINC CORPORATION - 100%","e":"2029-03-17"},"geometry":{"type":"Polygon","coordinates":[[[-130.58094,61.39103],[-130.58086,61.38701],[-130.58929,61.38697],[-130.58938,61.39099],[-130.58094,61.39103]]]}},{"type":"Feature","properties":{"c":"YB63756","o":"YUKON ZINC CORPORATION - 100%","e":"2029-03-17"},"geometry":{"type":"Polygon","coordinates":[[[-130.74603,61.24312],[-130.75021,61.24664],[-130.74278,61.24868],[-130.7386,61.24517],[-130.74603,61.24312]]]}},{"type":"Feature","properties":{"c":"YC27455","o":"YUKON ZINC CORPORATION - 100%","e":"2028-11-22"},"geometry":{"type":"Polygon","coordinates":[[[-130.66504,61.41224],[-130.66504,61.4133],[-130.65772,61.41333],[-130.6577,61.41224],[-130.66504,61.41224]]]}},{"type":"Feature","properties":{"c":"YB68825","o":"YUKON ZINC CORPORATION - 100%","e":"2029-03-17"},"geometry":{"type":"Polygon","coordinates":[[[-130.53592,61.33008],[-130.54395,61.32882],[-130.54647,61.33267],[-130.53844,61.33392],[-130.53592,61.33008]]]}},{"type":"Feature","properties":{"c":"YB47472","o":"BMC Minerals Ltd. - 100%","e":"2044-04-02"},"geometry":{"type":"Polygon","coordinates":[[[-130.66644,61.47217],[-130.67476,61.47214],[-130.67484,61.47607],[-130.66649,61.47611],[-130.66644,61.47217]]]}},{"type":"Feature","properties":{"c":"YB51524","o":"YUKON ZINC CORPORATION - 100%","e":"2028-12-31"},"geometry":{"type":"Polygon","coordinates":[[[-130.59024,61.34696],[-130.58509,61.35017],[-130.57857,61.34769],[-130.58373,61.34448],[-130.59024,61.34696]]]}},{"type":"Feature","properties":{"c":"YB63938","o":"YUKON ZINC CORPORATION - 100%","e":"2029-03-17"},"geometry":{"type":"Polygon","coordinates":[[[-130.49352,61.27903],[-130.50054,61.27627],[-130.50599,61.27939],[-130.49888,61.28209],[-130.49352,61.27903]]]}},{"type":"Feature","properties":{"c":"YB76766","o":"YUKON ZINC CORPORATION - 100%","e":"2029-03-17"},"geometry":{"type":"Polygon","coordinates":[[[-130.60663,61.40699],[-130.60673,61.41109],[-130.59827,61.41111],[-130.59818,61.40704],[-130.60663,61.40699]]]}},{"type":"Feature","properties":{"c":"YB60610","o":"YUKON ZINC CORPORATION - 100%","e":"2038-03-17"},"geometry":{"type":"Polygon","coordinates":[[[-130.51993,61.31982],[-130.52262,61.32372],[-130.51458,61.32501],[-130.51186,61.32109],[-130.51993,61.31982]]]}},{"type":"Feature","properties":{"c":"YB56088","o":"YUKON ZINC CORPORATION - 100%","e":"2030-03-17"},"geometry":{"type":"Polygon","coordinates":[[[-130.85405,61.40012],[-130.85397,61.39609],[-130.86237,61.39607],[-130.86247,61.40011],[-130.85405,61.40012]]]}},{"type":"Feature","properties":{"c":"YB76879","o":"YUKON ZINC CORPORATION - 100%","e":"2029-03-17"},"geometry":{"type":"Polygon","coordinates":[[[-130.58065,61.41115],[-130.58071,61.4152],[-130.57311,61.41528],[-130.5729,61.41123],[-130.58065,61.41115]]]}},{"type":"Feature","properties":{"c":"YB76753","o":"YUKON ZINC CORPORATION - 100%","e":"2029-03-17"},"geometry":{"type":"Polygon","coordinates":[[[-130.55964,61.36789],[-130.56765,61.36658],[-130.57031,61.37037],[-130.56229,61.37167],[-130.55964,61.36789]]]}},{"type":"Feature","properties":{"c":"YD57276","o":"YUKON ZINC CORPORATION - 100%","e":"2030-03-17"},"geometry":{"type":"Polygon","coordinates":[[[-130.69309,61.21495],[-130.69731,61.21851],[-130.68993,61.22055],[-130.68571,61.21699],[-130.69309,61.21495]]]}},{"type":"Feature","properties":{"c":"YB93211","o":"BMC Minerals Ltd. - 100%","e":"2034-08-30"},"geometry":{"type":"Polygon","coordinates":[[[-130.75117,61.2849],[-130.75506,61.28855],[-130.74748,61.29042],[-130.74359,61.28677],[-130.75117,61.2849]]]}},{"type":"Feature","properties":{"c":"YB56150","o":"YUKON ZINC CORPORATION - 100%","e":"2035-03-17"},"geometry":{"type":"Polygon","coordinates":[[[-130.55498,61.3187],[-130.56301,61.31745],[-130.56551,61.32125],[-130.55749,61.3225],[-130.55498,61.3187]]]}},{"type":"Feature","properties":{"c":"YD57304","o":"YUKON ZINC CORPORATION - 100%","e":"2030-03-17"},"geometry":{"type":"Polygon","coordinates":[[[-130.64669,61.20884],[-130.6509,61.2124],[-130.64352,61.21444],[-130.6393,61.21087],[-130.64669,61.20884]]]}},{"type":"Feature","properties":{"c":"YB46336","o":"BMC Minerals Ltd. - 100%","e":"2046-04-02"},"geometry":{"type":"Polygon","coordinates":[[[-130.57285,61.4538],[-130.57286,61.45786],[-130.56443,61.45785],[-130.56443,61.4538],[-130.57285,61.4538]]]}},{"type":"Feature","properties":{"c":"YB33751","o":"FInlayson Copper Ltd. - 100%","e":"2038-12-31"},"geometry":{"type":"Polygon","coordinates":[[[-130.53436,61.21182],[-130.53449,61.21559],[-130.52599,61.21566],[-130.52586,61.21188],[-130.53436,61.21182]]]}},{"type":"Feature","properties":{"c":"YB61480","o":"YUKON ZINC CORPORATION - 100%","e":"2030-03-17"},"geometry":{"type":"Polygon","coordinates":[[[-130.88203,61.34941],[-130.88189,61.34541],[-130.89036,61.34536],[-130.89054,61.34936],[-130.88203,61.34941]]]}},{"type":"Feature","properties":{"c":"YB93281","o":"BMC Minerals Ltd. - 100%","e":"2033-07-18"},"geometry":{"type":"Polygon","coordinates":[[[-130.62831,61.31296],[-130.63083,61.31678],[-130.62278,61.31803],[-130.62024,61.31422],[-130.62796,61.31302],[-130.62831,61.31296]]]}},{"type":"Feature","properties":{"c":"YB47682","o":"BMC Minerals Ltd. - 100%","e":"2044-04-02"},"geometry":{"type":"Polygon","coordinates":[[[-130.58355,61.49249],[-130.57566,61.4925],[-130.57562,61.4885],[-130.58362,61.4885],[-130.58356,61.49204],[-130.58355,61.49249]]]}},{"type":"Feature","properties":{"c":"YB51220","o":"BMC Minerals Ltd. - 100%","e":"2044-04-02"},"geometry":{"type":"Polygon","coordinates":[[[-130.63209,61.43769],[-130.63214,61.44162],[-130.62367,61.44165],[-130.62361,61.43772],[-130.63209,61.43769]]]}},{"type":"Feature","properties":{"c":"YB47522","o":"BMC Minerals Ltd. - 100%","e":"2044-04-02"},"geometry":{"type":"Polygon","coordinates":[[[-130.6325,61.48022],[-130.63247,61.47625],[-130.6411,61.47622],[-130.64117,61.4802],[-130.6325,61.48022]]]}},{"type":"Feature","properties":{"c":"YB55899","o":"BMC Minerals Ltd. - 100%","e":"2044-04-02"},"geometry":{"type":"Polygon","coordinates":[[[-130.49534,61.44477],[-130.50057,61.44233],[-130.50059,61.44475],[-130.49534,61.44477]]]}},{"type":"Feature","properties":{"c":"YB56132","o":"YUKON ZINC CORPORATION - 100%","e":"2035-03-17"},"geometry":{"type":"Polygon","coordinates":[[[-130.5633,61.30472],[-130.57135,61.30348],[-130.57391,61.30726],[-130.56582,61.3085],[-130.5633,61.30472]]]}},{"type":"Feature","properties":{"c":"YB77170","o":"BMC Minerals Ltd. - 100%","e":"2045-03-17"},"geometry":{"type":"Polygon","coordinates":[[[-130.60038,61.25696],[-130.60079,61.25729],[-130.60211,61.25691],[-130.60461,61.26055],[-130.59666,61.26181],[-130.59398,61.25798],[-130.60038,61.25696]]]}},{"type":"Feature","properties":{"c":"YB47603","o":"BMC Minerals Ltd. - 100%","e":"2044-04-02"},"geometry":{"type":"Polygon","coordinates":[[[-130.50169,61.48248],[-130.50174,61.48611],[-130.49338,61.48613],[-130.49334,61.48253],[-130.50169,61.48248]]]}},{"type":"Feature","properties":{"c":"YB51241","o":"BMC Minerals Ltd. - 100%","e":"2044-04-02"},"geometry":{"type":"Polygon","coordinates":[[[-130.55953,61.43672],[-130.55956,61.44073],[-130.55119,61.44075],[-130.55116,61.43674],[-130.55953,61.43672]]]}},{"type":"Feature","properties":{"c":"YB76743","o":"YUKON ZINC CORPORATION - 100%","e":"2029-03-17"},"geometry":{"type":"Polygon","coordinates":[[[-130.56521,61.38822],[-130.56794,61.39203],[-130.56001,61.39334],[-130.55729,61.38953],[-130.56521,61.38822]]]}},{"type":"Feature","properties":{"c":"YD57303","o":"YUKON ZINC CORPORATION - 100%","e":"2030-03-17"},"geometry":{"type":"Polygon","coordinates":[[[-130.6393,61.21087],[-130.64352,61.21444],[-130.63606,61.21649],[-130.63189,61.21291],[-130.6393,61.21087]]]}},{"type":"Feature","properties":{"c":"YB93212","o":"BMC Minerals Ltd. - 100%","e":"2034-08-30"},"geometry":{"type":"Polygon","coordinates":[[[-130.73969,61.28312],[-130.74359,61.28677],[-130.736,61.28864],[-130.7321,61.28499],[-130.73969,61.28312]]]}},{"type":"Feature","properties":{"c":"YB76791","o":"BMC Minerals Ltd. - 100%","e":"2045-03-17"},"geometry":{"type":"Polygon","coordinates":[[[-130.55056,61.28564],[-130.548,61.2818],[-130.55601,61.28056],[-130.55848,61.2844],[-130.55056,61.28564]]]}},{"type":"Feature","properties":{"c":"YF24880","o":"YUKON ZINC CORPORATION - 100%","e":"2028-06-27"},"geometry":{"type":"Polygon","coordinates":[[[-130.53314,61.34276],[-130.53579,61.34654],[-130.52784,61.34784],[-130.52529,61.34405],[-130.53314,61.34276]]]}},{"type":"Feature","properties":{"c":"YB47678","o":"BMC Minerals Ltd. - 100%","e":"2044-04-02"},"geometry":{"type":"Polygon","coordinates":[[[-130.57556,61.48221],[-130.58374,61.48221],[-130.5837,61.48444],[-130.57558,61.48443],[-130.57556,61.48221]]]}},{"type":"Feature","properties":{"c":"YB63915","o":"YUKON ZINC CORPORATION - 100%","e":"2030-03-17"},"geometry":{"type":"Polygon","coordinates":[[[-130.72272,61.24008],[-130.71851,61.23651],[-130.72586,61.23447],[-130.73011,61.23804],[-130.72272,61.24008]]]}},{"type":"Feature","properties":{"c":"YB46246","o":"BMC Minerals Ltd. - 100%","e":"2046-04-02"},"geometry":{"type":"Polygon","coordinates":[[[-130.6065,61.47409],[-130.59823,61.47409],[-130.59823,61.47036],[-130.60644,61.47038],[-130.6065,61.47409]]]}},{"type":"Feature","properties":{"c":"YB93681","o":"FInlayson Copper Ltd. - 100%","e":"2039-01-08"},"geometry":{"type":"Polygon","coordinates":[[[-130.5095,61.2309],[-130.50944,61.2292],[-130.5117,61.23088],[-130.5095,61.2309]]]}},{"type":"Feature","properties":{"c":"YB56085","o":"YUKON ZINC CORPORATION - 100%","e":"2030-03-17"},"geometry":{"type":"Polygon","coordinates":[[[-130.85436,61.41626],[-130.86273,61.41625],[-130.86284,61.42028],[-130.85448,61.4203],[-130.85436,61.41626]]]}},{"type":"Feature","properties":{"c":"YF24891","o":"YUKON ZINC CORPORATION - 100%","e":"2028-06-27"},"geometry":{"type":"Polygon","coordinates":[[[-130.54639,61.33639],[-130.54903,61.34016],[-130.54109,61.34146],[-130.53845,61.33771],[-130.54639,61.33639]]]}},{"type":"Feature","properties":{"c":"YB60598","o":"YUKON ZINC CORPORATION - 100%","e":"2034-03-17"},"geometry":{"type":"Polygon","coordinates":[[[-130.52807,61.31854],[-130.52556,61.31476],[-130.53352,61.31351],[-130.53607,61.31728],[-130.52807,61.31854]]]}},{"type":"Feature","properties":{"c":"YB93218","o":"BMC Minerals Ltd. - 100%","e":"2034-08-30"},"geometry":{"type":"Polygon","coordinates":[[[-130.72841,61.29052],[-130.7323,61.29417],[-130.72471,61.29604],[-130.72082,61.29239],[-130.72841,61.29052]]]}},{"type":"Feature","properties":{"c":"YB77177","o":"BMC Minerals Ltd. - 100%","e":"2045-03-17"},"geometry":{"type":"Polygon","coordinates":[[[-130.60424,61.27308],[-130.60677,61.27684],[-130.59873,61.2781],[-130.59618,61.27433],[-130.60424,61.27308]]]}},{"type":"Feature","properties":{"c":"YC27454","o":"YUKON ZINC CORPORATION - 100%","e":"2028-11-22"},"geometry":{"type":"Polygon","coordinates":[[[-130.65772,61.41333],[-130.64916,61.41335],[-130.64914,61.41224],[-130.6577,61.41224],[-130.65772,61.41333]]]}},{"type":"Feature","properties":{"c":"YB55327","o":"BMC Minerals Ltd. - 100%","e":"2044-04-02"},"geometry":{"type":"Polygon","coordinates":[[[-130.51735,61.4365],[-130.51782,61.43689],[-130.51781,61.4406],[-130.50911,61.44063],[-130.50909,61.43836],[-130.51274,61.43651],[-130.51735,61.4365]]]}},{"type":"Feature","properties":{"c":"YB58638","o":"YUKON ZINC CORPORATION - 100%","e":"2028-12-31"},"geometry":{"type":"Polygon","coordinates":[[[-130.63589,61.33866],[-130.64109,61.33551],[-130.6476,61.33798],[-130.64241,61.34115],[-130.63589,61.33866]]]}},{"type":"Feature","properties":{"c":"YB60686","o":"YUKON ZINC CORPORATION - 100%","e":"2029-03-17"},"geometry":{"type":"Polygon","coordinates":[[[-130.56763,61.35401],[-130.57029,61.3578],[-130.56239,61.35908],[-130.55972,61.3553],[-130.56763,61.35401]]]}},{"type":"Feature","properties":{"c":"YB85277","o":"BMC Minerals Ltd. - 100%","e":"2044-04-02"},"geometry":{"type":"Polygon","coordinates":[[[-130.60666,61.46156],[-130.60666,61.46198],[-130.59821,61.46196],[-130.59821,61.46156],[-130.60666,61.46156]]]}},{"type":"Feature","properties":{"c":"YB60703","o":"YUKON ZINC CORPORATION - 100%","e":"2029-03-17"},"geometry":{"type":"Polygon","coordinates":[[[-130.53583,61.35919],[-130.53317,61.3554],[-130.54113,61.35411],[-130.54379,61.35789],[-130.53583,61.35919]]]}},{"type":"Feature","properties":{"c":"YB76890","o":"YUKON ZINC CORPORATION - 100%","e":"2029-03-17"},"geometry":{"type":"Polygon","coordinates":[[[-130.58094,61.39103],[-130.57251,61.39107],[-130.57243,61.38698],[-130.58086,61.38701],[-130.58094,61.39103]]]}},{"type":"Feature","properties":{"c":"YB45979","o":"YUKON ZINC CORPORATION - 100%","e":"2028-12-31"},"geometry":{"type":"Polygon","coordinates":[[[-130.61761,61.33682],[-130.62417,61.33933],[-130.61897,61.34247],[-130.61245,61.33997],[-130.61761,61.33682]]]}},{"type":"Feature","properties":{"c":"YB76799","o":"BMC Minerals Ltd. - 100%","e":"2045-03-17"},"geometry":{"type":"Polygon","coordinates":[[[-130.54833,61.26942],[-130.54027,61.27069],[-130.53778,61.26685],[-130.54568,61.26561],[-130.54833,61.26942]]]}},{"type":"Feature","properties":{"c":"YB58644","o":"YUKON ZINC CORPORATION - 100%","e":"2028-12-31"},"geometry":{"type":"Polygon","coordinates":[[[-130.63721,61.34431],[-130.64373,61.3468],[-130.63854,61.34997],[-130.63202,61.34747],[-130.63721,61.34431]]]}},{"type":"Feature","properties":{"c":"YB45983","o":"YUKON ZINC CORPORATION - 100%","e":"2028-12-31"},"geometry":{"type":"Polygon","coordinates":[[[-130.63069,61.34182],[-130.63721,61.34431],[-130.63202,61.34747],[-130.62549,61.34497],[-130.63069,61.34182]]]}},{"type":"Feature","properties":{"c":"YB47544","o":"BMC Minerals Ltd. - 100%","e":"2044-04-02"},"geometry":{"type":"Polygon","coordinates":[[[-130.55129,61.45278],[-130.55132,61.45679],[-130.54295,61.4568],[-130.54292,61.45279],[-130.55129,61.45278]]]}},{"type":"Feature","properties":{"c":"YB48995","o":"BMC Minerals Ltd. - 100%","e":"2044-04-02"},"geometry":{"type":"Polygon","coordinates":[[[-130.73387,61.4719],[-130.73395,61.47578],[-130.72551,61.47583],[-130.72543,61.47195],[-130.73387,61.4719]]]}},{"type":"Feature","properties":{"c":"YB47584","o":"BMC Minerals Ltd. - 100%","e":"2044-04-02"},"geometry":{"type":"Polygon","coordinates":[[[-130.53479,61.48488],[-130.53482,61.48889],[-130.52643,61.48891],[-130.5264,61.4849],[-130.53479,61.48488]]]}},{"type":"Feature","properties":{"c":"YB51900","o":"BMC Minerals Ltd. - 100%","e":"2034-11-30"},"geometry":{"type":"Polygon","coordinates":[[[-130.8657,61.36961],[-130.86573,61.36558],[-130.87407,61.36553],[-130.87405,61.36956],[-130.8657,61.36961]]]}},{"type":"Feature","properties":{"c":"YB61478","o":"YUKON ZINC CORPORATION - 100%","e":"2030-03-17"},"geometry":{"type":"Polygon","coordinates":[[[-130.88189,61.34541],[-130.88175,61.34142],[-130.89019,61.34136],[-130.89036,61.34536],[-130.88189,61.34541]]]}},{"type":"Feature","properties":{"c":"YB85283","o":"BMC Minerals Ltd. - 100%","e":"2044-04-02"},"geometry":{"type":"Polygon","coordinates":[[[-130.60451,61.47409],[-130.6065,61.47409],[-130.60651,61.47451],[-130.60452,61.47444],[-130.60451,61.47409]]]}},{"type":"Feature","properties":{"c":"YE36934","o":"Blake Macdonald - 100%","e":"2031-06-23"},"geometry":{"type":"Polygon","coordinates":[[[-130.69767,61.27965],[-130.70155,61.2833],[-130.69396,61.28518],[-130.69008,61.28152],[-130.69767,61.27965]]]}},{"type":"Feature","properties":{"c":"YB93506","o":"BMC Minerals Ltd. - 100%","e":"2034-03-12"},"geometry":{"type":"Polygon","coordinates":[[[-130.61424,61.29265],[-130.60916,61.29344],[-130.60658,61.28963],[-130.61165,61.28884],[-130.61424,61.29265]]]}},{"type":"Feature","properties":{"c":"YB76869","o":"BMC Minerals Ltd. - 100%","e":"2045-03-17"},"geometry":{"type":"Polygon","coordinates":[[[-130.62673,61.26734],[-130.62934,61.27116],[-130.6215,61.27241],[-130.61886,61.26856],[-130.62673,61.26734]]]}},{"type":"Feature","properties":{"c":"YB51907","o":"BMC Minerals Ltd. - 100%","e":"2034-11-30"},"geometry":{"type":"Polygon","coordinates":[[[-130.84077,61.36168],[-130.8491,61.36164],[-130.84905,61.36568],[-130.84071,61.36572],[-130.84077,61.36168]]]}},{"type":"Feature","properties":{"c":"YB47595","o":"BMC Minerals Ltd. - 100%","e":"2044-04-02"},"geometry":{"type":"Polygon","coordinates":[[[-130.5104,61.4824],[-130.51036,61.48612],[-130.50174,61.48611],[-130.50169,61.48248],[-130.5104,61.4824]]]}},{"type":"Feature","properties":{"c":"YC27406","o":"YUKON ZINC CORPORATION - 100%","e":"2028-11-22"},"geometry":{"type":"Polygon","coordinates":[[[-130.58944,61.42585],[-130.5895,61.42996],[-130.58099,61.42998],[-130.58088,61.42587],[-130.58944,61.42585]]]}},{"type":"Feature","properties":{"c":"YC27964","o":"YUKON ZINC CORPORATION - 100%","e":"2030-03-17"},"geometry":{"type":"Polygon","coordinates":[[[-130.60562,61.18235],[-130.60141,61.17878],[-130.60879,61.17675],[-130.613,61.18031],[-130.60562,61.18235]]]}},{"type":"Feature","properties":{"c":"YB46363","o":"BMC Minerals Ltd. - 100%","e":"2046-04-02"},"geometry":{"type":"Polygon","coordinates":[[[-130.59824,61.47424],[-130.59824,61.47815],[-130.58979,61.47815],[-130.58978,61.47409],[-130.59364,61.47409],[-130.59824,61.47424]]]}},{"type":"Feature","properties":{"c":"YB33796","o":"FInlayson Copper Ltd. - 100%","e":"2038-12-31"},"geometry":{"type":"Polygon","coordinates":[[[-130.50911,61.21957],[-130.50924,61.22335],[-130.50074,61.22342],[-130.50061,61.21964],[-130.50911,61.21957]]]}},{"type":"Feature","properties":{"c":"YB47561","o":"BMC Minerals Ltd. - 100%","e":"2044-04-02"},"geometry":{"type":"Polygon","coordinates":[[[-130.54317,61.48487],[-130.5432,61.48888],[-130.53482,61.48889],[-130.53479,61.48488],[-130.54317,61.48487]]]}},{"type":"Feature","properties":{"c":"YC27433","o":"YUKON ZINC CORPORATION - 100%","e":"2028-11-22"},"geometry":{"type":"Polygon","coordinates":[[[-130.61492,61.41346],[-130.61499,61.41757],[-130.60643,61.41759],[-130.60636,61.41349],[-130.61492,61.41346]]]}},{"type":"Feature","properties":{"c":"YE36932","o":"Blake Macdonald - 100%","e":"2031-06-23"},"geometry":{"type":"Polygon","coordinates":[[[-130.70155,61.2833],[-130.70544,61.28696],[-130.69785,61.28883],[-130.69396,61.28518],[-130.70155,61.2833]]]}},{"type":"Feature","properties":{"c":"YB51908","o":"BMC Minerals Ltd. - 100%","e":"2034-11-30"},"geometry":{"type":"Polygon","coordinates":[[[-130.84905,61.36568],[-130.85739,61.36563],[-130.85736,61.36966],[-130.84901,61.36971],[-130.84905,61.36568]]]}},{"type":"Feature","properties":{"c":"YB47476","o":"BMC Minerals Ltd. - 100%","e":"2044-04-02"},"geometry":{"type":"Polygon","coordinates":[[[-130.66655,61.48012],[-130.67494,61.4801],[-130.67503,61.48407],[-130.66661,61.4841],[-130.66655,61.48012]]]}},{"type":"Feature","properties":{"c":"YB76801","o":"BMC Minerals Ltd. - 100%","e":"2045-03-17"},"geometry":{"type":"Polygon","coordinates":[[[-130.54303,61.26179],[-130.54568,61.26561],[-130.53778,61.26685],[-130.53529,61.26302],[-130.54303,61.26179]]]}},{"type":"Feature","properties":{"c":"YB47530","o":"BMC Minerals Ltd. - 100%","e":"2044-04-02"},"geometry":{"type":"Polygon","coordinates":[[[-130.6326,61.48445],[-130.6244,61.48445],[-130.62433,61.48221],[-130.63252,61.48221],[-130.6326,61.48445]]]}},{"type":"Feature","properties":{"c":"YB46366","o":"BMC Minerals Ltd. - 100%","e":"2046-04-02"},"geometry":{"type":"Polygon","coordinates":[[[-130.58979,61.47815],[-130.58979,61.48221],[-130.58134,61.48221],[-130.58133,61.47815],[-130.58979,61.47815]]]}},{"type":"Feature","properties":{"c":"YC27419","o":"YUKON ZINC CORPORATION - 100%","e":"2028-11-22"},"geometry":{"type":"Polygon","coordinates":[[[-130.64074,61.42159],[-130.64081,61.42569],[-130.63225,61.42572],[-130.63218,61.42162],[-130.64074,61.42159]]]}},{"type":"Feature","properties":{"c":"YB47605","o":"BMC Minerals Ltd. - 100%","e":"2044-04-02"},"geometry":{"type":"Polygon","coordinates":[[[-130.49338,61.48613],[-130.50174,61.48611],[-130.50178,61.48968],[-130.49343,61.48973],[-130.49338,61.48613]]]}},{"type":"Feature","properties":{"c":"YB60603","o":"YUKON ZINC CORPORATION - 100%","e":"2034-03-17"},"geometry":{"type":"Polygon","coordinates":[[[-130.52262,61.32372],[-130.5308,61.32245],[-130.53348,61.32635],[-130.5255,61.32763],[-130.52262,61.32372]]]}},{"type":"Feature","properties":{"c":"YC91774","o":"FInlayson Copper Ltd. - 100%","e":"2038-12-14"},"geometry":{"type":"Polygon","coordinates":[[[-130.56852,61.21583],[-130.56864,61.21909],[-130.56014,61.21916],[-130.56012,61.21594],[-130.56852,61.21583]]]}},{"type":"Feature","properties":{"c":"YB76776","o":"YUKON ZINC CORPORATION - 100%","e":"2029-03-17"},"geometry":{"type":"Polygon","coordinates":[[[-130.59771,61.38693],[-130.60614,61.38689],[-130.60624,61.39091],[-130.59781,61.39095],[-130.59771,61.38693]]]}},{"type":"Feature","properties":{"c":"YE36952","o":"Blake Macdonald - 100%","e":"2031-06-23"},"geometry":{"type":"Polygon","coordinates":[[[-130.68249,61.28339],[-130.68637,61.28705],[-130.67878,61.28892],[-130.67489,61.28526],[-130.68249,61.28339]]]}},{"type":"Feature","properties":{"c":"YB68806","o":"YUKON ZINC CORPORATION - 100%","e":"2032-03-17"},"geometry":{"type":"Polygon","coordinates":[[[-130.51733,61.32894],[-130.52035,61.333],[-130.51222,61.33431],[-130.50923,61.33023],[-130.51733,61.32894]]]}},{"type":"Feature","properties":{"c":"YB60609","o":"YUKON ZINC CORPORATION - 100%","e":"2038-03-17"},"geometry":{"type":"Polygon","coordinates":[[[-130.50935,61.3173],[-130.51186,61.32109],[-130.50359,61.32242],[-130.50095,61.31866],[-130.50935,61.3173]]]}},{"type":"Feature","properties":{"c":"YE36906","o":"Blake Macdonald - 100%","e":"2031-06-23"},"geometry":{"type":"Polygon","coordinates":[[[-130.76263,61.28668],[-130.76652,61.29033],[-130.75895,61.2922],[-130.75506,61.28855],[-130.76263,61.28668]]]}},{"type":"Feature","properties":{"c":"YC91773","o":"FInlayson Copper Ltd. - 100%","e":"2038-12-14"},"geometry":{"type":"Polygon","coordinates":[[[-130.55152,61.21608],[-130.5514,61.2127],[-130.5599,61.21259],[-130.56002,61.21594],[-130.55152,61.21608]]]}},{"type":"Feature","properties":{"c":"YB56714","o":"BMC Minerals Ltd. - 100%","e":"2044-04-02"},"geometry":{"type":"Polygon","coordinates":[[[-130.66503,61.42448],[-130.67353,61.42445],[-130.67354,61.4281],[-130.66502,61.42812],[-130.66503,61.42561],[-130.66503,61.42448]]]}},{"type":"Feature","properties":{"c":"YB63733","o":"YUKON ZINC CORPORATION - 100%","e":"2029-03-17"},"geometry":{"type":"Polygon","coordinates":[[[-130.70247,61.2314],[-130.71003,61.22931],[-130.7143,61.23294],[-130.70669,61.23503],[-130.70247,61.2314]]]}},{"type":"Feature","properties":{"c":"YB63719","o":"YUKON ZINC CORPORATION - 100%","e":"2029-03-17"},"geometry":{"type":"Polygon","coordinates":[[[-130.75448,61.21702],[-130.76184,61.21498],[-130.7661,61.21854],[-130.75871,61.22059],[-130.75448,61.21702]]]}},{"type":"Feature","properties":{"c":"YB61475","o":"YUKON ZINC CORPORATION - 100%","e":"2030-03-17"},"geometry":{"type":"Polygon","coordinates":[[[-130.90732,61.35778],[-130.90733,61.3556],[-130.91571,61.35554],[-130.91571,61.35773],[-130.90732,61.35778]]]}},{"type":"Feature","properties":{"c":"YB51895","o":"BMC Minerals Ltd. - 100%","e":"2034-11-30"},"geometry":{"type":"Polygon","coordinates":[[[-130.8575,61.35353],[-130.8658,61.35349],[-130.86578,61.35752],[-130.85746,61.35756],[-130.8575,61.35353]]]}},{"type":"Feature","properties":{"c":"YB76808","o":"YUKON ZINC CORPORATION - 100%","e":"2029-03-17"},"geometry":{"type":"Polygon","coordinates":[[[-130.57978,61.28956],[-130.57718,61.28573],[-130.58524,61.28447],[-130.58784,61.2883],[-130.57978,61.28956]]]}},{"type":"Feature","properties":{"c":"YC27436","o":"YUKON ZINC CORPORATION - 100%","e":"2028-11-22"},"geometry":{"type":"Polygon","coordinates":[[[-130.63211,61.41751],[-130.63218,61.42162],[-130.62362,61.42164],[-130.62355,61.41754],[-130.63211,61.41751]]]}},{"type":"Feature","properties":{"c":"YB48416","o":"BMC Minerals Ltd. - 100%","e":"2046-04-02"},"geometry":{"type":"Polygon","coordinates":[[[-130.53595,61.42671],[-130.53942,61.4304],[-130.53174,61.43206],[-130.52827,61.42838],[-130.53595,61.42671]]]}},{"type":"Feature","properties":{"c":"YB85302","o":"BMC Minerals Ltd. - 100%","e":"2044-04-02"},"geometry":{"type":"Polygon","coordinates":[[[-130.60018,61.50098],[-130.59964,61.50098],[-130.59949,61.4966],[-130.60011,61.4966],[-130.60018,61.50098]]]}},{"type":"Feature","properties":{"c":"YB94281","o":"FInlayson Copper Ltd. - 100%","e":"2038-11-12"},"geometry":{"type":"Polygon","coordinates":[[[-130.51749,61.21573],[-130.51762,61.21951],[-130.50911,61.21957],[-130.50898,61.2158],[-130.51749,61.21573]]]}},{"type":"Feature","properties":{"c":"YB93693","o":"FInlayson Copper Ltd. - 100%","e":"2039-01-08"},"geometry":{"type":"Polygon","coordinates":[[[-130.52704,61.24587],[-130.52717,61.24965],[-130.51865,61.24972],[-130.51852,61.24594],[-130.52704,61.24587]]]}},{"type":"Feature","properties":{"c":"YB93219","o":"BMC Minerals Ltd. - 100%","e":"2034-08-30"},"geometry":{"type":"Polygon","coordinates":[[[-130.736,61.28864],[-130.73989,61.2923],[-130.7323,61.29417],[-130.72841,61.29052],[-130.736,61.28864]]]}},{"type":"Feature","properties":{"c":"YF24895","o":"YUKON ZINC CORPORATION - 100%","e":"2028-06-27"},"geometry":{"type":"Polygon","coordinates":[[[-130.53052,61.33902],[-130.53314,61.34276],[-130.52529,61.34405],[-130.52263,61.34033],[-130.53052,61.33902]]]}},{"type":"Feature","properties":{"c":"YB60687","o":"YUKON ZINC CORPORATION - 100%","e":"2029-03-17"},"geometry":{"type":"Polygon","coordinates":[[[-130.54109,61.34146],[-130.54903,61.34016],[-130.55169,61.34395],[-130.54374,61.34525],[-130.54109,61.34146]]]}},{"type":"Feature","properties":{"c":"YB47485","o":"BMC Minerals Ltd. - 100%","e":"2044-04-02"},"geometry":{"type":"Polygon","coordinates":[[[-130.65731,61.44453],[-130.66568,61.4445],[-130.66581,61.44845],[-130.65741,61.44848],[-130.65731,61.44453]]]}},{"type":"Feature","properties":{"c":"YB47482","o":"BMC Minerals Ltd. - 100%","e":"2044-04-02"},"geometry":{"type":"Polygon","coordinates":[[[-130.64868,61.43635],[-130.65703,61.43634],[-130.65717,61.44044],[-130.64878,61.44046],[-130.64868,61.43635]]]}},{"type":"Feature","properties":{"c":"YB88887","o":"FInlayson Copper Ltd. - 100%","e":"2038-12-03"},"geometry":{"type":"Polygon","coordinates":[[[-130.5519,61.22678],[-130.55203,61.23056],[-130.54353,61.23063],[-130.54339,61.22685],[-130.5519,61.22678]]]}},{"type":"Feature","properties":{"c":"YB47625","o":"BMC Minerals Ltd. - 100%","e":"2044-04-02"},"geometry":{"type":"Polygon","coordinates":[[[-130.57126,61.42987],[-130.57815,61.42776],[-130.5825,61.43112],[-130.57565,61.43321],[-130.57126,61.42987]]]}},{"type":"Feature","properties":{"c":"YE36942","o":"Blake Macdonald - 100%","e":"2031-06-23"},"geometry":{"type":"Polygon","coordinates":[[[-130.70193,61.30166],[-130.70582,61.30531],[-130.69822,61.30718],[-130.69433,61.30353],[-130.70193,61.30166]]]}},{"type":"Feature","properties":{"c":"YC27432","o":"YUKON ZINC CORPORATION - 100%","e":"2028-11-22"},"geometry":{"type":"Polygon","coordinates":[[[-130.61499,61.41757],[-130.61506,61.42167],[-130.6065,61.42169],[-130.60643,61.41759],[-130.61499,61.41757]]]}},{"type":"Feature","properties":{"c":"YB76830","o":"BMC Minerals Ltd. - 100%","e":"2045-03-17"},"geometry":{"type":"Polygon","coordinates":[[[-130.59873,61.2781],[-130.60134,61.28195],[-130.59329,61.28321],[-130.59068,61.27936],[-130.59873,61.2781]]]}},{"type":"Feature","properties":{"c":"YB47479","o":"BMC Minerals Ltd. - 100%","e":"2044-04-02"},"geometry":{"type":"Polygon","coordinates":[[[-130.65703,61.43634],[-130.65689,61.43223],[-130.66519,61.43221],[-130.66535,61.43632],[-130.65703,61.43634]]]}},{"type":"Feature","properties":{"c":"YB46248","o":"BMC Minerals Ltd. - 100%","e":"2046-04-02"},"geometry":{"type":"Polygon","coordinates":[[[-130.58977,61.45787],[-130.59816,61.45788],[-130.59821,61.46156],[-130.58977,61.46195],[-130.58977,61.45787]]]}},{"type":"Feature","properties":{"c":"YB46359","o":"BMC Minerals Ltd. - 100%","e":"2046-04-02"},"geometry":{"type":"Polygon","coordinates":[[[-130.61529,61.47814],[-130.60661,61.47815],[-130.60651,61.47451],[-130.61528,61.47479],[-130.61529,61.47814]]]}},{"type":"Feature","properties":{"c":"YB49579","o":"BMC Minerals Ltd. - 100%","e":"2044-04-02"},"geometry":{"type":"Polygon","coordinates":[[[-130.6995,61.44437],[-130.70795,61.44435],[-130.70807,61.44845],[-130.69961,61.44848],[-130.6995,61.44437]]]}},{"type":"Feature","properties":{"c":"YB76741","o":"YUKON ZINC CORPORATION - 100%","e":"2029-03-17"},"geometry":{"type":"Polygon","coordinates":[[[-130.55729,61.38953],[-130.55453,61.38566],[-130.56243,61.38435],[-130.56521,61.38822],[-130.55729,61.38953]]]}},{"type":"Feature","properties":{"c":"YB46364","o":"BMC Minerals Ltd. - 100%","e":"2046-04-02"},"geometry":{"type":"Polygon","coordinates":[[[-130.59824,61.47815],[-130.59825,61.48221],[-130.58979,61.48221],[-130.58979,61.47815],[-130.59824,61.47815]]]}},{"type":"Feature","properties":{"c":"YB76895","o":"YUKON ZINC CORPORATION - 100%","e":"2029-03-17"},"geometry":{"type":"Polygon","coordinates":[[[-130.58078,61.38298],[-130.58069,61.37896],[-130.58909,61.37893],[-130.58919,61.38295],[-130.58078,61.38298]]]}},{"type":"Feature","properties":{"c":"YB45978","o":"YUKON ZINC CORPORATION - 100%","e":"2028-12-31"},"geometry":{"type":"Polygon","coordinates":[[[-130.61761,61.33682],[-130.62278,61.33367],[-130.62937,61.33618],[-130.62417,61.33933],[-130.61761,61.33682]]]}},{"type":"Feature","properties":{"c":"YB58628","o":"YUKON ZINC CORPORATION - 100%","e":"2028-12-31"},"geometry":{"type":"Polygon","coordinates":[[[-130.60834,61.32306],[-130.6149,61.32555],[-130.60974,61.32869],[-130.60319,61.3262],[-130.60834,61.32306]]]}},{"type":"Feature","properties":{"c":"YB46253","o":"BMC Minerals Ltd. - 100%","e":"2046-04-02"},"geometry":{"type":"Polygon","coordinates":[[[-130.58132,61.46193],[-130.58132,61.45787],[-130.58977,61.45787],[-130.58977,61.46195],[-130.58132,61.46193]]]}},{"type":"Feature","properties":{"c":"YB45980","o":"YUKON ZINC CORPORATION - 100%","e":"2028-12-31"},"geometry":{"type":"Polygon","coordinates":[[[-130.62937,61.33618],[-130.63589,61.33866],[-130.63069,61.34182],[-130.62417,61.33933],[-130.62937,61.33618]]]}},{"type":"Feature","properties":{"c":"YB93704","o":"FInlayson Copper Ltd. - 100%","e":"2039-01-08"},"geometry":{"type":"Polygon","coordinates":[[[-130.50163,61.24985],[-130.50176,61.25363],[-130.49324,61.25369],[-130.49312,61.24992],[-130.50163,61.24985]]]}},{"type":"Feature","properties":{"c":"YB51224","o":"BMC Minerals Ltd. - 100%","e":"2044-04-02"},"geometry":{"type":"Polygon","coordinates":[[[-130.61481,61.42988],[-130.61492,61.43381],[-130.60647,61.43384],[-130.60636,61.42991],[-130.61481,61.42988]]]}},{"type":"Feature","properties":{"c":"YE36909","o":"Blake Macdonald - 100%","e":"2031-06-23"},"geometry":{"type":"Polygon","coordinates":[[[-130.76632,61.28115],[-130.77022,61.28481],[-130.76263,61.28668],[-130.75874,61.28303],[-130.76632,61.28115]]]}},{"type":"Feature","properties":{"c":"YB88891","o":"FInlayson Copper Ltd. - 100%","e":"2038-12-03"},"geometry":{"type":"Polygon","coordinates":[[[-130.55217,61.23433],[-130.5523,61.23811],[-130.54379,61.23818],[-130.54366,61.2344],[-130.55217,61.23433]]]}},{"type":"Feature","properties":{"c":"YB70468","o":"YUKON ZINC CORPORATION - 100%","e":"2032-03-17"},"geometry":{"type":"Polygon","coordinates":[[[-130.51196,61.28742],[-130.5167,61.28554],[-130.51823,61.28643],[-130.51196,61.28742]]]}},{"type":"Feature","properties":{"c":"YB47536","o":"BMC Minerals Ltd. - 100%","e":"2044-04-02"},"geometry":{"type":"Polygon","coordinates":[[[-130.60795,61.48221],[-130.61614,61.48221],[-130.6162,61.48445],[-130.608,61.48445],[-130.60795,61.48221]]]}},{"type":"Feature","properties":{"c":"YB93674","o":"FInlayson Copper Ltd. - 100%","e":"2039-01-08"},"geometry":{"type":"Polygon","coordinates":[[[-130.52625,61.22321],[-130.53476,61.22314],[-130.53489,61.22692],[-130.52674,61.22699],[-130.52637,61.22672],[-130.52625,61.22321]]]}},{"type":"Feature","properties":{"c":"YB48478","o":"BMC Minerals Ltd. - 100%","e":"2044-04-02"},"geometry":{"type":"Polygon","coordinates":[[[-130.51788,61.47245],[-130.51792,61.47584],[-130.5102,61.47583],[-130.51026,61.47245],[-130.51788,61.47245]]]}},{"type":"Feature","properties":{"c":"YB47598","o":"BMC Minerals Ltd. - 100%","e":"2044-04-02"},"geometry":{"type":"Polygon","coordinates":[[[-130.51809,61.48969],[-130.51821,61.49392],[-130.51056,61.49392],[-130.5105,61.48969],[-130.51809,61.48969]]]}},{"type":"Feature","properties":{"c":"YC90696","o":"YUKON ZINC CORPORATION - 100%","e":"2028-06-27"},"geometry":{"type":"Polygon","coordinates":[[[-130.5466,61.38697],[-130.54935,61.39084],[-130.54143,61.39214],[-130.53867,61.38828],[-130.5466,61.38697]]]}},{"type":"Feature","properties":{"c":"YD57288","o":"YUKON ZINC CORPORATION - 100%","e":"2030-03-17"},"geometry":{"type":"Polygon","coordinates":[[[-130.6741,61.21546],[-130.67832,61.21902],[-130.67094,61.22106],[-130.66672,61.2175],[-130.6741,61.21546]]]}},{"type":"Feature","properties":{"c":"YB47505","o":"BMC Minerals Ltd. - 100%","e":"2044-04-02"},"geometry":{"type":"Polygon","coordinates":[[[-130.64053,61.44459],[-130.64887,61.44456],[-130.64897,61.44851],[-130.6406,61.44854],[-130.64053,61.44459]]]}},{"type":"Feature","properties":{"c":"YB89605","o":"YUKON ZINC CORPORATION - 100%","e":"2030-03-17"},"geometry":{"type":"Polygon","coordinates":[[[-130.9241,61.35767],[-130.9241,61.36131],[-130.91571,61.36138],[-130.91571,61.35773],[-130.9241,61.35767]]]}},{"type":"Feature","properties":{"c":"YB63758","o":"YUKON ZINC CORPORATION - 100%","e":"2029-03-17"},"geometry":{"type":"Polygon","coordinates":[[[-130.7386,61.24517],[-130.74278,61.24868],[-130.7354,61.25071],[-130.73119,61.24721],[-130.7386,61.24517]]]}},{"type":"Feature","properties":{"c":"YB93706","o":"FInlayson Copper Ltd. - 100%","e":"2039-01-08"},"geometry":{"type":"Polygon","coordinates":[[[-130.51027,61.25356],[-130.5104,61.25734],[-130.50188,61.2574],[-130.50176,61.25363],[-130.51027,61.25356]]]}},{"type":"Feature","properties":{"c":"YB76765","o":"YUKON ZINC CORPORATION - 100%","e":"2029-03-17"},"geometry":{"type":"Polygon","coordinates":[[[-130.59818,61.40704],[-130.59827,61.41111],[-130.58981,61.41113],[-130.58972,61.40708],[-130.59818,61.40704]]]}},{"type":"Feature","properties":{"c":"YB48980","o":"BMC Minerals Ltd. - 100%","e":"2044-04-02"},"geometry":{"type":"Polygon","coordinates":[[[-130.70043,61.48408],[-130.70032,61.48001],[-130.70875,61.47997],[-130.70887,61.48405],[-130.70043,61.48408]]]}},{"type":"Feature","properties":{"c":"YB60525","o":"YUKON ZINC CORPORATION - 100%","e":"2030-03-17"},"geometry":{"type":"Polygon","coordinates":[[[-130.89019,61.34136],[-130.89856,61.3413],[-130.89872,61.34531],[-130.89036,61.34536],[-130.89019,61.34136]]]}},{"type":"Feature","properties":{"c":"YC27976","o":"YUKON ZINC CORPORATION - 100%","e":"2030-03-17"},"geometry":{"type":"Polygon","coordinates":[[[-130.61086,61.19508],[-130.60665,61.19151],[-130.61403,61.18948],[-130.61824,61.19304],[-130.61086,61.19508]]]}},{"type":"Feature","properties":{"c":"YB51867","o":"BMC Minerals Ltd. - 100%","e":"2034-11-30"},"geometry":{"type":"Polygon","coordinates":[[[-130.89073,61.36141],[-130.89906,61.36136],[-130.89908,61.36538],[-130.89074,61.36543],[-130.89073,61.36141]]]}},{"type":"Feature","properties":{"c":"YB51247","o":"BMC Minerals Ltd. - 100%","e":"2044-04-02"},"geometry":{"type":"Polygon","coordinates":[[[-130.55963,61.44875],[-130.55966,61.45276],[-130.55129,61.45278],[-130.55126,61.44877],[-130.55963,61.44875]]]}},{"type":"Feature","properties":{"c":"YB60707","o":"YUKON ZINC CORPORATION - 100%","e":"2029-03-17"},"geometry":{"type":"Polygon","coordinates":[[[-130.50944,61.34664],[-130.51737,61.34535],[-130.51989,61.34913],[-130.51194,61.35043],[-130.50944,61.34664]]]}},{"type":"Feature","properties":{"c":"YB93210","o":"BMC Minerals Ltd. - 100%","e":"2034-08-30"},"geometry":{"type":"Polygon","coordinates":[[[-130.74359,61.28677],[-130.74748,61.29042],[-130.73989,61.2923],[-130.736,61.28864],[-130.74359,61.28677]]]}},{"type":"Feature","properties":{"c":"YB58648","o":"YUKON ZINC CORPORATION - 100%","e":"2028-12-31"},"geometry":{"type":"Polygon","coordinates":[[[-130.62689,61.35066],[-130.63323,61.35308],[-130.62788,61.35621],[-130.62171,61.35387],[-130.62689,61.35066]]]}},{"type":"Feature","properties":{"c":"YC90697","o":"YUKON ZINC CORPORATION - 100%","e":"2028-06-27"},"geometry":{"type":"Polygon","coordinates":[[[-130.54143,61.39214],[-130.54418,61.39596],[-130.53619,61.39728],[-130.53345,61.39345],[-130.54143,61.39214]]]}},{"type":"Feature","properties":{"c":"YB70503","o":"YUKON ZINC CORPORATION - 100%","e":"2032-03-17"},"geometry":{"type":"Polygon","coordinates":[[[-130.53143,61.29709],[-130.53401,61.30093],[-130.52607,61.30216],[-130.52351,61.29832],[-130.53143,61.29709]]]}},{"type":"Feature","properties":{"c":"YB70485","o":"YUKON ZINC CORPORATION - 100%","e":"2029-03-17"},"geometry":{"type":"Polygon","coordinates":[[[-130.60074,61.30733],[-130.60883,61.30609],[-130.61142,61.30992],[-130.60335,61.31118],[-130.60074,61.30733]]]}},{"type":"Feature","properties":{"c":"YB47556","o":"BMC Minerals Ltd. - 100%","e":"2044-04-02"},"geometry":{"type":"Polygon","coordinates":[[[-130.55149,61.47683],[-130.55152,61.48084],[-130.54314,61.48086],[-130.54311,61.47685],[-130.55149,61.47683]]]}},{"type":"Feature","properties":{"c":"YB55905","o":"BMC Minerals Ltd. - 100%","e":"2044-04-02"},"geometry":{"type":"Polygon","coordinates":[[[-130.49216,61.45709],[-130.49212,61.45298],[-130.50069,61.45296],[-130.50074,61.45706],[-130.49216,61.45709]]]}},{"type":"Feature","properties":{"c":"YB76873","o":"BMC Minerals Ltd. - 100%","e":"2045-03-17"},"geometry":{"type":"Polygon","coordinates":[[[-130.632,61.27505],[-130.63467,61.27894],[-130.62682,61.28019],[-130.62416,61.2763],[-130.632,61.27505]]]}},{"type":"Feature","properties":{"c":"YC91769","o":"FInlayson Copper Ltd. - 100%","e":"2038-12-14"},"geometry":{"type":"Polygon","coordinates":[[[-130.53368,61.19228],[-130.53383,61.19638],[-130.52533,61.19645],[-130.52519,61.19235],[-130.53368,61.19228]]]}},{"type":"Feature","properties":{"c":"YE36902","o":"Blake Macdonald - 100%","e":"2031-06-23"},"geometry":{"type":"Polygon","coordinates":[[[-130.77042,61.29398],[-130.77431,61.29763],[-130.76674,61.2995],[-130.76285,61.29585],[-130.77042,61.29398]]]}},{"type":"Feature","properties":{"c":"YB60586","o":"YUKON ZINC CORPORATION - 100%","e":"2034-03-17"},"geometry":{"type":"Polygon","coordinates":[[[-130.53907,61.30847],[-130.54718,61.3072],[-130.5497,61.31097],[-130.54161,61.31224],[-130.53907,61.30847]]]}},{"type":"Feature","properties":{"c":"YB46228","o":"BMC Minerals Ltd. - 100%","e":"2046-04-02"},"geometry":{"type":"Polygon","coordinates":[[[-130.63224,61.44975],[-130.63227,61.45388],[-130.62367,61.4536],[-130.6237,61.44982],[-130.62802,61.4498],[-130.63224,61.44975]]]}},{"type":"Feature","properties":{"c":"YB60518","o":"YUKON ZINC CORPORATION - 100%","e":"2030-03-17"},"geometry":{"type":"Polygon","coordinates":[[[-130.91546,61.34521],[-130.92386,61.34515],[-130.92398,61.34917],[-130.91559,61.34922],[-130.91546,61.34521]]]}},{"type":"Feature","properties":{"c":"YB93490","o":"BMC Minerals Ltd. - 100%","e":"2034-03-12"},"geometry":{"type":"Polygon","coordinates":[[[-130.63174,61.29214],[-130.62366,61.29339],[-130.62108,61.28959],[-130.62915,61.28834],[-130.63174,61.29214]]]}},{"type":"Feature","properties":{"c":"YB55336","o":"BMC Minerals Ltd. - 100%","e":"2044-04-02"},"geometry":{"type":"Polygon","coordinates":[[[-130.50078,61.46117],[-130.50074,61.45706],[-130.50931,61.45704],[-130.50936,61.46114],[-130.50078,61.46117]]]}},{"type":"Feature","properties":{"c":"YB58627","o":"YUKON ZINC CORPORATION - 100%","e":"2028-12-31"},"geometry":{"type":"Polygon","coordinates":[[[-130.61349,61.31992],[-130.62007,61.32242],[-130.6149,61.32555],[-130.60834,61.32306],[-130.61349,61.31992]]]}},{"type":"Feature","properties":{"c":"YD57302","o":"YUKON ZINC CORPORATION - 100%","e":"2030-03-17"},"geometry":{"type":"Polygon","coordinates":[[[-130.6509,61.2124],[-130.65512,61.21597],[-130.64773,61.218],[-130.64352,61.21444],[-130.6509,61.2124]]]}},{"type":"Feature","properties":{"c":"YE36938","o":"Blake Macdonald - 100%","e":"2031-06-23"},"geometry":{"type":"Polygon","coordinates":[[[-130.70971,61.30896],[-130.71361,61.31262],[-130.70601,61.31449],[-130.70212,61.31083],[-130.70971,61.30896]]]}},{"type":"Feature","properties":{"c":"YB88874","o":"FInlayson Copper Ltd. - 100%","e":"2038-12-03"},"geometry":{"type":"Polygon","coordinates":[[[-130.57326,61.23038],[-130.57769,61.23412],[-130.56918,61.23419],[-130.56905,61.23042],[-130.57326,61.23038]]]}},{"type":"Feature","properties":{"c":"YB51271","o":"BMC Minerals Ltd. - 100%","e":"2044-04-02"},"geometry":{"type":"Polygon","coordinates":[[[-130.52614,61.44881],[-130.52617,61.45282],[-130.51774,61.45284],[-130.51773,61.44881],[-130.52614,61.44881]]]}},{"type":"Feature","properties":{"c":"YB93214","o":"BMC Minerals Ltd. - 100%","e":"2034-08-30"},"geometry":{"type":"Polygon","coordinates":[[[-130.7358,61.27947],[-130.73969,61.28312],[-130.7321,61.28499],[-130.72821,61.28134],[-130.7358,61.27947]]]}},{"type":"Feature","properties":{"c":"YB60682","o":"YUKON ZINC CORPORATION - 100%","e":"2029-03-17"},"geometry":{"type":"Polygon","coordinates":[[[-130.55436,61.34773],[-130.5623,61.34644],[-130.56496,61.35023],[-130.55704,61.35152],[-130.55436,61.34773]]]}},{"type":"Feature","properties":{"c":"YB48940","o":"BMC Minerals Ltd. - 100%","e":"2044-04-02"},"geometry":{"type":"Polygon","coordinates":[[[-130.6662,61.46044],[-130.66607,61.45652],[-130.6744,61.45653],[-130.67449,61.46045],[-130.6662,61.46044]]]}},{"type":"Feature","properties":{"c":"YB47562","o":"BMC Minerals Ltd. - 100%","e":"2044-04-02"},"geometry":{"type":"Polygon","coordinates":[[[-130.55158,61.48886],[-130.55162,61.49287],[-130.54323,61.49289],[-130.5432,61.48888],[-130.55158,61.48886]]]}},{"type":"Feature","properties":{"c":"YB93500","o":"BMC Minerals Ltd. - 100%","e":"2034-03-12"},"geometry":{"type":"Polygon","coordinates":[[[-130.61433,61.30105],[-130.61939,61.30024],[-130.62197,61.30404],[-130.61691,61.30484],[-130.61433,61.30105]]]}},{"type":"Feature","properties":{"c":"YB70501","o":"YUKON ZINC CORPORATION - 100%","e":"2029-03-17"},"geometry":{"type":"Polygon","coordinates":[[[-130.52095,61.29449],[-130.52886,61.29326],[-130.53143,61.29709],[-130.52351,61.29832],[-130.52095,61.29449]]]}},{"type":"Feature","properties":{"c":"YB76862","o":"BMC Minerals Ltd. - 100%","e":"2045-03-17"},"geometry":{"type":"Polygon","coordinates":[[[-130.611,61.25707],[-130.61362,61.2609],[-130.60567,61.2621],[-130.60304,61.25827],[-130.6104,61.25716],[-130.611,61.25707]]]}},{"type":"Feature","properties":{"c":"YB63732","o":"YUKON ZINC CORPORATION - 100%","e":"2029-03-17"},"geometry":{"type":"Polygon","coordinates":[[[-130.70669,61.23503],[-130.7143,61.23294],[-130.71851,61.23651],[-130.71082,61.23857],[-130.70669,61.23503]]]}},{"type":"Feature","properties":{"c":"YB55936","o":"BMC Minerals Ltd. - 100%","e":"2044-04-02"},"geometry":{"type":"Polygon","coordinates":[[[-130.50178,61.48968],[-130.5105,61.48969],[-130.51056,61.49392],[-130.50184,61.49391],[-130.50178,61.48968]]]}},{"type":"Feature","properties":{"c":"YC27445","o":"YUKON ZINC CORPORATION - 100%","e":"2028-11-22"},"geometry":{"type":"Polygon","coordinates":[[[-130.66504,61.4133],[-130.66504,61.4174],[-130.65779,61.41743],[-130.65772,61.41333],[-130.66504,61.4133]]]}},{"type":"Feature","properties":{"c":"YB48981","o":"BMC Minerals Ltd. - 100%","e":"2044-04-02"},"geometry":{"type":"Polygon","coordinates":[[[-130.70875,61.47997],[-130.71718,61.47994],[-130.7173,61.48401],[-130.70887,61.48405],[-130.70875,61.47997]]]}},{"type":"Feature","properties":{"c":"YB76784","o":"YUKON ZINC CORPORATION - 100%","e":"2029-03-17"},"geometry":{"type":"Polygon","coordinates":[[[-130.59743,61.37488],[-130.59734,61.37087],[-130.60578,61.37084],[-130.60587,61.37485],[-130.59743,61.37488]]]}},{"type":"Feature","properties":{"c":"YB56721","o":"BMC Minerals Ltd. - 100%","e":"2044-04-02"},"geometry":{"type":"Polygon","coordinates":[[[-130.68199,61.4081],[-130.682,61.41216],[-130.67351,61.4122],[-130.6735,61.40813],[-130.67962,61.40811],[-130.68199,61.4081]]]}},{"type":"Feature","properties":{"c":"YB51225","o":"BMC Minerals Ltd. - 100%","e":"2044-04-02"},"geometry":{"type":"Polygon","coordinates":[[[-130.59807,61.43386],[-130.60647,61.43384],[-130.60658,61.43777],[-130.59816,61.4378],[-130.59807,61.43386]]]}},{"type":"Feature","properties":{"c":"YB76713","o":"YUKON ZINC CORPORATION - 100%","e":"2029-03-17"},"geometry":{"type":"Polygon","coordinates":[[[-130.52531,61.36929],[-130.53308,61.36803],[-130.53573,61.37179],[-130.52784,61.37307],[-130.52531,61.36929]]]}},{"type":"Feature","properties":{"c":"YB93492","o":"BMC Minerals Ltd. - 100%","e":"2034-03-12"},"geometry":{"type":"Polygon","coordinates":[[[-130.62657,61.28453],[-130.62915,61.28834],[-130.62108,61.28959],[-130.61972,61.28758],[-130.62271,61.28711],[-130.62161,61.28531],[-130.62657,61.28453]]]}},{"type":"Feature","properties":{"c":"YB47705","o":"BMC Minerals Ltd. - 100%","e":"2044-04-02"},"geometry":{"type":"Polygon","coordinates":[[[-130.55993,61.48484],[-130.55997,61.48885],[-130.55158,61.48886],[-130.55155,61.48485],[-130.55993,61.48484]]]}},{"type":"Feature","properties":{"c":"YB76710","o":"YUKON ZINC CORPORATION - 100%","e":"2029-03-17"},"geometry":{"type":"Polygon","coordinates":[[[-130.52543,61.39477],[-130.52809,61.39844],[-130.51895,61.398],[-130.51756,61.39607],[-130.52543,61.39477]]]}},{"type":"Feature","properties":{"c":"YB63999","o":"YUKON ZINC CORPORATION - 100%","e":"2029-03-17"},"geometry":{"type":"Polygon","coordinates":[[[-130.56255,61.33016],[-130.56,61.3263],[-130.56802,61.32504],[-130.57058,61.32891],[-130.56255,61.33016]]]}},{"type":"Feature","properties":{"c":"YB49592","o":"BMC Minerals Ltd. - 100%","e":"2044-04-02"},"geometry":{"type":"Polygon","coordinates":[[[-130.72513,61.45229],[-130.73349,61.45227],[-130.73358,61.45644],[-130.72513,61.45649],[-130.72513,61.45229]]]}},{"type":"Feature","properties":{"c":"YB60731","o":"YUKON ZINC CORPORATION - 100%","e":"2032-03-17"},"geometry":{"type":"Polygon","coordinates":[[[-130.50915,61.37193],[-130.51728,61.37059],[-130.51991,61.37436],[-130.51177,61.37572],[-130.50915,61.37193]]]}},{"type":"Feature","properties":{"c":"YC27416","o":"YUKON ZINC CORPORATION - 100%","e":"2028-11-22"},"geometry":{"type":"Polygon","coordinates":[[[-130.63225,61.42572],[-130.63229,61.42816],[-130.63195,61.42816],[-130.63198,61.42982],[-130.62376,61.42985],[-130.62369,61.42575],[-130.63225,61.42572]]]}},{"type":"Feature","properties":{"c":"YB49576","o":"BMC Minerals Ltd. - 100%","e":"2044-04-02"},"geometry":{"type":"Polygon","coordinates":[[[-130.69121,61.45233],[-130.69972,61.45232],[-130.69976,61.45664],[-130.69131,61.45668],[-130.69121,61.45233]]]}},{"type":"Feature","properties":{"c":"YB93191","o":"BMC Minerals Ltd. - 100%","e":"2034-08-30"},"geometry":{"type":"Polygon","coordinates":[[[-130.74768,61.2996],[-130.75158,61.30325],[-130.74398,61.30512],[-130.74009,61.30147],[-130.74768,61.2996]]]}},{"type":"Feature","properties":{"c":"YE36949","o":"Blake Macdonald - 100%","e":"2031-06-23"},"geometry":{"type":"Polygon","coordinates":[[[-130.69785,61.28883],[-130.70174,61.29248],[-130.69415,61.29435],[-130.69026,61.2907],[-130.69785,61.28883]]]}},{"type":"Feature","properties":{"c":"YB70556","o":"YUKON ZINC CORPORATION - 100%","e":"2034-03-17"},"geometry":{"type":"Polygon","coordinates":[[[-130.4988,61.30216],[-130.50693,61.30095],[-130.50964,61.30485],[-130.50154,61.30612],[-130.4988,61.30216]]]}},{"type":"Feature","properties":{"c":"YB55331","o":"BMC Minerals Ltd. - 100%","e":"2044-04-02"},"geometry":{"type":"Polygon","coordinates":[[[-130.50921,61.44883],[-130.50916,61.44473],[-130.51773,61.44471],[-130.51773,61.44881],[-130.50921,61.44883]]]}},{"type":"Feature","properties":{"c":"YB47559","o":"BMC Minerals Ltd. - 100%","e":"2044-04-02"},"geometry":{"type":"Polygon","coordinates":[[[-130.54314,61.48086],[-130.54317,61.48487],[-130.53479,61.48488],[-130.53476,61.48087],[-130.54314,61.48086]]]}},{"type":"Feature","properties":{"c":"YC27981","o":"YUKON ZINC CORPORATION - 100%","e":"2030-03-17"},"geometry":{"type":"Polygon","coordinates":[[[-130.59395,61.20446],[-130.58871,61.20117],[-130.59609,61.19914],[-130.6003,61.20271],[-130.59395,61.20446]]]}},{"type":"Feature","properties":{"c":"YC90700","o":"YUKON ZINC CORPORATION - 100%","e":"2028-06-27"},"geometry":{"type":"Polygon","coordinates":[[[-130.57029,61.3578],[-130.573,61.36153],[-130.56502,61.36283],[-130.56239,61.35908],[-130.57029,61.3578]]]}},{"type":"Feature","properties":{"c":"YB61473","o":"YUKON ZINC CORPORATION - 100%","e":"2030-03-17"},"geometry":{"type":"Polygon","coordinates":[[[-130.90733,61.3556],[-130.90733,61.35328],[-130.91572,61.35324],[-130.91571,61.35554],[-130.90733,61.3556]]]}},{"type":"Feature","properties":{"c":"YB51901","o":"BMC Minerals Ltd. - 100%","e":"2034-11-30"},"geometry":{"type":"Polygon","coordinates":[[[-130.85739,61.36563],[-130.86573,61.36558],[-130.8657,61.36961],[-130.85736,61.36966],[-130.85739,61.36563]]]}},{"type":"Feature","properties":{"c":"YB48942","o":"BMC Minerals Ltd. - 100%","e":"2044-04-02"},"geometry":{"type":"Polygon","coordinates":[[[-130.6662,61.46044],[-130.67449,61.46045],[-130.67457,61.46419],[-130.66632,61.46423],[-130.6662,61.46044]]]}},{"type":"Feature","properties":{"c":"YB47533","o":"BMC Minerals Ltd. - 100%","e":"2044-04-02"},"geometry":{"type":"Polygon","coordinates":[[[-130.6162,61.48445],[-130.6244,61.48445],[-130.62451,61.48817],[-130.61629,61.48818],[-130.6162,61.48445]]]}},{"type":"Feature","properties":{"c":"YB51236","o":"BMC Minerals Ltd. - 100%","e":"2044-04-02"},"geometry":{"type":"Polygon","coordinates":[[[-130.57039,61.4367],[-130.567,61.43671],[-130.5669,61.43405],[-130.57039,61.4367]]]}},{"type":"Feature","properties":{"c":"YB88886","o":"FInlayson Copper Ltd. - 100%","e":"2038-12-03"},"geometry":{"type":"Polygon","coordinates":[[[-130.56041,61.22671],[-130.56054,61.23049],[-130.55203,61.23056],[-130.5519,61.22678],[-130.56041,61.22671]]]}},{"type":"Feature","properties":{"c":"YB76865","o":"BMC Minerals Ltd. - 100%","e":"2045-03-17"},"geometry":{"type":"Polygon","coordinates":[[[-130.62153,61.2597],[-130.62413,61.26352],[-130.61624,61.26473],[-130.61362,61.2609],[-130.62153,61.2597]]]}},{"type":"Feature","properties":{"c":"YC27973","o":"YUKON ZINC CORPORATION - 100%","e":"2030-03-17"},"geometry":{"type":"Polygon","coordinates":[[[-130.62245,61.19661],[-130.61824,61.19304],[-130.62562,61.19101],[-130.62983,61.19458],[-130.62245,61.19661]]]}},{"type":"Feature","properties":{"c":"YB48963","o":"BMC Minerals Ltd. - 100%","e":"2044-04-02"},"geometry":{"type":"Polygon","coordinates":[[[-130.69188,61.48004],[-130.70032,61.48001],[-130.70043,61.48408],[-130.692,61.48411],[-130.69188,61.48004]]]}},{"type":"Feature","properties":{"c":"YB56719","o":"BMC Minerals Ltd. - 100%","e":"2044-04-02"},"geometry":{"type":"Polygon","coordinates":[[[-130.68201,61.41623],[-130.67352,61.41628],[-130.67351,61.4122],[-130.682,61.41216],[-130.68201,61.41623]]]}},{"type":"Feature","properties":{"c":"YB70518","o":"YUKON ZINC CORPORATION - 100%","e":"2034-03-17"},"geometry":{"type":"Polygon","coordinates":[[[-130.49299,61.30744],[-130.49026,61.30349],[-130.4988,61.30216],[-130.50154,61.30612],[-130.49299,61.30744]]]}},{"type":"Feature","properties":{"c":"YC27464","o":"YUKON ZINC CORPORATION - 100%","e":"2028-11-22"},"geometry":{"type":"Polygon","coordinates":[[[-130.56869,61.41214],[-130.56501,61.41209],[-130.56494,61.41147],[-130.56316,61.40901],[-130.56339,61.40822],[-130.56378,61.40797],[-130.56862,61.40804],[-130.56869,61.41214]]]}},{"type":"Feature","properties":{"c":"YB47681","o":"BMC Minerals Ltd. - 100%","e":"2044-04-02"},"geometry":{"type":"Polygon","coordinates":[[[-130.57558,61.48443],[-130.57562,61.4885],[-130.5675,61.48849],[-130.56746,61.48443],[-130.57558,61.48443]]]}},{"type":"Feature","properties":{"c":"YB60622","o":"YUKON ZINC CORPORATION - 100%","e":"2032-03-17"},"geometry":{"type":"Polygon","coordinates":[[[-130.49823,61.32774],[-130.50648,61.32642],[-130.50923,61.33023],[-130.50103,61.33154],[-130.49823,61.32774]]]}},{"type":"Feature","properties":{"c":"YF24877","o":"YUKON ZINC CORPORATION - 100%","e":"2028-06-27"},"geometry":{"type":"Polygon","coordinates":[[[-130.57027,61.34514],[-130.57295,61.34892],[-130.56496,61.35023],[-130.5623,61.34644],[-130.57027,61.34514]]]}},{"type":"Feature","properties":{"c":"YC27444","o":"YUKON ZINC CORPORATION - 100%","e":"2028-11-22"},"geometry":{"type":"Polygon","coordinates":[[[-130.66504,61.4174],[-130.66503,61.42151],[-130.65787,61.42153],[-130.65779,61.41743],[-130.66504,61.4174]]]}},{"type":"Feature","properties":{"c":"YB60591","o":"YUKON ZINC CORPORATION - 100%","e":"2029-03-17"},"geometry":{"type":"Polygon","coordinates":[[[-130.53607,61.31728],[-130.54414,61.31601],[-130.54696,61.31994],[-130.53874,61.32122],[-130.53607,61.31728]]]}},{"type":"Feature","properties":{"c":"YB88898","o":"FInlayson Copper Ltd. - 100%","e":"2038-12-03"},"geometry":{"type":"Polygon","coordinates":[[[-130.56122,61.24937],[-130.56125,61.25043],[-130.5528,61.25175],[-130.5527,61.24944],[-130.56122,61.24937]]]}},{"type":"Feature","properties":{"c":"YB51262","o":"BMC Minerals Ltd. - 100%","e":"2046-04-02"},"geometry":{"type":"Polygon","coordinates":[[[-130.53442,61.43677],[-130.53041,61.43678],[-130.53441,61.43591],[-130.53442,61.43677]]]}},{"type":"Feature","properties":{"c":"YB48481","o":"BMC Minerals Ltd. - 100%","e":"2044-04-02"},"geometry":{"type":"Polygon","coordinates":[[[-130.49325,61.47582],[-130.50161,61.47583],[-130.50165,61.47912],[-130.4933,61.47917],[-130.49325,61.47582]]]}},{"type":"Feature","properties":{"c":"YB93705","o":"FInlayson Copper Ltd. - 100%","e":"2039-01-08"},"geometry":{"type":"Polygon","coordinates":[[[-130.50176,61.25363],[-130.50188,61.2574],[-130.49337,61.25747],[-130.49324,61.25369],[-130.50176,61.25363]]]}},{"type":"Feature","properties":{"c":"YB45988","o":"YUKON ZINC CORPORATION - 100%","e":"2028-12-31"},"geometry":{"type":"Polygon","coordinates":[[[-130.60717,61.34311],[-130.61245,61.33997],[-130.61897,61.34247],[-130.61374,61.34562],[-130.60717,61.34311]]]}},{"type":"Feature","properties":{"c":"YB76822","o":"BMC Minerals Ltd. - 100%","e":"2045-03-17"},"geometry":{"type":"Polygon","coordinates":[[[-130.56717,61.25797],[-130.56983,61.26179],[-130.56178,61.26306],[-130.55915,61.25924],[-130.56717,61.25797]]]}},{"type":"Feature","properties":{"c":"YC27936","o":"YUKON ZINC CORPORATION - 100%","e":"2030-03-17"},"geometry":{"type":"Polygon","coordinates":[[[-130.59189,61.19558],[-130.58768,61.19201],[-130.59506,61.18998],[-130.59927,61.19354],[-130.59189,61.19558]]]}},{"type":"Feature","properties":{"c":"YB55938","o":"BMC Minerals Ltd. - 100%","e":"2044-04-02"},"geometry":{"type":"Polygon","coordinates":[[[-130.51066,61.50094],[-130.50193,61.50093],[-130.50188,61.49733],[-130.51047,61.49734],[-130.51066,61.50094]]]}},{"type":"Feature","properties":{"c":"YD57298","o":"YUKON ZINC CORPORATION - 100%","e":"2030-03-17"},"geometry":{"type":"Polygon","coordinates":[[[-130.65933,61.21953],[-130.66355,61.2231],[-130.65617,61.22513],[-130.65195,61.22156],[-130.65933,61.21953]]]}},{"type":"Feature","properties":{"c":"YB33800","o":"FInlayson Copper Ltd. - 100%","e":"2038-12-31"},"geometry":{"type":"Polygon","coordinates":[[[-130.5067,61.22715],[-130.50944,61.2292],[-130.5095,61.2309],[-130.50099,61.23097],[-130.50086,61.22719],[-130.5067,61.22715]]]}},{"type":"Feature","properties":{"c":"YB47640","o":"BMC Minerals Ltd. - 100%","e":"2044-04-02"},"geometry":{"type":"Polygon","coordinates":[[[-130.65741,61.44848],[-130.66581,61.44845],[-130.66594,61.45241],[-130.65752,61.45244],[-130.65741,61.44848]]]}},{"type":"Feature","properties":{"c":"YB51248","o":"BMC Minerals Ltd. - 100%","e":"2044-04-02"},"geometry":{"type":"Polygon","coordinates":[[[-130.5644,61.44874],[-130.56443,61.45275],[-130.55966,61.45276],[-130.55963,61.44875],[-130.5644,61.44874]]]}},{"type":"Feature","properties":{"c":"YF24894","o":"YUKON ZINC CORPORATION - 100%","e":"2028-06-27"},"geometry":{"type":"Polygon","coordinates":[[[-130.53606,61.33429],[-130.53845,61.33771],[-130.53052,61.33902],[-130.52811,61.33558],[-130.53606,61.33429]]]}},{"type":"Feature","properties":{"c":"YC27452","o":"YUKON ZINC CORPORATION - 100%","e":"2028-11-22"},"geometry":{"type":"Polygon","coordinates":[[[-130.64016,61.41102],[-130.64017,61.41224],[-130.64058,61.41224],[-130.6406,61.41338],[-130.63204,61.41341],[-130.632,61.41102],[-130.64016,61.41102]]]}},{"type":"Feature","properties":{"c":"YB60531","o":"YUKON ZINC CORPORATION - 100%","e":"2030-03-17"},"geometry":{"type":"Polygon","coordinates":[[[-130.89072,61.35336],[-130.89902,61.35332],[-130.89904,61.35734],[-130.89073,61.35739],[-130.89072,61.35336]]]}},{"type":"Feature","properties":{"c":"YB63722","o":"YUKON ZINC CORPORATION - 100%","e":"2029-03-17"},"geometry":{"type":"Polygon","coordinates":[[[-130.74814,61.22831],[-130.74388,61.22472],[-130.75129,61.22266],[-130.75556,61.22625],[-130.74814,61.22831]]]}},{"type":"Feature","properties":{"c":"YE36933","o":"Blake Macdonald - 100%","e":"2031-06-23"},"geometry":{"type":"Polygon","coordinates":[[[-130.70914,61.28143],[-130.71303,61.28509],[-130.70544,61.28696],[-130.70155,61.2833],[-130.70914,61.28143]]]}},{"type":"Feature","properties":{"c":"YB47558","o":"BMC Minerals Ltd. - 100%","e":"2044-04-02"},"geometry":{"type":"Polygon","coordinates":[[[-130.55152,61.48084],[-130.55155,61.48485],[-130.54317,61.48487],[-130.54314,61.48086],[-130.55152,61.48084]]]}},{"type":"Feature","properties":{"c":"YB46354","o":"BMC Minerals Ltd. - 100%","e":"2046-04-02"},"geometry":{"type":"Polygon","coordinates":[[[-130.61526,61.4704],[-130.62383,61.47017],[-130.62386,61.47405],[-130.61527,61.47409],[-130.61526,61.4704]]]}},{"type":"Feature","properties":{"c":"YB88906","o":"FInlayson Copper Ltd. - 100%","e":"2029-12-03"},"geometry":{"type":"Polygon","coordinates":[[[-130.5779,61.23412],[-130.57769,61.23412],[-130.57769,61.23395],[-130.5779,61.23412]]]}},{"type":"Feature","properties":{"c":"YB47632","o":"BMC Minerals Ltd. - 100%","e":"2044-04-02"},"geometry":{"type":"Polygon","coordinates":[[[-130.57754,61.44214],[-130.58459,61.44001],[-130.58884,61.44325],[-130.58178,61.44537],[-130.5809,61.4447],[-130.57754,61.44214]]]}},{"type":"Feature","properties":{"c":"YB51881","o":"BMC Minerals Ltd. - 100%","e":"2034-11-30"},"geometry":{"type":"Polygon","coordinates":[[[-130.87409,61.35747],[-130.88241,61.35743],[-130.88241,61.36146],[-130.87408,61.3615],[-130.87409,61.35747]]]}},{"type":"Feature","properties":{"c":"YB46227","o":"BMC Minerals Ltd. - 100%","e":"2046-04-02"},"geometry":{"type":"Polygon","coordinates":[[[-130.6237,61.44954],[-130.62373,61.44558],[-130.6322,61.44556],[-130.63224,61.44975],[-130.62802,61.4498],[-130.6237,61.44954]]]}},{"type":"Feature","properties":{"c":"YB76714","o":"YUKON ZINC CORPORATION - 100%","e":"2029-03-17"},"geometry":{"type":"Polygon","coordinates":[[[-130.52531,61.36929],[-130.52784,61.37307],[-130.51991,61.37436],[-130.51728,61.37059],[-130.52531,61.36929]]]}},{"type":"Feature","properties":{"c":"YB76748","o":"YUKON ZINC CORPORATION - 100%","e":"2029-03-17"},"geometry":{"type":"Polygon","coordinates":[[[-130.56553,61.40097],[-130.55619,61.40057],[-130.55481,61.39849],[-130.56275,61.39718],[-130.56553,61.40097]]]}},{"type":"Feature","properties":{"c":"YB56129","o":"YUKON ZINC CORPORATION - 100%","e":"2031-03-17"},"geometry":{"type":"Polygon","coordinates":[[[-130.57135,61.30348],[-130.5688,61.2997],[-130.57687,61.29844],[-130.57943,61.30223],[-130.57135,61.30348]]]}},{"type":"Feature","properties":{"c":"YB48958","o":"BMC Minerals Ltd. - 100%","e":"2044-04-02"},"geometry":{"type":"Polygon","coordinates":[[[-130.69176,61.47599],[-130.68332,61.47603],[-130.68322,61.47211],[-130.69167,61.47214],[-130.69176,61.47599]]]}},{"type":"Feature","properties":{"c":"YD57294","o":"YUKON ZINC CORPORATION - 100%","e":"2030-03-17"},"geometry":{"type":"Polygon","coordinates":[[[-130.66145,61.20477],[-130.66567,61.20833],[-130.65829,61.21037],[-130.65407,61.2068],[-130.66145,61.20477]]]}},{"type":"Feature","properties":{"c":"YB63908","o":"YUKON ZINC CORPORATION - 100%","e":"2029-03-17"},"geometry":{"type":"Polygon","coordinates":[[[-130.74496,61.23394],[-130.75238,61.23188],[-130.75663,61.23546],[-130.74921,61.23751],[-130.74496,61.23394]]]}},{"type":"Feature","properties":{"c":"YB51234","o":"BMC Minerals Ltd. - 100%","e":"2044-04-02"},"geometry":{"type":"Polygon","coordinates":[[[-130.59807,61.43386],[-130.59816,61.4378],[-130.59134,61.43782],[-130.58965,61.43654],[-130.58959,61.43389],[-130.59807,61.43386]]]}},{"type":"Feature","properties":{"c":"YB47629","o":"BMC Minerals Ltd. - 100%","e":"2044-04-02"},"geometry":{"type":"Polygon","coordinates":[[[-130.58692,61.43447],[-130.59149,61.43793],[-130.58459,61.44001],[-130.58006,61.43657],[-130.58692,61.43447]]]}},{"type":"Feature","properties":{"c":"YB60520","o":"YUKON ZINC CORPORATION - 100%","e":"2030-03-17"},"geometry":{"type":"Polygon","coordinates":[[[-130.92398,61.34917],[-130.9241,61.35319],[-130.91572,61.35324],[-130.91559,61.34922],[-130.92398,61.34917]]]}},{"type":"Feature","properties":{"c":"YB51268","o":"BMC Minerals Ltd. - 100%","e":"2046-04-02"},"geometry":{"type":"Polygon","coordinates":[[[-130.53448,61.44479],[-130.53451,61.4488],[-130.52614,61.44881],[-130.52611,61.4448],[-130.53448,61.44479]]]}},{"type":"Feature","properties":{"c":"YB33753","o":"FInlayson Copper Ltd. - 100%","e":"2038-12-31"},"geometry":{"type":"Polygon","coordinates":[[[-130.53449,61.21559],[-130.53463,61.21937],[-130.52612,61.21944],[-130.52599,61.21566],[-130.53449,61.21559]]]}},{"type":"Feature","properties":{"c":"YB76825","o":"BMC Minerals Ltd. - 100%","e":"2045-03-17"},"geometry":{"type":"Polygon","coordinates":[[[-130.55389,61.25158],[-130.55652,61.25541],[-130.54843,61.2567],[-130.54584,61.25285],[-130.5528,61.25175],[-130.55389,61.25158]]]}},{"type":"Feature","properties":{"c":"YB56063","o":"YUKON ZINC CORPORATION - 100%","e":"2030-03-17"},"geometry":{"type":"Polygon","coordinates":[[[-130.888,61.42424],[-130.89635,61.42421],[-130.89643,61.42823],[-130.88809,61.42826],[-130.888,61.42424]]]}},{"type":"Feature","properties":{"c":"YB63746","o":"YUKON ZINC CORPORATION - 100%","e":"2029-03-17"},"geometry":{"type":"Polygon","coordinates":[[[-130.77573,61.23494],[-130.78319,61.23288],[-130.78739,61.23641],[-130.77991,61.23847],[-130.77573,61.23494]]]}},{"type":"Feature","properties":{"c":"YB48430","o":"BMC Minerals Ltd. - 100%","e":"2044-04-02"},"geometry":{"type":"Polygon","coordinates":[[[-130.64978,61.49235],[-130.65824,61.49232],[-130.65831,61.49662],[-130.64988,61.49662],[-130.64978,61.49235]]]}},{"type":"Feature","properties":{"c":"YB60730","o":"YUKON ZINC CORPORATION - 100%","e":"2032-03-17"},"geometry":{"type":"Polygon","coordinates":[[[-130.50662,61.36828],[-130.50915,61.37193],[-130.5013,61.37322],[-130.4988,61.36955],[-130.50662,61.36828]]]}},{"type":"Feature","properties":{"c":"YB60519","o":"YUKON ZINC CORPORATION - 100%","e":"2030-03-17"},"geometry":{"type":"Polygon","coordinates":[[[-130.90707,61.34526],[-130.91546,61.34521],[-130.91559,61.34922],[-130.9072,61.34927],[-130.90707,61.34526]]]}},{"type":"Feature","properties":{"c":"YB56713","o":"BMC Minerals Ltd. - 100%","e":"2044-04-02"},"geometry":{"type":"Polygon","coordinates":[[[-130.68203,61.42441],[-130.68205,61.42807],[-130.67354,61.4281],[-130.67353,61.42445],[-130.68203,61.42441]]]}},{"type":"Feature","properties":{"c":"YB85278","o":"BMC Minerals Ltd. - 100%","e":"2044-04-02"},"geometry":{"type":"Polygon","coordinates":[[[-130.61524,61.46619],[-130.60637,61.46612],[-130.60637,61.46573],[-130.61523,61.46571],[-130.61524,61.46597],[-130.61524,61.46619]]]}},{"type":"Feature","properties":{"c":"YE36937","o":"Blake Macdonald - 100%","e":"2031-06-23"},"geometry":{"type":"Polygon","coordinates":[[[-130.70137,61.27413],[-130.70526,61.27778],[-130.69767,61.27965],[-130.69378,61.276],[-130.70137,61.27413]]]}},{"type":"Feature","properties":{"c":"YB46344","o":"BMC Minerals Ltd. - 100%","e":"2046-04-02"},"geometry":{"type":"Polygon","coordinates":[[[-130.57288,61.47011],[-130.57288,61.47409],[-130.56442,61.47409],[-130.56443,61.47003],[-130.57288,61.47011]]]}},{"type":"Feature","properties":{"c":"YB48477","o":"BMC Minerals Ltd. - 100%","e":"2044-04-02"},"geometry":{"type":"Polygon","coordinates":[[[-130.51792,61.47584],[-130.51795,61.47913],[-130.51028,61.47912],[-130.5102,61.47583],[-130.51792,61.47584]]]}},{"type":"Feature","properties":{"c":"YB89606","o":"YUKON ZINC CORPORATION - 100%","e":"2030-03-17"},"geometry":{"type":"Polygon","coordinates":[[[-130.91571,61.36138],[-130.90732,61.36145],[-130.90732,61.35778],[-130.91571,61.35773],[-130.91571,61.36138]]]}},{"type":"Feature","properties":{"c":"YB70480","o":"YUKON ZINC CORPORATION - 100%","e":"2029-03-17"},"geometry":{"type":"Polygon","coordinates":[[[-130.60367,61.29849],[-130.61175,61.29724],[-130.61433,61.30105],[-130.60625,61.30229],[-130.60367,61.29849]]]}},{"type":"Feature","properties":{"c":"YB76819","o":"BMC Minerals Ltd. - 100%","e":"2045-03-17"},"geometry":{"type":"Polygon","coordinates":[[[-130.56178,61.26306],[-130.56444,61.26689],[-130.55638,61.26815],[-130.55373,61.26434],[-130.56178,61.26306]]]}},{"type":"Feature","properties":{"c":"YB93684","o":"FInlayson Copper Ltd. - 100%","e":"2039-01-08"},"geometry":{"type":"Polygon","coordinates":[[[-130.52173,61.22325],[-130.52625,61.22321],[-130.52637,61.22672],[-130.52402,61.22496],[-130.52173,61.22325]]]}},{"type":"Feature","properties":{"c":"YB48961","o":"BMC Minerals Ltd. - 100%","e":"2044-04-02"},"geometry":{"type":"Polygon","coordinates":[[[-130.69176,61.47599],[-130.7002,61.47595],[-130.70032,61.48001],[-130.69188,61.48004],[-130.69176,61.47599]]]}},{"type":"Feature","properties":{"c":"YB76744","o":"YUKON ZINC CORPORATION - 100%","e":"2029-03-17"},"geometry":{"type":"Polygon","coordinates":[[[-130.54935,61.39084],[-130.55729,61.38953],[-130.56001,61.39334],[-130.55207,61.39466],[-130.54935,61.39084]]]}},{"type":"Feature","properties":{"c":"YB77165","o":"BMC Minerals Ltd. - 100%","e":"2045-03-17"},"geometry":{"type":"Polygon","coordinates":[[[-130.5858,61.2531],[-130.58779,61.2547],[-130.58325,61.25542],[-130.58224,61.25404],[-130.5858,61.2531]]]}},{"type":"Feature","properties":{"c":"YC27928","o":"YUKON ZINC CORPORATION - 100%","e":"2030-03-17"},"geometry":{"type":"Polygon","coordinates":[[[-130.62142,61.18745],[-130.61721,61.18388],[-130.62459,61.18185],[-130.6288,61.18541],[-130.62142,61.18745]]]}},{"type":"Feature","properties":{"c":"YB51257","o":"BMC Minerals Ltd. - 100%","e":"2046-04-02"},"geometry":{"type":"Polygon","coordinates":[[[-130.54282,61.44077],[-130.54285,61.44478],[-130.53448,61.44479],[-130.53445,61.44078],[-130.54282,61.44077]]]}},{"type":"Feature","properties":{"c":"YB60533","o":"YUKON ZINC CORPORATION - 100%","e":"2030-03-17"},"geometry":{"type":"Polygon","coordinates":[[[-130.89073,61.35739],[-130.89904,61.35734],[-130.89906,61.36136],[-130.89073,61.36141],[-130.89073,61.35739]]]}},{"type":"Feature","properties":{"c":"YB47477","o":"BMC Minerals Ltd. - 100%","e":"2044-04-02"},"geometry":{"type":"Polygon","coordinates":[[[-130.66502,61.42812],[-130.66519,61.43221],[-130.65689,61.43223],[-130.65675,61.42813],[-130.66502,61.42812]]]}},{"type":"Feature","properties":{"c":"YB48949","o":"BMC Minerals Ltd. - 100%","e":"2044-04-02"},"geometry":{"type":"Polygon","coordinates":[[[-130.68367,61.4882],[-130.68381,61.49226],[-130.67518,61.49229],[-130.67512,61.48805],[-130.68367,61.4882]]]}},{"type":"Feature","properties":{"c":"YB46245","o":"BMC Minerals Ltd. - 100%","e":"2046-04-02"},"geometry":{"type":"Polygon","coordinates":[[[-130.59822,61.46606],[-130.60637,61.46612],[-130.60644,61.47014],[-130.59823,61.4699],[-130.59822,61.46606]]]}},{"type":"Feature","properties":{"c":"YB47669","o":"BMC Minerals Ltd. - 100%","e":"2044-04-02"},"geometry":{"type":"Polygon","coordinates":[[[-130.5837,61.48444],[-130.58374,61.48221],[-130.59184,61.48221],[-130.59181,61.48444],[-130.5837,61.48444]]]}},{"type":"Feature","properties":{"c":"YB33778","o":"FInlayson Copper Ltd. - 100%","e":"2038-12-31"},"geometry":{"type":"Polygon","coordinates":[[[-130.52651,61.23077],[-130.52664,61.23454],[-130.51814,61.23461],[-130.51804,61.23171],[-130.52091,61.23081],[-130.52651,61.23077]]]}},{"type":"Feature","properties":{"c":"YB93230","o":"BMC Minerals Ltd. - 100%","e":"2034-08-30"},"geometry":{"type":"Polygon","coordinates":[[[-130.71712,61.29791],[-130.72101,61.30157],[-130.71341,61.30344],[-130.70952,61.29979],[-130.71712,61.29791]]]}},{"type":"Feature","properties":{"c":"YC27966","o":"YUKON ZINC CORPORATION - 100%","e":"2030-03-17"},"geometry":{"type":"Polygon","coordinates":[[[-130.59086,61.18641],[-130.58665,61.18284],[-130.59403,61.18081],[-130.59824,61.18438],[-130.59086,61.18641]]]}},{"type":"Feature","properties":{"c":"YB63726","o":"YUKON ZINC CORPORATION - 100%","e":"2029-03-17"},"geometry":{"type":"Polygon","coordinates":[[[-130.73329,61.23242],[-130.72904,61.22884],[-130.73646,61.22678],[-130.74071,61.23036],[-130.73329,61.23242]]]}},{"type":"Feature","properties":{"c":"YB93698","o":"FInlayson Copper Ltd. - 100%","e":"2039-01-08"},"geometry":{"type":"Polygon","coordinates":[[[-130.51303,61.26109],[-130.51056,61.26203],[-130.51053,61.26111],[-130.51303,61.26109]]]}},{"type":"Feature","properties":{"c":"YB76771","o":"YUKON ZINC CORPORATION - 100%","e":"2029-03-17"},"geometry":{"type":"Polygon","coordinates":[[[-130.58946,61.39502],[-130.5979,61.39498],[-130.59799,61.399],[-130.58955,61.39904],[-130.58946,61.39502]]]}},{"type":"Feature","properties":{"c":"YB76838","o":"BMC Minerals Ltd. - 100%","e":"2045-03-17"},"geometry":{"type":"Polygon","coordinates":[[[-130.5886,61.26308],[-130.59113,61.26683],[-130.58308,61.2681],[-130.58055,61.26435],[-130.5886,61.26308]]]}},{"type":"Feature","properties":{"c":"YD57287","o":"YUKON ZINC CORPORATION - 100%","e":"2030-03-17"},"geometry":{"type":"Polygon","coordinates":[[[-130.66672,61.2175],[-130.67094,61.22106],[-130.66355,61.2231],[-130.65933,61.21953],[-130.66672,61.2175]]]}},{"type":"Feature","properties":{"c":"YB55344","o":"BMC Minerals Ltd. - 100%","e":"2044-04-02"},"geometry":{"type":"Polygon","coordinates":[[[-130.51788,61.47245],[-130.50953,61.47245],[-130.50952,61.47192],[-130.51787,61.47189],[-130.51788,61.47245]]]}},{"type":"Feature","properties":{"c":"YB51239","o":"BMC Minerals Ltd. - 100%","e":"2044-04-02"},"geometry":{"type":"Polygon","coordinates":[[[-130.555,61.43272],[-130.55949,61.43272],[-130.55953,61.43672],[-130.55116,61.43674],[-130.55114,61.43389],[-130.555,61.43272]]]}},{"type":"Feature","properties":{"c":"YB93237","o":"BMC Minerals Ltd. - 100%","e":"2034-08-30"},"geometry":{"type":"Polygon","coordinates":[[[-130.71303,61.28509],[-130.71693,61.28874],[-130.70933,61.29061],[-130.70544,61.28696],[-130.71303,61.28509]]]}},{"type":"Feature","properties":{"c":"YC27958","o":"YUKON ZINC CORPORATION - 100%","e":"2030-03-17"},"geometry":{"type":"Polygon","coordinates":[[[-130.64669,61.20884],[-130.64247,61.20527],[-130.64985,61.20324],[-130.65407,61.2068],[-130.64669,61.20884]]]}},{"type":"Feature","properties":{"c":"YB93222","o":"BMC Minerals Ltd. - 100%","e":"2034-08-30"},"geometry":{"type":"Polygon","coordinates":[[[-130.72062,61.28321],[-130.72452,61.28687],[-130.71693,61.28874],[-130.71303,61.28509],[-130.72062,61.28321]]]}},{"type":"Feature","properties":{"c":"YB46339","o":"BMC Minerals Ltd. - 100%","e":"2046-04-02"},"geometry":{"type":"Polygon","coordinates":[[[-130.57287,61.46192],[-130.57286,61.45786],[-130.58132,61.45787],[-130.58132,61.46193],[-130.57287,61.46192]]]}},{"type":"Feature","properties":{"c":"YB47470","o":"BMC Minerals Ltd. - 100%","e":"2044-04-02"},"geometry":{"type":"Polygon","coordinates":[[[-130.66638,61.4682],[-130.67466,61.46817],[-130.67476,61.47214],[-130.66644,61.47217],[-130.66638,61.4682]]]}},{"type":"Feature","properties":{"c":"YB88882","o":"FInlayson Copper Ltd. - 100%","e":"2038-12-03"},"geometry":{"type":"Polygon","coordinates":[[[-130.57084,61.24892],[-130.56972,61.2491],[-130.56959,61.24552],[-130.57254,61.2455],[-130.57716,61.24924],[-130.5713,61.24929],[-130.57084,61.24892]]]}},{"type":"Feature","properties":{"c":"YB45986","o":"YUKON ZINC CORPORATION - 100%","e":"2028-12-31"},"geometry":{"type":"Polygon","coordinates":[[[-130.60593,61.33747],[-130.61245,61.33997],[-130.60717,61.34311],[-130.60066,61.34061],[-130.60593,61.33747]]]}},{"type":"Feature","properties":{"c":"YB60692","o":"YUKON ZINC CORPORATION - 100%","e":"2029-03-17"},"geometry":{"type":"Polygon","coordinates":[[[-130.53846,61.35033],[-130.54641,61.34903],[-130.54907,61.35282],[-130.54113,61.35411],[-130.53846,61.35033]]]}},{"type":"Feature","properties":{"c":"YB76837","o":"BMC Minerals Ltd. - 100%","e":"2045-03-17"},"geometry":{"type":"Polygon","coordinates":[[[-130.57249,61.26562],[-130.58055,61.26435],[-130.58308,61.2681],[-130.57503,61.26937],[-130.57249,61.26562]]]}},{"type":"Feature","properties":{"c":"YB33797","o":"FInlayson Copper Ltd. - 100%","e":"2038-12-31"},"geometry":{"type":"Polygon","coordinates":[[[-130.50061,61.21964],[-130.50074,61.22342],[-130.49223,61.22348],[-130.49211,61.21971],[-130.50061,61.21964]]]}},{"type":"Feature","properties":{"c":"YB76885","o":"YUKON ZINC CORPORATION - 100%","e":"2029-03-17"},"geometry":{"type":"Polygon","coordinates":[[[-130.58119,61.4031],[-130.58111,61.39908],[-130.58955,61.39904],[-130.58964,61.40306],[-130.58119,61.4031]]]}},{"type":"Feature","properties":{"c":"YB56144","o":"YUKON ZINC CORPORATION - 100%","e":"2036-03-17"},"geometry":{"type":"Polygon","coordinates":[[[-130.54718,61.3072],[-130.55527,61.30595],[-130.55781,61.30972],[-130.5497,61.31097],[-130.54718,61.3072]]]}},{"type":"Feature","properties":{"c":"YB93221","o":"BMC Minerals Ltd. - 100%","e":"2034-08-30"},"geometry":{"type":"Polygon","coordinates":[[[-130.7321,61.28499],[-130.736,61.28864],[-130.72841,61.29052],[-130.72452,61.28687],[-130.7321,61.28499]]]}},{"type":"Feature","properties":{"c":"YF24876","o":"YUKON ZINC CORPORATION - 100%","e":"2028-06-27"},"geometry":{"type":"Polygon","coordinates":[[[-130.56362,61.342],[-130.56967,61.34431],[-130.57027,61.34514],[-130.5623,61.34644],[-130.55963,61.34265],[-130.56362,61.342]]]}},{"type":"Feature","properties":{"c":"YB56737","o":"BMC Minerals Ltd. - 100%","e":"2044-04-02"},"geometry":{"type":"Polygon","coordinates":[[[-130.69048,61.41212],[-130.69047,61.40807],[-130.69895,61.40804],[-130.69897,61.41208],[-130.69048,61.41212]]]}},{"type":"Feature","properties":{"c":"YB47514","o":"BMC Minerals Ltd. - 100%","e":"2044-04-02"},"geometry":{"type":"Polygon","coordinates":[[[-130.64089,61.46432],[-130.63236,61.46435],[-130.63233,61.46041],[-130.64082,61.46042],[-130.64089,61.46432]]]}},{"type":"Feature","properties":{"c":"YD57282","o":"YUKON ZINC CORPORATION - 100%","e":"2030-03-17"},"geometry":{"type":"Polygon","coordinates":[[[-130.68043,61.20426],[-130.68465,61.20782],[-130.67727,61.20986],[-130.67305,61.2063],[-130.68043,61.20426]]]}},{"type":"Feature","properties":{"c":"YE36925","o":"Blake Macdonald - 100%","e":"2031-06-23"},"geometry":{"type":"Polygon","coordinates":[[[-130.73172,61.26664],[-130.73561,61.27029],[-130.72802,61.27216],[-130.72414,61.26851],[-130.73172,61.26664]]]}},{"type":"Feature","properties":{"c":"YB51266","o":"BMC Minerals Ltd. - 100%","e":"2046-04-02"},"geometry":{"type":"Polygon","coordinates":[[[-130.53445,61.44078],[-130.53448,61.44479],[-130.52611,61.4448],[-130.52608,61.44079],[-130.53445,61.44078]]]}},{"type":"Feature","properties":{"c":"YC27429","o":"YUKON ZINC CORPORATION - 100%","e":"2028-11-22"},"geometry":{"type":"Polygon","coordinates":[[[-130.5978,61.41351],[-130.59787,61.41762],[-130.58931,61.41764],[-130.58924,61.41354],[-130.5978,61.41351]]]}},{"type":"Feature","properties":{"c":"YB76897","o":"YUKON ZINC CORPORATION - 100%","e":"2029-03-17"},"geometry":{"type":"Polygon","coordinates":[[[-130.58069,61.37896],[-130.58061,61.37494],[-130.58899,61.37491],[-130.58909,61.37893],[-130.58069,61.37896]]]}},{"type":"Feature","properties":{"c":"YB45977","o":"YUKON ZINC CORPORATION - 100%","e":"2028-12-31"},"geometry":{"type":"Polygon","coordinates":[[[-130.61109,61.33433],[-130.61761,61.33682],[-130.61245,61.33997],[-130.60593,61.33747],[-130.61109,61.33433]]]}},{"type":"Feature","properties":{"c":"YB47599","o":"BMC Minerals Ltd. - 100%","e":"2044-04-02"},"geometry":{"type":"Polygon","coordinates":[[[-130.51821,61.49392],[-130.5183,61.49734],[-130.51047,61.49734],[-130.51056,61.49392],[-130.51821,61.49392]]]}},{"type":"Feature","properties":{"c":"YB60530","o":"YUKON ZINC CORPORATION - 100%","e":"2030-03-17"},"geometry":{"type":"Polygon","coordinates":[[[-130.89902,61.35332],[-130.90733,61.35328],[-130.90732,61.3573],[-130.89904,61.35734],[-130.89902,61.35332]]]}},{"type":"Feature","properties":{"c":"YB47547","o":"BMC Minerals Ltd. - 100%","e":"2044-04-02"},"geometry":{"type":"Polygon","coordinates":[[[-130.54295,61.4568],[-130.54298,61.46081],[-130.5346,61.46083],[-130.53457,61.45682],[-130.54295,61.4568]]]}},{"type":"Feature","properties":{"c":"YB58635","o":"YUKON ZINC CORPORATION - 100%","e":"2028-12-31"},"geometry":{"type":"Polygon","coordinates":[[[-130.63977,61.32989],[-130.64628,61.33236],[-130.64109,61.33551],[-130.63457,61.33303],[-130.63977,61.32989]]]}},{"type":"Feature","properties":{"c":"YB63944","o":"YUKON ZINC CORPORATION - 100%","e":"2029-03-17"},"geometry":{"type":"Polygon","coordinates":[[[-130.51388,61.27099],[-130.5204,61.2685],[-130.52574,61.27164],[-130.51932,61.27415],[-130.51388,61.27099]]]}},{"type":"Feature","properties":{"c":"YB51228","o":"BMC Minerals Ltd. - 100%","e":"2044-04-02"},"geometry":{"type":"Polygon","coordinates":[[[-130.60669,61.44171],[-130.60658,61.43777],[-130.61504,61.43775],[-130.61515,61.44168],[-130.60669,61.44171]]]}},{"type":"Feature","properties":{"c":"YB60584","o":"YUKON ZINC CORPORATION - 100%","e":"2029-03-17"},"geometry":{"type":"Polygon","coordinates":[[[-130.53654,61.3047],[-130.54467,61.30343],[-130.54718,61.3072],[-130.53907,61.30847],[-130.53654,61.3047]]]}},{"type":"Feature","properties":{"c":"YD57280","o":"YUKON ZINC CORPORATION - 100%","e":"2030-03-17"},"geometry":{"type":"Polygon","coordinates":[[[-130.68465,61.20782],[-130.68887,61.21139],[-130.68149,61.21342],[-130.67727,61.20986],[-130.68465,61.20782]]]}},{"type":"Feature","properties":{"c":"YC27977","o":"YUKON ZINC CORPORATION - 100%","e":"2030-03-17"},"geometry":{"type":"Polygon","coordinates":[[[-130.60769,61.20068],[-130.60348,61.19711],[-130.61086,61.19508],[-130.61507,61.19864],[-130.60769,61.20068]]]}},{"type":"Feature","properties":{"c":"YB47461","o":"BMC Minerals Ltd. - 100%","e":"2044-04-02"},"geometry":{"type":"Polygon","coordinates":[[[-130.6738,61.4363],[-130.67367,61.43218],[-130.68217,61.43215],[-130.68229,61.43629],[-130.6738,61.4363]]]}},{"type":"Feature","properties":{"c":"YE36923","o":"Blake Macdonald - 100%","e":"2031-06-23"},"geometry":{"type":"Polygon","coordinates":[[[-130.73561,61.27029],[-130.73949,61.27394],[-130.73191,61.27582],[-130.72802,61.27216],[-130.73561,61.27029]]]}},{"type":"Feature","properties":{"c":"YB47680","o":"BMC Minerals Ltd. - 100%","e":"2044-04-02"},"geometry":{"type":"Polygon","coordinates":[[[-130.57558,61.48443],[-130.5837,61.48444],[-130.58362,61.4885],[-130.57562,61.4885],[-130.57558,61.48443]]]}},{"type":"Feature","properties":{"c":"YB76734","o":"YUKON ZINC CORPORATION - 100%","e":"2029-03-17"},"geometry":{"type":"Polygon","coordinates":[[[-130.53843,61.37555],[-130.53573,61.37179],[-130.54365,61.37049],[-130.54625,61.37428],[-130.53843,61.37555]]]}},{"type":"Feature","properties":{"c":"YB60608","o":"YUKON ZINC CORPORATION - 100%","e":"2038-03-17"},"geometry":{"type":"Polygon","coordinates":[[[-130.50935,61.3173],[-130.51734,61.31605],[-130.51993,61.31982],[-130.51186,61.32109],[-130.50935,61.3173]]]}},{"type":"Feature","properties":{"c":"YA56605","o":"FInlayson Copper Ltd. - 100%","e":"2037-09-09"},"geometry":{"type":"Polygon","coordinates":[[[-130.50511,61.22596],[-130.51226,61.22374],[-130.51687,61.22718],[-130.50972,61.22941],[-130.50944,61.2292],[-130.50511,61.22596]]]}},{"type":"Feature","properties":{"c":"YE36916","o":"Blake Macdonald - 100%","e":"2031-06-23"},"geometry":{"type":"Polygon","coordinates":[[[-130.74319,61.26842],[-130.74707,61.27207],[-130.73949,61.27394],[-130.73561,61.27029],[-130.74319,61.26842]]]}},{"type":"Feature","properties":{"c":"YB46360","o":"BMC Minerals Ltd. - 100%","e":"2046-04-02"},"geometry":{"type":"Polygon","coordinates":[[[-130.61529,61.47814],[-130.61531,61.48221],[-130.60671,61.48221],[-130.60661,61.47815],[-130.61529,61.47814]]]}},{"type":"Feature","properties":{"c":"YE36915","o":"Blake Macdonald - 100%","e":"2031-06-23"},"geometry":{"type":"Polygon","coordinates":[[[-130.75465,61.2702],[-130.75854,61.27385],[-130.75096,61.27572],[-130.74707,61.27207],[-130.75465,61.2702]]]}},{"type":"Feature","properties":{"c":"YB51261","o":"BMC Minerals Ltd. - 100%","e":"2044-04-02"},"geometry":{"type":"Polygon","coordinates":[[[-130.54288,61.44878],[-130.54292,61.45279],[-130.53454,61.45281],[-130.53451,61.4488],[-130.54288,61.44878]]]}},{"type":"Feature","properties":{"c":"YD57277","o":"YUKON ZINC CORPORATION - 100%","e":"2030-03-17"},"geometry":{"type":"Polygon","coordinates":[[[-130.68149,61.21342],[-130.68571,61.21699],[-130.67832,61.21902],[-130.6741,61.21546],[-130.68149,61.21342]]]}},{"type":"Feature","properties":{"c":"YB68827","o":"YUKON ZINC CORPORATION - 100%","e":"2029-03-17"},"geometry":{"type":"Polygon","coordinates":[[[-130.54395,61.32882],[-130.55197,61.32756],[-130.55451,61.33142],[-130.54647,61.33267],[-130.54395,61.32882]]]}},{"type":"Feature","properties":{"c":"YB47571","o":"BMC Minerals Ltd. - 100%","e":"2044-04-02"},"geometry":{"type":"Polygon","coordinates":[[[-130.5262,61.45683],[-130.52623,61.46084],[-130.51777,61.46086],[-130.51775,61.45685],[-130.5262,61.45683]]]}},{"type":"Feature","properties":{"c":"YB47646","o":"BMC Minerals Ltd. - 100%","e":"2044-04-02"},"geometry":{"type":"Polygon","coordinates":[[[-130.65785,61.46426],[-130.65774,61.46043],[-130.6662,61.46044],[-130.66632,61.46423],[-130.65785,61.46426]]]}},{"type":"Feature","properties":{"c":"YB63729","o":"YUKON ZINC CORPORATION - 100%","e":"2029-03-17"},"geometry":{"type":"Polygon","coordinates":[[[-130.71732,61.2273],[-130.72475,61.22524],[-130.72904,61.22884],[-130.72161,61.23091],[-130.71732,61.2273]]]}},{"type":"Feature","properties":{"c":"YB49580","o":"BMC Minerals Ltd. - 100%","e":"2044-04-02"},"geometry":{"type":"Polygon","coordinates":[[[-130.70807,61.44845],[-130.70795,61.44435],[-130.71642,61.44432],[-130.71654,61.44841],[-130.70807,61.44845]]]}},{"type":"Feature","properties":{"c":"YB45975","o":"YUKON ZINC CORPORATION - 100%","e":"2028-12-31"},"geometry":{"type":"Polygon","coordinates":[[[-130.60457,61.33183],[-130.61109,61.33433],[-130.60593,61.33747],[-130.59941,61.33497],[-130.60457,61.33183]]]}},{"type":"Feature","properties":{"c":"YB47710","o":"BMC Minerals Ltd. - 100%","e":"2044-04-02"},"geometry":{"type":"Polygon","coordinates":[[[-130.56758,61.49685],[-130.5676,61.50097],[-130.56007,61.50097],[-130.56004,61.49686],[-130.56758,61.49685]]]}},{"type":"Feature","properties":{"c":"YB85301","o":"BMC Minerals Ltd. - 100%","e":"2044-04-02"},"geometry":{"type":"Polygon","coordinates":[[[-130.60005,61.49249],[-130.60011,61.4966],[-130.59949,61.4966],[-130.59947,61.49248],[-130.60005,61.49249]]]}},{"type":"Feature","properties":{"c":"YD57283","o":"YUKON ZINC CORPORATION - 100%","e":"2030-03-17"},"geometry":{"type":"Polygon","coordinates":[[[-130.66883,61.20273],[-130.67305,61.2063],[-130.66567,61.20833],[-130.66145,61.20477],[-130.66883,61.20273]]]}},{"type":"Feature","properties":{"c":"YB47509","o":"BMC Minerals Ltd. - 100%","e":"2044-04-02"},"geometry":{"type":"Polygon","coordinates":[[[-130.64067,61.45249],[-130.64907,61.45246],[-130.64917,61.45649],[-130.64074,61.45648],[-130.64067,61.45249]]]}},{"type":"Feature","properties":{"c":"YB63748","o":"YUKON ZINC CORPORATION - 100%","e":"2029-03-17"},"geometry":{"type":"Polygon","coordinates":[[[-130.77249,61.24051],[-130.7683,61.23699],[-130.77573,61.23494],[-130.77991,61.23847],[-130.77249,61.24051]]]}},{"type":"Feature","properties":{"c":"YB85288","o":"BMC Minerals Ltd. - 100%","e":"2044-04-02"},"geometry":{"type":"Polygon","coordinates":[[[-130.62365,61.45749],[-130.6323,61.45727],[-130.63231,61.45802],[-130.62364,61.45802],[-130.62365,61.45749]]]}},{"type":"Feature","properties":{"c":"YB33773","o":"FInlayson Copper Ltd. - 100%","e":"2038-12-31"},"geometry":{"type":"Polygon","coordinates":[[[-130.51762,61.21951],[-130.5177,61.22204],[-130.51361,61.22331],[-130.50924,61.22335],[-130.50911,61.21957],[-130.51762,61.21951]]]}},{"type":"Feature","properties":{"c":"YC31894","o":"FInlayson Copper Ltd. - 100%","e":"2038-08-25"},"geometry":{"type":"Polygon","coordinates":[[[-130.55966,61.20912],[-130.55985,61.2126],[-130.55135,61.2127],[-130.55128,61.20923],[-130.55966,61.20912]]]}},{"type":"Feature","properties":{"c":"YC27408","o":"YUKON ZINC CORPORATION - 100%","e":"2028-11-22"},"geometry":{"type":"Polygon","coordinates":[[[-130.598,61.42582],[-130.59807,61.42993],[-130.5895,61.42996],[-130.58944,61.42585],[-130.598,61.42582]]]}},{"type":"Feature","properties":{"c":"YB88888","o":"FInlayson Copper Ltd. - 100%","e":"2038-12-03"},"geometry":{"type":"Polygon","coordinates":[[[-130.56054,61.23049],[-130.56068,61.23426],[-130.55217,61.23433],[-130.55203,61.23056],[-130.56054,61.23049]]]}},{"type":"Feature","properties":{"c":"YB60726","o":"YUKON ZINC CORPORATION - 100%","e":"2029-03-17"},"geometry":{"type":"Polygon","coordinates":[[[-130.50182,61.36134],[-130.50421,61.3648],[-130.49635,61.36602],[-130.494,61.36262],[-130.50182,61.36134]]]}},{"type":"Feature","properties":{"c":"YB49587","o":"BMC Minerals Ltd. - 100%","e":"2044-04-02"},"geometry":{"type":"Polygon","coordinates":[[[-130.71642,61.44432],[-130.72489,61.4443],[-130.72502,61.44838],[-130.71654,61.44841],[-130.71642,61.44432]]]}},{"type":"Feature","properties":{"c":"YB46356","o":"BMC Minerals Ltd. - 100%","e":"2046-04-02"},"geometry":{"type":"Polygon","coordinates":[[[-130.62386,61.47405],[-130.62389,61.47812],[-130.61529,61.47814],[-130.61527,61.47409],[-130.62386,61.47405]]]}},{"type":"Feature","properties":{"c":"YB93688","o":"FInlayson Copper Ltd. - 100%","e":"2039-01-08"},"geometry":{"type":"Polygon","coordinates":[[[-130.50976,61.23845],[-130.51827,61.23839],[-130.51839,61.24216],[-130.50988,61.24223],[-130.50976,61.23845]]]}},{"type":"Feature","properties":{"c":"YC27418","o":"YUKON ZINC CORPORATION - 100%","e":"2028-11-22"},"geometry":{"type":"Polygon","coordinates":[[[-130.64081,61.42569],[-130.64086,61.42815],[-130.63229,61.42816],[-130.63225,61.42572],[-130.64081,61.42569]]]}},{"type":"Feature","properties":{"c":"YB60672","o":"YUKON ZINC CORPORATION - 100%","e":"2029-03-17"},"geometry":{"type":"Polygon","coordinates":[[[-130.60335,61.31118],[-130.59525,61.31244],[-130.59263,61.30857],[-130.60074,61.30733],[-130.60335,61.31118]]]}},{"type":"Feature","properties":{"c":"YB48990","o":"BMC Minerals Ltd. - 100%","e":"2044-04-02"},"geometry":{"type":"Polygon","coordinates":[[[-130.71691,61.46811],[-130.71683,61.46421],[-130.72528,61.46417],[-130.72535,61.46807],[-130.71691,61.46811]]]}},{"type":"Feature","properties":{"c":"YB47704","o":"BMC Minerals Ltd. - 100%","e":"2044-04-02"},"geometry":{"type":"Polygon","coordinates":[[[-130.5675,61.48883],[-130.55997,61.48885],[-130.55993,61.48484],[-130.56746,61.48482],[-130.5675,61.48883]]]}},{"type":"Feature","properties":{"c":"YB48999","o":"BMC Minerals Ltd. - 100%","e":"2044-04-02"},"geometry":{"type":"Polygon","coordinates":[[[-130.72562,61.47991],[-130.73405,61.47987],[-130.73416,61.48394],[-130.72573,61.48398],[-130.72562,61.47991]]]}},{"type":"Feature","properties":{"c":"YC27960","o":"YUKON ZINC CORPORATION - 100%","e":"2030-03-17"},"geometry":{"type":"Polygon","coordinates":[[[-130.6393,61.21087],[-130.63509,61.20731],[-130.64247,61.20527],[-130.64669,61.20884],[-130.6393,61.21087]]]}},{"type":"Feature","properties":{"c":"YB60594","o":"YUKON ZINC CORPORATION - 100%","e":"2034-03-17"},"geometry":{"type":"Polygon","coordinates":[[[-130.52305,61.31098],[-130.52053,61.30719],[-130.52841,61.30597],[-130.53096,61.30974],[-130.52305,61.31098]]]}},{"type":"Feature","properties":{"c":"YB51227","o":"BMC Minerals Ltd. - 100%","e":"2044-04-02"},"geometry":{"type":"Polygon","coordinates":[[[-130.59816,61.4378],[-130.60658,61.43777],[-130.60669,61.44171],[-130.59825,61.44173],[-130.59816,61.4378]]]}},{"type":"Feature","properties":{"c":"YE36904","o":"Blake Macdonald - 100%","e":"2031-06-23"},"geometry":{"type":"Polygon","coordinates":[[[-130.76652,61.29033],[-130.77042,61.29398],[-130.76285,61.29585],[-130.75895,61.2922],[-130.76652,61.29033]]]}},{"type":"Feature","properties":{"c":"YB51255","o":"BMC Minerals Ltd. - 100%","e":"2046-04-02"},"geometry":{"type":"Polygon","coordinates":[[[-130.54279,61.43676],[-130.54282,61.44077],[-130.53445,61.44078],[-130.53442,61.43677],[-130.54279,61.43676]]]}},{"type":"Feature","properties":{"c":"YB56064","o":"YUKON ZINC CORPORATION - 100%","e":"2030-03-17"},"geometry":{"type":"Polygon","coordinates":[[[-130.888,61.42424],[-130.88792,61.42022],[-130.89628,61.4202],[-130.89635,61.42421],[-130.888,61.42424]]]}},{"type":"Feature","properties":{"c":"YB56092","o":"YUKON ZINC CORPORATION - 100%","e":"2030-03-17"},"geometry":{"type":"Polygon","coordinates":[[[-130.85419,61.40819],[-130.85413,61.40415],[-130.86257,61.40416],[-130.8626,61.4082],[-130.85419,61.40819]]]}},{"type":"Feature","properties":{"c":"YB47693","o":"BMC Minerals Ltd. - 100%","e":"2044-04-02"},"geometry":{"type":"Polygon","coordinates":[[[-130.55973,61.46078],[-130.55976,61.46479],[-130.55139,61.46481],[-130.55135,61.4608],[-130.55973,61.46078]]]}},{"type":"Feature","properties":{"c":"YB56066","o":"YUKON ZINC CORPORATION - 100%","e":"2030-03-17"},"geometry":{"type":"Polygon","coordinates":[[[-130.87956,61.42024],[-130.88792,61.42022],[-130.888,61.42424],[-130.87965,61.42426],[-130.87956,61.42024]]]}},{"type":"Feature","properties":{"c":"YB85300","o":"BMC Minerals Ltd. - 100%","e":"2044-04-02"},"geometry":{"type":"Polygon","coordinates":[[[-130.59944,61.4885],[-130.59999,61.4885],[-130.60005,61.49249],[-130.59947,61.49248],[-130.59944,61.4885]]]}},{"type":"Feature","properties":{"c":"YC91771","o":"FInlayson Copper Ltd. - 100%","e":"2038-12-14"},"geometry":{"type":"Polygon","coordinates":[[[-130.5511,61.20412],[-130.55109,61.2079],[-130.54273,61.20797],[-130.5426,61.20419],[-130.55089,61.20412],[-130.5511,61.20412]]]}},{"type":"Feature","properties":{"c":"YB56146","o":"YUKON ZINC CORPORATION - 100%","e":"2035-03-17"},"geometry":{"type":"Polygon","coordinates":[[[-130.5497,61.31097],[-130.55781,61.30972],[-130.56035,61.3135],[-130.55221,61.31474],[-130.5497,61.31097]]]}},{"type":"Feature","properties":{"c":"YB76693","o":"YUKON ZINC CORPORATION - 100%","e":"2036-03-17"},"geometry":{"type":"Polygon","coordinates":[[[-130.50735,61.38186],[-130.51015,61.38579],[-130.50216,61.38706],[-130.49939,61.38315],[-130.50735,61.38186]]]}},{"type":"Feature","properties":{"c":"YB76806","o":"BMC Minerals Ltd. - 100%","e":"2045-03-17"},"geometry":{"type":"Polygon","coordinates":[[[-130.54584,61.25285],[-130.54843,61.2567],[-130.54039,61.25798],[-130.53779,61.2541],[-130.54584,61.25285]]]}},{"type":"Feature","properties":{"c":"YB76795","o":"BMC Minerals Ltd. - 100%","e":"2045-03-17"},"geometry":{"type":"Polygon","coordinates":[[[-130.55086,61.27316],[-130.55356,61.27715],[-130.54574,61.27841],[-130.5428,61.27443],[-130.55086,61.27316]]]}},{"type":"Feature","properties":{"c":"YE36955","o":"Blake Macdonald - 100%","e":"2031-06-23"},"geometry":{"type":"Polygon","coordinates":[[[-130.68619,61.27787],[-130.69008,61.28152],[-130.68249,61.28339],[-130.6786,61.27974],[-130.68619,61.27787]]]}},{"type":"Feature","properties":{"c":"YB48994","o":"BMC Minerals Ltd. - 100%","e":"2044-04-02"},"geometry":{"type":"Polygon","coordinates":[[[-130.72543,61.47195],[-130.72551,61.47583],[-130.71707,61.47587],[-130.71699,61.472],[-130.72543,61.47195]]]}},{"type":"Feature","properties":{"c":"YB49565","o":"BMC Minerals Ltd. - 100%","e":"2044-04-02"},"geometry":{"type":"Polygon","coordinates":[[[-130.66581,61.44845],[-130.67418,61.44857],[-130.6743,61.45239],[-130.66594,61.45241],[-130.66581,61.44845]]]}},{"type":"Feature","properties":{"c":"YE36918","o":"Blake Macdonald - 100%","e":"2031-06-23"},"geometry":{"type":"Polygon","coordinates":[[[-130.7393,61.26477],[-130.74319,61.26842],[-130.73561,61.27029],[-130.73172,61.26664],[-130.7393,61.26477]]]}},{"type":"Feature","properties":{"c":"YB63757","o":"YUKON ZINC CORPORATION - 100%","e":"2029-03-17"},"geometry":{"type":"Polygon","coordinates":[[[-130.73435,61.2416],[-130.74178,61.23956],[-130.74603,61.24312],[-130.7386,61.24517],[-130.73435,61.2416]]]}},{"type":"Feature","properties":{"c":"YC27440","o":"YUKON ZINC CORPORATION - 100%","e":"2028-11-22"},"geometry":{"type":"Polygon","coordinates":[[[-130.64923,61.41746],[-130.6493,61.42156],[-130.64074,61.42159],[-130.64067,61.41748],[-130.64923,61.41746]]]}},{"type":"Feature","properties":{"c":"YC91775","o":"FInlayson Copper Ltd. - 100%","e":"2038-12-14"},"geometry":{"type":"Polygon","coordinates":[[[-130.5684,61.21249],[-130.56852,61.21583],[-130.56002,61.21594],[-130.5599,61.21259],[-130.5684,61.21249]]]}},{"type":"Feature","properties":{"c":"YE36908","o":"Blake Macdonald - 100%","e":"2031-06-23"},"geometry":{"type":"Polygon","coordinates":[[[-130.75874,61.28303],[-130.76263,61.28668],[-130.75506,61.28855],[-130.75117,61.2849],[-130.75874,61.28303]]]}},{"type":"Feature","properties":{"c":"YB60601","o":"YUKON ZINC CORPORATION - 100%","e":"2034-03-17"},"geometry":{"type":"Polygon","coordinates":[[[-130.51993,61.31982],[-130.52807,61.31854],[-130.5308,61.32245],[-130.52262,61.32372],[-130.51993,61.31982]]]}},{"type":"Feature","properties":{"c":"YB76787","o":"YUKON ZINC CORPORATION - 100%","e":"2029-03-17"},"geometry":{"type":"Polygon","coordinates":[[[-130.55568,61.29332],[-130.55312,61.28948],[-130.56107,61.28824],[-130.56365,61.29207],[-130.55568,61.29332]]]}},{"type":"Feature","properties":{"c":"YC31895","o":"FInlayson Copper Ltd. - 100%","e":"2038-08-25"},"geometry":{"type":"Polygon","coordinates":[[[-130.55944,61.20502],[-130.55966,61.20912],[-130.55117,61.20923],[-130.55113,61.20512],[-130.55944,61.20502]]]}},{"type":"Feature","properties":{"c":"YB94277","o":"FInlayson Copper Ltd. - 100%","e":"2038-11-12"},"geometry":{"type":"Polygon","coordinates":[[[-130.54286,61.21175],[-130.543,61.21552],[-130.53449,61.21559],[-130.53436,61.21182],[-130.54286,61.21175]]]}},{"type":"Feature","properties":{"c":"YC27423","o":"YUKON ZINC CORPORATION - 100%","e":"2028-11-22"},"geometry":{"type":"Polygon","coordinates":[[[-130.65787,61.42153],[-130.65794,61.42564],[-130.64938,61.42566],[-130.6493,61.42156],[-130.65787,61.42153]]]}},{"type":"Feature","properties":{"c":"YB76901","o":"YUKON ZINC CORPORATION - 100%","e":"2029-03-17"},"geometry":{"type":"Polygon","coordinates":[[[-130.58052,61.37091],[-130.58044,61.36694],[-130.58888,61.3669],[-130.5889,61.37089],[-130.58052,61.37091]]]}},{"type":"Feature","properties":{"c":"YB60680","o":"YUKON ZINC CORPORATION - 100%","e":"2029-03-17"},"geometry":{"type":"Polygon","coordinates":[[[-130.55169,61.34395],[-130.55963,61.34265],[-130.5623,61.34644],[-130.55436,61.34773],[-130.55169,61.34395]]]}},{"type":"Feature","properties":{"c":"YB46236","o":"BMC Minerals Ltd. - 100%","e":"2046-04-02"},"geometry":{"type":"Polygon","coordinates":[[[-130.60672,61.4538],[-130.60675,61.44971],[-130.61499,61.44986],[-130.61506,61.4538],[-130.60672,61.4538]]]}},{"type":"Feature","properties":{"c":"YB76772","o":"YUKON ZINC CORPORATION - 100%","e":"2029-03-17"},"geometry":{"type":"Polygon","coordinates":[[[-130.5979,61.39498],[-130.60633,61.39493],[-130.60643,61.39895],[-130.59799,61.399],[-130.5979,61.39498]]]}},{"type":"Feature","properties":{"c":"YB56062","o":"YUKON ZINC CORPORATION - 100%","e":"2030-03-17"},"geometry":{"type":"Polygon","coordinates":[[[-130.89628,61.4202],[-130.90464,61.42018],[-130.90471,61.42419],[-130.89635,61.42421],[-130.89628,61.4202]]]}},{"type":"Feature","properties":{"c":"YB76708","o":"YUKON ZINC CORPORATION - 100%","e":"2029-03-17"},"geometry":{"type":"Polygon","coordinates":[[[-130.52265,61.39093],[-130.52543,61.39477],[-130.51756,61.39607],[-130.51481,61.39222],[-130.52265,61.39093]]]}},{"type":"Feature","properties":{"c":"YB51531","o":"YUKON ZINC CORPORATION - 100%","e":"2028-12-31"},"geometry":{"type":"Polygon","coordinates":[[[-130.56419,61.33702],[-130.56939,61.3338],[-130.57589,61.33629],[-130.5707,61.33951],[-130.56419,61.33702]]]}},{"type":"Feature","properties":{"c":"YB56060","o":"YUKON ZINC CORPORATION - 100%","e":"2030-03-17"},"geometry":{"type":"Polygon","coordinates":[[[-130.90471,61.42419],[-130.90464,61.42018],[-130.913,61.42016],[-130.91306,61.42416],[-130.90471,61.42419]]]}},{"type":"Feature","properties":{"c":"YB46254","o":"BMC Minerals Ltd. - 100%","e":"2046-04-02"},"geometry":{"type":"Polygon","coordinates":[[[-130.58132,61.46599],[-130.58132,61.46193],[-130.58977,61.46195],[-130.58977,61.466],[-130.58132,61.46599]]]}},{"type":"Feature","properties":{"c":"YB49000","o":"BMC Minerals Ltd. - 100%","e":"2044-04-02"},"geometry":{"type":"Polygon","coordinates":[[[-130.71741,61.48808],[-130.7173,61.48401],[-130.72573,61.48398],[-130.72584,61.48805],[-130.71741,61.48808]]]}},{"type":"Feature","properties":{"c":"YB46242","o":"BMC Minerals Ltd. - 100%","e":"2046-04-02"},"geometry":{"type":"Polygon","coordinates":[[[-130.60672,61.4538],[-130.60669,61.45789],[-130.59816,61.45788],[-130.59811,61.4538],[-130.60672,61.4538]]]}},{"type":"Feature","properties":{"c":"YB60656","o":"YUKON ZINC CORPORATION - 100%","e":"2032-03-17"},"geometry":{"type":"Polygon","coordinates":[[[-130.55274,61.30218],[-130.55021,61.29841],[-130.55825,61.29716],[-130.56077,61.30094],[-130.55274,61.30218]]]}},{"type":"Feature","properties":{"c":"YB76881","o":"YUKON ZINC CORPORATION - 100%","e":"2029-03-17"},"geometry":{"type":"Polygon","coordinates":[[[-130.58972,61.40708],[-130.58981,61.41113],[-130.58135,61.41115],[-130.58127,61.40713],[-130.58972,61.40708]]]}},{"type":"Feature","properties":{"c":"YB47466","o":"BMC Minerals Ltd. - 100%","e":"2044-04-02"},"geometry":{"type":"Polygon","coordinates":[[[-130.67392,61.44038],[-130.67405,61.44447],[-130.66568,61.4445],[-130.66552,61.44041],[-130.67392,61.44038]]]}},{"type":"Feature","properties":{"c":"YB76712","o":"YUKON ZINC CORPORATION - 100%","e":"2029-03-17"},"geometry":{"type":"Polygon","coordinates":[[[-130.51467,61.36686],[-130.52255,61.36554],[-130.52531,61.36929],[-130.51728,61.37059],[-130.51467,61.36686]]]}},{"type":"Feature","properties":{"c":"YB56731","o":"BMC Minerals Ltd. - 100%","e":"2044-04-02"},"geometry":{"type":"Polygon","coordinates":[[[-130.69051,61.42027],[-130.69901,61.42023],[-130.69902,61.42433],[-130.69053,61.42437],[-130.69051,61.42027]]]}},{"type":"Feature","properties":{"c":"YB51250","o":"BMC Minerals Ltd. - 100%","e":"2044-04-02"},"geometry":{"type":"Polygon","coordinates":[[[-130.57574,61.44471],[-130.57559,61.44066],[-130.5809,61.4447],[-130.57574,61.44471]]]}},{"type":"Feature","properties":{"c":"YB60654","o":"YUKON ZINC CORPORATION - 100%","e":"2029-03-17"},"geometry":{"type":"Polygon","coordinates":[[[-130.55568,61.29332],[-130.55825,61.29716],[-130.55021,61.29841],[-130.54764,61.29457],[-130.55568,61.29332]]]}},{"type":"Feature","properties":{"c":"YB70504","o":"YUKON ZINC CORPORATION - 100%","e":"2029-03-17"},"geometry":{"type":"Polygon","coordinates":[[[-130.53959,61.29582],[-130.54216,61.29966],[-130.53401,61.30093],[-130.53143,61.29709],[-130.53959,61.29582]]]}},{"type":"Feature","properties":{"c":"YB77171","o":"BMC Minerals Ltd. - 100%","e":"2045-03-17"},"geometry":{"type":"Polygon","coordinates":[[[-130.59666,61.26181],[-130.59919,61.26557],[-130.59113,61.26683],[-130.5886,61.26308],[-130.59666,61.26181]]]}},{"type":"Feature","properties":{"c":"YB56145","o":"YUKON ZINC CORPORATION - 100%","e":"2035-03-17"},"geometry":{"type":"Polygon","coordinates":[[[-130.56035,61.3135],[-130.55781,61.30972],[-130.56582,61.3085],[-130.56835,61.31228],[-130.56035,61.3135]]]}},{"type":"Feature","properties":{"c":"YB46355","o":"BMC Minerals Ltd. - 100%","e":"2046-04-02"},"geometry":{"type":"Polygon","coordinates":[[[-130.62386,61.47405],[-130.63245,61.47402],[-130.63248,61.4781],[-130.62389,61.47812],[-130.62386,61.47405]]]}},{"type":"Feature","properties":{"c":"YB88879","o":"FInlayson Copper Ltd. - 100%","e":"2038-12-03"},"geometry":{"type":"Polygon","coordinates":[[[-130.5695,61.24304],[-130.56959,61.24552],[-130.56108,61.24559],[-130.56095,61.24182],[-130.56792,61.24176],[-130.5695,61.24304]]]}},{"type":"Feature","properties":{"c":"YB94291","o":"FInlayson Copper Ltd. - 100%","e":"2038-11-12"},"geometry":{"type":"Polygon","coordinates":[[[-130.50847,61.20069],[-130.5086,61.20447],[-130.5001,61.20453],[-130.49997,61.20076],[-130.50847,61.20069]]]}},{"type":"Feature","properties":{"c":"YB56094","o":"YUKON ZINC CORPORATION - 100%","e":"2030-03-17"},"geometry":{"type":"Polygon","coordinates":[[[-130.86262,61.41224],[-130.85425,61.41222],[-130.85419,61.40819],[-130.8626,61.4082],[-130.86262,61.41224]]]}},{"type":"Feature","properties":{"c":"YB93213","o":"BMC Minerals Ltd. - 100%","e":"2034-08-30"},"geometry":{"type":"Polygon","coordinates":[[[-130.74727,61.28125],[-130.75117,61.2849],[-130.74359,61.28677],[-130.73969,61.28312],[-130.74727,61.28125]]]}},{"type":"Feature","properties":{"c":"YB60673","o":"YUKON ZINC CORPORATION - 100%","e":"2029-03-17"},"geometry":{"type":"Polygon","coordinates":[[[-130.58456,61.3098],[-130.59263,61.30857],[-130.59525,61.31244],[-130.58719,61.31369],[-130.58456,61.3098]]]}},{"type":"Feature","properties":{"c":"YB76900","o":"YUKON ZINC CORPORATION - 100%","e":"2029-03-17"},"geometry":{"type":"Polygon","coordinates":[[[-130.57192,61.3701],[-130.57829,61.36901],[-130.57685,61.36698],[-130.58044,61.36694],[-130.58052,61.37091],[-130.57196,61.37094],[-130.57192,61.3701]]]}},{"type":"Feature","properties":{"c":"YB70506","o":"YUKON ZINC CORPORATION - 100%","e":"2029-03-17"},"geometry":{"type":"Polygon","coordinates":[[[-130.53401,61.30093],[-130.54216,61.29966],[-130.54467,61.30343],[-130.53654,61.3047],[-130.53401,61.30093]]]}},{"type":"Feature","properties":{"c":"YB47523","o":"BMC Minerals Ltd. - 100%","e":"2044-04-02"},"geometry":{"type":"Polygon","coordinates":[[[-130.64124,61.48416],[-130.64117,61.4802],[-130.64963,61.48017],[-130.64969,61.48414],[-130.64124,61.48416]]]}},{"type":"Feature","properties":{"c":"YB33878","o":"FInlayson Copper Ltd. - 100%","e":"2038-12-31"},"geometry":{"type":"Polygon","coordinates":[[[-130.5171,61.2044],[-130.51723,61.20818],[-130.50873,61.20824],[-130.5086,61.20447],[-130.5171,61.2044]]]}},{"type":"Feature","properties":{"c":"YB47519","o":"BMC Minerals Ltd. - 100%","e":"2044-04-02"},"geometry":{"type":"Polygon","coordinates":[[[-130.6411,61.47622],[-130.64103,61.47226],[-130.6495,61.47223],[-130.64956,61.47618],[-130.6411,61.47622]]]}},{"type":"Feature","properties":{"c":"YB58647","o":"YUKON ZINC CORPORATION - 100%","e":"2028-12-31"},"geometry":{"type":"Polygon","coordinates":[[[-130.63202,61.34747],[-130.63854,61.34997],[-130.63323,61.35308],[-130.62689,61.35066],[-130.63202,61.34747]]]}},{"type":"Feature","properties":{"c":"YB48996","o":"BMC Minerals Ltd. - 100%","e":"2044-04-02"},"geometry":{"type":"Polygon","coordinates":[[[-130.71718,61.47994],[-130.71707,61.47587],[-130.72551,61.47583],[-130.72562,61.47991],[-130.71718,61.47994]]]}},{"type":"Feature","properties":{"c":"YB51238","o":"BMC Minerals Ltd. - 100%","e":"2044-04-02"},"geometry":{"type":"Polygon","coordinates":[[[-130.56228,61.43053],[-130.56514,61.4327],[-130.55949,61.43272],[-130.55948,61.43137],[-130.56228,61.43053]]]}},{"type":"Feature","properties":{"c":"YC27439","o":"YUKON ZINC CORPORATION - 100%","e":"2028-11-22"},"geometry":{"type":"Polygon","coordinates":[[[-130.6406,61.41338],[-130.64067,61.41748],[-130.63211,61.41751],[-130.63204,61.41341],[-130.6406,61.41338]]]}},{"type":"Feature","properties":{"c":"YB51904","o":"BMC Minerals Ltd. - 100%","e":"2034-11-30"},"geometry":{"type":"Polygon","coordinates":[[[-130.8491,61.36164],[-130.84914,61.3576],[-130.85746,61.35756],[-130.85743,61.36159],[-130.8491,61.36164]]]}},{"type":"Feature","properties":{"c":"YB56071","o":"YUKON ZINC CORPORATION - 100%","e":"2030-03-17"},"geometry":{"type":"Polygon","coordinates":[[[-130.86306,61.42835],[-130.85471,61.42838],[-130.85459,61.42433],[-130.86295,61.42431],[-130.86306,61.42835]]]}},{"type":"Feature","properties":{"c":"YB76773","o":"YUKON ZINC CORPORATION - 100%","e":"2029-03-17"},"geometry":{"type":"Polygon","coordinates":[[[-130.58938,61.39099],[-130.59781,61.39095],[-130.5979,61.39498],[-130.58946,61.39502],[-130.58938,61.39099]]]}},{"type":"Feature","properties":{"c":"YB49569","o":"BMC Minerals Ltd. - 100%","e":"2044-04-02"},"geometry":{"type":"Polygon","coordinates":[[[-130.68241,61.44034],[-130.69094,61.4403],[-130.69106,61.44441],[-130.68253,61.44444],[-130.68241,61.44034]]]}},{"type":"Feature","properties":{"c":"YE36926","o":"Blake Macdonald - 100%","e":"2031-06-23"},"geometry":{"type":"Polygon","coordinates":[[[-130.71673,61.27956],[-130.72062,61.28321],[-130.71303,61.28509],[-130.70914,61.28143],[-130.71673,61.27956]]]}},{"type":"Feature","properties":{"c":"YB85304","o":"BMC Minerals Ltd. - 100%","e":"2044-04-02"},"geometry":{"type":"Polygon","coordinates":[[[-130.60764,61.49255],[-130.60816,61.49255],[-130.60824,61.4966],[-130.6077,61.4966],[-130.60764,61.49255]]]}},{"type":"Feature","properties":{"c":"YB70512","o":"YUKON ZINC CORPORATION - 100%","e":"2029-03-17"},"geometry":{"type":"Polygon","coordinates":[[[-130.51546,61.29956],[-130.51291,61.29574],[-130.52095,61.29449],[-130.52351,61.29832],[-130.51546,61.29956]]]}},{"type":"Feature","properties":{"c":"YB93496","o":"BMC Minerals Ltd. - 100%","e":"2034-03-12"},"geometry":{"type":"Polygon","coordinates":[[[-130.62706,61.31168],[-130.62199,61.31249],[-130.6195,61.30866],[-130.62457,61.30787],[-130.62706,61.31168]]]}},{"type":"Feature","properties":{"c":"YC27979","o":"YUKON ZINC CORPORATION - 100%","e":"2030-03-17"},"geometry":{"type":"Polygon","coordinates":[[[-130.6003,61.20271],[-130.59609,61.19914],[-130.60348,61.19711],[-130.60769,61.20068],[-130.6003,61.20271]]]}},{"type":"Feature","properties":{"c":"YB47583","o":"BMC Minerals Ltd. - 100%","e":"2044-04-02"},"geometry":{"type":"Polygon","coordinates":[[[-130.51798,61.4809],[-130.52637,61.48089],[-130.5264,61.4849],[-130.51803,61.48491],[-130.51799,61.48241],[-130.51798,61.4809]]]}},{"type":"Feature","properties":{"c":"YB93217","o":"BMC Minerals Ltd. - 100%","e":"2034-08-30"},"geometry":{"type":"Polygon","coordinates":[[[-130.73989,61.2923],[-130.74379,61.29595],[-130.73619,61.29782],[-130.7323,61.29417],[-130.73989,61.2923]]]}},{"type":"Feature","properties":{"c":"YC27927","o":"YUKON ZINC CORPORATION - 100%","e":"2030-03-17"},"geometry":{"type":"Polygon","coordinates":[[[-130.62459,61.18185],[-130.62038,61.17828],[-130.62776,61.17625],[-130.63196,61.17981],[-130.62459,61.18185]]]}},{"type":"Feature","properties":{"c":"YB51897","o":"BMC Minerals Ltd. - 100%","e":"2034-11-30"},"geometry":{"type":"Polygon","coordinates":[[[-130.85746,61.35756],[-130.86578,61.35752],[-130.86575,61.36155],[-130.85743,61.36159],[-130.85746,61.35756]]]}},{"type":"Feature","properties":{"c":"YD57299","o":"YUKON ZINC CORPORATION - 100%","e":"2030-03-17"},"geometry":{"type":"Polygon","coordinates":[[[-130.64773,61.218],[-130.65195,61.22157],[-130.64439,61.22365],[-130.64033,61.22004],[-130.64773,61.218]]]}},{"type":"Feature","properties":{"c":"YB94284","o":"FInlayson Copper Ltd. - 100%","e":"2038-11-12"},"geometry":{"type":"Polygon","coordinates":[[[-130.50886,61.21202],[-130.50898,61.2158],[-130.50048,61.21586],[-130.50035,61.21209],[-130.50886,61.21202]]]}},{"type":"Feature","properties":{"c":"YC27969","o":"YUKON ZINC CORPORATION - 100%","e":"2030-03-17"},"geometry":{"type":"Polygon","coordinates":[[[-130.63722,61.19254],[-130.63301,61.18898],[-130.64038,61.18694],[-130.6446,61.19051],[-130.63722,61.19254]]]}},{"type":"Feature","properties":{"c":"YB48966","o":"BMC Minerals Ltd. - 100%","e":"2044-04-02"},"geometry":{"type":"Polygon","coordinates":[[[-130.69212,61.48817],[-130.69224,61.49224],[-130.68381,61.49226],[-130.68367,61.4882],[-130.69212,61.48817]]]}},{"type":"Feature","properties":{"c":"YB47692","o":"BMC Minerals Ltd. - 100%","e":"2044-04-02"},"geometry":{"type":"Polygon","coordinates":[[[-130.56443,61.46478],[-130.55976,61.46479],[-130.55973,61.46078],[-130.56442,61.46077],[-130.56443,61.46478]]]}},{"type":"Feature","properties":{"c":"YF24896","o":"YUKON ZINC CORPORATION - 100%","e":"2028-06-27"},"geometry":{"type":"Polygon","coordinates":[[[-130.52811,61.33558],[-130.53052,61.33902],[-130.52263,61.34033],[-130.52015,61.33685],[-130.52811,61.33558]]]}},{"type":"Feature","properties":{"c":"YB55333","o":"BMC Minerals Ltd. - 100%","e":"2044-04-02"},"geometry":{"type":"Polygon","coordinates":[[[-130.51773,61.44881],[-130.51774,61.45291],[-130.50926,61.45294],[-130.50921,61.44883],[-130.51773,61.44881]]]}},{"type":"Feature","properties":{"c":"YB70483","o":"YUKON ZINC CORPORATION - 100%","e":"2029-03-17"},"geometry":{"type":"Polygon","coordinates":[[[-130.59816,61.30353],[-130.60625,61.30229],[-130.60883,61.30609],[-130.60074,61.30733],[-130.59816,61.30353]]]}},{"type":"Feature","properties":{"c":"YB47474","o":"BMC Minerals Ltd. - 100%","e":"2044-04-02"},"geometry":{"type":"Polygon","coordinates":[[[-130.66649,61.47611],[-130.67484,61.47607],[-130.67494,61.4801],[-130.66655,61.48012],[-130.66649,61.47611]]]}},{"type":"Feature","properties":{"c":"YB76715","o":"YUKON ZINC CORPORATION - 100%","e":"2029-03-17"},"geometry":{"type":"Polygon","coordinates":[[[-130.52784,61.37307],[-130.53573,61.37179],[-130.53843,61.37555],[-130.53046,61.37685],[-130.52784,61.37307]]]}},{"type":"Feature","properties":{"c":"YB48971","o":"BMC Minerals Ltd. - 100%","e":"2044-04-02"},"geometry":{"type":"Polygon","coordinates":[[[-130.7083,61.46035],[-130.71675,61.46032],[-130.71683,61.46421],[-130.70838,61.46425],[-130.7083,61.46035]]]}},{"type":"Feature","properties":{"c":"YB70511","o":"YUKON ZINC CORPORATION - 100%","e":"2034-03-17"},"geometry":{"type":"Polygon","coordinates":[[[-130.50955,61.30473],[-130.50689,61.30089],[-130.51546,61.29956],[-130.51803,61.30341],[-130.50955,61.30473]]]}},{"type":"Feature","properties":{"c":"YB76868","o":"BMC Minerals Ltd. - 100%","e":"2045-03-17"},"geometry":{"type":"Polygon","coordinates":[[[-130.61094,61.26978],[-130.61886,61.26856],[-130.6215,61.27241],[-130.61362,61.27367],[-130.61234,61.27182],[-130.61094,61.26978]]]}},{"type":"Feature","properties":{"c":"YB55937","o":"BMC Minerals Ltd. - 100%","e":"2044-04-02"},"geometry":{"type":"Polygon","coordinates":[[[-130.51047,61.49734],[-130.50188,61.49733],[-130.50184,61.49391],[-130.51056,61.49392],[-130.51047,61.49734]]]}},{"type":"Feature","properties":{"c":"YB76731","o":"YUKON ZINC CORPORATION - 100%","e":"2029-03-17"},"geometry":{"type":"Polygon","coordinates":[[[-130.54107,61.36673],[-130.54905,61.36543],[-130.55165,61.36919],[-130.54365,61.37049],[-130.54107,61.36673]]]}},{"type":"Feature","properties":{"c":"YB47532","o":"BMC Minerals Ltd. - 100%","e":"2044-04-02"},"geometry":{"type":"Polygon","coordinates":[[[-130.6244,61.48445],[-130.6326,61.48445],[-130.63273,61.48815],[-130.62451,61.48817],[-130.6244,61.48445]]]}},{"type":"Feature","properties":{"c":"YB46241","o":"BMC Minerals Ltd. - 100%","e":"2046-04-02"},"geometry":{"type":"Polygon","coordinates":[[[-130.61526,61.4704],[-130.61527,61.47409],[-130.6065,61.47409],[-130.60644,61.47038],[-130.61526,61.4704]]]}},{"type":"Feature","properties":{"c":"YF24885","o":"YUKON ZINC CORPORATION - 100%","e":"2028-06-27"},"geometry":{"type":"Polygon","coordinates":[[[-130.53317,61.3554],[-130.53583,61.35919],[-130.52787,61.36048],[-130.52521,61.3567],[-130.53317,61.3554]]]}},{"type":"Feature","properties":{"c":"YB94275","o":"FInlayson Copper Ltd. - 100%","e":"2038-11-12"},"geometry":{"type":"Polygon","coordinates":[[[-130.543,61.21552],[-130.54313,61.2193],[-130.53463,61.21937],[-130.53449,61.21559],[-130.543,61.21552]]]}},{"type":"Feature","properties":{"c":"YB56147","o":"YUKON ZINC CORPORATION - 100%","e":"2035-03-17"},"geometry":{"type":"Polygon","coordinates":[[[-130.56035,61.3135],[-130.56835,61.31228],[-130.57098,61.31621],[-130.56301,61.31745],[-130.56035,61.3135]]]}},{"type":"Feature","properties":{"c":"YB70522","o":"YUKON ZINC CORPORATION - 100%","e":"2034-03-17"},"geometry":{"type":"Polygon","coordinates":[[[-130.50154,61.30612],[-130.50964,61.30485],[-130.51222,61.3086],[-130.50413,61.30987],[-130.50154,61.30612]]]}},{"type":"Feature","properties":{"c":"YB46341","o":"BMC Minerals Ltd. - 100%","e":"2046-04-02"},"geometry":{"type":"Polygon","coordinates":[[[-130.57287,61.46192],[-130.58132,61.46193],[-130.58132,61.46599],[-130.57288,61.46598],[-130.57287,61.46192]]]}},{"type":"Feature","properties":{"c":"YB88870","o":"FInlayson Copper Ltd. - 100%","e":"2038-12-03"},"geometry":{"type":"Polygon","coordinates":[[[-130.56398,61.2229],[-130.56862,61.22664],[-130.56041,61.22671],[-130.56027,61.22294],[-130.56398,61.2229]]]}},{"type":"Feature","properties":{"c":"YB88903","o":"FInlayson Copper Ltd. - 100%","e":"2038-12-03"},"geometry":{"type":"Polygon","coordinates":[[[-130.53555,61.2458],[-130.53568,61.24958],[-130.52717,61.24965],[-130.52704,61.24587],[-130.53555,61.2458]]]}},{"type":"Feature","properties":{"c":"YB93683","o":"FInlayson Copper Ltd. - 100%","e":"2039-01-08"},"geometry":{"type":"Polygon","coordinates":[[[-130.51762,61.21951],[-130.52612,61.21944],[-130.52625,61.22321],[-130.52173,61.22325],[-130.5194,61.22151],[-130.5177,61.22204],[-130.51762,61.21951]]]}},{"type":"Feature","properties":{"c":"YB76696","o":"YUKON ZINC CORPORATION - 100%","e":"2036-03-17"},"geometry":{"type":"Polygon","coordinates":[[[-130.50487,61.39089],[-130.49678,61.39217],[-130.49407,61.38834],[-130.50216,61.38706],[-130.50487,61.39089]]]}},{"type":"Feature","properties":{"c":"YB56720","o":"BMC Minerals Ltd. - 100%","e":"2044-04-02"},"geometry":{"type":"Polygon","coordinates":[[[-130.66504,61.41224],[-130.67351,61.4122],[-130.67352,61.41628],[-130.66504,61.41632],[-130.66504,61.4133],[-130.66504,61.41224]]]}},{"type":"Feature","properties":{"c":"YB68829","o":"YUKON ZINC CORPORATION - 100%","e":"2029-03-17"},"geometry":{"type":"Polygon","coordinates":[[[-130.55451,61.33142],[-130.55197,61.32756],[-130.56,61.3263],[-130.56255,61.33016],[-130.55451,61.33142]]]}},{"type":"Feature","properties":{"c":"YB76821","o":"BMC Minerals Ltd. - 100%","e":"2045-03-17"},"geometry":{"type":"Polygon","coordinates":[[[-130.55108,61.26052],[-130.55915,61.25924],[-130.56178,61.26306],[-130.55373,61.26434],[-130.55108,61.26052]]]}},{"type":"Feature","properties":{"c":"YB88878","o":"FInlayson Copper Ltd. - 100%","e":"2038-12-03"},"geometry":{"type":"Polygon","coordinates":[[[-130.57783,61.2379],[-130.57784,61.23834],[-130.56942,61.24081],[-130.56932,61.23797],[-130.57783,61.2379]]]}},{"type":"Feature","properties":{"c":"YB47689","o":"BMC Minerals Ltd. - 100%","e":"2044-04-02"},"geometry":{"type":"Polygon","coordinates":[[[-130.55966,61.45276],[-130.5597,61.45677],[-130.55132,61.45679],[-130.55129,61.45278],[-130.55966,61.45276]]]}},{"type":"Feature","properties":{"c":"YB60708","o":"YUKON ZINC CORPORATION - 100%","e":"2029-03-17"},"geometry":{"type":"Polygon","coordinates":[[[-130.50399,61.35172],[-130.50136,61.34796],[-130.50944,61.34664],[-130.51194,61.35043],[-130.50399,61.35172]]]}},{"type":"Feature","properties":{"c":"YB48479","o":"BMC Minerals Ltd. - 100%","e":"2044-04-02"},"geometry":{"type":"Polygon","coordinates":[[[-130.51028,61.47912],[-130.50165,61.47912],[-130.50161,61.47583],[-130.5102,61.47583],[-130.51028,61.47912]]]}},{"type":"Feature","properties":{"c":"YB48993","o":"BMC Minerals Ltd. - 100%","e":"2044-04-02"},"geometry":{"type":"Polygon","coordinates":[[[-130.72535,61.46807],[-130.7338,61.46802],[-130.73387,61.4719],[-130.72543,61.47195],[-130.72535,61.46807]]]}},{"type":"Feature","properties":{"c":"YB68838","o":"YUKON ZINC CORPORATION - 100%","e":"2029-03-17"},"geometry":{"type":"Polygon","coordinates":[[[-130.49906,61.34453],[-130.49631,61.34079],[-130.50437,61.33948],[-130.50705,61.3431],[-130.49906,61.34453]]]}},{"type":"Feature","properties":{"c":"YB60528","o":"YUKON ZINC CORPORATION - 100%","e":"2030-03-17"},"geometry":{"type":"Polygon","coordinates":[[[-130.9072,61.34927],[-130.90733,61.35328],[-130.89902,61.35332],[-130.89887,61.34932],[-130.9072,61.34927]]]}},{"type":"Feature","properties":{"c":"YB76793","o":"BMC Minerals Ltd. - 100%","e":"2045-03-17"},"geometry":{"type":"Polygon","coordinates":[[[-130.55356,61.27715],[-130.55601,61.28056],[-130.548,61.2818],[-130.54574,61.27841],[-130.55356,61.27715]]]}},{"type":"Feature","properties":{"c":"YB47570","o":"BMC Minerals Ltd. - 100%","e":"2044-04-02"},"geometry":{"type":"Polygon","coordinates":[[[-130.53457,61.45682],[-130.5346,61.46083],[-130.52623,61.46084],[-130.5262,61.45683],[-130.53457,61.45682]]]}},{"type":"Feature","properties":{"c":"YC90693","o":"YUKON ZINC CORPORATION - 100%","e":"2028-06-27"},"geometry":{"type":"Polygon","coordinates":[[[-130.53322,61.38069],[-130.53594,61.38449],[-130.52797,61.3858],[-130.52525,61.382],[-130.53322,61.38069]]]}},{"type":"Feature","properties":{"c":"YB60725","o":"YUKON ZINC CORPORATION - 100%","e":"2029-03-17"},"geometry":{"type":"Polygon","coordinates":[[[-130.51227,61.36353],[-130.50421,61.3648],[-130.50182,61.36134],[-130.50982,61.36004],[-130.51194,61.36307],[-130.51227,61.36353]]]}},{"type":"Feature","properties":{"c":"YB55929","o":"BMC Minerals Ltd. - 100%","e":"2044-04-02"},"geometry":{"type":"Polygon","coordinates":[[[-130.49348,61.49396],[-130.50184,61.49391],[-130.50188,61.49733],[-130.49352,61.49736],[-130.49348,61.49396]]]}},{"type":"Feature","properties":{"c":"YB76761","o":"YUKON ZINC CORPORATION - 100%","e":"2029-03-17"},"geometry":{"type":"Polygon","coordinates":[[[-130.57056,61.38301],[-130.57326,61.38683],[-130.56521,61.38822],[-130.56243,61.38435],[-130.57056,61.38301]]]}},{"type":"Feature","properties":{"c":"YB76704","o":"YUKON ZINC CORPORATION - 100%","e":"2029-03-17"},"geometry":{"type":"Polygon","coordinates":[[[-130.51716,61.38333],[-130.5199,61.38713],[-130.51202,61.38843],[-130.50931,61.38462],[-130.51716,61.38333]]]}},{"type":"Feature","properties":{"c":"YB33879","o":"FInlayson Copper Ltd. - 100%","e":"2038-12-31"},"geometry":{"type":"Polygon","coordinates":[[[-130.5256,61.20433],[-130.52573,61.20811],[-130.51723,61.20818],[-130.5171,61.2044],[-130.5256,61.20433]]]}},{"type":"Feature","properties":{"c":"YB47540","o":"BMC Minerals Ltd. - 100%","e":"2044-04-02"},"geometry":{"type":"Polygon","coordinates":[[[-130.60816,61.49255],[-130.60807,61.4882],[-130.61629,61.48818],[-130.6164,61.49251],[-130.60816,61.49255]]]}},{"type":"Feature","properties":{"c":"YC90698","o":"YUKON ZINC CORPORATION - 100%","e":"2028-06-27"},"geometry":{"type":"Polygon","coordinates":[[[-130.56239,61.35908],[-130.56502,61.36283],[-130.55702,61.36413],[-130.5544,61.36038],[-130.56239,61.35908]]]}},{"type":"Feature","properties":{"c":"YB63941","o":"YUKON ZINC CORPORATION - 100%","e":"2029-03-17"},"geometry":{"type":"Polygon","coordinates":[[[-130.51137,61.28248],[-130.50599,61.27939],[-130.51268,61.27675],[-130.51798,61.27986],[-130.51137,61.28248]]]}},{"type":"Feature","properties":{"c":"YC27460","o":"YUKON ZINC CORPORATION - 100%","e":"2028-11-22"},"geometry":{"type":"Polygon","coordinates":[[[-130.56842,61.40053],[-130.56849,61.40393],[-130.56604,61.4039],[-130.56721,61.40348],[-130.56415,61.40245],[-130.56435,61.40092],[-130.56553,61.40097],[-130.56842,61.40053]]]}},{"type":"Feature","properties":{"c":"YB88894","o":"FInlayson Copper Ltd. - 100%","e":"2038-12-03"},"geometry":{"type":"Polygon","coordinates":[[[-130.56095,61.24182],[-130.56108,61.24559],[-130.55257,61.24566],[-130.55244,61.24189],[-130.56095,61.24182]]]}},{"type":"Feature","properties":{"c":"YB77180","o":"BMC Minerals Ltd. - 100%","e":"2045-03-17"},"geometry":{"type":"Polygon","coordinates":[[[-130.61492,61.27557],[-130.61755,61.27941],[-130.6094,61.28069],[-130.60677,61.27684],[-130.61492,61.27557]]]}},{"type":"Feature","properties":{"c":"YB85299","o":"BMC Minerals Ltd. - 100%","e":"2044-04-02"},"geometry":{"type":"Polygon","coordinates":[[[-130.59993,61.48445],[-130.59999,61.4885],[-130.59944,61.4885],[-130.59934,61.48445],[-130.59993,61.48445]]]}},{"type":"Feature","properties":{"c":"YB56078","o":"YUKON ZINC CORPORATION - 100%","e":"2030-03-17"},"geometry":{"type":"Polygon","coordinates":[[[-130.88784,61.4162],[-130.88776,61.41222],[-130.89613,61.41219],[-130.89621,61.41619],[-130.88784,61.4162]]]}},{"type":"Feature","properties":{"c":"YB55909","o":"BMC Minerals Ltd. - 100%","e":"2044-04-02"},"geometry":{"type":"Polygon","coordinates":[[[-130.49226,61.46529],[-130.49221,61.46119],[-130.50078,61.46117],[-130.50083,61.46527],[-130.49226,61.46529]]]}},{"type":"Feature","properties":{"c":"YB47552","o":"BMC Minerals Ltd. - 100%","e":"2044-04-02"},"geometry":{"type":"Polygon","coordinates":[[[-130.55142,61.46882],[-130.55145,61.47283],[-130.54307,61.47284],[-130.54304,61.46883],[-130.55142,61.46882]]]}},{"type":"Feature","properties":{"c":"YB93188","o":"BMC Minerals Ltd. - 100%","e":"2034-08-30"},"geometry":{"type":"Polygon","coordinates":[[[-130.75138,61.29407],[-130.75527,61.29773],[-130.74768,61.2996],[-130.74379,61.29595],[-130.75138,61.29407]]]}},{"type":"Feature","properties":{"c":"YB51244","o":"BMC Minerals Ltd. - 100%","e":"2044-04-02"},"geometry":{"type":"Polygon","coordinates":[[[-130.56716,61.44072],[-130.56731,61.44473],[-130.5596,61.44474],[-130.55956,61.44073],[-130.56716,61.44072]]]}},{"type":"Feature","properties":{"c":"YB55337","o":"BMC Minerals Ltd. - 100%","e":"2044-04-02"},"geometry":{"type":"Polygon","coordinates":[[[-130.50936,61.46114],[-130.50931,61.45704],[-130.51775,61.45702],[-130.51778,61.46112],[-130.50936,61.46114]]]}},{"type":"Feature","properties":{"c":"YB46233","o":"BMC Minerals Ltd. - 100%","e":"2046-04-02"},"geometry":{"type":"Polygon","coordinates":[[[-130.61506,61.4538],[-130.62367,61.45384],[-130.62365,61.45749],[-130.61514,61.4577],[-130.61506,61.4538]]]}},{"type":"Feature","properties":{"c":"YB60524","o":"YUKON ZINC CORPORATION - 100%","e":"2030-03-17"},"geometry":{"type":"Polygon","coordinates":[[[-130.89872,61.34531],[-130.89856,61.3413],[-130.90694,61.34125],[-130.90707,61.34526],[-130.89872,61.34531]]]}},{"type":"Feature","properties":{"c":"YC27458","o":"YUKON ZINC CORPORATION - 100%","e":"2028-11-22"},"geometry":{"type":"Polygon","coordinates":[[[-130.57243,61.38698],[-130.5725,61.39036],[-130.56668,61.39027],[-130.56521,61.38822],[-130.57243,61.38698]]]}},{"type":"Feature","properties":{"c":"YC90695","o":"YUKON ZINC CORPORATION - 100%","e":"2028-06-27"},"geometry":{"type":"Polygon","coordinates":[[[-130.53594,61.38449],[-130.53867,61.38828],[-130.53069,61.3896],[-130.52797,61.3858],[-130.53594,61.38449]]]}},{"type":"Feature","properties":{"c":"YC91770","o":"FInlayson Copper Ltd. - 100%","e":"2038-12-14"},"geometry":{"type":"Polygon","coordinates":[[[-130.53383,61.19638],[-130.53397,61.20049],[-130.52547,61.20055],[-130.52533,61.19645],[-130.53383,61.19638]]]}},{"type":"Feature","properties":{"c":"YE36948","o":"Blake Macdonald - 100%","e":"2031-06-23"},"geometry":{"type":"Polygon","coordinates":[[[-130.69026,61.2907],[-130.69415,61.29435],[-130.68655,61.29622],[-130.68267,61.29257],[-130.69026,61.2907]]]}},{"type":"Feature","properties":{"c":"YF24886","o":"YUKON ZINC CORPORATION - 100%","e":"2028-06-27"},"geometry":{"type":"Polygon","coordinates":[[[-130.53583,61.35919],[-130.53849,61.36296],[-130.53052,61.36425],[-130.52787,61.36048],[-130.53583,61.35919]]]}},{"type":"Feature","properties":{"c":"YB93689","o":"FInlayson Copper Ltd. - 100%","e":"2039-01-08"},"geometry":{"type":"Polygon","coordinates":[[[-130.52677,61.23832],[-130.52691,61.2421],[-130.51839,61.24216],[-130.51827,61.23839],[-130.52677,61.23832]]]}},{"type":"Feature","properties":{"c":"YB76858","o":"YUKON ZINC CORPORATION - 100%","e":"2029-03-17"},"geometry":{"type":"Polygon","coordinates":[[[-130.54278,61.27522],[-130.5441,61.27601],[-130.54574,61.27841],[-130.53927,61.27959],[-130.53624,61.27781],[-130.54278,61.27522]]]}},{"type":"Feature","properties":{"c":"YB56065","o":"YUKON ZINC CORPORATION - 100%","e":"2030-03-17"},"geometry":{"type":"Polygon","coordinates":[[[-130.87965,61.42426],[-130.888,61.42424],[-130.88809,61.42826],[-130.87974,61.42829],[-130.87965,61.42426]]]}},{"type":"Feature","properties":{"c":"YB47641","o":"BMC Minerals Ltd. - 100%","e":"2044-04-02"},"geometry":{"type":"Polygon","coordinates":[[[-130.64907,61.45246],[-130.64897,61.44851],[-130.65741,61.44848],[-130.65752,61.45244],[-130.64907,61.45246]]]}},{"type":"Feature","properties":{"c":"YB58622","o":"YUKON ZINC CORPORATION - 100%","e":"2028-12-31"},"geometry":{"type":"Polygon","coordinates":[[[-130.585,61.32434],[-130.59014,61.32122],[-130.59667,61.32371],[-130.59152,61.32684],[-130.585,61.32434]]]}},{"type":"Feature","properties":{"c":"YB56137","o":"YUKON ZINC CORPORATION - 100%","e":"2031-03-17"},"geometry":{"type":"Polygon","coordinates":[[[-130.57911,61.31495],[-130.58719,61.31369],[-130.58972,61.31748],[-130.58163,61.31874],[-130.57911,61.31495]]]}},{"type":"Feature","properties":{"c":"YB45976","o":"YUKON ZINC CORPORATION - 100%","e":"2028-12-31"},"geometry":{"type":"Polygon","coordinates":[[[-130.61625,61.33118],[-130.62278,61.33367],[-130.61761,61.33682],[-130.61109,61.33433],[-130.61625,61.33118]]]}},{"type":"Feature","properties":{"c":"YE36911","o":"Blake Macdonald - 100%","e":"2031-06-23"},"geometry":{"type":"Polygon","coordinates":[[[-130.76243,61.2775],[-130.76632,61.28115],[-130.75874,61.28303],[-130.75485,61.27938],[-130.76243,61.2775]]]}},{"type":"Feature","properties":{"c":"YB60729","o":"YUKON ZINC CORPORATION - 100%","e":"2032-03-17"},"geometry":{"type":"Polygon","coordinates":[[[-130.50662,61.36828],[-130.51473,61.36695],[-130.51728,61.37059],[-130.50915,61.37193],[-130.50662,61.36828]]]}},{"type":"Feature","properties":{"c":"YB47590","o":"BMC Minerals Ltd. - 100%","e":"2044-04-02"},"geometry":{"type":"Polygon","coordinates":[[[-130.53488,61.49691],[-130.53491,61.50096],[-130.52652,61.50095],[-130.52649,61.49693],[-130.53488,61.49691]]]}},{"type":"Feature","properties":{"c":"YC22655","o":"FInlayson Copper Ltd. - 100%","e":"2038-12-09"},"geometry":{"type":"Polygon","coordinates":[[[-130.5171,61.2044],[-130.51697,61.20062],[-130.52547,61.20055],[-130.5256,61.20433],[-130.5171,61.2044]]]}},{"type":"Feature","properties":{"c":"YB77173","o":"BMC Minerals Ltd. - 100%","e":"2045-03-17"},"geometry":{"type":"Polygon","coordinates":[[[-130.60174,61.26936],[-130.59371,61.27066],[-130.59113,61.26683],[-130.59919,61.26557],[-130.60174,61.26936]]]}},{"type":"Feature","properties":{"c":"YB48950","o":"BMC Minerals Ltd. - 100%","e":"2044-04-02"},"geometry":{"type":"Polygon","coordinates":[[[-130.68293,61.46045],[-130.68283,61.45665],[-130.69131,61.45668],[-130.6914,61.46042],[-130.68293,61.46045]]]}},{"type":"Feature","properties":{"c":"YB86834","o":"FInlayson Copper Ltd. - 100%","e":"2038-08-14"},"geometry":{"type":"Polygon","coordinates":[[[-130.55097,61.20035],[-130.55089,61.20412],[-130.5426,61.20419],[-130.54247,61.20042],[-130.55097,61.20035]]]}},{"type":"Feature","properties":{"c":"YC27924","o":"YUKON ZINC CORPORATION - 100%","e":"2030-03-17"},"geometry":{"type":"Polygon","coordinates":[[[-130.63617,61.18338],[-130.63196,61.17981],[-130.63934,61.17778],[-130.64355,61.18134],[-130.63617,61.18338]]]}},{"type":"Feature","properties":{"c":"YB63939","o":"YUKON ZINC CORPORATION - 100%","e":"2029-03-17"},"geometry":{"type":"Polygon","coordinates":[[[-130.50599,61.27939],[-130.51137,61.28248],[-130.50451,61.28532],[-130.49888,61.28209],[-130.50599,61.27939]]]}},{"type":"Feature","properties":{"c":"YB61477","o":"YUKON ZINC CORPORATION - 100%","e":"2030-03-17"},"geometry":{"type":"Polygon","coordinates":[[[-130.8732,61.33748],[-130.88161,61.33742],[-130.88175,61.34142],[-130.87335,61.34147],[-130.8732,61.33748]]]}},{"type":"Feature","properties":{"c":"YB76738","o":"YUKON ZINC CORPORATION - 100%","e":"2029-03-17"},"geometry":{"type":"Polygon","coordinates":[[[-130.54117,61.37939],[-130.54902,61.3781],[-130.55177,61.38188],[-130.54388,61.38318],[-130.54117,61.37939]]]}},{"type":"Feature","properties":{"c":"YB58634","o":"YUKON ZINC CORPORATION - 100%","e":"2028-12-31"},"geometry":{"type":"Polygon","coordinates":[[[-130.62278,61.33367],[-130.62794,61.33051],[-130.63457,61.33303],[-130.62937,61.33618],[-130.62278,61.33367]]]}},{"type":"Feature","properties":{"c":"YB76732","o":"YUKON ZINC CORPORATION - 100%","e":"2029-03-17"},"geometry":{"type":"Polygon","coordinates":[[[-130.53573,61.37179],[-130.53308,61.36803],[-130.54107,61.36673],[-130.54365,61.37049],[-130.53573,61.37179]]]}},{"type":"Feature","properties":{"c":"YB93197","o":"BMC Minerals Ltd. - 100%","e":"2034-08-30"},"geometry":{"type":"Polygon","coordinates":[[[-130.7286,61.29969],[-130.7325,61.30335],[-130.7249,61.30522],[-130.72101,61.30157],[-130.7286,61.29969]]]}},{"type":"Feature","properties":{"c":"YD57300","o":"YUKON ZINC CORPORATION - 100%","e":"2030-03-17"},"geometry":{"type":"Polygon","coordinates":[[[-130.65512,61.21597],[-130.65933,61.21953],[-130.65195,61.22157],[-130.64774,61.218],[-130.65512,61.21597]]]}},{"type":"Feature","properties":{"c":"YB46249","o":"BMC Minerals Ltd. - 100%","e":"2046-04-02"},"geometry":{"type":"Polygon","coordinates":[[[-130.58977,61.46195],[-130.59821,61.46196],[-130.59822,61.46574],[-130.58977,61.466],[-130.58977,61.46195]]]}},{"type":"Feature","properties":{"c":"YB60723","o":"YUKON ZINC CORPORATION - 100%","e":"2029-03-17"},"geometry":{"type":"Polygon","coordinates":[[[-130.50702,61.35605],[-130.50982,61.36004],[-130.50182,61.36134],[-130.49913,61.35745],[-130.50702,61.35605]]]}},{"type":"Feature","properties":{"c":"YB46252","o":"BMC Minerals Ltd. - 100%","e":"2046-04-02"},"geometry":{"type":"Polygon","coordinates":[[[-130.58978,61.4538],[-130.58977,61.45787],[-130.58132,61.45787],[-130.58132,61.4538],[-130.58978,61.4538]]]}},{"type":"Feature","properties":{"c":"YB76896","o":"YUKON ZINC CORPORATION - 100%","e":"2029-03-17"},"geometry":{"type":"Polygon","coordinates":[[[-130.57656,61.37897],[-130.57365,61.37496],[-130.58061,61.37494],[-130.58069,61.37896],[-130.57656,61.37897]]]}},{"type":"Feature","properties":{"c":"YB49574","o":"BMC Minerals Ltd. - 100%","e":"2044-04-02"},"geometry":{"type":"Polygon","coordinates":[[[-130.69121,61.45233],[-130.69114,61.44851],[-130.69961,61.44848],[-130.69972,61.45232],[-130.69121,61.45233]]]}},{"type":"Feature","properties":{"c":"YB47529","o":"BMC Minerals Ltd. - 100%","e":"2044-04-02"},"geometry":{"type":"Polygon","coordinates":[[[-130.62367,61.44165],[-130.63214,61.44162],[-130.6322,61.44556],[-130.62373,61.44558],[-130.62367,61.44165]]]}},{"type":"Feature","properties":{"c":"YC22653","o":"FInlayson Copper Ltd. - 100%","e":"2038-12-09"},"geometry":{"type":"Polygon","coordinates":[[[-130.5256,61.20433],[-130.52547,61.20055],[-130.53397,61.20049],[-130.5341,61.20426],[-130.5256,61.20433]]]}},{"type":"Feature","properties":{"c":"YE36945","o":"Blake Macdonald - 100%","e":"2031-06-23"},"geometry":{"type":"Polygon","coordinates":[[[-130.70563,61.29613],[-130.70952,61.29979],[-130.70193,61.30166],[-130.69804,61.29801],[-130.70563,61.29613]]]}},{"type":"Feature","properties":{"c":"YB48983","o":"BMC Minerals Ltd. - 100%","e":"2044-04-02"},"geometry":{"type":"Polygon","coordinates":[[[-130.70887,61.48405],[-130.7173,61.48401],[-130.71741,61.48808],[-130.70898,61.48811],[-130.70887,61.48405]]]}},{"type":"Feature","properties":{"c":"YB51894","o":"BMC Minerals Ltd. - 100%","e":"2034-11-30"},"geometry":{"type":"Polygon","coordinates":[[[-130.86578,61.35752],[-130.8658,61.35349],[-130.87411,61.35345],[-130.87409,61.35747],[-130.86578,61.35752]]]}},{"type":"Feature","properties":{"c":"YB46325","o":"BMC Minerals Ltd. - 100%","e":"2046-04-02"},"geometry":{"type":"Polygon","coordinates":[[[-130.60732,61.44564],[-130.61495,61.44561],[-130.61499,61.44986],[-130.60745,61.44973],[-130.60732,61.44564]]]}},{"type":"Feature","properties":{"c":"YB51898","o":"BMC Minerals Ltd. - 100%","e":"2034-11-30"},"geometry":{"type":"Polygon","coordinates":[[[-130.86573,61.36558],[-130.86575,61.36155],[-130.87408,61.3615],[-130.87407,61.36553],[-130.86573,61.36558]]]}},{"type":"Feature","properties":{"c":"YB58631","o":"YUKON ZINC CORPORATION - 100%","e":"2028-12-31"},"geometry":{"type":"Polygon","coordinates":[[[-130.62657,61.32488],[-130.6331,61.32736],[-130.62794,61.33051],[-130.62141,61.32803],[-130.62657,61.32488]]]}},{"type":"Feature","properties":{"c":"YB47593","o":"BMC Minerals Ltd. - 100%","e":"2044-04-02"},"geometry":{"type":"Polygon","coordinates":[[[-130.5104,61.4824],[-130.50169,61.48248],[-130.50165,61.47912],[-130.51028,61.47912],[-130.5104,61.4824]]]}},{"type":"Feature","properties":{"c":"YB48998","o":"BMC Minerals Ltd. - 100%","e":"2044-04-02"},"geometry":{"type":"Polygon","coordinates":[[[-130.7173,61.48401],[-130.71718,61.47994],[-130.72562,61.47991],[-130.72573,61.48398],[-130.7173,61.48401]]]}},{"type":"Feature","properties":{"c":"YC27971","o":"YUKON ZINC CORPORATION - 100%","e":"2030-03-17"},"geometry":{"type":"Polygon","coordinates":[[[-130.62983,61.19458],[-130.62562,61.19101],[-130.63301,61.18898],[-130.63722,61.19254],[-130.62983,61.19458]]]}},{"type":"Feature","properties":{"c":"YB93682","o":"FInlayson Copper Ltd. - 100%","e":"2039-01-08"},"geometry":{"type":"Polygon","coordinates":[[[-130.53581,61.25336],[-130.53585,61.25442],[-130.53032,61.25534],[-130.52936,61.25477],[-130.52737,61.25554],[-130.5273,61.25342],[-130.53581,61.25336]]]}},{"type":"Feature","properties":{"c":"YB48973","o":"BMC Minerals Ltd. - 100%","e":"2044-04-02"},"geometry":{"type":"Polygon","coordinates":[[[-130.70838,61.46425],[-130.71683,61.46421],[-130.71691,61.46811],[-130.70847,61.46815],[-130.70838,61.46425]]]}},{"type":"Feature","properties":{"c":"YB47554","o":"BMC Minerals Ltd. - 100%","e":"2044-04-02"},"geometry":{"type":"Polygon","coordinates":[[[-130.55145,61.47283],[-130.55149,61.47683],[-130.54311,61.47685],[-130.54307,61.47284],[-130.55145,61.47283]]]}},{"type":"Feature","properties":{"c":"YB70488","o":"YUKON ZINC CORPORATION - 100%","e":"2029-03-17"},"geometry":{"type":"Polygon","coordinates":[[[-130.5378,61.2798],[-130.54574,61.27841],[-130.548,61.2818],[-130.53995,61.28305],[-130.5378,61.2798]]]}},{"type":"Feature","properties":{"c":"YB61481","o":"YUKON ZINC CORPORATION - 100%","e":"2030-03-17"},"geometry":{"type":"Polygon","coordinates":[[[-130.8735,61.34546],[-130.88189,61.34541],[-130.88203,61.34941],[-130.87364,61.34946],[-130.8735,61.34546]]]}},{"type":"Feature","properties":{"c":"YB47688","o":"BMC Minerals Ltd. - 100%","e":"2044-04-02"},"geometry":{"type":"Polygon","coordinates":[[[-130.56443,61.45275],[-130.56443,61.45676],[-130.5597,61.45677],[-130.55966,61.45276],[-130.56443,61.45275]]]}},{"type":"Feature","properties":{"c":"YB76800","o":"BMC Minerals Ltd. - 100%","e":"2045-03-17"},"geometry":{"type":"Polygon","coordinates":[[[-130.55373,61.26434],[-130.55638,61.26815],[-130.54833,61.26942],[-130.54568,61.26561],[-130.55373,61.26434]]]}},{"type":"Feature","properties":{"c":"YB76894","o":"YUKON ZINC CORPORATION - 100%","e":"2029-03-17"},"geometry":{"type":"Polygon","coordinates":[[[-130.57233,61.38302],[-130.57232,61.38271],[-130.57853,61.38169],[-130.57656,61.37897],[-130.58069,61.37896],[-130.58078,61.38298],[-130.57233,61.38302]]]}},{"type":"Feature","properties":{"c":"YB76841","o":"BMC Minerals Ltd. - 100%","e":"2045-03-17"},"geometry":{"type":"Polygon","coordinates":[[[-130.57521,61.25669],[-130.57788,61.26052],[-130.56983,61.26179],[-130.56717,61.25797],[-130.57521,61.25669]]]}},{"type":"Feature","properties":{"c":"YB46361","o":"BMC Minerals Ltd. - 100%","e":"2046-04-02"},"geometry":{"type":"Polygon","coordinates":[[[-130.60651,61.47451],[-130.60661,61.47815],[-130.59824,61.47815],[-130.59824,61.47424],[-130.60452,61.47444],[-130.60651,61.47451]]]}},{"type":"Feature","properties":{"c":"YB70481","o":"YUKON ZINC CORPORATION - 100%","e":"2029-03-17"},"geometry":{"type":"Polygon","coordinates":[[[-130.59559,61.29974],[-130.60367,61.29849],[-130.60625,61.30229],[-130.59816,61.30353],[-130.59559,61.29974]]]}},{"type":"Feature","properties":{"c":"YD57289","o":"YUKON ZINC CORPORATION - 100%","e":"2030-03-17"},"geometry":{"type":"Polygon","coordinates":[[[-130.6625,61.21393],[-130.66672,61.2175],[-130.65933,61.21953],[-130.65512,61.21597],[-130.6625,61.21393]]]}},{"type":"Feature","properties":{"c":"YB63725","o":"YUKON ZINC CORPORATION - 100%","e":"2029-03-17"},"geometry":{"type":"Polygon","coordinates":[[[-130.73218,61.22319],[-130.73962,61.22113],[-130.74388,61.22472],[-130.73646,61.22678],[-130.73218,61.22319]]]}},{"type":"Feature","properties":{"c":"YB33801","o":"FInlayson Copper Ltd. - 100%","e":"2038-12-31"},"geometry":{"type":"Polygon","coordinates":[[[-130.50086,61.22719],[-130.50099,61.23097],[-130.49248,61.23104],[-130.49236,61.22726],[-130.50086,61.22719]]]}},{"type":"Feature","properties":{"c":"YB68824","o":"YUKON ZINC CORPORATION - 100%","e":"2029-03-17"},"geometry":{"type":"Polygon","coordinates":[[[-130.52772,61.33147],[-130.52501,61.32771],[-130.53348,61.32635],[-130.53592,61.33008],[-130.52772,61.33147]]]}},{"type":"Feature","properties":{"c":"YB47463","o":"BMC Minerals Ltd. - 100%","e":"2044-04-02"},"geometry":{"type":"Polygon","coordinates":[[[-130.67392,61.44038],[-130.6738,61.4363],[-130.68229,61.43629],[-130.68241,61.44034],[-130.67392,61.44038]]]}},{"type":"Feature","properties":{"c":"YB55338","o":"BMC Minerals Ltd. - 100%","e":"2044-04-02"},"geometry":{"type":"Polygon","coordinates":[[[-130.50083,61.46527],[-130.50078,61.46117],[-130.50936,61.46114],[-130.5094,61.46525],[-130.50083,61.46527]]]}},{"type":"Feature","properties":{"c":"YF24899","o":"YUKON ZINC CORPORATION - 100%","e":"2028-06-27"},"geometry":{"type":"Polygon","coordinates":[[[-130.5148,61.34177],[-130.51737,61.34535],[-130.50944,61.34664],[-130.50705,61.3431],[-130.5148,61.34177]]]}},{"type":"Feature","properties":{"c":"YB51231","o":"BMC Minerals Ltd. - 100%","e":"2044-04-02"},"geometry":{"type":"Polygon","coordinates":[[[-130.58617,61.4339],[-130.58099,61.42998],[-130.58949,61.42996],[-130.58959,61.43389],[-130.58617,61.4339]]]}},{"type":"Feature","properties":{"c":"YC27448","o":"YUKON ZINC CORPORATION - 100%","e":"2028-11-22"},"geometry":{"type":"Polygon","coordinates":[[[-130.60632,61.41109],[-130.60636,61.41349],[-130.5978,61.41351],[-130.59777,61.41111],[-130.60632,61.41109]]]}},{"type":"Feature","properties":{"c":"YB76754","o":"YUKON ZINC CORPORATION - 100%","e":"2029-03-17"},"geometry":{"type":"Polygon","coordinates":[[[-130.55165,61.36919],[-130.55964,61.36789],[-130.56229,61.37167],[-130.55427,61.37298],[-130.55165,61.36919]]]}},{"type":"Feature","properties":{"c":"YB51896","o":"BMC Minerals Ltd. - 100%","e":"2034-11-30"},"geometry":{"type":"Polygon","coordinates":[[[-130.86575,61.36155],[-130.86578,61.35752],[-130.87409,61.35747],[-130.87408,61.3615],[-130.86575,61.36155]]]}},{"type":"Feature","properties":{"c":"YB60667","o":"YUKON ZINC CORPORATION - 100%","e":"2029-03-17"},"geometry":{"type":"Polygon","coordinates":[[[-130.57687,61.29844],[-130.58494,61.29719],[-130.5875,61.30099],[-130.57943,61.30223],[-130.57687,61.29844]]]}},{"type":"Feature","properties":{"c":"YC27447","o":"YUKON ZINC CORPORATION - 100%","e":"2028-11-22"},"geometry":{"type":"Polygon","coordinates":[[[-130.59777,61.41111],[-130.5978,61.41351],[-130.58924,61.41354],[-130.58921,61.41113],[-130.59777,61.41111]]]}},{"type":"Feature","properties":{"c":"YB51902","o":"BMC Minerals Ltd. - 100%","e":"2034-11-30"},"geometry":{"type":"Polygon","coordinates":[[[-130.84914,61.3576],[-130.84919,61.35357],[-130.8575,61.35353],[-130.85746,61.35756],[-130.84914,61.3576]]]}},{"type":"Feature","properties":{"c":"YC27957","o":"YUKON ZINC CORPORATION - 100%","e":"2030-03-17"},"geometry":{"type":"Polygon","coordinates":[[[-130.64985,61.20324],[-130.64564,61.19967],[-130.65302,61.19764],[-130.65724,61.2012],[-130.64985,61.20324]]]}},{"type":"Feature","properties":{"c":"YB47503","o":"BMC Minerals Ltd. - 100%","e":"2044-04-02"},"geometry":{"type":"Polygon","coordinates":[[[-130.64045,61.44048],[-130.64878,61.44046],[-130.64887,61.44456],[-130.64053,61.44459],[-130.64045,61.44048]]]}},{"type":"Feature","properties":{"c":"YB76847","o":"YUKON ZINC CORPORATION - 100%","e":"2029-03-17"},"geometry":{"type":"Polygon","coordinates":[[[-130.51665,61.25972],[-130.52185,61.26284],[-130.51544,61.26559],[-130.50985,61.2623],[-130.51303,61.26109],[-130.51665,61.25972]]]}},{"type":"Feature","properties":{"c":"YD57278","o":"YUKON ZINC CORPORATION - 100%","e":"2030-03-17"},"geometry":{"type":"Polygon","coordinates":[[[-130.68887,61.21139],[-130.69309,61.21495],[-130.68571,61.21699],[-130.68149,61.21342],[-130.68887,61.21139]]]}},{"type":"Feature","properties":{"c":"YB47475","o":"BMC Minerals Ltd. - 100%","e":"2044-04-02"},"geometry":{"type":"Polygon","coordinates":[[[-130.67503,61.48407],[-130.67494,61.4801],[-130.68342,61.48007],[-130.68353,61.48415],[-130.67503,61.48407]]]}},{"type":"Feature","properties":{"c":"YB56729","o":"BMC Minerals Ltd. - 100%","e":"2044-04-02"},"geometry":{"type":"Polygon","coordinates":[[[-130.69902,61.42433],[-130.69908,61.42802],[-130.69056,61.42804],[-130.69053,61.42437],[-130.69902,61.42433]]]}},{"type":"Feature","properties":{"c":"YB56075","o":"YUKON ZINC CORPORATION - 100%","e":"2030-03-17"},"geometry":{"type":"Polygon","coordinates":[[[-130.89621,61.41619],[-130.90458,61.41617],[-130.90464,61.42018],[-130.89628,61.4202],[-130.89621,61.41619]]]}},{"type":"Feature","properties":{"c":"YB48956","o":"BMC Minerals Ltd. - 100%","e":"2044-04-02"},"geometry":{"type":"Polygon","coordinates":[[[-130.68322,61.47211],[-130.68312,61.46819],[-130.69158,61.46823],[-130.69167,61.47214],[-130.68322,61.47211]]]}},{"type":"Feature","properties":{"c":"YB47581","o":"BMC Minerals Ltd. - 100%","e":"2044-04-02"},"geometry":{"type":"Polygon","coordinates":[[[-130.51793,61.47689],[-130.52634,61.47688],[-130.52637,61.48089],[-130.51798,61.4809],[-130.51795,61.47913],[-130.51793,61.47689]]]}},{"type":"Feature","properties":{"c":"YB76702","o":"YUKON ZINC CORPORATION - 100%","e":"2029-03-17"},"geometry":{"type":"Polygon","coordinates":[[[-130.5066,61.38081],[-130.51439,61.3795],[-130.51716,61.38333],[-130.50931,61.38462],[-130.5066,61.38081]]]}},{"type":"Feature","properties":{"c":"YB56152","o":"YUKON ZINC CORPORATION - 100%","e":"2035-03-17"},"geometry":{"type":"Polygon","coordinates":[[[-130.55749,61.3225],[-130.56551,61.32125],[-130.56802,61.32504],[-130.56,61.3263],[-130.55749,61.3225]]]}},{"type":"Feature","properties":{"c":"YB47597","o":"BMC Minerals Ltd. - 100%","e":"2044-04-02"},"geometry":{"type":"Polygon","coordinates":[[[-130.51036,61.48612],[-130.5105,61.48969],[-130.50178,61.48968],[-130.50174,61.48611],[-130.51036,61.48612]]]}},{"type":"Feature","properties":{"c":"YD57296","o":"YUKON ZINC CORPORATION - 100%","e":"2030-03-17"},"geometry":{"type":"Polygon","coordinates":[[[-130.66355,61.2231],[-130.66777,61.22666],[-130.66039,61.2287],[-130.65617,61.22513],[-130.66355,61.2231]]]}},{"type":"Feature","properties":{"c":"YB76798","o":"BMC Minerals Ltd. - 100%","e":"2045-03-17"},"geometry":{"type":"Polygon","coordinates":[[[-130.55086,61.27316],[-130.54833,61.26942],[-130.55638,61.26815],[-130.55892,61.2719],[-130.55086,61.27316]]]}},{"type":"Feature","properties":{"c":"YB47708","o":"BMC Minerals Ltd. - 100%","e":"2044-04-02"},"geometry":{"type":"Polygon","coordinates":[[[-130.56757,61.49284],[-130.56758,61.49685],[-130.56004,61.49686],[-130.56,61.49286],[-130.56757,61.49284]]]}},{"type":"Feature","properties":{"c":"YB47565","o":"BMC Minerals Ltd. - 100%","e":"2044-04-02"},"geometry":{"type":"Polygon","coordinates":[[[-130.54323,61.49289],[-130.54326,61.4969],[-130.53488,61.49691],[-130.53485,61.4929],[-130.54323,61.49289]]]}},{"type":"Feature","properties":{"c":"YB93195","o":"BMC Minerals Ltd. - 100%","e":"2034-08-30"},"geometry":{"type":"Polygon","coordinates":[[[-130.7325,61.30335],[-130.73639,61.307],[-130.7288,61.30887],[-130.7249,61.30522],[-130.7325,61.30335]]]}},{"type":"Feature","properties":{"c":"YB76724","o":"YUKON ZINC CORPORATION - 100%","e":"2029-03-17"},"geometry":{"type":"Polygon","coordinates":[[[-130.53069,61.3896],[-130.53867,61.38828],[-130.54143,61.39214],[-130.53345,61.39345],[-130.53069,61.3896]]]}},{"type":"Feature","properties":{"c":"YB60623","o":"YUKON ZINC CORPORATION - 100%","e":"2032-03-17"},"geometry":{"type":"Polygon","coordinates":[[[-130.49253,61.33292],[-130.48988,61.32908],[-130.49823,61.32774],[-130.50103,61.33154],[-130.49253,61.33292]]]}},{"type":"Feature","properties":{"c":"YB60676","o":"YUKON ZINC CORPORATION - 100%","e":"2029-03-17"},"geometry":{"type":"Polygon","coordinates":[[[-130.59796,61.31646],[-130.59161,61.32032],[-130.58972,61.31748],[-130.59781,61.31623],[-130.59796,61.31646]]]}},{"type":"Feature","properties":{"c":"YB77145","o":"YUKON ZINC CORPORATION - 100%","e":"2030-02-20"},"geometry":{"type":"Polygon","coordinates":[[[-130.99455,61.35256],[-131.0031,61.35255],[-131.00312,61.35665],[-130.99458,61.35666],[-130.99455,61.35256]]]}},{"type":"Feature","properties":{"c":"YB93283","o":"BMC Minerals Ltd. - 100%","e":"2033-07-18"},"geometry":{"type":"Polygon","coordinates":[[[-130.62978,61.32536],[-130.62723,61.32155],[-130.63531,61.32029],[-130.63783,61.32411],[-130.62978,61.32536]]]}},{"type":"Feature","properties":{"c":"YB49583","o":"BMC Minerals Ltd. - 100%","e":"2044-04-02"},"geometry":{"type":"Polygon","coordinates":[[[-130.70822,61.45659],[-130.69976,61.45664],[-130.69972,61.45232],[-130.70819,61.45231],[-130.70822,61.45659]]]}},{"type":"Feature","properties":{"c":"YB93488","o":"BMC Minerals Ltd. - 100%","e":"2034-03-12"},"geometry":{"type":"Polygon","coordinates":[[[-130.62366,61.29339],[-130.63174,61.29214],[-130.63431,61.29593],[-130.62624,61.29719],[-130.62366,61.29339]]]}},{"type":"Feature","properties":{"c":"YB58637","o":"YUKON ZINC CORPORATION - 100%","e":"2028-12-31"},"geometry":{"type":"Polygon","coordinates":[[[-130.64109,61.33551],[-130.64628,61.33236],[-130.65278,61.33482],[-130.6476,61.33798],[-130.64109,61.33551]]]}},{"type":"Feature","properties":{"c":"YB70498","o":"YUKON ZINC CORPORATION - 100%","e":"2029-03-17"},"geometry":{"type":"Polygon","coordinates":[[[-130.52629,61.28943],[-130.5237,61.28556],[-130.5319,61.28429],[-130.53448,61.28815],[-130.52629,61.28943]]]}},{"type":"Feature","properties":{"c":"YB56068","o":"YUKON ZINC CORPORATION - 100%","e":"2030-03-17"},"geometry":{"type":"Polygon","coordinates":[[[-130.8713,61.42429],[-130.8712,61.42026],[-130.87956,61.42024],[-130.87965,61.42426],[-130.8713,61.42429]]]}},{"type":"Feature","properties":{"c":"YB88905","o":"FInlayson Copper Ltd. - 100%","e":"2038-12-03"},"geometry":{"type":"Polygon","coordinates":[[[-130.53568,61.24958],[-130.53581,61.25336],[-130.5273,61.25342],[-130.52717,61.24965],[-130.53568,61.24958]]]}},{"type":"Feature","properties":{"c":"YB60674","o":"YUKON ZINC CORPORATION - 100%","e":"2029-03-17"},"geometry":{"type":"Polygon","coordinates":[[[-130.59525,61.31244],[-130.60335,61.31118],[-130.60589,61.31499],[-130.60206,61.31558],[-130.60043,61.31496],[-130.5985,61.31613],[-130.59781,61.31623],[-130.59525,61.31244]]]}},{"type":"Feature","properties":{"c":"YB76711","o":"YUKON ZINC CORPORATION - 100%","e":"2029-03-17"},"geometry":{"type":"Polygon","coordinates":[[[-130.52255,61.36554],[-130.53052,61.36425],[-130.53308,61.36803],[-130.52531,61.36929],[-130.52255,61.36554]]]}},{"type":"Feature","properties":{"c":"YB47483","o":"BMC Minerals Ltd. - 100%","e":"2044-04-02"},"geometry":{"type":"Polygon","coordinates":[[[-130.65717,61.44044],[-130.66552,61.44041],[-130.66568,61.4445],[-130.65731,61.44453],[-130.65717,61.44044]]]}},{"type":"Feature","properties":{"c":"YB55340","o":"BMC Minerals Ltd. - 100%","e":"2044-04-02"},"geometry":{"type":"Polygon","coordinates":[[[-130.50087,61.46862],[-130.50083,61.46527],[-130.5094,61.46525],[-130.50944,61.46861],[-130.50087,61.46862]]]}},{"type":"Feature","properties":{"c":"YB77166","o":"BMC Minerals Ltd. - 100%","e":"2045-03-17"},"geometry":{"type":"Polygon","coordinates":[[[-130.59702,61.25426],[-130.59198,61.25512],[-130.59648,61.25383],[-130.59702,61.25426]]]}},{"type":"Feature","properties":{"c":"YB47702","o":"BMC Minerals Ltd. - 100%","e":"2044-04-02"},"geometry":{"type":"Polygon","coordinates":[[[-130.5599,61.48083],[-130.56442,61.48082],[-130.56442,61.48221],[-130.56744,61.48221],[-130.56746,61.48482],[-130.55993,61.48484],[-130.5599,61.48083]]]}},{"type":"Feature","properties":{"c":"YB48997","o":"BMC Minerals Ltd. - 100%","e":"2044-04-02"},"geometry":{"type":"Polygon","coordinates":[[[-130.72551,61.47583],[-130.73395,61.47578],[-130.73405,61.47987],[-130.72562,61.47991],[-130.72551,61.47583]]]}},{"type":"Feature","properties":{"c":"YB47555","o":"BMC Minerals Ltd. - 100%","e":"2044-04-02"},"geometry":{"type":"Polygon","coordinates":[[[-130.54307,61.47284],[-130.54311,61.47685],[-130.53472,61.47686],[-130.53469,61.47286],[-130.54307,61.47284]]]}},{"type":"Feature","properties":{"c":"YB70507","o":"YUKON ZINC CORPORATION - 100%","e":"2029-03-17"},"geometry":{"type":"Polygon","coordinates":[[[-130.50169,61.29323],[-130.51035,61.2919],[-130.51291,61.29574],[-130.50425,61.29706],[-130.50169,61.29323]]]}},{"type":"Feature","properties":{"c":"YB63755","o":"YUKON ZINC CORPORATION - 100%","e":"2029-03-17"},"geometry":{"type":"Polygon","coordinates":[[[-130.74603,61.24312],[-130.74178,61.23956],[-130.74921,61.23751],[-130.75345,61.24108],[-130.74603,61.24312]]]}},{"type":"Feature","properties":{"c":"YC27963","o":"YUKON ZINC CORPORATION - 100%","e":"2030-03-17"},"geometry":{"type":"Polygon","coordinates":[[[-130.6277,61.20934],[-130.62349,61.20578],[-130.63088,61.20374],[-130.63509,61.20731],[-130.6277,61.20934]]]}},{"type":"Feature","properties":{"c":"YB76818","o":"BMC Minerals Ltd. - 100%","e":"2045-03-17"},"geometry":{"type":"Polygon","coordinates":[[[-130.56697,61.27063],[-130.56444,61.26689],[-130.57249,61.26562],[-130.57503,61.26937],[-130.56697,61.27063]]]}},{"type":"Feature","properties":{"c":"YB56061","o":"YUKON ZINC CORPORATION - 100%","e":"2030-03-17"},"geometry":{"type":"Polygon","coordinates":[[[-130.89635,61.42421],[-130.90471,61.42419],[-130.90477,61.4282],[-130.89643,61.42823],[-130.89635,61.42421]]]}},{"type":"Feature","properties":{"c":"YB56136","o":"YUKON ZINC CORPORATION - 100%","e":"2035-03-17"},"geometry":{"type":"Polygon","coordinates":[[[-130.57911,61.31495],[-130.57098,61.31621],[-130.56835,61.31228],[-130.57646,61.31104],[-130.57911,61.31495]]]}},{"type":"Feature","properties":{"c":"YF24893","o":"YUKON ZINC CORPORATION - 100%","e":"2028-06-27"},"geometry":{"type":"Polygon","coordinates":[[[-130.53845,61.33771],[-130.54109,61.34146],[-130.53314,61.34276],[-130.53052,61.33902],[-130.53845,61.33771]]]}},{"type":"Feature","properties":{"c":"YB49001","o":"BMC Minerals Ltd. - 100%","e":"2044-04-02"},"geometry":{"type":"Polygon","coordinates":[[[-130.72573,61.48398],[-130.73416,61.48394],[-130.73427,61.48802],[-130.72584,61.48805],[-130.72573,61.48398]]]}},{"type":"Feature","properties":{"c":"YB47627","o":"BMC Minerals Ltd. - 100%","e":"2044-04-02"},"geometry":{"type":"Polygon","coordinates":[[[-130.5825,61.43112],[-130.58692,61.43447],[-130.58006,61.43657],[-130.57565,61.43321],[-130.5825,61.43112]]]}},{"type":"Feature","properties":{"c":"YB60620","o":"YUKON ZINC CORPORATION - 100%","e":"2032-03-17"},"geometry":{"type":"Polygon","coordinates":[[[-130.49541,61.32407],[-130.50381,61.32273],[-130.50648,61.32642],[-130.49823,61.32774],[-130.49541,61.32407]]]}},{"type":"Feature","properties":{"c":"YB56716","o":"BMC Minerals Ltd. - 100%","e":"2044-04-02"},"geometry":{"type":"Polygon","coordinates":[[[-130.66503,61.4204],[-130.67352,61.42036],[-130.67353,61.42445],[-130.66503,61.42448],[-130.66503,61.42151],[-130.66503,61.4204]]]}},{"type":"Feature","properties":{"c":"YB76790","o":"BMC Minerals Ltd. - 100%","e":"2045-03-17"},"geometry":{"type":"Polygon","coordinates":[[[-130.56107,61.28824],[-130.55848,61.2844],[-130.56653,61.28314],[-130.56913,61.28698],[-130.56107,61.28824]]]}},{"type":"Feature","properties":{"c":"YB93504","o":"BMC Minerals Ltd. - 100%","e":"2034-03-12"},"geometry":{"type":"Polygon","coordinates":[[[-130.61681,61.29644],[-130.61175,61.29724],[-130.60916,61.29344],[-130.61424,61.29265],[-130.61681,61.29644]]]}},{"type":"Feature","properties":{"c":"YC27459","o":"YUKON ZINC CORPORATION - 100%","e":"2028-11-22"},"geometry":{"type":"Polygon","coordinates":[[[-130.56955,61.39442],[-130.57258,61.39447],[-130.57266,61.39861],[-130.57069,61.39588],[-130.56955,61.39442]]]}},{"type":"Feature","properties":{"c":"YB33761","o":"FInlayson Copper Ltd. - 100%","e":"2038-12-31"},"geometry":{"type":"Polygon","coordinates":[[[-130.53502,61.2307],[-130.53515,61.23447],[-130.52664,61.23454],[-130.52651,61.23077],[-130.53502,61.2307]]]}},{"type":"Feature","properties":{"c":"YC27450","o":"YUKON ZINC CORPORATION - 100%","e":"2028-11-22"},"geometry":{"type":"Polygon","coordinates":[[[-130.62344,61.41104],[-130.62348,61.41344],[-130.61492,61.41346],[-130.61488,61.41107],[-130.62344,61.41104]]]}},{"type":"Feature","properties":{"c":"YB56142","o":"YUKON ZINC CORPORATION - 100%","e":"2036-03-17"},"geometry":{"type":"Polygon","coordinates":[[[-130.54467,61.30343],[-130.55274,61.30218],[-130.55527,61.30595],[-130.54718,61.3072],[-130.54467,61.30343]]]}},{"type":"Feature","properties":{"c":"YB49584","o":"BMC Minerals Ltd. - 100%","e":"2044-04-02"},"geometry":{"type":"Polygon","coordinates":[[[-130.70819,61.45231],[-130.71666,61.4523],[-130.71667,61.45654],[-130.70822,61.45659],[-130.70819,61.45231]]]}},{"type":"Feature","properties":{"c":"YB51518","o":"YUKON ZINC CORPORATION - 100%","e":"2028-12-31"},"geometry":{"type":"Polygon","coordinates":[[[-130.58113,61.33313],[-130.58764,61.33563],[-130.58238,61.33878],[-130.57589,61.33629],[-130.58113,61.33313]]]}},{"type":"Feature","properties":{"c":"YC27943","o":"YUKON ZINC CORPORATION - 100%","e":"2030-03-17"},"geometry":{"type":"Polygon","coordinates":[[[-130.64143,61.19611],[-130.63722,61.19254],[-130.6446,61.19051],[-130.64881,61.19407],[-130.64143,61.19611]]]}},{"type":"Feature","properties":{"c":"YB94279","o":"FInlayson Copper Ltd. - 100%","e":"2038-11-12"},"geometry":{"type":"Polygon","coordinates":[[[-130.54273,61.20797],[-130.54286,61.21175],[-130.53436,61.21182],[-130.53423,61.20804],[-130.54273,61.20797]]]}},{"type":"Feature","properties":{"c":"YB48428","o":"BMC Minerals Ltd. - 100%","e":"2044-04-02"},"geometry":{"type":"Polygon","coordinates":[[[-130.64145,61.49662],[-130.64132,61.49239],[-130.64978,61.49235],[-130.64988,61.49662],[-130.64145,61.49662]]]}},{"type":"Feature","properties":{"c":"YB76717","o":"YUKON ZINC CORPORATION - 100%","e":"2029-03-17"},"geometry":{"type":"Polygon","coordinates":[[[-130.53322,61.38069],[-130.53046,61.37685],[-130.53843,61.37555],[-130.54117,61.37939],[-130.53322,61.38069]]]}},{"type":"Feature","properties":{"c":"YB60606","o":"YUKON ZINC CORPORATION - 100%","e":"2038-03-17"},"geometry":{"type":"Polygon","coordinates":[[[-130.50677,61.31352],[-130.51474,61.31227],[-130.51734,61.31605],[-130.50935,61.3173],[-130.50677,61.31352]]]}},{"type":"Feature","properties":{"c":"YB33770","o":"FInlayson Copper Ltd. - 100%","e":"2038-12-31"},"geometry":{"type":"Polygon","coordinates":[[[-130.52599,61.21566],[-130.52612,61.21944],[-130.51762,61.21951],[-130.51749,61.21573],[-130.52599,61.21566]]]}},{"type":"Feature","properties":{"c":"YB46238","o":"BMC Minerals Ltd. - 100%","e":"2046-04-02"},"geometry":{"type":"Polygon","coordinates":[[[-130.60666,61.46156],[-130.60669,61.45789],[-130.61514,61.45789],[-130.61519,61.46156],[-130.60666,61.46156]]]}},{"type":"Feature","properties":{"c":"YB55339","o":"BMC Minerals Ltd. - 100%","e":"2044-04-02"},"geometry":{"type":"Polygon","coordinates":[[[-130.51778,61.46112],[-130.51781,61.46522],[-130.5094,61.46525],[-130.50936,61.46114],[-130.51778,61.46112]]]}},{"type":"Feature","properties":{"c":"YB76898","o":"YUKON ZINC CORPORATION - 100%","e":"2029-03-17"},"geometry":{"type":"Polygon","coordinates":[[[-130.58052,61.37091],[-130.58061,61.37494],[-130.57365,61.37496],[-130.57206,61.37275],[-130.57196,61.37094],[-130.58052,61.37091]]]}},{"type":"Feature","properties":{"c":"YB48992","o":"BMC Minerals Ltd. - 100%","e":"2044-04-02"},"geometry":{"type":"Polygon","coordinates":[[[-130.71699,61.472],[-130.71691,61.46811],[-130.72535,61.46807],[-130.72543,61.47195],[-130.71699,61.472]]]}},{"type":"Feature","properties":{"c":"YB51222","o":"BMC Minerals Ltd. - 100%","e":"2044-04-02"},"geometry":{"type":"Polygon","coordinates":[[[-130.62367,61.44165],[-130.62373,61.44558],[-130.61527,61.44561],[-130.61515,61.44168],[-130.62367,61.44165]]]}},{"type":"Feature","properties":{"c":"YB47622","o":"BMC Minerals Ltd. - 100%","e":"2044-04-02"},"geometry":{"type":"Polygon","coordinates":[[[-130.55547,61.42534],[-130.56248,61.42318],[-130.56687,61.42653],[-130.55985,61.42868],[-130.55779,61.42711],[-130.55547,61.42534]]]}},{"type":"Feature","properties":{"c":"YB68804","o":"YUKON ZINC CORPORATION - 100%","e":"2029-03-17"},"geometry":{"type":"Polygon","coordinates":[[[-130.51733,61.32894],[-130.52501,61.32771],[-130.52795,61.33179],[-130.52035,61.333],[-130.51733,61.32894]]]}},{"type":"Feature","properties":{"c":"YB76844","o":"BMC Minerals Ltd. - 100%","e":"2045-03-17"},"geometry":{"type":"Polygon","coordinates":[[[-130.58016,61.25166],[-130.58101,61.25235],[-130.58325,61.25542],[-130.57521,61.25669],[-130.57254,61.25287],[-130.58016,61.25166]]]}},{"type":"Feature","properties":{"c":"YB88897","o":"FInlayson Copper Ltd. - 100%","e":"2038-12-03"},"geometry":{"type":"Polygon","coordinates":[[[-130.55257,61.24566],[-130.5527,61.24944],[-130.54419,61.24951],[-130.54406,61.24573],[-130.55257,61.24566]]]}},{"type":"Feature","properties":{"c":"YB56722","o":"BMC Minerals Ltd. - 100%","e":"2044-04-02"},"geometry":{"type":"Polygon","coordinates":[[[-130.6735,61.40813],[-130.67351,61.4122],[-130.66504,61.41224],[-130.66502,61.40816],[-130.6735,61.40813]]]}},{"type":"Feature","properties":{"c":"YB33768","o":"FInlayson Copper Ltd. - 100%","e":"2038-12-31"},"geometry":{"type":"Polygon","coordinates":[[[-130.52586,61.21188],[-130.52599,61.21566],[-130.51749,61.21573],[-130.51736,61.21195],[-130.52586,61.21188]]]}},{"type":"Feature","properties":{"c":"YB60600","o":"YUKON ZINC CORPORATION - 100%","e":"2034-03-17"},"geometry":{"type":"Polygon","coordinates":[[[-130.52807,61.31854],[-130.53607,61.31728],[-130.53874,61.32122],[-130.5308,61.32245],[-130.52807,61.31854]]]}},{"type":"Feature","properties":{"c":"YB48984","o":"BMC Minerals Ltd. - 100%","e":"2044-04-02"},"geometry":{"type":"Polygon","coordinates":[[[-130.70898,61.48811],[-130.70909,61.49218],[-130.70067,61.49221],[-130.70055,61.48814],[-130.70898,61.48811]]]}},{"type":"Feature","properties":{"c":"YB47588","o":"BMC Minerals Ltd. - 100%","e":"2044-04-02"},"geometry":{"type":"Polygon","coordinates":[[[-130.53485,61.4929],[-130.53488,61.49691],[-130.52649,61.49693],[-130.52646,61.49292],[-130.53485,61.4929]]]}},{"type":"Feature","properties":{"c":"YC27415","o":"YUKON ZINC CORPORATION - 100%","e":"2028-11-22"},"geometry":{"type":"Polygon","coordinates":[[[-130.62362,61.42164],[-130.62369,61.42575],[-130.61513,61.42577],[-130.61506,61.42167],[-130.62362,61.42164]]]}},{"type":"Feature","properties":{"c":"YB63909","o":"YUKON ZINC CORPORATION - 100%","e":"2029-03-17"},"geometry":{"type":"Polygon","coordinates":[[[-130.74071,61.23036],[-130.74814,61.22831],[-130.75238,61.23188],[-130.74496,61.23394],[-130.74071,61.23036]]]}},{"type":"Feature","properties":{"c":"YB70466","o":"YUKON ZINC CORPORATION - 100%","e":"2032-03-17"},"geometry":{"type":"Polygon","coordinates":[[[-130.50833,61.28887],[-130.51035,61.2919],[-130.50527,61.29268],[-130.50281,61.29109],[-130.50833,61.28887]]]}},{"type":"Feature","properties":{"c":"YF24882","o":"YUKON ZINC CORPORATION - 100%","e":"2028-06-27"},"geometry":{"type":"Polygon","coordinates":[[[-130.53579,61.34654],[-130.53846,61.35033],[-130.53051,61.35162],[-130.52784,61.34784],[-130.53579,61.34654]]]}},{"type":"Feature","properties":{"c":"YB70557","o":"YUKON ZINC CORPORATION - 100%","e":"2032-03-17"},"geometry":{"type":"Polygon","coordinates":[[[-130.52221,61.28336],[-130.5237,61.28556],[-130.51823,61.28643],[-130.5167,61.28554],[-130.52221,61.28336]]]}},{"type":"Feature","properties":{"c":"YB76728","o":"YUKON ZINC CORPORATION - 100%","e":"2029-03-17"},"geometry":{"type":"Polygon","coordinates":[[[-130.54687,61.39977],[-130.53776,61.39932],[-130.53619,61.39728],[-130.54418,61.39596],[-130.54687,61.39977]]]}},{"type":"Feature","properties":{"c":"YC27463","o":"YUKON ZINC CORPORATION - 100%","e":"2028-11-22"},"geometry":{"type":"Polygon","coordinates":[[[-130.57284,61.40808],[-130.56862,61.40804],[-130.56849,61.40393],[-130.57276,61.40398],[-130.57284,61.40808]]]}},{"type":"Feature","properties":{"c":"YB47495","o":"BMC Minerals Ltd. - 100%","e":"2044-04-02"},"geometry":{"type":"Polygon","coordinates":[[[-130.65818,61.48809],[-130.65813,61.48412],[-130.66661,61.4841],[-130.66666,61.48807],[-130.65818,61.48809]]]}},{"type":"Feature","properties":{"c":"YB76727","o":"YUKON ZINC CORPORATION - 100%","e":"2029-03-17"},"geometry":{"type":"Polygon","coordinates":[[[-130.54687,61.39977],[-130.54418,61.39596],[-130.55207,61.39466],[-130.55481,61.39849],[-130.54687,61.39977]]]}},{"type":"Feature","properties":{"c":"YF24884","o":"YUKON ZINC CORPORATION - 100%","e":"2028-06-27"},"geometry":{"type":"Polygon","coordinates":[[[-130.53051,61.35162],[-130.53317,61.3554],[-130.52521,61.3567],[-130.52255,61.35292],[-130.53051,61.35162]]]}},{"type":"Feature","properties":{"c":"YB63911","o":"YUKON ZINC CORPORATION - 100%","e":"2030-03-17"},"geometry":{"type":"Polygon","coordinates":[[[-130.73753,61.23599],[-130.73329,61.23242],[-130.74071,61.23036],[-130.74496,61.23394],[-130.73753,61.23599]]]}},{"type":"Feature","properties":{"c":"YB47491","o":"BMC Minerals Ltd. - 100%","e":"2044-04-02"},"geometry":{"type":"Polygon","coordinates":[[[-130.65807,61.48015],[-130.65801,61.47614],[-130.66649,61.47611],[-130.66655,61.48012],[-130.65807,61.48015]]]}},{"type":"Feature","properties":{"c":"YB76783","o":"YUKON ZINC CORPORATION - 100%","e":"2029-03-17"},"geometry":{"type":"Polygon","coordinates":[[[-130.5889,61.37089],[-130.59734,61.37087],[-130.59743,61.37488],[-130.58899,61.37491],[-130.5889,61.37089]]]}},{"type":"Feature","properties":{"c":"YC27421","o":"YUKON ZINC CORPORATION - 100%","e":"2028-11-22"},"geometry":{"type":"Polygon","coordinates":[[[-130.6493,61.42156],[-130.64938,61.42566],[-130.64081,61.42569],[-130.64074,61.42159],[-130.6493,61.42156]]]}},{"type":"Feature","properties":{"c":"YB47566","o":"BMC Minerals Ltd. - 100%","e":"2044-04-02"},"geometry":{"type":"Polygon","coordinates":[[[-130.55165,61.49688],[-130.55168,61.50097],[-130.5433,61.50096],[-130.54326,61.4969],[-130.55165,61.49688]]]}},{"type":"Feature","properties":{"c":"YB47535","o":"BMC Minerals Ltd. - 100%","e":"2044-04-02"},"geometry":{"type":"Polygon","coordinates":[[[-130.61629,61.48818],[-130.62451,61.48817],[-130.62464,61.49246],[-130.6164,61.49251],[-130.61629,61.48818]]]}},{"type":"Feature","properties":{"c":"YB85287","o":"BMC Minerals Ltd. - 100%","e":"2044-04-02"},"geometry":{"type":"Polygon","coordinates":[[[-130.62365,61.45749],[-130.62364,61.45802],[-130.61514,61.45789],[-130.62365,61.45749]]]}},{"type":"Feature","properties":{"c":"YB51265","o":"BMC Minerals Ltd. - 100%","e":"2046-04-02"},"geometry":{"type":"Polygon","coordinates":[[[-130.51782,61.4368],[-130.52605,61.43679],[-130.52608,61.44079],[-130.51781,61.44081],[-130.51781,61.4406],[-130.51782,61.4368]]]}},{"type":"Feature","properties":{"c":"YB49581","o":"BMC Minerals Ltd. - 100%","e":"2044-04-02"},"geometry":{"type":"Polygon","coordinates":[[[-130.69961,61.44848],[-130.70807,61.44845],[-130.70819,61.45231],[-130.69972,61.45232],[-130.69961,61.44848]]]}},{"type":"Feature","properties":{"c":"YB70470","o":"YUKON ZINC CORPORATION - 100%","e":"2029-03-17"},"geometry":{"type":"Polygon","coordinates":[[[-130.52725,61.28137],[-130.5219,61.28216],[-130.51798,61.27986],[-130.52461,61.27723],[-130.52991,61.28032],[-130.52725,61.28137]]]}},{"type":"Feature","properties":{"c":"YB48421","o":"BMC Minerals Ltd. - 100%","e":"2044-04-02"},"geometry":{"type":"Polygon","coordinates":[[[-130.61661,61.50097],[-130.6165,61.49661],[-130.62476,61.49661],[-130.62489,61.50096],[-130.61661,61.50097]]]}},{"type":"Feature","properties":{"c":"YC27412","o":"YUKON ZINC CORPORATION - 100%","e":"2028-11-22"},"geometry":{"type":"Polygon","coordinates":[[[-130.61513,61.42577],[-130.61519,61.42988],[-130.60663,61.4299],[-130.60656,61.4258],[-130.61513,61.42577]]]}},{"type":"Feature","properties":{"c":"YB55325","o":"BMC Minerals Ltd. - 100%","e":"2044-04-02"},"geometry":{"type":"Polygon","coordinates":[[[-130.51735,61.4365],[-130.51274,61.43651],[-130.51242,61.43615],[-130.51262,61.43567],[-130.51526,61.43479],[-130.51735,61.4365]]]}},{"type":"Feature","properties":{"c":"YB51253","o":"BMC Minerals Ltd. - 100%","e":"2046-04-02"},"geometry":{"type":"Polygon","coordinates":[[[-130.54277,61.4341],[-130.54279,61.43676],[-130.53442,61.43677],[-130.53441,61.43591],[-130.54277,61.4341]]]}},{"type":"Feature","properties":{"c":"YB70495","o":"YUKON ZINC CORPORATION - 100%","e":"2029-03-17"},"geometry":{"type":"Polygon","coordinates":[[[-130.53704,61.29199],[-130.54508,61.29073],[-130.54764,61.29457],[-130.53959,61.29582],[-130.53704,61.29199]]]}},{"type":"Feature","properties":{"c":"YB88900","o":"FInlayson Copper Ltd. - 100%","e":"2038-12-03"},"geometry":{"type":"Polygon","coordinates":[[[-130.54393,61.24196],[-130.54406,61.24573],[-130.53555,61.2458],[-130.53542,61.24203],[-130.54393,61.24196]]]}},{"type":"Feature","properties":{"c":"YB47635","o":"BMC Minerals Ltd. - 100%","e":"2044-04-02"},"geometry":{"type":"Polygon","coordinates":[[[-130.5999,61.4443],[-130.6017,61.44565],[-130.59541,61.44566],[-130.5999,61.4443]]]}},{"type":"Feature","properties":{"c":"YC90694","o":"YUKON ZINC CORPORATION - 100%","e":"2028-06-27"},"geometry":{"type":"Polygon","coordinates":[[[-130.54388,61.38318],[-130.5466,61.38697],[-130.53867,61.38828],[-130.53594,61.38449],[-130.54388,61.38318]]]}},{"type":"Feature","properties":{"c":"YB45992","o":"YUKON ZINC CORPORATION - 100%","e":"2028-12-31"},"geometry":{"type":"Polygon","coordinates":[[[-130.6202,61.3481],[-130.62549,61.34497],[-130.63202,61.34747],[-130.62689,61.35066],[-130.6202,61.3481]]]}},{"type":"Feature","properties":{"c":"YB46232","o":"BMC Minerals Ltd. - 100%","e":"2046-04-02"},"geometry":{"type":"Polygon","coordinates":[[[-130.6237,61.44982],[-130.62367,61.4536],[-130.61506,61.45332],[-130.61499,61.44986],[-130.6202,61.44985],[-130.6237,61.44982]]]}},{"type":"Feature","properties":{"c":"YB47585","o":"BMC Minerals Ltd. - 100%","e":"2044-04-02"},"geometry":{"type":"Polygon","coordinates":[[[-130.51803,61.48491],[-130.5264,61.4849],[-130.52643,61.48891],[-130.51808,61.48892],[-130.51804,61.48612],[-130.51803,61.48491]]]}},{"type":"Feature","properties":{"c":"YB76758","o":"YUKON ZINC CORPORATION - 100%","e":"2029-03-17"},"geometry":{"type":"Polygon","coordinates":[[[-130.557,61.37678],[-130.56505,61.37546],[-130.5678,61.37923],[-130.55971,61.38057],[-130.557,61.37678]]]}},{"type":"Feature","properties":{"c":"YB76809","o":"BMC Minerals Ltd. - 100%","e":"2045-03-17"},"geometry":{"type":"Polygon","coordinates":[[[-130.56653,61.28314],[-130.57458,61.28188],[-130.57718,61.28573],[-130.56913,61.28698],[-130.56653,61.28314]]]}},{"type":"Feature","properties":{"c":"YB94289","o":"FInlayson Copper Ltd. - 100%","e":"2038-11-12"},"geometry":{"type":"Polygon","coordinates":[[[-130.5086,61.20447],[-130.50873,61.20824],[-130.50023,61.20831],[-130.5001,61.20453],[-130.5086,61.20447]]]}},{"type":"Feature","properties":{"c":"YB46338","o":"BMC Minerals Ltd. - 100%","e":"2046-04-02"},"geometry":{"type":"Polygon","coordinates":[[[-130.57286,61.45786],[-130.57287,61.46192],[-130.56443,61.4619],[-130.56443,61.45785],[-130.57286,61.45786]]]}},{"type":"Feature","properties":{"c":"YB47471","o":"BMC Minerals Ltd. - 100%","e":"2044-04-02"},"geometry":{"type":"Polygon","coordinates":[[[-130.67476,61.47214],[-130.68322,61.47211],[-130.68332,61.47603],[-130.67484,61.47607],[-130.67476,61.47214]]]}},{"type":"Feature","properties":{"c":"YB93501","o":"BMC Minerals Ltd. - 100%","e":"2034-03-12"},"geometry":{"type":"Polygon","coordinates":[[[-130.62489,61.29519],[-130.62747,61.299],[-130.61939,61.30024],[-130.61681,61.29644],[-130.62489,61.29519]]]}},{"type":"Feature","properties":{"c":"YB46337","o":"BMC Minerals Ltd. - 100%","e":"2046-04-02"},"geometry":{"type":"Polygon","coordinates":[[[-130.58132,61.45787],[-130.57286,61.45786],[-130.57285,61.4538],[-130.58132,61.4538],[-130.58132,61.45787]]]}},{"type":"Feature","properties":{"c":"YE36941","o":"Blake Macdonald - 100%","e":"2031-06-23"},"geometry":{"type":"Polygon","coordinates":[[[-130.71341,61.30344],[-130.71731,61.30709],[-130.70971,61.30896],[-130.70582,61.30531],[-130.71341,61.30344]]]}},{"type":"Feature","properties":{"c":"YB47481","o":"BMC Minerals Ltd. - 100%","e":"2044-04-02"},"geometry":{"type":"Polygon","coordinates":[[[-130.65717,61.44044],[-130.65703,61.43634],[-130.66535,61.43632],[-130.66552,61.44041],[-130.65717,61.44044]]]}},{"type":"Feature","properties":{"c":"YB76866","o":"BMC Minerals Ltd. - 100%","e":"2045-03-17"},"geometry":{"type":"Polygon","coordinates":[[[-130.60831,61.26594],[-130.61624,61.26473],[-130.61886,61.26856],[-130.61094,61.26978],[-130.60976,61.26806],[-130.60831,61.26594]]]}},{"type":"Feature","properties":{"c":"YB68809","o":"YUKON ZINC CORPORATION - 100%","e":"2029-03-17"},"geometry":{"type":"Polygon","coordinates":[[[-130.50405,61.33561],[-130.5068,61.33906],[-130.49778,61.34055],[-130.49532,61.33697],[-130.50405,61.33561]]]}},{"type":"Feature","properties":{"c":"YB47468","o":"BMC Minerals Ltd. - 100%","e":"2044-04-02"},"geometry":{"type":"Polygon","coordinates":[[[-130.66568,61.4445],[-130.67405,61.44447],[-130.67418,61.44857],[-130.66581,61.44845],[-130.66568,61.4445]]]}}]}