{"type":"FeatureCollection","features":[{"type":"Feature","properties":{"c":"149.0","o":"Deloitte Restructuring Inc. - 100%","e":"2029-03-31"},"geometry":{"type":"Polygon","coordinates":[[[-132.76535,62.1752],[-132.77317,62.17562],[-132.77209,62.17965],[-132.7644,62.17922],[-132.76535,62.1752]]]}},{"type":"Feature","properties":{"c":"337.0","o":"Silver Range Resources Ltd. - 100%","e":"2031-03-13"},"geometry":{"type":"Polygon","coordinates":[[[-132.58167,62.39148],[-132.58831,62.39419],[-132.58262,62.39725],[-132.57599,62.39453],[-132.57924,62.39279],[-132.58167,62.39148]]]}},{"type":"Feature","properties":{"c":"137.0","o":"Deloitte Restructuring Inc. - 100%","e":"2029-03-31"},"geometry":{"type":"Polygon","coordinates":[[[-132.87683,62.218],[-132.87671,62.21329],[-132.88554,62.21324],[-132.88566,62.21796],[-132.87683,62.218]]]}},{"type":"Feature","properties":{"c":"296.0","o":"Golden Predator Mining Corp - 100%","e":"2050-12-27"},"geometry":{"type":"Polygon","coordinates":[[[-132.80646,62.03496],[-132.81346,62.03734],[-132.80809,62.0406],[-132.80115,62.03821],[-132.80646,62.03496]]]}},{"type":"Feature","properties":{"c":"197.0","o":"Silver Range Resources Ltd. - 100%","e":"2031-03-13"},"geometry":{"type":"Polygon","coordinates":[[[-132.51168,62.34126],[-132.51829,62.34398],[-132.51261,62.34703],[-132.50599,62.34431],[-132.50861,62.34291],[-132.51168,62.34126]]]}},{"type":"Feature","properties":{"c":"18.0","o":"Deloitte Restructuring Inc. - 100%","e":"2029-03-31"},"geometry":{"type":"Polygon","coordinates":[[[-132.66452,62.213],[-132.66442,62.20898],[-132.67321,62.20893],[-132.67331,62.21296],[-132.66452,62.213]]]}},{"type":"Feature","properties":{"c":"17.0","o":"Silver Range Resources Ltd. - 100%","e":"2044-03-13"},"geometry":{"type":"Polygon","coordinates":[[[-132.97627,62.49779],[-132.98297,62.50048],[-132.97723,62.50352],[-132.97054,62.50083],[-132.97627,62.49779]]]}},{"type":"Feature","properties":{"c":"577.0","o":"Silver Range Resources Ltd. - 100%","e":"2031-03-13"},"geometry":{"type":"Polygon","coordinates":[[[-132.78453,62.43112],[-132.79119,62.43382],[-132.78552,62.43689],[-132.77885,62.43418],[-132.78427,62.43126],[-132.78453,62.43112]]]}},{"type":"Feature","properties":{"c":"9.0","o":"Golden Predator Mining Corp - 100%","e":"2029-09-06"},"geometry":{"type":"Polygon","coordinates":[[[-132.86145,62.02855],[-132.8685,62.03097],[-132.86334,62.03428],[-132.85629,62.03186],[-132.86145,62.02855]]]}},{"type":"Feature","properties":{"c":"12.0","o":"Deloitte Restructuring Inc. - 100%","e":"2029-03-31"},"geometry":{"type":"Polygon","coordinates":[[[-132.95862,62.21541],[-132.95861,62.2168],[-132.94988,62.21681],[-132.94986,62.2127],[-132.95252,62.2127],[-132.95862,62.21541]]]}},{"type":"Feature","properties":{"c":"283.0","o":"Silver Range Resources Ltd. - 100%","e":"2031-03-13"},"geometry":{"type":"Polygon","coordinates":[[[-132.59968,62.38808],[-132.60631,62.39079],[-132.60063,62.39384],[-132.59399,62.39113],[-132.5974,62.3893],[-132.59968,62.38808]]]}},{"type":"Feature","properties":{"c":"135.0","o":"Silver Range Resources Ltd. - 100%","e":"2031-03-13"},"geometry":{"type":"Polygon","coordinates":[[[-132.66651,62.3831],[-132.67304,62.38577],[-132.66737,62.38883],[-132.66083,62.38616],[-132.6651,62.38386],[-132.66651,62.3831]]]}},{"type":"Feature","properties":{"c":"12.0","o":"Deloitte Restructuring Inc. - 100%","e":"2029-03-31"},"geometry":{"type":"Polygon","coordinates":[[[-132.90466,62.1912],[-132.90436,62.18725],[-132.91321,62.18724],[-132.91323,62.19127],[-132.90466,62.1912]]]}},{"type":"Feature","properties":{"c":"14.0","o":"Silver Range Resources Ltd. - 100%","e":"2031-03-13"},"geometry":{"type":"Polygon","coordinates":[[[-132.64031,62.33477],[-132.64693,62.33748],[-132.64126,62.34054],[-132.63464,62.33783],[-132.64031,62.33477]]]}},{"type":"Feature","properties":{"c":"159.0","o":"Deloitte Restructuring Inc. - 100%","e":"2029-03-31"},"geometry":{"type":"Polygon","coordinates":[[[-132.79781,62.18515],[-132.80674,62.18563],[-132.80575,62.18972],[-132.79681,62.18923],[-132.79781,62.18515]]]}},{"type":"Feature","properties":{"c":"9.0","o":"Deloitte Restructuring Inc. - 100%","e":"2028-03-31"},"geometry":{"type":"Polygon","coordinates":[[[-133.00074,62.17209],[-132.99884,62.1721],[-132.99717,62.17119],[-133.0032,62.16851],[-133.00937,62.17167],[-133.00658,62.1729],[-133.00075,62.17292],[-133.00074,62.17209]]]}},{"type":"Feature","properties":{"c":"777.0","o":"Silver Range Resources Ltd. - 100%","e":"2040-03-13"},"geometry":{"type":"Polygon","coordinates":[[[-132.89204,62.44232],[-132.89872,62.44502],[-132.89296,62.44813],[-132.88629,62.44544],[-132.89204,62.44232]]]}},{"type":"Feature","properties":{"c":"2032.0","o":"Silver Range Resources Ltd. - 100%","e":"2038-03-13"},"geometry":{"type":"Polygon","coordinates":[[[-132.85984,62.49706],[-132.86652,62.49976],[-132.86364,62.50128],[-132.85696,62.49858],[-132.85984,62.49706]]]}},{"type":"Feature","properties":{"c":"750.0","o":"Silver Range Resources Ltd. - 100%","e":"2040-03-13"},"geometry":{"type":"Polygon","coordinates":[[[-132.79309,62.40768],[-132.79964,62.41034],[-132.79389,62.41346],[-132.78734,62.4108],[-132.79309,62.40768]]]}},{"type":"Feature","properties":{"c":"75.0","o":"Golden Predator Mining Corp - 100%","e":"2032-05-03"},"geometry":{"type":"Polygon","coordinates":[[[-132.70773,62.00187],[-132.71411,62.00467],[-132.70815,62.00767],[-132.70177,62.00487],[-132.70773,62.00187]]]}},{"type":"Feature","properties":{"c":"51.0","o":"Deloitte Restructuring Inc. - 100%","e":"2029-03-31"},"geometry":{"type":"Polygon","coordinates":[[[-132.93235,62.18249],[-132.93266,62.18502],[-132.92397,62.18503],[-132.92377,62.18258],[-132.93235,62.18249]]]}},{"type":"Feature","properties":{"c":"29.0","o":"Deloitte Restructuring Inc. - 100%","e":"2029-03-31"},"geometry":{"type":"Polygon","coordinates":[[[-132.78711,62.20533],[-132.79588,62.2053],[-132.79609,62.20936],[-132.7873,62.20938],[-132.78711,62.20533]]]}},{"type":"Feature","properties":{"c":"57.0","o":"Deloitte Restructuring Inc. - 100%","e":"2029-03-31"},"geometry":{"type":"Polygon","coordinates":[[[-132.98063,62.21032],[-132.98596,62.2079],[-132.9918,62.21078],[-132.98638,62.21335],[-132.98063,62.21032]]]}},{"type":"Feature","properties":{"c":"27.0","o":"Silver Range Resources Ltd. - 100%","e":"2044-03-13"},"geometry":{"type":"Polygon","coordinates":[[[-132.97437,62.48632],[-132.98106,62.48901],[-132.97532,62.49205],[-132.96863,62.48936],[-132.97437,62.48632]]]}},{"type":"Feature","properties":{"c":"486.0","o":"Silver Range Resources Ltd. - 100%","e":"2031-03-13"},"geometry":{"type":"Polygon","coordinates":[[[-132.69044,62.41973],[-132.69699,62.42239],[-132.69131,62.42545],[-132.68476,62.42279],[-132.68909,62.42046],[-132.69044,62.41973]]]}},{"type":"Feature","properties":{"c":"2121.0","o":"Silver Range Resources Ltd. - 100%","e":"2038-03-13"},"geometry":{"type":"Polygon","coordinates":[[[-132.81206,62.49116],[-132.81874,62.49386],[-132.81298,62.49689],[-132.80631,62.49419],[-132.81206,62.49116]]]}},{"type":"Feature","properties":{"c":"691.0","o":"Silver Range Resources Ltd. - 100%","e":"2032-03-13"},"geometry":{"type":"Polygon","coordinates":[[[-132.51887,62.38756],[-132.5255,62.39027],[-132.51972,62.39338],[-132.51309,62.39066],[-132.51887,62.38756]]]}},{"type":"Feature","properties":{"c":"254.0","o":"Silver Range Resources Ltd. - 100%","e":"2031-03-13"},"geometry":{"type":"Polygon","coordinates":[[[-132.49462,62.35042],[-132.50124,62.35314],[-132.49555,62.35619],[-132.48894,62.35347],[-132.49137,62.35217],[-132.49462,62.35042]]]}},{"type":"Feature","properties":{"c":"843.0","o":"Silver Range Resources Ltd. - 100%","e":"2032-03-13"},"geometry":{"type":"Polygon","coordinates":[[[-132.53726,62.30868],[-132.54387,62.3114],[-132.5382,62.31445],[-132.53159,62.31174],[-132.53726,62.30868]]]}},{"type":"Feature","properties":{"c":"139.0","o":"Deloitte Restructuring Inc. - 100%","e":"2029-03-31"},"geometry":{"type":"Polygon","coordinates":[[[-132.80868,62.17752],[-132.81756,62.17799],[-132.8166,62.18214],[-132.80781,62.18165],[-132.80868,62.17752]]]}},{"type":"Feature","properties":{"c":"58.0","o":"Deloitte Restructuring Inc. - 100%","e":"2029-03-31"},"geometry":{"type":"Polygon","coordinates":[[[-132.92378,62.1695],[-132.93229,62.16938],[-132.93243,62.17333],[-132.92387,62.17337],[-132.92378,62.1695]]]}},{"type":"Feature","properties":{"c":"39.0","o":"Deloitte Restructuring Inc. - 100%","e":"2029-03-31"},"geometry":{"type":"Polygon","coordinates":[[[-132.82204,62.15855],[-132.82239,62.15443],[-132.83113,62.15459],[-132.83078,62.15871],[-132.82204,62.15855]]]}},{"type":"Feature","properties":{"c":"43.0","o":"Silver Range Resources Ltd. - 100%","e":"2044-03-13"},"geometry":{"type":"Polygon","coordinates":[[[-132.94188,62.47859],[-132.94856,62.48128],[-132.94283,62.48432],[-132.93614,62.48163],[-132.94188,62.47859]]]}},{"type":"Feature","properties":{"c":"4.0","o":"Golden Predator Mining Corp - 100%","e":"2041-12-27"},"geometry":{"type":"Polygon","coordinates":[[[-132.96117,62.0961],[-132.96628,62.0928],[-132.97345,62.09525],[-132.96833,62.09855],[-132.96117,62.0961]]]}},{"type":"Feature","properties":{"c":"50.0","o":"Silver Range Resources Ltd. - 100%","e":"2031-03-13"},"geometry":{"type":"Polygon","coordinates":[[[-132.62425,62.34971],[-132.63088,62.35242],[-132.62521,62.35548],[-132.61858,62.35277],[-132.62425,62.34971]]]}},{"type":"Feature","properties":{"c":"87.0","o":"Silver Range Resources Ltd. - 100%","e":"2031-03-13"},"geometry":{"type":"Polygon","coordinates":[[[-132.65173,62.36632],[-132.65826,62.36899],[-132.65259,62.37205],[-132.64606,62.36938],[-132.65173,62.36632]]]}},{"type":"Feature","properties":{"c":"54.0","o":"Golden Predator Mining Corp - 100%","e":"2056-12-27"},"geometry":{"type":"Polygon","coordinates":[[[-132.91618,62.08287],[-132.90913,62.08045],[-132.91425,62.07715],[-132.9213,62.07957],[-132.91618,62.08287]]]}},{"type":"Feature","properties":{"c":"101.0","o":"Silver Range Resources Ltd. - 100%","e":"2031-03-13"},"geometry":{"type":"Polygon","coordinates":[[[-132.55425,62.33719],[-132.56086,62.3399],[-132.55519,62.34296],[-132.54857,62.34024],[-132.55174,62.33854],[-132.55425,62.33719]]]}},{"type":"Feature","properties":{"c":"343.0","o":"Silver Range Resources Ltd. - 100%","e":"2031-03-13"},"geometry":{"type":"Polygon","coordinates":[[[-132.60147,62.39957],[-132.60801,62.40224],[-132.60232,62.4053],[-132.59579,62.40263],[-132.59923,62.40077],[-132.60147,62.39957]]]}},{"type":"Feature","properties":{"c":"81.0","o":"Deloitte Restructuring Inc. - 100%","e":"2029-03-31"},"geometry":{"type":"Polygon","coordinates":[[[-132.87538,62.1972],[-132.88425,62.19713],[-132.88433,62.20111],[-132.87547,62.20113],[-132.87538,62.1972]]]}},{"type":"Feature","properties":{"c":"10.0","o":"Silver Range Resources Ltd. - 100%","e":"2031-03-13"},"geometry":{"type":"Polygon","coordinates":[[[-132.62706,62.32935],[-132.63368,62.33206],[-132.62801,62.33512],[-132.62139,62.33241],[-132.62706,62.32935]]]}},{"type":"Feature","properties":{"c":"44.0","o":"Deloitte Restructuring Inc. - 100%","e":"2029-03-31"},"geometry":{"type":"Polygon","coordinates":[[[-132.93776,62.14694],[-132.94653,62.14844],[-132.94293,62.15205],[-132.93471,62.15057],[-132.93776,62.14694]]]}},{"type":"Feature","properties":{"c":"68.0","o":"Silver Range Resources Ltd. - 100%","e":"2031-03-13"},"geometry":{"type":"Polygon","coordinates":[[[-132.57978,62.34227],[-132.5864,62.34498],[-132.58073,62.34804],[-132.5741,62.34533],[-132.57978,62.34227]]]}},{"type":"Feature","properties":{"c":"758.0","o":"Silver Range Resources Ltd. - 100%","e":"2040-03-13"},"geometry":{"type":"Polygon","coordinates":[[[-132.81962,62.41845],[-132.82636,62.42118],[-132.82053,62.42426],[-132.81386,62.42156],[-132.81962,62.41845]]]}},{"type":"Feature","properties":{"c":"331.0","o":"Silver Range Resources Ltd. - 100%","e":"2031-03-13"},"geometry":{"type":"Polygon","coordinates":[[[-132.56178,62.38334],[-132.56841,62.38605],[-132.56273,62.38911],[-132.5561,62.38639],[-132.55915,62.38475],[-132.56178,62.38334]]]}},{"type":"Feature","properties":{"c":"72.0","o":"Deloitte Restructuring Inc. - 100%","e":"2029-03-31"},"geometry":{"type":"Polygon","coordinates":[[[-132.87059,62.17538],[-132.86776,62.17154],[-132.87496,62.17046],[-132.87781,62.17407],[-132.87059,62.17538]]]}},{"type":"Feature","properties":{"c":"4.0","o":"Deloitte Restructuring Inc. - 100%","e":"2029-03-31"},"geometry":{"type":"Polygon","coordinates":[[[-132.99201,62.19697],[-132.98316,62.19701],[-132.98302,62.19277],[-132.99206,62.19284],[-132.99201,62.19697]]]}},{"type":"Feature","properties":{"c":"7.0","o":"Deloitte Restructuring Inc. - 100%","e":"2029-03-31"},"geometry":{"type":"Polygon","coordinates":[[[-132.93129,62.19303],[-132.93137,62.19725],[-132.92219,62.1973],[-132.92208,62.19306],[-132.93129,62.19303]]]}},{"type":"Feature","properties":{"c":"616.0","o":"Silver Range Resources Ltd. - 100%","e":"2031-03-13"},"geometry":{"type":"Polygon","coordinates":[[[-132.84352,62.44966],[-132.85019,62.45236],[-132.84452,62.45543],[-132.83785,62.45273],[-132.83811,62.45259],[-132.84352,62.44966]]]}},{"type":"Feature","properties":{"c":"281.0","o":"Silver Range Resources Ltd. - 100%","e":"2031-03-13"},"geometry":{"type":"Polygon","coordinates":[[[-132.59304,62.38536],[-132.59968,62.38808],[-132.59399,62.39113],[-132.58736,62.38842],[-132.5907,62.38662],[-132.59304,62.38536]]]}},{"type":"Feature","properties":{"c":"95.0","o":"Silver Range Resources Ltd. - 100%","e":"2031-03-13"},"geometry":{"type":"Polygon","coordinates":[[[-132.67786,62.37698],[-132.68439,62.37965],[-132.67872,62.38271],[-132.67218,62.38004],[-132.67786,62.37698]]]}},{"type":"Feature","properties":{"c":"320.0","o":"Silver Range Resources Ltd. - 100%","e":"2031-03-13"},"geometry":{"type":"Polygon","coordinates":[[[-132.51634,62.37011],[-132.52296,62.37282],[-132.51719,62.37592],[-132.51056,62.37321],[-132.51341,62.37168],[-132.51634,62.37011]]]}},{"type":"Feature","properties":{"c":"2260.0","o":"Silver Range Resources Ltd. - 100%","e":"2038-03-13"},"geometry":{"type":"Polygon","coordinates":[[[-132.79389,62.45127],[-132.80045,62.45393],[-132.79468,62.45704],[-132.78812,62.45438],[-132.79389,62.45127]]]}},{"type":"Feature","properties":{"c":"323.0","o":"Silver Range Resources Ltd. - 100%","e":"2031-03-13"},"geometry":{"type":"Polygon","coordinates":[[[-132.53527,62.37248],[-132.5419,62.3752],[-132.53621,62.37825],[-132.52959,62.37554],[-132.53238,62.37403],[-132.53527,62.37248]]]}},{"type":"Feature","properties":{"c":"238.0","o":"Silver Range Resources Ltd. - 100%","e":"2031-03-13"},"geometry":{"type":"Polygon","coordinates":[[[-132.63812,62.3984],[-132.64466,62.40107],[-132.63898,62.40413],[-132.63244,62.40146],[-132.63626,62.3994],[-132.63812,62.3984]]]}},{"type":"Feature","properties":{"c":"204.0","o":"Silver Range Resources Ltd. - 100%","e":"2031-03-13"},"geometry":{"type":"Polygon","coordinates":[[[-132.52584,62.35246],[-132.53246,62.35518],[-132.52678,62.35823],[-132.52016,62.35551],[-132.52288,62.35405],[-132.52584,62.35246]]]}},{"type":"Feature","properties":{"c":"123.0","o":"Lapie Mining Inc. - 100%","e":"2029-01-20"},"geometry":{"type":"Polygon","coordinates":[[[-132.95949,62.48033],[-132.96522,62.47728],[-132.9718,62.47994],[-132.96607,62.48298],[-132.96099,62.48093],[-132.95949,62.48033]]]}},{"type":"Feature","properties":{"c":"523.0","o":"Silver Range Resources Ltd. - 100%","e":"2031-03-13"},"geometry":{"type":"Polygon","coordinates":[[[-132.71402,62.41321],[-132.72056,62.41587],[-132.71489,62.41893],[-132.70834,62.41627],[-132.713,62.41375],[-132.71402,62.41321]]]}},{"type":"Feature","properties":{"c":"499.0","o":"Silver Range Resources Ltd. - 100%","e":"2031-03-13"},"geometry":{"type":"Polygon","coordinates":[[[-132.74196,62.43531],[-132.74851,62.43797],[-132.74283,62.44103],[-132.73628,62.43837],[-132.74114,62.43575],[-132.74196,62.43531]]]}},{"type":"Feature","properties":{"c":"9.0","o":"Golden Predator Mining Corp - 100%","e":"2035-09-13"},"geometry":{"type":"Polygon","coordinates":[[[-132.8975,62.046],[-132.90454,62.04844],[-132.89943,62.05173],[-132.89238,62.0493],[-132.8975,62.046]]]}},{"type":"Feature","properties":{"c":"31.0","o":"Deloitte Restructuring Inc. - 100%","e":"2029-03-31"},"geometry":{"type":"Polygon","coordinates":[[[-132.90436,62.18725],[-132.90466,62.1912],[-132.89705,62.19159],[-132.89614,62.18748],[-132.90436,62.18725]]]}},{"type":"Feature","properties":{"c":"595.0","o":"Silver Range Resources Ltd. - 100%","e":"2031-03-13"},"geometry":{"type":"Polygon","coordinates":[[[-132.78255,62.41959],[-132.78921,62.42229],[-132.78354,62.42535],[-132.77688,62.42265],[-132.78255,62.41959]]]}},{"type":"Feature","properties":{"c":"447.0","o":"Silver Range Resources Ltd. - 100%","e":"2031-03-13"},"geometry":{"type":"Polygon","coordinates":[[[-132.67822,62.42012],[-132.68476,62.42279],[-132.67908,62.42585],[-132.67253,62.42318],[-132.67671,62.42093],[-132.67822,62.42012]]]}},{"type":"Feature","properties":{"c":"112.0","o":"Deloitte Restructuring Inc. - 100%","e":"2029-03-31"},"geometry":{"type":"Polygon","coordinates":[[[-132.8273,62.1742],[-132.82619,62.17845],[-132.81756,62.17799],[-132.81855,62.17372],[-132.8273,62.1742]]]}},{"type":"Feature","properties":{"c":"291.0","o":"Silver Range Resources Ltd. - 100%","e":"2042-03-13"},"geometry":{"type":"Polygon","coordinates":[[[-132.892,62.48006],[-132.89868,62.48276],[-132.89284,62.48584],[-132.88616,62.48315],[-132.892,62.48006]]]}},{"type":"Feature","properties":{"c":"295.0","o":"Silver Range Resources Ltd. - 100%","e":"2042-03-13"},"geometry":{"type":"Polygon","coordinates":[[[-132.87864,62.47467],[-132.88532,62.47736],[-132.87948,62.48045],[-132.8728,62.47775],[-132.87864,62.47467]]]}},{"type":"Feature","properties":{"c":"721.0","o":"Silver Range Resources Ltd. - 100%","e":"2032-03-13"},"geometry":{"type":"Polygon","coordinates":[[[-132.52056,62.3992],[-132.52719,62.40191],[-132.52141,62.40501],[-132.51478,62.4023],[-132.52056,62.3992]]]}},{"type":"Feature","properties":{"c":"5.0","o":"Deloitte Restructuring Inc. - 100%","e":"2029-03-31"},"geometry":{"type":"Polygon","coordinates":[[[-132.9436,62.17576],[-132.93327,62.17587],[-132.93268,62.1755],[-132.94015,62.17317],[-132.94478,62.17642],[-132.94367,62.17674],[-132.9436,62.17576]]]}},{"type":"Feature","properties":{"c":"314.0","o":"Silver Range Resources Ltd. - 100%","e":"2042-03-13"},"geometry":{"type":"Polygon","coordinates":[[[-132.82442,62.44729],[-132.83109,62.44999],[-132.82525,62.45307],[-132.81858,62.45037],[-132.82442,62.44729]]]}},{"type":"Feature","properties":{"c":"62.0","o":"Golden Predator Mining Corp - 100%","e":"2051-12-27"},"geometry":{"type":"Polygon","coordinates":[[[-132.94457,62.0926],[-132.93744,62.09015],[-132.94256,62.08685],[-132.94971,62.08931],[-132.94457,62.0926]]]}},{"type":"Feature","properties":{"c":"146.0","o":"Silver Range Resources Ltd. - 100%","e":"2031-03-13"},"geometry":{"type":"Polygon","coordinates":[[[-132.53059,62.34364],[-132.53721,62.34635],[-132.53153,62.34941],[-132.52491,62.34669],[-132.52774,62.34517],[-132.53059,62.34364]]]}},{"type":"Feature","properties":{"c":"245.0","o":"Silver Range Resources Ltd. - 100%","e":"2042-03-13"},"geometry":{"type":"Polygon","coordinates":[[[-132.90706,62.49702],[-132.91375,62.49972],[-132.90791,62.50281],[-132.90122,62.50011],[-132.90706,62.49702]]]}},{"type":"Feature","properties":{"c":"37.0","o":"Silver Range Resources Ltd. - 100%","e":"2031-03-13"},"geometry":{"type":"Polygon","coordinates":[[[-132.59018,62.33039],[-132.5968,62.3331],[-132.59113,62.33616],[-132.58451,62.33345],[-132.59018,62.33039]]]}},{"type":"Feature","properties":{"c":"127.0","o":"Silver Range Resources Ltd. - 100%","e":"2031-03-13"},"geometry":{"type":"Polygon","coordinates":[[[-132.64038,62.37244],[-132.64691,62.37511],[-132.64124,62.37816],[-132.63471,62.3755],[-132.63872,62.37334],[-132.64038,62.37244]]]}},{"type":"Feature","properties":{"c":"304.0","o":"Silver Range Resources Ltd. - 100%","e":"2042-03-13"},"geometry":{"type":"Polygon","coordinates":[[[-132.85777,62.46079],[-132.86444,62.46349],[-132.85861,62.46657],[-132.85193,62.46387],[-132.85777,62.46079]]]}},{"type":"Feature","properties":{"c":"40.0","o":"Deloitte Restructuring Inc. - 100%","e":"2029-03-31"},"geometry":{"type":"Polygon","coordinates":[[[-132.99874,62.2142],[-133.00542,62.2113],[-133.01145,62.21428],[-133.005,62.21705],[-132.99874,62.2142]]]}},{"type":"Feature","properties":{"c":"222.0","o":"Silver Range Resources Ltd. - 100%","e":"2031-03-13"},"geometry":{"type":"Polygon","coordinates":[[[-132.58546,62.37688],[-132.59209,62.3796],[-132.58641,62.38265],[-132.57978,62.37994],[-132.58308,62.37816],[-132.58546,62.37688]]]}},{"type":"Feature","properties":{"c":"102.0","o":"Deloitte Restructuring Inc. - 100%","e":"2029-03-31"},"geometry":{"type":"Polygon","coordinates":[[[-132.88548,62.13085],[-132.88519,62.13501],[-132.87658,62.13484],[-132.87689,62.13068],[-132.88548,62.13085]]]}},{"type":"Feature","properties":{"c":"225.0","o":"Silver Range Resources Ltd. - 100%","e":"2031-03-13"},"geometry":{"type":"Polygon","coordinates":[[[-132.60441,62.37925],[-132.61104,62.38196],[-132.60536,62.38502],[-132.59872,62.38231],[-132.60225,62.38041],[-132.60441,62.37925]]]}},{"type":"Feature","properties":{"c":"558.0","o":"Silver Range Resources Ltd. - 100%","e":"2031-03-13"},"geometry":{"type":"Polygon","coordinates":[[[-132.71315,62.40748],[-132.71969,62.41014],[-132.71402,62.41321],[-132.70747,62.41054],[-132.71216,62.40802],[-132.71315,62.40748]]]}},{"type":"Feature","properties":{"c":"28.0","o":"Golden Predator Mining Corp - 100%","e":"2032-05-03"},"geometry":{"type":"Polygon","coordinates":[[[-132.78688,61.99806],[-132.79327,62.00086],[-132.78732,62.00386],[-132.78093,62.00107],[-132.78688,61.99806]]]}},{"type":"Feature","properties":{"c":"831.0","o":"Silver Range Resources Ltd. - 100%","e":"2032-03-13"},"geometry":{"type":"Polygon","coordinates":[[[-132.56183,62.308],[-132.56844,62.31071],[-132.56277,62.31377],[-132.55616,62.31106],[-132.56183,62.308]]]}},{"type":"Feature","properties":{"c":"151.0","o":"Deloitte Restructuring Inc. - 100%","e":"2029-03-31"},"geometry":{"type":"Polygon","coordinates":[[[-132.75664,62.17473],[-132.76535,62.1752],[-132.7644,62.17922],[-132.7557,62.17873],[-132.75664,62.17473]]]}},{"type":"Feature","properties":{"c":"118.0","o":"Deloitte Restructuring Inc. - 100%","e":"2029-03-31"},"geometry":{"type":"Polygon","coordinates":[[[-132.79968,62.17704],[-132.79098,62.17657],[-132.79207,62.17238],[-132.80066,62.17281],[-132.79968,62.17704]]]}},{"type":"Feature","properties":{"c":"45.0","o":"Golden Predator Mining Corp - 100%","e":"2035-12-27"},"geometry":{"type":"Polygon","coordinates":[[[-133.00398,62.11074],[-132.99692,62.10832],[-133.0021,62.10501],[-133.00916,62.10744],[-133.00398,62.11074]]]}},{"type":"Feature","properties":{"c":"417.0","o":"Silver Range Resources Ltd. - 100%","e":"2031-03-13"},"geometry":{"type":"Polygon","coordinates":[[[-132.50562,62.38213],[-132.51225,62.38484],[-132.50646,62.38795],[-132.49984,62.38523],[-132.50562,62.38213]]]}},{"type":"Feature","properties":{"c":"490.0","o":"Silver Range Resources Ltd. - 100%","e":"2031-03-13"},"geometry":{"type":"Polygon","coordinates":[[[-132.70353,62.42505],[-132.71008,62.42772],[-132.7044,62.43078],[-132.69785,62.42811],[-132.7023,62.42571],[-132.70353,62.42505]]]}},{"type":"Feature","properties":{"c":"3.0","o":"Deloitte Restructuring Inc. - 100%","e":"2028-03-31"},"geometry":{"type":"Polygon","coordinates":[[[-132.94187,62.16786],[-132.94969,62.16544],[-132.95427,62.16878],[-132.94643,62.17122],[-132.94187,62.16786]]]}},{"type":"Feature","properties":{"c":"82.0","o":"Golden Predator Mining Corp - 100%","e":"2033-12-27"},"geometry":{"type":"Polygon","coordinates":[[[-133.00819,62.1168],[-132.99942,62.11676],[-132.99961,62.11352],[-133.00096,62.11266],[-133.00843,62.1127],[-133.00819,62.1168]]]}},{"type":"Feature","properties":{"c":"33.0","o":"Deloitte Restructuring Inc. - 100%","e":"2029-03-31"},"geometry":{"type":"Polygon","coordinates":[[[-132.72571,62.20062],[-132.7345,62.20057],[-132.73461,62.2046],[-132.72582,62.20464],[-132.72571,62.20062]]]}},{"type":"Feature","properties":{"c":"8.0","o":"Deloitte Restructuring Inc. - 100%","e":"2029-03-31"},"geometry":{"type":"Polygon","coordinates":[[[-132.99218,62.17639],[-132.99225,62.18066],[-132.98367,62.18068],[-132.98356,62.17642],[-132.98438,62.17642],[-132.99218,62.17639]]]}},{"type":"Feature","properties":{"c":"8.0","o":"Silver Range Resources Ltd. - 100%","e":"2031-03-13"},"geometry":{"type":"Polygon","coordinates":[[[-132.62044,62.32664],[-132.62706,62.32935],[-132.62139,62.33241],[-132.61477,62.3297],[-132.62044,62.32664]]]}},{"type":"Feature","properties":{"c":"35.0","o":"Deloitte Restructuring Inc. - 100%","e":"2029-03-31"},"geometry":{"type":"Polygon","coordinates":[[[-132.88724,62.18794],[-132.88808,62.19204],[-132.88109,62.19239],[-132.88006,62.18831],[-132.88724,62.18794]]]}},{"type":"Feature","properties":{"c":"83.0","o":"Silver Range Resources Ltd. - 100%","e":"2031-03-13"},"geometry":{"type":"Polygon","coordinates":[[[-132.63847,62.3609],[-132.6451,62.36361],[-132.63942,62.36667],[-132.63279,62.36396],[-132.63847,62.3609]]]}},{"type":"Feature","properties":{"c":"2270.0","o":"Silver Range Resources Ltd. - 100%","e":"2038-03-13"},"geometry":{"type":"Polygon","coordinates":[[[-132.76514,62.46679],[-132.7717,62.46945],[-132.76611,62.47246],[-132.75955,62.4698],[-132.76514,62.46679]]]}},{"type":"Feature","properties":{"c":"212.0","o":"Silver Range Resources Ltd. - 100%","e":"2031-03-13"},"geometry":{"type":"Polygon","coordinates":[[[-132.55233,62.36332],[-132.55895,62.36603],[-132.55327,62.36909],[-132.54665,62.36637],[-132.54962,62.36477],[-132.55233,62.36332]]]}},{"type":"Feature","properties":{"c":"58.0","o":"Golden Predator Mining Corp - 100%","e":"2031-05-03"},"geometry":{"type":"Polygon","coordinates":[[[-132.68901,61.99927],[-132.69539,62.00207],[-132.68943,62.00507],[-132.68305,62.00227],[-132.68901,61.99927]]]}},{"type":"Feature","properties":{"c":"92.0","o":"Golden Predator Mining Corp - 100%","e":"2044-12-27"},"geometry":{"type":"Polygon","coordinates":[[[-132.76943,62.01976],[-132.76254,62.01733],[-132.7678,62.01401],[-132.77469,62.01644],[-132.76943,62.01976]]]}},{"type":"Feature","properties":{"c":"84.0","o":"Deloitte Restructuring Inc. - 100%","e":"2029-03-31"},"geometry":{"type":"Polygon","coordinates":[[[-132.88433,62.20111],[-132.89319,62.20109],[-132.89327,62.205],[-132.88441,62.20503],[-132.88433,62.20111]]]}},{"type":"Feature","properties":{"c":"73.0","o":"Silver Range Resources Ltd. - 100%","e":"2031-03-13"},"geometry":{"type":"Polygon","coordinates":[[[-132.60533,62.34735],[-132.61195,62.35006],[-132.60628,62.35312],[-132.59965,62.35041],[-132.60533,62.34735]]]}},{"type":"Feature","properties":{"c":"31.0","o":"Golden Predator Mining Corp - 100%","e":"2055-12-27"},"geometry":{"type":"Polygon","coordinates":[[[-132.89627,62.06084],[-132.8892,62.05841],[-132.89434,62.0551],[-132.9014,62.05754],[-132.89627,62.06084]]]}},{"type":"Feature","properties":{"c":"144.0","o":"Deloitte Restructuring Inc. - 100%","e":"2029-03-31"},"geometry":{"type":"Polygon","coordinates":[[[-132.91283,62.21785],[-132.91293,62.22161],[-132.90346,62.22169],[-132.90333,62.21789],[-132.91283,62.21785]]]}},{"type":"Feature","properties":{"c":"60.0","o":"Deloitte Restructuring Inc. - 100%","e":"2029-03-31"},"geometry":{"type":"Polygon","coordinates":[[[-132.98638,62.21335],[-132.99234,62.21649],[-132.98638,62.21919],[-132.98028,62.21624],[-132.98638,62.21335]]]}},{"type":"Feature","properties":{"c":"16.0","o":"Deloitte Restructuring Inc. - 100%","e":"2029-03-31"},"geometry":{"type":"Polygon","coordinates":[[[-132.96641,62.18496],[-132.96636,62.18072],[-132.97509,62.1807],[-132.97495,62.18495],[-132.96641,62.18496]]]}},{"type":"Feature","properties":{"c":"383.0","o":"Silver Range Resources Ltd. - 100%","e":"2031-03-13"},"geometry":{"type":"Polygon","coordinates":[[[-132.53706,62.38407],[-132.54369,62.38678],[-132.53791,62.38989],[-132.53128,62.38717],[-132.53706,62.38407]]]}},{"type":"Feature","properties":{"c":"22.0","o":"Deloitte Restructuring Inc. - 100%","e":"2028-03-31"},"geometry":{"type":"Polygon","coordinates":[[[-132.96934,62.17223],[-132.97537,62.17237],[-132.97524,62.17645],[-132.96934,62.17223]]]}},{"type":"Feature","properties":{"c":"251.0","o":"Silver Range Resources Ltd. - 100%","e":"2031-03-13"},"geometry":{"type":"Polygon","coordinates":[[[-132.49369,62.34465],[-132.50031,62.34737],[-132.49462,62.35042],[-132.48801,62.3477],[-132.49037,62.34643],[-132.49369,62.34465]]]}},{"type":"Feature","properties":{"c":"852.0","o":"Silver Range Resources Ltd. - 100%","e":"2032-03-13"},"geometry":{"type":"Polygon","coordinates":[[[-132.51363,62.31513],[-132.52024,62.31784],[-132.51456,62.3209],[-132.50795,62.31818],[-132.51363,62.31513]]]}},{"type":"Feature","properties":{"c":"471.0","o":"Silver Range Resources Ltd. - 100%","e":"2031-03-13"},"geometry":{"type":"Polygon","coordinates":[[[-132.75714,62.45221],[-132.7638,62.45491],[-132.75812,62.45797],[-132.75146,62.45527],[-132.7564,62.4526],[-132.75714,62.45221]]]}},{"type":"Feature","properties":{"c":"18.0","o":"Deloitte Restructuring Inc. - 100%","e":"2029-03-31"},"geometry":{"type":"Polygon","coordinates":[[[-132.82148,62.16266],[-132.81295,62.16249],[-132.8133,62.15839],[-132.82204,62.15855],[-132.82179,62.1615],[-132.82148,62.16266]]]}},{"type":"Feature","properties":{"c":"4.0","o":"Deloitte Restructuring Inc. - 100%","e":"2029-03-31"},"geometry":{"type":"Polygon","coordinates":[[[-132.91652,62.15628],[-132.9115,62.15273],[-132.91861,62.15052],[-132.92367,62.15418],[-132.91652,62.15628]]]}},{"type":"Feature","properties":{"c":"133.0","o":"Deloitte Restructuring Inc. - 100%","e":"2029-03-31"},"geometry":{"type":"Polygon","coordinates":[[[-132.83385,62.18311],[-132.83495,62.17892],[-132.8437,62.17939],[-132.8426,62.18359],[-132.83385,62.18311]]]}},{"type":"Feature","properties":{"c":"78.0","o":"Deloitte Restructuring Inc. - 100%","e":"2029-03-31"},"geometry":{"type":"Polygon","coordinates":[[[-132.8671,62.17874],[-132.8627,62.17881],[-132.86235,62.17466],[-132.86997,62.17453],[-132.87077,62.17562],[-132.86735,62.17816],[-132.8671,62.17874]]]}},{"type":"Feature","properties":{"c":"826.0","o":"Silver Range Resources Ltd. - 100%","e":"2032-03-13"},"geometry":{"type":"Polygon","coordinates":[[[-132.53633,62.30291],[-132.54294,62.30563],[-132.53726,62.30868],[-132.53065,62.30597],[-132.53633,62.30291]]]}},{"type":"Feature","properties":{"c":"516.0","o":"Silver Range Resources Ltd. - 100%","e":"2031-03-13"},"geometry":{"type":"Polygon","coordinates":[[[-132.68217,62.40561],[-132.68871,62.40828],[-132.68303,62.41134],[-132.67649,62.40867],[-132.6808,62.40635],[-132.68217,62.40561]]]}},{"type":"Feature","properties":{"c":"64.0","o":"Deloitte Restructuring Inc. - 100%","e":"2029-03-31"},"geometry":{"type":"Polygon","coordinates":[[[-133.00198,62.22372],[-132.99617,62.22061],[-132.99856,62.21977],[-133.00434,62.22268],[-133.00198,62.22372]]]}},{"type":"Feature","properties":{"c":"157.0","o":"Silver Range Resources Ltd. - 100%","e":"2038-03-13"},"geometry":{"type":"Polygon","coordinates":[[[-132.99419,62.32977],[-133.00093,62.33242],[-132.99828,62.33387],[-132.99195,62.331],[-132.99213,62.3309],[-132.99419,62.32977]]]}},{"type":"Feature","properties":{"c":"827.0","o":"Silver Range Resources Ltd. - 100%","e":"2032-03-13"},"geometry":{"type":"Polygon","coordinates":[[[-132.54861,62.30257],[-132.55522,62.30529],[-132.54955,62.30834],[-132.54294,62.30563],[-132.54861,62.30257]]]}},{"type":"Feature","properties":{"c":"2048.0","o":"Silver Range Resources Ltd. - 100%","e":"2038-03-13"},"geometry":{"type":"Polygon","coordinates":[[[-132.80446,62.48272],[-132.81114,62.48542],[-132.80538,62.48845],[-132.79871,62.48575],[-132.80446,62.48272]]]}},{"type":"Feature","properties":{"c":"168.0","o":"Silver Range Resources Ltd. - 100%","e":"2031-03-13"},"geometry":{"type":"Polygon","coordinates":[[[-132.60345,62.37348],[-132.61009,62.37619],[-132.60441,62.37925],[-132.59777,62.37654],[-132.60132,62.37463],[-132.60345,62.37348]]]}},{"type":"Feature","properties":{"c":"837.0","o":"Silver Range Resources Ltd. - 100%","e":"2032-03-13"},"geometry":{"type":"Polygon","coordinates":[[[-132.58167,62.31614],[-132.58829,62.31885],[-132.58262,62.32191],[-132.576,62.3192],[-132.58167,62.31614]]]}},{"type":"Feature","properties":{"c":"334.0","o":"Silver Range Resources Ltd. - 100%","e":"2031-03-13"},"geometry":{"type":"Polygon","coordinates":[[[-132.56273,62.38911],[-132.56936,62.39182],[-132.56358,62.39492],[-132.55695,62.39221],[-132.56025,62.39044],[-132.56273,62.38911]]]}},{"type":"Feature","properties":{"c":"8.0","o":"Deloitte Restructuring Inc. - 100%","e":"2028-03-31"},"geometry":{"type":"Polygon","coordinates":[[[-132.99428,62.17022],[-132.99189,62.16895],[-132.99273,62.16846],[-132.99875,62.17044],[-132.99722,62.17117],[-132.99051,62.17214],[-132.99428,62.17022]]]}},{"type":"Feature","properties":{"c":"19.0","o":"Golden Predator Mining Corp - 100%","e":"2032-05-03"},"geometry":{"type":"Polygon","coordinates":[[[-132.7838,62.00949],[-132.7909,62.01188],[-132.78586,62.01518],[-132.77886,62.01273],[-132.7838,62.00949]]]}},{"type":"Feature","properties":{"c":"513.0","o":"Silver Range Resources Ltd. - 100%","e":"2031-03-13"},"geometry":{"type":"Polygon","coordinates":[[[-132.68131,62.39989],[-132.68785,62.40255],[-132.68217,62.40561],[-132.67563,62.40295],[-132.67997,62.40061],[-132.68131,62.39989]]]}},{"type":"Feature","properties":{"c":"54.0","o":"Silver Range Resources Ltd. - 100%","e":"2031-03-13"},"geometry":{"type":"Polygon","coordinates":[[[-132.63751,62.35513],[-132.64414,62.35784],[-132.63847,62.3609],[-132.63184,62.35819],[-132.63751,62.35513]]]}},{"type":"Feature","properties":{"c":"311.0","o":"Silver Range Resources Ltd. - 100%","e":"2042-03-13"},"geometry":{"type":"Polygon","coordinates":[[[-132.82525,62.45307],[-132.83192,62.45577],[-132.82608,62.45886],[-132.81941,62.45616],[-132.82525,62.45307]]]}},{"type":"Feature","properties":{"c":"1.0","o":"Golden Predator Mining Corp - 100%","e":"2032-05-03"},"geometry":{"type":"Polygon","coordinates":[[[-132.86223,62.0339],[-132.86928,62.03632],[-132.86409,62.03962],[-132.85705,62.03719],[-132.86223,62.0339]]]}},{"type":"Feature","properties":{"c":"11.0","o":"Golden Predator Mining Corp - 100%","e":"2055-12-27"},"geometry":{"type":"Polygon","coordinates":[[[-132.83453,62.04466],[-132.83966,62.04136],[-132.84672,62.0438],[-132.84159,62.04711],[-132.83453,62.04466]]]}},{"type":"Feature","properties":{"c":"117.0","o":"Deloitte Restructuring Inc. - 100%","e":"2029-03-31"},"geometry":{"type":"Polygon","coordinates":[[[-132.81568,62.1861],[-132.82097,62.18638],[-132.82104,62.18907],[-132.81495,62.18911],[-132.81568,62.1861]]]}},{"type":"Feature","properties":{"c":"601.0","o":"Silver Range Resources Ltd. - 100%","e":"2031-03-13"},"geometry":{"type":"Polygon","coordinates":[[[-132.80253,62.42769],[-132.80919,62.43039],[-132.80352,62.43346],[-132.79686,62.43076],[-132.80253,62.42769]]]}},{"type":"Feature","properties":{"c":"65.0","o":"Deloitte Restructuring Inc. - 100%","e":"2029-03-31"},"geometry":{"type":"Polygon","coordinates":[[[-132.80457,62.19717],[-132.81324,62.19716],[-132.81326,62.20126],[-132.80468,62.20128],[-132.80457,62.19717]]]}},{"type":"Feature","properties":{"c":"385.0","o":"Silver Range Resources Ltd. - 100%","e":"2031-03-13"},"geometry":{"type":"Polygon","coordinates":[[[-132.54369,62.38678],[-132.55032,62.3895],[-132.54454,62.3926],[-132.53791,62.38989],[-132.54369,62.38678]]]}},{"type":"Feature","properties":{"c":"728.0","o":"Silver Range Resources Ltd. - 100%","e":"2032-03-13"},"geometry":{"type":"Polygon","coordinates":[[[-132.53467,62.41044],[-132.5413,62.41316],[-132.53552,62.41626],[-132.52888,62.41355],[-132.53467,62.41044]]]}},{"type":"Feature","properties":{"c":"693.0","o":"Silver Range Resources Ltd. - 100%","e":"2032-03-13"},"geometry":{"type":"Polygon","coordinates":[[[-132.5255,62.39027],[-132.53213,62.39299],[-132.52635,62.39609],[-132.51972,62.39338],[-132.5255,62.39027]]]}},{"type":"Feature","properties":{"c":"1166.0","o":"Silver Range Resources Ltd. - 100%","e":"2042-03-13"},"geometry":{"type":"Polygon","coordinates":[[[-132.92116,62.46462],[-132.92784,62.46731],[-132.92201,62.4704],[-132.91533,62.46771],[-132.92116,62.46462]]]}},{"type":"Feature","properties":{"c":"1168.0","o":"Silver Range Resources Ltd. - 100%","e":"2042-03-13"},"geometry":{"type":"Polygon","coordinates":[[[-132.91533,62.46771],[-132.92201,62.4704],[-132.91618,62.47349],[-132.9095,62.4708],[-132.91533,62.46771]]]}},{"type":"Feature","properties":{"c":"820.0","o":"Silver Range Resources Ltd. - 100%","e":"2032-03-13"},"geometry":{"type":"Polygon","coordinates":[[[-132.58073,62.31037],[-132.58734,62.31308],[-132.58167,62.31614],[-132.57506,62.31343],[-132.58073,62.31037]]]}},{"type":"Feature","properties":{"c":"48.0","o":"Deloitte Restructuring Inc. - 100%","e":"2029-03-31"},"geometry":{"type":"Polygon","coordinates":[[[-132.70861,62.18603],[-132.71718,62.18593],[-132.71735,62.19005],[-132.7088,62.19015],[-132.70861,62.18603]]]}},{"type":"Feature","properties":{"c":"668.0","o":"Silver Range Resources Ltd. - 100%","e":"2031-03-13"},"geometry":{"type":"Polygon","coordinates":[[[-132.8682,62.44892],[-132.87487,62.45162],[-132.8692,62.45469],[-132.86253,62.45199],[-132.8682,62.44892]]]}},{"type":"Feature","properties":{"c":"264.0","o":"Silver Range Resources Ltd. - 100%","e":"2031-03-13"},"geometry":{"type":"Polygon","coordinates":[[[-132.52771,62.364],[-132.53434,62.36671],[-132.52865,62.36977],[-132.52203,62.36705],[-132.52479,62.36557],[-132.52771,62.364]]]}},{"type":"Feature","properties":{"c":"592.0","o":"Silver Range Resources Ltd. - 100%","e":"2031-03-13"},"geometry":{"type":"Polygon","coordinates":[[[-132.76378,62.41733],[-132.77033,62.41999],[-132.76466,62.42305],[-132.7581,62.42039],[-132.76378,62.41733]]]}},{"type":"Feature","properties":{"c":"870.0","o":"Silver Range Resources Ltd. - 100%","e":"2032-03-13"},"geometry":{"type":"Polygon","coordinates":[[[-132.52872,62.3321],[-132.53533,62.33481],[-132.52965,62.33787],[-132.52304,62.33515],[-132.52872,62.3321]]]}},{"type":"Feature","properties":{"c":"2268.0","o":"Silver Range Resources Ltd. - 100%","e":"2038-03-13"},"geometry":{"type":"Polygon","coordinates":[[[-132.77082,62.46372],[-132.77738,62.46638],[-132.7717,62.46945],[-132.76514,62.46679],[-132.77082,62.46372]]]}},{"type":"Feature","properties":{"c":"221.0","o":"Silver Range Resources Ltd. - 100%","e":"2031-03-13"},"geometry":{"type":"Polygon","coordinates":[[[-132.59114,62.37383],[-132.59777,62.37654],[-132.59209,62.3796],[-132.58546,62.37688],[-132.58885,62.37506],[-132.59114,62.37383]]]}},{"type":"Feature","properties":{"c":"152.0","o":"Deloitte Restructuring Inc. - 100%","e":"2029-03-31"},"geometry":{"type":"Polygon","coordinates":[[[-132.74592,62.18231],[-132.74672,62.17839],[-132.75567,62.17885],[-132.75472,62.18284],[-132.74592,62.18231]]]}},{"type":"Feature","properties":{"c":"803.0","o":"Silver Range Resources Ltd. - 100%","e":"2040-03-13"},"geometry":{"type":"Polygon","coordinates":[[[-132.84362,62.41183],[-132.85035,62.41449],[-132.84459,62.41761],[-132.83787,62.41495],[-132.84362,62.41183]]]}},{"type":"Feature","properties":{"c":"18.0","o":"Golden Predator Mining Corp - 100%","e":"2053-12-27"},"geometry":{"type":"Polygon","coordinates":[[[-132.84868,62.04954],[-132.84354,62.05284],[-132.83646,62.05041],[-132.84159,62.04711],[-132.84868,62.04954]]]}},{"type":"Feature","properties":{"c":"855.0","o":"Silver Range Resources Ltd. - 100%","e":"2032-03-13"},"geometry":{"type":"Polygon","coordinates":[[[-132.53252,62.31751],[-132.53914,62.32022],[-132.53346,62.32328],[-132.52685,62.32056],[-132.53252,62.31751]]]}},{"type":"Feature","properties":{"c":"66.0","o":"Deloitte Restructuring Inc. - 100%","e":"2029-03-31"},"geometry":{"type":"Polygon","coordinates":[[[-133.00407,62.2285],[-132.99805,62.22544],[-133.00434,62.22268],[-133.01046,62.22576],[-133.00407,62.2285]]]}},{"type":"Feature","properties":{"c":"261.0","o":"Silver Range Resources Ltd. - 100%","e":"2031-03-13"},"geometry":{"type":"Polygon","coordinates":[[[-132.52678,62.35823],[-132.5334,62.36094],[-132.52771,62.364],[-132.52109,62.36128],[-132.52379,62.35984],[-132.52678,62.35823]]]}},{"type":"Feature","properties":{"c":"41.0","o":"Golden Predator Mining Corp - 100%","e":"2035-12-27"},"geometry":{"type":"Polygon","coordinates":[[[-132.89755,62.08665],[-132.89174,62.08466],[-132.89691,62.08135],[-132.90272,62.08334],[-132.89755,62.08665]]]}},{"type":"Feature","properties":{"c":"155.0","o":"Silver Range Resources Ltd. - 100%","e":"2031-03-13"},"geometry":{"type":"Polygon","coordinates":[[[-132.56937,62.35415],[-132.576,62.35686],[-132.57032,62.35992],[-132.56369,62.35721],[-132.56694,62.35546],[-132.56937,62.35415]]]}},{"type":"Feature","properties":{"c":"621.0","o":"Silver Range Resources Ltd. - 100%","e":"2031-03-13"},"geometry":{"type":"Polygon","coordinates":[[[-132.8692,62.45469],[-132.87588,62.45739],[-132.87021,62.46046],[-132.86354,62.45776],[-132.8692,62.45469]]]}},{"type":"Feature","properties":{"c":"7.0","o":"Deloitte Restructuring Inc. - 100%","e":"2028-03-31"},"geometry":{"type":"Polygon","coordinates":[[[-133.00438,62.16773],[-132.99875,62.17044],[-132.99273,62.16846],[-132.99848,62.16512],[-133.00438,62.16773]]]}},{"type":"Feature","properties":{"c":"141.0","o":"Deloitte Restructuring Inc. - 100%","e":"2029-03-31"},"geometry":{"type":"Polygon","coordinates":[[[-132.8945,62.21792],[-132.89436,62.2132],[-132.90318,62.21317],[-132.90333,62.21789],[-132.8945,62.21792]]]}},{"type":"Feature","properties":{"c":"2009.0","o":"Silver Range Resources Ltd. - 100%","e":"2038-03-13"},"geometry":{"type":"Polygon","coordinates":[[[-132.78938,62.46579],[-132.79605,62.4685],[-132.79308,62.47006],[-132.78641,62.46736],[-132.78938,62.46579]]]}},{"type":"Feature","properties":{"c":"173.0","o":"Deloitte Restructuring Inc. - 100%","e":"2029-03-31"},"geometry":{"type":"Polygon","coordinates":[[[-132.91385,62.16198],[-132.91916,62.16571],[-132.9142,62.1658],[-132.91385,62.16198]]]}},{"type":"Feature","properties":{"c":"451.0","o":"Silver Range Resources Ltd. - 100%","e":"2031-03-13"},"geometry":{"type":"Polygon","coordinates":[[[-132.69131,62.42545],[-132.69785,62.42811],[-132.69217,62.43118],[-132.68562,62.42851],[-132.68992,62.42619],[-132.69131,62.42545]]]}},{"type":"Feature","properties":{"c":"267.0","o":"Silver Range Resources Ltd. - 100%","e":"2031-03-13"},"geometry":{"type":"Polygon","coordinates":[[[-132.54665,62.36637],[-132.55327,62.36909],[-132.54759,62.37214],[-132.54096,62.36943],[-132.54385,62.36788],[-132.54665,62.36637]]]}},{"type":"Feature","properties":{"c":"224.0","o":"Silver Range Resources Ltd. - 100%","e":"2031-03-13"},"geometry":{"type":"Polygon","coordinates":[[[-132.59209,62.3796],[-132.59872,62.38231],[-132.59304,62.38536],[-132.58641,62.38265],[-132.58978,62.38084],[-132.59209,62.3796]]]}},{"type":"Feature","properties":{"c":"14.0","o":"Deloitte Restructuring Inc. - 100%","e":"2029-03-31"},"geometry":{"type":"Polygon","coordinates":[[[-132.90012,62.16963],[-132.90131,62.16962],[-132.9009,62.17348],[-132.90012,62.16963]]]}},{"type":"Feature","properties":{"c":"293.0","o":"Silver Range Resources Ltd. - 100%","e":"2042-03-13"},"geometry":{"type":"Polygon","coordinates":[[[-132.88532,62.47736],[-132.892,62.48006],[-132.88616,62.48315],[-132.87948,62.48045],[-132.88532,62.47736]]]}},{"type":"Feature","properties":{"c":"143.0","o":"Deloitte Restructuring Inc. - 100%","e":"2028-03-31"},"geometry":{"type":"Polygon","coordinates":[[[-132.9902,62.16811],[-132.99138,62.16768],[-132.99273,62.16846],[-132.99189,62.16895],[-132.9902,62.16811]]]}},{"type":"Feature","properties":{"c":"136.0","o":"Deloitte Restructuring Inc. - 100%","e":"2029-03-31"},"geometry":{"type":"Polygon","coordinates":[[[-132.87683,62.218],[-132.87692,62.22192],[-132.86808,62.222],[-132.86799,62.21803],[-132.87683,62.218]]]}},{"type":"Feature","properties":{"c":"528.0","o":"Silver Range Resources Ltd. - 100%","e":"2031-03-13"},"geometry":{"type":"Polygon","coordinates":[[[-132.72143,62.42159],[-132.72798,62.42426],[-132.72231,62.42732],[-132.71576,62.42466],[-132.72045,62.42212],[-132.72143,62.42159]]]}},{"type":"Feature","properties":{"c":"495.0","o":"Silver Range Resources Ltd. - 100%","e":"2031-03-13"},"geometry":{"type":"Polygon","coordinates":[[[-132.72886,62.42998],[-132.73541,62.43264],[-132.72973,62.43571],[-132.72318,62.43304],[-132.72791,62.43049],[-132.72886,62.42998]]]}},{"type":"Feature","properties":{"c":"111.0","o":"Deloitte Restructuring Inc. - 100%","e":"2029-03-31"},"geometry":{"type":"Polygon","coordinates":[[[-132.82172,62.19284],[-132.82176,62.19714],[-132.81303,62.19716],[-132.81299,62.1943],[-132.8137,62.19434],[-132.81405,62.19286],[-132.82113,62.19284],[-132.82172,62.19284]]]}},{"type":"Feature","properties":{"c":"170.0","o":"Silver Range Resources Ltd. - 100%","e":"2031-03-13"},"geometry":{"type":"Polygon","coordinates":[[[-132.61009,62.37619],[-132.61672,62.3789],[-132.61104,62.38196],[-132.60441,62.37925],[-132.60802,62.37731],[-132.61009,62.37619]]]}},{"type":"Feature","properties":{"c":"98.0","o":"Golden Predator Mining Corp - 100%","e":"2047-12-27"},"geometry":{"type":"Polygon","coordinates":[[[-132.79063,62.02711],[-132.78356,62.02466],[-132.78878,62.02134],[-132.79583,62.0238],[-132.79063,62.02711]]]}},{"type":"Feature","properties":{"c":"2028.0","o":"Silver Range Resources Ltd. - 100%","e":"2038-03-13"},"geometry":{"type":"Polygon","coordinates":[[[-132.84648,62.49166],[-132.85316,62.49436],[-132.85028,62.49588],[-132.8436,62.49318],[-132.84648,62.49166]]]}},{"type":"Feature","properties":{"c":"2031.0","o":"Silver Range Resources Ltd. - 100%","e":"2038-03-13"},"geometry":{"type":"Polygon","coordinates":[[[-132.8628,62.49549],[-132.86949,62.49819],[-132.86652,62.49976],[-132.85984,62.49706],[-132.8628,62.49549]]]}},{"type":"Feature","properties":{"c":"24.0","o":"Golden Predator Mining Corp - 100%","e":"2053-12-27"},"geometry":{"type":"Polygon","coordinates":[[[-132.82045,62.03976],[-132.82746,62.04221],[-132.82232,62.04551],[-132.81526,62.04307],[-132.82045,62.03976]]]}},{"type":"Feature","properties":{"c":"278.0","o":"Silver Range Resources Ltd. - 100%","e":"2042-03-13"},"geometry":{"type":"Polygon","coordinates":[[[-132.94463,62.49584],[-132.95132,62.49854],[-132.94549,62.50162],[-132.9388,62.49893],[-132.94463,62.49584]]]}},{"type":"Feature","properties":{"c":"508.0","o":"Silver Range Resources Ltd. - 100%","e":"2031-03-13"},"geometry":{"type":"Polygon","coordinates":[[[-132.76282,62.44914],[-132.76948,62.45185],[-132.7638,62.45491],[-132.75714,62.45221],[-132.76217,62.44949],[-132.76282,62.44914]]]}},{"type":"Feature","properties":{"c":"332.0","o":"Silver Range Resources Ltd. - 100%","e":"2031-03-13"},"geometry":{"type":"Polygon","coordinates":[[[-132.5561,62.38639],[-132.56273,62.38911],[-132.55695,62.39221],[-132.55032,62.3895],[-132.55356,62.38776],[-132.5561,62.38639]]]}},{"type":"Feature","properties":{"c":"2011.0","o":"Silver Range Resources Ltd. - 100%","e":"2038-03-13"},"geometry":{"type":"Polygon","coordinates":[[[-132.79605,62.4685],[-132.80272,62.4712],[-132.79975,62.47276],[-132.79308,62.47006],[-132.79605,62.4685]]]}},{"type":"Feature","properties":{"c":"268.0","o":"Silver Range Resources Ltd. - 100%","e":"2042-03-13"},"geometry":{"type":"Polygon","coordinates":[[[-132.83942,62.46426],[-132.8461,62.46696],[-132.84026,62.47004],[-132.83358,62.46734],[-132.83942,62.46426]]]}},{"type":"Feature","properties":{"c":"83.0","o":"Golden Predator Mining Corp - 100%","e":"2055-12-27"},"geometry":{"type":"Polygon","coordinates":[[[-132.93859,62.07539],[-132.93154,62.07297],[-132.93665,62.06967],[-132.9437,62.07209],[-132.93859,62.07539]]]}},{"type":"Feature","properties":{"c":"84.0","o":"Golden Predator Mining Corp - 100%","e":"2033-12-27"},"geometry":{"type":"Polygon","coordinates":[[[-133.00795,62.1209],[-132.99918,62.12086],[-132.99942,62.11676],[-133.00819,62.1168],[-133.00795,62.1209]]]}},{"type":"Feature","properties":{"c":"627.0","o":"Silver Range Resources Ltd. - 100%","e":"2031-03-13"},"geometry":{"type":"Polygon","coordinates":[[[-132.88923,62.46278],[-132.89591,62.46548],[-132.89024,62.46855],[-132.88356,62.46585],[-132.88923,62.46278]]]}},{"type":"Feature","properties":{"c":"675.0","o":"Silver Range Resources Ltd. - 100%","e":"2031-03-13"},"geometry":{"type":"Polygon","coordinates":[[[-132.90056,62.45665],[-132.90724,62.45934],[-132.90157,62.46241],[-132.8949,62.45971],[-132.90056,62.45665]]]}},{"type":"Feature","properties":{"c":"7.0","o":"Deloitte Restructuring Inc. - 100%","e":"2029-03-31"},"geometry":{"type":"Polygon","coordinates":[[[-132.92356,62.21274],[-132.92345,62.20867],[-132.93223,62.20865],[-132.93233,62.21273],[-132.92356,62.21274]]]}},{"type":"Feature","properties":{"c":"1156.0","o":"Silver Range Resources Ltd. - 100%","e":"2042-03-13"},"geometry":{"type":"Polygon","coordinates":[[[-132.98966,62.50317],[-132.98297,62.50048],[-132.98871,62.49744],[-132.9954,62.50013],[-132.98966,62.50317]]]}},{"type":"Feature","properties":{"c":"551.0","o":"Silver Range Resources Ltd. - 100%","e":"2031-03-13"},"geometry":{"type":"Polygon","coordinates":[[[-132.6992,62.39643],[-132.70574,62.39909],[-132.70006,62.40215],[-132.69352,62.39949],[-132.6981,62.39702],[-132.6992,62.39643]]]}},{"type":"Feature","properties":{"c":"3.0","o":"Deloitte Restructuring Inc. - 100%","e":"2029-03-31"},"geometry":{"type":"Polygon","coordinates":[[[-132.99198,62.19976],[-132.98896,62.20107],[-132.98329,62.20108],[-132.98316,62.19701],[-132.99201,62.19697],[-132.99198,62.19976]]]}},{"type":"Feature","properties":{"c":"58.0","o":"Golden Predator Mining Corp - 100%","e":"2052-12-27"},"geometry":{"type":"Polygon","coordinates":[[[-132.92836,62.08199],[-132.93541,62.0844],[-132.9303,62.0877],[-132.92324,62.08529],[-132.92836,62.08199]]]}},{"type":"Feature","properties":{"c":"104.0","o":"Silver Range Resources Ltd. - 100%","e":"2031-03-13"},"geometry":{"type":"Polygon","coordinates":[[[-132.55519,62.34296],[-132.56181,62.34567],[-132.55613,62.34873],[-132.54951,62.34601],[-132.55265,62.34432],[-132.55519,62.34296]]]}},{"type":"Feature","properties":{"c":"28.0","o":"Deloitte Restructuring Inc. - 100%","e":"2029-03-31"},"geometry":{"type":"Polygon","coordinates":[[[-132.69946,62.20477],[-132.70825,62.20473],[-132.70836,62.20875],[-132.69957,62.2088],[-132.69946,62.20477]]]}},{"type":"Feature","properties":{"c":"6.0","o":"Deloitte Restructuring Inc. - 100%","e":"2029-03-31"},"geometry":{"type":"Polygon","coordinates":[[[-132.88672,62.17794],[-132.88596,62.17797],[-132.88595,62.17405],[-132.88672,62.17794]]]}},{"type":"Feature","properties":{"c":"137.0","o":"Silver Range Resources Ltd. - 100%","e":"2031-03-13"},"geometry":{"type":"Polygon","coordinates":[[[-132.67304,62.38577],[-132.67958,62.38843],[-132.67391,62.3915],[-132.66737,62.38883],[-132.6717,62.3865],[-132.67304,62.38577]]]}},{"type":"Feature","properties":{"c":"562.0","o":"Silver Range Resources Ltd. - 100%","e":"2031-03-13"},"geometry":{"type":"Polygon","coordinates":[[[-132.72624,62.41281],[-132.73278,62.41547],[-132.72711,62.41853],[-132.72056,62.41587],[-132.72537,62.41327],[-132.72624,62.41281]]]}},{"type":"Feature","properties":{"c":"16.0","o":"Deloitte Restructuring Inc. - 100%","e":"2029-03-31"},"geometry":{"type":"Polygon","coordinates":[[[-132.6821,62.21292],[-132.67331,62.21296],[-132.67326,62.21098],[-132.68205,62.21094],[-132.6821,62.21292]]]}},{"type":"Feature","properties":{"c":"66.0","o":"Deloitte Restructuring Inc. - 100%","e":"2029-03-31"},"geometry":{"type":"Polygon","coordinates":[[[-132.80468,62.20128],[-132.81326,62.20126],[-132.81328,62.20523],[-132.80479,62.20524],[-132.80468,62.20128]]]}},{"type":"Feature","properties":{"c":"271.0","o":"Silver Range Resources Ltd. - 100%","e":"2042-03-13"},"geometry":{"type":"Polygon","coordinates":[[[-132.82024,62.46194],[-132.82691,62.46464],[-132.82107,62.46773],[-132.8144,62.46503],[-132.82024,62.46194]]]}},{"type":"Feature","properties":{"c":"124.0","o":"Deloitte Restructuring Inc. - 100%","e":"2029-03-31"},"geometry":{"type":"Polygon","coordinates":[[[-132.83889,62.18895],[-132.84768,62.18889],[-132.84785,62.19277],[-132.8392,62.19279],[-132.83889,62.18895]]]}},{"type":"Feature","properties":{"c":"281.0","o":"Silver Range Resources Ltd. - 100%","e":"2042-03-13"},"geometry":{"type":"Polygon","coordinates":[[[-132.92542,62.49354],[-132.93211,62.49624],[-132.92627,62.49932],[-132.91958,62.49663],[-132.92542,62.49354]]]}},{"type":"Feature","properties":{"c":"648.0","o":"Silver Range Resources Ltd. - 100%","e":"2031-03-13"},"geometry":{"type":"Polygon","coordinates":[[[-132.80154,62.42192],[-132.8082,62.42463],[-132.80253,62.42769],[-132.79587,62.42499],[-132.80154,62.42192]]]}},{"type":"Feature","properties":{"c":"136.0","o":"Deloitte Restructuring Inc. - 100%","e":"2029-03-31"},"geometry":{"type":"Polygon","coordinates":[[[-132.8251,62.18262],[-132.82408,62.18655],[-132.81568,62.1861],[-132.8166,62.18214],[-132.8251,62.18262]]]}},{"type":"Feature","properties":{"c":"140.0","o":"Deloitte Restructuring Inc. - 100%","e":"2029-03-31"},"geometry":{"type":"Polygon","coordinates":[[[-132.79873,62.18114],[-132.80781,62.18165],[-132.80697,62.18564],[-132.79781,62.18515],[-132.79873,62.18114]]]}},{"type":"Feature","properties":{"c":"4.0","o":"Golden Predator Mining Corp - 100%","e":"2032-05-03"},"geometry":{"type":"Polygon","coordinates":[[[-132.84108,62.02663],[-132.84813,62.02905],[-132.84296,62.03234],[-132.83593,62.0299],[-132.84108,62.02663]]]}},{"type":"Feature","properties":{"c":"515.0","o":"Silver Range Resources Ltd. - 100%","e":"2031-03-13"},"geometry":{"type":"Polygon","coordinates":[[[-132.68785,62.40255],[-132.69439,62.40521],[-132.68871,62.40828],[-132.68217,62.40561],[-132.68657,62.40324],[-132.68785,62.40255]]]}},{"type":"Feature","properties":{"c":"84.0","o":"Silver Range Resources Ltd. - 100%","e":"2031-03-13"},"geometry":{"type":"Polygon","coordinates":[[[-132.63279,62.36396],[-132.63942,62.36667],[-132.63375,62.36973],[-132.62712,62.36702],[-132.63279,62.36396]]]}},{"type":"Feature","properties":{"c":"12.0","o":"Golden Predator Mining Corp - 100%","e":"2032-05-03"},"geometry":{"type":"Polygon","coordinates":[[[-132.80584,62.01452],[-132.81289,62.01694],[-132.80777,62.02019],[-132.80074,62.01776],[-132.80584,62.01452]]]}},{"type":"Feature","properties":{"c":"127.0","o":"Lapie Mining Inc. - 100%","e":"2029-01-20"},"geometry":{"type":"Polygon","coordinates":[[[-132.94789,62.4754],[-132.9466,62.47488],[-132.95206,62.47198],[-132.95864,62.47463],[-132.9529,62.47768],[-132.94762,62.47554],[-132.94789,62.4754]]]}},{"type":"Feature","properties":{"c":"53.0","o":"Deloitte Restructuring Inc. - 100%","e":"2029-03-31"},"geometry":{"type":"Polygon","coordinates":[[[-132.88357,62.1555],[-132.89231,62.15567],[-132.89199,62.1598],[-132.88327,62.15962],[-132.88357,62.1555]]]}},{"type":"Feature","properties":{"c":"71.0","o":"Deloitte Restructuring Inc. - 100%","e":"2029-03-31"},"geometry":{"type":"Polygon","coordinates":[[[-132.87817,62.17825],[-132.87493,62.17876],[-132.87303,62.17868],[-132.87059,62.17538],[-132.87781,62.17407],[-132.87817,62.17825]]]}},{"type":"Feature","properties":{"c":"442.0","o":"Silver Range Resources Ltd. - 100%","e":"2031-03-13"},"geometry":{"type":"Polygon","coordinates":[[[-132.65291,62.41518],[-132.65945,62.41785],[-132.65377,62.42091],[-132.64723,62.41824],[-132.65121,62.4161],[-132.65291,62.41518]]]}},{"type":"Feature","properties":{"c":"34.0","o":"Silver Range Resources Ltd. - 100%","e":"2044-03-13"},"geometry":{"type":"Polygon","coordinates":[[[-132.93709,62.48736],[-132.94283,62.48432],[-132.94951,62.48702],[-132.9462,62.48877],[-132.94014,62.48859],[-132.93709,62.48736]]]}},{"type":"Feature","properties":{"c":"36.0","o":"Deloitte Restructuring Inc. - 100%","e":"2029-03-31"},"geometry":{"type":"Polygon","coordinates":[[[-132.78763,62.15376],[-132.79616,62.15395],[-132.79579,62.15806],[-132.78715,62.15789],[-132.78763,62.15376]]]}},{"type":"Feature","properties":{"c":"61.0","o":"Deloitte Restructuring Inc. - 100%","e":"2029-03-31"},"geometry":{"type":"Polygon","coordinates":[[[-132.91616,62.17736],[-132.90882,62.1774],[-132.90875,62.17344],[-132.91609,62.17341],[-132.91616,62.17736]]]}},{"type":"Feature","properties":{"c":"7.0","o":"Deloitte Restructuring Inc. - 100%","e":"2029-03-31"},"geometry":{"type":"Polygon","coordinates":[[[-132.71725,62.21273],[-132.71736,62.21676],[-132.70857,62.21681],[-132.70846,62.21278],[-132.71725,62.21273]]]}},{"type":"Feature","properties":{"c":"148.0","o":"Deloitte Restructuring Inc. - 100%","e":"2029-03-31"},"geometry":{"type":"Polygon","coordinates":[[[-132.76343,62.1833],[-132.7644,62.17922],[-132.77209,62.17965],[-132.77101,62.18371],[-132.76343,62.1833]]]}},{"type":"Feature","properties":{"c":"261.0","o":"Silver Range Resources Ltd. - 100%","e":"2042-03-13"},"geometry":{"type":"Polygon","coordinates":[[[-132.85361,62.47544],[-132.86029,62.47814],[-132.85445,62.48123],[-132.84777,62.47853],[-132.85361,62.47544]]]}},{"type":"Feature","properties":{"c":"744.0","o":"Silver Range Resources Ltd. - 100%","e":"2040-03-13"},"geometry":{"type":"Polygon","coordinates":[[[-132.77344,62.3997],[-132.77999,62.40236],[-132.77423,62.40548],[-132.76769,62.40282],[-132.77344,62.3997]]]}},{"type":"Feature","properties":{"c":"2184.0","o":"Silver Range Resources Ltd. - 100%","e":"2038-03-13"},"geometry":{"type":"Polygon","coordinates":[[[-132.78144,62.49486],[-132.78812,62.49756],[-132.78236,62.50059],[-132.77568,62.49789],[-132.78144,62.49486]]]}},{"type":"Feature","properties":{"c":"73.0","o":"Deloitte Restructuring Inc. - 100%","e":"2028-03-31"},"geometry":{"type":"Polygon","coordinates":[[[-132.94534,62.15754],[-132.95135,62.15901],[-132.94869,62.16039],[-132.94534,62.15754]]]}},{"type":"Feature","properties":{"c":"36.0","o":"Deloitte Restructuring Inc. - 100%","e":"2029-03-31"},"geometry":{"type":"Polygon","coordinates":[[[-132.87172,62.18451],[-132.87906,62.18434],[-132.88006,62.18831],[-132.87206,62.18854],[-132.87172,62.18451]]]}},{"type":"Feature","properties":{"c":"32.0","o":"Deloitte Restructuring Inc. - 100%","e":"2029-03-31"},"geometry":{"type":"Polygon","coordinates":[[[-132.88679,62.1867],[-132.89597,62.18688],[-132.89614,62.18748],[-132.88724,62.18794],[-132.88679,62.1867]]]}},{"type":"Feature","properties":{"c":"346.0","o":"Silver Range Resources Ltd. - 100%","e":"2031-03-13"},"geometry":{"type":"Polygon","coordinates":[[[-132.60232,62.4053],[-132.60886,62.40796],[-132.60308,62.41107],[-132.59654,62.4084],[-132.60023,62.40642],[-132.60232,62.4053]]]}},{"type":"Feature","properties":{"c":"510.0","o":"Silver Range Resources Ltd. - 100%","e":"2031-03-13"},"geometry":{"type":"Polygon","coordinates":[[[-132.76948,62.45185],[-132.77614,62.45455],[-132.77047,62.45761],[-132.7638,62.45491],[-132.7689,62.45216],[-132.76948,62.45185]]]}},{"type":"Feature","properties":{"c":"7.0","o":"Deloitte Restructuring Inc. - 100%","e":"2029-03-31"},"geometry":{"type":"Polygon","coordinates":[[[-132.88075,62.17886],[-132.88116,62.17886],[-132.88126,62.1828],[-132.87971,62.18278],[-132.88075,62.17886]]]}},{"type":"Feature","properties":{"c":"182.0","o":"Silver Range Resources Ltd. - 100%","e":"2031-03-13"},"geometry":{"type":"Polygon","coordinates":[[[-132.64948,62.39228],[-132.65602,62.39495],[-132.65034,62.39801],[-132.6438,62.39534],[-132.6478,62.39319],[-132.64948,62.39228]]]}},{"type":"Feature","properties":{"c":"134.0","o":"Deloitte Restructuring Inc. - 100%","e":"2029-03-31"},"geometry":{"type":"Polygon","coordinates":[[[-132.86808,62.222],[-132.85924,62.22207],[-132.85916,62.21806],[-132.86799,62.21803],[-132.86808,62.222]]]}},{"type":"Feature","properties":{"c":"259.0","o":"Silver Range Resources Ltd. - 100%","e":"2031-03-13"},"geometry":{"type":"Polygon","coordinates":[[[-132.52016,62.35551],[-132.52678,62.35823],[-132.52109,62.36128],[-132.51447,62.35857],[-132.5171,62.35716],[-132.52016,62.35551]]]}},{"type":"Feature","properties":{"c":"62.0","o":"Deloitte Restructuring Inc. - 100%","e":"2029-03-31"},"geometry":{"type":"Polygon","coordinates":[[[-132.78711,62.20533],[-132.78699,62.20131],[-132.79574,62.20129],[-132.79588,62.2053],[-132.78711,62.20533]]]}},{"type":"Feature","properties":{"c":"4.0","o":"Deloitte Restructuring Inc. - 100%","e":"2028-03-31"},"geometry":{"type":"Polygon","coordinates":[[[-132.98561,62.16544],[-132.984,62.16442],[-132.9862,62.16507],[-132.98561,62.16544]]]}},{"type":"Feature","properties":{"c":"209.0","o":"Silver Range Resources Ltd. - 100%","e":"2031-03-13"},"geometry":{"type":"Polygon","coordinates":[[[-132.55139,62.35755],[-132.55801,62.36026],[-132.55233,62.36332],[-132.54571,62.3606],[-132.54871,62.35899],[-132.55139,62.35755]]]}},{"type":"Feature","properties":{"c":"636.0","o":"Silver Range Resources Ltd. - 100%","e":"2031-03-13"},"geometry":{"type":"Polygon","coordinates":[[[-132.76202,62.40588],[-132.76857,62.40854],[-132.7629,62.4116],[-132.75635,62.40894],[-132.76202,62.40588]]]}},{"type":"Feature","properties":{"c":"63.0","o":"Golden Predator Mining Corp - 100%","e":"2037-12-27"},"geometry":{"type":"Polygon","coordinates":[[[-132.7504,62.02575],[-132.75079,62.02165],[-132.75562,62.02171],[-132.75202,62.02398],[-132.75727,62.02583],[-132.7504,62.02575]]]}},{"type":"Feature","properties":{"c":"40.0","o":"Deloitte Restructuring Inc. - 100%","e":"2029-03-31"},"geometry":{"type":"Polygon","coordinates":[[[-132.82204,62.15855],[-132.83078,62.15871],[-132.83051,62.16195],[-132.82179,62.1615],[-132.82204,62.15855]]]}},{"type":"Feature","properties":{"c":"167.0","o":"Deloitte Restructuring Inc. - 100%","e":"2029-03-31"},"geometry":{"type":"Polygon","coordinates":[[[-132.91399,62.20462],[-132.90578,62.20464],[-132.90511,62.20126],[-132.91387,62.20124],[-132.91399,62.20462]]]}},{"type":"Feature","properties":{"c":"517.0","o":"Silver Range Resources Ltd. - 100%","e":"2031-03-13"},"geometry":{"type":"Polygon","coordinates":[[[-132.69439,62.40521],[-132.70093,62.40788],[-132.69525,62.41094],[-132.68871,62.40828],[-132.69318,62.40587],[-132.69439,62.40521]]]}},{"type":"Feature","properties":{"c":"156.0","o":"Silver Range Resources Ltd. - 100%","e":"2038-03-13"},"geometry":{"type":"Polygon","coordinates":[[[-132.98907,62.32775],[-132.99419,62.32977],[-132.99195,62.331],[-132.98682,62.32868],[-132.98907,62.32775]]]}},{"type":"Feature","properties":{"c":"15.0","o":"Deloitte Restructuring Inc. - 100%","e":"2029-03-31"},"geometry":{"type":"Polygon","coordinates":[[[-132.97509,62.1807],[-132.97524,62.17645],[-132.98356,62.17642],[-132.98367,62.18068],[-132.97509,62.1807]]]}},{"type":"Feature","properties":{"c":"869.0","o":"Silver Range Resources Ltd. - 100%","e":"2032-03-13"},"geometry":{"type":"Polygon","coordinates":[[[-132.5344,62.32904],[-132.54101,62.33176],[-132.53533,62.33481],[-132.52872,62.3321],[-132.5344,62.32904]]]}},{"type":"Feature","properties":{"c":"273.0","o":"Silver Range Resources Ltd. - 100%","e":"2031-03-13"},"geometry":{"type":"Polygon","coordinates":[[[-132.56652,62.37451],[-132.57315,62.37723],[-132.56747,62.38028],[-132.56084,62.37757],[-132.56392,62.37591],[-132.56652,62.37451]]]}},{"type":"Feature","properties":{"c":"30.0","o":"Golden Predator Mining Corp - 100%","e":"2038-12-27"},"geometry":{"type":"Polygon","coordinates":[[[-132.92393,62.09061],[-132.91687,62.08819],[-132.92202,62.08487],[-132.92908,62.08729],[-132.92393,62.09061]]]}},{"type":"Feature","properties":{"c":"29.0","o":"Golden Predator Mining Corp - 100%","e":"2037-12-27"},"geometry":{"type":"Polygon","coordinates":[[[-132.931,62.09303],[-132.92393,62.09061],[-132.92908,62.08729],[-132.93614,62.08971],[-132.931,62.09303]]]}},{"type":"Feature","properties":{"c":"2029.0","o":"Silver Range Resources Ltd. - 100%","e":"2038-03-13"},"geometry":{"type":"Polygon","coordinates":[[[-132.85612,62.4928],[-132.8628,62.49549],[-132.85984,62.49706],[-132.85316,62.49436],[-132.85612,62.4928]]]}},{"type":"Feature","properties":{"c":"46.0","o":"Deloitte Restructuring Inc. - 100%","e":"2029-03-31"},"geometry":{"type":"Polygon","coordinates":[[[-132.84827,62.15904],[-132.85701,62.1592],[-132.85669,62.16301],[-132.84785,62.16286],[-132.84827,62.15904]]]}},{"type":"Feature","properties":{"c":"42.0","o":"Golden Predator Mining Corp - 100%","e":"2032-05-03"},"geometry":{"type":"Polygon","coordinates":[[[-132.73835,61.99847],[-132.74474,62.00127],[-132.73878,62.00427],[-132.7324,62.00147],[-132.73835,61.99847]]]}},{"type":"Feature","properties":{"c":"676.0","o":"Silver Range Resources Ltd. - 100%","e":"2031-03-13"},"geometry":{"type":"Polygon","coordinates":[[[-132.8949,62.45971],[-132.90157,62.46241],[-132.89591,62.46548],[-132.88923,62.46278],[-132.8949,62.45971]]]}},{"type":"Feature","properties":{"c":"296.0","o":"Silver Range Resources Ltd. - 100%","e":"2031-03-13"},"geometry":{"type":"Polygon","coordinates":[[[-132.63329,62.40718],[-132.63983,62.40985],[-132.63415,62.41291],[-132.62761,62.41024],[-132.6314,62.4082],[-132.63329,62.40718]]]}},{"type":"Feature","properties":{"c":"10.0","o":"Deloitte Restructuring Inc. - 100%","e":"2029-03-31"},"geometry":{"type":"Polygon","coordinates":[[[-132.9059,62.2087],[-132.90578,62.20464],[-132.91456,62.20462],[-132.91468,62.20869],[-132.9059,62.2087]]]}},{"type":"Feature","properties":{"c":"329.0","o":"Silver Range Resources Ltd. - 100%","e":"2031-03-13"},"geometry":{"type":"Polygon","coordinates":[[[-132.55515,62.38062],[-132.56178,62.38334],[-132.5561,62.38639],[-132.54947,62.38368],[-132.55246,62.38207],[-132.55515,62.38062]]]}},{"type":"Feature","properties":{"c":"575.0","o":"Silver Range Resources Ltd. - 100%","e":"2031-03-13"},"geometry":{"type":"Polygon","coordinates":[[[-132.77787,62.42842],[-132.78453,62.43112],[-132.77885,62.43418],[-132.77219,62.43148],[-132.77754,62.42859],[-132.77787,62.42842]]]}},{"type":"Feature","properties":{"c":"33.0","o":"Golden Predator Mining Corp - 100%","e":"2037-12-27"},"geometry":{"type":"Polygon","coordinates":[[[-132.9207,62.09967],[-132.91364,62.09724],[-132.91879,62.09393],[-132.92585,62.09635],[-132.9207,62.09967]]]}},{"type":"Feature","properties":{"c":"650.0","o":"Silver Range Resources Ltd. - 100%","e":"2031-03-13"},"geometry":{"type":"Polygon","coordinates":[[[-132.8082,62.42463],[-132.81486,62.42733],[-132.80919,62.43039],[-132.80253,62.42769],[-132.8082,62.42463]]]}},{"type":"Feature","properties":{"c":"535.0","o":"Silver Range Resources Ltd. - 100%","e":"2031-03-13"},"geometry":{"type":"Polygon","coordinates":[[[-132.75331,62.42918],[-132.75986,62.43184],[-132.75419,62.4349],[-132.74763,62.43224],[-132.75268,62.42952],[-132.75331,62.42918]]]}},{"type":"Feature","properties":{"c":"2026.0","o":"Silver Range Resources Ltd. - 100%","e":"2038-03-13"},"geometry":{"type":"Polygon","coordinates":[[[-132.8398,62.48897],[-132.84648,62.49166],[-132.8436,62.49318],[-132.83692,62.49048],[-132.8398,62.48897]]]}},{"type":"Feature","properties":{"c":"501.0","o":"Silver Range Resources Ltd. - 100%","e":"2031-03-13"},"geometry":{"type":"Polygon","coordinates":[[[-132.74851,62.43797],[-132.75517,62.44067],[-132.74949,62.44373],[-132.74283,62.44103],[-132.74776,62.43837],[-132.74851,62.43797]]]}},{"type":"Feature","properties":{"c":"210.0","o":"Silver Range Resources Ltd. - 100%","e":"2031-03-13"},"geometry":{"type":"Polygon","coordinates":[[[-132.54571,62.3606],[-132.55233,62.36332],[-132.54665,62.36637],[-132.54002,62.36366],[-132.54293,62.36209],[-132.54571,62.3606]]]}},{"type":"Feature","properties":{"c":"255.0","o":"Silver Range Resources Ltd. - 100%","e":"2031-03-13"},"geometry":{"type":"Polygon","coordinates":[[[-132.50692,62.35008],[-132.51354,62.3528],[-132.50786,62.35585],[-132.50124,62.35314],[-132.50374,62.35179],[-132.50692,62.35008]]]}},{"type":"Feature","properties":{"c":"80.0","o":"Golden Predator Mining Corp - 100%","e":"2056-12-27"},"geometry":{"type":"Polygon","coordinates":[[[-132.91232,62.07143],[-132.91744,62.06813],[-132.92449,62.07055],[-132.91937,62.07385],[-132.91232,62.07143]]]}},{"type":"Feature","properties":{"c":"28.0","o":"Golden Predator Mining Corp - 100%","e":"2055-12-27"},"geometry":{"type":"Polygon","coordinates":[[[-132.86285,62.05441],[-132.86993,62.05684],[-132.86478,62.06015],[-132.8577,62.05771],[-132.86213,62.05487],[-132.86285,62.05441]]]}},{"type":"Feature","properties":{"c":"21.0","o":"Deloitte Restructuring Inc. - 100%","e":"2029-03-31"},"geometry":{"type":"Polygon","coordinates":[[[-132.88949,62.18669],[-132.89012,62.18284],[-132.89903,62.18323],[-132.89793,62.18688],[-132.88949,62.18669]]]}},{"type":"Feature","properties":{"c":"237.0","o":"Silver Range Resources Ltd. - 100%","e":"2042-03-13"},"geometry":{"type":"Polygon","coordinates":[[[-132.79522,62.46271],[-132.80189,62.46541],[-132.79605,62.4685],[-132.78938,62.46579],[-132.79522,62.46271]]]}},{"type":"Feature","properties":{"c":"305.0","o":"Silver Range Resources Ltd. - 100%","e":"2042-03-13"},"geometry":{"type":"Polygon","coordinates":[[[-132.84526,62.46117],[-132.85193,62.46387],[-132.8461,62.46696],[-132.83942,62.46426],[-132.84526,62.46117]]]}},{"type":"Feature","properties":{"c":"219.0","o":"Silver Range Resources Ltd. - 100%","e":"2042-03-13"},"geometry":{"type":"Polygon","coordinates":[[[-132.85528,62.48701],[-132.86196,62.48971],[-132.85612,62.4928],[-132.84944,62.4901],[-132.85528,62.48701]]]}},{"type":"Feature","properties":{"c":"70.0","o":"Deloitte Restructuring Inc. - 100%","e":"2029-03-31"},"geometry":{"type":"Polygon","coordinates":[[[-132.82217,62.20124],[-132.83114,62.20123],[-132.83127,62.20521],[-132.82222,62.20522],[-132.82217,62.20124]]]}},{"type":"Feature","properties":{"c":"814.0","o":"Silver Range Resources Ltd. - 100%","e":"2032-03-13"},"geometry":{"type":"Polygon","coordinates":[[[-132.56089,62.30223],[-132.5675,62.30494],[-132.56183,62.308],[-132.55522,62.30529],[-132.56089,62.30223]]]}},{"type":"Feature","properties":{"c":"294.0","o":"Silver Range Resources Ltd. - 100%","e":"2031-03-13"},"geometry":{"type":"Polygon","coordinates":[[[-132.62676,62.40452],[-132.63329,62.40718],[-132.62761,62.41024],[-132.62108,62.40757],[-132.6248,62.40557],[-132.62676,62.40452]]]}},{"type":"Feature","properties":{"c":"65.0","o":"Silver Range Resources Ltd. - 100%","e":"2031-03-13"},"geometry":{"type":"Polygon","coordinates":[[[-132.57884,62.3365],[-132.58546,62.33921],[-132.57978,62.34227],[-132.57316,62.33956],[-132.57884,62.3365]]]}},{"type":"Feature","properties":{"c":"8.0","o":"Deloitte Restructuring Inc. - 100%","e":"2029-03-31"},"geometry":{"type":"Polygon","coordinates":[[[-132.92604,62.14821],[-132.93242,62.14623],[-132.93583,62.14922],[-132.93432,62.15104],[-132.93121,62.15196],[-132.92604,62.14821]]]}},{"type":"Feature","properties":{"c":"7.0","o":"Deloitte Restructuring Inc. - 100%","e":"2029-03-31"},"geometry":{"type":"Polygon","coordinates":[[[-132.91861,62.15052],[-132.92604,62.14821],[-132.93121,62.15196],[-132.92367,62.15418],[-132.91861,62.15052]]]}},{"type":"Feature","properties":{"c":"37.0","o":"Deloitte Restructuring Inc. - 100%","e":"2029-03-31"},"geometry":{"type":"Polygon","coordinates":[[[-132.96363,62.21763],[-132.957,62.21469],[-132.9631,62.21166],[-132.96974,62.21461],[-132.96363,62.21763]]]}},{"type":"Feature","properties":{"c":"153.0","o":"Silver Range Resources Ltd. - 100%","e":"2038-03-13"},"geometry":{"type":"Polygon","coordinates":[[[-133.00561,62.32351],[-133.01234,62.32617],[-133.00663,62.32929],[-132.9999,62.32664],[-133.00561,62.32351]]]}},{"type":"Feature","properties":{"c":"31.0","o":"Deloitte Restructuring Inc. - 100%","e":"2029-03-31"},"geometry":{"type":"Polygon","coordinates":[[[-132.98844,62.22293],[-132.98242,62.22591],[-132.97626,62.2232],[-132.98232,62.2202],[-132.98844,62.22293]]]}},{"type":"Feature","properties":{"c":"647.0","o":"Silver Range Resources Ltd. - 100%","e":"2031-03-13"},"geometry":{"type":"Polygon","coordinates":[[[-132.8072,62.41886],[-132.81386,62.42156],[-132.8082,62.42463],[-132.80154,62.42192],[-132.8072,62.41886]]]}},{"type":"Feature","properties":{"c":"849.0","o":"Silver Range Resources Ltd. - 100%","e":"2032-03-13"},"geometry":{"type":"Polygon","coordinates":[[[-132.5571,62.31682],[-132.56371,62.31954],[-132.55804,62.32259],[-132.55143,62.31988],[-132.5571,62.31682]]]}},{"type":"Feature","properties":{"c":"788.0","o":"Silver Range Resources Ltd. - 100%","e":"2040-03-13"},"geometry":{"type":"Polygon","coordinates":[[[-132.91967,62.45892],[-132.92635,62.46162],[-132.9206,62.46473],[-132.91392,62.46204],[-132.91967,62.45892]]]}},{"type":"Feature","properties":{"c":"22.0","o":"Deloitte Restructuring Inc. - 100%","e":"2029-03-31"},"geometry":{"type":"Polygon","coordinates":[[[-132.89903,62.18323],[-132.89044,62.18284],[-132.89102,62.17903],[-132.89974,62.17917],[-132.89956,62.1815],[-132.89903,62.18323]]]}},{"type":"Feature","properties":{"c":"699.0","o":"Silver Range Resources Ltd. - 100%","e":"2032-03-13"},"geometry":{"type":"Polygon","coordinates":[[[-132.54539,62.39842],[-132.55202,62.40113],[-132.54624,62.40424],[-132.53961,62.40152],[-132.54539,62.39842]]]}},{"type":"Feature","properties":{"c":"103.0","o":"Deloitte Restructuring Inc. - 100%","e":"2029-03-31"},"geometry":{"type":"Polygon","coordinates":[[[-132.87658,62.13484],[-132.88519,62.13501],[-132.88486,62.1391],[-132.87622,62.13893],[-132.87658,62.13484]]]}},{"type":"Feature","properties":{"c":"88.0","o":"Deloitte Restructuring Inc. - 100%","e":"2029-03-31"},"geometry":{"type":"Polygon","coordinates":[[[-132.87918,62.16641],[-132.88788,62.16626],[-132.88825,62.16992],[-132.87964,62.1702],[-132.87918,62.16641]]]}},{"type":"Feature","properties":{"c":"784.0","o":"Silver Range Resources Ltd. - 100%","e":"2040-03-13"},"geometry":{"type":"Polygon","coordinates":[[[-132.90632,62.45353],[-132.91299,62.45622],[-132.90724,62.45934],[-132.90056,62.45665],[-132.90632,62.45353]]]}},{"type":"Feature","properties":{"c":"44.0","o":"Golden Predator Mining Corp - 100%","e":"2035-12-27"},"geometry":{"type":"Polygon","coordinates":[[[-133.0021,62.10501],[-132.99504,62.10258],[-133.00013,62.09934],[-133.00719,62.10177],[-133.0021,62.10501]]]}},{"type":"Feature","properties":{"c":"45.0","o":"Deloitte Restructuring Inc. - 100%","e":"2029-03-31"},"geometry":{"type":"Polygon","coordinates":[[[-132.94849,62.18499],[-132.95731,62.185],[-132.95734,62.18895],[-132.94869,62.18898],[-132.94849,62.18499]]]}},{"type":"Feature","properties":{"c":"215.0","o":"Silver Range Resources Ltd. - 100%","e":"2031-03-13"},"geometry":{"type":"Polygon","coordinates":[[[-132.57126,62.36569],[-132.57789,62.3684],[-132.57221,62.37146],[-132.56558,62.36875],[-132.56877,62.36703],[-132.57126,62.36569]]]}},{"type":"Feature","properties":{"c":"232.0","o":"Silver Range Resources Ltd. - 100%","e":"2042-03-13"},"geometry":{"type":"Polygon","coordinates":[[[-132.82107,62.46773],[-132.82774,62.47043],[-132.8219,62.47351],[-132.81523,62.47081],[-132.82107,62.46773]]]}},{"type":"Feature","properties":{"c":"130.0","o":"Lapie Mining Inc. - 100%","e":"2029-01-20"},"geometry":{"type":"Polygon","coordinates":[[[-132.95122,62.46629],[-132.9578,62.46894],[-132.95206,62.47198],[-132.94548,62.46933],[-132.95122,62.46629]]]}},{"type":"Feature","properties":{"c":"102.0","o":"Deloitte Restructuring Inc. - 100%","e":"2029-03-31"},"geometry":{"type":"Polygon","coordinates":[[[-132.76001,62.1891],[-132.76848,62.18907],[-132.76857,62.19302],[-132.76011,62.19307],[-132.76001,62.1891]]]}},{"type":"Feature","properties":{"c":"49.0","o":"Deloitte Restructuring Inc. - 100%","e":"2029-03-31"},"geometry":{"type":"Polygon","coordinates":[[[-132.90213,62.20497],[-132.9022,62.20905],[-132.89335,62.20908],[-132.89327,62.205],[-132.90213,62.20497]]]}},{"type":"Feature","properties":{"c":"232.0","o":"Silver Range Resources Ltd. - 100%","e":"2031-03-13"},"geometry":{"type":"Polygon","coordinates":[[[-132.61852,62.3904],[-132.62505,62.39307],[-132.61937,62.39612],[-132.61284,62.39346],[-132.61646,62.39151],[-132.61852,62.3904]]]}},{"type":"Feature","properties":{"c":"174.0","o":"Silver Range Resources Ltd. - 100%","e":"2031-03-13"},"geometry":{"type":"Polygon","coordinates":[[[-132.62335,62.38161],[-132.62988,62.38428],[-132.6242,62.38734],[-132.61767,62.38467],[-132.62141,62.38266],[-132.62335,62.38161]]]}},{"type":"Feature","properties":{"c":"25.0","o":"Silver Range Resources Ltd. - 100%","e":"2031-03-13"},"geometry":{"type":"Polygon","coordinates":[[[-132.62801,62.33512],[-132.63464,62.33783],[-132.62897,62.34089],[-132.62234,62.33818],[-132.62801,62.33512]]]}},{"type":"Feature","properties":{"c":"145.0","o":"Silver Range Resources Ltd. - 100%","e":"2031-03-13"},"geometry":{"type":"Polygon","coordinates":[[[-132.53627,62.34058],[-132.54289,62.3433],[-132.53721,62.34635],[-132.53059,62.34364],[-132.53351,62.34207],[-132.53627,62.34058]]]}},{"type":"Feature","properties":{"c":"21.0","o":"Golden Predator Mining Corp - 100%","e":"2037-12-27"},"geometry":{"type":"Polygon","coordinates":[[[-132.94589,62.10607],[-132.95126,62.10791],[-132.949,62.10934],[-132.94191,62.10693],[-132.94706,62.10361],[-132.9488,62.10421],[-132.94589,62.10607]]]}},{"type":"Feature","properties":{"c":"35.0","o":"Deloitte Restructuring Inc. - 100%","e":"2028-03-31"},"geometry":{"type":"Polygon","coordinates":[[[-132.96696,62.16233],[-132.96207,62.16572],[-132.95573,62.16284],[-132.96116,62.1597],[-132.96696,62.16233]]]}},{"type":"Feature","properties":{"c":"8.0","o":"Deloitte Restructuring Inc. - 100%","e":"2029-03-31"},"geometry":{"type":"Polygon","coordinates":[[[-132.91468,62.20869],[-132.91456,62.20462],[-132.92334,62.2046],[-132.92345,62.20867],[-132.91468,62.20869]]]}},{"type":"Feature","properties":{"c":"585.0","o":"Silver Range Resources Ltd. - 100%","e":"2031-03-13"},"geometry":{"type":"Polygon","coordinates":[[[-132.7498,62.40628],[-132.75635,62.40894],[-132.75068,62.41201],[-132.74413,62.40934],[-132.7498,62.40628]]]}},{"type":"Feature","properties":{"c":"14.0","o":"Golden Predator Mining Corp - 100%","e":"2055-12-27"},"geometry":{"type":"Polygon","coordinates":[[[-132.83774,62.03561],[-132.84477,62.03803],[-132.83966,62.04136],[-132.8326,62.03891],[-132.83774,62.03561]]]}},{"type":"Feature","properties":{"c":"162.0","o":"Silver Range Resources Ltd. - 100%","e":"2031-03-13"},"geometry":{"type":"Polygon","coordinates":[[[-132.58357,62.36535],[-132.59019,62.36806],[-132.58451,62.37111],[-132.57789,62.3684],[-132.58124,62.3666],[-132.58357,62.36535]]]}},{"type":"Feature","properties":{"c":"142.0","o":"Deloitte Restructuring Inc. - 100%","e":"2029-03-31"},"geometry":{"type":"Polygon","coordinates":[[[-132.90346,62.22169],[-132.89461,62.22177],[-132.8945,62.21792],[-132.90333,62.21789],[-132.90346,62.22169]]]}},{"type":"Feature","properties":{"c":"766.0","o":"Silver Range Resources Ltd. - 100%","e":"2040-03-13"},"geometry":{"type":"Polygon","coordinates":[[[-132.84631,62.42926],[-132.85302,62.43198],[-132.84718,62.43506],[-132.84052,62.43236],[-132.84631,62.42926]]]}},{"type":"Feature","properties":{"c":"56.0","o":"Deloitte Restructuring Inc. - 100%","e":"2029-03-31"},"geometry":{"type":"Polygon","coordinates":[[[-132.90944,62.17892],[-132.91584,62.17884],[-132.91616,62.18291],[-132.90852,62.18308],[-132.90944,62.17892]]]}},{"type":"Feature","properties":{"c":"29.0","o":"Golden Predator Mining Corp - 100%","e":"2032-05-03"},"geometry":{"type":"Polygon","coordinates":[[[-132.78093,62.00107],[-132.78732,62.00386],[-132.78521,62.00492],[-132.77806,62.00252],[-132.78093,62.00107]]]}},{"type":"Feature","properties":{"c":"706.0","o":"Silver Range Resources Ltd. - 100%","e":"2032-03-13"},"geometry":{"type":"Polygon","coordinates":[[[-132.5595,62.40966],[-132.56614,62.41238],[-132.56036,62.41548],[-132.55372,62.41277],[-132.5595,62.40966]]]}},{"type":"Feature","properties":{"c":"149.0","o":"Deloitte Restructuring Inc. - 100%","e":"2029-03-31"},"geometry":{"type":"Polygon","coordinates":[[[-132.83141,62.20927],[-132.84025,62.20924],[-132.84038,62.21346],[-132.83155,62.2135],[-132.83141,62.20927]]]}},{"type":"Feature","properties":{"c":"3.0","o":"Deloitte Restructuring Inc. - 100%","e":"2029-03-31"},"geometry":{"type":"Polygon","coordinates":[[[-132.89384,62.17908],[-132.89364,62.17769],[-132.90071,62.17744],[-132.90096,62.17913],[-132.89384,62.17908]]]}},{"type":"Feature","properties":{"c":"34.0","o":"Deloitte Restructuring Inc. - 100%","e":"2029-03-31"},"geometry":{"type":"Polygon","coordinates":[[[-132.80491,62.20934],[-132.81329,62.20932],[-132.81331,62.21308],[-132.80501,62.21312],[-132.80491,62.20934]]]}},{"type":"Feature","properties":{"c":"37.0","o":"Golden Predator Mining Corp - 100%","e":"2035-12-27"},"geometry":{"type":"Polygon","coordinates":[[[-132.91172,62.0915],[-132.90462,62.08907],[-132.90549,62.08851],[-132.91321,62.08966],[-132.91441,62.08774],[-132.90815,62.08681],[-132.90978,62.08576],[-132.91687,62.08819],[-132.91172,62.0915]]]}},{"type":"Feature","properties":{"c":"294.0","o":"Golden Predator Mining Corp - 100%","e":"2050-12-27"},"geometry":{"type":"Polygon","coordinates":[[[-132.82045,62.03976],[-132.81529,62.04308],[-132.80809,62.0406],[-132.81344,62.03735],[-132.82045,62.03976]]]}},{"type":"Feature","properties":{"c":"239.0","o":"Silver Range Resources Ltd. - 100%","e":"2031-03-13"},"geometry":{"type":"Polygon","coordinates":[[[-132.65034,62.39801],[-132.65687,62.40067],[-132.65119,62.40373],[-132.64466,62.40107],[-132.64863,62.39893],[-132.65034,62.39801]]]}},{"type":"Feature","properties":{"c":"11.0","o":"Deloitte Restructuring Inc. - 100%","e":"2029-03-31"},"geometry":{"type":"Polygon","coordinates":[[[-132.76838,62.17118],[-132.7685,62.16966],[-132.77724,62.16984],[-132.7771,62.17162],[-132.76838,62.17118]]]}},{"type":"Feature","properties":{"c":"45.0","o":"Golden Predator Mining Corp - 100%","e":"2032-05-03"},"geometry":{"type":"Polygon","coordinates":[[[-132.73283,62.00727],[-132.73457,62.00803],[-132.73415,62.01262],[-132.73326,62.01306],[-132.72687,62.01027],[-132.73283,62.00727]]]}},{"type":"Feature","properties":{"c":"71.0","o":"Deloitte Restructuring Inc. - 100%","e":"2029-03-31"},"geometry":{"type":"Polygon","coordinates":[[[-132.831,62.19712],[-132.83988,62.19711],[-132.84,62.20121],[-132.83114,62.20123],[-132.831,62.19712]]]}},{"type":"Feature","properties":{"c":"2059.0","o":"Silver Range Resources Ltd. - 100%","e":"2038-03-13"},"geometry":{"type":"Polygon","coordinates":[[[-132.8436,62.49318],[-132.85028,62.49588],[-132.84453,62.49892],[-132.83785,62.49622],[-132.8436,62.49318]]]}},{"type":"Feature","properties":{"c":"161.0","o":"Silver Range Resources Ltd. - 100%","e":"2031-03-13"},"geometry":{"type":"Polygon","coordinates":[[[-132.58925,62.36229],[-132.59587,62.365],[-132.59019,62.36806],[-132.58357,62.36535],[-132.58701,62.36349],[-132.58925,62.36229]]]}},{"type":"Feature","properties":{"c":"236.0","o":"Silver Range Resources Ltd. - 100%","e":"2031-03-13"},"geometry":{"type":"Polygon","coordinates":[[[-132.63159,62.39573],[-132.63812,62.3984],[-132.63244,62.40146],[-132.62591,62.39879],[-132.62966,62.39677],[-132.63159,62.39573]]]}},{"type":"Feature","properties":{"c":"11.0","o":"Deloitte Restructuring Inc. - 100%","e":"2029-03-31"},"geometry":{"type":"Polygon","coordinates":[[[-132.99225,62.18066],[-133.00084,62.18063],[-133.00089,62.18473],[-132.99233,62.18483],[-132.99225,62.18066]]]}},{"type":"Feature","properties":{"c":"2.0","o":"Deloitte Restructuring Inc. - 100%","e":"2029-03-31"},"geometry":{"type":"Polygon","coordinates":[[[-132.96229,62.18147],[-132.9553,62.18361],[-132.95004,62.18001],[-132.95703,62.17782],[-132.96229,62.18147]]]}},{"type":"Feature","properties":{"c":"80.0","o":"Deloitte Restructuring Inc. - 100%","e":"2029-03-31"},"geometry":{"type":"Polygon","coordinates":[[[-132.87084,62.17108],[-132.86776,62.17154],[-132.86997,62.17453],[-132.86235,62.17466],[-132.86201,62.17051],[-132.87076,62.17037],[-132.87084,62.17108]]]}},{"type":"Feature","properties":{"c":"2010.0","o":"Silver Range Resources Ltd. - 100%","e":"2038-03-13"},"geometry":{"type":"Polygon","coordinates":[[[-132.78641,62.46736],[-132.79308,62.47006],[-132.78733,62.4731],[-132.78066,62.47039],[-132.78363,62.46883],[-132.78641,62.46736]]]}},{"type":"Feature","properties":{"c":"42.0","o":"Deloitte Restructuring Inc. - 100%","e":"2029-03-31"},"geometry":{"type":"Polygon","coordinates":[[[-132.86577,62.18198],[-132.86735,62.17816],[-132.87359,62.1787],[-132.87323,62.18269],[-132.86577,62.18198]]]}},{"type":"Feature","properties":{"c":"24.0","o":"Silver Range Resources Ltd. - 100%","e":"2031-03-13"},"geometry":{"type":"Polygon","coordinates":[[[-132.61572,62.33547],[-132.62234,62.33818],[-132.61667,62.34124],[-132.61005,62.33852],[-132.61572,62.33547]]]}},{"type":"Feature","properties":{"c":"6.0","o":"Deloitte Restructuring Inc. - 100%","e":"2028-03-31"},"geometry":{"type":"Polygon","coordinates":[[[-132.95395,62.16303],[-132.95501,62.16251],[-132.95669,62.16328],[-132.94969,62.16544],[-132.94517,62.16207],[-132.9492,62.16083],[-132.95395,62.16303]]]}},{"type":"Feature","properties":{"c":"178.0","o":"Silver Range Resources Ltd. - 100%","e":"2031-03-13"},"geometry":{"type":"Polygon","coordinates":[[[-132.63641,62.38695],[-132.64295,62.38962],[-132.63727,62.39267],[-132.63073,62.39001],[-132.6346,62.38792],[-132.63641,62.38695]]]}},{"type":"Feature","properties":{"c":"771.0","o":"Silver Range Resources Ltd. - 100%","e":"2040-03-13"},"geometry":{"type":"Polygon","coordinates":[[[-132.87203,62.43423],[-132.8787,62.43692],[-132.87295,62.44004],[-132.86628,62.43734],[-132.87203,62.43423]]]}},{"type":"Feature","properties":{"c":"11.0","o":"Deloitte Restructuring Inc. - 100%","e":"2029-03-31"},"geometry":{"type":"Polygon","coordinates":[[[-132.78748,62.21321],[-132.7963,62.21316],[-132.79652,62.21728],[-132.78767,62.21732],[-132.78748,62.21321]]]}},{"type":"Feature","properties":{"c":"94.0","o":"Deloitte Restructuring Inc. - 100%","e":"2029-03-31"},"geometry":{"type":"Polygon","coordinates":[[[-132.91077,62.13961],[-132.91994,62.13972],[-132.91965,62.14382],[-132.91053,62.14371],[-132.91077,62.13961]]]}},{"type":"Feature","properties":{"c":"141.0","o":"Deloitte Restructuring Inc. - 100%","e":"2029-03-31"},"geometry":{"type":"Polygon","coordinates":[[[-132.79968,62.17704],[-132.80868,62.17752],[-132.80781,62.18165],[-132.79873,62.18114],[-132.79968,62.17704]]]}},{"type":"Feature","properties":{"c":"120.0","o":"Deloitte Restructuring Inc. - 100%","e":"2029-03-31"},"geometry":{"type":"Polygon","coordinates":[[[-132.82113,62.19284],[-132.82104,62.18907],[-132.8301,62.18901],[-132.83026,62.19282],[-132.82172,62.19284],[-132.82113,62.19284]]]}},{"type":"Feature","properties":{"c":"3.0","o":"Golden Predator Mining Corp - 100%","e":"2043-12-27"},"geometry":{"type":"Polygon","coordinates":[[[-132.87378,62.06832],[-132.88086,62.07076],[-132.87564,62.07403],[-132.86855,62.0716],[-132.87378,62.06832]]]}},{"type":"Feature","properties":{"c":"10.0","o":"Golden Predator Mining Corp - 100%","e":"2041-12-27"},"geometry":{"type":"Polygon","coordinates":[[[-132.9755,62.101],[-132.98063,62.09771],[-132.9878,62.10017],[-132.98266,62.10346],[-132.9755,62.101]]]}},{"type":"Feature","properties":{"c":"72.0","o":"Deloitte Restructuring Inc. - 100%","e":"2029-03-31"},"geometry":{"type":"Polygon","coordinates":[[[-132.83127,62.20521],[-132.83114,62.20123],[-132.84,62.20121],[-132.84013,62.20519],[-132.83127,62.20521]]]}},{"type":"Feature","properties":{"c":"42.0","o":"Silver Range Resources Ltd. - 100%","e":"2031-03-13"},"geometry":{"type":"Polygon","coordinates":[[[-132.59775,62.33887],[-132.60438,62.34158],[-132.5987,62.34464],[-132.59208,62.34193],[-132.59775,62.33887]]]}},{"type":"Feature","properties":{"c":"46.0","o":"Golden Predator Mining Corp - 100%","e":"2035-12-27"},"geometry":{"type":"Polygon","coordinates":[[[-132.99692,62.10832],[-132.98986,62.10589],[-132.99504,62.10258],[-133.0021,62.10501],[-132.99692,62.10832]]]}},{"type":"Feature","properties":{"c":"350.0","o":"Silver Range Resources Ltd. - 100%","e":"2031-03-13"},"geometry":{"type":"Polygon","coordinates":[[[-132.61539,62.41063],[-132.62193,62.4133],[-132.61615,62.41641],[-132.60961,62.41374],[-132.61343,62.41169],[-132.61539,62.41063]]]}},{"type":"Feature","properties":{"c":"183.0","o":"Silver Range Resources Ltd. - 100%","e":"2031-03-13"},"geometry":{"type":"Polygon","coordinates":[[[-132.66169,62.39189],[-132.66823,62.39456],[-132.66255,62.39761],[-132.65602,62.39495],[-132.66017,62.39271],[-132.66169,62.39189]]]}},{"type":"Feature","properties":{"c":"85.0","o":"Silver Range Resources Ltd. - 100%","e":"2031-03-13"},"geometry":{"type":"Polygon","coordinates":[[[-132.6451,62.36361],[-132.65173,62.36632],[-132.64606,62.36938],[-132.63942,62.36667],[-132.6451,62.36361]]]}},{"type":"Feature","properties":{"c":"589.0","o":"Silver Range Resources Ltd. - 100%","e":"2031-03-13"},"geometry":{"type":"Polygon","coordinates":[[[-132.7629,62.4116],[-132.76945,62.41426],[-132.76378,62.41733],[-132.75723,62.41467],[-132.7629,62.4116]]]}},{"type":"Feature","properties":{"c":"151.0","o":"Deloitte Restructuring Inc. - 100%","e":"2029-03-31"},"geometry":{"type":"Polygon","coordinates":[[[-132.8319,62.2135],[-132.83196,62.21741],[-132.82275,62.2175],[-132.8227,62.21354],[-132.8319,62.2135]]]}},{"type":"Feature","properties":{"c":"256.0","o":"Silver Range Resources Ltd. - 100%","e":"2031-03-13"},"geometry":{"type":"Polygon","coordinates":[[[-132.50124,62.35314],[-132.50786,62.35585],[-132.50217,62.3589],[-132.49555,62.35619],[-132.49805,62.35485],[-132.50124,62.35314]]]}},{"type":"Feature","properties":{"c":"64.0","o":"Deloitte Restructuring Inc. - 100%","e":"2029-03-31"},"geometry":{"type":"Polygon","coordinates":[[[-132.83148,62.15047],[-132.84023,62.15062],[-132.83988,62.15475],[-132.83113,62.15459],[-132.83148,62.15047]]]}},{"type":"Feature","properties":{"c":"734.0","o":"Silver Range Resources Ltd. - 100%","e":"2032-03-13"},"geometry":{"type":"Polygon","coordinates":[[[-132.55457,62.41859],[-132.56111,62.42126],[-132.55532,62.42436],[-132.54879,62.42169],[-132.55457,62.41859]]]}},{"type":"Feature","properties":{"c":"2122.0","o":"Silver Range Resources Ltd. - 100%","e":"2038-03-13"},"geometry":{"type":"Polygon","coordinates":[[[-132.81298,62.49689],[-132.81966,62.49959],[-132.8139,62.50263],[-132.80723,62.49993],[-132.81298,62.49689]]]}},{"type":"Feature","properties":{"c":"574.0","o":"Silver Range Resources Ltd. - 100%","e":"2031-03-13"},"geometry":{"type":"Polygon","coordinates":[[[-132.76554,62.42878],[-132.77219,62.43148],[-132.76652,62.43454],[-132.75986,62.43184],[-132.76506,62.42904],[-132.76554,62.42878]]]}},{"type":"Feature","properties":{"c":"225.0","o":"Silver Range Resources Ltd. - 100%","e":"2042-03-13"},"geometry":{"type":"Polygon","coordinates":[[[-132.83525,62.47891],[-132.84193,62.48161],[-132.83609,62.4847],[-132.82941,62.482],[-132.83525,62.47891]]]}},{"type":"Feature","properties":{"c":"695.0","o":"Silver Range Resources Ltd. - 100%","e":"2032-03-13"},"geometry":{"type":"Polygon","coordinates":[[[-132.53213,62.39299],[-132.53876,62.3957],[-132.53297,62.39881],[-132.52635,62.39609],[-132.53213,62.39299]]]}},{"type":"Feature","properties":{"c":"45.0","o":"Deloitte Restructuring Inc. - 100%","e":"2029-03-31"},"geometry":{"type":"Polygon","coordinates":[[[-132.84862,62.15491],[-132.85736,62.15506],[-132.85701,62.1592],[-132.84827,62.15904],[-132.84862,62.15491]]]}},{"type":"Feature","properties":{"c":"504.0","o":"Silver Range Resources Ltd. - 100%","e":"2031-03-13"},"geometry":{"type":"Polygon","coordinates":[[[-132.74949,62.44373],[-132.75615,62.44644],[-132.75048,62.4495],[-132.74382,62.4468],[-132.74871,62.44415],[-132.74949,62.44373]]]}},{"type":"Feature","properties":{"c":"30.0","o":"Deloitte Restructuring Inc. - 100%","e":"2028-03-31"},"geometry":{"type":"Polygon","coordinates":[[[-132.98336,62.17054],[-132.97863,62.1676],[-132.98535,62.16528],[-132.98943,62.1677],[-132.98336,62.17054]]]}},{"type":"Feature","properties":{"c":"42.0","o":"Deloitte Restructuring Inc. - 100%","e":"2029-03-31"},"geometry":{"type":"Polygon","coordinates":[[[-132.8668,62.20916],[-132.86697,62.21333],[-132.85813,62.21338],[-132.85794,62.20919],[-132.8668,62.20916]]]}},{"type":"Feature","properties":{"c":"46.0","o":"Silver Range Resources Ltd. - 100%","e":"2031-03-13"},"geometry":{"type":"Polygon","coordinates":[[[-132.611,62.34429],[-132.61763,62.347],[-132.61195,62.35006],[-132.60533,62.34735],[-132.611,62.34429]]]}},{"type":"Feature","properties":{"c":"230.0","o":"Silver Range Resources Ltd. - 100%","e":"2042-03-13"},"geometry":{"type":"Polygon","coordinates":[[[-132.82774,62.47043],[-132.83442,62.47313],[-132.82858,62.47621],[-132.8219,62.47351],[-132.82774,62.47043]]]}},{"type":"Feature","properties":{"c":"23.0","o":"Golden Predator Mining Corp - 100%","e":"2030-12-27"},"geometry":{"type":"Polygon","coordinates":[[[-132.71964,61.99588],[-132.72602,61.99867],[-132.72006,62.00167],[-132.71368,61.99887],[-132.71964,61.99588]]]}},{"type":"Feature","properties":{"c":"99.0","o":"Deloitte Restructuring Inc. - 100%","e":"2029-03-31"},"geometry":{"type":"Polygon","coordinates":[[[-132.75146,62.18517],[-132.75992,62.18514],[-132.76001,62.1891],[-132.75155,62.18914],[-132.75146,62.18517]]]}},{"type":"Feature","properties":{"c":"735.0","o":"Silver Range Resources Ltd. - 100%","e":"2032-03-13"},"geometry":{"type":"Polygon","coordinates":[[[-132.56689,62.41815],[-132.57342,62.42082],[-132.56764,62.42393],[-132.56111,62.42126],[-132.56689,62.41815]]]}},{"type":"Feature","properties":{"c":"569.0","o":"Silver Range Resources Ltd. - 100%","e":"2031-03-13"},"geometry":{"type":"Polygon","coordinates":[[[-132.7581,62.42039],[-132.76466,62.42305],[-132.75898,62.42612],[-132.75243,62.42346],[-132.75759,62.42067],[-132.7581,62.42039]]]}},{"type":"Feature","properties":{"c":"469.0","o":"Silver Range Resources Ltd. - 100%","e":"2031-03-13"},"geometry":{"type":"Polygon","coordinates":[[[-132.75048,62.4495],[-132.75714,62.45221],[-132.75146,62.45527],[-132.7448,62.45256],[-132.74967,62.44994],[-132.75048,62.4495]]]}},{"type":"Feature","properties":{"c":"454.0","o":"Silver Range Resources Ltd. - 100%","e":"2031-03-13"},"geometry":{"type":"Polygon","coordinates":[[[-132.69217,62.43118],[-132.69872,62.43384],[-132.69304,62.4369],[-132.68649,62.43424],[-132.69085,62.43189],[-132.69217,62.43118]]]}},{"type":"Feature","properties":{"c":"65.0","o":"Golden Predator Mining Corp - 100%","e":"2037-12-27"},"geometry":{"type":"Polygon","coordinates":[[[-132.75117,62.01756],[-132.74243,62.01746],[-132.74282,62.01336],[-132.75155,62.01346],[-132.75117,62.01756]]]}},{"type":"Feature","properties":{"c":"2254.0","o":"Silver Range Resources Ltd. - 100%","e":"2038-03-13"},"geometry":{"type":"Polygon","coordinates":[[[-132.81118,62.44193],[-132.81774,62.44458],[-132.81198,62.4477],[-132.80542,62.44504],[-132.81118,62.44193]]]}},{"type":"Feature","properties":{"c":"12.0","o":"Silver Range Resources Ltd. - 100%","e":"2031-03-13"},"geometry":{"type":"Polygon","coordinates":[[[-132.63368,62.33206],[-132.64031,62.33477],[-132.63464,62.33783],[-132.62801,62.33512],[-132.63368,62.33206]]]}},{"type":"Feature","properties":{"c":"66.0","o":"Deloitte Restructuring Inc. - 100%","e":"2029-03-31"},"geometry":{"type":"Polygon","coordinates":[[[-132.83988,62.15475],[-132.84023,62.15062],[-132.84897,62.15078],[-132.84862,62.15491],[-132.83988,62.15475]]]}},{"type":"Feature","properties":{"c":"41.0","o":"Silver Range Resources Ltd. - 100%","e":"2044-03-13"},"geometry":{"type":"Polygon","coordinates":[[[-132.94856,62.48128],[-132.95525,62.48397],[-132.94951,62.48702],[-132.94283,62.48432],[-132.94856,62.48128]]]}},{"type":"Feature","properties":{"c":"11.0","o":"Golden Predator Mining Corp - 100%","e":"2029-09-06"},"geometry":{"type":"Polygon","coordinates":[[[-132.8544,62.02612],[-132.86145,62.02855],[-132.85629,62.03186],[-132.84924,62.02943],[-132.8544,62.02612]]]}},{"type":"Feature","properties":{"c":"286.0","o":"Silver Range Resources Ltd. - 100%","e":"2042-03-13"},"geometry":{"type":"Polygon","coordinates":[[[-132.91788,62.48506],[-132.92457,62.48776],[-132.91873,62.49085],[-132.91205,62.48815],[-132.91788,62.48506]]]}},{"type":"Feature","properties":{"c":"226.0","o":"Silver Range Resources Ltd. - 100%","e":"2031-03-13"},"geometry":{"type":"Polygon","coordinates":[[[-132.59872,62.38231],[-132.60536,62.38502],[-132.59968,62.38808],[-132.59304,62.38536],[-132.59647,62.38352],[-132.59872,62.38231]]]}},{"type":"Feature","properties":{"c":"50.0","o":"Golden Predator Mining Corp - 100%","e":"2032-05-03"},"geometry":{"type":"Polygon","coordinates":[[[-132.71453,62.01047],[-132.72092,62.01327],[-132.71496,62.01626],[-132.70858,62.01347],[-132.71453,62.01047]]]}},{"type":"Feature","properties":{"c":"5.0","o":"Deloitte Restructuring Inc. - 100%","e":"2029-03-31"},"geometry":{"type":"Polygon","coordinates":[[[-132.93121,62.15196],[-132.93267,62.15302],[-132.93168,62.15421],[-132.93565,62.15518],[-132.93643,62.15574],[-132.92877,62.15786],[-132.92367,62.15418],[-132.93121,62.15196]]]}},{"type":"Feature","properties":{"c":"64.0","o":"Deloitte Restructuring Inc. - 100%","e":"2029-03-31"},"geometry":{"type":"Polygon","coordinates":[[[-132.90868,62.16958],[-132.90875,62.17344],[-132.9009,62.17348],[-132.90131,62.16962],[-132.90868,62.16958]]]}},{"type":"Feature","properties":{"c":"47.0","o":"Deloitte Restructuring Inc. - 100%","e":"2029-03-31"},"geometry":{"type":"Polygon","coordinates":[[[-132.89327,62.205],[-132.89335,62.20908],[-132.8845,62.20911],[-132.88441,62.20503],[-132.89327,62.205]]]}},{"type":"Feature","properties":{"c":"133.0","o":"Silver Range Resources Ltd. - 100%","e":"2031-03-13"},"geometry":{"type":"Polygon","coordinates":[[[-132.65998,62.38044],[-132.66651,62.3831],[-132.66083,62.38616],[-132.6543,62.3835],[-132.6585,62.38123],[-132.65998,62.38044]]]}},{"type":"Feature","properties":{"c":"112.0","o":"Silver Range Resources Ltd. - 100%","e":"2031-03-13"},"geometry":{"type":"Polygon","coordinates":[[[-132.58167,62.35381],[-132.5883,62.35652],[-132.58262,62.35958],[-132.576,62.35686],[-132.5794,62.35503],[-132.58167,62.35381]]]}},{"type":"Feature","properties":{"c":"82.0","o":"Deloitte Restructuring Inc. - 100%","e":"2029-03-31"},"geometry":{"type":"Polygon","coordinates":[[[-132.91395,62.15197],[-132.90999,62.1532],[-132.91004,62.15189],[-132.91395,62.15197]]]}},{"type":"Feature","properties":{"c":"32.0","o":"Deloitte Restructuring Inc. - 100%","e":"2029-03-31"},"geometry":{"type":"Polygon","coordinates":[[[-132.98536,62.2187],[-132.99128,62.22156],[-132.98844,62.22293],[-132.98232,62.2202],[-132.98536,62.2187]]]}},{"type":"Feature","properties":{"c":"10.0","o":"Deloitte Restructuring Inc. - 100%","e":"2029-03-31"},"geometry":{"type":"Polygon","coordinates":[[[-132.77724,62.16984],[-132.77756,62.16579],[-132.78632,62.16597],[-132.78598,62.17001],[-132.77724,62.16984]]]}},{"type":"Feature","properties":{"c":"875.0","o":"Silver Range Resources Ltd. - 100%","e":"2032-03-13"},"geometry":{"type":"Polygon","coordinates":[[[-132.50981,62.32972],[-132.51642,62.33244],[-132.51074,62.33549],[-132.50413,62.33277],[-132.50981,62.32972]]]}},{"type":"Feature","properties":{"c":"60.0","o":"Deloitte Restructuring Inc. - 100%","e":"2029-03-31"},"geometry":{"type":"Polygon","coordinates":[[[-132.77835,62.20536],[-132.77823,62.20132],[-132.78699,62.20131],[-132.78711,62.20533],[-132.77835,62.20536]]]}},{"type":"Feature","properties":{"c":"2257.0","o":"Silver Range Resources Ltd. - 100%","e":"2038-03-13"},"geometry":{"type":"Polygon","coordinates":[[[-132.81198,62.4477],[-132.81858,62.45037],[-132.81274,62.45346],[-132.80621,62.45081],[-132.81198,62.4477]]]}},{"type":"Feature","properties":{"c":"40.0","o":"Deloitte Restructuring Inc. - 100%","e":"2029-03-31"},"geometry":{"type":"Polygon","coordinates":[[[-132.87971,62.18278],[-132.87323,62.18269],[-132.87359,62.1787],[-132.88075,62.17886],[-132.87971,62.18278]]]}},{"type":"Feature","properties":{"c":"2033.0","o":"Silver Range Resources Ltd. - 100%","e":"2038-03-13"},"geometry":{"type":"Polygon","coordinates":[[[-132.86949,62.49819],[-132.87617,62.50089],[-132.8732,62.50246],[-132.86652,62.49976],[-132.86949,62.49819]]]}},{"type":"Feature","properties":{"c":"90.0","o":"Deloitte Restructuring Inc. - 100%","e":"2029-03-31"},"geometry":{"type":"Polygon","coordinates":[[[-132.71752,62.19426],[-132.71769,62.19847],[-132.70921,62.19851],[-132.709,62.19433],[-132.71752,62.19426]]]}},{"type":"Feature","properties":{"c":"213.0","o":"Silver Range Resources Ltd. - 100%","e":"2042-03-13"},"geometry":{"type":"Polygon","coordinates":[[[-132.87533,62.49511],[-132.88201,62.4978],[-132.87617,62.50089],[-132.86949,62.49819],[-132.87533,62.49511]]]}},{"type":"Feature","properties":{"c":"96.0","o":"Golden Predator Mining Corp - 100%","e":"2047-12-27"},"geometry":{"type":"Polygon","coordinates":[[[-132.7765,62.02221],[-132.78173,62.01889],[-132.78878,62.02134],[-132.78356,62.02466],[-132.7765,62.02221]]]}},{"type":"Feature","properties":{"c":"672.0","o":"Silver Range Resources Ltd. - 100%","e":"2031-03-13"},"geometry":{"type":"Polygon","coordinates":[[[-132.88154,62.45432],[-132.88822,62.45702],[-132.88255,62.46009],[-132.87588,62.45739],[-132.88154,62.45432]]]}},{"type":"Feature","properties":{"c":"122.0","o":"Lapie Mining Inc. - 100%","e":"2029-01-20"},"geometry":{"type":"Polygon","coordinates":[[[-132.97754,62.47689],[-132.98412,62.47954],[-132.97839,62.48259],[-132.9718,62.47994],[-132.97754,62.47689]]]}},{"type":"Feature","properties":{"c":"97.0","o":"Deloitte Restructuring Inc. - 100%","e":"2029-03-31"},"geometry":{"type":"Polygon","coordinates":[[[-132.91965,62.14382],[-132.92861,62.14394],[-132.9284,62.14748],[-132.92672,62.148],[-132.91937,62.14791],[-132.91965,62.14382]]]}},{"type":"Feature","properties":{"c":"255.0","o":"Silver Range Resources Ltd. - 100%","e":"2042-03-13"},"geometry":{"type":"Polygon","coordinates":[[[-132.87364,62.48354],[-132.88032,62.48623],[-132.87448,62.48932],[-132.8678,62.48662],[-132.87364,62.48354]]]}},{"type":"Feature","properties":{"c":"96.0","o":"Deloitte Restructuring Inc. - 100%","e":"2029-03-31"},"geometry":{"type":"Polygon","coordinates":[[[-132.73532,62.19411],[-132.74308,62.19404],[-132.74316,62.19835],[-132.73552,62.19838],[-132.73532,62.19411]]]}},{"type":"Feature","properties":{"c":"615.0","o":"Silver Range Resources Ltd. - 100%","e":"2031-03-13"},"geometry":{"type":"Polygon","coordinates":[[[-132.84919,62.44659],[-132.85586,62.44929],[-132.85019,62.45236],[-132.84352,62.44966],[-132.84919,62.44659]]]}},{"type":"Feature","properties":{"c":"35.0","o":"Golden Predator Mining Corp - 100%","e":"2037-12-27"},"geometry":{"type":"Polygon","coordinates":[[[-132.91555,62.10298],[-132.90849,62.10056],[-132.91364,62.09724],[-132.9207,62.09967],[-132.91555,62.10298]]]}},{"type":"Feature","properties":{"c":"52.0","o":"Silver Range Resources Ltd. - 100%","e":"2031-03-13"},"geometry":{"type":"Polygon","coordinates":[[[-132.63088,62.35242],[-132.63751,62.35513],[-132.63184,62.35819],[-132.62521,62.35548],[-132.63088,62.35242]]]}},{"type":"Feature","properties":{"c":"604.0","o":"Silver Range Resources Ltd. - 100%","e":"2031-03-13"},"geometry":{"type":"Polygon","coordinates":[[[-132.80352,62.43346],[-132.81018,62.43616],[-132.80451,62.43922],[-132.79785,62.43652],[-132.80352,62.43346]]]}},{"type":"Feature","properties":{"c":"1163.0","o":"Silver Range Resources Ltd. - 100%","e":"2042-03-13"},"geometry":{"type":"Polygon","coordinates":[[[-132.92371,62.48197],[-132.9304,62.48467],[-132.92457,62.48776],[-132.91788,62.48506],[-132.92371,62.48197]]]}},{"type":"Feature","properties":{"c":"13.0","o":"Golden Predator Mining Corp - 100%","e":"2042-12-27"},"geometry":{"type":"Polygon","coordinates":[[[-132.85437,62.06673],[-132.84911,62.07],[-132.84201,62.06757],[-132.84728,62.06429],[-132.85437,62.06673]]]}},{"type":"Feature","properties":{"c":"295.0","o":"Golden Predator Mining Corp - 100%","e":"2050-12-27"},"geometry":{"type":"Polygon","coordinates":[[[-132.80293,62.04387],[-132.79604,62.04149],[-132.80115,62.03821],[-132.80809,62.0406],[-132.80293,62.04387]]]}},{"type":"Feature","properties":{"c":"8.0","o":"Golden Predator Mining Corp - 100%","e":"2041-12-27"},"geometry":{"type":"Polygon","coordinates":[[[-132.9878,62.10017],[-132.98063,62.09771],[-132.98576,62.09442],[-132.99294,62.09688],[-132.9878,62.10017]]]}},{"type":"Feature","properties":{"c":"280.0","o":"Silver Range Resources Ltd. - 100%","e":"2031-03-13"},"geometry":{"type":"Polygon","coordinates":[[[-132.58073,62.38571],[-132.58736,62.38842],[-132.58167,62.39148],[-132.57504,62.38876],[-132.57832,62.387],[-132.58073,62.38571]]]}},{"type":"Feature","properties":{"c":"2.0","o":"Deloitte Restructuring Inc. - 100%","e":"2028-03-31"},"geometry":{"type":"Polygon","coordinates":[[[-132.96576,62.16967],[-132.9586,62.17193],[-132.95427,62.16878],[-132.96146,62.16653],[-132.96576,62.16967]]]}},{"type":"Feature","properties":{"c":"2119.0","o":"Silver Range Resources Ltd. - 100%","e":"2038-03-13"},"geometry":{"type":"Polygon","coordinates":[[[-132.80538,62.48845],[-132.81206,62.49116],[-132.80631,62.49419],[-132.79963,62.49149],[-132.80538,62.48845]]]}},{"type":"Feature","properties":{"c":"253.0","o":"Silver Range Resources Ltd. - 100%","e":"2042-03-13"},"geometry":{"type":"Polygon","coordinates":[[[-132.88032,62.48623],[-132.88701,62.48893],[-132.88117,62.49202],[-132.87448,62.48932],[-132.88032,62.48623]]]}},{"type":"Feature","properties":{"c":"2051.0","o":"Silver Range Resources Ltd. - 100%","e":"2038-03-13"},"geometry":{"type":"Polygon","coordinates":[[[-132.81689,62.48238],[-132.82357,62.48508],[-132.81781,62.48812],[-132.81114,62.48542],[-132.81689,62.48238]]]}},{"type":"Feature","properties":{"c":"557.0","o":"Silver Range Resources Ltd. - 100%","e":"2031-03-13"},"geometry":{"type":"Polygon","coordinates":[[[-132.71882,62.40442],[-132.72537,62.40708],[-132.71969,62.41014],[-132.71315,62.40748],[-132.71792,62.4049],[-132.71882,62.40442]]]}},{"type":"Feature","properties":{"c":"42.0","o":"Deloitte Restructuring Inc. - 100%","e":"2029-03-31"},"geometry":{"type":"Polygon","coordinates":[[[-132.94293,62.15205],[-132.94653,62.14844],[-132.95466,62.15062],[-132.95062,62.15409],[-132.94293,62.15205]]]}},{"type":"Feature","properties":{"c":"35.0","o":"Deloitte Restructuring Inc. - 100%","e":"2029-03-31"},"geometry":{"type":"Polygon","coordinates":[[[-132.82227,62.20929],[-132.81329,62.20932],[-132.81328,62.20523],[-132.82222,62.20522],[-132.82227,62.20929]]]}},{"type":"Feature","properties":{"c":"415.0","o":"Silver Range Resources Ltd. - 100%","e":"2031-03-13"},"geometry":{"type":"Polygon","coordinates":[[[-132.499,62.37941],[-132.50562,62.38213],[-132.49984,62.38523],[-132.49322,62.38251],[-132.499,62.37941]]]}},{"type":"Feature","properties":{"c":"290.0","o":"Silver Range Resources Ltd. - 100%","e":"2031-03-13"},"geometry":{"type":"Polygon","coordinates":[[[-132.61369,62.39918],[-132.62022,62.40185],[-132.61454,62.40491],[-132.60801,62.40224],[-132.6116,62.4003],[-132.61369,62.39918]]]}},{"type":"Feature","properties":{"c":"109.0","o":"Deloitte Restructuring Inc. - 100%","e":"2029-03-31"},"geometry":{"type":"Polygon","coordinates":[[[-132.7956,62.19719],[-132.79547,62.19329],[-132.80447,62.19381],[-132.80457,62.19717],[-132.7956,62.19719]]]}},{"type":"Feature","properties":{"c":"390.0","o":"Silver Range Resources Ltd. - 100%","e":"2031-03-13"},"geometry":{"type":"Polygon","coordinates":[[[-132.55117,62.39532],[-132.5578,62.39803],[-132.55202,62.40113],[-132.54539,62.39842],[-132.55117,62.39532]]]}},{"type":"Feature","properties":{"c":"88.0","o":"Deloitte Restructuring Inc. - 100%","e":"2029-03-31"},"geometry":{"type":"Polygon","coordinates":[[[-132.88453,62.1432],[-132.88486,62.1391],[-132.8935,62.13927],[-132.8932,62.14337],[-132.88453,62.1432]]]}},{"type":"Feature","properties":{"c":"511.0","o":"Silver Range Resources Ltd. - 100%","e":"2031-03-13"},"geometry":{"type":"Polygon","coordinates":[[[-132.78182,62.45148],[-132.78849,62.45419],[-132.78281,62.45725],[-132.77614,62.45455],[-132.78139,62.45172],[-132.78182,62.45148]]]}},{"type":"Feature","properties":{"c":"106.0","o":"Deloitte Restructuring Inc. - 100%","e":"2029-03-31"},"geometry":{"type":"Polygon","coordinates":[[[-132.76926,62.19302],[-132.77799,62.19298],[-132.77811,62.19721],[-132.76937,62.19723],[-132.76926,62.19302]]]}},{"type":"Feature","properties":{"c":"148.0","o":"Silver Range Resources Ltd. - 100%","e":"2031-03-13"},"geometry":{"type":"Polygon","coordinates":[[[-132.53721,62.34635],[-132.54383,62.34907],[-132.53815,62.35212],[-132.53153,62.34941],[-132.53442,62.34785],[-132.53721,62.34635]]]}},{"type":"Feature","properties":{"c":"392.0","o":"Silver Range Resources Ltd. - 100%","e":"2031-03-13"},"geometry":{"type":"Polygon","coordinates":[[[-132.5578,62.39803],[-132.56443,62.40074],[-132.55865,62.40385],[-132.55202,62.40113],[-132.5578,62.39803]]]}},{"type":"Feature","properties":{"c":"60.0","o":"Deloitte Restructuring Inc. - 100%","e":"2029-03-31"},"geometry":{"type":"Polygon","coordinates":[[[-132.92378,62.1695],[-132.92387,62.17337],[-132.91609,62.17341],[-132.91602,62.16955],[-132.92328,62.16951],[-132.92378,62.1695]]]}},{"type":"Feature","properties":{"c":"835.0","o":"Silver Range Resources Ltd. - 100%","e":"2032-03-13"},"geometry":{"type":"Polygon","coordinates":[[[-132.57506,62.31343],[-132.58167,62.31614],[-132.576,62.3192],[-132.56939,62.31648],[-132.57506,62.31343]]]}},{"type":"Feature","properties":{"c":"34.0","o":"Golden Predator Mining Corp - 100%","e":"2055-12-27"},"geometry":{"type":"Polygon","coordinates":[[[-132.85697,62.03717],[-132.85186,62.04049],[-132.84477,62.03803],[-132.84993,62.03474],[-132.85697,62.03717]]]}},{"type":"Feature","properties":{"c":"200.0","o":"Silver Range Resources Ltd. - 100%","e":"2031-03-13"},"geometry":{"type":"Polygon","coordinates":[[[-132.51261,62.34703],[-132.51922,62.34974],[-132.51354,62.3528],[-132.50692,62.35008],[-132.50951,62.34869],[-132.51261,62.34703]]]}},{"type":"Feature","properties":{"c":"54.0","o":"Golden Predator Mining Corp - 100%","e":"2037-12-27"},"geometry":{"type":"Polygon","coordinates":[[[-132.74243,62.01746],[-132.7337,62.01737],[-132.73408,62.01327],[-132.74282,62.01336],[-132.74243,62.01746]]]}},{"type":"Feature","properties":{"c":"586.0","o":"Silver Range Resources Ltd. - 100%","e":"2031-03-13"},"geometry":{"type":"Polygon","coordinates":[[[-132.74413,62.40934],[-132.75068,62.41201],[-132.74501,62.41507],[-132.73846,62.41241],[-132.74413,62.40934]]]}},{"type":"Feature","properties":{"c":"1.0","o":"Deloitte Restructuring Inc. - 100%","e":"2029-03-31"},"geometry":{"type":"Polygon","coordinates":[[[-132.99198,62.19976],[-132.99201,62.19697],[-132.99844,62.19694],[-132.99198,62.19976]]]}},{"type":"Feature","properties":{"c":"862.0","o":"Silver Range Resources Ltd. - 100%","e":"2032-03-13"},"geometry":{"type":"Polygon","coordinates":[[[-132.50227,62.32124],[-132.50888,62.32395],[-132.5032,62.32701],[-132.49659,62.32429],[-132.50227,62.32124]]]}},{"type":"Feature","properties":{"c":"195.0","o":"Silver Range Resources Ltd. - 100%","e":"2031-03-13"},"geometry":{"type":"Polygon","coordinates":[[[-132.50506,62.33854],[-132.51168,62.34126],[-132.50599,62.34431],[-132.49938,62.3416],[-132.50193,62.34023],[-132.50506,62.33854]]]}},{"type":"Feature","properties":{"c":"3.0","o":"James Woods - 100%","e":"2032-12-27"},"geometry":{"type":"Polygon","coordinates":[[[-132.81155,62.03169],[-132.81854,62.03408],[-132.81345,62.03736],[-132.80646,62.03496],[-132.81155,62.03169]]]}},{"type":"Feature","properties":{"c":"39.0","o":"Golden Predator Mining Corp - 100%","e":"2035-12-27"},"geometry":{"type":"Polygon","coordinates":[[[-132.90815,62.08681],[-132.90525,62.08638],[-132.9041,62.08831],[-132.90549,62.08851],[-132.90462,62.08907],[-132.89755,62.08665],[-132.90272,62.08334],[-132.90978,62.08576],[-132.90815,62.08681]]]}},{"type":"Feature","properties":{"c":"163.0","o":"Deloitte Restructuring Inc. - 100%","e":"2029-03-31"},"geometry":{"type":"Polygon","coordinates":[[[-132.77994,62.18419],[-132.78888,62.18467],[-132.78788,62.18873],[-132.77894,62.18823],[-132.77994,62.18419]]]}},{"type":"Feature","properties":{"c":"105.0","o":"Deloitte Restructuring Inc. - 100%","e":"2029-03-31"},"geometry":{"type":"Polygon","coordinates":[[[-132.8207,62.1656],[-132.82179,62.1615],[-132.83036,62.16194],[-132.82934,62.16603],[-132.8207,62.1656]]]}},{"type":"Feature","properties":{"c":"41.0","o":"Golden Predator Mining Corp - 100%","e":"2032-05-03"},"geometry":{"type":"Polygon","coordinates":[[[-132.75069,61.99827],[-132.75505,62.00018],[-132.75033,62.00327],[-132.75175,62.00375],[-132.75112,62.00407],[-132.74474,62.00127],[-132.75069,61.99827]]]}},{"type":"Feature","properties":{"c":"6.0","o":"Deloitte Restructuring Inc. - 100%","e":"2029-03-31"},"geometry":{"type":"Polygon","coordinates":[[[-132.95164,62.17421],[-132.94478,62.17642],[-132.94015,62.17317],[-132.94643,62.17122],[-132.95164,62.17421]]]}},{"type":"Feature","properties":{"c":"2053.0","o":"Silver Range Resources Ltd. - 100%","e":"2038-03-13"},"geometry":{"type":"Polygon","coordinates":[[[-132.82357,62.48508],[-132.83024,62.48778],[-132.82449,62.49082],[-132.81781,62.48812],[-132.82357,62.48508]]]}},{"type":"Feature","properties":{"c":"704.0","o":"Silver Range Resources Ltd. - 100%","e":"2032-03-13"},"geometry":{"type":"Polygon","coordinates":[[[-132.55287,62.40695],[-132.5595,62.40966],[-132.55372,62.41277],[-132.54709,62.41005],[-132.55287,62.40695]]]}},{"type":"Feature","properties":{"c":"84.0","o":"Golden Predator Mining Corp - 100%","e":"2056-12-27"},"geometry":{"type":"Polygon","coordinates":[[[-132.92642,62.07627],[-132.93154,62.07297],[-132.93859,62.07539],[-132.93347,62.07869],[-132.92642,62.07627]]]}},{"type":"Feature","properties":{"c":"496.0","o":"Silver Range Resources Ltd. - 100%","e":"2031-03-13"},"geometry":{"type":"Polygon","coordinates":[[[-132.72318,62.43304],[-132.72973,62.43571],[-132.72405,62.43877],[-132.7175,62.43611],[-132.72214,62.4336],[-132.72318,62.43304]]]}},{"type":"Feature","properties":{"c":"815.0","o":"Silver Range Resources Ltd. - 100%","e":"2032-03-13"},"geometry":{"type":"Polygon","coordinates":[[[-132.57317,62.30189],[-132.57978,62.3046],[-132.57411,62.30766],[-132.5675,62.30494],[-132.57317,62.30189]]]}},{"type":"Feature","properties":{"c":"85.0","o":"Deloitte Restructuring Inc. - 100%","e":"2029-03-31"},"geometry":{"type":"Polygon","coordinates":[[[-132.87587,62.14303],[-132.87552,62.14712],[-132.86681,62.14694],[-132.8672,62.14285],[-132.87587,62.14303]]]}},{"type":"Feature","properties":{"c":"24.0","o":"Golden Predator Mining Corp - 100%","e":"2032-05-03"},"geometry":{"type":"Polygon","coordinates":[[[-132.7676,61.99899],[-132.77469,62.00138],[-132.76961,62.00472],[-132.76251,62.00233],[-132.7676,61.99899]]]}},{"type":"Feature","properties":{"c":"677.0","o":"Silver Range Resources Ltd. - 100%","e":"2031-03-13"},"geometry":{"type":"Polygon","coordinates":[[[-132.90724,62.45934],[-132.91392,62.46204],[-132.90825,62.46511],[-132.90157,62.46241],[-132.90724,62.45934]]]}},{"type":"Feature","properties":{"c":"807.0","o":"Silver Range Resources Ltd. - 100%","e":"2040-03-13"},"geometry":{"type":"Polygon","coordinates":[[[-132.85707,62.41716],[-132.8638,62.41982],[-132.85805,62.42294],[-132.85132,62.42027],[-132.85707,62.41716]]]}},{"type":"Feature","properties":{"c":"1129.0","o":"Silver Range Resources Ltd. - 100%","e":"2042-03-13"},"geometry":{"type":"Polygon","coordinates":[[[-133.00114,62.49709],[-133.00783,62.49978],[-133.0021,62.50282],[-132.9954,62.50013],[-133.00114,62.49709]]]}},{"type":"Feature","properties":{"c":"123.0","o":"Silver Range Resources Ltd. - 100%","e":"2031-03-13"},"geometry":{"type":"Polygon","coordinates":[[[-132.62712,62.36702],[-132.63375,62.36973],[-132.62807,62.37279],[-132.62144,62.37008],[-132.62532,62.36799],[-132.62712,62.36702]]]}},{"type":"Feature","properties":{"c":"18.0","o":"Golden Predator Mining Corp - 100%","e":"2032-05-03"},"geometry":{"type":"Polygon","coordinates":[[[-132.78888,62.00616],[-132.79598,62.00855],[-132.7909,62.01188],[-132.7838,62.00949],[-132.78888,62.00616]]]}},{"type":"Feature","properties":{"c":"14.0","o":"Deloitte Restructuring Inc. - 100%","e":"2029-03-31"},"geometry":{"type":"Polygon","coordinates":[[[-132.95848,62.20525],[-132.95847,62.20452],[-132.95775,62.20452],[-132.95758,62.20115],[-132.96644,62.20113],[-132.96657,62.20523],[-132.95848,62.20525]]]}},{"type":"Feature","properties":{"c":"638.0","o":"Silver Range Resources Ltd. - 100%","e":"2031-03-13"},"geometry":{"type":"Polygon","coordinates":[[[-132.76857,62.40854],[-132.77512,62.4112],[-132.76945,62.41426],[-132.7629,62.4116],[-132.76857,62.40854]]]}},{"type":"Feature","properties":{"c":NaN,"o":"James Woods - 100%","e":"2032-12-27"},"geometry":{"type":"Polygon","coordinates":[[[-132.8429,62.03231],[-132.83774,62.03561],[-132.83069,62.03317],[-132.83586,62.02989],[-132.8429,62.03231]]]}},{"type":"Feature","properties":{"c":"840.0","o":"Silver Range Resources Ltd. - 100%","e":"2032-03-13"},"geometry":{"type":"Polygon","coordinates":[[[-132.58262,62.32191],[-132.58924,62.32462],[-132.58356,62.32768],[-132.57695,62.32496],[-132.58262,62.32191]]]}},{"type":"Feature","properties":{"c":"770.0","o":"Silver Range Resources Ltd. - 100%","e":"2040-03-13"},"geometry":{"type":"Polygon","coordinates":[[[-132.85961,62.43464],[-132.86628,62.43734],[-132.86052,62.44046],[-132.85385,62.43776],[-132.85961,62.43464]]]}},{"type":"Feature","properties":{"c":"152.0","o":"Silver Range Resources Ltd. - 100%","e":"2038-03-13"},"geometry":{"type":"Polygon","coordinates":[[[-133.00244,62.32227],[-133.00561,62.32351],[-132.9999,62.32664],[-132.99576,62.32501],[-133.00244,62.32227]]]}},{"type":"Feature","properties":{"c":"137.0","o":"Deloitte Restructuring Inc. - 100%","e":"2029-03-31"},"geometry":{"type":"Polygon","coordinates":[[[-132.81756,62.17799],[-132.82619,62.17845],[-132.8251,62.18262],[-132.8166,62.18214],[-132.81756,62.17799]]]}},{"type":"Feature","properties":{"c":"2016.0","o":"Silver Range Resources Ltd. - 100%","e":"2038-03-13"},"geometry":{"type":"Polygon","coordinates":[[[-132.80642,62.47546],[-132.81309,62.47817],[-132.80734,62.4812],[-132.80067,62.4785],[-132.80354,62.47698],[-132.80642,62.47546]]]}},{"type":"Feature","properties":{"c":"18.0","o":"Deloitte Restructuring Inc. - 100%","e":"2029-03-31"},"geometry":{"type":"Polygon","coordinates":[[[-132.9996,62.20263],[-133.00596,62.19965],[-133.01215,62.20277],[-133.00573,62.20557],[-132.9996,62.20263]]]}},{"type":"Feature","properties":{"c":"493.0","o":"Silver Range Resources Ltd. - 100%","e":"2031-03-13"},"geometry":{"type":"Polygon","coordinates":[[[-132.72231,62.42732],[-132.72886,62.42998],[-132.72318,62.43304],[-132.71663,62.43038],[-132.7213,62.42786],[-132.72231,62.42732]]]}},{"type":"Feature","properties":{"c":"449.0","o":"Silver Range Resources Ltd. - 100%","e":"2031-03-13"},"geometry":{"type":"Polygon","coordinates":[[[-132.68476,62.42279],[-132.69131,62.42545],[-132.68562,62.42851],[-132.67908,62.42585],[-132.68331,62.42356],[-132.68476,62.42279]]]}},{"type":"Feature","properties":{"c":"63.0","o":"Golden Predator Mining Corp - 100%","e":"2046-12-27"},"geometry":{"type":"Polygon","coordinates":[[[-132.95686,62.09176],[-132.94971,62.08931],[-132.95484,62.08601],[-132.962,62.08847],[-132.95686,62.09176]]]}},{"type":"Feature","properties":{"c":"10.0","o":"Deloitte Restructuring Inc. - 100%","e":"2029-03-31"},"geometry":{"type":"Polygon","coordinates":[[[-132.91321,62.18724],[-132.92204,62.18723],[-132.92207,62.19134],[-132.91323,62.19127],[-132.91321,62.18724]]]}},{"type":"Feature","properties":{"c":"1131.0","o":"Silver Range Resources Ltd. - 100%","e":"2042-03-13"},"geometry":{"type":"Polygon","coordinates":[[[-132.9954,62.50013],[-132.98871,62.49744],[-132.99444,62.4944],[-133.00114,62.49709],[-132.9954,62.50013]]]}},{"type":"Feature","properties":{"c":"685.0","o":"Silver Range Resources Ltd. - 100%","e":"2032-03-13"},"geometry":{"type":"Polygon","coordinates":[[[-132.59654,62.4084],[-132.60308,62.41107],[-132.5973,62.41418],[-132.59077,62.41151],[-132.59654,62.4084]]]}},{"type":"Feature","properties":{"c":"529.0","o":"Silver Range Resources Ltd. - 100%","e":"2031-03-13"},"geometry":{"type":"Polygon","coordinates":[[[-132.73366,62.42119],[-132.74021,62.42386],[-132.73453,62.42692],[-132.72798,62.42426],[-132.73283,62.42164],[-132.73366,62.42119]]]}},{"type":"Feature","properties":{"c":"322.0","o":"Silver Range Resources Ltd. - 100%","e":"2031-03-13"},"geometry":{"type":"Polygon","coordinates":[[[-132.52296,62.37282],[-132.52959,62.37554],[-132.52381,62.37864],[-132.51719,62.37592],[-132.5201,62.37436],[-132.52296,62.37282]]]}},{"type":"Feature","properties":{"c":"87.0","o":"Golden Predator Mining Corp - 100%","e":"2051-12-27"},"geometry":{"type":"Polygon","coordinates":[[[-132.95792,62.07697],[-132.9528,62.08027],[-132.94564,62.07781],[-132.95075,62.07451],[-132.95792,62.07697]]]}},{"type":"Feature","properties":{"c":"150.0","o":"Deloitte Restructuring Inc. - 100%","e":"2029-03-31"},"geometry":{"type":"Polygon","coordinates":[[[-132.76343,62.1833],[-132.75472,62.18284],[-132.7557,62.17873],[-132.7644,62.17922],[-132.76343,62.1833]]]}},{"type":"Feature","properties":{"c":"52.0","o":"Golden Predator Mining Corp - 100%","e":"2056-12-27"},"geometry":{"type":"Polygon","coordinates":[[[-132.90913,62.08045],[-132.90207,62.07804],[-132.9072,62.07474],[-132.91425,62.07715],[-132.90913,62.08045]]]}},{"type":"Feature","properties":{"c":"184.0","o":"Silver Range Resources Ltd. - 100%","e":"2031-03-13"},"geometry":{"type":"Polygon","coordinates":[[[-132.65602,62.39495],[-132.66255,62.39761],[-132.65687,62.40067],[-132.65034,62.39801],[-132.6544,62.39582],[-132.65602,62.39495]]]}},{"type":"Feature","properties":{"c":"301.0","o":"Silver Range Resources Ltd. - 100%","e":"2042-03-13"},"geometry":{"type":"Polygon","coordinates":[[[-132.85861,62.46657],[-132.86528,62.46927],[-132.85945,62.47236],[-132.85277,62.46966],[-132.85861,62.46657]]]}},{"type":"Feature","properties":{"c":"77.0","o":"Golden Predator Mining Corp - 100%","e":"2032-05-03"},"geometry":{"type":"Polygon","coordinates":[[[-132.70135,61.99907],[-132.70773,62.00187],[-132.70177,62.00487],[-132.69539,62.00207],[-132.70135,61.99907]]]}},{"type":"Feature","properties":{"c":"626.0","o":"Silver Range Resources Ltd. - 100%","e":"2031-03-13"},"geometry":{"type":"Polygon","coordinates":[[[-132.87689,62.46315],[-132.88356,62.46585],[-132.87789,62.46892],[-132.87122,62.46622],[-132.8718,62.46591],[-132.87689,62.46315]]]}},{"type":"Feature","properties":{"c":"11.0","o":"Golden Predator Mining Corp - 100%","e":"2043-12-27"},"geometry":{"type":"Polygon","coordinates":[[[-132.84728,62.06429],[-132.85255,62.06102],[-132.85963,62.06345],[-132.85437,62.06673],[-132.84728,62.06429]]]}},{"type":"Feature","properties":{"c":"503.0","o":"Silver Range Resources Ltd. - 100%","e":"2031-03-13"},"geometry":{"type":"Polygon","coordinates":[[[-132.75517,62.44067],[-132.76183,62.44338],[-132.75615,62.44644],[-132.74949,62.44373],[-132.75448,62.44104],[-132.75517,62.44067]]]}},{"type":"Feature","properties":{"c":"219.0","o":"Silver Range Resources Ltd. - 100%","e":"2031-03-13"},"geometry":{"type":"Polygon","coordinates":[[[-132.58451,62.37111],[-132.59114,62.37383],[-132.58546,62.37688],[-132.57883,62.37417],[-132.58216,62.37238],[-132.58451,62.37111]]]}},{"type":"Feature","properties":{"c":"227.0","o":"Silver Range Resources Ltd. - 100%","e":"2042-03-13"},"geometry":{"type":"Polygon","coordinates":[[[-132.82858,62.47621],[-132.83525,62.47891],[-132.82941,62.482],[-132.82273,62.4793],[-132.82858,62.47621]]]}},{"type":"Feature","properties":{"c":"714.0","o":"Silver Range Resources Ltd. - 100%","e":"2032-03-13"},"geometry":{"type":"Polygon","coordinates":[[[-132.58574,62.42039],[-132.59228,62.42306],[-132.58649,62.42616],[-132.57996,62.42349],[-132.58574,62.42039]]]}},{"type":"Feature","properties":{"c":"160.0","o":"Golden Predator Mining Corp - 100%","e":"2047-12-27"},"geometry":{"type":"Polygon","coordinates":[[[-132.78542,62.03043],[-132.7924,62.03284],[-132.78717,62.03618],[-132.78022,62.03375],[-132.78542,62.03043]]]}},{"type":"Feature","properties":{"c":"38.0","o":"Silver Range Resources Ltd. - 100%","e":"2031-03-13"},"geometry":{"type":"Polygon","coordinates":[[[-132.58451,62.33345],[-132.59113,62.33616],[-132.58546,62.33921],[-132.57884,62.3365],[-132.58451,62.33345]]]}},{"type":"Feature","properties":{"c":"94.0","o":"Deloitte Restructuring Inc. - 100%","e":"2029-03-31"},"geometry":{"type":"Polygon","coordinates":[[[-132.90576,62.1696],[-132.90543,62.16595],[-132.9142,62.1658],[-132.91452,62.16955],[-132.90576,62.1696]]]}},{"type":"Feature","properties":{"c":"15.0","o":"Deloitte Restructuring Inc. - 100%","e":"2029-03-31"},"geometry":{"type":"Polygon","coordinates":[[[-132.89229,62.16979],[-132.89336,62.16976],[-132.89419,62.17374],[-132.89229,62.16979]]]}},{"type":"Feature","properties":{"c":"5.0","o":"Deloitte Restructuring Inc. - 100%","e":"2029-03-31"},"geometry":{"type":"Polygon","coordinates":[[[-132.76113,62.21742],[-132.76102,62.21333],[-132.76984,62.21329],[-132.76998,62.21738],[-132.76113,62.21742]]]}},{"type":"Feature","properties":{"c":"14.0","o":"Deloitte Restructuring Inc. - 100%","e":"2029-03-31"},"geometry":{"type":"Polygon","coordinates":[[[-132.80573,62.21724],[-132.80579,62.22134],[-132.79673,62.22136],[-132.79652,62.21728],[-132.80573,62.21724]]]}},{"type":"Feature","properties":{"c":"375.0","o":"Silver Range Resources Ltd. - 100%","e":"2031-03-13"},"geometry":{"type":"Polygon","coordinates":[[[-132.51056,62.37321],[-132.51719,62.37592],[-132.5114,62.37903],[-132.50478,62.37631],[-132.51056,62.37321]]]}},{"type":"Feature","properties":{"c":"62.0","o":"Deloitte Restructuring Inc. - 100%","e":"2029-03-31"},"geometry":{"type":"Polygon","coordinates":[[[-132.91602,62.16955],[-132.91609,62.17341],[-132.90875,62.17344],[-132.90868,62.16958],[-132.91452,62.16955],[-132.91602,62.16955]]]}},{"type":"Feature","properties":{"c":"52.0","o":"Deloitte Restructuring Inc. - 100%","e":"2029-03-31"},"geometry":{"type":"Polygon","coordinates":[[[-132.88327,62.15962],[-132.88306,62.16249],[-132.87432,62.16266],[-132.87455,62.15945],[-132.88327,62.15962]]]}},{"type":"Feature","properties":{"c":"527.0","o":"Silver Range Resources Ltd. - 100%","e":"2031-03-13"},"geometry":{"type":"Polygon","coordinates":[[[-132.72711,62.41853],[-132.73366,62.42119],[-132.72798,62.42426],[-132.72143,62.42159],[-132.72622,62.41901],[-132.72711,62.41853]]]}},{"type":"Feature","properties":{"c":"682.0","o":"Silver Range Resources Ltd. - 100%","e":"2032-03-13"},"geometry":{"type":"Polygon","coordinates":[[[-132.5777,62.40617],[-132.58423,62.40884],[-132.57845,62.41194],[-132.57192,62.40927],[-132.5777,62.40617]]]}},{"type":"Feature","properties":{"c":"149.0","o":"Silver Range Resources Ltd. - 100%","e":"2031-03-13"},"geometry":{"type":"Polygon","coordinates":[[[-132.54951,62.34601],[-132.55613,62.34873],[-132.55045,62.35178],[-132.54383,62.34907],[-132.54688,62.34742],[-132.54951,62.34601]]]}},{"type":"Feature","properties":{"c":"472.0","o":"Silver Range Resources Ltd. - 100%","e":"2031-03-13"},"geometry":{"type":"Polygon","coordinates":[[[-132.75146,62.45527],[-132.75812,62.45797],[-132.75244,62.46104],[-132.74578,62.45833],[-132.75072,62.45567],[-132.75146,62.45527]]]}},{"type":"Feature","properties":{"c":"132.0","o":"Deloitte Restructuring Inc. - 100%","e":"2029-03-31"},"geometry":{"type":"Polygon","coordinates":[[[-132.85916,62.21806],[-132.85924,62.22207],[-132.85055,62.22215],[-132.85042,62.2181],[-132.85916,62.21806]]]}},{"type":"Feature","properties":{"c":"27.0","o":"Deloitte Restructuring Inc. - 100%","e":"2028-03-31"},"geometry":{"type":"Polygon","coordinates":[[[-132.98878,62.17303],[-132.98283,62.17608],[-132.97714,62.17346],[-132.98336,62.17054],[-132.98878,62.17303]]]}},{"type":"Feature","properties":{"c":"703.0","o":"Silver Range Resources Ltd. - 100%","e":"2032-03-13"},"geometry":{"type":"Polygon","coordinates":[[[-132.55865,62.40385],[-132.56529,62.40656],[-132.5595,62.40966],[-132.55287,62.40695],[-132.55865,62.40385]]]}},{"type":"Feature","properties":{"c":"1161.0","o":"Silver Range Resources Ltd. - 100%","e":"2042-03-13"},"geometry":{"type":"Polygon","coordinates":[[[-132.92955,62.47888],[-132.93623,62.48158],[-132.9304,62.48467],[-132.92371,62.48197],[-132.92955,62.47888]]]}},{"type":"Feature","properties":{"c":"30.0","o":"Deloitte Restructuring Inc. - 100%","e":"2029-03-31"},"geometry":{"type":"Polygon","coordinates":[[[-132.7873,62.20938],[-132.79609,62.20936],[-132.7963,62.21316],[-132.78748,62.21321],[-132.7873,62.20938]]]}},{"type":"Feature","properties":{"c":"59.0","o":"Golden Predator Mining Corp - 100%","e":"2052-12-27"},"geometry":{"type":"Polygon","coordinates":[[[-132.94256,62.08685],[-132.93541,62.0844],[-132.94053,62.08111],[-132.94768,62.08356],[-132.94256,62.08685]]]}},{"type":"Feature","properties":{"c":"210.0","o":"Silver Range Resources Ltd. - 100%","e":"2042-03-13"},"geometry":{"type":"Polygon","coordinates":[[[-132.89454,62.49741],[-132.90122,62.50011],[-132.89538,62.5032],[-132.8887,62.5005],[-132.89454,62.49741]]]}},{"type":"Feature","properties":{"c":"19.0","o":"Deloitte Restructuring Inc. - 100%","e":"2029-03-31"},"geometry":{"type":"Polygon","coordinates":[[[-132.80421,62.16231],[-132.81295,62.16249],[-132.81258,62.16651],[-132.80381,62.16633],[-132.80421,62.16231]]]}},{"type":"Feature","properties":{"c":"711.0","o":"Silver Range Resources Ltd. - 100%","e":"2032-03-13"},"geometry":{"type":"Polygon","coordinates":[[[-132.58499,62.41461],[-132.59152,62.41728],[-132.58574,62.42039],[-132.57921,62.41772],[-132.58499,62.41461]]]}},{"type":"Feature","properties":{"c":"696.0","o":"Silver Range Resources Ltd. - 100%","e":"2032-03-13"},"geometry":{"type":"Polygon","coordinates":[[[-132.52635,62.39609],[-132.53297,62.39881],[-132.52719,62.40191],[-132.52056,62.3992],[-132.52635,62.39609]]]}},{"type":"Feature","properties":{"c":"68.0","o":"Deloitte Restructuring Inc. - 100%","e":"2029-03-31"},"geometry":{"type":"Polygon","coordinates":[[[-132.84897,62.15078],[-132.85772,62.15093],[-132.85736,62.15506],[-132.84862,62.15491],[-132.84897,62.15078]]]}},{"type":"Feature","properties":{"c":"44.0","o":"Deloitte Restructuring Inc. - 100%","e":"2029-03-31"},"geometry":{"type":"Polygon","coordinates":[[[-132.94941,62.18233],[-132.94948,62.18499],[-132.94115,62.185],[-132.94096,62.1824],[-132.94941,62.18233]]]}},{"type":"Feature","properties":{"c":"303.0","o":"Silver Range Resources Ltd. - 100%","e":"2042-03-13"},"geometry":{"type":"Polygon","coordinates":[[[-132.85193,62.46387],[-132.85861,62.46657],[-132.85277,62.46966],[-132.8461,62.46696],[-132.85193,62.46387]]]}},{"type":"Feature","properties":{"c":"54.0","o":"Golden Predator Mining Corp - 100%","e":"2032-05-03"},"geometry":{"type":"Polygon","coordinates":[[[-132.70177,62.00487],[-132.70815,62.00767],[-132.70219,62.01067],[-132.69581,62.00787],[-132.70177,62.00487]]]}},{"type":"Feature","properties":{"c":"63.0","o":"Silver Range Resources Ltd. - 100%","e":"2031-03-13"},"geometry":{"type":"Polygon","coordinates":[[[-132.57222,62.33379],[-132.57884,62.3365],[-132.57316,62.33956],[-132.56654,62.33685],[-132.57222,62.33379]]]}},{"type":"Feature","properties":{"c":"23.0","o":"Golden Predator Mining Corp - 100%","e":"2035-12-27"},"geometry":{"type":"Polygon","coordinates":[[[-132.89691,62.08135],[-132.89174,62.08466],[-132.88477,62.08225],[-132.88987,62.07895],[-132.89691,62.08135]]]}},{"type":"Feature","properties":{"c":"11.0","o":"Golden Predator Mining Corp - 100%","e":"2032-05-03"},"geometry":{"type":"Polygon","coordinates":[[[-132.80777,62.02019],[-132.81481,62.02262],[-132.80965,62.02604],[-132.80278,62.02356],[-132.80777,62.02019]]]}},{"type":"Feature","properties":{"c":"20.0","o":"Golden Predator Mining Corp - 100%","e":"2032-05-03"},"geometry":{"type":"Polygon","coordinates":[[[-132.78179,62.00377],[-132.78888,62.00616],[-132.7838,62.00949],[-132.7767,62.0071],[-132.78179,62.00377]]]}},{"type":"Feature","properties":{"c":"47.0","o":"Deloitte Restructuring Inc. - 100%","e":"2029-03-31"},"geometry":{"type":"Polygon","coordinates":[[[-132.86594,62.15927],[-132.85701,62.1592],[-132.85736,62.15506],[-132.86622,62.15522],[-132.86594,62.15927]]]}},{"type":"Feature","properties":{"c":"51.0","o":"Silver Range Resources Ltd. - 100%","e":"2031-03-13"},"geometry":{"type":"Polygon","coordinates":[[[-132.63655,62.34937],[-132.64318,62.35208],[-132.63751,62.35513],[-132.63088,62.35242],[-132.63655,62.34937]]]}},{"type":"Feature","properties":{"c":"328.0","o":"Silver Range Resources Ltd. - 100%","e":"2031-03-13"},"geometry":{"type":"Polygon","coordinates":[[[-132.54284,62.38097],[-132.54947,62.38368],[-132.54369,62.38678],[-132.53706,62.38407],[-132.54017,62.3824],[-132.54284,62.38097]]]}},{"type":"Feature","properties":{"c":"609.0","o":"Silver Range Resources Ltd. - 100%","e":"2031-03-13"},"geometry":{"type":"Polygon","coordinates":[[[-132.82918,62.43849],[-132.83585,62.4412],[-132.83018,62.44426],[-132.82351,62.44156],[-132.82918,62.43849]]]}},{"type":"Feature","properties":{"c":"522.0","o":"Silver Range Resources Ltd. - 100%","e":"2031-03-13"},"geometry":{"type":"Polygon","coordinates":[[[-132.7018,62.4136],[-132.70834,62.41627],[-132.70266,62.41933],[-132.69612,62.41666],[-132.70062,62.41424],[-132.7018,62.4136]]]}},{"type":"Feature","properties":{"c":"18.0","o":"Deloitte Restructuring Inc. - 100%","e":"2029-03-31"},"geometry":{"type":"Polygon","coordinates":[[[-132.81434,62.22131],[-132.81428,62.21721],[-132.82275,62.21717],[-132.8228,62.22129],[-132.81434,62.22131]]]}},{"type":"Feature","properties":{"c":"1.0","o":"Golden Predator Mining Corp - 100%","e":"2043-12-27"},"geometry":{"type":"Polygon","coordinates":[[[-132.85963,62.06345],[-132.8667,62.06589],[-132.86146,62.06916],[-132.85437,62.06673],[-132.85963,62.06345]]]}},{"type":"Feature","properties":{"c":"618.0","o":"Silver Range Resources Ltd. - 100%","e":"2031-03-13"},"geometry":{"type":"Polygon","coordinates":[[[-132.85019,62.45236],[-132.85686,62.45506],[-132.85119,62.45813],[-132.84452,62.45543],[-132.84484,62.45525],[-132.85019,62.45236]]]}},{"type":"Feature","properties":{"c":"2.0","o":"Deloitte Restructuring Inc. - 100%","e":"2029-03-31"},"geometry":{"type":"Polygon","coordinates":[[[-132.75235,62.22146],[-132.74348,62.22148],[-132.74343,62.21748],[-132.75228,62.21745],[-132.75235,62.22146]]]}},{"type":"Feature","properties":{"c":"2055.0","o":"Silver Range Resources Ltd. - 100%","e":"2038-03-13"},"geometry":{"type":"Polygon","coordinates":[[[-132.83024,62.48778],[-132.83692,62.49048],[-132.83117,62.49352],[-132.82449,62.49082],[-132.83024,62.48778]]]}},{"type":"Feature","properties":{"c":"74.0","o":"Deloitte Restructuring Inc. - 100%","e":"2029-03-31"},"geometry":{"type":"Polygon","coordinates":[[[-132.87486,62.15533],[-132.87516,62.15121],[-132.88387,62.15138],[-132.88357,62.1555],[-132.87486,62.15533]]]}},{"type":"Feature","properties":{"c":"395.0","o":"Silver Range Resources Ltd. - 100%","e":"2031-03-13"},"geometry":{"type":"Polygon","coordinates":[[[-132.57684,62.40035],[-132.58348,62.40306],[-132.5777,62.40617],[-132.57107,62.40346],[-132.57684,62.40035]]]}},{"type":"Feature","properties":{"c":"36.0","o":"Deloitte Restructuring Inc. - 100%","e":"2029-03-31"},"geometry":{"type":"Polygon","coordinates":[[[-132.81329,62.20932],[-132.82227,62.20929],[-132.82232,62.21303],[-132.81331,62.21308],[-132.81329,62.20932]]]}},{"type":"Feature","properties":{"c":"128.0","o":"Deloitte Restructuring Inc. - 100%","e":"2029-03-31"},"geometry":{"type":"Polygon","coordinates":[[[-132.85648,62.18882],[-132.86325,62.18877],[-132.86347,62.19272],[-132.85668,62.19274],[-132.85648,62.18882]]]}},{"type":"Feature","properties":{"c":"345.0","o":"Silver Range Resources Ltd. - 100%","e":"2031-03-13"},"geometry":{"type":"Polygon","coordinates":[[[-132.60801,62.40224],[-132.61454,62.40491],[-132.60886,62.40796],[-132.60232,62.4053],[-132.60583,62.40341],[-132.60801,62.40224]]]}},{"type":"Feature","properties":{"c":"57.0","o":"Silver Range Resources Ltd. - 100%","e":"2031-03-13"},"geometry":{"type":"Polygon","coordinates":[[[-132.55236,62.32565],[-132.55898,62.32836],[-132.5533,62.33142],[-132.54669,62.3287],[-132.55236,62.32565]]]}},{"type":"Feature","properties":{"c":"144.0","o":"Silver Range Resources Ltd. - 100%","e":"2031-03-13"},"geometry":{"type":"Polygon","coordinates":[[[-132.52397,62.34092],[-132.53059,62.34364],[-132.52491,62.34669],[-132.51829,62.34398],[-132.52106,62.34249],[-132.52397,62.34092]]]}},{"type":"Feature","properties":{"c":"65.0","o":"Golden Predator Mining Corp - 100%","e":"2046-12-27"},"geometry":{"type":"Polygon","coordinates":[[[-132.96407,62.09423],[-132.95686,62.09176],[-132.962,62.08847],[-132.96918,62.09093],[-132.96407,62.09423]]]}},{"type":"Feature","properties":{"c":"121.0","o":"Deloitte Restructuring Inc. - 100%","e":"2029-03-31"},"geometry":{"type":"Polygon","coordinates":[[[-132.83882,62.18733],[-132.83889,62.18895],[-132.8301,62.18901],[-132.83,62.18686],[-132.83882,62.18733]]]}},{"type":"Feature","properties":{"c":"768.0","o":"Silver Range Resources Ltd. - 100%","e":"2040-03-13"},"geometry":{"type":"Polygon","coordinates":[[[-132.85302,62.43198],[-132.85961,62.43464],[-132.85385,62.43776],[-132.84718,62.43506],[-132.85302,62.43198]]]}},{"type":"Feature","properties":{"c":"233.0","o":"Silver Range Resources Ltd. - 100%","e":"2042-03-13"},"geometry":{"type":"Polygon","coordinates":[[[-132.80856,62.46811],[-132.81523,62.47081],[-132.80939,62.4739],[-132.80272,62.4712],[-132.80856,62.46811]]]}},{"type":"Feature","properties":{"c":"19.0","o":"Golden Predator Mining Corp - 100%","e":"2053-12-27"},"geometry":{"type":"Polygon","coordinates":[[[-132.83646,62.05041],[-132.83139,62.05372],[-132.82428,62.05127],[-132.82939,62.04796],[-132.83646,62.05041]]]}},{"type":"Feature","properties":{"c":"110.0","o":"Deloitte Restructuring Inc. - 100%","e":"2029-03-31"},"geometry":{"type":"Polygon","coordinates":[[[-132.82619,62.17845],[-132.8273,62.1742],[-132.83605,62.17467],[-132.83495,62.17892],[-132.82619,62.17845]]]}},{"type":"Feature","properties":{"c":"13.0","o":"Silver Range Resources Ltd. - 100%","e":"2031-03-13"},"geometry":{"type":"Polygon","coordinates":[[[-132.64597,62.33171],[-132.6526,62.33442],[-132.64693,62.33748],[-132.64031,62.33477],[-132.64597,62.33171]]]}},{"type":"Feature","properties":{"c":"6.0","o":"Silver Range Resources Ltd. - 100%","e":"2031-03-13"},"geometry":{"type":"Polygon","coordinates":[[[-132.61381,62.32393],[-132.62044,62.32664],[-132.61477,62.3297],[-132.60815,62.32699],[-132.61381,62.32393]]]}},{"type":"Feature","properties":{"c":"611.0","o":"Silver Range Resources Ltd. - 100%","e":"2031-03-13"},"geometry":{"type":"Polygon","coordinates":[[[-132.83585,62.4412],[-132.84252,62.44389],[-132.83685,62.44696],[-132.83018,62.44426],[-132.83585,62.4412]]]}},{"type":"Feature","properties":{"c":"17.0","o":"Deloitte Restructuring Inc. - 100%","e":"2029-03-31"},"geometry":{"type":"Polygon","coordinates":[[[-132.94115,62.21682],[-132.9412,62.22092],[-132.93251,62.22092],[-132.93242,62.21682],[-132.94115,62.21682]]]}},{"type":"Feature","properties":{"c":"8.0","o":"Golden Predator Mining Corp - 100%","e":"2029-09-06"},"geometry":{"type":"Polygon","coordinates":[[[-132.87366,62.02766],[-132.88071,62.03008],[-132.87555,62.03339],[-132.8685,62.03097],[-132.87172,62.0289],[-132.87366,62.02766]]]}},{"type":"Feature","properties":{"c":"844.0","o":"Silver Range Resources Ltd. - 100%","e":"2032-03-13"},"geometry":{"type":"Polygon","coordinates":[[[-132.53159,62.31174],[-132.5382,62.31445],[-132.53252,62.31751],[-132.52591,62.31479],[-132.53159,62.31174]]]}},{"type":"Feature","properties":{"c":"2127.0","o":"Silver Range Resources Ltd. - 100%","e":"2038-03-13"},"geometry":{"type":"Polygon","coordinates":[[[-132.83209,62.49926],[-132.83877,62.50196],[-132.83302,62.50499],[-132.82634,62.50229],[-132.83209,62.49926]]]}},{"type":"Feature","properties":{"c":"2017.0","o":"Silver Range Resources Ltd. - 100%","e":"2038-03-13"},"geometry":{"type":"Polygon","coordinates":[[[-132.81606,62.4766],[-132.82273,62.4793],[-132.81977,62.48087],[-132.81309,62.47817],[-132.81606,62.4766]]]}},{"type":"Feature","properties":{"c":"38.0","o":"Deloitte Restructuring Inc. - 100%","e":"2029-03-31"},"geometry":{"type":"Polygon","coordinates":[[[-132.97097,62.2089],[-132.968,62.2102],[-132.97331,62.21286],[-132.96974,62.21461],[-132.9631,62.21166],[-132.96976,62.20835],[-132.97097,62.2089]]]}},{"type":"Feature","properties":{"c":"82.0","o":"Deloitte Restructuring Inc. - 100%","e":"2029-03-31"},"geometry":{"type":"Polygon","coordinates":[[[-132.87555,62.20506],[-132.87547,62.20113],[-132.88433,62.20111],[-132.88441,62.20503],[-132.87555,62.20506]]]}},{"type":"Feature","properties":{"c":"619.0","o":"Silver Range Resources Ltd. - 100%","e":"2031-03-13"},"geometry":{"type":"Polygon","coordinates":[[[-132.86253,62.45199],[-132.8692,62.45469],[-132.86354,62.45776],[-132.85686,62.45506],[-132.86253,62.45199]]]}},{"type":"Feature","properties":{"c":"129.0","o":"Deloitte Restructuring Inc. - 100%","e":"2029-03-31"},"geometry":{"type":"Polygon","coordinates":[[[-132.85794,62.20919],[-132.85813,62.21338],[-132.84921,62.21342],[-132.8491,62.20922],[-132.85794,62.20919]]]}},{"type":"Feature","properties":{"c":"155.0","o":"Deloitte Restructuring Inc. - 100%","e":"2029-03-31"},"geometry":{"type":"Polygon","coordinates":[[[-132.84111,62.21346],[-132.85036,62.21341],[-132.85039,62.21727],[-132.84117,62.21732],[-132.84111,62.21346]]]}},{"type":"Feature","properties":{"c":"293.0","o":"Golden Predator Mining Corp - 100%","e":"2050-12-27"},"geometry":{"type":"Polygon","coordinates":[[[-132.80809,62.0406],[-132.81529,62.04308],[-132.8101,62.04637],[-132.80293,62.04387],[-132.80809,62.0406]]]}},{"type":"Feature","properties":{"c":"2054.0","o":"Silver Range Resources Ltd. - 100%","e":"2038-03-13"},"geometry":{"type":"Polygon","coordinates":[[[-132.82449,62.49082],[-132.83117,62.49352],[-132.82542,62.49656],[-132.81874,62.49386],[-132.82449,62.49082]]]}},{"type":"Feature","properties":{"c":"106.0","o":"Deloitte Restructuring Inc. - 100%","e":"2029-03-31"},"geometry":{"type":"Polygon","coordinates":[[[-132.84481,62.17515],[-132.85356,62.17563],[-132.85245,62.17985],[-132.8437,62.17939],[-132.84481,62.17515]]]}},{"type":"Feature","properties":{"c":"272.0","o":"Silver Range Resources Ltd. - 100%","e":"2031-03-13"},"geometry":{"type":"Polygon","coordinates":[[[-132.55421,62.37486],[-132.56084,62.37757],[-132.55515,62.38062],[-132.54853,62.37791],[-132.55154,62.37629],[-132.55421,62.37486]]]}},{"type":"Feature","properties":{"c":"176.0","o":"Silver Range Resources Ltd. - 100%","e":"2031-03-13"},"geometry":{"type":"Polygon","coordinates":[[[-132.62988,62.38428],[-132.63641,62.38695],[-132.63073,62.39001],[-132.6242,62.38734],[-132.62801,62.38529],[-132.62988,62.38428]]]}},{"type":"Feature","properties":{"c":"55.0","o":"Deloitte Restructuring Inc. - 100%","e":"2029-03-31"},"geometry":{"type":"Polygon","coordinates":[[[-132.89199,62.1598],[-132.89231,62.15567],[-132.90104,62.15585],[-132.90072,62.15997],[-132.89199,62.1598]]]}},{"type":"Feature","properties":{"c":"312.0","o":"Silver Range Resources Ltd. - 100%","e":"2042-03-13"},"geometry":{"type":"Polygon","coordinates":[[[-132.83109,62.44999],[-132.83775,62.45269],[-132.83192,62.45577],[-132.82525,62.45307],[-132.83109,62.44999]]]}},{"type":"Feature","properties":{"c":"23.0","o":"Deloitte Restructuring Inc. - 100%","e":"2029-03-31"},"geometry":{"type":"Polygon","coordinates":[[[-132.88144,62.18674],[-132.88126,62.1828],[-132.89012,62.18284],[-132.88949,62.18669],[-132.88144,62.18674]]]}},{"type":"Feature","properties":{"c":"473.0","o":"Silver Range Resources Ltd. - 100%","e":"2031-03-13"},"geometry":{"type":"Polygon","coordinates":[[[-132.7638,62.45491],[-132.77047,62.45761],[-132.76479,62.46068],[-132.75812,62.45797],[-132.76313,62.45527],[-132.7638,62.45491]]]}},{"type":"Feature","properties":{"c":"612.0","o":"Silver Range Resources Ltd. - 100%","e":"2031-03-13"},"geometry":{"type":"Polygon","coordinates":[[[-132.83018,62.44426],[-132.83685,62.44696],[-132.83118,62.45003],[-132.82464,62.44726],[-132.83018,62.44426]]]}},{"type":"Feature","properties":{"c":"64.0","o":"Deloitte Restructuring Inc. - 100%","e":"2029-03-31"},"geometry":{"type":"Polygon","coordinates":[[[-132.79574,62.20129],[-132.80468,62.20128],[-132.80479,62.20524],[-132.79588,62.2053],[-132.79574,62.20129]]]}},{"type":"Feature","properties":{"c":"181.0","o":"Silver Range Resources Ltd. - 100%","e":"2031-03-13"},"geometry":{"type":"Polygon","coordinates":[[[-132.65516,62.38922],[-132.66169,62.39189],[-132.65602,62.39495],[-132.64948,62.39228],[-132.65357,62.39008],[-132.65516,62.38922]]]}},{"type":"Feature","properties":{"c":"44.0","o":"Silver Range Resources Ltd. - 100%","e":"2031-03-13"},"geometry":{"type":"Polygon","coordinates":[[[-132.60438,62.34158],[-132.611,62.34429],[-132.60533,62.34735],[-132.5987,62.34464],[-132.60438,62.34158]]]}},{"type":"Feature","properties":{"c":"45.0","o":"Deloitte Restructuring Inc. - 100%","e":"2029-03-31"},"geometry":{"type":"Polygon","coordinates":[[[-132.88441,62.20503],[-132.8845,62.20911],[-132.87565,62.20914],[-132.87555,62.20506],[-132.88441,62.20503]]]}},{"type":"Feature","properties":{"c":"8.0","o":"Golden Predator Mining Corp - 100%","e":"2055-12-27"},"geometry":{"type":"Polygon","coordinates":[[[-132.85895,62.04293],[-132.86605,62.04536],[-132.8609,62.04867],[-132.85381,62.04624],[-132.85895,62.04293]]]}},{"type":"Feature","properties":{"c":"2019.0","o":"Silver Range Resources Ltd. - 100%","e":"2038-03-13"},"geometry":{"type":"Polygon","coordinates":[[[-132.82273,62.4793],[-132.82941,62.482],[-132.82644,62.48357],[-132.81977,62.48087],[-132.82273,62.4793]]]}},{"type":"Feature","properties":{"c":"17.0","o":"Deloitte Restructuring Inc. - 100%","e":"2029-03-31"},"geometry":{"type":"Polygon","coordinates":[[[-132.97495,62.18495],[-132.98377,62.18493],[-132.98381,62.18888],[-132.97499,62.1889],[-132.97495,62.18495]]]}},{"type":"Feature","properties":{"c":"95.0","o":"Deloitte Restructuring Inc. - 100%","e":"2029-03-31"},"geometry":{"type":"Polygon","coordinates":[[[-132.91028,62.1478],[-132.91053,62.14371],[-132.91965,62.14382],[-132.91937,62.14791],[-132.91028,62.1478]]]}},{"type":"Feature","properties":{"c":"138.0","o":"Deloitte Restructuring Inc. - 100%","e":"2029-03-31"},"geometry":{"type":"Polygon","coordinates":[[[-132.80781,62.18165],[-132.8166,62.18214],[-132.81568,62.1861],[-132.80697,62.18564],[-132.80781,62.18165]]]}},{"type":"Feature","properties":{"c":"610.0","o":"Silver Range Resources Ltd. - 100%","e":"2031-03-13"},"geometry":{"type":"Polygon","coordinates":[[[-132.82351,62.44156],[-132.83018,62.44426],[-132.82451,62.44733],[-132.81791,62.44459],[-132.82351,62.44156]]]}},{"type":"Feature","properties":{"c":"477.0","o":"Silver Range Resources Ltd. - 100%","e":"2031-03-13"},"geometry":{"type":"Polygon","coordinates":[[[-132.66995,62.40601],[-132.67649,62.40867],[-132.67081,62.41173],[-132.66427,62.40907],[-132.66843,62.40682],[-132.66995,62.40601]]]}},{"type":"Feature","properties":{"c":"49.0","o":"Deloitte Restructuring Inc. - 100%","e":"2029-03-31"},"geometry":{"type":"Polygon","coordinates":[[[-132.86623,62.15515],[-132.87486,62.15533],[-132.87455,62.15945],[-132.86594,62.15927],[-132.86623,62.15515]]]}},{"type":"Feature","properties":{"c":"125.0","o":"Lapie Mining Inc. - 100%","e":"2029-01-20"},"geometry":{"type":"Polygon","coordinates":[[[-132.9529,62.47768],[-132.95864,62.47463],[-132.96522,62.47728],[-132.95949,62.48033],[-132.9543,62.47824],[-132.9529,62.47768]]]}},{"type":"Feature","properties":{"c":"646.0","o":"Silver Range Resources Ltd. - 100%","e":"2031-03-13"},"geometry":{"type":"Polygon","coordinates":[[[-132.79488,62.41922],[-132.80154,62.42192],[-132.79587,62.42499],[-132.78921,62.42229],[-132.79488,62.41922]]]}},{"type":"Feature","properties":{"c":"23.0","o":"Golden Predator Mining Corp - 100%","e":"2053-12-27"},"geometry":{"type":"Polygon","coordinates":[[[-132.82232,62.04551],[-132.81718,62.04881],[-132.8101,62.04636],[-132.81526,62.04307],[-132.82232,62.04551]]]}},{"type":"Feature","properties":{"c":"315.0","o":"Silver Range Resources Ltd. - 100%","e":"2031-03-13"},"geometry":{"type":"Polygon","coordinates":[[[-132.50879,62.36162],[-132.51541,62.36434],[-132.50972,62.36739],[-132.5031,62.36467],[-132.50564,62.36331],[-132.50879,62.36162]]]}},{"type":"Feature","properties":{"c":"145.0","o":"Deloitte Restructuring Inc. - 100%","e":"2029-03-31"},"geometry":{"type":"Polygon","coordinates":[[[-132.91272,62.21388],[-132.92253,62.21386],[-132.92265,62.21781],[-132.91283,62.21785],[-132.91272,62.21388]]]}},{"type":"Feature","properties":{"c":"105.0","o":"Silver Range Resources Ltd. - 100%","e":"2031-03-13"},"geometry":{"type":"Polygon","coordinates":[[[-132.56748,62.34261],[-132.5741,62.34533],[-132.56843,62.34838],[-132.56181,62.34567],[-132.5651,62.34389],[-132.56748,62.34261]]]}},{"type":"Feature","properties":{"c":"297.0","o":"Silver Range Resources Ltd. - 100%","e":"2031-03-13"},"geometry":{"type":"Polygon","coordinates":[[[-132.64551,62.40679],[-132.65205,62.40946],[-132.64637,62.41252],[-132.63983,62.40985],[-132.64368,62.40778],[-132.64551,62.40679]]]}},{"type":"Feature","properties":{"c":"61.0","o":"Golden Predator Mining Corp - 100%","e":"2031-05-03"},"geometry":{"type":"Polygon","coordinates":[[[-132.67668,61.99947],[-132.68305,62.00227],[-132.67709,62.00527],[-132.67072,62.00247],[-132.67668,61.99947]]]}},{"type":"Feature","properties":{"c":"8.0","o":"Deloitte Restructuring Inc. - 100%","e":"2029-03-31"},"geometry":{"type":"Polygon","coordinates":[[[-132.92206,62.18905],[-132.93107,62.18902],[-132.93129,62.19303],[-132.92208,62.19306],[-132.92206,62.18905]]]}},{"type":"Feature","properties":{"c":"28.0","o":"Silver Range Resources Ltd. - 100%","e":"2031-03-13"},"geometry":{"type":"Polygon","coordinates":[[[-132.62897,62.34089],[-132.63559,62.3436],[-132.62992,62.34666],[-132.6233,62.34395],[-132.62897,62.34089]]]}},{"type":"Feature","properties":{"c":"107.0","o":"Deloitte Restructuring Inc. - 100%","e":"2029-03-31"},"geometry":{"type":"Polygon","coordinates":[[[-132.84584,62.17099],[-132.85332,62.17137],[-132.85356,62.17563],[-132.84481,62.17515],[-132.84584,62.17099]]]}},{"type":"Feature","properties":{"c":"769.0","o":"Silver Range Resources Ltd. - 100%","e":"2040-03-13"},"geometry":{"type":"Polygon","coordinates":[[[-132.86536,62.43153],[-132.87203,62.43423],[-132.86628,62.43734],[-132.85961,62.43464],[-132.86536,62.43153]]]}},{"type":"Feature","properties":{"c":"600.0","o":"Silver Range Resources Ltd. - 100%","e":"2031-03-13"},"geometry":{"type":"Polygon","coordinates":[[[-132.7902,62.42805],[-132.79686,62.43076],[-132.79119,62.43382],[-132.78453,62.43112],[-132.7902,62.42805]]]}},{"type":"Feature","properties":{"c":"10.0","o":"Deloitte Restructuring Inc. - 100%","e":"2029-03-31"},"geometry":{"type":"Polygon","coordinates":[[[-132.9662,62.19287],[-132.96632,62.19708],[-132.95736,62.19711],[-132.95738,62.19293],[-132.9662,62.19287]]]}},{"type":"Feature","properties":{"c":"19.0","o":"Deloitte Restructuring Inc. - 100%","e":"2029-03-31"},"geometry":{"type":"Polygon","coordinates":[[[-132.74327,62.20549],[-132.75206,62.20546],[-132.75213,62.20947],[-132.74333,62.20949],[-132.74327,62.20549]]]}},{"type":"Feature","properties":{"c":"56.0","o":"Golden Predator Mining Corp - 100%","e":"2032-05-03"},"geometry":{"type":"Polygon","coordinates":[[[-132.69539,62.00207],[-132.70177,62.00487],[-132.69581,62.00787],[-132.68943,62.00507],[-132.69539,62.00207]]]}},{"type":"Feature","properties":{"c":"3.0","o":"Golden Predator Mining Corp - 100%","e":"2029-09-06"},"geometry":{"type":"Polygon","coordinates":[[[-132.8826,62.03581],[-132.88965,62.03823],[-132.8845,62.04154],[-132.87744,62.03912],[-132.87988,62.03756],[-132.8826,62.03581]]]}},{"type":"Feature","properties":{"c":"799.0","o":"Silver Range Resources Ltd. - 100%","e":"2040-03-13"},"geometry":{"type":"Polygon","coordinates":[[[-132.83022,62.4064],[-132.83688,62.4091],[-132.83107,62.41225],[-132.82434,62.40959],[-132.83022,62.4064]]]}},{"type":"Feature","properties":{"c":"294.0","o":"Golden Predator Mining Corp - 100%","e":"2032-05-03"},"geometry":{"type":"Polygon","coordinates":[[[-132.7324,62.00147],[-132.73878,62.00427],[-132.73714,62.0051],[-132.73485,62.00507],[-132.73474,62.00631],[-132.73283,62.00727],[-132.72645,62.00447],[-132.7324,62.00147]]]}},{"type":"Feature","properties":{"c":"3.0","o":"Deloitte Restructuring Inc. - 100%","e":"2029-03-31"},"geometry":{"type":"Polygon","coordinates":[[[-132.94052,62.1972],[-132.94041,62.19299],[-132.94889,62.19296],[-132.94901,62.19716],[-132.94052,62.1972]]]}},{"type":"Feature","properties":{"c":"248.0","o":"Silver Range Resources Ltd. - 100%","e":"2042-03-13"},"geometry":{"type":"Polygon","coordinates":[[[-132.90621,62.49124],[-132.9129,62.49393],[-132.90706,62.49702],[-132.90037,62.49433],[-132.90621,62.49124]]]}},{"type":"Feature","properties":{"c":"92.0","o":"Deloitte Restructuring Inc. - 100%","e":"2029-03-31"},"geometry":{"type":"Polygon","coordinates":[[[-132.90186,62.14354],[-132.90214,62.13944],[-132.91077,62.13961],[-132.91053,62.14371],[-132.90186,62.14354]]]}},{"type":"Feature","properties":{"c":"267.0","o":"Silver Range Resources Ltd. - 100%","e":"2042-03-13"},"geometry":{"type":"Polygon","coordinates":[[[-132.83358,62.46734],[-132.84026,62.47004],[-132.83442,62.47313],[-132.82774,62.47043],[-132.83358,62.46734]]]}},{"type":"Feature","properties":{"c":"519.0","o":"Silver Range Resources Ltd. - 100%","e":"2031-03-13"},"geometry":{"type":"Polygon","coordinates":[[[-132.70093,62.40788],[-132.70747,62.41054],[-132.7018,62.4136],[-132.69525,62.41094],[-132.69978,62.4085],[-132.70093,62.40788]]]}},{"type":"Feature","properties":{"c":"12.0","o":"Deloitte Restructuring Inc. - 100%","e":"2028-03-31"},"geometry":{"type":"Polygon","coordinates":[[[-133.00297,62.16293],[-133.00889,62.16599],[-133.0032,62.16851],[-133.00299,62.1684],[-133.00438,62.16773],[-132.99829,62.16502],[-133.00248,62.16315],[-133.00297,62.16293]]]}},{"type":"Feature","properties":{"c":"743.0","o":"Silver Range Resources Ltd. - 100%","e":"2040-03-13"},"geometry":{"type":"Polygon","coordinates":[[[-132.7792,62.39659],[-132.78575,62.39925],[-132.77999,62.40236],[-132.77344,62.3997],[-132.7792,62.39659]]]}},{"type":"Feature","properties":{"c":"20.0","o":"Silver Range Resources Ltd. - 100%","e":"2044-03-13"},"geometry":{"type":"Polygon","coordinates":[[[-132.97532,62.49205],[-132.98201,62.49475],[-132.97627,62.49779],[-132.96958,62.4951],[-132.97532,62.49205]]]}},{"type":"Feature","properties":{"c":"584.0","o":"Silver Range Resources Ltd. - 100%","e":"2031-03-13"},"geometry":{"type":"Polygon","coordinates":[[[-132.80551,62.44499],[-132.79983,62.44806],[-132.79317,62.44536],[-132.79869,62.44237],[-132.80551,62.44499]]]}},{"type":"Feature","properties":{"c":"780.0","o":"Silver Range Resources Ltd. - 100%","e":"2040-03-13"},"geometry":{"type":"Polygon","coordinates":[[[-132.89296,62.44813],[-132.89964,62.45083],[-132.89388,62.45395],[-132.88721,62.45125],[-132.89296,62.44813]]]}},{"type":"Feature","properties":{"c":"263.0","o":"Silver Range Resources Ltd. - 100%","e":"2042-03-13"},"geometry":{"type":"Polygon","coordinates":[[[-132.84693,62.47274],[-132.85361,62.47544],[-132.84777,62.47853],[-132.84109,62.47583],[-132.84693,62.47274]]]}},{"type":"Feature","properties":{"c":"865.0","o":"Silver Range Resources Ltd. - 100%","e":"2032-03-13"},"geometry":{"type":"Polygon","coordinates":[[[-132.52117,62.32361],[-132.52778,62.32633],[-132.5221,62.32938],[-132.51549,62.32667],[-132.52117,62.32361]]]}},{"type":"Feature","properties":{"c":"10.0","o":"Golden Predator Mining Corp - 100%","e":"2055-12-27"},"geometry":{"type":"Polygon","coordinates":[[[-132.85186,62.04049],[-132.85895,62.04293],[-132.85381,62.04624],[-132.84672,62.0438],[-132.85186,62.04049]]]}},{"type":"Feature","properties":{"c":"123.0","o":"Deloitte Restructuring Inc. - 100%","e":"2029-03-31"},"geometry":{"type":"Polygon","coordinates":[[[-132.8475,62.1848],[-132.84768,62.18889],[-132.83889,62.18895],[-132.83882,62.18733],[-132.8416,62.18748],[-132.84229,62.18481],[-132.8475,62.1848]]]}},{"type":"Feature","properties":{"c":"160.0","o":"Silver Range Resources Ltd. - 100%","e":"2031-03-13"},"geometry":{"type":"Polygon","coordinates":[[[-132.57694,62.36263],[-132.58357,62.36535],[-132.57789,62.3684],[-132.57126,62.36569],[-132.57455,62.36392],[-132.57694,62.36263]]]}},{"type":"Feature","properties":{"c":"229.0","o":"Silver Range Resources Ltd. - 100%","e":"2042-03-13"},"geometry":{"type":"Polygon","coordinates":[[[-132.8219,62.47351],[-132.82858,62.47621],[-132.82273,62.4793],[-132.81606,62.4766],[-132.8219,62.47351]]]}},{"type":"Feature","properties":{"c":"524.0","o":"Silver Range Resources Ltd. - 100%","e":"2031-03-13"},"geometry":{"type":"Polygon","coordinates":[[[-132.70834,62.41627],[-132.71489,62.41893],[-132.70921,62.42199],[-132.70266,62.41933],[-132.70723,62.41687],[-132.70834,62.41627]]]}},{"type":"Feature","properties":{"c":"15.0","o":"Deloitte Restructuring Inc. - 100%","e":"2029-03-31"},"geometry":{"type":"Polygon","coordinates":[[[-132.94988,62.21681],[-132.9499,62.22092],[-132.9412,62.22092],[-132.94115,62.21682],[-132.94988,62.21681]]]}},{"type":"Feature","properties":{"c":"17.0","o":"Golden Predator Mining Corp - 100%","e":"2032-05-03"},"geometry":{"type":"Polygon","coordinates":[[[-132.7909,62.01188],[-132.798,62.01427],[-132.79292,62.0176],[-132.78586,62.01518],[-132.7909,62.01188]]]}},{"type":"Feature","properties":{"c":"798.0","o":"Silver Range Resources Ltd. - 100%","e":"2040-03-13"},"geometry":{"type":"Polygon","coordinates":[[[-132.81762,62.40692],[-132.82434,62.40959],[-132.81872,62.41263],[-132.81206,62.40993],[-132.81762,62.40692]]]}},{"type":"Feature","properties":{"c":"69.0","o":"Silver Range Resources Ltd. - 100%","e":"2031-03-13"},"geometry":{"type":"Polygon","coordinates":[[[-132.59208,62.34193],[-132.5987,62.34464],[-132.59303,62.3477],[-132.5864,62.34498],[-132.59208,62.34193]]]}},{"type":"Feature","properties":{"c":"13.0","o":"Deloitte Restructuring Inc. - 100%","e":"2029-03-31"},"geometry":{"type":"Polygon","coordinates":[[[-132.96644,62.20113],[-132.97534,62.2011],[-132.9755,62.20521],[-132.96657,62.20523],[-132.96644,62.20113]]]}},{"type":"Feature","properties":{"c":"31.0","o":"Silver Range Resources Ltd. - 100%","e":"2031-03-13"},"geometry":{"type":"Polygon","coordinates":[[[-132.57033,62.32225],[-132.57695,62.32496],[-132.57127,62.32802],[-132.56466,62.32531],[-132.57033,62.32225]]]}},{"type":"Feature","properties":{"c":"25.0","o":"Deloitte Restructuring Inc. - 100%","e":"2029-03-31"},"geometry":{"type":"Polygon","coordinates":[[[-132.76959,62.2054],[-132.77835,62.20536],[-132.77851,62.20941],[-132.76972,62.20943],[-132.76959,62.2054]]]}},{"type":"Feature","properties":{"c":"98.0","o":"Deloitte Restructuring Inc. - 100%","e":"2029-03-31"},"geometry":{"type":"Polygon","coordinates":[[[-132.75164,62.19311],[-132.74307,62.19315],[-132.743,62.18918],[-132.75155,62.18914],[-132.75164,62.19311]]]}},{"type":"Feature","properties":{"c":"211.0","o":"Silver Range Resources Ltd. - 100%","e":"2042-03-13"},"geometry":{"type":"Polygon","coordinates":[[[-132.88201,62.4978],[-132.8887,62.5005],[-132.88285,62.50359],[-132.87617,62.50089],[-132.88201,62.4978]]]}},{"type":"Feature","properties":{"c":"83.0","o":"Deloitte Restructuring Inc. - 100%","e":"2029-03-31"},"geometry":{"type":"Polygon","coordinates":[[[-132.9192,62.15034],[-132.91937,62.14791],[-132.92672,62.148],[-132.92604,62.14821],[-132.9192,62.15034]]]}},{"type":"Feature","properties":{"c":"20.0","o":"Deloitte Restructuring Inc. - 100%","e":"2028-03-31"},"geometry":{"type":"Polygon","coordinates":[[[-132.96403,62.17563],[-132.97102,62.17344],[-132.97524,62.17645],[-132.96633,62.17648],[-132.96636,62.17727],[-132.96403,62.17563]]]}},{"type":"Feature","properties":{"c":"59.0","o":"Deloitte Restructuring Inc. - 100%","e":"2029-03-31"},"geometry":{"type":"Polygon","coordinates":[[[-132.91128,62.16018],[-132.90944,62.16015],[-132.90953,62.15896],[-132.91128,62.16018]]]}},{"type":"Feature","properties":{"c":"664.0","o":"Silver Range Resources Ltd. - 100%","e":"2031-03-13"},"geometry":{"type":"Polygon","coordinates":[[[-132.85486,62.44353],[-132.86153,62.44623],[-132.85586,62.44929],[-132.84919,62.44659],[-132.85486,62.44353]]]}},{"type":"Feature","properties":{"c":"51.0","o":"Deloitte Restructuring Inc. - 100%","e":"2029-03-31"},"geometry":{"type":"Polygon","coordinates":[[[-132.74314,62.19726],[-132.75189,62.19725],[-132.75197,62.20136],[-132.74322,62.20138],[-132.74314,62.19726]]]}},{"type":"Feature","properties":{"c":"1171.0","o":"Silver Range Resources Ltd. - 100%","e":"2042-03-13"},"geometry":{"type":"Polygon","coordinates":[[[-132.91035,62.47658],[-132.91703,62.47928],[-132.9112,62.48237],[-132.90451,62.47967],[-132.91035,62.47658]]]}},{"type":"Feature","properties":{"c":"748.0","o":"Silver Range Resources Ltd. - 100%","e":"2040-03-13"},"geometry":{"type":"Polygon","coordinates":[[[-132.78654,62.40502],[-132.79309,62.40768],[-132.78734,62.4108],[-132.78078,62.40814],[-132.78654,62.40502]]]}},{"type":"Feature","properties":{"c":"129.0","o":"Lapie Mining Inc. - 100%","e":"2029-01-20"},"geometry":{"type":"Polygon","coordinates":[[[-132.94002,62.47223],[-132.94548,62.46933],[-132.95206,62.47198],[-132.9466,62.47488],[-132.94121,62.4727],[-132.94002,62.47223]]]}},{"type":"Feature","properties":{"c":"80.0","o":"Deloitte Restructuring Inc. - 100%","e":"2029-03-31"},"geometry":{"type":"Polygon","coordinates":[[[-132.8666,62.20115],[-132.87547,62.20113],[-132.87555,62.20506],[-132.8667,62.20509],[-132.8666,62.20115]]]}},{"type":"Feature","properties":{"c":"3.0","o":"Golden Predator Mining Corp - 100%","e":"2032-05-03"},"geometry":{"type":"Polygon","coordinates":[[[-132.84813,62.02905],[-132.85518,62.03147],[-132.85,62.03477],[-132.84297,62.03233],[-132.84813,62.02905]]]}},{"type":"Feature","properties":{"c":"299.0","o":"Silver Range Resources Ltd. - 100%","e":"2031-03-13"},"geometry":{"type":"Polygon","coordinates":[[[-132.65205,62.40946],[-132.65859,62.41212],[-132.65291,62.41518],[-132.64637,62.41252],[-132.65029,62.41041],[-132.65205,62.40946]]]}},{"type":"Feature","properties":{"c":"669.0","o":"Silver Range Resources Ltd. - 100%","e":"2031-03-13"},"geometry":{"type":"Polygon","coordinates":[[[-132.88054,62.44855],[-132.88721,62.45125],[-132.88154,62.45432],[-132.87487,62.45162],[-132.88054,62.44855]]]}},{"type":"Feature","properties":{"c":"73.0","o":"Deloitte Restructuring Inc. - 100%","e":"2029-03-31"},"geometry":{"type":"Polygon","coordinates":[[[-132.86316,62.18712],[-132.85485,62.18723],[-132.85443,62.18288],[-132.86302,62.18273],[-132.86316,62.18712]]]}},{"type":"Feature","properties":{"c":"58.0","o":"Deloitte Restructuring Inc. - 100%","e":"2029-03-31"},"geometry":{"type":"Polygon","coordinates":[[[-132.98063,62.21032],[-132.98638,62.21335],[-132.98028,62.21624],[-132.97413,62.21327],[-132.98063,62.21032]]]}},{"type":"Feature","properties":{"c":"812.0","o":"Silver Range Resources Ltd. - 100%","e":"2032-03-13"},"geometry":{"type":"Polygon","coordinates":[[[-132.55428,62.29952],[-132.56089,62.30223],[-132.55522,62.30529],[-132.54861,62.30257],[-132.55428,62.29952]]]}},{"type":"Feature","properties":{"c":"38.0","o":"Deloitte Restructuring Inc. - 100%","e":"2029-03-31"},"geometry":{"type":"Polygon","coordinates":[[[-133.00542,62.2113],[-132.99874,62.2142],[-132.9918,62.21078],[-132.99811,62.20778],[-133.00542,62.2113]]]}},{"type":"Feature","properties":{"c":"244.0","o":"Silver Range Resources Ltd. - 100%","e":"2042-03-13"},"geometry":{"type":"Polygon","coordinates":[[[-132.91958,62.49663],[-132.92627,62.49932],[-132.92043,62.50241],[-132.91375,62.49972],[-132.91958,62.49663]]]}},{"type":"Feature","properties":{"c":"94.0","o":"Golden Predator Mining Corp - 100%","e":"2047-12-27"},"geometry":{"type":"Polygon","coordinates":[[[-132.76943,62.01976],[-132.77469,62.01644],[-132.78173,62.01889],[-132.7765,62.02221],[-132.76943,62.01976]]]}},{"type":"Feature","properties":{"c":"13.0","o":"Deloitte Restructuring Inc. - 100%","e":"2029-03-31"},"geometry":{"type":"Polygon","coordinates":[[[-132.95861,62.2168],[-132.95859,62.22091],[-132.9499,62.22092],[-132.94988,62.21681],[-132.95861,62.2168]]]}},{"type":"Feature","properties":{"c":"220.0","o":"Silver Range Resources Ltd. - 100%","e":"2042-03-13"},"geometry":{"type":"Polygon","coordinates":[[[-132.86112,62.48393],[-132.8678,62.48662],[-132.86196,62.48971],[-132.85528,62.48701],[-132.86112,62.48393]]]}},{"type":"Feature","properties":{"c":"688.0","o":"Silver Range Resources Ltd. - 100%","e":"2032-03-13"},"geometry":{"type":"Polygon","coordinates":[[[-132.5973,62.41418],[-132.60384,62.41684],[-132.59806,62.41995],[-132.59152,62.41728],[-132.5973,62.41418]]]}},{"type":"Feature","properties":{"c":"10.0","o":"Deloitte Restructuring Inc. - 100%","e":"2028-03-31"},"geometry":{"type":"Polygon","coordinates":[[[-132.99884,62.1721],[-132.99089,62.17214],[-132.99722,62.17117],[-132.99884,62.1721]]]}},{"type":"Feature","properties":{"c":"2.0","o":"Deloitte Restructuring Inc. - 100%","e":"2029-03-31"},"geometry":{"type":"Polygon","coordinates":[[[-132.94869,62.18898],[-132.95734,62.18895],[-132.95738,62.19293],[-132.94889,62.19296],[-132.94869,62.18898]]]}},{"type":"Feature","properties":{"c":"70.0","o":"Deloitte Restructuring Inc. - 100%","e":"2029-03-31"},"geometry":{"type":"Polygon","coordinates":[[[-132.88528,62.17002],[-132.88595,62.17405],[-132.87781,62.17407],[-132.87769,62.17026],[-132.87964,62.1702],[-132.88528,62.17002]]]}},{"type":"Feature","properties":{"c":"88.0","o":"Golden Predator Mining Corp - 100%","e":"2052-12-27"},"geometry":{"type":"Polygon","coordinates":[[[-132.94053,62.08111],[-132.94564,62.07781],[-132.9528,62.08027],[-132.94768,62.08356],[-132.94053,62.08111]]]}},{"type":"Feature","properties":{"c":"32.0","o":"Deloitte Restructuring Inc. - 100%","e":"2028-03-31"},"geometry":{"type":"Polygon","coordinates":[[[-132.97863,62.1676],[-132.97358,62.16446],[-132.98028,62.16207],[-132.98535,62.16528],[-132.97863,62.1676]]]}},{"type":"Feature","properties":{"c":"18.0","o":"Deloitte Restructuring Inc. - 100%","e":"2029-03-31"},"geometry":{"type":"Polygon","coordinates":[[[-132.92369,62.21683],[-132.92356,62.21274],[-132.93233,62.21273],[-132.93242,62.21682],[-132.92369,62.21683]]]}},{"type":"Feature","properties":{"c":"63.0","o":"Deloitte Restructuring Inc. - 100%","e":"2029-03-31"},"geometry":{"type":"Polygon","coordinates":[[[-132.90875,62.17357],[-132.9076,62.17741],[-132.90071,62.17744],[-132.9009,62.17348],[-132.90875,62.17357]]]}},{"type":"Feature","properties":{"c":"2012.0","o":"Silver Range Resources Ltd. - 100%","e":"2038-03-13"},"geometry":{"type":"Polygon","coordinates":[[[-132.79308,62.47006],[-132.79975,62.47276],[-132.794,62.4758],[-132.78733,62.4731],[-132.7902,62.47158],[-132.79308,62.47006]]]}},{"type":"Feature","properties":{"c":"8.0","o":"Deloitte Restructuring Inc. - 100%","e":"2029-03-31"},"geometry":{"type":"Polygon","coordinates":[[[-132.94015,62.17317],[-132.93542,62.16985],[-132.94187,62.16786],[-132.94643,62.17122],[-132.94015,62.17317]]]}},{"type":"Feature","properties":{"c":"77.0","o":"Golden Predator Mining Corp - 100%","e":"2055-12-27"},"geometry":{"type":"Polygon","coordinates":[[[-132.92256,62.06483],[-132.91744,62.06813],[-132.91039,62.06571],[-132.91551,62.06241],[-132.92256,62.06483]]]}},{"type":"Feature","properties":{"c":"2.0","o":"Silver Range Resources Ltd. - 100%","e":"2031-03-13"},"geometry":{"type":"Polygon","coordinates":[[[-132.60058,62.31851],[-132.60719,62.32122],[-132.60153,62.32428],[-132.59491,62.32156],[-132.60058,62.31851]]]}},{"type":"Feature","properties":{"c":"37.0","o":"Golden Predator Mining Corp - 100%","e":"2055-12-27"},"geometry":{"type":"Polygon","coordinates":[[[-132.87185,62.06258],[-132.86478,62.06015],[-132.86993,62.05684],[-132.877,62.05928],[-132.87185,62.06258]]]}},{"type":"Feature","properties":{"c":"43.0","o":"Golden Predator Mining Corp - 100%","e":"2032-05-03"},"geometry":{"type":"Polygon","coordinates":[[[-132.74077,62.00514],[-132.73878,62.00427],[-132.74474,62.00127],[-132.75112,62.00407],[-132.74882,62.00522],[-132.74358,62.00517],[-132.74077,62.00514]]]}},{"type":"Feature","properties":{"c":"103.0","o":"Deloitte Restructuring Inc. - 100%","e":"2029-03-31"},"geometry":{"type":"Polygon","coordinates":[[[-132.82934,62.16603],[-132.83036,62.16194],[-132.8391,62.1624],[-132.8381,62.16646],[-132.82934,62.16603]]]}},{"type":"Feature","properties":{"c":"373.0","o":"Silver Range Resources Ltd. - 100%","e":"2031-03-13"},"geometry":{"type":"Polygon","coordinates":[[[-132.50394,62.37049],[-132.51056,62.37321],[-132.50478,62.37631],[-132.49816,62.37359],[-132.50394,62.37049]]]}},{"type":"Feature","properties":{"c":"47.0","o":"Golden Predator Mining Corp - 100%","e":"2032-05-03"},"geometry":{"type":"Polygon","coordinates":[[[-132.72687,62.01027],[-132.73326,62.01306],[-132.72652,62.01319],[-132.72629,62.01562],[-132.72092,62.01327],[-132.72687,62.01027]]]}},{"type":"Feature","properties":{"c":"35.0","o":"Deloitte Restructuring Inc. - 100%","e":"2029-03-31"},"geometry":{"type":"Polygon","coordinates":[[[-132.97,62.22044],[-132.96363,62.21763],[-132.96974,62.21461],[-132.97607,62.21743],[-132.97,62.22044]]]}},{"type":"Feature","properties":{"c":"567.0","o":"Silver Range Resources Ltd. - 100%","e":"2031-03-13"},"geometry":{"type":"Polygon","coordinates":[[[-132.75155,62.41773],[-132.7581,62.42039],[-132.75243,62.42346],[-132.74588,62.42079],[-132.75097,62.41804],[-132.75155,62.41773]]]}},{"type":"Feature","properties":{"c":"59.0","o":"Deloitte Restructuring Inc. - 100%","e":"2029-03-31"},"geometry":{"type":"Polygon","coordinates":[[[-132.92387,62.17337],[-132.92397,62.17733],[-132.91616,62.17736],[-132.91609,62.17341],[-132.92387,62.17337]]]}},{"type":"Feature","properties":{"c":"555.0","o":"Silver Range Resources Ltd. - 100%","e":"2031-03-13"},"geometry":{"type":"Polygon","coordinates":[[[-132.71228,62.40176],[-132.71882,62.40442],[-132.71315,62.40748],[-132.7066,62.40482],[-132.71132,62.40228],[-132.71228,62.40176]]]}},{"type":"Feature","properties":{"c":"742.0","o":"Silver Range Resources Ltd. - 100%","e":"2040-03-13"},"geometry":{"type":"Polygon","coordinates":[[[-132.76697,62.39707],[-132.77344,62.3997],[-132.76769,62.40282],[-132.76114,62.40015],[-132.76697,62.39707]]]}},{"type":"Feature","properties":{"c":"14.0","o":"Deloitte Restructuring Inc. - 100%","e":"2029-03-31"},"geometry":{"type":"Polygon","coordinates":[[[-132.69089,62.21287],[-132.6821,62.21292],[-132.68205,62.21094],[-132.69084,62.21089],[-132.69089,62.21287]]]}},{"type":"Feature","properties":{"c":"59.0","o":"Silver Range Resources Ltd. - 100%","e":"2031-03-13"},"geometry":{"type":"Polygon","coordinates":[[[-132.55898,62.32836],[-132.5656,62.33108],[-132.55992,62.33413],[-132.5533,62.33142],[-132.55898,62.32836]]]}},{"type":"Feature","properties":{"c":"14.0","o":"Deloitte Restructuring Inc. - 100%","e":"2029-03-31"},"geometry":{"type":"Polygon","coordinates":[[[-132.7685,62.16966],[-132.7598,62.16948],[-132.76013,62.16534],[-132.76881,62.16561],[-132.7685,62.16966]]]}},{"type":"Feature","properties":{"c":"1.0","o":"Deloitte Restructuring Inc. - 100%","e":"2029-03-31"},"geometry":{"type":"Polygon","coordinates":[[[-132.94889,62.19296],[-132.95738,62.19293],[-132.95736,62.19711],[-132.94901,62.19716],[-132.94889,62.19296]]]}},{"type":"Feature","properties":{"c":"2022.0","o":"Silver Range Resources Ltd. - 100%","e":"2038-03-13"},"geometry":{"type":"Polygon","coordinates":[[[-132.82644,62.48357],[-132.83312,62.48627],[-132.83024,62.48778],[-132.82357,62.48508],[-132.82644,62.48357]]]}},{"type":"Feature","properties":{"c":"43.0","o":"Deloitte Restructuring Inc. - 100%","e":"2029-03-31"},"geometry":{"type":"Polygon","coordinates":[[[-132.87555,62.20506],[-132.87565,62.20914],[-132.8668,62.20916],[-132.8667,62.20509],[-132.87555,62.20506]]]}},{"type":"Feature","properties":{"c":"186.0","o":"Silver Range Resources Ltd. - 100%","e":"2031-03-13"},"geometry":{"type":"Polygon","coordinates":[[[-132.66255,62.39761],[-132.66909,62.40028],[-132.66341,62.40334],[-132.65687,62.40067],[-132.661,62.39845],[-132.66255,62.39761]]]}},{"type":"Feature","properties":{"c":"736.0","o":"Silver Range Resources Ltd. - 100%","e":"2032-03-13"},"geometry":{"type":"Polygon","coordinates":[[[-132.56111,62.42126],[-132.56764,62.42393],[-132.56186,62.42703],[-132.55532,62.42436],[-132.56111,62.42126]]]}},{"type":"Feature","properties":{"c":"65.0","o":"Deloitte Restructuring Inc. - 100%","e":"2029-03-31"},"geometry":{"type":"Polygon","coordinates":[[[-132.66573,62.19483],[-132.67448,62.1947],[-132.67467,62.19885],[-132.66591,62.19894],[-132.66573,62.19483]]]}},{"type":"Feature","properties":{"c":"48.0","o":"Deloitte Restructuring Inc. - 100%","e":"2029-03-31"},"geometry":{"type":"Polygon","coordinates":[[[-132.89335,62.20908],[-132.89351,62.2132],[-132.88467,62.21325],[-132.8845,62.20911],[-132.89335,62.20908]]]}},{"type":"Feature","properties":{"c":"293.0","o":"Silver Range Resources Ltd. - 100%","e":"2031-03-13"},"geometry":{"type":"Polygon","coordinates":[[[-132.63244,62.40146],[-132.63898,62.40413],[-132.63329,62.40718],[-132.62676,62.40452],[-132.63048,62.40251],[-132.63244,62.40146]]]}},{"type":"Feature","properties":{"c":"7.0","o":"Deloitte Restructuring Inc. - 100%","e":"2029-03-31"},"geometry":{"type":"Polygon","coordinates":[[[-132.96644,62.20113],[-132.96632,62.19708],[-132.97518,62.19704],[-132.97534,62.2011],[-132.96644,62.20113]]]}},{"type":"Feature","properties":{"c":"23.0","o":"Silver Range Resources Ltd. - 100%","e":"2044-03-13"},"geometry":{"type":"Polygon","coordinates":[[[-132.98775,62.4917],[-132.99444,62.4944],[-132.98871,62.49744],[-132.98201,62.49475],[-132.98775,62.4917]]]}},{"type":"Feature","properties":{"c":"284.0","o":"Silver Range Resources Ltd. - 100%","e":"2042-03-13"},"geometry":{"type":"Polygon","coordinates":[[[-132.92457,62.48776],[-132.93125,62.49045],[-132.92542,62.49354],[-132.91873,62.49085],[-132.92457,62.48776]]]}},{"type":"Feature","properties":{"c":"3.0","o":"Deloitte Restructuring Inc. - 100%","e":"2029-03-31"},"geometry":{"type":"Polygon","coordinates":[[[-132.941,62.20864],[-132.94978,62.20862],[-132.94986,62.2127],[-132.9411,62.21272],[-132.941,62.20864]]]}},{"type":"Feature","properties":{"c":"297.0","o":"Golden Predator Mining Corp - 100%","e":"2050-12-27"},"geometry":{"type":"Polygon","coordinates":[[[-132.79422,62.03582],[-132.80115,62.03821],[-132.79604,62.04149],[-132.78915,62.03911],[-132.79139,62.03766],[-132.79422,62.03582]]]}},{"type":"Feature","properties":{"c":"847.0","o":"Silver Range Resources Ltd. - 100%","e":"2032-03-13"},"geometry":{"type":"Polygon","coordinates":[[[-132.55049,62.31411],[-132.5571,62.31682],[-132.55143,62.31988],[-132.54481,62.31717],[-132.55049,62.31411]]]}},{"type":"Feature","properties":{"c":"374.0","o":"Silver Range Resources Ltd. - 100%","e":"2031-03-13"},"geometry":{"type":"Polygon","coordinates":[[[-132.49816,62.37359],[-132.50478,62.37631],[-132.499,62.37941],[-132.49238,62.3767],[-132.49816,62.37359]]]}},{"type":"Feature","properties":{"c":"8.0","o":"Deloitte Restructuring Inc. - 100%","e":"2029-03-31"},"geometry":{"type":"Polygon","coordinates":[[[-132.78632,62.16597],[-132.79506,62.16615],[-132.79472,62.17019],[-132.78598,62.17001],[-132.78632,62.16597]]]}},{"type":"Feature","properties":{"c":"58.0","o":"Silver Range Resources Ltd. - 100%","e":"2031-03-13"},"geometry":{"type":"Polygon","coordinates":[[[-132.54669,62.3287],[-132.5533,62.33142],[-132.54763,62.33447],[-132.54101,62.33176],[-132.54669,62.3287]]]}},{"type":"Feature","properties":{"c":"21.0","o":"Golden Predator Mining Corp - 100%","e":"2032-05-03"},"geometry":{"type":"Polygon","coordinates":[[[-132.7767,62.0071],[-132.7838,62.00949],[-132.77886,62.01273],[-132.77188,62.01027],[-132.7767,62.0071]]]}},{"type":"Feature","properties":{"c":"678.0","o":"Silver Range Resources Ltd. - 100%","e":"2031-03-13"},"geometry":{"type":"Polygon","coordinates":[[[-132.90157,62.46241],[-132.90825,62.46511],[-132.90259,62.46818],[-132.89591,62.46548],[-132.90157,62.46241]]]}},{"type":"Feature","properties":{"c":"764.0","o":"Silver Range Resources Ltd. - 100%","e":"2040-03-13"},"geometry":{"type":"Polygon","coordinates":[[[-132.83965,62.42656],[-132.84631,62.42926],[-132.84052,62.43236],[-132.83385,62.42966],[-132.83965,62.42656]]]}},{"type":"Feature","properties":{"c":"537.0","o":"Silver Range Resources Ltd. - 100%","e":"2031-03-13"},"geometry":{"type":"Polygon","coordinates":[[[-132.75986,62.43184],[-132.76652,62.43454],[-132.76085,62.43761],[-132.75419,62.4349],[-132.75929,62.43215],[-132.75986,62.43184]]]}},{"type":"Feature","properties":{"c":"11.0","o":"Deloitte Restructuring Inc. - 100%","e":"2029-03-31"},"geometry":{"type":"Polygon","coordinates":[[[-132.90436,62.18725],[-132.90423,62.18315],[-132.91319,62.1831],[-132.91321,62.18724],[-132.90436,62.18725]]]}},{"type":"Feature","properties":{"c":"860.0","o":"Silver Range Resources Ltd. - 100%","e":"2032-03-13"},"geometry":{"type":"Polygon","coordinates":[[[-132.54007,62.32599],[-132.54669,62.3287],[-132.54101,62.33176],[-132.5344,62.32904],[-132.54007,62.32599]]]}},{"type":"Feature","properties":{"c":"349.0","o":"Silver Range Resources Ltd. - 100%","e":"2031-03-13"},"geometry":{"type":"Polygon","coordinates":[[[-132.62108,62.40757],[-132.62761,62.41024],[-132.62193,62.4133],[-132.61539,62.41063],[-132.61903,62.40868],[-132.62108,62.40757]]]}},{"type":"Feature","properties":{"c":"146.0","o":"Golden Predator Mining Corp - 100%","e":"2047-12-27"},"geometry":{"type":"Polygon","coordinates":[[[-132.77312,62.0313],[-132.76602,62.02885],[-132.77126,62.02553],[-132.77834,62.02798],[-132.77312,62.0313]]]}},{"type":"Feature","properties":{"c":"797.0","o":"Silver Range Resources Ltd. - 100%","e":"2040-03-13"},"geometry":{"type":"Polygon","coordinates":[[[-132.82356,62.4037],[-132.83022,62.4064],[-132.82434,62.40959],[-132.81762,62.40692],[-132.82356,62.4037]]]}},{"type":"Feature","properties":{"c":"1164.0","o":"Silver Range Resources Ltd. - 100%","e":"2042-03-13"},"geometry":{"type":"Polygon","coordinates":[[[-132.91703,62.47928],[-132.92371,62.48197],[-132.91788,62.48506],[-132.9112,62.48237],[-132.91703,62.47928]]]}},{"type":"Feature","properties":{"c":"848.0","o":"Silver Range Resources Ltd. - 100%","e":"2032-03-13"},"geometry":{"type":"Polygon","coordinates":[[[-132.54481,62.31717],[-132.55143,62.31988],[-132.54575,62.32293],[-132.53914,62.32022],[-132.54481,62.31717]]]}},{"type":"Feature","properties":{"c":"93.0","o":"Golden Predator Mining Corp - 100%","e":"2044-12-27"},"geometry":{"type":"Polygon","coordinates":[[[-132.97946,62.08435],[-132.97431,62.08764],[-132.96714,62.08518],[-132.97228,62.08189],[-132.97946,62.08435]]]}},{"type":"Feature","properties":{"c":"2261.0","o":"Silver Range Resources Ltd. - 100%","e":"2038-03-13"},"geometry":{"type":"Polygon","coordinates":[[[-132.80045,62.45393],[-132.8069,62.45654],[-132.80106,62.45963],[-132.79468,62.45704],[-132.80045,62.45393]]]}},{"type":"Feature","properties":{"c":"808.0","o":"Silver Range Resources Ltd. - 100%","e":"2040-03-13"},"geometry":{"type":"Polygon","coordinates":[[[-132.85132,62.42027],[-132.85805,62.42294],[-132.8521,62.42616],[-132.84544,62.42346],[-132.85132,62.42027]]]}},{"type":"Feature","properties":{"c":"73.0","o":"Golden Predator Mining Corp - 100%","e":"2037-12-27"},"geometry":{"type":"Polygon","coordinates":[[[-132.76254,62.01733],[-132.76002,62.01635],[-132.76044,62.01178],[-132.76085,62.01153],[-132.7678,62.01401],[-132.76254,62.01733]]]}},{"type":"Feature","properties":{"c":"16.0","o":"Golden Predator Mining Corp - 100%","e":"2032-05-03"},"geometry":{"type":"Polygon","coordinates":[[[-132.79598,62.00855],[-132.80308,62.01093],[-132.798,62.01427],[-132.7909,62.01188],[-132.79598,62.00855]]]}},{"type":"Feature","properties":{"c":"217.0","o":"Silver Range Resources Ltd. - 100%","e":"2031-03-13"},"geometry":{"type":"Polygon","coordinates":[[[-132.57789,62.3684],[-132.58451,62.37111],[-132.57883,62.37417],[-132.57221,62.37146],[-132.57547,62.3697],[-132.57789,62.3684]]]}},{"type":"Feature","properties":{"c":"67.0","o":"Deloitte Restructuring Inc. - 100%","e":"2029-03-31"},"geometry":{"type":"Polygon","coordinates":[[[-132.81324,62.19716],[-132.82212,62.19714],[-132.82217,62.20124],[-132.81326,62.20126],[-132.81324,62.19716]]]}},{"type":"Feature","properties":{"c":"5.0","o":"Silver Range Resources Ltd. - 100%","e":"2031-03-13"},"geometry":{"type":"Polygon","coordinates":[[[-132.61948,62.32087],[-132.6261,62.32358],[-132.62044,62.32664],[-132.61381,62.32393],[-132.61948,62.32087]]]}},{"type":"Feature","properties":{"c":"11.0","o":"Deloitte Restructuring Inc. - 100%","e":"2029-03-31"},"geometry":{"type":"Polygon","coordinates":[[[-132.9181,62.17881],[-132.91799,62.17736],[-132.92637,62.17731],[-132.92676,62.1787],[-132.9181,62.17881]]]}},{"type":"Feature","properties":{"c":"39.0","o":"Silver Range Resources Ltd. - 100%","e":"2031-03-13"},"geometry":{"type":"Polygon","coordinates":[[[-132.5968,62.3331],[-132.60342,62.33581],[-132.59775,62.33887],[-132.59113,62.33616],[-132.5968,62.3331]]]}},{"type":"Feature","properties":{"c":"791.0","o":"Silver Range Resources Ltd. - 100%","e":"2040-03-13"},"geometry":{"type":"Polygon","coordinates":[[[-132.93878,62.46119],[-132.9446,62.46353],[-132.93877,62.46662],[-132.93303,62.46431],[-132.93878,62.46119]]]}},{"type":"Feature","properties":{"c":"263.0","o":"Silver Range Resources Ltd. - 100%","e":"2031-03-13"},"geometry":{"type":"Polygon","coordinates":[[[-132.5334,62.36094],[-132.54002,62.36366],[-132.53434,62.36671],[-132.52771,62.364],[-132.53047,62.36252],[-132.5334,62.36094]]]}},{"type":"Feature","properties":{"c":"296.0","o":"Silver Range Resources Ltd. - 100%","e":"2042-03-13"},"geometry":{"type":"Polygon","coordinates":[[[-132.88447,62.47158],[-132.89115,62.47428],[-132.88532,62.47736],[-132.87864,62.47467],[-132.88447,62.47158]]]}},{"type":"Feature","properties":{"c":"36.0","o":"Deloitte Restructuring Inc. - 100%","e":"2028-03-31"},"geometry":{"type":"Polygon","coordinates":[[[-132.9665,62.15661],[-132.9717,62.15904],[-132.96696,62.16233],[-132.96116,62.1597],[-132.9665,62.15661]]]}},{"type":"Feature","properties":{"c":"12.0","o":"Deloitte Restructuring Inc. - 100%","e":"2029-03-31"},"geometry":{"type":"Polygon","coordinates":[[[-132.77756,62.16579],[-132.77724,62.16984],[-132.7685,62.16966],[-132.76881,62.16561],[-132.77756,62.16579]]]}},{"type":"Feature","properties":{"c":"30.0","o":"Deloitte Restructuring Inc. - 100%","e":"2029-03-31"},"geometry":{"type":"Polygon","coordinates":[[[-132.81365,62.15427],[-132.82239,62.15443],[-132.82204,62.15855],[-132.8133,62.15839],[-132.81365,62.15427]]]}},{"type":"Feature","properties":{"c":"1162.0","o":"Silver Range Resources Ltd. - 100%","e":"2042-03-13"},"geometry":{"type":"Polygon","coordinates":[[[-132.92286,62.47619],[-132.92955,62.47888],[-132.92371,62.48197],[-132.91703,62.47928],[-132.92286,62.47619]]]}},{"type":"Feature","properties":{"c":"206.0","o":"Silver Range Resources Ltd. - 100%","e":"2031-03-13"},"geometry":{"type":"Polygon","coordinates":[[[-132.53246,62.35518],[-132.53908,62.35789],[-132.5334,62.36094],[-132.52678,62.35823],[-132.52956,62.35673],[-132.53246,62.35518]]]}},{"type":"Feature","properties":{"c":"30.0","o":"Golden Predator Mining Corp - 100%","e":"2032-05-03"},"geometry":{"type":"Polygon","coordinates":[[[-132.78049,61.99527],[-132.78688,61.99806],[-132.78093,62.00107],[-132.77454,61.99827],[-132.78049,61.99527]]]}},{"type":"Feature","properties":{"c":"625.0","o":"Silver Range Resources Ltd. - 100%","e":"2031-03-13"},"geometry":{"type":"Polygon","coordinates":[[[-132.88255,62.46009],[-132.88923,62.46278],[-132.88356,62.46585],[-132.87689,62.46315],[-132.88255,62.46009]]]}},{"type":"Feature","properties":{"c":"24.0","o":"Deloitte Restructuring Inc. - 100%","e":"2029-03-31"},"geometry":{"type":"Polygon","coordinates":[[[-132.7954,62.16212],[-132.78666,62.16194],[-132.78701,62.15789],[-132.79579,62.15806],[-132.7954,62.16212]]]}},{"type":"Feature","properties":{"c":"93.0","o":"Deloitte Restructuring Inc. - 100%","e":"2029-03-31"},"geometry":{"type":"Polygon","coordinates":[[[-132.90508,62.1621],[-132.91385,62.16198],[-132.9142,62.1658],[-132.90543,62.16595],[-132.90508,62.1621]]]}},{"type":"Feature","properties":{"c":"120.0","o":"Deloitte Restructuring Inc. - 100%","e":"2029-03-31"},"geometry":{"type":"Polygon","coordinates":[[[-132.79098,62.17657],[-132.78202,62.17609],[-132.78308,62.17192],[-132.79207,62.17238],[-132.79098,62.17657]]]}},{"type":"Feature","properties":{"c":"79.0","o":"Golden Predator Mining Corp - 100%","e":"2056-12-27"},"geometry":{"type":"Polygon","coordinates":[[[-132.92449,62.07055],[-132.91744,62.06813],[-132.92256,62.06483],[-132.9296,62.06725],[-132.92449,62.07055]]]}},{"type":"Feature","properties":{"c":"873.0","o":"Silver Range Resources Ltd. - 100%","e":"2032-03-13"},"geometry":{"type":"Polygon","coordinates":[[[-132.5032,62.32701],[-132.50981,62.32972],[-132.50413,62.33277],[-132.49752,62.33006],[-132.5032,62.32701]]]}},{"type":"Feature","properties":{"c":"61.0","o":"Deloitte Restructuring Inc. - 100%","e":"2029-03-31"},"geometry":{"type":"Polygon","coordinates":[[[-132.78686,62.1972],[-132.7956,62.19719],[-132.79574,62.20129],[-132.78699,62.20131],[-132.78686,62.1972]]]}},{"type":"Feature","properties":{"c":"74.0","o":"Golden Predator Mining Corp - 100%","e":"2037-12-27"},"geometry":{"type":"Polygon","coordinates":[[[-132.76605,62.00824],[-132.77306,62.01068],[-132.7678,62.01401],[-132.76085,62.01153],[-132.76605,62.00824]]]}},{"type":"Feature","properties":{"c":"138.0","o":"Deloitte Restructuring Inc. - 100%","e":"2029-03-31"},"geometry":{"type":"Polygon","coordinates":[[[-132.88577,62.22185],[-132.87692,62.22192],[-132.87683,62.218],[-132.88566,62.21796],[-132.88577,62.22185]]]}},{"type":"Feature","properties":{"c":"1157.0","o":"Silver Range Resources Ltd. - 100%","e":"2042-03-13"},"geometry":{"type":"Polygon","coordinates":[[[-132.94121,62.4727],[-132.94789,62.4754],[-132.94206,62.47849],[-132.93538,62.47579],[-132.94121,62.4727]]]}},{"type":"Feature","properties":{"c":"776.0","o":"Silver Range Resources Ltd. - 100%","e":"2040-03-13"},"geometry":{"type":"Polygon","coordinates":[[[-132.87962,62.44274],[-132.88629,62.44544],[-132.88054,62.44855],[-132.87386,62.44586],[-132.87962,62.44274]]]}},{"type":"Feature","properties":{"c":"475.0","o":"Silver Range Resources Ltd. - 100%","e":"2031-03-13"},"geometry":{"type":"Polygon","coordinates":[[[-132.77047,62.45761],[-132.77713,62.46032],[-132.77145,62.46338],[-132.76479,62.46068],[-132.76986,62.45794],[-132.77047,62.45761]]]}},{"type":"Feature","properties":{"c":"1.0","o":"James Woods - 100%","e":"2032-12-27"},"geometry":{"type":"Polygon","coordinates":[[[-132.81854,62.03408],[-132.8255,62.03649],[-132.82045,62.03976],[-132.81348,62.03734],[-132.81854,62.03408]]]}},{"type":"Feature","properties":{"c":"89.0","o":"Deloitte Restructuring Inc. - 100%","e":"2029-03-31"},"geometry":{"type":"Polygon","coordinates":[[[-132.8842,62.14729],[-132.88453,62.1432],[-132.8932,62.14337],[-132.89289,62.14747],[-132.8842,62.14729]]]}},{"type":"Feature","properties":{"c":"26.0","o":"Golden Predator Mining Corp - 100%","e":"2032-05-03"},"geometry":{"type":"Polygon","coordinates":[[[-132.7605,61.9966],[-132.7676,61.99899],[-132.76251,62.00233],[-132.75542,61.99994],[-132.7605,61.9966]]]}},{"type":"Feature","properties":{"c":"2189.0","o":"Silver Range Resources Ltd. - 100%","e":"2038-03-13"},"geometry":{"type":"Polygon","coordinates":[[[-132.80055,62.49723],[-132.80723,62.49993],[-132.80147,62.50296],[-132.79479,62.50026],[-132.80055,62.49723]]]}},{"type":"Feature","properties":{"c":"487.0","o":"Silver Range Resources Ltd. - 100%","e":"2031-03-13"},"geometry":{"type":"Polygon","coordinates":[[[-132.70266,62.41933],[-132.70921,62.42199],[-132.70353,62.42505],[-132.69699,62.42239],[-132.70146,62.41998],[-132.70266,62.41933]]]}},{"type":"Feature","properties":{"c":"213.0","o":"Silver Range Resources Ltd. - 100%","e":"2031-03-13"},"geometry":{"type":"Polygon","coordinates":[[[-132.56463,62.36298],[-132.57126,62.36569],[-132.56558,62.36875],[-132.55895,62.36603],[-132.56208,62.36435],[-132.56463,62.36298]]]}},{"type":"Feature","properties":{"c":"8.0","o":"Deloitte Restructuring Inc. - 100%","e":"2029-03-31"},"geometry":{"type":"Polygon","coordinates":[[[-132.87769,62.17026],[-132.87781,62.17407],[-132.87496,62.17046],[-132.87084,62.17108],[-132.87076,62.17037],[-132.87769,62.17026]]]}},{"type":"Feature","properties":{"c":"538.0","o":"Silver Range Resources Ltd. - 100%","e":"2031-03-13"},"geometry":{"type":"Polygon","coordinates":[[[-132.75419,62.4349],[-132.76085,62.43761],[-132.75517,62.44067],[-132.74851,62.43797],[-132.75353,62.43526],[-132.75419,62.4349]]]}},{"type":"Feature","properties":{"c":"45.0","o":"Deloitte Restructuring Inc. - 100%","e":"2029-03-31"},"geometry":{"type":"Polygon","coordinates":[[[-132.73485,62.18573],[-132.74289,62.18564],[-132.74302,62.18974],[-132.73511,62.18983],[-132.73485,62.18573]]]}},{"type":"Feature","properties":{"c":"2120.0","o":"Silver Range Resources Ltd. - 100%","e":"2038-03-13"},"geometry":{"type":"Polygon","coordinates":[[[-132.80631,62.49419],[-132.81298,62.49689],[-132.80723,62.49993],[-132.80055,62.49723],[-132.80631,62.49419]]]}},{"type":"Feature","properties":{"c":"4.0","o":"Golden Predator Mining Corp - 100%","e":"2035-09-13"},"geometry":{"type":"Polygon","coordinates":[[[-132.87824,62.04447],[-132.8853,62.04689],[-132.88016,62.0502],[-132.8731,62.04778],[-132.87646,62.04562],[-132.87824,62.04447]]]}},{"type":"Feature","properties":{"c":"874.0","o":"Silver Range Resources Ltd. - 100%","e":"2032-03-13"},"geometry":{"type":"Polygon","coordinates":[[[-132.49752,62.33006],[-132.50413,62.33277],[-132.49845,62.33583],[-132.49184,62.33311],[-132.49752,62.33006]]]}},{"type":"Feature","properties":{"c":"102.0","o":"Silver Range Resources Ltd. - 100%","e":"2031-03-13"},"geometry":{"type":"Polygon","coordinates":[[[-132.54857,62.34024],[-132.55519,62.34296],[-132.54951,62.34601],[-132.54289,62.3433],[-132.54597,62.34164],[-132.54857,62.34024]]]}},{"type":"Feature","properties":{"c":"18.0","o":"Deloitte Restructuring Inc. - 100%","e":"2029-03-31"},"geometry":{"type":"Polygon","coordinates":[[[-132.94913,62.20117],[-132.94064,62.20119],[-132.94052,62.1972],[-132.94901,62.19716],[-132.94913,62.20117]]]}},{"type":"Feature","properties":{"c":"42.0","o":"Deloitte Restructuring Inc. - 100%","e":"2029-03-31"},"geometry":{"type":"Polygon","coordinates":[[[-132.69084,62.21089],[-132.69078,62.20884],[-132.69957,62.2088],[-132.69962,62.21085],[-132.69084,62.21089]]]}},{"type":"Feature","properties":{"c":"7.0","o":"Golden Predator Mining Corp - 100%","e":"2035-09-13"},"geometry":{"type":"Polygon","coordinates":[[[-132.89044,62.04358],[-132.8975,62.046],[-132.89237,62.04931],[-132.88531,62.04689],[-132.89044,62.04358]]]}},{"type":"Feature","properties":{"c":"2060.0","o":"Silver Range Resources Ltd. - 100%","e":"2038-03-13"},"geometry":{"type":"Polygon","coordinates":[[[-132.84453,62.49892],[-132.85121,62.50162],[-132.84546,62.50466],[-132.83877,62.50196],[-132.84453,62.49892]]]}},{"type":"Feature","properties":{"c":"850.0","o":"Silver Range Resources Ltd. - 100%","e":"2032-03-13"},"geometry":{"type":"Polygon","coordinates":[[[-132.55143,62.31988],[-132.55804,62.32259],[-132.55236,62.32565],[-132.54575,62.32293],[-132.55143,62.31988]]]}},{"type":"Feature","properties":{"c":"330.0","o":"Silver Range Resources Ltd. - 100%","e":"2031-03-13"},"geometry":{"type":"Polygon","coordinates":[[[-132.54947,62.38368],[-132.5561,62.38639],[-132.55032,62.3895],[-132.54369,62.38678],[-132.54686,62.38508],[-132.54947,62.38368]]]}},{"type":"Feature","properties":{"c":"27.0","o":"Golden Predator Mining Corp - 100%","e":"2037-12-27"},"geometry":{"type":"Polygon","coordinates":[[[-132.93484,62.10451],[-132.92777,62.10209],[-132.93292,62.09877],[-132.93999,62.10119],[-132.93484,62.10451]]]}},{"type":"Feature","properties":{"c":"17.0","o":"Silver Range Resources Ltd. - 100%","e":"2031-03-13"},"geometry":{"type":"Polygon","coordinates":[[[-132.60153,62.32428],[-132.60815,62.32699],[-132.60247,62.33004],[-132.59585,62.32733],[-132.60153,62.32428]]]}},{"type":"Feature","properties":{"c":"24.0","o":"Deloitte Restructuring Inc. - 100%","e":"2029-03-31"},"geometry":{"type":"Polygon","coordinates":[[[-132.88116,62.17886],[-132.88944,62.17901],[-132.88966,62.18284],[-132.88126,62.1828],[-132.88116,62.17886]]]}},{"type":"Feature","properties":{"c":"155.0","o":"Silver Range Resources Ltd. - 100%","e":"2038-03-13"},"geometry":{"type":"Polygon","coordinates":[[[-132.9999,62.32664],[-133.00663,62.32929],[-133.00093,62.33242],[-132.99419,62.32977],[-132.9999,62.32664]]]}},{"type":"Feature","properties":{"c":"85.0","o":"Deloitte Restructuring Inc. - 100%","e":"2029-03-31"},"geometry":{"type":"Polygon","coordinates":[[[-132.86991,62.16276],[-132.8787,62.16256],[-132.87918,62.16641],[-132.87034,62.16657],[-132.86991,62.16276]]]}},{"type":"Feature","properties":{"c":"25.0","o":"Deloitte Restructuring Inc. - 100%","e":"2029-03-31"},"geometry":{"type":"Polygon","coordinates":[[[-132.90523,62.19733],[-132.91373,62.19731],[-132.91387,62.20124],[-132.90511,62.20126],[-132.90523,62.19733]]]}},{"type":"Feature","properties":{"c":"16.0","o":"Deloitte Restructuring Inc. - 100%","e":"2029-03-31"},"geometry":{"type":"Polygon","coordinates":[[[-132.96616,62.18893],[-132.97499,62.1889],[-132.97502,62.19282],[-132.9662,62.19287],[-132.96616,62.18893]]]}},{"type":"Feature","properties":{"c":"4.0","o":"Deloitte Restructuring Inc. - 100%","e":"2028-03-31"},"geometry":{"type":"Polygon","coordinates":[[[-132.95427,62.16878],[-132.94969,62.16544],[-132.95669,62.16328],[-132.96146,62.16653],[-132.95427,62.16878]]]}},{"type":"Feature","properties":{"c":"40.0","o":"Silver Range Resources Ltd. - 100%","e":"2031-03-13"},"geometry":{"type":"Polygon","coordinates":[[[-132.59113,62.33616],[-132.59775,62.33887],[-132.59208,62.34193],[-132.58546,62.33921],[-132.59113,62.33616]]]}},{"type":"Feature","properties":{"c":"531.0","o":"Silver Range Resources Ltd. - 100%","e":"2031-03-13"},"geometry":{"type":"Polygon","coordinates":[[[-132.74021,62.42386],[-132.74676,62.42652],[-132.74108,62.42958],[-132.73453,62.42692],[-132.73945,62.42427],[-132.74021,62.42386]]]}},{"type":"Feature","properties":{"c":"61.0","o":"Golden Predator Mining Corp - 100%","e":"2037-12-27"},"geometry":{"type":"Polygon","coordinates":[[[-132.75079,62.02165],[-132.74205,62.02156],[-132.74243,62.01746],[-132.75117,62.01756],[-132.75079,62.02165]]]}},{"type":"Feature","properties":{"c":"89.0","o":"Deloitte Restructuring Inc. - 100%","e":"2029-03-31"},"geometry":{"type":"Polygon","coordinates":[[[-132.7088,62.19015],[-132.71735,62.19005],[-132.71752,62.19426],[-132.709,62.19433],[-132.7088,62.19015]]]}},{"type":"Feature","properties":{"c":"24.0","o":"Deloitte Restructuring Inc. - 100%","e":"2029-03-31"},"geometry":{"type":"Polygon","coordinates":[[[-132.92219,62.1973],[-132.91373,62.19731],[-132.91358,62.19309],[-132.92208,62.19306],[-132.92219,62.1973]]]}},{"type":"Feature","properties":{"c":"46.0","o":"Deloitte Restructuring Inc. - 100%","e":"2029-03-31"},"geometry":{"type":"Polygon","coordinates":[[[-132.8845,62.20911],[-132.88467,62.21325],[-132.87582,62.21329],[-132.87565,62.20914],[-132.8845,62.20911]]]}},{"type":"Feature","properties":{"c":"16.0","o":"Golden Predator Mining Corp - 100%","e":"2035-12-27"},"geometry":{"type":"Polygon","coordinates":[[[-132.83843,62.05615],[-132.84548,62.05858],[-132.8402,62.06185],[-132.83315,62.05942],[-132.83843,62.05615]]]}},{"type":"Feature","properties":{"c":"77.0","o":"Deloitte Restructuring Inc. - 100%","e":"2029-03-31"},"geometry":{"type":"Polygon","coordinates":[[[-132.89289,62.14747],[-132.90159,62.14764],[-132.90132,62.15172],[-132.89259,62.15155],[-132.89289,62.14747]]]}},{"type":"Feature","properties":{"c":"156.0","o":"Deloitte Restructuring Inc. - 100%","e":"2029-03-31"},"geometry":{"type":"Polygon","coordinates":[[[-132.81469,62.19022],[-132.8137,62.19434],[-132.80476,62.19382],[-132.80575,62.18972],[-132.81469,62.19022]]]}},{"type":"Feature","properties":{"c":"857.0","o":"Silver Range Resources Ltd. - 100%","e":"2032-03-13"},"geometry":{"type":"Polygon","coordinates":[[[-132.53914,62.32022],[-132.54575,62.32293],[-132.54007,62.32599],[-132.53346,62.32328],[-132.53914,62.32022]]]}},{"type":"Feature","properties":{"c":"573.0","o":"Silver Range Resources Ltd. - 100%","e":"2031-03-13"},"geometry":{"type":"Polygon","coordinates":[[[-132.77121,62.42571],[-132.77787,62.42842],[-132.77219,62.43148],[-132.76554,62.42878],[-132.77082,62.42592],[-132.77121,62.42571]]]}},{"type":"Feature","properties":{"c":"27.0","o":"Deloitte Restructuring Inc. - 100%","e":"2029-03-31"},"geometry":{"type":"Polygon","coordinates":[[[-132.89903,62.18323],[-132.89956,62.1815],[-132.89999,62.18325],[-132.89903,62.18323]]]}},{"type":"Feature","properties":{"c":"117.0","o":"Silver Range Resources Ltd. - 100%","e":"2031-03-13"},"geometry":{"type":"Polygon","coordinates":[[[-132.60723,62.35889],[-132.61386,62.3616],[-132.60818,62.36466],[-132.60155,62.36194],[-132.60524,62.35996],[-132.60723,62.35889]]]}},{"type":"Feature","properties":{"c":"150.0","o":"Silver Range Resources Ltd. - 100%","e":"2031-03-13"},"geometry":{"type":"Polygon","coordinates":[[[-132.54383,62.34907],[-132.55045,62.35178],[-132.54477,62.35484],[-132.53815,62.35212],[-132.54111,62.35053],[-132.54383,62.34907]]]}},{"type":"Feature","properties":{"c":"117.0","o":"Lapie Mining Inc. - 100%","e":"2029-01-20"},"geometry":{"type":"Polygon","coordinates":[[[-132.99644,62.47915],[-133.00303,62.4818],[-132.99729,62.48484],[-132.99071,62.48219],[-132.99644,62.47915]]]}},{"type":"Feature","properties":{"c":"8.0","o":"Golden Predator Mining Corp - 100%","e":"2032-05-03"},"geometry":{"type":"Polygon","coordinates":[[[-132.81994,62.01936],[-132.82698,62.02179],[-132.82184,62.02505],[-132.81483,62.02261],[-132.81994,62.01936]]]}},{"type":"Feature","properties":{"c":"1160.0","o":"Silver Range Resources Ltd. - 100%","e":"2042-03-13"},"geometry":{"type":"Polygon","coordinates":[[[-132.92869,62.4731],[-132.93538,62.47579],[-132.92955,62.47888],[-132.92286,62.47619],[-132.92869,62.4731]]]}},{"type":"Feature","properties":{"c":"119.0","o":"Lapie Mining Inc. - 100%","e":"2029-01-20"},"geometry":{"type":"Polygon","coordinates":[[[-132.97839,62.48259],[-132.9801,62.48328],[-132.97437,62.48632],[-132.97265,62.48563],[-132.97839,62.48259]]]}},{"type":"Feature","properties":{"c":"260.0","o":"Silver Range Resources Ltd. - 100%","e":"2042-03-13"},"geometry":{"type":"Polygon","coordinates":[[[-132.86612,62.47505],[-132.8728,62.47775],[-132.86696,62.48084],[-132.86029,62.47814],[-132.86612,62.47505]]]}},{"type":"Feature","properties":{"c":"16.0","o":"Golden Predator Mining Corp - 100%","e":"2036-12-27"},"geometry":{"type":"Polygon","coordinates":[[[-132.95296,62.1085],[-132.94589,62.10607],[-132.95106,62.10276],[-132.95813,62.10518],[-132.95296,62.1085]]]}},{"type":"Feature","properties":{"c":"785.0","o":"Silver Range Resources Ltd. - 100%","e":"2040-03-13"},"geometry":{"type":"Polygon","coordinates":[[[-132.91875,62.4531],[-132.92542,62.4558],[-132.91967,62.45892],[-132.91299,62.45622],[-132.91875,62.4531]]]}},{"type":"Feature","properties":{"c":"3.0","o":"Deloitte Restructuring Inc. - 100%","e":"2029-03-31"},"geometry":{"type":"Polygon","coordinates":[[[-132.94085,62.18009],[-132.9439,62.17997],[-132.94367,62.17674],[-132.94478,62.17642],[-132.95004,62.18001],[-132.94247,62.18239],[-132.94096,62.1824],[-132.94085,62.18009]]]}},{"type":"Feature","properties":{"c":"15.0","o":"Golden Predator Mining Corp - 100%","e":"2055-12-27"},"geometry":{"type":"Polygon","coordinates":[[[-132.8255,62.03649],[-132.8326,62.03891],[-132.82746,62.04221],[-132.82045,62.03976],[-132.8255,62.03649]]]}},{"type":"Feature","properties":{"c":"356.0","o":"Silver Range Resources Ltd. - 100%","e":"2031-03-13"},"geometry":{"type":"Polygon","coordinates":[[[-132.635,62.41863],[-132.64154,62.4213],[-132.63577,62.42441],[-132.62923,62.42174],[-132.63324,62.41959],[-132.635,62.41863]]]}},{"type":"Feature","properties":{"c":"22.0","o":"Golden Predator Mining Corp - 100%","e":"2037-12-27"},"geometry":{"type":"Polygon","coordinates":[[[-132.94191,62.10693],[-132.93484,62.10451],[-132.93999,62.10119],[-132.94706,62.10361],[-132.94191,62.10693]]]}},{"type":"Feature","properties":{"c":"279.0","o":"Silver Range Resources Ltd. - 100%","e":"2042-03-13"},"geometry":{"type":"Polygon","coordinates":[[[-132.93211,62.49624],[-132.9388,62.49893],[-132.93296,62.50202],[-132.92627,62.49932],[-132.93211,62.49624]]]}},{"type":"Feature","properties":{"c":"218.0","o":"Silver Range Resources Ltd. - 100%","e":"2042-03-13"},"geometry":{"type":"Polygon","coordinates":[[[-132.8678,62.48662],[-132.87448,62.48932],[-132.86864,62.49241],[-132.86196,62.48971],[-132.8678,62.48662]]]}},{"type":"Feature","properties":{"c":"81.0","o":"Golden Predator Mining Corp - 100%","e":"2055-12-27"},"geometry":{"type":"Polygon","coordinates":[[[-132.93154,62.07297],[-132.92449,62.07055],[-132.9296,62.06725],[-132.93665,62.06967],[-132.93154,62.07297]]]}},{"type":"Feature","properties":{"c":"39.0","o":"Deloitte Restructuring Inc. - 100%","e":"2029-03-31"},"geometry":{"type":"Polygon","coordinates":[[[-132.87241,62.19261],[-132.86347,62.19272],[-132.86325,62.18861],[-132.87206,62.18854],[-132.87241,62.19261]]]}},{"type":"Feature","properties":{"c":"72.0","o":"Silver Range Resources Ltd. - 100%","e":"2031-03-13"},"geometry":{"type":"Polygon","coordinates":[[[-132.59303,62.3477],[-132.59965,62.35041],[-132.59398,62.35346],[-132.58735,62.35075],[-132.59303,62.3477]]]}},{"type":"Feature","properties":{"c":"234.0","o":"Silver Range Resources Ltd. - 100%","e":"2031-03-13"},"geometry":{"type":"Polygon","coordinates":[[[-132.62505,62.39307],[-132.63159,62.39573],[-132.62591,62.39879],[-132.61937,62.39612],[-132.62306,62.39414],[-132.62505,62.39307]]]}},{"type":"Feature","properties":{"c":"336.0","o":"Silver Range Resources Ltd. - 100%","e":"2031-03-13"},"geometry":{"type":"Polygon","coordinates":[[[-132.56936,62.39182],[-132.57599,62.39453],[-132.57021,62.39764],[-132.56358,62.39492],[-132.56695,62.39311],[-132.56936,62.39182]]]}},{"type":"Feature","properties":{"c":"614.0","o":"Silver Range Resources Ltd. - 100%","e":"2031-03-13"},"geometry":{"type":"Polygon","coordinates":[[[-132.83685,62.44696],[-132.84352,62.44966],[-132.83785,62.45273],[-132.83118,62.45003],[-132.83137,62.44992],[-132.83685,62.44696]]]}},{"type":"Feature","properties":{"c":"5.0","o":"Golden Predator Mining Corp - 100%","e":"2041-12-27"},"geometry":{"type":"Polygon","coordinates":[[[-132.96833,62.09855],[-132.9755,62.101],[-132.97036,62.10429],[-132.96321,62.10184],[-132.96833,62.09855]]]}},{"type":"Feature","properties":{"c":"234.0","o":"Silver Range Resources Ltd. - 100%","e":"2042-03-13"},"geometry":{"type":"Polygon","coordinates":[[[-132.8144,62.46503],[-132.82107,62.46773],[-132.81523,62.47081],[-132.80856,62.46811],[-132.8144,62.46503]]]}},{"type":"Feature","properties":{"c":"48.0","o":"Silver Range Resources Ltd. - 100%","e":"2031-03-13"},"geometry":{"type":"Polygon","coordinates":[[[-132.61763,62.347],[-132.62425,62.34971],[-132.61858,62.35277],[-132.61195,62.35006],[-132.61763,62.347]]]}},{"type":"Feature","properties":{"c":"34.0","o":"Deloitte Restructuring Inc. - 100%","e":"2029-03-31"},"geometry":{"type":"Polygon","coordinates":[[[-132.98596,62.2079],[-132.98002,62.20497],[-132.98651,62.20214],[-132.99237,62.20499],[-132.98596,62.2079]]]}},{"type":"Feature","properties":{"c":"138.0","o":"Silver Range Resources Ltd. - 100%","e":"2031-03-13"},"geometry":{"type":"Polygon","coordinates":[[[-132.66737,62.38883],[-132.67391,62.3915],[-132.66823,62.39456],[-132.66169,62.39189],[-132.66593,62.3896],[-132.66737,62.38883]]]}},{"type":"Feature","properties":{"c":"92.0","o":"Deloitte Restructuring Inc. - 100%","e":"2029-03-31"},"geometry":{"type":"Polygon","coordinates":[[[-132.72604,62.19419],[-132.72617,62.19843],[-132.71769,62.19847],[-132.71752,62.19426],[-132.72604,62.19419]]]}},{"type":"Feature","properties":{"c":"99.0","o":"Deloitte Restructuring Inc. - 100%","e":"2029-03-31"},"geometry":{"type":"Polygon","coordinates":[[[-132.93756,62.14407],[-132.93741,62.1474],[-132.93654,62.14837],[-132.93487,62.14838],[-132.93242,62.14623],[-132.9284,62.14748],[-132.92861,62.14394],[-132.93756,62.14407]]]}},{"type":"Feature","properties":{"c":"60.0","o":"Deloitte Restructuring Inc. - 100%","e":"2029-03-31"},"geometry":{"type":"Polygon","coordinates":[[[-132.69186,62.19448],[-132.70048,62.1944],[-132.70073,62.19855],[-132.69207,62.19865],[-132.69186,62.19448]]]}},{"type":"Feature","properties":{"c":"38.0","o":"Deloitte Restructuring Inc. - 100%","e":"2029-03-31"},"geometry":{"type":"Polygon","coordinates":[[[-132.86325,62.18861],[-132.86303,62.1847],[-132.87172,62.18451],[-132.87206,62.18854],[-132.86325,62.18861]]]}},{"type":"Feature","properties":{"c":"463.0","o":"Silver Range Resources Ltd. - 100%","e":"2031-03-13"},"geometry":{"type":"Polygon","coordinates":[[[-132.7306,62.44143],[-132.73716,62.44409],[-132.73148,62.44716],[-132.72492,62.44449],[-132.7296,62.44197],[-132.7306,62.44143]]]}},{"type":"Feature","properties":{"c":"41.0","o":"Deloitte Restructuring Inc. - 100%","e":"2029-03-31"},"geometry":{"type":"Polygon","coordinates":[[[-132.69962,62.21085],[-132.69957,62.2088],[-132.70836,62.20875],[-132.70841,62.2108],[-132.69962,62.21085]]]}},{"type":"Feature","properties":{"c":"713.0","o":"Silver Range Resources Ltd. - 100%","e":"2032-03-13"},"geometry":{"type":"Polygon","coordinates":[[[-132.59152,62.41728],[-132.59806,62.41995],[-132.59228,62.42306],[-132.58574,62.42039],[-132.59152,62.41728]]]}},{"type":"Feature","properties":{"c":"85.0","o":"Deloitte Restructuring Inc. - 100%","e":"2029-03-31"},"geometry":{"type":"Polygon","coordinates":[[[-132.89312,62.19707],[-132.90199,62.197],[-132.90206,62.20107],[-132.89319,62.20109],[-132.89312,62.19707]]]}},{"type":"Feature","properties":{"c":"258.0","o":"Silver Range Resources Ltd. - 100%","e":"2031-03-13"},"geometry":{"type":"Polygon","coordinates":[[[-132.50786,62.35585],[-132.51447,62.35857],[-132.50879,62.36162],[-132.50217,62.3589],[-132.50473,62.35753],[-132.50786,62.35585]]]}},{"type":"Feature","properties":{"c":"73.0","o":"Deloitte Restructuring Inc. - 100%","e":"2029-03-31"},"geometry":{"type":"Polygon","coordinates":[[[-132.87552,62.14712],[-132.8842,62.14729],[-132.88387,62.15138],[-132.87516,62.15121],[-132.87552,62.14712]]]}},{"type":"Feature","properties":{"c":"689.0","o":"Silver Range Resources Ltd. - 100%","e":"2032-03-13"},"geometry":{"type":"Polygon","coordinates":[[[-132.51225,62.38484],[-132.51887,62.38756],[-132.51309,62.39066],[-132.50646,62.38795],[-132.51225,62.38484]]]}},{"type":"Feature","properties":{"c":"60.0","o":"Golden Predator Mining Corp - 100%","e":"2052-12-27"},"geometry":{"type":"Polygon","coordinates":[[[-132.93744,62.09015],[-132.9303,62.0877],[-132.93541,62.0844],[-132.94256,62.08685],[-132.93744,62.09015]]]}},{"type":"Feature","properties":{"c":"29.0","o":"Deloitte Restructuring Inc. - 100%","e":"2029-03-31"},"geometry":{"type":"Polygon","coordinates":[[[-132.76013,62.16534],[-132.76046,62.16125],[-132.76911,62.16157],[-132.76881,62.16561],[-132.76013,62.16534]]]}},{"type":"Feature","properties":{"c":"84.0","o":"Deloitte Restructuring Inc. - 100%","e":"2029-03-31"},"geometry":{"type":"Polygon","coordinates":[[[-132.86156,62.16672],[-132.86111,62.16289],[-132.86991,62.16276],[-132.87034,62.16657],[-132.86156,62.16672]]]}},{"type":"Feature","properties":{"c":"446.0","o":"Silver Range Resources Ltd. - 100%","e":"2031-03-13"},"geometry":{"type":"Polygon","coordinates":[[[-132.66599,62.42052],[-132.67253,62.42318],[-132.66685,62.42624],[-132.66031,62.42358],[-132.66442,62.42136],[-132.66599,62.42052]]]}},{"type":"Feature","properties":{"c":"35.0","o":"Golden Predator Mining Corp - 100%","e":"2055-12-27"},"geometry":{"type":"Polygon","coordinates":[[[-132.85697,62.03717],[-132.86409,62.03962],[-132.85895,62.04293],[-132.85186,62.04049],[-132.85697,62.03717]]]}},{"type":"Feature","properties":{"c":"52.0","o":"Golden Predator Mining Corp - 100%","e":"2037-12-27"},"geometry":{"type":"Polygon","coordinates":[[[-132.74205,62.02156],[-132.73332,62.02147],[-132.7337,62.01737],[-132.74243,62.01746],[-132.74205,62.02156]]]}},{"type":"Feature","properties":{"c":"31.0","o":"Golden Predator Mining Corp - 100%","e":"2032-05-03"},"geometry":{"type":"Polygon","coordinates":[[[-132.77454,61.99827],[-132.78093,62.00107],[-132.77806,62.00252],[-132.7709,62.00011],[-132.77454,61.99827]]]}},{"type":"Feature","properties":{"c":"242.0","o":"Silver Range Resources Ltd. - 100%","e":"2042-03-13"},"geometry":{"type":"Polygon","coordinates":[[[-132.92627,62.49932],[-132.93296,62.50202],[-132.92712,62.50511],[-132.92043,62.50241],[-132.92627,62.49932]]]}},{"type":"Feature","properties":{"c":"265.0","o":"Silver Range Resources Ltd. - 100%","e":"2031-03-13"},"geometry":{"type":"Polygon","coordinates":[[[-132.54002,62.36366],[-132.54665,62.36637],[-132.54096,62.36943],[-132.53434,62.36671],[-132.53716,62.3652],[-132.54002,62.36366]]]}},{"type":"Feature","properties":{"c":"342.0","o":"Silver Range Resources Ltd. - 100%","e":"2031-03-13"},"geometry":{"type":"Polygon","coordinates":[[[-132.58926,62.39996],[-132.59579,62.40263],[-132.59001,62.40573],[-132.58348,62.40306],[-132.58704,62.40115],[-132.58926,62.39996]]]}},{"type":"Feature","properties":{"c":"384.0","o":"Silver Range Resources Ltd. - 100%","e":"2031-03-13"},"geometry":{"type":"Polygon","coordinates":[[[-132.53128,62.38717],[-132.53791,62.38989],[-132.53213,62.39299],[-132.5255,62.39027],[-132.53128,62.38717]]]}},{"type":"Feature","properties":{"c":"61.0","o":"Deloitte Restructuring Inc. - 100%","e":"2029-03-31"},"geometry":{"type":"Polygon","coordinates":[[[-133.005,62.21705],[-132.99856,62.21977],[-132.99234,62.21649],[-132.9981,62.21389],[-133.005,62.21705]]]}},{"type":"Feature","properties":{"c":"148.0","o":"Golden Predator Mining Corp - 100%","e":"2047-12-27"},"geometry":{"type":"Polygon","coordinates":[[[-132.77834,62.02798],[-132.78542,62.03043],[-132.78022,62.03375],[-132.77312,62.0313],[-132.77834,62.02798]]]}},{"type":"Feature","properties":{"c":"14.0","o":"Deloitte Restructuring Inc. - 100%","e":"2029-03-31"},"geometry":{"type":"Polygon","coordinates":[[[-132.96633,62.17648],[-132.97524,62.17645],[-132.97509,62.1807],[-132.96636,62.18072],[-132.96633,62.17648]]]}},{"type":"Feature","properties":{"c":"7.0","o":"Deloitte Restructuring Inc. - 100%","e":"2029-03-31"},"geometry":{"type":"Polygon","coordinates":[[[-132.76984,62.21329],[-132.77866,62.21325],[-132.77882,62.21735],[-132.76998,62.21738],[-132.76984,62.21329]]]}},{"type":"Feature","properties":{"c":"292.0","o":"Silver Range Resources Ltd. - 100%","e":"2031-03-13"},"geometry":{"type":"Polygon","coordinates":[[[-132.62022,62.40185],[-132.62676,62.40452],[-132.62108,62.40757],[-132.61454,62.40491],[-132.6182,62.40294],[-132.62022,62.40185]]]}},{"type":"Feature","properties":{"c":"749.0","o":"Silver Range Resources Ltd. - 100%","e":"2040-03-13"},"geometry":{"type":"Polygon","coordinates":[[[-132.79885,62.40457],[-132.8054,62.40723],[-132.79964,62.41034],[-132.79309,62.40768],[-132.79885,62.40457]]]}},{"type":"Feature","properties":{"c":"1158.0","o":"Silver Range Resources Ltd. - 100%","e":"2042-03-13"},"geometry":{"type":"Polygon","coordinates":[[[-132.93452,62.47001],[-132.94121,62.4727],[-132.93538,62.47579],[-132.92869,62.4731],[-132.93452,62.47001]]]}},{"type":"Feature","properties":{"c":"39.0","o":"Golden Predator Mining Corp - 100%","e":"2032-05-03"},"geometry":{"type":"Polygon","coordinates":[[[-132.75583,61.99568],[-132.75948,61.99728],[-132.75505,62.00018],[-132.75069,61.99827],[-132.75583,61.99568]]]}},{"type":"Feature","properties":{"c":"22.0","o":"Golden Predator Mining Corp - 100%","e":"2035-12-27"},"geometry":{"type":"Polygon","coordinates":[[[-132.81915,62.0546],[-132.812,62.05213],[-132.81718,62.04881],[-132.82428,62.05127],[-132.81915,62.0546]]]}},{"type":"Feature","properties":{"c":"8.0","o":"Golden Predator Mining Corp - 100%","e":"2035-09-13"},"geometry":{"type":"Polygon","coordinates":[[[-132.89943,62.05173],[-132.89424,62.05506],[-132.8872,62.05263],[-132.89237,62.04931],[-132.89943,62.05173]]]}},{"type":"Feature","properties":{"c":"666.0","o":"Silver Range Resources Ltd. - 100%","e":"2031-03-13"},"geometry":{"type":"Polygon","coordinates":[[[-132.86153,62.44623],[-132.8682,62.44892],[-132.86253,62.45199],[-132.85586,62.44929],[-132.86153,62.44623]]]}},{"type":"Feature","properties":{"c":"107.0","o":"Deloitte Restructuring Inc. - 100%","e":"2029-03-31"},"geometry":{"type":"Polygon","coordinates":[[[-132.77811,62.19721],[-132.77799,62.19298],[-132.78672,62.19294],[-132.78686,62.1972],[-132.77811,62.19721]]]}},{"type":"Feature","properties":{"c":"61.0","o":"Silver Range Resources Ltd. - 100%","e":"2031-03-13"},"geometry":{"type":"Polygon","coordinates":[[[-132.5656,62.33108],[-132.57222,62.33379],[-132.56654,62.33685],[-132.55992,62.33413],[-132.5656,62.33108]]]}},{"type":"Feature","properties":{"c":"256.0","o":"Silver Range Resources Ltd. - 100%","e":"2042-03-13"},"geometry":{"type":"Polygon","coordinates":[[[-132.87948,62.48045],[-132.88616,62.48315],[-132.88032,62.48623],[-132.87364,62.48354],[-132.87948,62.48045]]]}},{"type":"Feature","properties":{"c":"591.0","o":"Silver Range Resources Ltd. - 100%","e":"2031-03-13"},"geometry":{"type":"Polygon","coordinates":[[[-132.76945,62.41426],[-132.776,62.41693],[-132.77033,62.41999],[-132.76378,62.41733],[-132.76945,62.41426]]]}},{"type":"Feature","properties":{"c":"60.0","o":"Golden Predator Mining Corp - 100%","e":"2031-05-03"},"geometry":{"type":"Polygon","coordinates":[[[-132.68263,61.99647],[-132.68901,61.99927],[-132.68305,62.00227],[-132.67668,61.99947],[-132.68263,61.99647]]]}},{"type":"Feature","properties":{"c":"641.0","o":"Silver Range Resources Ltd. - 100%","e":"2031-03-13"},"geometry":{"type":"Polygon","coordinates":[[[-132.78734,62.4108],[-132.79389,62.41346],[-132.78822,62.41652],[-132.78167,62.41386],[-132.78734,62.4108]]]}},{"type":"Feature","properties":{"c":"651.0","o":"Silver Range Resources Ltd. - 100%","e":"2031-03-13"},"geometry":{"type":"Polygon","coordinates":[[[-132.82053,62.42426],[-132.82719,62.42696],[-132.82152,62.43003],[-132.81486,62.42733],[-132.82053,62.42426]]]}},{"type":"Feature","properties":{"c":"818.0","o":"Silver Range Resources Ltd. - 100%","e":"2032-03-13"},"geometry":{"type":"Polygon","coordinates":[[[-132.57411,62.30766],[-132.58073,62.31037],[-132.57506,62.31343],[-132.56844,62.31071],[-132.57411,62.30766]]]}},{"type":"Feature","properties":{"c":"325.0","o":"Silver Range Resources Ltd. - 100%","e":"2031-03-13"},"geometry":{"type":"Polygon","coordinates":[[[-132.5419,62.3752],[-132.54853,62.37791],[-132.54284,62.38097],[-132.53621,62.37825],[-132.53907,62.37671],[-132.5419,62.3752]]]}},{"type":"Feature","properties":{"c":"220.0","o":"Silver Range Resources Ltd. - 100%","e":"2031-03-13"},"geometry":{"type":"Polygon","coordinates":[[[-132.57883,62.37417],[-132.58546,62.37688],[-132.57978,62.37994],[-132.57315,62.37723],[-132.57639,62.37549],[-132.57883,62.37417]]]}},{"type":"Feature","properties":{"c":"112.0","o":"Deloitte Restructuring Inc. - 100%","e":"2029-03-31"},"geometry":{"type":"Polygon","coordinates":[[[-132.83049,62.19713],[-132.82176,62.19714],[-132.82172,62.19284],[-132.83046,62.19282],[-132.83049,62.19713]]]}},{"type":"Feature","properties":{"c":"386.0","o":"Silver Range Resources Ltd. - 100%","e":"2031-03-13"},"geometry":{"type":"Polygon","coordinates":[[[-132.53791,62.38989],[-132.54454,62.3926],[-132.53876,62.3957],[-132.53213,62.39299],[-132.53791,62.38989]]]}},{"type":"Feature","properties":{"c":"114.0","o":"Deloitte Restructuring Inc. - 100%","e":"2029-03-31"},"geometry":{"type":"Polygon","coordinates":[[[-132.84785,62.19277],[-132.84794,62.19709],[-132.83921,62.19711],[-132.8392,62.19279],[-132.84785,62.19277]]]}},{"type":"Feature","properties":{"c":"6.0","o":"Golden Predator Mining Corp - 100%","e":"2029-09-06"},"geometry":{"type":"Polygon","coordinates":[[[-132.88071,62.03008],[-132.88776,62.0325],[-132.8826,62.03581],[-132.87555,62.03339],[-132.87848,62.03151],[-132.88071,62.03008]]]}},{"type":"Feature","properties":{"c":"726.0","o":"Silver Range Resources Ltd. - 100%","e":"2032-03-13"},"geometry":{"type":"Polygon","coordinates":[[[-132.52804,62.40773],[-132.53467,62.41044],[-132.52888,62.41355],[-132.52225,62.41083],[-132.52804,62.40773]]]}},{"type":"Feature","properties":{"c":"500.0","o":"Silver Range Resources Ltd. - 100%","e":"2031-03-13"},"geometry":{"type":"Polygon","coordinates":[[[-132.73628,62.43837],[-132.74283,62.44103],[-132.73716,62.44409],[-132.7306,62.44143],[-132.73537,62.43886],[-132.73628,62.43837]]]}},{"type":"Feature","properties":{"c":"167.0","o":"Silver Range Resources Ltd. - 100%","e":"2031-03-13"},"geometry":{"type":"Polygon","coordinates":[[[-132.60913,62.37042],[-132.61576,62.37314],[-132.61009,62.37619],[-132.60345,62.37348],[-132.60709,62.37152],[-132.60913,62.37042]]]}},{"type":"Feature","properties":{"c":"152.0","o":"Deloitte Restructuring Inc. - 100%","e":"2029-03-31"},"geometry":{"type":"Polygon","coordinates":[[[-132.83202,62.22123],[-132.8228,62.22129],[-132.82275,62.2175],[-132.83196,62.21741],[-132.83202,62.22123]]]}},{"type":"Feature","properties":{"c":"6.0","o":"Deloitte Restructuring Inc. - 100%","e":"2029-03-31"},"geometry":{"type":"Polygon","coordinates":[[[-132.93129,62.19303],[-132.93107,62.18902],[-132.94028,62.189],[-132.94041,62.19299],[-132.93129,62.19303]]]}},{"type":"Feature","properties":{"c":"266.0","o":"Silver Range Resources Ltd. - 100%","e":"2042-03-13"},"geometry":{"type":"Polygon","coordinates":[[[-132.8461,62.46696],[-132.85277,62.46966],[-132.84693,62.47274],[-132.84026,62.47004],[-132.8461,62.46696]]]}},{"type":"Feature","properties":{"c":"86.0","o":"Deloitte Restructuring Inc. - 100%","e":"2029-03-31"},"geometry":{"type":"Polygon","coordinates":[[[-132.87622,62.13893],[-132.88486,62.1391],[-132.88453,62.1432],[-132.87587,62.14303],[-132.87622,62.13893]]]}},{"type":"Feature","properties":{"c":"467.0","o":"Silver Range Resources Ltd. - 100%","e":"2031-03-13"},"geometry":{"type":"Polygon","coordinates":[[[-132.74382,62.4468],[-132.75048,62.4495],[-132.7448,62.45256],[-132.73814,62.44986],[-132.74295,62.44727],[-132.74382,62.4468]]]}},{"type":"Feature","properties":{"c":"622.0","o":"Silver Range Resources Ltd. - 100%","e":"2031-03-13"},"geometry":{"type":"Polygon","coordinates":[[[-132.86354,62.45776],[-132.87021,62.46046],[-132.86454,62.46352],[-132.85787,62.46083],[-132.85832,62.46058],[-132.86354,62.45776]]]}},{"type":"Feature","properties":{"c":"15.0","o":"Golden Predator Mining Corp - 100%","e":"2035-12-27"},"geometry":{"type":"Polygon","coordinates":[[[-132.83315,62.05942],[-132.8402,62.06185],[-132.83493,62.06512],[-132.82795,62.06265],[-132.83315,62.05942]]]}},{"type":"Feature","properties":{"c":"69.0","o":"Deloitte Restructuring Inc. - 100%","e":"2029-03-31"},"geometry":{"type":"Polygon","coordinates":[[[-132.82212,62.19714],[-132.831,62.19712],[-132.83114,62.20123],[-132.82217,62.20124],[-132.82212,62.19714]]]}},{"type":"Feature","properties":{"c":"802.0","o":"Silver Range Resources Ltd. - 100%","e":"2040-03-13"},"geometry":{"type":"Polygon","coordinates":[[[-132.83107,62.41225],[-132.83787,62.41495],[-132.83211,62.41806],[-132.82538,62.41533],[-132.83107,62.41225]]]}},{"type":"Feature","properties":{"c":"483.0","o":"Silver Range Resources Ltd. - 100%","e":"2031-03-13"},"geometry":{"type":"Polygon","coordinates":[[[-132.68957,62.414],[-132.69612,62.41666],[-132.69044,62.41973],[-132.6839,62.41706],[-132.68825,62.41472],[-132.68957,62.414]]]}},{"type":"Feature","properties":{"c":"63.0","o":"Deloitte Restructuring Inc. - 100%","e":"2029-03-31"},"geometry":{"type":"Polygon","coordinates":[[[-132.99856,62.21977],[-133.005,62.21705],[-133.01072,62.21994],[-133.00434,62.22268],[-132.99856,62.21977]]]}},{"type":"Feature","properties":{"c":"126.0","o":"Deloitte Restructuring Inc. - 100%","e":"2029-03-31"},"geometry":{"type":"Polygon","coordinates":[[[-132.84768,62.18889],[-132.85648,62.18882],[-132.85668,62.19274],[-132.84785,62.19277],[-132.84768,62.18889]]]}},{"type":"Feature","properties":{"c":"172.0","o":"Deloitte Restructuring Inc. - 100%","e":"2029-03-31"},"geometry":{"type":"Polygon","coordinates":[[[-132.92328,62.16951],[-132.91452,62.16955],[-132.9142,62.1658],[-132.91916,62.16571],[-132.92321,62.16855],[-132.92328,62.16951]]]}},{"type":"Feature","properties":{"c":"662.0","o":"Silver Range Resources Ltd. - 100%","e":"2031-03-13"},"geometry":{"type":"Polygon","coordinates":[[[-132.84819,62.44083],[-132.85486,62.44353],[-132.84919,62.44659],[-132.84252,62.44389],[-132.84819,62.44083]]]}},{"type":"Feature","properties":{"c":"661.0","o":"Silver Range Resources Ltd. - 100%","e":"2031-03-13"},"geometry":{"type":"Polygon","coordinates":[[[-132.85385,62.43776],[-132.86052,62.44046],[-132.85486,62.44353],[-132.84819,62.44083],[-132.85385,62.43776]]]}},{"type":"Feature","properties":{"c":"75.0","o":"Deloitte Restructuring Inc. - 100%","e":"2029-03-31"},"geometry":{"type":"Polygon","coordinates":[[[-132.85443,62.18288],[-132.85405,62.17894],[-132.8627,62.17881],[-132.86302,62.18273],[-132.85443,62.18288]]]}},{"type":"Feature","properties":{"c":"61.0","o":"Deloitte Restructuring Inc. - 100%","e":"2029-03-31"},"geometry":{"type":"Polygon","coordinates":[[[-132.82274,62.15032],[-132.82309,62.1462],[-132.83183,62.14635],[-132.83148,62.15047],[-132.82274,62.15032]]]}},{"type":"Feature","properties":{"c":"594.0","o":"Silver Range Resources Ltd. - 100%","e":"2031-03-13"},"geometry":{"type":"Polygon","coordinates":[[[-132.77033,62.41999],[-132.77688,62.42265],[-132.77121,62.42571],[-132.76466,62.42305],[-132.77033,62.41999]]]}},{"type":"Feature","properties":{"c":"160.0","o":"Deloitte Restructuring Inc. - 100%","e":"2029-03-31"},"geometry":{"type":"Polygon","coordinates":[[[-132.79681,62.18923],[-132.79582,62.19331],[-132.78688,62.19279],[-132.78788,62.18873],[-132.79681,62.18923]]]}},{"type":"Feature","properties":{"c":"146.0","o":"Deloitte Restructuring Inc. - 100%","e":"2029-03-31"},"geometry":{"type":"Polygon","coordinates":[[[-132.92265,62.21781],[-132.92275,62.22152],[-132.91293,62.22161],[-132.91283,62.21785],[-132.92265,62.21781]]]}},{"type":"Feature","properties":{"c":"580.0","o":"Silver Range Resources Ltd. - 100%","e":"2031-03-13"},"geometry":{"type":"Polygon","coordinates":[[[-132.78552,62.43689],[-132.79218,62.43959],[-132.78651,62.44265],[-132.77984,62.43995],[-132.78523,62.43704],[-132.78552,62.43689]]]}},{"type":"Feature","properties":{"c":"9.0","o":"Deloitte Restructuring Inc. - 100%","e":"2029-03-31"},"geometry":{"type":"Polygon","coordinates":[[[-132.92346,62.16873],[-132.93073,62.1665],[-132.93542,62.16985],[-132.93234,62.1708],[-132.93229,62.16938],[-132.9245,62.16949],[-132.92346,62.16873]]]}},{"type":"Feature","properties":{"c":"22.0","o":"Deloitte Restructuring Inc. - 100%","e":"2029-03-31"},"geometry":{"type":"Polygon","coordinates":[[[-132.75213,62.20947],[-132.76093,62.20945],[-132.76102,62.21333],[-132.75221,62.21337],[-132.75213,62.20947]]]}},{"type":"Feature","properties":{"c":"3.0","o":"Deloitte Restructuring Inc. - 100%","e":"2029-03-31"},"geometry":{"type":"Polygon","coordinates":[[[-132.75221,62.21337],[-132.76102,62.21333],[-132.76113,62.21742],[-132.75228,62.21745],[-132.75221,62.21337]]]}},{"type":"Feature","properties":{"c":"132.0","o":"Lapie Mining Inc. - 100%","e":"2029-01-20"},"geometry":{"type":"Polygon","coordinates":[[[-132.94451,62.46358],[-132.95122,62.46629],[-132.94548,62.46933],[-132.93877,62.46662],[-132.94451,62.46358]]]}},{"type":"Feature","properties":{"c":"25.0","o":"Deloitte Restructuring Inc. - 100%","e":"2029-03-31"},"geometry":{"type":"Polygon","coordinates":[[[-132.77756,62.16579],[-132.77788,62.16176],[-132.78666,62.16194],[-132.78632,62.16597],[-132.77756,62.16579]]]}},{"type":"Feature","properties":{"c":"319.0","o":"Silver Range Resources Ltd. - 100%","e":"2031-03-13"},"geometry":{"type":"Polygon","coordinates":[[[-132.52203,62.36705],[-132.52865,62.36977],[-132.52296,62.37282],[-132.51634,62.37011],[-132.51901,62.36867],[-132.52203,62.36705]]]}},{"type":"Feature","properties":{"c":"2013.0","o":"Silver Range Resources Ltd. - 100%","e":"2038-03-13"},"geometry":{"type":"Polygon","coordinates":[[[-132.80272,62.4712],[-132.80939,62.4739],[-132.80642,62.47546],[-132.79975,62.47276],[-132.80272,62.4712]]]}},{"type":"Feature","properties":{"c":"33.0","o":"Deloitte Restructuring Inc. - 100%","e":"2029-03-31"},"geometry":{"type":"Polygon","coordinates":[[[-132.89614,62.18748],[-132.89705,62.19159],[-132.88808,62.19204],[-132.88724,62.18794],[-132.89614,62.18748]]]}},{"type":"Feature","properties":{"c":"24.0","o":"Golden Predator Mining Corp - 100%","e":"2035-12-27"},"geometry":{"type":"Polygon","coordinates":[[[-132.88273,62.07647],[-132.88989,62.07894],[-132.88477,62.08225],[-132.87751,62.07975],[-132.88273,62.07647]]]}},{"type":"Feature","properties":{"c":"800.0","o":"Silver Range Resources Ltd. - 100%","e":"2040-03-13"},"geometry":{"type":"Polygon","coordinates":[[[-132.82434,62.40959],[-132.83107,62.41225],[-132.82538,62.41533],[-132.81872,62.41263],[-132.82434,62.40959]]]}},{"type":"Feature","properties":{"c":"39.0","o":"Deloitte Restructuring Inc. - 100%","e":"2029-03-31"},"geometry":{"type":"Polygon","coordinates":[[[-132.957,62.21469],[-132.95046,62.21179],[-132.95656,62.20875],[-132.9631,62.21166],[-132.957,62.21469]]]}},{"type":"Feature","properties":{"c":"833.0","o":"Silver Range Resources Ltd. - 100%","e":"2032-03-13"},"geometry":{"type":"Polygon","coordinates":[[[-132.56844,62.31071],[-132.57506,62.31343],[-132.56939,62.31648],[-132.56277,62.31377],[-132.56844,62.31071]]]}},{"type":"Feature","properties":{"c":"22.0","o":"Golden Predator Mining Corp - 100%","e":"2032-05-03"},"geometry":{"type":"Polygon","coordinates":[[[-132.77469,62.00138],[-132.78179,62.00377],[-132.7767,62.0071],[-132.76961,62.00472],[-132.77469,62.00138]]]}},{"type":"Feature","properties":{"c":"708.0","o":"Silver Range Resources Ltd. - 100%","e":"2032-03-13"},"geometry":{"type":"Polygon","coordinates":[[[-132.56614,62.41238],[-132.57267,62.41505],[-132.56689,62.41815],[-132.56036,62.41548],[-132.56614,62.41238]]]}},{"type":"Feature","properties":{"c":"252.0","o":"Silver Range Resources Ltd. - 100%","e":"2042-03-13"},"geometry":{"type":"Polygon","coordinates":[[[-132.89284,62.48584],[-132.89953,62.48854],[-132.89369,62.49163],[-132.88701,62.48893],[-132.89284,62.48584]]]}},{"type":"Feature","properties":{"c":"114.0","o":"Deloitte Restructuring Inc. - 100%","e":"2029-03-31"},"geometry":{"type":"Polygon","coordinates":[[[-132.81756,62.17799],[-132.80868,62.17752],[-132.80958,62.17327],[-132.81855,62.17372],[-132.81756,62.17799]]]}},{"type":"Feature","properties":{"c":"652.0","o":"Silver Range Resources Ltd. - 100%","e":"2031-03-13"},"geometry":{"type":"Polygon","coordinates":[[[-132.81486,62.42733],[-132.82152,62.43003],[-132.81585,62.43309],[-132.80919,62.43039],[-132.81486,62.42733]]]}},{"type":"Feature","properties":{"c":"128.0","o":"Silver Range Resources Ltd. - 100%","e":"2031-03-13"},"geometry":{"type":"Polygon","coordinates":[[[-132.63471,62.3755],[-132.64124,62.37816],[-132.63556,62.38122],[-132.62903,62.37856],[-132.63295,62.37644],[-132.63471,62.3755]]]}},{"type":"Feature","properties":{"c":"87.0","o":"Deloitte Restructuring Inc. - 100%","e":"2029-03-31"},"geometry":{"type":"Polygon","coordinates":[[[-132.87587,62.14303],[-132.88453,62.1432],[-132.8842,62.14729],[-132.87552,62.14712],[-132.87587,62.14303]]]}},{"type":"Feature","properties":{"c":"588.0","o":"Silver Range Resources Ltd. - 100%","e":"2031-03-13"},"geometry":{"type":"Polygon","coordinates":[[[-132.75068,62.41201],[-132.75723,62.41467],[-132.75155,62.41773],[-132.74501,62.41507],[-132.75068,62.41201]]]}},{"type":"Feature","properties":{"c":"20.0","o":"Golden Predator Mining Corp - 100%","e":"2053-12-27"},"geometry":{"type":"Polygon","coordinates":[[[-132.82939,62.04796],[-132.83453,62.04466],[-132.84159,62.04711],[-132.83646,62.05041],[-132.82939,62.04796]]]}},{"type":"Feature","properties":{"c":"147.0","o":"Golden Predator Mining Corp - 100%","e":"2047-12-27"},"geometry":{"type":"Polygon","coordinates":[[[-132.77834,62.02798],[-132.78356,62.02466],[-132.79063,62.02711],[-132.78542,62.03043],[-132.77834,62.02798]]]}},{"type":"Feature","properties":{"c":"388.0","o":"Silver Range Resources Ltd. - 100%","e":"2031-03-13"},"geometry":{"type":"Polygon","coordinates":[[[-132.54454,62.3926],[-132.55117,62.39532],[-132.54539,62.39842],[-132.53876,62.3957],[-132.54454,62.3926]]]}},{"type":"Feature","properties":{"c":"253.0","o":"Silver Range Resources Ltd. - 100%","e":"2031-03-13"},"geometry":{"type":"Polygon","coordinates":[[[-132.50031,62.34737],[-132.50692,62.35008],[-132.50124,62.35314],[-132.49462,62.35042],[-132.49705,62.34911],[-132.50031,62.34737]]]}},{"type":"Feature","properties":{"c":"2.0","o":"James Woods - 100%","e":"2032-12-27"},"geometry":{"type":"Polygon","coordinates":[[[-132.81854,62.03408],[-132.82362,62.0308],[-132.83069,62.03317],[-132.8255,62.03649],[-132.81854,62.03408]]]}},{"type":"Feature","properties":{"c":"380.0","o":"Silver Range Resources Ltd. - 100%","e":"2031-03-13"},"geometry":{"type":"Polygon","coordinates":[[[-132.51803,62.38174],[-132.52465,62.38446],[-132.51887,62.38756],[-132.51225,62.38484],[-132.51803,62.38174]]]}},{"type":"Feature","properties":{"c":"2269.0","o":"Silver Range Resources Ltd. - 100%","e":"2038-03-13"},"geometry":{"type":"Polygon","coordinates":[[[-132.77738,62.46638],[-132.78353,62.46888],[-132.77778,62.47191],[-132.77179,62.4694],[-132.77738,62.46638]]]}},{"type":"Feature","properties":{"c":"659.0","o":"Silver Range Resources Ltd. - 100%","e":"2031-03-13"},"geometry":{"type":"Polygon","coordinates":[[[-132.84718,62.43506],[-132.85385,62.43776],[-132.84819,62.44083],[-132.84152,62.43813],[-132.84718,62.43506]]]}},{"type":"Feature","properties":{"c":"19.0","o":"Golden Predator Mining Corp - 100%","e":"2038-12-27"},"geometry":{"type":"Polygon","coordinates":[[[-132.9488,62.10421],[-132.94706,62.10361],[-132.9522,62.10029],[-132.95393,62.10092],[-132.9488,62.10421]]]}},{"type":"Feature","properties":{"c":"42.0","o":"Deloitte Restructuring Inc. - 100%","e":"2029-03-31"},"geometry":{"type":"Polygon","coordinates":[[[-132.83051,62.16195],[-132.83078,62.15871],[-132.83953,62.15888],[-132.8391,62.1624],[-132.83051,62.16195]]]}},{"type":"Feature","properties":{"c":"698.0","o":"Silver Range Resources Ltd. - 100%","e":"2032-03-13"},"geometry":{"type":"Polygon","coordinates":[[[-132.53297,62.39881],[-132.53961,62.40152],[-132.53382,62.40463],[-132.52719,62.40191],[-132.53297,62.39881]]]}},{"type":"Feature","properties":{"c":"2116.0","o":"Silver Range Resources Ltd. - 100%","e":"2038-03-13"},"geometry":{"type":"Polygon","coordinates":[[[-132.79295,62.48879],[-132.79963,62.49149],[-132.79387,62.49453],[-132.7872,62.49182],[-132.79295,62.48879]]]}},{"type":"Feature","properties":{"c":"644.0","o":"Silver Range Resources Ltd. - 100%","e":"2031-03-13"},"geometry":{"type":"Polygon","coordinates":[[[-132.78822,62.41652],[-132.79488,62.41922],[-132.78921,62.42229],[-132.78255,62.41959],[-132.78822,62.41652]]]}},{"type":"Feature","properties":{"c":"269.0","o":"Silver Range Resources Ltd. - 100%","e":"2042-03-13"},"geometry":{"type":"Polygon","coordinates":[[[-132.82691,62.46464],[-132.83358,62.46734],[-132.82774,62.47043],[-132.82107,62.46773],[-132.82691,62.46464]]]}},{"type":"Feature","properties":{"c":"62.0","o":"Golden Predator Mining Corp - 100%","e":"2037-12-27"},"geometry":{"type":"Polygon","coordinates":[[[-132.7504,62.02575],[-132.74167,62.02566],[-132.74205,62.02156],[-132.75079,62.02165],[-132.7504,62.02575]]]}},{"type":"Feature","properties":{"c":"845.0","o":"Silver Range Resources Ltd. - 100%","e":"2032-03-13"},"geometry":{"type":"Polygon","coordinates":[[[-132.54387,62.3114],[-132.55049,62.31411],[-132.54481,62.31717],[-132.5382,62.31445],[-132.54387,62.3114]]]}},{"type":"Feature","properties":{"c":"41.0","o":"Deloitte Restructuring Inc. - 100%","e":"2028-03-31"},"geometry":{"type":"Polygon","coordinates":[[[-132.94293,62.15205],[-132.95062,62.15409],[-132.94633,62.15778],[-132.939,62.156],[-132.94293,62.15205]]]}},{"type":"Feature","properties":{"c":"720.0","o":"Silver Range Resources Ltd. - 100%","e":"2032-03-13"},"geometry":{"type":"Polygon","coordinates":[[[-132.50815,62.39958],[-132.51478,62.4023],[-132.50899,62.4054],[-132.50236,62.40268],[-132.50815,62.39958]]]}},{"type":"Feature","properties":{"c":"97.0","o":"Deloitte Restructuring Inc. - 100%","e":"2029-03-31"},"geometry":{"type":"Polygon","coordinates":[[[-132.743,62.18918],[-132.743,62.18521],[-132.75146,62.18517],[-132.75155,62.18914],[-132.743,62.18918]]]}},{"type":"Feature","properties":{"c":"564.0","o":"Silver Range Resources Ltd. - 100%","e":"2031-03-13"},"geometry":{"type":"Polygon","coordinates":[[[-132.73278,62.41547],[-132.73933,62.41813],[-132.73366,62.42119],[-132.72711,62.41853],[-132.73199,62.4159],[-132.73278,62.41547]]]}},{"type":"Feature","properties":{"c":"778.0","o":"Silver Range Resources Ltd. - 100%","e":"2040-03-13"},"geometry":{"type":"Polygon","coordinates":[[[-132.88629,62.44544],[-132.89296,62.44813],[-132.88721,62.45125],[-132.88054,62.44855],[-132.88629,62.44544]]]}},{"type":"Feature","properties":{"c":"877.0","o":"Silver Range Resources Ltd. - 100%","e":"2032-03-13"},"geometry":{"type":"Polygon","coordinates":[[[-132.51642,62.33244],[-132.52304,62.33515],[-132.51736,62.33821],[-132.51074,62.33549],[-132.51642,62.33244]]]}},{"type":"Feature","properties":{"c":"830.0","o":"Silver Range Resources Ltd. - 100%","e":"2032-03-13"},"geometry":{"type":"Polygon","coordinates":[[[-132.54955,62.30834],[-132.55616,62.31106],[-132.55049,62.31411],[-132.54387,62.3114],[-132.54955,62.30834]]]}},{"type":"Feature","properties":{"c":"317.0","o":"Silver Range Resources Ltd. - 100%","e":"2031-03-13"},"geometry":{"type":"Polygon","coordinates":[[[-132.51541,62.36434],[-132.52203,62.36705],[-132.51634,62.37011],[-132.50972,62.36739],[-132.51232,62.36599],[-132.51541,62.36434]]]}},{"type":"Feature","properties":{"c":"1172.0","o":"Silver Range Resources Ltd. - 100%","e":"2042-03-13"},"geometry":{"type":"Polygon","coordinates":[[[-132.90367,62.47388],[-132.91035,62.47658],[-132.90451,62.47967],[-132.89783,62.47697],[-132.90367,62.47388]]]}},{"type":"Feature","properties":{"c":"199.0","o":"Silver Range Resources Ltd. - 100%","e":"2031-03-13"},"geometry":{"type":"Polygon","coordinates":[[[-132.51829,62.34398],[-132.52491,62.34669],[-132.51922,62.34974],[-132.51261,62.34703],[-132.51529,62.34559],[-132.51829,62.34398]]]}},{"type":"Feature","properties":{"c":"71.0","o":"Deloitte Restructuring Inc. - 100%","e":"2029-03-31"},"geometry":{"type":"Polygon","coordinates":[[[-132.87516,62.15121],[-132.86652,62.15104],[-132.86681,62.14694],[-132.87552,62.14712],[-132.87516,62.15121]]]}},{"type":"Feature","properties":{"c":"2061.0","o":"Silver Range Resources Ltd. - 100%","e":"2038-03-13"},"geometry":{"type":"Polygon","coordinates":[[[-132.85028,62.49588],[-132.85696,62.49858],[-132.85121,62.50162],[-132.84453,62.49892],[-132.85028,62.49588]]]}},{"type":"Feature","properties":{"c":"76.0","o":"Golden Predator Mining Corp - 100%","e":"2055-12-27"},"geometry":{"type":"Polygon","coordinates":[[[-132.8982,62.06658],[-132.90333,62.06328],[-132.91039,62.06571],[-132.90527,62.06902],[-132.8982,62.06658]]]}},{"type":"Feature","properties":{"c":"6.0","o":"Golden Predator Mining Corp - 100%","e":"2047-12-27"},"geometry":{"type":"Polygon","coordinates":[[[-132.89502,62.07562],[-132.90207,62.07804],[-132.89691,62.08135],[-132.88989,62.07894],[-132.89502,62.07562]]]}},{"type":"Feature","properties":{"c":"159.0","o":"Golden Predator Mining Corp - 100%","e":"2043-12-27"},"geometry":{"type":"Polygon","coordinates":[[[-132.79063,62.02711],[-132.7976,62.02952],[-132.7924,62.03284],[-132.78542,62.03043],[-132.79063,62.02711]]]}},{"type":"Feature","properties":{"c":"607.0","o":"Silver Range Resources Ltd. - 100%","e":"2031-03-13"},"geometry":{"type":"Polygon","coordinates":[[[-132.82252,62.43579],[-132.82918,62.43849],[-132.82351,62.44156],[-132.81685,62.43886],[-132.82252,62.43579]]]}},{"type":"Feature","properties":{"c":"533.0","o":"Silver Range Resources Ltd. - 100%","e":"2031-03-13"},"geometry":{"type":"Polygon","coordinates":[[[-132.74676,62.42652],[-132.75331,62.42918],[-132.74763,62.43224],[-132.74108,62.42958],[-132.74606,62.4269],[-132.74676,62.42652]]]}},{"type":"Feature","properties":{"c":"265.0","o":"Silver Range Resources Ltd. - 100%","e":"2042-03-13"},"geometry":{"type":"Polygon","coordinates":[[[-132.84026,62.47004],[-132.84693,62.47274],[-132.84109,62.47583],[-132.83442,62.47313],[-132.84026,62.47004]]]}},{"type":"Feature","properties":{"c":"76.0","o":"Deloitte Restructuring Inc. - 100%","e":"2029-03-31"},"geometry":{"type":"Polygon","coordinates":[[[-132.88387,62.15138],[-132.89259,62.15155],[-132.89231,62.15567],[-132.88357,62.1555],[-132.88387,62.15138]]]}},{"type":"Feature","properties":{"c":"54.0","o":"Deloitte Restructuring Inc. - 100%","e":"2029-03-31"},"geometry":{"type":"Polygon","coordinates":[[[-132.67447,62.19043],[-132.68306,62.19037],[-132.68324,62.19457],[-132.67461,62.19465],[-132.67447,62.19043]]]}},{"type":"Feature","properties":{"c":"77.0","o":"Silver Range Resources Ltd. - 100%","e":"2031-03-13"},"geometry":{"type":"Polygon","coordinates":[[[-132.61858,62.35277],[-132.62521,62.35548],[-132.61953,62.35854],[-132.6129,62.35583],[-132.61858,62.35277]]]}},{"type":"Feature","properties":{"c":"371.0","o":"Silver Range Resources Ltd. - 100%","e":"2031-03-13"},"geometry":{"type":"Polygon","coordinates":[[[-132.49732,62.36778],[-132.50394,62.37049],[-132.49816,62.37359],[-132.49154,62.37088],[-132.49732,62.36778]]]}},{"type":"Feature","properties":{"c":"712.0","o":"Silver Range Resources Ltd. - 100%","e":"2032-03-13"},"geometry":{"type":"Polygon","coordinates":[[[-132.57921,62.41772],[-132.58574,62.42039],[-132.57996,62.42349],[-132.57342,62.42082],[-132.57921,62.41772]]]}},{"type":"Feature","properties":{"c":"11.0","o":"Deloitte Restructuring Inc. - 100%","e":"2029-03-31"},"geometry":{"type":"Polygon","coordinates":[[[-132.9148,62.21275],[-132.90603,62.21276],[-132.9059,62.2087],[-132.91468,62.20869],[-132.9148,62.21275]]]}},{"type":"Feature","properties":{"c":"2063.0","o":"Silver Range Resources Ltd. - 100%","e":"2038-03-13"},"geometry":{"type":"Polygon","coordinates":[[[-132.85696,62.49858],[-132.86364,62.50128],[-132.85789,62.50432],[-132.85121,62.50162],[-132.85696,62.49858]]]}},{"type":"Feature","properties":{"c":"599.0","o":"Silver Range Resources Ltd. - 100%","e":"2031-03-13"},"geometry":{"type":"Polygon","coordinates":[[[-132.79587,62.42499],[-132.80253,62.42769],[-132.79686,62.43076],[-132.7902,62.42805],[-132.79587,62.42499]]]}},{"type":"Feature","properties":{"c":"54.0","o":"Deloitte Restructuring Inc. - 100%","e":"2029-03-31"},"geometry":{"type":"Polygon","coordinates":[[[-132.89199,62.1598],[-132.8918,62.16235],[-132.88306,62.16249],[-132.88327,62.15962],[-132.89199,62.1598]]]}},{"type":"Feature","properties":{"c":"353.0","o":"Silver Range Resources Ltd. - 100%","e":"2031-03-13"},"geometry":{"type":"Polygon","coordinates":[[[-132.63415,62.41291],[-132.64069,62.41558],[-132.635,62.41863],[-132.62846,62.41597],[-132.63223,62.41394],[-132.63415,62.41291]]]}},{"type":"Feature","properties":{"c":"5.0","o":"Deloitte Restructuring Inc. - 100%","e":"2029-03-31"},"geometry":{"type":"Polygon","coordinates":[[[-132.79452,62.1725],[-132.79472,62.17019],[-132.80346,62.17036],[-132.80324,62.17294],[-132.79452,62.1725]]]}},{"type":"Feature","properties":{"c":"150.0","o":"Deloitte Restructuring Inc. - 100%","e":"2029-03-31"},"geometry":{"type":"Polygon","coordinates":[[[-132.84038,62.21346],[-132.84025,62.20924],[-132.8491,62.20922],[-132.84921,62.21342],[-132.84038,62.21346]]]}},{"type":"Feature","properties":{"c":"26.0","o":"Deloitte Restructuring Inc. - 100%","e":"2029-03-31"},"geometry":{"type":"Polygon","coordinates":[[[-132.69068,62.20481],[-132.69946,62.20477],[-132.69957,62.2088],[-132.69078,62.20884],[-132.69068,62.20481]]]}},{"type":"Feature","properties":{"c":"11.0","o":"Deloitte Restructuring Inc. - 100%","e":"2029-03-31"},"geometry":{"type":"Polygon","coordinates":[[[-132.92346,62.16873],[-132.91865,62.16535],[-132.92602,62.16309],[-132.93073,62.1665],[-132.92346,62.16873]]]}},{"type":"Feature","properties":{"c":"122.0","o":"Deloitte Restructuring Inc. - 100%","e":"2029-03-31"},"geometry":{"type":"Polygon","coordinates":[[[-132.78202,62.17609],[-132.77317,62.17562],[-132.77427,62.17148],[-132.78308,62.17192],[-132.78202,62.17609]]]}},{"type":"Feature","properties":{"c":"9.0","o":"Golden Predator Mining Corp - 100%","e":"2055-12-27"},"geometry":{"type":"Polygon","coordinates":[[[-132.84672,62.0438],[-132.85381,62.04624],[-132.84868,62.04954],[-132.84159,62.04711],[-132.84672,62.0438]]]}},{"type":"Feature","properties":{"c":"8.0","o":"Deloitte Restructuring Inc. - 100%","e":"2028-03-31"},"geometry":{"type":"Polygon","coordinates":[[[-132.9492,62.16083],[-132.94517,62.16207],[-132.94045,62.15866],[-132.94464,62.15737],[-132.94534,62.15754],[-132.94869,62.16039],[-132.9492,62.16083]]]}},{"type":"Feature","properties":{"c":"96.0","o":"Silver Range Resources Ltd. - 100%","e":"2031-03-13"},"geometry":{"type":"Polygon","coordinates":[[[-132.67218,62.38004],[-132.67872,62.38271],[-132.67304,62.38577],[-132.66651,62.3831],[-132.67218,62.38004]]]}},{"type":"Feature","properties":{"c":"21.0","o":"Golden Predator Mining Corp - 100%","e":"2053-12-27"},"geometry":{"type":"Polygon","coordinates":[[[-132.82428,62.05127],[-132.81718,62.04881],[-132.82232,62.04551],[-132.82939,62.04796],[-132.82428,62.05127]]]}},{"type":"Feature","properties":{"c":"231.0","o":"Silver Range Resources Ltd. - 100%","e":"2042-03-13"},"geometry":{"type":"Polygon","coordinates":[[[-132.81523,62.47081],[-132.8219,62.47351],[-132.81606,62.4766],[-132.80939,62.4739],[-132.81523,62.47081]]]}},{"type":"Feature","properties":{"c":"144.0","o":"Golden Predator Mining Corp - 100%","e":"2047-12-27"},"geometry":{"type":"Polygon","coordinates":[[[-132.76602,62.02885],[-132.75892,62.02641],[-132.76418,62.02308],[-132.77126,62.02553],[-132.76602,62.02885]]]}},{"type":"Feature","properties":{"c":"761.0","o":"Silver Range Resources Ltd. - 100%","e":"2040-03-13"},"geometry":{"type":"Polygon","coordinates":[[[-132.83878,62.42076],[-132.84544,62.42346],[-132.83965,62.42656],[-132.83302,62.42388],[-132.83878,62.42076]]]}},{"type":"Feature","properties":{"c":"161.0","o":"Deloitte Restructuring Inc. - 100%","e":"2029-03-31"},"geometry":{"type":"Polygon","coordinates":[[[-132.78788,62.18873],[-132.78888,62.18467],[-132.79781,62.18515],[-132.79681,62.18923],[-132.78788,62.18873]]]}},{"type":"Feature","properties":{"c":"139.0","o":"Silver Range Resources Ltd. - 100%","e":"2031-03-13"},"geometry":{"type":"Polygon","coordinates":[[[-132.67958,62.38843],[-132.68612,62.3911],[-132.68044,62.39416],[-132.67391,62.3915],[-132.6783,62.38913],[-132.67958,62.38843]]]}},{"type":"Feature","properties":{"c":"6.0","o":"Deloitte Restructuring Inc. - 100%","e":"2029-03-31"},"geometry":{"type":"Polygon","coordinates":[[[-132.79472,62.17019],[-132.79506,62.16615],[-132.80381,62.16633],[-132.80346,62.17036],[-132.79472,62.17019]]]}},{"type":"Feature","properties":{"c":"509.0","o":"Silver Range Resources Ltd. - 100%","e":"2031-03-13"},"geometry":{"type":"Polygon","coordinates":[[[-132.77516,62.44878],[-132.78182,62.45148],[-132.77614,62.45455],[-132.76948,62.45185],[-132.77466,62.44905],[-132.77516,62.44878]]]}},{"type":"Feature","properties":{"c":"512.0","o":"Silver Range Resources Ltd. - 100%","e":"2031-03-13"},"geometry":{"type":"Polygon","coordinates":[[[-132.77614,62.45455],[-132.78281,62.45725],[-132.77713,62.46032],[-132.77047,62.45761],[-132.77562,62.45483],[-132.77614,62.45455]]]}},{"type":"Feature","properties":{"c":"55.0","o":"Deloitte Restructuring Inc. - 100%","e":"2029-03-31"},"geometry":{"type":"Polygon","coordinates":[[[-132.91618,62.18311],[-132.91191,62.1831],[-132.91616,62.18291],[-132.91618,62.18311]]]}},{"type":"Feature","properties":{"c":"68.0","o":"Deloitte Restructuring Inc. - 100%","e":"2029-03-31"},"geometry":{"type":"Polygon","coordinates":[[[-132.81328,62.20523],[-132.81326,62.20126],[-132.82217,62.20124],[-132.82222,62.20522],[-132.81328,62.20523]]]}},{"type":"Feature","properties":{"c":"2.0","o":"Golden Predator Mining Corp - 100%","e":"2032-05-03"},"geometry":{"type":"Polygon","coordinates":[[[-132.86223,62.0339],[-132.85704,62.03719],[-132.85,62.03477],[-132.85518,62.03147],[-132.86223,62.0339]]]}},{"type":"Feature","properties":{"c":"166.0","o":"Silver Range Resources Ltd. - 100%","e":"2031-03-13"},"geometry":{"type":"Polygon","coordinates":[[[-132.59682,62.37077],[-132.60345,62.37348],[-132.59777,62.37654],[-132.59114,62.37383],[-132.59462,62.37195],[-132.59682,62.37077]]]}},{"type":"Feature","properties":{"c":"44.0","o":"Golden Predator Mining Corp - 100%","e":"2032-05-03"},"geometry":{"type":"Polygon","coordinates":[[[-132.72645,62.00447],[-132.73283,62.00727],[-132.72687,62.01027],[-132.72049,62.00747],[-132.72645,62.00447]]]}},{"type":"Feature","properties":{"c":"70.0","o":"Deloitte Restructuring Inc. - 100%","e":"2029-03-31"},"geometry":{"type":"Polygon","coordinates":[[[-132.86622,62.15522],[-132.85736,62.15506],[-132.85772,62.15093],[-132.86652,62.15104],[-132.86622,62.15522]]]}},{"type":"Feature","properties":{"c":"2.0","o":"Golden Predator Mining Corp - 100%","e":"2043-12-27"},"geometry":{"type":"Polygon","coordinates":[[[-132.86146,62.06916],[-132.8667,62.06589],[-132.87378,62.06832],[-132.86855,62.0716],[-132.86146,62.06916]]]}},{"type":"Feature","properties":{"c":"270.0","o":"Silver Range Resources Ltd. - 100%","e":"2042-03-13"},"geometry":{"type":"Polygon","coordinates":[[[-132.83275,62.46156],[-132.83942,62.46426],[-132.83358,62.46734],[-132.82691,62.46464],[-132.83275,62.46156]]]}},{"type":"Feature","properties":{"c":"480.0","o":"Silver Range Resources Ltd. - 100%","e":"2031-03-13"},"geometry":{"type":"Polygon","coordinates":[[[-132.67081,62.41173],[-132.67735,62.4144],[-132.67167,62.41746],[-132.66513,62.41479],[-132.66927,62.41256],[-132.67081,62.41173]]]}},{"type":"Feature","properties":{"c":"37.0","o":"Deloitte Restructuring Inc. - 100%","e":"2029-03-31"},"geometry":{"type":"Polygon","coordinates":[[[-133.00542,62.2113],[-132.99925,62.20833],[-133.00573,62.20557],[-133.01169,62.20858],[-133.00542,62.2113]]]}},{"type":"Feature","properties":{"c":"207.0","o":"Silver Range Resources Ltd. - 100%","e":"2031-03-13"},"geometry":{"type":"Polygon","coordinates":[[[-132.54477,62.35484],[-132.55139,62.35755],[-132.54571,62.3606],[-132.53908,62.35789],[-132.54202,62.35631],[-132.54477,62.35484]]]}},{"type":"Feature","properties":{"c":"658.0","o":"Silver Range Resources Ltd. - 100%","e":"2031-03-13"},"geometry":{"type":"Polygon","coordinates":[[[-132.83485,62.43543],[-132.84152,62.43813],[-132.83585,62.4412],[-132.82918,62.43849],[-132.83485,62.43543]]]}},{"type":"Feature","properties":{"c":"87.0","o":"Deloitte Restructuring Inc. - 100%","e":"2029-03-31"},"geometry":{"type":"Polygon","coordinates":[[[-132.87918,62.16641],[-132.8787,62.16256],[-132.8875,62.16242],[-132.88788,62.16626],[-132.87918,62.16641]]]}},{"type":"Feature","properties":{"c":"22.0","o":"Deloitte Restructuring Inc. - 100%","e":"2029-03-31"},"geometry":{"type":"Polygon","coordinates":[[[-132.79579,62.15806],[-132.80456,62.15822],[-132.80421,62.16231],[-132.7954,62.16212],[-132.79579,62.15806]]]}},{"type":"Feature","properties":{"c":"44.0","o":"Deloitte Restructuring Inc. - 100%","e":"2029-03-31"},"geometry":{"type":"Polygon","coordinates":[[[-132.68205,62.21094],[-132.67326,62.21098],[-132.67321,62.20893],[-132.682,62.20888],[-132.68205,62.21094]]]}},{"type":"Feature","properties":{"c":"109.0","o":"Silver Range Resources Ltd. - 100%","e":"2031-03-13"},"geometry":{"type":"Polygon","coordinates":[[[-132.58073,62.34804],[-132.58735,62.35075],[-132.58167,62.35381],[-132.57505,62.3511],[-132.57848,62.34925],[-132.58073,62.34804]]]}},{"type":"Feature","properties":{"c":"94.0","o":"Golden Predator Mining Corp - 100%","e":"2045-12-27"},"geometry":{"type":"Polygon","coordinates":[[[-132.962,62.08847],[-132.96714,62.08518],[-132.97431,62.08764],[-132.96918,62.09093],[-132.962,62.08847]]]}},{"type":"Feature","properties":{"c":"38.0","o":"Golden Predator Mining Corp - 100%","e":"2036-12-27"},"geometry":{"type":"Polygon","coordinates":[[[-132.91687,62.08819],[-132.90978,62.08576],[-132.91495,62.08245],[-132.92202,62.08487],[-132.91687,62.08819]]]}},{"type":"Feature","properties":{"c":"457.0","o":"Silver Range Resources Ltd. - 100%","e":"2031-03-13"},"geometry":{"type":"Polygon","coordinates":[[[-132.71095,62.43344],[-132.7175,62.43611],[-132.71182,62.43917],[-132.70527,62.4365],[-132.70976,62.43408],[-132.71095,62.43344]]]}},{"type":"Feature","properties":{"c":"26.0","o":"Golden Predator Mining Corp - 100%","e":"2053-12-27"},"geometry":{"type":"Polygon","coordinates":[[[-132.84354,62.05284],[-132.85062,62.05528],[-132.84548,62.05858],[-132.83843,62.05615],[-132.84354,62.05284]]]}},{"type":"Feature","properties":{"c":"2.0","o":"Deloitte Restructuring Inc. - 100%","e":"2029-03-31"},"geometry":{"type":"Polygon","coordinates":[[[-132.92156,62.15985],[-132.91652,62.15628],[-132.92367,62.15418],[-132.92877,62.15786],[-132.92156,62.15985]]]}},{"type":"Feature","properties":{"c":"15.0","o":"Deloitte Restructuring Inc. - 100%","e":"2029-03-31"},"geometry":{"type":"Polygon","coordinates":[[[-132.7598,62.16948],[-132.7597,62.17074],[-132.75344,62.17039],[-132.75365,62.17343],[-132.75073,62.17338],[-132.75109,62.16931],[-132.7598,62.16948]]]}},{"type":"Feature","properties":{"c":"725.0","o":"Silver Range Resources Ltd. - 100%","e":"2032-03-13"},"geometry":{"type":"Polygon","coordinates":[[[-132.53382,62.40463],[-132.54045,62.40734],[-132.53467,62.41044],[-132.52804,62.40773],[-132.53382,62.40463]]]}},{"type":"Feature","properties":{"c":"502.0","o":"Silver Range Resources Ltd. - 100%","e":"2031-03-13"},"geometry":{"type":"Polygon","coordinates":[[[-132.74283,62.44103],[-132.74949,62.44373],[-132.74382,62.4468],[-132.73716,62.44409],[-132.74199,62.44149],[-132.74283,62.44103]]]}},{"type":"Feature","properties":{"c":"19.0","o":"Deloitte Restructuring Inc. - 100%","e":"2029-03-31"},"geometry":{"type":"Polygon","coordinates":[[[-132.93251,62.22092],[-132.92382,62.22092],[-132.92369,62.21683],[-132.93242,62.21682],[-132.93251,62.22092]]]}},{"type":"Feature","properties":{"c":"29.0","o":"Silver Range Resources Ltd. - 100%","e":"2031-03-13"},"geometry":{"type":"Polygon","coordinates":[[[-132.56371,62.31954],[-132.57033,62.32225],[-132.56466,62.32531],[-132.55804,62.32259],[-132.56371,62.31954]]]}},{"type":"Feature","properties":{"c":"7.0","o":"Golden Predator Mining Corp - 100%","e":"2032-05-03"},"geometry":{"type":"Polygon","coordinates":[[[-132.82184,62.02505],[-132.82888,62.02748],[-132.82362,62.0308],[-132.81663,62.02842],[-132.82184,62.02505]]]}},{"type":"Feature","properties":{"c":"2049.0","o":"Silver Range Resources Ltd. - 100%","e":"2038-03-13"},"geometry":{"type":"Polygon","coordinates":[[[-132.81022,62.47968],[-132.81689,62.48238],[-132.81114,62.48542],[-132.80446,62.48272],[-132.80734,62.4812],[-132.81022,62.47968]]]}},{"type":"Feature","properties":{"c":"2015.0","o":"Silver Range Resources Ltd. - 100%","e":"2038-03-13"},"geometry":{"type":"Polygon","coordinates":[[[-132.80939,62.4739],[-132.81606,62.4766],[-132.81309,62.47817],[-132.80642,62.47546],[-132.80939,62.4739]]]}},{"type":"Feature","properties":{"c":"2024.0","o":"Silver Range Resources Ltd. - 100%","e":"2038-03-13"},"geometry":{"type":"Polygon","coordinates":[[[-132.83312,62.48627],[-132.8398,62.48897],[-132.83692,62.49048],[-132.83024,62.48778],[-132.83312,62.48627]]]}},{"type":"Feature","properties":{"c":"13.0","o":"Golden Predator Mining Corp - 100%","e":"2037-12-27"},"geometry":{"type":"Polygon","coordinates":[[[-132.96329,62.10187],[-132.97036,62.10429],[-132.9652,62.10761],[-132.95813,62.10518],[-132.96329,62.10187]]]}},{"type":"Feature","properties":{"c":"47.0","o":"Silver Range Resources Ltd. - 100%","e":"2031-03-13"},"geometry":{"type":"Polygon","coordinates":[[[-132.6233,62.34395],[-132.62992,62.34666],[-132.62425,62.34971],[-132.61763,62.347],[-132.6233,62.34395]]]}},{"type":"Feature","properties":{"c":"106.0","o":"Silver Range Resources Ltd. - 100%","e":"2031-03-13"},"geometry":{"type":"Polygon","coordinates":[[[-132.56181,62.34567],[-132.56843,62.34838],[-132.56275,62.35144],[-132.55613,62.34873],[-132.55934,62.347],[-132.56181,62.34567]]]}},{"type":"Feature","properties":{"c":"466.0","o":"Silver Range Resources Ltd. - 100%","e":"2031-03-13"},"geometry":{"type":"Polygon","coordinates":[[[-132.73148,62.44716],[-132.73814,62.44986],[-132.73245,62.45292],[-132.72579,62.45022],[-132.73054,62.44766],[-132.73148,62.44716]]]}},{"type":"Feature","properties":{"c":"71.0","o":"Silver Range Resources Ltd. - 100%","e":"2031-03-13"},"geometry":{"type":"Polygon","coordinates":[[[-132.5987,62.34464],[-132.60533,62.34735],[-132.59965,62.35041],[-132.59303,62.3477],[-132.5987,62.34464]]]}},{"type":"Feature","properties":{"c":"156.0","o":"Silver Range Resources Ltd. - 100%","e":"2031-03-13"},"geometry":{"type":"Polygon","coordinates":[[[-132.56369,62.35721],[-132.57032,62.35992],[-132.56463,62.36298],[-132.55801,62.36026],[-132.56117,62.35857],[-132.56369,62.35721]]]}},{"type":"Feature","properties":{"c":"841.0","o":"Silver Range Resources Ltd. - 100%","e":"2032-03-13"},"geometry":{"type":"Polygon","coordinates":[[[-132.53065,62.30597],[-132.53726,62.30868],[-132.53159,62.31174],[-132.52498,62.30902],[-132.53065,62.30597]]]}},{"type":"Feature","properties":{"c":"159.0","o":"Silver Range Resources Ltd. - 100%","e":"2031-03-13"},"geometry":{"type":"Polygon","coordinates":[[[-132.58262,62.35958],[-132.58925,62.36229],[-132.58357,62.36535],[-132.57694,62.36263],[-132.58032,62.36082],[-132.58262,62.35958]]]}},{"type":"Feature","properties":{"c":"91.0","o":"Deloitte Restructuring Inc. - 100%","e":"2029-03-31"},"geometry":{"type":"Polygon","coordinates":[[[-132.89666,62.16611],[-132.89629,62.16227],[-132.90508,62.1621],[-132.90543,62.16595],[-132.89666,62.16611]]]}},{"type":"Feature","properties":{"c":"24.0","o":"Deloitte Restructuring Inc. - 100%","e":"2029-03-31"},"geometry":{"type":"Polygon","coordinates":[[[-132.68189,62.20485],[-132.69068,62.20481],[-132.69078,62.20884],[-132.682,62.20888],[-132.68189,62.20485]]]}},{"type":"Feature","properties":{"c":"571.0","o":"Silver Range Resources Ltd. - 100%","e":"2031-03-13"},"geometry":{"type":"Polygon","coordinates":[[[-132.76466,62.42305],[-132.77121,62.42571],[-132.76554,62.42878],[-132.75898,62.42612],[-132.7642,62.4233],[-132.76466,62.42305]]]}},{"type":"Feature","properties":{"c":"393.0","o":"Silver Range Resources Ltd. - 100%","e":"2031-03-13"},"geometry":{"type":"Polygon","coordinates":[[[-132.57021,62.39764],[-132.57684,62.40035],[-132.57107,62.40346],[-132.56443,62.40074],[-132.57021,62.39764]]]}},{"type":"Feature","properties":{"c":"13.0","o":"Deloitte Restructuring Inc. - 100%","e":"2029-03-31"},"geometry":{"type":"Polygon","coordinates":[[[-132.91865,62.16535],[-132.91385,62.16198],[-132.92156,62.15985],[-132.92602,62.16309],[-132.91865,62.16535]]]}},{"type":"Feature","properties":{"c":"86.0","o":"Deloitte Restructuring Inc. - 100%","e":"2029-03-31"},"geometry":{"type":"Polygon","coordinates":[[[-132.89319,62.20109],[-132.90206,62.20107],[-132.90213,62.20497],[-132.89327,62.205],[-132.89319,62.20109]]]}},{"type":"Feature","properties":{"c":"132.0","o":"Silver Range Resources Ltd. - 100%","e":"2031-03-13"},"geometry":{"type":"Polygon","coordinates":[[[-132.64777,62.38083],[-132.6543,62.3835],[-132.64862,62.38656],[-132.64209,62.38389],[-132.64614,62.38171],[-132.64777,62.38083]]]}},{"type":"Feature","properties":{"c":"10.0","o":"Golden Predator Mining Corp - 100%","e":"2042-12-27"},"geometry":{"type":"Polygon","coordinates":[[[-132.86146,62.06916],[-132.85621,62.07244],[-132.84911,62.07],[-132.85437,62.06673],[-132.86146,62.06916]]]}},{"type":"Feature","properties":{"c":"64.0","o":"Golden Predator Mining Corp - 100%","e":"2037-12-27"},"geometry":{"type":"Polygon","coordinates":[[[-132.75977,62.01909],[-132.75562,62.02171],[-132.75079,62.02165],[-132.75117,62.01756],[-132.7599,62.01765],[-132.75977,62.01909]]]}},{"type":"Feature","properties":{"c":"5.0","o":"Golden Predator Mining Corp - 100%","e":"2035-09-13"},"geometry":{"type":"Polygon","coordinates":[[[-132.88339,62.04116],[-132.89044,62.04358],[-132.8853,62.04689],[-132.87824,62.04447],[-132.883,62.04141],[-132.88339,62.04116]]]}},{"type":"Feature","properties":{"c":"7.0","o":"Silver Range Resources Ltd. - 100%","e":"2031-03-13"},"geometry":{"type":"Polygon","coordinates":[[[-132.6261,62.32358],[-132.63273,62.32629],[-132.62706,62.32935],[-132.62044,62.32664],[-132.6261,62.32358]]]}},{"type":"Feature","properties":{"c":"59.0","o":"Deloitte Restructuring Inc. - 100%","e":"2029-03-31"},"geometry":{"type":"Polygon","coordinates":[[[-132.77823,62.20132],[-132.77811,62.19721],[-132.78686,62.1972],[-132.78699,62.20131],[-132.77823,62.20132]]]}},{"type":"Feature","properties":{"c":"102.0","o":"Deloitte Restructuring Inc. - 100%","e":"2029-03-31"},"geometry":{"type":"Polygon","coordinates":[[[-132.82832,62.1701],[-132.82934,62.16603],[-132.8381,62.16646],[-132.83708,62.17055],[-132.82832,62.1701]]]}},{"type":"Feature","properties":{"c":"10.0","o":"Deloitte Restructuring Inc. - 100%","e":"2029-03-31"},"geometry":{"type":"Polygon","coordinates":[[[-132.90852,62.18308],[-132.90828,62.18308],[-132.90777,62.17894],[-132.90944,62.17892],[-132.90852,62.18308]]]}},{"type":"Feature","properties":{"c":"376.0","o":"Silver Range Resources Ltd. - 100%","e":"2031-03-13"},"geometry":{"type":"Polygon","coordinates":[[[-132.50478,62.37631],[-132.5114,62.37903],[-132.50562,62.38213],[-132.499,62.37941],[-132.50478,62.37631]]]}},{"type":"Feature","properties":{"c":"2057.0","o":"Silver Range Resources Ltd. - 100%","e":"2038-03-13"},"geometry":{"type":"Polygon","coordinates":[[[-132.83692,62.49048],[-132.8436,62.49318],[-132.83785,62.49622],[-132.83117,62.49352],[-132.83692,62.49048]]]}},{"type":"Feature","properties":{"c":"177.0","o":"Silver Range Resources Ltd. - 100%","e":"2031-03-13"},"geometry":{"type":"Polygon","coordinates":[[[-132.64209,62.38389],[-132.64862,62.38656],[-132.64295,62.38962],[-132.63641,62.38695],[-132.64037,62.38482],[-132.64209,62.38389]]]}},{"type":"Feature","properties":{"c":"11.0","o":"Deloitte Restructuring Inc. - 100%","e":"2029-03-31"},"geometry":{"type":"Polygon","coordinates":[[[-132.98459,62.20297],[-132.98333,62.20239],[-132.98329,62.20108],[-132.98896,62.20107],[-132.98459,62.20297]]]}},{"type":"Feature","properties":{"c":"120.0","o":"Lapie Mining Inc. - 100%","e":"2029-01-20"},"geometry":{"type":"Polygon","coordinates":[[[-132.97839,62.48259],[-132.98412,62.47954],[-132.99071,62.48219],[-132.98497,62.48524],[-132.9801,62.48328],[-132.97839,62.48259]]]}},{"type":"Feature","properties":{"c":"795.0","o":"Silver Range Resources Ltd. - 100%","e":"2040-03-13"},"geometry":{"type":"Polygon","coordinates":[[[-132.81691,62.401],[-132.82356,62.4037],[-132.81762,62.40692],[-132.8109,62.40425],[-132.81691,62.401]]]}},{"type":"Feature","properties":{"c":"314.0","o":"Silver Range Resources Ltd. - 100%","e":"2031-03-13"},"geometry":{"type":"Polygon","coordinates":[[[-132.49648,62.36196],[-132.5031,62.36467],[-132.49732,62.36778],[-132.4907,62.36506],[-132.49336,62.36363],[-132.49648,62.36196]]]}},{"type":"Feature","properties":{"c":"131.0","o":"Deloitte Restructuring Inc. - 100%","e":"2029-03-31"},"geometry":{"type":"Polygon","coordinates":[[[-132.8437,62.17939],[-132.85245,62.17985],[-132.85135,62.18408],[-132.8426,62.18359],[-132.8437,62.17939]]]}},{"type":"Feature","properties":{"c":"632.0","o":"Silver Range Resources Ltd. - 100%","e":"2031-03-13"},"geometry":{"type":"Polygon","coordinates":[[[-132.89692,62.47125],[-132.90357,62.47393],[-132.89783,62.47697],[-132.89125,62.47432],[-132.89203,62.47389],[-132.89692,62.47125]]]}},{"type":"Feature","properties":{"c":"741.0","o":"Silver Range Resources Ltd. - 100%","e":"2040-03-13"},"geometry":{"type":"Polygon","coordinates":[[[-132.77231,62.39425],[-132.7734,62.39423],[-132.7792,62.39659],[-132.77344,62.3997],[-132.76697,62.39707],[-132.77231,62.39425]]]}},{"type":"Feature","properties":{"c":"697.0","o":"Silver Range Resources Ltd. - 100%","e":"2032-03-13"},"geometry":{"type":"Polygon","coordinates":[[[-132.53876,62.3957],[-132.54539,62.39842],[-132.53961,62.40152],[-132.53297,62.39881],[-132.53876,62.3957]]]}},{"type":"Feature","properties":{"c":"66.0","o":"Silver Range Resources Ltd. - 100%","e":"2031-03-13"},"geometry":{"type":"Polygon","coordinates":[[[-132.57316,62.33956],[-132.57978,62.34227],[-132.5741,62.34533],[-132.56748,62.34261],[-132.57316,62.33956]]]}},{"type":"Feature","properties":{"c":"316.0","o":"Silver Range Resources Ltd. - 100%","e":"2031-03-13"},"geometry":{"type":"Polygon","coordinates":[[[-132.5031,62.36467],[-132.50972,62.36739],[-132.50394,62.37049],[-132.49732,62.36778],[-132.50004,62.36632],[-132.5031,62.36467]]]}},{"type":"Feature","properties":{"c":"90.0","o":"Deloitte Restructuring Inc. - 100%","e":"2029-03-31"},"geometry":{"type":"Polygon","coordinates":[[[-132.88825,62.16992],[-132.88788,62.16626],[-132.89666,62.16611],[-132.89699,62.16964],[-132.88825,62.16992]]]}},{"type":"Feature","properties":{"c":"22.0","o":"Silver Range Resources Ltd. - 100%","e":"2044-03-13"},"geometry":{"type":"Polygon","coordinates":[[[-132.96863,62.48936],[-132.97532,62.49205],[-132.96958,62.4951],[-132.96289,62.4924],[-132.96863,62.48936]]]}},{"type":"Feature","properties":{"c":"24.0","o":"Silver Range Resources Ltd. - 100%","e":"2044-03-13"},"geometry":{"type":"Polygon","coordinates":[[[-132.99348,62.48866],[-133.00018,62.49135],[-132.99444,62.4944],[-132.98775,62.4917],[-132.99348,62.48866]]]}},{"type":"Feature","properties":{"c":"19.0","o":"Silver Range Resources Ltd. - 100%","e":"2044-03-13"},"geometry":{"type":"Polygon","coordinates":[[[-132.96958,62.4951],[-132.97627,62.49779],[-132.97054,62.50083],[-132.96384,62.49814],[-132.96958,62.4951]]]}},{"type":"Feature","properties":{"c":"280.0","o":"Silver Range Resources Ltd. - 100%","e":"2042-03-13"},"geometry":{"type":"Polygon","coordinates":[[[-132.93794,62.49315],[-132.94463,62.49584],[-132.9388,62.49893],[-132.93211,62.49624],[-132.93794,62.49315]]]}},{"type":"Feature","properties":{"c":"257.0","o":"Silver Range Resources Ltd. - 100%","e":"2031-03-13"},"geometry":{"type":"Polygon","coordinates":[[[-132.51354,62.3528],[-132.52016,62.35551],[-132.51447,62.35857],[-132.50786,62.35585],[-132.51042,62.35448],[-132.51354,62.3528]]]}},{"type":"Feature","properties":{"c":"547.0","o":"Silver Range Resources Ltd. - 100%","e":"2031-03-13"},"geometry":{"type":"Polygon","coordinates":[[[-132.79317,62.44536],[-132.79983,62.44806],[-132.79416,62.45112],[-132.7875,62.44842],[-132.79292,62.44549],[-132.79317,62.44536]]]}},{"type":"Feature","properties":{"c":"116.0","o":"Deloitte Restructuring Inc. - 100%","e":"2029-03-31"},"geometry":{"type":"Polygon","coordinates":[[[-132.8654,62.19706],[-132.85667,62.19707],[-132.85668,62.19274],[-132.86543,62.19272],[-132.8654,62.19706]]]}},{"type":"Feature","properties":{"c":"46.0","o":"Deloitte Restructuring Inc. - 100%","e":"2029-03-31"},"geometry":{"type":"Polygon","coordinates":[[[-132.72575,62.18584],[-132.73485,62.18573],[-132.73511,62.18983],[-132.72591,62.18994],[-132.72575,62.18584]]]}},{"type":"Feature","properties":{"c":"3.0","o":"Deloitte Restructuring Inc. - 100%","e":"2029-03-31"},"geometry":{"type":"Polygon","coordinates":[[[-133.00096,62.18577],[-133.00641,62.18851],[-133.00023,62.19123],[-132.99472,62.18848],[-133.00096,62.18577]]]}},{"type":"Feature","properties":{"c":"94.0","o":"Silver Range Resources Ltd. - 100%","e":"2031-03-13"},"geometry":{"type":"Polygon","coordinates":[[[-132.66565,62.37738],[-132.67218,62.38004],[-132.66651,62.3831],[-132.65998,62.38044],[-132.66565,62.37738]]]}},{"type":"Feature","properties":{"c":"40.0","o":"Deloitte Restructuring Inc. - 100%","e":"2029-03-31"},"geometry":{"type":"Polygon","coordinates":[[[-132.85794,62.20919],[-132.8491,62.20922],[-132.84898,62.20518],[-132.85784,62.20512],[-132.85794,62.20919]]]}},{"type":"Feature","properties":{"c":"14.0","o":"Golden Predator Mining Corp - 100%","e":"2032-05-03"},"geometry":{"type":"Polygon","coordinates":[[[-132.798,62.01427],[-132.80308,62.01093],[-132.81018,62.01332],[-132.80749,62.01508],[-132.80584,62.01452],[-132.80338,62.01608],[-132.798,62.01427]]]}},{"type":"Feature","properties":{"c":"101.0","o":"Deloitte Restructuring Inc. - 100%","e":"2029-03-31"},"geometry":{"type":"Polygon","coordinates":[[[-132.8391,62.1624],[-132.84785,62.16286],[-132.84685,62.1669],[-132.8381,62.16646],[-132.8391,62.1624]]]}},{"type":"Feature","properties":{"c":"700.0","o":"Silver Range Resources Ltd. - 100%","e":"2032-03-13"},"geometry":{"type":"Polygon","coordinates":[[[-132.53961,62.40152],[-132.54624,62.40424],[-132.54045,62.40734],[-132.53382,62.40463],[-132.53961,62.40152]]]}},{"type":"Feature","properties":{"c":"765.0","o":"Silver Range Resources Ltd. - 100%","e":"2040-03-13"},"geometry":{"type":"Polygon","coordinates":[[[-132.8521,62.42616],[-132.85885,62.42889],[-132.85302,62.43198],[-132.84631,62.42926],[-132.8521,62.42616]]]}},{"type":"Feature","properties":{"c":"40.0","o":"Golden Predator Mining Corp - 100%","e":"2032-05-03"},"geometry":{"type":"Polygon","coordinates":[[[-132.7443,61.99547],[-132.75069,61.99827],[-132.74474,62.00127],[-132.73835,61.99847],[-132.7443,61.99547]]]}},{"type":"Feature","properties":{"c":"1.0","o":"Deloitte Restructuring Inc. - 100%","e":"2029-03-31"},"geometry":{"type":"Polygon","coordinates":[[[-132.99472,62.18848],[-133.00023,62.19123],[-132.99419,62.19389],[-132.98861,62.19113],[-132.99241,62.18948],[-132.99472,62.18848]]]}},{"type":"Feature","properties":{"c":"603.0","o":"Silver Range Resources Ltd. - 100%","e":"2031-03-13"},"geometry":{"type":"Polygon","coordinates":[[[-132.80919,62.43039],[-132.81585,62.43309],[-132.81018,62.43616],[-132.80352,62.43346],[-132.80919,62.43039]]]}},{"type":"Feature","properties":{"c":"8.0","o":"Deloitte Restructuring Inc. - 100%","e":"2029-03-31"},"geometry":{"type":"Polygon","coordinates":[[[-132.96632,62.19708],[-132.9662,62.19287],[-132.97502,62.19282],[-132.97518,62.19704],[-132.96632,62.19708]]]}},{"type":"Feature","properties":{"c":"49.0","o":"Golden Predator Mining Corp - 100%","e":"2031-05-03"},"geometry":{"type":"Polygon","coordinates":[[[-132.71496,62.01626],[-132.72134,62.01906],[-132.71539,62.02206],[-132.709,62.01926],[-132.71496,62.01626]]]}},{"type":"Feature","properties":{"c":"541.0","o":"Silver Range Resources Ltd. - 100%","e":"2031-03-13"},"geometry":{"type":"Polygon","coordinates":[[[-132.77318,62.43725],[-132.77984,62.43995],[-132.77417,62.44301],[-132.76751,62.44031],[-132.77274,62.43749],[-132.77318,62.43725]]]}},{"type":"Feature","properties":{"c":"105.0","o":"Deloitte Restructuring Inc. - 100%","e":"2029-03-31"},"geometry":{"type":"Polygon","coordinates":[[[-132.88486,62.1391],[-132.88519,62.13501],[-132.8938,62.13518],[-132.8935,62.13927],[-132.88486,62.1391]]]}},{"type":"Feature","properties":{"c":"565.0","o":"Silver Range Resources Ltd. - 100%","e":"2031-03-13"},"geometry":{"type":"Polygon","coordinates":[[[-132.74501,62.41507],[-132.75155,62.41773],[-132.74588,62.42079],[-132.73933,62.41813],[-132.74436,62.41542],[-132.74501,62.41507]]]}},{"type":"Feature","properties":{"c":"221.0","o":"Silver Range Resources Ltd. - 100%","e":"2042-03-13"},"geometry":{"type":"Polygon","coordinates":[[[-132.84861,62.48431],[-132.85528,62.48701],[-132.84944,62.4901],[-132.84276,62.4874],[-132.84861,62.48431]]]}},{"type":"Feature","properties":{"c":"18.0","o":"Deloitte Restructuring Inc. - 100%","e":"2029-03-31"},"geometry":{"type":"Polygon","coordinates":[[[-132.97502,62.19282],[-132.97499,62.1889],[-132.98381,62.18888],[-132.98384,62.19276],[-132.98302,62.19277],[-132.97502,62.19282]]]}},{"type":"Feature","properties":{"c":"62.0","o":"Silver Range Resources Ltd. - 100%","e":"2031-03-13"},"geometry":{"type":"Polygon","coordinates":[[[-132.55992,62.33413],[-132.56654,62.33685],[-132.56086,62.3399],[-132.55425,62.33719],[-132.55992,62.33413]]]}},{"type":"Feature","properties":{"c":"100.0","o":"Deloitte Restructuring Inc. - 100%","e":"2029-03-31"},"geometry":{"type":"Polygon","coordinates":[[[-132.87658,62.13484],[-132.86797,62.13467],[-132.86831,62.13051],[-132.87689,62.13068],[-132.87658,62.13484]]]}},{"type":"Feature","properties":{"c":"238.0","o":"Silver Range Resources Ltd. - 100%","e":"2042-03-13"},"geometry":{"type":"Polygon","coordinates":[[[-132.80106,62.45963],[-132.80773,62.46233],[-132.80189,62.46541],[-132.79522,62.46271],[-132.80106,62.45963]]]}},{"type":"Feature","properties":{"c":"27.0","o":"Golden Predator Mining Corp - 100%","e":"2055-12-27"},"geometry":{"type":"Polygon","coordinates":[[[-132.85576,62.05197],[-132.86285,62.05441],[-132.8577,62.05771],[-132.85062,62.05528],[-132.85503,62.05245],[-132.85576,62.05197]]]}},{"type":"Feature","properties":{"c":"2124.0","o":"Silver Range Resources Ltd. - 100%","e":"2038-03-13"},"geometry":{"type":"Polygon","coordinates":[[[-132.81966,62.49959],[-132.82634,62.50229],[-132.82058,62.50533],[-132.8139,62.50263],[-132.81966,62.49959]]]}},{"type":"Feature","properties":{"c":"92.0","o":"Deloitte Restructuring Inc. - 100%","e":"2029-03-31"},"geometry":{"type":"Polygon","coordinates":[[[-132.89699,62.16964],[-132.89666,62.16611],[-132.90543,62.16595],[-132.90576,62.1696],[-132.89699,62.16964]]]}},{"type":"Feature","properties":{"c":"73.0","o":"Deloitte Restructuring Inc. - 100%","e":"2029-03-31"},"geometry":{"type":"Polygon","coordinates":[[[-132.83988,62.19711],[-132.84876,62.19709],[-132.84887,62.20119],[-132.84,62.20121],[-132.83988,62.19711]]]}},{"type":"Feature","properties":{"c":"2123.0","o":"Silver Range Resources Ltd. - 100%","e":"2038-03-13"},"geometry":{"type":"Polygon","coordinates":[[[-132.81874,62.49386],[-132.82542,62.49656],[-132.81966,62.49959],[-132.81298,62.49689],[-132.81874,62.49386]]]}},{"type":"Feature","properties":{"c":"739.0","o":"Silver Range Resources Ltd. - 100%","e":"2032-03-13"},"geometry":{"type":"Polygon","coordinates":[[[-132.57996,62.42349],[-132.58649,62.42616],[-132.58071,62.42927],[-132.57417,62.4266],[-132.57996,62.42349]]]}},{"type":"Feature","properties":{"c":"643.0","o":"Silver Range Resources Ltd. - 100%","e":"2031-03-13"},"geometry":{"type":"Polygon","coordinates":[[[-132.79389,62.41346],[-132.80055,62.41616],[-132.79488,62.41922],[-132.78822,62.41652],[-132.79389,62.41346]]]}},{"type":"Feature","properties":{"c":"690.0","o":"Silver Range Resources Ltd. - 100%","e":"2032-03-13"},"geometry":{"type":"Polygon","coordinates":[[[-132.50646,62.38795],[-132.51309,62.39066],[-132.50731,62.39376],[-132.50068,62.39105],[-132.50646,62.38795]]]}},{"type":"Feature","properties":{"c":"79.0","o":"Golden Predator Mining Corp - 100%","e":"2032-05-03"},"geometry":{"type":"Polygon","coordinates":[[[-132.69497,61.99627],[-132.70135,61.99907],[-132.69539,62.00207],[-132.68901,61.99927],[-132.69497,61.99627]]]}},{"type":"Feature","properties":{"c":"520.0","o":"Silver Range Resources Ltd. - 100%","e":"2031-03-13"},"geometry":{"type":"Polygon","coordinates":[[[-132.69525,62.41094],[-132.7018,62.4136],[-132.69612,62.41666],[-132.68957,62.414],[-132.69402,62.41161],[-132.69525,62.41094]]]}},{"type":"Feature","properties":{"c":"4.0","o":"Silver Range Resources Ltd. - 100%","e":"2031-03-13"},"geometry":{"type":"Polygon","coordinates":[[[-132.60719,62.32122],[-132.61381,62.32393],[-132.60815,62.32699],[-132.60153,62.32428],[-132.60719,62.32122]]]}},{"type":"Feature","properties":{"c":"85.0","o":"Golden Predator Mining Corp - 100%","e":"2051-12-27"},"geometry":{"type":"Polygon","coordinates":[[[-132.93859,62.07539],[-132.9437,62.07209],[-132.95075,62.07451],[-132.94564,62.07781],[-132.93859,62.07539]]]}},{"type":"Feature","properties":{"c":"5.0","o":"Golden Predator Mining Corp - 100%","e":"2029-09-06"},"geometry":{"type":"Polygon","coordinates":[[[-132.87555,62.03339],[-132.8826,62.03581],[-132.87744,62.03912],[-132.87039,62.0367],[-132.87422,62.03424],[-132.87555,62.03339]]]}},{"type":"Feature","properties":{"c":"300.0","o":"Silver Range Resources Ltd. - 100%","e":"2042-03-13"},"geometry":{"type":"Polygon","coordinates":[[[-132.87112,62.46618],[-132.8778,62.46888],[-132.87196,62.47197],[-132.86528,62.46927],[-132.87112,62.46618]]]}},{"type":"Feature","properties":{"c":"33.0","o":"Deloitte Restructuring Inc. - 100%","e":"2029-03-31"},"geometry":{"type":"Polygon","coordinates":[[[-132.8049,62.15411],[-132.80525,62.15],[-132.814,62.15016],[-132.81365,62.15427],[-132.8049,62.15411]]]}},{"type":"Feature","properties":{"c":"114.0","o":"Silver Range Resources Ltd. - 100%","e":"2031-03-13"},"geometry":{"type":"Polygon","coordinates":[[[-132.5883,62.35652],[-132.59492,62.35923],[-132.58925,62.36229],[-132.58262,62.35958],[-132.58609,62.35771],[-132.5883,62.35652]]]}},{"type":"Feature","properties":{"c":"20.0","o":"Deloitte Restructuring Inc. - 100%","e":"2029-03-31"},"geometry":{"type":"Polygon","coordinates":[[[-132.93143,62.20121],[-132.93137,62.19725],[-132.94052,62.1972],[-132.94064,62.20119],[-132.93143,62.20121]]]}},{"type":"Feature","properties":{"c":"3.0","o":"Golden Predator Mining Corp - 100%","e":"2041-12-27"},"geometry":{"type":"Polygon","coordinates":[[[-132.96833,62.09855],[-132.97345,62.09525],[-132.98063,62.09771],[-132.9755,62.101],[-132.96833,62.09855]]]}},{"type":"Feature","properties":{"c":"443.0","o":"Silver Range Resources Ltd. - 100%","e":"2031-03-13"},"geometry":{"type":"Polygon","coordinates":[[[-132.66513,62.41479],[-132.67167,62.41746],[-132.66599,62.42052],[-132.65945,62.41785],[-132.66349,62.41567],[-132.66513,62.41479]]]}},{"type":"Feature","properties":{"c":"738.0","o":"Silver Range Resources Ltd. - 100%","e":"2032-03-13"},"geometry":{"type":"Polygon","coordinates":[[[-132.56764,62.42393],[-132.57417,62.4266],[-132.56839,62.4297],[-132.56186,62.42703],[-132.56764,62.42393]]]}},{"type":"Feature","properties":{"c":"23.0","o":"Deloitte Restructuring Inc. - 100%","e":"2029-03-31"},"geometry":{"type":"Polygon","coordinates":[[[-132.76093,62.20945],[-132.76082,62.20543],[-132.76959,62.2054],[-132.76972,62.20943],[-132.76093,62.20945]]]}},{"type":"Feature","properties":{"c":"49.0","o":"Deloitte Restructuring Inc. - 100%","e":"2029-03-31"},"geometry":{"type":"Polygon","coordinates":[[[-132.7088,62.19015],[-132.70024,62.19025],[-132.70004,62.18612],[-132.70861,62.18603],[-132.7088,62.19015]]]}},{"type":"Feature","properties":{"c":"81.0","o":"Deloitte Restructuring Inc. - 100%","e":"2029-03-31"},"geometry":{"type":"Polygon","coordinates":[[[-132.86201,62.17051],[-132.85325,62.17065],[-132.85279,62.16687],[-132.86156,62.16672],[-132.86201,62.17051]]]}},{"type":"Feature","properties":{"c":"813.0","o":"Silver Range Resources Ltd. - 100%","e":"2032-03-13"},"geometry":{"type":"Polygon","coordinates":[[[-132.56656,62.29918],[-132.57317,62.30189],[-132.5675,62.30494],[-132.56089,62.30223],[-132.56656,62.29918]]]}},{"type":"Feature","properties":{"c":"12.0","o":"Golden Predator Mining Corp - 100%","e":"2029-09-06"},"geometry":{"type":"Polygon","coordinates":[[[-132.85956,62.02281],[-132.86661,62.02524],[-132.86145,62.02855],[-132.8544,62.02612],[-132.85956,62.02281]]]}},{"type":"Feature","properties":{"c":"17.0","o":"Golden Predator Mining Corp - 100%","e":"2053-12-27"},"geometry":{"type":"Polygon","coordinates":[[[-132.83139,62.05372],[-132.83646,62.05041],[-132.84354,62.05284],[-132.83843,62.05615],[-132.83139,62.05372]]]}},{"type":"Feature","properties":{"c":"707.0","o":"Silver Range Resources Ltd. - 100%","e":"2032-03-13"},"geometry":{"type":"Polygon","coordinates":[[[-132.57192,62.40927],[-132.57845,62.41194],[-132.57267,62.41505],[-132.56614,62.41238],[-132.57192,62.40927]]]}},{"type":"Feature","properties":{"c":"2030.0","o":"Silver Range Resources Ltd. - 100%","e":"2038-03-13"},"geometry":{"type":"Polygon","coordinates":[[[-132.85316,62.49436],[-132.85984,62.49706],[-132.85696,62.49858],[-132.85028,62.49588],[-132.85316,62.49436]]]}},{"type":"Feature","properties":{"c":"271.0","o":"Silver Range Resources Ltd. - 100%","e":"2031-03-13"},"geometry":{"type":"Polygon","coordinates":[[[-132.5599,62.3718],[-132.56652,62.37451],[-132.56084,62.37757],[-132.55421,62.37486],[-132.55723,62.37323],[-132.5599,62.3718]]]}},{"type":"Feature","properties":{"c":"116.0","o":"Deloitte Restructuring Inc. - 100%","e":"2029-03-31"},"geometry":{"type":"Polygon","coordinates":[[[-132.80868,62.17752],[-132.79968,62.17704],[-132.80066,62.17281],[-132.80958,62.17327],[-132.80868,62.17752]]]}},{"type":"Feature","properties":{"c":"28.0","o":"Silver Range Resources Ltd. - 100%","e":"2044-03-13"},"geometry":{"type":"Polygon","coordinates":[[[-132.9801,62.48328],[-132.98679,62.48597],[-132.98106,62.48901],[-132.97437,62.48632],[-132.9801,62.48328]]]}},{"type":"Feature","properties":{"c":"126.0","o":"Silver Range Resources Ltd. - 100%","e":"2031-03-13"},"geometry":{"type":"Polygon","coordinates":[[[-132.62807,62.37279],[-132.63471,62.3755],[-132.62903,62.37856],[-132.6224,62.37585],[-132.62625,62.37377],[-132.62807,62.37279]]]}},{"type":"Feature","properties":{"c":"2014.0","o":"Silver Range Resources Ltd. - 100%","e":"2038-03-13"},"geometry":{"type":"Polygon","coordinates":[[[-132.79975,62.47276],[-132.80642,62.47546],[-132.80067,62.4785],[-132.794,62.4758],[-132.79687,62.47428],[-132.79975,62.47276]]]}},{"type":"Feature","properties":{"c":"5.0","o":"Golden Predator Mining Corp - 100%","e":"2047-12-27"},"geometry":{"type":"Polygon","coordinates":[[[-132.88794,62.07319],[-132.89502,62.07562],[-132.88987,62.07895],[-132.88273,62.07647],[-132.88794,62.07319]]]}},{"type":"Feature","properties":{"c":"79.0","o":"Deloitte Restructuring Inc. - 100%","e":"2029-03-31"},"geometry":{"type":"Polygon","coordinates":[[[-132.85325,62.17065],[-132.86201,62.17051],[-132.86235,62.17466],[-132.85365,62.1748],[-132.85325,62.17065]]]}},{"type":"Feature","properties":{"c":"58.0","o":"Golden Predator Mining Corp - 100%","e":"2037-12-27"},"geometry":{"type":"Polygon","coordinates":[[[-132.73485,62.00507],[-132.74358,62.00517],[-132.7432,62.00927],[-132.73447,62.00917],[-132.73485,62.00507]]]}},{"type":"Feature","properties":{"c":"273.0","o":"Silver Range Resources Ltd. - 100%","e":"2042-03-13"},"geometry":{"type":"Polygon","coordinates":[[[-132.81357,62.45924],[-132.82024,62.46194],[-132.8144,62.46503],[-132.80773,62.46233],[-132.81357,62.45924]]]}},{"type":"Feature","properties":{"c":"41.0","o":"Deloitte Restructuring Inc. - 100%","e":"2029-03-31"},"geometry":{"type":"Polygon","coordinates":[[[-132.83113,62.15459],[-132.83988,62.15475],[-132.83953,62.15888],[-132.83078,62.15871],[-132.83113,62.15459]]]}},{"type":"Feature","properties":{"c":"229.0","o":"Silver Range Resources Ltd. - 100%","e":"2031-03-13"},"geometry":{"type":"Polygon","coordinates":[[[-132.61767,62.38467],[-132.6242,62.38734],[-132.61852,62.3904],[-132.61199,62.38773],[-132.61564,62.38577],[-132.61767,62.38467]]]}},{"type":"Feature","properties":{"c":"74.0","o":"Silver Range Resources Ltd. - 100%","e":"2031-03-13"},"geometry":{"type":"Polygon","coordinates":[[[-132.59965,62.35041],[-132.60628,62.35312],[-132.6006,62.35618],[-132.59398,62.35346],[-132.59965,62.35041]]]}},{"type":"Feature","properties":{"c":"16.0","o":"Deloitte Restructuring Inc. - 100%","e":"2029-03-31"},"geometry":{"type":"Polygon","coordinates":[[[-132.81428,62.21721],[-132.81434,62.22131],[-132.80579,62.22134],[-132.80573,62.21724],[-132.81428,62.21721]]]}},{"type":"Feature","properties":{"c":"128.0","o":"Lapie Mining Inc. - 100%","e":"2029-01-20"},"geometry":{"type":"Polygon","coordinates":[[[-132.9578,62.46894],[-132.96438,62.47159],[-132.95864,62.47463],[-132.95206,62.47198],[-132.9578,62.46894]]]}},{"type":"Feature","properties":{"c":"63.0","o":"Deloitte Restructuring Inc. - 100%","e":"2029-03-31"},"geometry":{"type":"Polygon","coordinates":[[[-132.83183,62.14635],[-132.84058,62.1465],[-132.84023,62.15062],[-132.83148,62.15047],[-132.83183,62.14635]]]}},{"type":"Feature","properties":{"c":"880.0","o":"Silver Range Resources Ltd. - 100%","e":"2032-03-13"},"geometry":{"type":"Polygon","coordinates":[[[-132.51736,62.33821],[-132.52397,62.34092],[-132.51829,62.34398],[-132.51168,62.34126],[-132.51736,62.33821]]]}},{"type":"Feature","properties":{"c":"250.0","o":"Silver Range Resources Ltd. - 100%","e":"2042-03-13"},"geometry":{"type":"Polygon","coordinates":[[[-132.89953,62.48854],[-132.90621,62.49124],[-132.90037,62.49433],[-132.89369,62.49163],[-132.89953,62.48854]]]}},{"type":"Feature","properties":{"c":"355.0","o":"Silver Range Resources Ltd. - 100%","e":"2031-03-13"},"geometry":{"type":"Polygon","coordinates":[[[-132.64069,62.41558],[-132.64723,62.41824],[-132.64154,62.4213],[-132.635,62.41863],[-132.63883,62.41658],[-132.64069,62.41558]]]}},{"type":"Feature","properties":{"c":NaN,"o":"James Woods - 100%","e":"2032-12-27"},"geometry":{"type":"Polygon","coordinates":[[[-132.82888,62.02748],[-132.83587,62.02988],[-132.83069,62.03317],[-132.82362,62.0308],[-132.82888,62.02748]]]}},{"type":"Feature","properties":{"c":"719.0","o":"Silver Range Resources Ltd. - 100%","e":"2032-03-13"},"geometry":{"type":"Polygon","coordinates":[[[-132.51393,62.39648],[-132.52056,62.3992],[-132.51478,62.4023],[-132.50815,62.39958],[-132.51393,62.39648]]]}},{"type":"Feature","properties":{"c":"98.0","o":"Silver Range Resources Ltd. - 100%","e":"2031-03-13"},"geometry":{"type":"Polygon","coordinates":[[[-132.53533,62.33481],[-132.54195,62.33753],[-132.53627,62.34058],[-132.52965,62.33787],[-132.5326,62.33628],[-132.53533,62.33481]]]}},{"type":"Feature","properties":{"c":"7.0","o":"Golden Predator Mining Corp - 100%","e":"2041-12-27"},"geometry":{"type":"Polygon","coordinates":[[[-133.00013,62.09934],[-132.99498,62.10262],[-132.9878,62.10017],[-132.99294,62.09688],[-133.00013,62.09934]]]}},{"type":"Feature","properties":{"c":"110.0","o":"Deloitte Restructuring Inc. - 100%","e":"2029-03-31"},"geometry":{"type":"Polygon","coordinates":[[[-132.80447,62.19381],[-132.81299,62.1943],[-132.81303,62.19716],[-132.80457,62.19717],[-132.80447,62.19381]]]}},{"type":"Feature","properties":{"c":"14.0","o":"Golden Predator Mining Corp - 100%","e":"2030-12-27"},"geometry":{"type":"Polygon","coordinates":[[[-132.7324,62.00147],[-132.72602,61.99867],[-132.73197,61.99567],[-132.73835,61.99847],[-132.7324,62.00147]]]}},{"type":"Feature","properties":{"c":"16.0","o":"Deloitte Restructuring Inc. - 100%","e":"2029-03-31"},"geometry":{"type":"Polygon","coordinates":[[[-132.87077,62.17562],[-132.87303,62.17868],[-132.86735,62.17816],[-132.87077,62.17562]]]}},{"type":"Feature","properties":{"c":"19.0","o":"Deloitte Restructuring Inc. - 100%","e":"2029-03-31"},"geometry":{"type":"Polygon","coordinates":[[[-132.95703,62.17782],[-132.96403,62.17563],[-132.96636,62.17727],[-132.96636,62.18023],[-132.96229,62.18147],[-132.95703,62.17782]]]}},{"type":"Feature","properties":{"c":"55.0","o":"Silver Range Resources Ltd. - 100%","e":"2031-03-13"},"geometry":{"type":"Polygon","coordinates":[[[-132.64981,62.35479],[-132.65644,62.35749],[-132.65077,62.36055],[-132.64414,62.35784],[-132.64981,62.35479]]]}},{"type":"Feature","properties":{"c":"78.0","o":"Deloitte Restructuring Inc. - 100%","e":"2029-03-31"},"geometry":{"type":"Polygon","coordinates":[[[-132.85784,62.20512],[-132.85774,62.20117],[-132.8666,62.20115],[-132.8667,62.20509],[-132.85784,62.20512]]]}},{"type":"Feature","properties":{"c":"378.0","o":"Silver Range Resources Ltd. - 100%","e":"2031-03-13"},"geometry":{"type":"Polygon","coordinates":[[[-132.5114,62.37903],[-132.51803,62.38174],[-132.51225,62.38484],[-132.50562,62.38213],[-132.5114,62.37903]]]}},{"type":"Feature","properties":{"c":"173.0","o":"Silver Range Resources Ltd. - 100%","e":"2031-03-13"},"geometry":{"type":"Polygon","coordinates":[[[-132.62903,62.37856],[-132.63556,62.38122],[-132.62988,62.38428],[-132.62335,62.38161],[-132.62718,62.37955],[-132.62903,62.37856]]]}},{"type":"Feature","properties":{"c":"121.0","o":"Silver Range Resources Ltd. - 100%","e":"2031-03-13"},"geometry":{"type":"Polygon","coordinates":[[[-132.62049,62.36431],[-132.62712,62.36702],[-132.62144,62.37008],[-132.61481,62.36737],[-132.61863,62.36531],[-132.62049,62.36431]]]}},{"type":"Feature","properties":{"c":"868.0","o":"Silver Range Resources Ltd. - 100%","e":"2032-03-13"},"geometry":{"type":"Polygon","coordinates":[[[-132.5221,62.32938],[-132.52872,62.3321],[-132.52304,62.33515],[-132.51642,62.33244],[-132.5221,62.32938]]]}},{"type":"Feature","properties":{"c":"74.0","o":"Golden Predator Mining Corp - 100%","e":"2032-05-03"},"geometry":{"type":"Polygon","coordinates":[[[-132.72006,62.00167],[-132.71411,62.00467],[-132.70773,62.00187],[-132.71368,61.99887],[-132.72006,62.00167]]]}},{"type":"Feature","properties":{"c":"63.0","o":"Golden Predator Mining Corp - 100%","e":"2031-05-03"},"geometry":{"type":"Polygon","coordinates":[[[-132.6703,61.99667],[-132.67668,61.99947],[-132.67072,62.00247],[-132.66434,61.99966],[-132.6703,61.99667]]]}},{"type":"Feature","properties":{"c":"278.0","o":"Silver Range Resources Ltd. - 100%","e":"2031-03-13"},"geometry":{"type":"Polygon","coordinates":[[[-132.5741,62.383],[-132.58073,62.38571],[-132.57504,62.38876],[-132.56841,62.38605],[-132.57162,62.38433],[-132.5741,62.383]]]}},{"type":"Feature","properties":{"c":"79.0","o":"Deloitte Restructuring Inc. - 100%","e":"2029-03-31"},"geometry":{"type":"Polygon","coordinates":[[[-132.87538,62.1972],[-132.87547,62.20113],[-132.8666,62.20115],[-132.8665,62.19705],[-132.87538,62.1972]]]}},{"type":"Feature","properties":{"c":"203.0","o":"Silver Range Resources Ltd. - 100%","e":"2031-03-13"},"geometry":{"type":"Polygon","coordinates":[[[-132.53153,62.34941],[-132.53815,62.35212],[-132.53246,62.35518],[-132.52584,62.35246],[-132.52865,62.35095],[-132.53153,62.34941]]]}},{"type":"Feature","properties":{"c":"13.0","o":"Deloitte Restructuring Inc. - 100%","e":"2029-03-31"},"geometry":{"type":"Polygon","coordinates":[[[-132.69089,62.21287],[-132.69099,62.2169],[-132.6822,62.21695],[-132.6821,62.21292],[-132.69089,62.21287]]]}},{"type":"Feature","properties":{"c":"135.0","o":"Silver Range Resources Ltd. - 100%","e":"2042-03-13"},"geometry":{"type":"Polygon","coordinates":[[[-132.95132,62.49854],[-132.95801,62.50123],[-132.95218,62.50432],[-132.94549,62.50162],[-132.95132,62.49854]]]}},{"type":"Feature","properties":{"c":"710.0","o":"Silver Range Resources Ltd. - 100%","e":"2032-03-13"},"geometry":{"type":"Polygon","coordinates":[[[-132.57267,62.41505],[-132.57921,62.41772],[-132.57342,62.42082],[-132.56689,62.41815],[-132.57267,62.41505]]]}},{"type":"Feature","properties":{"c":"716.0","o":"Silver Range Resources Ltd. - 100%","e":"2032-03-13"},"geometry":{"type":"Polygon","coordinates":[[[-132.4949,62.39415],[-132.50152,62.39687],[-132.49574,62.39997],[-132.48911,62.39725],[-132.4949,62.39415]]]}},{"type":"Feature","properties":{"c":"299.0","o":"Silver Range Resources Ltd. - 100%","e":"2042-03-13"},"geometry":{"type":"Polygon","coordinates":[[[-132.86528,62.46927],[-132.87196,62.47197],[-132.86612,62.47505],[-132.85945,62.47236],[-132.86528,62.46927]]]}},{"type":"Feature","properties":{"c":"810.0","o":"Silver Range Resources Ltd. - 100%","e":"2032-03-13"},"geometry":{"type":"Polygon","coordinates":[[[-132.54767,62.2968],[-132.55428,62.29952],[-132.54861,62.30257],[-132.542,62.29986],[-132.54767,62.2968]]]}},{"type":"Feature","properties":{"c":"779.0","o":"Silver Range Resources Ltd. - 100%","e":"2040-03-13"},"geometry":{"type":"Polygon","coordinates":[[[-132.89872,62.44502],[-132.90539,62.44771],[-132.89964,62.45083],[-132.89296,62.44813],[-132.89872,62.44502]]]}},{"type":"Feature","properties":{"c":"507.0","o":"Silver Range Resources Ltd. - 100%","e":"2031-03-13"},"geometry":{"type":"Polygon","coordinates":[[[-132.76849,62.44608],[-132.77516,62.44878],[-132.76948,62.45185],[-132.76282,62.44914],[-132.76794,62.44638],[-132.76849,62.44608]]]}},{"type":"Feature","properties":{"c":"62.0","o":"Deloitte Restructuring Inc. - 100%","e":"2029-03-31"},"geometry":{"type":"Polygon","coordinates":[[[-132.67475,62.20085],[-132.67467,62.19885],[-132.68342,62.19876],[-132.68351,62.20081],[-132.67475,62.20085]]]}},{"type":"Feature","properties":{"c":"144.0","o":"Deloitte Restructuring Inc. - 100%","e":"2028-03-31"},"geometry":{"type":"Polygon","coordinates":[[[-132.99138,62.16768],[-132.99848,62.16512],[-132.99273,62.16846],[-132.99138,62.16768]]]}},{"type":"Feature","properties":{"c":"838.0","o":"Silver Range Resources Ltd. - 100%","e":"2032-03-13"},"geometry":{"type":"Polygon","coordinates":[[[-132.576,62.3192],[-132.58262,62.32191],[-132.57695,62.32496],[-132.57033,62.32225],[-132.576,62.3192]]]}},{"type":"Feature","properties":{"c":"82.0","o":"Silver Range Resources Ltd. - 100%","e":"2031-03-13"},"geometry":{"type":"Polygon","coordinates":[[[-132.62616,62.36125],[-132.63279,62.36396],[-132.62712,62.36702],[-132.62049,62.36431],[-132.62616,62.36125]]]}},{"type":"Feature","properties":{"c":"12.0","o":"Golden Predator Mining Corp - 100%","e":"2041-12-27"},"geometry":{"type":"Polygon","coordinates":[[[-132.9755,62.101],[-132.98266,62.10346],[-132.97752,62.10674],[-132.97036,62.10429],[-132.9755,62.101]]]}},{"type":"Feature","properties":{"c":"498.0","o":"Silver Range Resources Ltd. - 100%","e":"2031-03-13"},"geometry":{"type":"Polygon","coordinates":[[[-132.72973,62.43571],[-132.73628,62.43837],[-132.7306,62.44143],[-132.72405,62.43877],[-132.72876,62.43623],[-132.72973,62.43571]]]}},{"type":"Feature","properties":{"c":"17.0","o":"Deloitte Restructuring Inc. - 100%","e":"2029-03-31"},"geometry":{"type":"Polygon","coordinates":[[[-132.67342,62.21699],[-132.66463,62.21704],[-132.66452,62.213],[-132.67331,62.21296],[-132.67342,62.21699]]]}},{"type":"Feature","properties":{"c":"456.0","o":"Silver Range Resources Ltd. - 100%","e":"2031-03-13"},"geometry":{"type":"Polygon","coordinates":[[[-132.69872,62.43384],[-132.70527,62.4365],[-132.69959,62.43956],[-132.69304,62.4369],[-132.69746,62.43452],[-132.69872,62.43384]]]}},{"type":"Feature","properties":{"c":"1165.0","o":"Silver Range Resources Ltd. - 100%","e":"2042-03-13"},"geometry":{"type":"Polygon","coordinates":[[[-132.92784,62.46731],[-132.93452,62.47001],[-132.92869,62.4731],[-132.92201,62.4704],[-132.92784,62.46731]]]}},{"type":"Feature","properties":{"c":"568.0","o":"Silver Range Resources Ltd. - 100%","e":"2031-03-13"},"geometry":{"type":"Polygon","coordinates":[[[-132.74588,62.42079],[-132.75243,62.42346],[-132.74676,62.42652],[-132.74021,62.42386],[-132.74521,62.42116],[-132.74588,62.42079]]]}},{"type":"Feature","properties":{"c":"15.0","o":"Deloitte Restructuring Inc. - 100%","e":"2029-03-31"},"geometry":{"type":"Polygon","coordinates":[[[-132.97495,62.18495],[-132.97499,62.1889],[-132.96616,62.18893],[-132.96613,62.18495],[-132.96641,62.18496],[-132.97495,62.18495]]]}},{"type":"Feature","properties":{"c":"352.0","o":"Silver Range Resources Ltd. - 100%","e":"2031-03-13"},"geometry":{"type":"Polygon","coordinates":[[[-132.62193,62.4133],[-132.62846,62.41597],[-132.62269,62.41907],[-132.61615,62.41641],[-132.62003,62.41432],[-132.62193,62.4133]]]}},{"type":"Feature","properties":{"c":"11.0","o":"Golden Predator Mining Corp - 100%","e":"2035-09-13"},"geometry":{"type":"Polygon","coordinates":[[[-132.91158,62.05087],[-132.90649,62.05414],[-132.89943,62.05173],[-132.90454,62.04844],[-132.91158,62.05087]]]}},{"type":"Feature","properties":{"c":"2.0","o":"Deloitte Restructuring Inc. - 100%","e":"2029-03-31"},"geometry":{"type":"Polygon","coordinates":[[[-132.81936,62.17068],[-132.81221,62.17054],[-132.81258,62.16651],[-132.82042,62.16667],[-132.81936,62.17068]]]}},{"type":"Feature","properties":{"c":"21.0","o":"Deloitte Restructuring Inc. - 100%","e":"2029-03-31"},"geometry":{"type":"Polygon","coordinates":[[[-132.92242,62.2046],[-132.92231,62.20122],[-132.93143,62.20121],[-132.93149,62.20458],[-132.92242,62.2046]]]}},{"type":"Feature","properties":{"c":"23.0","o":"Deloitte Restructuring Inc. - 100%","e":"2029-03-31"},"geometry":{"type":"Polygon","coordinates":[[[-132.78666,62.16194],[-132.7954,62.16212],[-132.79506,62.16615],[-132.78632,62.16597],[-132.78666,62.16194]]]}},{"type":"Feature","properties":{"c":"134.0","o":"Deloitte Restructuring Inc. - 100%","e":"2029-03-31"},"geometry":{"type":"Polygon","coordinates":[[[-132.83385,62.18311],[-132.83283,62.18702],[-132.82408,62.18655],[-132.8251,62.18262],[-132.83385,62.18311]]]}},{"type":"Feature","properties":{"c":"550.0","o":"Silver Range Resources Ltd. - 100%","e":"2031-03-13"},"geometry":{"type":"Polygon","coordinates":[[[-132.68698,62.39682],[-132.69352,62.39949],[-132.68785,62.40255],[-132.68131,62.39989],[-132.68574,62.3975],[-132.68698,62.39682]]]}},{"type":"Feature","properties":{"c":"6.0","o":"Deloitte Restructuring Inc. - 100%","e":"2029-03-31"},"geometry":{"type":"Polygon","coordinates":[[[-132.72604,62.21269],[-132.71725,62.21273],[-132.7172,62.21076],[-132.72599,62.21071],[-132.72604,62.21269]]]}},{"type":"Feature","properties":{"c":"277.0","o":"Silver Range Resources Ltd. - 100%","e":"2031-03-13"},"geometry":{"type":"Polygon","coordinates":[[[-132.57978,62.37994],[-132.58641,62.38265],[-132.58073,62.38571],[-132.5741,62.383],[-132.57731,62.38127],[-132.57978,62.37994]]]}},{"type":"Feature","properties":{"c":"56.0","o":"Deloitte Restructuring Inc. - 100%","e":"2029-03-31"},"geometry":{"type":"Polygon","coordinates":[[[-132.968,62.2102],[-132.97479,62.20724],[-132.98063,62.21032],[-132.97413,62.21327],[-132.97331,62.21286],[-132.968,62.2102]]]}},{"type":"Feature","properties":{"c":"5.0","o":"James Woods - 100%","e":"2032-12-27"},"geometry":{"type":"Polygon","coordinates":[[[-132.80646,62.03496],[-132.80215,62.03348],[-132.80457,62.03193],[-132.80188,62.03101],[-132.80455,62.02929],[-132.81155,62.03169],[-132.80646,62.03496]]]}},{"type":"Feature","properties":{"c":"56.0","o":"Golden Predator Mining Corp - 100%","e":"2037-12-27"},"geometry":{"type":"Polygon","coordinates":[[[-132.73447,62.00917],[-132.7432,62.00927],[-132.74282,62.01336],[-132.73408,62.01327],[-132.73447,62.00917]]]}},{"type":"Feature","properties":{"c":"2.0","o":"Golden Predator Mining Corp - 100%","e":"2035-09-13"},"geometry":{"type":"Polygon","coordinates":[[[-132.87119,62.04205],[-132.87824,62.04447],[-132.8731,62.04778],[-132.86605,62.04536],[-132.86634,62.04517],[-132.87119,62.04205]]]}},{"type":"Feature","properties":{"c":"9.0","o":"Silver Range Resources Ltd. - 100%","e":"2031-03-13"},"geometry":{"type":"Polygon","coordinates":[[[-132.63273,62.32629],[-132.63935,62.329],[-132.63368,62.33206],[-132.62706,62.32935],[-132.63273,62.32629]]]}},{"type":"Feature","properties":{"c":"9.0","o":"Deloitte Restructuring Inc. - 100%","e":"2029-03-31"},"geometry":{"type":"Polygon","coordinates":[[[-132.99218,62.17639],[-133.00079,62.17636],[-133.00084,62.18063],[-132.99225,62.18066],[-132.99218,62.17639]]]}},{"type":"Feature","properties":{"c":"7.0","o":"Deloitte Restructuring Inc. - 100%","e":"2028-03-31"},"geometry":{"type":"Polygon","coordinates":[[[-132.93251,62.16109],[-132.94045,62.15866],[-132.94517,62.16207],[-132.9373,62.16449],[-132.93251,62.16109]]]}},{"type":"Feature","properties":{"c":"33.0","o":"Deloitte Restructuring Inc. - 100%","e":"2028-03-31"},"geometry":{"type":"Polygon","coordinates":[[[-132.96628,62.16709],[-132.96207,62.16572],[-132.96696,62.16233],[-132.97358,62.16446],[-132.96628,62.16709]]]}},{"type":"Feature","properties":{"c":"737.0","o":"Silver Range Resources Ltd. - 100%","e":"2032-03-13"},"geometry":{"type":"Polygon","coordinates":[[[-132.57342,62.42082],[-132.57996,62.42349],[-132.57417,62.4266],[-132.56764,62.42393],[-132.57342,62.42082]]]}},{"type":"Feature","properties":{"c":"236.0","o":"Silver Range Resources Ltd. - 100%","e":"2042-03-13"},"geometry":{"type":"Polygon","coordinates":[[[-132.80773,62.46233],[-132.8144,62.46503],[-132.80856,62.46811],[-132.80189,62.46541],[-132.80773,62.46233]]]}},{"type":"Feature","properties":{"c":"122.0","o":"Deloitte Restructuring Inc. - 100%","e":"2029-03-31"},"geometry":{"type":"Polygon","coordinates":[[[-132.8301,62.18901],[-132.83889,62.18895],[-132.83905,62.19279],[-132.83046,62.19282],[-132.8301,62.18901]]]}},{"type":"Feature","properties":{"c":"34.0","o":"Deloitte Restructuring Inc. - 100%","e":"2029-03-31"},"geometry":{"type":"Polygon","coordinates":[[[-132.8049,62.15411],[-132.80456,62.15822],[-132.79579,62.15806],[-132.79616,62.15395],[-132.8049,62.15411]]]}},{"type":"Feature","properties":{"c":"53.0","o":"Silver Range Resources Ltd. - 100%","e":"2031-03-13"},"geometry":{"type":"Polygon","coordinates":[[[-132.64318,62.35208],[-132.64981,62.35479],[-132.64414,62.35784],[-132.63751,62.35513],[-132.64318,62.35208]]]}},{"type":"Feature","properties":{"c":"24.0","o":"Golden Predator Mining Corp - 100%","e":"2037-12-27"},"geometry":{"type":"Polygon","coordinates":[[[-132.93807,62.09545],[-132.931,62.09303],[-132.93614,62.08971],[-132.94321,62.09213],[-132.93807,62.09545]]]}},{"type":"Feature","properties":{"c":"32.0","o":"Golden Predator Mining Corp - 100%","e":"2038-12-27"},"geometry":{"type":"Polygon","coordinates":[[[-132.91879,62.09393],[-132.91172,62.0915],[-132.91687,62.08819],[-132.92393,62.09061],[-132.91879,62.09393]]]}},{"type":"Feature","properties":{"c":"2058.0","o":"Silver Range Resources Ltd. - 100%","e":"2038-03-13"},"geometry":{"type":"Polygon","coordinates":[[[-132.83785,62.49622],[-132.84453,62.49892],[-132.83877,62.50196],[-132.83209,62.49926],[-132.83785,62.49622]]]}},{"type":"Feature","properties":{"c":"40.0","o":"Silver Range Resources Ltd. - 100%","e":"2044-03-13"},"geometry":{"type":"Polygon","coordinates":[[[-132.96099,62.48093],[-132.96768,62.48363],[-132.96194,62.48667],[-132.95525,62.48397],[-132.96099,62.48093]]]}},{"type":"Feature","properties":{"c":"113.0","o":"Deloitte Restructuring Inc. - 100%","e":"2029-03-31"},"geometry":{"type":"Polygon","coordinates":[[[-132.81963,62.16966],[-132.82832,62.1701],[-132.8273,62.1742],[-132.81855,62.17372],[-132.81963,62.16966]]]}},{"type":"Feature","properties":{"c":"165.0","o":"Deloitte Restructuring Inc. - 100%","e":"2029-03-31"},"geometry":{"type":"Polygon","coordinates":[[[-132.77001,62.18774],[-132.77101,62.18371],[-132.77994,62.18419],[-132.77894,62.18823],[-132.77001,62.18774]]]}},{"type":"Feature","properties":{"c":"338.0","o":"Silver Range Resources Ltd. - 100%","e":"2031-03-13"},"geometry":{"type":"Polygon","coordinates":[[[-132.57599,62.39453],[-132.58262,62.39725],[-132.57684,62.40035],[-132.57021,62.39764],[-132.57364,62.39579],[-132.57599,62.39453]]]}},{"type":"Feature","properties":{"c":"95.0","o":"Golden Predator Mining Corp - 100%","e":"2047-12-27"},"geometry":{"type":"Polygon","coordinates":[[[-132.79405,62.01799],[-132.78878,62.02134],[-132.78173,62.01889],[-132.78697,62.01557],[-132.79405,62.01799]]]}},{"type":"Feature","properties":{"c":"148.0","o":"Deloitte Restructuring Inc. - 100%","e":"2029-03-31"},"geometry":{"type":"Polygon","coordinates":[[[-132.82227,62.20929],[-132.83141,62.20927],[-132.83155,62.2135],[-132.8227,62.21354],[-132.82269,62.21303],[-132.82232,62.21303],[-132.82227,62.20929]]]}},{"type":"Feature","properties":{"c":"104.0","o":"Deloitte Restructuring Inc. - 100%","e":"2029-03-31"},"geometry":{"type":"Polygon","coordinates":[[[-132.89406,62.13102],[-132.89393,62.13518],[-132.88519,62.13501],[-132.88548,62.13085],[-132.89406,62.13102]]]}},{"type":"Feature","properties":{"c":"275.0","o":"Silver Range Resources Ltd. - 100%","e":"2031-03-13"},"geometry":{"type":"Polygon","coordinates":[[[-132.57315,62.37723],[-132.57978,62.37994],[-132.5741,62.383],[-132.56747,62.38028],[-132.57061,62.37859],[-132.57315,62.37723]]]}},{"type":"Feature","properties":{"c":"154.0","o":"Deloitte Restructuring Inc. - 100%","e":"2029-03-31"},"geometry":{"type":"Polygon","coordinates":[[[-132.83196,62.21741],[-132.84117,62.21732],[-132.84124,62.22117],[-132.83202,62.22123],[-132.83196,62.21741]]]}},{"type":"Feature","properties":{"c":"474.0","o":"Silver Range Resources Ltd. - 100%","e":"2031-03-13"},"geometry":{"type":"Polygon","coordinates":[[[-132.75812,62.45797],[-132.76479,62.46068],[-132.75911,62.46374],[-132.75244,62.46104],[-132.75745,62.45834],[-132.75812,62.45797]]]}},{"type":"Feature","properties":{"c":"2259.0","o":"Silver Range Resources Ltd. - 100%","e":"2038-03-13"},"geometry":{"type":"Polygon","coordinates":[[[-132.80621,62.45081],[-132.81274,62.45346],[-132.8069,62.45654],[-132.80045,62.45393],[-132.80621,62.45081]]]}},{"type":"Feature","properties":{"c":"1.0","o":"Deloitte Restructuring Inc. - 100%","e":"2029-03-31"},"geometry":{"type":"Polygon","coordinates":[[[-132.92156,62.15985],[-132.91385,62.16198],[-132.90891,62.15852],[-132.91652,62.15628],[-132.92156,62.15985]]]}},{"type":"Feature","properties":{"c":"30.0","o":"Deloitte Restructuring Inc. - 100%","e":"2029-03-31"},"geometry":{"type":"Polygon","coordinates":[[[-132.99128,62.22156],[-132.99243,62.22212],[-132.99617,62.22061],[-133.00198,62.22372],[-132.99563,62.22647],[-132.98844,62.22293],[-132.99128,62.22156]]]}},{"type":"Feature","properties":{"c":"111.0","o":"Silver Range Resources Ltd. - 100%","e":"2031-03-13"},"geometry":{"type":"Polygon","coordinates":[[[-132.58735,62.35075],[-132.59398,62.35346],[-132.5883,62.35652],[-132.58167,62.35381],[-132.58517,62.35193],[-132.58735,62.35075]]]}},{"type":"Feature","properties":{"c":"2267.0","o":"Silver Range Resources Ltd. - 100%","e":"2038-03-13"},"geometry":{"type":"Polygon","coordinates":[[[-132.78315,62.46327],[-132.78938,62.46579],[-132.78353,62.46888],[-132.77738,62.46638],[-132.78315,62.46327]]]}},{"type":"Feature","properties":{"c":"112.0","o":"Lapie Mining Inc. - 100%","e":"2029-01-20"},"geometry":{"type":"Polygon","coordinates":[[[-132.99156,62.48789],[-132.99729,62.48484],[-133.00388,62.48749],[-132.99815,62.49054],[-132.99348,62.48866],[-132.99156,62.48789]]]}},{"type":"Feature","properties":{"c":"786.0","o":"Silver Range Resources Ltd. - 100%","e":"2040-03-13"},"geometry":{"type":"Polygon","coordinates":[[[-132.91299,62.45622],[-132.91967,62.45892],[-132.91392,62.46204],[-132.90724,62.45934],[-132.91299,62.45622]]]}},{"type":"Feature","properties":{"c":"43.0","o":"Deloitte Restructuring Inc. - 100%","e":"2029-03-31"},"geometry":{"type":"Polygon","coordinates":[[[-132.83953,62.15888],[-132.83988,62.15475],[-132.84862,62.15491],[-132.84827,62.15904],[-132.83953,62.15888]]]}},{"type":"Feature","properties":{"c":"6.0","o":"James Woods - 100%","e":"2032-12-27"},"geometry":{"type":"Polygon","coordinates":[[[-132.80455,62.02929],[-132.80965,62.02604],[-132.81663,62.02842],[-132.81155,62.03169],[-132.80455,62.02929]]]}},{"type":"Feature","properties":{"c":"27.0","o":"Golden Predator Mining Corp - 100%","e":"2032-05-03"},"geometry":{"type":"Polygon","coordinates":[[[-132.75033,62.00327],[-132.75542,61.99994],[-132.76251,62.00233],[-132.75795,62.00532],[-132.75637,62.0053],[-132.75033,62.00327]]]}},{"type":"Feature","properties":{"c":"13.0","o":"Deloitte Restructuring Inc. - 100%","e":"2029-03-31"},"geometry":{"type":"Polygon","coordinates":[[[-133.00089,62.18473],[-133.00096,62.18577],[-132.99241,62.18948],[-132.99233,62.18483],[-133.00089,62.18473]]]}},{"type":"Feature","properties":{"c":"4.0","o":"Golden Predator Mining Corp - 100%","e":"2029-09-06"},"geometry":{"type":"Polygon","coordinates":[[[-132.88776,62.0325],[-132.89481,62.03492],[-132.88965,62.03823],[-132.8826,62.03581],[-132.88694,62.03302],[-132.88776,62.0325]]]}},{"type":"Feature","properties":{"c":"5.0","o":"Golden Predator Mining Corp - 100%","e":"2032-05-03"},"geometry":{"type":"Polygon","coordinates":[[[-132.83403,62.02421],[-132.84108,62.02663],[-132.83592,62.02991],[-132.8289,62.02747],[-132.83403,62.02421]]]}},{"type":"Feature","properties":{"c":"560.0","o":"Silver Range Resources Ltd. - 100%","e":"2031-03-13"},"geometry":{"type":"Polygon","coordinates":[[[-132.71969,62.41014],[-132.72624,62.41281],[-132.72056,62.41587],[-132.71402,62.41321],[-132.71877,62.41064],[-132.71969,62.41014]]]}},{"type":"Feature","properties":{"c":"306.0","o":"Silver Range Resources Ltd. - 100%","e":"2042-03-13"},"geometry":{"type":"Polygon","coordinates":[[[-132.8511,62.45809],[-132.85777,62.46079],[-132.85193,62.46387],[-132.84526,62.46117],[-132.8511,62.45809]]]}},{"type":"Feature","properties":{"c":"57.0","o":"Golden Predator Mining Corp - 100%","e":"2052-12-27"},"geometry":{"type":"Polygon","coordinates":[[[-132.92836,62.08199],[-132.93347,62.07869],[-132.94053,62.08111],[-132.93541,62.0844],[-132.92836,62.08199]]]}},{"type":"Feature","properties":{"c":"17.0","o":"Golden Predator Mining Corp - 100%","e":"2035-12-27"},"geometry":{"type":"Polygon","coordinates":[[[-132.83315,62.05942],[-132.82795,62.06265],[-132.82097,62.06018],[-132.82611,62.05699],[-132.83315,62.05942]]]}},{"type":"Feature","properties":{"c":"566.0","o":"Silver Range Resources Ltd. - 100%","e":"2031-03-13"},"geometry":{"type":"Polygon","coordinates":[[[-132.73933,62.41813],[-132.74588,62.42079],[-132.74021,62.42386],[-132.73366,62.42119],[-132.7386,62.41853],[-132.73933,62.41813]]]}},{"type":"Feature","properties":{"c":"753.0","o":"Silver Range Resources Ltd. - 100%","e":"2040-03-13"},"geometry":{"type":"Polygon","coordinates":[[[-132.81206,62.40993],[-132.81872,62.41263],[-132.81296,62.41574],[-132.8063,62.41304],[-132.81206,62.40993]]]}},{"type":"Feature","properties":{"c":"90.0","o":"Deloitte Restructuring Inc. - 100%","e":"2029-03-31"},"geometry":{"type":"Polygon","coordinates":[[[-132.8935,62.13927],[-132.90214,62.13944],[-132.90186,62.14354],[-132.8932,62.14337],[-132.8935,62.13927]]]}},{"type":"Feature","properties":{"c":"822.0","o":"Silver Range Resources Ltd. - 100%","e":"2032-03-13"},"geometry":{"type":"Polygon","coordinates":[[[-132.58734,62.31308],[-132.59396,62.31579],[-132.58829,62.31885],[-132.58167,62.31614],[-132.58734,62.31308]]]}},{"type":"Feature","properties":{"c":"9.0","o":"Golden Predator Mining Corp - 100%","e":"2032-05-03"},"geometry":{"type":"Polygon","coordinates":[[[-132.81481,62.02262],[-132.82184,62.02505],[-132.81663,62.02842],[-132.80965,62.02604],[-132.81481,62.02262]]]}},{"type":"Feature","properties":{"c":"24.0","o":"Golden Predator Mining Corp - 100%","e":"2030-12-27"},"geometry":{"type":"Polygon","coordinates":[[[-132.72602,61.99867],[-132.7324,62.00147],[-132.72645,62.00447],[-132.72006,62.00167],[-132.72602,61.99867]]]}},{"type":"Feature","properties":{"c":"94.0","o":"Deloitte Restructuring Inc. - 100%","e":"2029-03-31"},"geometry":{"type":"Polygon","coordinates":[[[-132.73532,62.19411],[-132.73552,62.19838],[-132.72617,62.19843],[-132.72604,62.19419],[-132.73532,62.19411]]]}},{"type":"Feature","properties":{"c":"717.0","o":"Silver Range Resources Ltd. - 100%","e":"2032-03-13"},"geometry":{"type":"Polygon","coordinates":[[[-132.50731,62.39376],[-132.51393,62.39648],[-132.50815,62.39958],[-132.50152,62.39687],[-132.50731,62.39376]]]}},{"type":"Feature","properties":{"c":"122.0","o":"Silver Range Resources Ltd. - 100%","e":"2031-03-13"},"geometry":{"type":"Polygon","coordinates":[[[-132.61481,62.36737],[-132.62144,62.37008],[-132.61576,62.37314],[-132.60913,62.37042],[-132.61286,62.36842],[-132.61481,62.36737]]]}},{"type":"Feature","properties":{"c":"387.0","o":"Silver Range Resources Ltd. - 100%","e":"2031-03-13"},"geometry":{"type":"Polygon","coordinates":[[[-132.55032,62.3895],[-132.55695,62.39221],[-132.55117,62.39532],[-132.54454,62.3926],[-132.55032,62.3895]]]}},{"type":"Feature","properties":{"c":"654.0","o":"Silver Range Resources Ltd. - 100%","e":"2031-03-13"},"geometry":{"type":"Polygon","coordinates":[[[-132.82152,62.43003],[-132.82819,62.43273],[-132.82252,62.43579],[-132.81585,62.43309],[-132.82152,62.43003]]]}},{"type":"Feature","properties":{"c":"3.0","o":"Golden Predator Mining Corp - 100%","e":"2055-12-27"},"geometry":{"type":"Polygon","coordinates":[[[-132.87314,62.04779],[-132.88023,62.05023],[-132.87508,62.05353],[-132.86799,62.0511],[-132.87314,62.04779]]]}},{"type":"Feature","properties":{"c":"344.0","o":"Silver Range Resources Ltd. - 100%","e":"2031-03-13"},"geometry":{"type":"Polygon","coordinates":[[[-132.59579,62.40263],[-132.60232,62.4053],[-132.59654,62.4084],[-132.59001,62.40573],[-132.59364,62.40378],[-132.59579,62.40263]]]}},{"type":"Feature","properties":{"c":"46.0","o":"Deloitte Restructuring Inc. - 100%","e":"2029-03-31"},"geometry":{"type":"Polygon","coordinates":[[[-132.94028,62.189],[-132.94015,62.18501],[-132.94849,62.18499],[-132.94869,62.18898],[-132.94028,62.189]]]}},{"type":"Feature","properties":{"c":"180.0","o":"Silver Range Resources Ltd. - 100%","e":"2031-03-13"},"geometry":{"type":"Polygon","coordinates":[[[-132.64295,62.38962],[-132.64948,62.39228],[-132.6438,62.39534],[-132.63727,62.39267],[-132.6412,62.39056],[-132.64295,62.38962]]]}},{"type":"Feature","properties":{"c":"34.0","o":"Deloitte Restructuring Inc. - 100%","e":"2029-03-31"},"geometry":{"type":"Polygon","coordinates":[[[-132.88006,62.18831],[-132.87906,62.18434],[-132.8813,62.18428],[-132.88144,62.18674],[-132.88679,62.1867],[-132.88724,62.18794],[-132.88006,62.18831]]]}},{"type":"Feature","properties":{"c":"42.0","o":"Golden Predator Mining Corp - 100%","e":"2036-12-27"},"geometry":{"type":"Polygon","coordinates":[[[-132.90272,62.08334],[-132.89691,62.08135],[-132.90207,62.07804],[-132.90788,62.08003],[-132.90272,62.08334]]]}},{"type":"Feature","properties":{"c":"21.0","o":"Deloitte Restructuring Inc. - 100%","e":"2029-03-31"},"geometry":{"type":"Polygon","coordinates":[[[-132.673,62.20086],[-132.68179,62.20082],[-132.68189,62.20485],[-132.6731,62.20489],[-132.673,62.20086]]]}},{"type":"Feature","properties":{"c":"40.0","o":"Deloitte Restructuring Inc. - 100%","e":"2028-03-31"},"geometry":{"type":"Polygon","coordinates":[[[-132.95062,62.15409],[-132.95466,62.15062],[-132.96283,62.15283],[-132.9605,62.15457],[-132.95764,62.15596],[-132.95062,62.15409]]]}},{"type":"Feature","properties":{"c":"12.0","o":"Deloitte Restructuring Inc. - 100%","e":"2029-03-31"},"geometry":{"type":"Polygon","coordinates":[[[-132.79652,62.21728],[-132.79673,62.22136],[-132.78786,62.22138],[-132.78767,62.21732],[-132.79652,62.21728]]]}},{"type":"Feature","properties":{"c":"86.0","o":"Deloitte Restructuring Inc. - 100%","e":"2029-03-31"},"geometry":{"type":"Polygon","coordinates":[[[-132.87076,62.17037],[-132.87034,62.16657],[-132.87918,62.16641],[-132.87964,62.1702],[-132.87076,62.17037]]]}},{"type":"Feature","properties":{"c":"12.0","o":"Deloitte Restructuring Inc. - 100%","e":"2029-03-31"},"geometry":{"type":"Polygon","coordinates":[[[-132.69968,62.21283],[-132.69089,62.21287],[-132.69084,62.21089],[-132.69962,62.21085],[-132.69968,62.21283]]]}},{"type":"Feature","properties":{"c":"151.0","o":"Silver Range Resources Ltd. - 100%","e":"2031-03-13"},"geometry":{"type":"Polygon","coordinates":[[[-132.55613,62.34873],[-132.56275,62.35144],[-132.55707,62.35449],[-132.55045,62.35178],[-132.55356,62.3501],[-132.55613,62.34873]]]}},{"type":"Feature","properties":{"c":"19.0","o":"Golden Predator Mining Corp - 100%","e":"2035-12-27"},"geometry":{"type":"Polygon","coordinates":[[[-132.81915,62.0546],[-132.82611,62.05699],[-132.82097,62.06018],[-132.81423,62.05779],[-132.81915,62.0546]]]}},{"type":"Feature","properties":{"c":"656.0","o":"Silver Range Resources Ltd. - 100%","e":"2031-03-13"},"geometry":{"type":"Polygon","coordinates":[[[-132.82819,62.43273],[-132.83485,62.43543],[-132.82918,62.43849],[-132.82252,62.43579],[-132.82819,62.43273]]]}},{"type":"Feature","properties":{"c":"1.0","o":"Deloitte Restructuring Inc. - 100%","e":"2029-03-31"},"geometry":{"type":"Polygon","coordinates":[[[-132.74337,62.21259],[-132.74342,62.21661],[-132.73494,62.21666],[-132.73483,62.21264],[-132.74337,62.21259]]]}},{"type":"Feature","properties":{"c":"243.0","o":"Silver Range Resources Ltd. - 100%","e":"2042-03-13"},"geometry":{"type":"Polygon","coordinates":[[[-132.91375,62.49972],[-132.92043,62.50241],[-132.9146,62.5055],[-132.90791,62.50281],[-132.91375,62.49972]]]}},{"type":"Feature","properties":{"c":"15.0","o":"Deloitte Restructuring Inc. - 100%","e":"2029-03-31"},"geometry":{"type":"Polygon","coordinates":[[[-132.6821,62.21292],[-132.6822,62.21695],[-132.67342,62.21699],[-132.67331,62.21296],[-132.6821,62.21292]]]}},{"type":"Feature","properties":{"c":"162.0","o":"Deloitte Restructuring Inc. - 100%","e":"2029-03-31"},"geometry":{"type":"Polygon","coordinates":[[[-132.78788,62.18873],[-132.78688,62.19279],[-132.77794,62.19228],[-132.77894,62.18823],[-132.78788,62.18873]]]}},{"type":"Feature","properties":{"c":"709.0","o":"Silver Range Resources Ltd. - 100%","e":"2032-03-13"},"geometry":{"type":"Polygon","coordinates":[[[-132.57845,62.41194],[-132.58499,62.41461],[-132.57921,62.41772],[-132.57267,62.41505],[-132.57845,62.41194]]]}},{"type":"Feature","properties":{"c":"277.0","o":"Silver Range Resources Ltd. - 100%","e":"2042-03-13"},"geometry":{"type":"Polygon","coordinates":[[[-132.9388,62.49893],[-132.94549,62.50162],[-132.93965,62.50471],[-132.93296,62.50202],[-132.9388,62.49893]]]}},{"type":"Feature","properties":{"c":"4.0","o":"Golden Predator Mining Corp - 100%","e":"2055-12-27"},"geometry":{"type":"Polygon","coordinates":[[[-132.86799,62.0511],[-132.87508,62.05353],[-132.86993,62.05684],[-132.86285,62.05441],[-132.86616,62.05228],[-132.86799,62.0511]]]}},{"type":"Feature","properties":{"c":"54.0","o":"Deloitte Restructuring Inc. - 100%","e":"2029-03-31"},"geometry":{"type":"Polygon","coordinates":[[[-132.75206,62.20546],[-132.75197,62.20136],[-132.76073,62.20135],[-132.76082,62.20543],[-132.75206,62.20546]]]}},{"type":"Feature","properties":{"c":"476.0","o":"Silver Range Resources Ltd. - 100%","e":"2031-03-13"},"geometry":{"type":"Polygon","coordinates":[[[-132.76479,62.46068],[-132.77145,62.46338],[-132.76577,62.46644],[-132.75911,62.46374],[-132.76479,62.46068]]]}},{"type":"Feature","properties":{"c":"247.0","o":"Silver Range Resources Ltd. - 100%","e":"2042-03-13"},"geometry":{"type":"Polygon","coordinates":[[[-132.90037,62.49433],[-132.90706,62.49702],[-132.90122,62.50011],[-132.89454,62.49741],[-132.90037,62.49433]]]}},{"type":"Feature","properties":{"c":"459.0","o":"Silver Range Resources Ltd. - 100%","e":"2031-03-13"},"geometry":{"type":"Polygon","coordinates":[[[-132.7175,62.43611],[-132.72405,62.43877],[-132.71837,62.44183],[-132.71182,62.43917],[-132.71637,62.43671],[-132.7175,62.43611]]]}},{"type":"Feature","properties":{"c":"46.0","o":"Golden Predator Mining Corp - 100%","e":"2055-12-27"},"geometry":{"type":"Polygon","coordinates":[[[-132.88794,62.07319],[-132.88086,62.07076],[-132.886,62.06745],[-132.89307,62.06989],[-132.88794,62.07319]]]}},{"type":"Feature","properties":{"c":"43.0","o":"Golden Predator Mining Corp - 100%","e":"2055-12-27"},"geometry":{"type":"Polygon","coordinates":[[[-132.886,62.06745],[-132.87892,62.06502],[-132.88406,62.06171],[-132.89113,62.06415],[-132.886,62.06745]]]}},{"type":"Feature","properties":{"c":"82.0","o":"Deloitte Restructuring Inc. - 100%","e":"2029-03-31"},"geometry":{"type":"Polygon","coordinates":[[[-132.86156,62.16672],[-132.87034,62.16657],[-132.87076,62.17037],[-132.86201,62.17051],[-132.86156,62.16672]]]}},{"type":"Feature","properties":{"c":"64.0","o":"Golden Predator Mining Corp - 100%","e":"2046-12-27"},"geometry":{"type":"Polygon","coordinates":[[[-132.95171,62.09504],[-132.94457,62.0926],[-132.94971,62.08931],[-132.95686,62.09176],[-132.95171,62.09504]]]}},{"type":"Feature","properties":{"c":"2034.0","o":"Silver Range Resources Ltd. - 100%","e":"2038-03-13"},"geometry":{"type":"Polygon","coordinates":[[[-132.86652,62.49976],[-132.8732,62.50246],[-132.87033,62.50398],[-132.86364,62.50128],[-132.86652,62.49976]]]}},{"type":"Feature","properties":{"c":"631.0","o":"Silver Range Resources Ltd. - 100%","e":"2031-03-13"},"geometry":{"type":"Polygon","coordinates":[[[-132.90259,62.46818],[-132.90932,62.47089],[-132.90357,62.47393],[-132.89692,62.47125],[-132.90259,62.46818]]]}},{"type":"Feature","properties":{"c":"462.0","o":"Silver Range Resources Ltd. - 100%","e":"2031-03-13"},"geometry":{"type":"Polygon","coordinates":[[[-132.71837,62.44183],[-132.72492,62.44449],[-132.71924,62.44755],[-132.71269,62.44489],[-132.71731,62.4424],[-132.71837,62.44183]]]}},{"type":"Feature","properties":{"c":"116.0","o":"Silver Range Resources Ltd. - 100%","e":"2031-03-13"},"geometry":{"type":"Polygon","coordinates":[[[-132.59492,62.35923],[-132.60155,62.36194],[-132.59587,62.365],[-132.58925,62.36229],[-132.59278,62.36039],[-132.59492,62.35923]]]}},{"type":"Feature","properties":{"c":"460.0","o":"Silver Range Resources Ltd. - 100%","e":"2031-03-13"},"geometry":{"type":"Polygon","coordinates":[[[-132.71182,62.43917],[-132.71837,62.44183],[-132.71269,62.44489],[-132.70614,62.44223],[-132.71069,62.43977],[-132.71182,62.43917]]]}},{"type":"Feature","properties":{"c":"2256.0","o":"Silver Range Resources Ltd. - 100%","e":"2038-03-13"},"geometry":{"type":"Polygon","coordinates":[[[-132.80542,62.44504],[-132.81198,62.4477],[-132.80621,62.45081],[-132.79965,62.44815],[-132.80542,62.44504]]]}},{"type":"Feature","properties":{"c":"2185.0","o":"Silver Range Resources Ltd. - 100%","e":"2038-03-13"},"geometry":{"type":"Polygon","coordinates":[[[-132.7872,62.49182],[-132.79387,62.49453],[-132.78812,62.49756],[-132.78144,62.49486],[-132.7872,62.49182]]]}},{"type":"Feature","properties":{"c":"7.0","o":"Golden Predator Mining Corp - 100%","e":"2042-12-27"},"geometry":{"type":"Polygon","coordinates":[[[-132.87564,62.07403],[-132.88273,62.07647],[-132.87751,62.07975],[-132.87041,62.07731],[-132.87564,62.07403]]]}},{"type":"Feature","properties":{"c":"142.0","o":"Deloitte Restructuring Inc. - 100%","e":"2029-03-31"},"geometry":{"type":"Polygon","coordinates":[[[-132.78888,62.18467],[-132.78992,62.18065],[-132.79873,62.18114],[-132.79781,62.18515],[-132.78888,62.18467]]]}},{"type":"Feature","properties":{"c":"45.0","o":"Silver Range Resources Ltd. - 100%","e":"2031-03-13"},"geometry":{"type":"Polygon","coordinates":[[[-132.61667,62.34124],[-132.6233,62.34395],[-132.61763,62.347],[-132.611,62.34429],[-132.61667,62.34124]]]}},{"type":"Feature","properties":{"c":"158.0","o":"Silver Range Resources Ltd. - 100%","e":"2031-03-13"},"geometry":{"type":"Polygon","coordinates":[[[-132.57032,62.35992],[-132.57694,62.36263],[-132.57126,62.36569],[-132.56463,62.36298],[-132.56786,62.36124],[-132.57032,62.35992]]]}},{"type":"Feature","properties":{"c":"65.0","o":"Deloitte Restructuring Inc. - 100%","e":"2029-03-31"},"geometry":{"type":"Polygon","coordinates":[[[-132.84023,62.15062],[-132.84058,62.1465],[-132.84932,62.14665],[-132.84897,62.15078],[-132.84023,62.15062]]]}},{"type":"Feature","properties":{"c":"44.0","o":"Deloitte Restructuring Inc. - 100%","e":"2028-03-31"},"geometry":{"type":"Polygon","coordinates":[[[-132.99781,62.16064],[-133.00248,62.16315],[-132.99829,62.16502],[-132.99376,62.16251],[-132.99781,62.16064]]]}},{"type":"Feature","properties":{"c":"4.0","o":"James Woods - 100%","e":"2032-12-27"},"geometry":{"type":"Polygon","coordinates":[[[-132.81155,62.03169],[-132.81663,62.02842],[-132.82362,62.0308],[-132.81854,62.03408],[-132.81155,62.03169]]]}},{"type":"Feature","properties":{"c":"30.0","o":"Silver Range Resources Ltd. - 100%","e":"2044-03-13"},"geometry":{"type":"Polygon","coordinates":[[[-132.9562,62.48971],[-132.96289,62.4924],[-132.95715,62.49544],[-132.95046,62.49275],[-132.9562,62.48971]]]}},{"type":"Feature","properties":{"c":"147.0","o":"Silver Range Resources Ltd. - 100%","e":"2031-03-13"},"geometry":{"type":"Polygon","coordinates":[[[-132.54289,62.3433],[-132.54951,62.34601],[-132.54383,62.34907],[-132.53721,62.34635],[-132.5402,62.34474],[-132.54289,62.3433]]]}},{"type":"Feature","properties":{"c":"59.0","o":"Golden Predator Mining Corp - 100%","e":"2031-05-03"},"geometry":{"type":"Polygon","coordinates":[[[-132.68305,62.00227],[-132.68943,62.00507],[-132.68347,62.00807],[-132.67709,62.00527],[-132.68305,62.00227]]]}},{"type":"Feature","properties":{"c":"468.0","o":"Silver Range Resources Ltd. - 100%","e":"2031-03-13"},"geometry":{"type":"Polygon","coordinates":[[[-132.73814,62.44986],[-132.7448,62.45256],[-132.73912,62.45563],[-132.73245,62.45292],[-132.73727,62.45033],[-132.73814,62.44986]]]}},{"type":"Feature","properties":{"c":"7.0","o":"Deloitte Restructuring Inc. - 100%","e":"2028-03-31"},"geometry":{"type":"Polygon","coordinates":[[[-132.9921,62.17213],[-133.00074,62.17209],[-133.00079,62.17636],[-132.99218,62.17639],[-132.9921,62.17213]]]}},{"type":"Feature","properties":{"c":"13.0","o":"Deloitte Restructuring Inc. - 100%","e":"2029-03-31"},"geometry":{"type":"Polygon","coordinates":[[[-132.7597,62.17074],[-132.7598,62.16948],[-132.7685,62.16966],[-132.76838,62.17118],[-132.7597,62.17074]]]}},{"type":"Feature","properties":{"c":"97.0","o":"Golden Predator Mining Corp - 100%","e":"2047-12-27"},"geometry":{"type":"Polygon","coordinates":[[[-132.79583,62.0238],[-132.78878,62.02134],[-132.79405,62.01799],[-132.80114,62.02043],[-132.79583,62.0238]]]}},{"type":"Feature","properties":{"c":"6.0","o":"Golden Predator Mining Corp - 100%","e":"2041-12-27"},"geometry":{"type":"Polygon","coordinates":[[[-132.96321,62.10184],[-132.95615,62.09942],[-132.96117,62.0961],[-132.96833,62.09855],[-132.96321,62.10184]]]}},{"type":"Feature","properties":{"c":"3.0","o":"Deloitte Restructuring Inc. - 100%","e":"2029-03-31"},"geometry":{"type":"Polygon","coordinates":[[[-133.00576,62.194],[-133.00765,62.19494],[-133.00158,62.19753],[-132.99972,62.19662],[-133.00576,62.194]]]}},{"type":"Feature","properties":{"c":"48.0","o":"Golden Predator Mining Corp - 100%","e":"2035-12-27"},"geometry":{"type":"Polygon","coordinates":[[[-132.99173,62.11162],[-132.98467,62.10919],[-132.98986,62.10589],[-132.99692,62.10832],[-132.99173,62.11162]]]}},{"type":"Feature","properties":{"c":"1.0","o":"Deloitte Restructuring Inc. - 100%","e":"2029-03-31"},"geometry":{"type":"Polygon","coordinates":[[[-132.94969,62.20454],[-132.95847,62.20452],[-132.95853,62.20778],[-132.95686,62.20861],[-132.94978,62.20862],[-132.94969,62.20454]]]}},{"type":"Feature","properties":{"c":"131.0","o":"Deloitte Restructuring Inc. - 100%","e":"2029-03-31"},"geometry":{"type":"Polygon","coordinates":[[[-132.85036,62.21341],[-132.85907,62.21337],[-132.85916,62.21806],[-132.85042,62.2181],[-132.85036,62.21341]]]}},{"type":"Feature","properties":{"c":"40.0","o":"Deloitte Restructuring Inc. - 100%","e":"2029-03-31"},"geometry":{"type":"Polygon","coordinates":[[[-132.95656,62.20875],[-132.96267,62.20572],[-132.96935,62.20855],[-132.9631,62.21166],[-132.95656,62.20875]]]}},{"type":"Feature","properties":{"c":"829.0","o":"Silver Range Resources Ltd. - 100%","e":"2032-03-13"},"geometry":{"type":"Polygon","coordinates":[[[-132.55522,62.30529],[-132.56183,62.308],[-132.55616,62.31106],[-132.54955,62.30834],[-132.55522,62.30529]]]}},{"type":"Feature","properties":{"c":"67.0","o":"Deloitte Restructuring Inc. - 100%","e":"2029-03-31"},"geometry":{"type":"Polygon","coordinates":[[[-132.65716,62.19903],[-132.65699,62.19496],[-132.66573,62.19483],[-132.66591,62.19894],[-132.65716,62.19903]]]}},{"type":"Feature","properties":{"c":"593.0","o":"Silver Range Resources Ltd. - 100%","e":"2031-03-13"},"geometry":{"type":"Polygon","coordinates":[[[-132.776,62.41693],[-132.78255,62.41959],[-132.77688,62.42265],[-132.77033,62.41999],[-132.776,62.41693]]]}},{"type":"Feature","properties":{"c":"56.0","o":"Deloitte Restructuring Inc. - 100%","e":"2029-03-31"},"geometry":{"type":"Polygon","coordinates":[[[-132.76082,62.20543],[-132.76073,62.20135],[-132.76948,62.20134],[-132.76959,62.2054],[-132.76082,62.20543]]]}},{"type":"Feature","properties":{"c":"242.0","o":"Silver Range Resources Ltd. - 100%","e":"2031-03-13"},"geometry":{"type":"Polygon","coordinates":[[[-132.65119,62.40373],[-132.65773,62.4064],[-132.65205,62.40946],[-132.64551,62.40679],[-132.64946,62.40467],[-132.65119,62.40373]]]}},{"type":"Feature","properties":{"c":"628.0","o":"Silver Range Resources Ltd. - 100%","e":"2031-03-13"},"geometry":{"type":"Polygon","coordinates":[[[-132.88356,62.46585],[-132.89024,62.46855],[-132.88457,62.47162],[-132.87789,62.46892],[-132.87854,62.46857],[-132.88356,62.46585]]]}},{"type":"Feature","properties":{"c":"62.0","o":"Deloitte Restructuring Inc. - 100%","e":"2029-03-31"},"geometry":{"type":"Polygon","coordinates":[[[-132.82239,62.15443],[-132.82274,62.15032],[-132.83148,62.15047],[-132.83113,62.15459],[-132.82239,62.15443]]]}},{"type":"Feature","properties":{"c":"819.0","o":"Silver Range Resources Ltd. - 100%","e":"2032-03-13"},"geometry":{"type":"Polygon","coordinates":[[[-132.5864,62.30731],[-132.59301,62.31003],[-132.58734,62.31308],[-132.58073,62.31037],[-132.5864,62.30731]]]}},{"type":"Feature","properties":{"c":"84.0","o":"Deloitte Restructuring Inc. - 100%","e":"2029-03-31"},"geometry":{"type":"Polygon","coordinates":[[[-132.8672,62.14285],[-132.86758,62.13876],[-132.87622,62.13893],[-132.87587,62.14303],[-132.8672,62.14285]]]}},{"type":"Feature","properties":{"c":"130.0","o":"Silver Range Resources Ltd. - 100%","e":"2031-03-13"},"geometry":{"type":"Polygon","coordinates":[[[-132.64124,62.37816],[-132.64777,62.38083],[-132.64209,62.38389],[-132.63556,62.38122],[-132.63954,62.37908],[-132.64124,62.37816]]]}},{"type":"Feature","properties":{"c":"60.0","o":"Silver Range Resources Ltd. - 100%","e":"2031-03-13"},"geometry":{"type":"Polygon","coordinates":[[[-132.5533,62.33142],[-132.55992,62.33413],[-132.55425,62.33719],[-132.54763,62.33447],[-132.5533,62.33142]]]}},{"type":"Feature","properties":{"c":"286.0","o":"Silver Range Resources Ltd. - 100%","e":"2031-03-13"},"geometry":{"type":"Polygon","coordinates":[[[-132.60063,62.39384],[-132.60716,62.39651],[-132.60147,62.39957],[-132.59494,62.3969],[-132.59841,62.39503],[-132.60063,62.39384]]]}},{"type":"Feature","properties":{"c":"127.0","o":"Deloitte Restructuring Inc. - 100%","e":"2029-03-31"},"geometry":{"type":"Polygon","coordinates":[[[-132.8564,62.18721],[-132.86316,62.18712],[-132.86325,62.18877],[-132.85648,62.18882],[-132.8564,62.18721]]]}},{"type":"Feature","properties":{"c":"48.0","o":"Deloitte Restructuring Inc. - 100%","e":"2029-03-31"},"geometry":{"type":"Polygon","coordinates":[[[-132.85669,62.16301],[-132.85701,62.1592],[-132.86594,62.15927],[-132.86569,62.16282],[-132.85669,62.16301]]]}},{"type":"Feature","properties":{"c":"23.0","o":"Deloitte Restructuring Inc. - 100%","e":"2029-03-31"},"geometry":{"type":"Polygon","coordinates":[[[-132.92219,62.1973],[-132.92231,62.20122],[-132.91387,62.20124],[-132.91373,62.19731],[-132.92219,62.1973]]]}},{"type":"Feature","properties":{"c":"20.0","o":"Deloitte Restructuring Inc. - 100%","e":"2029-03-31"},"geometry":{"type":"Polygon","coordinates":[[[-132.89999,62.18325],[-132.89956,62.1815],[-132.89974,62.17917],[-132.90777,62.17894],[-132.90828,62.18308],[-132.90423,62.18315],[-132.89999,62.18325]]]}},{"type":"Feature","properties":{"c":"657.0","o":"Silver Range Resources Ltd. - 100%","e":"2031-03-13"},"geometry":{"type":"Polygon","coordinates":[[[-132.84052,62.43236],[-132.84718,62.43506],[-132.84152,62.43813],[-132.83485,62.43543],[-132.84052,62.43236]]]}},{"type":"Feature","properties":{"c":"29.0","o":"Deloitte Restructuring Inc. - 100%","e":"2028-03-31"},"geometry":{"type":"Polygon","coordinates":[[[-132.97714,62.17346],[-132.97158,62.17004],[-132.97863,62.1676],[-132.98336,62.17054],[-132.97714,62.17346]]]}},{"type":"Feature","properties":{"c":"556.0","o":"Silver Range Resources Ltd. - 100%","e":"2031-03-13"},"geometry":{"type":"Polygon","coordinates":[[[-132.7066,62.40482],[-132.71315,62.40748],[-132.70747,62.41054],[-132.70093,62.40788],[-132.70555,62.40539],[-132.7066,62.40482]]]}},{"type":"Feature","properties":{"c":"1159.0","o":"Silver Range Resources Ltd. - 100%","e":"2042-03-13"},"geometry":{"type":"Polygon","coordinates":[[[-132.93538,62.47579],[-132.94206,62.47849],[-132.93623,62.48158],[-132.92955,62.47888],[-132.93538,62.47579]]]}},{"type":"Feature","properties":{"c":"37.0","o":"Deloitte Restructuring Inc. - 100%","e":"2029-03-31"},"geometry":{"type":"Polygon","coordinates":[[[-132.83127,62.20521],[-132.83141,62.20927],[-132.82227,62.20929],[-132.82222,62.20522],[-132.83127,62.20521]]]}},{"type":"Feature","properties":{"c":"536.0","o":"Silver Range Resources Ltd. - 100%","e":"2031-03-13"},"geometry":{"type":"Polygon","coordinates":[[[-132.74763,62.43224],[-132.75419,62.4349],[-132.74851,62.43797],[-132.74196,62.43531],[-132.74691,62.43263],[-132.74763,62.43224]]]}},{"type":"Feature","properties":{"c":"79.0","o":"Silver Range Resources Ltd. - 100%","e":"2031-03-13"},"geometry":{"type":"Polygon","coordinates":[[[-132.62521,62.35548],[-132.63184,62.35819],[-132.62616,62.36125],[-132.61953,62.35854],[-132.62521,62.35548]]]}},{"type":"Feature","properties":{"c":"51.0","o":"Golden Predator Mining Corp - 100%","e":"2031-05-03"},"geometry":{"type":"Polygon","coordinates":[[[-132.70858,62.01347],[-132.71496,62.01626],[-132.709,62.01926],[-132.70262,62.01646],[-132.70858,62.01347]]]}},{"type":"Feature","properties":{"c":"730.0","o":"Silver Range Resources Ltd. - 100%","e":"2032-03-13"},"geometry":{"type":"Polygon","coordinates":[[[-132.5413,62.41316],[-132.54794,62.41587],[-132.54215,62.41898],[-132.53552,62.41626],[-132.5413,62.41316]]]}},{"type":"Feature","properties":{"c":"75.0","o":"Deloitte Restructuring Inc. - 100%","e":"2029-03-31"},"geometry":{"type":"Polygon","coordinates":[[[-132.8842,62.14729],[-132.89289,62.14747],[-132.89259,62.15155],[-132.88387,62.15138],[-132.8842,62.14729]]]}},{"type":"Feature","properties":{"c":"40.0","o":"Golden Predator Mining Corp - 100%","e":"2055-12-27"},"geometry":{"type":"Polygon","coordinates":[[[-132.86478,62.06015],[-132.85963,62.06345],[-132.85255,62.06102],[-132.8577,62.05771],[-132.86478,62.06015]]]}},{"type":"Feature","properties":{"c":"32.0","o":"Golden Predator Mining Corp - 100%","e":"2055-12-27"},"geometry":{"type":"Polygon","coordinates":[[[-132.88406,62.06171],[-132.8892,62.05841],[-132.89627,62.06084],[-132.89113,62.06415],[-132.88406,62.06171]]]}},{"type":"Feature","properties":{"c":"310.0","o":"Silver Range Resources Ltd. - 100%","e":"2042-03-13"},"geometry":{"type":"Polygon","coordinates":[[[-132.83775,62.45269],[-132.84442,62.45539],[-132.83859,62.45847],[-132.83192,62.45577],[-132.83775,62.45269]]]}},{"type":"Feature","properties":{"c":"298.0","o":"Golden Predator Mining Corp - 100%","e":"2050-12-27"},"geometry":{"type":"Polygon","coordinates":[[[-132.79929,62.03254],[-132.80646,62.03496],[-132.80115,62.03821],[-132.79422,62.03582],[-132.79659,62.03429],[-132.79929,62.03254]]]}},{"type":"Feature","properties":{"c":"30.0","o":"Deloitte Restructuring Inc. - 100%","e":"2029-03-31"},"geometry":{"type":"Polygon","coordinates":[[[-132.89597,62.18688],[-132.90098,62.18723],[-132.89614,62.18748],[-132.89597,62.18688]]]}},{"type":"Feature","properties":{"c":"2023.0","o":"Silver Range Resources Ltd. - 100%","e":"2038-03-13"},"geometry":{"type":"Polygon","coordinates":[[[-132.83609,62.4847],[-132.84276,62.4874],[-132.8398,62.48897],[-132.83312,62.48627],[-132.83609,62.4847]]]}},{"type":"Feature","properties":{"c":"42.0","o":"Golden Predator Mining Corp - 100%","e":"2055-12-27"},"geometry":{"type":"Polygon","coordinates":[[[-132.87378,62.06832],[-132.8667,62.06589],[-132.87185,62.06258],[-132.87892,62.06502],[-132.87378,62.06832]]]}},{"type":"Feature","properties":{"c":"624.0","o":"Silver Range Resources Ltd. - 100%","e":"2031-03-13"},"geometry":{"type":"Polygon","coordinates":[[[-132.87021,62.46046],[-132.87689,62.46315],[-132.87122,62.46622],[-132.86454,62.46352],[-132.86506,62.46324],[-132.87021,62.46046]]]}},{"type":"Feature","properties":{"c":"839.0","o":"Silver Range Resources Ltd. - 100%","e":"2032-03-13"},"geometry":{"type":"Polygon","coordinates":[[[-132.58829,62.31885],[-132.59491,62.32156],[-132.58924,62.32462],[-132.58262,62.32191],[-132.58829,62.31885]]]}},{"type":"Feature","properties":{"c":"760.0","o":"Silver Range Resources Ltd. - 100%","e":"2040-03-13"},"geometry":{"type":"Polygon","coordinates":[[[-132.82053,62.42426],[-132.82636,62.42118],[-132.83302,62.42388],[-132.82719,62.42696],[-132.82053,62.42426]]]}},{"type":"Feature","properties":{"c":"723.0","o":"Silver Range Resources Ltd. - 100%","e":"2032-03-13"},"geometry":{"type":"Polygon","coordinates":[[[-132.52719,62.40191],[-132.53382,62.40463],[-132.52804,62.40773],[-132.52141,62.40501],[-132.52719,62.40191]]]}},{"type":"Feature","properties":{"c":"208.0","o":"Silver Range Resources Ltd. - 100%","e":"2031-03-13"},"geometry":{"type":"Polygon","coordinates":[[[-132.53908,62.35789],[-132.54571,62.3606],[-132.54002,62.36366],[-132.5334,62.36094],[-132.53625,62.35941],[-132.53908,62.35789]]]}},{"type":"Feature","properties":{"c":"859.0","o":"Silver Range Resources Ltd. - 100%","e":"2032-03-13"},"geometry":{"type":"Polygon","coordinates":[[[-132.54575,62.32293],[-132.55236,62.32565],[-132.54669,62.3287],[-132.54007,62.32599],[-132.54575,62.32293]]]}},{"type":"Feature","properties":{"c":"4.0","o":"Golden Predator Mining Corp - 100%","e":"2043-12-27"},"geometry":{"type":"Polygon","coordinates":[[[-132.87564,62.07403],[-132.88086,62.07076],[-132.88794,62.07319],[-132.88273,62.07647],[-132.87564,62.07403]]]}},{"type":"Feature","properties":{"c":"100.0","o":"Silver Range Resources Ltd. - 100%","e":"2031-03-13"},"geometry":{"type":"Polygon","coordinates":[[[-132.54195,62.33753],[-132.54857,62.34024],[-132.54289,62.3433],[-132.53627,62.34058],[-132.53928,62.33896],[-132.54195,62.33753]]]}},{"type":"Feature","properties":{"c":"70.0","o":"Silver Range Resources Ltd. - 100%","e":"2031-03-13"},"geometry":{"type":"Polygon","coordinates":[[[-132.5864,62.34498],[-132.59303,62.3477],[-132.58735,62.35075],[-132.58073,62.34804],[-132.5864,62.34498]]]}},{"type":"Feature","properties":{"c":"16.0","o":"Deloitte Restructuring Inc. - 100%","e":"2029-03-31"},"geometry":{"type":"Polygon","coordinates":[[[-132.75109,62.16931],[-132.75145,62.16507],[-132.76013,62.16534],[-132.7598,62.16948],[-132.75109,62.16931]]]}},{"type":"Feature","properties":{"c":"2050.0","o":"Silver Range Resources Ltd. - 100%","e":"2038-03-13"},"geometry":{"type":"Polygon","coordinates":[[[-132.81114,62.48542],[-132.81781,62.48812],[-132.81206,62.49116],[-132.80538,62.48845],[-132.81114,62.48542]]]}},{"type":"Feature","properties":{"c":"756.0","o":"Silver Range Resources Ltd. - 100%","e":"2040-03-13"},"geometry":{"type":"Polygon","coordinates":[[[-132.81296,62.41574],[-132.81962,62.41845],[-132.81386,62.42156],[-132.8072,62.41886],[-132.81296,62.41574]]]}},{"type":"Feature","properties":{"c":"216.0","o":"Silver Range Resources Ltd. - 100%","e":"2031-03-13"},"geometry":{"type":"Polygon","coordinates":[[[-132.56558,62.36875],[-132.57221,62.37146],[-132.56652,62.37451],[-132.5599,62.3718],[-132.563,62.37013],[-132.56558,62.36875]]]}},{"type":"Feature","properties":{"c":"214.0","o":"Silver Range Resources Ltd. - 100%","e":"2031-03-13"},"geometry":{"type":"Polygon","coordinates":[[[-132.55895,62.36603],[-132.56558,62.36875],[-132.5599,62.3718],[-132.55327,62.36909],[-132.55631,62.36745],[-132.55895,62.36603]]]}},{"type":"Feature","properties":{"c":"39.0","o":"Silver Range Resources Ltd. - 100%","e":"2044-03-13"},"geometry":{"type":"Polygon","coordinates":[[[-132.95525,62.48397],[-132.96194,62.48667],[-132.9562,62.48971],[-132.94951,62.48702],[-132.95525,62.48397]]]}},{"type":"Feature","properties":{"c":"37.0","o":"Deloitte Restructuring Inc. - 100%","e":"2029-03-31"},"geometry":{"type":"Polygon","coordinates":[[[-132.88006,62.18831],[-132.88109,62.19239],[-132.87241,62.19261],[-132.87206,62.18854],[-132.88006,62.18831]]]}},{"type":"Feature","properties":{"c":"76.0","o":"Deloitte Restructuring Inc. - 100%","e":"2029-03-31"},"geometry":{"type":"Polygon","coordinates":[[[-132.84898,62.20518],[-132.84887,62.20119],[-132.85774,62.20117],[-132.85784,62.20512],[-132.84898,62.20518]]]}},{"type":"Feature","properties":{"c":"2266.0","o":"Silver Range Resources Ltd. - 100%","e":"2038-03-13"},"geometry":{"type":"Polygon","coordinates":[[[-132.77659,62.46061],[-132.78315,62.46327],[-132.77738,62.46638],[-132.77082,62.46372],[-132.77659,62.46061]]]}},{"type":"Feature","properties":{"c":"546.0","o":"Silver Range Resources Ltd. - 100%","e":"2031-03-13"},"geometry":{"type":"Polygon","coordinates":[[[-132.78083,62.44572],[-132.7875,62.44842],[-132.78182,62.45148],[-132.77516,62.44878],[-132.78043,62.44593],[-132.78083,62.44572]]]}},{"type":"Feature","properties":{"c":"23.0","o":"Deloitte Restructuring Inc. - 100%","e":"2029-03-31"},"geometry":{"type":"Polygon","coordinates":[[[-132.68179,62.20082],[-132.69057,62.20078],[-132.69068,62.20481],[-132.68189,62.20485],[-132.68179,62.20082]]]}},{"type":"Feature","properties":{"c":"10.0","o":"Deloitte Restructuring Inc. - 100%","e":"2029-03-31"},"geometry":{"type":"Polygon","coordinates":[[[-132.98367,62.18068],[-132.99225,62.18066],[-132.99233,62.18483],[-132.98377,62.18493],[-132.98367,62.18068]]]}},{"type":"Feature","properties":{"c":"834.0","o":"Silver Range Resources Ltd. - 100%","e":"2032-03-13"},"geometry":{"type":"Polygon","coordinates":[[[-132.56277,62.31377],[-132.56939,62.31648],[-132.56371,62.31954],[-132.5571,62.31682],[-132.56277,62.31377]]]}},{"type":"Feature","properties":{"c":"846.0","o":"Silver Range Resources Ltd. - 100%","e":"2032-03-13"},"geometry":{"type":"Polygon","coordinates":[[[-132.5382,62.31445],[-132.54481,62.31717],[-132.53914,62.32022],[-132.53252,62.31751],[-132.5382,62.31445]]]}},{"type":"Feature","properties":{"c":"694.0","o":"Silver Range Resources Ltd. - 100%","e":"2032-03-13"},"geometry":{"type":"Polygon","coordinates":[[[-132.51972,62.39338],[-132.52635,62.39609],[-132.52056,62.3992],[-132.51393,62.39648],[-132.51972,62.39338]]]}},{"type":"Feature","properties":{"c":"22.0","o":"Silver Range Resources Ltd. - 100%","e":"2031-03-13"},"geometry":{"type":"Polygon","coordinates":[[[-132.6091,62.33276],[-132.61572,62.33547],[-132.61005,62.33852],[-132.60342,62.33581],[-132.6091,62.33276]]]}},{"type":"Feature","properties":{"c":"2187.0","o":"Silver Range Resources Ltd. - 100%","e":"2038-03-13"},"geometry":{"type":"Polygon","coordinates":[[[-132.79387,62.49453],[-132.80055,62.49723],[-132.79479,62.50026],[-132.78812,62.49756],[-132.79387,62.49453]]]}},{"type":"Feature","properties":{"c":"270.0","o":"Silver Range Resources Ltd. - 100%","e":"2031-03-13"},"geometry":{"type":"Polygon","coordinates":[[[-132.54759,62.37214],[-132.55421,62.37486],[-132.54853,62.37791],[-132.5419,62.3752],[-132.54485,62.37361],[-132.54759,62.37214]]]}},{"type":"Feature","properties":{"c":"86.0","o":"Golden Predator Mining Corp - 100%","e":"2052-12-27"},"geometry":{"type":"Polygon","coordinates":[[[-132.93347,62.07869],[-132.93859,62.07539],[-132.94564,62.07781],[-132.94053,62.08111],[-132.93347,62.07869]]]}},{"type":"Feature","properties":{"c":"816.0","o":"Silver Range Resources Ltd. - 100%","e":"2032-03-13"},"geometry":{"type":"Polygon","coordinates":[[[-132.5675,62.30494],[-132.57411,62.30766],[-132.56844,62.31071],[-132.56183,62.308],[-132.5675,62.30494]]]}},{"type":"Feature","properties":{"c":"27.0","o":"Silver Range Resources Ltd. - 100%","e":"2031-03-13"},"geometry":{"type":"Polygon","coordinates":[[[-132.63464,62.33783],[-132.64126,62.34054],[-132.63559,62.3436],[-132.62897,62.34089],[-132.63464,62.33783]]]}},{"type":"Feature","properties":{"c":"864.0","o":"Silver Range Resources Ltd. - 100%","e":"2032-03-13"},"geometry":{"type":"Polygon","coordinates":[[[-132.50888,62.32395],[-132.51549,62.32667],[-132.50981,62.32972],[-132.5032,62.32701],[-132.50888,62.32395]]]}},{"type":"Feature","properties":{"c":"752.0","o":"Silver Range Resources Ltd. - 100%","e":"2040-03-13"},"geometry":{"type":"Polygon","coordinates":[[[-132.79964,62.41034],[-132.8063,62.41304],[-132.80055,62.41616],[-132.79389,62.41346],[-132.79964,62.41034]]]}},{"type":"Feature","properties":{"c":"63.0","o":"Deloitte Restructuring Inc. - 100%","e":"2029-03-31"},"geometry":{"type":"Polygon","coordinates":[[[-132.79574,62.20129],[-132.7956,62.19719],[-132.80457,62.19717],[-132.80468,62.20128],[-132.79574,62.20129]]]}},{"type":"Feature","properties":{"c":"175.0","o":"Silver Range Resources Ltd. - 100%","e":"2031-03-13"},"geometry":{"type":"Polygon","coordinates":[[[-132.63556,62.38122],[-132.64209,62.38389],[-132.63641,62.38695],[-132.62988,62.38428],[-132.63378,62.38218],[-132.63556,62.38122]]]}},{"type":"Feature","properties":{"c":"563.0","o":"Silver Range Resources Ltd. - 100%","e":"2031-03-13"},"geometry":{"type":"Polygon","coordinates":[[[-132.73846,62.41241],[-132.74501,62.41507],[-132.73933,62.41813],[-132.73278,62.41547],[-132.73775,62.41279],[-132.73846,62.41241]]]}},{"type":"Feature","properties":{"c":"341.0","o":"Silver Range Resources Ltd. - 100%","e":"2031-03-13"},"geometry":{"type":"Polygon","coordinates":[[[-132.59494,62.3969],[-132.60147,62.39957],[-132.59579,62.40263],[-132.58926,62.39996],[-132.59264,62.39814],[-132.59494,62.3969]]]}},{"type":"Feature","properties":{"c":"14.0","o":"Deloitte Restructuring Inc. - 100%","e":"2029-03-31"},"geometry":{"type":"Polygon","coordinates":[[[-132.9411,62.21272],[-132.94986,62.2127],[-132.94988,62.21681],[-132.94115,62.21682],[-132.9411,62.21272]]]}},{"type":"Feature","properties":{"c":"19.0","o":"Silver Range Resources Ltd. - 100%","e":"2031-03-13"},"geometry":{"type":"Polygon","coordinates":[[[-132.60815,62.32699],[-132.61477,62.3297],[-132.6091,62.33276],[-132.60247,62.33004],[-132.60815,62.32699]]]}},{"type":"Feature","properties":{"c":"2056.0","o":"Silver Range Resources Ltd. - 100%","e":"2038-03-13"},"geometry":{"type":"Polygon","coordinates":[[[-132.83117,62.49352],[-132.83785,62.49622],[-132.83209,62.49926],[-132.82542,62.49656],[-132.83117,62.49352]]]}},{"type":"Feature","properties":{"c":"634.0","o":"Silver Range Resources Ltd. - 100%","e":"2031-03-13"},"geometry":{"type":"Polygon","coordinates":[[[-132.75547,62.40322],[-132.76202,62.40588],[-132.75635,62.40894],[-132.7498,62.40628],[-132.75547,62.40322]]]}},{"type":"Feature","properties":{"c":"6.0","o":"Deloitte Restructuring Inc. - 100%","e":"2028-03-31"},"geometry":{"type":"Polygon","coordinates":[[[-132.98561,62.16544],[-132.9862,62.16507],[-132.98749,62.16544],[-132.99138,62.16768],[-132.9902,62.16811],[-132.98561,62.16544]]]}},{"type":"Feature","properties":{"c":"15.0","o":"Deloitte Restructuring Inc. - 100%","e":"2029-03-31"},"geometry":{"type":"Polygon","coordinates":[[[-132.81422,62.21307],[-132.81428,62.21721],[-132.80573,62.21724],[-132.80567,62.21312],[-132.81422,62.21307]]]}},{"type":"Feature","properties":{"c":"106.0","o":"Deloitte Restructuring Inc. - 100%","e":"2029-03-31"},"geometry":{"type":"Polygon","coordinates":[[[-132.8938,62.13518],[-132.90241,62.13534],[-132.90214,62.13944],[-132.8935,62.13927],[-132.8938,62.13518]]]}},{"type":"Feature","properties":{"c":"733.0","o":"Silver Range Resources Ltd. - 100%","e":"2032-03-13"},"geometry":{"type":"Polygon","coordinates":[[[-132.56036,62.41548],[-132.56689,62.41815],[-132.56111,62.42126],[-132.55457,62.41859],[-132.56036,62.41548]]]}},{"type":"Feature","properties":{"c":"29.0","o":"Deloitte Restructuring Inc. - 100%","e":"2029-03-31"},"geometry":{"type":"Polygon","coordinates":[[[-132.88083,62.19524],[-132.88086,62.19273],[-132.88934,62.19272],[-132.88941,62.19521],[-132.88083,62.19524]]]}},{"type":"Feature","properties":{"c":"164.0","o":"Deloitte Restructuring Inc. - 100%","e":"2029-03-31"},"geometry":{"type":"Polygon","coordinates":[[[-132.77794,62.19228],[-132.769,62.19176],[-132.77001,62.18774],[-132.77894,62.18823],[-132.77794,62.19228]]]}},{"type":"Feature","properties":{"c":"667.0","o":"Silver Range Resources Ltd. - 100%","e":"2031-03-13"},"geometry":{"type":"Polygon","coordinates":[[[-132.87386,62.44586],[-132.88054,62.44855],[-132.87487,62.45162],[-132.8682,62.44892],[-132.87386,62.44586]]]}},{"type":"Feature","properties":{"c":"518.0","o":"Silver Range Resources Ltd. - 100%","e":"2031-03-13"},"geometry":{"type":"Polygon","coordinates":[[[-132.68871,62.40828],[-132.69525,62.41094],[-132.68957,62.414],[-132.68303,62.41134],[-132.68741,62.40898],[-132.68871,62.40828]]]}},{"type":"Feature","properties":{"c":"140.0","o":"Silver Range Resources Ltd. - 100%","e":"2031-03-13"},"geometry":{"type":"Polygon","coordinates":[[[-132.67391,62.3915],[-132.68044,62.39416],[-132.67477,62.39722],[-132.66823,62.39456],[-132.67253,62.39224],[-132.67391,62.3915]]]}},{"type":"Feature","properties":{"c":"92.0","o":"Golden Predator Mining Corp - 100%","e":"2046-12-27"},"geometry":{"type":"Polygon","coordinates":[[[-132.95484,62.08601],[-132.95997,62.08272],[-132.96714,62.08518],[-132.962,62.08847],[-132.95484,62.08601]]]}},{"type":"Feature","properties":{"c":"33.0","o":"Deloitte Restructuring Inc. - 100%","e":"2029-03-31"},"geometry":{"type":"Polygon","coordinates":[[[-132.97626,62.2232],[-132.97,62.22044],[-132.97607,62.21743],[-132.98232,62.2202],[-132.97626,62.2232]]]}},{"type":"Feature","properties":{"c":"288.0","o":"Silver Range Resources Ltd. - 100%","e":"2042-03-13"},"geometry":{"type":"Polygon","coordinates":[[[-132.9112,62.48237],[-132.91788,62.48506],[-132.91205,62.48815],[-132.90536,62.48545],[-132.9112,62.48237]]]}},{"type":"Feature","properties":{"c":"774.0","o":"Silver Range Resources Ltd. - 100%","e":"2040-03-13"},"geometry":{"type":"Polygon","coordinates":[[[-132.87295,62.44004],[-132.87962,62.44274],[-132.87386,62.44586],[-132.86719,62.44316],[-132.87295,62.44004]]]}},{"type":"Feature","properties":{"c":"276.0","o":"Silver Range Resources Ltd. - 100%","e":"2031-03-13"},"geometry":{"type":"Polygon","coordinates":[[[-132.56747,62.38028],[-132.5741,62.383],[-132.56841,62.38605],[-132.56178,62.38334],[-132.56493,62.38165],[-132.56747,62.38028]]]}},{"type":"Feature","properties":{"c":"16.0","o":"Deloitte Restructuring Inc. - 100%","e":"2029-03-31"},"geometry":{"type":"Polygon","coordinates":[[[-132.93242,62.21682],[-132.93233,62.21273],[-132.9411,62.21272],[-132.94115,62.21682],[-132.93242,62.21682]]]}},{"type":"Feature","properties":{"c":"307.0","o":"Silver Range Resources Ltd. - 100%","e":"2042-03-13"},"geometry":{"type":"Polygon","coordinates":[[[-132.83859,62.45847],[-132.84526,62.46117],[-132.83942,62.46426],[-132.83275,62.46156],[-132.83859,62.45847]]]}},{"type":"Feature","properties":{"c":"660.0","o":"Silver Range Resources Ltd. - 100%","e":"2031-03-13"},"geometry":{"type":"Polygon","coordinates":[[[-132.84152,62.43813],[-132.84819,62.44083],[-132.84252,62.44389],[-132.83585,62.4412],[-132.84152,62.43813]]]}},{"type":"Feature","properties":{"c":"55.0","o":"Golden Predator Mining Corp - 100%","e":"2056-12-27"},"geometry":{"type":"Polygon","coordinates":[[[-132.92836,62.08199],[-132.9213,62.07957],[-132.92642,62.07627],[-132.93347,62.07869],[-132.92836,62.08199]]]}},{"type":"Feature","properties":{"c":"50.0","o":"Deloitte Restructuring Inc. - 100%","e":"2029-03-31"},"geometry":{"type":"Polygon","coordinates":[[[-132.94061,62.17846],[-132.94096,62.1824],[-132.93235,62.18249],[-132.93188,62.17864],[-132.93501,62.17849],[-132.94061,62.17846]]]}},{"type":"Feature","properties":{"c":"31.0","o":"Deloitte Restructuring Inc. - 100%","e":"2029-03-31"},"geometry":{"type":"Polygon","coordinates":[[[-132.71693,62.20066],[-132.72571,62.20062],[-132.72582,62.20464],[-132.71704,62.20468],[-132.71693,62.20066]]]}},{"type":"Feature","properties":{"c":"237.0","o":"Silver Range Resources Ltd. - 100%","e":"2031-03-13"},"geometry":{"type":"Polygon","coordinates":[[[-132.6438,62.39534],[-132.65034,62.39801],[-132.64466,62.40107],[-132.63812,62.3984],[-132.64203,62.3963],[-132.6438,62.39534]]]}},{"type":"Feature","properties":{"c":"295.0","o":"Silver Range Resources Ltd. - 100%","e":"2031-03-13"},"geometry":{"type":"Polygon","coordinates":[[[-132.63898,62.40413],[-132.64551,62.40679],[-132.63983,62.40985],[-132.63329,62.40718],[-132.63708,62.40514],[-132.63898,62.40413]]]}},{"type":"Feature","properties":{"c":"54.0","o":"Deloitte Restructuring Inc. - 100%","e":"2029-03-31"},"geometry":{"type":"Polygon","coordinates":[[[-132.91584,62.17884],[-132.92344,62.17874],[-132.92377,62.18258],[-132.91616,62.18291],[-132.91584,62.17884]]]}},{"type":"Feature","properties":{"c":"93.0","o":"Golden Predator Mining Corp - 100%","e":"2047-12-27"},"geometry":{"type":"Polygon","coordinates":[[[-132.78697,62.01557],[-132.78173,62.01889],[-132.77469,62.01644],[-132.77994,62.01312],[-132.78697,62.01557]]]}},{"type":"Feature","properties":{"c":"172.0","o":"Silver Range Resources Ltd. - 100%","e":"2031-03-13"},"geometry":{"type":"Polygon","coordinates":[[[-132.61672,62.3789],[-132.62335,62.38161],[-132.61767,62.38467],[-132.61104,62.38196],[-132.61471,62.37998],[-132.61672,62.3789]]]}},{"type":"Feature","properties":{"c":"113.0","o":"Silver Range Resources Ltd. - 100%","e":"2031-03-13"},"geometry":{"type":"Polygon","coordinates":[[[-132.59398,62.35346],[-132.6006,62.35618],[-132.59492,62.35923],[-132.5883,62.35652],[-132.59186,62.35461],[-132.59398,62.35346]]]}},{"type":"Feature","properties":{"c":"75.0","o":"Golden Predator Mining Corp - 100%","e":"2055-12-27"},"geometry":{"type":"Polygon","coordinates":[[[-132.90333,62.06328],[-132.90846,62.05997],[-132.91551,62.06241],[-132.91039,62.06571],[-132.90333,62.06328]]]}},{"type":"Feature","properties":{"c":"772.0","o":"Silver Range Resources Ltd. - 100%","e":"2040-03-13"},"geometry":{"type":"Polygon","coordinates":[[[-132.86628,62.43734],[-132.87295,62.44004],[-132.86719,62.44316],[-132.86052,62.44046],[-132.86628,62.43734]]]}},{"type":"Feature","properties":{"c":"773.0","o":"Silver Range Resources Ltd. - 100%","e":"2040-03-13"},"geometry":{"type":"Polygon","coordinates":[[[-132.8787,62.43692],[-132.88537,62.43962],[-132.87962,62.44274],[-132.87295,62.44004],[-132.8787,62.43692]]]}},{"type":"Feature","properties":{"c":"10.0","o":"Golden Predator Mining Corp - 100%","e":"2032-05-03"},"geometry":{"type":"Polygon","coordinates":[[[-132.81289,62.01694],[-132.81994,62.01936],[-132.81481,62.02262],[-132.80779,62.02018],[-132.81289,62.01694]]]}},{"type":"Feature","properties":{"c":"35.0","o":"Deloitte Restructuring Inc. - 100%","e":"2029-03-31"},"geometry":{"type":"Polygon","coordinates":[[[-132.7345,62.20057],[-132.7432,62.20053],[-132.74326,62.20455],[-132.73461,62.2046],[-132.7345,62.20057]]]}},{"type":"Feature","properties":{"c":"53.0","o":"Golden Predator Mining Corp - 100%","e":"2031-05-03"},"geometry":{"type":"Polygon","coordinates":[[[-132.70219,62.01067],[-132.70858,62.01347],[-132.70262,62.01646],[-132.69624,62.01366],[-132.70219,62.01067]]]}},{"type":"Feature","properties":{"c":"44.0","o":"Deloitte Restructuring Inc. - 100%","e":"2029-03-31"},"geometry":{"type":"Polygon","coordinates":[[[-132.84827,62.15904],[-132.84785,62.16286],[-132.8391,62.1624],[-132.83953,62.15888],[-132.84827,62.15904]]]}},{"type":"Feature","properties":{"c":"37.0","o":"Deloitte Restructuring Inc. - 100%","e":"2028-03-31"},"geometry":{"type":"Polygon","coordinates":[[[-132.95573,62.16284],[-132.94939,62.15996],[-132.95535,62.15707],[-132.96116,62.1597],[-132.95573,62.16284]]]}},{"type":"Feature","properties":{"c":"806.0","o":"Silver Range Resources Ltd. - 100%","e":"2040-03-13"},"geometry":{"type":"Polygon","coordinates":[[[-132.84459,62.41761],[-132.85132,62.42027],[-132.84544,62.42346],[-132.83878,62.42076],[-132.84459,62.41761]]]}},{"type":"Feature","properties":{"c":"705.0","o":"Silver Range Resources Ltd. - 100%","e":"2032-03-13"},"geometry":{"type":"Polygon","coordinates":[[[-132.56529,62.40656],[-132.57192,62.40927],[-132.56614,62.41238],[-132.5595,62.40966],[-132.56529,62.40656]]]}},{"type":"Feature","properties":{"c":"89.0","o":"Deloitte Restructuring Inc. - 100%","e":"2029-03-31"},"geometry":{"type":"Polygon","coordinates":[[[-132.8875,62.16242],[-132.89629,62.16227],[-132.89666,62.16611],[-132.88788,62.16626],[-132.8875,62.16242]]]}},{"type":"Feature","properties":{"c":"76.0","o":"Silver Range Resources Ltd. - 100%","e":"2031-03-13"},"geometry":{"type":"Polygon","coordinates":[[[-132.60628,62.35312],[-132.6129,62.35583],[-132.60723,62.35889],[-132.6006,62.35618],[-132.60628,62.35312]]]}},{"type":"Feature","properties":{"c":"93.0","o":"Deloitte Restructuring Inc. - 100%","e":"2029-03-31"},"geometry":{"type":"Polygon","coordinates":[[[-132.90186,62.14354],[-132.91053,62.14371],[-132.91028,62.1478],[-132.90159,62.14764],[-132.90186,62.14354]]]}},{"type":"Feature","properties":{"c":"10.0","o":"Deloitte Restructuring Inc. - 100%","e":"2029-03-31"},"geometry":{"type":"Polygon","coordinates":[[[-132.78767,62.21732],[-132.78786,62.22138],[-132.77898,62.2214],[-132.77882,62.21735],[-132.78767,62.21732]]]}},{"type":"Feature","properties":{"c":"80.0","o":"Silver Range Resources Ltd. - 100%","e":"2031-03-13"},"geometry":{"type":"Polygon","coordinates":[[[-132.61953,62.35854],[-132.62616,62.36125],[-132.62049,62.36431],[-132.61386,62.3616],[-132.61953,62.35854]]]}},{"type":"Feature","properties":{"c":"2.0","o":"Golden Predator Mining Corp - 100%","e":"2041-12-27"},"geometry":{"type":"Polygon","coordinates":[[[-132.97139,62.0895],[-132.97858,62.09196],[-132.97345,62.09525],[-132.96628,62.0928],[-132.96918,62.09093],[-132.97139,62.0895]]]}},{"type":"Feature","properties":{"c":"31.0","o":"Golden Predator Mining Corp - 100%","e":"2038-12-27"},"geometry":{"type":"Polygon","coordinates":[[[-132.92585,62.09635],[-132.91879,62.09393],[-132.92393,62.09061],[-132.931,62.09303],[-132.92585,62.09635]]]}},{"type":"Feature","properties":{"c":"782.0","o":"Silver Range Resources Ltd. - 100%","e":"2040-03-13"},"geometry":{"type":"Polygon","coordinates":[[[-132.89964,62.45083],[-132.90632,62.45353],[-132.90056,62.45665],[-132.89388,62.45395],[-132.89964,62.45083]]]}},{"type":"Feature","properties":{"c":"154.0","o":"Silver Range Resources Ltd. - 100%","e":"2031-03-13"},"geometry":{"type":"Polygon","coordinates":[[[-132.55707,62.35449],[-132.56369,62.35721],[-132.55801,62.36026],[-132.55139,62.35755],[-132.55448,62.35589],[-132.55707,62.35449]]]}},{"type":"Feature","properties":{"c":"83.0","o":"Deloitte Restructuring Inc. - 100%","e":"2029-03-31"},"geometry":{"type":"Polygon","coordinates":[[[-132.88425,62.19713],[-132.89312,62.19707],[-132.89319,62.20109],[-132.88433,62.20111],[-132.88425,62.19713]]]}},{"type":"Feature","properties":{"c":"630.0","o":"Silver Range Resources Ltd. - 100%","e":"2031-03-13"},"geometry":{"type":"Polygon","coordinates":[[[-132.89024,62.46855],[-132.89692,62.47125],[-132.89125,62.47432],[-132.88457,62.47162],[-132.88528,62.47123],[-132.89024,62.46855]]]}},{"type":"Feature","properties":{"c":"77.0","o":"Deloitte Restructuring Inc. - 100%","e":"2029-03-31"},"geometry":{"type":"Polygon","coordinates":[[[-132.8666,62.20115],[-132.85774,62.20117],[-132.85763,62.19707],[-132.8665,62.19705],[-132.8666,62.20115]]]}},{"type":"Feature","properties":{"c":"50.0","o":"Deloitte Restructuring Inc. - 100%","e":"2029-03-31"},"geometry":{"type":"Polygon","coordinates":[[[-132.87455,62.15945],[-132.87432,62.16266],[-132.86569,62.16282],[-132.86594,62.15927],[-132.87455,62.15945]]]}},{"type":"Feature","properties":{"c":"22.0","o":"Deloitte Restructuring Inc. - 100%","e":"2028-03-31"},"geometry":{"type":"Polygon","coordinates":[[[-132.95873,62.17189],[-132.96576,62.16967],[-132.97102,62.17344],[-132.96403,62.17563],[-132.95873,62.17189]]]}},{"type":"Feature","properties":{"c":"39.0","o":"Deloitte Restructuring Inc. - 100%","e":"2029-03-31"},"geometry":{"type":"Polygon","coordinates":[[[-132.84898,62.20518],[-132.8491,62.20922],[-132.84025,62.20924],[-132.84013,62.20519],[-132.84898,62.20518]]]}},{"type":"Feature","properties":{"c":"158.0","o":"Deloitte Restructuring Inc. - 100%","e":"2029-03-31"},"geometry":{"type":"Polygon","coordinates":[[[-132.80575,62.18972],[-132.80476,62.19382],[-132.79582,62.19331],[-132.79681,62.18923],[-132.80575,62.18972]]]}},{"type":"Feature","properties":{"c":"701.0","o":"Silver Range Resources Ltd. - 100%","e":"2032-03-13"},"geometry":{"type":"Polygon","coordinates":[[[-132.55202,62.40113],[-132.55865,62.40385],[-132.55287,62.40695],[-132.54624,62.40424],[-132.55202,62.40113]]]}},{"type":"Feature","properties":{"c":"171.0","o":"Deloitte Restructuring Inc. - 100%","e":"2029-03-31"},"geometry":{"type":"Polygon","coordinates":[[[-132.86934,62.19724],[-132.8693,62.19518],[-132.87867,62.19523],[-132.87863,62.19717],[-132.86934,62.19724]]]}},{"type":"Feature","properties":{"c":"5.0","o":"Deloitte Restructuring Inc. - 100%","e":"2029-03-31"},"geometry":{"type":"Polygon","coordinates":[[[-132.72604,62.21269],[-132.72615,62.21671],[-132.71736,62.21676],[-132.71725,62.21273],[-132.72604,62.21269]]]}},{"type":"Feature","properties":{"c":"37.0","o":"Deloitte Restructuring Inc. - 100%","e":"2029-03-31"},"geometry":{"type":"Polygon","coordinates":[[[-132.81435,62.14605],[-132.82309,62.1462],[-132.82274,62.15032],[-132.814,62.15016],[-132.81435,62.14605]]]}},{"type":"Feature","properties":{"c":"228.0","o":"Silver Range Resources Ltd. - 100%","e":"2042-03-13"},"geometry":{"type":"Polygon","coordinates":[[[-132.83442,62.47313],[-132.84109,62.47583],[-132.83525,62.47891],[-132.82858,62.47621],[-132.83442,62.47313]]]}},{"type":"Feature","properties":{"c":"41.0","o":"Deloitte Restructuring Inc. - 100%","e":"2029-03-31"},"geometry":{"type":"Polygon","coordinates":[[[-132.8668,62.20916],[-132.85794,62.20919],[-132.85784,62.20512],[-132.8667,62.20509],[-132.8668,62.20916]]]}},{"type":"Feature","properties":{"c":"2264.0","o":"Silver Range Resources Ltd. - 100%","e":"2038-03-13"},"geometry":{"type":"Polygon","coordinates":[[[-132.78236,62.4575],[-132.78892,62.46016],[-132.78315,62.46327],[-132.77659,62.46061],[-132.78236,62.4575]]]}},{"type":"Feature","properties":{"c":"540.0","o":"Silver Range Resources Ltd. - 100%","e":"2031-03-13"},"geometry":{"type":"Polygon","coordinates":[[[-132.76085,62.43761],[-132.76751,62.44031],[-132.76183,62.44338],[-132.75517,62.44067],[-132.76025,62.43793],[-132.76085,62.43761]]]}},{"type":"Feature","properties":{"c":"640.0","o":"Silver Range Resources Ltd. - 100%","e":"2031-03-13"},"geometry":{"type":"Polygon","coordinates":[[[-132.77512,62.4112],[-132.78167,62.41386],[-132.776,62.41693],[-132.76945,62.41426],[-132.77512,62.4112]]]}},{"type":"Feature","properties":{"c":"32.0","o":"Silver Range Resources Ltd. - 100%","e":"2044-03-13"},"geometry":{"type":"Polygon","coordinates":[[[-132.9462,62.48877],[-132.94951,62.48702],[-132.9562,62.48971],[-132.95046,62.49275],[-132.94602,62.49096],[-132.9462,62.48877]]]}},{"type":"Feature","properties":{"c":"732.0","o":"Silver Range Resources Ltd. - 100%","e":"2032-03-13"},"geometry":{"type":"Polygon","coordinates":[[[-132.54794,62.41587],[-132.55457,62.41859],[-132.54879,62.42169],[-132.54215,62.41898],[-132.54794,62.41587]]]}},{"type":"Feature","properties":{"c":"86.0","o":"Silver Range Resources Ltd. - 100%","e":"2031-03-13"},"geometry":{"type":"Polygon","coordinates":[[[-132.63942,62.36667],[-132.64606,62.36938],[-132.64038,62.37244],[-132.63375,62.36973],[-132.63942,62.36667]]]}},{"type":"Feature","properties":{"c":"23.0","o":"Silver Range Resources Ltd. - 100%","e":"2031-03-13"},"geometry":{"type":"Polygon","coordinates":[[[-132.62139,62.33241],[-132.62801,62.33512],[-132.62234,62.33818],[-132.61572,62.33547],[-132.62139,62.33241]]]}},{"type":"Feature","properties":{"c":"489.0","o":"Silver Range Resources Ltd. - 100%","e":"2031-03-13"},"geometry":{"type":"Polygon","coordinates":[[[-132.70921,62.42199],[-132.71576,62.42466],[-132.71008,62.42772],[-132.70353,62.42505],[-132.70807,62.4226],[-132.70921,62.42199]]]}},{"type":"Feature","properties":{"c":"48.0","o":"Golden Predator Mining Corp - 100%","e":"2032-05-03"},"geometry":{"type":"Polygon","coordinates":[[[-132.72092,62.01327],[-132.72629,62.01562],[-132.7262,62.01662],[-132.72134,62.01906],[-132.71496,62.01626],[-132.72092,62.01327]]]}},{"type":"Feature","properties":{"c":"681.0","o":"Silver Range Resources Ltd. - 100%","e":"2032-03-13"},"geometry":{"type":"Polygon","coordinates":[[[-132.58348,62.40306],[-132.59001,62.40573],[-132.58423,62.40884],[-132.5777,62.40617],[-132.58348,62.40306]]]}},{"type":"Feature","properties":{"c":"15.0","o":"Deloitte Restructuring Inc. - 100%","e":"2029-03-31"},"geometry":{"type":"Polygon","coordinates":[[[-132.94922,62.20454],[-132.94913,62.20117],[-132.95758,62.20115],[-132.95775,62.20452],[-132.94922,62.20454]]]}},{"type":"Feature","properties":{"c":"289.0","o":"Silver Range Resources Ltd. - 100%","e":"2042-03-13"},"geometry":{"type":"Polygon","coordinates":[[[-132.89868,62.48276],[-132.90536,62.48545],[-132.89953,62.48854],[-132.89284,62.48584],[-132.89868,62.48276]]]}},{"type":"Feature","properties":{"c":"86.0","o":"Golden Predator Mining Corp - 100%","e":"2033-12-27"},"geometry":{"type":"Polygon","coordinates":[[[-133.0077,62.125],[-132.99894,62.12496],[-132.99918,62.12086],[-133.00795,62.1209],[-133.0077,62.125]]]}},{"type":"Feature","properties":{"c":"781.0","o":"Silver Range Resources Ltd. - 100%","e":"2040-03-13"},"geometry":{"type":"Polygon","coordinates":[[[-132.90539,62.44771],[-132.91207,62.45041],[-132.90632,62.45353],[-132.89964,62.45083],[-132.90539,62.44771]]]}},{"type":"Feature","properties":{"c":"9.0","o":"Deloitte Restructuring Inc. - 100%","e":"2029-03-31"},"geometry":{"type":"Polygon","coordinates":[[[-132.77882,62.21735],[-132.77866,62.21325],[-132.78748,62.21321],[-132.78767,62.21732],[-132.77882,62.21735]]]}},{"type":"Feature","properties":{"c":"80.0","o":"Deloitte Restructuring Inc. - 100%","e":"2029-03-31"},"geometry":{"type":"Polygon","coordinates":[[[-132.90398,62.15506],[-132.90521,62.15593],[-132.90104,62.15585],[-132.90132,62.15172],[-132.91004,62.15189],[-132.90999,62.1532],[-132.90398,62.15506]]]}},{"type":"Feature","properties":{"c":"2018.0","o":"Silver Range Resources Ltd. - 100%","e":"2038-03-13"},"geometry":{"type":"Polygon","coordinates":[[[-132.81309,62.47817],[-132.81977,62.48087],[-132.81689,62.48238],[-132.81022,62.47968],[-132.81309,62.47817]]]}},{"type":"Feature","properties":{"c":"663.0","o":"Silver Range Resources Ltd. - 100%","e":"2031-03-13"},"geometry":{"type":"Polygon","coordinates":[[[-132.86052,62.44046],[-132.86719,62.44316],[-132.86153,62.44623],[-132.85486,62.44353],[-132.86052,62.44046]]]}},{"type":"Feature","properties":{"c":"775.0","o":"Silver Range Resources Ltd. - 100%","e":"2040-03-13"},"geometry":{"type":"Polygon","coordinates":[[[-132.88537,62.43962],[-132.89204,62.44232],[-132.88629,62.44544],[-132.87962,62.44274],[-132.88537,62.43962]]]}},{"type":"Feature","properties":{"c":"35.0","o":"Deloitte Restructuring Inc. - 100%","e":"2029-03-31"},"geometry":{"type":"Polygon","coordinates":[[[-132.99237,62.20499],[-132.99862,62.20215],[-133.00573,62.20557],[-132.99925,62.20833],[-132.99237,62.20499]]]}},{"type":"Feature","properties":{"c":"787.0","o":"Silver Range Resources Ltd. - 100%","e":"2040-03-13"},"geometry":{"type":"Polygon","coordinates":[[[-132.92542,62.4558],[-132.9321,62.4585],[-132.92635,62.46162],[-132.91967,62.45892],[-132.92542,62.4558]]]}},{"type":"Feature","properties":{"c":"134.0","o":"Silver Range Resources Ltd. - 100%","e":"2042-03-13"},"geometry":{"type":"Polygon","coordinates":[[[-132.96384,62.49814],[-132.97054,62.50083],[-132.9647,62.50392],[-132.95801,62.50123],[-132.96384,62.49814]]]}},{"type":"Feature","properties":{"c":"464.0","o":"Silver Range Resources Ltd. - 100%","e":"2031-03-13"},"geometry":{"type":"Polygon","coordinates":[[[-132.72492,62.44449],[-132.73148,62.44716],[-132.72579,62.45022],[-132.71924,62.44755],[-132.72392,62.44503],[-132.72492,62.44449]]]}},{"type":"Feature","properties":{"c":"111.0","o":"Lapie Mining Inc. - 100%","e":"2029-01-20"},"geometry":{"type":"Polygon","coordinates":[[[-132.99815,62.49054],[-133.00388,62.48749],[-133.01047,62.49014],[-133.00473,62.49318],[-133.00018,62.49135],[-132.99815,62.49054]]]}},{"type":"Feature","properties":{"c":"6.0","o":"Golden Predator Mining Corp - 100%","e":"2032-05-03"},"geometry":{"type":"Polygon","coordinates":[[[-132.82698,62.02179],[-132.83403,62.02421],[-132.82888,62.02748],[-132.82186,62.02504],[-132.82698,62.02179]]]}},{"type":"Feature","properties":{"c":"25.0","o":"Golden Predator Mining Corp - 100%","e":"2032-05-03"},"geometry":{"type":"Polygon","coordinates":[[[-132.76251,62.00233],[-132.76961,62.00472],[-132.76452,62.00805],[-132.7609,62.00683],[-132.76104,62.00535],[-132.75795,62.00532],[-132.76251,62.00233]]]}},{"type":"Feature","properties":{"c":"3.0","o":"Deloitte Restructuring Inc. - 100%","e":"2029-03-31"},"geometry":{"type":"Polygon","coordinates":[[[-132.90891,62.15852],[-132.90398,62.15506],[-132.9115,62.15273],[-132.91652,62.15628],[-132.90891,62.15852]]]}},{"type":"Feature","properties":{"c":"214.0","o":"Silver Range Resources Ltd. - 100%","e":"2042-03-13"},"geometry":{"type":"Polygon","coordinates":[[[-132.88117,62.49202],[-132.88785,62.49472],[-132.88201,62.4978],[-132.87533,62.49511],[-132.88117,62.49202]]]}},{"type":"Feature","properties":{"c":"10.0","o":"Deloitte Restructuring Inc. - 100%","e":"2029-03-31"},"geometry":{"type":"Polygon","coordinates":[[[-132.93542,62.16985],[-132.93073,62.1665],[-132.9373,62.16449],[-132.94187,62.16786],[-132.93542,62.16985]]]}},{"type":"Feature","properties":{"c":"260.0","o":"Silver Range Resources Ltd. - 100%","e":"2031-03-13"},"geometry":{"type":"Polygon","coordinates":[[[-132.51447,62.35857],[-132.52109,62.36128],[-132.51541,62.36434],[-132.50879,62.36162],[-132.51142,62.36021],[-132.51447,62.35857]]]}},{"type":"Feature","properties":{"c":"36.0","o":"Deloitte Restructuring Inc. - 100%","e":"2029-03-31"},"geometry":{"type":"Polygon","coordinates":[[[-132.97936,62.2158],[-132.97607,62.21743],[-132.96974,62.21461],[-132.97331,62.21286],[-132.97936,62.2158]]]}},{"type":"Feature","properties":{"c":"89.0","o":"Golden Predator Mining Corp - 100%","e":"2045-12-27"},"geometry":{"type":"Polygon","coordinates":[[[-132.95997,62.08272],[-132.9528,62.08027],[-132.95792,62.07697],[-132.9651,62.07943],[-132.95997,62.08272]]]}},{"type":"Feature","properties":{"c":"34.0","o":"Golden Predator Mining Corp - 100%","e":"2037-12-27"},"geometry":{"type":"Polygon","coordinates":[[[-132.91364,62.09724],[-132.90657,62.09482],[-132.91172,62.0915],[-132.91879,62.09393],[-132.91364,62.09724]]]}},{"type":"Feature","properties":{"c":"56.0","o":"Deloitte Restructuring Inc. - 100%","e":"2029-03-31"},"geometry":{"type":"Polygon","coordinates":[[[-132.89199,62.1598],[-132.90072,62.15997],[-132.90054,62.16219],[-132.8918,62.16235],[-132.89199,62.1598]]]}},{"type":"Feature","properties":{"c":"33.0","o":"Deloitte Restructuring Inc. - 100%","e":"2029-03-31"},"geometry":{"type":"Polygon","coordinates":[[[-132.81328,62.20523],[-132.81329,62.20932],[-132.80491,62.20934],[-132.80479,62.20524],[-132.81328,62.20523]]]}},{"type":"Feature","properties":{"c":"104.0","o":"Deloitte Restructuring Inc. - 100%","e":"2029-03-31"},"geometry":{"type":"Polygon","coordinates":[[[-132.7518,62.1931],[-132.76053,62.19306],[-132.76063,62.19724],[-132.75189,62.19725],[-132.7518,62.1931]]]}},{"type":"Feature","properties":{"c":"542.0","o":"Silver Range Resources Ltd. - 100%","e":"2031-03-13"},"geometry":{"type":"Polygon","coordinates":[[[-132.76751,62.44031],[-132.77417,62.44301],[-132.76849,62.44608],[-132.76183,62.44338],[-132.76698,62.4406],[-132.76751,62.44031]]]}},{"type":"Feature","properties":{"c":"47.0","o":"Golden Predator Mining Corp - 100%","e":"2035-12-27"},"geometry":{"type":"Polygon","coordinates":[[[-132.99879,62.11405],[-132.99173,62.11162],[-132.99692,62.10832],[-133.00398,62.11074],[-132.99879,62.11405]]]}},{"type":"Feature","properties":{"c":"66.0","o":"Golden Predator Mining Corp - 100%","e":"2046-12-27"},"geometry":{"type":"Polygon","coordinates":[[[-132.95895,62.09753],[-132.95171,62.09504],[-132.95686,62.09176],[-132.96407,62.09423],[-132.95895,62.09753]]]}},{"type":"Feature","properties":{"c":"28.0","o":"Deloitte Restructuring Inc. - 100%","e":"2028-03-31"},"geometry":{"type":"Polygon","coordinates":[[[-132.98943,62.1677],[-132.99428,62.17022],[-132.98878,62.17303],[-132.98336,62.17054],[-132.98943,62.1677]]]}},{"type":"Feature","properties":{"c":"793.0","o":"Silver Range Resources Ltd. - 100%","e":"2040-03-13"},"geometry":{"type":"Polygon","coordinates":[[[-132.81036,62.39834],[-132.81691,62.401],[-132.8109,62.40425],[-132.80428,62.40163],[-132.81036,62.39834]]]}},{"type":"Feature","properties":{"c":"590.0","o":"Silver Range Resources Ltd. - 100%","e":"2031-03-13"},"geometry":{"type":"Polygon","coordinates":[[[-132.75723,62.41467],[-132.76378,62.41733],[-132.7581,62.42039],[-132.75155,62.41773],[-132.75723,62.41467]]]}},{"type":"Feature","properties":{"c":"93.0","o":"Deloitte Restructuring Inc. - 100%","e":"2029-03-31"},"geometry":{"type":"Polygon","coordinates":[[[-132.72591,62.18994],[-132.73511,62.18983],[-132.73532,62.19411],[-132.72604,62.19419],[-132.72591,62.18994]]]}},{"type":"Feature","properties":{"c":"61.0","o":"Golden Predator Mining Corp - 100%","e":"2051-12-27"},"geometry":{"type":"Polygon","coordinates":[[[-132.94971,62.08931],[-132.94256,62.08685],[-132.94768,62.08356],[-132.95484,62.08601],[-132.94971,62.08931]]]}},{"type":"Feature","properties":{"c":"2117.0","o":"Silver Range Resources Ltd. - 100%","e":"2038-03-13"},"geometry":{"type":"Polygon","coordinates":[[[-132.79871,62.48575],[-132.80538,62.48845],[-132.79963,62.49149],[-132.79295,62.48879],[-132.79871,62.48575]]]}},{"type":"Feature","properties":{"c":"35.0","o":"Silver Range Resources Ltd. - 100%","e":"2031-03-13"},"geometry":{"type":"Polygon","coordinates":[[[-132.58356,62.32768],[-132.59018,62.33039],[-132.58451,62.33345],[-132.57789,62.33073],[-132.58356,62.32768]]]}},{"type":"Feature","properties":{"c":"68.0","o":"Golden Predator Mining Corp - 100%","e":"2037-12-27"},"geometry":{"type":"Polygon","coordinates":[[[-132.76028,62.01355],[-132.75155,62.01346],[-132.75193,62.00936],[-132.76066,62.00945],[-132.76028,62.01355]]]}},{"type":"Feature","properties":{"c":"125.0","o":"Deloitte Restructuring Inc. - 100%","e":"2029-03-31"},"geometry":{"type":"Polygon","coordinates":[[[-132.8475,62.1848],[-132.85461,62.18479],[-132.85485,62.18723],[-132.8564,62.18721],[-132.85648,62.18882],[-132.84768,62.18889],[-132.8475,62.1848]]]}},{"type":"Feature","properties":{"c":"91.0","o":"Deloitte Restructuring Inc. - 100%","e":"2029-03-31"},"geometry":{"type":"Polygon","coordinates":[[[-132.71752,62.19426],[-132.71735,62.19005],[-132.72591,62.18994],[-132.72604,62.19419],[-132.71752,62.19426]]]}},{"type":"Feature","properties":{"c":"126.0","o":"Lapie Mining Inc. - 100%","e":"2029-01-20"},"geometry":{"type":"Polygon","coordinates":[[[-132.96438,62.47159],[-132.97096,62.47424],[-132.96522,62.47728],[-132.95864,62.47463],[-132.96438,62.47159]]]}},{"type":"Feature","properties":{"c":"136.0","o":"Silver Range Resources Ltd. - 100%","e":"2042-03-13"},"geometry":{"type":"Polygon","coordinates":[[[-132.95715,62.49544],[-132.96384,62.49814],[-132.95801,62.50123],[-132.95132,62.49854],[-132.95715,62.49544]]]}},{"type":"Feature","properties":{"c":"269.0","o":"Silver Range Resources Ltd. - 100%","e":"2031-03-13"},"geometry":{"type":"Polygon","coordinates":[[[-132.55327,62.36909],[-132.5599,62.3718],[-132.55421,62.37486],[-132.54759,62.37214],[-132.55054,62.37056],[-132.55327,62.36909]]]}},{"type":"Feature","properties":{"c":"233.0","o":"Silver Range Resources Ltd. - 100%","e":"2031-03-13"},"geometry":{"type":"Polygon","coordinates":[[[-132.63073,62.39001],[-132.63727,62.39267],[-132.63159,62.39573],[-132.62505,62.39307],[-132.62883,62.39103],[-132.63073,62.39001]]]}},{"type":"Feature","properties":{"c":"14.0","o":"Golden Predator Mining Corp - 100%","e":"2037-12-27"},"geometry":{"type":"Polygon","coordinates":[[[-132.95813,62.10518],[-132.95106,62.10276],[-132.95615,62.09942],[-132.96329,62.10187],[-132.95813,62.10518]]]}},{"type":"Feature","properties":{"c":"478.0","o":"Silver Range Resources Ltd. - 100%","e":"2031-03-13"},"geometry":{"type":"Polygon","coordinates":[[[-132.66427,62.40907],[-132.67081,62.41173],[-132.66513,62.41479],[-132.65859,62.41212],[-132.66266,62.40993],[-132.66427,62.40907]]]}},{"type":"Feature","properties":{"c":"21.0","o":"Silver Range Resources Ltd. - 100%","e":"2044-03-13"},"geometry":{"type":"Polygon","coordinates":[[[-132.96289,62.4924],[-132.96958,62.4951],[-132.96384,62.49814],[-132.95715,62.49544],[-132.96289,62.4924]]]}},{"type":"Feature","properties":{"c":"124.0","o":"Silver Range Resources Ltd. - 100%","e":"2031-03-13"},"geometry":{"type":"Polygon","coordinates":[[[-132.62144,62.37008],[-132.62807,62.37279],[-132.6224,62.37585],[-132.61576,62.37314],[-132.61955,62.37109],[-132.62144,62.37008]]]}},{"type":"Feature","properties":{"c":"452.0","o":"Silver Range Resources Ltd. - 100%","e":"2031-03-13"},"geometry":{"type":"Polygon","coordinates":[[[-132.68562,62.42851],[-132.69217,62.43118],[-132.68649,62.43424],[-132.67994,62.43157],[-132.68424,62.42926],[-132.68562,62.42851]]]}},{"type":"Feature","properties":{"c":"2255.0","o":"Silver Range Resources Ltd. - 100%","e":"2038-03-13"},"geometry":{"type":"Polygon","coordinates":[[[-132.81774,62.44458],[-132.82442,62.44729],[-132.81858,62.45037],[-132.81198,62.4477],[-132.81774,62.44458]]]}},{"type":"Feature","properties":{"c":"817.0","o":"Silver Range Resources Ltd. - 100%","e":"2032-03-13"},"geometry":{"type":"Polygon","coordinates":[[[-132.57978,62.3046],[-132.5864,62.30731],[-132.58073,62.31037],[-132.57411,62.30766],[-132.57978,62.3046]]]}},{"type":"Feature","properties":{"c":"97.0","o":"Silver Range Resources Ltd. - 100%","e":"2031-03-13"},"geometry":{"type":"Polygon","coordinates":[[[-132.54101,62.33176],[-132.54763,62.33447],[-132.54195,62.33753],[-132.53533,62.33481],[-132.53837,62.33318],[-132.54101,62.33176]]]}},{"type":"Feature","properties":{"c":"506.0","o":"Silver Range Resources Ltd. - 100%","e":"2031-03-13"},"geometry":{"type":"Polygon","coordinates":[[[-132.75615,62.44644],[-132.76282,62.44914],[-132.75714,62.45221],[-132.75048,62.4495],[-132.75544,62.44682],[-132.75615,62.44644]]]}},{"type":"Feature","properties":{"c":"31.0","o":"Deloitte Restructuring Inc. - 100%","e":"2028-03-31"},"geometry":{"type":"Polygon","coordinates":[[[-132.97863,62.1676],[-132.97158,62.17004],[-132.96733,62.16743],[-132.96628,62.16709],[-132.97358,62.16446],[-132.97863,62.1676]]]}},{"type":"Feature","properties":{"c":"55.0","o":"Deloitte Restructuring Inc. - 100%","e":"2029-03-31"},"geometry":{"type":"Polygon","coordinates":[[[-132.76073,62.20135],[-132.76063,62.19724],[-132.76937,62.19723],[-132.76948,62.20134],[-132.76073,62.20135]]]}},{"type":"Feature","properties":{"c":"484.0","o":"Silver Range Resources Ltd. - 100%","e":"2031-03-13"},"geometry":{"type":"Polygon","coordinates":[[[-132.6839,62.41706],[-132.69044,62.41973],[-132.68476,62.42279],[-132.67822,62.42012],[-132.68248,62.41783],[-132.6839,62.41706]]]}},{"type":"Feature","properties":{"c":"95.0","o":"Deloitte Restructuring Inc. - 100%","e":"2029-03-31"},"geometry":{"type":"Polygon","coordinates":[[[-132.73532,62.19411],[-132.73511,62.18983],[-132.74302,62.18974],[-132.74308,62.19404],[-132.73532,62.19411]]]}},{"type":"Feature","properties":{"c":"9.0","o":"Deloitte Restructuring Inc. - 100%","e":"2028-03-31"},"geometry":{"type":"Polygon","coordinates":[[[-132.92818,62.15802],[-132.93643,62.15574],[-132.94045,62.15866],[-132.93251,62.16109],[-132.92818,62.15802]]]}},{"type":"Feature","properties":{"c":"482.0","o":"Silver Range Resources Ltd. - 100%","e":"2031-03-13"},"geometry":{"type":"Polygon","coordinates":[[[-132.67735,62.4144],[-132.6839,62.41706],[-132.67822,62.42012],[-132.67167,62.41746],[-132.67587,62.41519],[-132.67735,62.4144]]]}},{"type":"Feature","properties":{"c":"48.0","o":"Deloitte Restructuring Inc. - 100%","e":"2029-03-31"},"geometry":{"type":"Polygon","coordinates":[[[-132.92206,62.18905],[-132.92203,62.18503],[-132.93085,62.18502],[-132.93107,62.18902],[-132.92206,62.18905]]]}},{"type":"Feature","properties":{"c":"832.0","o":"Silver Range Resources Ltd. - 100%","e":"2032-03-13"},"geometry":{"type":"Polygon","coordinates":[[[-132.55616,62.31106],[-132.56277,62.31377],[-132.5571,62.31682],[-132.55049,62.31411],[-132.55616,62.31106]]]}},{"type":"Feature","properties":{"c":"9.0","o":"Deloitte Restructuring Inc. - 100%","e":"2029-03-31"},"geometry":{"type":"Polygon","coordinates":[[[-132.70846,62.21278],[-132.70857,62.21681],[-132.69978,62.21685],[-132.69968,62.21283],[-132.70846,62.21278]]]}},{"type":"Feature","properties":{"c":"157.0","o":"Deloitte Restructuring Inc. - 100%","e":"2029-03-31"},"geometry":{"type":"Polygon","coordinates":[[[-132.81469,62.19022],[-132.80575,62.18972],[-132.80674,62.18563],[-132.81568,62.1861],[-132.81469,62.19022]]]}},{"type":"Feature","properties":{"c":"119.0","o":"Silver Range Resources Ltd. - 100%","e":"2031-03-13"},"geometry":{"type":"Polygon","coordinates":[[[-132.61386,62.3616],[-132.62049,62.36431],[-132.61481,62.36737],[-132.60818,62.36466],[-132.61193,62.36264],[-132.61386,62.3616]]]}},{"type":"Feature","properties":{"c":"313.0","o":"Silver Range Resources Ltd. - 100%","e":"2031-03-13"},"geometry":{"type":"Polygon","coordinates":[[[-132.50217,62.3589],[-132.50879,62.36162],[-132.5031,62.36467],[-132.49648,62.36196],[-132.49895,62.36063],[-132.50217,62.3589]]]}},{"type":"Feature","properties":{"c":"72.0","o":"Golden Predator Mining Corp - 100%","e":"2032-05-03"},"geometry":{"type":"Polygon","coordinates":[[[-132.72006,62.00167],[-132.72645,62.00447],[-132.72049,62.00747],[-132.71411,62.00467],[-132.72006,62.00167]]]}},{"type":"Feature","properties":{"c":"492.0","o":"Silver Range Resources Ltd. - 100%","e":"2031-03-13"},"geometry":{"type":"Polygon","coordinates":[[[-132.71008,62.42772],[-132.71663,62.43038],[-132.71095,62.43344],[-132.7044,62.43078],[-132.70892,62.42834],[-132.71008,62.42772]]]}},{"type":"Feature","properties":{"c":"26.0","o":"Silver Range Resources Ltd. - 100%","e":"2031-03-13"},"geometry":{"type":"Polygon","coordinates":[[[-132.62234,62.33818],[-132.62897,62.34089],[-132.6233,62.34395],[-132.61667,62.34124],[-132.62234,62.33818]]]}},{"type":"Feature","properties":{"c":"530.0","o":"Silver Range Resources Ltd. - 100%","e":"2031-03-13"},"geometry":{"type":"Polygon","coordinates":[[[-132.72798,62.42426],[-132.73453,62.42692],[-132.72886,62.42998],[-132.72231,62.42732],[-132.72707,62.42475],[-132.72798,62.42426]]]}},{"type":"Feature","properties":{"c":"32.0","o":"Deloitte Restructuring Inc. - 100%","e":"2029-03-31"},"geometry":{"type":"Polygon","coordinates":[[[-132.80456,62.15822],[-132.8049,62.15411],[-132.81365,62.15427],[-132.8133,62.15839],[-132.80456,62.15822]]]}},{"type":"Feature","properties":{"c":"5.0","o":"Golden Predator Mining Corp - 100%","e":"2055-12-27"},"geometry":{"type":"Polygon","coordinates":[[[-132.88729,62.05266],[-132.88214,62.05597],[-132.87508,62.05353],[-132.88023,62.05023],[-132.88729,62.05266]]]}},{"type":"Feature","properties":{"c":"262.0","o":"Silver Range Resources Ltd. - 100%","e":"2042-03-13"},"geometry":{"type":"Polygon","coordinates":[[[-132.85945,62.47236],[-132.86612,62.47505],[-132.86029,62.47814],[-132.85361,62.47544],[-132.85945,62.47236]]]}},{"type":"Feature","properties":{"c":"274.0","o":"Silver Range Resources Ltd. - 100%","e":"2042-03-13"},"geometry":{"type":"Polygon","coordinates":[[[-132.81941,62.45616],[-132.82608,62.45886],[-132.82024,62.46194],[-132.81357,62.45924],[-132.81941,62.45616]]]}},{"type":"Feature","properties":{"c":"17.0","o":"Golden Predator Mining Corp - 100%","e":"2038-12-27"},"geometry":{"type":"Polygon","coordinates":[[[-132.95895,62.09753],[-132.95393,62.10092],[-132.9522,62.10029],[-132.95735,62.09698],[-132.95895,62.09753]]]}},{"type":"Feature","properties":{"c":"240.0","o":"Silver Range Resources Ltd. - 100%","e":"2031-03-13"},"geometry":{"type":"Polygon","coordinates":[[[-132.64466,62.40107],[-132.65119,62.40373],[-132.64551,62.40679],[-132.63898,62.40413],[-132.64286,62.40204],[-132.64466,62.40107]]]}},{"type":"Feature","properties":{"c":"288.0","o":"Silver Range Resources Ltd. - 100%","e":"2031-03-13"},"geometry":{"type":"Polygon","coordinates":[[[-132.60716,62.39651],[-132.61369,62.39918],[-132.60801,62.40224],[-132.60147,62.39957],[-132.60501,62.39767],[-132.60716,62.39651]]]}},{"type":"Feature","properties":{"c":"19.0","o":"Deloitte Restructuring Inc. - 100%","e":"2029-03-31"},"geometry":{"type":"Polygon","coordinates":[[[-132.90423,62.18315],[-132.90436,62.18725],[-132.90098,62.18723],[-132.89999,62.18325],[-132.90423,62.18315]]]}},{"type":"Feature","properties":{"c":"485.0","o":"Silver Range Resources Ltd. - 100%","e":"2031-03-13"},"geometry":{"type":"Polygon","coordinates":[[[-132.69612,62.41666],[-132.70266,62.41933],[-132.69699,62.42239],[-132.69044,62.41973],[-132.69486,62.41735],[-132.69612,62.41666]]]}},{"type":"Feature","properties":{"c":"521.0","o":"Silver Range Resources Ltd. - 100%","e":"2031-03-13"},"geometry":{"type":"Polygon","coordinates":[[[-132.70747,62.41054],[-132.71402,62.41321],[-132.70834,62.41627],[-132.7018,62.4136],[-132.70639,62.41113],[-132.70747,62.41054]]]}},{"type":"Feature","properties":{"c":"1.0","o":"Deloitte Restructuring Inc. - 100%","e":"2028-03-31"},"geometry":{"type":"Polygon","coordinates":[[[-132.94643,62.17122],[-132.95427,62.16878],[-132.9586,62.17193],[-132.95164,62.17421],[-132.94643,62.17122]]]}},{"type":"Feature","properties":{"c":"629.0","o":"Silver Range Resources Ltd. - 100%","e":"2031-03-13"},"geometry":{"type":"Polygon","coordinates":[[[-132.89591,62.46548],[-132.90259,62.46818],[-132.89692,62.47125],[-132.89024,62.46855],[-132.89591,62.46548]]]}},{"type":"Feature","properties":{"c":"163.0","o":"Silver Range Resources Ltd. - 100%","e":"2031-03-13"},"geometry":{"type":"Polygon","coordinates":[[[-132.59587,62.365],[-132.6025,62.36771],[-132.59682,62.37077],[-132.59019,62.36806],[-132.5937,62.36617],[-132.59587,62.365]]]}},{"type":"Feature","properties":{"c":"382.0","o":"Silver Range Resources Ltd. - 100%","e":"2031-03-13"},"geometry":{"type":"Polygon","coordinates":[[[-132.52465,62.38446],[-132.53128,62.38717],[-132.5255,62.39027],[-132.51887,62.38756],[-132.52465,62.38446]]]}},{"type":"Feature","properties":{"c":"121.0","o":"Lapie Mining Inc. - 100%","e":"2029-01-20"},"geometry":{"type":"Polygon","coordinates":[[[-132.96607,62.48298],[-132.9718,62.47994],[-132.97839,62.48259],[-132.97265,62.48563],[-132.96768,62.48363],[-132.96607,62.48298]]]}},{"type":"Feature","properties":{"c":"418.0","o":"Silver Range Resources Ltd. - 100%","e":"2031-03-13"},"geometry":{"type":"Polygon","coordinates":[[[-132.49984,62.38523],[-132.50646,62.38795],[-132.50068,62.39105],[-132.49406,62.38833],[-132.49984,62.38523]]]}},{"type":"Feature","properties":{"c":"12.0","o":"Deloitte Restructuring Inc. - 100%","e":"2029-03-31"},"geometry":{"type":"Polygon","coordinates":[[[-132.97534,62.2011],[-132.98329,62.20108],[-132.98333,62.20239],[-132.98262,62.20206],[-132.97619,62.2052],[-132.9755,62.20521],[-132.97534,62.2011]]]}},{"type":"Feature","properties":{"c":"2186.0","o":"Silver Range Resources Ltd. - 100%","e":"2038-03-13"},"geometry":{"type":"Polygon","coordinates":[[[-132.78812,62.49756],[-132.79479,62.50026],[-132.78903,62.5033],[-132.78236,62.50059],[-132.78812,62.49756]]]}},{"type":"Feature","properties":{"c":"108.0","o":"Deloitte Restructuring Inc. - 100%","e":"2029-03-31"},"geometry":{"type":"Polygon","coordinates":[[[-132.78672,62.19294],[-132.79547,62.19329],[-132.7956,62.19719],[-132.78686,62.1972],[-132.78672,62.19294]]]}},{"type":"Feature","properties":{"c":"36.0","o":"Deloitte Restructuring Inc. - 100%","e":"2029-03-31"},"geometry":{"type":"Polygon","coordinates":[[[-132.73461,62.2046],[-132.74326,62.20455],[-132.74331,62.20857],[-132.73472,62.20862],[-132.73461,62.2046]]]}},{"type":"Feature","properties":{"c":"41.0","o":"Golden Predator Mining Corp - 100%","e":"2055-12-27"},"geometry":{"type":"Polygon","coordinates":[[[-132.87892,62.06502],[-132.87185,62.06258],[-132.877,62.05928],[-132.88406,62.06171],[-132.87892,62.06502]]]}},{"type":"Feature","properties":{"c":"12.0","o":"Deloitte Restructuring Inc. - 100%","e":"2029-03-31"},"geometry":{"type":"Polygon","coordinates":[[[-132.98377,62.18493],[-132.99233,62.18483],[-132.9924,62.18857],[-132.98381,62.18877],[-132.98377,62.18493]]]}},{"type":"Feature","properties":{"c":"740.0","o":"Silver Range Resources Ltd. - 100%","e":"2032-03-13"},"geometry":{"type":"Polygon","coordinates":[[[-132.57417,62.4266],[-132.58071,62.42927],[-132.57493,62.43237],[-132.56839,62.4297],[-132.57417,62.4266]]]}},{"type":"Feature","properties":{"c":"161.0","o":"Golden Predator Mining Corp - 100%","e":"2047-12-27"},"geometry":{"type":"Polygon","coordinates":[[[-132.7976,62.02952],[-132.80457,62.03193],[-132.79937,62.03525],[-132.7924,62.03284],[-132.79516,62.03108],[-132.7976,62.02952]]]}},{"type":"Feature","properties":{"c":"14.0","o":"Deloitte Restructuring Inc. - 100%","e":"2029-03-31"},"geometry":{"type":"Polygon","coordinates":[[[-132.96616,62.18893],[-132.9662,62.19287],[-132.95738,62.19293],[-132.95734,62.18895],[-132.96616,62.18893]]]}},{"type":"Feature","properties":{"c":"8.0","o":"Deloitte Restructuring Inc. - 100%","e":"2029-03-31"},"geometry":{"type":"Polygon","coordinates":[[[-132.71725,62.21273],[-132.70846,62.21278],[-132.70841,62.2108],[-132.7172,62.21076],[-132.71725,62.21273]]]}},{"type":"Feature","properties":{"c":"33.0","o":"Golden Predator Mining Corp - 100%","e":"2032-05-03"},"geometry":{"type":"Polygon","coordinates":[[[-132.76816,61.99547],[-132.77454,61.99827],[-132.7709,62.00011],[-132.76375,61.9977],[-132.76816,61.99547]]]}},{"type":"Feature","properties":{"c":"226.0","o":"Silver Range Resources Ltd. - 100%","e":"2042-03-13"},"geometry":{"type":"Polygon","coordinates":[[[-132.84109,62.47583],[-132.84777,62.47853],[-132.84193,62.48161],[-132.83525,62.47891],[-132.84109,62.47583]]]}},{"type":"Feature","properties":{"c":"754.0","o":"Silver Range Resources Ltd. - 100%","e":"2040-03-13"},"geometry":{"type":"Polygon","coordinates":[[[-132.8063,62.41304],[-132.81296,62.41574],[-132.8072,62.41886],[-132.80055,62.41616],[-132.8063,62.41304]]]}},{"type":"Feature","properties":{"c":"532.0","o":"Silver Range Resources Ltd. - 100%","e":"2031-03-13"},"geometry":{"type":"Polygon","coordinates":[[[-132.73453,62.42692],[-132.74108,62.42958],[-132.73541,62.43264],[-132.72886,62.42998],[-132.73368,62.42738],[-132.73453,62.42692]]]}},{"type":"Feature","properties":{"c":"602.0","o":"Silver Range Resources Ltd. - 100%","e":"2031-03-13"},"geometry":{"type":"Polygon","coordinates":[[[-132.79686,62.43076],[-132.80352,62.43346],[-132.79785,62.43652],[-132.79119,62.43382],[-132.79686,62.43076]]]}},{"type":"Feature","properties":{"c":"19.0","o":"Deloitte Restructuring Inc. - 100%","e":"2029-03-31"},"geometry":{"type":"Polygon","coordinates":[[[-132.93149,62.20458],[-132.93143,62.20121],[-132.94064,62.20119],[-132.94073,62.20456],[-132.93149,62.20458]]]}},{"type":"Feature","properties":{"c":"91.0","o":"Golden Predator Mining Corp - 100%","e":"2043-12-27"},"geometry":{"type":"Polygon","coordinates":[[[-132.7678,62.01401],[-132.77306,62.01068],[-132.77994,62.01312],[-132.77469,62.01644],[-132.7678,62.01401]]]}},{"type":"Feature","properties":{"c":"257.0","o":"Silver Range Resources Ltd. - 100%","e":"2042-03-13"},"geometry":{"type":"Polygon","coordinates":[[[-132.86696,62.48084],[-132.87364,62.48354],[-132.8678,62.48662],[-132.86112,62.48393],[-132.86696,62.48084]]]}},{"type":"Feature","properties":{"c":"745.0","o":"Silver Range Resources Ltd. - 100%","e":"2040-03-13"},"geometry":{"type":"Polygon","coordinates":[[[-132.78575,62.39925],[-132.7923,62.40191],[-132.78654,62.40502],[-132.77999,62.40236],[-132.78575,62.39925]]]}},{"type":"Feature","properties":{"c":"126.0","o":"Deloitte Restructuring Inc. - 100%","e":"2029-03-31"},"geometry":{"type":"Polygon","coordinates":[[[-132.76632,62.17107],[-132.76535,62.1752],[-132.75664,62.17473],[-132.75762,62.17063],[-132.76632,62.17107]]]}},{"type":"Feature","properties":{"c":"2052.0","o":"Silver Range Resources Ltd. - 100%","e":"2038-03-13"},"geometry":{"type":"Polygon","coordinates":[[[-132.81781,62.48812],[-132.82449,62.49082],[-132.81874,62.49386],[-132.81206,62.49116],[-132.81781,62.48812]]]}},{"type":"Feature","properties":{"c":"35.0","o":"Silver Range Resources Ltd. - 100%","e":"2044-03-13"},"geometry":{"type":"Polygon","coordinates":[[[-132.9304,62.48467],[-132.93709,62.48736],[-132.93125,62.49045],[-132.92457,62.48776],[-132.9304,62.48467]]]}},{"type":"Feature","properties":{"c":"53.0","o":"Golden Predator Mining Corp - 100%","e":"2053-12-27"},"geometry":{"type":"Polygon","coordinates":[[[-132.9213,62.07957],[-132.91425,62.07715],[-132.91937,62.07385],[-132.92642,62.07627],[-132.9213,62.07957]]]}},{"type":"Feature","properties":{"c":"38.0","o":"Silver Range Resources Ltd. - 100%","e":"2044-03-13"},"geometry":{"type":"Polygon","coordinates":[[[-132.96768,62.48363],[-132.97437,62.48632],[-132.96863,62.48936],[-132.96194,62.48667],[-132.96768,62.48363]]]}},{"type":"Feature","properties":{"c":"20.0","o":"Deloitte Restructuring Inc. - 100%","e":"2029-03-31"},"geometry":{"type":"Polygon","coordinates":[[[-132.74333,62.20949],[-132.75213,62.20947],[-132.75221,62.21337],[-132.74338,62.21342],[-132.74333,62.20949]]]}},{"type":"Feature","properties":{"c":"110.0","o":"Silver Range Resources Ltd. - 100%","e":"2031-03-13"},"geometry":{"type":"Polygon","coordinates":[[[-132.57505,62.3511],[-132.58167,62.35381],[-132.576,62.35686],[-132.56937,62.35415],[-132.57271,62.35236],[-132.57505,62.3511]]]}},{"type":"Feature","properties":{"c":"224.0","o":"Silver Range Resources Ltd. - 100%","e":"2042-03-13"},"geometry":{"type":"Polygon","coordinates":[[[-132.84777,62.47853],[-132.85445,62.48123],[-132.84861,62.48431],[-132.84193,62.48161],[-132.84777,62.47853]]]}},{"type":"Feature","properties":{"c":"379.0","o":"Silver Range Resources Ltd. - 100%","e":"2031-03-13"},"geometry":{"type":"Polygon","coordinates":[[[-132.52381,62.37864],[-132.53043,62.38135],[-132.52465,62.38446],[-132.51803,62.38174],[-132.52381,62.37864]]]}},{"type":"Feature","properties":{"c":"153.0","o":"Silver Range Resources Ltd. - 100%","e":"2031-03-13"},"geometry":{"type":"Polygon","coordinates":[[[-132.56275,62.35144],[-132.56937,62.35415],[-132.56369,62.35721],[-132.55707,62.35449],[-132.56025,62.35278],[-132.56275,62.35144]]]}},{"type":"Feature","properties":{"c":"254.0","o":"Silver Range Resources Ltd. - 100%","e":"2042-03-13"},"geometry":{"type":"Polygon","coordinates":[[[-132.88616,62.48315],[-132.89284,62.48584],[-132.88701,62.48893],[-132.88032,62.48623],[-132.88616,62.48315]]]}},{"type":"Feature","properties":{"c":"596.0","o":"Silver Range Resources Ltd. - 100%","e":"2031-03-13"},"geometry":{"type":"Polygon","coordinates":[[[-132.77688,62.42265],[-132.78354,62.42535],[-132.77787,62.42842],[-132.77121,62.42571],[-132.77688,62.42265]]]}},{"type":"Feature","properties":{"c":"51.0","o":"Golden Predator Mining Corp - 100%","e":"2037-12-27"},"geometry":{"type":"Polygon","coordinates":[[[-132.73332,62.02147],[-132.72575,62.02138],[-132.72614,62.01729],[-132.7337,62.01737],[-132.73332,62.02147]]]}},{"type":"Feature","properties":{"c":"282.0","o":"Silver Range Resources Ltd. - 100%","e":"2031-03-13"},"geometry":{"type":"Polygon","coordinates":[[[-132.58736,62.38842],[-132.59399,62.39113],[-132.58831,62.39419],[-132.58167,62.39148],[-132.58502,62.38968],[-132.58736,62.38842]]]}},{"type":"Feature","properties":{"c":"445.0","o":"Silver Range Resources Ltd. - 100%","e":"2031-03-13"},"geometry":{"type":"Polygon","coordinates":[[[-132.67167,62.41746],[-132.67822,62.42012],[-132.67253,62.42318],[-132.66599,62.42052],[-132.6701,62.4183],[-132.67167,62.41746]]]}},{"type":"Feature","properties":{"c":"279.0","o":"Silver Range Resources Ltd. - 100%","e":"2031-03-13"},"geometry":{"type":"Polygon","coordinates":[[[-132.58641,62.38265],[-132.59304,62.38536],[-132.58736,62.38842],[-132.58073,62.38571],[-132.584,62.38395],[-132.58641,62.38265]]]}},{"type":"Feature","properties":{"c":"187.0","o":"Silver Range Resources Ltd. - 100%","e":"2031-03-13"},"geometry":{"type":"Polygon","coordinates":[[[-132.67477,62.39722],[-132.68131,62.39989],[-132.67563,62.40295],[-132.66909,62.40028],[-132.67337,62.39798],[-132.67477,62.39722]]]}},{"type":"Feature","properties":{"c":"124.0","o":"Deloitte Restructuring Inc. - 100%","e":"2029-03-31"},"geometry":{"type":"Polygon","coordinates":[[[-132.77317,62.17562],[-132.76535,62.1752],[-132.76632,62.17107],[-132.77427,62.17148],[-132.77317,62.17562]]]}},{"type":"Feature","properties":{"c":"287.0","o":"Silver Range Resources Ltd. - 100%","e":"2042-03-13"},"geometry":{"type":"Polygon","coordinates":[[[-132.90536,62.48545],[-132.91205,62.48815],[-132.90621,62.49124],[-132.89953,62.48854],[-132.90536,62.48545]]]}},{"type":"Feature","properties":{"c":"842.0","o":"Silver Range Resources Ltd. - 100%","e":"2032-03-13"},"geometry":{"type":"Polygon","coordinates":[[[-132.52498,62.30902],[-132.53159,62.31174],[-132.52591,62.31479],[-132.5193,62.31208],[-132.52498,62.30902]]]}},{"type":"Feature","properties":{"c":"298.0","o":"Silver Range Resources Ltd. - 100%","e":"2031-03-13"},"geometry":{"type":"Polygon","coordinates":[[[-132.63983,62.40985],[-132.64637,62.41252],[-132.64069,62.41558],[-132.63415,62.41291],[-132.638,62.41084],[-132.63983,62.40985]]]}},{"type":"Feature","properties":{"c":"2125.0","o":"Silver Range Resources Ltd. - 100%","e":"2038-03-13"},"geometry":{"type":"Polygon","coordinates":[[[-132.82542,62.49656],[-132.83209,62.49926],[-132.82634,62.50229],[-132.81966,62.49959],[-132.82542,62.49656]]]}},{"type":"Feature","properties":{"c":"282.0","o":"Silver Range Resources Ltd. - 100%","e":"2042-03-13"},"geometry":{"type":"Polygon","coordinates":[[[-132.93125,62.49045],[-132.93794,62.49315],[-132.93211,62.49624],[-132.92542,62.49354],[-132.93125,62.49045]]]}},{"type":"Feature","properties":{"c":"211.0","o":"Silver Range Resources Ltd. - 100%","e":"2031-03-13"},"geometry":{"type":"Polygon","coordinates":[[[-132.55801,62.36026],[-132.56463,62.36298],[-132.55895,62.36603],[-132.55233,62.36332],[-132.5554,62.36167],[-132.55801,62.36026]]]}},{"type":"Feature","properties":{"c":"276.0","o":"Silver Range Resources Ltd. - 100%","e":"2042-03-13"},"geometry":{"type":"Polygon","coordinates":[[[-132.81274,62.45346],[-132.81941,62.45616],[-132.81357,62.45924],[-132.8069,62.45654],[-132.81274,62.45346]]]}},{"type":"Feature","properties":{"c":"20.0","o":"Deloitte Restructuring Inc. - 100%","e":"2029-03-31"},"geometry":{"type":"Polygon","coordinates":[[[-132.9924,62.18857],[-132.99241,62.18948],[-132.98861,62.19113],[-132.99189,62.19275],[-132.98384,62.19282],[-132.98381,62.18877],[-132.9924,62.18857]]]}},{"type":"Feature","properties":{"c":"69.0","o":"Golden Predator Mining Corp - 100%","e":"2037-12-27"},"geometry":{"type":"Polygon","coordinates":[[[-132.74358,62.00517],[-132.75231,62.00526],[-132.75193,62.00936],[-132.7432,62.00927],[-132.74358,62.00517]]]}},{"type":"Feature","properties":{"c":"259.0","o":"Silver Range Resources Ltd. - 100%","e":"2042-03-13"},"geometry":{"type":"Polygon","coordinates":[[[-132.86029,62.47814],[-132.86696,62.48084],[-132.86112,62.48393],[-132.85445,62.48123],[-132.86029,62.47814]]]}},{"type":"Feature","properties":{"c":"41.0","o":"Silver Range Resources Ltd. - 100%","e":"2031-03-13"},"geometry":{"type":"Polygon","coordinates":[[[-132.60342,62.33581],[-132.61005,62.33852],[-132.60438,62.34158],[-132.59775,62.33887],[-132.60342,62.33581]]]}},{"type":"Feature","properties":{"c":"2.0","o":"Deloitte Restructuring Inc. - 100%","e":"2029-03-31"},"geometry":{"type":"Polygon","coordinates":[[[-133.00576,62.194],[-132.99972,62.19662],[-132.99419,62.19389],[-133.00023,62.19123],[-133.00576,62.194]]]}},{"type":"Feature","properties":{"c":"25.0","o":"Deloitte Restructuring Inc. - 100%","e":"2029-03-31"},"geometry":{"type":"Polygon","coordinates":[[[-132.69057,62.20078],[-132.69936,62.20074],[-132.69946,62.20477],[-132.69068,62.20481],[-132.69057,62.20078]]]}},{"type":"Feature","properties":{"c":"3.0","o":"Deloitte Restructuring Inc. - 100%","e":"2029-03-31"},"geometry":{"type":"Polygon","coordinates":[[[-132.73483,62.21264],[-132.73494,62.21666],[-132.72615,62.21671],[-132.72604,62.21269],[-132.73483,62.21264]]]}},{"type":"Feature","properties":{"c":"231.0","o":"Silver Range Resources Ltd. - 100%","e":"2031-03-13"},"geometry":{"type":"Polygon","coordinates":[[[-132.6242,62.38734],[-132.63073,62.39001],[-132.62505,62.39307],[-132.61852,62.3904],[-132.62224,62.3884],[-132.6242,62.38734]]]}},{"type":"Feature","properties":{"c":"36.0","o":"Silver Range Resources Ltd. - 100%","e":"2031-03-13"},"geometry":{"type":"Polygon","coordinates":[[[-132.57789,62.33073],[-132.58451,62.33345],[-132.57884,62.3365],[-132.57222,62.33379],[-132.57789,62.33073]]]}},{"type":"Feature","properties":{"c":"729.0","o":"Silver Range Resources Ltd. - 100%","e":"2032-03-13"},"geometry":{"type":"Polygon","coordinates":[[[-132.54709,62.41005],[-132.55372,62.41277],[-132.54794,62.41587],[-132.5413,62.41316],[-132.54709,62.41005]]]}},{"type":"Feature","properties":{"c":"61.0","o":"Deloitte Restructuring Inc. - 100%","e":"2029-03-31"},"geometry":{"type":"Polygon","coordinates":[[[-132.69186,62.19448],[-132.69207,62.19865],[-132.68342,62.19876],[-132.68324,62.19457],[-132.69186,62.19448]]]}},{"type":"Feature","properties":{"c":"28.0","o":"Deloitte Restructuring Inc. - 100%","e":"2029-03-31"},"geometry":{"type":"Polygon","coordinates":[[[-132.88941,62.19521],[-132.88934,62.19272],[-132.89816,62.19271],[-132.89821,62.19517],[-132.88941,62.19521]]]}},{"type":"Feature","properties":{"c":"287.0","o":"Silver Range Resources Ltd. - 100%","e":"2031-03-13"},"geometry":{"type":"Polygon","coordinates":[[[-132.61284,62.39346],[-132.61937,62.39612],[-132.61369,62.39918],[-132.60716,62.39651],[-132.61069,62.39461],[-132.61284,62.39346]]]}},{"type":"Feature","properties":{"c":"53.0","o":"Golden Predator Mining Corp - 100%","e":"2037-12-27"},"geometry":{"type":"Polygon","coordinates":[[[-132.72652,62.01319],[-132.73408,62.01327],[-132.7337,62.01737],[-132.72614,62.01729],[-132.72652,62.01319]]]}},{"type":"Feature","properties":{"c":"21.0","o":"Deloitte Restructuring Inc. - 100%","e":"2029-03-31"},"geometry":{"type":"Polygon","coordinates":[[[-132.79506,62.16615],[-132.7954,62.16212],[-132.80421,62.16231],[-132.80381,62.16633],[-132.79506,62.16615]]]}},{"type":"Feature","properties":{"c":"1170.0","o":"Silver Range Resources Ltd. - 100%","e":"2042-03-13"},"geometry":{"type":"Polygon","coordinates":[[[-132.9095,62.4708],[-132.91618,62.47349],[-132.91035,62.47658],[-132.90367,62.47388],[-132.9095,62.4708]]]}},{"type":"Feature","properties":{"c":"31.0","o":"Silver Range Resources Ltd. - 100%","e":"2044-03-13"},"geometry":{"type":"Polygon","coordinates":[[[-132.93885,62.49266],[-132.94576,62.49286],[-132.94602,62.49096],[-132.95046,62.49275],[-132.94463,62.49584],[-132.93794,62.49315],[-132.93885,62.49266]]]}},{"type":"Feature","properties":{"c":"879.0","o":"Silver Range Resources Ltd. - 100%","e":"2032-03-13"},"geometry":{"type":"Polygon","coordinates":[[[-132.52304,62.33515],[-132.52965,62.33787],[-132.52397,62.34092],[-132.51736,62.33821],[-132.52304,62.33515]]]}},{"type":"Feature","properties":{"c":"18.0","o":"Deloitte Restructuring Inc. - 100%","e":"2029-03-31"},"geometry":{"type":"Polygon","coordinates":[[[-132.95825,62.18498],[-132.95821,62.18273],[-132.96636,62.18023],[-132.96641,62.18496],[-132.95825,62.18498]]]}},{"type":"Feature","properties":{"c":"10.0","o":"Golden Predator Mining Corp - 100%","e":"2035-09-13"},"geometry":{"type":"Polygon","coordinates":[[[-132.90649,62.05414],[-132.90128,62.0575],[-132.89424,62.05506],[-132.89943,62.05173],[-132.90649,62.05414]]]}},{"type":"Feature","properties":{"c":"43.0","o":"Silver Range Resources Ltd. - 100%","e":"2031-03-13"},"geometry":{"type":"Polygon","coordinates":[[[-132.61005,62.33852],[-132.61667,62.34124],[-132.611,62.34429],[-132.60438,62.34158],[-132.61005,62.33852]]]}},{"type":"Feature","properties":{"c":"300.0","o":"Silver Range Resources Ltd. - 100%","e":"2031-03-13"},"geometry":{"type":"Polygon","coordinates":[[[-132.64637,62.41252],[-132.65291,62.41518],[-132.64723,62.41824],[-132.64069,62.41558],[-132.6446,62.41347],[-132.64637,62.41252]]]}},{"type":"Feature","properties":{"c":"23.0","o":"Golden Predator Mining Corp - 100%","e":"2032-05-03"},"geometry":{"type":"Polygon","coordinates":[[[-132.76605,62.00824],[-132.76571,62.00845],[-132.76452,62.00805],[-132.76961,62.00472],[-132.7767,62.0071],[-132.77188,62.01027],[-132.76605,62.00824]]]}},{"type":"Feature","properties":{"c":"465.0","o":"Silver Range Resources Ltd. - 100%","e":"2031-03-13"},"geometry":{"type":"Polygon","coordinates":[[[-132.73716,62.44409],[-132.74382,62.4468],[-132.73814,62.44986],[-132.73148,62.44716],[-132.73622,62.4446],[-132.73716,62.44409]]]}},{"type":"Feature","properties":{"c":"48.0","o":"Golden Predator Mining Corp - 100%","e":"2055-12-27"},"geometry":{"type":"Polygon","coordinates":[[[-132.89307,62.06989],[-132.90014,62.07232],[-132.89502,62.07562],[-132.88794,62.07319],[-132.89307,62.06989]]]}},{"type":"Feature","properties":{"c":"7.0","o":"Deloitte Restructuring Inc. - 100%","e":"2029-03-31"},"geometry":{"type":"Polygon","coordinates":[[[-132.78581,62.17206],[-132.78598,62.17001],[-132.79472,62.17019],[-132.79452,62.1725],[-132.78581,62.17206]]]}},{"type":"Feature","properties":{"c":"118.0","o":"Lapie Mining Inc. - 100%","e":"2029-01-20"},"geometry":{"type":"Polygon","coordinates":[[[-132.98986,62.4765],[-132.99644,62.47915],[-132.99071,62.48219],[-132.98412,62.47954],[-132.98986,62.4765]]]}},{"type":"Feature","properties":{"c":"12.0","o":"Deloitte Restructuring Inc. - 100%","e":"2029-03-31"},"geometry":{"type":"Polygon","coordinates":[[[-132.90944,62.17892],[-132.90949,62.1774],[-132.91799,62.17736],[-132.9181,62.17881],[-132.90944,62.17892]]]}},{"type":"Feature","properties":{"c":"171.0","o":"Silver Range Resources Ltd. - 100%","e":"2031-03-13"},"geometry":{"type":"Polygon","coordinates":[[[-132.6224,62.37585],[-132.62903,62.37856],[-132.62335,62.38161],[-132.61672,62.3789],[-132.62048,62.37688],[-132.6224,62.37585]]]}},{"type":"Feature","properties":{"c":"52.0","o":"Deloitte Restructuring Inc. - 100%","e":"2029-03-31"},"geometry":{"type":"Polygon","coordinates":[[[-132.75206,62.20546],[-132.74327,62.20549],[-132.74322,62.20138],[-132.75197,62.20136],[-132.75206,62.20546]]]}},{"type":"Feature","properties":{"c":"313.0","o":"Silver Range Resources Ltd. - 100%","e":"2042-03-13"},"geometry":{"type":"Polygon","coordinates":[[[-132.81858,62.45037],[-132.82525,62.45307],[-132.81941,62.45616],[-132.81274,62.45346],[-132.81858,62.45037]]]}},{"type":"Feature","properties":{"c":"73.0","o":"Golden Predator Mining Corp - 100%","e":"2055-12-27"},"geometry":{"type":"Polygon","coordinates":[[[-132.90333,62.06328],[-132.89627,62.06084],[-132.9014,62.05754],[-132.90846,62.05997],[-132.90333,62.06328]]]}},{"type":"Feature","properties":{"c":"143.0","o":"Deloitte Restructuring Inc. - 100%","e":"2029-03-31"},"geometry":{"type":"Polygon","coordinates":[[[-132.79098,62.17657],[-132.79968,62.17704],[-132.79873,62.18114],[-132.78992,62.18065],[-132.79098,62.17657]]]}},{"type":"Feature","properties":{"c":"91.0","o":"Golden Predator Mining Corp - 100%","e":"2045-12-27"},"geometry":{"type":"Polygon","coordinates":[[[-132.96714,62.08518],[-132.95997,62.08272],[-132.9651,62.07943],[-132.97228,62.08189],[-132.96714,62.08518]]]}},{"type":"Feature","properties":{"c":"559.0","o":"Silver Range Resources Ltd. - 100%","e":"2031-03-13"},"geometry":{"type":"Polygon","coordinates":[[[-132.72537,62.40708],[-132.73191,62.40974],[-132.72624,62.41281],[-132.71969,62.41014],[-132.72453,62.40753],[-132.72537,62.40708]]]}},{"type":"Feature","properties":{"c":"35.0","o":"Deloitte Restructuring Inc. - 100%","e":"2029-03-31"},"geometry":{"type":"Polygon","coordinates":[[[-132.79651,62.14985],[-132.80525,62.15],[-132.8049,62.15411],[-132.79616,62.15395],[-132.79651,62.14985]]]}},{"type":"Feature","properties":{"c":"33.0","o":"Silver Range Resources Ltd. - 100%","e":"2044-03-13"},"geometry":{"type":"Polygon","coordinates":[[[-132.93709,62.48736],[-132.94014,62.48859],[-132.93746,62.48852],[-132.9369,62.49261],[-132.93885,62.49266],[-132.93794,62.49315],[-132.93125,62.49045],[-132.93709,62.48736]]]}},{"type":"Feature","properties":{"c":"32.0","o":"Deloitte Restructuring Inc. - 100%","e":"2029-03-31"},"geometry":{"type":"Polygon","coordinates":[[[-132.71704,62.20468],[-132.72582,62.20464],[-132.72593,62.20866],[-132.71714,62.20871],[-132.71704,62.20468]]]}},{"type":"Feature","properties":{"c":"549.0","o":"Silver Range Resources Ltd. - 100%","e":"2031-03-13"},"geometry":{"type":"Polygon","coordinates":[[[-132.69266,62.39376],[-132.6992,62.39643],[-132.69352,62.39949],[-132.68698,62.39682],[-132.6915,62.39439],[-132.69266,62.39376]]]}},{"type":"Feature","properties":{"c":"21.0","o":"Deloitte Restructuring Inc. - 100%","e":"2028-03-31"},"geometry":{"type":"Polygon","coordinates":[[[-132.95164,62.17421],[-132.95873,62.17189],[-132.96403,62.17563],[-132.95703,62.17782],[-132.95164,62.17421]]]}},{"type":"Feature","properties":{"c":"166.0","o":"Deloitte Restructuring Inc. - 100%","e":"2029-03-31"},"geometry":{"type":"Polygon","coordinates":[[[-132.91399,62.20462],[-132.91387,62.20124],[-132.92231,62.20122],[-132.92242,62.2046],[-132.91399,62.20462]]]}},{"type":"Feature","properties":{"c":"40.0","o":"Golden Predator Mining Corp - 100%","e":"2036-12-27"},"geometry":{"type":"Polygon","coordinates":[[[-132.90978,62.08576],[-132.90272,62.08334],[-132.90788,62.08003],[-132.91495,62.08245],[-132.90978,62.08576]]]}},{"type":"Feature","properties":{"c":"57.0","o":"Deloitte Restructuring Inc. - 100%","e":"2029-03-31"},"geometry":{"type":"Polygon","coordinates":[[[-132.90944,62.16015],[-132.90072,62.15997],[-132.90104,62.15585],[-132.90521,62.15593],[-132.90953,62.15896],[-132.90944,62.16015]]]}},{"type":"Feature","properties":{"c":"5.0","o":"Deloitte Restructuring Inc. - 100%","e":"2029-03-31"},"geometry":{"type":"Polygon","coordinates":[[[-132.93137,62.19725],[-132.93129,62.19303],[-132.94041,62.19299],[-132.94052,62.1972],[-132.93137,62.19725]]]}},{"type":"Feature","properties":{"c":"25.0","o":"Golden Predator Mining Corp - 100%","e":"2053-12-27"},"geometry":{"type":"Polygon","coordinates":[[[-132.84868,62.04954],[-132.85576,62.05197],[-132.85062,62.05528],[-132.84354,62.05284],[-132.84868,62.04954]]]}},{"type":"Feature","properties":{"c":"93.0","o":"Silver Range Resources Ltd. - 100%","e":"2031-03-13"},"geometry":{"type":"Polygon","coordinates":[[[-132.67132,62.37432],[-132.67786,62.37698],[-132.67218,62.38004],[-132.66565,62.37738],[-132.67132,62.37432]]]}},{"type":"Feature","properties":{"c":"91.0","o":"Deloitte Restructuring Inc. - 100%","e":"2029-03-31"},"geometry":{"type":"Polygon","coordinates":[[[-132.8932,62.14337],[-132.90186,62.14354],[-132.90159,62.14764],[-132.89289,62.14747],[-132.8932,62.14337]]]}},{"type":"Feature","properties":{"c":"116.0","o":"Lapie Mining Inc. - 100%","e":"2029-01-20"},"geometry":{"type":"Polygon","coordinates":[[[-132.99559,62.47346],[-133.00217,62.47611],[-132.99644,62.47915],[-132.98986,62.4765],[-132.99559,62.47346]]]}},{"type":"Feature","properties":{"c":"727.0","o":"Silver Range Resources Ltd. - 100%","e":"2032-03-13"},"geometry":{"type":"Polygon","coordinates":[[[-132.54045,62.40734],[-132.54709,62.41005],[-132.5413,62.41316],[-132.53467,62.41044],[-132.54045,62.40734]]]}},{"type":"Feature","properties":{"c":"37.0","o":"Silver Range Resources Ltd. - 100%","e":"2044-03-13"},"geometry":{"type":"Polygon","coordinates":[[[-132.96194,62.48667],[-132.96863,62.48936],[-132.96289,62.4924],[-132.9562,62.48971],[-132.96194,62.48667]]]}},{"type":"Feature","properties":{"c":"9.0","o":"Deloitte Restructuring Inc. - 100%","e":"2029-03-31"},"geometry":{"type":"Polygon","coordinates":[[[-132.95736,62.19711],[-132.96632,62.19708],[-132.96644,62.20113],[-132.95758,62.20115],[-132.95736,62.19711]]]}},{"type":"Feature","properties":{"c":"22.0","o":"Deloitte Restructuring Inc. - 100%","e":"2029-03-31"},"geometry":{"type":"Polygon","coordinates":[[[-132.93137,62.19725],[-132.93143,62.20121],[-132.92231,62.20122],[-132.92219,62.1973],[-132.93137,62.19725]]]}},{"type":"Feature","properties":{"c":"18.0","o":"Golden Predator Mining Corp - 100%","e":"2038-12-27"},"geometry":{"type":"Polygon","coordinates":[[[-132.95735,62.09698],[-132.9522,62.10029],[-132.94513,62.09787],[-132.95028,62.09456],[-132.95735,62.09698]]]}},{"type":"Feature","properties":{"c":"481.0","o":"Silver Range Resources Ltd. - 100%","e":"2031-03-13"},"geometry":{"type":"Polygon","coordinates":[[[-132.68303,62.41134],[-132.68957,62.414],[-132.6839,62.41706],[-132.67735,62.4144],[-132.68164,62.41209],[-132.68303,62.41134]]]}},{"type":"Feature","properties":{"c":"64.0","o":"Deloitte Restructuring Inc. - 100%","e":"2029-03-31"},"geometry":{"type":"Polygon","coordinates":[[[-132.666,62.20089],[-132.66591,62.19894],[-132.67467,62.19885],[-132.67475,62.20085],[-132.666,62.20089]]]}},{"type":"Feature","properties":{"c":"722.0","o":"Silver Range Resources Ltd. - 100%","e":"2032-03-13"},"geometry":{"type":"Polygon","coordinates":[[[-132.51478,62.4023],[-132.52141,62.40501],[-132.51562,62.40812],[-132.50899,62.4054],[-132.51478,62.4023]]]}},{"type":"Feature","properties":{"c":"381.0","o":"Silver Range Resources Ltd. - 100%","e":"2031-03-13"},"geometry":{"type":"Polygon","coordinates":[[[-132.53043,62.38135],[-132.53706,62.38407],[-132.53128,62.38717],[-132.52465,62.38446],[-132.53043,62.38135]]]}},{"type":"Feature","properties":{"c":"2021.0","o":"Silver Range Resources Ltd. - 100%","e":"2038-03-13"},"geometry":{"type":"Polygon","coordinates":[[[-132.82941,62.482],[-132.83609,62.4847],[-132.83312,62.48627],[-132.82644,62.48357],[-132.82941,62.482]]]}},{"type":"Feature","properties":{"c":"132.0","o":"Deloitte Restructuring Inc. - 100%","e":"2029-03-31"},"geometry":{"type":"Polygon","coordinates":[[[-132.8426,62.18359],[-132.8416,62.18748],[-132.83283,62.18702],[-132.83385,62.18311],[-132.8426,62.18359]]]}},{"type":"Feature","properties":{"c":"1.0","o":"Silver Range Resources Ltd. - 100%","e":"2031-03-13"},"geometry":{"type":"Polygon","coordinates":[[[-132.60624,62.31545],[-132.61286,62.31816],[-132.60719,62.32122],[-132.60058,62.31851],[-132.60624,62.31545]]]}},{"type":"Feature","properties":{"c":"43.0","o":"Deloitte Restructuring Inc. - 100%","e":"2029-03-31"},"geometry":{"type":"Polygon","coordinates":[[[-132.68205,62.21094],[-132.682,62.20888],[-132.69078,62.20884],[-132.69084,62.21089],[-132.68205,62.21094]]]}},{"type":"Feature","properties":{"c":"796.0","o":"Silver Range Resources Ltd. - 100%","e":"2040-03-13"},"geometry":{"type":"Polygon","coordinates":[[[-132.8109,62.40425],[-132.81762,62.40692],[-132.81206,62.40993],[-132.8054,62.40723],[-132.8109,62.40425]]]}},{"type":"Feature","properties":{"c":"354.0","o":"Silver Range Resources Ltd. - 100%","e":"2031-03-13"},"geometry":{"type":"Polygon","coordinates":[[[-132.62846,62.41597],[-132.635,62.41863],[-132.62923,62.42174],[-132.62269,62.41907],[-132.62663,62.41695],[-132.62846,62.41597]]]}},{"type":"Feature","properties":{"c":"125.0","o":"Silver Range Resources Ltd. - 100%","e":"2031-03-13"},"geometry":{"type":"Polygon","coordinates":[[[-132.63375,62.36973],[-132.64038,62.37244],[-132.63471,62.3755],[-132.62807,62.37279],[-132.63202,62.37066],[-132.63375,62.36973]]]}},{"type":"Feature","properties":{"c":"27.0","o":"Deloitte Restructuring Inc. - 100%","e":"2029-03-31"},"geometry":{"type":"Polygon","coordinates":[[[-132.77851,62.20941],[-132.77835,62.20536],[-132.78711,62.20533],[-132.7873,62.20938],[-132.77851,62.20941]]]}},{"type":"Feature","properties":{"c":"157.0","o":"Silver Range Resources Ltd. - 100%","e":"2031-03-13"},"geometry":{"type":"Polygon","coordinates":[[[-132.576,62.35686],[-132.58262,62.35958],[-132.57694,62.36263],[-132.57032,62.35992],[-132.57363,62.35814],[-132.576,62.35686]]]}},{"type":"Feature","properties":{"c":"16.0","o":"Deloitte Restructuring Inc. - 100%","e":"2029-03-31"},"geometry":{"type":"Polygon","coordinates":[[[-132.95736,62.19711],[-132.95758,62.20115],[-132.94913,62.20117],[-132.94901,62.19716],[-132.95736,62.19711]]]}},{"type":"Feature","properties":{"c":"67.0","o":"Silver Range Resources Ltd. - 100%","e":"2031-03-13"},"geometry":{"type":"Polygon","coordinates":[[[-132.58546,62.33921],[-132.59208,62.34193],[-132.5864,62.34498],[-132.57978,62.34227],[-132.58546,62.33921]]]}},{"type":"Feature","properties":{"c":"39.0","o":"Deloitte Restructuring Inc. - 100%","e":"2029-03-31"},"geometry":{"type":"Polygon","coordinates":[[[-132.7172,62.21076],[-132.71714,62.20871],[-132.72593,62.20866],[-132.72599,62.21071],[-132.7172,62.21076]]]}},{"type":"Feature","properties":{"c":"18.0","o":"Silver Range Resources Ltd. - 100%","e":"2031-03-13"},"geometry":{"type":"Polygon","coordinates":[[[-132.59585,62.32733],[-132.60247,62.33004],[-132.5968,62.3331],[-132.59018,62.33039],[-132.59585,62.32733]]]}},{"type":"Feature","properties":{"c":"130.0","o":"Deloitte Restructuring Inc. - 100%","e":"2029-03-31"},"geometry":{"type":"Polygon","coordinates":[[[-132.84236,62.22221],[-132.84229,62.21813],[-132.85042,62.2181],[-132.85055,62.22215],[-132.84236,62.22221]]]}},{"type":"Feature","properties":{"c":"45.0","o":"Golden Predator Mining Corp - 100%","e":"2055-12-27"},"geometry":{"type":"Polygon","coordinates":[[[-132.89307,62.06989],[-132.886,62.06745],[-132.89113,62.06415],[-132.8982,62.06658],[-132.89307,62.06989]]]}},{"type":"Feature","properties":{"c":"268.0","o":"Silver Range Resources Ltd. - 100%","e":"2031-03-13"},"geometry":{"type":"Polygon","coordinates":[[[-132.54096,62.36943],[-132.54759,62.37214],[-132.5419,62.3752],[-132.53527,62.37248],[-132.53816,62.37093],[-132.54096,62.36943]]]}},{"type":"Feature","properties":{"c":"36.0","o":"Golden Predator Mining Corp - 100%","e":"2055-12-27"},"geometry":{"type":"Polygon","coordinates":[[[-132.86409,62.03962],[-132.87119,62.04205],[-132.86605,62.04536],[-132.85895,62.04293],[-132.86409,62.03962]]]}},{"type":"Feature","properties":{"c":"21.0","o":"Deloitte Restructuring Inc. - 100%","e":"2029-03-31"},"geometry":{"type":"Polygon","coordinates":[[[-132.75206,62.20546],[-132.76082,62.20543],[-132.76093,62.20945],[-132.75213,62.20947],[-132.75206,62.20546]]]}},{"type":"Feature","properties":{"c":"686.0","o":"Silver Range Resources Ltd. - 100%","e":"2032-03-13"},"geometry":{"type":"Polygon","coordinates":[[[-132.59077,62.41151],[-132.5973,62.41418],[-132.59152,62.41728],[-132.58499,62.41461],[-132.59077,62.41151]]]}},{"type":"Feature","properties":{"c":"866.0","o":"Silver Range Resources Ltd. - 100%","e":"2032-03-13"},"geometry":{"type":"Polygon","coordinates":[[[-132.51549,62.32667],[-132.5221,62.32938],[-132.51642,62.33244],[-132.50981,62.32972],[-132.51549,62.32667]]]}},{"type":"Feature","properties":{"c":"525.0","o":"Silver Range Resources Ltd. - 100%","e":"2031-03-13"},"geometry":{"type":"Polygon","coordinates":[[[-132.72056,62.41587],[-132.72711,62.41853],[-132.72143,62.42159],[-132.71489,62.41893],[-132.71961,62.41638],[-132.72056,62.41587]]]}},{"type":"Feature","properties":{"c":"10.0","o":"Deloitte Restructuring Inc. - 100%","e":"2028-03-31"},"geometry":{"type":"Polygon","coordinates":[[[-132.93643,62.15574],[-132.93715,62.15554],[-132.94464,62.15737],[-132.94045,62.15866],[-132.93643,62.15574]]]}},{"type":"Feature","properties":{"c":"72.0","o":"Deloitte Restructuring Inc. - 100%","e":"2028-03-31"},"geometry":{"type":"Polygon","coordinates":[[[-132.94939,62.15996],[-132.95501,62.16251],[-132.95395,62.16303],[-132.94869,62.16039],[-132.94939,62.15996]]]}},{"type":"Feature","properties":{"c":"2020.0","o":"Silver Range Resources Ltd. - 100%","e":"2038-03-13"},"geometry":{"type":"Polygon","coordinates":[[[-132.81977,62.48087],[-132.82644,62.48357],[-132.82357,62.48508],[-132.81689,62.48238],[-132.81977,62.48087]]]}},{"type":"Feature","properties":{"c":"674.0","o":"Silver Range Resources Ltd. - 100%","e":"2031-03-13"},"geometry":{"type":"Polygon","coordinates":[[[-132.88822,62.45702],[-132.8949,62.45971],[-132.88923,62.46278],[-132.88255,62.46009],[-132.88822,62.45702]]]}},{"type":"Feature","properties":{"c":"251.0","o":"Silver Range Resources Ltd. - 100%","e":"2042-03-13"},"geometry":{"type":"Polygon","coordinates":[[[-132.88701,62.48893],[-132.89369,62.49163],[-132.88785,62.49472],[-132.88117,62.49202],[-132.88701,62.48893]]]}},{"type":"Feature","properties":{"c":"613.0","o":"Silver Range Resources Ltd. - 100%","e":"2031-03-13"},"geometry":{"type":"Polygon","coordinates":[[[-132.84252,62.44389],[-132.84919,62.44659],[-132.84352,62.44966],[-132.83685,62.44696],[-132.84252,62.44389]]]}},{"type":"Feature","properties":{"c":"25.0","o":"Silver Range Resources Ltd. - 100%","e":"2044-03-13"},"geometry":{"type":"Polygon","coordinates":[[[-132.98106,62.48901],[-132.98775,62.4917],[-132.98201,62.49475],[-132.97532,62.49205],[-132.98106,62.48901]]]}},{"type":"Feature","properties":{"c":"142.0","o":"Golden Predator Mining Corp - 100%","e":"2043-12-27"},"geometry":{"type":"Polygon","coordinates":[[[-132.76418,62.02308],[-132.75892,62.02641],[-132.75202,62.02398],[-132.75728,62.02066],[-132.76418,62.02308]]]}},{"type":"Feature","properties":{"c":"13.0","o":"Golden Predator Mining Corp - 100%","e":"2032-05-03"},"geometry":{"type":"Polygon","coordinates":[[[-132.80114,62.02043],[-132.79814,62.01942],[-132.80074,62.01776],[-132.80777,62.02019],[-132.8026,62.0235],[-132.79852,62.02209],[-132.80114,62.02043]]]}},{"type":"Feature","properties":{"c":"655.0","o":"Silver Range Resources Ltd. - 100%","e":"2031-03-13"},"geometry":{"type":"Polygon","coordinates":[[[-132.83385,62.42966],[-132.84052,62.43236],[-132.83485,62.43543],[-132.82819,62.43273],[-132.83385,62.42966]]]}},{"type":"Feature","properties":{"c":"391.0","o":"Silver Range Resources Ltd. - 100%","e":"2031-03-13"},"geometry":{"type":"Polygon","coordinates":[[[-132.56358,62.39492],[-132.57021,62.39764],[-132.56443,62.40074],[-132.5578,62.39803],[-132.56358,62.39492]]]}},{"type":"Feature","properties":{"c":"861.0","o":"Silver Range Resources Ltd. - 100%","e":"2032-03-13"},"geometry":{"type":"Polygon","coordinates":[[[-132.50795,62.31818],[-132.51456,62.3209],[-132.50888,62.32395],[-132.50227,62.32124],[-132.50795,62.31818]]]}},{"type":"Feature","properties":{"c":"608.0","o":"Silver Range Resources Ltd. - 100%","e":"2031-03-13"},"geometry":{"type":"Polygon","coordinates":[[[-132.81685,62.43886],[-132.82351,62.44156],[-132.81784,62.44463],[-132.81118,62.44193],[-132.81685,62.43886]]]}},{"type":"Feature","properties":{"c":"59.0","o":"Deloitte Restructuring Inc. - 100%","e":"2029-03-31"},"geometry":{"type":"Polygon","coordinates":[[[-132.98638,62.21335],[-132.9918,62.21078],[-132.9981,62.21389],[-132.99234,62.21649],[-132.98638,62.21335]]]}},{"type":"Feature","properties":{"c":"31.0","o":"Deloitte Restructuring Inc. - 100%","e":"2029-03-31"},"geometry":{"type":"Polygon","coordinates":[[[-132.80491,62.20934],[-132.79609,62.20936],[-132.79588,62.2053],[-132.80479,62.20524],[-132.80491,62.20934]]]}},{"type":"Feature","properties":{"c":"95.0","o":"Deloitte Restructuring Inc. - 100%","e":"2029-03-31"},"geometry":{"type":"Polygon","coordinates":[[[-132.92637,62.17731],[-132.93256,62.17728],[-132.93252,62.17587],[-132.93481,62.17585],[-132.93501,62.17849],[-132.92676,62.1787],[-132.92637,62.17731]]]}},{"type":"Feature","properties":{"c":"801.0","o":"Silver Range Resources Ltd. - 100%","e":"2040-03-13"},"geometry":{"type":"Polygon","coordinates":[[[-132.83688,62.4091],[-132.84362,62.41183],[-132.83787,62.41495],[-132.83107,62.41225],[-132.83688,62.4091]]]}},{"type":"Feature","properties":{"c":"2118.0","o":"Silver Range Resources Ltd. - 100%","e":"2038-03-13"},"geometry":{"type":"Polygon","coordinates":[[[-132.79963,62.49149],[-132.80631,62.49419],[-132.80055,62.49723],[-132.79387,62.49453],[-132.79963,62.49149]]]}},{"type":"Feature","properties":{"c":"671.0","o":"Silver Range Resources Ltd. - 100%","e":"2031-03-13"},"geometry":{"type":"Polygon","coordinates":[[[-132.88721,62.45125],[-132.89388,62.45395],[-132.88822,62.45702],[-132.88154,62.45432],[-132.88721,62.45125]]]}},{"type":"Feature","properties":{"c":"49.0","o":"Deloitte Restructuring Inc. - 100%","e":"2029-03-31"},"geometry":{"type":"Polygon","coordinates":[[[-132.94096,62.1824],[-132.94115,62.185],[-132.93266,62.18502],[-132.93235,62.18249],[-132.94096,62.1824]]]}},{"type":"Feature","properties":{"c":"170.0","o":"Deloitte Restructuring Inc. - 100%","e":"2029-03-31"},"geometry":{"type":"Polygon","coordinates":[[[-132.88947,62.19709],[-132.87863,62.19717],[-132.87867,62.19523],[-132.88941,62.19521],[-132.88947,62.19709]]]}},{"type":"Feature","properties":{"c":"92.0","o":"Silver Range Resources Ltd. - 100%","e":"2031-03-13"},"geometry":{"type":"Polygon","coordinates":[[[-132.65912,62.37471],[-132.66565,62.37738],[-132.65998,62.38044],[-132.65344,62.37777],[-132.65912,62.37471]]]}},{"type":"Feature","properties":{"c":"81.0","o":"Deloitte Restructuring Inc. - 100%","e":"2029-03-31"},"geometry":{"type":"Polygon","coordinates":[[[-132.91004,62.15189],[-132.91028,62.1478],[-132.91937,62.14791],[-132.9192,62.15034],[-132.91395,62.15197],[-132.91004,62.15189]]]}},{"type":"Feature","properties":{"c":"53.0","o":"Deloitte Restructuring Inc. - 100%","e":"2029-03-31"},"geometry":{"type":"Polygon","coordinates":[[[-132.75189,62.19725],[-132.76063,62.19724],[-132.76073,62.20135],[-132.75197,62.20136],[-132.75189,62.19725]]]}},{"type":"Feature","properties":{"c":"275.0","o":"Silver Range Resources Ltd. - 100%","e":"2042-03-13"},"geometry":{"type":"Polygon","coordinates":[[[-132.8069,62.45654],[-132.81357,62.45924],[-132.80773,62.46233],[-132.80106,62.45963],[-132.8069,62.45654]]]}},{"type":"Feature","properties":{"c":"828.0","o":"Silver Range Resources Ltd. - 100%","e":"2032-03-13"},"geometry":{"type":"Polygon","coordinates":[[[-132.54294,62.30563],[-132.54955,62.30834],[-132.54387,62.3114],[-132.53726,62.30868],[-132.54294,62.30563]]]}},{"type":"Feature","properties":{"c":"128.0","o":"Deloitte Restructuring Inc. - 100%","e":"2029-03-31"},"geometry":{"type":"Polygon","coordinates":[[[-132.75664,62.17473],[-132.75373,62.17457],[-132.75344,62.17039],[-132.75762,62.17063],[-132.75664,62.17473]]]}},{"type":"Feature","properties":{"c":"854.0","o":"Silver Range Resources Ltd. - 100%","e":"2032-03-13"},"geometry":{"type":"Polygon","coordinates":[[[-132.52024,62.31784],[-132.52685,62.32056],[-132.52117,62.32361],[-132.51456,62.3209],[-132.52024,62.31784]]]}},{"type":"Feature","properties":{"c":"28.0","o":"Deloitte Restructuring Inc. - 100%","e":"2029-03-31"},"geometry":{"type":"Polygon","coordinates":[[[-132.76946,62.1575],[-132.77824,62.1577],[-132.77788,62.16176],[-132.76911,62.16157],[-132.76946,62.1575]]]}},{"type":"Feature","properties":{"c":"14.0","o":"Deloitte Restructuring Inc. - 100%","e":"2029-03-31"},"geometry":{"type":"Polygon","coordinates":[[[-132.92602,62.16309],[-132.92156,62.15985],[-132.92818,62.15802],[-132.93251,62.16109],[-132.92602,62.16309]]]}},{"type":"Feature","properties":{"c":"9.0","o":"Golden Predator Mining Corp - 100%","e":"2041-12-27"},"geometry":{"type":"Polygon","coordinates":[[[-132.9878,62.10017],[-132.99498,62.10262],[-132.98982,62.10591],[-132.98266,62.10346],[-132.9878,62.10017]]]}},{"type":"Feature","properties":{"c":"21.0","o":"Silver Range Resources Ltd. - 100%","e":"2031-03-13"},"geometry":{"type":"Polygon","coordinates":[[[-132.61477,62.3297],[-132.62139,62.33241],[-132.61572,62.33547],[-132.6091,62.33276],[-132.61477,62.3297]]]}},{"type":"Feature","properties":{"c":"55.0","o":"Golden Predator Mining Corp - 100%","e":"2031-05-03"},"geometry":{"type":"Polygon","coordinates":[[[-132.69581,62.00787],[-132.70219,62.01067],[-132.69624,62.01366],[-132.68985,62.01087],[-132.69581,62.00787]]]}},{"type":"Feature","properties":{"c":"297.0","o":"Silver Range Resources Ltd. - 100%","e":"2042-03-13"},"geometry":{"type":"Polygon","coordinates":[[[-132.87196,62.47197],[-132.87864,62.47467],[-132.8728,62.47775],[-132.86612,62.47505],[-132.87196,62.47197]]]}},{"type":"Feature","properties":{"c":"104.0","o":"Deloitte Restructuring Inc. - 100%","e":"2029-03-31"},"geometry":{"type":"Polygon","coordinates":[[[-132.81963,62.16966],[-132.8207,62.1656],[-132.82934,62.16603],[-132.82832,62.1701],[-132.81963,62.16966]]]}},{"type":"Feature","properties":{"c":"1.0","o":"Golden Predator Mining Corp - 100%","e":"2035-09-13"},"geometry":{"type":"Polygon","coordinates":[[[-132.86928,62.03632],[-132.87633,62.03874],[-132.87119,62.04205],[-132.86409,62.03962],[-132.86928,62.03632]]]}},{"type":"Feature","properties":{"c":"4.0","o":"Deloitte Restructuring Inc. - 100%","e":"2029-03-31"},"geometry":{"type":"Polygon","coordinates":[[[-132.80381,62.16633],[-132.81258,62.16651],[-132.81221,62.17054],[-132.80346,62.17036],[-132.80381,62.16633]]]}},{"type":"Feature","properties":{"c":"26.0","o":"Silver Range Resources Ltd. - 100%","e":"2044-03-13"},"geometry":{"type":"Polygon","coordinates":[[[-132.98679,62.48597],[-132.99348,62.48866],[-132.98775,62.4917],[-132.98106,62.48901],[-132.98679,62.48597]]]}},{"type":"Feature","properties":{"c":"87.0","o":"Deloitte Restructuring Inc. - 100%","e":"2029-03-31"},"geometry":{"type":"Polygon","coordinates":[[[-132.70048,62.1944],[-132.70024,62.19025],[-132.7088,62.19015],[-132.709,62.19433],[-132.70048,62.1944]]]}},{"type":"Feature","properties":{"c":"606.0","o":"Silver Range Resources Ltd. - 100%","e":"2031-03-13"},"geometry":{"type":"Polygon","coordinates":[[[-132.81018,62.43616],[-132.81685,62.43886],[-132.81118,62.44193],[-132.80451,62.43922],[-132.81018,62.43616]]]}},{"type":"Feature","properties":{"c":"118.0","o":"Silver Range Resources Ltd. - 100%","e":"2031-03-13"},"geometry":{"type":"Polygon","coordinates":[[[-132.60155,62.36194],[-132.60818,62.36466],[-132.6025,62.36771],[-132.59587,62.365],[-132.59947,62.36307],[-132.60155,62.36194]]]}},{"type":"Feature","properties":{"c":"41.0","o":"Deloitte Restructuring Inc. - 100%","e":"2029-03-31"},"geometry":{"type":"Polygon","coordinates":[[[-132.97097,62.2089],[-132.96976,62.20835],[-132.97619,62.2052],[-132.97779,62.20594],[-132.97097,62.2089]]]}},{"type":"Feature","properties":{"c":"154.0","o":"Silver Range Resources Ltd. - 100%","e":"2038-03-13"},"geometry":{"type":"Polygon","coordinates":[[[-132.99576,62.32501],[-132.9999,62.32664],[-132.99419,62.32977],[-132.98907,62.32775],[-132.99576,62.32501]]]}},{"type":"Feature","properties":{"c":"20.0","o":"Deloitte Restructuring Inc. - 100%","e":"2029-03-31"},"geometry":{"type":"Polygon","coordinates":[[[-132.67321,62.20893],[-132.66442,62.20898],[-132.66432,62.20494],[-132.6731,62.20489],[-132.67321,62.20893]]]}},{"type":"Feature","properties":{"c":"576.0","o":"Silver Range Resources Ltd. - 100%","e":"2031-03-13"},"geometry":{"type":"Polygon","coordinates":[[[-132.77219,62.43148],[-132.77885,62.43418],[-132.77318,62.43725],[-132.76652,62.43454],[-132.77178,62.4317],[-132.77219,62.43148]]]}},{"type":"Feature","properties":{"c":"140.0","o":"Deloitte Restructuring Inc. - 100%","e":"2029-03-31"},"geometry":{"type":"Polygon","coordinates":[[[-132.8945,62.21792],[-132.89461,62.22177],[-132.88577,62.22185],[-132.88566,62.21796],[-132.8945,62.21792]]]}},{"type":"Feature","properties":{"c":"439.0","o":"Silver Range Resources Ltd. - 100%","e":"2031-03-13"},"geometry":{"type":"Polygon","coordinates":[[[-132.49406,62.38833],[-132.50068,62.39105],[-132.4949,62.39415],[-132.48827,62.39143],[-132.49406,62.38833]]]}},{"type":"Feature","properties":{"c":"70.0","o":"Golden Predator Mining Corp - 100%","e":"2037-12-27"},"geometry":{"type":"Polygon","coordinates":[[[-132.76066,62.00945],[-132.75193,62.00936],[-132.75231,62.00526],[-132.76104,62.00535],[-132.76066,62.00945]]]}},{"type":"Feature","properties":{"c":"461.0","o":"Silver Range Resources Ltd. - 100%","e":"2031-03-13"},"geometry":{"type":"Polygon","coordinates":[[[-132.72405,62.43877],[-132.7306,62.44143],[-132.72492,62.44449],[-132.71837,62.44183],[-132.72299,62.43934],[-132.72405,62.43877]]]}},{"type":"Feature","properties":{"c":"9.0","o":"Deloitte Restructuring Inc. - 100%","e":"2029-03-31"},"geometry":{"type":"Polygon","coordinates":[[[-132.7771,62.17162],[-132.77724,62.16984],[-132.78598,62.17001],[-132.78581,62.17206],[-132.7771,62.17162]]]}},{"type":"Feature","properties":{"c":"298.0","o":"Silver Range Resources Ltd. - 100%","e":"2042-03-13"},"geometry":{"type":"Polygon","coordinates":[[[-132.8778,62.46888],[-132.88447,62.47158],[-132.87864,62.47467],[-132.87196,62.47197],[-132.8778,62.46888]]]}},{"type":"Feature","properties":{"c":"115.0","o":"Deloitte Restructuring Inc. - 100%","e":"2029-03-31"},"geometry":{"type":"Polygon","coordinates":[[[-132.85668,62.19274],[-132.85667,62.19707],[-132.84794,62.19709],[-132.84785,62.19277],[-132.85668,62.19274]]]}},{"type":"Feature","properties":{"c":"458.0","o":"Silver Range Resources Ltd. - 100%","e":"2031-03-13"},"geometry":{"type":"Polygon","coordinates":[[[-132.70527,62.4365],[-132.71182,62.43917],[-132.70614,62.44223],[-132.69959,62.43956],[-132.70408,62.43714],[-132.70527,62.4365]]]}},{"type":"Feature","properties":{"c":"66.0","o":"Deloitte Restructuring Inc. - 100%","e":"2029-03-31"},"geometry":{"type":"Polygon","coordinates":[[[-132.9009,62.17348],[-132.89419,62.17374],[-132.89336,62.16976],[-132.90012,62.16963],[-132.9009,62.17348]]]}},{"type":"Feature","properties":{"c":"505.0","o":"Silver Range Resources Ltd. - 100%","e":"2031-03-13"},"geometry":{"type":"Polygon","coordinates":[[[-132.76183,62.44338],[-132.76849,62.44608],[-132.76282,62.44914],[-132.75615,62.44644],[-132.76121,62.44371],[-132.76183,62.44338]]]}},{"type":"Feature","properties":{"c":"74.0","o":"Deloitte Restructuring Inc. - 100%","e":"2029-03-31"},"geometry":{"type":"Polygon","coordinates":[[[-132.86302,62.18273],[-132.86548,62.18269],[-132.86465,62.18468],[-132.86319,62.1847],[-132.86302,62.18273]]]}},{"type":"Feature","properties":{"c":"1.0","o":"Golden Predator Mining Corp - 100%","e":"2041-12-27"},"geometry":{"type":"Polygon","coordinates":[[[-132.98063,62.09771],[-132.97345,62.09525],[-132.97858,62.09196],[-132.98576,62.09442],[-132.98063,62.09771]]]}},{"type":"Feature","properties":{"c":"266.0","o":"Silver Range Resources Ltd. - 100%","e":"2031-03-13"},"geometry":{"type":"Polygon","coordinates":[[[-132.53434,62.36671],[-132.54096,62.36943],[-132.53527,62.37248],[-132.52865,62.36977],[-132.53147,62.36825],[-132.53434,62.36671]]]}},{"type":"Feature","properties":{"c":"7.0","o":"Golden Predator Mining Corp - 100%","e":"2055-12-27"},"geometry":{"type":"Polygon","coordinates":[[[-132.85381,62.04624],[-132.8609,62.04867],[-132.85576,62.05197],[-132.84868,62.04954],[-132.85381,62.04624]]]}},{"type":"Feature","properties":{"c":"762.0","o":"Silver Range Resources Ltd. - 100%","e":"2040-03-13"},"geometry":{"type":"Polygon","coordinates":[[[-132.83302,62.42388],[-132.83965,62.42656],[-132.83385,62.42966],[-132.82726,62.42699],[-132.83302,62.42388]]]}},{"type":"Feature","properties":{"c":"18.0","o":"Silver Range Resources Ltd. - 100%","e":"2044-03-13"},"geometry":{"type":"Polygon","coordinates":[[[-132.98201,62.49475],[-132.98871,62.49744],[-132.98297,62.50048],[-132.97627,62.49779],[-132.98201,62.49475]]]}},{"type":"Feature","properties":{"c":"645.0","o":"Silver Range Resources Ltd. - 100%","e":"2031-03-13"},"geometry":{"type":"Polygon","coordinates":[[[-132.80055,62.41616],[-132.8072,62.41886],[-132.80154,62.42192],[-132.79488,62.41922],[-132.80055,62.41616]]]}},{"type":"Feature","properties":{"c":"96.0","o":"Deloitte Restructuring Inc. - 100%","e":"2029-03-31"},"geometry":{"type":"Polygon","coordinates":[[[-132.93481,62.17585],[-132.9436,62.17576],[-132.9439,62.17997],[-132.94085,62.18009],[-132.94061,62.17846],[-132.93501,62.17849],[-132.93481,62.17585]]]}},{"type":"Feature","properties":{"c":"876.0","o":"Silver Range Resources Ltd. - 100%","e":"2032-03-13"},"geometry":{"type":"Polygon","coordinates":[[[-132.50413,62.33277],[-132.51074,62.33549],[-132.50506,62.33854],[-132.49845,62.33583],[-132.50413,62.33277]]]}},{"type":"Feature","properties":{"c":"715.0","o":"Silver Range Resources Ltd. - 100%","e":"2032-03-13"},"geometry":{"type":"Polygon","coordinates":[[[-132.50068,62.39105],[-132.50731,62.39376],[-132.50152,62.39687],[-132.4949,62.39415],[-132.50068,62.39105]]]}},{"type":"Feature","properties":{"c":"284.0","o":"Silver Range Resources Ltd. - 100%","e":"2031-03-13"},"geometry":{"type":"Polygon","coordinates":[[[-132.59399,62.39113],[-132.60063,62.39384],[-132.59494,62.3969],[-132.58831,62.39419],[-132.59171,62.39236],[-132.59399,62.39113]]]}},{"type":"Feature","properties":{"c":"633.0","o":"Silver Range Resources Ltd. - 100%","e":"2031-03-13"},"geometry":{"type":"Polygon","coordinates":[[[-132.76114,62.40015],[-132.76769,62.40282],[-132.76202,62.40588],[-132.75547,62.40322],[-132.76114,62.40015]]]}},{"type":"Feature","properties":{"c":"757.0","o":"Silver Range Resources Ltd. - 100%","e":"2040-03-13"},"geometry":{"type":"Polygon","coordinates":[[[-132.82538,62.41533],[-132.83211,62.41806],[-132.82636,62.42118],[-132.81962,62.41845],[-132.82538,62.41533]]]}},{"type":"Feature","properties":{"c":"11.0","o":"Golden Predator Mining Corp - 100%","e":"2041-12-27"},"geometry":{"type":"Polygon","coordinates":[[[-132.98467,62.10919],[-132.97752,62.10674],[-132.98266,62.10346],[-132.98982,62.10591],[-132.98467,62.10919]]]}},{"type":"Feature","properties":{"c":"81.0","o":"Silver Range Resources Ltd. - 100%","e":"2031-03-13"},"geometry":{"type":"Polygon","coordinates":[[[-132.63184,62.35819],[-132.63847,62.3609],[-132.63279,62.36396],[-132.62616,62.36125],[-132.63184,62.35819]]]}},{"type":"Feature","properties":{"c":"1169.0","o":"Silver Range Resources Ltd. - 100%","e":"2042-03-13"},"geometry":{"type":"Polygon","coordinates":[[[-132.91618,62.47349],[-132.92286,62.47619],[-132.91703,62.47928],[-132.91035,62.47658],[-132.91618,62.47349]]]}},{"type":"Feature","properties":{"c":"6.0","o":"Golden Predator Mining Corp - 100%","e":"2035-09-13"},"geometry":{"type":"Polygon","coordinates":[[[-132.8853,62.04689],[-132.89237,62.04931],[-132.8872,62.05263],[-132.88023,62.05023],[-132.8853,62.04689]]]}},{"type":"Feature","properties":{"c":"867.0","o":"Silver Range Resources Ltd. - 100%","e":"2032-03-13"},"geometry":{"type":"Polygon","coordinates":[[[-132.52778,62.32633],[-132.5344,62.32904],[-132.52872,62.3321],[-132.5221,62.32938],[-132.52778,62.32633]]]}},{"type":"Feature","properties":{"c":"394.0","o":"Silver Range Resources Ltd. - 100%","e":"2031-03-13"},"geometry":{"type":"Polygon","coordinates":[[[-132.56443,62.40074],[-132.57107,62.40346],[-132.56529,62.40656],[-132.55865,62.40385],[-132.56443,62.40074]]]}},{"type":"Feature","properties":{"c":"100.0","o":"Deloitte Restructuring Inc. - 100%","e":"2029-03-31"},"geometry":{"type":"Polygon","coordinates":[[[-132.75164,62.19311],[-132.75155,62.18914],[-132.76001,62.1891],[-132.76011,62.19307],[-132.75164,62.19311]]]}},{"type":"Feature","properties":{"c":"637.0","o":"Silver Range Resources Ltd. - 100%","e":"2031-03-13"},"geometry":{"type":"Polygon","coordinates":[[[-132.77423,62.40548],[-132.78078,62.40814],[-132.77512,62.4112],[-132.76857,62.40854],[-132.77423,62.40548]]]}},{"type":"Feature","properties":{"c":"680.0","o":"Silver Range Resources Ltd. - 100%","e":"2031-03-13"},"geometry":{"type":"Polygon","coordinates":[[[-132.90825,62.46511],[-132.91506,62.46785],[-132.90932,62.47089],[-132.90259,62.46818],[-132.90825,62.46511]]]}},{"type":"Feature","properties":{"c":"5.0","o":"Deloitte Restructuring Inc. - 100%","e":"2028-03-31"},"geometry":{"type":"Polygon","coordinates":[[[-132.9373,62.16449],[-132.94517,62.16207],[-132.94969,62.16544],[-132.94187,62.16786],[-132.9373,62.16449]]]}},{"type":"Feature","properties":{"c":"33.0","o":"Silver Range Resources Ltd. - 100%","e":"2031-03-13"},"geometry":{"type":"Polygon","coordinates":[[[-132.57695,62.32496],[-132.58356,62.32768],[-132.57789,62.33073],[-132.57127,62.32802],[-132.57695,62.32496]]]}},{"type":"Feature","properties":{"c":"21.0","o":"Deloitte Restructuring Inc. - 100%","e":"2028-03-31"},"geometry":{"type":"Polygon","coordinates":[[[-132.97524,62.17645],[-132.97537,62.17237],[-132.98283,62.17608],[-132.98436,62.17529],[-132.98438,62.17642],[-132.98356,62.17642],[-132.97524,62.17645]]]}},{"type":"Feature","properties":{"c":"20.0","o":"Golden Predator Mining Corp - 100%","e":"2038-12-27"},"geometry":{"type":"Polygon","coordinates":[[[-132.94706,62.10361],[-132.93999,62.10119],[-132.94513,62.09787],[-132.9522,62.10029],[-132.94706,62.10361]]]}},{"type":"Feature","properties":{"c":"389.0","o":"Silver Range Resources Ltd. - 100%","e":"2031-03-13"},"geometry":{"type":"Polygon","coordinates":[[[-132.55695,62.39221],[-132.56358,62.39492],[-132.5578,62.39803],[-132.55117,62.39532],[-132.55695,62.39221]]]}},{"type":"Feature","properties":{"c":"3.0","o":"Golden Predator Mining Corp - 100%","e":"2035-09-13"},"geometry":{"type":"Polygon","coordinates":[[[-132.87633,62.03874],[-132.88339,62.04116],[-132.87824,62.04447],[-132.87119,62.04205],[-132.87633,62.03874]]]}},{"type":"Feature","properties":{"c":"223.0","o":"Silver Range Resources Ltd. - 100%","e":"2042-03-13"},"geometry":{"type":"Polygon","coordinates":[[[-132.84193,62.48161],[-132.84861,62.48431],[-132.84276,62.4874],[-132.83609,62.4847],[-132.84193,62.48161]]]}},{"type":"Feature","properties":{"c":"8.0","o":"Deloitte Restructuring Inc. - 100%","e":"2029-03-31"},"geometry":{"type":"Polygon","coordinates":[[[-132.77882,62.21735],[-132.77898,62.2214],[-132.77011,62.22142],[-132.76998,62.21738],[-132.77882,62.21735]]]}},{"type":"Feature","properties":{"c":"2027.0","o":"Silver Range Resources Ltd. - 100%","e":"2038-03-13"},"geometry":{"type":"Polygon","coordinates":[[[-132.84944,62.4901],[-132.85612,62.4928],[-132.85316,62.49436],[-132.84648,62.49166],[-132.84944,62.4901]]]}},{"type":"Feature","properties":{"c":"60.0","o":"Deloitte Restructuring Inc. - 100%","e":"2029-03-31"},"geometry":{"type":"Polygon","coordinates":[[[-132.90944,62.16015],[-132.91128,62.16018],[-132.91385,62.16198],[-132.90929,62.16203],[-132.90944,62.16015]]]}},{"type":"Feature","properties":{"c":"579.0","o":"Silver Range Resources Ltd. - 100%","e":"2031-03-13"},"geometry":{"type":"Polygon","coordinates":[[[-132.79785,62.43652],[-132.79218,62.43959],[-132.78552,62.43689],[-132.79099,62.43393],[-132.79785,62.43652]]]}},{"type":"Feature","properties":{"c":"26.0","o":"Deloitte Restructuring Inc. - 100%","e":"2029-03-31"},"geometry":{"type":"Polygon","coordinates":[[[-132.77824,62.1577],[-132.78701,62.15789],[-132.78666,62.16194],[-132.77788,62.16176],[-132.77824,62.1577]]]}},{"type":"Feature","properties":{"c":"702.0","o":"Silver Range Resources Ltd. - 100%","e":"2032-03-13"},"geometry":{"type":"Polygon","coordinates":[[[-132.54624,62.40424],[-132.55287,62.40695],[-132.54709,62.41005],[-132.54045,62.40734],[-132.54624,62.40424]]]}},{"type":"Feature","properties":{"c":"29.0","o":"Deloitte Restructuring Inc. - 100%","e":"2029-03-31"},"geometry":{"type":"Polygon","coordinates":[[[-132.70814,62.2007],[-132.71693,62.20066],[-132.71704,62.20468],[-132.70825,62.20473],[-132.70814,62.2007]]]}},{"type":"Feature","properties":{"c":"340.0","o":"Silver Range Resources Ltd. - 100%","e":"2031-03-13"},"geometry":{"type":"Polygon","coordinates":[[[-132.58262,62.39725],[-132.58926,62.39996],[-132.58348,62.40306],[-132.57684,62.40035],[-132.58034,62.39847],[-132.58262,62.39725]]]}},{"type":"Feature","properties":{"c":"90.0","o":"Golden Predator Mining Corp - 100%","e":"2051-12-27"},"geometry":{"type":"Polygon","coordinates":[[[-132.94768,62.08356],[-132.9528,62.08027],[-132.95997,62.08272],[-132.95484,62.08601],[-132.94768,62.08356]]]}},{"type":"Feature","properties":{"c":"33.0","o":"Deloitte Restructuring Inc. - 100%","e":"2029-03-31"},"geometry":{"type":"Polygon","coordinates":[[[-132.99237,62.20499],[-132.98651,62.20214],[-132.99282,62.19939],[-132.99862,62.20215],[-132.99237,62.20499]]]}},{"type":"Feature","properties":{"c":"790.0","o":"Silver Range Resources Ltd. - 100%","e":"2040-03-13"},"geometry":{"type":"Polygon","coordinates":[[[-132.9206,62.46473],[-132.92635,62.46162],[-132.93303,62.46431],[-132.92764,62.46723],[-132.92116,62.46462],[-132.92079,62.46481],[-132.9206,62.46473]]]}},{"type":"Feature","properties":{"c":"51.0","o":"Deloitte Restructuring Inc. - 100%","e":"2029-03-31"},"geometry":{"type":"Polygon","coordinates":[[[-132.87455,62.15945],[-132.87486,62.15533],[-132.88357,62.1555],[-132.88327,62.15962],[-132.87455,62.15945]]]}},{"type":"Feature","properties":{"c":"108.0","o":"Deloitte Restructuring Inc. - 100%","e":"2029-03-31"},"geometry":{"type":"Polygon","coordinates":[[[-132.83605,62.17467],[-132.84481,62.17515],[-132.8437,62.17939],[-132.83495,62.17892],[-132.83605,62.17467]]]}},{"type":"Feature","properties":{"c":"88.0","o":"Deloitte Restructuring Inc. - 100%","e":"2029-03-31"},"geometry":{"type":"Polygon","coordinates":[[[-132.70921,62.19851],[-132.70073,62.19855],[-132.70048,62.1944],[-132.709,62.19433],[-132.70921,62.19851]]]}},{"type":"Feature","properties":{"c":"223.0","o":"Silver Range Resources Ltd. - 100%","e":"2031-03-13"},"geometry":{"type":"Polygon","coordinates":[[[-132.59777,62.37654],[-132.60441,62.37925],[-132.59872,62.38231],[-132.59209,62.3796],[-132.59555,62.37774],[-132.59777,62.37654]]]}},{"type":"Feature","properties":{"c":"27.0","o":"Deloitte Restructuring Inc. - 100%","e":"2029-03-31"},"geometry":{"type":"Polygon","coordinates":[[[-132.69936,62.20074],[-132.70814,62.2007],[-132.70825,62.20473],[-132.69946,62.20477],[-132.69936,62.20074]]]}},{"type":"Feature","properties":{"c":"118.0","o":"Deloitte Restructuring Inc. - 100%","e":"2029-03-31"},"geometry":{"type":"Polygon","coordinates":[[[-132.81495,62.18911],[-132.82104,62.18907],[-132.82113,62.19284],[-132.81405,62.19286],[-132.81495,62.18911]]]}},{"type":"Feature","properties":{"c":"598.0","o":"Silver Range Resources Ltd. - 100%","e":"2031-03-13"},"geometry":{"type":"Polygon","coordinates":[[[-132.78354,62.42535],[-132.7902,62.42805],[-132.78453,62.43112],[-132.77787,62.42842],[-132.78354,62.42535]]]}},{"type":"Feature","properties":{"c":"101.0","o":"Deloitte Restructuring Inc. - 100%","e":"2029-03-31"},"geometry":{"type":"Polygon","coordinates":[[[-132.86758,62.13876],[-132.86797,62.13467],[-132.87658,62.13484],[-132.87622,62.13893],[-132.86758,62.13876]]]}},{"type":"Feature","properties":{"c":"50.0","o":"Deloitte Restructuring Inc. - 100%","e":"2029-03-31"},"geometry":{"type":"Polygon","coordinates":[[[-132.70048,62.1944],[-132.69186,62.19448],[-132.69165,62.19031],[-132.70024,62.19025],[-132.70048,62.1944]]]}},{"type":"Feature","properties":{"c":"49.0","o":"Silver Range Resources Ltd. - 100%","e":"2031-03-13"},"geometry":{"type":"Polygon","coordinates":[[[-132.62992,62.34666],[-132.63655,62.34937],[-132.63088,62.35242],[-132.62425,62.34971],[-132.62992,62.34666]]]}},{"type":"Feature","properties":{"c":"129.0","o":"Silver Range Resources Ltd. - 100%","e":"2031-03-13"},"geometry":{"type":"Polygon","coordinates":[[[-132.64691,62.37511],[-132.65344,62.37777],[-132.64777,62.38083],[-132.64124,62.37816],[-132.64531,62.37597],[-132.64691,62.37511]]]}},{"type":"Feature","properties":{"c":"339.0","o":"Silver Range Resources Ltd. - 100%","e":"2031-03-13"},"geometry":{"type":"Polygon","coordinates":[[[-132.58831,62.39419],[-132.59494,62.3969],[-132.58926,62.39996],[-132.58262,62.39725],[-132.58594,62.39546],[-132.58831,62.39419]]]}},{"type":"Feature","properties":{"c":"24.0","o":"Deloitte Restructuring Inc. - 100%","e":"2029-03-31"},"geometry":{"type":"Polygon","coordinates":[[[-132.76102,62.21333],[-132.76093,62.20945],[-132.76972,62.20943],[-132.76984,62.21329],[-132.76102,62.21333]]]}},{"type":"Feature","properties":{"c":"731.0","o":"Silver Range Resources Ltd. - 100%","e":"2032-03-13"},"geometry":{"type":"Polygon","coordinates":[[[-132.55372,62.41277],[-132.56036,62.41548],[-132.55457,62.41859],[-132.54794,62.41587],[-132.55372,62.41277]]]}},{"type":"Feature","properties":{"c":"133.0","o":"Deloitte Restructuring Inc. - 100%","e":"2029-03-31"},"geometry":{"type":"Polygon","coordinates":[[[-132.85916,62.21806],[-132.85907,62.21337],[-132.86789,62.21333],[-132.86799,62.21803],[-132.85916,62.21806]]]}},{"type":"Feature","properties":{"c":"96.0","o":"Deloitte Restructuring Inc. - 100%","e":"2029-03-31"},"geometry":{"type":"Polygon","coordinates":[[[-132.91994,62.13972],[-132.92884,62.13986],[-132.92861,62.14394],[-132.91965,62.14382],[-132.91994,62.13972]]]}},{"type":"Feature","properties":{"c":"16.0","o":"Silver Range Resources Ltd. - 100%","e":"2031-03-13"},"geometry":{"type":"Polygon","coordinates":[[[-132.58924,62.32462],[-132.59585,62.32733],[-132.59018,62.33039],[-132.58356,62.32768],[-132.58924,62.32462]]]}},{"type":"Feature","properties":{"c":"131.0","o":"Lapie Mining Inc. - 100%","e":"2029-01-20"},"geometry":{"type":"Polygon","coordinates":[[[-132.93331,62.46952],[-132.93877,62.46662],[-132.94548,62.46933],[-132.94002,62.47223],[-132.93452,62.47001],[-132.93331,62.46952]]]}},{"type":"Feature","properties":{"c":"66.0","o":"Deloitte Restructuring Inc. - 100%","e":"2029-03-31"},"geometry":{"type":"Polygon","coordinates":[[[-132.66591,62.19894],[-132.666,62.20089],[-132.66422,62.2009],[-132.66427,62.20305],[-132.65734,62.2031],[-132.65716,62.19903],[-132.66591,62.19894]]]}},{"type":"Feature","properties":{"c":"3.0","o":"Silver Range Resources Ltd. - 100%","e":"2031-03-13"},"geometry":{"type":"Polygon","coordinates":[[[-132.61286,62.31816],[-132.61948,62.32087],[-132.61381,62.32393],[-132.60719,62.32122],[-132.61286,62.31816]]]}},{"type":"Feature","properties":{"c":"119.0","o":"Deloitte Restructuring Inc. - 100%","e":"2029-03-31"},"geometry":{"type":"Polygon","coordinates":[[[-132.8301,62.18901],[-132.82104,62.18907],[-132.82097,62.18638],[-132.83,62.18686],[-132.8301,62.18901]]]}},{"type":"Feature","properties":{"c":"57.0","o":"Golden Predator Mining Corp - 100%","e":"2031-05-03"},"geometry":{"type":"Polygon","coordinates":[[[-132.68943,62.00507],[-132.69581,62.00787],[-132.68985,62.01087],[-132.68347,62.00807],[-132.68943,62.00507]]]}},{"type":"Feature","properties":{"c":"853.0","o":"Silver Range Resources Ltd. - 100%","e":"2032-03-13"},"geometry":{"type":"Polygon","coordinates":[[[-132.52591,62.31479],[-132.53252,62.31751],[-132.52685,62.32056],[-132.52024,62.31784],[-132.52591,62.31479]]]}},{"type":"Feature","properties":{"c":"2191.0","o":"Silver Range Resources Ltd. - 100%","e":"2038-03-13"},"geometry":{"type":"Polygon","coordinates":[[[-132.80723,62.49993],[-132.8139,62.50263],[-132.80815,62.50566],[-132.80147,62.50296],[-132.80723,62.49993]]]}},{"type":"Feature","properties":{"c":"56.0","o":"Golden Predator Mining Corp - 100%","e":"2056-12-27"},"geometry":{"type":"Polygon","coordinates":[[[-132.92324,62.08529],[-132.91618,62.08287],[-132.9213,62.07957],[-132.92836,62.08199],[-132.92324,62.08529]]]}},{"type":"Feature","properties":{"c":"534.0","o":"Silver Range Resources Ltd. - 100%","e":"2031-03-13"},"geometry":{"type":"Polygon","coordinates":[[[-132.74108,62.42958],[-132.74763,62.43224],[-132.74196,62.43531],[-132.73541,62.43264],[-132.74029,62.43001],[-132.74108,62.42958]]]}},{"type":"Feature","properties":{"c":"230.0","o":"Silver Range Resources Ltd. - 100%","e":"2031-03-13"},"geometry":{"type":"Polygon","coordinates":[[[-132.61199,62.38773],[-132.61852,62.3904],[-132.61284,62.39346],[-132.60631,62.39079],[-132.60987,62.38887],[-132.61199,62.38773]]]}},{"type":"Feature","properties":{"c":"67.0","o":"Deloitte Restructuring Inc. - 100%","e":"2029-03-31"},"geometry":{"type":"Polygon","coordinates":[[[-132.84932,62.14665],[-132.85807,62.1468],[-132.85772,62.15093],[-132.84897,62.15078],[-132.84932,62.14665]]]}},{"type":"Feature","properties":{"c":"448.0","o":"Silver Range Resources Ltd. - 100%","e":"2031-03-13"},"geometry":{"type":"Polygon","coordinates":[[[-132.67253,62.42318],[-132.67908,62.42585],[-132.6734,62.42891],[-132.66685,62.42624],[-132.67102,62.42399],[-132.67253,62.42318]]]}},{"type":"Feature","properties":{"c":"324.0","o":"Silver Range Resources Ltd. - 100%","e":"2031-03-13"},"geometry":{"type":"Polygon","coordinates":[[[-132.52959,62.37554],[-132.53621,62.37825],[-132.53043,62.38135],[-132.52381,62.37864],[-132.52679,62.37704],[-132.52959,62.37554]]]}},{"type":"Feature","properties":{"c":"17.0","o":"Deloitte Restructuring Inc. - 100%","e":"2029-03-31"},"geometry":{"type":"Polygon","coordinates":[[[-132.94073,62.20456],[-132.94064,62.20119],[-132.94913,62.20117],[-132.94922,62.20454],[-132.94073,62.20456]]]}},{"type":"Feature","properties":{"c":"114.0","o":"Lapie Mining Inc. - 100%","e":"2029-01-20"},"geometry":{"type":"Polygon","coordinates":[[[-132.98497,62.48524],[-132.99071,62.48219],[-132.99729,62.48484],[-132.99156,62.48789],[-132.98679,62.48597],[-132.98497,62.48524]]]}},{"type":"Feature","properties":{"c":"34.0","o":"Silver Range Resources Ltd. - 100%","e":"2031-03-13"},"geometry":{"type":"Polygon","coordinates":[[[-132.57127,62.32802],[-132.57789,62.33073],[-132.57222,62.33379],[-132.5656,62.33108],[-132.57127,62.32802]]]}},{"type":"Feature","properties":{"c":"377.0","o":"Silver Range Resources Ltd. - 100%","e":"2031-03-13"},"geometry":{"type":"Polygon","coordinates":[[[-132.51719,62.37592],[-132.52381,62.37864],[-132.51803,62.38174],[-132.5114,62.37903],[-132.51719,62.37592]]]}},{"type":"Feature","properties":{"c":"642.0","o":"Silver Range Resources Ltd. - 100%","e":"2031-03-13"},"geometry":{"type":"Polygon","coordinates":[[[-132.78167,62.41386],[-132.78822,62.41652],[-132.78255,62.41959],[-132.776,62.41693],[-132.78167,62.41386]]]}},{"type":"Feature","properties":{"c":"30.0","o":"Golden Predator Mining Corp - 100%","e":"2055-12-27"},"geometry":{"type":"Polygon","coordinates":[[[-132.877,62.05928],[-132.88214,62.05597],[-132.8892,62.05841],[-132.88406,62.06171],[-132.877,62.05928]]]}},{"type":"Feature","properties":{"c":"98.0","o":"Deloitte Restructuring Inc. - 100%","e":"2029-03-31"},"geometry":{"type":"Polygon","coordinates":[[[-132.92884,62.13986],[-132.93775,62.14],[-132.93756,62.14407],[-132.92861,62.14394],[-132.92884,62.13986]]]}},{"type":"Feature","properties":{"c":"13.0","o":"Deloitte Restructuring Inc. - 100%","e":"2029-03-31"},"geometry":{"type":"Polygon","coordinates":[[[-132.95734,62.18895],[-132.95731,62.185],[-132.96613,62.18495],[-132.96616,62.18893],[-132.95734,62.18895]]]}},{"type":"Feature","properties":{"c":"14.0","o":"Golden Predator Mining Corp - 100%","e":"2042-12-27"},"geometry":{"type":"Polygon","coordinates":[[[-132.8402,62.06186],[-132.84728,62.06429],[-132.84201,62.06757],[-132.83493,62.06512],[-132.8402,62.06186]]]}},{"type":"Feature","properties":{"c":"78.0","o":"Golden Predator Mining Corp - 100%","e":"2055-12-27"},"geometry":{"type":"Polygon","coordinates":[[[-132.90527,62.06902],[-132.91039,62.06571],[-132.91744,62.06813],[-132.91232,62.07143],[-132.90527,62.06902]]]}},{"type":"Feature","properties":{"c":"66.0","o":"Golden Predator Mining Corp - 100%","e":"2037-12-27"},"geometry":{"type":"Polygon","coordinates":[[[-132.7599,62.01765],[-132.75117,62.01756],[-132.75155,62.01346],[-132.76028,62.01355],[-132.7599,62.01765]]]}},{"type":"Feature","properties":{"c":"878.0","o":"Silver Range Resources Ltd. - 100%","e":"2032-03-13"},"geometry":{"type":"Polygon","coordinates":[[[-132.51074,62.33549],[-132.51736,62.33821],[-132.51168,62.34126],[-132.50506,62.33854],[-132.51074,62.33549]]]}},{"type":"Feature","properties":{"c":"2025.0","o":"Silver Range Resources Ltd. - 100%","e":"2038-03-13"},"geometry":{"type":"Polygon","coordinates":[[[-132.84276,62.4874],[-132.84944,62.4901],[-132.84648,62.49166],[-132.8398,62.48897],[-132.84276,62.4874]]]}},{"type":"Feature","properties":{"c":"4.0","o":"Deloitte Restructuring Inc. - 100%","e":"2029-03-31"},"geometry":{"type":"Polygon","coordinates":[[[-132.90071,62.17744],[-132.90949,62.1774],[-132.90944,62.17892],[-132.90096,62.17913],[-132.90071,62.17744]]]}},{"type":"Feature","properties":{"c":"57.0","o":"Deloitte Restructuring Inc. - 100%","e":"2029-03-31"},"geometry":{"type":"Polygon","coordinates":[[[-132.76937,62.19723],[-132.77811,62.19721],[-132.77823,62.20132],[-132.76948,62.20134],[-132.76937,62.19723]]]}},{"type":"Feature","properties":{"c":"107.0","o":"Silver Range Resources Ltd. - 100%","e":"2031-03-13"},"geometry":{"type":"Polygon","coordinates":[[[-132.5741,62.34533],[-132.58073,62.34804],[-132.57505,62.3511],[-132.56843,62.34838],[-132.57179,62.34657],[-132.5741,62.34533]]]}},{"type":"Feature","properties":{"c":"755.0","o":"Silver Range Resources Ltd. - 100%","e":"2040-03-13"},"geometry":{"type":"Polygon","coordinates":[[[-132.81872,62.41263],[-132.82538,62.41533],[-132.81962,62.41845],[-132.81296,62.41574],[-132.81872,62.41263]]]}},{"type":"Feature","properties":{"c":"179.0","o":"Silver Range Resources Ltd. - 100%","e":"2031-03-13"},"geometry":{"type":"Polygon","coordinates":[[[-132.64862,62.38656],[-132.65516,62.38922],[-132.64948,62.39228],[-132.64295,62.38962],[-132.64697,62.38745],[-132.64862,62.38656]]]}},{"type":"Feature","properties":{"c":"29.0","o":"Silver Range Resources Ltd. - 100%","e":"2044-03-13"},"geometry":{"type":"Polygon","coordinates":[[[-132.95046,62.49275],[-132.95715,62.49544],[-132.95132,62.49854],[-132.94463,62.49584],[-132.95046,62.49275]]]}},{"type":"Feature","properties":{"c":"50.0","o":"Deloitte Restructuring Inc. - 100%","e":"2029-03-31"},"geometry":{"type":"Polygon","coordinates":[[[-132.89351,62.2132],[-132.89335,62.20908],[-132.9022,62.20905],[-132.90236,62.21316],[-132.89351,62.2132]]]}},{"type":"Feature","properties":{"c":"321.0","o":"Silver Range Resources Ltd. - 100%","e":"2031-03-13"},"geometry":{"type":"Polygon","coordinates":[[[-132.52865,62.36977],[-132.53527,62.37248],[-132.52959,62.37554],[-132.52296,62.37282],[-132.5257,62.37135],[-132.52865,62.36977]]]}},{"type":"Feature","properties":{"c":"554.0","o":"Silver Range Resources Ltd. - 100%","e":"2031-03-13"},"geometry":{"type":"Polygon","coordinates":[[[-132.70006,62.40215],[-132.7066,62.40482],[-132.70093,62.40788],[-132.69439,62.40521],[-132.69894,62.40276],[-132.70006,62.40215]]]}},{"type":"Feature","properties":{"c":"561.0","o":"Silver Range Resources Ltd. - 100%","e":"2031-03-13"},"geometry":{"type":"Polygon","coordinates":[[[-132.73191,62.40974],[-132.73846,62.41241],[-132.73278,62.41547],[-132.72624,62.41281],[-132.73114,62.41016],[-132.73191,62.40974]]]}},{"type":"Feature","properties":{"c":"351.0","o":"Silver Range Resources Ltd. - 100%","e":"2031-03-13"},"geometry":{"type":"Polygon","coordinates":[[[-132.62761,62.41024],[-132.63415,62.41291],[-132.62846,62.41597],[-132.62193,62.4133],[-132.62563,62.41131],[-132.62761,62.41024]]]}},{"type":"Feature","properties":{"c":"32.0","o":"Deloitte Restructuring Inc. - 100%","e":"2029-03-31"},"geometry":{"type":"Polygon","coordinates":[[[-132.7963,62.21316],[-132.79609,62.20936],[-132.80491,62.20934],[-132.80501,62.21312],[-132.7963,62.21316]]]}},{"type":"Feature","properties":{"c":"169.0","o":"Deloitte Restructuring Inc. - 100%","e":"2029-03-31"},"geometry":{"type":"Polygon","coordinates":[[[-132.89824,62.19703],[-132.88947,62.19709],[-132.88941,62.19521],[-132.89821,62.19517],[-132.89824,62.19703]]]}},{"type":"Feature","properties":{"c":"40.0","o":"Deloitte Restructuring Inc. - 100%","e":"2029-03-31"},"geometry":{"type":"Polygon","coordinates":[[[-132.70841,62.2108],[-132.70836,62.20875],[-132.71714,62.20871],[-132.7172,62.21076],[-132.70841,62.2108]]]}},{"type":"Feature","properties":{"c":"74.0","o":"Golden Predator Mining Corp - 100%","e":"2055-12-27"},"geometry":{"type":"Polygon","coordinates":[[[-132.89113,62.06415],[-132.89627,62.06084],[-132.90333,62.06328],[-132.8982,62.06658],[-132.89113,62.06415]]]}},{"type":"Feature","properties":{"c":"809.0","o":"Silver Range Resources Ltd. - 100%","e":"2032-03-13"},"geometry":{"type":"Polygon","coordinates":[[[-132.55334,62.29375],[-132.55995,62.29646],[-132.55428,62.29952],[-132.54767,62.2968],[-132.55334,62.29375]]]}},{"type":"Feature","properties":{"c":"623.0","o":"Silver Range Resources Ltd. - 100%","e":"2031-03-13"},"geometry":{"type":"Polygon","coordinates":[[[-132.87588,62.45739],[-132.88255,62.46009],[-132.87689,62.46315],[-132.87021,62.46046],[-132.87588,62.45739]]]}},{"type":"Feature","properties":{"c":"47.0","o":"Deloitte Restructuring Inc. - 100%","e":"2029-03-31"},"geometry":{"type":"Polygon","coordinates":[[[-132.71718,62.18593],[-132.72575,62.18584],[-132.72591,62.18994],[-132.71735,62.19005],[-132.71718,62.18593]]]}},{"type":"Feature","properties":{"c":"107.0","o":"Deloitte Restructuring Inc. - 100%","e":"2029-03-31"},"geometry":{"type":"Polygon","coordinates":[[[-132.90241,62.13534],[-132.91102,62.13551],[-132.91077,62.13961],[-132.90214,62.13944],[-132.90241,62.13534]]]}},{"type":"Feature","properties":{"c":"543.0","o":"Silver Range Resources Ltd. - 100%","e":"2031-03-13"},"geometry":{"type":"Polygon","coordinates":[[[-132.77984,62.43995],[-132.78651,62.44265],[-132.78083,62.44572],[-132.77417,62.44301],[-132.77947,62.44015],[-132.77984,62.43995]]]}},{"type":"Feature","properties":{"c":"811.0","o":"Silver Range Resources Ltd. - 100%","e":"2032-03-13"},"geometry":{"type":"Polygon","coordinates":[[[-132.55995,62.29646],[-132.56656,62.29918],[-132.56089,62.30223],[-132.55428,62.29952],[-132.55995,62.29646]]]}},{"type":"Feature","properties":{"c":"146.0","o":"Deloitte Restructuring Inc. - 100%","e":"2029-03-31"},"geometry":{"type":"Polygon","coordinates":[[[-132.77101,62.18371],[-132.77209,62.17965],[-132.78098,62.18015],[-132.77994,62.18419],[-132.77101,62.18371]]]}},{"type":"Feature","properties":{"c":"620.0","o":"Silver Range Resources Ltd. - 100%","e":"2031-03-13"},"geometry":{"type":"Polygon","coordinates":[[[-132.85686,62.45506],[-132.86354,62.45776],[-132.85787,62.46083],[-132.85119,62.45813],[-132.85158,62.45792],[-132.85686,62.45506]]]}},{"type":"Feature","properties":{"c":"39.0","o":"Golden Predator Mining Corp - 100%","e":"2055-12-27"},"geometry":{"type":"Polygon","coordinates":[[[-132.84548,62.05858],[-132.85062,62.05528],[-132.8577,62.05771],[-132.85255,62.06102],[-132.84548,62.05858]]]}},{"type":"Feature","properties":{"c":"38.0","o":"Deloitte Restructuring Inc. - 100%","e":"2029-03-31"},"geometry":{"type":"Polygon","coordinates":[[[-132.72599,62.21071],[-132.72593,62.20866],[-132.73472,62.20862],[-132.73478,62.21067],[-132.72599,62.21071]]]}},{"type":"Feature","properties":{"c":"583.0","o":"Silver Range Resources Ltd. - 100%","e":"2031-03-13"},"geometry":{"type":"Polygon","coordinates":[[[-132.81118,62.44193],[-132.80551,62.44499],[-132.79884,62.44229],[-132.80445,62.43926],[-132.81118,62.44193]]]}},{"type":"Feature","properties":{"c":"17.0","o":"Deloitte Restructuring Inc. - 100%","e":"2029-03-31"},"geometry":{"type":"Polygon","coordinates":[[[-132.81295,62.16249],[-132.82148,62.16266],[-132.82042,62.16667],[-132.81258,62.16651],[-132.81295,62.16249]]]}},{"type":"Feature","properties":{"c":"285.0","o":"Silver Range Resources Ltd. - 100%","e":"2031-03-13"},"geometry":{"type":"Polygon","coordinates":[[[-132.60631,62.39079],[-132.61284,62.39346],[-132.60716,62.39651],[-132.60063,62.39384],[-132.6041,62.39198],[-132.60631,62.39079]]]}},{"type":"Feature","properties":{"c":"143.0","o":"Silver Range Resources Ltd. - 100%","e":"2031-03-13"},"geometry":{"type":"Polygon","coordinates":[[[-132.52965,62.33787],[-132.53627,62.34058],[-132.53059,62.34364],[-132.52397,62.34092],[-132.52683,62.33939],[-132.52965,62.33787]]]}},{"type":"Feature","properties":{"c":"228.0","o":"Silver Range Resources Ltd. - 100%","e":"2031-03-13"},"geometry":{"type":"Polygon","coordinates":[[[-132.60536,62.38502],[-132.61199,62.38773],[-132.60631,62.39079],[-132.59968,62.38808],[-132.60317,62.3862],[-132.60536,62.38502]]]}},{"type":"Feature","properties":{"c":"30.0","o":"Silver Range Resources Ltd. - 100%","e":"2031-03-13"},"geometry":{"type":"Polygon","coordinates":[[[-132.55804,62.32259],[-132.56466,62.32531],[-132.55898,62.32836],[-132.55236,62.32565],[-132.55804,62.32259]]]}},{"type":"Feature","properties":{"c":"289.0","o":"Silver Range Resources Ltd. - 100%","e":"2031-03-13"},"geometry":{"type":"Polygon","coordinates":[[[-132.61937,62.39612],[-132.62591,62.39879],[-132.62022,62.40185],[-132.61369,62.39918],[-132.61729,62.39725],[-132.61937,62.39612]]]}},{"type":"Feature","properties":{"c":"20.0","o":"Golden Predator Mining Corp - 100%","e":"2035-12-27"},"geometry":{"type":"Polygon","coordinates":[[[-132.82428,62.05127],[-132.83139,62.05372],[-132.82611,62.05699],[-132.81915,62.0546],[-132.82428,62.05127]]]}},{"type":"Feature","properties":{"c":"12.0","o":"Golden Predator Mining Corp - 100%","e":"2055-12-27"},"geometry":{"type":"Polygon","coordinates":[[[-132.83966,62.04136],[-132.84477,62.03803],[-132.85186,62.04049],[-132.84672,62.0438],[-132.83966,62.04136]]]}},{"type":"Feature","properties":{"c":"217.0","o":"Silver Range Resources Ltd. - 100%","e":"2042-03-13"},"geometry":{"type":"Polygon","coordinates":[[[-132.86196,62.48971],[-132.86864,62.49241],[-132.8628,62.49549],[-132.85612,62.4928],[-132.86196,62.48971]]]}},{"type":"Feature","properties":{"c":"141.0","o":"Silver Range Resources Ltd. - 100%","e":"2031-03-13"},"geometry":{"type":"Polygon","coordinates":[[[-132.68612,62.3911],[-132.69266,62.39376],[-132.68698,62.39682],[-132.68044,62.39416],[-132.6849,62.39176],[-132.68612,62.3911]]]}},{"type":"Feature","properties":{"c":"805.0","o":"Silver Range Resources Ltd. - 100%","e":"2040-03-13"},"geometry":{"type":"Polygon","coordinates":[[[-132.85035,62.41449],[-132.85707,62.41716],[-132.85132,62.42027],[-132.84459,62.41761],[-132.85035,62.41449]]]}},{"type":"Feature","properties":{"c":"62.0","o":"Deloitte Restructuring Inc. - 100%","e":"2029-03-31"},"geometry":{"type":"Polygon","coordinates":[[[-132.98638,62.21919],[-132.99234,62.21649],[-132.99856,62.21977],[-132.99243,62.22212],[-132.99128,62.22156],[-132.98638,62.21919]]]}},{"type":"Feature","properties":{"c":"453.0","o":"Silver Range Resources Ltd. - 100%","e":"2031-03-13"},"geometry":{"type":"Polygon","coordinates":[[[-132.69785,62.42811],[-132.7044,62.43078],[-132.69872,62.43384],[-132.69217,62.43118],[-132.69653,62.42882],[-132.69785,62.42811]]]}},{"type":"Feature","properties":{"c":"858.0","o":"Silver Range Resources Ltd. - 100%","e":"2032-03-13"},"geometry":{"type":"Polygon","coordinates":[[[-132.53346,62.32328],[-132.54007,62.32599],[-132.5344,62.32904],[-132.52778,62.32633],[-132.53346,62.32328]]]}},{"type":"Feature","properties":{"c":"31.0","o":"Deloitte Restructuring Inc. - 100%","e":"2029-03-31"},"geometry":{"type":"Polygon","coordinates":[[[-132.814,62.15016],[-132.82274,62.15032],[-132.82239,62.15443],[-132.81365,62.15427],[-132.814,62.15016]]]}},{"type":"Feature","properties":{"c":"283.0","o":"Silver Range Resources Ltd. - 100%","e":"2042-03-13"},"geometry":{"type":"Polygon","coordinates":[[[-132.91873,62.49085],[-132.92542,62.49354],[-132.91958,62.49663],[-132.9129,62.49393],[-132.91873,62.49085]]]}},{"type":"Feature","properties":{"c":"746.0","o":"Silver Range Resources Ltd. - 100%","e":"2040-03-13"},"geometry":{"type":"Polygon","coordinates":[[[-132.77999,62.40236],[-132.78654,62.40502],[-132.78078,62.40814],[-132.77423,62.40548],[-132.77999,62.40236]]]}},{"type":"Feature","properties":{"c":"673.0","o":"Silver Range Resources Ltd. - 100%","e":"2031-03-13"},"geometry":{"type":"Polygon","coordinates":[[[-132.89388,62.45395],[-132.90056,62.45665],[-132.8949,62.45971],[-132.88822,62.45702],[-132.89388,62.45395]]]}},{"type":"Feature","properties":{"c":"635.0","o":"Silver Range Resources Ltd. - 100%","e":"2031-03-13"},"geometry":{"type":"Polygon","coordinates":[[[-132.76769,62.40282],[-132.77423,62.40548],[-132.76857,62.40854],[-132.76202,62.40588],[-132.76769,62.40282]]]}},{"type":"Feature","properties":{"c":"91.0","o":"Silver Range Resources Ltd. - 100%","e":"2031-03-13"},"geometry":{"type":"Polygon","coordinates":[[[-132.66479,62.37165],[-132.67132,62.37432],[-132.66565,62.37738],[-132.65912,62.37471],[-132.66479,62.37165]]]}},{"type":"Feature","properties":{"c":"246.0","o":"Silver Range Resources Ltd. - 100%","e":"2042-03-13"},"geometry":{"type":"Polygon","coordinates":[[[-132.9129,62.49393],[-132.91958,62.49663],[-132.91375,62.49972],[-132.90706,62.49702],[-132.9129,62.49393]]]}},{"type":"Feature","properties":{"c":"1.0","o":"Deloitte Restructuring Inc. - 100%","e":"2029-03-31"},"geometry":{"type":"Polygon","coordinates":[[[-132.75221,62.21337],[-132.75228,62.21745],[-132.74343,62.21748],[-132.74338,62.21342],[-132.75221,62.21337]]]}},{"type":"Feature","properties":{"c":"73.0","o":"Golden Predator Mining Corp - 100%","e":"2032-05-03"},"geometry":{"type":"Polygon","coordinates":[[[-132.71411,62.00467],[-132.72049,62.00747],[-132.71453,62.01047],[-132.70815,62.00767],[-132.71411,62.00467]]]}},{"type":"Feature","properties":{"c":"309.0","o":"Silver Range Resources Ltd. - 100%","e":"2042-03-13"},"geometry":{"type":"Polygon","coordinates":[[[-132.83192,62.45577],[-132.83859,62.45847],[-132.83275,62.46156],[-132.82608,62.45886],[-132.83192,62.45577]]]}},{"type":"Feature","properties":{"c":"37.0","o":"Deloitte Restructuring Inc. - 100%","e":"2029-03-31"},"geometry":{"type":"Polygon","coordinates":[[[-132.73472,62.20862],[-132.74331,62.20857],[-132.74334,62.21062],[-132.73478,62.21067],[-132.73472,62.20862]]]}},{"type":"Feature","properties":{"c":"143.0","o":"Golden Predator Mining Corp - 100%","e":"2047-12-27"},"geometry":{"type":"Polygon","coordinates":[[[-132.77126,62.02553],[-132.76418,62.02308],[-132.76943,62.01976],[-132.7765,62.02221],[-132.77126,62.02553]]]}},{"type":"Feature","properties":{"c":"47.0","o":"Golden Predator Mining Corp - 100%","e":"2055-12-27"},"geometry":{"type":"Polygon","coordinates":[[[-132.89307,62.06989],[-132.8982,62.06658],[-132.90527,62.06902],[-132.90014,62.07232],[-132.89307,62.06989]]]}},{"type":"Feature","properties":{"c":"23.0","o":"Golden Predator Mining Corp - 100%","e":"2038-12-27"},"geometry":{"type":"Polygon","coordinates":[[[-132.94513,62.09787],[-132.93807,62.09545],[-132.94321,62.09213],[-132.95028,62.09456],[-132.94513,62.09787]]]}},{"type":"Feature","properties":{"c":"1167.0","o":"Silver Range Resources Ltd. - 100%","e":"2042-03-13"},"geometry":{"type":"Polygon","coordinates":[[[-132.92201,62.4704],[-132.92869,62.4731],[-132.92286,62.47619],[-132.91618,62.47349],[-132.92201,62.4704]]]}},{"type":"Feature","properties":{"c":"2.0","o":"Golden Predator Mining Corp - 100%","e":"2055-12-27"},"geometry":{"type":"Polygon","coordinates":[[[-132.8609,62.04867],[-132.86799,62.0511],[-132.86285,62.05441],[-132.85576,62.05197],[-132.85731,62.05098],[-132.8609,62.04867]]]}},{"type":"Feature","properties":{"c":"53.0","o":"Deloitte Restructuring Inc. - 100%","e":"2029-03-31"},"geometry":{"type":"Polygon","coordinates":[[[-132.91616,62.18291],[-132.92377,62.18258],[-132.92397,62.18503],[-132.92203,62.18503],[-132.92197,62.18313],[-132.91618,62.18311],[-132.91616,62.18291]]]}},{"type":"Feature","properties":{"c":"36.0","o":"Golden Predator Mining Corp - 100%","e":"2037-12-27"},"geometry":{"type":"Polygon","coordinates":[[[-132.90849,62.10056],[-132.90142,62.09814],[-132.90657,62.09482],[-132.91364,62.09724],[-132.90849,62.10056]]]}},{"type":"Feature","properties":{"c":"196.0","o":"Silver Range Resources Ltd. - 100%","e":"2031-03-13"},"geometry":{"type":"Polygon","coordinates":[[[-132.49938,62.3416],[-132.50599,62.34431],[-132.50031,62.34737],[-132.49369,62.34465],[-132.49615,62.34333],[-132.49938,62.3416]]]}},{"type":"Feature","properties":{"c":"30.0","o":"Deloitte Restructuring Inc. - 100%","e":"2029-03-31"},"geometry":{"type":"Polygon","coordinates":[[[-132.70825,62.20473],[-132.71704,62.20468],[-132.71714,62.20871],[-132.70836,62.20875],[-132.70825,62.20473]]]}},{"type":"Feature","properties":{"c":"98.0","o":"Deloitte Restructuring Inc. - 100%","e":"2029-03-31"},"geometry":{"type":"Polygon","coordinates":[[[-132.85332,62.17137],[-132.84584,62.17099],[-132.84685,62.1669],[-132.85283,62.16719],[-132.85325,62.17065],[-132.85332,62.17137]]]}},{"type":"Feature","properties":{"c":"5.0","o":"Deloitte Restructuring Inc. - 100%","e":"2029-03-31"},"geometry":{"type":"Polygon","coordinates":[[[-132.88944,62.17901],[-132.89102,62.17903],[-132.89044,62.18284],[-132.88966,62.18284],[-132.88944,62.17901]]]}},{"type":"Feature","properties":{"c":"450.0","o":"Silver Range Resources Ltd. - 100%","e":"2031-03-13"},"geometry":{"type":"Polygon","coordinates":[[[-132.67908,62.42585],[-132.68562,62.42851],[-132.67994,62.43157],[-132.6734,62.42891],[-132.67763,62.42663],[-132.67908,62.42585]]]}},{"type":"Feature","properties":{"c":"82.0","o":"Golden Predator Mining Corp - 100%","e":"2056-12-27"},"geometry":{"type":"Polygon","coordinates":[[[-132.91937,62.07385],[-132.92449,62.07055],[-132.93154,62.07297],[-132.92642,62.07627],[-132.91937,62.07385]]]}},{"type":"Feature","properties":{"c":"34.0","o":"Deloitte Restructuring Inc. - 100%","e":"2029-03-31"},"geometry":{"type":"Polygon","coordinates":[[[-132.72582,62.20464],[-132.73461,62.2046],[-132.73472,62.20862],[-132.72593,62.20866],[-132.72582,62.20464]]]}},{"type":"Feature","properties":{"c":"653.0","o":"Silver Range Resources Ltd. - 100%","e":"2031-03-13"},"geometry":{"type":"Polygon","coordinates":[[[-132.82719,62.42696],[-132.83385,62.42966],[-132.82819,62.43273],[-132.82152,62.43003],[-132.82719,62.42696]]]}},{"type":"Feature","properties":{"c":"8.0","o":"Golden Predator Mining Corp - 100%","e":"2042-12-27"},"geometry":{"type":"Polygon","coordinates":[[[-132.87564,62.07403],[-132.87041,62.07731],[-132.86331,62.07487],[-132.86855,62.0716],[-132.87564,62.07403]]]}},{"type":"Feature","properties":{"c":"41.0","o":"Deloitte Restructuring Inc. - 100%","e":"2029-03-31"},"geometry":{"type":"Polygon","coordinates":[[[-132.88126,62.1828],[-132.8813,62.18428],[-132.87307,62.18448],[-132.87323,62.18269],[-132.88126,62.1828]]]}},{"type":"Feature","properties":{"c":"3.0","o":"Deloitte Restructuring Inc. - 100%","e":"2028-03-31"},"geometry":{"type":"Polygon","coordinates":[[[-132.97971,62.16171],[-132.98459,62.15946],[-132.99169,62.16157],[-132.9862,62.16507],[-132.984,62.16442],[-132.97971,62.16171]]]}},{"type":"Feature","properties":{"c":"2265.0","o":"Silver Range Resources Ltd. - 100%","e":"2038-03-13"},"geometry":{"type":"Polygon","coordinates":[[[-132.78892,62.46016],[-132.79522,62.46271],[-132.78938,62.46579],[-132.78315,62.46327],[-132.78892,62.46016]]]}},{"type":"Feature","properties":{"c":"169.0","o":"Silver Range Resources Ltd. - 100%","e":"2031-03-13"},"geometry":{"type":"Polygon","coordinates":[[[-132.61576,62.37314],[-132.6224,62.37585],[-132.61672,62.3789],[-132.61009,62.37619],[-132.61379,62.3742],[-132.61576,62.37314]]]}},{"type":"Feature","properties":{"c":"188.0","o":"Silver Range Resources Ltd. - 100%","e":"2031-03-13"},"geometry":{"type":"Polygon","coordinates":[[[-132.66909,62.40028],[-132.67563,62.40295],[-132.66995,62.40601],[-132.66341,62.40334],[-132.6676,62.40108],[-132.66909,62.40028]]]}},{"type":"Feature","properties":{"c":"759.0","o":"Silver Range Resources Ltd. - 100%","e":"2040-03-13"},"geometry":{"type":"Polygon","coordinates":[[[-132.83211,62.41806],[-132.83878,62.42076],[-132.83302,62.42388],[-132.82636,62.42118],[-132.83211,62.41806]]]}},{"type":"Feature","properties":{"c":"497.0","o":"Silver Range Resources Ltd. - 100%","e":"2031-03-13"},"geometry":{"type":"Polygon","coordinates":[[[-132.73541,62.43264],[-132.74196,62.43531],[-132.73628,62.43837],[-132.72973,62.43571],[-132.73453,62.43312],[-132.73541,62.43264]]]}},{"type":"Feature","properties":{"c":"26.0","o":"Golden Predator Mining Corp - 100%","e":"2038-12-27"},"geometry":{"type":"Polygon","coordinates":[[[-132.93292,62.09877],[-132.92585,62.09635],[-132.931,62.09303],[-132.93807,62.09545],[-132.93292,62.09877]]]}},{"type":"Feature","properties":{"c":"69.0","o":"Deloitte Restructuring Inc. - 100%","e":"2029-03-31"},"geometry":{"type":"Polygon","coordinates":[[[-132.88595,62.17405],[-132.88596,62.17797],[-132.87817,62.17825],[-132.87781,62.17407],[-132.88595,62.17405]]]}},{"type":"Feature","properties":{"c":"548.0","o":"Silver Range Resources Ltd. - 100%","e":"2031-03-13"},"geometry":{"type":"Polygon","coordinates":[[[-132.7875,62.44842],[-132.79416,62.45112],[-132.78849,62.45419],[-132.78182,62.45148],[-132.78716,62.4486],[-132.7875,62.44842]]]}},{"type":"Feature","properties":{"c":"185.0","o":"Silver Range Resources Ltd. - 100%","e":"2031-03-13"},"geometry":{"type":"Polygon","coordinates":[[[-132.66823,62.39456],[-132.67477,62.39722],[-132.66909,62.40028],[-132.66255,62.39761],[-132.66677,62.39534],[-132.66823,62.39456]]]}},{"type":"Feature","properties":{"c":"4.0","o":"Deloitte Restructuring Inc. - 100%","e":"2029-03-31"},"geometry":{"type":"Polygon","coordinates":[[[-132.94028,62.189],[-132.94869,62.18898],[-132.94889,62.19296],[-132.94041,62.19299],[-132.94028,62.189]]]}},{"type":"Feature","properties":{"c":"347.0","o":"Silver Range Resources Ltd. - 100%","e":"2031-03-13"},"geometry":{"type":"Polygon","coordinates":[[[-132.61454,62.40491],[-132.62108,62.40757],[-132.61539,62.41063],[-132.60886,62.40796],[-132.61243,62.40604],[-132.61454,62.40491]]]}},{"type":"Feature","properties":{"c":"605.0","o":"Silver Range Resources Ltd. - 100%","e":"2031-03-13"},"geometry":{"type":"Polygon","coordinates":[[[-132.81585,62.43309],[-132.82252,62.43579],[-132.81685,62.43886],[-132.81018,62.43616],[-132.81585,62.43309]]]}},{"type":"Feature","properties":{"c":"792.0","o":"Silver Range Resources Ltd. - 100%","e":"2040-03-13"},"geometry":{"type":"Polygon","coordinates":[[[-132.92764,62.46723],[-132.93303,62.46431],[-132.93877,62.46662],[-132.93331,62.46952],[-132.92784,62.46731],[-132.92764,62.46723]]]}},{"type":"Feature","properties":{"c":"63.0","o":"Deloitte Restructuring Inc. - 100%","e":"2029-03-31"},"geometry":{"type":"Polygon","coordinates":[[[-132.68342,62.19876],[-132.67467,62.19885],[-132.67448,62.1947],[-132.68324,62.19457],[-132.68342,62.19876]]]}},{"type":"Feature","properties":{"c":"825.0","o":"Silver Range Resources Ltd. - 100%","e":"2032-03-13"},"geometry":{"type":"Polygon","coordinates":[[[-132.542,62.29986],[-132.54861,62.30257],[-132.54294,62.30563],[-132.53633,62.30291],[-132.542,62.29986]]]}},{"type":"Feature","properties":{"c":"13.0","o":"Golden Predator Mining Corp - 100%","e":"2055-12-27"},"geometry":{"type":"Polygon","coordinates":[[[-132.8326,62.03891],[-132.83966,62.04136],[-132.83453,62.04466],[-132.82746,62.04221],[-132.8326,62.03891]]]}},{"type":"Feature","properties":{"c":"26.0","o":"Deloitte Restructuring Inc. - 100%","e":"2029-03-31"},"geometry":{"type":"Polygon","coordinates":[[[-132.76972,62.20943],[-132.77851,62.20941],[-132.77866,62.21325],[-132.76984,62.21329],[-132.76972,62.20943]]]}},{"type":"Feature","properties":{"c":"52.0","o":"Deloitte Restructuring Inc. - 100%","e":"2029-03-31"},"geometry":{"type":"Polygon","coordinates":[[[-132.68306,62.19037],[-132.69165,62.19031],[-132.69186,62.19448],[-132.68324,62.19457],[-132.68306,62.19037]]]}},{"type":"Feature","properties":{"c":"17.0","o":"Deloitte Restructuring Inc. - 100%","e":"2029-03-31"},"geometry":{"type":"Polygon","coordinates":[[[-132.82269,62.21303],[-132.82275,62.21717],[-132.81428,62.21721],[-132.81422,62.21307],[-132.82269,62.21303]]]}},{"type":"Feature","properties":{"c":"539.0","o":"Silver Range Resources Ltd. - 100%","e":"2031-03-13"},"geometry":{"type":"Polygon","coordinates":[[[-132.76652,62.43454],[-132.77318,62.43725],[-132.76751,62.44031],[-132.76085,62.43761],[-132.76602,62.43482],[-132.76652,62.43454]]]}},{"type":"Feature","properties":{"c":"470.0","o":"Silver Range Resources Ltd. - 100%","e":"2031-03-13"},"geometry":{"type":"Polygon","coordinates":[[[-132.7448,62.45256],[-132.75146,62.45527],[-132.74578,62.45833],[-132.73912,62.45563],[-132.74399,62.453],[-132.7448,62.45256]]]}},{"type":"Feature","properties":{"c":"26.0","o":"Deloitte Restructuring Inc. - 100%","e":"2029-03-31"},"geometry":{"type":"Polygon","coordinates":[[[-132.90523,62.19313],[-132.91358,62.19309],[-132.91373,62.19731],[-132.90523,62.19733],[-132.90523,62.19313]]]}},{"type":"Feature","properties":{"c":"105.0","o":"Deloitte Restructuring Inc. - 100%","e":"2029-03-31"},"geometry":{"type":"Polygon","coordinates":[[[-132.76063,62.19724],[-132.76053,62.19306],[-132.76926,62.19302],[-132.76937,62.19723],[-132.76063,62.19724]]]}},{"type":"Feature","properties":{"c":"142.0","o":"Silver Range Resources Ltd. - 100%","e":"2031-03-13"},"geometry":{"type":"Polygon","coordinates":[[[-132.68044,62.39416],[-132.68698,62.39682],[-132.68131,62.39989],[-132.67477,62.39722],[-132.67913,62.39487],[-132.68044,62.39416]]]}},{"type":"Feature","properties":{"c":"1.0","o":"Golden Predator Mining Corp - 100%","e":"2055-12-27"},"geometry":{"type":"Polygon","coordinates":[[[-132.86605,62.04536],[-132.87314,62.04779],[-132.86799,62.0511],[-132.8609,62.04867],[-132.86171,62.04815],[-132.86605,62.04536]]]}},{"type":"Feature","properties":{"c":"1.0","o":"Golden Predator Mining Corp - 100%","e":"2029-09-06"},"geometry":{"type":"Polygon","coordinates":[[[-132.88965,62.03823],[-132.89671,62.04065],[-132.89155,62.04396],[-132.8845,62.04154],[-132.88965,62.03823]]]}},{"type":"Feature","properties":{"c":"34.0","o":"Deloitte Restructuring Inc. - 100%","e":"2029-03-31"},"geometry":{"type":"Polygon","coordinates":[[[-132.97607,62.21743],[-132.97936,62.2158],[-132.98536,62.2187],[-132.98232,62.2202],[-132.97607,62.21743]]]}},{"type":"Feature","properties":{"c":"1.0","o":"Lapie Mining Inc. - 100%","e":"2029-09-28"},"geometry":{"type":"Polygon","coordinates":[[[-132.9369,62.49261],[-132.93746,62.48852],[-132.94632,62.48877],[-132.94576,62.49286],[-132.93885,62.49266],[-132.9369,62.49261]]]}},{"type":"Feature","properties":{"c":"824.0","o":"Silver Range Resources Ltd. - 100%","e":"2032-03-13"},"geometry":{"type":"Polygon","coordinates":[[[-132.59396,62.31579],[-132.60058,62.31851],[-132.59491,62.32156],[-132.58829,62.31885],[-132.59396,62.31579]]]}},{"type":"Feature","properties":{"c":"202.0","o":"Silver Range Resources Ltd. - 100%","e":"2031-03-13"},"geometry":{"type":"Polygon","coordinates":[[[-132.51922,62.34974],[-132.52584,62.35246],[-132.52016,62.35551],[-132.51354,62.3528],[-132.51619,62.35137],[-132.51922,62.34974]]]}},{"type":"Feature","properties":{"c":"78.0","o":"Silver Range Resources Ltd. - 100%","e":"2031-03-13"},"geometry":{"type":"Polygon","coordinates":[[[-132.6129,62.35583],[-132.61953,62.35854],[-132.61386,62.3616],[-132.60723,62.35889],[-132.6129,62.35583]]]}},{"type":"Feature","properties":{"c":"22.0","o":"Golden Predator Mining Corp - 100%","e":"2053-12-27"},"geometry":{"type":"Polygon","coordinates":[[[-132.82939,62.04796],[-132.82232,62.04551],[-132.82746,62.04221],[-132.83453,62.04466],[-132.82939,62.04796]]]}},{"type":"Feature","properties":{"c":"444.0","o":"Silver Range Resources Ltd. - 100%","e":"2031-03-13"},"geometry":{"type":"Polygon","coordinates":[[[-132.65945,62.41785],[-132.66599,62.42052],[-132.66031,62.42358],[-132.65377,62.42091],[-132.65781,62.41873],[-132.65945,62.41785]]]}},{"type":"Feature","properties":{"c":"124.0","o":"Lapie Mining Inc. - 100%","e":"2029-01-20"},"geometry":{"type":"Polygon","coordinates":[[[-132.97096,62.47424],[-132.97754,62.47689],[-132.9718,62.47994],[-132.96522,62.47728],[-132.97096,62.47424]]]}},{"type":"Feature","properties":{"c":"74.0","o":"Deloitte Restructuring Inc. - 100%","e":"2029-03-31"},"geometry":{"type":"Polygon","coordinates":[[[-132.84,62.20121],[-132.84887,62.20119],[-132.84898,62.20518],[-132.84013,62.20519],[-132.84,62.20121]]]}},{"type":"Feature","properties":{"c":"139.0","o":"Deloitte Restructuring Inc. - 100%","e":"2029-03-31"},"geometry":{"type":"Polygon","coordinates":[[[-132.88554,62.21324],[-132.89436,62.2132],[-132.8945,62.21792],[-132.88566,62.21796],[-132.88554,62.21324]]]}},{"type":"Feature","properties":{"c":"49.0","o":"Golden Predator Mining Corp - 100%","e":"2055-12-27"},"geometry":{"type":"Polygon","coordinates":[[[-132.9072,62.07474],[-132.90014,62.07232],[-132.90527,62.06902],[-132.91232,62.07143],[-132.9072,62.07474]]]}},{"type":"Feature","properties":{"c":"65.0","o":"Deloitte Restructuring Inc. - 100%","e":"2029-03-31"},"geometry":{"type":"Polygon","coordinates":[[[-132.9009,62.17348],[-132.90071,62.17744],[-132.89483,62.17765],[-132.89419,62.17374],[-132.9009,62.17348]]]}},{"type":"Feature","properties":{"c":"33.0","o":"Golden Predator Mining Corp - 100%","e":"2055-12-27"},"geometry":{"type":"Polygon","coordinates":[[[-132.84993,62.03474],[-132.84477,62.03803],[-132.83774,62.03561],[-132.84289,62.03232],[-132.84993,62.03474]]]}},{"type":"Feature","properties":{"c":"56.0","o":"Silver Range Resources Ltd. - 100%","e":"2031-03-13"},"geometry":{"type":"Polygon","coordinates":[[[-132.64414,62.35784],[-132.65077,62.36055],[-132.6451,62.36361],[-132.63847,62.3609],[-132.64414,62.35784]]]}},{"type":"Feature","properties":{"c":"38.0","o":"Deloitte Restructuring Inc. - 100%","e":"2029-03-31"},"geometry":{"type":"Polygon","coordinates":[[[-132.80525,62.15],[-132.8056,62.1459],[-132.81435,62.14605],[-132.814,62.15016],[-132.80525,62.15]]]}},{"type":"Feature","properties":{"c":"143.0","o":"Deloitte Restructuring Inc. - 100%","e":"2029-03-31"},"geometry":{"type":"Polygon","coordinates":[[[-132.90318,62.21317],[-132.90616,62.21323],[-132.90624,62.21389],[-132.91272,62.21388],[-132.91283,62.21785],[-132.90333,62.21789],[-132.90318,62.21317]]]}},{"type":"Feature","properties":{"c":"111.0","o":"Deloitte Restructuring Inc. - 100%","e":"2029-03-31"},"geometry":{"type":"Polygon","coordinates":[[[-132.82832,62.1701],[-132.83708,62.17055],[-132.83605,62.17467],[-132.8273,62.1742],[-132.82832,62.1701]]]}},{"type":"Feature","properties":{"c":"38.0","o":"Golden Predator Mining Corp - 100%","e":"2055-12-27"},"geometry":{"type":"Polygon","coordinates":[[[-132.8667,62.06589],[-132.85963,62.06345],[-132.86478,62.06015],[-132.87185,62.06258],[-132.8667,62.06589]]]}},{"type":"Feature","properties":{"c":"75.0","o":"Silver Range Resources Ltd. - 100%","e":"2031-03-13"},"geometry":{"type":"Polygon","coordinates":[[[-132.61195,62.35006],[-132.61858,62.35277],[-132.6129,62.35583],[-132.60628,62.35312],[-132.61195,62.35006]]]}},{"type":"Feature","properties":{"c":"83.0","o":"Deloitte Restructuring Inc. - 100%","e":"2029-03-31"},"geometry":{"type":"Polygon","coordinates":[[[-132.85232,62.16309],[-132.86111,62.16289],[-132.86156,62.16672],[-132.85279,62.16687],[-132.85232,62.16309]]]}},{"type":"Feature","properties":{"c":"292.0","o":"Silver Range Resources Ltd. - 100%","e":"2042-03-13"},"geometry":{"type":"Polygon","coordinates":[[[-132.89783,62.47697],[-132.90451,62.47967],[-132.89868,62.48276],[-132.892,62.48006],[-132.89783,62.47697]]]}},{"type":"Feature","properties":{"c":"147.0","o":"Deloitte Restructuring Inc. - 100%","e":"2029-03-31"},"geometry":{"type":"Polygon","coordinates":[[[-132.77317,62.17562],[-132.78202,62.17609],[-132.78098,62.18015],[-132.77209,62.17965],[-132.77317,62.17562]]]}},{"type":"Feature","properties":{"c":"135.0","o":"Deloitte Restructuring Inc. - 100%","e":"2029-03-31"},"geometry":{"type":"Polygon","coordinates":[[[-132.8251,62.18262],[-132.82619,62.17845],[-132.83495,62.17892],[-132.83385,62.18311],[-132.8251,62.18262]]]}},{"type":"Feature","properties":{"c":"99.0","o":"Deloitte Restructuring Inc. - 100%","e":"2029-03-31"},"geometry":{"type":"Polygon","coordinates":[[[-132.85283,62.16719],[-132.84685,62.1669],[-132.84785,62.16286],[-132.85232,62.16309],[-132.85283,62.16719]]]}},{"type":"Feature","properties":{"c":"326.0","o":"Silver Range Resources Ltd. - 100%","e":"2031-03-13"},"geometry":{"type":"Polygon","coordinates":[[[-132.53621,62.37825],[-132.54284,62.38097],[-132.53706,62.38407],[-132.53043,62.38135],[-132.53348,62.37972],[-132.53621,62.37825]]]}},{"type":"Feature","properties":{"c":"44.0","o":"Deloitte Restructuring Inc. - 100%","e":"2029-03-31"},"geometry":{"type":"Polygon","coordinates":[[[-132.87565,62.20914],[-132.87582,62.21329],[-132.86697,62.21333],[-132.8668,62.20916],[-132.87565,62.20914]]]}},{"type":"Feature","properties":{"c":"67.0","o":"Golden Predator Mining Corp - 100%","e":"2037-12-27"},"geometry":{"type":"Polygon","coordinates":[[[-132.75155,62.01346],[-132.74282,62.01336],[-132.7432,62.00927],[-132.75193,62.00936],[-132.75155,62.01346]]]}},{"type":"Feature","properties":{"c":"856.0","o":"Silver Range Resources Ltd. - 100%","e":"2032-03-13"},"geometry":{"type":"Polygon","coordinates":[[[-132.52685,62.32056],[-132.53346,62.32328],[-132.52778,62.32633],[-132.52117,62.32361],[-132.52685,62.32056]]]}},{"type":"Feature","properties":{"c":"67.0","o":"Deloitte Restructuring Inc. - 100%","e":"2029-03-31"},"geometry":{"type":"Polygon","coordinates":[[[-132.89419,62.17374],[-132.89483,62.17765],[-132.88672,62.17794],[-132.88595,62.17405],[-132.89419,62.17374]]]}},{"type":"Feature","properties":{"c":"193.0","o":"Silver Range Resources Ltd. - 100%","e":"2031-03-13"},"geometry":{"type":"Polygon","coordinates":[[[-132.49845,62.33583],[-132.50506,62.33854],[-132.49938,62.3416],[-132.49276,62.33888],[-132.49525,62.33755],[-132.49845,62.33583]]]}},{"type":"Feature","properties":{"c":"64.0","o":"Silver Range Resources Ltd. - 100%","e":"2031-03-13"},"geometry":{"type":"Polygon","coordinates":[[[-132.56654,62.33685],[-132.57316,62.33956],[-132.56748,62.34261],[-132.56086,62.3399],[-132.56654,62.33685]]]}},{"type":"Feature","properties":{"c":"58.0","o":"Deloitte Restructuring Inc. - 100%","e":"2029-03-31"},"geometry":{"type":"Polygon","coordinates":[[[-132.76959,62.2054],[-132.76948,62.20134],[-132.77823,62.20132],[-132.77835,62.20536],[-132.76959,62.2054]]]}},{"type":"Feature","properties":{"c":"767.0","o":"Silver Range Resources Ltd. - 100%","e":"2040-03-13"},"geometry":{"type":"Polygon","coordinates":[[[-132.85885,62.42889],[-132.86536,62.43153],[-132.85961,62.43464],[-132.85302,62.43198],[-132.85885,62.42889]]]}},{"type":"Feature","properties":{"c":"1132.0","o":"Silver Range Resources Ltd. - 100%","e":"2042-03-13"},"geometry":{"type":"Polygon","coordinates":[[[-133.00018,62.49135],[-133.00687,62.49404],[-133.00114,62.49709],[-132.99444,62.4944],[-133.00018,62.49135]]]}},{"type":"Feature","properties":{"c":"545.0","o":"Silver Range Resources Ltd. - 100%","e":"2031-03-13"},"geometry":{"type":"Polygon","coordinates":[[[-132.78651,62.44265],[-132.79317,62.44536],[-132.7875,62.44842],[-132.78083,62.44572],[-132.78619,62.44282],[-132.78651,62.44265]]]}},{"type":"Feature","properties":{"c":"2262.0","o":"Silver Range Resources Ltd. - 100%","e":"2038-03-13"},"geometry":{"type":"Polygon","coordinates":[[[-132.78812,62.45438],[-132.79468,62.45704],[-132.78892,62.46016],[-132.78236,62.4575],[-132.78812,62.45438]]]}},{"type":"Feature","properties":{"c":"19.0","o":"Deloitte Restructuring Inc. - 100%","e":"2029-03-31"},"geometry":{"type":"Polygon","coordinates":[[[-132.95035,62.18504],[-132.95821,62.18273],[-132.95825,62.18498],[-132.95035,62.18504]]]}},{"type":"Feature","properties":{"c":"11.0","o":"Silver Range Resources Ltd. - 100%","e":"2031-03-13"},"geometry":{"type":"Polygon","coordinates":[[[-132.63935,62.329],[-132.64597,62.33171],[-132.64031,62.33477],[-132.63368,62.33206],[-132.63935,62.329]]]}},{"type":"Feature","properties":{"c":"15.0","o":"Golden Predator Mining Corp - 100%","e":"2036-12-27"},"geometry":{"type":"Polygon","coordinates":[[[-132.96003,62.11092],[-132.95296,62.1085],[-132.95813,62.10518],[-132.9652,62.10761],[-132.96003,62.11092]]]}},{"type":"Feature","properties":{"c":"131.0","o":"Silver Range Resources Ltd. - 100%","e":"2031-03-13"},"geometry":{"type":"Polygon","coordinates":[[[-132.65344,62.37777],[-132.65998,62.38044],[-132.6543,62.3835],[-132.64777,62.38083],[-132.65191,62.3786],[-132.65344,62.37777]]]}},{"type":"Feature","properties":{"c":"216.0","o":"Silver Range Resources Ltd. - 100%","e":"2042-03-13"},"geometry":{"type":"Polygon","coordinates":[[[-132.87448,62.48932],[-132.88117,62.49202],[-132.87533,62.49511],[-132.86864,62.49241],[-132.87448,62.48932]]]}},{"type":"Feature","properties":{"c":"141.0","o":"Golden Predator Mining Corp - 100%","e":"2044-12-27"},"geometry":{"type":"Polygon","coordinates":[[[-132.76418,62.02308],[-132.75728,62.02066],[-132.76254,62.01733],[-132.76943,62.01976],[-132.76418,62.02308]]]}},{"type":"Feature","properties":{"c":"42.0","o":"Deloitte Restructuring Inc. - 100%","e":"2029-03-31"},"geometry":{"type":"Polygon","coordinates":[[[-132.98262,62.20206],[-132.98459,62.20297],[-132.97779,62.20594],[-132.97619,62.2052],[-132.98262,62.20206]]]}},{"type":"Feature","properties":{"c":"144.0","o":"Deloitte Restructuring Inc. - 100%","e":"2029-03-31"},"geometry":{"type":"Polygon","coordinates":[[[-132.77994,62.18419],[-132.78098,62.18015],[-132.78992,62.18065],[-132.78888,62.18467],[-132.77994,62.18419]]]}},{"type":"Feature","properties":{"c":"218.0","o":"Silver Range Resources Ltd. - 100%","e":"2031-03-13"},"geometry":{"type":"Polygon","coordinates":[[[-132.57221,62.37146],[-132.57883,62.37417],[-132.57315,62.37723],[-132.56652,62.37451],[-132.56969,62.37281],[-132.57221,62.37146]]]}},{"type":"Feature","properties":{"c":"5.0","o":"Deloitte Restructuring Inc. - 100%","e":"2028-03-31"},"geometry":{"type":"Polygon","coordinates":[[[-132.99169,62.16157],[-132.99848,62.16512],[-132.99138,62.16768],[-132.98749,62.16544],[-132.9862,62.16507],[-132.99169,62.16157]]]}},{"type":"Feature","properties":{"c":"162.0","o":"Golden Predator Mining Corp - 100%","e":"2047-12-27"},"geometry":{"type":"Polygon","coordinates":[[[-132.7924,62.03284],[-132.79937,62.03525],[-132.79411,62.03861],[-132.78717,62.03618],[-132.79,62.03437],[-132.7924,62.03284]]]}},{"type":"Feature","properties":{"c":"15.0","o":"Golden Predator Mining Corp - 100%","e":"2032-05-03"},"geometry":{"type":"Polygon","coordinates":[[[-132.798,62.01427],[-132.80338,62.01608],[-132.7982,62.01938],[-132.79292,62.0176],[-132.798,62.01427]]]}},{"type":"Feature","properties":{"c":"491.0","o":"Silver Range Resources Ltd. - 100%","e":"2031-03-13"},"geometry":{"type":"Polygon","coordinates":[[[-132.71576,62.42466],[-132.72231,62.42732],[-132.71663,62.43038],[-132.71008,62.42772],[-132.71469,62.42523],[-132.71576,62.42466]]]}},{"type":"Feature","properties":{"c":"335.0","o":"Silver Range Resources Ltd. - 100%","e":"2031-03-13"},"geometry":{"type":"Polygon","coordinates":[[[-132.57504,62.38876],[-132.58167,62.39148],[-132.57599,62.39453],[-132.56936,62.39182],[-132.57254,62.39011],[-132.57504,62.38876]]]}},{"type":"Feature","properties":{"c":"264.0","o":"Silver Range Resources Ltd. - 100%","e":"2042-03-13"},"geometry":{"type":"Polygon","coordinates":[[[-132.85277,62.46966],[-132.85945,62.47236],[-132.85361,62.47544],[-132.84693,62.47274],[-132.85277,62.46966]]]}},{"type":"Feature","properties":{"c":"46.0","o":"Golden Predator Mining Corp - 100%","e":"2032-05-03"},"geometry":{"type":"Polygon","coordinates":[[[-132.72049,62.00747],[-132.72687,62.01027],[-132.72092,62.01327],[-132.71453,62.01047],[-132.72049,62.00747]]]}},{"type":"Feature","properties":{"c":"36.0","o":"Deloitte Restructuring Inc. - 100%","e":"2029-03-31"},"geometry":{"type":"Polygon","coordinates":[[[-132.98596,62.2079],[-132.99237,62.20499],[-132.99811,62.20778],[-132.9918,62.21078],[-132.98596,62.2079]]]}},{"type":"Feature","properties":{"c":"10.0","o":"Deloitte Restructuring Inc. - 100%","e":"2029-03-31"},"geometry":{"type":"Polygon","coordinates":[[[-132.70846,62.21278],[-132.69968,62.21283],[-132.69962,62.21085],[-132.70841,62.2108],[-132.70846,62.21278]]]}},{"type":"Feature","properties":{"c":"6.0","o":"Deloitte Restructuring Inc. - 100%","e":"2029-03-31"},"geometry":{"type":"MultiPolygon","coordinates":[[[[-132.93121,62.15196],[-132.93432,62.15104],[-132.93267,62.15302],[-132.93121,62.15196]]],[[[-132.93643,62.15574],[-132.93565,62.15518],[-132.93715,62.15554],[-132.93643,62.15574]]]]}},{"type":"Feature","properties":{"c":"763.0","o":"Silver Range Resources Ltd. - 100%","e":"2040-03-13"},"geometry":{"type":"Polygon","coordinates":[[[-132.84544,62.42346],[-132.8521,62.42616],[-132.84631,62.42926],[-132.83965,62.42656],[-132.84544,62.42346]]]}},{"type":"Feature","properties":{"c":"581.0","o":"Silver Range Resources Ltd. - 100%","e":"2031-03-13"},"geometry":{"type":"Polygon","coordinates":[[[-132.80451,62.43922],[-132.79884,62.44229],[-132.79218,62.43959],[-132.79772,62.43659],[-132.80451,62.43922]]]}},{"type":"Feature","properties":{"c":"1.0","o":"Deloitte Restructuring Inc. - 100%","e":"2029-03-31"},"geometry":{"type":"Polygon","coordinates":[[[-132.81221,62.17054],[-132.81936,62.17068],[-132.81855,62.17372],[-132.81194,62.17338],[-132.81221,62.17054]]]}},{"type":"Feature","properties":{"c":"851.0","o":"Silver Range Resources Ltd. - 100%","e":"2032-03-13"},"geometry":{"type":"Polygon","coordinates":[[[-132.5193,62.31208],[-132.52591,62.31479],[-132.52024,62.31784],[-132.51363,62.31513],[-132.5193,62.31208]]]}},{"type":"Feature","properties":{"c":"39.0","o":"Deloitte Restructuring Inc. - 100%","e":"2028-03-31"},"geometry":{"type":"Polygon","coordinates":[[[-132.95764,62.15596],[-132.95135,62.15901],[-132.94633,62.15778],[-132.95062,62.15409],[-132.95764,62.15596]]]}},{"type":"Feature","properties":{"c":"718.0","o":"Silver Range Resources Ltd. - 100%","e":"2032-03-13"},"geometry":{"type":"Polygon","coordinates":[[[-132.50152,62.39687],[-132.50815,62.39958],[-132.50236,62.40268],[-132.49574,62.39997],[-132.50152,62.39687]]]}},{"type":"Feature","properties":{"c":"99.0","o":"Silver Range Resources Ltd. - 100%","e":"2031-03-13"},"geometry":{"type":"Polygon","coordinates":[[[-132.54763,62.33447],[-132.55425,62.33719],[-132.54857,62.34024],[-132.54195,62.33753],[-132.54505,62.33586],[-132.54763,62.33447]]]}},{"type":"Feature","properties":{"c":"6.0","o":"Deloitte Restructuring Inc. - 100%","e":"2029-03-31"},"geometry":{"type":"Polygon","coordinates":[[[-132.92334,62.2046],[-132.93212,62.20458],[-132.93223,62.20865],[-132.92345,62.20867],[-132.92334,62.2046]]]}},{"type":"Feature","properties":{"c":"526.0","o":"Silver Range Resources Ltd. - 100%","e":"2031-03-13"},"geometry":{"type":"Polygon","coordinates":[[[-132.71489,62.41893],[-132.72143,62.42159],[-132.71576,62.42466],[-132.70921,62.42199],[-132.71384,62.41949],[-132.71489,62.41893]]]}},{"type":"Feature","properties":{"c":"7.0","o":"Golden Predator Mining Corp - 100%","e":"2029-09-06"},"geometry":{"type":"Polygon","coordinates":[[[-132.8685,62.03097],[-132.87555,62.03339],[-132.87039,62.0367],[-132.86334,62.03428],[-132.86733,62.03172],[-132.8685,62.03097]]]}},{"type":"Feature","properties":{"c":"1.0","o":"Deloitte Restructuring Inc. - 100%","e":"2028-03-31"},"geometry":{"type":"Polygon","coordinates":[[[-132.97971,62.16171],[-132.97267,62.15923],[-132.97748,62.15681],[-132.98459,62.15946],[-132.97971,62.16171]]]}},{"type":"Feature","properties":{"c":"109.0","o":"Deloitte Restructuring Inc. - 100%","e":"2029-03-31"},"geometry":{"type":"Polygon","coordinates":[[[-132.83708,62.17055],[-132.84584,62.17099],[-132.84481,62.17515],[-132.83605,62.17467],[-132.83708,62.17055]]]}},{"type":"Feature","properties":{"c":"89.0","o":"Silver Range Resources Ltd. - 100%","e":"2031-03-13"},"geometry":{"type":"Polygon","coordinates":[[[-132.65826,62.36899],[-132.66479,62.37165],[-132.65912,62.37471],[-132.65259,62.37205],[-132.65826,62.36899]]]}},{"type":"Feature","properties":{"c":"29.0","o":"Golden Predator Mining Corp - 100%","e":"2055-12-27"},"geometry":{"type":"Polygon","coordinates":[[[-132.8892,62.05841],[-132.88214,62.05597],[-132.88729,62.05266],[-132.89434,62.0551],[-132.8892,62.05841]]]}},{"type":"Feature","properties":{"c":"823.0","o":"Silver Range Resources Ltd. - 100%","e":"2032-03-13"},"geometry":{"type":"Polygon","coordinates":[[[-132.59963,62.31274],[-132.60624,62.31545],[-132.60058,62.31851],[-132.59396,62.31579],[-132.59963,62.31274]]]}},{"type":"Feature","properties":{"c":"16.0","o":"Golden Predator Mining Corp - 100%","e":"2055-12-27"},"geometry":{"type":"Polygon","coordinates":[[[-132.83069,62.03317],[-132.83774,62.03561],[-132.8326,62.03891],[-132.8255,62.03649],[-132.83069,62.03317]]]}},{"type":"Feature","properties":{"c":"43.0","o":"Deloitte Restructuring Inc. - 100%","e":"2029-03-31"},"geometry":{"type":"Polygon","coordinates":[[[-132.87307,62.18448],[-132.86465,62.18468],[-132.86577,62.18198],[-132.87323,62.18269],[-132.87307,62.18448]]]}},{"type":"Feature","properties":{"c":"783.0","o":"Silver Range Resources Ltd. - 100%","e":"2040-03-13"},"geometry":{"type":"Polygon","coordinates":[[[-132.91207,62.45041],[-132.91875,62.4531],[-132.91299,62.45622],[-132.90632,62.45353],[-132.91207,62.45041]]]}},{"type":"Feature","properties":{"c":"115.0","o":"Lapie Mining Inc. - 100%","e":"2029-01-20"},"geometry":{"type":"Polygon","coordinates":[[[-133.00217,62.47611],[-133.00876,62.47876],[-133.00303,62.4818],[-132.99644,62.47915],[-133.00217,62.47611]]]}},{"type":"Feature","properties":{"c":"136.0","o":"Silver Range Resources Ltd. - 100%","e":"2031-03-13"},"geometry":{"type":"Polygon","coordinates":[[[-132.66083,62.38616],[-132.66737,62.38883],[-132.66169,62.39189],[-132.65516,62.38922],[-132.65933,62.38697],[-132.66083,62.38616]]]}},{"type":"Feature","properties":{"c":"582.0","o":"Silver Range Resources Ltd. - 100%","e":"2031-03-13"},"geometry":{"type":"Polygon","coordinates":[[[-132.79884,62.44229],[-132.79317,62.44536],[-132.78651,62.44265],[-132.79196,62.43971],[-132.79884,62.44229]]]}},{"type":"Feature","properties":{"c":"751.0","o":"Silver Range Resources Ltd. - 100%","e":"2040-03-13"},"geometry":{"type":"Polygon","coordinates":[[[-132.8054,62.40723],[-132.81206,62.40993],[-132.8063,62.41304],[-132.79964,62.41034],[-132.8054,62.40723]]]}},{"type":"Feature","properties":{"c":"20.0","o":"Deloitte Restructuring Inc. - 100%","e":"2029-03-31"},"geometry":{"type":"Polygon","coordinates":[[[-132.80421,62.16231],[-132.80456,62.15822],[-132.8133,62.15839],[-132.81295,62.16249],[-132.80421,62.16231]]]}},{"type":"Feature","properties":{"c":"5.0","o":"Deloitte Restructuring Inc. - 100%","e":"2029-03-31"},"geometry":{"type":"Polygon","coordinates":[[[-132.97518,62.19704],[-132.98316,62.19701],[-132.98329,62.20108],[-132.97534,62.2011],[-132.97518,62.19704]]]}},{"type":"Feature","properties":{"c":"274.0","o":"Silver Range Resources Ltd. - 100%","e":"2031-03-13"},"geometry":{"type":"Polygon","coordinates":[[[-132.56084,62.37757],[-132.56747,62.38028],[-132.56178,62.38334],[-132.55515,62.38062],[-132.55823,62.37897],[-132.56084,62.37757]]]}},{"type":"Feature","properties":{"c":"22.0","o":"Deloitte Restructuring Inc. - 100%","e":"2029-03-31"},"geometry":{"type":"Polygon","coordinates":[[[-132.67321,62.20893],[-132.6731,62.20489],[-132.68189,62.20485],[-132.682,62.20888],[-132.67321,62.20893]]]}},{"type":"Feature","properties":{"c":"90.0","o":"Silver Range Resources Ltd. - 100%","e":"2031-03-13"},"geometry":{"type":"Polygon","coordinates":[[[-132.65259,62.37205],[-132.65912,62.37471],[-132.65344,62.37777],[-132.64691,62.37511],[-132.65259,62.37205]]]}},{"type":"Feature","properties":{"c":"244.0","o":"Silver Range Resources Ltd. - 100%","e":"2031-03-13"},"geometry":{"type":"Polygon","coordinates":[[[-132.65773,62.4064],[-132.66427,62.40907],[-132.65859,62.41212],[-132.65205,62.40946],[-132.65606,62.4073],[-132.65773,62.4064]]]}},{"type":"Feature","properties":{"c":"258.0","o":"Silver Range Resources Ltd. - 100%","e":"2042-03-13"},"geometry":{"type":"Polygon","coordinates":[[[-132.8728,62.47775],[-132.87948,62.48045],[-132.87364,62.48354],[-132.86696,62.48084],[-132.8728,62.47775]]]}},{"type":"Feature","properties":{"c":"20.0","o":"Silver Range Resources Ltd. - 100%","e":"2031-03-13"},"geometry":{"type":"Polygon","coordinates":[[[-132.60247,62.33004],[-132.6091,62.33276],[-132.60342,62.33581],[-132.5968,62.3331],[-132.60247,62.33004]]]}},{"type":"Feature","properties":{"c":"2.0","o":"Golden Predator Mining Corp - 100%","e":"2029-09-06"},"geometry":{"type":"Polygon","coordinates":[[[-132.89481,62.03492],[-132.90187,62.03734],[-132.89671,62.04065],[-132.88965,62.03823],[-132.89481,62.03492]]]}},{"type":"Feature","properties":{"c":"145.0","o":"Deloitte Restructuring Inc. - 100%","e":"2029-03-31"},"geometry":{"type":"Polygon","coordinates":[[[-132.78202,62.17609],[-132.79098,62.17657],[-132.78992,62.18065],[-132.78098,62.18015],[-132.78202,62.17609]]]}},{"type":"Feature","properties":{"c":"36.0","o":"Silver Range Resources Ltd. - 100%","e":"2044-03-13"},"geometry":{"type":"Polygon","coordinates":[[[-132.93614,62.48163],[-132.94283,62.48432],[-132.93709,62.48736],[-132.9304,62.48467],[-132.93614,62.48163]]]}},{"type":"Feature","properties":{"c":"311.0","o":"Silver Range Resources Ltd. - 100%","e":"2031-03-13"},"geometry":{"type":"Polygon","coordinates":[[[-132.49555,62.35619],[-132.50217,62.3589],[-132.49648,62.36196],[-132.48986,62.35924],[-132.49227,62.35795],[-132.49555,62.35619]]]}},{"type":"Feature","properties":{"c":"6.0","o":"Golden Predator Mining Corp - 100%","e":"2055-12-27"},"geometry":{"type":"Polygon","coordinates":[[[-132.86993,62.05684],[-132.87508,62.05353],[-132.88214,62.05597],[-132.877,62.05928],[-132.86993,62.05684]]]}},{"type":"Feature","properties":{"c":"262.0","o":"Silver Range Resources Ltd. - 100%","e":"2031-03-13"},"geometry":{"type":"Polygon","coordinates":[[[-132.52109,62.36128],[-132.52771,62.364],[-132.52203,62.36705],[-132.51541,62.36434],[-132.5181,62.36289],[-132.52109,62.36128]]]}},{"type":"Feature","properties":{"c":"302.0","o":"Silver Range Resources Ltd. - 100%","e":"2042-03-13"},"geometry":{"type":"Polygon","coordinates":[[[-132.86444,62.46349],[-132.87112,62.46618],[-132.86528,62.46927],[-132.85861,62.46657],[-132.86444,62.46349]]]}},{"type":"Feature","properties":{"c":"2047.0","o":"Silver Range Resources Ltd. - 100%","e":"2038-03-13"},"geometry":{"type":"Polygon","coordinates":[[[-132.80067,62.4785],[-132.80734,62.4812],[-132.80446,62.48272],[-132.79779,62.48002],[-132.80067,62.4785]]]}},{"type":"Feature","properties":{"c":"52.0","o":"Golden Predator Mining Corp - 100%","e":"2032-05-03"},"geometry":{"type":"Polygon","coordinates":[[[-132.70815,62.00767],[-132.71453,62.01047],[-132.70858,62.01347],[-132.70219,62.01067],[-132.70815,62.00767]]]}},{"type":"Feature","properties":{"c":"12.0","o":"Golden Predator Mining Corp - 100%","e":"2042-12-27"},"geometry":{"type":"Polygon","coordinates":[[[-132.84548,62.05858],[-132.85255,62.06102],[-132.84728,62.06429],[-132.8402,62.06185],[-132.84548,62.05858]]]}},{"type":"Feature","properties":{"c":"570.0","o":"Silver Range Resources Ltd. - 100%","e":"2031-03-13"},"geometry":{"type":"Polygon","coordinates":[[[-132.75243,62.42346],[-132.75898,62.42612],[-132.75331,62.42918],[-132.74676,62.42652],[-132.75182,62.42378],[-132.75243,62.42346]]]}},{"type":"Feature","properties":{"c":"110.0","o":"Lapie Mining Inc. - 100%","e":"2029-01-20"},"geometry":{"type":"Polygon","coordinates":[[[-133.00303,62.4818],[-133.00961,62.48445],[-133.00388,62.48749],[-132.99729,62.48484],[-133.00303,62.4818]]]}},{"type":"Feature","properties":{"c":"488.0","o":"Silver Range Resources Ltd. - 100%","e":"2031-03-13"},"geometry":{"type":"Polygon","coordinates":[[[-132.69699,62.42239],[-132.70353,62.42505],[-132.69785,62.42811],[-132.69131,62.42545],[-132.69569,62.42309],[-132.69699,62.42239]]]}},{"type":"Feature","properties":{"c":"3.0","o":"Deloitte Restructuring Inc. - 100%","e":"2029-03-31"},"geometry":{"type":"Polygon","coordinates":[[[-132.80324,62.17294],[-132.80346,62.17036],[-132.81221,62.17054],[-132.81194,62.17338],[-132.80324,62.17294]]]}},{"type":"Feature","properties":{"c":"789.0","o":"Silver Range Resources Ltd. - 100%","e":"2040-03-13"},"geometry":{"type":"Polygon","coordinates":[[[-132.9321,62.4585],[-132.93878,62.46119],[-132.93303,62.46431],[-132.92635,62.46162],[-132.9321,62.4585]]]}},{"type":"Feature","properties":{"c":"455.0","o":"Silver Range Resources Ltd. - 100%","e":"2031-03-13"},"geometry":{"type":"Polygon","coordinates":[[[-132.7044,62.43078],[-132.71095,62.43344],[-132.70527,62.4365],[-132.69872,62.43384],[-132.70315,62.43145],[-132.7044,62.43078]]]}},{"type":"Feature","properties":{"c":"34.0","o":"Deloitte Restructuring Inc. - 100%","e":"2029-03-31"},"geometry":{"type":"Polygon","coordinates":[[[-132.939,62.156],[-132.93168,62.15421],[-132.93471,62.15057],[-132.94293,62.15205],[-132.939,62.156]]]}},{"type":"Feature","properties":{"c":"75.0","o":"Deloitte Restructuring Inc. - 100%","e":"2029-03-31"},"geometry":{"type":"Polygon","coordinates":[[[-132.84876,62.19709],[-132.85763,62.19707],[-132.85774,62.20117],[-132.84887,62.20119],[-132.84876,62.19709]]]}},{"type":"Feature","properties":{"c":"28.0","o":"Deloitte Restructuring Inc. - 100%","e":"2029-03-31"},"geometry":{"type":"Polygon","coordinates":[[[-132.77866,62.21325],[-132.77851,62.20941],[-132.7873,62.20938],[-132.78748,62.21321],[-132.77866,62.21325]]]}},{"type":"Feature","properties":{"c":"12.0","o":"Deloitte Restructuring Inc. - 100%","e":"2029-03-31"},"geometry":{"type":"Polygon","coordinates":[[[-132.92602,62.16309],[-132.93251,62.16109],[-132.9373,62.16449],[-132.93073,62.1665],[-132.92602,62.16309]]]}},{"type":"Feature","properties":{"c":"4.0","o":"Deloitte Restructuring Inc. - 100%","e":"2029-03-31"},"geometry":{"type":"Polygon","coordinates":[[[-132.93223,62.20865],[-132.93212,62.20458],[-132.9409,62.20456],[-132.941,62.20864],[-132.93223,62.20865]]]}},{"type":"Feature","properties":{"c":"77.0","o":"Deloitte Restructuring Inc. - 100%","e":"2029-03-31"},"geometry":{"type":"Polygon","coordinates":[[[-132.86235,62.17466],[-132.8627,62.17881],[-132.85405,62.17894],[-132.85365,62.1748],[-132.86235,62.17466]]]}},{"type":"Feature","properties":{"c":"553.0","o":"Silver Range Resources Ltd. - 100%","e":"2031-03-13"},"geometry":{"type":"Polygon","coordinates":[[[-132.70574,62.39909],[-132.71228,62.40176],[-132.7066,62.40482],[-132.70006,62.40215],[-132.70471,62.39965],[-132.70574,62.39909]]]}},{"type":"Feature","properties":{"c":"863.0","o":"Silver Range Resources Ltd. - 100%","e":"2032-03-13"},"geometry":{"type":"Polygon","coordinates":[[[-132.51456,62.3209],[-132.52117,62.32361],[-132.51549,62.32667],[-132.50888,62.32395],[-132.51456,62.3209]]]}},{"type":"Feature","properties":{"c":"44.0","o":"Silver Range Resources Ltd. - 100%","e":"2044-03-13"},"geometry":{"type":"Polygon","coordinates":[[[-132.94762,62.47554],[-132.9543,62.47824],[-132.94856,62.48128],[-132.94188,62.47859],[-132.94762,62.47554]]]}},{"type":"Feature","properties":{"c":"836.0","o":"Silver Range Resources Ltd. - 100%","e":"2032-03-13"},"geometry":{"type":"Polygon","coordinates":[[[-132.56939,62.31648],[-132.576,62.3192],[-132.57033,62.32225],[-132.56371,62.31954],[-132.56939,62.31648]]]}},{"type":"Feature","properties":{"c":"108.0","o":"Silver Range Resources Ltd. - 100%","e":"2031-03-13"},"geometry":{"type":"Polygon","coordinates":[[[-132.56843,62.34838],[-132.57505,62.3511],[-132.56937,62.35415],[-132.56275,62.35144],[-132.56602,62.34968],[-132.56843,62.34838]]]}},{"type":"Feature","properties":{"c":"168.0","o":"Deloitte Restructuring Inc. - 100%","e":"2029-03-31"},"geometry":{"type":"Polygon","coordinates":[[[-132.90523,62.19514],[-132.90523,62.19698],[-132.89824,62.19703],[-132.89821,62.19517],[-132.90523,62.19514]]]}},{"type":"Feature","properties":{"c":"396.0","o":"Silver Range Resources Ltd. - 100%","e":"2031-03-13"},"geometry":{"type":"Polygon","coordinates":[[[-132.57107,62.40346],[-132.5777,62.40617],[-132.57192,62.40927],[-132.56529,62.40656],[-132.57107,62.40346]]]}},{"type":"Feature","properties":{"c":"514.0","o":"Silver Range Resources Ltd. - 100%","e":"2031-03-13"},"geometry":{"type":"Polygon","coordinates":[[[-132.67563,62.40295],[-132.68217,62.40561],[-132.67649,62.40867],[-132.66995,62.40601],[-132.6742,62.40372],[-132.67563,62.40295]]]}},{"type":"Feature","properties":{"c":"212.0","o":"Silver Range Resources Ltd. - 100%","e":"2042-03-13"},"geometry":{"type":"Polygon","coordinates":[[[-132.88785,62.49472],[-132.89454,62.49741],[-132.8887,62.5005],[-132.88201,62.4978],[-132.88785,62.49472]]]}},{"type":"Feature","properties":{"c":"4.0","o":"Deloitte Restructuring Inc. - 100%","e":"2029-03-31"},"geometry":{"type":"Polygon","coordinates":[[[-132.76113,62.21742],[-132.76123,62.22144],[-132.75235,62.22146],[-132.75228,62.21745],[-132.76113,62.21742]]]}},{"type":"Feature","properties":{"c":"747.0","o":"Silver Range Resources Ltd. - 100%","e":"2040-03-13"},"geometry":{"type":"Polygon","coordinates":[[[-132.7923,62.40191],[-132.79885,62.40457],[-132.79309,62.40768],[-132.78654,62.40502],[-132.7923,62.40191]]]}},{"type":"Feature","properties":{"c":"639.0","o":"Silver Range Resources Ltd. - 100%","e":"2031-03-13"},"geometry":{"type":"Polygon","coordinates":[[[-132.78078,62.40814],[-132.78734,62.4108],[-132.78167,62.41386],[-132.77512,62.4112],[-132.78078,62.40814]]]}},{"type":"Feature","properties":{"c":"299.0","o":"Golden Predator Mining Corp - 100%","e":"2050-12-27"},"geometry":{"type":"Polygon","coordinates":[[[-132.78709,62.03338],[-132.79422,62.03582],[-132.78915,62.03911],[-132.78192,62.03669],[-132.78429,62.03517],[-132.78709,62.03338]]]}},{"type":"Feature","properties":{"c":"300.0","o":"Golden Predator Mining Corp - 100%","e":"2050-12-27"},"geometry":{"type":"Polygon","coordinates":[[[-132.79226,62.03007],[-132.79929,62.03254],[-132.79422,62.03582],[-132.78709,62.03338],[-132.7895,62.03184],[-132.79226,62.03007]]]}},{"type":"Feature","properties":{"c":"6.0","o":"Deloitte Restructuring Inc. - 100%","e":"2029-03-31"},"geometry":{"type":"Polygon","coordinates":[[[-132.97502,62.19282],[-132.98302,62.19277],[-132.98316,62.19701],[-132.97518,62.19704],[-132.97502,62.19282]]]}},{"type":"Feature","properties":{"c":"4.0","o":"Deloitte Restructuring Inc. - 100%","e":"2029-03-31"},"geometry":{"type":"Polygon","coordinates":[[[-132.95004,62.18001],[-132.94478,62.17642],[-132.95164,62.17421],[-132.95703,62.17782],[-132.95004,62.18001]]]}},{"type":"Feature","properties":{"c":"6.0","o":"Deloitte Restructuring Inc. - 100%","e":"2029-03-31"},"geometry":{"type":"Polygon","coordinates":[[[-132.76998,62.21738],[-132.77011,62.22142],[-132.76123,62.22144],[-132.76113,62.21742],[-132.76998,62.21738]]]}},{"type":"Feature","properties":{"c":"665.0","o":"Silver Range Resources Ltd. - 100%","e":"2031-03-13"},"geometry":{"type":"Polygon","coordinates":[[[-132.86719,62.44316],[-132.87386,62.44586],[-132.8682,62.44892],[-132.86153,62.44623],[-132.86719,62.44316]]]}},{"type":"Feature","properties":{"c":"42.0","o":"Silver Range Resources Ltd. - 100%","e":"2044-03-13"},"geometry":{"type":"Polygon","coordinates":[[[-132.9543,62.47824],[-132.96099,62.48093],[-132.95525,62.48397],[-132.94856,62.48128],[-132.9543,62.47824]]]}},{"type":"Feature","properties":{"c":"2258.0","o":"Silver Range Resources Ltd. - 100%","e":"2038-03-13"},"geometry":{"type":"Polygon","coordinates":[[[-132.79965,62.44815],[-132.80621,62.45081],[-132.80045,62.45393],[-132.79389,62.45127],[-132.79965,62.44815]]]}},{"type":"Feature","properties":{"c":"7.0","o":"Deloitte Restructuring Inc. - 100%","e":"2029-03-31"},"geometry":{"type":"Polygon","coordinates":[[[-132.93234,62.1708],[-132.93542,62.16985],[-132.94015,62.17317],[-132.9325,62.17536],[-132.93234,62.1708]]]}},{"type":"Feature","properties":{"c":"25.0","o":"Golden Predator Mining Corp - 100%","e":"2038-12-27"},"geometry":{"type":"Polygon","coordinates":[[[-132.93999,62.10119],[-132.93292,62.09877],[-132.93807,62.09545],[-132.94513,62.09787],[-132.93999,62.10119]]]}},{"type":"Feature","properties":{"c":"871.0","o":"Silver Range Resources Ltd. - 100%","e":"2032-03-13"},"geometry":{"type":"Polygon","coordinates":[[[-132.49659,62.32429],[-132.5032,62.32701],[-132.49752,62.33006],[-132.49091,62.32734],[-132.49659,62.32429]]]}},{"type":"Feature","properties":{"c":"88.0","o":"Silver Range Resources Ltd. - 100%","e":"2031-03-13"},"geometry":{"type":"Polygon","coordinates":[[[-132.64606,62.36938],[-132.65259,62.37205],[-132.64691,62.37511],[-132.64038,62.37244],[-132.64606,62.36938]]]}},{"type":"Feature","properties":{"c":"552.0","o":"Silver Range Resources Ltd. - 100%","e":"2031-03-13"},"geometry":{"type":"Polygon","coordinates":[[[-132.69352,62.39949],[-132.70006,62.40215],[-132.69439,62.40521],[-132.68785,62.40255],[-132.69234,62.40013],[-132.69352,62.39949]]]}},{"type":"Feature","properties":{"c":"153.0","o":"Deloitte Restructuring Inc. - 100%","e":"2029-03-31"},"geometry":{"type":"Polygon","coordinates":[[[-132.84111,62.21346],[-132.84117,62.21732],[-132.83196,62.21741],[-132.8319,62.2135],[-132.84111,62.21346]]]}},{"type":"Feature","properties":{"c":"76.0","o":"Golden Predator Mining Corp - 100%","e":"2032-05-03"},"geometry":{"type":"Polygon","coordinates":[[[-132.71368,61.99887],[-132.70773,62.00187],[-132.70135,61.99907],[-132.7073,61.99608],[-132.71368,61.99887]]]}},{"type":"Feature","properties":{"c":"2263.0","o":"Silver Range Resources Ltd. - 100%","e":"2038-03-13"},"geometry":{"type":"Polygon","coordinates":[[[-132.79468,62.45704],[-132.80106,62.45963],[-132.79522,62.46271],[-132.78892,62.46016],[-132.79468,62.45704]]]}},{"type":"Feature","properties":{"c":"103.0","o":"Deloitte Restructuring Inc. - 100%","e":"2029-03-31"},"geometry":{"type":"Polygon","coordinates":[[[-132.74314,62.19726],[-132.74307,62.19315],[-132.7518,62.1931],[-132.75189,62.19725],[-132.74314,62.19726]]]}},{"type":"Feature","properties":{"c":"27.0","o":"Deloitte Restructuring Inc. - 100%","e":"2029-03-31"},"geometry":{"type":"Polygon","coordinates":[[[-132.89816,62.19271],[-132.90514,62.1927],[-132.90523,62.19514],[-132.89821,62.19517],[-132.89816,62.19271]]]}},{"type":"Feature","properties":{"c":"441.0","o":"Silver Range Resources Ltd. - 100%","e":"2031-03-13"},"geometry":{"type":"Polygon","coordinates":[[[-132.65859,62.41212],[-132.66513,62.41479],[-132.65945,62.41785],[-132.65291,62.41518],[-132.65689,62.41304],[-132.65859,62.41212]]]}},{"type":"Feature","properties":{"c":"120.0","o":"Silver Range Resources Ltd. - 100%","e":"2031-03-13"},"geometry":{"type":"Polygon","coordinates":[[[-132.60818,62.36466],[-132.61481,62.36737],[-132.60913,62.37042],[-132.6025,62.36771],[-132.60616,62.36574],[-132.60818,62.36466]]]}},{"type":"Feature","properties":{"c":"318.0","o":"Silver Range Resources Ltd. - 100%","e":"2031-03-13"},"geometry":{"type":"Polygon","coordinates":[[[-132.50972,62.36739],[-132.51634,62.37011],[-132.51056,62.37321],[-132.50394,62.37049],[-132.50673,62.369],[-132.50972,62.36739]]]}},{"type":"Feature","properties":{"c":"68.0","o":"Deloitte Restructuring Inc. - 100%","e":"2029-03-31"},"geometry":{"type":"Polygon","coordinates":[[[-132.89419,62.17374],[-132.88595,62.17405],[-132.88528,62.17002],[-132.89229,62.16979],[-132.89419,62.17374]]]}},{"type":"Feature","properties":{"c":"1.0","o":"Deloitte Restructuring Inc. - 100%","e":"2029-03-31"},"geometry":{"type":"Polygon","coordinates":[[[-132.94948,62.18499],[-132.94941,62.18233],[-132.94247,62.18239],[-132.95004,62.18001],[-132.9553,62.18361],[-132.95053,62.18499],[-132.94948,62.18499]]]}},{"type":"Feature","properties":{"c":"1.0","o":"Deloitte Restructuring Inc. - 100%","e":"2029-03-31"},"geometry":{"type":"Polygon","coordinates":[[[-132.87493,62.17876],[-132.87817,62.17825],[-132.88485,62.17801],[-132.885,62.17893],[-132.87493,62.17876]]]}},{"type":"Feature","properties":{"c":"4.0","o":"Deloitte Restructuring Inc. - 100%","e":"2029-03-31"},"geometry":{"type":"Polygon","coordinates":[[[-132.73483,62.21264],[-132.72604,62.21269],[-132.72599,62.21071],[-132.73478,62.21067],[-132.73483,62.21264]]]}},{"type":"Feature","properties":{"c":"544.0","o":"Silver Range Resources Ltd. - 100%","e":"2031-03-13"},"geometry":{"type":"Polygon","coordinates":[[[-132.77417,62.44301],[-132.78083,62.44572],[-132.77516,62.44878],[-132.76849,62.44608],[-132.7737,62.44327],[-132.77417,62.44301]]]}},{"type":"Feature","properties":{"c":"294.0","o":"Silver Range Resources Ltd. - 100%","e":"2042-03-13"},"geometry":{"type":"Polygon","coordinates":[[[-132.89115,62.47428],[-132.89783,62.47697],[-132.892,62.48006],[-132.88532,62.47736],[-132.89115,62.47428]]]}},{"type":"Feature","properties":{"c":"28.0","o":"Golden Predator Mining Corp - 100%","e":"2037-12-27"},"geometry":{"type":"Polygon","coordinates":[[[-132.92777,62.10209],[-132.9207,62.09967],[-132.92585,62.09635],[-132.93292,62.09877],[-132.92777,62.10209]]]}},{"type":"Feature","properties":{"c":"8.0","o":"James Woods - 100%","e":"2032-12-27"},"geometry":{"type":"Polygon","coordinates":[[[-132.79756,62.0269],[-132.80278,62.02356],[-132.80965,62.02604],[-132.80455,62.02929],[-132.79756,62.0269]]]}},{"type":"Feature","properties":{"c":"103.0","o":"Silver Range Resources Ltd. - 100%","e":"2031-03-13"},"geometry":{"type":"Polygon","coordinates":[[[-132.56086,62.3399],[-132.56748,62.34261],[-132.56181,62.34567],[-132.55519,62.34296],[-132.55842,62.34122],[-132.56086,62.3399]]]}},{"type":"Feature","properties":{"c":"26.0","o":"Deloitte Restructuring Inc. - 100%","e":"2029-03-31"},"geometry":{"type":"Polygon","coordinates":[[[-132.89999,62.18325],[-132.90098,62.18723],[-132.89793,62.18688],[-132.89903,62.18323],[-132.89999,62.18325]]]}},{"type":"Feature","properties":{"c":"58.0","o":"Deloitte Restructuring Inc. - 100%","e":"2029-03-31"},"geometry":{"type":"Polygon","coordinates":[[[-132.90072,62.15997],[-132.90944,62.16015],[-132.90929,62.16203],[-132.90054,62.16219],[-132.90072,62.15997]]]}},{"type":"Feature","properties":{"c":"44.0","o":"Golden Predator Mining Corp - 100%","e":"2055-12-27"},"geometry":{"type":"Polygon","coordinates":[[[-132.88086,62.07076],[-132.87378,62.06832],[-132.87892,62.06502],[-132.886,62.06745],[-132.88086,62.07076]]]}},{"type":"Feature","properties":{"c":"50.0","o":"Golden Predator Mining Corp - 100%","e":"2055-12-27"},"geometry":{"type":"Polygon","coordinates":[[[-132.90207,62.07804],[-132.89502,62.07562],[-132.90014,62.07232],[-132.9072,62.07474],[-132.90207,62.07804]]]}},{"type":"Feature","properties":{"c":"215.0","o":"Silver Range Resources Ltd. - 100%","e":"2042-03-13"},"geometry":{"type":"Polygon","coordinates":[[[-132.86864,62.49241],[-132.87533,62.49511],[-132.86949,62.49819],[-132.8628,62.49549],[-132.86864,62.49241]]]}},{"type":"Feature","properties":{"c":"617.0","o":"Silver Range Resources Ltd. - 100%","e":"2031-03-13"},"geometry":{"type":"Polygon","coordinates":[[[-132.85586,62.44929],[-132.86253,62.45199],[-132.85686,62.45506],[-132.85019,62.45236],[-132.85586,62.44929]]]}},{"type":"Feature","properties":{"c":"235.0","o":"Silver Range Resources Ltd. - 100%","e":"2042-03-13"},"geometry":{"type":"Polygon","coordinates":[[[-132.80189,62.46541],[-132.80856,62.46811],[-132.80272,62.4712],[-132.79605,62.4685],[-132.80189,62.46541]]]}},{"type":"Feature","properties":{"c":"142.0","o":"Silver Range Resources Ltd. - 100%","e":"2038-03-13"},"geometry":{"type":"Polygon","coordinates":[[[-133.00093,62.33242],[-133.00766,62.33507],[-133.00461,62.33674],[-132.99828,62.33387],[-132.99887,62.33355],[-133.00093,62.33242]]]}},{"type":"Feature","properties":{"c":"13.0","o":"Deloitte Restructuring Inc. - 100%","e":"2029-03-31"},"geometry":{"type":"Polygon","coordinates":[[[-132.90882,62.1774],[-132.9076,62.17741],[-132.90875,62.17357],[-132.90882,62.1774]]]}},{"type":"Feature","properties":{"c":"9.0","o":"Deloitte Restructuring Inc. - 100%","e":"2029-03-31"},"geometry":{"type":"Polygon","coordinates":[[[-132.91319,62.1831],[-132.92197,62.18313],[-132.92204,62.18723],[-132.91321,62.18724],[-132.91319,62.1831]]]}},{"type":"Feature","properties":{"c":"724.0","o":"Silver Range Resources Ltd. - 100%","e":"2032-03-13"},"geometry":{"type":"Polygon","coordinates":[[[-132.52141,62.40501],[-132.52804,62.40773],[-132.52225,62.41083],[-132.51562,62.40812],[-132.52141,62.40501]]]}},{"type":"Feature","properties":{"c":"100.0","o":"Deloitte Restructuring Inc. - 100%","e":"2029-03-31"},"geometry":{"type":"Polygon","coordinates":[[[-132.8381,62.16646],[-132.84685,62.1669],[-132.84584,62.17099],[-132.83708,62.17055],[-132.8381,62.16646]]]}},{"type":"Feature","properties":{"c":"348.0","o":"Silver Range Resources Ltd. - 100%","e":"2031-03-13"},"geometry":{"type":"Polygon","coordinates":[[[-132.60886,62.40796],[-132.61539,62.41063],[-132.60961,62.41374],[-132.60308,62.41107],[-132.60683,62.40905],[-132.60886,62.40796]]]}},{"type":"Feature","properties":{"c":"241.0","o":"Silver Range Resources Ltd. - 100%","e":"2031-03-13"},"geometry":{"type":"Polygon","coordinates":[[[-132.65687,62.40067],[-132.66341,62.40334],[-132.65773,62.4064],[-132.65119,62.40373],[-132.65523,62.40156],[-132.65687,62.40067]]]}},{"type":"Feature","properties":{"c":"21.0","o":"Golden Predator Mining Corp - 100%","e":"2035-12-27"},"geometry":{"type":"Polygon","coordinates":[[[-132.81423,62.05779],[-132.80712,62.05526],[-132.812,62.05213],[-132.81915,62.0546],[-132.81423,62.05779]]]}},{"type":"Feature","properties":{"c":"649.0","o":"Silver Range Resources Ltd. - 100%","e":"2031-03-13"},"geometry":{"type":"Polygon","coordinates":[[[-132.81386,62.42156],[-132.82053,62.42426],[-132.81486,62.42733],[-132.8082,62.42463],[-132.81386,62.42156]]]}},{"type":"Feature","properties":{"c":"687.0","o":"Silver Range Resources Ltd. - 100%","e":"2032-03-13"},"geometry":{"type":"Polygon","coordinates":[[[-132.60308,62.41107],[-132.60961,62.41374],[-132.60384,62.41684],[-132.5973,62.41418],[-132.60308,62.41107]]]}},{"type":"Feature","properties":{"c":"6.0","o":"Deloitte Restructuring Inc. - 100%","e":"2028-03-31"},"geometry":{"type":"Polygon","coordinates":[[[-132.9921,62.17213],[-132.99218,62.17639],[-132.98438,62.17642],[-132.98436,62.17529],[-132.99051,62.17214],[-132.9921,62.17213]]]}},{"type":"Feature","properties":{"c":"327.0","o":"Silver Range Resources Ltd. - 100%","e":"2031-03-13"},"geometry":{"type":"Polygon","coordinates":[[[-132.54853,62.37791],[-132.55515,62.38062],[-132.54947,62.38368],[-132.54284,62.38097],[-132.54577,62.37939],[-132.54853,62.37791]]]}},{"type":"Feature","properties":{"c":"145.0","o":"Golden Predator Mining Corp - 100%","e":"2047-12-27"},"geometry":{"type":"Polygon","coordinates":[[[-132.77834,62.02798],[-132.77126,62.02553],[-132.7765,62.02221],[-132.78356,62.02466],[-132.77834,62.02798]]]}},{"type":"Feature","properties":{"c":"670.0","o":"Silver Range Resources Ltd. - 100%","e":"2031-03-13"},"geometry":{"type":"Polygon","coordinates":[[[-132.87487,62.45162],[-132.88154,62.45432],[-132.87588,62.45739],[-132.8692,62.45469],[-132.87487,62.45162]]]}},{"type":"Feature","properties":{"c":"333.0","o":"Silver Range Resources Ltd. - 100%","e":"2031-03-13"},"geometry":{"type":"Polygon","coordinates":[[[-132.56841,62.38605],[-132.57504,62.38876],[-132.56936,62.39182],[-132.56273,62.38911],[-132.56585,62.38743],[-132.56841,62.38605]]]}},{"type":"Feature","properties":{"c":"794.0","o":"Silver Range Resources Ltd. - 100%","e":"2040-03-13"},"geometry":{"type":"Polygon","coordinates":[[[-132.80428,62.40163],[-132.8109,62.40425],[-132.8054,62.40723],[-132.79885,62.40457],[-132.80428,62.40163]]]}},{"type":"Feature","properties":{"c":"291.0","o":"Silver Range Resources Ltd. - 100%","e":"2031-03-13"},"geometry":{"type":"Polygon","coordinates":[[[-132.62591,62.39879],[-132.63244,62.40146],[-132.62676,62.40452],[-132.62022,62.40185],[-132.62389,62.39988],[-132.62591,62.39879]]]}},{"type":"Feature","properties":{"c":"494.0","o":"Silver Range Resources Ltd. - 100%","e":"2031-03-13"},"geometry":{"type":"Polygon","coordinates":[[[-132.71663,62.43038],[-132.72318,62.43304],[-132.7175,62.43611],[-132.71095,62.43344],[-132.71553,62.43097],[-132.71663,62.43038]]]}},{"type":"Feature","properties":{"c":"101.0","o":"Deloitte Restructuring Inc. - 100%","e":"2029-03-31"},"geometry":{"type":"Polygon","coordinates":[[[-132.75992,62.18514],[-132.76838,62.1851],[-132.76848,62.18907],[-132.76001,62.1891],[-132.75992,62.18514]]]}},{"type":"Feature","properties":{"c":"679.0","o":"Silver Range Resources Ltd. - 100%","e":"2031-03-13"},"geometry":{"type":"Polygon","coordinates":[[[-132.91392,62.46204],[-132.92079,62.46481],[-132.91506,62.46785],[-132.90825,62.46511],[-132.91392,62.46204]]]}},{"type":"Feature","properties":{"c":"578.0","o":"Silver Range Resources Ltd. - 100%","e":"2031-03-13"},"geometry":{"type":"Polygon","coordinates":[[[-132.77885,62.43418],[-132.78552,62.43689],[-132.77984,62.43995],[-132.77318,62.43725],[-132.7785,62.43437],[-132.77885,62.43418]]]}},{"type":"Feature","properties":{"c":"134.0","o":"Silver Range Resources Ltd. - 100%","e":"2031-03-13"},"geometry":{"type":"Polygon","coordinates":[[[-132.6543,62.3835],[-132.66083,62.38616],[-132.65516,62.38922],[-132.64862,62.38656],[-132.65274,62.38434],[-132.6543,62.3835]]]}},{"type":"Feature","properties":{"c":"198.0","o":"Silver Range Resources Ltd. - 100%","e":"2031-03-13"},"geometry":{"type":"Polygon","coordinates":[[[-132.50599,62.34431],[-132.51261,62.34703],[-132.50692,62.35008],[-132.50031,62.34737],[-132.50283,62.34601],[-132.50599,62.34431]]]}},{"type":"Feature","properties":{"c":"227.0","o":"Silver Range Resources Ltd. - 100%","e":"2031-03-13"},"geometry":{"type":"Polygon","coordinates":[[[-132.61104,62.38196],[-132.61767,62.38467],[-132.61199,62.38773],[-132.60536,62.38502],[-132.60894,62.38309],[-132.61104,62.38196]]]}},{"type":"Feature","properties":{"c":"222.0","o":"Silver Range Resources Ltd. - 100%","e":"2042-03-13"},"geometry":{"type":"Polygon","coordinates":[[[-132.85445,62.48123],[-132.86112,62.48393],[-132.85528,62.48701],[-132.84861,62.48431],[-132.85445,62.48123]]]}},{"type":"Feature","properties":{"c":"165.0","o":"Silver Range Resources Ltd. - 100%","e":"2031-03-13"},"geometry":{"type":"Polygon","coordinates":[[[-132.6025,62.36771],[-132.60913,62.37042],[-132.60345,62.37348],[-132.59682,62.37077],[-132.6004,62.36885],[-132.6025,62.36771]]]}},{"type":"Feature","properties":{"c":"479.0","o":"Silver Range Resources Ltd. - 100%","e":"2031-03-13"},"geometry":{"type":"Polygon","coordinates":[[[-132.67649,62.40867],[-132.68303,62.41134],[-132.67735,62.4144],[-132.67081,62.41173],[-132.67504,62.40945],[-132.67649,62.40867]]]}},{"type":"Feature","properties":{"c":"683.0","o":"Silver Range Resources Ltd. - 100%","e":"2032-03-13"},"geometry":{"type":"Polygon","coordinates":[[[-132.59001,62.40573],[-132.59654,62.4084],[-132.59077,62.41151],[-132.58423,62.40884],[-132.59001,62.40573]]]}},{"type":"Feature","properties":{"c":"235.0","o":"Silver Range Resources Ltd. - 100%","e":"2031-03-13"},"geometry":{"type":"Polygon","coordinates":[[[-132.63727,62.39267],[-132.6438,62.39534],[-132.63812,62.3984],[-132.63159,62.39573],[-132.63543,62.39366],[-132.63727,62.39267]]]}},{"type":"Feature","properties":{"c":"18.0","o":"Golden Predator Mining Corp - 100%","e":"2035-12-27"},"geometry":{"type":"Polygon","coordinates":[[[-132.83139,62.05372],[-132.83843,62.05615],[-132.83315,62.05942],[-132.82611,62.05699],[-132.83139,62.05372]]]}},{"type":"Feature","properties":{"c":"2.0","o":"Deloitte Restructuring Inc. - 100%","e":"2029-03-31"},"geometry":{"type":"Polygon","coordinates":[[[-132.885,62.17893],[-132.88485,62.17801],[-132.89364,62.17769],[-132.89384,62.17908],[-132.885,62.17893]]]}},{"type":"Feature","properties":{"c":"113.0","o":"Deloitte Restructuring Inc. - 100%","e":"2029-03-31"},"geometry":{"type":"Polygon","coordinates":[[[-132.83921,62.19711],[-132.83049,62.19713],[-132.83046,62.19282],[-132.8392,62.19279],[-132.83921,62.19711]]]}},{"type":"Feature","properties":{"c":"32.0","o":"Silver Range Resources Ltd. - 100%","e":"2031-03-13"},"geometry":{"type":"Polygon","coordinates":[[[-132.56466,62.32531],[-132.57127,62.32802],[-132.5656,62.33108],[-132.55898,62.32836],[-132.56466,62.32531]]]}},{"type":"Feature","properties":{"c":"692.0","o":"Silver Range Resources Ltd. - 100%","e":"2032-03-13"},"geometry":{"type":"Polygon","coordinates":[[[-132.51309,62.39066],[-132.51972,62.39338],[-132.51393,62.39648],[-132.50731,62.39376],[-132.51309,62.39066]]]}},{"type":"Feature","properties":{"c":"13.0","o":"Deloitte Restructuring Inc. - 100%","e":"2029-03-31"},"geometry":{"type":"Polygon","coordinates":[[[-132.80573,62.21724],[-132.79652,62.21728],[-132.7963,62.21316],[-132.80567,62.21312],[-132.80573,62.21724]]]}},{"type":"Feature","properties":{"c":"290.0","o":"Silver Range Resources Ltd. - 100%","e":"2042-03-13"},"geometry":{"type":"Polygon","coordinates":[[[-132.90451,62.47967],[-132.9112,62.48237],[-132.90536,62.48545],[-132.89868,62.48276],[-132.90451,62.47967]]]}},{"type":"Feature","properties":{"c":"51.0","o":"Golden Predator Mining Corp - 100%","e":"2056-12-27"},"geometry":{"type":"Polygon","coordinates":[[[-132.91425,62.07715],[-132.9072,62.07474],[-132.91232,62.07143],[-132.91937,62.07385],[-132.91425,62.07715]]]}},{"type":"Feature","properties":{"c":"821.0","o":"Silver Range Resources Ltd. - 100%","e":"2032-03-13"},"geometry":{"type":"Polygon","coordinates":[[[-132.59301,62.31003],[-132.59963,62.31274],[-132.59396,62.31579],[-132.58734,62.31308],[-132.59301,62.31003]]]}},{"type":"Feature","properties":{"c":"17.0","o":"Deloitte Restructuring Inc. - 100%","e":"2029-03-31"},"geometry":{"type":"Polygon","coordinates":[[[-132.97509,62.1807],[-132.98367,62.18068],[-132.98377,62.18493],[-132.97495,62.18495],[-132.97509,62.1807]]]}},{"type":"Feature","properties":{"c":"79.0","o":"Deloitte Restructuring Inc. - 100%","e":"2029-03-31"},"geometry":{"type":"Polygon","coordinates":[[[-132.90132,62.15172],[-132.90159,62.14764],[-132.91028,62.1478],[-132.91004,62.15189],[-132.90132,62.15172]]]}},{"type":"Feature","properties":{"c":"38.0","o":"Deloitte Restructuring Inc. - 100%","e":"2028-03-31"},"geometry":{"type":"Polygon","coordinates":[[[-132.96116,62.1597],[-132.95535,62.15707],[-132.9613,62.15418],[-132.9665,62.15661],[-132.96116,62.1597]]]}},{"type":"Feature","properties":{"c":"57.0","o":"Deloitte Restructuring Inc. - 100%","e":"2029-03-31"},"geometry":{"type":"Polygon","coordinates":[[[-132.93243,62.17333],[-132.93256,62.17728],[-132.92397,62.17733],[-132.92387,62.17337],[-132.93243,62.17333]]]}},{"type":"Feature","properties":{"c":"52.0","o":"Deloitte Restructuring Inc. - 100%","e":"2029-03-31"},"geometry":{"type":"Polygon","coordinates":[[[-132.93188,62.17864],[-132.93235,62.18249],[-132.92377,62.18258],[-132.92344,62.17874],[-132.92676,62.1787],[-132.93188,62.17864]]]}},{"type":"Feature","properties":{"c":"15.0","o":"Silver Range Resources Ltd. - 100%","e":"2031-03-13"},"geometry":{"type":"Polygon","coordinates":[[[-132.59491,62.32156],[-132.60153,62.32428],[-132.59585,62.32733],[-132.58924,62.32462],[-132.59491,62.32156]]]}},{"type":"Feature","properties":{"c":"72.0","o":"Deloitte Restructuring Inc. - 100%","e":"2029-03-31"},"geometry":{"type":"Polygon","coordinates":[[[-132.87516,62.15121],[-132.87486,62.15533],[-132.86623,62.15515],[-132.86652,62.15104],[-132.87516,62.15121]]]}},{"type":"Feature","properties":{"c":"2.0","o":"Deloitte Restructuring Inc. - 100%","e":"2029-03-31"},"geometry":{"type":"Polygon","coordinates":[[[-132.74334,62.21062],[-132.74337,62.21259],[-132.73483,62.21264],[-132.73478,62.21067],[-132.74334,62.21062]]]}},{"type":"Feature","properties":{"c":"243.0","o":"Silver Range Resources Ltd. - 100%","e":"2031-03-13"},"geometry":{"type":"Polygon","coordinates":[[[-132.66341,62.40334],[-132.66995,62.40601],[-132.66427,62.40907],[-132.65773,62.4064],[-132.66183,62.40419],[-132.66341,62.40334]]]}},{"type":"Feature","properties":{"c":"587.0","o":"Silver Range Resources Ltd. - 100%","e":"2031-03-13"},"geometry":{"type":"Polygon","coordinates":[[[-132.75635,62.40894],[-132.7629,62.4116],[-132.75723,62.41467],[-132.75068,62.41201],[-132.75635,62.40894]]]}},{"type":"Feature","properties":{"c":"164.0","o":"Silver Range Resources Ltd. - 100%","e":"2031-03-13"},"geometry":{"type":"Polygon","coordinates":[[[-132.59019,62.36806],[-132.59682,62.37077],[-132.59114,62.37383],[-132.58451,62.37111],[-132.58793,62.36928],[-132.59019,62.36806]]]}},{"type":"Feature","properties":{"c":"76.0","o":"Deloitte Restructuring Inc. - 100%","e":"2029-03-31"},"geometry":{"type":"Polygon","coordinates":[[[-132.86548,62.18269],[-132.86302,62.18273],[-132.8627,62.17881],[-132.8671,62.17874],[-132.86577,62.18198],[-132.86548,62.18269]]]}},{"type":"Feature","properties":{"c":"684.0","o":"Silver Range Resources Ltd. - 100%","e":"2032-03-13"},"geometry":{"type":"Polygon","coordinates":[[[-132.58423,62.40884],[-132.59077,62.41151],[-132.58499,62.41461],[-132.57845,62.41194],[-132.58423,62.40884]]]}},{"type":"Feature","properties":{"c":"597.0","o":"Silver Range Resources Ltd. - 100%","e":"2031-03-13"},"geometry":{"type":"Polygon","coordinates":[[[-132.78921,62.42229],[-132.79587,62.42499],[-132.7902,62.42805],[-132.78354,62.42535],[-132.78921,62.42229]]]}},{"type":"Feature","properties":{"c":"38.0","o":"Deloitte Restructuring Inc. - 100%","e":"2029-03-31"},"geometry":{"type":"Polygon","coordinates":[[[-132.84025,62.20924],[-132.83141,62.20927],[-132.83127,62.20521],[-132.84013,62.20519],[-132.84025,62.20924]]]}},{"type":"Feature","properties":{"c":"45.0","o":"Deloitte Restructuring Inc. - 100%","e":"2029-03-31"},"geometry":{"type":"Polygon","coordinates":[[[-132.99945,62.1965],[-133.00596,62.19965],[-132.9996,62.20263],[-132.99282,62.19939],[-132.99844,62.19694],[-132.99945,62.1965]]]}},{"type":"Feature","properties":{"c":"135.0","o":"Deloitte Restructuring Inc. - 100%","e":"2029-03-31"},"geometry":{"type":"Polygon","coordinates":[[[-132.86789,62.21333],[-132.87671,62.21329],[-132.87683,62.218],[-132.86799,62.21803],[-132.86789,62.21333]]]}},{"type":"Feature","properties":{"c":"804.0","o":"Silver Range Resources Ltd. - 100%","e":"2040-03-13"},"geometry":{"type":"Polygon","coordinates":[[[-132.83787,62.41495],[-132.84459,62.41761],[-132.83878,62.42076],[-132.83211,62.41806],[-132.83787,62.41495]]]}},{"type":"Feature","properties":{"c":"69.0","o":"Deloitte Restructuring Inc. - 100%","e":"2029-03-31"},"geometry":{"type":"Polygon","coordinates":[[[-132.86652,62.15104],[-132.85772,62.15093],[-132.85807,62.1468],[-132.86681,62.14694],[-132.86652,62.15104]]]}},{"type":"Feature","properties":{"c":"7.0","o":"James Woods - 100%","e":"2032-12-27"},"geometry":{"type":"Polygon","coordinates":[[[-132.79756,62.0269],[-132.80455,62.02929],[-132.79946,62.03255],[-132.79247,62.03015],[-132.79491,62.02859],[-132.79756,62.0269]]]}},{"type":"Feature","properties":{"c":"46.0","o":"Deloitte Restructuring Inc. - 100%","e":"2029-03-31"},"geometry":{"type":"Polygon","coordinates":[[[-133.00501,62.24557],[-132.9987,62.24257],[-133.00603,62.24019],[-133.01088,62.2437],[-133.00501,62.24557]]]}},{"type":"Feature","properties":{"c":"55.0","o":"Deloitte Restructuring Inc. - 100%","e":"2029-03-31"},"geometry":{"type":"Polygon","coordinates":[[[-132.97479,62.20724],[-132.98002,62.20497],[-132.98596,62.2079],[-132.98063,62.21032],[-132.97479,62.20724]]]}},{"type":"Feature","properties":{"c":"2.0","o":"Deloitte Restructuring Inc. - 100%","e":"2029-03-31"},"geometry":{"type":"Polygon","coordinates":[[[-132.941,62.20864],[-132.9409,62.20456],[-132.94969,62.20454],[-132.94978,62.20862],[-132.941,62.20864]]]}},{"type":"Feature","properties":{"c":"201.0","o":"Silver Range Resources Ltd. - 100%","e":"2031-03-13"},"geometry":{"type":"Polygon","coordinates":[[[-132.52491,62.34669],[-132.53153,62.34941],[-132.52584,62.35246],[-132.51922,62.34974],[-132.52197,62.34827],[-132.52491,62.34669]]]}},{"type":"Feature","properties":{"c":"115.0","o":"Silver Range Resources Ltd. - 100%","e":"2031-03-13"},"geometry":{"type":"Polygon","coordinates":[[[-132.6006,62.35618],[-132.60723,62.35889],[-132.60155,62.36194],[-132.59492,62.35923],[-132.59855,62.35728],[-132.6006,62.35618]]]}},{"type":"Feature","properties":{"c":"249.0","o":"Silver Range Resources Ltd. - 100%","e":"2042-03-13"},"geometry":{"type":"Polygon","coordinates":[[[-132.89369,62.49163],[-132.90037,62.49433],[-132.89454,62.49741],[-132.88785,62.49472],[-132.89369,62.49163]]]}},{"type":"Feature","properties":{"c":"10.0","o":"Golden Predator Mining Corp - 100%","e":"2029-09-06"},"geometry":{"type":"Polygon","coordinates":[[[-132.86661,62.02524],[-132.87366,62.02766],[-132.8685,62.03097],[-132.86145,62.02855],[-132.86661,62.02524]]]}},{"type":"Feature","properties":{"c":"27.0","o":"Deloitte Restructuring Inc. - 100%","e":"2029-03-31"},"geometry":{"type":"Polygon","coordinates":[[[-132.76911,62.16157],[-132.77788,62.16176],[-132.77756,62.16579],[-132.76881,62.16561],[-132.76911,62.16157]]]}},{"type":"Feature","properties":{"c":"11.0","o":"Deloitte Restructuring Inc. - 100%","e":"2029-03-31"},"geometry":{"type":"Polygon","coordinates":[[[-132.69968,62.21283],[-132.69978,62.21685],[-132.69099,62.2169],[-132.69089,62.21287],[-132.69968,62.21283]]]}},{"type":"Feature","properties":{"c":"2.0","o":"Deloitte Restructuring Inc. - 100%","e":"2029-03-31"},"geometry":{"type":"Polygon","coordinates":[[[-132.99206,62.19284],[-132.99945,62.1965],[-132.99844,62.19694],[-132.99201,62.19697],[-132.99206,62.19284]]]}},{"type":"Feature","properties":{"c":"5.0","o":"Deloitte Restructuring Inc. - 100%","e":"2029-03-31"},"geometry":{"type":"Polygon","coordinates":[[[-132.93233,62.21273],[-132.93223,62.20865],[-132.941,62.20864],[-132.9411,62.21272],[-132.93233,62.21273]]]}},{"type":"Feature","properties":{"c":"9.0","o":"Golden Predator Mining Corp - 100%","e":"2042-12-27"},"geometry":{"type":"Polygon","coordinates":[[[-132.86855,62.0716],[-132.86331,62.07487],[-132.85621,62.07244],[-132.86146,62.06916],[-132.86855,62.0716]]]}},{"type":"Feature","properties":{"c":"205.0","o":"Silver Range Resources Ltd. - 100%","e":"2031-03-13"},"geometry":{"type":"Polygon","coordinates":[[[-132.53815,62.35212],[-132.54477,62.35484],[-132.53908,62.35789],[-132.53246,62.35518],[-132.53534,62.35363],[-132.53815,62.35212]]]}},{"type":"Feature","properties":{"c":"308.0","o":"Silver Range Resources Ltd. - 100%","e":"2042-03-13"},"geometry":{"type":"Polygon","coordinates":[[[-132.84442,62.45539],[-132.8511,62.45809],[-132.84526,62.46117],[-132.83859,62.45847],[-132.84442,62.45539]]]}},{"type":"Feature","properties":{"c":"19.0","o":"Deloitte Restructuring Inc. - 100%","e":"2029-03-31"},"geometry":{"type":"Polygon","coordinates":[[[-132.66432,62.20494],[-132.66422,62.2009],[-132.673,62.20086],[-132.6731,62.20489],[-132.66432,62.20494]]]}},{"type":"Feature","properties":{"c":"152.0","o":"Silver Range Resources Ltd. - 100%","e":"2031-03-13"},"geometry":{"type":"Polygon","coordinates":[[[-132.55045,62.35178],[-132.55707,62.35449],[-132.55139,62.35755],[-132.54477,62.35484],[-132.54779,62.35321],[-132.55045,62.35178]]]}},{"type":"Feature","properties":{"c":"9.0","o":"Deloitte Restructuring Inc. - 100%","e":"2029-03-31"},"geometry":{"type":"Polygon","coordinates":[[[-132.91468,62.20869],[-132.92345,62.20867],[-132.92356,62.21274],[-132.9148,62.21275],[-132.91468,62.20869]]]}},{"type":"Feature","properties":{"c":"78.0","o":"Deloitte Restructuring Inc. - 100%","e":"2029-03-31"},"geometry":{"type":"Polygon","coordinates":[[[-132.89231,62.15567],[-132.89259,62.15155],[-132.90132,62.15172],[-132.90104,62.15585],[-132.89231,62.15567]]]}},{"type":"Feature","properties":{"c":"47.0","o":"Deloitte Restructuring Inc. - 100%","e":"2029-03-31"},"geometry":{"type":"Polygon","coordinates":[[[-132.93085,62.18502],[-132.94015,62.18501],[-132.94028,62.189],[-132.93107,62.18902],[-132.93085,62.18502]]]}},{"type":"Feature","properties":{"c":"272.0","o":"Silver Range Resources Ltd. - 100%","e":"2042-03-13"},"geometry":{"type":"Polygon","coordinates":[[[-132.82608,62.45886],[-132.83275,62.46156],[-132.82691,62.46464],[-132.82024,62.46194],[-132.82608,62.45886]]]}},{"type":"Feature","properties":{"c":"572.0","o":"Silver Range Resources Ltd. - 100%","e":"2031-03-13"},"geometry":{"type":"Polygon","coordinates":[[[-132.75898,62.42612],[-132.76554,62.42878],[-132.75986,62.43184],[-132.75331,62.42918],[-132.75844,62.42641],[-132.75898,62.42612]]]}},{"type":"Feature","properties":{"c":"285.0","o":"Silver Range Resources Ltd. - 100%","e":"2042-03-13"},"geometry":{"type":"Polygon","coordinates":[[[-132.91205,62.48815],[-132.91873,62.49085],[-132.9129,62.49393],[-132.90621,62.49124],[-132.91205,62.48815]]]}}]}