{"type":"FeatureCollection","features":[{"type":"Feature","properties":{"c":"YF52024","o":"Thi My Linh Pham - 100%","e":"2027-04-01"},"geometry":{"type":"Polygon","coordinates":[[[-136.27067,62.55062],[-136.27735,62.55333],[-136.27147,62.55641],[-136.2648,62.5537],[-136.27067,62.55062]]]}},{"type":"Feature","properties":{"c":"YE95114","o":"Thi My Linh Pham - 100%","e":"2027-04-01"},"geometry":{"type":"Polygon","coordinates":[[[-136.10651,62.50015],[-136.11315,62.50287],[-136.10727,62.50594],[-136.10062,62.50322],[-136.10651,62.50015]]]}},{"type":"Feature","properties":{"c":"YE95032","o":"Thi My Linh Pham - 100%","e":"2027-04-01"},"geometry":{"type":"Polygon","coordinates":[[[-136.1625,62.49566],[-136.16916,62.49837],[-136.16328,62.50145],[-136.15663,62.49873],[-136.1625,62.49566]]]}},{"type":"Feature","properties":{"c":"YF50450","o":"Thi My Linh Pham - 100%","e":"2027-04-01"},"geometry":{"type":"Polygon","coordinates":[[[-136.21145,62.53201],[-136.21811,62.53472],[-136.21223,62.5378],[-136.20557,62.53509],[-136.21145,62.53201]]]}},{"type":"Feature","properties":{"c":"YF50075","o":"Thi My Linh Pham - 100%","e":"2027-04-01"},"geometry":{"type":"Polygon","coordinates":[[[-136.19146,62.52387],[-136.19812,62.52659],[-136.19224,62.52966],[-136.18558,62.52695],[-136.19146,62.52387]]]}},{"type":"Feature","properties":{"c":"YE94907","o":"Thi My Linh Pham - 100%","e":"2027-04-01"},"geometry":{"type":"Polygon","coordinates":[[[-136.27018,62.50126],[-136.27684,62.50397],[-136.27097,62.50704],[-136.26431,62.50433],[-136.27018,62.50126]]]}},{"type":"Feature","properties":{"c":"YE94840","o":"Thi My Linh Pham - 100%","e":"2028-04-01"},"geometry":{"type":"Polygon","coordinates":[[[-136.30486,62.56995],[-136.31154,62.57266],[-136.30567,62.57573],[-136.29899,62.57303],[-136.30486,62.56995]]]}},{"type":"Feature","properties":{"c":"YE95117","o":"Thi My Linh Pham - 100%","e":"2027-04-01"},"geometry":{"type":"Polygon","coordinates":[[[-136.10139,62.50901],[-136.10803,62.51173],[-136.10215,62.51479],[-136.0955,62.51208],[-136.10139,62.50901]]]}},{"type":"Feature","properties":{"c":"YF50093","o":"Thi My Linh Pham - 100%","e":"2027-04-01"},"geometry":{"type":"Polygon","coordinates":[[[-136.24004,62.51085],[-136.2467,62.51356],[-136.24083,62.51664],[-136.23416,62.51393],[-136.24004,62.51085]]]}},{"type":"Feature","properties":{"c":"YE94827","o":"Thi My Linh Pham - 100%","e":"2028-04-01"},"geometry":{"type":"Polygon","coordinates":[[[-136.34678,62.55418],[-136.35346,62.55689],[-136.3476,62.55997],[-136.34091,62.55726],[-136.34678,62.55418]]]}},{"type":"Feature","properties":{"c":"YF52057","o":"Thi My Linh Pham - 100%","e":"2027-04-01"},"geometry":{"type":"Polygon","coordinates":[[[-136.26719,62.57106],[-136.27387,62.57376],[-136.26798,62.57684],[-136.26131,62.57413],[-136.26719,62.57106]]]}},{"type":"Feature","properties":{"c":"YE95010","o":"Thi My Linh Pham - 100%","e":"2027-04-01"},"geometry":{"type":"Polygon","coordinates":[[[-136.12876,62.52566],[-136.13541,62.52838],[-136.12953,62.53145],[-136.12287,62.52873],[-136.12876,62.52566]]]}},{"type":"Feature","properties":{"c":"YE94950","o":"Thi My Linh Pham - 100%","e":"2027-04-01"},"geometry":{"type":"Polygon","coordinates":[[[-136.20674,62.49729],[-136.2134,62.50001],[-136.20753,62.50308],[-136.20087,62.50037],[-136.20674,62.49729]]]}},{"type":"Feature","properties":{"c":"YF50453","o":"Thi My Linh Pham - 100%","e":"2027-04-01"},"geometry":{"type":"Polygon","coordinates":[[[-136.20635,62.54087],[-136.21302,62.54358],[-136.20713,62.54666],[-136.20047,62.54395],[-136.20635,62.54087]]]}},{"type":"Feature","properties":{"c":"YE95118","o":"Thi My Linh Pham - 100%","e":"2027-04-01"},"geometry":{"type":"Polygon","coordinates":[[[-136.09474,62.50629],[-136.10139,62.50901],[-136.0955,62.51208],[-136.08885,62.50936],[-136.09474,62.50629]]]}},{"type":"Feature","properties":{"c":"YE94813","o":"Thi My Linh Pham - 100%","e":"2028-04-01"},"geometry":{"type":"Polygon","coordinates":[[[-136.36015,62.55959],[-136.36683,62.5623],[-136.36096,62.56538],[-136.35428,62.56267],[-136.36015,62.55959]]]}},{"type":"Feature","properties":{"c":"YE94885","o":"Thi My Linh Pham - 100%","e":"2028-04-01"},"geometry":{"type":"Polygon","coordinates":[[[-136.34354,62.53104],[-136.35021,62.53375],[-136.34435,62.53683],[-136.33767,62.53412],[-136.34354,62.53104]]]}},{"type":"Feature","properties":{"c":"YF52071","o":"Thi My Linh Pham - 100%","e":"2027-04-01"},"geometry":{"type":"Polygon","coordinates":[[[-136.30406,62.56416],[-136.31074,62.56687],[-136.30486,62.56995],[-136.29818,62.56724],[-136.30406,62.56416]]]}},{"type":"Feature","properties":{"c":"YF52061","o":"Thi My Linh Pham - 100%","e":"2027-04-01"},"geometry":{"type":"Polygon","coordinates":[[[-136.33342,62.54877],[-136.3401,62.55148],[-136.33423,62.55456],[-136.32755,62.55185],[-136.33342,62.54877]]]}},{"type":"Feature","properties":{"c":"YE95034","o":"Thi My Linh Pham - 100%","e":"2027-04-01"},"geometry":{"type":"Polygon","coordinates":[[[-136.15663,62.49873],[-136.16328,62.50145],[-136.1574,62.50452],[-136.15075,62.5018],[-136.15663,62.49873]]]}},{"type":"Feature","properties":{"c":"YE94836","o":"Thi My Linh Pham - 100%","e":"2028-04-01"},"geometry":{"type":"Polygon","coordinates":[[[-136.31661,62.56379],[-136.3233,62.5665],[-136.31742,62.56958],[-136.31074,62.56687],[-136.31661,62.56379]]]}},{"type":"Feature","properties":{"c":"YF50545","o":"Thi My Linh Pham - 100%","e":"2027-04-01"},"geometry":{"type":"Polygon","coordinates":[[[-136.24048,62.56022],[-136.24716,62.56293],[-136.24128,62.566],[-136.2346,62.56329],[-136.24048,62.56022]]]}},{"type":"Feature","properties":{"c":"YF50553","o":"Thi My Linh Pham - 100%","e":"2027-04-01"},"geometry":{"type":"Polygon","coordinates":[[[-136.31845,62.53179],[-136.32513,62.53449],[-136.31926,62.53757],[-136.31259,62.53486],[-136.31845,62.53179]]]}},{"type":"Feature","properties":{"c":"YE95145","o":"Thi My Linh Pham - 100%","e":"2027-04-01"},"geometry":{"type":"Polygon","coordinates":[[[-136.09986,62.49743],[-136.10651,62.50015],[-136.10062,62.50322],[-136.09398,62.5005],[-136.09986,62.49743]]]}},{"type":"Feature","properties":{"c":"YF50452","o":"Thi My Linh Pham - 100%","e":"2027-04-01"},"geometry":{"type":"Polygon","coordinates":[[[-136.20557,62.53509],[-136.21223,62.5378],[-136.20635,62.54087],[-136.19969,62.53816],[-136.20557,62.53509]]]}},{"type":"Feature","properties":{"c":"YE94969","o":"Thi My Linh Pham - 100%","e":"2027-04-01"},"geometry":{"type":"Polygon","coordinates":[[[-136.15461,62.53074],[-136.16127,62.53345],[-136.15539,62.53652],[-136.14873,62.53381],[-136.15461,62.53074]]]}},{"type":"Feature","properties":{"c":"YE94924","o":"Thi My Linh Pham - 100%","e":"2028-04-01"},"geometry":{"type":"Polygon","coordinates":[[[-136.31443,62.50286],[-136.32109,62.50557],[-136.31523,62.50864],[-136.30856,62.50594],[-136.31443,62.50286]]]}},{"type":"Feature","properties":{"c":"YE94954","o":"Thi My Linh Pham - 100%","e":"2027-04-01"},"geometry":{"type":"Polygon","coordinates":[[[-136.19499,62.50344],[-136.20165,62.50616],[-136.19578,62.50923],[-136.18912,62.50652],[-136.19499,62.50344]]]}},{"type":"Feature","properties":{"c":"YE94857","o":"Thi My Linh Pham - 100%","e":"2027-04-01"},"geometry":{"type":"Polygon","coordinates":[[[-136.21695,62.57251],[-136.22362,62.57523],[-136.21774,62.5783],[-136.21106,62.57559],[-136.21695,62.57251]]]}},{"type":"Feature","properties":{"c":"YF50519","o":"Thi My Linh Pham - 100%","e":"2027-04-01"},"geometry":{"type":"Polygon","coordinates":[[[-136.21537,62.56094],[-136.22205,62.56365],[-136.21616,62.56673],[-136.20949,62.56402],[-136.21537,62.56094]]]}},{"type":"Feature","properties":{"c":"YF50424","o":"Thi My Linh Pham - 100%","e":"2027-04-01"},"geometry":{"type":"Polygon","coordinates":[[[-136.18636,62.53273],[-136.19302,62.53545],[-136.18714,62.53852],[-136.18048,62.53581],[-136.18636,62.53273]]]}},{"type":"Feature","properties":{"c":"YE95081","o":"Thi My Linh Pham - 100%","e":"2027-04-01"},"geometry":{"type":"Polygon","coordinates":[[[-136.11468,62.51444],[-136.12134,62.51716],[-136.11545,62.52023],[-136.1088,62.51751],[-136.11468,62.51444]]]}},{"type":"Feature","properties":{"c":"YF50506","o":"Thi My Linh Pham - 100%","e":"2027-04-01"},"geometry":{"type":"Polygon","coordinates":[[[-136.24987,62.53671],[-136.25654,62.53942],[-136.25066,62.54249],[-136.24399,62.53978],[-136.24987,62.53671]]]}},{"type":"Feature","properties":{"c":"YE94976","o":"Thi My Linh Pham - 100%","e":"2027-04-01"},"geometry":{"type":"Polygon","coordinates":[[[-136.13029,62.53723],[-136.13695,62.53995],[-136.13106,62.54302],[-136.12441,62.54031],[-136.13029,62.53723]]]}},{"type":"Feature","properties":{"c":"YF50066","o":"Thi My Linh Pham - 100%","e":"2027-04-01"},"geometry":{"type":"Polygon","coordinates":[[[-136.21418,62.50579],[-136.22084,62.50851],[-136.21497,62.51158],[-136.20831,62.50887],[-136.21418,62.50579]]]}},{"type":"Feature","properties":{"c":"YE94853","o":"Thi My Linh Pham - 100%","e":"2027-04-01"},"geometry":{"type":"Polygon","coordinates":[[[-136.24207,62.57179],[-136.24874,62.5745],[-136.24286,62.57757],[-136.23618,62.57486],[-136.24207,62.57179]]]}},{"type":"Feature","properties":{"c":"YF50434","o":"Thi My Linh Pham - 100%","e":"2027-04-01"},"geometry":{"type":"Polygon","coordinates":[[[-136.25844,62.50741],[-136.2651,62.51012],[-136.25923,62.5132],[-136.25257,62.51049],[-136.25844,62.50741]]]}},{"type":"Feature","properties":{"c":"YF50467","o":"Thi My Linh Pham - 100%","e":"2027-04-01"},"geometry":{"type":"Polygon","coordinates":[[[-136.26669,62.52169],[-136.27336,62.5244],[-136.26749,62.52748],[-136.26082,62.52477],[-136.26669,62.52169]]]}},{"type":"Feature","properties":{"c":"YF50460","o":"Thi My Linh Pham - 100%","e":"2027-04-01"},"geometry":{"type":"Polygon","coordinates":[[[-136.18204,62.54738],[-136.1887,62.55009],[-136.18282,62.55317],[-136.17615,62.55045],[-136.18204,62.54738]]]}},{"type":"Feature","properties":{"c":"YF52069","o":"Thi My Linh Pham - 100%","e":"2027-04-01"},"geometry":{"type":"Polygon","coordinates":[[[-136.30993,62.56108],[-136.31661,62.56379],[-136.31074,62.56687],[-136.30406,62.56416],[-136.30993,62.56108]]]}},{"type":"Feature","properties":{"c":"YF50415","o":"Thi My Linh Pham - 100%","e":"2027-04-01"},"geometry":{"type":"Polygon","coordinates":[[[-136.21654,62.52315],[-136.2232,62.52586],[-136.21732,62.52894],[-136.21066,62.52623],[-136.21654,62.52315]]]}},{"type":"Feature","properties":{"c":"YF50483","o":"Thi My Linh Pham - 100%","e":"2027-04-01"},"geometry":{"type":"Polygon","coordinates":[[[-136.21968,62.5463],[-136.22635,62.54901],[-136.22047,62.55208],[-136.2138,62.54937],[-136.21968,62.5463]]]}},{"type":"Feature","properties":{"c":"YF50473","o":"Thi My Linh Pham - 100%","e":"2027-04-01"},"geometry":{"type":"Polygon","coordinates":[[[-136.24907,62.53092],[-136.25574,62.53363],[-136.24987,62.53671],[-136.2432,62.534],[-136.24907,62.53092]]]}},{"type":"Feature","properties":{"c":"YF50505","o":"Thi My Linh Pham - 100%","e":"2027-04-01"},"geometry":{"type":"Polygon","coordinates":[[[-136.25654,62.53942],[-136.26321,62.54213],[-136.25733,62.5452],[-136.25066,62.54249],[-136.25654,62.53942]]]}},{"type":"Feature","properties":{"c":"YF50541","o":"Thi My Linh Pham - 100%","e":"2027-04-01"},"geometry":{"type":"Polygon","coordinates":[[[-136.25225,62.55406],[-136.25892,62.55677],[-136.25304,62.55985],[-136.24637,62.55714],[-136.25225,62.55406]]]}},{"type":"Feature","properties":{"c":"YE95115","o":"Thi My Linh Pham - 100%","e":"2027-04-01"},"geometry":{"type":"Polygon","coordinates":[[[-136.10727,62.50594],[-136.11392,62.50866],[-136.10803,62.51173],[-136.10139,62.50901],[-136.10727,62.50594]]]}},{"type":"Feature","properties":{"c":"YE95072","o":"Thi My Linh Pham - 100%","e":"2027-04-01"},"geometry":{"type":"Polygon","coordinates":[[[-136.13745,62.49637],[-136.1441,62.49909],[-136.13822,62.50216],[-136.13157,62.49944],[-136.13745,62.49637]]]}},{"type":"Feature","properties":{"c":"YF50433","o":"Thi My Linh Pham - 100%","e":"2027-04-01"},"geometry":{"type":"Polygon","coordinates":[[[-136.2651,62.51012],[-136.27177,62.51283],[-136.2659,62.51591],[-136.25923,62.5132],[-136.2651,62.51012]]]}},{"type":"Feature","properties":{"c":"YF52039","o":"Thi My Linh Pham - 100%","e":"2027-04-01"},"geometry":{"type":"Polygon","coordinates":[[[-136.32007,62.54336],[-136.32674,62.54606],[-136.32087,62.54914],[-136.3142,62.54644],[-136.32007,62.54336]]]}},{"type":"Feature","properties":{"c":"YE94949","o":"Thi My Linh Pham - 100%","e":"2027-04-01"},"geometry":{"type":"Polygon","coordinates":[[[-136.2134,62.50001],[-136.22006,62.50272],[-136.21418,62.50579],[-136.20753,62.50308],[-136.2134,62.50001]]]}},{"type":"Feature","properties":{"c":"YF50454","o":"Thi My Linh Pham - 100%","e":"2027-04-01"},"geometry":{"type":"Polygon","coordinates":[[[-136.19969,62.53816],[-136.20635,62.54087],[-136.20047,62.54395],[-136.1938,62.54123],[-136.19969,62.53816]]]}},{"type":"Feature","properties":{"c":"YF52059","o":"Thi My Linh Pham - 100%","e":"2027-04-01"},"geometry":{"type":"Polygon","coordinates":[[[-136.34597,62.5484],[-136.3401,62.55148],[-136.33342,62.54877],[-136.33929,62.54569],[-136.34597,62.5484]]]}},{"type":"Feature","properties":{"c":"YE95173","o":"Thi My Linh Pham - 100%","e":"2028-04-01"},"geometry":{"type":"Polygon","coordinates":[[[-136.08069,62.49507],[-136.08733,62.49779],[-136.08145,62.50085],[-136.0748,62.49814],[-136.08069,62.49507]]]}},{"type":"Feature","properties":{"c":"YE94847","o":"Thi My Linh Pham - 100%","e":"2027-04-01"},"geometry":{"type":"Polygon","coordinates":[[[-136.28055,62.57647],[-136.28723,62.57918],[-136.28135,62.58226],[-136.27466,62.57955],[-136.28055,62.57647]]]}},{"type":"Feature","properties":{"c":"YF52050","o":"Thi My Linh Pham - 100%","e":"2027-04-01"},"geometry":{"type":"Polygon","coordinates":[[[-136.28402,62.55604],[-136.2907,62.55875],[-136.28482,62.56182],[-136.27815,62.55912],[-136.28402,62.55604]]]}},{"type":"Feature","properties":{"c":"YE94891","o":"Thi My Linh Pham - 100%","e":"2028-04-01"},"geometry":{"type":"Polygon","coordinates":[[[-136.32351,62.52292],[-136.33019,62.52563],[-136.32432,62.52871],[-136.31765,62.526],[-136.32351,62.52292]]]}},{"type":"Feature","properties":{"c":"YF52028","o":"Thi My Linh Pham - 100%","e":"2027-04-01"},"geometry":{"type":"Polygon","coordinates":[[[-136.25892,62.55677],[-136.26559,62.55948],[-136.25971,62.56256],[-136.25304,62.55985],[-136.25892,62.55677]]]}},{"type":"Feature","properties":{"c":"YF52051","o":"Thi My Linh Pham - 100%","e":"2027-04-01"},"geometry":{"type":"Polygon","coordinates":[[[-136.28482,62.56182],[-136.2915,62.56453],[-136.28563,62.56761],[-136.27895,62.5649],[-136.28482,62.56182]]]}},{"type":"Feature","properties":{"c":"YF50533","o":"Thi My Linh Pham - 100%","e":"2027-04-01"},"geometry":{"type":"Polygon","coordinates":[[[-136.27575,62.54176],[-136.28243,62.54447],[-136.27655,62.54754],[-136.26988,62.54484],[-136.27575,62.54176]]]}},{"type":"Feature","properties":{"c":"YF50442","o":"Thi My Linh Pham - 100%","e":"2027-04-01"},"geometry":{"type":"Polygon","coordinates":[[[-136.23495,62.51971],[-136.24162,62.52242],[-136.23574,62.5255],[-136.22908,62.52279],[-136.23495,62.51971]]]}},{"type":"Feature","properties":{"c":"YF50451","o":"Thi My Linh Pham - 100%","e":"2027-04-01"},"geometry":{"type":"Polygon","coordinates":[[[-136.21223,62.5378],[-136.2189,62.54051],[-136.21302,62.54358],[-136.20635,62.54087],[-136.21223,62.5378]]]}},{"type":"Feature","properties":{"c":"YF52031","o":"Thi My Linh Pham - 100%","e":"2027-04-01"},"geometry":{"type":"Polygon","coordinates":[[[-136.25383,62.56564],[-136.26051,62.56835],[-136.25463,62.57142],[-136.24795,62.56871],[-136.25383,62.56564]]]}},{"type":"Feature","properties":{"c":"YF52041","o":"Thi My Linh Pham - 100%","e":"2027-04-01"},"geometry":{"type":"Polygon","coordinates":[[[-136.3142,62.54644],[-136.32087,62.54914],[-136.315,62.55222],[-136.30832,62.54951],[-136.3142,62.54644]]]}},{"type":"Feature","properties":{"c":"YE94850","o":"Thi My Linh Pham - 100%","e":"2028-04-01"},"geometry":{"type":"Polygon","coordinates":[[[-136.25463,62.57142],[-136.26131,62.57413],[-136.25542,62.57721],[-136.24874,62.5745],[-136.25463,62.57142]]]}},{"type":"Feature","properties":{"c":"YE94883","o":"Thi My Linh Pham - 100%","e":"2028-04-01"},"geometry":{"type":"Polygon","coordinates":[[[-136.33848,62.53991],[-136.34516,62.54261],[-136.33929,62.54569],[-136.33261,62.54298],[-136.33848,62.53991]]]}},{"type":"Feature","properties":{"c":"YF50534","o":"Thi My Linh Pham - 100%","e":"2027-04-01"},"geometry":{"type":"Polygon","coordinates":[[[-136.26908,62.53905],[-136.27575,62.54176],[-136.26988,62.54484],[-136.26321,62.54213],[-136.26908,62.53905]]]}},{"type":"Feature","properties":{"c":"YF52029","o":"Thi My Linh Pham - 100%","e":"2027-04-01"},"geometry":{"type":"Polygon","coordinates":[[[-136.25971,62.56256],[-136.26639,62.56527],[-136.26051,62.56835],[-136.25383,62.56564],[-136.25971,62.56256]]]}},{"type":"Feature","properties":{"c":"YE94818","o":"Thi My Linh Pham - 100%","e":"2028-04-01"},"geometry":{"type":"Polygon","coordinates":[[[-136.34172,62.56305],[-136.34841,62.56575],[-136.34254,62.56883],[-136.33585,62.56613],[-136.34172,62.56305]]]}},{"type":"Feature","properties":{"c":"YE94828","o":"Thi My Linh Pham - 100%","e":"2028-04-01"},"geometry":{"type":"Polygon","coordinates":[[[-136.3401,62.55148],[-136.34678,62.55418],[-136.34091,62.55726],[-136.33423,62.55456],[-136.3401,62.55148]]]}},{"type":"Feature","properties":{"c":"YF50474","o":"Thi My Linh Pham - 100%","e":"2027-04-01"},"geometry":{"type":"Polygon","coordinates":[[[-136.24241,62.52821],[-136.24907,62.53092],[-136.2432,62.534],[-136.23653,62.53129],[-136.24241,62.52821]]]}},{"type":"Feature","properties":{"c":"YF50430","o":"Thi My Linh Pham - 100%","e":"2027-04-01"},"geometry":{"type":"Polygon","coordinates":[[[-136.16871,62.54195],[-136.17537,62.54467],[-136.16949,62.54774],[-136.16282,62.54502],[-136.16871,62.54195]]]}},{"type":"Feature","properties":{"c":"YF50057","o":"Thi My Linh Pham - 100%","e":"2027-04-01"},"geometry":{"type":"Polygon","coordinates":[[[-136.24433,62.4962],[-136.25099,62.49892],[-136.24512,62.50199],[-136.23846,62.49928],[-136.24433,62.4962]]]}},{"type":"Feature","properties":{"c":"YE95071","o":"Thi My Linh Pham - 100%","e":"2027-04-01"},"geometry":{"type":"Polygon","coordinates":[[[-136.1441,62.49909],[-136.15075,62.5018],[-136.14487,62.50488],[-136.13822,62.50216],[-136.1441,62.49909]]]}},{"type":"Feature","properties":{"c":"YE94848","o":"Thi My Linh Pham - 100%","e":"2028-04-01"},"geometry":{"type":"Polygon","coordinates":[[[-136.27975,62.57069],[-136.28643,62.5734],[-136.28055,62.57647],[-136.27387,62.57376],[-136.27975,62.57069]]]}},{"type":"Feature","properties":{"c":"YF50100","o":"Thi My Linh Pham - 100%","e":"2027-04-01"},"geometry":{"type":"Polygon","coordinates":[[[-136.21575,62.51737],[-136.22242,62.52008],[-136.21654,62.52315],[-136.20988,62.52044],[-136.21575,62.51737]]]}},{"type":"Feature","properties":{"c":"YF50523","o":"Thi My Linh Pham - 100%","e":"2027-04-01"},"geometry":{"type":"Polygon","coordinates":[[[-136.30511,62.52637],[-136.31178,62.52908],[-136.30591,62.53216],[-136.29924,62.52945],[-136.30511,62.52637]]]}},{"type":"Feature","properties":{"c":"YF50478","o":"Thi My Linh Pham - 100%","e":"2027-04-01"},"geometry":{"type":"Polygon","coordinates":[[[-136.23065,62.53436],[-136.23732,62.53707],[-136.23144,62.54015],[-136.22478,62.53744],[-136.23065,62.53436]]]}},{"type":"Feature","properties":{"c":"YE94956","o":"Thi My Linh Pham - 100%","e":"2027-04-01"},"geometry":{"type":"Polygon","coordinates":[[[-136.18912,62.50652],[-136.19578,62.50923],[-136.1899,62.5123],[-136.18324,62.50959],[-136.18912,62.50652]]]}},{"type":"Feature","properties":{"c":"YF50466","o":"Thi My Linh Pham - 100%","e":"2027-04-01"},"geometry":{"type":"Polygon","coordinates":[[[-136.2659,62.51591],[-136.27256,62.51862],[-136.26669,62.52169],[-136.26003,62.51898],[-136.2659,62.51591]]]}},{"type":"Feature","properties":{"c":"YF52045","o":"Thi My Linh Pham - 100%","e":"2027-04-01"},"geometry":{"type":"Polygon","coordinates":[[[-136.30245,62.55259],[-136.30913,62.5553],[-136.30325,62.55838],[-136.29658,62.55567],[-136.30245,62.55259]]]}},{"type":"Feature","properties":{"c":"YE95042","o":"Thi My Linh Pham - 100%","e":"2027-04-01"},"geometry":{"type":"Polygon","coordinates":[[[-136.1331,62.51102],[-136.13976,62.51373],[-136.13387,62.5168],[-136.12722,62.51409],[-136.1331,62.51102]]]}},{"type":"Feature","properties":{"c":"YE95112","o":"Thi My Linh Pham - 100%","e":"2027-04-01"},"geometry":{"type":"Polygon","coordinates":[[[-136.11239,62.49708],[-136.11904,62.4998],[-136.11315,62.50287],[-136.10651,62.50015],[-136.11239,62.49708]]]}},{"type":"Feature","properties":{"c":"YF52054","o":"Thi My Linh Pham - 100%","e":"2027-04-01"},"geometry":{"type":"Polygon","coordinates":[[[-136.27227,62.56219],[-136.27895,62.5649],[-136.27307,62.56798],[-136.26639,62.56527],[-136.27227,62.56219]]]}},{"type":"Feature","properties":{"c":"YF50540","o":"Thi My Linh Pham - 100%","e":"2027-04-01"},"geometry":{"type":"Polygon","coordinates":[[[-136.25145,62.54828],[-136.25812,62.55099],[-136.25225,62.55406],[-136.24557,62.55135],[-136.25145,62.54828]]]}},{"type":"Feature","properties":{"c":"YF50082","o":"Thi My Linh Pham - 100%","e":"2027-04-01"},"geometry":{"type":"Polygon","coordinates":[[[-136.16716,62.53038],[-136.17382,62.53309],[-136.16793,62.53617],[-136.16127,62.53345],[-136.16716,62.53038]]]}},{"type":"Feature","properties":{"c":"YE94851","o":"Thi My Linh Pham - 100%","e":"2027-04-01"},"geometry":{"type":"Polygon","coordinates":[[[-136.24874,62.5745],[-136.25542,62.57721],[-136.24954,62.58028],[-136.24286,62.57757],[-136.24874,62.5745]]]}},{"type":"Feature","properties":{"c":"YE94855","o":"Thi My Linh Pham - 100%","e":"2028-04-01"},"geometry":{"type":"Polygon","coordinates":[[[-136.23539,62.56908],[-136.24207,62.57179],[-136.23618,62.57486],[-136.22951,62.57215],[-136.23539,62.56908]]]}},{"type":"Feature","properties":{"c":"YE94821","o":"Thi My Linh Pham - 100%","e":"2028-04-01"},"geometry":{"type":"Polygon","coordinates":[[[-136.33666,62.57191],[-136.34335,62.57462],[-136.33747,62.5777],[-136.33079,62.57499],[-136.33666,62.57191]]]}},{"type":"Feature","properties":{"c":"YE94890","o":"Thi My Linh Pham - 100%","e":"2027-04-01"},"geometry":{"type":"Polygon","coordinates":[[[-136.33605,62.52255],[-136.34273,62.52525],[-136.33686,62.52833],[-136.33019,62.52563],[-136.33605,62.52255]]]}},{"type":"Feature","properties":{"c":"YF50438","o":"Thi My Linh Pham - 100%","e":"2027-04-01"},"geometry":{"type":"Polygon","coordinates":[[[-136.2467,62.51356],[-136.25336,62.51627],[-136.24749,62.51935],[-136.24083,62.51664],[-136.2467,62.51356]]]}},{"type":"Feature","properties":{"c":"YF50507","o":"Thi My Linh Pham - 100%","e":"2027-04-01"},"geometry":{"type":"Polygon","coordinates":[[[-136.25066,62.54249],[-136.25733,62.5452],[-136.25145,62.54828],[-136.24478,62.54557],[-136.25066,62.54249]]]}},{"type":"Feature","properties":{"c":"YE94822","o":"Thi My Linh Pham - 100%","e":"2028-04-01"},"geometry":{"type":"Polygon","coordinates":[[[-136.32998,62.56921],[-136.33666,62.57191],[-136.33079,62.57499],[-136.3241,62.57228],[-136.32998,62.56921]]]}},{"type":"Feature","properties":{"c":"YF52035","o":"Thi My Linh Pham - 100%","e":"2027-04-01"},"geometry":{"type":"Polygon","coordinates":[[[-136.3318,62.5372],[-136.33848,62.53991],[-136.33261,62.54298],[-136.32594,62.54028],[-136.3318,62.5372]]]}},{"type":"Feature","properties":{"c":"YE94972","o":"Thi My Linh Pham - 100%","e":"2027-04-01"},"geometry":{"type":"Polygon","coordinates":[[[-136.14207,62.53109],[-136.14873,62.53381],[-136.14284,62.53688],[-136.13618,62.53416],[-136.14207,62.53109]]]}},{"type":"Feature","properties":{"c":"YE94812","o":"Thi My Linh Pham - 100%","e":"2028-04-01"},"geometry":{"type":"Polygon","coordinates":[[[-136.35933,62.55381],[-136.36602,62.55651],[-136.36015,62.55959],[-136.35346,62.55689],[-136.35933,62.55381]]]}},{"type":"Feature","properties":{"c":"YE95043","o":"Thi My Linh Pham - 100%","e":"2027-04-01"},"geometry":{"type":"Polygon","coordinates":[[[-136.13387,62.5168],[-136.14053,62.51952],[-136.13464,62.52259],[-136.12799,62.51988],[-136.13387,62.5168]]]}},{"type":"Feature","properties":{"c":"YF52066","o":"Thi My Linh Pham - 100%","e":"2027-04-01"},"geometry":{"type":"Polygon","coordinates":[[[-136.315,62.55222],[-136.32168,62.55493],[-136.31581,62.55801],[-136.30913,62.5553],[-136.315,62.55222]]]}},{"type":"Feature","properties":{"c":"YF52073","o":"Thi My Linh Pham - 100%","e":"2027-04-01"},"geometry":{"type":"Polygon","coordinates":[[[-136.29818,62.56724],[-136.30486,62.56995],[-136.29899,62.57303],[-136.2923,62.57032],[-136.29818,62.56724]]]}},{"type":"Feature","properties":{"c":"YE94958","o":"Thi My Linh Pham - 100%","e":"2027-04-01"},"geometry":{"type":"Polygon","coordinates":[[[-136.18324,62.50959],[-136.1899,62.5123],[-136.18402,62.51538],[-136.17736,62.51266],[-136.18324,62.50959]]]}},{"type":"Feature","properties":{"c":"YF50416","o":"Thi My Linh Pham - 100%","e":"2027-04-01"},"geometry":{"type":"Polygon","coordinates":[[[-136.20988,62.52044],[-136.21654,62.52315],[-136.21066,62.52623],[-136.204,62.52351],[-136.20988,62.52044]]]}},{"type":"Feature","properties":{"c":"YF50446","o":"Thi My Linh Pham - 100%","e":"2027-04-01"},"geometry":{"type":"Polygon","coordinates":[[[-136.2232,62.52586],[-136.22987,62.52857],[-136.22399,62.53165],[-136.21732,62.52894],[-136.2232,62.52586]]]}},{"type":"Feature","properties":{"c":"YF52037","o":"Thi My Linh Pham - 100%","e":"2027-04-01"},"geometry":{"type":"Polygon","coordinates":[[[-136.32594,62.54028],[-136.33261,62.54298],[-136.32674,62.54606],[-136.32007,62.54336],[-136.32594,62.54028]]]}},{"type":"Feature","properties":{"c":"YF50456","o":"Thi My Linh Pham - 100%","e":"2027-04-01"},"geometry":{"type":"Polygon","coordinates":[[[-136.1938,62.54123],[-136.20047,62.54395],[-136.19459,62.54702],[-136.18792,62.54431],[-136.1938,62.54123]]]}},{"type":"Feature","properties":{"c":"YF50455","o":"Thi My Linh Pham - 100%","e":"2027-04-01"},"geometry":{"type":"Polygon","coordinates":[[[-136.20047,62.54395],[-136.20713,62.54666],[-136.20125,62.54973],[-136.19459,62.54702],[-136.20047,62.54395]]]}},{"type":"Feature","properties":{"c":"YE95143","o":"Thi My Linh Pham - 100%","e":"2027-04-01"},"geometry":{"type":"Polygon","coordinates":[[[-136.10574,62.49436],[-136.11239,62.49708],[-136.10651,62.50015],[-136.09986,62.49743],[-136.10574,62.49436]]]}},{"type":"Feature","properties":{"c":"YE94990","o":"Thi My Linh Pham - 100%","e":"2027-04-01"},"geometry":{"type":"Polygon","coordinates":[[[-136.18756,62.49494],[-136.19421,62.49766],[-136.18834,62.50073],[-136.18169,62.49802],[-136.18756,62.49494]]]}},{"type":"Feature","properties":{"c":"YE94846","o":"Thi My Linh Pham - 100%","e":"2027-04-01"},"geometry":{"type":"Polygon","coordinates":[[[-136.28643,62.5734],[-136.29311,62.5761],[-136.28723,62.57918],[-136.28055,62.57647],[-136.28643,62.5734]]]}},{"type":"Feature","properties":{"c":"YF50076","o":"Thi My Linh Pham - 100%","e":"2027-04-01"},"geometry":{"type":"Polygon","coordinates":[[[-136.1848,62.52116],[-136.19146,62.52387],[-136.18558,62.52695],[-136.17892,62.52423],[-136.1848,62.52116]]]}},{"type":"Feature","properties":{"c":"YF50551","o":"Thi My Linh Pham - 100%","e":"2027-04-01"},"geometry":{"type":"Polygon","coordinates":[[[-136.32432,62.52871],[-136.331,62.53141],[-136.32513,62.53449],[-136.31845,62.53179],[-136.32432,62.52871]]]}},{"type":"Feature","properties":{"c":"YF52036","o":"Thi My Linh Pham - 100%","e":"2027-04-01"},"geometry":{"type":"Polygon","coordinates":[[[-136.32513,62.53449],[-136.3318,62.5372],[-136.32594,62.54028],[-136.31926,62.53757],[-136.32513,62.53449]]]}},{"type":"Feature","properties":{"c":"YF50518","o":"Thi My Linh Pham - 100%","e":"2027-04-01"},"geometry":{"type":"Polygon","coordinates":[[[-136.21459,62.55516],[-136.22126,62.55787],[-136.21537,62.56094],[-136.2087,62.55823],[-136.21459,62.55516]]]}},{"type":"Feature","properties":{"c":"YF50437","o":"Thi My Linh Pham - 100%","e":"2027-04-01"},"geometry":{"type":"Polygon","coordinates":[[[-136.25336,62.51627],[-136.26003,62.51898],[-136.25416,62.52206],[-136.24749,62.51935],[-136.25336,62.51627]]]}},{"type":"Feature","properties":{"c":"YF50515","o":"Thi My Linh Pham - 100%","e":"2027-04-01"},"geometry":{"type":"Polygon","coordinates":[[[-136.22714,62.55479],[-136.23381,62.5575],[-136.22793,62.56058],[-136.22126,62.55787],[-136.22714,62.55479]]]}},{"type":"Feature","properties":{"c":"YE94994","o":"Thi My Linh Pham - 100%","e":"2027-04-01"},"geometry":{"type":"Polygon","coordinates":[[[-136.17581,62.50109],[-136.18246,62.5038],[-136.17659,62.50688],[-136.16993,62.50416],[-136.17581,62.50109]]]}},{"type":"Feature","properties":{"c":"YE95035","o":"Thi My Linh Pham - 100%","e":"2027-04-01"},"geometry":{"type":"Polygon","coordinates":[[[-136.1574,62.50452],[-136.16405,62.50723],[-136.15817,62.51031],[-136.15152,62.50759],[-136.1574,62.50452]]]}},{"type":"Feature","properties":{"c":"YF52072","o":"Thi My Linh Pham - 100%","e":"2027-04-01"},"geometry":{"type":"Polygon","coordinates":[[[-136.29738,62.56146],[-136.30406,62.56416],[-136.29818,62.56724],[-136.2915,62.56453],[-136.29738,62.56146]]]}},{"type":"Feature","properties":{"c":"YF50472","o":"Thi My Linh Pham - 100%","e":"2027-04-01"},"geometry":{"type":"Polygon","coordinates":[[[-136.24828,62.52514],[-136.25495,62.52785],[-136.24907,62.53092],[-136.24241,62.52821],[-136.24828,62.52514]]]}},{"type":"Feature","properties":{"c":"YE95069","o":"Thi My Linh Pham - 100%","e":"2027-04-01"},"geometry":{"type":"Polygon","coordinates":[[[-136.14998,62.49602],[-136.15663,62.49873],[-136.15075,62.5018],[-136.1441,62.49909],[-136.14998,62.49602]]]}},{"type":"Feature","properties":{"c":"YE94845","o":"Thi My Linh Pham - 100%","e":"2027-04-01"},"geometry":{"type":"Polygon","coordinates":[[[-136.28723,62.57918],[-136.29391,62.58189],[-136.28803,62.58497],[-136.28135,62.58226],[-136.28723,62.57918]]]}},{"type":"Feature","properties":{"c":"YF50077","o":"Thi My Linh Pham - 100%","e":"2027-04-01"},"geometry":{"type":"Polygon","coordinates":[[[-136.18558,62.52695],[-136.19224,62.52966],[-136.18636,62.53273],[-136.1797,62.53002],[-136.18558,62.52695]]]}},{"type":"Feature","properties":{"c":"YE95014","o":"Thi My Linh Pham - 100%","e":"2027-04-01"},"geometry":{"type":"Polygon","coordinates":[[[-136.11698,62.5318],[-136.12364,62.53452],[-136.11775,62.53759],[-136.11109,62.53487],[-136.11698,62.5318]]]}},{"type":"Feature","properties":{"c":"YF50528","o":"Thi My Linh Pham - 100%","e":"2027-04-01"},"geometry":{"type":"Polygon","coordinates":[[[-136.2867,62.52982],[-136.29337,62.53253],[-136.2875,62.53561],[-136.28083,62.5329],[-136.2867,62.52982]]]}},{"type":"Feature","properties":{"c":"YE94897","o":"Thi My Linh Pham - 100%","e":"2027-04-01"},"geometry":{"type":"Polygon","coordinates":[[[-136.3035,62.5148],[-136.31017,62.51751],[-136.30431,62.52059],[-136.29764,62.51788],[-136.3035,62.5148]]]}},{"type":"Feature","properties":{"c":"YF50068","o":"Thi My Linh Pham - 100%","e":"2027-04-01"},"geometry":{"type":"Polygon","coordinates":[[[-136.20831,62.50887],[-136.21497,62.51158],[-136.20909,62.51465],[-136.20243,62.51194],[-136.20831,62.50887]]]}},{"type":"Feature","properties":{"c":"YF50063","o":"Thi My Linh Pham - 100%","e":"2027-04-01"},"geometry":{"type":"Polygon","coordinates":[[[-136.22672,62.50543],[-136.23337,62.50814],[-136.2275,62.51122],[-136.22084,62.50851],[-136.22672,62.50543]]]}},{"type":"Feature","properties":{"c":"YF50531","o":"Thi My Linh Pham - 100%","e":"2027-04-01"},"geometry":{"type":"Polygon","coordinates":[[[-136.28163,62.53868],[-136.2883,62.54139],[-136.28243,62.54447],[-136.27575,62.54176],[-136.28163,62.53868]]]}},{"type":"Feature","properties":{"c":"YE94948","o":"Thi My Linh Pham - 100%","e":"2027-04-01"},"geometry":{"type":"Polygon","coordinates":[[[-136.21261,62.49422],[-136.21927,62.49693],[-136.2134,62.50001],[-136.20674,62.49729],[-136.21261,62.49422]]]}},{"type":"Feature","properties":{"c":"YF50419","o":"Thi My Linh Pham - 100%","e":"2027-04-01"},"geometry":{"type":"Polygon","coordinates":[[[-136.20478,62.5293],[-136.21145,62.53201],[-136.20557,62.53509],[-136.1989,62.53237],[-136.20478,62.5293]]]}},{"type":"Feature","properties":{"c":"YF52048","o":"Thi My Linh Pham - 100%","e":"2027-04-01"},"geometry":{"type":"Polygon","coordinates":[[[-136.2899,62.55296],[-136.29658,62.55567],[-136.2907,62.55875],[-136.28402,62.55604],[-136.2899,62.55296]]]}},{"type":"Feature","properties":{"c":"YF50448","o":"Thi My Linh Pham - 100%","e":"2027-04-01"},"geometry":{"type":"Polygon","coordinates":[[[-136.21732,62.52894],[-136.22399,62.53165],[-136.21811,62.53472],[-136.21145,62.53201],[-136.21732,62.52894]]]}},{"type":"Feature","properties":{"c":"YE95013","o":"Thi My Linh Pham - 100%","e":"2027-04-01"},"geometry":{"type":"Polygon","coordinates":[[[-136.12364,62.53452],[-136.13029,62.53723],[-136.12441,62.54031],[-136.11775,62.53759],[-136.12364,62.53452]]]}},{"type":"Feature","properties":{"c":"YF50527","o":"Thi My Linh Pham - 100%","e":"2027-04-01"},"geometry":{"type":"Polygon","coordinates":[[[-136.29337,62.53253],[-136.30004,62.53524],[-136.29417,62.53831],[-136.2875,62.53561],[-136.29337,62.53253]]]}},{"type":"Feature","properties":{"c":"YF50441","o":"Thi My Linh Pham - 100%","e":"2027-04-01"},"geometry":{"type":"Polygon","coordinates":[[[-136.24162,62.52242],[-136.24828,62.52514],[-136.24241,62.52821],[-136.23574,62.5255],[-136.24162,62.52242]]]}},{"type":"Feature","properties":{"c":"YF50509","o":"Thi My Linh Pham - 100%","e":"2027-04-01"},"geometry":{"type":"Polygon","coordinates":[[[-136.24478,62.54557],[-136.25145,62.54828],[-136.24557,62.55135],[-136.2389,62.54864],[-136.24478,62.54557]]]}},{"type":"Feature","properties":{"c":"YE94826","o":"Thi My Linh Pham - 100%","e":"2028-04-01"},"geometry":{"type":"Polygon","coordinates":[[[-136.34597,62.5484],[-136.35265,62.5511],[-136.34678,62.55418],[-136.3401,62.55148],[-136.34597,62.5484]]]}},{"type":"Feature","properties":{"c":"YF50420","o":"Thi My Linh Pham - 100%","e":"2027-04-01"},"geometry":{"type":"Polygon","coordinates":[[[-136.19812,62.52659],[-136.20478,62.5293],[-136.1989,62.53237],[-136.19224,62.52966],[-136.19812,62.52659]]]}},{"type":"Feature","properties":{"c":"YE95121","o":"Thi My Linh Pham - 100%","e":"2027-04-01"},"geometry":{"type":"Polygon","coordinates":[[[-136.08961,62.51515],[-136.09626,62.51786],[-136.09037,62.52093],[-136.08372,62.51822],[-136.08961,62.51515]]]}},{"type":"Feature","properties":{"c":"YF52053","o":"Thi My Linh Pham - 100%","e":"2027-04-01"},"geometry":{"type":"Polygon","coordinates":[[[-136.27895,62.5649],[-136.28563,62.56761],[-136.27975,62.57069],[-136.27307,62.56798],[-136.27895,62.5649]]]}},{"type":"Feature","properties":{"c":"YE94817","o":"Thi My Linh Pham - 100%","e":"2028-04-01"},"geometry":{"type":"Polygon","coordinates":[[[-136.34841,62.56575],[-136.35509,62.56846],[-136.34922,62.57154],[-136.34254,62.56883],[-136.34841,62.56575]]]}},{"type":"Feature","properties":{"c":"YE95033","o":"Thi My Linh Pham - 100%","e":"2027-04-01"},"geometry":{"type":"Polygon","coordinates":[[[-136.16328,62.50145],[-136.16993,62.50416],[-136.16405,62.50723],[-136.1574,62.50452],[-136.16328,62.50145]]]}},{"type":"Feature","properties":{"c":"YE95006","o":"Thi My Linh Pham - 100%","e":"2027-04-01"},"geometry":{"type":"Polygon","coordinates":[[[-136.14053,62.51952],[-136.14718,62.52224],[-136.1413,62.52531],[-136.13464,62.52259],[-136.14053,62.51952]]]}},{"type":"Feature","properties":{"c":"YF50059","o":"Thi My Linh Pham - 100%","e":"2027-04-01"},"geometry":{"type":"Polygon","coordinates":[[[-136.23846,62.49928],[-136.24512,62.50199],[-136.23925,62.50507],[-136.23259,62.50236],[-136.23846,62.49928]]]}},{"type":"Feature","properties":{"c":"YE94902","o":"Thi My Linh Pham - 100%","e":"2028-04-01"},"geometry":{"type":"Polygon","coordinates":[[[-136.29603,62.50631],[-136.3027,62.50901],[-136.29683,62.51209],[-136.29017,62.50938],[-136.29603,62.50631]]]}},{"type":"Feature","properties":{"c":"YE95036","o":"Thi My Linh Pham - 100%","e":"2027-04-01"},"geometry":{"type":"Polygon","coordinates":[[[-136.15075,62.5018],[-136.1574,62.50452],[-136.15152,62.50759],[-136.14487,62.50488],[-136.15075,62.5018]]]}},{"type":"Feature","properties":{"c":"YF50508","o":"Thi My Linh Pham - 100%","e":"2027-04-01"},"geometry":{"type":"Polygon","coordinates":[[[-136.24399,62.53978],[-136.25066,62.54249],[-136.24478,62.54557],[-136.23811,62.54286],[-136.24399,62.53978]]]}},{"type":"Feature","properties":{"c":"YF50490","o":"Thi My Linh Pham - 100%","e":"2027-04-01"},"geometry":{"type":"Polygon","coordinates":[[[-136.19537,62.55281],[-136.20204,62.55552],[-136.19615,62.55859],[-136.18948,62.55588],[-136.19537,62.55281]]]}},{"type":"Feature","properties":{"c":"YE95011","o":"Thi My Linh Pham - 100%","e":"2027-04-01"},"geometry":{"type":"Polygon","coordinates":[[[-136.12953,62.53145],[-136.13618,62.53416],[-136.13029,62.53723],[-136.12364,62.53452],[-136.12953,62.53145]]]}},{"type":"Feature","properties":{"c":"YE95120","o":"Thi My Linh Pham - 100%","e":"2027-04-01"},"geometry":{"type":"Polygon","coordinates":[[[-136.08885,62.50936],[-136.0955,62.51208],[-136.08961,62.51515],[-136.08296,62.51243],[-136.08885,62.50936]]]}},{"type":"Feature","properties":{"c":"YF50489","o":"Thi My Linh Pham - 100%","e":"2027-04-01"},"geometry":{"type":"Polygon","coordinates":[[[-136.20204,62.55552],[-136.2087,62.55823],[-136.20282,62.5613],[-136.19615,62.55859],[-136.20204,62.55552]]]}},{"type":"Feature","properties":{"c":"YF50443","o":"Thi My Linh Pham - 100%","e":"2027-04-01"},"geometry":{"type":"Polygon","coordinates":[[[-136.23574,62.5255],[-136.24241,62.52821],[-136.23653,62.53129],[-136.22987,62.52857],[-136.23574,62.5255]]]}},{"type":"Feature","properties":{"c":"YE95012","o":"Thi My Linh Pham - 100%","e":"2027-04-01"},"geometry":{"type":"Polygon","coordinates":[[[-136.12287,62.52873],[-136.12953,62.53145],[-136.12364,62.53452],[-136.11698,62.5318],[-136.12287,62.52873]]]}},{"type":"Feature","properties":{"c":"YE94833","o":"Thi My Linh Pham - 100%","e":"2028-04-01"},"geometry":{"type":"Polygon","coordinates":[[[-136.32917,62.56342],[-136.33585,62.56613],[-136.32998,62.56921],[-136.3233,62.5665],[-136.32917,62.56342]]]}},{"type":"Feature","properties":{"c":"YF50457","o":"Thi My Linh Pham - 100%","e":"2027-04-01"},"geometry":{"type":"Polygon","coordinates":[[[-136.19459,62.54702],[-136.20125,62.54973],[-136.19537,62.55281],[-136.1887,62.55009],[-136.19459,62.54702]]]}},{"type":"Feature","properties":{"c":"YF50074","o":"Thi My Linh Pham - 100%","e":"2027-04-01"},"geometry":{"type":"Polygon","coordinates":[[[-136.19068,62.51809],[-136.19734,62.5208],[-136.19146,62.52387],[-136.1848,62.52116],[-136.19068,62.51809]]]}},{"type":"Feature","properties":{"c":"YF52068","o":"Thi My Linh Pham - 100%","e":"2027-04-01"},"geometry":{"type":"Polygon","coordinates":[[[-136.30913,62.5553],[-136.31581,62.55801],[-136.30993,62.56108],[-136.30325,62.55838],[-136.30913,62.5553]]]}},{"type":"Feature","properties":{"c":"YE95031","o":"Thi My Linh Pham - 100%","e":"2027-04-01"},"geometry":{"type":"Polygon","coordinates":[[[-136.16916,62.49837],[-136.17581,62.50109],[-136.16993,62.50416],[-136.16328,62.50145],[-136.16916,62.49837]]]}},{"type":"Feature","properties":{"c":"YF50525","o":"Thi My Linh Pham - 100%","e":"2027-04-01"},"geometry":{"type":"Polygon","coordinates":[[[-136.29924,62.52945],[-136.30591,62.53216],[-136.30004,62.53524],[-136.29337,62.53253],[-136.29924,62.52945]]]}},{"type":"Feature","properties":{"c":"YE94966","o":"Thi My Linh Pham - 100%","e":"2027-04-01"},"geometry":{"type":"Polygon","coordinates":[[[-136.15972,62.52188],[-136.16638,62.52459],[-136.1605,62.52767],[-136.15384,62.52495],[-136.15972,62.52188]]]}},{"type":"Feature","properties":{"c":"YF50095","o":"Thi My Linh Pham - 100%","e":"2027-04-01"},"geometry":{"type":"Polygon","coordinates":[[[-136.23416,62.51393],[-136.24083,62.51664],[-136.23495,62.51971],[-136.22829,62.517],[-136.23416,62.51393]]]}},{"type":"Feature","properties":{"c":"YF50544","o":"Thi My Linh Pham - 100%","e":"2027-04-01"},"geometry":{"type":"Polygon","coordinates":[[[-136.23969,62.55443],[-136.24637,62.55714],[-136.24048,62.56022],[-136.23381,62.5575],[-136.23969,62.55443]]]}},{"type":"Feature","properties":{"c":"YF50492","o":"Thi My Linh Pham - 100%","e":"2027-04-01"},"geometry":{"type":"Polygon","coordinates":[[[-136.29097,62.51517],[-136.29764,62.51788],[-136.29177,62.52096],[-136.2851,62.51825],[-136.29097,62.51517]]]}},{"type":"Feature","properties":{"c":"YF52033","o":"Thi My Linh Pham - 100%","e":"2027-04-01"},"geometry":{"type":"Polygon","coordinates":[[[-136.33767,62.53412],[-136.34435,62.53683],[-136.33848,62.53991],[-136.3318,62.5372],[-136.33767,62.53412]]]}},{"type":"Feature","properties":{"c":"YF50487","o":"Thi My Linh Pham - 100%","e":"2027-04-01"},"geometry":{"type":"Polygon","coordinates":[[[-136.20792,62.55244],[-136.21459,62.55516],[-136.2087,62.55823],[-136.20204,62.55552],[-136.20792,62.55244]]]}},{"type":"Feature","properties":{"c":"YE94852","o":"Thi My Linh Pham - 100%","e":"2028-04-01"},"geometry":{"type":"Polygon","coordinates":[[[-136.24795,62.56871],[-136.25463,62.57142],[-136.24874,62.5745],[-136.24207,62.57179],[-136.24795,62.56871]]]}},{"type":"Feature","properties":{"c":"YF50470","o":"Thi My Linh Pham - 100%","e":"2027-04-01"},"geometry":{"type":"Polygon","coordinates":[[[-136.25416,62.52206],[-136.26082,62.52477],[-136.25495,62.52785],[-136.24828,62.52514],[-136.25416,62.52206]]]}},{"type":"Feature","properties":{"c":"YF52064","o":"Thi My Linh Pham - 100%","e":"2027-04-01"},"geometry":{"type":"Polygon","coordinates":[[[-136.32087,62.54914],[-136.32755,62.55185],[-136.32168,62.55493],[-136.315,62.55222],[-136.32087,62.54914]]]}},{"type":"Feature","properties":{"c":"YE94892","o":"Thi My Linh Pham - 100%","e":"2027-04-01"},"geometry":{"type":"Polygon","coordinates":[[[-136.32938,62.51984],[-136.33605,62.52255],[-136.33019,62.52563],[-136.32351,62.52292],[-136.32938,62.51984]]]}},{"type":"Feature","properties":{"c":"YE94989","o":"Thi My Linh Pham - 100%","e":"2027-04-01"},"geometry":{"type":"Polygon","coordinates":[[[-136.19421,62.49766],[-136.20087,62.50037],[-136.19499,62.50344],[-136.18834,62.50073],[-136.19421,62.49766]]]}},{"type":"Feature","properties":{"c":"YE94832","o":"Thi My Linh Pham - 100%","e":"2028-04-01"},"geometry":{"type":"Polygon","coordinates":[[[-136.32836,62.55763],[-136.33504,62.56034],[-136.32917,62.56342],[-136.32249,62.56071],[-136.32836,62.55763]]]}},{"type":"Feature","properties":{"c":"YE94824","o":"Thi My Linh Pham - 100%","e":"2028-04-01"},"geometry":{"type":"Polygon","coordinates":[[[-136.35184,62.54532],[-136.35852,62.54802],[-136.35265,62.5511],[-136.34597,62.5484],[-136.35184,62.54532]]]}},{"type":"Feature","properties":{"c":"YF50486","o":"Thi My Linh Pham - 100%","e":"2027-04-01"},"geometry":{"type":"Polygon","coordinates":[[[-136.20713,62.54666],[-136.2138,62.54937],[-136.20792,62.55244],[-136.20125,62.54973],[-136.20713,62.54666]]]}},{"type":"Feature","properties":{"c":"YF50511","o":"Thi My Linh Pham - 100%","e":"2027-04-01"},"geometry":{"type":"Polygon","coordinates":[[[-136.2389,62.54864],[-136.24557,62.55135],[-136.23969,62.55443],[-136.23302,62.55172],[-136.2389,62.54864]]]}},{"type":"Feature","properties":{"c":"YF52046","o":"Thi My Linh Pham - 100%","e":"2027-04-01"},"geometry":{"type":"Polygon","coordinates":[[[-136.29577,62.54988],[-136.30245,62.55259],[-136.29658,62.55567],[-136.2899,62.55296],[-136.29577,62.54988]]]}},{"type":"Feature","properties":{"c":"YF50421","o":"Thi My Linh Pham - 100%","e":"2027-04-01"},"geometry":{"type":"Polygon","coordinates":[[[-136.1989,62.53237],[-136.20557,62.53509],[-136.19969,62.53816],[-136.19302,62.53545],[-136.1989,62.53237]]]}},{"type":"Feature","properties":{"c":"YF50098","o":"Thi My Linh Pham - 100%","e":"2027-04-01"},"geometry":{"type":"Polygon","coordinates":[[[-136.22163,62.51429],[-136.22829,62.517],[-136.22242,62.52008],[-136.21575,62.51737],[-136.22163,62.51429]]]}},{"type":"Feature","properties":{"c":"YE94960","o":"Thi My Linh Pham - 100%","e":"2027-04-01"},"geometry":{"type":"Polygon","coordinates":[[[-136.17736,62.51266],[-136.18402,62.51538],[-136.17814,62.51845],[-136.17148,62.51573],[-136.17736,62.51266]]]}},{"type":"Feature","properties":{"c":"YF50468","o":"Thi My Linh Pham - 100%","e":"2027-04-01"},"geometry":{"type":"Polygon","coordinates":[[[-136.26003,62.51898],[-136.26669,62.52169],[-136.26082,62.52477],[-136.25416,62.52206],[-136.26003,62.51898]]]}},{"type":"Feature","properties":{"c":"YE95084","o":"Thi My Linh Pham - 100%","e":"2027-04-01"},"geometry":{"type":"Polygon","coordinates":[[[-136.10215,62.51479],[-136.1088,62.51751],[-136.10291,62.52058],[-136.09626,62.51786],[-136.10215,62.51479]]]}},{"type":"Feature","properties":{"c":"YE94974","o":"Thi My Linh Pham - 100%","e":"2027-04-01"},"geometry":{"type":"Polygon","coordinates":[[[-136.13618,62.53416],[-136.14284,62.53688],[-136.13695,62.53995],[-136.13029,62.53723],[-136.13618,62.53416]]]}},{"type":"Feature","properties":{"c":"YF50557","o":"Thi My Linh Pham - 100%","e":"2027-04-01"},"geometry":{"type":"Polygon","coordinates":[[[-136.30672,62.53794],[-136.31339,62.54065],[-136.30752,62.54373],[-136.30084,62.54102],[-136.30672,62.53794]]]}},{"type":"Feature","properties":{"c":"YF50536","o":"Thi My Linh Pham - 100%","e":"2027-04-01"},"geometry":{"type":"Polygon","coordinates":[[[-136.26321,62.54213],[-136.26988,62.54484],[-136.264,62.54791],[-136.25733,62.5452],[-136.26321,62.54213]]]}},{"type":"Feature","properties":{"c":"YF50431","o":"Thi My Linh Pham - 100%","e":"2027-04-01"},"geometry":{"type":"Polygon","coordinates":[[[-136.27097,62.50704],[-136.27764,62.50975],[-136.27177,62.51283],[-136.2651,62.51012],[-136.27097,62.50704]]]}},{"type":"Feature","properties":{"c":"YF50091","o":"Thi My Linh Pham - 100%","e":"2027-04-01"},"geometry":{"type":"Polygon","coordinates":[[[-136.24591,62.50778],[-136.25257,62.51049],[-136.2467,62.51356],[-136.24004,62.51085],[-136.24591,62.50778]]]}},{"type":"Feature","properties":{"c":"YE95147","o":"Thi My Linh Pham - 100%","e":"2027-04-01"},"geometry":{"type":"Polygon","coordinates":[[[-136.09398,62.5005],[-136.10062,62.50322],[-136.09474,62.50629],[-136.08809,62.50357],[-136.09398,62.5005]]]}},{"type":"Feature","properties":{"c":"YF50461","o":"Thi My Linh Pham - 100%","e":"2027-04-01"},"geometry":{"type":"Polygon","coordinates":[[[-136.2843,62.51246],[-136.29097,62.51517],[-136.2851,62.51825],[-136.27843,62.51554],[-136.2843,62.51246]]]}},{"type":"Feature","properties":{"c":"YF50539","o":"Thi My Linh Pham - 100%","e":"2027-04-01"},"geometry":{"type":"Polygon","coordinates":[[[-136.25812,62.55099],[-136.2648,62.5537],[-136.25892,62.55677],[-136.25225,62.55406],[-136.25812,62.55099]]]}},{"type":"Feature","properties":{"c":"YF50500","o":"Thi My Linh Pham - 100%","e":"2027-04-01"},"geometry":{"type":"Polygon","coordinates":[[[-136.26749,62.52748],[-136.27416,62.53019],[-136.26828,62.53326],[-136.26162,62.53055],[-136.26749,62.52748]]]}},{"type":"Feature","properties":{"c":"YF50475","o":"Thi My Linh Pham - 100%","e":"2027-04-01"},"geometry":{"type":"Polygon","coordinates":[[[-136.2432,62.534],[-136.24987,62.53671],[-136.24399,62.53978],[-136.23732,62.53707],[-136.2432,62.534]]]}},{"type":"Feature","properties":{"c":"YF52038","o":"Thi My Linh Pham - 100%","e":"2027-04-01"},"geometry":{"type":"Polygon","coordinates":[[[-136.31926,62.53757],[-136.32594,62.54028],[-136.32007,62.54336],[-136.31339,62.54065],[-136.31926,62.53757]]]}},{"type":"Feature","properties":{"c":"YF50464","o":"Thi My Linh Pham - 100%","e":"2027-04-01"},"geometry":{"type":"Polygon","coordinates":[[[-136.27177,62.51283],[-136.27843,62.51554],[-136.27256,62.51862],[-136.2659,62.51591],[-136.27177,62.51283]]]}},{"type":"Feature","properties":{"c":"YE94859","o":"Thi My Linh Pham - 100%","e":"2027-04-01"},"geometry":{"type":"Polygon","coordinates":[[[-136.21027,62.5698],[-136.21695,62.57251],[-136.21106,62.57559],[-136.20439,62.57288],[-136.21027,62.5698]]]}},{"type":"Feature","properties":{"c":"YE95077","o":"Thi My Linh Pham - 100%","e":"2027-04-01"},"geometry":{"type":"Polygon","coordinates":[[[-136.12645,62.5083],[-136.1331,62.51102],[-136.12722,62.51409],[-136.12057,62.51137],[-136.12645,62.5083]]]}},{"type":"Feature","properties":{"c":"YE95148","o":"Thi My Linh Pham - 100%","e":"2027-04-01"},"geometry":{"type":"Polygon","coordinates":[[[-136.08733,62.49779],[-136.09398,62.5005],[-136.08809,62.50357],[-136.08145,62.50085],[-136.08733,62.49779]]]}},{"type":"Feature","properties":{"c":"YF50495","o":"Thi My Linh Pham - 100%","e":"2027-04-01"},"geometry":{"type":"Polygon","coordinates":[[[-136.2859,62.52403],[-136.29257,62.52674],[-136.2867,62.52982],[-136.28003,62.52711],[-136.2859,62.52403]]]}},{"type":"Feature","properties":{"c":"YE95004","o":"Thi My Linh Pham - 100%","e":"2027-04-01"},"geometry":{"type":"Polygon","coordinates":[[[-136.14641,62.51645],[-136.15307,62.51916],[-136.14718,62.52224],[-136.14053,62.51952],[-136.14641,62.51645]]]}},{"type":"Feature","properties":{"c":"YF50513","o":"Thi My Linh Pham - 100%","e":"2027-04-01"},"geometry":{"type":"Polygon","coordinates":[[[-136.23302,62.55172],[-136.23969,62.55443],[-136.23381,62.5575],[-136.22714,62.55479],[-136.23302,62.55172]]]}},{"type":"Feature","properties":{"c":"YF50558","o":"Thi My Linh Pham - 100%","e":"2027-04-01"},"geometry":{"type":"Polygon","coordinates":[[[-136.30004,62.53524],[-136.30672,62.53794],[-136.30084,62.54102],[-136.29417,62.53831],[-136.30004,62.53524]]]}},{"type":"Feature","properties":{"c":"YF52021","o":"Thi My Linh Pham - 100%","e":"2027-04-01"},"geometry":{"type":"Polygon","coordinates":[[[-136.28322,62.55025],[-136.2899,62.55296],[-136.28402,62.55604],[-136.27735,62.55333],[-136.28322,62.55025]]]}},{"type":"Feature","properties":{"c":"YE95074","o":"Thi My Linh Pham - 100%","e":"2027-04-01"},"geometry":{"type":"Polygon","coordinates":[[[-136.13157,62.49944],[-136.13822,62.50216],[-136.13234,62.50523],[-136.12569,62.50251],[-136.13157,62.49944]]]}},{"type":"Feature","properties":{"c":"YE95111","o":"Thi My Linh Pham - 100%","e":"2027-04-01"},"geometry":{"type":"Polygon","coordinates":[[[-136.11904,62.4998],[-136.12569,62.50251],[-136.1198,62.50559],[-136.11315,62.50287],[-136.11904,62.4998]]]}},{"type":"Feature","properties":{"c":"YF50563","o":"Thi My Linh Pham - 100%","e":"2027-04-01"},"geometry":{"type":"Polygon","coordinates":[[[-136.2891,62.54718],[-136.29577,62.54988],[-136.2899,62.55296],[-136.28322,62.55025],[-136.2891,62.54718]]]}},{"type":"Feature","properties":{"c":"YF52044","o":"Thi My Linh Pham - 100%","e":"2027-04-01"},"geometry":{"type":"Polygon","coordinates":[[[-136.30165,62.54681],[-136.30832,62.54951],[-136.30245,62.55259],[-136.29577,62.54988],[-136.30165,62.54681]]]}},{"type":"Feature","properties":{"c":"YE95029","o":"Thi My Linh Pham - 100%","e":"2027-04-01"},"geometry":{"type":"Polygon","coordinates":[[[-136.17503,62.4953],[-136.18169,62.49802],[-136.17581,62.50109],[-136.16916,62.49837],[-136.17503,62.4953]]]}},{"type":"Feature","properties":{"c":"YF52074","o":"Thi My Linh Pham - 100%","e":"2027-04-01"},"geometry":{"type":"Polygon","coordinates":[[[-136.2915,62.56453],[-136.29818,62.56724],[-136.2923,62.57032],[-136.28563,62.56761],[-136.2915,62.56453]]]}},{"type":"Feature","properties":{"c":"YE94825","o":"Thi My Linh Pham - 100%","e":"2028-04-01"},"geometry":{"type":"Polygon","coordinates":[[[-136.35265,62.5511],[-136.35933,62.55381],[-136.35346,62.55689],[-136.34678,62.55418],[-136.35265,62.5511]]]}},{"type":"Feature","properties":{"c":"YF50555","o":"Thi My Linh Pham - 100%","e":"2027-04-01"},"geometry":{"type":"Polygon","coordinates":[[[-136.31259,62.53486],[-136.31926,62.53757],[-136.31339,62.54065],[-136.30672,62.53794],[-136.31259,62.53486]]]}},{"type":"Feature","properties":{"c":"YE94911","o":"Thi My Linh Pham - 100%","e":"2028-04-01"},"geometry":{"type":"Polygon","coordinates":[[[-136.25685,62.49584],[-136.26351,62.49855],[-136.25765,62.50163],[-136.25099,62.49892],[-136.25685,62.49584]]]}},{"type":"Feature","properties":{"c":"YF50546","o":"Thi My Linh Pham - 100%","e":"2027-04-01"},"geometry":{"type":"Polygon","coordinates":[[[-136.23381,62.5575],[-136.24048,62.56022],[-136.2346,62.56329],[-136.22793,62.56058],[-136.23381,62.5575]]]}},{"type":"Feature","properties":{"c":"YE94843","o":"Thi My Linh Pham - 100%","e":"2027-04-01"},"geometry":{"type":"Polygon","coordinates":[[[-136.29979,62.57881],[-136.30647,62.58152],[-136.30059,62.5846],[-136.29391,62.58189],[-136.29979,62.57881]]]}},{"type":"Feature","properties":{"c":"YF50088","o":"Thi My Linh Pham - 100%","e":"2027-04-01"},"geometry":{"type":"Polygon","coordinates":[[[-136.25099,62.49892],[-136.25765,62.50163],[-136.25178,62.5047],[-136.24512,62.50199],[-136.25099,62.49892]]]}},{"type":"Feature","properties":{"c":"YE94967","o":"Thi My Linh Pham - 100%","e":"2027-04-01"},"geometry":{"type":"Polygon","coordinates":[[[-136.1605,62.52767],[-136.16716,62.53038],[-136.16127,62.53345],[-136.15461,62.53074],[-136.1605,62.52767]]]}},{"type":"Feature","properties":{"c":"YE94886","o":"Thi My Linh Pham - 100%","e":"2028-04-01"},"geometry":{"type":"Polygon","coordinates":[[[-136.3494,62.52796],[-136.35608,62.53067],[-136.35021,62.53375],[-136.34354,62.53104],[-136.3494,62.52796]]]}},{"type":"Feature","properties":{"c":"YE95038","o":"Thi My Linh Pham - 100%","e":"2027-04-01"},"geometry":{"type":"Polygon","coordinates":[[[-136.14487,62.50488],[-136.15152,62.50759],[-136.14564,62.51066],[-136.13899,62.50795],[-136.14487,62.50488]]]}},{"type":"Feature","properties":{"c":"YE95046","o":"Thi My Linh Pham - 100%","e":"2027-04-01"},"geometry":{"type":"Polygon","coordinates":[[[-136.12134,62.51716],[-136.12799,62.51988],[-136.1221,62.52295],[-136.11545,62.52023],[-136.12134,62.51716]]]}},{"type":"Feature","properties":{"c":"YE94837","o":"Thi My Linh Pham - 100%","e":"2028-04-01"},"geometry":{"type":"Polygon","coordinates":[[[-136.31742,62.56958],[-136.3241,62.57228],[-136.31823,62.57536],[-136.31154,62.57266],[-136.31742,62.56958]]]}},{"type":"Feature","properties":{"c":"YF50530","o":"Thi My Linh Pham - 100%","e":"2027-04-01"},"geometry":{"type":"Polygon","coordinates":[[[-136.28083,62.5329],[-136.2875,62.53561],[-136.28163,62.53868],[-136.27495,62.53597],[-136.28083,62.5329]]]}},{"type":"Feature","properties":{"c":"YF52034","o":"Thi My Linh Pham - 100%","e":"2027-04-01"},"geometry":{"type":"Polygon","coordinates":[[[-136.331,62.53141],[-136.33767,62.53412],[-136.3318,62.5372],[-136.32513,62.53449],[-136.331,62.53141]]]}},{"type":"Feature","properties":{"c":"YE94951","o":"Thi My Linh Pham - 100%","e":"2027-04-01"},"geometry":{"type":"Polygon","coordinates":[[[-136.20753,62.50308],[-136.21418,62.50579],[-136.20831,62.50887],[-136.20165,62.50616],[-136.20753,62.50308]]]}},{"type":"Feature","properties":{"c":"YF50435","o":"Thi My Linh Pham - 100%","e":"2027-04-01"},"geometry":{"type":"Polygon","coordinates":[[[-136.25923,62.5132],[-136.2659,62.51591],[-136.26003,62.51898],[-136.25336,62.51627],[-136.25923,62.5132]]]}},{"type":"Feature","properties":{"c":"YE94834","o":"Thi My Linh Pham - 100%","e":"2028-04-01"},"geometry":{"type":"Polygon","coordinates":[[[-136.32249,62.56071],[-136.32917,62.56342],[-136.3233,62.5665],[-136.31661,62.56379],[-136.32249,62.56071]]]}},{"type":"Feature","properties":{"c":"YE94835","o":"Thi My Linh Pham - 100%","e":"2028-04-01"},"geometry":{"type":"Polygon","coordinates":[[[-136.3233,62.5665],[-136.32998,62.56921],[-136.3241,62.57228],[-136.31742,62.56958],[-136.3233,62.5665]]]}},{"type":"Feature","properties":{"c":"YE95076","o":"Thi My Linh Pham - 100%","e":"2027-04-01"},"geometry":{"type":"Polygon","coordinates":[[[-136.12569,62.50251],[-136.13234,62.50523],[-136.12645,62.5083],[-136.1198,62.50559],[-136.12569,62.50251]]]}},{"type":"Feature","properties":{"c":"YF50067","o":"Thi My Linh Pham - 100%","e":"2027-04-01"},"geometry":{"type":"Polygon","coordinates":[[[-136.21497,62.51158],[-136.22163,62.51429],[-136.21575,62.51737],[-136.20909,62.51465],[-136.21497,62.51158]]]}},{"type":"Feature","properties":{"c":"YE94953","o":"Thi My Linh Pham - 100%","e":"2027-04-01"},"geometry":{"type":"Polygon","coordinates":[[[-136.20165,62.50616],[-136.20831,62.50887],[-136.20243,62.51194],[-136.19578,62.50923],[-136.20165,62.50616]]]}},{"type":"Feature","properties":{"c":"YF52042","o":"Thi My Linh Pham - 100%","e":"2027-04-01"},"geometry":{"type":"Polygon","coordinates":[[[-136.30752,62.54373],[-136.3142,62.54644],[-136.30832,62.54951],[-136.30165,62.54681],[-136.30752,62.54373]]]}},{"type":"Feature","properties":{"c":"YF50463","o":"Thi My Linh Pham - 100%","e":"2027-04-01"},"geometry":{"type":"Polygon","coordinates":[[[-136.27843,62.51554],[-136.2851,62.51825],[-136.27923,62.52132],[-136.27256,62.51862],[-136.27843,62.51554]]]}},{"type":"Feature","properties":{"c":"YE94884","o":"Thi My Linh Pham - 100%","e":"2027-04-01"},"geometry":{"type":"Polygon","coordinates":[[[-136.34435,62.53683],[-136.35103,62.53953],[-136.34516,62.54261],[-136.33848,62.53991],[-136.34435,62.53683]]]}},{"type":"Feature","properties":{"c":"YE95079","o":"Thi My Linh Pham - 100%","e":"2027-04-01"},"geometry":{"type":"Polygon","coordinates":[[[-136.12057,62.51137],[-136.12722,62.51409],[-136.12134,62.51716],[-136.11468,62.51444],[-136.12057,62.51137]]]}},{"type":"Feature","properties":{"c":"YE94831","o":"Thi My Linh Pham - 100%","e":"2028-04-01"},"geometry":{"type":"Polygon","coordinates":[[[-136.33504,62.56034],[-136.34172,62.56305],[-136.33585,62.56613],[-136.32917,62.56342],[-136.33504,62.56034]]]}},{"type":"Feature","properties":{"c":"YF50517","o":"Thi My Linh Pham - 100%","e":"2027-04-01"},"geometry":{"type":"Polygon","coordinates":[[[-136.22126,62.55787],[-136.22793,62.56058],[-136.22205,62.56365],[-136.21537,62.56094],[-136.22126,62.55787]]]}},{"type":"Feature","properties":{"c":"YE95003","o":"Thi My Linh Pham - 100%","e":"2027-04-01"},"geometry":{"type":"Polygon","coordinates":[[[-136.15307,62.51916],[-136.15972,62.52188],[-136.15384,62.52495],[-136.14718,62.52224],[-136.15307,62.51916]]]}},{"type":"Feature","properties":{"c":"YF52043","o":"Thi My Linh Pham - 100%","e":"2027-04-01"},"geometry":{"type":"Polygon","coordinates":[[[-136.30832,62.54951],[-136.315,62.55222],[-136.30913,62.5553],[-136.30245,62.55259],[-136.30832,62.54951]]]}},{"type":"Feature","properties":{"c":"YE95085","o":"Thi My Linh Pham - 100%","e":"2027-04-01"},"geometry":{"type":"Polygon","coordinates":[[[-136.10291,62.52058],[-136.10956,62.5233],[-136.10367,62.52637],[-136.09702,62.52365],[-136.10291,62.52058]]]}},{"type":"Feature","properties":{"c":"YE94963","o":"Thi My Linh Pham - 100%","e":"2027-04-01"},"geometry":{"type":"Polygon","coordinates":[[[-136.17226,62.52152],[-136.17892,62.52423],[-136.17304,62.52731],[-136.16638,62.52459],[-136.17226,62.52152]]]}},{"type":"Feature","properties":{"c":"YE94971","o":"Thi My Linh Pham - 100%","e":"2027-04-01"},"geometry":{"type":"Polygon","coordinates":[[[-136.14873,62.53381],[-136.15539,62.53652],[-136.1495,62.53959],[-136.14284,62.53688],[-136.14873,62.53381]]]}},{"type":"Feature","properties":{"c":"YF50510","o":"Thi My Linh Pham - 100%","e":"2027-04-01"},"geometry":{"type":"Polygon","coordinates":[[[-136.23811,62.54286],[-136.24478,62.54557],[-136.2389,62.54864],[-136.23223,62.54593],[-136.23811,62.54286]]]}},{"type":"Feature","properties":{"c":"YF50559","o":"Thi My Linh Pham - 100%","e":"2027-04-01"},"geometry":{"type":"Polygon","coordinates":[[[-136.30084,62.54102],[-136.30752,62.54373],[-136.30165,62.54681],[-136.29497,62.5441],[-136.30084,62.54102]]]}},{"type":"Feature","properties":{"c":"YE94854","o":"Thi My Linh Pham - 100%","e":"2027-04-01"},"geometry":{"type":"Polygon","coordinates":[[[-136.24128,62.566],[-136.24795,62.56871],[-136.24207,62.57179],[-136.23539,62.56908],[-136.24128,62.566]]]}},{"type":"Feature","properties":{"c":"YF52040","o":"Thi My Linh Pham - 100%","e":"2027-04-01"},"geometry":{"type":"Polygon","coordinates":[[[-136.31339,62.54065],[-136.32007,62.54336],[-136.3142,62.54644],[-136.30752,62.54373],[-136.31339,62.54065]]]}},{"type":"Feature","properties":{"c":"YF50071","o":"Thi My Linh Pham - 100%","e":"2027-04-01"},"geometry":{"type":"Polygon","coordinates":[[[-136.20322,62.51773],[-136.20988,62.52044],[-136.204,62.52351],[-136.19734,62.5208],[-136.20322,62.51773]]]}},{"type":"Feature","properties":{"c":"YE95080","o":"Thi My Linh Pham - 100%","e":"2027-04-01"},"geometry":{"type":"Polygon","coordinates":[[[-136.11392,62.50866],[-136.12057,62.51137],[-136.11468,62.51444],[-136.10803,62.51173],[-136.11392,62.50866]]]}},{"type":"Feature","properties":{"c":"YF50060","o":"Thi My Linh Pham - 100%","e":"2027-04-01"},"geometry":{"type":"Polygon","coordinates":[[[-136.2318,62.49657],[-136.23846,62.49928],[-136.23259,62.50236],[-136.22593,62.49964],[-136.2318,62.49657]]]}},{"type":"Feature","properties":{"c":"YE94900","o":"Thi My Linh Pham - 100%","e":"2028-04-01"},"geometry":{"type":"Polygon","coordinates":[[[-136.3027,62.50901],[-136.30937,62.51172],[-136.3035,62.5148],[-136.29683,62.51209],[-136.3027,62.50901]]]}},{"type":"Feature","properties":{"c":"YF50440","o":"Thi My Linh Pham - 100%","e":"2027-04-01"},"geometry":{"type":"Polygon","coordinates":[[[-136.24083,62.51664],[-136.24749,62.51935],[-136.24162,62.52242],[-136.23495,62.51971],[-136.24083,62.51664]]]}},{"type":"Feature","properties":{"c":"YE94975","o":"Thi My Linh Pham - 100%","e":"2027-04-01"},"geometry":{"type":"Polygon","coordinates":[[[-136.13695,62.53995],[-136.14361,62.54267],[-136.13772,62.54574],[-136.13106,62.54302],[-136.13695,62.53995]]]}},{"type":"Feature","properties":{"c":"YE94993","o":"Thi My Linh Pham - 100%","e":"2027-04-01"},"geometry":{"type":"Polygon","coordinates":[[[-136.18246,62.5038],[-136.18912,62.50652],[-136.18324,62.50959],[-136.17659,62.50688],[-136.18246,62.5038]]]}},{"type":"Feature","properties":{"c":"YF52067","o":"Thi My Linh Pham - 100%","e":"2027-04-01"},"geometry":{"type":"Polygon","coordinates":[[[-136.31581,62.55801],[-136.32249,62.56071],[-136.31661,62.56379],[-136.30993,62.56108],[-136.31581,62.55801]]]}},{"type":"Feature","properties":{"c":"YF50542","o":"Thi My Linh Pham - 100%","e":"2027-04-01"},"geometry":{"type":"Polygon","coordinates":[[[-136.24557,62.55135],[-136.25225,62.55406],[-136.24637,62.55714],[-136.23969,62.55443],[-136.24557,62.55135]]]}},{"type":"Feature","properties":{"c":"YE95122","o":"Thi My Linh Pham - 100%","e":"2027-04-01"},"geometry":{"type":"Polygon","coordinates":[[[-136.08296,62.51243],[-136.08961,62.51515],[-136.08372,62.51822],[-136.07707,62.5155],[-136.08296,62.51243]]]}},{"type":"Feature","properties":{"c":"YE94908","o":"Thi My Linh Pham - 100%","e":"2027-04-01"},"geometry":{"type":"Polygon","coordinates":[[[-136.27604,62.49818],[-136.2827,62.50089],[-136.27684,62.50397],[-136.27018,62.50126],[-136.27604,62.49818]]]}},{"type":"Feature","properties":{"c":"YE94895","o":"Thi My Linh Pham - 100%","e":"2027-04-01"},"geometry":{"type":"Polygon","coordinates":[[[-136.31017,62.51751],[-136.31684,62.52022],[-136.31098,62.52329],[-136.30431,62.52059],[-136.31017,62.51751]]]}},{"type":"Feature","properties":{"c":"YF50494","o":"Thi My Linh Pham - 100%","e":"2027-04-01"},"geometry":{"type":"Polygon","coordinates":[[[-136.2851,62.51825],[-136.29177,62.52096],[-136.2859,62.52403],[-136.27923,62.52132],[-136.2851,62.51825]]]}},{"type":"Feature","properties":{"c":"YF50498","o":"Thi My Linh Pham - 100%","e":"2027-04-01"},"geometry":{"type":"Polygon","coordinates":[[[-136.27336,62.5244],[-136.28003,62.52711],[-136.27416,62.53019],[-136.26749,62.52748],[-136.27336,62.5244]]]}},{"type":"Feature","properties":{"c":"YE94901","o":"Thi My Linh Pham - 100%","e":"2028-04-01"},"geometry":{"type":"Polygon","coordinates":[[[-136.29017,62.50938],[-136.29683,62.51209],[-136.29097,62.51517],[-136.2843,62.51246],[-136.29017,62.50938]]]}},{"type":"Feature","properties":{"c":"YF50543","o":"Thi My Linh Pham - 100%","e":"2027-04-01"},"geometry":{"type":"Polygon","coordinates":[[[-136.24637,62.55714],[-136.25304,62.55985],[-136.24716,62.56293],[-136.24048,62.56022],[-136.24637,62.55714]]]}},{"type":"Feature","properties":{"c":"YE94987","o":"Thi My Linh Pham - 100%","e":"2027-04-01"},"geometry":{"type":"Polygon","coordinates":[[[-136.20009,62.49458],[-136.20674,62.49729],[-136.20087,62.50037],[-136.19421,62.49766],[-136.20009,62.49458]]]}},{"type":"Feature","properties":{"c":"YE95048","o":"Thi My Linh Pham - 100%","e":"2027-04-01"},"geometry":{"type":"Polygon","coordinates":[[[-136.11545,62.52023],[-136.1221,62.52295],[-136.11622,62.52602],[-136.10956,62.5233],[-136.11545,62.52023]]]}},{"type":"Feature","properties":{"c":"YF50535","o":"Thi My Linh Pham - 100%","e":"2027-04-01"},"geometry":{"type":"Polygon","coordinates":[[[-136.26988,62.54484],[-136.27655,62.54754],[-136.27067,62.55062],[-136.264,62.54791],[-136.26988,62.54484]]]}},{"type":"Feature","properties":{"c":"YF50499","o":"Thi My Linh Pham - 100%","e":"2027-04-01"},"geometry":{"type":"Polygon","coordinates":[[[-136.27416,62.53019],[-136.28083,62.5329],[-136.27495,62.53597],[-136.26828,62.53326],[-136.27416,62.53019]]]}},{"type":"Feature","properties":{"c":"YF52032","o":"Thi My Linh Pham - 100%","e":"2027-04-01"},"geometry":{"type":"Polygon","coordinates":[[[-136.24716,62.56293],[-136.25383,62.56564],[-136.24795,62.56871],[-136.24128,62.566],[-136.24716,62.56293]]]}},{"type":"Feature","properties":{"c":"YF50078","o":"Thi My Linh Pham - 100%","e":"2027-04-01"},"geometry":{"type":"Polygon","coordinates":[[[-136.17892,62.52423],[-136.18558,62.52695],[-136.1797,62.53002],[-136.17304,62.52731],[-136.17892,62.52423]]]}},{"type":"Feature","properties":{"c":"YE94830","o":"Thi My Linh Pham - 100%","e":"2028-04-01"},"geometry":{"type":"Polygon","coordinates":[[[-136.33423,62.55456],[-136.34091,62.55726],[-136.33504,62.56034],[-136.32836,62.55763],[-136.33423,62.55456]]]}},{"type":"Feature","properties":{"c":"YE94920","o":"Thi My Linh Pham - 100%","e":"2028-04-01"},"geometry":{"type":"Polygon","coordinates":[[[-136.32776,62.50827],[-136.33443,62.51098],[-136.32857,62.51406],[-136.3219,62.51135],[-136.32776,62.50827]]]}},{"type":"Feature","properties":{"c":"YF50428","o":"Thi My Linh Pham - 100%","e":"2027-04-01"},"geometry":{"type":"Polygon","coordinates":[[[-136.17459,62.53888],[-136.18126,62.54159],[-136.17537,62.54467],[-136.16871,62.54195],[-136.17459,62.53888]]]}},{"type":"Feature","properties":{"c":"YE94889","o":"Thi My Linh Pham - 100%","e":"2027-04-01"},"geometry":{"type":"Polygon","coordinates":[[[-136.33019,62.52563],[-136.33686,62.52833],[-136.331,62.53141],[-136.32432,62.52871],[-136.33019,62.52563]]]}},{"type":"Feature","properties":{"c":"YF52065","o":"Thi My Linh Pham - 100%","e":"2027-04-01"},"geometry":{"type":"Polygon","coordinates":[[[-136.32168,62.55493],[-136.32836,62.55763],[-136.32249,62.56071],[-136.31581,62.55801],[-136.32168,62.55493]]]}},{"type":"Feature","properties":{"c":"YF50482","o":"Thi My Linh Pham - 100%","e":"2027-04-01"},"geometry":{"type":"Polygon","coordinates":[[[-136.2189,62.54051],[-136.22556,62.54322],[-136.21968,62.5463],[-136.21302,62.54358],[-136.2189,62.54051]]]}},{"type":"Feature","properties":{"c":"YF50062","o":"Thi My Linh Pham - 100%","e":"2027-04-01"},"geometry":{"type":"Polygon","coordinates":[[[-136.22593,62.49964],[-136.23259,62.50236],[-136.22672,62.50543],[-136.22006,62.50272],[-136.22593,62.49964]]]}},{"type":"Feature","properties":{"c":"YF50502","o":"Thi My Linh Pham - 100%","e":"2027-04-01"},"geometry":{"type":"Polygon","coordinates":[[[-136.26162,62.53055],[-136.26828,62.53326],[-136.26241,62.53634],[-136.25574,62.53363],[-136.26162,62.53055]]]}},{"type":"Feature","properties":{"c":"YF50080","o":"Thi My Linh Pham - 100%","e":"2027-04-01"},"geometry":{"type":"Polygon","coordinates":[[[-136.17304,62.52731],[-136.1797,62.53002],[-136.17382,62.53309],[-136.16716,62.53038],[-136.17304,62.52731]]]}},{"type":"Feature","properties":{"c":"YF50417","o":"Thi My Linh Pham - 100%","e":"2027-04-01"},"geometry":{"type":"Polygon","coordinates":[[[-136.21066,62.52623],[-136.21732,62.52894],[-136.21145,62.53201],[-136.20478,62.5293],[-136.21066,62.52623]]]}},{"type":"Feature","properties":{"c":"YE95086","o":"Thi My Linh Pham - 100%","e":"2027-04-01"},"geometry":{"type":"Polygon","coordinates":[[[-136.09626,62.51786],[-136.10291,62.52058],[-136.09702,62.52365],[-136.09037,62.52093],[-136.09626,62.51786]]]}},{"type":"Feature","properties":{"c":"YE94887","o":"Thi My Linh Pham - 100%","e":"2028-04-01"},"geometry":{"type":"Polygon","coordinates":[[[-136.33686,62.52833],[-136.34354,62.53104],[-136.33767,62.53412],[-136.331,62.53141],[-136.33686,62.52833]]]}},{"type":"Feature","properties":{"c":"YE94814","o":"Thi My Linh Pham - 100%","e":"2028-04-01"},"geometry":{"type":"Polygon","coordinates":[[[-136.35346,62.55689],[-136.36015,62.55959],[-136.35428,62.56267],[-136.3476,62.55997],[-136.35346,62.55689]]]}},{"type":"Feature","properties":{"c":"YE94815","o":"Thi My Linh Pham - 100%","e":"2028-04-01"},"geometry":{"type":"Polygon","coordinates":[[[-136.35428,62.56267],[-136.36096,62.56538],[-136.35509,62.56846],[-136.34841,62.56575],[-136.35428,62.56267]]]}},{"type":"Feature","properties":{"c":"YF50481","o":"Thi My Linh Pham - 100%","e":"2027-04-01"},"geometry":{"type":"Polygon","coordinates":[[[-136.22556,62.54322],[-136.23223,62.54593],[-136.22635,62.54901],[-136.21968,62.5463],[-136.22556,62.54322]]]}},{"type":"Feature","properties":{"c":"YE94896","o":"Thi My Linh Pham - 100%","e":"2028-04-01"},"geometry":{"type":"Polygon","coordinates":[[[-136.31604,62.51443],[-136.32271,62.51714],[-136.31684,62.52022],[-136.31017,62.51751],[-136.31604,62.51443]]]}},{"type":"Feature","properties":{"c":"YF50537","o":"Thi My Linh Pham - 100%","e":"2027-04-01"},"geometry":{"type":"Polygon","coordinates":[[[-136.264,62.54791],[-136.27067,62.55062],[-136.2648,62.5537],[-136.25812,62.55099],[-136.264,62.54791]]]}},{"type":"Feature","properties":{"c":"YF50436","o":"Thi My Linh Pham - 100%","e":"2027-04-01"},"geometry":{"type":"Polygon","coordinates":[[[-136.25257,62.51049],[-136.25923,62.5132],[-136.25336,62.51627],[-136.2467,62.51356],[-136.25257,62.51049]]]}},{"type":"Feature","properties":{"c":"YE94998","o":"Thi My Linh Pham - 100%","e":"2027-04-01"},"geometry":{"type":"Polygon","coordinates":[[[-136.16405,62.50723],[-136.17071,62.50995],[-136.16483,62.51302],[-136.15817,62.51031],[-136.16405,62.50723]]]}},{"type":"Feature","properties":{"c":"YF50086","o":"Thi My Linh Pham - 100%","e":"2027-04-01"},"geometry":{"type":"Polygon","coordinates":[[[-136.15539,62.53652],[-136.16205,62.53924],[-136.15616,62.54231],[-136.1495,62.53959],[-136.15539,62.53652]]]}},{"type":"Feature","properties":{"c":"YE95109","o":"Thi My Linh Pham - 100%","e":"2027-04-01"},"geometry":{"type":"Polygon","coordinates":[[[-136.12492,62.49673],[-136.13157,62.49944],[-136.12569,62.50251],[-136.11904,62.4998],[-136.12492,62.49673]]]}},{"type":"Feature","properties":{"c":"YF52075","o":"Thi My Linh Pham - 100%","e":"2027-04-01"},"geometry":{"type":"Polygon","coordinates":[[[-136.2923,62.57032],[-136.29899,62.57303],[-136.29311,62.5761],[-136.28643,62.5734],[-136.2923,62.57032]]]}},{"type":"Feature","properties":{"c":"YF50496","o":"Thi My Linh Pham - 100%","e":"2027-04-01"},"geometry":{"type":"Polygon","coordinates":[[[-136.27923,62.52132],[-136.2859,62.52403],[-136.28003,62.52711],[-136.27336,62.5244],[-136.27923,62.52132]]]}},{"type":"Feature","properties":{"c":"YF50423","o":"Thi My Linh Pham - 100%","e":"2027-04-01"},"geometry":{"type":"Polygon","coordinates":[[[-136.19302,62.53545],[-136.19969,62.53816],[-136.1938,62.54123],[-136.18714,62.53852],[-136.19302,62.53545]]]}},{"type":"Feature","properties":{"c":"YE94917","o":"Thi My Linh Pham - 100%","e":"2028-04-01"},"geometry":{"type":"Polygon","coordinates":[[[-136.32938,62.51984],[-136.32271,62.51714],[-136.32857,62.51406],[-136.33524,62.51676],[-136.32938,62.51984]]]}},{"type":"Feature","properties":{"c":"YF50564","o":"Thi My Linh Pham - 100%","e":"2027-04-01"},"geometry":{"type":"Polygon","coordinates":[[[-136.28243,62.54447],[-136.2891,62.54718],[-136.28322,62.55025],[-136.27655,62.54754],[-136.28243,62.54447]]]}},{"type":"Feature","properties":{"c":"YF50061","o":"Thi My Linh Pham - 100%","e":"2027-04-01"},"geometry":{"type":"Polygon","coordinates":[[[-136.23259,62.50236],[-136.23925,62.50507],[-136.23337,62.50814],[-136.22672,62.50543],[-136.23259,62.50236]]]}},{"type":"Feature","properties":{"c":"YE94839","o":"Thi My Linh Pham - 100%","e":"2027-04-01"},"geometry":{"type":"Polygon","coordinates":[[[-136.31154,62.57266],[-136.31823,62.57536],[-136.31235,62.57844],[-136.30567,62.57573],[-136.31154,62.57266]]]}},{"type":"Feature","properties":{"c":"YE94961","o":"Thi My Linh Pham - 100%","e":"2027-04-01"},"geometry":{"type":"Polygon","coordinates":[[[-136.17814,62.51845],[-136.1848,62.52116],[-136.17892,62.52423],[-136.17226,62.52152],[-136.17814,62.51845]]]}},{"type":"Feature","properties":{"c":"YF50462","o":"Thi My Linh Pham - 100%","e":"2027-04-01"},"geometry":{"type":"Polygon","coordinates":[[[-136.27764,62.50975],[-136.2843,62.51246],[-136.27843,62.51554],[-136.27177,62.51283],[-136.27764,62.50975]]]}},{"type":"Feature","properties":{"c":"YF52058","o":"Thi My Linh Pham - 100%","e":"2027-04-01"},"geometry":{"type":"Polygon","coordinates":[[[-136.26051,62.56835],[-136.26719,62.57106],[-136.26131,62.57413],[-136.25463,62.57142],[-136.26051,62.56835]]]}},{"type":"Feature","properties":{"c":"YE94893","o":"Thi My Linh Pham - 100%","e":"2028-04-01"},"geometry":{"type":"Polygon","coordinates":[[[-136.31684,62.52022],[-136.32351,62.52292],[-136.31765,62.526],[-136.31098,62.52329],[-136.31684,62.52022]]]}},{"type":"Feature","properties":{"c":"YF50097","o":"Thi My Linh Pham - 100%","e":"2027-04-01"},"geometry":{"type":"Polygon","coordinates":[[[-136.22829,62.517],[-136.23495,62.51971],[-136.22908,62.52279],[-136.22242,62.52008],[-136.22829,62.517]]]}},{"type":"Feature","properties":{"c":"YF50471","o":"Thi My Linh Pham - 100%","e":"2027-04-01"},"geometry":{"type":"Polygon","coordinates":[[[-136.25495,62.52785],[-136.26162,62.53055],[-136.25574,62.53363],[-136.24907,62.53092],[-136.25495,62.52785]]]}},{"type":"Feature","properties":{"c":"YE94811","o":"Thi My Linh Pham - 100%","e":"2027-04-01"},"geometry":{"type":"Polygon","coordinates":[[[-136.36602,62.55651],[-136.3727,62.55922],[-136.36683,62.5623],[-136.36015,62.55959],[-136.36602,62.55651]]]}},{"type":"Feature","properties":{"c":"YF52070","o":"Thi My Linh Pham - 100%","e":"2027-04-01"},"geometry":{"type":"Polygon","coordinates":[[[-136.30325,62.55838],[-136.30993,62.56108],[-136.30406,62.56416],[-136.29738,62.56146],[-136.30325,62.55838]]]}},{"type":"Feature","properties":{"c":"YE94999","o":"Thi My Linh Pham - 100%","e":"2027-04-01"},"geometry":{"type":"Polygon","coordinates":[[[-136.16483,62.51302],[-136.17148,62.51573],[-136.1656,62.51881],[-136.15895,62.51609],[-136.16483,62.51302]]]}},{"type":"Feature","properties":{"c":"YE94965","o":"Thi My Linh Pham - 100%","e":"2027-04-01"},"geometry":{"type":"Polygon","coordinates":[[[-136.16638,62.52459],[-136.17304,62.52731],[-136.16716,62.53038],[-136.1605,62.52767],[-136.16638,62.52459]]]}},{"type":"Feature","properties":{"c":"YF50514","o":"Thi My Linh Pham - 100%","e":"2027-04-01"},"geometry":{"type":"Polygon","coordinates":[[[-136.22635,62.54901],[-136.23302,62.55172],[-136.22714,62.55479],[-136.22047,62.55208],[-136.22635,62.54901]]]}},{"type":"Feature","properties":{"c":"YF52030","o":"Thi My Linh Pham - 100%","e":"2027-04-01"},"geometry":{"type":"Polygon","coordinates":[[[-136.25304,62.55985],[-136.25971,62.56256],[-136.25383,62.56564],[-136.24716,62.56293],[-136.25304,62.55985]]]}},{"type":"Feature","properties":{"c":"YF52062","o":"Thi My Linh Pham - 100%","e":"2027-04-01"},"geometry":{"type":"Polygon","coordinates":[[[-136.32674,62.54606],[-136.33342,62.54877],[-136.32755,62.55185],[-136.32087,62.54914],[-136.32674,62.54606]]]}},{"type":"Feature","properties":{"c":"YE94921","o":"Thi My Linh Pham - 100%","e":"2028-04-01"},"geometry":{"type":"Polygon","coordinates":[[[-136.31523,62.50864],[-136.3219,62.51135],[-136.31604,62.51443],[-136.30937,62.51172],[-136.31523,62.50864]]]}},{"type":"Feature","properties":{"c":"YE95152","o":"Thi My Linh Pham - 100%","e":"2027-04-01"},"geometry":{"type":"Polygon","coordinates":[[[-136.07556,62.50392],[-136.0822,62.50664],[-136.07632,62.50971],[-136.06967,62.50699],[-136.07556,62.50392]]]}},{"type":"Feature","properties":{"c":"YF50526","o":"Thi My Linh Pham - 100%","e":"2027-04-01"},"geometry":{"type":"Polygon","coordinates":[[[-136.29257,62.52674],[-136.29924,62.52945],[-136.29337,62.53253],[-136.2867,62.52982],[-136.29257,62.52674]]]}},{"type":"Feature","properties":{"c":"YF50465","o":"Thi My Linh Pham - 100%","e":"2027-04-01"},"geometry":{"type":"Polygon","coordinates":[[[-136.27256,62.51862],[-136.27923,62.52132],[-136.27336,62.5244],[-136.26669,62.52169],[-136.27256,62.51862]]]}},{"type":"Feature","properties":{"c":"YE94970","o":"Thi My Linh Pham - 100%","e":"2027-04-01"},"geometry":{"type":"Polygon","coordinates":[[[-136.14795,62.52802],[-136.15461,62.53074],[-136.14873,62.53381],[-136.14207,62.53109],[-136.14795,62.52802]]]}},{"type":"Feature","properties":{"c":"YE94844","o":"Thi My Linh Pham - 100%","e":"2027-04-01"},"geometry":{"type":"Polygon","coordinates":[[[-136.29311,62.5761],[-136.29979,62.57881],[-136.29391,62.58189],[-136.28723,62.57918],[-136.29311,62.5761]]]}},{"type":"Feature","properties":{"c":"YE95041","o":"Thi My Linh Pham - 100%","e":"2027-04-01"},"geometry":{"type":"Polygon","coordinates":[[[-136.13976,62.51373],[-136.14641,62.51645],[-136.14053,62.51952],[-136.13387,62.5168],[-136.13976,62.51373]]]}},{"type":"Feature","properties":{"c":"YF50561","o":"Thi My Linh Pham - 100%","e":"2027-04-01"},"geometry":{"type":"Polygon","coordinates":[[[-136.29497,62.5441],[-136.30165,62.54681],[-136.29577,62.54988],[-136.2891,62.54718],[-136.29497,62.5441]]]}},{"type":"Feature","properties":{"c":"YE95002","o":"Thi My Linh Pham - 100%","e":"2027-04-01"},"geometry":{"type":"Polygon","coordinates":[[[-136.15229,62.51338],[-136.15895,62.51609],[-136.15307,62.51916],[-136.14641,62.51645],[-136.15229,62.51338]]]}},{"type":"Feature","properties":{"c":"YE94838","o":"Thi My Linh Pham - 100%","e":"2028-04-01"},"geometry":{"type":"Polygon","coordinates":[[[-136.31074,62.56687],[-136.31742,62.56958],[-136.31154,62.57266],[-136.30486,62.56995],[-136.31074,62.56687]]]}},{"type":"Feature","properties":{"c":"YE94992","o":"Thi My Linh Pham - 100%","e":"2027-04-01"},"geometry":{"type":"Polygon","coordinates":[[[-136.18169,62.49802],[-136.18834,62.50073],[-136.18246,62.5038],[-136.17581,62.50109],[-136.18169,62.49802]]]}},{"type":"Feature","properties":{"c":"YF50532","o":"Thi My Linh Pham - 100%","e":"2027-04-01"},"geometry":{"type":"Polygon","coordinates":[[[-136.27495,62.53597],[-136.28163,62.53868],[-136.27575,62.54176],[-136.26908,62.53905],[-136.27495,62.53597]]]}},{"type":"Feature","properties":{"c":"YE94995","o":"Thi My Linh Pham - 100%","e":"2027-04-01"},"geometry":{"type":"Polygon","coordinates":[[[-136.17659,62.50688],[-136.18324,62.50959],[-136.17736,62.51266],[-136.17071,62.50995],[-136.17659,62.50688]]]}},{"type":"Feature","properties":{"c":"YE95044","o":"Thi My Linh Pham - 100%","e":"2027-04-01"},"geometry":{"type":"Polygon","coordinates":[[[-136.12722,62.51409],[-136.13387,62.5168],[-136.12799,62.51988],[-136.12134,62.51716],[-136.12722,62.51409]]]}},{"type":"Feature","properties":{"c":"YF52055","o":"Thi My Linh Pham - 100%","e":"2027-04-01"},"geometry":{"type":"Polygon","coordinates":[[[-136.27307,62.56798],[-136.27975,62.57069],[-136.27387,62.57376],[-136.26719,62.57106],[-136.27307,62.56798]]]}},{"type":"Feature","properties":{"c":"YF50479","o":"Thi My Linh Pham - 100%","e":"2027-04-01"},"geometry":{"type":"Polygon","coordinates":[[[-136.23144,62.54015],[-136.23811,62.54286],[-136.23223,62.54593],[-136.22556,62.54322],[-136.23144,62.54015]]]}},{"type":"Feature","properties":{"c":"YE94880","o":"Thi My Linh Pham - 100%","e":"2027-04-01"},"geometry":{"type":"Polygon","coordinates":[[[-136.3577,62.54224],[-136.36439,62.54494],[-136.35852,62.54802],[-136.35184,62.54532],[-136.3577,62.54224]]]}},{"type":"Feature","properties":{"c":"YF50087","o":"Thi My Linh Pham - 100%","e":"2027-04-01"},"geometry":{"type":"Polygon","coordinates":[[[-136.25765,62.50163],[-136.26431,62.50433],[-136.25844,62.50741],[-136.25178,62.5047],[-136.25765,62.50163]]]}},{"type":"Feature","properties":{"c":"YF50083","o":"Thi My Linh Pham - 100%","e":"2027-04-01"},"geometry":{"type":"Polygon","coordinates":[[[-136.16793,62.53617],[-136.17459,62.53888],[-136.16871,62.54195],[-136.16205,62.53924],[-136.16793,62.53617]]]}},{"type":"Feature","properties":{"c":"YF50099","o":"Thi My Linh Pham - 100%","e":"2027-04-01"},"geometry":{"type":"Polygon","coordinates":[[[-136.22242,62.52008],[-136.22908,62.52279],[-136.2232,62.52586],[-136.21654,62.52315],[-136.22242,62.52008]]]}},{"type":"Feature","properties":{"c":"YF50094","o":"Thi My Linh Pham - 100%","e":"2027-04-01"},"geometry":{"type":"Polygon","coordinates":[[[-136.23337,62.50814],[-136.24004,62.51085],[-136.23416,62.51393],[-136.2275,62.51122],[-136.23337,62.50814]]]}},{"type":"Feature","properties":{"c":"YE94910","o":"Thi My Linh Pham - 100%","e":"2028-04-01"},"geometry":{"type":"Polygon","coordinates":[[[-136.26938,62.49547],[-136.27604,62.49818],[-136.27018,62.50126],[-136.26351,62.49855],[-136.26938,62.49547]]]}},{"type":"Feature","properties":{"c":"YF50550","o":"Thi My Linh Pham - 100%","e":"2027-04-01"},"geometry":{"type":"Polygon","coordinates":[[[-136.22205,62.56365],[-136.22872,62.56637],[-136.22283,62.56944],[-136.21616,62.56673],[-136.22205,62.56365]]]}},{"type":"Feature","properties":{"c":"YE95150","o":"Thi My Linh Pham - 100%","e":"2027-04-01"},"geometry":{"type":"Polygon","coordinates":[[[-136.08145,62.50085],[-136.08809,62.50357],[-136.0822,62.50664],[-136.07556,62.50392],[-136.08145,62.50085]]]}},{"type":"Feature","properties":{"c":"YE95113","o":"Thi My Linh Pham - 100%","e":"2027-04-01"},"geometry":{"type":"Polygon","coordinates":[[[-136.11315,62.50287],[-136.1198,62.50559],[-136.11392,62.50866],[-136.10727,62.50594],[-136.11315,62.50287]]]}},{"type":"Feature","properties":{"c":"YE94829","o":"Thi My Linh Pham - 100%","e":"2028-04-01"},"geometry":{"type":"Polygon","coordinates":[[[-136.34091,62.55726],[-136.3476,62.55997],[-136.34172,62.56305],[-136.33504,62.56034],[-136.34091,62.55726]]]}},{"type":"Feature","properties":{"c":"YF50085","o":"Thi My Linh Pham - 100%","e":"2027-04-01"},"geometry":{"type":"Polygon","coordinates":[[[-136.16205,62.53924],[-136.16871,62.54195],[-136.16282,62.54502],[-136.15616,62.54231],[-136.16205,62.53924]]]}},{"type":"Feature","properties":{"c":"YE95073","o":"Thi My Linh Pham - 100%","e":"2027-04-01"},"geometry":{"type":"Polygon","coordinates":[[[-136.13822,62.50216],[-136.14487,62.50488],[-136.13899,62.50795],[-136.13234,62.50523],[-136.13822,62.50216]]]}},{"type":"Feature","properties":{"c":"YE95049","o":"Thi My Linh Pham - 100%","e":"2027-04-01"},"geometry":{"type":"Polygon","coordinates":[[[-136.11622,62.52602],[-136.12287,62.52873],[-136.11698,62.5318],[-136.11033,62.52909],[-136.11622,62.52602]]]}},{"type":"Feature","properties":{"c":"YF50064","o":"Thi My Linh Pham - 100%","e":"2027-04-01"},"geometry":{"type":"Polygon","coordinates":[[[-136.22006,62.50272],[-136.22672,62.50543],[-136.22084,62.50851],[-136.21418,62.50579],[-136.22006,62.50272]]]}},{"type":"Feature","properties":{"c":"YE94919","o":"Thi My Linh Pham - 100%","e":"2027-04-01"},"geometry":{"type":"Polygon","coordinates":[[[-136.3219,62.51135],[-136.32857,62.51406],[-136.32271,62.51714],[-136.31604,62.51443],[-136.3219,62.51135]]]}},{"type":"Feature","properties":{"c":"YE95000","o":"Thi My Linh Pham - 100%","e":"2027-04-01"},"geometry":{"type":"Polygon","coordinates":[[[-136.15817,62.51031],[-136.16483,62.51302],[-136.15895,62.51609],[-136.15229,62.51338],[-136.15817,62.51031]]]}},{"type":"Feature","properties":{"c":"YF50073","o":"Thi My Linh Pham - 100%","e":"2027-04-01"},"geometry":{"type":"Polygon","coordinates":[[[-136.19734,62.5208],[-136.204,62.52351],[-136.19812,62.52659],[-136.19146,62.52387],[-136.19734,62.5208]]]}},{"type":"Feature","properties":{"c":"YE94962","o":"Thi My Linh Pham - 100%","e":"2027-04-01"},"geometry":{"type":"Polygon","coordinates":[[[-136.17148,62.51573],[-136.17814,62.51845],[-136.17226,62.52152],[-136.1656,62.51881],[-136.17148,62.51573]]]}},{"type":"Feature","properties":{"c":"YF50512","o":"Thi My Linh Pham - 100%","e":"2027-04-01"},"geometry":{"type":"Polygon","coordinates":[[[-136.23223,62.54593],[-136.2389,62.54864],[-136.23302,62.55172],[-136.22635,62.54901],[-136.23223,62.54593]]]}},{"type":"Feature","properties":{"c":"YF50556","o":"Thi My Linh Pham - 100%","e":"2027-04-01"},"geometry":{"type":"Polygon","coordinates":[[[-136.30591,62.53216],[-136.31259,62.53486],[-136.30672,62.53794],[-136.30004,62.53524],[-136.30591,62.53216]]]}},{"type":"Feature","properties":{"c":"YE94973","o":"Thi My Linh Pham - 100%","e":"2027-04-01"},"geometry":{"type":"Polygon","coordinates":[[[-136.14284,62.53688],[-136.1495,62.53959],[-136.14361,62.54267],[-136.13695,62.53995],[-136.14284,62.53688]]]}},{"type":"Feature","properties":{"c":"YE94906","o":"Thi My Linh Pham - 100%","e":"2028-04-01"},"geometry":{"type":"Polygon","coordinates":[[[-136.2827,62.50089],[-136.28937,62.5036],[-136.2835,62.50668],[-136.27684,62.50397],[-136.2827,62.50089]]]}},{"type":"Feature","properties":{"c":"YF50476","o":"Thi My Linh Pham - 100%","e":"2027-04-01"},"geometry":{"type":"Polygon","coordinates":[[[-136.23653,62.53129],[-136.2432,62.534],[-136.23732,62.53707],[-136.23065,62.53436],[-136.23653,62.53129]]]}},{"type":"Feature","properties":{"c":"YF52052","o":"Thi My Linh Pham - 100%","e":"2027-04-01"},"geometry":{"type":"Polygon","coordinates":[[[-136.27815,62.55912],[-136.28482,62.56182],[-136.27895,62.5649],[-136.27227,62.56219],[-136.27815,62.55912]]]}},{"type":"Feature","properties":{"c":"YE94882","o":"Thi My Linh Pham - 100%","e":"2027-04-01"},"geometry":{"type":"Polygon","coordinates":[[[-136.35103,62.53953],[-136.3577,62.54224],[-136.35184,62.54532],[-136.34516,62.54261],[-136.35103,62.53953]]]}},{"type":"Feature","properties":{"c":"YE95008","o":"Thi My Linh Pham - 100%","e":"2027-04-01"},"geometry":{"type":"Polygon","coordinates":[[[-136.13464,62.52259],[-136.1413,62.52531],[-136.13541,62.52838],[-136.12876,62.52566],[-136.13464,62.52259]]]}},{"type":"Feature","properties":{"c":"YE95039","o":"Thi My Linh Pham - 100%","e":"2027-04-01"},"geometry":{"type":"Polygon","coordinates":[[[-136.14564,62.51066],[-136.15229,62.51338],[-136.14641,62.51645],[-136.13976,62.51373],[-136.14564,62.51066]]]}},{"type":"Feature","properties":{"c":"YF50480","o":"Thi My Linh Pham - 100%","e":"2027-04-01"},"geometry":{"type":"Polygon","coordinates":[[[-136.22478,62.53744],[-136.23144,62.54015],[-136.22556,62.54322],[-136.2189,62.54051],[-136.22478,62.53744]]]}},{"type":"Feature","properties":{"c":"YF52023","o":"Thi My Linh Pham - 100%","e":"2027-04-01"},"geometry":{"type":"Polygon","coordinates":[[[-136.27735,62.55333],[-136.28402,62.55604],[-136.27815,62.55912],[-136.27147,62.55641],[-136.27735,62.55333]]]}},{"type":"Feature","properties":{"c":"YE94849","o":"Thi My Linh Pham - 100%","e":"2028-04-01"},"geometry":{"type":"Polygon","coordinates":[[[-136.27387,62.57376],[-136.28055,62.57647],[-136.27466,62.57955],[-136.26798,62.57684],[-136.27387,62.57376]]]}},{"type":"Feature","properties":{"c":"YF50427","o":"Thi My Linh Pham - 100%","e":"2027-04-01"},"geometry":{"type":"Polygon","coordinates":[[[-136.18126,62.54159],[-136.18792,62.54431],[-136.18204,62.54738],[-136.17537,62.54467],[-136.18126,62.54159]]]}},{"type":"Feature","properties":{"c":"YF50449","o":"Thi My Linh Pham - 100%","e":"2027-04-01"},"geometry":{"type":"Polygon","coordinates":[[[-136.21811,62.53472],[-136.22478,62.53744],[-136.2189,62.54051],[-136.21223,62.5378],[-136.21811,62.53472]]]}},{"type":"Feature","properties":{"c":"YE95176","o":"Thi My Linh Pham - 100%","e":"2028-04-01"},"geometry":{"type":"Polygon","coordinates":[[[-136.06816,62.49542],[-136.0748,62.49814],[-136.06891,62.5012],[-136.06227,62.49848],[-136.06816,62.49542]]]}},{"type":"Feature","properties":{"c":"YE94996","o":"Thi My Linh Pham - 100%","e":"2027-04-01"},"geometry":{"type":"Polygon","coordinates":[[[-136.16993,62.50416],[-136.17659,62.50688],[-136.17071,62.50995],[-136.16405,62.50723],[-136.16993,62.50416]]]}},{"type":"Feature","properties":{"c":"YF52022","o":"Thi My Linh Pham - 100%","e":"2027-04-01"},"geometry":{"type":"Polygon","coordinates":[[[-136.27655,62.54754],[-136.28322,62.55025],[-136.27735,62.55333],[-136.27067,62.55062],[-136.27655,62.54754]]]}},{"type":"Feature","properties":{"c":"YF50562","o":"Thi My Linh Pham - 100%","e":"2027-04-01"},"geometry":{"type":"Polygon","coordinates":[[[-136.2883,62.54139],[-136.29497,62.5441],[-136.2891,62.54718],[-136.28243,62.54447],[-136.2883,62.54139]]]}},{"type":"Feature","properties":{"c":"YE94959","o":"Thi My Linh Pham - 100%","e":"2027-04-01"},"geometry":{"type":"Polygon","coordinates":[[[-136.18402,62.51538],[-136.19068,62.51809],[-136.1848,62.52116],[-136.17814,62.51845],[-136.18402,62.51538]]]}},{"type":"Feature","properties":{"c":"YF50521","o":"Thi My Linh Pham - 100%","e":"2027-04-01"},"geometry":{"type":"Polygon","coordinates":[[[-136.31098,62.52329],[-136.31765,62.526],[-136.31178,62.52908],[-136.30511,62.52637],[-136.31098,62.52329]]]}},{"type":"Feature","properties":{"c":"YE95119","o":"Thi My Linh Pham - 100%","e":"2027-04-01"},"geometry":{"type":"Polygon","coordinates":[[[-136.0955,62.51208],[-136.10215,62.51479],[-136.09626,62.51786],[-136.08961,62.51515],[-136.0955,62.51208]]]}},{"type":"Feature","properties":{"c":"YF50503","o":"Thi My Linh Pham - 100%","e":"2027-04-01"},"geometry":{"type":"Polygon","coordinates":[[[-136.26241,62.53634],[-136.26908,62.53905],[-136.26321,62.54213],[-136.25654,62.53942],[-136.26241,62.53634]]]}},{"type":"Feature","properties":{"c":"YF50445","o":"Thi My Linh Pham - 100%","e":"2027-04-01"},"geometry":{"type":"Polygon","coordinates":[[[-136.22987,62.52857],[-136.23653,62.53129],[-136.23065,62.53436],[-136.22399,62.53165],[-136.22987,62.52857]]]}},{"type":"Feature","properties":{"c":"YF50065","o":"Thi My Linh Pham - 100%","e":"2027-04-01"},"geometry":{"type":"Polygon","coordinates":[[[-136.22084,62.50851],[-136.2275,62.51122],[-136.22163,62.51429],[-136.21497,62.51158],[-136.22084,62.50851]]]}},{"type":"Feature","properties":{"c":"YF50488","o":"Thi My Linh Pham - 100%","e":"2027-04-01"},"geometry":{"type":"Polygon","coordinates":[[[-136.20125,62.54973],[-136.20792,62.55244],[-136.20204,62.55552],[-136.19537,62.55281],[-136.20125,62.54973]]]}},{"type":"Feature","properties":{"c":"YE94957","o":"Thi My Linh Pham - 100%","e":"2027-04-01"},"geometry":{"type":"Polygon","coordinates":[[[-136.1899,62.5123],[-136.19656,62.51502],[-136.19068,62.51809],[-136.18402,62.51538],[-136.1899,62.5123]]]}},{"type":"Feature","properties":{"c":"YF50081","o":"Thi My Linh Pham - 100%","e":"2027-04-01"},"geometry":{"type":"Polygon","coordinates":[[[-136.17382,62.53309],[-136.18048,62.53581],[-136.17459,62.53888],[-136.16793,62.53617],[-136.17382,62.53309]]]}},{"type":"Feature","properties":{"c":"YE94922","o":"Thi My Linh Pham - 100%","e":"2027-04-01"},"geometry":{"type":"Polygon","coordinates":[[[-136.32109,62.50557],[-136.32776,62.50827],[-136.3219,62.51135],[-136.31523,62.50864],[-136.32109,62.50557]]]}},{"type":"Feature","properties":{"c":"YE95078","o":"Thi My Linh Pham - 100%","e":"2027-04-01"},"geometry":{"type":"Polygon","coordinates":[[[-136.1198,62.50559],[-136.12645,62.5083],[-136.12057,62.51137],[-136.11392,62.50866],[-136.1198,62.50559]]]}},{"type":"Feature","properties":{"c":"YF50501","o":"Thi My Linh Pham - 100%","e":"2027-04-01"},"geometry":{"type":"Polygon","coordinates":[[[-136.26828,62.53326],[-136.27495,62.53597],[-136.26908,62.53905],[-136.26241,62.53634],[-136.26828,62.53326]]]}},{"type":"Feature","properties":{"c":"YF50549","o":"Thi My Linh Pham - 100%","e":"2027-04-01"},"geometry":{"type":"Polygon","coordinates":[[[-136.22872,62.56637],[-136.23539,62.56908],[-136.22951,62.57215],[-136.22283,62.56944],[-136.22872,62.56637]]]}},{"type":"Feature","properties":{"c":"YE95045","o":"Thi My Linh Pham - 100%","e":"2027-04-01"},"geometry":{"type":"Polygon","coordinates":[[[-136.12799,62.51988],[-136.13464,62.52259],[-136.12876,62.52566],[-136.1221,62.52295],[-136.12799,62.51988]]]}},{"type":"Feature","properties":{"c":"YF50547","o":"Thi My Linh Pham - 100%","e":"2027-04-01"},"geometry":{"type":"Polygon","coordinates":[[[-136.2346,62.56329],[-136.24128,62.566],[-136.23539,62.56908],[-136.22872,62.56637],[-136.2346,62.56329]]]}},{"type":"Feature","properties":{"c":"YE94997","o":"Thi My Linh Pham - 100%","e":"2027-04-01"},"geometry":{"type":"Polygon","coordinates":[[[-136.17071,62.50995],[-136.17736,62.51266],[-136.17148,62.51573],[-136.16483,62.51302],[-136.17071,62.50995]]]}},{"type":"Feature","properties":{"c":"YE94955","o":"Thi My Linh Pham - 100%","e":"2027-04-01"},"geometry":{"type":"Polygon","coordinates":[[[-136.19578,62.50923],[-136.20243,62.51194],[-136.19656,62.51502],[-136.1899,62.5123],[-136.19578,62.50923]]]}},{"type":"Feature","properties":{"c":"YF50522","o":"Thi My Linh Pham - 100%","e":"2027-04-01"},"geometry":{"type":"Polygon","coordinates":[[[-136.30431,62.52059],[-136.31098,62.52329],[-136.30511,62.52637],[-136.29844,62.52366],[-136.30431,62.52059]]]}},{"type":"Feature","properties":{"c":"YE94905","o":"Thi My Linh Pham - 100%","e":"2028-04-01"},"geometry":{"type":"Polygon","coordinates":[[[-136.27684,62.50397],[-136.2835,62.50668],[-136.27764,62.50975],[-136.27097,62.50704],[-136.27684,62.50397]]]}},{"type":"Feature","properties":{"c":"YE95175","o":"Thi My Linh Pham - 100%","e":"2028-04-01"},"geometry":{"type":"Polygon","coordinates":[[[-136.0748,62.49814],[-136.08145,62.50085],[-136.07556,62.50392],[-136.06891,62.5012],[-136.0748,62.49814]]]}},{"type":"Feature","properties":{"c":"YF50072","o":"Thi My Linh Pham - 100%","e":"2027-04-01"},"geometry":{"type":"Polygon","coordinates":[[[-136.19656,62.51502],[-136.20322,62.51773],[-136.19734,62.5208],[-136.19068,62.51809],[-136.19656,62.51502]]]}},{"type":"Feature","properties":{"c":"YF50444","o":"Thi My Linh Pham - 100%","e":"2027-04-01"},"geometry":{"type":"Polygon","coordinates":[[[-136.22908,62.52279],[-136.23574,62.5255],[-136.22987,62.52857],[-136.2232,62.52586],[-136.22908,62.52279]]]}},{"type":"Feature","properties":{"c":"YF50090","o":"Thi My Linh Pham - 100%","e":"2027-04-01"},"geometry":{"type":"Polygon","coordinates":[[[-136.24512,62.50199],[-136.25178,62.5047],[-136.24591,62.50778],[-136.23925,62.50507],[-136.24512,62.50199]]]}},{"type":"Feature","properties":{"c":"YE94820","o":"Thi My Linh Pham - 100%","e":"2028-04-01"},"geometry":{"type":"Polygon","coordinates":[[[-136.33585,62.56613],[-136.34254,62.56883],[-136.33666,62.57191],[-136.32998,62.56921],[-136.33585,62.56613]]]}},{"type":"Feature","properties":{"c":"YF52056","o":"Thi My Linh Pham - 100%","e":"2027-04-01"},"geometry":{"type":"Polygon","coordinates":[[[-136.26639,62.56527],[-136.27307,62.56798],[-136.26719,62.57106],[-136.26051,62.56835],[-136.26639,62.56527]]]}},{"type":"Feature","properties":{"c":"YF50538","o":"Thi My Linh Pham - 100%","e":"2027-04-01"},"geometry":{"type":"Polygon","coordinates":[[[-136.25733,62.5452],[-136.264,62.54791],[-136.25812,62.55099],[-136.25145,62.54828],[-136.25733,62.5452]]]}},{"type":"Feature","properties":{"c":"YE94819","o":"Thi My Linh Pham - 100%","e":"2028-04-01"},"geometry":{"type":"Polygon","coordinates":[[[-136.34254,62.56883],[-136.34922,62.57154],[-136.34335,62.57462],[-136.33666,62.57191],[-136.34254,62.56883]]]}},{"type":"Feature","properties":{"c":"YF52026","o":"Thi My Linh Pham - 100%","e":"2027-04-01"},"geometry":{"type":"Polygon","coordinates":[[[-136.2648,62.5537],[-136.27147,62.55641],[-136.26559,62.55948],[-136.25892,62.55677],[-136.2648,62.5537]]]}},{"type":"Feature","properties":{"c":"YF50497","o":"Thi My Linh Pham - 100%","e":"2027-04-01"},"geometry":{"type":"Polygon","coordinates":[[[-136.28003,62.52711],[-136.2867,62.52982],[-136.28083,62.5329],[-136.27416,62.53019],[-136.28003,62.52711]]]}},{"type":"Feature","properties":{"c":"YE95149","o":"Thi My Linh Pham - 100%","e":"2027-04-01"},"geometry":{"type":"Polygon","coordinates":[[[-136.08809,62.50357],[-136.09474,62.50629],[-136.08885,62.50936],[-136.0822,62.50664],[-136.08809,62.50357]]]}},{"type":"Feature","properties":{"c":"YE95082","o":"Thi My Linh Pham - 100%","e":"2027-04-01"},"geometry":{"type":"Polygon","coordinates":[[[-136.10803,62.51173],[-136.11468,62.51444],[-136.1088,62.51751],[-136.10215,62.51479],[-136.10803,62.51173]]]}},{"type":"Feature","properties":{"c":"YF50520","o":"Thi My Linh Pham - 100%","e":"2027-04-01"},"geometry":{"type":"Polygon","coordinates":[[[-136.2087,62.55823],[-136.21537,62.56094],[-136.20949,62.56402],[-136.20282,62.5613],[-136.2087,62.55823]]]}},{"type":"Feature","properties":{"c":"YF50070","o":"Thi My Linh Pham - 100%","e":"2027-04-01"},"geometry":{"type":"Polygon","coordinates":[[[-136.20243,62.51194],[-136.20909,62.51465],[-136.20322,62.51773],[-136.19656,62.51502],[-136.20243,62.51194]]]}},{"type":"Feature","properties":{"c":"YF50422","o":"Thi My Linh Pham - 100%","e":"2027-04-01"},"geometry":{"type":"Polygon","coordinates":[[[-136.19224,62.52966],[-136.1989,62.53237],[-136.19302,62.53545],[-136.18636,62.53273],[-136.19224,62.52966]]]}},{"type":"Feature","properties":{"c":"YF50447","o":"Thi My Linh Pham - 100%","e":"2027-04-01"},"geometry":{"type":"Polygon","coordinates":[[[-136.22399,62.53165],[-136.23065,62.53436],[-136.22478,62.53744],[-136.21811,62.53472],[-136.22399,62.53165]]]}},{"type":"Feature","properties":{"c":"YF50092","o":"Thi My Linh Pham - 100%","e":"2027-04-01"},"geometry":{"type":"Polygon","coordinates":[[[-136.23925,62.50507],[-136.24591,62.50778],[-136.24004,62.51085],[-136.23337,62.50814],[-136.23925,62.50507]]]}},{"type":"Feature","properties":{"c":"YE94964","o":"Thi My Linh Pham - 100%","e":"2027-04-01"},"geometry":{"type":"Polygon","coordinates":[[[-136.1656,62.51881],[-136.17226,62.52152],[-136.16638,62.52459],[-136.15972,62.52188],[-136.1656,62.51881]]]}},{"type":"Feature","properties":{"c":"YF50469","o":"Thi My Linh Pham - 100%","e":"2027-04-01"},"geometry":{"type":"Polygon","coordinates":[[[-136.26082,62.52477],[-136.26749,62.52748],[-136.26162,62.53055],[-136.25495,62.52785],[-136.26082,62.52477]]]}},{"type":"Feature","properties":{"c":"YF52049","o":"Thi My Linh Pham - 100%","e":"2027-04-01"},"geometry":{"type":"Polygon","coordinates":[[[-136.2907,62.55875],[-136.29738,62.56146],[-136.2915,62.56453],[-136.28482,62.56182],[-136.2907,62.55875]]]}},{"type":"Feature","properties":{"c":"YE94881","o":"Thi My Linh Pham - 100%","e":"2028-04-01"},"geometry":{"type":"Polygon","coordinates":[[[-136.34516,62.54261],[-136.35184,62.54532],[-136.34597,62.5484],[-136.33929,62.54569],[-136.34516,62.54261]]]}},{"type":"Feature","properties":{"c":"YF50493","o":"Thi My Linh Pham - 100%","e":"2027-04-01"},"geometry":{"type":"Polygon","coordinates":[[[-136.29177,62.52096],[-136.29844,62.52366],[-136.29257,62.52674],[-136.2859,62.52403],[-136.29177,62.52096]]]}},{"type":"Feature","properties":{"c":"YF50524","o":"Thi My Linh Pham - 100%","e":"2027-04-01"},"geometry":{"type":"Polygon","coordinates":[[[-136.29844,62.52366],[-136.30511,62.52637],[-136.29924,62.52945],[-136.29257,62.52674],[-136.29844,62.52366]]]}},{"type":"Feature","properties":{"c":"YE95009","o":"Thi My Linh Pham - 100%","e":"2027-04-01"},"geometry":{"type":"Polygon","coordinates":[[[-136.13541,62.52838],[-136.14207,62.53109],[-136.13618,62.53416],[-136.12953,62.53145],[-136.13541,62.52838]]]}},{"type":"Feature","properties":{"c":"YF50529","o":"Thi My Linh Pham - 100%","e":"2027-04-01"},"geometry":{"type":"Polygon","coordinates":[[[-136.2875,62.53561],[-136.29417,62.53831],[-136.2883,62.54139],[-136.28163,62.53868],[-136.2875,62.53561]]]}},{"type":"Feature","properties":{"c":"YE94904","o":"Thi My Linh Pham - 100%","e":"2028-04-01"},"geometry":{"type":"Polygon","coordinates":[[[-136.28937,62.5036],[-136.29603,62.50631],[-136.29017,62.50938],[-136.2835,62.50668],[-136.28937,62.5036]]]}},{"type":"Feature","properties":{"c":"YF50477","o":"Thi My Linh Pham - 100%","e":"2027-04-01"},"geometry":{"type":"Polygon","coordinates":[[[-136.23732,62.53707],[-136.24399,62.53978],[-136.23811,62.54286],[-136.23144,62.54015],[-136.23732,62.53707]]]}},{"type":"Feature","properties":{"c":"YE95040","o":"Thi My Linh Pham - 100%","e":"2027-04-01"},"geometry":{"type":"Polygon","coordinates":[[[-136.13899,62.50795],[-136.14564,62.51066],[-136.13976,62.51373],[-136.1331,62.51102],[-136.13899,62.50795]]]}},{"type":"Feature","properties":{"c":"YE94909","o":"Thi My Linh Pham - 100%","e":"2028-04-01"},"geometry":{"type":"Polygon","coordinates":[[[-136.26351,62.49855],[-136.27018,62.50126],[-136.26431,62.50433],[-136.25765,62.50163],[-136.26351,62.49855]]]}},{"type":"Feature","properties":{"c":"YF50439","o":"Thi My Linh Pham - 100%","e":"2027-04-01"},"geometry":{"type":"Polygon","coordinates":[[[-136.24749,62.51935],[-136.25416,62.52206],[-136.24828,62.52514],[-136.24162,62.52242],[-136.24749,62.51935]]]}},{"type":"Feature","properties":{"c":"YF50084","o":"Thi My Linh Pham - 100%","e":"2027-04-01"},"geometry":{"type":"Polygon","coordinates":[[[-136.16127,62.53345],[-136.16793,62.53617],[-136.16205,62.53924],[-136.15539,62.53652],[-136.16127,62.53345]]]}},{"type":"Feature","properties":{"c":"YE94894","o":"Thi My Linh Pham - 100%","e":"2028-04-01"},"geometry":{"type":"Polygon","coordinates":[[[-136.32271,62.51714],[-136.32938,62.51984],[-136.32351,62.52292],[-136.31684,62.52022],[-136.32271,62.51714]]]}},{"type":"Feature","properties":{"c":"YF50504","o":"Thi My Linh Pham - 100%","e":"2027-04-01"},"geometry":{"type":"Polygon","coordinates":[[[-136.25574,62.53363],[-136.26241,62.53634],[-136.25654,62.53942],[-136.24987,62.53671],[-136.25574,62.53363]]]}},{"type":"Feature","properties":{"c":"YF50548","o":"Thi My Linh Pham - 100%","e":"2027-04-01"},"geometry":{"type":"Polygon","coordinates":[[[-136.22793,62.56058],[-136.2346,62.56329],[-136.22872,62.56637],[-136.22205,62.56365],[-136.22793,62.56058]]]}},{"type":"Feature","properties":{"c":"YE95075","o":"Thi My Linh Pham - 100%","e":"2027-04-01"},"geometry":{"type":"Polygon","coordinates":[[[-136.13234,62.50523],[-136.13899,62.50795],[-136.1331,62.51102],[-136.12645,62.5083],[-136.13234,62.50523]]]}},{"type":"Feature","properties":{"c":"YF52060","o":"Thi My Linh Pham - 100%","e":"2027-04-01"},"geometry":{"type":"Polygon","coordinates":[[[-136.33261,62.54298],[-136.33929,62.54569],[-136.33342,62.54877],[-136.32674,62.54606],[-136.33261,62.54298]]]}},{"type":"Feature","properties":{"c":"YF50484","o":"Thi My Linh Pham - 100%","e":"2027-04-01"},"geometry":{"type":"Polygon","coordinates":[[[-136.21302,62.54358],[-136.21968,62.5463],[-136.2138,62.54937],[-136.20713,62.54666],[-136.21302,62.54358]]]}},{"type":"Feature","properties":{"c":"YE94952","o":"Thi My Linh Pham - 100%","e":"2027-04-01"},"geometry":{"type":"Polygon","coordinates":[[[-136.20087,62.50037],[-136.20753,62.50308],[-136.20165,62.50616],[-136.19499,62.50344],[-136.20087,62.50037]]]}},{"type":"Feature","properties":{"c":"YE95116","o":"Thi My Linh Pham - 100%","e":"2027-04-01"},"geometry":{"type":"Polygon","coordinates":[[[-136.10062,62.50322],[-136.10727,62.50594],[-136.10139,62.50901],[-136.09474,62.50629],[-136.10062,62.50322]]]}},{"type":"Feature","properties":{"c":"YE94823","o":"Thi My Linh Pham - 100%","e":"2028-04-01"},"geometry":{"type":"Polygon","coordinates":[[[-136.35852,62.54802],[-136.3652,62.55073],[-136.35933,62.55381],[-136.35265,62.5511],[-136.35852,62.54802]]]}},{"type":"Feature","properties":{"c":"YE94968","o":"Thi My Linh Pham - 100%","e":"2027-04-01"},"geometry":{"type":"Polygon","coordinates":[[[-136.15384,62.52495],[-136.1605,62.52767],[-136.15461,62.53074],[-136.14795,62.52802],[-136.15384,62.52495]]]}},{"type":"Feature","properties":{"c":"YF50432","o":"Thi My Linh Pham - 100%","e":"2027-04-01"},"geometry":{"type":"Polygon","coordinates":[[[-136.26431,62.50433],[-136.27097,62.50704],[-136.2651,62.51012],[-136.25844,62.50741],[-136.26431,62.50433]]]}},{"type":"Feature","properties":{"c":"YE95146","o":"Thi My Linh Pham - 100%","e":"2027-04-01"},"geometry":{"type":"Polygon","coordinates":[[[-136.09322,62.49472],[-136.09986,62.49743],[-136.09398,62.5005],[-136.08733,62.49779],[-136.09322,62.49472]]]}},{"type":"Feature","properties":{"c":"YF50552","o":"Thi My Linh Pham - 100%","e":"2027-04-01"},"geometry":{"type":"Polygon","coordinates":[[[-136.31765,62.526],[-136.32432,62.52871],[-136.31845,62.53179],[-136.31178,62.52908],[-136.31765,62.526]]]}},{"type":"Feature","properties":{"c":"YE94923","o":"Thi My Linh Pham - 100%","e":"2028-04-01"},"geometry":{"type":"Polygon","coordinates":[[[-136.30856,62.50594],[-136.31523,62.50864],[-136.30937,62.51172],[-136.3027,62.50901],[-136.30856,62.50594]]]}},{"type":"Feature","properties":{"c":"YE94899","o":"Thi My Linh Pham - 100%","e":"2028-04-01"},"geometry":{"type":"Polygon","coordinates":[[[-136.29683,62.51209],[-136.3035,62.5148],[-136.29764,62.51788],[-136.29097,62.51517],[-136.29683,62.51209]]]}},{"type":"Feature","properties":{"c":"YE95083","o":"Thi My Linh Pham - 100%","e":"2027-04-01"},"geometry":{"type":"Polygon","coordinates":[[[-136.1088,62.51751],[-136.11545,62.52023],[-136.10956,62.5233],[-136.10291,62.52058],[-136.1088,62.51751]]]}},{"type":"Feature","properties":{"c":"YF50560","o":"Thi My Linh Pham - 100%","e":"2027-04-01"},"geometry":{"type":"Polygon","coordinates":[[[-136.29417,62.53831],[-136.30084,62.54102],[-136.29497,62.5441],[-136.2883,62.54139],[-136.29417,62.53831]]]}},{"type":"Feature","properties":{"c":"YF50516","o":"Thi My Linh Pham - 100%","e":"2027-04-01"},"geometry":{"type":"Polygon","coordinates":[[[-136.22047,62.55208],[-136.22714,62.55479],[-136.22126,62.55787],[-136.21459,62.55516],[-136.22047,62.55208]]]}},{"type":"Feature","properties":{"c":"YF52025","o":"Thi My Linh Pham - 100%","e":"2027-04-01"},"geometry":{"type":"Polygon","coordinates":[[[-136.27147,62.55641],[-136.27815,62.55912],[-136.27227,62.56219],[-136.26559,62.55948],[-136.27147,62.55641]]]}},{"type":"Feature","properties":{"c":"YE94898","o":"Thi My Linh Pham - 100%","e":"2027-04-01"},"geometry":{"type":"Polygon","coordinates":[[[-136.30937,62.51172],[-136.31604,62.51443],[-136.31017,62.51751],[-136.3035,62.5148],[-136.30937,62.51172]]]}},{"type":"Feature","properties":{"c":"YF50491","o":"Thi My Linh Pham - 100%","e":"2027-04-01"},"geometry":{"type":"Polygon","coordinates":[[[-136.29764,62.51788],[-136.30431,62.52059],[-136.29844,62.52366],[-136.29177,62.52096],[-136.29764,62.51788]]]}},{"type":"Feature","properties":{"c":"YE95050","o":"Thi My Linh Pham - 100%","e":"2027-04-01"},"geometry":{"type":"Polygon","coordinates":[[[-136.10956,62.5233],[-136.11622,62.52602],[-136.11033,62.52909],[-136.10367,62.52637],[-136.10956,62.5233]]]}},{"type":"Feature","properties":{"c":"YF50425","o":"Thi My Linh Pham - 100%","e":"2027-04-01"},"geometry":{"type":"Polygon","coordinates":[[[-136.18714,62.53852],[-136.1938,62.54123],[-136.18792,62.54431],[-136.18126,62.54159],[-136.18714,62.53852]]]}},{"type":"Feature","properties":{"c":"YE94841","o":"Thi My Linh Pham - 100%","e":"2028-04-01"},"geometry":{"type":"Polygon","coordinates":[[[-136.30567,62.57573],[-136.31235,62.57844],[-136.30647,62.58152],[-136.29979,62.57881],[-136.30567,62.57573]]]}},{"type":"Feature","properties":{"c":"YF50426","o":"Thi My Linh Pham - 100%","e":"2027-04-01"},"geometry":{"type":"Polygon","coordinates":[[[-136.18048,62.53581],[-136.18714,62.53852],[-136.18126,62.54159],[-136.17459,62.53888],[-136.18048,62.53581]]]}},{"type":"Feature","properties":{"c":"YE95007","o":"Thi My Linh Pham - 100%","e":"2027-04-01"},"geometry":{"type":"Polygon","coordinates":[[[-136.1413,62.52531],[-136.14795,62.52802],[-136.14207,62.53109],[-136.13541,62.52838],[-136.1413,62.52531]]]}},{"type":"Feature","properties":{"c":"YF50418","o":"Thi My Linh Pham - 100%","e":"2027-04-01"},"geometry":{"type":"Polygon","coordinates":[[[-136.204,62.52351],[-136.21066,62.52623],[-136.20478,62.5293],[-136.19812,62.52659],[-136.204,62.52351]]]}},{"type":"Feature","properties":{"c":"YE95037","o":"Thi My Linh Pham - 100%","e":"2027-04-01"},"geometry":{"type":"Polygon","coordinates":[[[-136.15152,62.50759],[-136.15817,62.51031],[-136.15229,62.51338],[-136.14564,62.51066],[-136.15152,62.50759]]]}},{"type":"Feature","properties":{"c":"YE94947","o":"Thi My Linh Pham - 100%","e":"2028-04-01"},"geometry":{"type":"Polygon","coordinates":[[[-136.21927,62.49693],[-136.22593,62.49964],[-136.22006,62.50272],[-136.2134,62.50001],[-136.21927,62.49693]]]}},{"type":"Feature","properties":{"c":"YF52063","o":"Thi My Linh Pham - 100%","e":"2027-04-01"},"geometry":{"type":"Polygon","coordinates":[[[-136.32755,62.55185],[-136.33423,62.55456],[-136.32836,62.55763],[-136.32168,62.55493],[-136.32755,62.55185]]]}},{"type":"Feature","properties":{"c":"YF50079","o":"Thi My Linh Pham - 100%","e":"2027-04-01"},"geometry":{"type":"Polygon","coordinates":[[[-136.1797,62.53002],[-136.18636,62.53273],[-136.18048,62.53581],[-136.17382,62.53309],[-136.1797,62.53002]]]}},{"type":"Feature","properties":{"c":"YE94816","o":"Thi My Linh Pham - 100%","e":"2028-04-01"},"geometry":{"type":"Polygon","coordinates":[[[-136.3476,62.55997],[-136.35428,62.56267],[-136.34841,62.56575],[-136.34172,62.56305],[-136.3476,62.55997]]]}},{"type":"Feature","properties":{"c":"YE95005","o":"Thi My Linh Pham - 100%","e":"2027-04-01"},"geometry":{"type":"Polygon","coordinates":[[[-136.14718,62.52224],[-136.15384,62.52495],[-136.14795,62.52802],[-136.1413,62.52531],[-136.14718,62.52224]]]}},{"type":"Feature","properties":{"c":"YE94858","o":"Thi My Linh Pham - 100%","e":"2027-04-01"},"geometry":{"type":"Polygon","coordinates":[[[-136.21616,62.56673],[-136.22283,62.56944],[-136.21695,62.57251],[-136.21027,62.5698],[-136.21616,62.56673]]]}},{"type":"Feature","properties":{"c":"YE95151","o":"Thi My Linh Pham - 100%","e":"2027-04-01"},"geometry":{"type":"Polygon","coordinates":[[[-136.0822,62.50664],[-136.08885,62.50936],[-136.08296,62.51243],[-136.07632,62.50971],[-136.0822,62.50664]]]}},{"type":"Feature","properties":{"c":"YE94991","o":"Thi My Linh Pham - 100%","e":"2027-04-01"},"geometry":{"type":"Polygon","coordinates":[[[-136.18834,62.50073],[-136.19499,62.50344],[-136.18912,62.50652],[-136.18246,62.5038],[-136.18834,62.50073]]]}},{"type":"Feature","properties":{"c":"YF50429","o":"Thi My Linh Pham - 100%","e":"2027-04-01"},"geometry":{"type":"Polygon","coordinates":[[[-136.17537,62.54467],[-136.18204,62.54738],[-136.17615,62.55045],[-136.16949,62.54774],[-136.17537,62.54467]]]}},{"type":"Feature","properties":{"c":"YE94842","o":"Thi My Linh Pham - 100%","e":"2027-04-01"},"geometry":{"type":"Polygon","coordinates":[[[-136.29899,62.57303],[-136.30567,62.57573],[-136.29979,62.57881],[-136.29311,62.5761],[-136.29899,62.57303]]]}},{"type":"Feature","properties":{"c":"YF52076","o":"Thi My Linh Pham - 100%","e":"2027-04-01"},"geometry":{"type":"Polygon","coordinates":[[[-136.28563,62.56761],[-136.2923,62.57032],[-136.28643,62.5734],[-136.27975,62.57069],[-136.28563,62.56761]]]}},{"type":"Feature","properties":{"c":"YE94888","o":"Thi My Linh Pham - 100%","e":"2027-04-01"},"geometry":{"type":"Polygon","coordinates":[[[-136.34273,62.52525],[-136.3494,62.52796],[-136.34354,62.53104],[-136.33686,62.52833],[-136.34273,62.52525]]]}},{"type":"Feature","properties":{"c":"YF50089","o":"Thi My Linh Pham - 100%","e":"2027-04-01"},"geometry":{"type":"Polygon","coordinates":[[[-136.25178,62.5047],[-136.25844,62.50741],[-136.25257,62.51049],[-136.24591,62.50778],[-136.25178,62.5047]]]}},{"type":"Feature","properties":{"c":"YF50069","o":"Thi My Linh Pham - 100%","e":"2027-04-01"},"geometry":{"type":"Polygon","coordinates":[[[-136.20909,62.51465],[-136.21575,62.51737],[-136.20988,62.52044],[-136.20322,62.51773],[-136.20909,62.51465]]]}},{"type":"Feature","properties":{"c":"YE95001","o":"Thi My Linh Pham - 100%","e":"2027-04-01"},"geometry":{"type":"Polygon","coordinates":[[[-136.15895,62.51609],[-136.1656,62.51881],[-136.15972,62.52188],[-136.15307,62.51916],[-136.15895,62.51609]]]}},{"type":"Feature","properties":{"c":"YF50458","o":"Thi My Linh Pham - 100%","e":"2027-04-01"},"geometry":{"type":"Polygon","coordinates":[[[-136.18792,62.54431],[-136.19459,62.54702],[-136.1887,62.55009],[-136.18204,62.54738],[-136.18792,62.54431]]]}},{"type":"Feature","properties":{"c":"YF50459","o":"Thi My Linh Pham - 100%","e":"2027-04-01"},"geometry":{"type":"Polygon","coordinates":[[[-136.1887,62.55009],[-136.19537,62.55281],[-136.18948,62.55588],[-136.18282,62.55317],[-136.1887,62.55009]]]}},{"type":"Feature","properties":{"c":"YF52027","o":"Thi My Linh Pham - 100%","e":"2027-04-01"},"geometry":{"type":"Polygon","coordinates":[[[-136.26559,62.55948],[-136.27227,62.56219],[-136.26639,62.56527],[-136.25971,62.56256],[-136.26559,62.55948]]]}},{"type":"Feature","properties":{"c":"YE95047","o":"Thi My Linh Pham - 100%","e":"2027-04-01"},"geometry":{"type":"Polygon","coordinates":[[[-136.1221,62.52295],[-136.12876,62.52566],[-136.12287,62.52873],[-136.11622,62.52602],[-136.1221,62.52295]]]}},{"type":"Feature","properties":{"c":"YE94903","o":"Thi My Linh Pham - 100%","e":"2028-04-01"},"geometry":{"type":"Polygon","coordinates":[[[-136.2835,62.50668],[-136.29017,62.50938],[-136.2843,62.51246],[-136.27764,62.50975],[-136.2835,62.50668]]]}},{"type":"Feature","properties":{"c":"YF52047","o":"Thi My Linh Pham - 100%","e":"2027-04-01"},"geometry":{"type":"Polygon","coordinates":[[[-136.29658,62.55567],[-136.30325,62.55838],[-136.29738,62.56146],[-136.2907,62.55875],[-136.29658,62.55567]]]}},{"type":"Feature","properties":{"c":"YF50554","o":"Thi My Linh Pham - 100%","e":"2027-04-01"},"geometry":{"type":"Polygon","coordinates":[[[-136.31178,62.52908],[-136.31845,62.53179],[-136.31259,62.53486],[-136.30591,62.53216],[-136.31178,62.52908]]]}},{"type":"Feature","properties":{"c":"YF50096","o":"Thi My Linh Pham - 100%","e":"2027-04-01"},"geometry":{"type":"Polygon","coordinates":[[[-136.2275,62.51122],[-136.23416,62.51393],[-136.22829,62.517],[-136.22163,62.51429],[-136.2275,62.51122]]]}},{"type":"Feature","properties":{"c":"YE94918","o":"Thi My Linh Pham - 100%","e":"2027-04-01"},"geometry":{"type":"Polygon","coordinates":[[[-136.33524,62.51676],[-136.32857,62.51406],[-136.33443,62.51098],[-136.3411,62.51368],[-136.33524,62.51676]]]}},{"type":"Feature","properties":{"c":"YF50485","o":"Thi My Linh Pham - 100%","e":"2027-04-01"},"geometry":{"type":"Polygon","coordinates":[[[-136.2138,62.54937],[-136.22047,62.55208],[-136.21459,62.55516],[-136.20792,62.55244],[-136.2138,62.54937]]]}},{"type":"Feature","properties":{"c":"YE94856","o":"Thi My Linh Pham - 100%","e":"2027-04-01"},"geometry":{"type":"Polygon","coordinates":[[[-136.22283,62.56944],[-136.22951,62.57215],[-136.22362,62.57523],[-136.21695,62.57251],[-136.22283,62.56944]]]}}]}